,0,1,2,3
"(np.float64(1.5), 170, 310, np.float64(0.9000000000000001), 15)",houghCircleAlt,0.939583333,28041396.61,28578495.5
"(np.float64(1.5), 190, 310, np.float64(0.9000000000000001), 15)",houghCircleAlt,0.939583333,28225471.35,28777087
"(np.float64(1.5), 200, 310, np.float64(0.9000000000000001), 15)",houghCircleAlt,0.939583333,28087322.11,28647504
"(np.float64(1.5), 170, 300, np.float64(0.9000000000000001), 15)",houghCircleAlt,0.9375,27764186.99,28378609
"(np.float64(1.5), 170, 320, np.float64(0.9000000000000001), 15)",houghCircleAlt,0.9375,27487055.39,27822060.5
"(np.float64(1.5), 170, 330, np.float64(0.9000000000000001), 15)",houghCircleAlt,0.9375,25398292.94,25948932
"(np.float64(1.5), 170, 340, np.float64(0.9000000000000001), 15)",houghCircleAlt,0.9375,26374502.31,26467648.5
"(np.float64(1.5), 180, 310, np.float64(0.9000000000000001), 15)",houghCircleAlt,0.9375,26907914.31,27354804.5
"(np.float64(1.5), 190, 300, np.float64(0.9000000000000001), 15)",houghCircleAlt,0.9375,29370262.61,30187578.5
"(np.float64(1.5), 190, 320, np.float64(0.9000000000000001), 15)",houghCircleAlt,0.9375,27492210.53,27989399
"(np.float64(1.5), 190, 330, np.float64(0.9000000000000001), 15)",houghCircleAlt,0.9375,26867154.49,27189158.5
"(np.float64(1.5), 190, 340, np.float64(0.9000000000000001), 15)",houghCircleAlt,0.9375,27007122.63,27461149
"(np.float64(1.5), 200, 300, np.float64(0.9000000000000001), 15)",houghCircleAlt,0.9375,27952388.02,28435585.5
"(np.float64(1.5), 200, 320, np.float64(0.9000000000000001), 15)",houghCircleAlt,0.9375,28171725.47,28654186
"(np.float64(1.5), 200, 330, np.float64(0.9000000000000001), 15)",houghCircleAlt,0.9375,29355785.08,29975731
"(np.float64(1.5), 200, 340, np.float64(0.9000000000000001), 15)",houghCircleAlt,0.9375,27705983.75,28058387.5
"(np.float64(1.0), 180, 330, np.float64(0.9000000000000001), 15)",houghCircleAlt,0.935416667,50742143.29,51402598.5
"(np.float64(1.0), 190, 330, np.float64(0.9000000000000001), 15)",houghCircleAlt,0.935416667,53127401.32,53598738.5
"(np.float64(1.0), 200, 330, np.float64(0.9000000000000001), 15)",houghCircleAlt,0.935416667,54532803.41,55235820
"(np.float64(1.5), 170, 350, np.float64(0.9000000000000001), 15)",houghCircleAlt,0.935416667,28849769.64,29423499.5
"(np.float64(1.5), 180, 300, np.float64(0.9000000000000001), 15)",houghCircleAlt,0.935416667,27305237.93,27950336.5
"(np.float64(1.5), 180, 320, np.float64(0.9000000000000001), 15)",houghCircleAlt,0.935416667,26984456.45,27624061
"(np.float64(1.5), 180, 330, np.float64(0.9000000000000001), 15)",houghCircleAlt,0.935416667,26511628.7,26951852.5
"(np.float64(1.5), 180, 340, np.float64(0.9000000000000001), 15)",houghCircleAlt,0.935416667,26694329.93,27113526
"(np.float64(1.5), 190, 350, np.float64(0.9000000000000001), 15)",houghCircleAlt,0.935416667,26949945.11,27382727.5
"(np.float64(1.5), 200, 350, np.float64(0.9000000000000001), 15)",houghCircleAlt,0.935416667,27199422.03,27598601
"(np.float64(1.5), 200, 360, np.float64(0.9000000000000001), 15)",houghCircleAlt,0.935416667,28558865.73,29237237
"(np.float64(1.0), 170, 330, np.float64(0.9000000000000001), 15)",houghCircleAlt,0.933333333,49069321.92,49721069
"(np.float64(1.0), 180, 320, np.float64(0.9000000000000001), 15)",houghCircleAlt,0.933333333,51284457.22,51945396.5
"(np.float64(1.0), 180, 340, np.float64(0.9000000000000001), 15)",houghCircleAlt,0.933333333,50989285.32,51466173
"(np.float64(1.0), 190, 300, np.float64(0.9000000000000001), 15)",houghCircleAlt,0.933333333,53145607.19,54077792.5
"(np.float64(1.0), 190, 320, np.float64(0.9000000000000001), 15)",houghCircleAlt,0.933333333,52518263.92,52942462.5
"(np.float64(1.0), 190, 340, np.float64(0.9000000000000001), 15)",houghCircleAlt,0.933333333,52292919.94,52462231.5
"(np.float64(1.0), 200, 300, np.float64(0.9000000000000001), 15)",houghCircleAlt,0.933333333,54337659.16,54986237
"(np.float64(1.0), 200, 320, np.float64(0.9000000000000001), 15)",houghCircleAlt,0.933333333,54089626.27,54886965.5
"(np.float64(1.0), 200, 340, np.float64(0.9000000000000001), 15)",houghCircleAlt,0.933333333,53645477.77,54257828.5
"(np.float64(1.0), 200, 350, np.float64(0.9000000000000001), 15)",houghCircleAlt,0.933333333,52643946.02,53512437
"(np.float64(1.5), 160, 310, np.float64(0.9000000000000001), 15)",houghCircleAlt,0.933333333,25297316.21,26072943
"(np.float64(1.5), 160, 320, np.float64(0.9000000000000001), 15)",houghCircleAlt,0.933333333,26416695.13,27072089.5
"(np.float64(1.5), 160, 330, np.float64(0.9000000000000001), 15)",houghCircleAlt,0.933333333,25836810.75,26362207.5
"(np.float64(1.5), 160, 340, np.float64(0.9000000000000001), 15)",houghCircleAlt,0.933333333,26445384.75,26840520
"(np.float64(1.5), 180, 350, np.float64(0.9000000000000001), 15)",houghCircleAlt,0.933333333,25279740.93,25774268.5
"(np.float64(1.5), 190, 360, np.float64(0.9000000000000001), 15)",houghCircleAlt,0.933333333,27126499.41,27523996
"(np.float64(1.5), 200, 370, np.float64(0.9000000000000001), 15)",houghCircleAlt,0.933333333,27576951.93,27749544.5
"(np.float64(1.5), 200, 380, np.float64(0.9000000000000001), 15)",houghCircleAlt,0.933333333,28012336.64,28291580
"(np.float64(1.0), 160, 330, np.float64(0.9000000000000001), 15)",houghCircleAlt,0.93125,49451724.24,50363981
"(np.float64(1.0), 170, 300, np.float64(0.9000000000000001), 15)",houghCircleAlt,0.93125,50626390.32,51491851.5
"(np.float64(1.0), 170, 320, np.float64(0.9000000000000001), 15)",houghCircleAlt,0.93125,50122468.58,50785091
"(np.float64(1.0), 170, 340, np.float64(0.9000000000000001), 15)",houghCircleAlt,0.93125,49892198.6,50330187
"(np.float64(1.0), 180, 300, np.float64(0.9000000000000001), 15)",houghCircleAlt,0.93125,51813254.58,52641728
"(np.float64(1.0), 180, 310, np.float64(0.9000000000000001), 15)",houghCircleAlt,0.93125,50990761.23,51945241.5
"(np.float64(1.0), 190, 310, np.float64(0.9000000000000001), 15)",houghCircleAlt,0.93125,53611674.83,54403728.5
"(np.float64(1.0), 190, 350, np.float64(0.9000000000000001), 15)",houghCircleAlt,0.93125,52905676.72,53500916.5
"(np.float64(1.0), 200, 310, np.float64(0.9000000000000001), 15)",houghCircleAlt,0.93125,55121799.99,55988752
"(np.float64(1.5), 150, 310, np.float64(0.9000000000000001), 15)",houghCircleAlt,0.93125,24704199.27,25315758
"(np.float64(1.5), 150, 320, np.float64(0.9000000000000001), 15)",houghCircleAlt,0.93125,25909200.87,26584168
"(np.float64(1.5), 150, 330, np.float64(0.9000000000000001), 15)",houghCircleAlt,0.93125,25459171.41,25995253
"(np.float64(1.5), 150, 340, np.float64(0.9000000000000001), 15)",houghCircleAlt,0.93125,25607192.83,26103223
"(np.float64(1.5), 160, 300, np.float64(0.9000000000000001), 15)",houghCircleAlt,0.93125,26660310.26,27210177.5
"(np.float64(1.5), 160, 350, np.float64(0.9000000000000001), 15)",houghCircleAlt,0.93125,25524036.72,25752959.5
"(np.float64(1.5), 170, 360, np.float64(0.9000000000000001), 15)",houghCircleAlt,0.93125,25720675.76,26115083.5
"(np.float64(1.5), 180, 360, np.float64(0.9000000000000001), 15)",houghCircleAlt,0.93125,26345497.15,26798620.5
"(np.float64(1.5), 190, 370, np.float64(0.9000000000000001), 15)",houghCircleAlt,0.93125,25512599.69,25853387.5
"(np.float64(1.5), 190, 380, np.float64(0.9000000000000001), 15)",houghCircleAlt,0.93125,26519883.25,26669783.5
"(np.float64(1.5), 200, 390, np.float64(0.9000000000000001), 15)",houghCircleAlt,0.93125,27111138.32,27184062.5
"(np.float64(1.5), 210, 300, np.float64(0.9000000000000001), 15)",houghCircleAlt,0.93125,29440850.06,30164949
"(np.float64(1.5), 210, 310, np.float64(0.9000000000000001), 15)",houghCircleAlt,0.93125,29127473.66,29869797.5
"(np.float64(1.0), 140, 330, np.float64(0.9000000000000001), 15)",houghCircleAlt,0.929166667,46713612.23,47319058.5
"(np.float64(1.0), 150, 330, np.float64(0.9000000000000001), 15)",houghCircleAlt,0.929166667,46366342.07,47110791.5
"(np.float64(1.0), 160, 300, np.float64(0.9000000000000001), 15)",houghCircleAlt,0.929166667,49967466.62,51003636
"(np.float64(1.0), 160, 320, np.float64(0.9000000000000001), 15)",houghCircleAlt,0.929166667,48712354.32,49368407
"(np.float64(1.0), 160, 340, np.float64(0.9000000000000001), 15)",houghCircleAlt,0.929166667,48128036.51,48779822.5
"(np.float64(1.0), 170, 310, np.float64(0.9000000000000001), 15)",houghCircleAlt,0.929166667,49957398.95,50817065.5
"(np.float64(1.0), 170, 380, np.float64(0.9000000000000001), 15)",houghCircleAlt,0.929166667,48897375.75,49546631.5
"(np.float64(1.0), 180, 350, np.float64(0.9000000000000001), 15)",houghCircleAlt,0.929166667,49778329.63,50506352
"(np.float64(1.0), 200, 360, np.float64(0.9000000000000001), 15)",houghCircleAlt,0.929166667,53447177.2,53563656.5
"(np.float64(1.0), 210, 300, np.float64(0.9000000000000001), 15)",houghCircleAlt,0.929166667,55795373.95,56703924.5
"(np.float64(1.0), 210, 330, np.float64(0.9000000000000001), 15)",houghCircleAlt,0.929166667,54563247.84,55197964.5
"(np.float64(1.5), 130, 310, np.float64(0.9000000000000001), 15)",houghCircleAlt,0.929166667,25388427.92,25837893
"(np.float64(1.5), 130, 320, np.float64(0.9000000000000001), 15)",houghCircleAlt,0.929166667,25616903.32,26096423.5
"(np.float64(1.5), 130, 330, np.float64(0.9000000000000001), 15)",houghCircleAlt,0.929166667,25170431.94,25686774
"(np.float64(1.5), 140, 310, np.float64(0.9000000000000001), 15)",houghCircleAlt,0.929166667,25315461.48,25926534.5
"(np.float64(1.5), 140, 320, np.float64(0.9000000000000001), 15)",houghCircleAlt,0.929166667,27602876.48,28120806
"(np.float64(1.5), 140, 330, np.float64(0.9000000000000001), 15)",houghCircleAlt,0.929166667,25793125.19,26175502
"(np.float64(1.5), 140, 340, np.float64(0.9000000000000001), 15)",houghCircleAlt,0.929166667,25349178.53,25706130.5
"(np.float64(1.5), 150, 300, np.float64(0.9000000000000001), 15)",houghCircleAlt,0.929166667,26460452.75,27280706
"(np.float64(1.5), 150, 350, np.float64(0.9000000000000001), 15)",houghCircleAlt,0.929166667,26292568.63,26961516
"(np.float64(1.5), 170, 370, np.float64(0.9000000000000001), 15)",houghCircleAlt,0.929166667,25934918.05,26287783
"(np.float64(1.5), 170, 380, np.float64(0.9000000000000001), 15)",houghCircleAlt,0.929166667,25658440.12,25864734.5
"(np.float64(1.5), 170, 390, np.float64(0.9000000000000001), 15)",houghCircleAlt,0.929166667,24671109.11,24777033.5
"(np.float64(1.5), 180, 370, np.float64(0.9000000000000001), 15)",houghCircleAlt,0.929166667,27207751.23,27415050.5
"(np.float64(1.5), 180, 380, np.float64(0.9000000000000001), 15)",houghCircleAlt,0.929166667,26607575.02,26884239.5
"(np.float64(1.5), 190, 390, np.float64(0.9000000000000001), 15)",houghCircleAlt,0.929166667,26203444.29,26563110
"(np.float64(1.5), 210, 320, np.float64(0.9000000000000001), 15)",houghCircleAlt,0.929166667,29866356.12,30122767
"(np.float64(1.5), 210, 330, np.float64(0.9000000000000001), 15)",houghCircleAlt,0.929166667,27636751.47,28099651.5
"(np.float64(1.5), 210, 340, np.float64(0.9000000000000001), 15)",houghCircleAlt,0.929166667,27893796.94,28414652.5
"(np.float64(1.0), 140, 300, np.float64(0.9000000000000001), 15)",houghCircleAlt,0.927083333,46396942.68,47125640
"(np.float64(1.0), 140, 320, np.float64(0.9000000000000001), 15)",houghCircleAlt,0.927083333,46077778.32,46900116.5
"(np.float64(1.0), 140, 340, np.float64(0.9000000000000001), 15)",houghCircleAlt,0.927083333,45647461.04,46418592.5
"(np.float64(1.0), 150, 300, np.float64(0.9000000000000001), 15)",houghCircleAlt,0.927083333,49871855.78,51016758.5
"(np.float64(1.0), 150, 320, np.float64(0.9000000000000001), 15)",houghCircleAlt,0.927083333,47376330.98,48157160
"(np.float64(1.0), 150, 340, np.float64(0.9000000000000001), 15)",houghCircleAlt,0.927083333,46982127.33,47670175
"(np.float64(1.0), 160, 310, np.float64(0.9000000000000001), 15)",houghCircleAlt,0.927083333,49850980.39,50714998
"(np.float64(1.0), 160, 380, np.float64(0.9000000000000001), 15)",houghCircleAlt,0.927083333,47705372.03,48095860
"(np.float64(1.0), 170, 350, np.float64(0.9000000000000001), 15)",houghCircleAlt,0.927083333,49243893.65,49777614.5
"(np.float64(1.0), 170, 390, np.float64(0.9000000000000001), 15)",houghCircleAlt,0.927083333,48162859.46,48466184.5
"(np.float64(1.0), 190, 360, np.float64(0.9000000000000001), 15)",houghCircleAlt,0.927083333,52043982.55,52341540
"(np.float64(1.0), 200, 370, np.float64(0.9000000000000001), 15)",houghCircleAlt,0.927083333,52536467.33,53046898.5
"(np.float64(1.0), 200, 380, np.float64(0.9000000000000001), 15)",houghCircleAlt,0.927083333,52764920.05,53132924.5
"(np.float64(1.0), 210, 310, np.float64(0.9000000000000001), 15)",houghCircleAlt,0.927083333,55342332.99,56185856.5
"(np.float64(1.0), 210, 320, np.float64(0.9000000000000001), 15)",houghCircleAlt,0.927083333,55353200.31,56217061
"(np.float64(1.0), 210, 340, np.float64(0.9000000000000001), 15)",houghCircleAlt,0.927083333,54742622.88,55266828
"(np.float64(1.0), 210, 350, np.float64(0.9000000000000001), 15)",houghCircleAlt,0.927083333,54495389.74,55185751
"(np.float64(1.5), 130, 300, np.float64(0.9000000000000001), 15)",houghCircleAlt,0.927083333,25937116.19,26291966
"(np.float64(1.5), 130, 340, np.float64(0.9000000000000001), 15)",houghCircleAlt,0.927083333,25553724.24,25868762
"(np.float64(1.5), 140, 300, np.float64(0.9000000000000001), 15)",houghCircleAlt,0.927083333,25942779.85,26729250.5
"(np.float64(1.5), 140, 350, np.float64(0.9000000000000001), 15)",houghCircleAlt,0.927083333,25380883.85,25900189.5
"(np.float64(1.5), 180, 390, np.float64(0.9000000000000001), 15)",houghCircleAlt,0.927083333,26505225.4,26626488
"(np.float64(1.5), 210, 350, np.float64(0.9000000000000001), 15)",houghCircleAlt,0.927083333,29273214.31,29607550
"(np.float64(1.5), 210, 360, np.float64(0.9000000000000001), 15)",houghCircleAlt,0.927083333,27510730.53,27842814.5
"(np.float64(1.0), 130, 300, np.float64(0.9000000000000001), 15)",houghCircleAlt,0.925,45374691.37,46018743
"(np.float64(1.0), 130, 330, np.float64(0.9000000000000001), 15)",houghCircleAlt,0.925,46387935.08,47254948
"(np.float64(1.0), 140, 310, np.float64(0.9000000000000001), 15)",houghCircleAlt,0.925,46361124.97,47159424
"(np.float64(1.0), 140, 380, np.float64(0.9000000000000001), 15)",houghCircleAlt,0.925,45056571.35,45504313
"(np.float64(1.0), 150, 310, np.float64(0.9000000000000001), 15)",houghCircleAlt,0.925,46700763.3,47589425
"(np.float64(1.0), 150, 380, np.float64(0.9000000000000001), 15)",houghCircleAlt,0.925,46226623.52,46660658
"(np.float64(1.0), 160, 350, np.float64(0.9000000000000001), 15)",houghCircleAlt,0.925,49018602.31,49662349
"(np.float64(1.0), 160, 390, np.float64(0.9000000000000001), 15)",houghCircleAlt,0.925,46804640.68,47482990
"(np.float64(1.0), 170, 360, np.float64(0.9000000000000001), 15)",houghCircleAlt,0.925,49399397.46,49761710
"(np.float64(1.0), 180, 360, np.float64(0.9000000000000001), 15)",houghCircleAlt,0.925,50511454.27,51145912
"(np.float64(1.0), 180, 380, np.float64(0.9000000000000001), 15)",houghCircleAlt,0.925,50257683.25,50575241.5
"(np.float64(1.0), 190, 370, np.float64(0.9000000000000001), 15)",houghCircleAlt,0.925,52665799.21,53083105.5
"(np.float64(1.0), 190, 380, np.float64(0.9000000000000001), 15)",houghCircleAlt,0.925,51492946.95,51828923.5
"(np.float64(1.0), 200, 390, np.float64(0.9000000000000001), 15)",houghCircleAlt,0.925,51714601.14,52144110.5
"(np.float64(1.5), 110, 310, np.float64(0.9000000000000001), 15)",houghCircleAlt,0.925,25257584.2,25897920.5
"(np.float64(1.5), 110, 320, np.float64(0.9000000000000001), 15)",houghCircleAlt,0.925,25019216.84,25466852.5
"(np.float64(1.5), 110, 330, np.float64(0.9000000000000001), 15)",houghCircleAlt,0.925,24442635.3,25057639
"(np.float64(1.5), 120, 310, np.float64(0.9000000000000001), 15)",houghCircleAlt,0.925,24855553.59,25597356
"(np.float64(1.5), 120, 320, np.float64(0.9000000000000001), 15)",houghCircleAlt,0.925,25754240.83,26336428
"(np.float64(1.5), 120, 330, np.float64(0.9000000000000001), 15)",houghCircleAlt,0.925,23424970.81,24080150.5
"(np.float64(1.5), 130, 350, np.float64(0.9000000000000001), 15)",houghCircleAlt,0.925,26167236.37,26973058.5
"(np.float64(1.5), 160, 360, np.float64(0.9000000000000001), 15)",houghCircleAlt,0.925,24586800.35,24957446.5
"(np.float64(1.5), 210, 370, np.float64(0.9000000000000001), 15)",houghCircleAlt,0.925,28822476.83,29384843
"(np.float64(1.5), 210, 380, np.float64(0.9000000000000001), 15)",houghCircleAlt,0.925,27127774.42,27445403.5
"(np.float64(1.0), 130, 320, np.float64(0.9000000000000001), 15)",houghCircleAlt,0.922916667,44997336.38,45876011.5
"(np.float64(1.0), 130, 340, np.float64(0.9000000000000001), 15)",houghCircleAlt,0.922916667,43690608.2,44400051.5
"(np.float64(1.0), 130, 380, np.float64(0.9000000000000001), 15)",houghCircleAlt,0.922916667,43292117.3,43918974.5
"(np.float64(1.0), 140, 350, np.float64(0.9000000000000001), 15)",houghCircleAlt,0.922916667,46248844.4,47058469
"(np.float64(1.0), 140, 390, np.float64(0.9000000000000001), 15)",houghCircleAlt,0.922916667,43733298.29,44169805
"(np.float64(1.0), 150, 350, np.float64(0.9000000000000001), 15)",houghCircleAlt,0.922916667,46101249,47063242.5
"(np.float64(1.0), 150, 390, np.float64(0.9000000000000001), 15)",houghCircleAlt,0.922916667,45685933.08,46039353
"(np.float64(1.0), 160, 360, np.float64(0.9000000000000001), 15)",houghCircleAlt,0.922916667,47710805.74,48245666
"(np.float64(1.0), 170, 370, np.float64(0.9000000000000001), 15)",houghCircleAlt,0.922916667,48698774.25,49351219.5
"(np.float64(1.0), 180, 370, np.float64(0.9000000000000001), 15)",houghCircleAlt,0.922916667,53355662.01,54033685
"(np.float64(1.0), 180, 390, np.float64(0.9000000000000001), 15)",houghCircleAlt,0.922916667,50506331.04,50866879
"(np.float64(1.0), 190, 390, np.float64(0.9000000000000001), 15)",houghCircleAlt,0.922916667,51801074.97,52231073
"(np.float64(1.0), 210, 360, np.float64(0.9000000000000001), 15)",houghCircleAlt,0.922916667,54751986.07,55229978.5
"(np.float64(1.5), 100, 310, np.float64(0.9000000000000001), 15)",houghCircleAlt,0.922916667,24572727.37,25215325.5
"(np.float64(1.5), 100, 320, np.float64(0.9000000000000001), 15)",houghCircleAlt,0.922916667,25468748.61,26020811
"(np.float64(1.5), 100, 330, np.float64(0.9000000000000001), 15)",houghCircleAlt,0.922916667,23965138.5,24647201
"(np.float64(1.5), 100, 340, np.float64(0.9000000000000001), 15)",houghCircleAlt,0.922916667,22835619.08,23289201
"(np.float64(1.5), 110, 300, np.float64(0.9000000000000001), 15)",houghCircleAlt,0.922916667,24943003.33,25732681.5
"(np.float64(1.5), 110, 340, np.float64(0.9000000000000001), 15)",houghCircleAlt,0.922916667,23167270.48,23507835
"(np.float64(1.5), 120, 300, np.float64(0.9000000000000001), 15)",houghCircleAlt,0.922916667,25386656.56,26050863
"(np.float64(1.5), 120, 340, np.float64(0.9000000000000001), 15)",houghCircleAlt,0.922916667,23419073.96,24025426.5
"(np.float64(1.5), 150, 360, np.float64(0.9000000000000001), 15)",houghCircleAlt,0.922916667,25537201.85,25861516.5
"(np.float64(1.5), 160, 370, np.float64(0.9000000000000001), 15)",houghCircleAlt,0.922916667,25359335.97,25501526
"(np.float64(1.5), 160, 380, np.float64(0.9000000000000001), 15)",houghCircleAlt,0.922916667,27378169.1,27825853
"(np.float64(1.5), 160, 390, np.float64(0.9000000000000001), 15)",houghCircleAlt,0.922916667,24808271.12,25001749.5
"(np.float64(1.5), 210, 390, np.float64(0.9000000000000001), 15)",houghCircleAlt,0.922916667,27446919.83,27801597.5
"(np.float64(1.5), 220, 300, np.float64(0.9000000000000001), 15)",houghCircleAlt,0.922916667,28894336.23,29510588.5
"(np.float64(1.5), 220, 310, np.float64(0.9000000000000001), 15)",houghCircleAlt,0.922916667,29631854.74,30355814
"(np.float64(1.0), 100, 300, np.float64(0.9000000000000001), 15)",houghCircleAlt,0.920833333,42508318.44,43255129
"(np.float64(1.0), 100, 330, np.float64(0.9000000000000001), 15)",houghCircleAlt,0.920833333,42137049.69,42888186
"(np.float64(1.0), 110, 300, np.float64(0.9000000000000001), 15)",houghCircleAlt,0.920833333,43146646.06,44109405.5
"(np.float64(1.0), 110, 330, np.float64(0.9000000000000001), 15)",houghCircleAlt,0.920833333,41864570.35,43035087
"(np.float64(1.0), 120, 300, np.float64(0.9000000000000001), 15)",houghCircleAlt,0.920833333,43986392.79,45048423.5
"(np.float64(1.0), 120, 330, np.float64(0.9000000000000001), 15)",houghCircleAlt,0.920833333,44169589.78,44537258.5
"(np.float64(1.0), 130, 310, np.float64(0.9000000000000001), 15)",houghCircleAlt,0.920833333,45950618.27,47186870
"(np.float64(1.0), 130, 390, np.float64(0.9000000000000001), 15)",houghCircleAlt,0.920833333,43485267.76,43924059
"(np.float64(1.0), 140, 360, np.float64(0.9000000000000001), 15)",houghCircleAlt,0.920833333,45384091.53,46059194
"(np.float64(1.0), 150, 360, np.float64(0.9000000000000001), 15)",houghCircleAlt,0.920833333,46841860.72,47310307
"(np.float64(1.0), 160, 370, np.float64(0.9000000000000001), 15)",houghCircleAlt,0.920833333,48891566.8,49421126
"(np.float64(1.0), 210, 370, np.float64(0.9000000000000001), 15)",houghCircleAlt,0.920833333,54070168.98,54620080
"(np.float64(1.0), 210, 380, np.float64(0.9000000000000001), 15)",houghCircleAlt,0.920833333,54424279.7,54740375.5
"(np.float64(1.0), 220, 300, np.float64(0.9000000000000001), 15)",houghCircleAlt,0.920833333,57390030.33,58143655
"(np.float64(1.5), 100, 300, np.float64(0.9000000000000001), 15)",houghCircleAlt,0.920833333,24770547.64,25359635
"(np.float64(1.5), 100, 350, np.float64(0.9000000000000001), 15)",houghCircleAlt,0.920833333,24480253.26,24894354
"(np.float64(1.5), 110, 350, np.float64(0.9000000000000001), 15)",houghCircleAlt,0.920833333,24203978.43,24908675.5
"(np.float64(1.5), 120, 350, np.float64(0.9000000000000001), 15)",houghCircleAlt,0.920833333,24570098.42,25020515
"(np.float64(1.5), 130, 360, np.float64(0.9000000000000001), 15)",houghCircleAlt,0.920833333,23184450.52,23634639.5
"(np.float64(1.5), 140, 360, np.float64(0.9000000000000001), 15)",houghCircleAlt,0.920833333,25882353.71,26379744.5
"(np.float64(1.5), 150, 370, np.float64(0.9000000000000001), 15)",houghCircleAlt,0.920833333,26032216.99,26460782
"(np.float64(1.5), 150, 380, np.float64(0.9000000000000001), 15)",houghCircleAlt,0.920833333,25164142,25490881
"(np.float64(1.5), 150, 390, np.float64(0.9000000000000001), 15)",houghCircleAlt,0.920833333,25505241.73,25577724.5
"(np.float64(1.5), 220, 320, np.float64(0.9000000000000001), 15)",houghCircleAlt,0.920833333,28924348.3,29466239.5
"(np.float64(1.5), 220, 330, np.float64(0.9000000000000001), 15)",houghCircleAlt,0.920833333,29343363.65,29784442
"(np.float64(1.5), 220, 340, np.float64(0.9000000000000001), 15)",houghCircleAlt,0.920833333,28681578.42,28944016
"(np.float64(1.0), 100, 320, np.float64(0.9000000000000001), 15)",houghCircleAlt,0.91875,42022814.68,42869119
"(np.float64(1.0), 100, 340, np.float64(0.9000000000000001), 15)",houghCircleAlt,0.91875,41142549.72,41814391
"(np.float64(1.0), 100, 380, np.float64(0.9000000000000001), 15)",houghCircleAlt,0.91875,40593752.5,41148912
"(np.float64(1.0), 110, 320, np.float64(0.9000000000000001), 15)",houghCircleAlt,0.91875,42907102.1,43525455.5
"(np.float64(1.0), 110, 340, np.float64(0.9000000000000001), 15)",houghCircleAlt,0.91875,42268313.29,42806110.5
"(np.float64(1.0), 110, 380, np.float64(0.9000000000000001), 15)",houghCircleAlt,0.91875,41727312.81,42165374
"(np.float64(1.0), 120, 320, np.float64(0.9000000000000001), 15)",houghCircleAlt,0.91875,44057204.42,44844420
"(np.float64(1.0), 120, 340, np.float64(0.9000000000000001), 15)",houghCircleAlt,0.91875,44789286.44,45584514
"(np.float64(1.0), 120, 380, np.float64(0.9000000000000001), 15)",houghCircleAlt,0.91875,43068526.77,43436713.5
"(np.float64(1.0), 130, 350, np.float64(0.9000000000000001), 15)",houghCircleAlt,0.91875,45030043.38,45519467.5
"(np.float64(1.0), 130, 360, np.float64(0.9000000000000001), 15)",houghCircleAlt,0.91875,44174838.7,44514968
"(np.float64(1.0), 150, 370, np.float64(0.9000000000000001), 15)",houghCircleAlt,0.91875,46411536.88,47145617.5
"(np.float64(1.0), 210, 390, np.float64(0.9000000000000001), 15)",houghCircleAlt,0.91875,55422989.59,56134831
"(np.float64(1.0), 220, 310, np.float64(0.9000000000000001), 15)",houghCircleAlt,0.91875,60381370.18,61771432
"(np.float64(1.0), 220, 330, np.float64(0.9000000000000001), 15)",houghCircleAlt,0.91875,56376649.02,57162394
"(np.float64(1.5), 130, 370, np.float64(0.9000000000000001), 15)",houghCircleAlt,0.91875,25731690.43,26209028.5
"(np.float64(1.5), 130, 380, np.float64(0.9000000000000001), 15)",houghCircleAlt,0.91875,26381380.22,26590525
"(np.float64(1.5), 130, 390, np.float64(0.9000000000000001), 15)",houghCircleAlt,0.91875,23383785.54,23498378.5
"(np.float64(1.5), 140, 370, np.float64(0.9000000000000001), 15)",houghCircleAlt,0.91875,26589772.47,27077343
"(np.float64(1.5), 140, 380, np.float64(0.9000000000000001), 15)",houghCircleAlt,0.91875,24241040.15,24563459.5
"(np.float64(1.5), 140, 390, np.float64(0.9000000000000001), 15)",houghCircleAlt,0.91875,24270486.68,24374852.5
"(np.float64(1.5), 220, 350, np.float64(0.9000000000000001), 15)",houghCircleAlt,0.91875,26717023.26,27171080
"(np.float64(1.5), 220, 360, np.float64(0.9000000000000001), 15)",houghCircleAlt,0.91875,29037972.19,29501601.5
"(np.float64(1.0), 100, 310, np.float64(0.9000000000000001), 15)",houghCircleAlt,0.916666667,42852212.77,43707187
"(np.float64(1.0), 100, 390, np.float64(0.9000000000000001), 15)",houghCircleAlt,0.916666667,40982828.76,41321271
"(np.float64(1.0), 110, 310, np.float64(0.9000000000000001), 15)",houghCircleAlt,0.916666667,43769827.46,44749436.5
"(np.float64(1.0), 110, 390, np.float64(0.9000000000000001), 15)",houghCircleAlt,0.916666667,41784312.35,42212077
"(np.float64(1.0), 120, 310, np.float64(0.9000000000000001), 15)",houghCircleAlt,0.916666667,44708393.49,45471632
"(np.float64(1.0), 120, 390, np.float64(0.9000000000000001), 15)",houghCircleAlt,0.916666667,43615904.39,44081479
"(np.float64(1.0), 140, 370, np.float64(0.9000000000000001), 15)",houghCircleAlt,0.916666667,44527191.21,45389407.5
"(np.float64(1.0), 220, 320, np.float64(0.9000000000000001), 15)",houghCircleAlt,0.916666667,56704313.46,57378570
"(np.float64(1.5), 110, 360, np.float64(0.9000000000000001), 15)",houghCircleAlt,0.916666667,24949764.27,25240127.5
"(np.float64(1.5), 120, 360, np.float64(0.9000000000000001), 15)",houghCircleAlt,0.916666667,23377576.88,23718581.5
"(np.float64(1.5), 220, 370, np.float64(0.9000000000000001), 15)",houghCircleAlt,0.916666667,28026455.21,28394574
"(np.float64(1.5), 220, 380, np.float64(0.9000000000000001), 15)",houghCircleAlt,0.916666667,28739905.02,29047505
"(np.float64(1.0), 100, 350, np.float64(0.9000000000000001), 15)",houghCircleAlt,0.914583333,41564801.47,42349068
"(np.float64(1.0), 100, 360, np.float64(0.9000000000000001), 15)",houghCircleAlt,0.914583333,41041326.03,41543152
"(np.float64(1.0), 110, 350, np.float64(0.9000000000000001), 15)",houghCircleAlt,0.914583333,41363771.16,42296934
"(np.float64(1.0), 110, 360, np.float64(0.9000000000000001), 15)",houghCircleAlt,0.914583333,41972057.36,42491941
"(np.float64(1.0), 120, 350, np.float64(0.9000000000000001), 15)",houghCircleAlt,0.914583333,42424758.61,43029491
"(np.float64(1.0), 120, 360, np.float64(0.9000000000000001), 15)",houghCircleAlt,0.914583333,43292999.5,43749250.5
"(np.float64(1.0), 130, 370, np.float64(0.9000000000000001), 15)",houghCircleAlt,0.914583333,44108320.43,44594876.5
"(np.float64(1.0), 220, 340, np.float64(0.9000000000000001), 15)",houghCircleAlt,0.914583333,56732200.39,57327926.5
"(np.float64(1.0), 220, 350, np.float64(0.9000000000000001), 15)",houghCircleAlt,0.914583333,55946479.99,56300977.5
"(np.float64(1.5), 100, 360, np.float64(0.9000000000000001), 15)",houghCircleAlt,0.914583333,25787889.31,26020159.5
"(np.float64(1.5), 110, 370, np.float64(0.9000000000000001), 15)",houghCircleAlt,0.914583333,23496721.64,23621565
"(np.float64(1.5), 110, 380, np.float64(0.9000000000000001), 15)",houghCircleAlt,0.914583333,26265069.74,26827469
"(np.float64(1.5), 110, 390, np.float64(0.9000000000000001), 15)",houghCircleAlt,0.914583333,23249826.1,23401347.5
"(np.float64(1.5), 120, 370, np.float64(0.9000000000000001), 15)",houghCircleAlt,0.914583333,25112360.73,25529845
"(np.float64(1.5), 120, 380, np.float64(0.9000000000000001), 15)",houghCircleAlt,0.914583333,23651717.38,24101193.5
"(np.float64(1.5), 120, 390, np.float64(0.9000000000000001), 15)",houghCircleAlt,0.914583333,24555844.33,24829197
"(np.float64(1.5), 220, 390, np.float64(0.9000000000000001), 15)",houghCircleAlt,0.914583333,28266940.17,28401827.5
"(np.float64(1.5), 100, 370, np.float64(0.9000000000000001), 15)",houghCircleAlt,0.9125,24412786.18,24995853.5
"(np.float64(1.5), 100, 380, np.float64(0.9000000000000001), 15)",houghCircleAlt,0.9125,25791755.54,26354839.5
"(np.float64(1.5), 100, 390, np.float64(0.9000000000000001), 15)",houghCircleAlt,0.9125,21887717.01,21790224
"(np.float64(1.0), 100, 370, np.float64(0.9000000000000001), 15)",houghCircleAlt,0.910416667,41824833.21,42584731
"(np.float64(1.0), 110, 370, np.float64(0.9000000000000001), 15)",houghCircleAlt,0.910416667,41094953.23,42008820.5
"(np.float64(1.0), 120, 370, np.float64(0.9000000000000001), 15)",houghCircleAlt,0.910416667,43406155.73,43703374.5
"(np.float64(1.0), 220, 360, np.float64(0.9000000000000001), 15)",houghCircleAlt,0.910416667,56054337.6,56413018.5
"(np.float64(1.0), 220, 370, np.float64(0.9000000000000001), 15)",houghCircleAlt,0.908333333,55608066.56,55935027
"(np.float64(1.0), 220, 380, np.float64(0.9000000000000001), 15)",houghCircleAlt,0.908333333,58206160.76,58609364
"(np.float64(1.5), 230, 300, np.float64(0.9000000000000001), 15)",houghCircleAlt,0.908333333,30288470.18,30887487
"(np.float64(1.0), 220, 390, np.float64(0.9000000000000001), 15)",houghCircleAlt,0.90625,55026084.99,55387084
"(np.float64(1.0), 230, 300, np.float64(0.9000000000000001), 15)",houghCircleAlt,0.90625,58180733.21,59170566.5
"(np.float64(1.5), 230, 310, np.float64(0.9000000000000001), 15)",houghCircleAlt,0.90625,30202225.27,31017880
"(np.float64(1.5), 230, 320, np.float64(0.9000000000000001), 15)",houghCircleAlt,0.90625,29374750.18,30222308
"(np.float64(1.5), 230, 330, np.float64(0.9000000000000001), 15)",houghCircleAlt,0.90625,28680390.79,29300565
"(np.float64(1.5), 230, 340, np.float64(0.9000000000000001), 15)",houghCircleAlt,0.90625,28955276.26,29486470
"(np.float64(1.0), 190, 330, np.float64(0.8500000000000001), 15)",houghCircleAlt,0.904166667,51248717.06,51951338.5
"(np.float64(1.0), 190, 350, np.float64(0.8500000000000001), 15)",houghCircleAlt,0.904166667,51785599.61,52450068.5
"(np.float64(1.0), 200, 330, np.float64(0.8500000000000001), 15)",houghCircleAlt,0.904166667,53779534.4,54555048
"(np.float64(1.0), 200, 350, np.float64(0.8500000000000001), 15)",houghCircleAlt,0.904166667,53531692.99,53898911.5
"(np.float64(1.5), 230, 350, np.float64(0.9000000000000001), 15)",houghCircleAlt,0.904166667,29531734.71,29916681
"(np.float64(1.5), 230, 360, np.float64(0.9000000000000001), 15)",houghCircleAlt,0.904166667,29713176.73,30082240.5
"(np.float64(1.0), 190, 340, np.float64(0.8500000000000001), 15)",houghCircleAlt,0.902083333,52313499.16,53093521
"(np.float64(1.0), 200, 340, np.float64(0.8500000000000001), 15)",houghCircleAlt,0.902083333,53627076.19,54417795
"(np.float64(1.0), 230, 310, np.float64(0.9000000000000001), 15)",houghCircleAlt,0.902083333,58227854.25,59043819
"(np.float64(1.0), 230, 330, np.float64(0.9000000000000001), 15)",houghCircleAlt,0.902083333,57616075.89,58348289
"(np.float64(1.5), 230, 370, np.float64(0.9000000000000001), 15)",houghCircleAlt,0.902083333,28242145.72,28640947
"(np.float64(1.5), 230, 380, np.float64(0.9000000000000001), 15)",houghCircleAlt,0.902083333,29424043.02,29765038.5
"(np.float64(1.0), 230, 320, np.float64(0.9000000000000001), 15)",houghCircleAlt,0.9,57744437.24,58405476
"(np.float64(1.0), 230, 340, np.float64(0.9000000000000001), 15)",houghCircleAlt,0.9,57469764.49,58070753.5
"(np.float64(1.0), 230, 350, np.float64(0.9000000000000001), 15)",houghCircleAlt,0.9,60593237.95,61274564
"(np.float64(1.0), 190, 320, np.float64(0.8500000000000001), 15)",houghCircleAlt,0.897916667,52702429.7,53816357
"(np.float64(1.0), 200, 320, np.float64(0.8500000000000001), 15)",houghCircleAlt,0.897916667,54033202.4,54891658
"(np.float64(1.0), 210, 330, np.float64(0.8500000000000001), 15)",houghCircleAlt,0.897916667,55490105.16,56131711.5
"(np.float64(1.0), 210, 350, np.float64(0.8500000000000001), 15)",houghCircleAlt,0.897916667,55140238.56,55444026
"(np.float64(1.5), 230, 390, np.float64(0.9000000000000001), 15)",houghCircleAlt,0.897916667,27666680.53,27917750.5
"(np.float64(1.0), 190, 360, np.float64(0.8500000000000001), 15)",houghCircleAlt,0.895833333,51957023.1,52550232
"(np.float64(1.0), 200, 360, np.float64(0.8500000000000001), 15)",houghCircleAlt,0.895833333,53087271.73,53420729.5
"(np.float64(1.0), 210, 340, np.float64(0.8500000000000001), 15)",houghCircleAlt,0.895833333,55078830.66,55903688
"(np.float64(1.0), 230, 360, np.float64(0.9000000000000001), 15)",houghCircleAlt,0.895833333,57615768.39,57963472.5
"(np.float64(1.5), 190, 350, np.float64(0.8500000000000001), 15)",houghCircleAlt,0.895833333,28310593.34,28768911.5
"(np.float64(1.5), 190, 380, np.float64(0.8500000000000001), 15)",houghCircleAlt,0.895833333,26715848.17,27333710
"(np.float64(1.5), 200, 350, np.float64(0.8500000000000001), 15)",houghCircleAlt,0.895833333,28133664.21,28481567.5
"(np.float64(1.5), 200, 380, np.float64(0.8500000000000001), 15)",houghCircleAlt,0.895833333,27622599.65,27771286
"(np.float64(1.0), 190, 370, np.float64(0.8500000000000001), 15)",houghCircleAlt,0.89375,51079635.64,51539715.5
"(np.float64(1.0), 200, 370, np.float64(0.8500000000000001), 15)",houghCircleAlt,0.89375,54148905.83,54698582
"(np.float64(1.0), 210, 320, np.float64(0.8500000000000001), 15)",houghCircleAlt,0.89375,56194886.41,56806160.5
"(np.float64(1.5), 190, 340, np.float64(0.8500000000000001), 15)",houghCircleAlt,0.89375,27174884.41,27700347
"(np.float64(1.5), 200, 340, np.float64(0.8500000000000001), 15)",houghCircleAlt,0.89375,27121389.4,27574787
"(np.float64(1.0), 180, 330, np.float64(0.8500000000000001), 15)",houghCircleAlt,0.891666667,51077859.62,51883270
"(np.float64(1.0), 190, 310, np.float64(0.8500000000000001), 15)",houghCircleAlt,0.891666667,51776819.69,52496861
"(np.float64(1.0), 200, 310, np.float64(0.8500000000000001), 15)",houghCircleAlt,0.891666667,54224729.13,55334120
"(np.float64(1.0), 220, 330, np.float64(0.8500000000000001), 15)",houghCircleAlt,0.891666667,57089630.52,57430747.5
"(np.float64(1.0), 230, 370, np.float64(0.9000000000000001), 15)",houghCircleAlt,0.891666667,59816401.72,60125523
"(np.float64(1.5), 190, 330, np.float64(0.8500000000000001), 15)",houghCircleAlt,0.891666667,26940621.58,27246399
"(np.float64(1.5), 190, 360, np.float64(0.8500000000000001), 15)",houghCircleAlt,0.891666667,27567253.28,27758581.5
"(np.float64(1.5), 190, 370, np.float64(0.8500000000000001), 15)",houghCircleAlt,0.891666667,27277108.15,27549821.5
"(np.float64(1.5), 200, 330, np.float64(0.8500000000000001), 15)",houghCircleAlt,0.891666667,28248736.43,28842878.5
"(np.float64(1.5), 200, 360, np.float64(0.8500000000000001), 15)",houghCircleAlt,0.891666667,29026662.91,29361078
"(np.float64(1.5), 200, 370, np.float64(0.8500000000000001), 15)",houghCircleAlt,0.891666667,28003990.18,28471128.5
"(np.float64(1.0), 180, 340, np.float64(0.8500000000000001), 15)",houghCircleAlt,0.889583333,50980687.35,51806802.5
"(np.float64(1.0), 180, 350, np.float64(0.8500000000000001), 15)",houghCircleAlt,0.889583333,50514788.71,51411851
"(np.float64(1.0), 200, 300, np.float64(0.8500000000000001), 15)",houghCircleAlt,0.889583333,54143643.49,54900716
"(np.float64(1.0), 210, 310, np.float64(0.8500000000000001), 15)",houghCircleAlt,0.889583333,55927137.27,56828387.5
"(np.float64(1.0), 210, 360, np.float64(0.8500000000000001), 15)",houghCircleAlt,0.889583333,54832488.12,55389147.5
"(np.float64(1.0), 220, 350, np.float64(0.8500000000000001), 15)",houghCircleAlt,0.889583333,56630672.51,56989064
"(np.float64(1.0), 230, 380, np.float64(0.9000000000000001), 15)",houghCircleAlt,0.889583333,57433247.12,57612934
"(np.float64(1.5), 190, 310, np.float64(0.8500000000000001), 15)",houghCircleAlt,0.889583333,27349933.45,28092147
"(np.float64(1.5), 190, 320, np.float64(0.8500000000000001), 15)",houghCircleAlt,0.889583333,27367041.1,27565825
"(np.float64(1.5), 200, 310, np.float64(0.8500000000000001), 15)",houghCircleAlt,0.889583333,26817904.14,27453649
"(np.float64(1.5), 200, 320, np.float64(0.8500000000000001), 15)",houghCircleAlt,0.889583333,27491501.36,28118266.5
"(np.float64(1.5), 210, 350, np.float64(0.8500000000000001), 15)",houghCircleAlt,0.889583333,28607449.58,28727604.5
"(np.float64(1.0), 170, 330, np.float64(0.8500000000000001), 15)",houghCircleAlt,0.8875,50560776.95,51093535.5
"(np.float64(1.0), 170, 340, np.float64(0.8500000000000001), 15)",houghCircleAlt,0.8875,49552081.26,50324947
"(np.float64(1.0), 170, 350, np.float64(0.8500000000000001), 15)",houghCircleAlt,0.8875,50211300.08,50782895.5
"(np.float64(1.0), 180, 320, np.float64(0.8500000000000001), 15)",houghCircleAlt,0.8875,51450125.93,52196854
"(np.float64(1.0), 190, 300, np.float64(0.8500000000000001), 15)",houghCircleAlt,0.8875,53292279.35,54210055.5
"(np.float64(1.0), 190, 380, np.float64(0.8500000000000001), 15)",houghCircleAlt,0.8875,50369583.51,50872389
"(np.float64(1.0), 200, 380, np.float64(0.8500000000000001), 15)",houghCircleAlt,0.8875,52047411.82,52451456.5
"(np.float64(1.0), 210, 300, np.float64(0.8500000000000001), 15)",houghCircleAlt,0.8875,56759938.5,57732629.5
"(np.float64(1.0), 210, 370, np.float64(0.8500000000000001), 15)",houghCircleAlt,0.8875,54849261.18,55195594
"(np.float64(1.0), 220, 320, np.float64(0.8500000000000001), 15)",houghCircleAlt,0.8875,56784038.25,57548854
"(np.float64(1.0), 220, 340, np.float64(0.8500000000000001), 15)",houghCircleAlt,0.8875,56379560.66,56932823.5
"(np.float64(1.0), 230, 390, np.float64(0.9000000000000001), 15)",houghCircleAlt,0.8875,59497308.54,59953981.5
"(np.float64(1.5), 170, 380, np.float64(0.8500000000000001), 15)",houghCircleAlt,0.8875,25607543.74,25877244.5
"(np.float64(1.5), 180, 350, np.float64(0.8500000000000001), 15)",houghCircleAlt,0.8875,26924636.16,26972762
"(np.float64(1.5), 180, 380, np.float64(0.8500000000000001), 15)",houghCircleAlt,0.8875,26338021.25,26540265.5
"(np.float64(1.5), 190, 390, np.float64(0.8500000000000001), 15)",houghCircleAlt,0.8875,25175886.35,25372373.5
"(np.float64(1.5), 200, 390, np.float64(0.8500000000000001), 15)",houghCircleAlt,0.8875,26675082.14,27055307
"(np.float64(1.5), 210, 300, np.float64(0.8500000000000001), 15)",houghCircleAlt,0.8875,28867327.15,29425372
"(np.float64(1.5), 210, 330, np.float64(0.8500000000000001), 15)",houghCircleAlt,0.8875,28806092.88,29232812.5
"(np.float64(1.5), 210, 340, np.float64(0.8500000000000001), 15)",houghCircleAlt,0.8875,26396799.8,26954788
"(np.float64(1.5), 210, 380, np.float64(0.8500000000000001), 15)",houghCircleAlt,0.8875,28857507.09,29383444.5
"(np.float64(1.0), 220, 310, np.float64(0.8500000000000001), 15)",houghCircleAlt,0.885416667,57455355.78,58157256
"(np.float64(1.5), 170, 350, np.float64(0.8500000000000001), 15)",houghCircleAlt,0.885416667,25983200.52,26360162.5
"(np.float64(1.5), 180, 340, np.float64(0.8500000000000001), 15)",houghCircleAlt,0.885416667,26565819.99,26924892.5
"(np.float64(1.5), 190, 300, np.float64(0.8500000000000001), 15)",houghCircleAlt,0.885416667,27405286.36,28012758
"(np.float64(1.5), 200, 300, np.float64(0.8500000000000001), 15)",houghCircleAlt,0.885416667,28585975.39,29141926.5
"(np.float64(1.5), 210, 310, np.float64(0.8500000000000001), 15)",houghCircleAlt,0.885416667,28390452.63,29161359
"(np.float64(1.5), 210, 320, np.float64(0.8500000000000001), 15)",houghCircleAlt,0.885416667,28788305.1,29246542.5
"(np.float64(1.5), 210, 360, np.float64(0.8500000000000001), 15)",houghCircleAlt,0.885416667,26069713.53,26498461.5
"(np.float64(1.5), 220, 380, np.float64(0.8500000000000001), 15)",houghCircleAlt,0.885416667,28402710.66,28594394.5
"(np.float64(1.0), 170, 320, np.float64(0.8500000000000001), 15)",houghCircleAlt,0.883333333,52933097.11,54039561
"(np.float64(1.0), 170, 360, np.float64(0.8500000000000001), 15)",houghCircleAlt,0.883333333,49401991.31,49910809.5
"(np.float64(1.0), 180, 360, np.float64(0.8500000000000001), 15)",houghCircleAlt,0.883333333,50690421.68,51126971.5
"(np.float64(1.0), 190, 390, np.float64(0.8500000000000001), 15)",houghCircleAlt,0.883333333,51173355.07,51697772.5
"(np.float64(1.0), 200, 390, np.float64(0.8500000000000001), 15)",houghCircleAlt,0.883333333,54014624.29,54437416.5
"(np.float64(1.0), 220, 300, np.float64(0.8500000000000001), 15)",houghCircleAlt,0.883333333,57419645.62,58187677.5
"(np.float64(1.5), 170, 340, np.float64(0.8500000000000001), 15)",houghCircleAlt,0.883333333,26690648.06,27247657.5
"(np.float64(1.5), 170, 370, np.float64(0.8500000000000001), 15)",houghCircleAlt,0.883333333,24710320.66,25113654.5
"(np.float64(1.5), 170, 390, np.float64(0.8500000000000001), 15)",houghCircleAlt,0.883333333,25460850,25515142
"(np.float64(1.5), 180, 360, np.float64(0.8500000000000001), 15)",houghCircleAlt,0.883333333,26403186.16,26361019
"(np.float64(1.5), 180, 370, np.float64(0.8500000000000001), 15)",houghCircleAlt,0.883333333,27424876.7,27703397.5
"(np.float64(1.5), 210, 370, np.float64(0.8500000000000001), 15)",houghCircleAlt,0.883333333,28383961.09,28816350.5
"(np.float64(1.5), 220, 330, np.float64(0.8500000000000001), 15)",houghCircleAlt,0.883333333,28559070.93,29318873.5
"(np.float64(1.0), 160, 330, np.float64(0.8500000000000001), 15)",houghCircleAlt,0.88125,47578512.4,48251798.5
"(np.float64(1.0), 170, 370, np.float64(0.8500000000000001), 15)",houghCircleAlt,0.88125,48932002.46,49177118.5
"(np.float64(1.0), 170, 380, np.float64(0.8500000000000001), 15)",houghCircleAlt,0.88125,49096368.88,49296417
"(np.float64(1.0), 180, 310, np.float64(0.8500000000000001), 15)",houghCircleAlt,0.88125,51372372.12,52245048.5
"(np.float64(1.0), 180, 370, np.float64(0.8500000000000001), 15)",houghCircleAlt,0.88125,50569393.87,51205489
"(np.float64(1.0), 210, 380, np.float64(0.8500000000000001), 15)",houghCircleAlt,0.88125,54238626.91,54645843.5
"(np.float64(1.5), 170, 360, np.float64(0.8500000000000001), 15)",houghCircleAlt,0.88125,26017043.8,26445287.5
"(np.float64(1.5), 180, 300, np.float64(0.8500000000000001), 15)",houghCircleAlt,0.88125,27288240.56,27845484.5
"(np.float64(1.5), 180, 310, np.float64(0.8500000000000001), 15)",houghCircleAlt,0.88125,27510906.9,27689907.5
"(np.float64(1.5), 180, 320, np.float64(0.8500000000000001), 15)",houghCircleAlt,0.88125,27195055.9,27473361
"(np.float64(1.5), 180, 330, np.float64(0.8500000000000001), 15)",houghCircleAlt,0.88125,27390538.99,27881307
"(np.float64(1.5), 180, 390, np.float64(0.8500000000000001), 15)",houghCircleAlt,0.88125,26353616.19,26613277.5
"(np.float64(1.5), 210, 390, np.float64(0.8500000000000001), 15)",houghCircleAlt,0.88125,26853198.08,26951793
"(np.float64(1.5), 220, 300, np.float64(0.8500000000000001), 15)",houghCircleAlt,0.88125,29025798.32,29656927.5
"(np.float64(1.5), 220, 310, np.float64(0.8500000000000001), 15)",houghCircleAlt,0.88125,28817547.9,29434420
"(np.float64(1.5), 220, 320, np.float64(0.8500000000000001), 15)",houghCircleAlt,0.88125,29611655.36,30179563
"(np.float64(1.5), 220, 340, np.float64(0.8500000000000001), 15)",houghCircleAlt,0.88125,26808548.91,26876702
"(np.float64(1.5), 220, 350, np.float64(0.8500000000000001), 15)",houghCircleAlt,0.88125,29714547.63,30175962.5
"(np.float64(1.0), 160, 340, np.float64(0.8500000000000001), 15)",houghCircleAlt,0.879166667,48227899.48,49037238.5
"(np.float64(1.0), 160, 350, np.float64(0.8500000000000001), 15)",houghCircleAlt,0.879166667,47927039.2,48396213.5
"(np.float64(1.0), 170, 310, np.float64(0.8500000000000001), 15)",houghCircleAlt,0.879166667,50889000.71,51758581
"(np.float64(1.0), 170, 390, np.float64(0.8500000000000001), 15)",houghCircleAlt,0.879166667,48535446.03,48849920
"(np.float64(1.0), 180, 380, np.float64(0.8500000000000001), 15)",houghCircleAlt,0.879166667,49870269.95,50271476.5
"(np.float64(1.0), 220, 360, np.float64(0.8500000000000001), 15)",houghCircleAlt,0.879166667,58719672.06,59377921
"(np.float64(1.0), 220, 370, np.float64(0.8500000000000001), 15)",houghCircleAlt,0.879166667,55091993.69,55718570.5
"(np.float64(1.5), 160, 380, np.float64(0.8500000000000001), 15)",houghCircleAlt,0.879166667,25305997.05,25644905.5
"(np.float64(1.5), 170, 330, np.float64(0.8500000000000001), 15)",houghCircleAlt,0.879166667,26192952.15,26869653
"(np.float64(1.5), 220, 360, np.float64(0.8500000000000001), 15)",houghCircleAlt,0.879166667,28019211.31,28391369
"(np.float64(1.5), 220, 370, np.float64(0.8500000000000001), 15)",houghCircleAlt,0.879166667,29202691.34,29754479.5
"(np.float64(1.5), 220, 390, np.float64(0.8500000000000001), 15)",houghCircleAlt,0.879166667,26284407.7,26493232
"(np.float64(1.0), 160, 320, np.float64(0.8500000000000001), 15)",houghCircleAlt,0.877083333,48635654.56,49575576.5
"(np.float64(1.0), 160, 360, np.float64(0.8500000000000001), 15)",houghCircleAlt,0.877083333,47796880.23,48634470.5
"(np.float64(1.0), 180, 390, np.float64(0.8500000000000001), 15)",houghCircleAlt,0.877083333,50005006.85,50639963
"(np.float64(1.0), 210, 390, np.float64(0.8500000000000001), 15)",houghCircleAlt,0.877083333,54358579,54865149.5
"(np.float64(1.5), 160, 350, np.float64(0.8500000000000001), 15)",houghCircleAlt,0.877083333,25800463.06,26244120.5
"(np.float64(1.0), 160, 370, np.float64(0.8500000000000001), 15)",houghCircleAlt,0.875,48441499.29,48902478
"(np.float64(1.0), 160, 380, np.float64(0.8500000000000001), 15)",houghCircleAlt,0.875,47738821.75,48111509.5
"(np.float64(1.0), 170, 300, np.float64(0.8500000000000001), 15)",houghCircleAlt,0.875,50637165.02,51649247
"(np.float64(1.0), 180, 300, np.float64(0.8500000000000001), 15)",houghCircleAlt,0.875,51858124.57,52772423.5
"(np.float64(1.0), 220, 380, np.float64(0.8500000000000001), 15)",houghCircleAlt,0.875,56091531.77,56397370.5
"(np.float64(1.0), 230, 330, np.float64(0.8500000000000001), 15)",houghCircleAlt,0.875,58509619.13,59113409.5
"(np.float64(1.0), 230, 350, np.float64(0.8500000000000001), 15)",houghCircleAlt,0.875,58054519.31,58249939.5
"(np.float64(1.5), 160, 340, np.float64(0.8500000000000001), 15)",houghCircleAlt,0.875,28095877.8,29090139.5
"(np.float64(1.5), 160, 370, np.float64(0.8500000000000001), 15)",houghCircleAlt,0.875,25275056.5,25537058
"(np.float64(1.5), 160, 390, np.float64(0.8500000000000001), 15)",houghCircleAlt,0.875,25271863.71,25706031.5
"(np.float64(1.5), 170, 300, np.float64(0.8500000000000001), 15)",houghCircleAlt,0.875,27074655.74,27706317.5
"(np.float64(1.5), 170, 310, np.float64(0.8500000000000001), 15)",houghCircleAlt,0.875,27339211.58,27926976.5
"(np.float64(1.5), 170, 320, np.float64(0.8500000000000001), 15)",houghCircleAlt,0.875,26544015.04,27199071.5
"(np.float64(1.0), 160, 310, np.float64(0.8500000000000001), 15)",houghCircleAlt,0.872916667,49002595.77,49927107
"(np.float64(1.0), 230, 340, np.float64(0.8500000000000001), 15)",houghCircleAlt,0.872916667,58207531.15,58781222.5
"(np.float64(1.5), 160, 360, np.float64(0.8500000000000001), 15)",houghCircleAlt,0.872916667,25787972.32,26397717.5
"(np.float64(1.5), 230, 300, np.float64(0.8500000000000001), 15)",houghCircleAlt,0.872916667,29997972.84,30804286
"(np.float64(1.5), 230, 330, np.float64(0.8500000000000001), 15)",houghCircleAlt,0.872916667,29892708.32,30579542.5
"(np.float64(1.5), 230, 380, np.float64(0.8500000000000001), 15)",houghCircleAlt,0.872916667,28229004.06,28559839.5
"(np.float64(1.0), 150, 330, np.float64(0.8500000000000001), 15)",houghCircleAlt,0.870833333,47284116.52,48093172
"(np.float64(1.0), 160, 390, np.float64(0.8500000000000001), 15)",houghCircleAlt,0.870833333,48018645.95,48559739
"(np.float64(1.0), 220, 390, np.float64(0.8500000000000001), 15)",houghCircleAlt,0.870833333,56250002.89,56531325.5
"(np.float64(1.0), 230, 300, np.float64(0.8500000000000001), 15)",houghCircleAlt,0.870833333,58877030.19,59745965.5
"(np.float64(1.0), 230, 320, np.float64(0.8500000000000001), 15)",houghCircleAlt,0.870833333,58214611.81,59040678
"(np.float64(1.5), 160, 330, np.float64(0.8500000000000001), 15)",houghCircleAlt,0.870833333,25977551.99,26325612
"(np.float64(1.5), 230, 320, np.float64(0.8500000000000001), 15)",houghCircleAlt,0.870833333,30072893.66,30309557.5
"(np.float64(1.0), 150, 320, np.float64(0.8500000000000001), 15)",houghCircleAlt,0.86875,47394796.99,48312592
"(np.float64(1.0), 150, 340, np.float64(0.8500000000000001), 15)",houghCircleAlt,0.86875,46807334.66,47509204
"(np.float64(1.0), 160, 300, np.float64(0.8500000000000001), 15)",houghCircleAlt,0.86875,48904303.95,49984583.5
"(np.float64(1.0), 230, 310, np.float64(0.8500000000000001), 15)",houghCircleAlt,0.86875,61958678.69,62903991
"(np.float64(1.0), 230, 360, np.float64(0.8500000000000001), 15)",houghCircleAlt,0.86875,57596692.75,58259412
"(np.float64(1.5), 150, 380, np.float64(0.8500000000000001), 15)",houghCircleAlt,0.86875,23798170.21,24029690.5
"(np.float64(1.5), 230, 310, np.float64(0.8500000000000001), 15)",houghCircleAlt,0.86875,29626251.98,30254669.5
"(np.float64(1.5), 230, 340, np.float64(0.8500000000000001), 15)",houghCircleAlt,0.86875,27348245.74,27929401
"(np.float64(1.5), 230, 350, np.float64(0.8500000000000001), 15)",houghCircleAlt,0.86875,29634679.96,30346420
"(np.float64(1.0), 140, 320, np.float64(0.8500000000000001), 15)",houghCircleAlt,0.866666667,45969252.21,46858760.5
"(np.float64(1.0), 140, 330, np.float64(0.8500000000000001), 15)",houghCircleAlt,0.866666667,45832648.17,46559608
"(np.float64(1.0), 150, 310, np.float64(0.8500000000000001), 15)",houghCircleAlt,0.866666667,47739781.42,48598017.5
"(np.float64(1.0), 150, 350, np.float64(0.8500000000000001), 15)",houghCircleAlt,0.866666667,46874339.75,47645044
"(np.float64(1.0), 150, 360, np.float64(0.8500000000000001), 15)",houghCircleAlt,0.866666667,46084103.5,46573995
"(np.float64(1.0), 230, 370, np.float64(0.8500000000000001), 15)",houghCircleAlt,0.866666667,57831249.55,58062228
"(np.float64(1.5), 150, 350, np.float64(0.8500000000000001), 15)",houghCircleAlt,0.866666667,25339916.23,25999797
"(np.float64(1.5), 150, 390, np.float64(0.8500000000000001), 15)",houghCircleAlt,0.866666667,24868663.29,24989656.5
"(np.float64(1.5), 160, 300, np.float64(0.8500000000000001), 15)",houghCircleAlt,0.866666667,26518361.43,27347201
"(np.float64(1.5), 160, 310, np.float64(0.8500000000000001), 15)",houghCircleAlt,0.866666667,26675646.38,27242131.5
"(np.float64(1.5), 160, 320, np.float64(0.8500000000000001), 15)",houghCircleAlt,0.866666667,27224192.68,27434678
"(np.float64(1.5), 230, 360, np.float64(0.8500000000000001), 15)",houghCircleAlt,0.866666667,29348080.36,29570715
"(np.float64(1.5), 230, 370, np.float64(0.8500000000000001), 15)",houghCircleAlt,0.866666667,29297389.17,29769128.5
"(np.float64(1.5), 230, 390, np.float64(0.8500000000000001), 15)",houghCircleAlt,0.866666667,29014719.69,29489318
"(np.float64(1.5), 240, 300, np.float64(0.9000000000000001), 15)",houghCircleAlt,0.866666667,28267495.9,28878818.5
"(np.float64(1.5), 240, 310, np.float64(0.9000000000000001), 15)",houghCircleAlt,0.866666667,29615967.03,30355152
"(np.float64(1.5), 240, 320, np.float64(0.9000000000000001), 15)",houghCircleAlt,0.866666667,30875447.18,31838420
"(np.float64(1.5), 240, 330, np.float64(0.9000000000000001), 15)",houghCircleAlt,0.866666667,29012733.19,29436824.5
"(np.float64(1.5), 240, 340, np.float64(0.9000000000000001), 15)",houghCircleAlt,0.866666667,30259059.73,31025129.5
"(np.float64(1.0), 140, 310, np.float64(0.8500000000000001), 15)",houghCircleAlt,0.864583333,46365734.87,47254045.5
"(np.float64(1.0), 140, 340, np.float64(0.8500000000000001), 15)",houghCircleAlt,0.864583333,45054331.05,45930688.5
"(np.float64(1.0), 150, 370, np.float64(0.8500000000000001), 15)",houghCircleAlt,0.864583333,46469736.42,46818267.5
"(np.float64(1.0), 150, 380, np.float64(0.8500000000000001), 15)",houghCircleAlt,0.864583333,46028743.92,46567642.5
"(np.float64(1.5), 150, 340, np.float64(0.8500000000000001), 15)",houghCircleAlt,0.864583333,26039583.76,26233194
"(np.float64(1.5), 150, 370, np.float64(0.8500000000000001), 15)",houghCircleAlt,0.864583333,26973331.3,27666883.5
"(np.float64(1.5), 240, 350, np.float64(0.9000000000000001), 15)",houghCircleAlt,0.864583333,27453280.19,27676417.5
"(np.float64(1.5), 240, 360, np.float64(0.9000000000000001), 15)",houghCircleAlt,0.864583333,28698300.14,29047024
"(np.float64(1.0), 140, 350, np.float64(0.8500000000000001), 15)",houghCircleAlt,0.8625,45405507.88,46042974
"(np.float64(1.0), 140, 360, np.float64(0.8500000000000001), 15)",houghCircleAlt,0.8625,45356856.88,45884417
"(np.float64(1.0), 150, 300, np.float64(0.8500000000000001), 15)",houghCircleAlt,0.8625,48694358.63,49814376.5
"(np.float64(1.0), 150, 390, np.float64(0.8500000000000001), 15)",houghCircleAlt,0.8625,46098399.53,46665902
"(np.float64(1.0), 230, 380, np.float64(0.8500000000000001), 15)",houghCircleAlt,0.8625,56599470.73,56817777
"(np.float64(1.5), 140, 380, np.float64(0.8500000000000001), 15)",houghCircleAlt,0.8625,24908426,25057689.5
"(np.float64(1.5), 150, 360, np.float64(0.8500000000000001), 15)",houghCircleAlt,0.8625,24870194.46,25063290.5
"(np.float64(1.5), 200, 320, np.float64(0.9000000000000001), 10)",houghCircleAlt,0.8625,29913228.77,30533301
"(np.float64(1.5), 240, 370, np.float64(0.9000000000000001), 15)",houghCircleAlt,0.8625,29582632.46,30192628
"(np.float64(1.5), 240, 380, np.float64(0.9000000000000001), 15)",houghCircleAlt,0.8625,27181478.35,27407752.5
"(np.float64(1.0), 140, 300, np.float64(0.8500000000000001), 15)",houghCircleAlt,0.860416667,46943030.25,48144926
"(np.float64(1.0), 140, 370, np.float64(0.8500000000000001), 15)",houghCircleAlt,0.860416667,45139240.4,45690030.5
"(np.float64(1.0), 140, 380, np.float64(0.8500000000000001), 15)",houghCircleAlt,0.860416667,44803479.28,45249480
"(np.float64(1.0), 240, 300, np.float64(0.9000000000000001), 15)",houghCircleAlt,0.860416667,60382755.63,61099710.5
"(np.float64(1.0), 240, 330, np.float64(0.9000000000000001), 15)",houghCircleAlt,0.860416667,59178936.72,59672167.5
"(np.float64(1.5), 130, 380, np.float64(0.8500000000000001), 15)",houghCircleAlt,0.860416667,24014707.67,24046541.5
"(np.float64(1.5), 140, 340, np.float64(0.8500000000000001), 15)",houghCircleAlt,0.860416667,25115089.21,25570581.5
"(np.float64(1.5), 140, 350, np.float64(0.8500000000000001), 15)",houghCircleAlt,0.860416667,25420466.71,25749828
"(np.float64(1.5), 140, 390, np.float64(0.8500000000000001), 15)",houghCircleAlt,0.860416667,25185545.87,25407776.5
"(np.float64(1.5), 150, 300, np.float64(0.8500000000000001), 15)",houghCircleAlt,0.860416667,24873791.36,25786306.5
"(np.float64(1.5), 150, 310, np.float64(0.8500000000000001), 15)",houghCircleAlt,0.860416667,26866401.11,27421123
"(np.float64(1.5), 150, 330, np.float64(0.8500000000000001), 15)",houghCircleAlt,0.860416667,24566246.3,25165341.5
"(np.float64(1.5), 180, 320, np.float64(0.9000000000000001), 10)",houghCircleAlt,0.860416667,27860845.81,28525472
"(np.float64(1.5), 190, 320, np.float64(0.9000000000000001), 10)",houghCircleAlt,0.860416667,27338552.04,28161888.5
"(np.float64(1.5), 200, 300, np.float64(0.9000000000000001), 10)",houghCircleAlt,0.860416667,29759724.79,30604570.5
"(np.float64(1.5), 200, 310, np.float64(0.9000000000000001), 10)",houghCircleAlt,0.860416667,29856954.49,30569038
"(np.float64(1.5), 210, 320, np.float64(0.9000000000000001), 10)",houghCircleAlt,0.860416667,27984178.71,28762816.5
"(np.float64(1.0), 130, 320, np.float64(0.8500000000000001), 15)",houghCircleAlt,0.858333333,45117377.56,46036116.5
"(np.float64(1.0), 130, 330, np.float64(0.8500000000000001), 15)",houghCircleAlt,0.858333333,44383788.27,45284540
"(np.float64(1.0), 140, 390, np.float64(0.8500000000000001), 15)",houghCircleAlt,0.858333333,44791759.12,45331343.5
"(np.float64(1.0), 230, 390, np.float64(0.8500000000000001), 15)",houghCircleAlt,0.858333333,57616473.44,57822256.5
"(np.float64(1.0), 240, 310, np.float64(0.9000000000000001), 15)",houghCircleAlt,0.858333333,62883375.83,63647049.5
"(np.float64(1.0), 240, 320, np.float64(0.9000000000000001), 15)",houghCircleAlt,0.858333333,60021980.44,60506391
"(np.float64(1.0), 240, 340, np.float64(0.9000000000000001), 15)",houghCircleAlt,0.858333333,59535662.13,59955840
"(np.float64(1.0), 240, 350, np.float64(0.9000000000000001), 15)",houghCircleAlt,0.858333333,58524713.74,59180646.5
"(np.float64(1.5), 130, 390, np.float64(0.8500000000000001), 15)",houghCircleAlt,0.858333333,23921760.36,24113613.5
"(np.float64(1.5), 140, 370, np.float64(0.8500000000000001), 15)",houghCircleAlt,0.858333333,25061961.42,25642616
"(np.float64(1.5), 170, 320, np.float64(0.9000000000000001), 10)",houghCircleAlt,0.858333333,27733355.26,28198452
"(np.float64(1.5), 180, 300, np.float64(0.9000000000000001), 10)",houghCircleAlt,0.858333333,29740694.7,30660740.5
"(np.float64(1.5), 180, 310, np.float64(0.9000000000000001), 10)",houghCircleAlt,0.858333333,29232939.66,29939894.5
"(np.float64(1.5), 180, 330, np.float64(0.9000000000000001), 10)",houghCircleAlt,0.858333333,29685608.95,30448762.5
"(np.float64(1.5), 190, 300, np.float64(0.9000000000000001), 10)",houghCircleAlt,0.858333333,29226545.97,30148950.5
"(np.float64(1.5), 190, 310, np.float64(0.9000000000000001), 10)",houghCircleAlt,0.858333333,29801319.91,30714482
"(np.float64(1.5), 190, 330, np.float64(0.9000000000000001), 10)",houghCircleAlt,0.858333333,29290574.74,30165576
"(np.float64(1.5), 200, 330, np.float64(0.9000000000000001), 10)",houghCircleAlt,0.858333333,29142804.85,29779021
"(np.float64(1.5), 210, 300, np.float64(0.9000000000000001), 10)",houghCircleAlt,0.858333333,30337477.48,31073725.5
"(np.float64(1.5), 210, 310, np.float64(0.9000000000000001), 10)",houghCircleAlt,0.858333333,30544037.21,31615928
"(np.float64(1.5), 240, 390, np.float64(0.9000000000000001), 15)",houghCircleAlt,0.858333333,29400718.09,29560081
"(np.float64(1.0), 130, 340, np.float64(0.8500000000000001), 15)",houghCircleAlt,0.85625,44454128.63,45463041
"(np.float64(1.0), 130, 370, np.float64(0.8500000000000001), 15)",houghCircleAlt,0.85625,43700258.66,44449930
"(np.float64(1.0), 130, 380, np.float64(0.8500000000000001), 15)",houghCircleAlt,0.85625,43797669.72,44247586
"(np.float64(1.5), 140, 310, np.float64(0.8500000000000001), 15)",houghCircleAlt,0.85625,25899047.78,26731971
"(np.float64(1.5), 140, 330, np.float64(0.8500000000000001), 15)",houghCircleAlt,0.85625,25372253.19,26039081
"(np.float64(1.5), 140, 360, np.float64(0.8500000000000001), 15)",houghCircleAlt,0.85625,24958302.64,25302364
"(np.float64(1.5), 150, 320, np.float64(0.8500000000000001), 15)",houghCircleAlt,0.85625,27616651.95,28374190.5
"(np.float64(1.5), 160, 320, np.float64(0.9000000000000001), 10)",houghCircleAlt,0.85625,27957259.31,28574171
"(np.float64(1.5), 170, 300, np.float64(0.9000000000000001), 10)",houghCircleAlt,0.85625,28203187.07,29130279.5
"(np.float64(1.5), 170, 310, np.float64(0.9000000000000001), 10)",houghCircleAlt,0.85625,28074315.77,28728886.5
"(np.float64(1.5), 170, 330, np.float64(0.9000000000000001), 10)",houghCircleAlt,0.85625,29767616.63,30674307.5
"(np.float64(1.5), 180, 340, np.float64(0.9000000000000001), 10)",houghCircleAlt,0.85625,27736696.43,28523190
"(np.float64(1.5), 190, 340, np.float64(0.9000000000000001), 10)",houghCircleAlt,0.85625,28217535.9,28729069.5
"(np.float64(1.5), 200, 340, np.float64(0.9000000000000001), 10)",houghCircleAlt,0.85625,27232425.26,27873551.5
"(np.float64(1.5), 210, 330, np.float64(0.9000000000000001), 10)",houghCircleAlt,0.85625,30071983.98,30892861.5
"(np.float64(1.0), 130, 310, np.float64(0.8500000000000001), 15)",houghCircleAlt,0.854166667,44508900.86,45500410.5
"(np.float64(1.0), 130, 360, np.float64(0.8500000000000001), 15)",houghCircleAlt,0.854166667,43940114.28,44544618
"(np.float64(1.0), 130, 390, np.float64(0.8500000000000001), 15)",houghCircleAlt,0.854166667,43364083.77,43548579
"(np.float64(1.0), 200, 310, np.float64(0.9000000000000001), 10)",houghCircleAlt,0.854166667,56125615.55,57279634
"(np.float64(1.0), 200, 320, np.float64(0.9000000000000001), 10)",houghCircleAlt,0.854166667,55814194.09,56861345
"(np.float64(1.0), 200, 340, np.float64(0.9000000000000001), 10)",houghCircleAlt,0.854166667,54990328.16,55822163.5
"(np.float64(1.0), 240, 360, np.float64(0.9000000000000001), 15)",houghCircleAlt,0.854166667,62478788.34,63138731.5
"(np.float64(1.0), 240, 370, np.float64(0.9000000000000001), 15)",houghCircleAlt,0.854166667,58458876.63,58900269.5
"(np.float64(1.5), 120, 380, np.float64(0.8500000000000001), 15)",houghCircleAlt,0.854166667,22800411.03,23412431.5
"(np.float64(1.5), 130, 340, np.float64(0.8500000000000001), 15)",houghCircleAlt,0.854166667,25676076.6,25811308
"(np.float64(1.5), 130, 370, np.float64(0.8500000000000001), 15)",houghCircleAlt,0.854166667,24826197.97,25210224.5
"(np.float64(1.5), 140, 300, np.float64(0.8500000000000001), 15)",houghCircleAlt,0.854166667,24614614,25172309
"(np.float64(1.5), 160, 300, np.float64(0.9000000000000001), 10)",houghCircleAlt,0.854166667,28105188.12,29105343.5
"(np.float64(1.5), 160, 310, np.float64(0.9000000000000001), 10)",houghCircleAlt,0.854166667,29203613.45,30227739.5
"(np.float64(1.5), 160, 330, np.float64(0.9000000000000001), 10)",houghCircleAlt,0.854166667,26192836.17,26950700.5
"(np.float64(1.5), 170, 340, np.float64(0.9000000000000001), 10)",houghCircleAlt,0.854166667,27559345.07,28056726
"(np.float64(1.5), 180, 360, np.float64(0.9000000000000001), 10)",houghCircleAlt,0.854166667,27622966.43,28334337.5
"(np.float64(1.5), 180, 370, np.float64(0.9000000000000001), 10)",houghCircleAlt,0.854166667,27034342.06,27442463
"(np.float64(1.5), 210, 340, np.float64(0.9000000000000001), 10)",houghCircleAlt,0.854166667,29055278.5,29806809
"(np.float64(1.0), 130, 300, np.float64(0.8500000000000001), 15)",houghCircleAlt,0.852083333,45458897.02,46519032
"(np.float64(1.0), 130, 350, np.float64(0.8500000000000001), 15)",houghCircleAlt,0.852083333,43943223.37,44692716
"(np.float64(1.0), 180, 310, np.float64(0.9000000000000001), 10)",houghCircleAlt,0.852083333,53847701.88,54894279.5
"(np.float64(1.0), 180, 320, np.float64(0.9000000000000001), 10)",houghCircleAlt,0.852083333,52942881,54076249.5
"(np.float64(1.0), 190, 310, np.float64(0.9000000000000001), 10)",houghCircleAlt,0.852083333,53848478.98,55304508.5
"(np.float64(1.0), 190, 320, np.float64(0.9000000000000001), 10)",houghCircleAlt,0.852083333,54008402.23,55088824.5
"(np.float64(1.0), 200, 300, np.float64(0.9000000000000001), 10)",houghCircleAlt,0.852083333,56198154.93,57078386.5
"(np.float64(1.0), 200, 330, np.float64(0.9000000000000001), 10)",houghCircleAlt,0.852083333,55014987.99,56152811
"(np.float64(1.0), 200, 350, np.float64(0.9000000000000001), 10)",houghCircleAlt,0.852083333,54644442.67,55508686.5
"(np.float64(1.0), 200, 360, np.float64(0.9000000000000001), 10)",houghCircleAlt,0.852083333,54521599.15,55303869
"(np.float64(1.0), 210, 310, np.float64(0.9000000000000001), 10)",houghCircleAlt,0.852083333,57236860.55,58668185
"(np.float64(1.0), 210, 320, np.float64(0.9000000000000001), 10)",houghCircleAlt,0.852083333,56965404.13,57730595
"(np.float64(1.0), 240, 380, np.float64(0.9000000000000001), 15)",houghCircleAlt,0.852083333,58514739.71,58534509.5
"(np.float64(1.5), 110, 380, np.float64(0.8500000000000001), 15)",houghCircleAlt,0.852083333,22585808.72,23084823
"(np.float64(1.5), 120, 390, np.float64(0.8500000000000001), 15)",houghCircleAlt,0.852083333,24293591.85,24635753
"(np.float64(1.5), 130, 300, np.float64(0.8500000000000001), 15)",houghCircleAlt,0.852083333,24470703.57,25315152
"(np.float64(1.5), 130, 330, np.float64(0.8500000000000001), 15)",houghCircleAlt,0.852083333,25825890.37,26157548
"(np.float64(1.5), 130, 350, np.float64(0.8500000000000001), 15)",houghCircleAlt,0.852083333,23487884.8,23933676
"(np.float64(1.5), 140, 320, np.float64(0.8500000000000001), 15)",houghCircleAlt,0.852083333,25797719.88,26512679
"(np.float64(1.5), 160, 340, np.float64(0.9000000000000001), 10)",houghCircleAlt,0.852083333,27313244.32,28056376
"(np.float64(1.5), 180, 350, np.float64(0.9000000000000001), 10)",houghCircleAlt,0.852083333,27366368.71,27915200.5
"(np.float64(1.5), 190, 350, np.float64(0.9000000000000001), 10)",houghCircleAlt,0.852083333,27855768.51,28351183.5
"(np.float64(1.5), 190, 360, np.float64(0.9000000000000001), 10)",houghCircleAlt,0.852083333,28079547.41,28671339
"(np.float64(1.5), 190, 370, np.float64(0.9000000000000001), 10)",houghCircleAlt,0.852083333,27572675.5,28128230
"(np.float64(1.5), 200, 350, np.float64(0.9000000000000001), 10)",houghCircleAlt,0.852083333,29076484.45,29614934
"(np.float64(1.5), 200, 360, np.float64(0.9000000000000001), 10)",houghCircleAlt,0.852083333,28634953.42,29108467.5
"(np.float64(1.5), 200, 370, np.float64(0.9000000000000001), 10)",houghCircleAlt,0.852083333,26860918.18,27394178
"(np.float64(1.5), 200, 380, np.float64(0.9000000000000001), 10)",houghCircleAlt,0.852083333,28785007.33,29093420.5
"(np.float64(1.5), 200, 390, np.float64(0.9000000000000001), 10)",houghCircleAlt,0.852083333,26490411.19,26646842
"(np.float64(1.0), 180, 300, np.float64(0.9000000000000001), 10)",houghCircleAlt,0.85,53412797.34,54648969
"(np.float64(1.0), 180, 340, np.float64(0.9000000000000001), 10)",houghCircleAlt,0.85,52248326.71,53054036.5
"(np.float64(1.0), 180, 360, np.float64(0.9000000000000001), 10)",houghCircleAlt,0.85,51987897.35,52766722
"(np.float64(1.0), 190, 300, np.float64(0.9000000000000001), 10)",houghCircleAlt,0.85,54651178.36,55793992.5
"(np.float64(1.0), 190, 340, np.float64(0.9000000000000001), 10)",houghCircleAlt,0.85,52494263.24,53209834.5
"(np.float64(1.0), 190, 360, np.float64(0.9000000000000001), 10)",houghCircleAlt,0.85,52190725.86,52681517
"(np.float64(1.0), 200, 380, np.float64(0.9000000000000001), 10)",houghCircleAlt,0.85,54231094.13,54737050
"(np.float64(1.0), 200, 390, np.float64(0.9000000000000001), 10)",houghCircleAlt,0.85,53516527.95,54181977.5
"(np.float64(1.0), 210, 300, np.float64(0.9000000000000001), 10)",houghCircleAlt,0.85,57449534.15,58661075.5
"(np.float64(1.0), 210, 340, np.float64(0.9000000000000001), 10)",houghCircleAlt,0.85,56127861.87,57032681.5
"(np.float64(1.0), 240, 390, np.float64(0.9000000000000001), 15)",houghCircleAlt,0.85,57650618.63,57863890.5
"(np.float64(1.5), 110, 390, np.float64(0.8500000000000001), 15)",houghCircleAlt,0.85,25635748.93,25970547.5
"(np.float64(1.5), 130, 310, np.float64(0.8500000000000001), 15)",houghCircleAlt,0.85,26046600.49,26788170.5
"(np.float64(1.5), 130, 360, np.float64(0.8500000000000001), 15)",houghCircleAlt,0.85,24624338.94,24910373.5
"(np.float64(1.5), 150, 300, np.float64(0.9000000000000001), 10)",houghCircleAlt,0.85,27360147.65,28152465.5
"(np.float64(1.5), 150, 320, np.float64(0.9000000000000001), 10)",houghCircleAlt,0.85,26793841.89,27689813.5
"(np.float64(1.5), 150, 330, np.float64(0.9000000000000001), 10)",houghCircleAlt,0.85,27112494.58,27871172.5
"(np.float64(1.5), 170, 350, np.float64(0.9000000000000001), 10)",houghCircleAlt,0.85,26007538.53,26366650
"(np.float64(1.5), 180, 380, np.float64(0.9000000000000001), 10)",houghCircleAlt,0.85,28848343.13,29654878
"(np.float64(1.5), 180, 390, np.float64(0.9000000000000001), 10)",houghCircleAlt,0.85,27886892.73,28189174
"(np.float64(1.5), 190, 380, np.float64(0.9000000000000001), 10)",houghCircleAlt,0.85,28429262.2,28642840
"(np.float64(1.5), 190, 390, np.float64(0.9000000000000001), 10)",houghCircleAlt,0.85,27825440.21,28137642.5
"(np.float64(1.5), 210, 350, np.float64(0.9000000000000001), 10)",houghCircleAlt,0.85,28518916.26,29044810.5
"(np.float64(1.5), 220, 320, np.float64(0.9000000000000001), 10)",houghCircleAlt,0.85,28632810.09,29191519
"(np.float64(1.0), 120, 370, np.float64(0.8500000000000001), 15)",houghCircleAlt,0.847916667,43302830.75,43748559
"(np.float64(1.0), 120, 380, np.float64(0.8500000000000001), 15)",houghCircleAlt,0.847916667,42250503.47,42948588.5
"(np.float64(1.0), 180, 330, np.float64(0.9000000000000001), 10)",houghCircleAlt,0.847916667,53407642.18,54382494
"(np.float64(1.0), 180, 350, np.float64(0.9000000000000001), 10)",houghCircleAlt,0.847916667,51612152.63,52308609
"(np.float64(1.0), 190, 330, np.float64(0.9000000000000001), 10)",houghCircleAlt,0.847916667,54736596.68,55770402.5
"(np.float64(1.0), 190, 350, np.float64(0.9000000000000001), 10)",houghCircleAlt,0.847916667,54428016.28,55039246.5
"(np.float64(1.0), 190, 380, np.float64(0.9000000000000001), 10)",houghCircleAlt,0.847916667,52849751.53,53478153
"(np.float64(1.0), 190, 390, np.float64(0.9000000000000001), 10)",houghCircleAlt,0.847916667,52705853.78,53292328.5
"(np.float64(1.0), 200, 370, np.float64(0.9000000000000001), 10)",houghCircleAlt,0.847916667,54218739.27,55156356
"(np.float64(1.0), 210, 330, np.float64(0.9000000000000001), 10)",houghCircleAlt,0.847916667,56286198.4,57286597.5
"(np.float64(1.0), 220, 310, np.float64(0.9000000000000001), 10)",houghCircleAlt,0.847916667,58432674.31,59556471
"(np.float64(1.0), 220, 320, np.float64(0.9000000000000001), 10)",houghCircleAlt,0.847916667,58311007.1,59151395.5
"(np.float64(1.5), 100, 380, np.float64(0.8500000000000001), 15)",houghCircleAlt,0.847916667,23190107.67,23609543
"(np.float64(1.5), 110, 310, np.float64(0.9000000000000001), 10)",houghCircleAlt,0.847916667,24866317.51,25633515
"(np.float64(1.5), 110, 320, np.float64(0.9000000000000001), 10)",houghCircleAlt,0.847916667,25801158.28,26409577.5
"(np.float64(1.5), 120, 370, np.float64(0.8500000000000001), 15)",houghCircleAlt,0.847916667,23695126.79,24012610
"(np.float64(1.5), 130, 320, np.float64(0.8500000000000001), 15)",houghCircleAlt,0.847916667,25985492.16,26346087.5
"(np.float64(1.5), 130, 320, np.float64(0.9000000000000001), 10)",houghCircleAlt,0.847916667,26071991.82,26688569.5
"(np.float64(1.5), 140, 320, np.float64(0.9000000000000001), 10)",houghCircleAlt,0.847916667,25838133.21,26871576.5
"(np.float64(1.5), 150, 310, np.float64(0.9000000000000001), 10)",houghCircleAlt,0.847916667,27185165.45,27973302.5
"(np.float64(1.5), 150, 340, np.float64(0.9000000000000001), 10)",houghCircleAlt,0.847916667,26440811.99,26791666.5
"(np.float64(1.5), 150, 350, np.float64(0.9000000000000001), 10)",houghCircleAlt,0.847916667,26584610.02,26922077.5
"(np.float64(1.5), 160, 350, np.float64(0.9000000000000001), 10)",houghCircleAlt,0.847916667,27993196.64,28806652.5
"(np.float64(1.5), 170, 360, np.float64(0.9000000000000001), 10)",houghCircleAlt,0.847916667,27347165.01,27945497.5
"(np.float64(1.5), 170, 370, np.float64(0.9000000000000001), 10)",houghCircleAlt,0.847916667,27468985.35,27706119
"(np.float64(1.5), 210, 360, np.float64(0.9000000000000001), 10)",houghCircleAlt,0.847916667,28793667.5,29173180
"(np.float64(1.5), 210, 370, np.float64(0.9000000000000001), 10)",houghCircleAlt,0.847916667,27220413.88,27789645
"(np.float64(1.5), 210, 380, np.float64(0.9000000000000001), 10)",houghCircleAlt,0.847916667,28796968.62,29384777.5
"(np.float64(1.5), 210, 390, np.float64(0.9000000000000001), 10)",houghCircleAlt,0.847916667,28834361.17,29179717
"(np.float64(1.5), 220, 300, np.float64(0.9000000000000001), 10)",houghCircleAlt,0.847916667,30652452.58,31788822.5
"(np.float64(1.5), 220, 310, np.float64(0.9000000000000001), 10)",houghCircleAlt,0.847916667,31499347.94,32142527
"(np.float64(1.0), 110, 370, np.float64(0.8500000000000001), 15)",houghCircleAlt,0.845833333,42073022.11,42715531.5
"(np.float64(1.0), 110, 380, np.float64(0.8500000000000001), 15)",houghCircleAlt,0.845833333,43011223.34,43707777.5
"(np.float64(1.0), 120, 330, np.float64(0.8500000000000001), 15)",houghCircleAlt,0.845833333,43569872.1,44501617.5
"(np.float64(1.0), 120, 340, np.float64(0.8500000000000001), 15)",houghCircleAlt,0.845833333,42979039.1,43965025
"(np.float64(1.0), 120, 360, np.float64(0.8500000000000001), 15)",houghCircleAlt,0.845833333,42576142.6,43450971
"(np.float64(1.0), 120, 390, np.float64(0.8500000000000001), 15)",houghCircleAlt,0.845833333,42710046.89,43243511.5
"(np.float64(1.0), 170, 310, np.float64(0.9000000000000001), 10)",houghCircleAlt,0.845833333,51640120.79,52682438.5
"(np.float64(1.0), 170, 320, np.float64(0.9000000000000001), 10)",houghCircleAlt,0.845833333,51443177.84,52496255.5
"(np.float64(1.0), 180, 370, np.float64(0.9000000000000001), 10)",houghCircleAlt,0.845833333,50509107.34,51327737.5
"(np.float64(1.0), 190, 370, np.float64(0.9000000000000001), 10)",houghCircleAlt,0.845833333,53939578.61,54689551
"(np.float64(1.0), 210, 350, np.float64(0.9000000000000001), 10)",houghCircleAlt,0.845833333,56032126.68,56803411
"(np.float64(1.0), 210, 360, np.float64(0.9000000000000001), 10)",houghCircleAlt,0.845833333,56601144.54,57044473.5
"(np.float64(1.0), 220, 300, np.float64(0.9000000000000001), 10)",houghCircleAlt,0.845833333,58770259.75,59784871.5
"(np.float64(1.0), 220, 330, np.float64(0.9000000000000001), 10)",houghCircleAlt,0.845833333,58718849.12,59292409.5
"(np.float64(1.0), 220, 340, np.float64(0.9000000000000001), 10)",houghCircleAlt,0.845833333,58075252.86,58609268.5
"(np.float64(1.5), 100, 310, np.float64(0.9000000000000001), 10)",houghCircleAlt,0.845833333,24448217.31,25371899
"(np.float64(1.5), 100, 320, np.float64(0.9000000000000001), 10)",houghCircleAlt,0.845833333,25515881.24,26094956
"(np.float64(1.5), 100, 330, np.float64(0.9000000000000001), 10)",houghCircleAlt,0.845833333,26209971.66,26853002
"(np.float64(1.5), 100, 390, np.float64(0.8500000000000001), 15)",houghCircleAlt,0.845833333,23232754.05,23372387.5
"(np.float64(1.5), 110, 330, np.float64(0.9000000000000001), 10)",houghCircleAlt,0.845833333,27259235.04,28353772
"(np.float64(1.5), 110, 340, np.float64(0.8500000000000001), 15)",houghCircleAlt,0.845833333,25841591.79,26123999.5
"(np.float64(1.5), 110, 350, np.float64(0.8500000000000001), 15)",houghCircleAlt,0.845833333,24342615.31,24712321
"(np.float64(1.5), 110, 370, np.float64(0.8500000000000001), 15)",houghCircleAlt,0.845833333,22857034.56,23463669.5
"(np.float64(1.5), 120, 310, np.float64(0.9000000000000001), 10)",houghCircleAlt,0.845833333,28560219.56,29425468.5
"(np.float64(1.5), 120, 320, np.float64(0.9000000000000001), 10)",houghCircleAlt,0.845833333,27681738.76,28388068
"(np.float64(1.5), 120, 340, np.float64(0.8500000000000001), 15)",houghCircleAlt,0.845833333,24773072.09,25223516.5
"(np.float64(1.5), 120, 350, np.float64(0.8500000000000001), 15)",houghCircleAlt,0.845833333,23273199.89,23568205
"(np.float64(1.5), 130, 300, np.float64(0.9000000000000001), 10)",houghCircleAlt,0.845833333,26923102.58,27499130
"(np.float64(1.5), 130, 310, np.float64(0.9000000000000001), 10)",houghCircleAlt,0.845833333,25496776.59,26392645
"(np.float64(1.5), 130, 330, np.float64(0.9000000000000001), 10)",houghCircleAlt,0.845833333,25054487.75,25707223
"(np.float64(1.5), 140, 300, np.float64(0.9000000000000001), 10)",houghCircleAlt,0.845833333,28080357.42,28675818
"(np.float64(1.5), 140, 310, np.float64(0.9000000000000001), 10)",houghCircleAlt,0.845833333,27629892.24,28427026
"(np.float64(1.5), 140, 330, np.float64(0.9000000000000001), 10)",houghCircleAlt,0.845833333,25305575.86,26119676.5
"(np.float64(1.5), 140, 340, np.float64(0.9000000000000001), 10)",houghCircleAlt,0.845833333,27122310.8,27604861
"(np.float64(1.5), 140, 350, np.float64(0.9000000000000001), 10)",houghCircleAlt,0.845833333,25785605.36,26343151.5
"(np.float64(1.5), 160, 360, np.float64(0.9000000000000001), 10)",houghCircleAlt,0.845833333,26964516.31,27522232
"(np.float64(1.5), 160, 370, np.float64(0.9000000000000001), 10)",houghCircleAlt,0.845833333,25480618.53,26145156.5
"(np.float64(1.5), 160, 390, np.float64(0.9000000000000001), 10)",houghCircleAlt,0.845833333,27314102.41,27598686
"(np.float64(1.5), 170, 390, np.float64(0.9000000000000001), 10)",houghCircleAlt,0.845833333,26865591.37,26972336.5
"(np.float64(1.5), 220, 330, np.float64(0.9000000000000001), 10)",houghCircleAlt,0.845833333,30230786.81,30814329.5
"(np.float64(1.0), 110, 330, np.float64(0.8500000000000001), 15)",houghCircleAlt,0.84375,42563641.35,43763396.5
"(np.float64(1.0), 110, 340, np.float64(0.8500000000000001), 15)",houghCircleAlt,0.84375,41268790.58,42002282.5
"(np.float64(1.0), 110, 360, np.float64(0.8500000000000001), 15)",houghCircleAlt,0.84375,40958651.64,41677955
"(np.float64(1.0), 120, 320, np.float64(0.8500000000000001), 15)",houghCircleAlt,0.84375,43256082.67,44414053
"(np.float64(1.0), 120, 350, np.float64(0.8500000000000001), 15)",houghCircleAlt,0.84375,43482183.43,43817858.5
"(np.float64(1.0), 160, 300, np.float64(0.9000000000000001), 10)",houghCircleAlt,0.84375,50717986.63,51818309
"(np.float64(1.0), 160, 310, np.float64(0.9000000000000001), 10)",houghCircleAlt,0.84375,50131297.28,51354723.5
"(np.float64(1.0), 160, 320, np.float64(0.9000000000000001), 10)",houghCircleAlt,0.84375,50508603.25,51325559.5
"(np.float64(1.0), 170, 300, np.float64(0.9000000000000001), 10)",houghCircleAlt,0.84375,52067791.55,53104246.5
"(np.float64(1.0), 170, 340, np.float64(0.9000000000000001), 10)",houghCircleAlt,0.84375,50781363.61,51418003
"(np.float64(1.0), 170, 360, np.float64(0.9000000000000001), 10)",houghCircleAlt,0.84375,50534014.36,51045764.5
"(np.float64(1.0), 180, 380, np.float64(0.9000000000000001), 10)",houghCircleAlt,0.84375,51381276,51609601.5
"(np.float64(1.0), 180, 390, np.float64(0.9000000000000001), 10)",houghCircleAlt,0.84375,50710850.89,51275751
"(np.float64(1.0), 210, 380, np.float64(0.9000000000000001), 10)",houghCircleAlt,0.84375,55697098.71,55936986
"(np.float64(1.0), 210, 390, np.float64(0.9000000000000001), 10)",houghCircleAlt,0.84375,54715870.21,55260926.5
"(np.float64(1.5), 100, 340, np.float64(0.9000000000000001), 10)",houghCircleAlt,0.84375,26435073.84,27287889
"(np.float64(1.5), 100, 350, np.float64(0.9000000000000001), 10)",houghCircleAlt,0.84375,25478047.88,26109723
"(np.float64(1.5), 100, 370, np.float64(0.8500000000000001), 15)",houghCircleAlt,0.84375,24617278.5,24877932.5
"(np.float64(1.5), 110, 300, np.float64(0.9000000000000001), 10)",houghCircleAlt,0.84375,27418508.51,27731341
"(np.float64(1.5), 110, 330, np.float64(0.8500000000000001), 15)",houghCircleAlt,0.84375,25515409.28,25968677.5
"(np.float64(1.5), 110, 340, np.float64(0.9000000000000001), 10)",houghCircleAlt,0.84375,25585057.47,26226722.5
"(np.float64(1.5), 110, 350, np.float64(0.9000000000000001), 10)",houghCircleAlt,0.84375,24325089.28,25019738.5
"(np.float64(1.5), 120, 330, np.float64(0.8500000000000001), 15)",houghCircleAlt,0.84375,24253238.92,24848241.5
"(np.float64(1.5), 120, 330, np.float64(0.9000000000000001), 10)",houghCircleAlt,0.84375,26045277.87,26749248
"(np.float64(1.5), 120, 360, np.float64(0.8500000000000001), 15)",houghCircleAlt,0.84375,24344252.46,24643145.5
"(np.float64(1.5), 130, 340, np.float64(0.9000000000000001), 10)",houghCircleAlt,0.84375,25469236.12,26193449.5
"(np.float64(1.5), 160, 380, np.float64(0.9000000000000001), 10)",houghCircleAlt,0.84375,26706930.8,27134150.5
"(np.float64(1.5), 170, 380, np.float64(0.9000000000000001), 10)",houghCircleAlt,0.84375,25803390.12,26330867
"(np.float64(1.5), 220, 340, np.float64(0.9000000000000001), 10)",houghCircleAlt,0.84375,30522387.87,31330216
"(np.float64(1.0), 110, 320, np.float64(0.8500000000000001), 15)",houghCircleAlt,0.841666667,41766605.36,42865623
"(np.float64(1.0), 110, 350, np.float64(0.8500000000000001), 15)",houghCircleAlt,0.841666667,42351303.1,42961862.5
"(np.float64(1.0), 110, 390, np.float64(0.8500000000000001), 15)",houghCircleAlt,0.841666667,40758152.79,41418773.5
"(np.float64(1.0), 120, 310, np.float64(0.8500000000000001), 15)",houghCircleAlt,0.841666667,44208433.59,45305895
"(np.float64(1.0), 160, 340, np.float64(0.9000000000000001), 10)",houghCircleAlt,0.841666667,48820365.14,49600898.5
"(np.float64(1.0), 170, 330, np.float64(0.9000000000000001), 10)",houghCircleAlt,0.841666667,51159469.48,52322925
"(np.float64(1.0), 170, 350, np.float64(0.9000000000000001), 10)",houghCircleAlt,0.841666667,51057087.46,52102021
"(np.float64(1.0), 210, 370, np.float64(0.9000000000000001), 10)",houghCircleAlt,0.841666667,57076005.15,57813079.5
"(np.float64(1.0), 220, 350, np.float64(0.9000000000000001), 10)",houghCircleAlt,0.841666667,58138355.26,58546250.5
"(np.float64(1.0), 220, 360, np.float64(0.9000000000000001), 10)",houghCircleAlt,0.841666667,57554711.8,58364069
"(np.float64(1.0), 230, 300, np.float64(0.9000000000000001), 10)",houghCircleAlt,0.841666667,60309623.99,61129296
"(np.float64(1.0), 230, 310, np.float64(0.9000000000000001), 10)",houghCircleAlt,0.841666667,60375704.7,61320685.5
"(np.float64(1.5), 100, 300, np.float64(0.9000000000000001), 10)",houghCircleAlt,0.841666667,27042856.27,27729197.5
"(np.float64(1.5), 100, 340, np.float64(0.8500000000000001), 15)",houghCircleAlt,0.841666667,25710191.75,26534885
"(np.float64(1.5), 100, 350, np.float64(0.8500000000000001), 15)",houghCircleAlt,0.841666667,23635381.27,24214857.5
"(np.float64(1.5), 100, 390, np.float64(0.9000000000000001), 10)",houghCircleAlt,0.841666667,24435276.21,24446246
"(np.float64(1.5), 110, 310, np.float64(0.8500000000000001), 15)",houghCircleAlt,0.841666667,24512624.97,24711500
"(np.float64(1.5), 110, 360, np.float64(0.8500000000000001), 15)",houghCircleAlt,0.841666667,24032594.12,24236282.5
"(np.float64(1.5), 110, 390, np.float64(0.9000000000000001), 10)",houghCircleAlt,0.841666667,24108043.73,24604679
"(np.float64(1.5), 120, 300, np.float64(0.8500000000000001), 15)",houghCircleAlt,0.841666667,26569035,26986949
"(np.float64(1.5), 120, 300, np.float64(0.9000000000000001), 10)",houghCircleAlt,0.841666667,26275516.78,26907646.5
"(np.float64(1.5), 120, 310, np.float64(0.8500000000000001), 15)",houghCircleAlt,0.841666667,25198109.26,25743201.5
"(np.float64(1.5), 120, 340, np.float64(0.9000000000000001), 10)",houghCircleAlt,0.841666667,25961852.17,26625224.5
"(np.float64(1.5), 120, 350, np.float64(0.9000000000000001), 10)",houghCircleAlt,0.841666667,26506012.33,26915973
"(np.float64(1.5), 130, 350, np.float64(0.9000000000000001), 10)",houghCircleAlt,0.841666667,25782976.27,26508151.5
"(np.float64(1.5), 140, 360, np.float64(0.9000000000000001), 10)",houghCircleAlt,0.841666667,25152844.43,25773437
"(np.float64(1.5), 140, 390, np.float64(0.9000000000000001), 10)",houghCircleAlt,0.841666667,26323518.98,26685758.5
"(np.float64(1.5), 150, 360, np.float64(0.9000000000000001), 10)",houghCircleAlt,0.841666667,25203796.74,25707073.5
"(np.float64(1.5), 150, 390, np.float64(0.9000000000000001), 10)",houghCircleAlt,0.841666667,25501661.58,26009508.5
"(np.float64(1.0), 120, 300, np.float64(0.8500000000000001), 15)",houghCircleAlt,0.839583333,46046604.38,47231628.5
"(np.float64(1.0), 160, 330, np.float64(0.9000000000000001), 10)",houghCircleAlt,0.839583333,49770244.44,50815222.5
"(np.float64(1.0), 160, 360, np.float64(0.9000000000000001), 10)",houghCircleAlt,0.839583333,49358207.37,50020451.5
"(np.float64(1.0), 160, 380, np.float64(0.9000000000000001), 10)",houghCircleAlt,0.839583333,48992997.95,49429541.5
"(np.float64(1.0), 160, 390, np.float64(0.9000000000000001), 10)",houghCircleAlt,0.839583333,48266732.85,48797486
"(np.float64(1.0), 170, 370, np.float64(0.9000000000000001), 10)",houghCircleAlt,0.839583333,50232397.86,51076311.5
"(np.float64(1.0), 170, 380, np.float64(0.9000000000000001), 10)",houghCircleAlt,0.839583333,51373393.84,51870631.5
"(np.float64(1.0), 170, 390, np.float64(0.9000000000000001), 10)",houghCircleAlt,0.839583333,50458578.45,51154303
"(np.float64(1.0), 220, 380, np.float64(0.9000000000000001), 10)",houghCircleAlt,0.839583333,57046981.21,57619796
"(np.float64(1.0), 230, 320, np.float64(0.9000000000000001), 10)",houghCircleAlt,0.839583333,60225351.98,61158781.5
"(np.float64(1.0), 230, 340, np.float64(0.9000000000000001), 10)",houghCircleAlt,0.839583333,59751807.24,60706262.5
"(np.float64(1.5), 100, 360, np.float64(0.9000000000000001), 10)",houghCircleAlt,0.839583333,23761487.58,24125370.5
"(np.float64(1.5), 100, 370, np.float64(0.9000000000000001), 10)",houghCircleAlt,0.839583333,24924609.81,25399696
"(np.float64(1.5), 110, 360, np.float64(0.9000000000000001), 10)",houghCircleAlt,0.839583333,23953835.42,24403708
"(np.float64(1.5), 110, 370, np.float64(0.9000000000000001), 10)",houghCircleAlt,0.839583333,26314167.42,26529550.5
"(np.float64(1.5), 120, 390, np.float64(0.9000000000000001), 10)",houghCircleAlt,0.839583333,24585429.81,24503605.5
"(np.float64(1.5), 130, 390, np.float64(0.9000000000000001), 10)",houghCircleAlt,0.839583333,25651975.98,26359291.5
"(np.float64(1.5), 150, 370, np.float64(0.9000000000000001), 10)",houghCircleAlt,0.839583333,26239433.63,26786844
"(np.float64(1.5), 150, 380, np.float64(0.9000000000000001), 10)",houghCircleAlt,0.839583333,27168037.18,27680010
"(np.float64(1.5), 220, 350, np.float64(0.9000000000000001), 10)",houghCircleAlt,0.839583333,29850532.96,30211133
"(np.float64(1.5), 230, 300, np.float64(0.9000000000000001), 10)",houghCircleAlt,0.839583333,30928497.37,32020702
"(np.float64(1.5), 230, 310, np.float64(0.9000000000000001), 10)",houghCircleAlt,0.839583333,30486717.51,31294610.5
"(np.float64(1.5), 230, 320, np.float64(0.9000000000000001), 10)",houghCircleAlt,0.839583333,28926305.3,29680654.5
"(np.float64(1.0), 100, 320, np.float64(0.8500000000000001), 15)",houghCircleAlt,0.8375,41755393.67,42458188.5
"(np.float64(1.0), 100, 330, np.float64(0.8500000000000001), 15)",houghCircleAlt,0.8375,41442667.02,42258990
"(np.float64(1.0), 100, 340, np.float64(0.8500000000000001), 15)",houghCircleAlt,0.8375,41427209.67,42233626.5
"(np.float64(1.0), 150, 300, np.float64(0.9000000000000001), 10)",houghCircleAlt,0.8375,49425058.42,50711472
"(np.float64(1.0), 150, 310, np.float64(0.9000000000000001), 10)",houghCircleAlt,0.8375,48787811.01,50029082
"(np.float64(1.0), 150, 320, np.float64(0.9000000000000001), 10)",houghCircleAlt,0.8375,48564084.83,49400608
"(np.float64(1.0), 160, 350, np.float64(0.9000000000000001), 10)",houghCircleAlt,0.8375,49258421.3,50098919.5
"(np.float64(1.0), 160, 370, np.float64(0.9000000000000001), 10)",houghCircleAlt,0.8375,48873853.35,49338941
"(np.float64(1.0), 220, 370, np.float64(0.9000000000000001), 10)",houghCircleAlt,0.8375,56998596.63,57855143.5
"(np.float64(1.0), 220, 390, np.float64(0.9000000000000001), 10)",houghCircleAlt,0.8375,56617717.45,57124002
"(np.float64(1.0), 230, 330, np.float64(0.9000000000000001), 10)",houghCircleAlt,0.8375,59572133.05,60567682.5
"(np.float64(1.5), 100, 330, np.float64(0.8500000000000001), 15)",houghCircleAlt,0.8375,22935413.5,23398095
"(np.float64(1.5), 100, 380, np.float64(0.9000000000000001), 10)",houghCircleAlt,0.8375,23961548.53,24383575
"(np.float64(1.5), 110, 300, np.float64(0.8500000000000001), 15)",houghCircleAlt,0.8375,25086056.79,25528454
"(np.float64(1.5), 110, 320, np.float64(0.8500000000000001), 15)",houghCircleAlt,0.8375,24237780.14,24772385
"(np.float64(1.5), 110, 380, np.float64(0.9000000000000001), 10)",houghCircleAlt,0.8375,25625784.68,25868846.5
"(np.float64(1.5), 120, 320, np.float64(0.8500000000000001), 15)",houghCircleAlt,0.8375,24905672.88,25379082.5
"(np.float64(1.5), 120, 360, np.float64(0.9000000000000001), 10)",houghCircleAlt,0.8375,25920207.92,26501821
"(np.float64(1.5), 120, 370, np.float64(0.9000000000000001), 10)",houghCircleAlt,0.8375,25361195.14,25767305.5
"(np.float64(1.5), 130, 360, np.float64(0.9000000000000001), 10)",houghCircleAlt,0.8375,25421786.42,25729975
"(np.float64(1.5), 130, 370, np.float64(0.9000000000000001), 10)",houghCircleAlt,0.8375,25560854.41,25760746.5
"(np.float64(1.5), 140, 370, np.float64(0.9000000000000001), 10)",houghCircleAlt,0.8375,26447548.97,26861498
"(np.float64(1.5), 140, 380, np.float64(0.9000000000000001), 10)",houghCircleAlt,0.8375,25768076.38,25914231
"(np.float64(1.5), 220, 360, np.float64(0.9000000000000001), 10)",houghCircleAlt,0.8375,29432982.06,30100070.5
"(np.float64(1.5), 220, 370, np.float64(0.9000000000000001), 10)",houghCircleAlt,0.8375,29811952.12,30056822
"(np.float64(1.5), 220, 380, np.float64(0.9000000000000001), 10)",houghCircleAlt,0.8375,28442746.13,28952246
"(np.float64(1.5), 220, 390, np.float64(0.9000000000000001), 10)",houghCircleAlt,0.8375,28436716.44,28538088
"(np.float64(1.0), 100, 350, np.float64(0.8500000000000001), 15)",houghCircleAlt,0.835416667,41644584.73,42315951
"(np.float64(1.0), 100, 370, np.float64(0.8500000000000001), 15)",houghCircleAlt,0.835416667,40919170.82,41544640
"(np.float64(1.0), 100, 380, np.float64(0.8500000000000001), 15)",houghCircleAlt,0.835416667,40176612.55,40899289.5
"(np.float64(1.0), 110, 310, np.float64(0.8500000000000001), 15)",houghCircleAlt,0.835416667,42877000.16,43712136
"(np.float64(1.0), 140, 300, np.float64(0.9000000000000001), 10)",houghCircleAlt,0.835416667,48032909.4,49374408
"(np.float64(1.0), 140, 310, np.float64(0.9000000000000001), 10)",houghCircleAlt,0.835416667,48711018.85,49614869
"(np.float64(1.0), 140, 320, np.float64(0.9000000000000001), 10)",houghCircleAlt,0.835416667,47300893.9,48360010.5
"(np.float64(1.0), 230, 350, np.float64(0.9000000000000001), 10)",houghCircleAlt,0.835416667,58796647.35,59527882
"(np.float64(1.5), 100, 360, np.float64(0.8500000000000001), 15)",houghCircleAlt,0.835416667,23959720.83,24351060
"(np.float64(1.5), 120, 380, np.float64(0.9000000000000001), 10)",houghCircleAlt,0.835416667,23972519.84,24545102
"(np.float64(1.5), 130, 380, np.float64(0.9000000000000001), 10)",houghCircleAlt,0.835416667,24223270.87,24608987.5
"(np.float64(1.5), 230, 330, np.float64(0.9000000000000001), 10)",houghCircleAlt,0.835416667,30192043.84,30979263
"(np.float64(1.5), 240, 330, np.float64(0.8500000000000001), 15)",houghCircleAlt,0.835416667,30408466.06,31211174
"(np.float64(1.0), 100, 360, np.float64(0.8500000000000001), 15)",houghCircleAlt,0.833333333,40565893.36,41486907.5
"(np.float64(1.0), 100, 390, np.float64(0.8500000000000001), 15)",houghCircleAlt,0.833333333,40379502.54,40965848.5
"(np.float64(1.0), 150, 330, np.float64(0.9000000000000001), 10)",houghCircleAlt,0.833333333,48491773.41,49392016.5
"(np.float64(1.0), 150, 340, np.float64(0.9000000000000001), 10)",houghCircleAlt,0.833333333,48181601.76,48965962.5
"(np.float64(1.0), 150, 380, np.float64(0.9000000000000001), 10)",houghCircleAlt,0.833333333,48089843.08,48753930.5
"(np.float64(1.0), 150, 390, np.float64(0.9000000000000001), 10)",houghCircleAlt,0.833333333,48015619.29,48600125.5
"(np.float64(1.0), 230, 360, np.float64(0.9000000000000001), 10)",houghCircleAlt,0.833333333,57811053.82,58543304.5
"(np.float64(1.0), 240, 330, np.float64(0.8500000000000001), 15)",houghCircleAlt,0.833333333,60030308.02,60401094.5
"(np.float64(1.0), 240, 350, np.float64(0.8500000000000001), 15)",houghCircleAlt,0.833333333,59357568.24,59683154
"(np.float64(1.5), 100, 310, np.float64(0.8500000000000001), 15)",houghCircleAlt,0.833333333,25563412.47,26074942.5
"(np.float64(1.5), 230, 340, np.float64(0.9000000000000001), 10)",houghCircleAlt,0.833333333,30101303.86,31013927.5
"(np.float64(1.5), 240, 320, np.float64(0.8500000000000001), 15)",houghCircleAlt,0.833333333,27859543.53,28281066
"(np.float64(1.5), 240, 380, np.float64(0.8500000000000001), 15)",houghCircleAlt,0.833333333,28620157.74,28972434
"(np.float64(1.0), 100, 310, np.float64(0.8500000000000001), 15)",houghCircleAlt,0.83125,41437245.39,42050424
"(np.float64(1.0), 110, 300, np.float64(0.9000000000000001), 10)",houghCircleAlt,0.83125,44696322.95,45656744
"(np.float64(1.0), 120, 300, np.float64(0.9000000000000001), 10)",houghCircleAlt,0.83125,46070733.43,46991899.5
"(np.float64(1.0), 130, 300, np.float64(0.9000000000000001), 10)",houghCircleAlt,0.83125,46852507.4,48072361
"(np.float64(1.0), 140, 330, np.float64(0.9000000000000001), 10)",houghCircleAlt,0.83125,47140064.09,48129748.5
"(np.float64(1.0), 140, 340, np.float64(0.9000000000000001), 10)",houghCircleAlt,0.83125,46824079.36,47689418
"(np.float64(1.0), 140, 380, np.float64(0.9000000000000001), 10)",houghCircleAlt,0.83125,46939115.45,47336014.5
"(np.float64(1.0), 150, 360, np.float64(0.9000000000000001), 10)",houghCircleAlt,0.83125,48236103.85,49057635
"(np.float64(1.0), 240, 340, np.float64(0.8500000000000001), 15)",houghCircleAlt,0.83125,62361666.02,62943229
"(np.float64(1.0), 240, 370, np.float64(0.8500000000000001), 15)",houghCircleAlt,0.83125,59104541.09,59241084.5
"(np.float64(1.5), 100, 320, np.float64(0.8500000000000001), 15)",houghCircleAlt,0.83125,25421462.21,25921321.5
"(np.float64(1.5), 230, 350, np.float64(0.9000000000000001), 10)",houghCircleAlt,0.83125,28328196.36,28981255.5
"(np.float64(1.5), 240, 300, np.float64(0.8500000000000001), 15)",houghCircleAlt,0.83125,29862765.65,30778922.5
"(np.float64(1.5), 240, 310, np.float64(0.8500000000000001), 15)",houghCircleAlt,0.83125,30673624.9,31525544.5
"(np.float64(1.5), 240, 340, np.float64(0.8500000000000001), 15)",houghCircleAlt,0.83125,29305813.76,30045471.5
"(np.float64(1.5), 240, 350, np.float64(0.8500000000000001), 15)",houghCircleAlt,0.83125,30025028.51,30544462.5
"(np.float64(1.5), 250, 300, np.float64(0.9000000000000001), 15)",houghCircleAlt,0.83125,30012108.95,30911601.5
"(np.float64(1.5), 250, 310, np.float64(0.9000000000000001), 15)",houghCircleAlt,0.83125,31163334.12,32062710.5
"(np.float64(1.5), 250, 320, np.float64(0.9000000000000001), 15)",houghCircleAlt,0.83125,29781319.71,30341198.5
"(np.float64(1.5), 250, 330, np.float64(0.9000000000000001), 15)",houghCircleAlt,0.83125,30967468.22,31656234
"(np.float64(1.5), 250, 340, np.float64(0.9000000000000001), 15)",houghCircleAlt,0.83125,29493183.93,29809218.5
"(np.float64(1.0), 110, 300, np.float64(0.8500000000000001), 15)",houghCircleAlt,0.829166667,42155555.75,43312992
"(np.float64(1.0), 110, 380, np.float64(0.9000000000000001), 10)",houghCircleAlt,0.829166667,43085716.31,43767309.5
"(np.float64(1.0), 120, 380, np.float64(0.9000000000000001), 10)",houghCircleAlt,0.829166667,44240462.34,44754161
"(np.float64(1.0), 130, 380, np.float64(0.9000000000000001), 10)",houghCircleAlt,0.829166667,44949077.55,45583506
"(np.float64(1.0), 140, 390, np.float64(0.9000000000000001), 10)",houghCircleAlt,0.829166667,45504215.51,46168169
"(np.float64(1.0), 150, 350, np.float64(0.9000000000000001), 10)",houghCircleAlt,0.829166667,47916158.93,48750814
"(np.float64(1.0), 150, 370, np.float64(0.9000000000000001), 10)",houghCircleAlt,0.829166667,46963524.62,47738293.5
"(np.float64(1.0), 240, 320, np.float64(0.8500000000000001), 15)",houghCircleAlt,0.829166667,60042422.6,60494055
"(np.float64(1.0), 240, 360, np.float64(0.8500000000000001), 15)",houghCircleAlt,0.829166667,59449527.88,59471646.5
"(np.float64(1.5), 100, 300, np.float64(0.8500000000000001), 15)",houghCircleAlt,0.829166667,25652091.52,26229192.5
"(np.float64(1.5), 230, 360, np.float64(0.9000000000000001), 10)",houghCircleAlt,0.829166667,29941101.99,30755939.5
"(np.float64(1.5), 240, 360, np.float64(0.8500000000000001), 15)",houghCircleAlt,0.829166667,28767632.89,29386356
"(np.float64(1.5), 250, 350, np.float64(0.9000000000000001), 15)",houghCircleAlt,0.829166667,29319718.82,30031940
"(np.float64(1.5), 250, 360, np.float64(0.9000000000000001), 15)",houghCircleAlt,0.829166667,30654208.61,30972236
"(np.float64(1.0), 110, 310, np.float64(0.9000000000000001), 10)",houghCircleAlt,0.827083333,44591885.74,45697676
"(np.float64(1.0), 110, 320, np.float64(0.9000000000000001), 10)",houghCircleAlt,0.827083333,44286372.31,45019468.5
"(np.float64(1.0), 110, 390, np.float64(0.9000000000000001), 10)",houghCircleAlt,0.827083333,42641513.6,43326488
"(np.float64(1.0), 120, 310, np.float64(0.9000000000000001), 10)",houghCircleAlt,0.827083333,45658151.18,46895819.5
"(np.float64(1.0), 120, 320, np.float64(0.9000000000000001), 10)",houghCircleAlt,0.827083333,45527438.32,46584239.5
"(np.float64(1.0), 120, 390, np.float64(0.9000000000000001), 10)",houghCircleAlt,0.827083333,43891890.74,44344186
"(np.float64(1.0), 130, 310, np.float64(0.9000000000000001), 10)",houghCircleAlt,0.827083333,46373213.74,47777502.5
"(np.float64(1.0), 130, 320, np.float64(0.9000000000000001), 10)",houghCircleAlt,0.827083333,45483398.09,46852282
"(np.float64(1.0), 130, 390, np.float64(0.9000000000000001), 10)",houghCircleAlt,0.827083333,45267485.34,45850748
"(np.float64(1.0), 140, 360, np.float64(0.9000000000000001), 10)",houghCircleAlt,0.827083333,46439461.59,47187761.5
"(np.float64(1.0), 140, 370, np.float64(0.9000000000000001), 10)",houghCircleAlt,0.827083333,46096071.69,46881766.5
"(np.float64(1.0), 230, 370, np.float64(0.9000000000000001), 10)",houghCircleAlt,0.827083333,57566428.8,58140880
"(np.float64(1.0), 230, 380, np.float64(0.9000000000000001), 10)",houghCircleAlt,0.827083333,58710581.78,59146711.5
"(np.float64(1.0), 240, 380, np.float64(0.8500000000000001), 15)",houghCircleAlt,0.827083333,58940884.57,59298592
"(np.float64(1.5), 230, 370, np.float64(0.9000000000000001), 10)",houghCircleAlt,0.827083333,29344218.71,29915342
"(np.float64(1.5), 230, 380, np.float64(0.9000000000000001), 10)",houghCircleAlt,0.827083333,29450950.54,29978941
"(np.float64(1.5), 240, 370, np.float64(0.8500000000000001), 15)",houghCircleAlt,0.827083333,29842747.32,30165866.5
"(np.float64(1.5), 240, 390, np.float64(0.8500000000000001), 15)",houghCircleAlt,0.827083333,29501102.97,29679621
"(np.float64(1.5), 250, 370, np.float64(0.9000000000000001), 15)",houghCircleAlt,0.827083333,27926073.97,28156482.5
"(np.float64(1.5), 250, 380, np.float64(0.9000000000000001), 15)",houghCircleAlt,0.827083333,27683720.04,28029419.5
"(np.float64(1.0), 100, 300, np.float64(0.8500000000000001), 15)",houghCircleAlt,0.825,42208552.52,43025087.5
"(np.float64(1.0), 100, 300, np.float64(0.9000000000000001), 10)",houghCircleAlt,0.825,43969629.06,45048973.5
"(np.float64(1.0), 100, 380, np.float64(0.9000000000000001), 10)",houghCircleAlt,0.825,42037358.24,42742927.5
"(np.float64(1.0), 110, 330, np.float64(0.9000000000000001), 10)",houghCircleAlt,0.825,44215018.59,45109903
"(np.float64(1.0), 110, 340, np.float64(0.9000000000000001), 10)",houghCircleAlt,0.825,43909785.27,44856426
"(np.float64(1.0), 110, 370, np.float64(0.9000000000000001), 10)",houghCircleAlt,0.825,43602154.11,44135360.5
"(np.float64(1.0), 120, 330, np.float64(0.9000000000000001), 10)",houghCircleAlt,0.825,45364791.91,46519963.5
"(np.float64(1.0), 120, 340, np.float64(0.9000000000000001), 10)",houghCircleAlt,0.825,44518703.48,45220607
"(np.float64(1.0), 120, 370, np.float64(0.9000000000000001), 10)",houghCircleAlt,0.825,43413998.51,43995578
"(np.float64(1.0), 130, 330, np.float64(0.9000000000000001), 10)",houghCircleAlt,0.825,47094252,48021826
"(np.float64(1.0), 130, 340, np.float64(0.9000000000000001), 10)",houghCircleAlt,0.825,45799878.01,46644803.5
"(np.float64(1.0), 130, 370, np.float64(0.9000000000000001), 10)",houghCircleAlt,0.825,46054584.49,46439008
"(np.float64(1.0), 140, 350, np.float64(0.9000000000000001), 10)",houghCircleAlt,0.825,46660991.03,47632797
"(np.float64(1.0), 230, 390, np.float64(0.9000000000000001), 10)",houghCircleAlt,0.825,57876139.4,58209352.5
"(np.float64(1.0), 240, 300, np.float64(0.8500000000000001), 15)",houghCircleAlt,0.825,59615447.72,60513100.5
"(np.float64(1.0), 240, 310, np.float64(0.8500000000000001), 15)",houghCircleAlt,0.825,60940754.23,61361161.5
"(np.float64(1.0), 250, 300, np.float64(0.9000000000000001), 15)",houghCircleAlt,0.825,61544466.44,62070171.5
"(np.float64(1.0), 250, 310, np.float64(0.9000000000000001), 15)",houghCircleAlt,0.825,61510617.96,61983913.5
"(np.float64(1.0), 250, 320, np.float64(0.9000000000000001), 15)",houghCircleAlt,0.825,61694872.07,62148818.5
"(np.float64(1.0), 250, 330, np.float64(0.9000000000000001), 15)",houghCircleAlt,0.825,60593530.4,61360475
"(np.float64(1.0), 250, 340, np.float64(0.9000000000000001), 15)",houghCircleAlt,0.825,61461222.03,61589144
"(np.float64(1.0), 250, 350, np.float64(0.9000000000000001), 15)",houghCircleAlt,0.825,63358181.9,63935551.5
"(np.float64(1.5), 230, 390, np.float64(0.9000000000000001), 10)",houghCircleAlt,0.825,29050219.17,29486928.5
"(np.float64(1.0), 100, 390, np.float64(0.9000000000000001), 10)",houghCircleAlt,0.822916667,41815028.66,42498336.5
"(np.float64(1.0), 110, 360, np.float64(0.9000000000000001), 10)",houghCircleAlt,0.822916667,43462923.52,44127405
"(np.float64(1.0), 120, 360, np.float64(0.9000000000000001), 10)",houghCircleAlt,0.822916667,44601040.37,45045603
"(np.float64(1.0), 130, 360, np.float64(0.9000000000000001), 10)",houghCircleAlt,0.822916667,45305878.74,46082301.5
"(np.float64(1.0), 240, 390, np.float64(0.8500000000000001), 15)",houghCircleAlt,0.822916667,58746911.62,58781076
"(np.float64(1.0), 250, 360, np.float64(0.9000000000000001), 15)",houghCircleAlt,0.822916667,61151238.73,61286401
"(np.float64(1.5), 250, 390, np.float64(0.9000000000000001), 15)",houghCircleAlt,0.822916667,30357716.87,31030890.5
"(np.float64(1.0), 100, 310, np.float64(0.9000000000000001), 10)",houghCircleAlt,0.820833333,43221265.43,44207991
"(np.float64(1.0), 100, 320, np.float64(0.9000000000000001), 10)",houghCircleAlt,0.820833333,43390257.57,44709847.5
"(np.float64(1.0), 100, 330, np.float64(0.9000000000000001), 10)",houghCircleAlt,0.820833333,43301694.88,44453646.5
"(np.float64(1.0), 100, 340, np.float64(0.9000000000000001), 10)",houghCircleAlt,0.820833333,42265249.17,43365372
"(np.float64(1.0), 100, 370, np.float64(0.9000000000000001), 10)",houghCircleAlt,0.820833333,42203203.64,42972186
"(np.float64(1.0), 250, 370, np.float64(0.9000000000000001), 15)",houghCircleAlt,0.820833333,63395821.6,63502263.5
"(np.float64(1.0), 250, 380, np.float64(0.9000000000000001), 15)",houghCircleAlt,0.820833333,60726563.45,61026298
"(np.float64(1.0), 100, 360, np.float64(0.9000000000000001), 10)",houghCircleAlt,0.81875,42452297.31,43216520
"(np.float64(1.0), 110, 350, np.float64(0.9000000000000001), 10)",houghCircleAlt,0.81875,43597974.82,44338315
"(np.float64(1.0), 120, 350, np.float64(0.9000000000000001), 10)",houghCircleAlt,0.81875,44788961.83,45539629
"(np.float64(1.0), 130, 350, np.float64(0.9000000000000001), 10)",houghCircleAlt,0.81875,46593618.59,47350179
"(np.float64(1.5), 200, 350, np.float64(0.8), 15)",houghCircleAlt,0.81875,27772923.49,28233346.5
"(np.float64(1.0), 250, 390, np.float64(0.9000000000000001), 15)",houghCircleAlt,0.816666667,59939540.31,60237513.5
"(np.float64(1.5), 210, 350, np.float64(0.8), 15)",houghCircleAlt,0.816666667,27548398.32,28029525.5
"(np.float64(1.0), 100, 350, np.float64(0.9000000000000001), 10)",houghCircleAlt,0.814583333,43301002.1,44244850
"(np.float64(1.5), 200, 360, np.float64(0.8), 15)",houghCircleAlt,0.814583333,27697993.92,28057597
"(np.float64(1.5), 210, 360, np.float64(0.8), 15)",houghCircleAlt,0.8125,28994898.85,29218020.5
"(np.float64(1.0), 200, 350, np.float64(0.8), 15)",houghCircleAlt,0.810416667,53319877.94,53869241.5
"(np.float64(1.5), 200, 340, np.float64(0.8), 15)",houghCircleAlt,0.810416667,27920163.85,28520986.5
"(np.float64(1.5), 210, 340, np.float64(0.8), 15)",houghCircleAlt,0.810416667,28846773.66,29357802.5
"(np.float64(1.0), 190, 350, np.float64(0.8), 15)",houghCircleAlt,0.808333333,52005586.03,52742448.5
"(np.float64(1.0), 210, 350, np.float64(0.8), 15)",houghCircleAlt,0.808333333,54847095.75,55548696.5
"(np.float64(1.5), 190, 350, np.float64(0.8), 15)",houghCircleAlt,0.808333333,27183833.85,27868342
"(np.float64(1.5), 220, 350, np.float64(0.8), 15)",houghCircleAlt,0.808333333,29223752.62,29735155.5
"(np.float64(1.0), 240, 310, np.float64(0.9000000000000001), 10)",houghCircleAlt,0.80625,61734724.76,62797074
"(np.float64(1.5), 220, 360, np.float64(0.8), 15)",houghCircleAlt,0.80625,28879076.41,29104141
"(np.float64(1.0), 210, 340, np.float64(0.8), 15)",houghCircleAlt,0.804166667,54964983.56,55565207.5
"(np.float64(1.0), 220, 350, np.float64(0.8), 15)",houghCircleAlt,0.804166667,56333687.38,56779673
"(np.float64(1.0), 240, 300, np.float64(0.9000000000000001), 10)",houghCircleAlt,0.804166667,61978648.81,63197371
"(np.float64(1.0), 240, 320, np.float64(0.9000000000000001), 10)",houghCircleAlt,0.804166667,61582456.04,62284553
"(np.float64(1.0), 240, 340, np.float64(0.9000000000000001), 10)",houghCircleAlt,0.804166667,60869219.45,61448745
"(np.float64(1.5), 200, 380, np.float64(0.8), 15)",houghCircleAlt,0.804166667,25772905.72,26236241
"(np.float64(1.5), 210, 380, np.float64(0.8), 15)",houghCircleAlt,0.804166667,26079882.29,26275367
"(np.float64(1.5), 230, 350, np.float64(0.8), 15)",houghCircleAlt,0.804166667,29787771.45,30039269.5
"(np.float64(1.0), 200, 340, np.float64(0.8), 15)",houghCircleAlt,0.802083333,53765674.99,54593505
"(np.float64(1.0), 210, 330, np.float64(0.8), 15)",houghCircleAlt,0.802083333,55056503.94,55728975
"(np.float64(1.0), 240, 330, np.float64(0.9000000000000001), 10)",houghCircleAlt,0.802083333,61358834.62,61811746.5
"(np.float64(1.0), 240, 350, np.float64(0.9000000000000001), 10)",houghCircleAlt,0.802083333,61165818.2,61373334
"(np.float64(1.5), 190, 360, np.float64(0.8), 15)",houghCircleAlt,0.802083333,27296607.49,27604892
"(np.float64(1.5), 200, 330, np.float64(0.8), 15)",houghCircleAlt,0.802083333,26636381.29,26983557.5
"(np.float64(1.5), 200, 370, np.float64(0.8), 15)",houghCircleAlt,0.802083333,27278153.29,27682192.5
"(np.float64(1.5), 210, 300, np.float64(0.8), 15)",houghCircleAlt,0.802083333,27155478.03,27795250
"(np.float64(1.5), 210, 330, np.float64(0.8), 15)",houghCircleAlt,0.802083333,26705321.53,27243826
"(np.float64(1.5), 210, 370, np.float64(0.8), 15)",houghCircleAlt,0.802083333,27552869.79,27824183.5
"(np.float64(1.5), 220, 340, np.float64(0.8), 15)",houghCircleAlt,0.802083333,29062944.34,29112395.5
"(np.float64(1.5), 230, 360, np.float64(0.8), 15)",houghCircleAlt,0.802083333,27026436.6,27217042.5
"(np.float64(1.5), 240, 300, np.float64(0.9000000000000001), 10)",houghCircleAlt,0.802083333,31406914.11,32331145.5
"(np.float64(1.5), 240, 310, np.float64(0.9000000000000001), 10)",houghCircleAlt,0.802083333,31147256.32,32076547.5
"(np.float64(1.5), 240, 320, np.float64(0.9000000000000001), 10)",houghCircleAlt,0.802083333,30799678.61,31520464
"(np.float64(1.0), 190, 340, np.float64(0.8), 15)",houghCircleAlt,0.8,53208904.73,54116537
"(np.float64(1.0), 200, 330, np.float64(0.8), 15)",houghCircleAlt,0.8,54031194.39,54934910.5
"(np.float64(1.0), 200, 360, np.float64(0.8), 15)",houghCircleAlt,0.8,53083327.6,53871871.5
"(np.float64(1.0), 200, 380, np.float64(0.8), 15)",houghCircleAlt,0.8,52864606.93,53551033.5
"(np.float64(1.0), 220, 300, np.float64(0.8500000000000001), 10)",houghCircleAlt,0.8,58576466.84,59784814
"(np.float64(1.0), 230, 300, np.float64(0.8500000000000001), 10)",houghCircleAlt,0.8,60420623.67,61419686
"(np.float64(1.0), 230, 350, np.float64(0.8), 15)",houghCircleAlt,0.8,57079709.78,57694604
"(np.float64(1.0), 240, 360, np.float64(0.9000000000000001), 10)",houghCircleAlt,0.8,60651665.71,61133113.5
"(np.float64(1.0), 250, 350, np.float64(0.8500000000000001), 15)",houghCircleAlt,0.8,61799182.03,61830531.5
"(np.float64(1.5), 190, 340, np.float64(0.8), 15)",houghCircleAlt,0.8,26700408.29,27185156
"(np.float64(1.5), 200, 310, np.float64(0.8), 15)",houghCircleAlt,0.8,28963310.32,29521249.5
"(np.float64(1.5), 200, 320, np.float64(0.8), 15)",houghCircleAlt,0.8,27850497.74,28203160
"(np.float64(1.5), 200, 390, np.float64(0.8), 15)",houghCircleAlt,0.8,27403180.36,27615473.5
"(np.float64(1.5), 210, 320, np.float64(0.8), 15)",houghCircleAlt,0.8,28951858.44,29314610
"(np.float64(1.5), 210, 390, np.float64(0.8), 15)",houghCircleAlt,0.8,27529906.35,27886231.5
"(np.float64(1.5), 220, 380, np.float64(0.8), 15)",houghCircleAlt,0.8,28716383.64,29076081.5
"(np.float64(1.5), 230, 340, np.float64(0.8), 15)",houghCircleAlt,0.8,30141449.81,30843774.5
"(np.float64(1.5), 250, 330, np.float64(0.8500000000000001), 15)",houghCircleAlt,0.8,30181065,30731268.5
"(np.float64(1.0), 190, 380, np.float64(0.8), 15)",houghCircleAlt,0.797916667,52593022.51,52853350.5
"(np.float64(1.0), 210, 320, np.float64(0.8), 15)",houghCircleAlt,0.797916667,55379837.84,56272385.5
"(np.float64(1.0), 210, 360, np.float64(0.8), 15)",houghCircleAlt,0.797916667,56085075.33,56294701.5
"(np.float64(1.0), 210, 380, np.float64(0.8), 15)",houghCircleAlt,0.797916667,53765853.14,54116941.5
"(np.float64(1.0), 220, 330, np.float64(0.8), 15)",houghCircleAlt,0.797916667,56837152.33,57335218.5
"(np.float64(1.0), 220, 340, np.float64(0.8), 15)",houghCircleAlt,0.797916667,57107268.07,57749631.5
"(np.float64(1.0), 240, 370, np.float64(0.9000000000000001), 10)",houghCircleAlt,0.797916667,60875550.4,61378738.5
"(np.float64(1.0), 240, 380, np.float64(0.9000000000000001), 10)",houghCircleAlt,0.797916667,60423592.91,60827956.5
"(np.float64(1.0), 250, 330, np.float64(0.8500000000000001), 15)",houghCircleAlt,0.797916667,61932773.96,62195774.5
"(np.float64(1.0), 250, 340, np.float64(0.8500000000000001), 15)",houghCircleAlt,0.797916667,61337403.71,61526216
"(np.float64(1.0), 250, 360, np.float64(0.8500000000000001), 15)",houghCircleAlt,0.797916667,60653728.53,60967513
"(np.float64(1.0), 250, 370, np.float64(0.8500000000000001), 15)",houghCircleAlt,0.797916667,61476091.94,61521988
"(np.float64(1.5), 190, 380, np.float64(0.8), 15)",houghCircleAlt,0.797916667,26338419.88,26545101.5
"(np.float64(1.5), 200, 300, np.float64(0.8), 15)",houghCircleAlt,0.797916667,28876111.01,29253822
"(np.float64(1.5), 210, 310, np.float64(0.8), 15)",houghCircleAlt,0.797916667,28813655.08,29641929.5
"(np.float64(1.5), 220, 370, np.float64(0.8), 15)",houghCircleAlt,0.797916667,28651675.68,29041818.5
"(np.float64(1.5), 230, 380, np.float64(0.8), 15)",houghCircleAlt,0.797916667,28286984.36,28720239.5
"(np.float64(1.5), 240, 330, np.float64(0.9000000000000001), 10)",houghCircleAlt,0.797916667,30849895.95,31804172
"(np.float64(1.5), 240, 340, np.float64(0.9000000000000001), 10)",houghCircleAlt,0.797916667,31310226.96,32119859
"(np.float64(1.5), 250, 320, np.float64(0.8500000000000001), 15)",houghCircleAlt,0.797916667,28309538.94,29017993.5
"(np.float64(1.5), 250, 380, np.float64(0.8500000000000001), 15)",houghCircleAlt,0.797916667,28704394.18,29109957
"(np.float64(1.5), 260, 300, np.float64(0.9000000000000001), 15)",houghCircleAlt,0.797916667,29156439.39,29873364
"(np.float64(1.5), 260, 310, np.float64(0.9000000000000001), 15)",houghCircleAlt,0.797916667,30116894.7,30674821.5
"(np.float64(1.5), 260, 320, np.float64(0.9000000000000001), 15)",houghCircleAlt,0.797916667,31720320.7,32619431
"(np.float64(1.5), 260, 330, np.float64(0.9000000000000001), 15)",houghCircleAlt,0.797916667,28554322.58,29051551
"(np.float64(1.5), 260, 340, np.float64(0.9000000000000001), 15)",houghCircleAlt,0.797916667,31219006.25,31836281
"(np.float64(1.0), 190, 330, np.float64(0.8), 15)",houghCircleAlt,0.795833333,52354399.28,53210526
"(np.float64(1.0), 190, 360, np.float64(0.8), 15)",houghCircleAlt,0.795833333,52840090.13,53236849.5
"(np.float64(1.0), 200, 320, np.float64(0.8), 15)",houghCircleAlt,0.795833333,53989339.93,55150577
"(np.float64(1.0), 210, 300, np.float64(0.8), 15)",houghCircleAlt,0.795833333,56095400.84,57018945.5
"(np.float64(1.0), 210, 310, np.float64(0.8), 15)",houghCircleAlt,0.795833333,55749090.94,56472295
"(np.float64(1.0), 220, 310, np.float64(0.8500000000000001), 10)",houghCircleAlt,0.795833333,59394426.65,60258934
"(np.float64(1.0), 220, 340, np.float64(0.8500000000000001), 10)",houghCircleAlt,0.795833333,60463101.76,61139736
"(np.float64(1.0), 230, 310, np.float64(0.8500000000000001), 10)",houghCircleAlt,0.795833333,60910981.77,61716649
"(np.float64(1.0), 230, 340, np.float64(0.8500000000000001), 10)",houghCircleAlt,0.795833333,59393993.91,59892922
"(np.float64(1.0), 240, 390, np.float64(0.9000000000000001), 10)",houghCircleAlt,0.795833333,60266825.05,60498382.5
"(np.float64(1.0), 250, 320, np.float64(0.8500000000000001), 15)",houghCircleAlt,0.795833333,61755118,62060899
"(np.float64(1.0), 250, 380, np.float64(0.8500000000000001), 15)",houghCircleAlt,0.795833333,59920563.42,60131075
"(np.float64(1.0), 260, 300, np.float64(0.9000000000000001), 15)",houghCircleAlt,0.795833333,63988695.17,64230469
"(np.float64(1.0), 260, 330, np.float64(0.9000000000000001), 15)",houghCircleAlt,0.795833333,62717019.03,62974558
"(np.float64(1.0), 260, 340, np.float64(0.9000000000000001), 15)",houghCircleAlt,0.795833333,65352189.23,65559663
"(np.float64(1.0), 260, 350, np.float64(0.9000000000000001), 15)",houghCircleAlt,0.795833333,61497507.37,61669074
"(np.float64(1.5), 190, 370, np.float64(0.8), 15)",houghCircleAlt,0.795833333,26919941.42,27370939.5
"(np.float64(1.5), 190, 390, np.float64(0.8), 15)",houghCircleAlt,0.795833333,26893992.5,26998556.5
"(np.float64(1.5), 210, 320, np.float64(0.8500000000000001), 10)",houghCircleAlt,0.795833333,29148561.6,29725470
"(np.float64(1.5), 220, 390, np.float64(0.8), 15)",houghCircleAlt,0.795833333,27218845.95,27371460
"(np.float64(1.5), 230, 370, np.float64(0.8), 15)",houghCircleAlt,0.795833333,29592388.98,29700970
"(np.float64(1.5), 250, 300, np.float64(0.8500000000000001), 15)",houghCircleAlt,0.795833333,31566435.26,32200570.5
"(np.float64(1.5), 250, 310, np.float64(0.8500000000000001), 15)",houghCircleAlt,0.795833333,30911283.35,31723689.5
"(np.float64(1.5), 250, 340, np.float64(0.8500000000000001), 15)",houghCircleAlt,0.795833333,30761023.38,31692205.5
"(np.float64(1.5), 250, 350, np.float64(0.8500000000000001), 15)",houghCircleAlt,0.795833333,29785906.13,30411874
"(np.float64(1.5), 260, 350, np.float64(0.9000000000000001), 15)",houghCircleAlt,0.795833333,30698439.31,31247922
"(np.float64(1.5), 260, 360, np.float64(0.9000000000000001), 15)",houghCircleAlt,0.795833333,29729578.29,30467944.5
"(np.float64(1.0), 190, 320, np.float64(0.8), 15)",houghCircleAlt,0.79375,51777440.13,52630488
"(np.float64(1.0), 200, 310, np.float64(0.8), 15)",houghCircleAlt,0.79375,53686268.8,54446639.5
"(np.float64(1.0), 200, 370, np.float64(0.8), 15)",houghCircleAlt,0.79375,52978838.05,53257929
"(np.float64(1.0), 210, 300, np.float64(0.8500000000000001), 10)",houghCircleAlt,0.79375,56843231.88,57964825
"(np.float64(1.0), 210, 340, np.float64(0.8500000000000001), 10)",houghCircleAlt,0.79375,55956556.86,56857482
"(np.float64(1.0), 220, 330, np.float64(0.8500000000000001), 10)",houghCircleAlt,0.79375,58446261.19,59266972.5
"(np.float64(1.0), 220, 350, np.float64(0.8500000000000001), 10)",houghCircleAlt,0.79375,58486378.44,59197216.5
"(np.float64(1.0), 220, 360, np.float64(0.8500000000000001), 10)",houghCircleAlt,0.79375,57169665.84,58005194
"(np.float64(1.0), 230, 350, np.float64(0.8500000000000001), 10)",houghCircleAlt,0.79375,59742252.46,59983596.5
"(np.float64(1.0), 230, 360, np.float64(0.8500000000000001), 10)",houghCircleAlt,0.79375,58924647.89,59743020.5
"(np.float64(1.0), 260, 310, np.float64(0.9000000000000001), 15)",houghCircleAlt,0.79375,63314861.06,63649169
"(np.float64(1.0), 260, 320, np.float64(0.9000000000000001), 15)",houghCircleAlt,0.79375,65579692.47,66042443.5
"(np.float64(1.5), 220, 300, np.float64(0.8), 15)",houghCircleAlt,0.79375,29976386.79,30675764
"(np.float64(1.5), 220, 330, np.float64(0.8), 15)",houghCircleAlt,0.79375,27039447.9,27670314
"(np.float64(1.5), 230, 300, np.float64(0.8), 15)",houghCircleAlt,0.79375,29362433.24,30035979.5
"(np.float64(1.5), 230, 330, np.float64(0.8), 15)",houghCircleAlt,0.79375,29110394.28,29941533
"(np.float64(1.5), 230, 390, np.float64(0.8), 15)",houghCircleAlt,0.79375,28145272.91,28526452.5
"(np.float64(1.5), 250, 360, np.float64(0.8500000000000001), 15)",houghCircleAlt,0.79375,30460591.18,31045457.5
"(np.float64(1.5), 260, 370, np.float64(0.9000000000000001), 15)",houghCircleAlt,0.79375,29407282.78,29749831.5
"(np.float64(1.5), 260, 380, np.float64(0.9000000000000001), 15)",houghCircleAlt,0.79375,28123998.46,28476949
"(np.float64(1.0), 190, 310, np.float64(0.8), 15)",houghCircleAlt,0.791666667,52873803.98,53768412
"(np.float64(1.0), 200, 300, np.float64(0.8), 15)",houghCircleAlt,0.791666667,54982531.23,55845104
"(np.float64(1.0), 210, 350, np.float64(0.8500000000000001), 10)",houghCircleAlt,0.791666667,56342785.09,57092924
"(np.float64(1.0), 210, 360, np.float64(0.8500000000000001), 10)",houghCircleAlt,0.791666667,55614440.12,56355760.5
"(np.float64(1.0), 210, 370, np.float64(0.8), 15)",houghCircleAlt,0.791666667,54583487.15,54745589.5
"(np.float64(1.0), 220, 320, np.float64(0.8), 15)",houghCircleAlt,0.791666667,56401047.6,57222917.5
"(np.float64(1.0), 220, 320, np.float64(0.8500000000000001), 10)",houghCircleAlt,0.791666667,57966112.52,59023947
"(np.float64(1.0), 220, 360, np.float64(0.8), 15)",houghCircleAlt,0.791666667,56326347.73,56763821.5
"(np.float64(1.0), 220, 370, np.float64(0.8500000000000001), 10)",houghCircleAlt,0.791666667,57773886.19,58402486
"(np.float64(1.0), 220, 380, np.float64(0.8), 15)",houghCircleAlt,0.791666667,55437742.7,55971219.5
"(np.float64(1.0), 220, 380, np.float64(0.8500000000000001), 10)",houghCircleAlt,0.791666667,57013032.72,57320660
"(np.float64(1.0), 230, 330, np.float64(0.8500000000000001), 10)",houghCircleAlt,0.791666667,60120820.54,60775963.5
"(np.float64(1.0), 230, 340, np.float64(0.8), 15)",houghCircleAlt,0.791666667,60973307.52,61413188.5
"(np.float64(1.0), 250, 310, np.float64(0.8500000000000001), 15)",houghCircleAlt,0.791666667,62589012,62911645.5
"(np.float64(1.0), 260, 360, np.float64(0.9000000000000001), 15)",houghCircleAlt,0.791666667,61812484.32,62085149.5
"(np.float64(1.5), 190, 330, np.float64(0.8), 15)",houghCircleAlt,0.791666667,26006533.38,26587329.5
"(np.float64(1.5), 200, 320, np.float64(0.8500000000000001), 10)",houghCircleAlt,0.791666667,29367693.36,30311626.5
"(np.float64(1.5), 210, 350, np.float64(0.9000000000000001), 5)",houghCircleAlt,0.791666667,30868502.54,31477132
"(np.float64(1.5), 210, 360, np.float64(0.9000000000000001), 5)",houghCircleAlt,0.791666667,29707379.24,30105238.5
"(np.float64(1.5), 220, 310, np.float64(0.8), 15)",houghCircleAlt,0.791666667,30203715.34,30791385
"(np.float64(1.5), 220, 320, np.float64(0.8), 15)",houghCircleAlt,0.791666667,29848805.11,30304747.5
"(np.float64(1.5), 220, 320, np.float64(0.8500000000000001), 10)",houghCircleAlt,0.791666667,30157128.16,30916987
"(np.float64(1.5), 240, 350, np.float64(0.9000000000000001), 10)",houghCircleAlt,0.791666667,30947893.83,31615431
"(np.float64(1.5), 240, 360, np.float64(0.9000000000000001), 10)",houghCircleAlt,0.791666667,28585553.86,28893656
"(np.float64(1.5), 250, 370, np.float64(0.8500000000000001), 15)",houghCircleAlt,0.791666667,27683476.8,27864024
"(np.float64(1.5), 250, 390, np.float64(0.8500000000000001), 15)",houghCircleAlt,0.791666667,30368190.21,30566825.5
"(np.float64(1.0), 190, 300, np.float64(0.8), 15)",houghCircleAlt,0.789583333,52873606.21,53583354.5
"(np.float64(1.0), 190, 370, np.float64(0.8), 15)",houghCircleAlt,0.789583333,50694806.21,51193531.5
"(np.float64(1.0), 190, 390, np.float64(0.8), 15)",houghCircleAlt,0.789583333,51259024.06,51617200.5
"(np.float64(1.0), 200, 350, np.float64(0.8500000000000001), 10)",houghCircleAlt,0.789583333,54818092.78,55584810
"(np.float64(1.0), 200, 390, np.float64(0.8), 15)",houghCircleAlt,0.789583333,52611505.34,53083472.5
"(np.float64(1.0), 210, 310, np.float64(0.8500000000000001), 10)",houghCircleAlt,0.789583333,56967729.44,57976977
"(np.float64(1.0), 210, 370, np.float64(0.8500000000000001), 10)",houghCircleAlt,0.789583333,55992109.98,56791488.5
"(np.float64(1.0), 210, 390, np.float64(0.8), 15)",houghCircleAlt,0.789583333,54114695.53,54534434
"(np.float64(1.0), 220, 310, np.float64(0.8), 15)",houghCircleAlt,0.789583333,56960330.41,57522851
"(np.float64(1.0), 230, 300, np.float64(0.8), 15)",houghCircleAlt,0.789583333,58648170.82,59724094.5
"(np.float64(1.0), 230, 320, np.float64(0.8500000000000001), 10)",houghCircleAlt,0.789583333,59812388.3,60645484
"(np.float64(1.0), 230, 330, np.float64(0.8), 15)",houghCircleAlt,0.789583333,58213484.65,58770270.5
"(np.float64(1.0), 230, 370, np.float64(0.8500000000000001), 10)",houghCircleAlt,0.789583333,59486266.64,59612286
"(np.float64(1.0), 230, 380, np.float64(0.8500000000000001), 10)",houghCircleAlt,0.789583333,58633001.38,59167691
"(np.float64(1.0), 250, 300, np.float64(0.8500000000000001), 15)",houghCircleAlt,0.789583333,62325251.24,62550017
"(np.float64(1.0), 250, 390, np.float64(0.8500000000000001), 15)",houghCircleAlt,0.789583333,59352038.84,59313079
"(np.float64(1.0), 260, 370, np.float64(0.9000000000000001), 15)",houghCircleAlt,0.789583333,61917821.1,61703228.5
"(np.float64(1.5), 160, 320, np.float64(0.9000000000000001), 5)",houghCircleAlt,0.789583333,28609065.5,29618886.5
"(np.float64(1.5), 180, 310, np.float64(0.9000000000000001), 5)",houghCircleAlt,0.789583333,30824119.07,31663727
"(np.float64(1.5), 190, 310, np.float64(0.8), 15)",houghCircleAlt,0.789583333,27742610.44,28198943
"(np.float64(1.5), 190, 310, np.float64(0.9000000000000001), 5)",houghCircleAlt,0.789583333,30080188.66,31103638
"(np.float64(1.5), 190, 320, np.float64(0.8), 15)",houghCircleAlt,0.789583333,28092616.38,28619095.5
"(np.float64(1.5), 190, 320, np.float64(0.9000000000000001), 5)",houghCircleAlt,0.789583333,29801680.03,30604320
"(np.float64(1.5), 200, 310, np.float64(0.9000000000000001), 5)",houghCircleAlt,0.789583333,31383144.79,32149644.5
"(np.float64(1.5), 200, 320, np.float64(0.9000000000000001), 5)",houghCircleAlt,0.789583333,31203916.95,32102620
"(np.float64(1.5), 210, 310, np.float64(0.9000000000000001), 5)",houghCircleAlt,0.789583333,31682320.69,32768750.5
"(np.float64(1.5), 210, 320, np.float64(0.9000000000000001), 5)",houghCircleAlt,0.789583333,30798472.67,31813949
"(np.float64(1.5), 210, 330, np.float64(0.8500000000000001), 10)",houghCircleAlt,0.789583333,29123849.18,29765909
"(np.float64(1.5), 210, 340, np.float64(0.9000000000000001), 5)",houghCircleAlt,0.789583333,30131934.06,30919977
"(np.float64(1.5), 210, 380, np.float64(0.9000000000000001), 5)",houghCircleAlt,0.789583333,28914007.55,29413570.5
"(np.float64(1.5), 230, 320, np.float64(0.8), 15)",houghCircleAlt,0.789583333,29112565.16,29829148
"(np.float64(1.5), 240, 370, np.float64(0.9000000000000001), 10)",houghCircleAlt,0.789583333,30227774.61,30824468.5
"(np.float64(1.5), 240, 380, np.float64(0.9000000000000001), 10)",houghCircleAlt,0.789583333,30898558.01,31533188.5
"(np.float64(1.5), 260, 390, np.float64(0.9000000000000001), 15)",houghCircleAlt,0.789583333,28791437.78,28959654.5
"(np.float64(1.0), 200, 360, np.float64(0.8500000000000001), 10)",houghCircleAlt,0.7875,55025076.74,55547014
"(np.float64(1.0), 210, 320, np.float64(0.8500000000000001), 10)",houghCircleAlt,0.7875,56517193.75,57222597.5
"(np.float64(1.0), 210, 330, np.float64(0.8500000000000001), 10)",houghCircleAlt,0.7875,56406008.93,57119093
"(np.float64(1.0), 210, 380, np.float64(0.8500000000000001), 10)",houghCircleAlt,0.7875,55059280.66,55455777.5
"(np.float64(1.0), 210, 380, np.float64(0.9000000000000001), 5)",houghCircleAlt,0.7875,56893218.9,57549305.5
"(np.float64(1.0), 220, 300, np.float64(0.8), 15)",houghCircleAlt,0.7875,57866983.27,58630689
"(np.float64(1.0), 230, 310, np.float64(0.8), 15)",houghCircleAlt,0.7875,58510019.81,59390479.5
"(np.float64(1.0), 230, 320, np.float64(0.8), 15)",houghCircleAlt,0.7875,58405328.4,59335656
"(np.float64(1.0), 260, 380, np.float64(0.9000000000000001), 15)",houghCircleAlt,0.7875,61428085.91,61612783.5
"(np.float64(1.5), 160, 310, np.float64(0.9000000000000001), 5)",houghCircleAlt,0.7875,28686943.89,29724095
"(np.float64(1.5), 180, 320, np.float64(0.9000000000000001), 5)",houghCircleAlt,0.7875,29116267.3,30206874
"(np.float64(1.5), 180, 350, np.float64(0.8), 15)",houghCircleAlt,0.7875,25891024.59,26219057.5
"(np.float64(1.5), 190, 300, np.float64(0.8), 15)",houghCircleAlt,0.7875,28736505.51,29341911
"(np.float64(1.5), 190, 350, np.float64(0.9000000000000001), 5)",houghCircleAlt,0.7875,29325943,30112856.5
"(np.float64(1.5), 190, 360, np.float64(0.9000000000000001), 5)",houghCircleAlt,0.7875,29836614.53,30656002.5
"(np.float64(1.5), 190, 380, np.float64(0.9000000000000001), 5)",houghCircleAlt,0.7875,29357192.39,29723348.5
"(np.float64(1.5), 200, 350, np.float64(0.9000000000000001), 5)",houghCircleAlt,0.7875,29310792.99,30022387.5
"(np.float64(1.5), 200, 360, np.float64(0.9000000000000001), 5)",houghCircleAlt,0.7875,29480306.53,30342830.5
"(np.float64(1.5), 200, 380, np.float64(0.9000000000000001), 5)",houghCircleAlt,0.7875,29462996.39,30076623.5
"(np.float64(1.5), 210, 310, np.float64(0.8500000000000001), 10)",houghCircleAlt,0.7875,28297731.91,29184046
"(np.float64(1.5), 210, 370, np.float64(0.9000000000000001), 5)",houghCircleAlt,0.7875,28932967.39,29433107.5
"(np.float64(1.5), 210, 390, np.float64(0.9000000000000001), 5)",houghCircleAlt,0.7875,29810221.16,30216223
"(np.float64(1.5), 230, 310, np.float64(0.8), 15)",houghCircleAlt,0.7875,29223966.89,30347376
"(np.float64(1.5), 240, 390, np.float64(0.9000000000000001), 10)",houghCircleAlt,0.7875,29744348.54,29888362
"(np.float64(1.0), 210, 390, np.float64(0.9000000000000001), 5)",houghCircleAlt,0.785416667,56921509.4,56962890
"(np.float64(1.0), 220, 370, np.float64(0.8), 15)",houghCircleAlt,0.785416667,55930394.92,56495378
"(np.float64(1.0), 220, 380, np.float64(0.9000000000000001), 5)",houghCircleAlt,0.785416667,58339223.67,58915272.5
"(np.float64(1.0), 220, 390, np.float64(0.8500000000000001), 10)",houghCircleAlt,0.785416667,55923179.48,56395535.5
"(np.float64(1.0), 230, 360, np.float64(0.8), 15)",houghCircleAlt,0.785416667,56511701.58,56821874.5
"(np.float64(1.0), 260, 390, np.float64(0.9000000000000001), 15)",houghCircleAlt,0.785416667,62928155.7,63003308
"(np.float64(1.5), 160, 300, np.float64(0.9000000000000001), 5)",houghCircleAlt,0.785416667,29519436,30506040
"(np.float64(1.5), 160, 340, np.float64(0.9000000000000001), 5)",houghCircleAlt,0.785416667,27975436.01,29000201
"(np.float64(1.5), 160, 350, np.float64(0.9000000000000001), 5)",houghCircleAlt,0.785416667,27143138.09,27909149.5
"(np.float64(1.5), 160, 380, np.float64(0.9000000000000001), 5)",houghCircleAlt,0.785416667,28080390.88,28604879
"(np.float64(1.5), 170, 320, np.float64(0.9000000000000001), 5)",houghCircleAlt,0.785416667,29129403.13,29987919
"(np.float64(1.5), 190, 300, np.float64(0.9000000000000001), 5)",houghCircleAlt,0.785416667,30022406.31,31025083
"(np.float64(1.5), 190, 320, np.float64(0.8500000000000001), 10)",houghCircleAlt,0.785416667,28331354.91,29106154
"(np.float64(1.5), 190, 340, np.float64(0.9000000000000001), 5)",houghCircleAlt,0.785416667,27874485.88,28858659
"(np.float64(1.5), 190, 370, np.float64(0.9000000000000001), 5)",houghCircleAlt,0.785416667,29838887.4,30432121.5
"(np.float64(1.5), 200, 300, np.float64(0.9000000000000001), 5)",houghCircleAlt,0.785416667,31478274.28,32444357
"(np.float64(1.5), 200, 330, np.float64(0.8500000000000001), 10)",houghCircleAlt,0.785416667,27579953.93,28444414
"(np.float64(1.5), 200, 340, np.float64(0.9000000000000001), 5)",houghCircleAlt,0.785416667,30795742.24,31827460
"(np.float64(1.5), 200, 370, np.float64(0.9000000000000001), 5)",houghCircleAlt,0.785416667,28802614.89,29301997.5
"(np.float64(1.5), 210, 300, np.float64(0.9000000000000001), 5)",houghCircleAlt,0.785416667,32152409.09,32851921.5
"(np.float64(1.5), 210, 340, np.float64(0.8500000000000001), 10)",houghCircleAlt,0.785416667,29740039.04,30537637
"(np.float64(1.5), 210, 350, np.float64(0.8500000000000001), 10)",houghCircleAlt,0.785416667,29633433.63,29980720.5
"(np.float64(1.5), 220, 310, np.float64(0.8500000000000001), 10)",houghCircleAlt,0.785416667,28652785.16,29596698.5
"(np.float64(1.5), 220, 330, np.float64(0.8500000000000001), 10)",houghCircleAlt,0.785416667,31144113.31,31626462.5
"(np.float64(1.5), 220, 350, np.float64(0.9000000000000001), 5)",houghCircleAlt,0.785416667,30990938.68,31726214
"(np.float64(1.5), 220, 360, np.float64(0.9000000000000001), 5)",houghCircleAlt,0.785416667,29781379.18,30688192.5
"(np.float64(1.5), 220, 380, np.float64(0.9000000000000001), 5)",houghCircleAlt,0.785416667,29344788.83,29929694.5
"(np.float64(1.5), 220, 390, np.float64(0.8500000000000001), 10)",houghCircleAlt,0.785416667,28956970.37,29416441.5
"(np.float64(1.0), 200, 340, np.float64(0.8500000000000001), 10)",houghCircleAlt,0.783333333,54165191.11,55324556.5
"(np.float64(1.0), 200, 370, np.float64(0.8500000000000001), 10)",houghCircleAlt,0.783333333,53962599.87,54665285
"(np.float64(1.0), 200, 380, np.float64(0.8500000000000001), 10)",houghCircleAlt,0.783333333,54390291.17,55158134.5
"(np.float64(1.0), 210, 340, np.float64(0.9000000000000001), 5)",houghCircleAlt,0.783333333,58260341.84,59047432
"(np.float64(1.0), 210, 350, np.float64(0.9000000000000001), 5)",houghCircleAlt,0.783333333,59811773.18,60810498
"(np.float64(1.0), 210, 360, np.float64(0.9000000000000001), 5)",houghCircleAlt,0.783333333,57581275.13,58237430.5
"(np.float64(1.0), 210, 370, np.float64(0.9000000000000001), 5)",houghCircleAlt,0.783333333,57425386.16,58072235.5
"(np.float64(1.0), 220, 390, np.float64(0.8), 15)",houghCircleAlt,0.783333333,55721755.45,56334702
"(np.float64(1.0), 220, 390, np.float64(0.9000000000000001), 5)",houghCircleAlt,0.783333333,58385660.35,58864422
"(np.float64(1.0), 230, 380, np.float64(0.8), 15)",houghCircleAlt,0.783333333,56069372.46,56618103.5
"(np.float64(1.0), 230, 390, np.float64(0.8500000000000001), 10)",houghCircleAlt,0.783333333,57739034.99,58265198.5
"(np.float64(1.5), 150, 320, np.float64(0.9000000000000001), 5)",houghCircleAlt,0.783333333,28477292.41,29228509
"(np.float64(1.5), 160, 330, np.float64(0.9000000000000001), 5)",houghCircleAlt,0.783333333,27924244.7,28833698
"(np.float64(1.5), 160, 360, np.float64(0.9000000000000001), 5)",houghCircleAlt,0.783333333,29343037.63,29965697.5
"(np.float64(1.5), 170, 310, np.float64(0.9000000000000001), 5)",houghCircleAlt,0.783333333,30679421.89,31728534.5
"(np.float64(1.5), 170, 350, np.float64(0.9000000000000001), 5)",houghCircleAlt,0.783333333,28574546.09,29242440
"(np.float64(1.5), 180, 300, np.float64(0.9000000000000001), 5)",houghCircleAlt,0.783333333,28433240.77,29413991.5
"(np.float64(1.5), 180, 340, np.float64(0.9000000000000001), 5)",houghCircleAlt,0.783333333,28819166.37,29652640
"(np.float64(1.5), 180, 350, np.float64(0.9000000000000001), 5)",houghCircleAlt,0.783333333,29102696.45,29793380
"(np.float64(1.5), 180, 360, np.float64(0.8), 15)",houghCircleAlt,0.783333333,27033049.47,27391748
"(np.float64(1.5), 180, 360, np.float64(0.9000000000000001), 5)",houghCircleAlt,0.783333333,27866907.37,28449682.5
"(np.float64(1.5), 180, 380, np.float64(0.9000000000000001), 5)",houghCircleAlt,0.783333333,27713208.35,28134324
"(np.float64(1.5), 190, 330, np.float64(0.8500000000000001), 10)",houghCircleAlt,0.783333333,30407918.98,31319898
"(np.float64(1.5), 190, 390, np.float64(0.9000000000000001), 5)",houghCircleAlt,0.783333333,28205347.78,28594745.5
"(np.float64(1.5), 200, 310, np.float64(0.8500000000000001), 10)",houghCircleAlt,0.783333333,30074689.44,31126298
"(np.float64(1.5), 200, 340, np.float64(0.8500000000000001), 10)",houghCircleAlt,0.783333333,29048047.31,29740730.5
"(np.float64(1.5), 200, 390, np.float64(0.9000000000000001), 5)",houghCircleAlt,0.783333333,29266983.76,29689883
"(np.float64(1.5), 210, 300, np.float64(0.8500000000000001), 10)",houghCircleAlt,0.783333333,29664710.26,30550279
"(np.float64(1.5), 210, 390, np.float64(0.8500000000000001), 10)",houghCircleAlt,0.783333333,26907322.58,27287122
"(np.float64(1.5), 220, 300, np.float64(0.8500000000000001), 10)",houghCircleAlt,0.783333333,31435893.03,32272680
"(np.float64(1.5), 220, 320, np.float64(0.9000000000000001), 5)",houghCircleAlt,0.783333333,30511365.84,31249423.5
"(np.float64(1.5), 220, 340, np.float64(0.9000000000000001), 5)",houghCircleAlt,0.783333333,30091440.7,30672563
"(np.float64(1.5), 220, 390, np.float64(0.9000000000000001), 5)",houghCircleAlt,0.783333333,30368542.45,31095646.5
"(np.float64(1.5), 230, 320, np.float64(0.8500000000000001), 10)",houghCircleAlt,0.783333333,30160695.18,30923018
"(np.float64(1.0), 160, 390, np.float64(0.9000000000000001), 5)",houghCircleAlt,0.78125,50396840.2,50772692.5
"(np.float64(1.0), 180, 340, np.float64(0.9000000000000001), 5)",houghCircleAlt,0.78125,53532748.14,54386527
"(np.float64(1.0), 180, 350, np.float64(0.8), 15)",houghCircleAlt,0.78125,50721236.29,51420142
"(np.float64(1.0), 180, 350, np.float64(0.9000000000000001), 5)",houghCircleAlt,0.78125,54559142.82,55311246.5
"(np.float64(1.0), 180, 380, np.float64(0.9000000000000001), 5)",houghCircleAlt,0.78125,52800776.26,53439820.5
"(np.float64(1.0), 180, 390, np.float64(0.9000000000000001), 5)",houghCircleAlt,0.78125,51209092.24,51887774
"(np.float64(1.0), 190, 360, np.float64(0.8500000000000001), 10)",houghCircleAlt,0.78125,54183776.83,54824082
"(np.float64(1.0), 200, 300, np.float64(0.8500000000000001), 10)",houghCircleAlt,0.78125,56118953.04,57129578
"(np.float64(1.0), 200, 380, np.float64(0.9000000000000001), 5)",houghCircleAlt,0.78125,55357421.71,56084036.5
"(np.float64(1.0), 210, 390, np.float64(0.8500000000000001), 10)",houghCircleAlt,0.78125,56003981.11,56581686
"(np.float64(1.0), 220, 340, np.float64(0.9000000000000001), 5)",houghCircleAlt,0.78125,59480673.69,60800434
"(np.float64(1.0), 220, 350, np.float64(0.9000000000000001), 5)",houghCircleAlt,0.78125,58255443.68,59192477.5
"(np.float64(1.0), 220, 360, np.float64(0.9000000000000001), 5)",houghCircleAlt,0.78125,58516604.99,59116880.5
"(np.float64(1.0), 220, 370, np.float64(0.9000000000000001), 5)",houghCircleAlt,0.78125,58663975.44,59154813
"(np.float64(1.5), 130, 320, np.float64(0.9000000000000001), 5)",houghCircleAlt,0.78125,27388294.81,28118698
"(np.float64(1.5), 140, 320, np.float64(0.9000000000000001), 5)",houghCircleAlt,0.78125,28813597.48,29571337
"(np.float64(1.5), 150, 350, np.float64(0.9000000000000001), 5)",houghCircleAlt,0.78125,27488506.63,28209457.5
"(np.float64(1.5), 160, 370, np.float64(0.9000000000000001), 5)",houghCircleAlt,0.78125,27335615.77,28124522.5
"(np.float64(1.5), 170, 300, np.float64(0.9000000000000001), 5)",houghCircleAlt,0.78125,29277452.33,30280112.5
"(np.float64(1.5), 170, 340, np.float64(0.9000000000000001), 5)",houghCircleAlt,0.78125,28913776.53,29675121.5
"(np.float64(1.5), 170, 350, np.float64(0.8), 15)",houghCircleAlt,0.78125,26179608.68,26537781.5
"(np.float64(1.5), 170, 360, np.float64(0.9000000000000001), 5)",houghCircleAlt,0.78125,27848740.44,28446673
"(np.float64(1.5), 170, 380, np.float64(0.9000000000000001), 5)",houghCircleAlt,0.78125,29235830.35,30031140
"(np.float64(1.5), 180, 370, np.float64(0.9000000000000001), 5)",houghCircleAlt,0.78125,28592409.59,28788929
"(np.float64(1.5), 180, 380, np.float64(0.8), 15)",houghCircleAlt,0.78125,25691204.59,25846830
"(np.float64(1.5), 180, 390, np.float64(0.8), 15)",houghCircleAlt,0.78125,26159568.53,26157814
"(np.float64(1.5), 190, 340, np.float64(0.8500000000000001), 10)",houghCircleAlt,0.78125,29018372.13,29622709
"(np.float64(1.5), 200, 350, np.float64(0.8500000000000001), 10)",houghCircleAlt,0.78125,29264680.39,29826600.5
"(np.float64(1.5), 200, 380, np.float64(0.8500000000000001), 10)",houghCircleAlt,0.78125,27878642.29,28128785.5
"(np.float64(1.5), 210, 330, np.float64(0.9000000000000001), 5)",houghCircleAlt,0.78125,31494644.8,32435741
"(np.float64(1.5), 210, 380, np.float64(0.8500000000000001), 10)",houghCircleAlt,0.78125,28907588.35,29386334
"(np.float64(1.5), 220, 310, np.float64(0.9000000000000001), 5)",houghCircleAlt,0.78125,31899548.39,33003636
"(np.float64(1.5), 220, 340, np.float64(0.8500000000000001), 10)",houghCircleAlt,0.78125,29509281.21,30349903.5
"(np.float64(1.5), 220, 350, np.float64(0.8500000000000001), 10)",houghCircleAlt,0.78125,29059990.09,29504718.5
"(np.float64(1.5), 220, 370, np.float64(0.9000000000000001), 5)",houghCircleAlt,0.78125,28307821.69,29001825.5
"(np.float64(1.5), 220, 380, np.float64(0.8500000000000001), 10)",houghCircleAlt,0.78125,29428411.34,29699717.5
"(np.float64(1.0), 160, 340, np.float64(0.9000000000000001), 5)",houghCircleAlt,0.779166667,50885009.77,51788768
"(np.float64(1.0), 160, 350, np.float64(0.9000000000000001), 5)",houghCircleAlt,0.779166667,51409131.16,52424245
"(np.float64(1.0), 160, 380, np.float64(0.9000000000000001), 5)",houghCircleAlt,0.779166667,49137718.56,49970722.5
"(np.float64(1.0), 170, 390, np.float64(0.9000000000000001), 5)",houghCircleAlt,0.779166667,51065768.69,51896460
"(np.float64(1.0), 180, 300, np.float64(0.9000000000000001), 5)",houghCircleAlt,0.779166667,54829438,56471794
"(np.float64(1.0), 180, 370, np.float64(0.9000000000000001), 5)",houghCircleAlt,0.779166667,52110923.22,52834124
"(np.float64(1.0), 180, 380, np.float64(0.8), 15)",houghCircleAlt,0.779166667,49174634.84,49609745.5
"(np.float64(1.0), 190, 340, np.float64(0.9000000000000001), 5)",houghCircleAlt,0.779166667,54883927.08,55692897.5
"(np.float64(1.0), 190, 350, np.float64(0.8500000000000001), 10)",houghCircleAlt,0.779166667,53196624.02,53796680.5
"(np.float64(1.0), 190, 350, np.float64(0.9000000000000001), 5)",houghCircleAlt,0.779166667,54802520.48,55693113
"(np.float64(1.0), 190, 380, np.float64(0.9000000000000001), 5)",houghCircleAlt,0.779166667,54531929.99,55157728
"(np.float64(1.0), 190, 390, np.float64(0.9000000000000001), 5)",houghCircleAlt,0.779166667,53856175.4,54514331.5
"(np.float64(1.0), 200, 310, np.float64(0.8500000000000001), 10)",houghCircleAlt,0.779166667,55690048.42,56811054.5
"(np.float64(1.0), 200, 330, np.float64(0.8500000000000001), 10)",houghCircleAlt,0.779166667,55348972.24,56057702.5
"(np.float64(1.0), 200, 340, np.float64(0.9000000000000001), 5)",houghCircleAlt,0.779166667,55882763.49,57126221.5
"(np.float64(1.0), 200, 350, np.float64(0.9000000000000001), 5)",houghCircleAlt,0.779166667,56286131.31,57164267.5
"(np.float64(1.0), 200, 390, np.float64(0.9000000000000001), 5)",houghCircleAlt,0.779166667,55090060.06,55952673
"(np.float64(1.0), 210, 330, np.float64(0.9000000000000001), 5)",houghCircleAlt,0.779166667,58422200.15,59290076
"(np.float64(1.5), 110, 320, np.float64(0.9000000000000001), 5)",houghCircleAlt,0.779166667,27503201.21,28324643.5
"(np.float64(1.5), 120, 320, np.float64(0.9000000000000001), 5)",houghCircleAlt,0.779166667,27522543.34,28196643.5
"(np.float64(1.5), 150, 310, np.float64(0.9000000000000001), 5)",houghCircleAlt,0.779166667,28347249.89,29349210
"(np.float64(1.5), 150, 340, np.float64(0.9000000000000001), 5)",houghCircleAlt,0.779166667,29939754.77,30571468.5
"(np.float64(1.5), 150, 380, np.float64(0.9000000000000001), 5)",houghCircleAlt,0.779166667,27436623.49,27868642
"(np.float64(1.5), 160, 390, np.float64(0.9000000000000001), 5)",houghCircleAlt,0.779166667,27386557.46,27680984
"(np.float64(1.5), 170, 330, np.float64(0.9000000000000001), 5)",houghCircleAlt,0.779166667,29084544.79,29935711
"(np.float64(1.5), 170, 370, np.float64(0.9000000000000001), 5)",houghCircleAlt,0.779166667,28538223.47,29248126.5
"(np.float64(1.5), 180, 320, np.float64(0.8500000000000001), 10)",houghCircleAlt,0.779166667,26860073.35,27711904
"(np.float64(1.5), 180, 330, np.float64(0.9000000000000001), 5)",houghCircleAlt,0.779166667,29733218.43,30376858
"(np.float64(1.5), 180, 390, np.float64(0.9000000000000001), 5)",houghCircleAlt,0.779166667,27251513.83,27773515
"(np.float64(1.5), 190, 330, np.float64(0.9000000000000001), 5)",houghCircleAlt,0.779166667,29675411.64,30733332.5
"(np.float64(1.5), 190, 350, np.float64(0.8500000000000001), 10)",houghCircleAlt,0.779166667,27638148.72,28239738.5
"(np.float64(1.5), 200, 300, np.float64(0.8500000000000001), 10)",houghCircleAlt,0.779166667,31475574.82,32708743.5
"(np.float64(1.5), 200, 330, np.float64(0.9000000000000001), 5)",houghCircleAlt,0.779166667,29613917.7,30400972.5
"(np.float64(1.5), 200, 390, np.float64(0.8500000000000001), 10)",houghCircleAlt,0.779166667,26888285.46,27215975
"(np.float64(1.5), 210, 360, np.float64(0.8500000000000001), 10)",houghCircleAlt,0.779166667,29390769.96,29988210.5
"(np.float64(1.5), 210, 370, np.float64(0.8500000000000001), 10)",houghCircleAlt,0.779166667,29378010.08,29829436.5
"(np.float64(1.5), 230, 300, np.float64(0.8500000000000001), 10)",houghCircleAlt,0.779166667,30544339.37,31573874.5
"(np.float64(1.0), 170, 340, np.float64(0.9000000000000001), 5)",houghCircleAlt,0.777083333,53311736.93,54489565.5
"(np.float64(1.0), 170, 350, np.float64(0.9000000000000001), 5)",houghCircleAlt,0.777083333,51996850.89,52854777.5
"(np.float64(1.0), 170, 380, np.float64(0.9000000000000001), 5)",houghCircleAlt,0.777083333,51416381.75,51993498
"(np.float64(1.0), 180, 330, np.float64(0.9000000000000001), 5)",houghCircleAlt,0.777083333,54811452.8,56274885.5
"(np.float64(1.0), 180, 360, np.float64(0.9000000000000001), 5)",houghCircleAlt,0.777083333,53122590.41,54168498
"(np.float64(1.0), 190, 360, np.float64(0.9000000000000001), 5)",houghCircleAlt,0.777083333,54402403.99,55041791
"(np.float64(1.0), 190, 370, np.float64(0.9000000000000001), 5)",houghCircleAlt,0.777083333,54433716.1,55283555
"(np.float64(1.0), 200, 320, np.float64(0.8500000000000001), 10)",houghCircleAlt,0.777083333,54872339.14,56023202
"(np.float64(1.0), 200, 360, np.float64(0.9000000000000001), 5)",houghCircleAlt,0.777083333,55950022.62,56925334
"(np.float64(1.0), 200, 370, np.float64(0.9000000000000001), 5)",houghCircleAlt,0.777083333,55780941.29,56485189.5
"(np.float64(1.0), 200, 390, np.float64(0.8500000000000001), 10)",houghCircleAlt,0.777083333,53974779.66,54456573.5
"(np.float64(1.0), 210, 300, np.float64(0.9000000000000001), 5)",houghCircleAlt,0.777083333,59083333.98,60681436
"(np.float64(1.0), 220, 300, np.float64(0.9000000000000001), 5)",houghCircleAlt,0.777083333,60296879.16,61625211
"(np.float64(1.0), 220, 330, np.float64(0.9000000000000001), 5)",houghCircleAlt,0.777083333,58813069.08,59857235
"(np.float64(1.0), 230, 370, np.float64(0.8), 15)",houghCircleAlt,0.777083333,56766293.32,57416241
"(np.float64(1.0), 230, 390, np.float64(0.8), 15)",houghCircleAlt,0.777083333,57188408.13,57524544.5
"(np.float64(1.5), 100, 320, np.float64(0.9000000000000001), 5)",houghCircleAlt,0.777083333,28438266.07,29274460
"(np.float64(1.5), 150, 330, np.float64(0.9000000000000001), 5)",houghCircleAlt,0.777083333,28529526.26,29081900.5
"(np.float64(1.5), 150, 360, np.float64(0.9000000000000001), 5)",houghCircleAlt,0.777083333,28155789.14,28868513.5
"(np.float64(1.5), 150, 370, np.float64(0.9000000000000001), 5)",houghCircleAlt,0.777083333,26960906.58,27377125.5
"(np.float64(1.5), 170, 360, np.float64(0.8), 15)",houghCircleAlt,0.777083333,26622104.81,26890377.5
"(np.float64(1.5), 180, 330, np.float64(0.8500000000000001), 10)",houghCircleAlt,0.777083333,29152375.2,29741330.5
"(np.float64(1.5), 180, 340, np.float64(0.8), 15)",houghCircleAlt,0.777083333,26447749.19,26944578.5
"(np.float64(1.5), 180, 370, np.float64(0.8), 15)",houghCircleAlt,0.777083333,26346428.42,26832379
"(np.float64(1.5), 190, 310, np.float64(0.8500000000000001), 10)",houghCircleAlt,0.777083333,30485971.9,31529170.5
"(np.float64(1.5), 190, 360, np.float64(0.8500000000000001), 10)",houghCircleAlt,0.777083333,26502906.82,27046120
"(np.float64(1.5), 190, 380, np.float64(0.8500000000000001), 10)",houghCircleAlt,0.777083333,27717889.45,28428523
"(np.float64(1.5), 190, 390, np.float64(0.8500000000000001), 10)",houghCircleAlt,0.777083333,27071567.88,27392271
"(np.float64(1.5), 200, 360, np.float64(0.8500000000000001), 10)",houghCircleAlt,0.777083333,26707972.77,27256193.5
"(np.float64(1.5), 200, 370, np.float64(0.8500000000000001), 10)",houghCircleAlt,0.777083333,29017385.99,29246628.5
"(np.float64(1.5), 220, 300, np.float64(0.9000000000000001), 5)",houghCircleAlt,0.777083333,32588930.72,33967458.5
"(np.float64(1.5), 220, 360, np.float64(0.8500000000000001), 10)",houghCircleAlt,0.777083333,29642656.06,30379233
"(np.float64(1.5), 220, 370, np.float64(0.8500000000000001), 10)",houghCircleAlt,0.777083333,28644360.09,28987676
"(np.float64(1.5), 230, 310, np.float64(0.8500000000000001), 10)",houghCircleAlt,0.777083333,31317836.32,32119443
"(np.float64(1.5), 230, 330, np.float64(0.8500000000000001), 10)",houghCircleAlt,0.777083333,30251711.16,31307178.5
"(np.float64(1.5), 230, 390, np.float64(0.8500000000000001), 10)",houghCircleAlt,0.777083333,27649980.6,28155611.5
"(np.float64(1.0), 160, 300, np.float64(0.9000000000000001), 5)",houghCircleAlt,0.775,52873699.98,54179282.5
"(np.float64(1.0), 160, 330, np.float64(0.9000000000000001), 5)",houghCircleAlt,0.775,51266944.83,52074919.5
"(np.float64(1.0), 160, 370, np.float64(0.9000000000000001), 5)",houghCircleAlt,0.775,50753688.61,51483351.5
"(np.float64(1.0), 170, 380, np.float64(0.8), 15)",houghCircleAlt,0.775,49469761.68,50060465
"(np.float64(1.0), 180, 340, np.float64(0.8), 15)",houghCircleAlt,0.775,50548409.4,51151032
"(np.float64(1.0), 180, 360, np.float64(0.8500000000000001), 10)",houghCircleAlt,0.775,52431393.99,53258796
"(np.float64(1.0), 190, 300, np.float64(0.8500000000000001), 10)",houghCircleAlt,0.775,55481446.58,56510872
"(np.float64(1.0), 190, 300, np.float64(0.9000000000000001), 5)",houghCircleAlt,0.775,56094228.05,57374367.5
"(np.float64(1.0), 190, 310, np.float64(0.8500000000000001), 10)",houghCircleAlt,0.775,54541541.18,55303577.5
"(np.float64(1.0), 190, 330, np.float64(0.9000000000000001), 5)",houghCircleAlt,0.775,54866519.19,56269033.5
"(np.float64(1.0), 190, 370, np.float64(0.8500000000000001), 10)",houghCircleAlt,0.775,53029106.67,53795403.5
"(np.float64(1.0), 190, 380, np.float64(0.8500000000000001), 10)",houghCircleAlt,0.775,52599507.59,52990718.5
"(np.float64(1.0), 200, 300, np.float64(0.9000000000000001), 5)",houghCircleAlt,0.775,57925598.26,59279181
"(np.float64(1.0), 200, 330, np.float64(0.9000000000000001), 5)",houghCircleAlt,0.775,56763921.23,57946099
"(np.float64(1.0), 260, 350, np.float64(0.8500000000000001), 15)",houghCircleAlt,0.775,62985300.55,63187788
"(np.float64(1.5), 100, 310, np.float64(0.9000000000000001), 5)",houghCircleAlt,0.775,27464690.39,27981088.5
"(np.float64(1.5), 110, 310, np.float64(0.9000000000000001), 5)",houghCircleAlt,0.775,29033554.73,30070203
"(np.float64(1.5), 130, 310, np.float64(0.9000000000000001), 5)",houghCircleAlt,0.775,27574688.85,28437930
"(np.float64(1.5), 130, 330, np.float64(0.9000000000000001), 5)",houghCircleAlt,0.775,28079843.48,29078668
"(np.float64(1.5), 140, 310, np.float64(0.9000000000000001), 5)",houghCircleAlt,0.775,28729033.07,29702332
"(np.float64(1.5), 140, 330, np.float64(0.9000000000000001), 5)",houghCircleAlt,0.775,27113377.37,27833937
"(np.float64(1.5), 140, 350, np.float64(0.9000000000000001), 5)",houghCircleAlt,0.775,28727261.15,29448182.5
"(np.float64(1.5), 140, 380, np.float64(0.9000000000000001), 5)",houghCircleAlt,0.775,25386985.69,25802612.5
"(np.float64(1.5), 150, 300, np.float64(0.9000000000000001), 5)",houghCircleAlt,0.775,27814152.86,28802294.5
"(np.float64(1.5), 180, 340, np.float64(0.8500000000000001), 10)",houghCircleAlt,0.775,26624723.76,27567593
"(np.float64(1.5), 190, 370, np.float64(0.8500000000000001), 10)",houghCircleAlt,0.775,27457795.6,28159975
"(np.float64(1.5), 230, 350, np.float64(0.8500000000000001), 10)",houghCircleAlt,0.775,30755825.03,31607963.5
"(np.float64(1.5), 230, 380, np.float64(0.8500000000000001), 10)",houghCircleAlt,0.775,30306329.19,31001857.5
"(np.float64(1.0), 150, 340, np.float64(0.9000000000000001), 5)",houghCircleAlt,0.772916667,50350173.9,51359963
"(np.float64(1.0), 150, 390, np.float64(0.9000000000000001), 5)",houghCircleAlt,0.772916667,47566464.29,48484032
"(np.float64(1.0), 160, 360, np.float64(0.9000000000000001), 5)",houghCircleAlt,0.772916667,49810517.21,50549824
"(np.float64(1.0), 170, 300, np.float64(0.9000000000000001), 5)",houghCircleAlt,0.772916667,52549994.83,53658544.5
"(np.float64(1.0), 170, 330, np.float64(0.9000000000000001), 5)",houghCircleAlt,0.772916667,52928637.09,54063521
"(np.float64(1.0), 170, 370, np.float64(0.9000000000000001), 5)",houghCircleAlt,0.772916667,52170316.56,52891437
"(np.float64(1.0), 180, 350, np.float64(0.8500000000000001), 10)",houghCircleAlt,0.772916667,51826393.27,52516649
"(np.float64(1.0), 180, 360, np.float64(0.8), 15)",houghCircleAlt,0.772916667,51619112.61,51946783.5
"(np.float64(1.0), 180, 390, np.float64(0.8), 15)",houghCircleAlt,0.772916667,49991731.66,50410847.5
"(np.float64(1.0), 190, 320, np.float64(0.8500000000000001), 10)",houghCircleAlt,0.772916667,55167766.1,56286065
"(np.float64(1.0), 190, 340, np.float64(0.8500000000000001), 10)",houghCircleAlt,0.772916667,54714312.6,55544099
"(np.float64(1.0), 250, 310, np.float64(0.9000000000000001), 10)",houghCircleAlt,0.772916667,64121858.37,64742509.5
"(np.float64(1.0), 250, 320, np.float64(0.9000000000000001), 10)",houghCircleAlt,0.772916667,62872210.24,63532660
"(np.float64(1.0), 250, 340, np.float64(0.9000000000000001), 10)",houghCircleAlt,0.772916667,62733530.47,63353848
"(np.float64(1.0), 260, 330, np.float64(0.8500000000000001), 15)",houghCircleAlt,0.772916667,63660842.21,63870063
"(np.float64(1.5), 100, 330, np.float64(0.9000000000000001), 5)",houghCircleAlt,0.772916667,26902683.76,27521942
"(np.float64(1.5), 110, 330, np.float64(0.9000000000000001), 5)",houghCircleAlt,0.772916667,26533815.88,27514404.5
"(np.float64(1.5), 120, 310, np.float64(0.9000000000000001), 5)",houghCircleAlt,0.772916667,26875546.79,27621744.5
"(np.float64(1.5), 120, 330, np.float64(0.9000000000000001), 5)",houghCircleAlt,0.772916667,26864635.96,27467424.5
"(np.float64(1.5), 130, 300, np.float64(0.9000000000000001), 5)",houghCircleAlt,0.772916667,27958578.14,28884779.5
"(np.float64(1.5), 140, 300, np.float64(0.9000000000000001), 5)",houghCircleAlt,0.772916667,29940788.56,30893673
"(np.float64(1.5), 140, 340, np.float64(0.9000000000000001), 5)",houghCircleAlt,0.772916667,29084956.83,29769921.5
"(np.float64(1.5), 150, 390, np.float64(0.9000000000000001), 5)",houghCircleAlt,0.772916667,28942029.17,29377573.5
"(np.float64(1.5), 170, 320, np.float64(0.8500000000000001), 10)",houghCircleAlt,0.772916667,26838644.87,27492001
"(np.float64(1.5), 170, 330, np.float64(0.8500000000000001), 10)",houghCircleAlt,0.772916667,27641288.24,28266954.5
"(np.float64(1.5), 170, 390, np.float64(0.8), 15)",houghCircleAlt,0.772916667,25658096.49,26083248.5
"(np.float64(1.5), 170, 390, np.float64(0.9000000000000001), 5)",houghCircleAlt,0.772916667,28068639.38,28451311
"(np.float64(1.5), 180, 350, np.float64(0.8500000000000001), 10)",houghCircleAlt,0.772916667,28663914.16,29470372.5
"(np.float64(1.5), 190, 300, np.float64(0.8500000000000001), 10)",houghCircleAlt,0.772916667,29169371.89,30235974.5
"(np.float64(1.5), 220, 330, np.float64(0.9000000000000001), 5)",houghCircleAlt,0.772916667,31184481.45,31974115
"(np.float64(1.5), 230, 320, np.float64(0.9000000000000001), 5)",houghCircleAlt,0.772916667,32181387.96,33395416
"(np.float64(1.5), 230, 340, np.float64(0.8500000000000001), 10)",houghCircleAlt,0.772916667,30907682.72,31683525.5
"(np.float64(1.0), 120, 390, np.float64(0.9000000000000001), 5)",houghCircleAlt,0.770833333,44015484.22,44812765.5
"(np.float64(1.0), 140, 390, np.float64(0.9000000000000001), 5)",houghCircleAlt,0.770833333,46946797.47,47739752
"(np.float64(1.0), 150, 330, np.float64(0.9000000000000001), 5)",houghCircleAlt,0.770833333,50572761.71,51874795.5
"(np.float64(1.0), 150, 350, np.float64(0.9000000000000001), 5)",houghCircleAlt,0.770833333,49499787.14,50421057.5
"(np.float64(1.0), 150, 380, np.float64(0.9000000000000001), 5)",houghCircleAlt,0.770833333,49414944,50150359
"(np.float64(1.0), 160, 310, np.float64(0.9000000000000001), 5)",houghCircleAlt,0.770833333,51135650.25,52771576.5
"(np.float64(1.0), 160, 320, np.float64(0.9000000000000001), 5)",houghCircleAlt,0.770833333,52274847.78,53478117
"(np.float64(1.0), 170, 350, np.float64(0.8), 15)",houghCircleAlt,0.770833333,49512811.65,49942013.5
"(np.float64(1.0), 170, 360, np.float64(0.9000000000000001), 5)",houghCircleAlt,0.770833333,52733045.56,53640992
"(np.float64(1.0), 180, 310, np.float64(0.8), 15)",houghCircleAlt,0.770833333,51727464.86,52377081
"(np.float64(1.0), 180, 310, np.float64(0.9000000000000001), 5)",houghCircleAlt,0.770833333,54585420.84,55981784.5
"(np.float64(1.0), 180, 320, np.float64(0.8), 15)",houghCircleAlt,0.770833333,52037579.33,52840305.5
"(np.float64(1.0), 180, 320, np.float64(0.9000000000000001), 5)",houghCircleAlt,0.770833333,54219303.01,55206685
"(np.float64(1.0), 180, 330, np.float64(0.8), 15)",houghCircleAlt,0.770833333,51182511.5,51924447.5
"(np.float64(1.0), 190, 330, np.float64(0.8500000000000001), 10)",houghCircleAlt,0.770833333,53919961.3,54846394
"(np.float64(1.0), 220, 320, np.float64(0.9000000000000001), 5)",houghCircleAlt,0.770833333,59738484.05,60798200
"(np.float64(1.0), 230, 300, np.float64(0.9000000000000001), 5)",houghCircleAlt,0.770833333,61957635.12,63266145.5
"(np.float64(1.0), 230, 340, np.float64(0.9000000000000001), 5)",houghCircleAlt,0.770833333,60921272.57,61979967
"(np.float64(1.0), 230, 350, np.float64(0.9000000000000001), 5)",houghCircleAlt,0.770833333,60697166.18,61587556
"(np.float64(1.0), 230, 380, np.float64(0.9000000000000001), 5)",houghCircleAlt,0.770833333,59937900.09,60750305.5
"(np.float64(1.0), 230, 390, np.float64(0.9000000000000001), 5)",houghCircleAlt,0.770833333,60102479.21,60163694
"(np.float64(1.0), 250, 350, np.float64(0.9000000000000001), 10)",houghCircleAlt,0.770833333,61575182.15,62254577.5
"(np.float64(1.0), 250, 360, np.float64(0.9000000000000001), 10)",houghCircleAlt,0.770833333,62427151.75,62802395
"(np.float64(1.0), 260, 340, np.float64(0.8500000000000001), 15)",houghCircleAlt,0.770833333,63812209.7,63590919
"(np.float64(1.0), 260, 360, np.float64(0.8500000000000001), 15)",houghCircleAlt,0.770833333,63149197.25,63031445
"(np.float64(1.0), 260, 370, np.float64(0.8500000000000001), 15)",houghCircleAlt,0.770833333,62817107.98,62942899
"(np.float64(1.5), 100, 300, np.float64(0.9000000000000001), 5)",houghCircleAlt,0.770833333,28008816.04,29015759.5
"(np.float64(1.5), 100, 350, np.float64(0.9000000000000001), 5)",houghCircleAlt,0.770833333,25689560.93,26261733
"(np.float64(1.5), 100, 380, np.float64(0.9000000000000001), 5)",houghCircleAlt,0.770833333,26321064.46,26832584
"(np.float64(1.5), 110, 300, np.float64(0.9000000000000001), 5)",houghCircleAlt,0.770833333,26967269.09,27847178.5
"(np.float64(1.5), 110, 350, np.float64(0.9000000000000001), 5)",houghCircleAlt,0.770833333,27260405.4,27779515.5
"(np.float64(1.5), 110, 380, np.float64(0.9000000000000001), 5)",houghCircleAlt,0.770833333,25745604.13,26375520.5
"(np.float64(1.5), 120, 300, np.float64(0.9000000000000001), 5)",houghCircleAlt,0.770833333,27715741.15,28687464
"(np.float64(1.5), 120, 350, np.float64(0.9000000000000001), 5)",houghCircleAlt,0.770833333,26510499.35,27051855
"(np.float64(1.5), 120, 380, np.float64(0.9000000000000001), 5)",houghCircleAlt,0.770833333,27275214.65,27887549.5
"(np.float64(1.5), 130, 350, np.float64(0.9000000000000001), 5)",houghCircleAlt,0.770833333,27392208.44,28158237.5
"(np.float64(1.5), 140, 360, np.float64(0.9000000000000001), 5)",houghCircleAlt,0.770833333,26933781.18,27487697.5
"(np.float64(1.5), 140, 370, np.float64(0.9000000000000001), 5)",houghCircleAlt,0.770833333,28609281.14,29288371
"(np.float64(1.5), 170, 340, np.float64(0.8), 15)",houghCircleAlt,0.770833333,25103129.2,25710519
"(np.float64(1.5), 170, 340, np.float64(0.8500000000000001), 10)",houghCircleAlt,0.770833333,28536663.75,29288026
"(np.float64(1.5), 170, 380, np.float64(0.8), 15)",houghCircleAlt,0.770833333,26342321.34,26667449.5
"(np.float64(1.5), 180, 300, np.float64(0.8), 15)",houghCircleAlt,0.770833333,27750632.76,28402365.5
"(np.float64(1.5), 180, 310, np.float64(0.8500000000000001), 10)",houghCircleAlt,0.770833333,28623228.24,29608628.5
"(np.float64(1.5), 180, 360, np.float64(0.8500000000000001), 10)",houghCircleAlt,0.770833333,29901119.08,30547981.5
"(np.float64(1.5), 230, 310, np.float64(0.9000000000000001), 5)",houghCircleAlt,0.770833333,32734708.81,33716097
"(np.float64(1.5), 230, 340, np.float64(0.9000000000000001), 5)",houghCircleAlt,0.770833333,31940685.94,32739286
"(np.float64(1.5), 230, 350, np.float64(0.9000000000000001), 5)",houghCircleAlt,0.770833333,30527231.59,31300731.5
"(np.float64(1.5), 230, 360, np.float64(0.8500000000000001), 10)",houghCircleAlt,0.770833333,29490427.75,29702729.5
"(np.float64(1.5), 230, 360, np.float64(0.9000000000000001), 5)",houghCircleAlt,0.770833333,30445422.17,31297931
"(np.float64(1.5), 230, 370, np.float64(0.8500000000000001), 10)",houghCircleAlt,0.770833333,30473879.05,31119245.5
"(np.float64(1.5), 230, 380, np.float64(0.9000000000000001), 5)",houghCircleAlt,0.770833333,30887518.27,31394524
"(np.float64(1.0), 110, 390, np.float64(0.9000000000000001), 5)",houghCircleAlt,0.76875,44094864.81,45046500.5
"(np.float64(1.0), 130, 390, np.float64(0.9000000000000001), 5)",houghCircleAlt,0.76875,45837611.36,46514638
"(np.float64(1.0), 140, 330, np.float64(0.9000000000000001), 5)",houghCircleAlt,0.76875,48665105.84,50135497
"(np.float64(1.0), 140, 340, np.float64(0.9000000000000001), 5)",houghCircleAlt,0.76875,49143980.03,50085111.5
"(np.float64(1.0), 140, 380, np.float64(0.9000000000000001), 5)",houghCircleAlt,0.76875,47212405.48,48238769
"(np.float64(1.0), 150, 300, np.float64(0.9000000000000001), 5)",houghCircleAlt,0.76875,50601599.45,52002308.5
"(np.float64(1.0), 170, 390, np.float64(0.8), 15)",houghCircleAlt,0.76875,48884329.76,49266190.5
"(np.float64(1.0), 180, 300, np.float64(0.8), 15)",houghCircleAlt,0.76875,52663290.69,53622228
"(np.float64(1.0), 180, 370, np.float64(0.8500000000000001), 10)",houghCircleAlt,0.76875,51300212.59,51998962.5
"(np.float64(1.0), 190, 390, np.float64(0.8500000000000001), 10)",houghCircleAlt,0.76875,52084038.86,52708535
"(np.float64(1.0), 210, 310, np.float64(0.9000000000000001), 5)",houghCircleAlt,0.76875,60946511.84,62227426
"(np.float64(1.0), 210, 320, np.float64(0.9000000000000001), 5)",houghCircleAlt,0.76875,58449806.54,59786748
"(np.float64(1.0), 220, 310, np.float64(0.9000000000000001), 5)",houghCircleAlt,0.76875,59971982.74,61457497.5
"(np.float64(1.0), 230, 330, np.float64(0.9000000000000001), 5)",houghCircleAlt,0.76875,63465680.6,64408729
"(np.float64(1.0), 230, 360, np.float64(0.9000000000000001), 5)",houghCircleAlt,0.76875,60033247.2,60815767.5
"(np.float64(1.0), 240, 300, np.float64(0.8500000000000001), 10)",houghCircleAlt,0.76875,61625705.12,62680616.5
"(np.float64(1.0), 240, 310, np.float64(0.8500000000000001), 10)",houghCircleAlt,0.76875,61326574.35,61897954
"(np.float64(1.0), 250, 300, np.float64(0.9000000000000001), 10)",houghCircleAlt,0.76875,63742246.74,64541934
"(np.float64(1.0), 250, 330, np.float64(0.9000000000000001), 10)",houghCircleAlt,0.76875,65767612.12,66511158
"(np.float64(1.0), 250, 380, np.float64(0.9000000000000001), 10)",houghCircleAlt,0.76875,62144585.14,62685400.5
"(np.float64(1.5), 100, 340, np.float64(0.9000000000000001), 5)",houghCircleAlt,0.76875,26066032.8,26605544
"(np.float64(1.5), 110, 340, np.float64(0.9000000000000001), 5)",houghCircleAlt,0.76875,26912025.84,27589604.5
"(np.float64(1.5), 120, 340, np.float64(0.9000000000000001), 5)",houghCircleAlt,0.76875,27360636.57,28334447.5
"(np.float64(1.5), 130, 340, np.float64(0.9000000000000001), 5)",houghCircleAlt,0.76875,26816654.91,27396898
"(np.float64(1.5), 130, 380, np.float64(0.9000000000000001), 5)",houghCircleAlt,0.76875,27111790.41,27730142
"(np.float64(1.5), 140, 390, np.float64(0.9000000000000001), 5)",houghCircleAlt,0.76875,26684238.67,27272959
"(np.float64(1.5), 160, 350, np.float64(0.8), 15)",houghCircleAlt,0.76875,25981105.29,26496883.5
"(np.float64(1.5), 170, 350, np.float64(0.8500000000000001), 10)",houghCircleAlt,0.76875,28187905.26,28784388.5
"(np.float64(1.5), 180, 310, np.float64(0.8), 15)",houghCircleAlt,0.76875,27000602.75,27565477.5
"(np.float64(1.5), 180, 320, np.float64(0.8), 15)",houghCircleAlt,0.76875,27648298.49,28225107
"(np.float64(1.5), 180, 330, np.float64(0.8), 15)",houghCircleAlt,0.76875,26591890.56,26947709
"(np.float64(1.5), 180, 370, np.float64(0.8500000000000001), 10)",houghCircleAlt,0.76875,26144829.9,26780326
"(np.float64(1.5), 230, 390, np.float64(0.9000000000000001), 5)",houghCircleAlt,0.76875,30510383.56,30896427
"(np.float64(1.5), 240, 350, np.float64(0.8), 15)",houghCircleAlt,0.76875,30138725.91,30728053
"(np.float64(1.5), 240, 360, np.float64(0.8), 15)",houghCircleAlt,0.76875,29905299.28,30390079.5
"(np.float64(1.5), 260, 330, np.float64(0.8500000000000001), 15)",houghCircleAlt,0.76875,30197311.01,31046965.5
"(np.float64(1.0), 100, 390, np.float64(0.9000000000000001), 5)",houghCircleAlt,0.766666667,43173039.19,44100163
"(np.float64(1.0), 120, 330, np.float64(0.9000000000000001), 5)",houghCircleAlt,0.766666667,46824637.54,48169293
"(np.float64(1.0), 120, 380, np.float64(0.9000000000000001), 5)",houghCircleAlt,0.766666667,45074649.48,45974190.5
"(np.float64(1.0), 130, 330, np.float64(0.9000000000000001), 5)",houghCircleAlt,0.766666667,47242211.7,48386234.5
"(np.float64(1.0), 140, 300, np.float64(0.9000000000000001), 5)",houghCircleAlt,0.766666667,48917998.46,50508475
"(np.float64(1.0), 140, 350, np.float64(0.9000000000000001), 5)",houghCircleAlt,0.766666667,48075469.59,49299538
"(np.float64(1.0), 160, 380, np.float64(0.8), 15)",houghCircleAlt,0.766666667,47355904.92,47937248
"(np.float64(1.0), 170, 310, np.float64(0.9000000000000001), 5)",houghCircleAlt,0.766666667,53663135.14,55112783.5
"(np.float64(1.0), 170, 320, np.float64(0.9000000000000001), 5)",houghCircleAlt,0.766666667,52983886.3,54252500.5
"(np.float64(1.0), 170, 340, np.float64(0.8), 15)",houghCircleAlt,0.766666667,49569218.06,50256744.5
"(np.float64(1.0), 170, 360, np.float64(0.8), 15)",houghCircleAlt,0.766666667,49325704.78,50128433
"(np.float64(1.0), 180, 320, np.float64(0.8500000000000001), 10)",houghCircleAlt,0.766666667,51624801.85,52762636
"(np.float64(1.0), 180, 330, np.float64(0.8500000000000001), 10)",houghCircleAlt,0.766666667,52310669.36,53278548
"(np.float64(1.0), 180, 340, np.float64(0.8500000000000001), 10)",houghCircleAlt,0.766666667,51219974.75,51992179.5
"(np.float64(1.0), 180, 370, np.float64(0.8), 15)",houghCircleAlt,0.766666667,50304389.24,50850497.5
"(np.float64(1.0), 190, 310, np.float64(0.9000000000000001), 5)",houghCircleAlt,0.766666667,56775458.12,57996529.5
"(np.float64(1.0), 190, 320, np.float64(0.9000000000000001), 5)",houghCircleAlt,0.766666667,55523453.13,56821691
"(np.float64(1.0), 200, 310, np.float64(0.9000000000000001), 5)",houghCircleAlt,0.766666667,57364820.04,58754651.5
"(np.float64(1.0), 200, 320, np.float64(0.9000000000000001), 5)",houghCircleAlt,0.766666667,56375062.65,57485555.5
"(np.float64(1.0), 230, 370, np.float64(0.9000000000000001), 5)",houghCircleAlt,0.766666667,59866887.51,61060643
"(np.float64(1.0), 240, 340, np.float64(0.8500000000000001), 10)",houghCircleAlt,0.766666667,60535712.12,61147215
"(np.float64(1.0), 240, 350, np.float64(0.8500000000000001), 10)",houghCircleAlt,0.766666667,59387139.98,60074346.5
"(np.float64(1.0), 240, 360, np.float64(0.8500000000000001), 10)",houghCircleAlt,0.766666667,60736027.61,60903447.5
"(np.float64(1.0), 240, 370, np.float64(0.8500000000000001), 10)",houghCircleAlt,0.766666667,59890503.65,60240554
"(np.float64(1.0), 240, 380, np.float64(0.8500000000000001), 10)",houghCircleAlt,0.766666667,60037946.23,60693068
"(np.float64(1.0), 250, 370, np.float64(0.9000000000000001), 10)",houghCircleAlt,0.766666667,62628541.35,62969103.5
"(np.float64(1.0), 260, 320, np.float64(0.8500000000000001), 15)",houghCircleAlt,0.766666667,63409424.75,63679410.5
"(np.float64(1.0), 260, 380, np.float64(0.8500000000000001), 15)",houghCircleAlt,0.766666667,63098813.9,63074471
"(np.float64(1.5), 100, 360, np.float64(0.9000000000000001), 5)",houghCircleAlt,0.766666667,28000168.37,28599218.5
"(np.float64(1.5), 100, 370, np.float64(0.9000000000000001), 5)",houghCircleAlt,0.766666667,25160304.78,25699483.5
"(np.float64(1.5), 110, 360, np.float64(0.9000000000000001), 5)",houghCircleAlt,0.766666667,27859492.07,28750683
"(np.float64(1.5), 110, 370, np.float64(0.9000000000000001), 5)",houghCircleAlt,0.766666667,25947144.25,26500200.5
"(np.float64(1.5), 120, 360, np.float64(0.9000000000000001), 5)",houghCircleAlt,0.766666667,25199642.71,25991505
"(np.float64(1.5), 120, 370, np.float64(0.9000000000000001), 5)",houghCircleAlt,0.766666667,26300457.08,26816299.5
"(np.float64(1.5), 130, 360, np.float64(0.9000000000000001), 5)",houghCircleAlt,0.766666667,28297028.25,28859293
"(np.float64(1.5), 130, 370, np.float64(0.9000000000000001), 5)",houghCircleAlt,0.766666667,26875147.33,27534375.5
"(np.float64(1.5), 160, 360, np.float64(0.8), 15)",houghCircleAlt,0.766666667,25548145.39,25592596.5
"(np.float64(1.5), 170, 370, np.float64(0.8), 15)",houghCircleAlt,0.766666667,25510365.2,25867138.5
"(np.float64(1.5), 230, 300, np.float64(0.9000000000000001), 5)",houghCircleAlt,0.766666667,32615211.7,34108701
"(np.float64(1.5), 230, 370, np.float64(0.9000000000000001), 5)",houghCircleAlt,0.766666667,28789029.72,29266144.5
"(np.float64(1.5), 240, 340, np.float64(0.8), 15)",houghCircleAlt,0.766666667,28949399.53,29417468.5
"(np.float64(1.5), 250, 300, np.float64(0.9000000000000001), 10)",houghCircleAlt,0.766666667,30003204.99,30916119.5
"(np.float64(1.5), 250, 310, np.float64(0.9000000000000001), 10)",houghCircleAlt,0.766666667,31743328.35,32717429
"(np.float64(1.5), 250, 320, np.float64(0.9000000000000001), 10)",houghCircleAlt,0.766666667,31275189.27,32162889.5
"(np.float64(1.5), 260, 320, np.float64(0.8500000000000001), 15)",houghCircleAlt,0.766666667,28536084.36,29254902.5
"(np.float64(1.5), 260, 380, np.float64(0.8500000000000001), 15)",houghCircleAlt,0.766666667,29616487.37,29913649
"(np.float64(1.0), 100, 330, np.float64(0.9000000000000001), 5)",houghCircleAlt,0.764583333,44724946.5,45981478
"(np.float64(1.0), 110, 330, np.float64(0.9000000000000001), 5)",houghCircleAlt,0.764583333,45365610.25,46442934
"(np.float64(1.0), 110, 380, np.float64(0.9000000000000001), 5)",houghCircleAlt,0.764583333,44209099.91,45147097.5
"(np.float64(1.0), 120, 340, np.float64(0.9000000000000001), 5)",houghCircleAlt,0.764583333,46479623.03,47733159.5
"(np.float64(1.0), 120, 350, np.float64(0.9000000000000001), 5)",houghCircleAlt,0.764583333,46122402.66,47033997
"(np.float64(1.0), 130, 340, np.float64(0.9000000000000001), 5)",houghCircleAlt,0.764583333,47215961.03,48178906
"(np.float64(1.0), 130, 380, np.float64(0.9000000000000001), 5)",houghCircleAlt,0.764583333,45483085.27,46300782.5
"(np.float64(1.0), 150, 310, np.float64(0.9000000000000001), 5)",houghCircleAlt,0.764583333,50616081.35,52152936
"(np.float64(1.0), 150, 320, np.float64(0.9000000000000001), 5)",houghCircleAlt,0.764583333,49950896.27,51184169
"(np.float64(1.0), 150, 360, np.float64(0.9000000000000001), 5)",houghCircleAlt,0.764583333,49810972.03,50616177.5
"(np.float64(1.0), 150, 370, np.float64(0.9000000000000001), 5)",houghCircleAlt,0.764583333,49088209.98,49990855
"(np.float64(1.0), 160, 350, np.float64(0.8), 15)",houghCircleAlt,0.764583333,47158176.19,47769006
"(np.float64(1.0), 170, 360, np.float64(0.8500000000000001), 10)",houghCircleAlt,0.764583333,49537603.93,50527717.5
"(np.float64(1.0), 180, 300, np.float64(0.8500000000000001), 10)",houghCircleAlt,0.764583333,52413892.61,53465824
"(np.float64(1.0), 180, 310, np.float64(0.8500000000000001), 10)",houghCircleAlt,0.764583333,53912838.46,55074602.5
"(np.float64(1.0), 180, 380, np.float64(0.8500000000000001), 10)",houghCircleAlt,0.764583333,52317374.21,52679218.5
"(np.float64(1.0), 240, 350, np.float64(0.8), 15)",houghCircleAlt,0.764583333,59699221.98,59704660
"(np.float64(1.0), 250, 390, np.float64(0.9000000000000001), 10)",houghCircleAlt,0.764583333,62300799.85,62478117.5
"(np.float64(1.0), 260, 300, np.float64(0.8500000000000001), 15)",houghCircleAlt,0.764583333,64120690.38,64427398.5
"(np.float64(1.0), 260, 310, np.float64(0.8500000000000001), 15)",houghCircleAlt,0.764583333,63062193.81,64055566.5
"(np.float64(1.5), 100, 390, np.float64(0.9000000000000001), 5)",houghCircleAlt,0.764583333,26216275.84,26625165.5
"(np.float64(1.5), 110, 390, np.float64(0.9000000000000001), 5)",houghCircleAlt,0.764583333,25274013.52,25857921
"(np.float64(1.5), 120, 390, np.float64(0.9000000000000001), 5)",houghCircleAlt,0.764583333,25732098.15,26283729
"(np.float64(1.5), 170, 310, np.float64(0.8500000000000001), 10)",houghCircleAlt,0.764583333,28151021.72,28942142
"(np.float64(1.5), 170, 360, np.float64(0.8500000000000001), 10)",houghCircleAlt,0.764583333,27983123,28516433
"(np.float64(1.5), 180, 380, np.float64(0.8500000000000001), 10)",houghCircleAlt,0.764583333,27191466.46,27575637
"(np.float64(1.5), 230, 330, np.float64(0.9000000000000001), 5)",houghCircleAlt,0.764583333,32449731.96,33342499.5
"(np.float64(1.5), 260, 300, np.float64(0.8500000000000001), 15)",houghCircleAlt,0.764583333,31505853.28,32536094.5
"(np.float64(1.5), 260, 310, np.float64(0.8500000000000001), 15)",houghCircleAlt,0.764583333,30511464.59,31404556.5
"(np.float64(1.5), 260, 340, np.float64(0.8500000000000001), 15)",houghCircleAlt,0.764583333,30186039.04,30507187.5
"(np.float64(1.5), 260, 350, np.float64(0.8500000000000001), 15)",houghCircleAlt,0.764583333,29659093.23,30389371.5
"(np.float64(1.0), 100, 340, np.float64(0.9000000000000001), 5)",houghCircleAlt,0.7625,44146203.62,44997317
"(np.float64(1.0), 100, 380, np.float64(0.9000000000000001), 5)",houghCircleAlt,0.7625,43066697.72,43833037.5
"(np.float64(1.0), 110, 340, np.float64(0.9000000000000001), 5)",houghCircleAlt,0.7625,45258414.96,46220622.5
"(np.float64(1.0), 110, 350, np.float64(0.9000000000000001), 5)",houghCircleAlt,0.7625,45153948.01,46149753
"(np.float64(1.0), 120, 300, np.float64(0.9000000000000001), 5)",houghCircleAlt,0.7625,47499088.29,48599304
"(np.float64(1.0), 130, 300, np.float64(0.9000000000000001), 5)",houghCircleAlt,0.7625,48482430.78,49888819
"(np.float64(1.0), 130, 350, np.float64(0.9000000000000001), 5)",houghCircleAlt,0.7625,46890875.51,47936315.5
"(np.float64(1.0), 140, 310, np.float64(0.9000000000000001), 5)",houghCircleAlt,0.7625,49509379.06,51095573.5
"(np.float64(1.0), 140, 320, np.float64(0.9000000000000001), 5)",houghCircleAlt,0.7625,48586173.25,50095271.5
"(np.float64(1.0), 170, 330, np.float64(0.8), 15)",houghCircleAlt,0.7625,49744955.58,50643069.5
"(np.float64(1.0), 170, 350, np.float64(0.8500000000000001), 10)",houghCircleAlt,0.7625,50833401.13,51657421.5
"(np.float64(1.0), 240, 320, np.float64(0.8500000000000001), 10)",houghCircleAlt,0.7625,63857836.99,64711029.5
"(np.float64(1.0), 240, 330, np.float64(0.8500000000000001), 10)",houghCircleAlt,0.7625,60720710.01,61291044.5
"(np.float64(1.0), 260, 390, np.float64(0.8500000000000001), 15)",houghCircleAlt,0.7625,63809288.95,63952142.5
"(np.float64(1.5), 130, 390, np.float64(0.9000000000000001), 5)",houghCircleAlt,0.7625,26610924.11,27114648.5
"(np.float64(1.5), 160, 330, np.float64(0.8500000000000001), 10)",houghCircleAlt,0.7625,28144634.36,28571212
"(np.float64(1.5), 160, 390, np.float64(0.8), 15)",houghCircleAlt,0.7625,25377235.48,25762121
"(np.float64(1.5), 170, 330, np.float64(0.8), 15)",houghCircleAlt,0.7625,27426504.28,27550611.5
"(np.float64(1.5), 170, 370, np.float64(0.8500000000000001), 10)",houghCircleAlt,0.7625,26995885.35,27802369.5
"(np.float64(1.5), 180, 300, np.float64(0.8500000000000001), 10)",houghCircleAlt,0.7625,28654023.89,29371261
"(np.float64(1.5), 180, 390, np.float64(0.8500000000000001), 10)",houghCircleAlt,0.7625,25702005.28,26056543
"(np.float64(1.5), 240, 380, np.float64(0.8), 15)",houghCircleAlt,0.7625,29620732.43,29850590
"(np.float64(1.5), 250, 330, np.float64(0.9000000000000001), 10)",houghCircleAlt,0.7625,30842747.39,32004362.5
"(np.float64(1.5), 250, 340, np.float64(0.9000000000000001), 10)",houghCircleAlt,0.7625,32160724.08,32772625
"(np.float64(1.5), 260, 360, np.float64(0.8500000000000001), 15)",houghCircleAlt,0.7625,29935240.46,30445822.5
"(np.float64(1.0), 100, 300, np.float64(0.9000000000000001), 5)",houghCircleAlt,0.760416667,45181534.93,46501078
"(np.float64(1.0), 100, 350, np.float64(0.9000000000000001), 5)",houghCircleAlt,0.760416667,44077347.61,45526489
"(np.float64(1.0), 110, 300, np.float64(0.9000000000000001), 5)",houghCircleAlt,0.760416667,46333944.94,47899352.5
"(np.float64(1.0), 120, 310, np.float64(0.9000000000000001), 5)",houghCircleAlt,0.760416667,46960268.79,48474310
"(np.float64(1.0), 120, 320, np.float64(0.9000000000000001), 5)",houghCircleAlt,0.760416667,48494243.08,49925242
"(np.float64(1.0), 130, 310, np.float64(0.9000000000000001), 5)",houghCircleAlt,0.760416667,49003716.45,50374700.5
"(np.float64(1.0), 130, 320, np.float64(0.9000000000000001), 5)",houghCircleAlt,0.760416667,47635755.69,48790147.5
"(np.float64(1.0), 140, 360, np.float64(0.9000000000000001), 5)",houghCircleAlt,0.760416667,48798391.32,49844450.5
"(np.float64(1.0), 160, 340, np.float64(0.8), 15)",houghCircleAlt,0.760416667,48317127.19,49158558
"(np.float64(1.0), 170, 370, np.float64(0.8), 15)",houghCircleAlt,0.760416667,49245014.5,49683729.5
"(np.float64(1.0), 230, 320, np.float64(0.9000000000000001), 5)",houghCircleAlt,0.760416667,61430254.42,62462406.5
"(np.float64(1.0), 240, 390, np.float64(0.8500000000000001), 10)",houghCircleAlt,0.760416667,63106495.4,63575381
"(np.float64(1.5), 160, 320, np.float64(0.8500000000000001), 10)",houghCircleAlt,0.760416667,27194794.14,27966357
"(np.float64(1.5), 160, 340, np.float64(0.8500000000000001), 10)",houghCircleAlt,0.760416667,27722924.48,27968820.5
"(np.float64(1.5), 160, 350, np.float64(0.8500000000000001), 10)",houghCircleAlt,0.760416667,25650621.68,26541017.5
"(np.float64(1.5), 240, 330, np.float64(0.8), 15)",houghCircleAlt,0.760416667,29527760.59,30088933
"(np.float64(1.5), 240, 370, np.float64(0.8), 15)",houghCircleAlt,0.760416667,30072899.94,30499440
"(np.float64(1.5), 250, 350, np.float64(0.9000000000000001), 10)",houghCircleAlt,0.760416667,28975953.43,29580496
"(np.float64(1.5), 250, 360, np.float64(0.9000000000000001), 10)",houghCircleAlt,0.760416667,30465317.63,31057049.5
"(np.float64(1.5), 260, 370, np.float64(0.8500000000000001), 15)",houghCircleAlt,0.760416667,30555820.36,31064529.5
"(np.float64(1.5), 260, 390, np.float64(0.8500000000000001), 15)",houghCircleAlt,0.760416667,30042994.88,30299669
"(np.float64(1.0), 100, 310, np.float64(0.9000000000000001), 5)",houghCircleAlt,0.758333333,45057986.17,46480549
"(np.float64(1.0), 100, 320, np.float64(0.9000000000000001), 5)",houghCircleAlt,0.758333333,44946146.93,46273605.5
"(np.float64(1.0), 110, 310, np.float64(0.9000000000000001), 5)",houghCircleAlt,0.758333333,45856746.51,47044277.5
"(np.float64(1.0), 110, 320, np.float64(0.9000000000000001), 5)",houghCircleAlt,0.758333333,45810094.06,46791518
"(np.float64(1.0), 120, 360, np.float64(0.9000000000000001), 5)",houghCircleAlt,0.758333333,45516063.8,46562614
"(np.float64(1.0), 160, 360, np.float64(0.8), 15)",houghCircleAlt,0.758333333,47695654.11,48466240.5
"(np.float64(1.0), 170, 300, np.float64(0.8), 15)",houghCircleAlt,0.758333333,50317294.83,51449121
"(np.float64(1.0), 170, 310, np.float64(0.8), 15)",houghCircleAlt,0.758333333,50220131.46,51187570.5
"(np.float64(1.0), 170, 320, np.float64(0.8), 15)",houghCircleAlt,0.758333333,50718393.08,51387275
"(np.float64(1.0), 170, 340, np.float64(0.8500000000000001), 10)",houghCircleAlt,0.758333333,50013519.39,51087793.5
"(np.float64(1.0), 170, 370, np.float64(0.8500000000000001), 10)",houghCircleAlt,0.758333333,50516621.51,51257065.5
"(np.float64(1.0), 230, 310, np.float64(0.9000000000000001), 5)",houghCircleAlt,0.758333333,62015214.54,62953819
"(np.float64(1.5), 160, 340, np.float64(0.8), 15)",houghCircleAlt,0.758333333,24823549.59,25227549.5
"(np.float64(1.5), 160, 380, np.float64(0.8), 15)",houghCircleAlt,0.758333333,25966870.46,26441085.5
"(np.float64(1.5), 170, 300, np.float64(0.8), 15)",houghCircleAlt,0.758333333,26642972.16,27329956
"(np.float64(1.5), 170, 320, np.float64(0.8), 15)",houghCircleAlt,0.758333333,26134717.54,26748355.5
"(np.float64(1.5), 170, 380, np.float64(0.8500000000000001), 10)",houghCircleAlt,0.758333333,27863976.3,28243361.5
"(np.float64(1.5), 170, 390, np.float64(0.8500000000000001), 10)",houghCircleAlt,0.758333333,28500562.48,28895148
"(np.float64(1.5), 240, 300, np.float64(0.8), 15)",houghCircleAlt,0.758333333,30183100.37,30906854.5
"(np.float64(1.5), 240, 320, np.float64(0.8), 15)",houghCircleAlt,0.758333333,29795291.24,30497541
"(np.float64(1.5), 240, 320, np.float64(0.8500000000000001), 10)",houghCircleAlt,0.758333333,30775018.72,31657928
"(np.float64(1.5), 240, 390, np.float64(0.8), 15)",houghCircleAlt,0.758333333,27166804.59,27485304
"(np.float64(1.5), 250, 370, np.float64(0.9000000000000001), 10)",houghCircleAlt,0.758333333,30081329.41,30580615
"(np.float64(1.5), 250, 380, np.float64(0.9000000000000001), 10)",houghCircleAlt,0.758333333,30079367.68,30421984
"(np.float64(1.0), 110, 360, np.float64(0.9000000000000001), 5)",houghCircleAlt,0.75625,44611260.86,45355288.5
"(np.float64(1.0), 120, 370, np.float64(0.9000000000000001), 5)",houghCircleAlt,0.75625,46666354.18,47568451.5
"(np.float64(1.0), 130, 360, np.float64(0.9000000000000001), 5)",houghCircleAlt,0.75625,46144044.66,47226439.5
"(np.float64(1.0), 140, 370, np.float64(0.9000000000000001), 5)",houghCircleAlt,0.75625,47571518.92,48595348
"(np.float64(1.0), 160, 360, np.float64(0.8500000000000001), 10)",houghCircleAlt,0.75625,49019378.08,49848802.5
"(np.float64(1.0), 170, 320, np.float64(0.8500000000000001), 10)",houghCircleAlt,0.75625,50654203.46,51547370
"(np.float64(1.0), 170, 330, np.float64(0.8500000000000001), 10)",houghCircleAlt,0.75625,51138888.76,51938874
"(np.float64(1.0), 180, 390, np.float64(0.8500000000000001), 10)",houghCircleAlt,0.75625,51129191.82,51533469.5
"(np.float64(1.0), 240, 330, np.float64(0.8), 15)",houghCircleAlt,0.75625,59803186.04,60400764
"(np.float64(1.0), 240, 340, np.float64(0.8), 15)",houghCircleAlt,0.75625,60059489.71,60449541.5
"(np.float64(1.0), 240, 380, np.float64(0.8), 15)",houghCircleAlt,0.75625,59467798.17,59535701.5
"(np.float64(1.5), 150, 330, np.float64(0.8500000000000001), 10)",houghCircleAlt,0.75625,27178093.84,27775052
"(np.float64(1.5), 160, 360, np.float64(0.8500000000000001), 10)",houghCircleAlt,0.75625,27474880.95,27841939
"(np.float64(1.5), 170, 300, np.float64(0.8500000000000001), 10)",houghCircleAlt,0.75625,26976251.83,28192009
"(np.float64(1.5), 170, 310, np.float64(0.8), 15)",houghCircleAlt,0.75625,27627121.1,28050359
"(np.float64(1.5), 240, 310, np.float64(0.8), 15)",houghCircleAlt,0.75625,30090048.14,30747224.5
"(np.float64(1.5), 250, 390, np.float64(0.9000000000000001), 10)",houghCircleAlt,0.75625,29923412.2,30273017.5
"(np.float64(1.0), 100, 360, np.float64(0.9000000000000001), 5)",houghCircleAlt,0.754166667,43606932.47,44487451
"(np.float64(1.0), 110, 370, np.float64(0.9000000000000001), 5)",houghCircleAlt,0.754166667,44430487.92,45173701.5
"(np.float64(1.0), 130, 370, np.float64(0.9000000000000001), 5)",houghCircleAlt,0.754166667,46613360.14,47558016
"(np.float64(1.0), 160, 330, np.float64(0.8), 15)",houghCircleAlt,0.754166667,48570939.38,49088743
"(np.float64(1.0), 160, 370, np.float64(0.8), 15)",houghCircleAlt,0.754166667,47674378.28,47965560
"(np.float64(1.0), 160, 390, np.float64(0.8), 15)",houghCircleAlt,0.754166667,47662452.71,48175725
"(np.float64(1.0), 170, 300, np.float64(0.8500000000000001), 10)",houghCircleAlt,0.754166667,52667686.03,54100219.5
"(np.float64(1.0), 170, 310, np.float64(0.8500000000000001), 10)",houghCircleAlt,0.754166667,51831897.19,52961492.5
"(np.float64(1.0), 170, 380, np.float64(0.8500000000000001), 10)",houghCircleAlt,0.754166667,49193124.7,49814543.5
"(np.float64(1.0), 240, 300, np.float64(0.8), 15)",houghCircleAlt,0.754166667,61074156.26,61651050
"(np.float64(1.0), 240, 310, np.float64(0.8), 15)",houghCircleAlt,0.754166667,60302179.22,60549564
"(np.float64(1.0), 240, 320, np.float64(0.8), 15)",houghCircleAlt,0.754166667,61416796.45,61704416
"(np.float64(1.0), 240, 360, np.float64(0.8), 15)",houghCircleAlt,0.754166667,59661361.03,59726369
"(np.float64(1.5), 150, 340, np.float64(0.8500000000000001), 10)",houghCircleAlt,0.754166667,27999009.39,28625252.5
"(np.float64(1.5), 150, 350, np.float64(0.8), 15)",houghCircleAlt,0.754166667,27780964.42,28195106
"(np.float64(1.5), 160, 370, np.float64(0.8), 15)",houghCircleAlt,0.754166667,25482840.71,25924325
"(np.float64(1.5), 160, 370, np.float64(0.8500000000000001), 10)",houghCircleAlt,0.754166667,27060855.31,27484617.5
"(np.float64(1.0), 100, 370, np.float64(0.9000000000000001), 5)",houghCircleAlt,0.752083333,43957066.14,44910042.5
"(np.float64(1.0), 160, 340, np.float64(0.8500000000000001), 10)",houghCircleAlt,0.752083333,49335084.9,50570282
"(np.float64(1.0), 160, 350, np.float64(0.8500000000000001), 10)",houghCircleAlt,0.752083333,50163528.73,50978368
"(np.float64(1.0), 240, 390, np.float64(0.8), 15)",houghCircleAlt,0.752083333,58916669.85,59065749.5
"(np.float64(1.5), 150, 320, np.float64(0.8500000000000001), 10)",houghCircleAlt,0.752083333,28104455.52,28851867
"(np.float64(1.5), 150, 350, np.float64(0.8500000000000001), 10)",houghCircleAlt,0.752083333,25243330.74,26125196
"(np.float64(1.5), 150, 360, np.float64(0.8), 15)",houghCircleAlt,0.752083333,25238945.05,25608176.5
"(np.float64(1.5), 160, 310, np.float64(0.8500000000000001), 10)",houghCircleAlt,0.752083333,28334422.08,29164489
"(np.float64(1.5), 160, 380, np.float64(0.8500000000000001), 10)",houghCircleAlt,0.752083333,25462442.13,25744067
"(np.float64(1.5), 160, 390, np.float64(0.8500000000000001), 10)",houghCircleAlt,0.752083333,28159751.06,28600970
"(np.float64(1.5), 240, 300, np.float64(0.8500000000000001), 10)",houghCircleAlt,0.752083333,32602454.73,33749626
"(np.float64(1.0), 160, 320, np.float64(0.8500000000000001), 10)",houghCircleAlt,0.75,49743113.54,50697190.5
"(np.float64(1.0), 160, 370, np.float64(0.8500000000000001), 10)",houghCircleAlt,0.75,49024851.73,49613296.5
"(np.float64(1.0), 240, 370, np.float64(0.8), 15)",houghCircleAlt,0.75,59140777.16,59401610
"(np.float64(1.5), 140, 330, np.float64(0.8500000000000001), 10)",houghCircleAlt,0.75,26619619.92,27241075
"(np.float64(1.5), 150, 390, np.float64(0.8), 15)",houghCircleAlt,0.75,24930364.41,25116849.5
"(np.float64(1.5), 160, 330, np.float64(0.8), 15)",houghCircleAlt,0.75,26161841.1,26514873
"(np.float64(1.5), 240, 310, np.float64(0.8500000000000001), 10)",houghCircleAlt,0.75,32152091.94,32967945.5
"(np.float64(1.5), 240, 330, np.float64(0.8500000000000001), 10)",houghCircleAlt,0.75,32006548.2,32671197
"(np.float64(1.0), 160, 300, np.float64(0.8500000000000001), 10)",houghCircleAlt,0.747916667,50785901.81,52187676.5
"(np.float64(1.0), 160, 310, np.float64(0.8500000000000001), 10)",houghCircleAlt,0.747916667,50488028.25,51935573.5
"(np.float64(1.0), 160, 320, np.float64(0.8), 15)",houghCircleAlt,0.747916667,48627564.39,49476951
"(np.float64(1.0), 160, 330, np.float64(0.8500000000000001), 10)",houghCircleAlt,0.747916667,49893103.18,50704819.5
"(np.float64(1.0), 260, 340, np.float64(0.9000000000000001), 10)",houghCircleAlt,0.747916667,65103700.55,65246049.5
"(np.float64(1.0), 270, 350, np.float64(0.9000000000000001), 15)",houghCircleAlt,0.747916667,65464599.41,65293118
"(np.float64(1.5), 140, 320, np.float64(0.8500000000000001), 10)",houghCircleAlt,0.747916667,25685718.91,26226582
"(np.float64(1.5), 140, 340, np.float64(0.8500000000000001), 10)",houghCircleAlt,0.747916667,26931613.63,27459947.5
"(np.float64(1.5), 150, 380, np.float64(0.8500000000000001), 10)",houghCircleAlt,0.747916667,25543429.52,26253723
"(np.float64(1.5), 160, 320, np.float64(0.8), 15)",houghCircleAlt,0.747916667,24967349.7,25450716.5
"(np.float64(1.5), 270, 300, np.float64(0.9000000000000001), 15)",houghCircleAlt,0.747916667,30974769.73,32060511.5
"(np.float64(1.5), 270, 310, np.float64(0.9000000000000001), 15)",houghCircleAlt,0.747916667,32331483.49,33329202.5
"(np.float64(1.5), 270, 320, np.float64(0.9000000000000001), 15)",houghCircleAlt,0.747916667,30671796.26,31550495
"(np.float64(1.5), 270, 330, np.float64(0.9000000000000001), 15)",houghCircleAlt,0.747916667,31793374.07,32480616
"(np.float64(1.5), 270, 360, np.float64(0.9000000000000001), 15)",houghCircleAlt,0.747916667,31331474.58,31916206
"(np.float64(1.5), 270, 370, np.float64(0.9000000000000001), 15)",houghCircleAlt,0.747916667,30843768.18,31381177
"(np.float64(1.0), 150, 380, np.float64(0.8), 15)",houghCircleAlt,0.745833333,45478411.87,45994092
"(np.float64(1.0), 160, 300, np.float64(0.8), 15)",houghCircleAlt,0.745833333,50859786.34,51714714
"(np.float64(1.0), 160, 310, np.float64(0.8), 15)",houghCircleAlt,0.745833333,49768195.22,50686013
"(np.float64(1.0), 160, 380, np.float64(0.8500000000000001), 10)",houghCircleAlt,0.745833333,48414007.66,49013453
"(np.float64(1.0), 170, 390, np.float64(0.8500000000000001), 10)",houghCircleAlt,0.745833333,50016896.2,50597802.5
"(np.float64(1.0), 260, 350, np.float64(0.9000000000000001), 10)",houghCircleAlt,0.745833333,64913720.6,65047717
"(np.float64(1.0), 270, 340, np.float64(0.9000000000000001), 15)",houghCircleAlt,0.745833333,65235264.15,65352855.5
"(np.float64(1.5), 140, 350, np.float64(0.8500000000000001), 10)",houghCircleAlt,0.745833333,25035326.32,25804050
"(np.float64(1.5), 150, 360, np.float64(0.8500000000000001), 10)",houghCircleAlt,0.745833333,26849901.06,27277444
"(np.float64(1.5), 150, 380, np.float64(0.8), 15)",houghCircleAlt,0.745833333,25138418.56,25158584
"(np.float64(1.5), 160, 300, np.float64(0.8), 15)",houghCircleAlt,0.745833333,27196549.28,27402172.5
"(np.float64(1.5), 240, 340, np.float64(0.8500000000000001), 10)",houghCircleAlt,0.745833333,28777549.6,29602269.5
"(np.float64(1.5), 270, 340, np.float64(0.9000000000000001), 15)",houghCircleAlt,0.745833333,30263284.62,30888095
"(np.float64(1.5), 270, 350, np.float64(0.9000000000000001), 15)",houghCircleAlt,0.745833333,31068967.39,31661459
"(np.float64(1.5), 270, 380, np.float64(0.9000000000000001), 15)",houghCircleAlt,0.745833333,28350261.57,28564443.5
"(np.float64(1.0), 260, 310, np.float64(0.9000000000000001), 10)",houghCircleAlt,0.74375,65561706.46,66090088
"(np.float64(1.0), 260, 320, np.float64(0.9000000000000001), 10)",houghCircleAlt,0.74375,65444141.72,65886522
"(np.float64(1.0), 260, 330, np.float64(0.9000000000000001), 10)",houghCircleAlt,0.74375,65264437.02,65612111.5
"(np.float64(1.0), 260, 360, np.float64(0.9000000000000001), 10)",houghCircleAlt,0.74375,64353752.06,64800309
"(np.float64(1.0), 270, 300, np.float64(0.9000000000000001), 15)",houghCircleAlt,0.74375,65783666.39,65789695
"(np.float64(1.0), 270, 330, np.float64(0.9000000000000001), 15)",houghCircleAlt,0.74375,66169457.23,66051662
"(np.float64(1.5), 130, 330, np.float64(0.8500000000000001), 10)",houghCircleAlt,0.74375,26260900.17,27110271.5
"(np.float64(1.5), 140, 350, np.float64(0.8), 15)",houghCircleAlt,0.74375,27153440.8,27525665
"(np.float64(1.5), 140, 380, np.float64(0.8500000000000001), 10)",houghCircleAlt,0.74375,26345161.4,26600154
"(np.float64(1.5), 150, 310, np.float64(0.8500000000000001), 10)",houghCircleAlt,0.74375,27547963.24,28353097
"(np.float64(1.5), 150, 340, np.float64(0.8), 15)",houghCircleAlt,0.74375,25919707.5,26266280.5
"(np.float64(1.5), 150, 390, np.float64(0.8500000000000001), 10)",houghCircleAlt,0.74375,25941474.2,26414504.5
"(np.float64(1.5), 160, 300, np.float64(0.8500000000000001), 10)",houghCircleAlt,0.74375,26860359.07,27711227
"(np.float64(1.5), 160, 310, np.float64(0.8), 15)",houghCircleAlt,0.74375,26504373.2,27061597
"(np.float64(1.5), 240, 350, np.float64(0.8500000000000001), 10)",houghCircleAlt,0.74375,29987961.29,30484896.5
"(np.float64(1.0), 260, 300, np.float64(0.9000000000000001), 10)",houghCircleAlt,0.741666667,65541543.15,66144545.5
"(np.float64(1.0), 270, 310, np.float64(0.9000000000000001), 15)",houghCircleAlt,0.741666667,65640535.49,65868517.5
"(np.float64(1.0), 270, 320, np.float64(0.9000000000000001), 15)",houghCircleAlt,0.741666667,65874193.71,65866663.5
"(np.float64(1.0), 270, 360, np.float64(0.9000000000000001), 15)",houghCircleAlt,0.741666667,64557895.83,64616308
"(np.float64(1.0), 270, 370, np.float64(0.9000000000000001), 15)",houghCircleAlt,0.741666667,65074796.02,65136412
"(np.float64(1.5), 120, 330, np.float64(0.8500000000000001), 10)",houghCircleAlt,0.741666667,26626886.81,27167407.5
"(np.float64(1.5), 130, 320, np.float64(0.8500000000000001), 10)",houghCircleAlt,0.741666667,25299072.12,26203694.5
"(np.float64(1.5), 130, 340, np.float64(0.8500000000000001), 10)",houghCircleAlt,0.741666667,27936259.85,28388803.5
"(np.float64(1.5), 140, 310, np.float64(0.8500000000000001), 10)",houghCircleAlt,0.741666667,25800663.05,26861839.5
"(np.float64(1.5), 140, 360, np.float64(0.8500000000000001), 10)",houghCircleAlt,0.741666667,26690666.3,27016860.5
"(np.float64(1.5), 150, 370, np.float64(0.8500000000000001), 10)",houghCircleAlt,0.741666667,26349191.65,26923295.5
"(np.float64(1.5), 240, 380, np.float64(0.8500000000000001), 10)",houghCircleAlt,0.741666667,31282186.26,31726054.5
"(np.float64(1.5), 240, 390, np.float64(0.8500000000000001), 10)",houghCircleAlt,0.741666667,29183367.93,29570195
"(np.float64(1.5), 270, 390, np.float64(0.9000000000000001), 15)",houghCircleAlt,0.741666667,30234588.11,30759020
"(np.float64(1.0), 150, 350, np.float64(0.8), 15)",houghCircleAlt,0.739583333,46816421.3,47491676.5
"(np.float64(1.0), 150, 360, np.float64(0.8500000000000001), 10)",houghCircleAlt,0.739583333,48080694.86,48591064
"(np.float64(1.0), 160, 390, np.float64(0.8500000000000001), 10)",houghCircleAlt,0.739583333,48722833.17,49507387.5
"(np.float64(1.0), 240, 390, np.float64(0.9000000000000001), 5)",houghCircleAlt,0.739583333,61180455.51,61561938
"(np.float64(1.0), 250, 350, np.float64(0.8), 15)",houghCircleAlt,0.739583333,61417961.91,61703117.5
"(np.float64(1.0), 250, 360, np.float64(0.8500000000000001), 10)",houghCircleAlt,0.739583333,61997888.64,62119419
"(np.float64(1.0), 250, 380, np.float64(0.8500000000000001), 10)",houghCircleAlt,0.739583333,61744993.76,61870211.5
"(np.float64(1.0), 260, 370, np.float64(0.9000000000000001), 10)",houghCircleAlt,0.739583333,64189346.85,64388676.5
"(np.float64(1.0), 260, 380, np.float64(0.9000000000000001), 10)",houghCircleAlt,0.739583333,64443015.35,64699975
"(np.float64(1.0), 270, 380, np.float64(0.9000000000000001), 15)",houghCircleAlt,0.739583333,64457084.89,64389112
"(np.float64(1.5), 110, 330, np.float64(0.8500000000000001), 10)",houghCircleAlt,0.739583333,24566713.09,25261421.5
"(np.float64(1.5), 120, 320, np.float64(0.8500000000000001), 10)",houghCircleAlt,0.739583333,24705449.34,25344909.5
"(np.float64(1.5), 120, 340, np.float64(0.8500000000000001), 10)",houghCircleAlt,0.739583333,26984342.77,27389098.5
"(np.float64(1.5), 140, 360, np.float64(0.8), 15)",houghCircleAlt,0.739583333,26862222.69,27457672
"(np.float64(1.5), 140, 390, np.float64(0.8500000000000001), 10)",houghCircleAlt,0.739583333,25834464.76,26114461.5
"(np.float64(1.5), 240, 320, np.float64(0.9000000000000001), 5)",houghCircleAlt,0.739583333,32671374.42,33441904.5
"(np.float64(1.5), 240, 340, np.float64(0.9000000000000001), 5)",houghCircleAlt,0.739583333,31482038.41,32483871
"(np.float64(1.5), 240, 350, np.float64(0.9000000000000001), 5)",houghCircleAlt,0.739583333,32467512.58,33187600.5
"(np.float64(1.5), 240, 360, np.float64(0.8500000000000001), 10)",houghCircleAlt,0.739583333,30317316.35,31241526.5
"(np.float64(1.5), 240, 360, np.float64(0.9000000000000001), 5)",houghCircleAlt,0.739583333,31051152.76,31827744.5
"(np.float64(1.5), 240, 380, np.float64(0.9000000000000001), 5)",houghCircleAlt,0.739583333,30587840.91,31024202.5
"(np.float64(1.0), 140, 380, np.float64(0.8), 15)",houghCircleAlt,0.7375,44774265.67,45328624.5
"(np.float64(1.0), 150, 340, np.float64(0.8), 15)",houghCircleAlt,0.7375,46718551.64,47495223.5
"(np.float64(1.0), 150, 340, np.float64(0.8500000000000001), 10)",houghCircleAlt,0.7375,48293330.38,49218877
"(np.float64(1.0), 150, 350, np.float64(0.8500000000000001), 10)",houghCircleAlt,0.7375,48261924.33,48871094
"(np.float64(1.0), 150, 390, np.float64(0.8), 15)",houghCircleAlt,0.7375,46831612.2,47250189
"(np.float64(1.0), 240, 300, np.float64(0.9000000000000001), 5)",houghCircleAlt,0.7375,63780216.86,65204270.5
"(np.float64(1.0), 240, 340, np.float64(0.9000000000000001), 5)",houghCircleAlt,0.7375,62457298.91,63429605
"(np.float64(1.0), 240, 350, np.float64(0.9000000000000001), 5)",houghCircleAlt,0.7375,62686984.26,63240091.5
"(np.float64(1.0), 240, 380, np.float64(0.9000000000000001), 5)",houghCircleAlt,0.7375,61269430.7,61998989.5
"(np.float64(1.0), 250, 310, np.float64(0.8500000000000001), 10)",houghCircleAlt,0.7375,63978949.51,64912193.5
"(np.float64(1.0), 250, 340, np.float64(0.8500000000000001), 10)",houghCircleAlt,0.7375,62428867.69,62665788
"(np.float64(1.0), 250, 350, np.float64(0.8500000000000001), 10)",houghCircleAlt,0.7375,62911407.26,63407605
"(np.float64(1.0), 250, 370, np.float64(0.8500000000000001), 10)",houghCircleAlt,0.7375,62061148.25,62272179.5
"(np.float64(1.0), 260, 390, np.float64(0.9000000000000001), 10)",houghCircleAlt,0.7375,62475006.12,62863130
"(np.float64(1.0), 270, 390, np.float64(0.9000000000000001), 15)",houghCircleAlt,0.7375,66087195.51,66320701
"(np.float64(1.5), 110, 320, np.float64(0.8500000000000001), 10)",houghCircleAlt,0.7375,25952638,26485021.5
"(np.float64(1.5), 110, 340, np.float64(0.8500000000000001), 10)",houghCircleAlt,0.7375,24967900.33,25569233.5
"(np.float64(1.5), 130, 350, np.float64(0.8500000000000001), 10)",houghCircleAlt,0.7375,25871635.18,26079316
"(np.float64(1.5), 140, 390, np.float64(0.8), 15)",houghCircleAlt,0.7375,24103396.35,24478072
"(np.float64(1.5), 150, 300, np.float64(0.8), 15)",houghCircleAlt,0.7375,26408042.06,26706298
"(np.float64(1.5), 150, 300, np.float64(0.8500000000000001), 10)",houghCircleAlt,0.7375,28027536.14,28732208
"(np.float64(1.5), 150, 370, np.float64(0.8), 15)",houghCircleAlt,0.7375,26181462.35,26591942
"(np.float64(1.5), 240, 310, np.float64(0.9000000000000001), 5)",houghCircleAlt,0.7375,32420990.06,33374619.5
"(np.float64(1.5), 240, 370, np.float64(0.8500000000000001), 10)",houghCircleAlt,0.7375,28319369.52,28862697.5
"(np.float64(1.5), 240, 390, np.float64(0.9000000000000001), 5)",houghCircleAlt,0.7375,30889387.4,31517583.5
"(np.float64(1.0), 140, 350, np.float64(0.8), 15)",houghCircleAlt,0.735416667,45204658.05,45852291
"(np.float64(1.0), 150, 300, np.float64(0.8500000000000001), 10)",houghCircleAlt,0.735416667,49412458.5,50777410.5
"(np.float64(1.0), 150, 310, np.float64(0.8500000000000001), 10)",houghCircleAlt,0.735416667,49034052.82,50268200
"(np.float64(1.0), 150, 320, np.float64(0.8500000000000001), 10)",houghCircleAlt,0.735416667,49569978.73,50754638
"(np.float64(1.0), 240, 330, np.float64(0.9000000000000001), 5)",houghCircleAlt,0.735416667,62983709.75,63622093
"(np.float64(1.0), 240, 370, np.float64(0.9000000000000001), 5)",houghCircleAlt,0.735416667,62331507.03,62721744
"(np.float64(1.0), 250, 300, np.float64(0.8500000000000001), 10)",houghCircleAlt,0.735416667,63361721.65,63949647.5
"(np.float64(1.5), 130, 310, np.float64(0.8500000000000001), 10)",houghCircleAlt,0.735416667,28450491.45,29328773
"(np.float64(1.5), 140, 370, np.float64(0.8500000000000001), 10)",houghCircleAlt,0.735416667,25450703.11,25882608
"(np.float64(1.5), 150, 320, np.float64(0.8), 15)",houghCircleAlt,0.735416667,24622299.33,25505700
"(np.float64(1.5), 150, 330, np.float64(0.8), 15)",houghCircleAlt,0.735416667,25350825.33,25840082.5
"(np.float64(1.5), 240, 370, np.float64(0.9000000000000001), 5)",houghCircleAlt,0.735416667,31486480.53,32195406
"(np.float64(1.0), 150, 330, np.float64(0.8), 15)",houghCircleAlt,0.733333333,46861153.69,47533294
"(np.float64(1.0), 150, 330, np.float64(0.8500000000000001), 10)",houghCircleAlt,0.733333333,48670579.38,49742068.5
"(np.float64(1.0), 150, 360, np.float64(0.8), 15)",houghCircleAlt,0.733333333,45834681.35,46484582.5
"(np.float64(1.0), 150, 370, np.float64(0.8500000000000001), 10)",houghCircleAlt,0.733333333,47866763.37,48515592
"(np.float64(1.0), 150, 380, np.float64(0.8500000000000001), 10)",houghCircleAlt,0.733333333,47352021.15,47807975
"(np.float64(1.0), 240, 360, np.float64(0.9000000000000001), 5)",houghCircleAlt,0.733333333,62253171.18,63165796
"(np.float64(1.0), 250, 320, np.float64(0.8500000000000001), 10)",houghCircleAlt,0.733333333,62988704.07,63460750.5
"(np.float64(1.5), 120, 310, np.float64(0.8500000000000001), 10)",houghCircleAlt,0.733333333,27161647.87,27741795
"(np.float64(1.5), 140, 300, np.float64(0.8500000000000001), 10)",houghCircleAlt,0.733333333,27283389.8,28071739.5
"(np.float64(1.5), 140, 340, np.float64(0.8), 15)",houghCircleAlt,0.733333333,23933782.36,24404195
"(np.float64(1.5), 140, 380, np.float64(0.8), 15)",houghCircleAlt,0.733333333,25039761.31,25141947
"(np.float64(1.5), 150, 310, np.float64(0.8), 15)",houghCircleAlt,0.733333333,25743590.29,26311611.5
"(np.float64(1.5), 240, 300, np.float64(0.9000000000000001), 5)",houghCircleAlt,0.733333333,33414804.63,34643727.5
"(np.float64(1.5), 240, 330, np.float64(0.9000000000000001), 5)",houghCircleAlt,0.733333333,31983453.67,33011926
"(np.float64(1.5), 250, 350, np.float64(0.8), 15)",houghCircleAlt,0.733333333,29253927.74,29384757.5
"(np.float64(1.5), 250, 360, np.float64(0.8), 15)",houghCircleAlt,0.733333333,29134603.3,29633189
"(np.float64(1.5), 260, 310, np.float64(0.9000000000000001), 10)",houghCircleAlt,0.733333333,32110110.48,33211416.5
"(np.float64(1.0), 140, 340, np.float64(0.8), 15)",houghCircleAlt,0.73125,45526048.06,46209011
"(np.float64(1.0), 140, 340, np.float64(0.8500000000000001), 10)",houghCircleAlt,0.73125,47037432.31,48033964.5
"(np.float64(1.0), 140, 360, np.float64(0.8500000000000001), 10)",houghCircleAlt,0.73125,45887186.15,46811941.5
"(np.float64(1.0), 150, 370, np.float64(0.8), 15)",houghCircleAlt,0.73125,46680815.33,47152400.5
"(np.float64(1.0), 250, 330, np.float64(0.8500000000000001), 10)",houghCircleAlt,0.73125,63382101.55,63888453
"(np.float64(1.0), 250, 360, np.float64(0.8), 15)",houghCircleAlt,0.73125,60005717.1,60265250
"(np.float64(1.0), 250, 390, np.float64(0.8500000000000001), 10)",houghCircleAlt,0.73125,61892472.52,61953989.5
"(np.float64(1.5), 110, 310, np.float64(0.8500000000000001), 10)",houghCircleAlt,0.73125,27446100.86,28020643.5
"(np.float64(1.5), 120, 350, np.float64(0.8500000000000001), 10)",houghCircleAlt,0.73125,25261106.97,25628475
"(np.float64(1.5), 130, 360, np.float64(0.8500000000000001), 10)",houghCircleAlt,0.73125,26560326.28,26983086
"(np.float64(1.5), 130, 380, np.float64(0.8500000000000001), 10)",houghCircleAlt,0.73125,25385539.09,25694584.5
"(np.float64(1.5), 250, 340, np.float64(0.8), 15)",houghCircleAlt,0.73125,29814929.02,30438870
"(np.float64(1.5), 260, 300, np.float64(0.9000000000000001), 10)",houghCircleAlt,0.73125,32229721.15,33104991.5
"(np.float64(1.5), 260, 320, np.float64(0.9000000000000001), 10)",houghCircleAlt,0.73125,31776111.4,32498599.5
"(np.float64(1.0), 130, 380, np.float64(0.8), 15)",houghCircleAlt,0.729166667,44843143.54,45426347
"(np.float64(1.0), 140, 320, np.float64(0.8500000000000001), 10)",houghCircleAlt,0.729166667,48424205.78,49500391
"(np.float64(1.0), 140, 350, np.float64(0.8500000000000001), 10)",houghCircleAlt,0.729166667,46720705.03,47520089
"(np.float64(1.0), 140, 390, np.float64(0.8), 15)",houghCircleAlt,0.729166667,44705203.38,45258377
"(np.float64(1.0), 150, 300, np.float64(0.8), 15)",houghCircleAlt,0.729166667,47847314.95,48704987.5
"(np.float64(1.0), 150, 310, np.float64(0.8), 15)",houghCircleAlt,0.729166667,47615009.64,48695054.5
"(np.float64(1.0), 150, 320, np.float64(0.8), 15)",houghCircleAlt,0.729166667,47286439.86,48353113
"(np.float64(1.0), 150, 390, np.float64(0.8500000000000001), 10)",houghCircleAlt,0.729166667,47245227.39,47922094.5
"(np.float64(1.0), 240, 320, np.float64(0.9000000000000001), 5)",houghCircleAlt,0.729166667,62973776.17,64298236.5
"(np.float64(1.0), 250, 380, np.float64(0.8), 15)",houghCircleAlt,0.729166667,61598377.54,61891407
"(np.float64(1.5), 100, 320, np.float64(0.8500000000000001), 10)",houghCircleAlt,0.729166667,28208139.24,29141271
"(np.float64(1.5), 100, 330, np.float64(0.8500000000000001), 10)",houghCircleAlt,0.729166667,24942336.39,25593116
"(np.float64(1.5), 110, 350, np.float64(0.8500000000000001), 10)",houghCircleAlt,0.729166667,25384058.85,26277058
"(np.float64(1.5), 120, 380, np.float64(0.8500000000000001), 10)",houghCircleAlt,0.729166667,25035456.86,25529510
"(np.float64(1.0), 140, 330, np.float64(0.8), 15)",houghCircleAlt,0.727083333,45508285.41,46252633
"(np.float64(1.0), 140, 330, np.float64(0.8500000000000001), 10)",houghCircleAlt,0.727083333,47514695.85,48366057
"(np.float64(1.0), 140, 370, np.float64(0.8500000000000001), 10)",houghCircleAlt,0.727083333,46317700.73,47003281.5
"(np.float64(1.0), 240, 310, np.float64(0.9000000000000001), 5)",houghCircleAlt,0.727083333,63663462.68,64853873
"(np.float64(1.0), 250, 310, np.float64(0.8), 15)",houghCircleAlt,0.727083333,61493603.92,61823919.5
"(np.float64(1.0), 250, 320, np.float64(0.8), 15)",houghCircleAlt,0.727083333,64630884.89,64746322.5
"(np.float64(1.0), 250, 340, np.float64(0.8), 15)",houghCircleAlt,0.727083333,60436634.26,60842734
"(np.float64(1.0), 270, 350, np.float64(0.8500000000000001), 15)",houghCircleAlt,0.727083333,63904306.29,64451438.5
"(np.float64(1.5), 120, 360, np.float64(0.8500000000000001), 10)",houghCircleAlt,0.727083333,26567995.51,27212616
"(np.float64(1.5), 130, 300, np.float64(0.8500000000000001), 10)",houghCircleAlt,0.727083333,25776734.55,26463486.5
"(np.float64(1.5), 130, 350, np.float64(0.8), 15)",houghCircleAlt,0.727083333,24316552.63,24910569
"(np.float64(1.5), 130, 390, np.float64(0.8500000000000001), 10)",houghCircleAlt,0.727083333,25348729.63,25568427.5
"(np.float64(1.5), 140, 300, np.float64(0.8), 15)",houghCircleAlt,0.727083333,26489107.42,27074345.5
"(np.float64(1.5), 250, 300, np.float64(0.8), 15)",houghCircleAlt,0.727083333,31300135.43,31968488.5
"(np.float64(1.5), 250, 320, np.float64(0.8500000000000001), 10)",houghCircleAlt,0.727083333,31182991.25,32158145.5
"(np.float64(1.5), 250, 330, np.float64(0.8), 15)",houghCircleAlt,0.727083333,29861788.88,30247280
"(np.float64(1.5), 250, 380, np.float64(0.8), 15)",houghCircleAlt,0.727083333,28918247.81,29085802
"(np.float64(1.5), 260, 330, np.float64(0.9000000000000001), 10)",houghCircleAlt,0.727083333,32630235.95,33462581
"(np.float64(1.5), 260, 340, np.float64(0.9000000000000001), 10)",houghCircleAlt,0.727083333,32032462.92,33088189
"(np.float64(1.0), 130, 360, np.float64(0.8500000000000001), 10)",houghCircleAlt,0.725,45776124.03,46538442
"(np.float64(1.0), 140, 300, np.float64(0.8), 15)",houghCircleAlt,0.725,47314681.23,48358147
"(np.float64(1.0), 140, 360, np.float64(0.8), 15)",houghCircleAlt,0.725,45207040.48,45829653
"(np.float64(1.0), 250, 300, np.float64(0.8), 15)",houghCircleAlt,0.725,62729620.66,62989956.5
"(np.float64(1.0), 250, 330, np.float64(0.8), 15)",houghCircleAlt,0.725,60869064.9,61285594
"(np.float64(1.0), 250, 370, np.float64(0.8), 15)",houghCircleAlt,0.725,61019532.18,61388653
"(np.float64(1.5), 100, 340, np.float64(0.8500000000000001), 10)",houghCircleAlt,0.725,26122177.09,26556015
"(np.float64(1.5), 110, 380, np.float64(0.8500000000000001), 10)",houghCircleAlt,0.725,25194911.95,25500695
"(np.float64(1.5), 120, 390, np.float64(0.8500000000000001), 10)",houghCircleAlt,0.725,24667574.77,24969332.5
"(np.float64(1.5), 130, 360, np.float64(0.8), 15)",houghCircleAlt,0.725,24801827.51,25270985.5
"(np.float64(1.5), 130, 370, np.float64(0.8500000000000001), 10)",houghCircleAlt,0.725,25583461.73,26081424.5
"(np.float64(1.5), 140, 330, np.float64(0.8), 15)",houghCircleAlt,0.725,24694443.99,24967290
"(np.float64(1.5), 140, 370, np.float64(0.8), 15)",houghCircleAlt,0.725,23750212.95,24052765.5
"(np.float64(1.5), 250, 370, np.float64(0.8), 15)",houghCircleAlt,0.725,28804927.58,29243250.5
"(np.float64(1.5), 260, 350, np.float64(0.9000000000000001), 10)",houghCircleAlt,0.725,31153894.51,32000679
"(np.float64(1.5), 260, 360, np.float64(0.9000000000000001), 10)",houghCircleAlt,0.725,31832290.11,32564562.5
"(np.float64(1.0), 120, 360, np.float64(0.8500000000000001), 10)",houghCircleAlt,0.722916667,44987195.66,45933246
"(np.float64(1.0), 130, 340, np.float64(0.8500000000000001), 10)",houghCircleAlt,0.722916667,45954071.64,46629559.5
"(np.float64(1.0), 130, 350, np.float64(0.8500000000000001), 10)",houghCircleAlt,0.722916667,45276039.79,46041231
"(np.float64(1.0), 140, 300, np.float64(0.8500000000000001), 10)",houghCircleAlt,0.722916667,48583345.03,50176858.5
"(np.float64(1.0), 140, 310, np.float64(0.8), 15)",houghCircleAlt,0.722916667,46055673.93,46800090
"(np.float64(1.0), 140, 310, np.float64(0.8500000000000001), 10)",houghCircleAlt,0.722916667,47703830.58,48912612
"(np.float64(1.0), 140, 370, np.float64(0.8), 15)",houghCircleAlt,0.722916667,44723525.49,45259854.5
"(np.float64(1.0), 140, 380, np.float64(0.8500000000000001), 10)",houghCircleAlt,0.722916667,46949871.19,47694547.5
"(np.float64(1.0), 210, 360, np.float64(0.8), 10)",houghCircleAlt,0.722916667,56132519.65,56677018.5
"(np.float64(1.0), 220, 360, np.float64(0.8), 10)",houghCircleAlt,0.722916667,56468826.81,57167358.5
"(np.float64(1.0), 220, 390, np.float64(0.8500000000000001), 5)",houghCircleAlt,0.722916667,60367101.96,61231302.5
"(np.float64(1.0), 250, 390, np.float64(0.8), 15)",houghCircleAlt,0.722916667,60505769.95,60712419
"(np.float64(1.0), 270, 370, np.float64(0.8500000000000001), 15)",houghCircleAlt,0.722916667,63691607.55,63730141
"(np.float64(1.5), 100, 310, np.float64(0.8500000000000001), 10)",houghCircleAlt,0.722916667,25623987.59,26387735.5
"(np.float64(1.5), 110, 390, np.float64(0.8500000000000001), 10)",houghCircleAlt,0.722916667,24528460.53,25080712
"(np.float64(1.5), 120, 300, np.float64(0.8500000000000001), 10)",houghCircleAlt,0.722916667,25268611.41,26273380.5
"(np.float64(1.5), 120, 370, np.float64(0.8500000000000001), 10)",houghCircleAlt,0.722916667,25336257.58,25881002.5
"(np.float64(1.5), 130, 390, np.float64(0.8), 15)",houghCircleAlt,0.722916667,24945989.33,25233414
"(np.float64(1.5), 140, 310, np.float64(0.8), 15)",houghCircleAlt,0.722916667,26636043.98,27258567.5
"(np.float64(1.5), 140, 320, np.float64(0.8), 15)",houghCircleAlt,0.722916667,25399960.24,25682079.5
"(np.float64(1.5), 210, 390, np.float64(0.8500000000000001), 5)",houghCircleAlt,0.722916667,28685764.68,29210585.5
"(np.float64(1.5), 220, 390, np.float64(0.8500000000000001), 5)",houghCircleAlt,0.722916667,30201232.68,30897525
"(np.float64(1.5), 250, 310, np.float64(0.8), 15)",houghCircleAlt,0.722916667,30293722.31,30848081.5
"(np.float64(1.5), 250, 320, np.float64(0.8), 15)",houghCircleAlt,0.722916667,30437031.06,31035574
"(np.float64(1.5), 250, 390, np.float64(0.8), 15)",houghCircleAlt,0.722916667,28747260.77,29014853.5
"(np.float64(1.5), 260, 370, np.float64(0.9000000000000001), 10)",houghCircleAlt,0.722916667,30896225.3,31610146
"(np.float64(1.5), 260, 380, np.float64(0.9000000000000001), 10)",houghCircleAlt,0.722916667,31285590.7,31876426.5
"(np.float64(1.0), 120, 340, np.float64(0.8500000000000001), 10)",houghCircleAlt,0.720833333,43960507.79,44761219.5
"(np.float64(1.0), 120, 350, np.float64(0.8500000000000001), 10)",houghCircleAlt,0.720833333,44803552.26,45692872
"(np.float64(1.0), 130, 340, np.float64(0.8), 15)",houghCircleAlt,0.720833333,45386679.96,46290447
"(np.float64(1.0), 130, 350, np.float64(0.8), 15)",houghCircleAlt,0.720833333,43552643.51,44159144
"(np.float64(1.0), 130, 370, np.float64(0.8500000000000001), 10)",houghCircleAlt,0.720833333,44866442.76,45523925
"(np.float64(1.0), 130, 390, np.float64(0.8), 15)",houghCircleAlt,0.720833333,43598760.64,43997382
"(np.float64(1.0), 140, 320, np.float64(0.8), 15)",houghCircleAlt,0.720833333,45956912.25,46785553
"(np.float64(1.0), 230, 360, np.float64(0.8), 10)",houghCircleAlt,0.720833333,58871935.63,59738442
"(np.float64(1.0), 260, 350, np.float64(0.8), 15)",houghCircleAlt,0.720833333,63108713.8,62937128
"(np.float64(1.0), 270, 330, np.float64(0.8500000000000001), 15)",houghCircleAlt,0.720833333,64391932.64,64061117
"(np.float64(1.0), 270, 340, np.float64(0.8500000000000001), 15)",houghCircleAlt,0.720833333,65282907.38,65457235.5
"(np.float64(1.0), 270, 360, np.float64(0.8500000000000001), 15)",houghCircleAlt,0.720833333,64314118.83,64210312.5
"(np.float64(1.5), 110, 300, np.float64(0.8500000000000001), 10)",houghCircleAlt,0.720833333,27143898.13,27739916.5
"(np.float64(1.5), 130, 340, np.float64(0.8), 15)",houghCircleAlt,0.720833333,23511816.76,23901150.5
"(np.float64(1.5), 250, 300, np.float64(0.8500000000000001), 10)",houghCircleAlt,0.720833333,31609068.53,32583929.5
"(np.float64(1.5), 260, 390, np.float64(0.9000000000000001), 10)",houghCircleAlt,0.720833333,30487034.32,30857144.5
"(np.float64(1.0), 110, 360, np.float64(0.8500000000000001), 10)",houghCircleAlt,0.71875,44422722.55,45592986
"(np.float64(1.0), 120, 370, np.float64(0.8500000000000001), 10)",houghCircleAlt,0.71875,44324757.59,44924856
"(np.float64(1.0), 130, 380, np.float64(0.8500000000000001), 10)",houghCircleAlt,0.71875,45926255.6,46859766
"(np.float64(1.0), 140, 390, np.float64(0.8500000000000001), 10)",houghCircleAlt,0.71875,46127857.73,46617947
"(np.float64(1.0), 210, 360, np.float64(0.8500000000000001), 5)",houghCircleAlt,0.71875,56897643.91,58007609.5
"(np.float64(1.0), 210, 380, np.float64(0.8500000000000001), 5)",houghCircleAlt,0.71875,57804707.49,58440777
"(np.float64(1.0), 210, 390, np.float64(0.8500000000000001), 5)",houghCircleAlt,0.71875,56547993.74,56677690
"(np.float64(1.0), 220, 360, np.float64(0.8500000000000001), 5)",houghCircleAlt,0.71875,57621862.69,58456797.5
"(np.float64(1.0), 220, 380, np.float64(0.8500000000000001), 5)",houghCircleAlt,0.71875,57690499.56,58377469
"(np.float64(1.0), 270, 380, np.float64(0.8500000000000001), 15)",houghCircleAlt,0.71875,63580741.61,63496982.5
"(np.float64(1.5), 100, 350, np.float64(0.8500000000000001), 10)",houghCircleAlt,0.71875,26371057.74,27210018.5
"(np.float64(1.5), 110, 360, np.float64(0.8500000000000001), 10)",houghCircleAlt,0.71875,24633172.83,25186960.5
"(np.float64(1.5), 130, 380, np.float64(0.8), 15)",houghCircleAlt,0.71875,24379493.7,24739492.5
"(np.float64(1.5), 210, 340, np.float64(0.8500000000000001), 5)",houghCircleAlt,0.71875,29473805.72,30103276.5
"(np.float64(1.5), 210, 350, np.float64(0.8500000000000001), 5)",houghCircleAlt,0.71875,29470312.91,30328372
"(np.float64(1.5), 210, 360, np.float64(0.8500000000000001), 5)",houghCircleAlt,0.71875,30948468.36,31709815
"(np.float64(1.5), 230, 390, np.float64(0.8500000000000001), 5)",houghCircleAlt,0.71875,30982593.23,31331605
"(np.float64(1.5), 250, 310, np.float64(0.8500000000000001), 10)",houghCircleAlt,0.71875,32814000.51,33848015.5
"(np.float64(1.5), 250, 330, np.float64(0.8500000000000001), 10)",houghCircleAlt,0.71875,32366859.61,33156643
"(np.float64(1.5), 270, 330, np.float64(0.8500000000000001), 15)",houghCircleAlt,0.71875,30452486.62,31025795
"(np.float64(1.5), 270, 380, np.float64(0.8500000000000001), 15)",houghCircleAlt,0.71875,30999381.83,31174931
"(np.float64(1.0), 110, 340, np.float64(0.8500000000000001), 10)",houghCircleAlt,0.716666667,45091163.06,45820009.5
"(np.float64(1.0), 110, 350, np.float64(0.8500000000000001), 10)",houghCircleAlt,0.716666667,43659650.4,44479029
"(np.float64(1.0), 120, 380, np.float64(0.8500000000000001), 10)",houghCircleAlt,0.716666667,44637720.7,45376157.5
"(np.float64(1.0), 130, 300, np.float64(0.8), 15)",houghCircleAlt,0.716666667,45294584.6,46309853.5
"(np.float64(1.0), 130, 310, np.float64(0.8), 15)",houghCircleAlt,0.716666667,45279189.88,46147088.5
"(np.float64(1.0), 130, 330, np.float64(0.8), 15)",houghCircleAlt,0.716666667,44798821.6,45631246.5
"(np.float64(1.0), 130, 330, np.float64(0.8500000000000001), 10)",houghCircleAlt,0.716666667,46217864.43,47269684.5
"(np.float64(1.0), 210, 350, np.float64(0.8500000000000001), 5)",houghCircleAlt,0.716666667,57355419.63,58395993.5
"(np.float64(1.0), 220, 330, np.float64(0.8500000000000001), 5)",houghCircleAlt,0.716666667,59621903.11,60585225.5
"(np.float64(1.0), 220, 350, np.float64(0.8500000000000001), 5)",houghCircleAlt,0.716666667,58885922.88,59889820.5
"(np.float64(1.0), 230, 360, np.float64(0.8500000000000001), 5)",houghCircleAlt,0.716666667,62147414.65,63003582.5
"(np.float64(1.0), 230, 390, np.float64(0.8500000000000001), 5)",houghCircleAlt,0.716666667,59698670.52,60269338.5
"(np.float64(1.0), 260, 360, np.float64(0.8500000000000001), 10)",houghCircleAlt,0.716666667,64256400.21,64386171.5
"(np.float64(1.0), 270, 390, np.float64(0.8500000000000001), 15)",houghCircleAlt,0.716666667,63355782.52,63301867.5
"(np.float64(1.5), 100, 380, np.float64(0.8500000000000001), 10)",houghCircleAlt,0.716666667,23273853.58,23702472
"(np.float64(1.5), 100, 390, np.float64(0.8500000000000001), 10)",houghCircleAlt,0.716666667,24221045.3,24282595.5
"(np.float64(1.5), 110, 370, np.float64(0.8500000000000001), 10)",houghCircleAlt,0.716666667,25093406.09,25683083
"(np.float64(1.5), 120, 350, np.float64(0.8), 15)",houghCircleAlt,0.716666667,23267303.4,23922901
"(np.float64(1.5), 210, 370, np.float64(0.8500000000000001), 5)",houghCircleAlt,0.716666667,29048707.52,29667007
"(np.float64(1.5), 220, 360, np.float64(0.8500000000000001), 5)",houghCircleAlt,0.716666667,30439375.3,30954416.5
"(np.float64(1.5), 250, 350, np.float64(0.8500000000000001), 10)",houghCircleAlt,0.716666667,29205447.39,29622448
"(np.float64(1.5), 270, 320, np.float64(0.8500000000000001), 15)",houghCircleAlt,0.716666667,29654749.42,30265760
"(np.float64(1.0), 100, 360, np.float64(0.8500000000000001), 10)",houghCircleAlt,0.714583333,40886918.82,41565068.5
"(np.float64(1.0), 110, 370, np.float64(0.8500000000000001), 10)",houghCircleAlt,0.714583333,43142418.46,43758237
"(np.float64(1.0), 120, 380, np.float64(0.8), 15)",houghCircleAlt,0.714583333,43090029.21,43835376.5
"(np.float64(1.0), 130, 320, np.float64(0.8), 15)",houghCircleAlt,0.714583333,44799343.28,45774785.5
"(np.float64(1.0), 130, 320, np.float64(0.8500000000000001), 10)",houghCircleAlt,0.714583333,46299364.02,47519914
"(np.float64(1.0), 130, 370, np.float64(0.8), 15)",houghCircleAlt,0.714583333,43845205.77,44425218
"(np.float64(1.0), 200, 360, np.float64(0.8), 10)",houghCircleAlt,0.714583333,54794547.37,55393652
"(np.float64(1.0), 210, 350, np.float64(0.8), 10)",houghCircleAlt,0.714583333,56763581.05,57159609
"(np.float64(1.0), 210, 370, np.float64(0.8), 10)",houghCircleAlt,0.714583333,55582538.38,56140270.5
"(np.float64(1.0), 210, 370, np.float64(0.8500000000000001), 5)",houghCircleAlt,0.714583333,57636008.54,58357802
"(np.float64(1.0), 220, 340, np.float64(0.8500000000000001), 5)",houghCircleAlt,0.714583333,58935633.64,59798495
"(np.float64(1.0), 220, 350, np.float64(0.8), 10)",houghCircleAlt,0.714583333,57805428.05,58407194.5
"(np.float64(1.0), 220, 370, np.float64(0.8500000000000001), 5)",houghCircleAlt,0.714583333,58346540.42,58807020
"(np.float64(1.0), 230, 300, np.float64(0.8), 10)",houghCircleAlt,0.714583333,60844079.35,61680220
"(np.float64(1.0), 230, 330, np.float64(0.8500000000000001), 5)",houghCircleAlt,0.714583333,60170637.03,61230020
"(np.float64(1.0), 230, 350, np.float64(0.8), 10)",houghCircleAlt,0.714583333,59103557.05,59579589.5
"(np.float64(1.0), 230, 350, np.float64(0.8500000000000001), 5)",houghCircleAlt,0.714583333,60354307.39,61233917
"(np.float64(1.0), 260, 340, np.float64(0.8500000000000001), 10)",houghCircleAlt,0.714583333,64606751.74,65046560.5
"(np.float64(1.0), 260, 350, np.float64(0.8500000000000001), 10)",houghCircleAlt,0.714583333,62947573.76,63691919
"(np.float64(1.0), 270, 320, np.float64(0.8500000000000001), 15)",houghCircleAlt,0.714583333,65371460.52,65195976
"(np.float64(1.5), 120, 360, np.float64(0.8), 15)",houghCircleAlt,0.714583333,25281443.86,25594861.5
"(np.float64(1.5), 130, 300, np.float64(0.8), 15)",houghCircleAlt,0.714583333,25964147.38,26350760
"(np.float64(1.5), 130, 330, np.float64(0.8), 15)",houghCircleAlt,0.714583333,24634468.26,24942789
"(np.float64(1.5), 210, 380, np.float64(0.8500000000000001), 5)",houghCircleAlt,0.714583333,30352847.4,30983346
"(np.float64(1.5), 220, 350, np.float64(0.8500000000000001), 5)",houghCircleAlt,0.714583333,30176471.92,30395327.5
"(np.float64(1.5), 220, 380, np.float64(0.8500000000000001), 5)",houghCircleAlt,0.714583333,29534201.75,29983651
"(np.float64(1.5), 250, 340, np.float64(0.8500000000000001), 10)",houghCircleAlt,0.714583333,29278923.92,29822875.5
"(np.float64(1.5), 250, 380, np.float64(0.8500000000000001), 10)",houghCircleAlt,0.714583333,31101644.53,31840163
"(np.float64(1.5), 270, 300, np.float64(0.8500000000000001), 15)",houghCircleAlt,0.714583333,31247930.11,32061283
"(np.float64(1.5), 270, 310, np.float64(0.8500000000000001), 15)",houghCircleAlt,0.714583333,31323197,32069980
"(np.float64(1.5), 270, 350, np.float64(0.8500000000000001), 15)",houghCircleAlt,0.714583333,31317480.01,31869563
"(np.float64(1.5), 270, 360, np.float64(0.8500000000000001), 15)",houghCircleAlt,0.714583333,30045600.55,30382880
"(np.float64(1.5), 270, 370, np.float64(0.8500000000000001), 15)",houghCircleAlt,0.714583333,28289441.9,28388377
"(np.float64(1.0), 110, 380, np.float64(0.8500000000000001), 10)",houghCircleAlt,0.7125,42012108.11,42950302
"(np.float64(1.0), 120, 330, np.float64(0.8500000000000001), 10)",houghCircleAlt,0.7125,45298025.88,46316543
"(np.float64(1.0), 130, 360, np.float64(0.8), 15)",houghCircleAlt,0.7125,45112036.08,45542199
"(np.float64(1.0), 130, 390, np.float64(0.8500000000000001), 10)",houghCircleAlt,0.7125,44807532.62,45347854.5
"(np.float64(1.0), 210, 330, np.float64(0.8500000000000001), 5)",houghCircleAlt,0.7125,57794930.33,58950860
"(np.float64(1.0), 210, 340, np.float64(0.8500000000000001), 5)",houghCircleAlt,0.7125,56790043.6,57995537.5
"(np.float64(1.0), 210, 380, np.float64(0.8), 10)",houghCircleAlt,0.7125,55848756.2,56259531
"(np.float64(1.0), 210, 390, np.float64(0.8), 10)",houghCircleAlt,0.7125,55191804.34,55663011.5
"(np.float64(1.0), 220, 370, np.float64(0.8), 10)",houghCircleAlt,0.7125,57260884.53,57736269.5
"(np.float64(1.0), 220, 380, np.float64(0.8), 10)",houghCircleAlt,0.7125,57441259.32,57766658
"(np.float64(1.0), 220, 390, np.float64(0.8), 10)",houghCircleAlt,0.7125,57058154.56,57604058.5
"(np.float64(1.0), 230, 310, np.float64(0.8), 10)",houghCircleAlt,0.7125,60147812.56,61155174.5
"(np.float64(1.0), 230, 340, np.float64(0.8), 10)",houghCircleAlt,0.7125,59296942.81,60318290.5
"(np.float64(1.0), 230, 340, np.float64(0.8500000000000001), 5)",houghCircleAlt,0.7125,60518281.08,61466479.5
"(np.float64(1.0), 230, 380, np.float64(0.8500000000000001), 5)",houghCircleAlt,0.7125,62334864.33,62898886
"(np.float64(1.0), 260, 370, np.float64(0.8500000000000001), 10)",houghCircleAlt,0.7125,65573161.44,65819210.5
"(np.float64(1.0), 260, 380, np.float64(0.8500000000000001), 10)",houghCircleAlt,0.7125,63444515.14,63976618.5
"(np.float64(1.0), 270, 300, np.float64(0.8500000000000001), 15)",houghCircleAlt,0.7125,65846847.79,65624044
"(np.float64(1.0), 270, 310, np.float64(0.8500000000000001), 15)",houghCircleAlt,0.7125,67081563.38,67204408.5
"(np.float64(1.5), 100, 300, np.float64(0.8500000000000001), 10)",houghCircleAlt,0.7125,24423384.9,25504648.5
"(np.float64(1.5), 120, 390, np.float64(0.8), 15)",houghCircleAlt,0.7125,25128301.55,25705259.5
"(np.float64(1.5), 210, 320, np.float64(0.8500000000000001), 5)",houghCircleAlt,0.7125,30949168.81,31787730
"(np.float64(1.5), 220, 340, np.float64(0.8500000000000001), 5)",houghCircleAlt,0.7125,30954408.32,31877548
"(np.float64(1.5), 220, 370, np.float64(0.8500000000000001), 5)",houghCircleAlt,0.7125,29994533.36,30403996
"(np.float64(1.5), 230, 360, np.float64(0.8500000000000001), 5)",houghCircleAlt,0.7125,31226446.24,32044640.5
"(np.float64(1.5), 230, 380, np.float64(0.8500000000000001), 5)",houghCircleAlt,0.7125,29908748.97,30200232.5
"(np.float64(1.5), 250, 360, np.float64(0.8500000000000001), 10)",houghCircleAlt,0.7125,31289897.17,31968704
"(np.float64(1.5), 250, 390, np.float64(0.8500000000000001), 10)",houghCircleAlt,0.7125,28503008.56,28921113
"(np.float64(1.5), 270, 340, np.float64(0.8500000000000001), 15)",houghCircleAlt,0.7125,31079043.25,31640684.5
"(np.float64(1.5), 270, 390, np.float64(0.8500000000000001), 15)",houghCircleAlt,0.7125,30437821.31,30682031
"(np.float64(1.0), 100, 340, np.float64(0.8500000000000001), 10)",houghCircleAlt,0.710416667,41230742.49,42506398.5
"(np.float64(1.0), 100, 350, np.float64(0.8500000000000001), 10)",houghCircleAlt,0.710416667,42688489.97,43581247
"(np.float64(1.0), 100, 370, np.float64(0.8500000000000001), 10)",houghCircleAlt,0.710416667,42287088.83,42874318
"(np.float64(1.0), 100, 380, np.float64(0.8500000000000001), 10)",houghCircleAlt,0.710416667,40406965.25,40758749.5
"(np.float64(1.0), 120, 390, np.float64(0.8500000000000001), 10)",houghCircleAlt,0.710416667,43895262.28,44233202.5
"(np.float64(1.0), 130, 300, np.float64(0.8500000000000001), 10)",houghCircleAlt,0.710416667,47202244.36,48244248
"(np.float64(1.0), 130, 310, np.float64(0.8500000000000001), 10)",houghCircleAlt,0.710416667,46524583.95,47547777
"(np.float64(1.0), 210, 340, np.float64(0.8), 10)",houghCircleAlt,0.710416667,56751877.69,57168286.5
"(np.float64(1.0), 220, 320, np.float64(0.8500000000000001), 5)",houghCircleAlt,0.710416667,62324013.37,63678709
"(np.float64(1.0), 220, 340, np.float64(0.8), 10)",houghCircleAlt,0.710416667,57101632.15,58079945
"(np.float64(1.0), 230, 370, np.float64(0.8500000000000001), 5)",houghCircleAlt,0.710416667,60260464.9,60984839
"(np.float64(1.0), 250, 350, np.float64(0.9000000000000001), 5)",houghCircleAlt,0.710416667,64464292.64,65020351.5
"(np.float64(1.0), 250, 380, np.float64(0.9000000000000001), 5)",houghCircleAlt,0.710416667,63396094.32,63719731
"(np.float64(1.0), 250, 390, np.float64(0.9000000000000001), 5)",houghCircleAlt,0.710416667,63232757.7,63566919
"(np.float64(1.0), 260, 300, np.float64(0.8), 15)",houghCircleAlt,0.710416667,64854785.57,65156396.5
"(np.float64(1.0), 260, 310, np.float64(0.8), 15)",houghCircleAlt,0.710416667,63947703.91,64234667.5
"(np.float64(1.0), 260, 310, np.float64(0.8500000000000001), 10)",houghCircleAlt,0.710416667,65826676.31,66013149
"(np.float64(1.0), 260, 360, np.float64(0.8), 15)",houghCircleAlt,0.710416667,63505308.58,63722357
"(np.float64(1.5), 100, 370, np.float64(0.8500000000000001), 10)",houghCircleAlt,0.710416667,26989312.77,27418557.5
"(np.float64(1.5), 120, 340, np.float64(0.8), 15)",houghCircleAlt,0.710416667,23443640.66,23854046.5
"(np.float64(1.5), 130, 310, np.float64(0.8), 15)",houghCircleAlt,0.710416667,24917390.75,25487902
"(np.float64(1.5), 130, 320, np.float64(0.8), 15)",houghCircleAlt,0.710416667,26919115.51,27358165
"(np.float64(1.5), 130, 370, np.float64(0.8), 15)",houghCircleAlt,0.710416667,26277906,26633861.5
"(np.float64(1.5), 220, 320, np.float64(0.8500000000000001), 5)",houghCircleAlt,0.710416667,31226503.99,32256279
"(np.float64(1.5), 230, 350, np.float64(0.8500000000000001), 5)",houghCircleAlt,0.710416667,30814175.43,31320127.5
"(np.float64(1.5), 250, 320, np.float64(0.9000000000000001), 5)",houghCircleAlt,0.710416667,33073310.24,34034149.5
"(np.float64(1.5), 250, 340, np.float64(0.9000000000000001), 5)",houghCircleAlt,0.710416667,31291944.55,31856649
"(np.float64(1.5), 250, 350, np.float64(0.9000000000000001), 5)",houghCircleAlt,0.710416667,32294408.08,32920660.5
"(np.float64(1.5), 250, 360, np.float64(0.9000000000000001), 5)",houghCircleAlt,0.710416667,30914474.06,31614525.5
"(np.float64(1.5), 250, 370, np.float64(0.8500000000000001), 10)",houghCircleAlt,0.710416667,29025531.76,29277233.5
"(np.float64(1.5), 250, 380, np.float64(0.9000000000000001), 5)",houghCircleAlt,0.710416667,31947215.56,32707781.5
"(np.float64(1.0), 110, 330, np.float64(0.8500000000000001), 10)",houghCircleAlt,0.708333333,43913248.66,44710402.5
"(np.float64(1.0), 120, 300, np.float64(0.8500000000000001), 10)",houghCircleAlt,0.708333333,45122652.03,46367066.5
"(np.float64(1.0), 120, 320, np.float64(0.8500000000000001), 10)",houghCircleAlt,0.708333333,44377841.99,45462440
"(np.float64(1.0), 200, 350, np.float64(0.8), 10)",houghCircleAlt,0.708333333,54274988.11,54987103.5
"(np.float64(1.0), 200, 360, np.float64(0.8500000000000001), 5)",houghCircleAlt,0.708333333,54905884.85,55796817
"(np.float64(1.0), 200, 380, np.float64(0.8500000000000001), 5)",houghCircleAlt,0.708333333,54559761.4,55182835.5
"(np.float64(1.0), 200, 390, np.float64(0.8500000000000001), 5)",houghCircleAlt,0.708333333,55107825.72,55336018.5
"(np.float64(1.0), 220, 300, np.float64(0.8), 10)",houghCircleAlt,0.708333333,58617522.62,59711136
"(np.float64(1.0), 220, 300, np.float64(0.8500000000000001), 5)",houghCircleAlt,0.708333333,63090263.22,64583741.5
"(np.float64(1.0), 220, 310, np.float64(0.8), 10)",houghCircleAlt,0.708333333,58448496.49,59543706.5
"(np.float64(1.0), 230, 300, np.float64(0.8500000000000001), 5)",houghCircleAlt,0.708333333,60840546.42,62022682.5
"(np.float64(1.0), 230, 370, np.float64(0.8), 10)",houghCircleAlt,0.708333333,58893165.92,59233259
"(np.float64(1.0), 230, 380, np.float64(0.8), 10)",houghCircleAlt,0.708333333,58217514.4,58728813
"(np.float64(1.0), 230, 390, np.float64(0.8), 10)",houghCircleAlt,0.708333333,58375992.37,58825314.5
"(np.float64(1.0), 250, 340, np.float64(0.9000000000000001), 5)",houghCircleAlt,0.708333333,63448342.26,63911290.5
"(np.float64(1.0), 260, 300, np.float64(0.8500000000000001), 10)",houghCircleAlt,0.708333333,65277752.54,66029575
"(np.float64(1.0), 260, 330, np.float64(0.8), 15)",houghCircleAlt,0.708333333,63620750.78,63896940
"(np.float64(1.0), 260, 330, np.float64(0.8500000000000001), 10)",houghCircleAlt,0.708333333,63965027.7,64646710
"(np.float64(1.0), 260, 340, np.float64(0.8), 15)",houghCircleAlt,0.708333333,63953093.11,63727460.5
"(np.float64(1.0), 260, 380, np.float64(0.8), 15)",houghCircleAlt,0.708333333,61558227.22,61763696.5
"(np.float64(1.0), 260, 390, np.float64(0.8500000000000001), 10)",houghCircleAlt,0.708333333,63508432.73,63764961.5
"(np.float64(1.5), 100, 360, np.float64(0.8500000000000001), 10)",houghCircleAlt,0.708333333,25901056.56,26352863.5
"(np.float64(1.5), 120, 380, np.float64(0.8), 15)",houghCircleAlt,0.708333333,25007129.81,25223099.5
"(np.float64(1.5), 210, 310, np.float64(0.8500000000000001), 5)",houghCircleAlt,0.708333333,31312866.85,32203838.5
"(np.float64(1.5), 220, 300, np.float64(0.8500000000000001), 5)",houghCircleAlt,0.708333333,31951535.89,32961547
"(np.float64(1.5), 230, 370, np.float64(0.8500000000000001), 5)",houghCircleAlt,0.708333333,30413338.07,31067369
"(np.float64(1.5), 250, 310, np.float64(0.9000000000000001), 5)",houghCircleAlt,0.708333333,33221473.04,34642184.5
"(np.float64(1.5), 250, 390, np.float64(0.9000000000000001), 5)",houghCircleAlt,0.708333333,30462078.66,31024442.5
"(np.float64(1.0), 110, 390, np.float64(0.8500000000000001), 10)",houghCircleAlt,0.70625,42753888.23,43207594.5
"(np.float64(1.0), 120, 310, np.float64(0.8500000000000001), 10)",houghCircleAlt,0.70625,45704791.44,47058158.5
"(np.float64(1.0), 120, 390, np.float64(0.8), 15)",houghCircleAlt,0.70625,42865535.38,43062802
"(np.float64(1.0), 190, 360, np.float64(0.8), 10)",houghCircleAlt,0.70625,53322672.88,54067232.5
"(np.float64(1.0), 200, 350, np.float64(0.8500000000000001), 5)",houghCircleAlt,0.70625,56141652.2,57052528
"(np.float64(1.0), 230, 320, np.float64(0.8500000000000001), 5)",houghCircleAlt,0.70625,60874724.1,61894908
"(np.float64(1.0), 230, 330, np.float64(0.8), 10)",houghCircleAlt,0.70625,59618718.08,60326849
"(np.float64(1.0), 250, 300, np.float64(0.9000000000000001), 5)",houghCircleAlt,0.70625,65552014.04,66945332
"(np.float64(1.0), 250, 360, np.float64(0.9000000000000001), 5)",houghCircleAlt,0.70625,63789809.75,64071592
"(np.float64(1.0), 250, 370, np.float64(0.9000000000000001), 5)",houghCircleAlt,0.70625,62430243.88,63073263
"(np.float64(1.0), 260, 320, np.float64(0.8), 15)",houghCircleAlt,0.70625,64155560.12,64171423.5
"(np.float64(1.0), 260, 320, np.float64(0.8500000000000001), 10)",houghCircleAlt,0.70625,64849922.29,65184529.5
"(np.float64(1.5), 210, 330, np.float64(0.8500000000000001), 5)",houghCircleAlt,0.70625,31665795.41,32490378
"(np.float64(1.5), 220, 310, np.float64(0.8500000000000001), 5)",houghCircleAlt,0.70625,31355404,32557267.5
"(np.float64(1.5), 230, 300, np.float64(0.8), 10)",houghCircleAlt,0.70625,32192990.3,33162173.5
"(np.float64(1.5), 230, 300, np.float64(0.8500000000000001), 5)",houghCircleAlt,0.70625,32653082.72,33740830
"(np.float64(1.5), 230, 310, np.float64(0.8), 10)",houghCircleAlt,0.70625,31467774.73,32541038
"(np.float64(1.5), 230, 340, np.float64(0.8500000000000001), 5)",houghCircleAlt,0.70625,30565066.7,31410458
"(np.float64(1.5), 250, 370, np.float64(0.9000000000000001), 5)",houghCircleAlt,0.70625,31338699.24,32291947
"(np.float64(1.5), 260, 350, np.float64(0.8), 15)",houghCircleAlt,0.70625,30776673.6,31557167
"(np.float64(1.5), 260, 360, np.float64(0.8), 15)",houghCircleAlt,0.70625,30199879.79,30761745
"(np.float64(1.0), 100, 390, np.float64(0.8500000000000001), 10)",houghCircleAlt,0.704166667,41673429.37,42359728.5
"(np.float64(1.0), 110, 300, np.float64(0.8500000000000001), 10)",houghCircleAlt,0.704166667,43929908.36,45245062
"(np.float64(1.0), 110, 320, np.float64(0.8500000000000001), 10)",houghCircleAlt,0.704166667,43653153.74,44886134
"(np.float64(1.0), 120, 340, np.float64(0.8), 15)",houghCircleAlt,0.704166667,43515704.94,44384761.5
"(np.float64(1.0), 190, 360, np.float64(0.8500000000000001), 5)",houghCircleAlt,0.704166667,54924976.46,55970603.5
"(np.float64(1.0), 200, 370, np.float64(0.8500000000000001), 5)",houghCircleAlt,0.704166667,55537322.48,56248354
"(np.float64(1.0), 210, 300, np.float64(0.8500000000000001), 5)",houghCircleAlt,0.704166667,58219506.07,59694847.5
"(np.float64(1.0), 220, 310, np.float64(0.8500000000000001), 5)",houghCircleAlt,0.704166667,59844862.9,60923701
"(np.float64(1.0), 220, 330, np.float64(0.8), 10)",houghCircleAlt,0.704166667,58272740.38,59007461.5
"(np.float64(1.0), 250, 330, np.float64(0.9000000000000001), 5)",houghCircleAlt,0.704166667,64867166.03,65353316
"(np.float64(1.0), 260, 370, np.float64(0.8), 15)",houghCircleAlt,0.704166667,62351690.37,62590288
"(np.float64(1.5), 120, 330, np.float64(0.8), 15)",houghCircleAlt,0.704166667,24624029.55,25216728.5
"(np.float64(1.5), 200, 360, np.float64(0.8500000000000001), 5)",houghCircleAlt,0.704166667,28831110.84,29572003.5
"(np.float64(1.5), 200, 390, np.float64(0.8500000000000001), 5)",houghCircleAlt,0.704166667,29405347.95,29862462.5
"(np.float64(1.5), 210, 300, np.float64(0.8500000000000001), 5)",houghCircleAlt,0.704166667,31474939.82,32754814
"(np.float64(1.5), 220, 330, np.float64(0.8500000000000001), 5)",houghCircleAlt,0.704166667,31039290.18,32036508
"(np.float64(1.5), 230, 320, np.float64(0.8500000000000001), 5)",houghCircleAlt,0.704166667,32056921.59,33103363
"(np.float64(1.5), 250, 300, np.float64(0.9000000000000001), 5)",houghCircleAlt,0.704166667,32732634.34,34007860.5
"(np.float64(1.5), 250, 330, np.float64(0.9000000000000001), 5)",houghCircleAlt,0.704166667,30486281.95,31383485.5
"(np.float64(1.5), 260, 340, np.float64(0.8), 15)",houghCircleAlt,0.704166667,28558485.09,28960735
"(np.float64(1.5), 260, 380, np.float64(0.8), 15)",houghCircleAlt,0.704166667,29714245.47,30096013
"(np.float64(1.0), 100, 330, np.float64(0.8500000000000001), 10)",houghCircleAlt,0.702083333,42652113.18,43548268.5
"(np.float64(1.0), 110, 310, np.float64(0.8500000000000001), 10)",houghCircleAlt,0.702083333,44852020.88,46363415.5
"(np.float64(1.0), 120, 300, np.float64(0.8), 15)",houghCircleAlt,0.702083333,44900725.71,45844261
"(np.float64(1.0), 120, 310, np.float64(0.8), 15)",houghCircleAlt,0.702083333,43294614.79,44476921.5
"(np.float64(1.0), 190, 350, np.float64(0.8500000000000001), 5)",houghCircleAlt,0.702083333,53786193.9,54571688.5
"(np.float64(1.0), 190, 390, np.float64(0.8500000000000001), 5)",houghCircleAlt,0.702083333,53903400.1,54507774
"(np.float64(1.0), 200, 330, np.float64(0.8500000000000001), 5)",houghCircleAlt,0.702083333,56688040.68,57700303.5
"(np.float64(1.0), 200, 340, np.float64(0.8500000000000001), 5)",houghCircleAlt,0.702083333,57087328.34,58068925.5
"(np.float64(1.0), 210, 320, np.float64(0.8500000000000001), 5)",houghCircleAlt,0.702083333,57329907.68,58472036
"(np.float64(1.0), 250, 320, np.float64(0.9000000000000001), 5)",houghCircleAlt,0.702083333,64490338.05,65291710
"(np.float64(1.0), 260, 390, np.float64(0.8), 15)",houghCircleAlt,0.702083333,61439823.66,61485118.5
"(np.float64(1.5), 110, 350, np.float64(0.8), 15)",houghCircleAlt,0.702083333,23884970.04,24142819
"(np.float64(1.5), 120, 300, np.float64(0.8), 15)",houghCircleAlt,0.702083333,25018805.34,25647345
"(np.float64(1.5), 120, 370, np.float64(0.8), 15)",houghCircleAlt,0.702083333,23042489.36,23478894
"(np.float64(1.5), 190, 390, np.float64(0.8500000000000001), 5)",houghCircleAlt,0.702083333,29228455.67,29532041
"(np.float64(1.5), 200, 320, np.float64(0.8500000000000001), 5)",houghCircleAlt,0.702083333,30445083.97,31501158
"(np.float64(1.5), 200, 340, np.float64(0.8500000000000001), 5)",houghCircleAlt,0.702083333,30957029.93,31733298
"(np.float64(1.5), 220, 310, np.float64(0.8), 10)",houghCircleAlt,0.702083333,30048724.04,30739258
"(np.float64(1.5), 230, 330, np.float64(0.8500000000000001), 5)",houghCircleAlt,0.702083333,32046104.84,33181224
"(np.float64(1.5), 260, 300, np.float64(0.8), 15)",houghCircleAlt,0.702083333,31147551.27,32020121
"(np.float64(1.0), 110, 380, np.float64(0.8), 15)",houghCircleAlt,0.7,40698496.26,41315886
"(np.float64(1.0), 120, 330, np.float64(0.8), 15)",houghCircleAlt,0.7,43839799.16,44508384.5
"(np.float64(1.0), 120, 350, np.float64(0.8), 15)",houghCircleAlt,0.7,43137371.94,43849643
"(np.float64(1.0), 190, 350, np.float64(0.8), 10)",houghCircleAlt,0.7,53353171.57,54095746.5
"(np.float64(1.0), 190, 380, np.float64(0.8500000000000001), 5)",houghCircleAlt,0.7,54755801.79,55526380
"(np.float64(1.0), 200, 390, np.float64(0.8), 10)",houghCircleAlt,0.7,54031618.85,54601780
"(np.float64(1.0), 210, 310, np.float64(0.8500000000000001), 5)",houghCircleAlt,0.7,58387333.64,59738487
"(np.float64(1.0), 210, 330, np.float64(0.8), 10)",houghCircleAlt,0.7,56559254.54,57373535
"(np.float64(1.0), 230, 310, np.float64(0.8500000000000001), 5)",houghCircleAlt,0.7,60915819.43,62333811
"(np.float64(1.0), 230, 320, np.float64(0.8), 10)",houghCircleAlt,0.7,60202799.9,60793852
"(np.float64(1.0), 270, 340, np.float64(0.9000000000000001), 10)",houghCircleAlt,0.7,66402707.81,66360239.5
"(np.float64(1.0), 270, 350, np.float64(0.9000000000000001), 10)",houghCircleAlt,0.7,66290494.54,66662416
"(np.float64(1.5), 110, 340, np.float64(0.8), 15)",houghCircleAlt,0.7,25465453.98,25844282
"(np.float64(1.5), 110, 360, np.float64(0.8), 15)",houghCircleAlt,0.7,22953650.6,23325630
"(np.float64(1.5), 190, 320, np.float64(0.8500000000000001), 5)",houghCircleAlt,0.7,30251062.1,31153129
"(np.float64(1.5), 200, 350, np.float64(0.8500000000000001), 5)",houghCircleAlt,0.7,30530097.59,31529535.5
"(np.float64(1.5), 220, 300, np.float64(0.8), 10)",houghCircleAlt,0.7,31713026.44,32374601.5
"(np.float64(1.5), 230, 310, np.float64(0.8500000000000001), 5)",houghCircleAlt,0.7,30152910.61,31159317
"(np.float64(1.5), 230, 320, np.float64(0.8), 10)",houghCircleAlt,0.7,31707939.3,32638693.5
"(np.float64(1.5), 260, 330, np.float64(0.8), 15)",houghCircleAlt,0.7,30431934.74,30953498
"(np.float64(1.5), 260, 370, np.float64(0.8), 15)",houghCircleAlt,0.7,30502042.86,31121655.5
"(np.float64(1.0), 100, 300, np.float64(0.8500000000000001), 10)",houghCircleAlt,0.697916667,41969720.98,43306334.5
"(np.float64(1.0), 190, 330, np.float64(0.8500000000000001), 5)",houghCircleAlt,0.697916667,55064394.41,56060943
"(np.float64(1.0), 190, 340, np.float64(0.8500000000000001), 5)",houghCircleAlt,0.697916667,55631838.61,56524914
"(np.float64(1.0), 190, 370, np.float64(0.8500000000000001), 5)",houghCircleAlt,0.697916667,54354889.75,54864904
"(np.float64(1.0), 200, 300, np.float64(0.8500000000000001), 5)",houghCircleAlt,0.697916667,58433984.48,59929270
"(np.float64(1.0), 200, 340, np.float64(0.8), 10)",houghCircleAlt,0.697916667,55004679.88,55566762
"(np.float64(1.0), 200, 370, np.float64(0.8), 10)",houghCircleAlt,0.697916667,54427636.96,54964211.5
"(np.float64(1.0), 200, 380, np.float64(0.8), 10)",houghCircleAlt,0.697916667,54342038.83,54491553.5
"(np.float64(1.0), 210, 300, np.float64(0.8), 10)",houghCircleAlt,0.697916667,57517215.83,58572931
"(np.float64(1.0), 210, 310, np.float64(0.8), 10)",houghCircleAlt,0.697916667,57406494.75,58527891
"(np.float64(1.0), 220, 320, np.float64(0.8), 10)",houghCircleAlt,0.697916667,58324041.38,59442281.5
"(np.float64(1.0), 250, 310, np.float64(0.9000000000000001), 5)",houghCircleAlt,0.697916667,67738333.7,68941677.5
"(np.float64(1.5), 110, 330, np.float64(0.8), 15)",houghCircleAlt,0.697916667,24421444.92,24964774.5
"(np.float64(1.5), 110, 390, np.float64(0.8), 15)",houghCircleAlt,0.697916667,24430605.03,24405596.5
"(np.float64(1.5), 120, 310, np.float64(0.8), 15)",houghCircleAlt,0.697916667,24995357.14,25406879
"(np.float64(1.5), 120, 320, np.float64(0.8), 15)",houghCircleAlt,0.697916667,27549968.12,28412468
"(np.float64(1.5), 190, 360, np.float64(0.8500000000000001), 5)",houghCircleAlt,0.697916667,28542328.4,29277500.5
"(np.float64(1.5), 200, 300, np.float64(0.8500000000000001), 5)",houghCircleAlt,0.697916667,30384711.61,31340783
"(np.float64(1.5), 200, 310, np.float64(0.8500000000000001), 5)",houghCircleAlt,0.697916667,30537120.59,31366265
"(np.float64(1.5), 200, 370, np.float64(0.8500000000000001), 5)",houghCircleAlt,0.697916667,30194107,30838238.5
"(np.float64(1.5), 200, 380, np.float64(0.8500000000000001), 5)",houghCircleAlt,0.697916667,29545791.97,30102354.5
"(np.float64(1.5), 210, 310, np.float64(0.8), 10)",houghCircleAlt,0.697916667,31059081.76,31907869
"(np.float64(1.5), 220, 390, np.float64(0.8), 10)",houghCircleAlt,0.697916667,28533235.29,29109151.5
"(np.float64(1.5), 260, 310, np.float64(0.8), 15)",houghCircleAlt,0.697916667,30844448.46,31611584
"(np.float64(1.5), 260, 320, np.float64(0.8500000000000001), 10)",houghCircleAlt,0.697916667,33280283.3,34229917.5
"(np.float64(1.5), 260, 390, np.float64(0.8), 15)",houghCircleAlt,0.697916667,28364437.74,28635636.5
"(np.float64(1.0), 100, 320, np.float64(0.8500000000000001), 10)",houghCircleAlt,0.695833333,41532126.75,42493874.5
"(np.float64(1.0), 120, 320, np.float64(0.8), 15)",houghCircleAlt,0.695833333,44123896.76,45245848.5
"(np.float64(1.0), 120, 370, np.float64(0.8), 15)",houghCircleAlt,0.695833333,43122114.19,43563281.5
"(np.float64(1.0), 180, 360, np.float64(0.8500000000000001), 5)",houghCircleAlt,0.695833333,52294949.24,53337614
"(np.float64(1.0), 240, 360, np.float64(0.8), 10)",houghCircleAlt,0.695833333,61042371.2,61149694.5
"(np.float64(1.0), 270, 310, np.float64(0.9000000000000001), 10)",houghCircleAlt,0.695833333,67301891.3,67711160
"(np.float64(1.0), 270, 320, np.float64(0.9000000000000001), 10)",houghCircleAlt,0.695833333,67201778.51,67251527
"(np.float64(1.0), 270, 330, np.float64(0.9000000000000001), 10)",houghCircleAlt,0.695833333,67635877.96,67707818
"(np.float64(1.0), 270, 360, np.float64(0.9000000000000001), 10)",houghCircleAlt,0.695833333,65825098.84,66036482.5
"(np.float64(1.5), 190, 300, np.float64(0.8500000000000001), 5)",houghCircleAlt,0.695833333,30783024.2,31613370
"(np.float64(1.5), 190, 310, np.float64(0.8500000000000001), 5)",houghCircleAlt,0.695833333,28517178.54,29534012.5
"(np.float64(1.5), 190, 340, np.float64(0.8500000000000001), 5)",houghCircleAlt,0.695833333,30117347.7,30921711.5
"(np.float64(1.5), 190, 380, np.float64(0.8500000000000001), 5)",houghCircleAlt,0.695833333,29551410.34,30144606.5
"(np.float64(1.5), 210, 300, np.float64(0.8), 10)",houghCircleAlt,0.695833333,30810233.48,31537897
"(np.float64(1.5), 230, 330, np.float64(0.8), 10)",houghCircleAlt,0.695833333,28689028.84,29293747
"(np.float64(1.5), 260, 320, np.float64(0.8), 15)",houghCircleAlt,0.695833333,30895872.21,31604523.5
"(np.float64(1.0), 100, 310, np.float64(0.8500000000000001), 10)",houghCircleAlt,0.69375,43512697.82,44524032
"(np.float64(1.0), 180, 390, np.float64(0.8500000000000001), 5)",houghCircleAlt,0.69375,52535656.11,53410485.5
"(np.float64(1.0), 200, 320, np.float64(0.8500000000000001), 5)",houghCircleAlt,0.69375,57700719.35,58982929.5
"(np.float64(1.0), 270, 300, np.float64(0.9000000000000001), 10)",houghCircleAlt,0.69375,67185310.56,67680773
"(np.float64(1.0), 270, 370, np.float64(0.9000000000000001), 10)",houghCircleAlt,0.69375,67458778.13,68031770
"(np.float64(1.0), 270, 380, np.float64(0.9000000000000001), 10)",houghCircleAlt,0.69375,65454562.98,65458597.5
"(np.float64(1.5), 110, 380, np.float64(0.8), 15)",houghCircleAlt,0.69375,23184421.87,23694713
"(np.float64(1.5), 180, 320, np.float64(0.8500000000000001), 5)",houghCircleAlt,0.69375,28874536.85,29702302.5
"(np.float64(1.5), 180, 390, np.float64(0.8500000000000001), 5)",houghCircleAlt,0.69375,29365522.45,29928998.5
"(np.float64(1.5), 190, 370, np.float64(0.8500000000000001), 5)",houghCircleAlt,0.69375,28565628.74,28921728.5
"(np.float64(1.5), 200, 330, np.float64(0.8500000000000001), 5)",houghCircleAlt,0.69375,30622496.99,31450556.5
"(np.float64(1.5), 220, 320, np.float64(0.8), 10)",houghCircleAlt,0.69375,30757079.17,31568583.5
"(np.float64(1.0), 110, 340, np.float64(0.8), 15)",houghCircleAlt,0.691666667,42750175.66,43573681
"(np.float64(1.0), 120, 360, np.float64(0.8), 15)",houghCircleAlt,0.691666667,43301695.59,43824026
"(np.float64(1.0), 180, 350, np.float64(0.8500000000000001), 5)",houghCircleAlt,0.691666667,53167309.39,54195418
"(np.float64(1.0), 180, 380, np.float64(0.8500000000000001), 5)",houghCircleAlt,0.691666667,53627056.92,54324122
"(np.float64(1.0), 190, 300, np.float64(0.8500000000000001), 5)",houghCircleAlt,0.691666667,56810660.34,57907136
"(np.float64(1.0), 200, 310, np.float64(0.8500000000000001), 5)",houghCircleAlt,0.691666667,57073143.74,58561012
"(np.float64(1.0), 210, 320, np.float64(0.8), 10)",houghCircleAlt,0.691666667,58027183.35,59217274.5
"(np.float64(1.0), 240, 390, np.float64(0.8500000000000001), 5)",houghCircleAlt,0.691666667,60542836.46,61149157.5
"(np.float64(1.0), 270, 390, np.float64(0.9000000000000001), 10)",houghCircleAlt,0.691666667,65741660.78,65699958
"(np.float64(1.5), 110, 320, np.float64(0.8), 15)",houghCircleAlt,0.691666667,24969882.09,25717882.5
"(np.float64(1.5), 190, 350, np.float64(0.8500000000000001), 5)",houghCircleAlt,0.691666667,29304723.75,30112277
"(np.float64(1.5), 230, 360, np.float64(0.8), 10)",houghCircleAlt,0.691666667,29492398.08,30009209.5
"(np.float64(1.5), 230, 390, np.float64(0.8), 10)",houghCircleAlt,0.691666667,30057760.16,30435017
"(np.float64(1.5), 260, 300, np.float64(0.8500000000000001), 10)",houghCircleAlt,0.691666667,31634195.21,32507867
"(np.float64(1.5), 260, 310, np.float64(0.8500000000000001), 10)",houghCircleAlt,0.691666667,32899339.59,33897838
"(np.float64(1.0), 100, 380, np.float64(0.8), 15)",houghCircleAlt,0.689583333,40999198.85,41801726.5
"(np.float64(1.0), 110, 390, np.float64(0.8), 15)",houghCircleAlt,0.689583333,41471652.48,41614585.5
"(np.float64(1.0), 170, 360, np.float64(0.8500000000000001), 5)",houghCircleAlt,0.689583333,51517554.86,52413386
"(np.float64(1.0), 190, 320, np.float64(0.8500000000000001), 5)",houghCircleAlt,0.689583333,56220555.6,57046557
"(np.float64(1.0), 200, 310, np.float64(0.8), 10)",houghCircleAlt,0.689583333,55763795.27,56899946.5
"(np.float64(1.0), 240, 310, np.float64(0.8), 10)",houghCircleAlt,0.689583333,61947853.45,62782027
"(np.float64(1.0), 240, 330, np.float64(0.8500000000000001), 5)",houghCircleAlt,0.689583333,62534423.35,63395678
"(np.float64(1.0), 240, 340, np.float64(0.8), 10)",houghCircleAlt,0.689583333,61393024.36,61828754
"(np.float64(1.0), 240, 340, np.float64(0.8500000000000001), 5)",houghCircleAlt,0.689583333,61637673.31,62577102.5
"(np.float64(1.0), 240, 350, np.float64(0.8500000000000001), 5)",houghCircleAlt,0.689583333,62358107.8,63013100.5
"(np.float64(1.0), 240, 360, np.float64(0.8500000000000001), 5)",houghCircleAlt,0.689583333,60920139.48,61833953
"(np.float64(1.5), 110, 310, np.float64(0.8), 15)",houghCircleAlt,0.689583333,24896038.25,25740460.5
"(np.float64(1.5), 160, 390, np.float64(0.8500000000000001), 5)",houghCircleAlt,0.689583333,26730075.88,27237514
"(np.float64(1.5), 170, 390, np.float64(0.8500000000000001), 5)",houghCircleAlt,0.689583333,27382859.29,27751012
"(np.float64(1.5), 180, 310, np.float64(0.8500000000000001), 5)",houghCircleAlt,0.689583333,30207389,31097790.5
"(np.float64(1.5), 180, 340, np.float64(0.8500000000000001), 5)",houghCircleAlt,0.689583333,30221636.31,30963323
"(np.float64(1.5), 210, 320, np.float64(0.8), 10)",houghCircleAlt,0.689583333,30790837.19,31823131.5
"(np.float64(1.5), 210, 390, np.float64(0.8), 10)",houghCircleAlt,0.689583333,28097734.49,28366738
"(np.float64(1.5), 220, 330, np.float64(0.8), 10)",houghCircleAlt,0.689583333,29724124.15,30195037.5
"(np.float64(1.5), 230, 340, np.float64(0.8), 10)",houghCircleAlt,0.689583333,29891120.13,30338507.5
"(np.float64(1.5), 230, 350, np.float64(0.8), 10)",houghCircleAlt,0.689583333,29749023.51,30642131
"(np.float64(1.5), 240, 390, np.float64(0.8500000000000001), 5)",houghCircleAlt,0.689583333,31338819.21,32087163
"(np.float64(1.5), 260, 330, np.float64(0.8500000000000001), 10)",houghCircleAlt,0.689583333,32077980.33,33051369.5
"(np.float64(1.0), 110, 330, np.float64(0.8), 15)",houghCircleAlt,0.6875,42589143.21,43261275.5
"(np.float64(1.0), 110, 350, np.float64(0.8), 15)",houghCircleAlt,0.6875,42074261.42,42572212.5
"(np.float64(1.0), 170, 390, np.float64(0.8500000000000001), 5)",houghCircleAlt,0.6875,53510719.04,54063636
"(np.float64(1.0), 180, 360, np.float64(0.8), 10)",houghCircleAlt,0.6875,51422288.39,52019425.5
"(np.float64(1.0), 180, 370, np.float64(0.8500000000000001), 5)",houghCircleAlt,0.6875,53017691.17,53659092
"(np.float64(1.0), 190, 310, np.float64(0.8500000000000001), 5)",houghCircleAlt,0.6875,55624652.46,56830431
"(np.float64(1.0), 190, 370, np.float64(0.8), 10)",houghCircleAlt,0.6875,53214099.52,53737475
"(np.float64(1.0), 240, 300, np.float64(0.8), 10)",houghCircleAlt,0.6875,61958566.25,63276215
"(np.float64(1.0), 240, 350, np.float64(0.8), 10)",houghCircleAlt,0.6875,61118222.32,61817953.5
"(np.float64(1.0), 240, 370, np.float64(0.8), 10)",houghCircleAlt,0.6875,60170933.71,60903819
"(np.float64(1.0), 240, 370, np.float64(0.8500000000000001), 5)",houghCircleAlt,0.6875,64703775.62,65587255
"(np.float64(1.5), 100, 350, np.float64(0.8), 15)",houghCircleAlt,0.6875,24612477.64,25157483.5
"(np.float64(1.5), 110, 300, np.float64(0.8), 15)",houghCircleAlt,0.6875,25482529.61,26148521
"(np.float64(1.5), 110, 370, np.float64(0.8), 15)",houghCircleAlt,0.6875,25078745.51,25339205.5
"(np.float64(1.5), 170, 320, np.float64(0.8500000000000001), 5)",houghCircleAlt,0.6875,29873029.46,30675572
"(np.float64(1.5), 180, 360, np.float64(0.8500000000000001), 5)",houghCircleAlt,0.6875,27931237.54,28609747.5
"(np.float64(1.5), 190, 330, np.float64(0.8500000000000001), 5)",houghCircleAlt,0.6875,29260154.94,30054883
"(np.float64(1.5), 200, 310, np.float64(0.8), 10)",houghCircleAlt,0.6875,29224348.79,30071591
"(np.float64(1.5), 220, 360, np.float64(0.8), 10)",houghCircleAlt,0.6875,27895979.64,28272752.5
"(np.float64(1.5), 220, 370, np.float64(0.8), 10)",houghCircleAlt,0.6875,28815165.51,29464751.5
"(np.float64(1.5), 220, 380, np.float64(0.8), 10)",houghCircleAlt,0.6875,27312595.27,27915434.5
"(np.float64(1.5), 230, 370, np.float64(0.8), 10)",houghCircleAlt,0.6875,29408829.41,30044360
"(np.float64(1.5), 230, 380, np.float64(0.8), 10)",houghCircleAlt,0.6875,27777334.96,28029038
"(np.float64(1.5), 240, 300, np.float64(0.8), 10)",houghCircleAlt,0.6875,32085403.19,33018520.5
"(np.float64(1.5), 240, 310, np.float64(0.8), 10)",houghCircleAlt,0.6875,29206343.73,30133368.5
"(np.float64(1.0), 160, 360, np.float64(0.8500000000000001), 5)",houghCircleAlt,0.685416667,52869882.97,53598423
"(np.float64(1.0), 170, 350, np.float64(0.8500000000000001), 5)",houghCircleAlt,0.685416667,52309937.39,53159634.5
"(np.float64(1.0), 170, 380, np.float64(0.8500000000000001), 5)",houghCircleAlt,0.685416667,50882769.9,51419375
"(np.float64(1.0), 180, 330, np.float64(0.8500000000000001), 5)",houghCircleAlt,0.685416667,53987469.73,55152819
"(np.float64(1.0), 180, 340, np.float64(0.8500000000000001), 5)",houghCircleAlt,0.685416667,54133490.3,55196181
"(np.float64(1.0), 190, 340, np.float64(0.8), 10)",houghCircleAlt,0.685416667,52815519.24,53391340
"(np.float64(1.0), 190, 390, np.float64(0.8), 10)",houghCircleAlt,0.685416667,52775643.38,53256888
"(np.float64(1.0), 200, 330, np.float64(0.8), 10)",houghCircleAlt,0.685416667,54553604.2,55524206
"(np.float64(1.0), 240, 300, np.float64(0.8500000000000001), 5)",houghCircleAlt,0.685416667,65143346.91,66443986.5
"(np.float64(1.0), 240, 380, np.float64(0.8), 10)",houghCircleAlt,0.685416667,60475960.48,60655608
"(np.float64(1.0), 240, 380, np.float64(0.8500000000000001), 5)",houghCircleAlt,0.685416667,60572476.72,61173490
"(np.float64(1.0), 240, 390, np.float64(0.8), 10)",houghCircleAlt,0.685416667,59931638.54,60298302.5
"(np.float64(1.0), 260, 340, np.float64(0.9000000000000001), 5)",houghCircleAlt,0.685416667,66228918.95,66650745
"(np.float64(1.0), 260, 350, np.float64(0.9000000000000001), 5)",houghCircleAlt,0.685416667,66329163.01,66637990.5
"(np.float64(1.0), 260, 390, np.float64(0.9000000000000001), 5)",houghCircleAlt,0.685416667,64889560.05,65215928.5
"(np.float64(1.5), 150, 390, np.float64(0.8500000000000001), 5)",houghCircleAlt,0.685416667,27677523.65,28109178
"(np.float64(1.5), 160, 340, np.float64(0.8500000000000001), 5)",houghCircleAlt,0.685416667,27670618.06,28325180.5
"(np.float64(1.5), 170, 340, np.float64(0.8500000000000001), 5)",houghCircleAlt,0.685416667,30000552.04,30718333.5
"(np.float64(1.5), 170, 360, np.float64(0.8500000000000001), 5)",houghCircleAlt,0.685416667,29696353.37,30369138.5
"(np.float64(1.5), 180, 380, np.float64(0.8500000000000001), 5)",houghCircleAlt,0.685416667,28736704.88,29314340.5
"(np.float64(1.5), 210, 330, np.float64(0.8), 10)",houghCircleAlt,0.685416667,29420358.76,30011633
"(np.float64(1.5), 260, 340, np.float64(0.8500000000000001), 10)",houghCircleAlt,0.685416667,30829771.81,31418647.5
"(np.float64(1.5), 260, 350, np.float64(0.8500000000000001), 10)",houghCircleAlt,0.685416667,31884076.43,32800089
"(np.float64(1.5), 260, 360, np.float64(0.8500000000000001), 10)",houghCircleAlt,0.685416667,30583774.18,31055586
"(np.float64(1.5), 260, 380, np.float64(0.8500000000000001), 10)",houghCircleAlt,0.685416667,31484083.7,32139034
"(np.float64(1.5), 270, 300, np.float64(0.9000000000000001), 10)",houghCircleAlt,0.685416667,30819352.24,31688287.5
"(np.float64(1.5), 270, 320, np.float64(0.9000000000000001), 10)",houghCircleAlt,0.685416667,32150535.18,33215728
"(np.float64(1.0), 100, 390, np.float64(0.8), 15)",houghCircleAlt,0.683333333,40511745.94,40880449.5
"(np.float64(1.0), 190, 380, np.float64(0.8), 10)",houghCircleAlt,0.683333333,52773229.82,53403201.5
"(np.float64(1.0), 220, 370, np.float64(0.75), 15)",houghCircleAlt,0.683333333,56045701.19,56442664
"(np.float64(1.0), 220, 380, np.float64(0.75), 15)",houghCircleAlt,0.683333333,56119504.44,56337922.5
"(np.float64(1.0), 260, 380, np.float64(0.9000000000000001), 5)",houghCircleAlt,0.683333333,65242513.59,65406526
"(np.float64(1.5), 100, 340, np.float64(0.8), 15)",houghCircleAlt,0.683333333,23855614.2,24421861.5
"(np.float64(1.5), 160, 320, np.float64(0.8500000000000001), 5)",houghCircleAlt,0.683333333,30205472.22,31136228
"(np.float64(1.5), 170, 380, np.float64(0.8500000000000001), 5)",houghCircleAlt,0.683333333,27714031.16,28187852.5
"(np.float64(1.5), 180, 300, np.float64(0.8500000000000001), 5)",houghCircleAlt,0.683333333,29314898.65,30379243.5
"(np.float64(1.5), 180, 370, np.float64(0.8500000000000001), 5)",houghCircleAlt,0.683333333,28085048.96,28594030
"(np.float64(1.5), 210, 360, np.float64(0.8), 10)",houghCircleAlt,0.683333333,28406836.34,28900434
"(np.float64(1.5), 220, 340, np.float64(0.8), 10)",houghCircleAlt,0.683333333,30679298.71,31340472
"(np.float64(1.5), 220, 350, np.float64(0.8), 10)",houghCircleAlt,0.683333333,29117070.37,29756599.5
"(np.float64(1.5), 230, 350, np.float64(0.75), 15)",houghCircleAlt,0.683333333,27256179.76,27618849.5
"(np.float64(1.5), 240, 360, np.float64(0.8500000000000001), 5)",houghCircleAlt,0.683333333,32215411.7,33042480.5
"(np.float64(1.5), 240, 380, np.float64(0.8500000000000001), 5)",houghCircleAlt,0.683333333,30462224.92,30843203
"(np.float64(1.5), 260, 380, np.float64(0.9000000000000001), 5)",houghCircleAlt,0.683333333,32490775.43,33058780
"(np.float64(1.5), 260, 390, np.float64(0.8500000000000001), 10)",houghCircleAlt,0.683333333,30164330.57,30608323
"(np.float64(1.5), 270, 310, np.float64(0.9000000000000001), 10)",houghCircleAlt,0.683333333,31833254.63,32713542
"(np.float64(1.0), 110, 300, np.float64(0.8), 15)",houghCircleAlt,0.68125,43644819.46,44653716.5
"(np.float64(1.0), 110, 310, np.float64(0.8), 15)",houghCircleAlt,0.68125,42875068.94,43646087
"(np.float64(1.0), 110, 320, np.float64(0.8), 15)",houghCircleAlt,0.68125,43163674.98,43906630.5
"(np.float64(1.0), 110, 360, np.float64(0.8), 15)",houghCircleAlt,0.68125,42466941.01,43117581.5
"(np.float64(1.0), 110, 370, np.float64(0.8), 15)",houghCircleAlt,0.68125,41905444.86,42198086
"(np.float64(1.0), 160, 350, np.float64(0.8500000000000001), 5)",houghCircleAlt,0.68125,50861651,51907230.5
"(np.float64(1.0), 160, 390, np.float64(0.8500000000000001), 5)",houghCircleAlt,0.68125,49827302.78,50606730
"(np.float64(1.0), 170, 370, np.float64(0.8500000000000001), 5)",houghCircleAlt,0.68125,51620815.54,52363566.5
"(np.float64(1.0), 180, 300, np.float64(0.8500000000000001), 5)",houghCircleAlt,0.68125,54563448.46,56008870
"(np.float64(1.0), 190, 310, np.float64(0.8), 10)",houghCircleAlt,0.68125,54420090.41,55289290.5
"(np.float64(1.0), 210, 370, np.float64(0.75), 15)",houghCircleAlt,0.68125,54096216.5,54589653
"(np.float64(1.0), 220, 340, np.float64(0.75), 15)",houghCircleAlt,0.68125,57401916.89,57847399.5
"(np.float64(1.0), 240, 320, np.float64(0.8500000000000001), 5)",houghCircleAlt,0.68125,62507750.84,63453485.5
"(np.float64(1.0), 240, 330, np.float64(0.8), 10)",houghCircleAlt,0.68125,61170312.38,61933099
"(np.float64(1.0), 260, 330, np.float64(0.9000000000000001), 5)",houghCircleAlt,0.68125,66744010.66,67411333
"(np.float64(1.0), 260, 360, np.float64(0.9000000000000001), 5)",houghCircleAlt,0.68125,65708454.81,66135818.5
"(np.float64(1.0), 260, 370, np.float64(0.9000000000000001), 5)",houghCircleAlt,0.68125,65436583.28,65813358.5
"(np.float64(1.5), 100, 330, np.float64(0.8), 15)",houghCircleAlt,0.68125,25494888.55,26130172
"(np.float64(1.5), 100, 360, np.float64(0.8), 15)",houghCircleAlt,0.68125,24072038.3,24196995.5
"(np.float64(1.5), 160, 360, np.float64(0.8500000000000001), 5)",houghCircleAlt,0.68125,27157691.8,27887147
"(np.float64(1.5), 160, 380, np.float64(0.8500000000000001), 5)",houghCircleAlt,0.68125,26877858.57,27231783
"(np.float64(1.5), 170, 310, np.float64(0.8500000000000001), 5)",houghCircleAlt,0.68125,28914335.38,29943450
"(np.float64(1.5), 170, 370, np.float64(0.8500000000000001), 5)",houghCircleAlt,0.68125,27676902.9,28163531.5
"(np.float64(1.5), 180, 330, np.float64(0.8500000000000001), 5)",houghCircleAlt,0.68125,28797611.71,29678564
"(np.float64(1.5), 180, 350, np.float64(0.8500000000000001), 5)",houghCircleAlt,0.68125,28314586.36,29152636.5
"(np.float64(1.5), 200, 300, np.float64(0.8), 10)",houghCircleAlt,0.68125,30297946.6,31220801.5
"(np.float64(1.5), 200, 320, np.float64(0.8), 10)",houghCircleAlt,0.68125,30425156.46,31148736.5
"(np.float64(1.5), 210, 340, np.float64(0.75), 15)",houghCircleAlt,0.68125,29452813.98,29978229.5
"(np.float64(1.5), 210, 340, np.float64(0.8), 10)",houghCircleAlt,0.68125,30403712.16,31091038.5
"(np.float64(1.5), 210, 350, np.float64(0.8), 10)",houghCircleAlt,0.68125,29189741,29751837
"(np.float64(1.5), 210, 370, np.float64(0.8), 10)",houghCircleAlt,0.68125,28764274.2,29175145
"(np.float64(1.5), 210, 380, np.float64(0.8), 10)",houghCircleAlt,0.68125,28075989.11,28198421.5
"(np.float64(1.5), 230, 340, np.float64(0.75), 15)",houghCircleAlt,0.68125,28835318.28,29258280
"(np.float64(1.5), 240, 320, np.float64(0.8), 10)",houghCircleAlt,0.68125,31355565.45,31885989.5
"(np.float64(1.5), 240, 350, np.float64(0.8500000000000001), 5)",houghCircleAlt,0.68125,31895745.43,32928200
"(np.float64(1.5), 260, 320, np.float64(0.9000000000000001), 5)",houghCircleAlt,0.68125,33409293.12,34724435
"(np.float64(1.5), 260, 340, np.float64(0.9000000000000001), 5)",houghCircleAlt,0.68125,33295893.59,34212915.5
"(np.float64(1.5), 260, 350, np.float64(0.9000000000000001), 5)",houghCircleAlt,0.68125,30127890.27,30830905
"(np.float64(1.5), 260, 360, np.float64(0.9000000000000001), 5)",houghCircleAlt,0.68125,30551509.7,31192929.5
"(np.float64(1.5), 260, 370, np.float64(0.8500000000000001), 10)",houghCircleAlt,0.68125,29163798.59,29507797.5
"(np.float64(1.5), 270, 330, np.float64(0.9000000000000001), 10)",houghCircleAlt,0.68125,32422176.18,33129843
"(np.float64(1.0), 180, 320, np.float64(0.8500000000000001), 5)",houghCircleAlt,0.679166667,53721603.04,55109137
"(np.float64(1.0), 200, 300, np.float64(0.8), 10)",houghCircleAlt,0.679166667,56638863.19,57982918.5
"(np.float64(1.0), 200, 320, np.float64(0.8), 10)",houghCircleAlt,0.679166667,55633870.72,56649091
"(np.float64(1.0), 210, 340, np.float64(0.75), 15)",houghCircleAlt,0.679166667,54927224.97,55426427.5
"(np.float64(1.0), 210, 380, np.float64(0.75), 15)",houghCircleAlt,0.679166667,54352342.53,54793069.5
"(np.float64(1.0), 230, 340, np.float64(0.75), 15)",houghCircleAlt,0.679166667,58763802.14,58869051
"(np.float64(1.0), 270, 350, np.float64(0.8), 15)",houghCircleAlt,0.679166667,65182703.43,65018943.5
"(np.float64(1.5), 170, 350, np.float64(0.8500000000000001), 5)",houghCircleAlt,0.679166667,28109274.47,28685715.5
"(np.float64(1.5), 200, 390, np.float64(0.8), 10)",houghCircleAlt,0.679166667,28096805.31,28461093.5
"(np.float64(1.5), 210, 350, np.float64(0.75), 15)",houghCircleAlt,0.679166667,28247173.53,28636894
"(np.float64(1.5), 210, 390, np.float64(0.75), 15)",houghCircleAlt,0.679166667,27593073.91,27656344.5
"(np.float64(1.5), 220, 340, np.float64(0.75), 15)",houghCircleAlt,0.679166667,29821143.84,30340857
"(np.float64(1.5), 230, 360, np.float64(0.75), 15)",houghCircleAlt,0.679166667,29473514.36,30369319
"(np.float64(1.5), 230, 370, np.float64(0.75), 15)",houghCircleAlt,0.679166667,29231685.02,29819408
"(np.float64(1.5), 240, 370, np.float64(0.8500000000000001), 5)",houghCircleAlt,0.679166667,30322703,31139038
"(np.float64(1.5), 260, 310, np.float64(0.9000000000000001), 5)",houghCircleAlt,0.679166667,33868770.64,34848331.5
"(np.float64(1.5), 260, 370, np.float64(0.9000000000000001), 5)",houghCircleAlt,0.679166667,32200867,32789595
"(np.float64(1.5), 260, 390, np.float64(0.9000000000000001), 5)",houghCircleAlt,0.679166667,31891438.05,32180126
"(np.float64(1.5), 270, 340, np.float64(0.9000000000000001), 10)",houghCircleAlt,0.679166667,32648239.54,33341795.5
"(np.float64(1.5), 270, 360, np.float64(0.9000000000000001), 10)",houghCircleAlt,0.679166667,30912674.5,31575076.5
"(np.float64(1.0), 160, 380, np.float64(0.8500000000000001), 5)",houghCircleAlt,0.677083333,50757382.73,51515190.5
"(np.float64(1.0), 170, 330, np.float64(0.8500000000000001), 5)",houghCircleAlt,0.677083333,52768742.74,54010345.5
"(np.float64(1.0), 170, 340, np.float64(0.8500000000000001), 5)",houghCircleAlt,0.677083333,52010663.25,53105098
"(np.float64(1.0), 220, 350, np.float64(0.75), 15)",houghCircleAlt,0.677083333,59074207.02,59890702.5
"(np.float64(1.0), 220, 360, np.float64(0.75), 15)",houghCircleAlt,0.677083333,56498311.04,57179456.5
"(np.float64(1.0), 240, 320, np.float64(0.8), 10)",houghCircleAlt,0.677083333,61959267.16,62270917.5
"(np.float64(1.0), 260, 300, np.float64(0.9000000000000001), 5)",houghCircleAlt,0.677083333,68615892.35,69802496
"(np.float64(1.5), 140, 390, np.float64(0.8500000000000001), 5)",houghCircleAlt,0.677083333,26345328.77,26499544.5
"(np.float64(1.5), 150, 340, np.float64(0.8500000000000001), 5)",houghCircleAlt,0.677083333,27559680.91,28173601
"(np.float64(1.5), 150, 380, np.float64(0.8500000000000001), 5)",houghCircleAlt,0.677083333,27721388.68,28337325.5
"(np.float64(1.5), 160, 310, np.float64(0.8500000000000001), 5)",houghCircleAlt,0.677083333,28929624.99,29774007.5
"(np.float64(1.5), 160, 330, np.float64(0.8500000000000001), 5)",houghCircleAlt,0.677083333,28603123.56,29342529
"(np.float64(1.5), 160, 370, np.float64(0.8500000000000001), 5)",houghCircleAlt,0.677083333,29207505.47,30045492
"(np.float64(1.5), 170, 330, np.float64(0.8500000000000001), 5)",houghCircleAlt,0.677083333,29343891.59,29988474
"(np.float64(1.5), 200, 360, np.float64(0.8), 10)",houghCircleAlt,0.677083333,28214342.99,28785061
"(np.float64(1.5), 210, 360, np.float64(0.75), 15)",houghCircleAlt,0.677083333,28390818.73,28381916
"(np.float64(1.5), 210, 380, np.float64(0.75), 15)",houghCircleAlt,0.677083333,28346716.68,28413910.5
"(np.float64(1.5), 220, 350, np.float64(0.75), 15)",houghCircleAlt,0.677083333,29044771.57,29470968.5
"(np.float64(1.5), 220, 390, np.float64(0.75), 15)",houghCircleAlt,0.677083333,28354431.5,28659805.5
"(np.float64(1.5), 230, 330, np.float64(0.75), 15)",houghCircleAlt,0.677083333,29936781.38,30424278
"(np.float64(1.5), 230, 390, np.float64(0.75), 15)",houghCircleAlt,0.677083333,29407145.01,30174905
"(np.float64(1.5), 240, 300, np.float64(0.8500000000000001), 5)",houghCircleAlt,0.677083333,31924089.31,33041401.5
"(np.float64(1.5), 240, 340, np.float64(0.8500000000000001), 5)",houghCircleAlt,0.677083333,31425531.05,32333946
"(np.float64(1.5), 270, 350, np.float64(0.9000000000000001), 10)",houghCircleAlt,0.677083333,29810247.93,30619836
"(np.float64(1.0), 100, 330, np.float64(0.8), 15)",houghCircleAlt,0.675,41828184.19,42519668
"(np.float64(1.0), 100, 340, np.float64(0.8), 15)",houghCircleAlt,0.675,42293538.15,43049297.5
"(np.float64(1.0), 150, 360, np.float64(0.8500000000000001), 5)",houghCircleAlt,0.675,49049927.82,49538146.5
"(np.float64(1.0), 160, 330, np.float64(0.8500000000000001), 5)",houghCircleAlt,0.675,52039194.56,52927614.5
"(np.float64(1.0), 160, 340, np.float64(0.8500000000000001), 5)",houghCircleAlt,0.675,51920346.43,53244268.5
"(np.float64(1.0), 180, 310, np.float64(0.8500000000000001), 5)",houghCircleAlt,0.675,54789895.34,56082108
"(np.float64(1.0), 180, 350, np.float64(0.8), 10)",houghCircleAlt,0.675,51980467.42,52594059
"(np.float64(1.0), 210, 360, np.float64(0.75), 15)",houghCircleAlt,0.675,54778115.48,55150595
"(np.float64(1.0), 220, 390, np.float64(0.75), 15)",houghCircleAlt,0.675,55721353.68,56086366.5
"(np.float64(1.0), 230, 350, np.float64(0.75), 15)",houghCircleAlt,0.675,57921152.48,58182638.5
"(np.float64(1.0), 230, 370, np.float64(0.75), 15)",houghCircleAlt,0.675,57356630.41,57476550
"(np.float64(1.0), 230, 380, np.float64(0.75), 15)",houghCircleAlt,0.675,57682006.38,57882029.5
"(np.float64(1.0), 240, 310, np.float64(0.8500000000000001), 5)",houghCircleAlt,0.675,63224349.94,64254729.5
"(np.float64(1.0), 260, 320, np.float64(0.9000000000000001), 5)",houghCircleAlt,0.675,66646235.28,67309080
"(np.float64(1.5), 100, 320, np.float64(0.8), 15)",houghCircleAlt,0.675,25149641.96,25483833.5
"(np.float64(1.5), 100, 390, np.float64(0.8), 15)",houghCircleAlt,0.675,22815293.54,23039347.5
"(np.float64(1.5), 130, 390, np.float64(0.8500000000000001), 5)",houghCircleAlt,0.675,27620750.58,28193350
"(np.float64(1.5), 160, 350, np.float64(0.8500000000000001), 5)",houghCircleAlt,0.675,28253924.44,28742512.5
"(np.float64(1.5), 190, 310, np.float64(0.8), 10)",houghCircleAlt,0.675,28877378.19,29760587
"(np.float64(1.5), 200, 330, np.float64(0.8), 10)",houghCircleAlt,0.675,29074964.61,29736261.5
"(np.float64(1.5), 200, 370, np.float64(0.8), 10)",houghCircleAlt,0.675,28551052.23,28898438.5
"(np.float64(1.5), 200, 380, np.float64(0.8), 10)",houghCircleAlt,0.675,28162180.85,28334548
"(np.float64(1.5), 210, 330, np.float64(0.75), 15)",houghCircleAlt,0.675,28503170.28,28952106
"(np.float64(1.5), 210, 370, np.float64(0.75), 15)",houghCircleAlt,0.675,29598014.67,30119839
"(np.float64(1.5), 220, 360, np.float64(0.75), 15)",houghCircleAlt,0.675,27861037.38,28216615
"(np.float64(1.5), 230, 320, np.float64(0.75), 15)",houghCircleAlt,0.675,29253289.09,29775666
"(np.float64(1.5), 230, 380, np.float64(0.75), 15)",houghCircleAlt,0.675,29205699.27,29782273.5
"(np.float64(1.5), 240, 320, np.float64(0.8500000000000001), 5)",houghCircleAlt,0.675,31416193.94,32201797.5
"(np.float64(1.5), 240, 330, np.float64(0.8), 10)",houghCircleAlt,0.675,31510286.83,32199343
"(np.float64(1.5), 260, 300, np.float64(0.9000000000000001), 5)",houghCircleAlt,0.675,34048737.3,35292919.5
"(np.float64(1.5), 260, 330, np.float64(0.9000000000000001), 5)",houghCircleAlt,0.675,32554757.34,33533421
"(np.float64(1.5), 270, 370, np.float64(0.9000000000000001), 10)",houghCircleAlt,0.675,31079493.94,31778037
"(np.float64(1.5), 270, 380, np.float64(0.9000000000000001), 10)",houghCircleAlt,0.675,30755812.1,31410708
"(np.float64(1.0), 100, 320, np.float64(0.8), 15)",houghCircleAlt,0.672916667,41510075.77,42452848.5
"(np.float64(1.0), 100, 370, np.float64(0.8), 15)",houghCircleAlt,0.672916667,40910066.1,41422510
"(np.float64(1.0), 150, 390, np.float64(0.8500000000000001), 5)",houghCircleAlt,0.672916667,48427071.63,49055545
"(np.float64(1.0), 160, 370, np.float64(0.8500000000000001), 5)",houghCircleAlt,0.672916667,50238118.13,50934375
"(np.float64(1.0), 170, 360, np.float64(0.8), 10)",houghCircleAlt,0.672916667,50389045.29,51316222
"(np.float64(1.0), 190, 330, np.float64(0.8), 10)",houghCircleAlt,0.672916667,53689893.74,54396330
"(np.float64(1.0), 210, 320, np.float64(0.75), 15)",houghCircleAlt,0.672916667,55386984.09,56091143.5
"(np.float64(1.0), 210, 350, np.float64(0.75), 15)",houghCircleAlt,0.672916667,54472348.2,55179930.5
"(np.float64(1.0), 220, 320, np.float64(0.75), 15)",houghCircleAlt,0.672916667,57524671.79,58155321.5
"(np.float64(1.0), 250, 360, np.float64(0.8), 10)",houghCircleAlt,0.672916667,62838630.7,63287389.5
"(np.float64(1.5), 120, 390, np.float64(0.8500000000000001), 5)",houghCircleAlt,0.672916667,25013765.09,25131239
"(np.float64(1.5), 150, 320, np.float64(0.8500000000000001), 5)",houghCircleAlt,0.672916667,27709285.99,28523711.5
"(np.float64(1.5), 150, 360, np.float64(0.8500000000000001), 5)",houghCircleAlt,0.672916667,27963976.52,28437765
"(np.float64(1.5), 170, 300, np.float64(0.8500000000000001), 5)",houghCircleAlt,0.672916667,30530373.48,31404251
"(np.float64(1.5), 200, 340, np.float64(0.75), 15)",houghCircleAlt,0.672916667,28251192.35,28744386.5
"(np.float64(1.5), 200, 340, np.float64(0.8), 10)",houghCircleAlt,0.672916667,28428602.26,28989034.5
"(np.float64(1.5), 200, 350, np.float64(0.75), 15)",houghCircleAlt,0.672916667,27091041.36,27566170
"(np.float64(1.5), 200, 350, np.float64(0.8), 10)",houghCircleAlt,0.672916667,27084875.11,27809392.5
"(np.float64(1.5), 200, 390, np.float64(0.75), 15)",houghCircleAlt,0.672916667,27244242.86,27665095
"(np.float64(1.5), 220, 370, np.float64(0.75), 15)",houghCircleAlt,0.672916667,27805713.42,28045855.5
"(np.float64(1.5), 220, 380, np.float64(0.75), 15)",houghCircleAlt,0.672916667,27466947.09,27712139
"(np.float64(1.5), 240, 330, np.float64(0.8500000000000001), 5)",houghCircleAlt,0.672916667,32448756.36,33499311
"(np.float64(1.5), 240, 340, np.float64(0.8), 10)",houghCircleAlt,0.672916667,31201408.07,31904229.5
"(np.float64(1.5), 270, 390, np.float64(0.9000000000000001), 10)",houghCircleAlt,0.672916667,31297894,31912760
"(np.float64(1.0), 100, 350, np.float64(0.8), 15)",houghCircleAlt,0.670833333,40642353.37,41388817.5
"(np.float64(1.0), 140, 360, np.float64(0.8500000000000001), 5)",houghCircleAlt,0.670833333,48759351.99,49898973
"(np.float64(1.0), 150, 350, np.float64(0.8500000000000001), 5)",houghCircleAlt,0.670833333,49261286.8,50152278.5
"(np.float64(1.0), 160, 300, np.float64(0.8500000000000001), 5)",houghCircleAlt,0.670833333,52101233.16,53811367.5
"(np.float64(1.0), 170, 300, np.float64(0.8500000000000001), 5)",houghCircleAlt,0.670833333,53242241.28,54829498
"(np.float64(1.0), 170, 320, np.float64(0.8500000000000001), 5)",houghCircleAlt,0.670833333,52633993.82,53988861
"(np.float64(1.0), 190, 300, np.float64(0.8), 10)",houghCircleAlt,0.670833333,53703257.63,54573016.5
"(np.float64(1.0), 190, 320, np.float64(0.8), 10)",houghCircleAlt,0.670833333,55060094.24,56109244.5
"(np.float64(1.0), 210, 390, np.float64(0.75), 15)",houghCircleAlt,0.670833333,53852078.26,54387128
"(np.float64(1.0), 230, 320, np.float64(0.75), 15)",houghCircleAlt,0.670833333,59143084.38,59840974.5
"(np.float64(1.0), 230, 360, np.float64(0.75), 15)",houghCircleAlt,0.670833333,58229962.02,58570235.5
"(np.float64(1.0), 230, 390, np.float64(0.75), 15)",houghCircleAlt,0.670833333,57265726.25,57451987.5
"(np.float64(1.0), 260, 310, np.float64(0.9000000000000001), 5)",houghCircleAlt,0.670833333,67632191.84,68627418.5
"(np.float64(1.0), 270, 350, np.float64(0.8500000000000001), 10)",houghCircleAlt,0.670833333,65431938.23,66011135
"(np.float64(1.0), 270, 360, np.float64(0.8500000000000001), 10)",houghCircleAlt,0.670833333,65603559.63,66077896
"(np.float64(1.5), 100, 310, np.float64(0.8), 15)",houghCircleAlt,0.670833333,26062778.74,26650932
"(np.float64(1.5), 100, 370, np.float64(0.8), 15)",houghCircleAlt,0.670833333,25145145.57,25832603
"(np.float64(1.5), 140, 340, np.float64(0.8500000000000001), 5)",houghCircleAlt,0.670833333,27000004.1,27846427
"(np.float64(1.5), 190, 300, np.float64(0.8), 10)",houghCircleAlt,0.670833333,28752450,29490045.5
"(np.float64(1.5), 190, 320, np.float64(0.8), 10)",houghCircleAlt,0.670833333,29122438.59,29843808.5
"(np.float64(1.5), 190, 360, np.float64(0.8), 10)",houghCircleAlt,0.670833333,27702628.62,28251787.5
"(np.float64(1.5), 190, 390, np.float64(0.8), 10)",houghCircleAlt,0.670833333,28212030.4,28441333.5
"(np.float64(1.5), 200, 360, np.float64(0.75), 15)",houghCircleAlt,0.670833333,28006736.69,28077044.5
"(np.float64(1.5), 200, 380, np.float64(0.75), 15)",houghCircleAlt,0.670833333,27920567.29,28084488
"(np.float64(1.5), 220, 330, np.float64(0.75), 15)",houghCircleAlt,0.670833333,28967024.65,29275756.5
"(np.float64(1.5), 230, 300, np.float64(0.75), 15)",houghCircleAlt,0.670833333,30419218.16,31000794.5
"(np.float64(1.5), 240, 310, np.float64(0.8500000000000001), 5)",houghCircleAlt,0.670833333,33009830.74,34498921
"(np.float64(1.0), 160, 320, np.float64(0.8500000000000001), 5)",houghCircleAlt,0.66875,52373720.92,53667446
"(np.float64(1.0), 180, 370, np.float64(0.8), 10)",houghCircleAlt,0.66875,51733814.76,52298099
"(np.float64(1.0), 200, 370, np.float64(0.75), 15)",houghCircleAlt,0.66875,53329753.68,53845777.5
"(np.float64(1.0), 200, 380, np.float64(0.75), 15)",houghCircleAlt,0.66875,52751583.43,53338701
"(np.float64(1.0), 220, 330, np.float64(0.75), 15)",houghCircleAlt,0.66875,59718202.26,60682809
"(np.float64(1.0), 270, 340, np.float64(0.8500000000000001), 10)",houghCircleAlt,0.66875,65926432.21,66079693
"(np.float64(1.0), 270, 370, np.float64(0.8500000000000001), 10)",houghCircleAlt,0.66875,65403039.11,65616754.5
"(np.float64(1.0), 270, 380, np.float64(0.8500000000000001), 10)",houghCircleAlt,0.66875,64866365.31,65290723.5
"(np.float64(1.5), 100, 380, np.float64(0.8), 15)",houghCircleAlt,0.66875,24074144.13,24352657
"(np.float64(1.5), 140, 320, np.float64(0.8500000000000001), 5)",houghCircleAlt,0.66875,28392117.41,29314651
"(np.float64(1.5), 140, 380, np.float64(0.8500000000000001), 5)",houghCircleAlt,0.66875,28293703.64,28791721
"(np.float64(1.5), 150, 310, np.float64(0.8500000000000001), 5)",houghCircleAlt,0.66875,28271260.64,29082840
"(np.float64(1.5), 150, 330, np.float64(0.8500000000000001), 5)",houghCircleAlt,0.66875,27888796.05,28894516.5
"(np.float64(1.5), 150, 350, np.float64(0.8500000000000001), 5)",houghCircleAlt,0.66875,27455222.2,28192505
"(np.float64(1.5), 150, 370, np.float64(0.8500000000000001), 5)",houghCircleAlt,0.66875,27084564.31,27850690
"(np.float64(1.5), 160, 300, np.float64(0.8500000000000001), 5)",houghCircleAlt,0.66875,29841699.86,30506411.5
"(np.float64(1.5), 190, 330, np.float64(0.8), 10)",houghCircleAlt,0.66875,28476382.33,29004207.5
"(np.float64(1.5), 190, 340, np.float64(0.8), 10)",houghCircleAlt,0.66875,28713598.44,29485477
"(np.float64(1.5), 190, 370, np.float64(0.8), 10)",houghCircleAlt,0.66875,28603789.82,28934387
"(np.float64(1.5), 200, 330, np.float64(0.75), 15)",houghCircleAlt,0.66875,28124518.01,28816081
"(np.float64(1.5), 240, 360, np.float64(0.8), 10)",houghCircleAlt,0.66875,28604959.69,29286571.5
"(np.float64(1.5), 270, 360, np.float64(0.8), 15)",houghCircleAlt,0.66875,28498282.18,28820773.5
"(np.float64(1.0), 100, 310, np.float64(0.8), 15)",houghCircleAlt,0.666666667,42516681.75,43234990.5
"(np.float64(1.0), 100, 360, np.float64(0.8), 15)",houghCircleAlt,0.666666667,41200288.91,41674878
"(np.float64(1.0), 140, 350, np.float64(0.8500000000000001), 5)",houghCircleAlt,0.666666667,48125263.85,48812289.5
"(np.float64(1.0), 140, 390, np.float64(0.8500000000000001), 5)",houghCircleAlt,0.666666667,47492857.14,48192040.5
"(np.float64(1.0), 150, 340, np.float64(0.8500000000000001), 5)",houghCircleAlt,0.666666667,48896362.18,49915067.5
"(np.float64(1.0), 150, 380, np.float64(0.8500000000000001), 5)",houghCircleAlt,0.666666667,48582847.49,49472048
"(np.float64(1.0), 160, 310, np.float64(0.8500000000000001), 5)",houghCircleAlt,0.666666667,52122575.27,53685885
"(np.float64(1.0), 170, 310, np.float64(0.8500000000000001), 5)",houghCircleAlt,0.666666667,53276813.05,54682556.5
"(np.float64(1.0), 200, 340, np.float64(0.75), 15)",houghCircleAlt,0.666666667,53601652.14,54246138.5
"(np.float64(1.0), 210, 310, np.float64(0.75), 15)",houghCircleAlt,0.666666667,54795731.98,55722948.5
"(np.float64(1.0), 210, 330, np.float64(0.75), 15)",houghCircleAlt,0.666666667,54701895.71,55189358
"(np.float64(1.0), 220, 310, np.float64(0.75), 15)",houghCircleAlt,0.666666667,56135480.55,57184926.5
"(np.float64(1.0), 230, 300, np.float64(0.75), 15)",houghCircleAlt,0.666666667,58081883.54,59157221.5
"(np.float64(1.0), 230, 330, np.float64(0.75), 15)",houghCircleAlt,0.666666667,58106657.84,58780084
"(np.float64(1.0), 270, 360, np.float64(0.8), 15)",houghCircleAlt,0.666666667,64244842.92,64322056
"(np.float64(1.0), 270, 380, np.float64(0.8), 15)",houghCircleAlt,0.666666667,66323467.03,66467030
"(np.float64(1.5), 120, 320, np.float64(0.8500000000000001), 5)",houghCircleAlt,0.666666667,27120521.23,28108187
"(np.float64(1.5), 130, 320, np.float64(0.8500000000000001), 5)",houghCircleAlt,0.666666667,27349288.53,28287203
"(np.float64(1.5), 130, 380, np.float64(0.8500000000000001), 5)",houghCircleAlt,0.666666667,27382507.02,28255714.5
"(np.float64(1.5), 140, 360, np.float64(0.8500000000000001), 5)",houghCircleAlt,0.666666667,27334894.77,28167089
"(np.float64(1.5), 190, 380, np.float64(0.8), 10)",houghCircleAlt,0.666666667,26548523.66,27053419
"(np.float64(1.5), 200, 370, np.float64(0.75), 15)",houghCircleAlt,0.666666667,25763586.42,26316291
"(np.float64(1.5), 240, 350, np.float64(0.75), 15)",houghCircleAlt,0.666666667,27451088.73,27803821.5
"(np.float64(1.5), 240, 350, np.float64(0.8), 10)",houghCircleAlt,0.666666667,30402488.36,31047631.5
"(np.float64(1.5), 270, 350, np.float64(0.8), 15)",houghCircleAlt,0.666666667,30054087.18,30716806
"(np.float64(1.5), 270, 380, np.float64(0.8), 15)",houghCircleAlt,0.666666667,30045599.17,30628530
"(np.float64(1.0), 100, 300, np.float64(0.8), 15)",houghCircleAlt,0.664583333,42329796.45,42985808.5
"(np.float64(1.0), 130, 360, np.float64(0.8500000000000001), 5)",houghCircleAlt,0.664583333,48854102.19,50076405.5
"(np.float64(1.0), 140, 380, np.float64(0.8500000000000001), 5)",houghCircleAlt,0.664583333,46712394.68,47490945.5
"(np.float64(1.0), 150, 330, np.float64(0.8500000000000001), 5)",houghCircleAlt,0.664583333,49977985.58,50896428.5
"(np.float64(1.0), 200, 320, np.float64(0.75), 15)",houghCircleAlt,0.664583333,53954950.76,54885157
"(np.float64(1.0), 200, 360, np.float64(0.75), 15)",houghCircleAlt,0.664583333,53267544.94,53745765.5
"(np.float64(1.0), 210, 300, np.float64(0.75), 15)",houghCircleAlt,0.664583333,55848415.84,56501213.5
"(np.float64(1.0), 230, 310, np.float64(0.75), 15)",houghCircleAlt,0.664583333,58708501.54,59290230.5
"(np.float64(1.0), 250, 340, np.float64(0.8), 10)",houghCircleAlt,0.664583333,63298930.25,63559701
"(np.float64(1.0), 250, 350, np.float64(0.8), 10)",houghCircleAlt,0.664583333,61917948.03,62264637
"(np.float64(1.0), 250, 350, np.float64(0.8500000000000001), 5)",houghCircleAlt,0.664583333,64140191.85,64670279.5
"(np.float64(1.0), 250, 360, np.float64(0.8500000000000001), 5)",houghCircleAlt,0.664583333,66143636.73,66781384.5
"(np.float64(1.0), 250, 390, np.float64(0.8500000000000001), 5)",houghCircleAlt,0.664583333,62839452.84,63489133.5
"(np.float64(1.0), 270, 300, np.float64(0.8), 15)",houghCircleAlt,0.664583333,65476849.44,65475555
"(np.float64(1.0), 270, 310, np.float64(0.8), 15)",houghCircleAlt,0.664583333,65983687.31,66050742.5
"(np.float64(1.0), 270, 310, np.float64(0.8500000000000001), 10)",houghCircleAlt,0.664583333,66982137.36,67516479.5
"(np.float64(1.0), 270, 340, np.float64(0.8), 15)",houghCircleAlt,0.664583333,65527308.04,65036762
"(np.float64(1.0), 270, 390, np.float64(0.8500000000000001), 10)",houghCircleAlt,0.664583333,65003656.13,65184865
"(np.float64(1.5), 110, 390, np.float64(0.8500000000000001), 5)",houghCircleAlt,0.664583333,24135826.2,24650490.5
"(np.float64(1.5), 120, 340, np.float64(0.8500000000000001), 5)",houghCircleAlt,0.664583333,26570168.65,27392429
"(np.float64(1.5), 120, 380, np.float64(0.8500000000000001), 5)",houghCircleAlt,0.664583333,25949776.08,26335431
"(np.float64(1.5), 130, 340, np.float64(0.8500000000000001), 5)",houghCircleAlt,0.664583333,26947728.11,27988321
"(np.float64(1.5), 140, 310, np.float64(0.8500000000000001), 5)",houghCircleAlt,0.664583333,27993250.57,29199344
"(np.float64(1.5), 140, 330, np.float64(0.8500000000000001), 5)",houghCircleAlt,0.664583333,26500416.71,27441491
"(np.float64(1.5), 190, 350, np.float64(0.8), 10)",houghCircleAlt,0.664583333,28897328.01,29441618.5
"(np.float64(1.5), 210, 320, np.float64(0.75), 15)",houghCircleAlt,0.664583333,28223047.06,28847028
"(np.float64(1.5), 220, 320, np.float64(0.75), 15)",houghCircleAlt,0.664583333,27210989.66,27825451
"(np.float64(1.5), 230, 310, np.float64(0.75), 15)",houghCircleAlt,0.664583333,29054962.3,29549660.5
"(np.float64(1.5), 240, 340, np.float64(0.75), 15)",houghCircleAlt,0.664583333,30247368.3,31048203.5
"(np.float64(1.5), 240, 390, np.float64(0.8), 10)",houghCircleAlt,0.664583333,29605953.44,30068615
"(np.float64(1.5), 250, 390, np.float64(0.8500000000000001), 5)",houghCircleAlt,0.664583333,30811994.55,31757012.5
"(np.float64(1.5), 270, 300, np.float64(0.8), 15)",houghCircleAlt,0.664583333,31275402.54,32258834
"(np.float64(1.5), 270, 370, np.float64(0.8), 15)",houghCircleAlt,0.664583333,29726917.14,30288745
"(np.float64(1.0), 130, 390, np.float64(0.8500000000000001), 5)",houghCircleAlt,0.6625,45603947.85,46084922.5
"(np.float64(1.0), 140, 340, np.float64(0.8500000000000001), 5)",houghCircleAlt,0.6625,49321458.51,50390395
"(np.float64(1.0), 180, 310, np.float64(0.8), 10)",houghCircleAlt,0.6625,53122514.44,54169279
"(np.float64(1.0), 190, 380, np.float64(0.75), 15)",houghCircleAlt,0.6625,51359841.77,51893670
"(np.float64(1.0), 200, 350, np.float64(0.75), 15)",houghCircleAlt,0.6625,52719382.82,53389386
"(np.float64(1.0), 240, 380, np.float64(0.75), 15)",houghCircleAlt,0.6625,61559552.16,62067781.5
"(np.float64(1.0), 250, 310, np.float64(0.8), 10)",houghCircleAlt,0.6625,63904663.19,64444816.5
"(np.float64(1.0), 250, 370, np.float64(0.8), 10)",houghCircleAlt,0.6625,62208742.11,62117370
"(np.float64(1.0), 250, 380, np.float64(0.8), 10)",houghCircleAlt,0.6625,60731383.55,61402994
"(np.float64(1.0), 270, 300, np.float64(0.8500000000000001), 10)",houghCircleAlt,0.6625,67467472.28,67881453
"(np.float64(1.0), 270, 330, np.float64(0.8), 15)",houghCircleAlt,0.6625,65243654.35,65628407.5
"(np.float64(1.0), 270, 330, np.float64(0.8500000000000001), 10)",houghCircleAlt,0.6625,66620342.89,66705307
"(np.float64(1.0), 270, 370, np.float64(0.8), 15)",houghCircleAlt,0.6625,64830947.55,64570993
"(np.float64(1.0), 270, 390, np.float64(0.8), 15)",houghCircleAlt,0.6625,64698733.95,64278074
"(np.float64(1.5), 100, 300, np.float64(0.8), 15)",houghCircleAlt,0.6625,25862507.48,27007572.5
"(np.float64(1.5), 110, 320, np.float64(0.8500000000000001), 5)",houghCircleAlt,0.6625,28927239.1,29787006.5
"(np.float64(1.5), 120, 310, np.float64(0.8500000000000001), 5)",houghCircleAlt,0.6625,27796812.46,28778067.5
"(np.float64(1.5), 130, 310, np.float64(0.8500000000000001), 5)",houghCircleAlt,0.6625,28232468.05,29296988
"(np.float64(1.5), 130, 360, np.float64(0.8500000000000001), 5)",houghCircleAlt,0.6625,28431605.74,29358910.5
"(np.float64(1.5), 130, 370, np.float64(0.8500000000000001), 5)",houghCircleAlt,0.6625,25188141.66,25738075.5
"(np.float64(1.5), 140, 370, np.float64(0.8500000000000001), 5)",houghCircleAlt,0.6625,27580804.52,28005534
"(np.float64(1.5), 210, 300, np.float64(0.75), 15)",houghCircleAlt,0.6625,30409904.74,31282252.5
"(np.float64(1.5), 240, 360, np.float64(0.75), 15)",houghCircleAlt,0.6625,28726235.22,28854868
"(np.float64(1.5), 240, 370, np.float64(0.8), 10)",houghCircleAlt,0.6625,30059622.55,30558384
"(np.float64(1.5), 240, 380, np.float64(0.8), 10)",houghCircleAlt,0.6625,30522956.43,30908135
"(np.float64(1.5), 270, 330, np.float64(0.8), 15)",houghCircleAlt,0.6625,31798490.77,32290283
"(np.float64(1.5), 270, 340, np.float64(0.8), 15)",houghCircleAlt,0.6625,31170365.49,31608593
"(np.float64(1.5), 270, 390, np.float64(0.8), 15)",houghCircleAlt,0.6625,29445089.12,29778685.5
"(np.float64(1.0), 130, 350, np.float64(0.8500000000000001), 5)",houghCircleAlt,0.660416667,46753571.04,47684158
"(np.float64(1.0), 140, 330, np.float64(0.8500000000000001), 5)",houghCircleAlt,0.660416667,48707654.96,50021939
"(np.float64(1.0), 150, 300, np.float64(0.8500000000000001), 5)",houghCircleAlt,0.660416667,50140138.11,51614315
"(np.float64(1.0), 150, 370, np.float64(0.8500000000000001), 5)",houghCircleAlt,0.660416667,48908467.97,49546101
"(np.float64(1.0), 170, 350, np.float64(0.8), 10)",houghCircleAlt,0.660416667,51563960.02,52515601
"(np.float64(1.0), 180, 380, np.float64(0.8), 10)",houghCircleAlt,0.660416667,51150171.45,51919334.5
"(np.float64(1.0), 190, 370, np.float64(0.75), 15)",houghCircleAlt,0.660416667,51881258.13,52379130
"(np.float64(1.0), 200, 390, np.float64(0.75), 15)",houghCircleAlt,0.660416667,52299331.31,52592045
"(np.float64(1.0), 220, 300, np.float64(0.75), 15)",houghCircleAlt,0.660416667,58016775.12,58660554.5
"(np.float64(1.0), 240, 370, np.float64(0.75), 15)",houghCircleAlt,0.660416667,59212542.64,59233475
"(np.float64(1.0), 250, 330, np.float64(0.8500000000000001), 5)",houghCircleAlt,0.660416667,63934264.54,65013188
"(np.float64(1.0), 250, 340, np.float64(0.8500000000000001), 5)",houghCircleAlt,0.660416667,66826485.96,67562596
"(np.float64(1.0), 250, 370, np.float64(0.8500000000000001), 5)",houghCircleAlt,0.660416667,63463024.14,64045001.5
"(np.float64(1.0), 250, 380, np.float64(0.8500000000000001), 5)",houghCircleAlt,0.660416667,65481436.38,65863107.5
"(np.float64(1.0), 250, 390, np.float64(0.8), 10)",houghCircleAlt,0.660416667,61772542.98,62028267
"(np.float64(1.0), 270, 320, np.float64(0.8), 15)",houghCircleAlt,0.660416667,65685077.65,65796006.5
"(np.float64(1.0), 270, 320, np.float64(0.8500000000000001), 10)",houghCircleAlt,0.660416667,66759303.1,67399239.5
"(np.float64(1.5), 100, 390, np.float64(0.8500000000000001), 5)",houghCircleAlt,0.660416667,26611741.26,27098904
"(np.float64(1.5), 110, 340, np.float64(0.8500000000000001), 5)",houghCircleAlt,0.660416667,26247735.63,27045268
"(np.float64(1.5), 120, 330, np.float64(0.8500000000000001), 5)",houghCircleAlt,0.660416667,28352175.5,29245491.5
"(np.float64(1.5), 120, 360, np.float64(0.8500000000000001), 5)",houghCircleAlt,0.660416667,26226293.99,26846735.5
"(np.float64(1.5), 130, 330, np.float64(0.8500000000000001), 5)",houghCircleAlt,0.660416667,27832888.15,28852008
"(np.float64(1.5), 140, 350, np.float64(0.8500000000000001), 5)",houghCircleAlt,0.660416667,27956280.88,28534557.5
"(np.float64(1.5), 150, 300, np.float64(0.8500000000000001), 5)",houghCircleAlt,0.660416667,29382319.08,30407149.5
"(np.float64(1.5), 180, 310, np.float64(0.8), 10)",houghCircleAlt,0.660416667,27161106.13,28047639
"(np.float64(1.5), 190, 390, np.float64(0.75), 15)",houghCircleAlt,0.660416667,27669651.86,28108928.5
"(np.float64(1.5), 220, 300, np.float64(0.75), 15)",houghCircleAlt,0.660416667,27587149.41,28458689.5
"(np.float64(1.5), 240, 320, np.float64(0.75), 15)",houghCircleAlt,0.660416667,30882249.33,31493077
"(np.float64(1.5), 240, 330, np.float64(0.75), 15)",houghCircleAlt,0.660416667,27824279.5,28296420
"(np.float64(1.5), 240, 370, np.float64(0.75), 15)",houghCircleAlt,0.660416667,30317052.89,30696814.5
"(np.float64(1.5), 240, 390, np.float64(0.75), 15)",houghCircleAlt,0.660416667,28279689.78,28494146
"(np.float64(1.5), 250, 360, np.float64(0.8500000000000001), 5)",houghCircleAlt,0.660416667,32255857.9,33077831.5
"(np.float64(1.5), 250, 380, np.float64(0.8500000000000001), 5)",houghCircleAlt,0.660416667,32049951.18,32567962.5
"(np.float64(1.5), 270, 310, np.float64(0.8), 15)",houghCircleAlt,0.660416667,30008745.97,30365051.5
"(np.float64(1.0), 120, 360, np.float64(0.8500000000000001), 5)",houghCircleAlt,0.658333333,44744981.77,45943324
"(np.float64(1.0), 120, 390, np.float64(0.8500000000000001), 5)",houghCircleAlt,0.658333333,45112240.34,45777561.5
"(np.float64(1.0), 130, 340, np.float64(0.8500000000000001), 5)",houghCircleAlt,0.658333333,47908637.58,48926334
"(np.float64(1.0), 130, 380, np.float64(0.8500000000000001), 5)",houghCircleAlt,0.658333333,46477210.37,47420964.5
"(np.float64(1.0), 140, 300, np.float64(0.8500000000000001), 5)",houghCircleAlt,0.658333333,49658093.56,51326756
"(np.float64(1.0), 150, 320, np.float64(0.8500000000000001), 5)",houghCircleAlt,0.658333333,49635754.08,50883615.5
"(np.float64(1.0), 180, 340, np.float64(0.8), 10)",houghCircleAlt,0.658333333,53240541.42,54097329.5
"(np.float64(1.0), 200, 310, np.float64(0.75), 15)",houghCircleAlt,0.658333333,53744626.71,54739313.5
"(np.float64(1.0), 200, 330, np.float64(0.75), 15)",houghCircleAlt,0.658333333,53194192.5,54071907.5
"(np.float64(1.0), 240, 390, np.float64(0.75), 15)",houghCircleAlt,0.658333333,58772312.1,59024182.5
"(np.float64(1.0), 250, 300, np.float64(0.8), 10)",houghCircleAlt,0.658333333,64023874.4,64968799.5
"(np.float64(1.5), 110, 310, np.float64(0.8500000000000001), 5)",houghCircleAlt,0.658333333,27980537.72,28628122
"(np.float64(1.5), 120, 370, np.float64(0.8500000000000001), 5)",houghCircleAlt,0.658333333,26822393.58,27329386
"(np.float64(1.5), 140, 300, np.float64(0.8500000000000001), 5)",houghCircleAlt,0.658333333,27880075.76,29191389.5
"(np.float64(1.5), 180, 370, np.float64(0.8), 10)",houghCircleAlt,0.658333333,29145819.54,29668950.5
"(np.float64(1.5), 200, 320, np.float64(0.75), 15)",houghCircleAlt,0.658333333,28707298.32,29327565
"(np.float64(1.5), 240, 380, np.float64(0.75), 15)",houghCircleAlt,0.658333333,28260830.73,28578150.5
"(np.float64(1.5), 250, 350, np.float64(0.8500000000000001), 5)",houghCircleAlt,0.658333333,32889556.93,33676594
"(np.float64(1.5), 270, 320, np.float64(0.8), 15)",houghCircleAlt,0.658333333,30442622.2,30931699.5
"(np.float64(1.0), 120, 340, np.float64(0.8500000000000001), 5)",houghCircleAlt,0.65625,46609440.53,47528786
"(np.float64(1.0), 150, 310, np.float64(0.8500000000000001), 5)",houghCircleAlt,0.65625,52735271.79,54186191.5
"(np.float64(1.0), 170, 370, np.float64(0.8), 10)",houghCircleAlt,0.65625,51157021.63,51940292.5
"(np.float64(1.0), 180, 390, np.float64(0.8), 10)",houghCircleAlt,0.65625,51313646.41,51541885
"(np.float64(1.0), 190, 340, np.float64(0.75), 15)",houghCircleAlt,0.65625,51170740.95,51848280
"(np.float64(1.0), 200, 300, np.float64(0.75), 15)",houghCircleAlt,0.65625,54086467.64,54755134
"(np.float64(1.0), 240, 340, np.float64(0.75), 15)",houghCircleAlt,0.65625,58960648.89,59590489.5
"(np.float64(1.0), 250, 320, np.float64(0.8500000000000001), 5)",houghCircleAlt,0.65625,63813395.73,64761936
"(np.float64(1.5), 100, 320, np.float64(0.8500000000000001), 5)",houghCircleAlt,0.65625,26256456.89,27019354
"(np.float64(1.5), 110, 330, np.float64(0.8500000000000001), 5)",houghCircleAlt,0.65625,26812186.44,27641571.5
"(np.float64(1.5), 110, 380, np.float64(0.8500000000000001), 5)",houghCircleAlt,0.65625,26534257.95,26752232.5
"(np.float64(1.5), 120, 350, np.float64(0.8500000000000001), 5)",houghCircleAlt,0.65625,26354874.34,26882462
"(np.float64(1.5), 130, 350, np.float64(0.8500000000000001), 5)",houghCircleAlt,0.65625,27253438.41,27840641
"(np.float64(1.5), 180, 300, np.float64(0.8), 10)",houghCircleAlt,0.65625,29422520.15,30095195
"(np.float64(1.5), 180, 320, np.float64(0.8), 10)",houghCircleAlt,0.65625,29835203.55,30747244
"(np.float64(1.5), 180, 360, np.float64(0.8), 10)",houghCircleAlt,0.65625,26411607.76,26965297
"(np.float64(1.5), 190, 380, np.float64(0.75), 15)",houghCircleAlt,0.65625,26307012.41,26670372
"(np.float64(1.5), 200, 300, np.float64(0.75), 15)",houghCircleAlt,0.65625,28340401.95,28942609
"(np.float64(1.5), 210, 310, np.float64(0.75), 15)",houghCircleAlt,0.65625,28142369,28869585.5
"(np.float64(1.5), 220, 310, np.float64(0.75), 15)",houghCircleAlt,0.65625,28681039.17,29177703.5
"(np.float64(1.5), 240, 300, np.float64(0.75), 15)",houghCircleAlt,0.65625,28269277.26,28980213
"(np.float64(1.5), 250, 300, np.float64(0.8), 10)",houghCircleAlt,0.65625,32537962.76,33520822.5
"(np.float64(1.5), 250, 310, np.float64(0.8), 10)",houghCircleAlt,0.65625,29727761.15,30496247.5
"(np.float64(1.5), 250, 370, np.float64(0.8500000000000001), 5)",houghCircleAlt,0.65625,32616087.39,33102461
"(np.float64(1.0), 110, 340, np.float64(0.8500000000000001), 5)",houghCircleAlt,0.654166667,44477338.75,45750149.5
"(np.float64(1.0), 110, 360, np.float64(0.8500000000000001), 5)",houghCircleAlt,0.654166667,44006519.49,45062634
"(np.float64(1.0), 120, 350, np.float64(0.8500000000000001), 5)",houghCircleAlt,0.654166667,47126157.59,48087158.5
"(np.float64(1.0), 120, 380, np.float64(0.8500000000000001), 5)",houghCircleAlt,0.654166667,46777096.39,47545603
"(np.float64(1.0), 140, 320, np.float64(0.8500000000000001), 5)",houghCircleAlt,0.654166667,49864251.07,50979380.5
"(np.float64(1.0), 140, 370, np.float64(0.8500000000000001), 5)",houghCircleAlt,0.654166667,47482055.94,48404428.5
"(np.float64(1.0), 160, 360, np.float64(0.8), 10)",houghCircleAlt,0.654166667,49650383.39,50316647
"(np.float64(1.0), 180, 300, np.float64(0.8), 10)",houghCircleAlt,0.654166667,53541505.7,54938496.5
"(np.float64(1.0), 180, 320, np.float64(0.8), 10)",houghCircleAlt,0.654166667,52628167.75,53773311
"(np.float64(1.0), 180, 330, np.float64(0.8), 10)",houghCircleAlt,0.654166667,52685315.26,53647766
"(np.float64(1.0), 190, 320, np.float64(0.75), 15)",houghCircleAlt,0.654166667,52819712.8,53624476.5
"(np.float64(1.0), 190, 350, np.float64(0.75), 15)",houghCircleAlt,0.654166667,53104450.82,53917050.5
"(np.float64(1.0), 190, 360, np.float64(0.75), 15)",houghCircleAlt,0.654166667,51850407.82,52216434.5
"(np.float64(1.0), 250, 300, np.float64(0.8500000000000001), 5)",houghCircleAlt,0.654166667,64203597.72,65606784.5
"(np.float64(1.0), 250, 330, np.float64(0.8), 10)",houghCircleAlt,0.654166667,63323919.03,63848292.5
"(np.float64(1.0), 260, 360, np.float64(0.8), 10)",houghCircleAlt,0.654166667,64906503.69,64825791
"(np.float64(1.5), 100, 340, np.float64(0.8500000000000001), 5)",houghCircleAlt,0.654166667,26834051.92,27612913
"(np.float64(1.5), 110, 360, np.float64(0.8500000000000001), 5)",houghCircleAlt,0.654166667,25772698.56,26611609
"(np.float64(1.5), 200, 310, np.float64(0.75), 15)",houghCircleAlt,0.654166667,28394416.49,29161413
"(np.float64(1.5), 250, 340, np.float64(0.8500000000000001), 5)",houghCircleAlt,0.654166667,32448464.14,33909854
"(np.float64(1.5), 270, 320, np.float64(0.8500000000000001), 10)",houghCircleAlt,0.654166667,30419123.03,31371195
"(np.float64(1.0), 110, 350, np.float64(0.8500000000000001), 5)",houghCircleAlt,0.652083333,44977931.61,45541964.5
"(np.float64(1.0), 130, 330, np.float64(0.8500000000000001), 5)",houghCircleAlt,0.652083333,46936696.63,48093861
"(np.float64(1.0), 130, 370, np.float64(0.8500000000000001), 5)",houghCircleAlt,0.652083333,46136139.48,46634132.5
"(np.float64(1.0), 140, 310, np.float64(0.8500000000000001), 5)",houghCircleAlt,0.652083333,49181945.51,50496097.5
"(np.float64(1.0), 190, 390, np.float64(0.75), 15)",houghCircleAlt,0.652083333,51432102.46,51914044
"(np.float64(1.0), 240, 350, np.float64(0.75), 15)",houghCircleAlt,0.652083333,59398360.28,59773853.5
"(np.float64(1.0), 240, 360, np.float64(0.75), 15)",houghCircleAlt,0.652083333,58180622.24,58647776.5
"(np.float64(1.0), 250, 320, np.float64(0.8), 10)",houghCircleAlt,0.652083333,63654222.87,64098236.5
"(np.float64(1.0), 280, 350, np.float64(0.9000000000000001), 15)",houghCircleAlt,0.652083333,67624005.25,67506195
"(np.float64(1.5), 100, 310, np.float64(0.8500000000000001), 5)",houghCircleAlt,0.652083333,26658734.25,27637910
"(np.float64(1.5), 100, 380, np.float64(0.8500000000000001), 5)",houghCircleAlt,0.652083333,25949596.52,26326199.5
"(np.float64(1.5), 110, 350, np.float64(0.8500000000000001), 5)",houghCircleAlt,0.652083333,24741861.91,25875314
"(np.float64(1.5), 120, 300, np.float64(0.8500000000000001), 5)",houghCircleAlt,0.652083333,27389335.01,28395161
"(np.float64(1.5), 130, 300, np.float64(0.8500000000000001), 5)",houghCircleAlt,0.652083333,28736667.22,29490905.5
"(np.float64(1.5), 180, 330, np.float64(0.8), 10)",houghCircleAlt,0.652083333,28146652.34,28920111
"(np.float64(1.5), 180, 340, np.float64(0.8), 10)",houghCircleAlt,0.652083333,28616532.35,29007609.5
"(np.float64(1.5), 180, 380, np.float64(0.8), 10)",houghCircleAlt,0.652083333,27734235.97,28172759
"(np.float64(1.5), 180, 390, np.float64(0.8), 10)",houghCircleAlt,0.652083333,26579933.18,27035721
"(np.float64(1.5), 190, 340, np.float64(0.75), 15)",houghCircleAlt,0.652083333,26865230.53,27451480
"(np.float64(1.5), 190, 370, np.float64(0.75), 15)",houghCircleAlt,0.652083333,25499987.52,25821713
"(np.float64(1.5), 240, 310, np.float64(0.75), 15)",houghCircleAlt,0.652083333,29637109.78,30524606
"(np.float64(1.5), 250, 300, np.float64(0.8500000000000001), 5)",houghCircleAlt,0.652083333,32841394.8,34041173.5
"(np.float64(1.5), 250, 320, np.float64(0.8500000000000001), 5)",houghCircleAlt,0.652083333,33152656.61,34448636.5
"(np.float64(1.0), 110, 380, np.float64(0.8500000000000001), 5)",houghCircleAlt,0.65,44449061.12,45231542
"(np.float64(1.0), 110, 390, np.float64(0.8500000000000001), 5)",houghCircleAlt,0.65,43792718.81,44266951.5
"(np.float64(1.0), 120, 330, np.float64(0.8500000000000001), 5)",houghCircleAlt,0.65,46700656.46,47594674
"(np.float64(1.0), 240, 320, np.float64(0.75), 15)",houghCircleAlt,0.65,59662879.91,60350005
"(np.float64(1.0), 280, 300, np.float64(0.9000000000000001), 15)",houghCircleAlt,0.65,67829343.2,67890876.5
"(np.float64(1.0), 280, 330, np.float64(0.9000000000000001), 15)",houghCircleAlt,0.65,66669222.46,66836503
"(np.float64(1.0), 280, 340, np.float64(0.9000000000000001), 15)",houghCircleAlt,0.65,66308315.03,66267391.5
"(np.float64(1.5), 100, 330, np.float64(0.8500000000000001), 5)",houghCircleAlt,0.65,28411369.56,29398506.5
"(np.float64(1.5), 110, 370, np.float64(0.8500000000000001), 5)",houghCircleAlt,0.65,25086202.98,25779744
"(np.float64(1.5), 170, 310, np.float64(0.8), 10)",houghCircleAlt,0.65,28233933.2,29196158.5
"(np.float64(1.5), 180, 350, np.float64(0.8), 10)",houghCircleAlt,0.65,27929515.26,28519416.5
"(np.float64(1.5), 190, 350, np.float64(0.75), 15)",houghCircleAlt,0.65,26893482.59,27415999
"(np.float64(1.5), 250, 320, np.float64(0.8), 10)",houghCircleAlt,0.65,32118792.68,33164037.5
"(np.float64(1.5), 250, 340, np.float64(0.75), 15)",houghCircleAlt,0.65,30946631.59,31329300.5
"(np.float64(1.5), 250, 350, np.float64(0.75), 15)",houghCircleAlt,0.65,30346813.72,31103371.5
"(np.float64(1.5), 270, 300, np.float64(0.8500000000000001), 10)",houghCircleAlt,0.65,33554929.07,34474240.5
"(np.float64(1.5), 280, 300, np.float64(0.9000000000000001), 15)",houghCircleAlt,0.65,30055336.07,30588535.5
"(np.float64(1.5), 280, 310, np.float64(0.9000000000000001), 15)",houghCircleAlt,0.65,32037437.4,33033160
"(np.float64(1.5), 280, 320, np.float64(0.9000000000000001), 15)",houghCircleAlt,0.65,32503755.08,33274200.5
"(np.float64(1.5), 280, 330, np.float64(0.9000000000000001), 15)",houghCircleAlt,0.65,29343270.38,30049734.5
"(np.float64(1.5), 280, 350, np.float64(0.9000000000000001), 15)",houghCircleAlt,0.65,31479588.81,32184910
"(np.float64(1.5), 280, 360, np.float64(0.9000000000000001), 15)",houghCircleAlt,0.65,30353111.03,30763759.5
"(np.float64(1.0), 110, 330, np.float64(0.8500000000000001), 5)",houghCircleAlt,0.647916667,45517133.36,46921552
"(np.float64(1.0), 170, 340, np.float64(0.8), 10)",houghCircleAlt,0.647916667,51131961.54,51828598.5
"(np.float64(1.0), 250, 310, np.float64(0.8500000000000001), 5)",houghCircleAlt,0.647916667,65235944.02,65873917.5
"(np.float64(1.0), 250, 380, np.float64(0.75), 15)",houghCircleAlt,0.647916667,61237758.85,61128920
"(np.float64(1.0), 260, 340, np.float64(0.8), 10)",houghCircleAlt,0.647916667,64846933.59,65271176.5
"(np.float64(1.0), 260, 350, np.float64(0.8), 10)",houghCircleAlt,0.647916667,64837203.58,65087396.5
"(np.float64(1.0), 280, 310, np.float64(0.9000000000000001), 15)",houghCircleAlt,0.647916667,67569146.15,67512558.5
"(np.float64(1.0), 280, 320, np.float64(0.9000000000000001), 15)",houghCircleAlt,0.647916667,67385396.06,67407860
"(np.float64(1.0), 280, 360, np.float64(0.9000000000000001), 15)",houghCircleAlt,0.647916667,67230422.03,66807133
"(np.float64(1.5), 170, 300, np.float64(0.8), 10)",houghCircleAlt,0.647916667,28850288.8,29612896
"(np.float64(1.5), 190, 330, np.float64(0.75), 15)",houghCircleAlt,0.647916667,26972909.32,27344354.5
"(np.float64(1.5), 250, 300, np.float64(0.75), 15)",houghCircleAlt,0.647916667,31811531.56,32836201
"(np.float64(1.5), 250, 310, np.float64(0.8500000000000001), 5)",houghCircleAlt,0.647916667,32071971.1,33208967
"(np.float64(1.5), 250, 320, np.float64(0.75), 15)",houghCircleAlt,0.647916667,31502308.74,32363620.5
"(np.float64(1.5), 250, 330, np.float64(0.75), 15)",houghCircleAlt,0.647916667,29618959.91,30370136.5
"(np.float64(1.5), 250, 330, np.float64(0.8500000000000001), 5)",houghCircleAlt,0.647916667,31564812.77,32576469.5
"(np.float64(1.5), 270, 330, np.float64(0.8500000000000001), 10)",houghCircleAlt,0.647916667,32512067.91,33534707.5
"(np.float64(1.5), 280, 340, np.float64(0.9000000000000001), 15)",houghCircleAlt,0.647916667,30435985.69,30927351
"(np.float64(1.5), 280, 370, np.float64(0.9000000000000001), 15)",houghCircleAlt,0.647916667,30628473.74,30783342
"(np.float64(1.0), 120, 370, np.float64(0.8500000000000001), 5)",houghCircleAlt,0.645833333,45799280.34,46533454
"(np.float64(1.0), 130, 300, np.float64(0.8500000000000001), 5)",houghCircleAlt,0.645833333,48836292.97,50718039
"(np.float64(1.0), 130, 320, np.float64(0.8500000000000001), 5)",houghCircleAlt,0.645833333,48369687.56,49872483
"(np.float64(1.0), 170, 310, np.float64(0.8), 10)",houghCircleAlt,0.645833333,50752929.99,51664875.5
"(np.float64(1.0), 190, 310, np.float64(0.75), 15)",houghCircleAlt,0.645833333,53954230.18,55024999.5
"(np.float64(1.0), 190, 330, np.float64(0.75), 15)",houghCircleAlt,0.645833333,55317123.53,56223715
"(np.float64(1.0), 230, 350, np.float64(0.8), 5)",houghCircleAlt,0.645833333,60665089.62,61997616.5
"(np.float64(1.0), 240, 330, np.float64(0.75), 15)",houghCircleAlt,0.645833333,62428674.7,62822088.5
"(np.float64(1.0), 280, 370, np.float64(0.9000000000000001), 15)",houghCircleAlt,0.645833333,67221475.12,67142627.5
"(np.float64(1.5), 100, 370, np.float64(0.8500000000000001), 5)",houghCircleAlt,0.645833333,24892006.25,25324029
"(np.float64(1.5), 110, 300, np.float64(0.8500000000000001), 5)",houghCircleAlt,0.645833333,25780464.62,27131309.5
"(np.float64(1.5), 170, 320, np.float64(0.8), 10)",houghCircleAlt,0.645833333,29645342.18,30525717.5
"(np.float64(1.5), 190, 360, np.float64(0.75), 15)",houghCircleAlt,0.645833333,26369555.65,26681385
"(np.float64(1.5), 250, 360, np.float64(0.75), 15)",houghCircleAlt,0.645833333,27843594.09,28295104
"(np.float64(1.5), 250, 390, np.float64(0.75), 15)",houghCircleAlt,0.645833333,28793329.16,29087018.5
"(np.float64(1.5), 270, 310, np.float64(0.8500000000000001), 10)",houghCircleAlt,0.645833333,33175641.76,34029592
"(np.float64(1.5), 280, 380, np.float64(0.9000000000000001), 15)",houghCircleAlt,0.645833333,29062851.88,29320116
"(np.float64(1.0), 100, 340, np.float64(0.8500000000000001), 5)",houghCircleAlt,0.64375,44374193.81,45689590
"(np.float64(1.0), 110, 320, np.float64(0.8500000000000001), 5)",houghCircleAlt,0.64375,46683863.28,48021871
"(np.float64(1.0), 120, 320, np.float64(0.8500000000000001), 5)",houghCircleAlt,0.64375,47300437.44,48353383
"(np.float64(1.0), 170, 380, np.float64(0.8), 10)",houghCircleAlt,0.64375,49920188.34,50322181.5
"(np.float64(1.0), 190, 300, np.float64(0.75), 15)",houghCircleAlt,0.64375,53015014.81,54119487
"(np.float64(1.0), 230, 320, np.float64(0.8), 5)",houghCircleAlt,0.64375,64185667.79,65512359
"(np.float64(1.0), 230, 330, np.float64(0.8), 5)",houghCircleAlt,0.64375,61108664.48,62041192.5
"(np.float64(1.0), 250, 370, np.float64(0.75), 15)",houghCircleAlt,0.64375,61105507.83,61055814
"(np.float64(1.0), 260, 310, np.float64(0.8), 10)",houghCircleAlt,0.64375,67203402.22,67770050
"(np.float64(1.0), 280, 380, np.float64(0.9000000000000001), 15)",houghCircleAlt,0.64375,66637642.88,66537371
"(np.float64(1.5), 100, 360, np.float64(0.8500000000000001), 5)",houghCircleAlt,0.64375,26229693.58,26837869
"(np.float64(1.5), 170, 370, np.float64(0.8), 10)",houghCircleAlt,0.64375,27027033.44,27548898.5
"(np.float64(1.5), 180, 390, np.float64(0.75), 15)",houghCircleAlt,0.64375,26061492.68,26265531.5
"(np.float64(1.5), 250, 310, np.float64(0.75), 15)",houghCircleAlt,0.64375,30128484.43,31148662
"(np.float64(1.5), 250, 330, np.float64(0.8), 10)",houghCircleAlt,0.64375,32390976.74,32930799
"(np.float64(1.5), 250, 360, np.float64(0.8), 10)",houghCircleAlt,0.64375,28850356.01,29484599.5
"(np.float64(1.5), 250, 370, np.float64(0.75), 15)",houghCircleAlt,0.64375,30201026.63,30677102
"(np.float64(1.5), 250, 380, np.float64(0.75), 15)",houghCircleAlt,0.64375,27606650.1,27940813
"(np.float64(1.5), 270, 360, np.float64(0.8500000000000001), 10)",houghCircleAlt,0.64375,32086513.74,32731996.5
"(np.float64(1.5), 280, 390, np.float64(0.9000000000000001), 15)",houghCircleAlt,0.64375,29799295.47,29937148.5
"(np.float64(1.0), 100, 330, np.float64(0.8500000000000001), 5)",houghCircleAlt,0.641666667,44886965.34,45862189
"(np.float64(1.0), 100, 360, np.float64(0.8500000000000001), 5)",houghCircleAlt,0.641666667,44520673.06,45579194
"(np.float64(1.0), 100, 390, np.float64(0.8500000000000001), 5)",houghCircleAlt,0.641666667,42960402.59,43602510.5
"(np.float64(1.0), 110, 370, np.float64(0.8500000000000001), 5)",houghCircleAlt,0.641666667,44252334.41,44643228
"(np.float64(1.0), 120, 300, np.float64(0.8500000000000001), 5)",houghCircleAlt,0.641666667,47781114.17,49093875
"(np.float64(1.0), 160, 350, np.float64(0.8), 10)",houghCircleAlt,0.641666667,49481677.82,50247246.5
"(np.float64(1.0), 160, 370, np.float64(0.8), 10)",houghCircleAlt,0.641666667,48179834.33,49010786.5
"(np.float64(1.0), 170, 320, np.float64(0.8), 10)",houghCircleAlt,0.641666667,51536593.42,52741504
"(np.float64(1.0), 170, 330, np.float64(0.8), 10)",houghCircleAlt,0.641666667,51162139.69,52396994.5
"(np.float64(1.0), 230, 340, np.float64(0.8), 5)",houghCircleAlt,0.641666667,61091656.77,61877310
"(np.float64(1.0), 230, 360, np.float64(0.8), 5)",houghCircleAlt,0.641666667,60408858.82,61054224.5
"(np.float64(1.0), 240, 310, np.float64(0.75), 15)",houghCircleAlt,0.641666667,59695395.82,60392136
"(np.float64(1.0), 250, 390, np.float64(0.75), 15)",houghCircleAlt,0.641666667,60008793.44,60167662.5
"(np.float64(1.0), 260, 330, np.float64(0.8500000000000001), 5)",houghCircleAlt,0.641666667,67652489.53,68271109.5
"(np.float64(1.0), 260, 340, np.float64(0.8500000000000001), 5)",houghCircleAlt,0.641666667,64997564.55,65478400
"(np.float64(1.0), 260, 350, np.float64(0.8500000000000001), 5)",houghCircleAlt,0.641666667,68012607.04,68714592
"(np.float64(1.0), 260, 360, np.float64(0.8500000000000001), 5)",houghCircleAlt,0.641666667,64249821.14,64959361.5
"(np.float64(1.0), 260, 370, np.float64(0.8), 10)",houghCircleAlt,0.641666667,63788659.39,64076125
"(np.float64(1.0), 260, 390, np.float64(0.8), 10)",houghCircleAlt,0.641666667,63752364.91,64137275
"(np.float64(1.0), 260, 390, np.float64(0.8500000000000001), 5)",houghCircleAlt,0.641666667,65088711.75,65088543
"(np.float64(1.0), 270, 340, np.float64(0.9000000000000001), 5)",houghCircleAlt,0.641666667,66919900.39,67333935.5
"(np.float64(1.0), 280, 390, np.float64(0.9000000000000001), 15)",houghCircleAlt,0.641666667,66659819.41,66506619
"(np.float64(1.5), 170, 330, np.float64(0.8), 10)",houghCircleAlt,0.641666667,28092835.78,28809293
"(np.float64(1.5), 170, 340, np.float64(0.8), 10)",houghCircleAlt,0.641666667,27991762.53,28591003
"(np.float64(1.5), 190, 300, np.float64(0.75), 15)",houghCircleAlt,0.641666667,27126621.56,27834749.5
"(np.float64(1.5), 250, 340, np.float64(0.8), 10)",houghCircleAlt,0.641666667,29348783.75,29909658.5
"(np.float64(1.5), 250, 350, np.float64(0.8), 10)",houghCircleAlt,0.641666667,30411122.95,30939649
"(np.float64(1.5), 270, 340, np.float64(0.8500000000000001), 10)",houghCircleAlt,0.641666667,29842800.88,30427332
"(np.float64(1.5), 270, 350, np.float64(0.8500000000000001), 10)",houghCircleAlt,0.641666667,30885940.86,31583763
"(np.float64(1.5), 270, 380, np.float64(0.8500000000000001), 10)",houghCircleAlt,0.641666667,31852155.06,32493815.5
"(np.float64(1.0), 100, 320, np.float64(0.8500000000000001), 5)",houghCircleAlt,0.639583333,44810828.68,46292663
"(np.float64(1.0), 100, 350, np.float64(0.8500000000000001), 5)",houghCircleAlt,0.639583333,43981317.01,44654784
"(np.float64(1.0), 110, 300, np.float64(0.8500000000000001), 5)",houghCircleAlt,0.639583333,47569528.49,48986334.5
"(np.float64(1.0), 130, 310, np.float64(0.8500000000000001), 5)",houghCircleAlt,0.639583333,48338298.02,49932345.5
"(np.float64(1.0), 170, 300, np.float64(0.8), 10)",houghCircleAlt,0.639583333,52548683.03,53692099
"(np.float64(1.0), 170, 390, np.float64(0.8), 10)",houghCircleAlt,0.639583333,49821837.66,50564146
"(np.float64(1.0), 180, 380, np.float64(0.75), 15)",houghCircleAlt,0.639583333,50047336.19,50517198
"(np.float64(1.0), 220, 320, np.float64(0.8), 5)",houghCircleAlt,0.639583333,60167225.96,61504584.5
"(np.float64(1.0), 220, 350, np.float64(0.8), 5)",houghCircleAlt,0.639583333,58827945.89,59873530.5
"(np.float64(1.0), 240, 300, np.float64(0.75), 15)",houghCircleAlt,0.639583333,60179565.71,60900101.5
"(np.float64(1.0), 250, 340, np.float64(0.75), 15)",houghCircleAlt,0.639583333,61643488.34,61912355.5
"(np.float64(1.0), 260, 380, np.float64(0.8), 10)",houghCircleAlt,0.639583333,63717943,63756084.5
"(np.float64(1.0), 270, 350, np.float64(0.9000000000000001), 5)",houghCircleAlt,0.639583333,68135559.68,68427604
"(np.float64(1.0), 270, 390, np.float64(0.9000000000000001), 5)",houghCircleAlt,0.639583333,67013701.11,66913989
"(np.float64(1.5), 100, 300, np.float64(0.8500000000000001), 5)",houghCircleAlt,0.639583333,26366600.89,27031837.5
"(np.float64(1.5), 100, 350, np.float64(0.8500000000000001), 5)",houghCircleAlt,0.639583333,24672874.47,25429116
"(np.float64(1.5), 170, 360, np.float64(0.8), 10)",houghCircleAlt,0.639583333,25831999.09,26458572
"(np.float64(1.5), 170, 390, np.float64(0.8), 10)",houghCircleAlt,0.639583333,25682352.6,25992854
"(np.float64(1.5), 190, 320, np.float64(0.75), 15)",houghCircleAlt,0.639583333,29449632.06,30672007
"(np.float64(1.5), 260, 390, np.float64(0.8500000000000001), 5)",houghCircleAlt,0.639583333,31784531.2,32261404
"(np.float64(1.5), 270, 360, np.float64(0.9000000000000001), 5)",houghCircleAlt,0.639583333,33056043.56,34170760.5
"(np.float64(1.5), 270, 380, np.float64(0.9000000000000001), 5)",houghCircleAlt,0.639583333,31636821.72,32192404
"(np.float64(1.5), 270, 390, np.float64(0.8500000000000001), 10)",houghCircleAlt,0.639583333,30308725.38,30768718
"(np.float64(1.0), 100, 380, np.float64(0.8500000000000001), 5)",houghCircleAlt,0.6375,44053617.47,45190704.5
"(np.float64(1.0), 220, 330, np.float64(0.8), 5)",houghCircleAlt,0.6375,59363548.04,60366760
"(np.float64(1.0), 230, 390, np.float64(0.8), 5)",houghCircleAlt,0.6375,58771450.67,59135956.5
"(np.float64(1.0), 250, 360, np.float64(0.75), 15)",houghCircleAlt,0.6375,61105371.46,61444518
"(np.float64(1.0), 260, 330, np.float64(0.8), 10)",houghCircleAlt,0.6375,64839680.64,65224965
"(np.float64(1.0), 260, 370, np.float64(0.8500000000000001), 5)",houghCircleAlt,0.6375,63666772.21,64656628.5
"(np.float64(1.5), 170, 380, np.float64(0.8), 10)",houghCircleAlt,0.6375,27822095.54,28041281.5
"(np.float64(1.5), 180, 380, np.float64(0.75), 15)",houghCircleAlt,0.6375,25083745.39,25448923.5
"(np.float64(1.5), 190, 310, np.float64(0.75), 15)",houghCircleAlt,0.6375,27255788.39,28038200
"(np.float64(1.5), 250, 370, np.float64(0.8), 10)",houghCircleAlt,0.6375,30068269.18,30597432
"(np.float64(1.5), 250, 380, np.float64(0.8), 10)",houghCircleAlt,0.6375,30298560.11,30948649
"(np.float64(1.5), 250, 390, np.float64(0.8), 10)",houghCircleAlt,0.6375,31093790.63,31677874.5
"(np.float64(1.5), 260, 300, np.float64(0.75), 15)",houghCircleAlt,0.6375,29134430.06,29789366
"(np.float64(1.5), 260, 360, np.float64(0.8500000000000001), 5)",houghCircleAlt,0.6375,32323826.63,33138459.5
"(np.float64(1.5), 260, 380, np.float64(0.8500000000000001), 5)",houghCircleAlt,0.6375,30897775.33,31599562.5
"(np.float64(1.5), 270, 320, np.float64(0.9000000000000001), 5)",houghCircleAlt,0.6375,34099991.2,34985885
"(np.float64(1.5), 270, 340, np.float64(0.9000000000000001), 5)",houghCircleAlt,0.6375,32348327.17,33289198
"(np.float64(1.5), 270, 350, np.float64(0.9000000000000001), 5)",houghCircleAlt,0.6375,32394717.96,33485145.5
"(np.float64(1.5), 270, 370, np.float64(0.8500000000000001), 10)",houghCircleAlt,0.6375,30711770.4,30953748.5
"(np.float64(1.5), 270, 370, np.float64(0.9000000000000001), 5)",houghCircleAlt,0.6375,32477204.61,33291260.5
"(np.float64(1.5), 270, 390, np.float64(0.9000000000000001), 5)",houghCircleAlt,0.6375,31651685.88,32140668
"(np.float64(1.0), 110, 310, np.float64(0.8500000000000001), 5)",houghCircleAlt,0.635416667,45808166.16,47157665
"(np.float64(1.0), 120, 310, np.float64(0.8500000000000001), 5)",houghCircleAlt,0.635416667,47326695.95,48374713.5
"(np.float64(1.0), 180, 370, np.float64(0.75), 15)",houghCircleAlt,0.635416667,51194782.26,51432741.5
"(np.float64(1.0), 220, 340, np.float64(0.8), 5)",houghCircleAlt,0.635416667,59437063.26,60390423.5
"(np.float64(1.0), 220, 360, np.float64(0.8), 5)",houghCircleAlt,0.635416667,58642027.72,59062669
"(np.float64(1.0), 230, 310, np.float64(0.8), 5)",houghCircleAlt,0.635416667,61951233.31,63159295
"(np.float64(1.0), 250, 350, np.float64(0.75), 15)",houghCircleAlt,0.635416667,61015452.26,61227771
"(np.float64(1.0), 260, 300, np.float64(0.8), 10)",houghCircleAlt,0.635416667,65839753.12,66785042
"(np.float64(1.0), 260, 380, np.float64(0.75), 15)",houghCircleAlt,0.635416667,64494193.93,64473660.5
"(np.float64(1.0), 260, 380, np.float64(0.8500000000000001), 5)",houghCircleAlt,0.635416667,65053700.75,65342561
"(np.float64(1.0), 270, 300, np.float64(0.9000000000000001), 5)",houghCircleAlt,0.635416667,68651211.84,68991951.5
"(np.float64(1.0), 270, 370, np.float64(0.9000000000000001), 5)",houghCircleAlt,0.635416667,67614625.89,67672069.5
"(np.float64(1.0), 270, 380, np.float64(0.9000000000000001), 5)",houghCircleAlt,0.635416667,67037713.09,66902833
"(np.float64(1.0), 280, 350, np.float64(0.8500000000000001), 15)",houghCircleAlt,0.635416667,68531108.35,67970670
"(np.float64(1.5), 170, 350, np.float64(0.8), 10)",houghCircleAlt,0.635416667,27376423.32,27662666
"(np.float64(1.5), 170, 390, np.float64(0.75), 15)",houghCircleAlt,0.635416667,25377440.73,25619677.5
"(np.float64(1.5), 230, 300, np.float64(0.8), 5)",houghCircleAlt,0.635416667,30243461.85,31488609.5
"(np.float64(1.5), 230, 350, np.float64(0.8), 5)",houghCircleAlt,0.635416667,31386817.76,32012953
"(np.float64(1.5), 260, 350, np.float64(0.8500000000000001), 5)",houghCircleAlt,0.635416667,32916630.55,33682754.5
"(np.float64(1.5), 260, 380, np.float64(0.75), 15)",houghCircleAlt,0.635416667,29396408.9,29881370
"(np.float64(1.5), 270, 310, np.float64(0.9000000000000001), 5)",houghCircleAlt,0.635416667,33758394.26,34812028
"(np.float64(1.0), 100, 300, np.float64(0.8500000000000001), 5)",houghCircleAlt,0.633333333,45148053.17,46404391.5
"(np.float64(1.0), 150, 360, np.float64(0.8), 10)",houghCircleAlt,0.633333333,47911282.05,48612168.5
"(np.float64(1.0), 160, 340, np.float64(0.8), 10)",houghCircleAlt,0.633333333,49788276.49,50709418
"(np.float64(1.0), 170, 380, np.float64(0.75), 15)",houghCircleAlt,0.633333333,48836206.68,49445392
"(np.float64(1.0), 180, 390, np.float64(0.75), 15)",houghCircleAlt,0.633333333,50641173.39,50716738.5
"(np.float64(1.0), 210, 350, np.float64(0.8), 5)",houghCircleAlt,0.633333333,57775509.42,58691567.5
"(np.float64(1.0), 230, 370, np.float64(0.8), 5)",houghCircleAlt,0.633333333,59983925.39,60823802.5
"(np.float64(1.0), 230, 380, np.float64(0.8), 5)",houghCircleAlt,0.633333333,60417120.71,61024850.5
"(np.float64(1.0), 250, 320, np.float64(0.75), 15)",houghCircleAlt,0.633333333,62183084.78,62692974.5
"(np.float64(1.0), 260, 320, np.float64(0.8), 10)",houghCircleAlt,0.633333333,65720968.37,65984049.5
"(np.float64(1.0), 260, 320, np.float64(0.8500000000000001), 5)",houghCircleAlt,0.633333333,65702916.15,66593366.5
"(np.float64(1.0), 270, 330, np.float64(0.9000000000000001), 5)",houghCircleAlt,0.633333333,70192632.67,70822201
"(np.float64(1.5), 180, 370, np.float64(0.75), 15)",houghCircleAlt,0.633333333,26169030.15,26407500.5
"(np.float64(1.5), 220, 300, np.float64(0.8), 5)",houghCircleAlt,0.633333333,31117919.68,32053522
"(np.float64(1.5), 230, 390, np.float64(0.8), 5)",houghCircleAlt,0.633333333,29648346.73,30068439.5
"(np.float64(1.5), 260, 350, np.float64(0.75), 15)",houghCircleAlt,0.633333333,30379451.09,30815422.5
"(np.float64(1.5), 260, 370, np.float64(0.8500000000000001), 5)",houghCircleAlt,0.633333333,31418801.6,32492091.5
"(np.float64(1.5), 260, 390, np.float64(0.75), 15)",houghCircleAlt,0.633333333,30363602.78,30726455
"(np.float64(1.5), 270, 300, np.float64(0.9000000000000001), 5)",houghCircleAlt,0.633333333,32124456.06,33132313
"(np.float64(1.0), 160, 310, np.float64(0.8), 10)",houghCircleAlt,0.63125,50884545.96,51740332.5
"(np.float64(1.0), 220, 310, np.float64(0.8), 5)",houghCircleAlt,0.63125,59781551.26,61143543
"(np.float64(1.0), 220, 380, np.float64(0.8), 5)",houghCircleAlt,0.63125,57602027.4,58266896.5
"(np.float64(1.0), 220, 390, np.float64(0.8), 5)",houghCircleAlt,0.63125,58351562.99,58770175
"(np.float64(1.0), 230, 300, np.float64(0.8), 5)",houghCircleAlt,0.63125,62399971.68,63670118
"(np.float64(1.0), 260, 300, np.float64(0.8500000000000001), 5)",houghCircleAlt,0.63125,66197524.68,67011412
"(np.float64(1.0), 260, 340, np.float64(0.75), 15)",houghCircleAlt,0.63125,62644184.32,63369113.5
"(np.float64(1.0), 260, 370, np.float64(0.75), 15)",houghCircleAlt,0.63125,62453018.61,62498445
"(np.float64(1.0), 270, 320, np.float64(0.9000000000000001), 5)",houghCircleAlt,0.63125,67973318.31,68221767.5
"(np.float64(1.0), 270, 360, np.float64(0.9000000000000001), 5)",houghCircleAlt,0.63125,67304572.06,67509341
"(np.float64(1.0), 280, 360, np.float64(0.8500000000000001), 15)",houghCircleAlt,0.63125,69228545.34,69548837
"(np.float64(1.5), 230, 360, np.float64(0.8), 5)",houghCircleAlt,0.63125,31122350.99,31735387
"(np.float64(1.5), 260, 310, np.float64(0.8), 10)",houghCircleAlt,0.63125,30259938.37,31076292.5
"(np.float64(1.5), 260, 320, np.float64(0.75), 15)",houghCircleAlt,0.63125,31498511.32,32116883
"(np.float64(1.5), 260, 340, np.float64(0.75), 15)",houghCircleAlt,0.63125,30801073.57,31463231.5
"(np.float64(1.5), 260, 340, np.float64(0.8500000000000001), 5)",houghCircleAlt,0.63125,32431255.24,33110251
"(np.float64(1.5), 260, 360, np.float64(0.75), 15)",houghCircleAlt,0.63125,29574569.45,30219794
"(np.float64(1.5), 260, 370, np.float64(0.75), 15)",houghCircleAlt,0.63125,30669778.87,31128409
"(np.float64(1.5), 270, 330, np.float64(0.9000000000000001), 5)",houghCircleAlt,0.63125,32837505.11,33896205.5
"(np.float64(1.0), 100, 310, np.float64(0.8500000000000001), 5)",houghCircleAlt,0.629166667,44684962.02,45817491
"(np.float64(1.0), 100, 370, np.float64(0.8500000000000001), 5)",houghCircleAlt,0.629166667,43491009.93,44289504
"(np.float64(1.0), 160, 320, np.float64(0.8), 10)",houghCircleAlt,0.629166667,49288795.12,50239625.5
"(np.float64(1.0), 180, 320, np.float64(0.75), 15)",houghCircleAlt,0.629166667,51142364.87,52053224
"(np.float64(1.0), 180, 360, np.float64(0.75), 15)",houghCircleAlt,0.629166667,50304018.1,50888875.5
"(np.float64(1.0), 210, 320, np.float64(0.8), 5)",houghCircleAlt,0.629166667,58492698.34,59691745
"(np.float64(1.0), 210, 330, np.float64(0.8), 5)",houghCircleAlt,0.629166667,58611727.2,59524501
"(np.float64(1.0), 210, 380, np.float64(0.8), 5)",houghCircleAlt,0.629166667,56948183.56,57600956.5
"(np.float64(1.0), 240, 350, np.float64(0.8), 5)",houghCircleAlt,0.629166667,64965713.85,65962253
"(np.float64(1.0), 250, 310, np.float64(0.75), 15)",houghCircleAlt,0.629166667,61724552.91,61803151
"(np.float64(1.0), 260, 350, np.float64(0.75), 15)",houghCircleAlt,0.629166667,62711848.38,62718327
"(np.float64(1.0), 260, 390, np.float64(0.75), 15)",houghCircleAlt,0.629166667,62316273.59,62283732
"(np.float64(1.0), 270, 310, np.float64(0.9000000000000001), 5)",houghCircleAlt,0.629166667,68012029.06,67991256
"(np.float64(1.0), 280, 330, np.float64(0.8500000000000001), 15)",houghCircleAlt,0.629166667,67643850.96,67363712.5
"(np.float64(1.0), 280, 340, np.float64(0.8500000000000001), 15)",houghCircleAlt,0.629166667,67236163.53,67047599
"(np.float64(1.0), 280, 370, np.float64(0.8500000000000001), 15)",houghCircleAlt,0.629166667,67415031.69,67443717
"(np.float64(1.5), 160, 370, np.float64(0.8), 10)",houghCircleAlt,0.629166667,25565101.9,26059449
"(np.float64(1.5), 180, 340, np.float64(0.75), 15)",houghCircleAlt,0.629166667,27784078.34,28444793.5
"(np.float64(1.5), 180, 350, np.float64(0.75), 15)",houghCircleAlt,0.629166667,28637367.83,29590739.5
"(np.float64(1.5), 220, 350, np.float64(0.8), 5)",houghCircleAlt,0.629166667,30155829.65,30931098
"(np.float64(1.5), 230, 320, np.float64(0.8), 5)",houghCircleAlt,0.629166667,32010367.94,32961913
"(np.float64(1.5), 230, 330, np.float64(0.8), 5)",houghCircleAlt,0.629166667,32082014.82,32723437.5
"(np.float64(1.5), 260, 300, np.float64(0.8), 10)",houghCircleAlt,0.629166667,31911197.81,32896241
"(np.float64(1.5), 260, 300, np.float64(0.8500000000000001), 5)",houghCircleAlt,0.629166667,34313753.9,35328292
"(np.float64(1.5), 260, 310, np.float64(0.75), 15)",houghCircleAlt,0.629166667,30164314.26,30919677
"(np.float64(1.5), 260, 320, np.float64(0.8500000000000001), 5)",houghCircleAlt,0.629166667,32266179.45,33344115
"(np.float64(1.5), 260, 330, np.float64(0.75), 15)",houghCircleAlt,0.629166667,28684743.99,29179617.5
"(np.float64(1.0), 160, 380, np.float64(0.8), 10)",houghCircleAlt,0.627083333,49329916.53,49601289.5
"(np.float64(1.0), 170, 370, np.float64(0.75), 15)",houghCircleAlt,0.627083333,48346935.15,48949205.5
"(np.float64(1.0), 170, 390, np.float64(0.75), 15)",houghCircleAlt,0.627083333,47999826.85,48260334
"(np.float64(1.0), 180, 340, np.float64(0.75), 15)",houghCircleAlt,0.627083333,50562342.51,51370573.5
"(np.float64(1.0), 210, 340, np.float64(0.8), 5)",houghCircleAlt,0.627083333,57560202.72,58427498.5
"(np.float64(1.0), 210, 360, np.float64(0.8), 5)",houghCircleAlt,0.627083333,57559730.64,58326412.5
"(np.float64(1.0), 220, 370, np.float64(0.8), 5)",houghCircleAlt,0.627083333,61263505.62,62152221
"(np.float64(1.0), 240, 330, np.float64(0.8), 5)",houghCircleAlt,0.627083333,62323807.49,63495705.5
"(np.float64(1.0), 240, 340, np.float64(0.8), 5)",houghCircleAlt,0.627083333,62258734.75,62909496
"(np.float64(1.0), 250, 300, np.float64(0.75), 15)",houghCircleAlt,0.627083333,62223677.05,62728872.5
"(np.float64(1.0), 250, 330, np.float64(0.75), 15)",houghCircleAlt,0.627083333,61437376.54,61666594.5
"(np.float64(1.5), 160, 300, np.float64(0.8), 10)",houghCircleAlt,0.627083333,28039367.84,29009854
"(np.float64(1.5), 160, 310, np.float64(0.8), 10)",houghCircleAlt,0.627083333,28358054.51,28949370
"(np.float64(1.5), 160, 390, np.float64(0.8), 10)",houghCircleAlt,0.627083333,27156303.67,27381789
"(np.float64(1.5), 170, 380, np.float64(0.75), 15)",houghCircleAlt,0.627083333,24692018.27,25177574
"(np.float64(1.5), 180, 330, np.float64(0.75), 15)",houghCircleAlt,0.627083333,25510862.76,26112843.5
"(np.float64(1.5), 180, 360, np.float64(0.75), 15)",houghCircleAlt,0.627083333,27431656.15,27691456
"(np.float64(1.5), 210, 350, np.float64(0.8), 5)",houghCircleAlt,0.627083333,28188261.3,28868021.5
"(np.float64(1.5), 220, 390, np.float64(0.8), 5)",houghCircleAlt,0.627083333,29684967.31,30044555.5
"(np.float64(1.5), 230, 310, np.float64(0.8), 5)",houghCircleAlt,0.627083333,32338447.85,33324613.5
"(np.float64(1.5), 230, 380, np.float64(0.8), 5)",houghCircleAlt,0.627083333,30641323.48,31222995
"(np.float64(1.5), 280, 330, np.float64(0.8500000000000001), 15)",houghCircleAlt,0.627083333,31108065.21,31651434.5
"(np.float64(1.0), 160, 300, np.float64(0.8), 10)",houghCircleAlt,0.625,50005122.12,51110120
"(np.float64(1.0), 160, 330, np.float64(0.8), 10)",houghCircleAlt,0.625,50653021.58,51579381
"(np.float64(1.0), 160, 390, np.float64(0.8), 10)",houghCircleAlt,0.625,47835406.71,48395627.5
"(np.float64(1.0), 180, 310, np.float64(0.75), 15)",houghCircleAlt,0.625,50808611.23,51547200
"(np.float64(1.0), 210, 310, np.float64(0.8), 5)",houghCircleAlt,0.625,59107635.93,60284507
"(np.float64(1.0), 210, 370, np.float64(0.8), 5)",houghCircleAlt,0.625,57114767.74,57795607
"(np.float64(1.0), 210, 390, np.float64(0.8), 5)",houghCircleAlt,0.625,56485318.3,56871212.5
"(np.float64(1.0), 220, 300, np.float64(0.8), 5)",houghCircleAlt,0.625,60508183.87,61584966
"(np.float64(1.0), 240, 320, np.float64(0.8), 5)",houghCircleAlt,0.625,63665135.28,64387955
"(np.float64(1.0), 240, 360, np.float64(0.8), 5)",houghCircleAlt,0.625,61726055.42,62316654
"(np.float64(1.0), 260, 310, np.float64(0.75), 15)",houghCircleAlt,0.625,63362008.32,63879531
"(np.float64(1.0), 260, 310, np.float64(0.8500000000000001), 5)",houghCircleAlt,0.625,67010444.48,67655340
"(np.float64(1.0), 260, 320, np.float64(0.75), 15)",houghCircleAlt,0.625,62630565.8,63149271
"(np.float64(1.0), 260, 360, np.float64(0.75), 15)",houghCircleAlt,0.625,64964326.74,65156522
"(np.float64(1.0), 280, 380, np.float64(0.8500000000000001), 15)",houghCircleAlt,0.625,66110952.36,65908397.5
"(np.float64(1.5), 160, 390, np.float64(0.75), 15)",houghCircleAlt,0.625,24062444.16,24387205
"(np.float64(1.5), 220, 320, np.float64(0.8), 5)",houghCircleAlt,0.625,30443518.32,31486686
"(np.float64(1.5), 220, 360, np.float64(0.8), 5)",houghCircleAlt,0.625,30695695.29,31497389.5
"(np.float64(1.5), 230, 340, np.float64(0.8), 5)",houghCircleAlt,0.625,31547510.17,32363018.5
"(np.float64(1.5), 230, 370, np.float64(0.8), 5)",houghCircleAlt,0.625,31073368.05,31665793
"(np.float64(1.5), 260, 310, np.float64(0.8500000000000001), 5)",houghCircleAlt,0.625,33858912.65,35192904
"(np.float64(1.5), 260, 320, np.float64(0.8), 10)",houghCircleAlt,0.625,32932544.97,33607247.5
"(np.float64(1.5), 260, 330, np.float64(0.8500000000000001), 5)",houghCircleAlt,0.625,33363425.39,34357784
"(np.float64(1.5), 280, 300, np.float64(0.8500000000000001), 15)",houghCircleAlt,0.625,32999504.09,33761127.5
"(np.float64(1.5), 280, 320, np.float64(0.8500000000000001), 15)",houghCircleAlt,0.625,31360261.19,32089431.5
"(np.float64(1.5), 280, 350, np.float64(0.8500000000000001), 15)",houghCircleAlt,0.625,31024030.58,31296563.5
"(np.float64(1.5), 280, 380, np.float64(0.8500000000000001), 15)",houghCircleAlt,0.625,31098517.11,31792539.5
"(np.float64(1.0), 160, 380, np.float64(0.75), 15)",houghCircleAlt,0.622916667,47505238.83,47615393
"(np.float64(1.0), 170, 360, np.float64(0.75), 15)",houghCircleAlt,0.622916667,49415334.76,49987303.5
"(np.float64(1.0), 180, 300, np.float64(0.75), 15)",houghCircleAlt,0.622916667,54542766.92,55599271
"(np.float64(1.0), 180, 330, np.float64(0.75), 15)",houghCircleAlt,0.622916667,50154075.53,51107039.5
"(np.float64(1.0), 240, 390, np.float64(0.8), 5)",houghCircleAlt,0.622916667,61082187.35,61394989
"(np.float64(1.0), 260, 330, np.float64(0.75), 15)",houghCircleAlt,0.622916667,62904689.43,63444238
"(np.float64(1.0), 280, 300, np.float64(0.8500000000000001), 15)",houghCircleAlt,0.622916667,67218316.91,67711635
"(np.float64(1.0), 280, 320, np.float64(0.8500000000000001), 15)",houghCircleAlt,0.622916667,66763929.25,66448496
"(np.float64(1.0), 280, 390, np.float64(0.8500000000000001), 15)",houghCircleAlt,0.622916667,67693251.36,67381791
"(np.float64(1.5), 160, 380, np.float64(0.8), 10)",houghCircleAlt,0.622916667,26418353.47,26861152
"(np.float64(1.5), 170, 340, np.float64(0.75), 15)",houghCircleAlt,0.622916667,26337689.12,26611719.5
"(np.float64(1.5), 170, 350, np.float64(0.75), 15)",houghCircleAlt,0.622916667,27210153.11,27829307.5
"(np.float64(1.5), 170, 370, np.float64(0.75), 15)",houghCircleAlt,0.622916667,27021755.25,27146797.5
"(np.float64(1.5), 210, 320, np.float64(0.8), 5)",houghCircleAlt,0.622916667,31277690.11,32128184
"(np.float64(1.5), 210, 390, np.float64(0.8), 5)",houghCircleAlt,0.622916667,30451220.41,31084135.5
"(np.float64(1.5), 220, 310, np.float64(0.8), 5)",houghCircleAlt,0.622916667,31916851.25,32727344.5
"(np.float64(1.5), 220, 330, np.float64(0.8), 5)",houghCircleAlt,0.622916667,31459870.1,32257565.5
"(np.float64(1.5), 280, 310, np.float64(0.8500000000000001), 15)",houghCircleAlt,0.622916667,31636413.85,32270485.5
"(np.float64(1.5), 280, 360, np.float64(0.8500000000000001), 15)",houghCircleAlt,0.622916667,28989684.3,29416835.5
"(np.float64(1.0), 160, 370, np.float64(0.75), 15)",houghCircleAlt,0.620833333,47252641.84,47826815.5
"(np.float64(1.0), 180, 350, np.float64(0.75), 15)",houghCircleAlt,0.620833333,51228509.83,51865337.5
"(np.float64(1.0), 200, 350, np.float64(0.8), 5)",houghCircleAlt,0.620833333,56002437.64,57075085
"(np.float64(1.0), 240, 370, np.float64(0.8), 5)",houghCircleAlt,0.620833333,61329120.1,61905908.5
"(np.float64(1.0), 260, 300, np.float64(0.75), 15)",houghCircleAlt,0.620833333,64187123.89,64756065.5
"(np.float64(1.0), 280, 310, np.float64(0.8500000000000001), 15)",houghCircleAlt,0.620833333,67628555.49,67797621.5
"(np.float64(1.5), 150, 370, np.float64(0.8), 10)",houghCircleAlt,0.620833333,25182686.91,25538009.5
"(np.float64(1.5), 160, 320, np.float64(0.8), 10)",houghCircleAlt,0.620833333,27282328.92,28089202
"(np.float64(1.5), 160, 360, np.float64(0.8), 10)",houghCircleAlt,0.620833333,26300547.38,26771616.5
"(np.float64(1.5), 170, 330, np.float64(0.75), 15)",houghCircleAlt,0.620833333,27372404.73,27970564
"(np.float64(1.5), 210, 300, np.float64(0.8), 5)",houghCircleAlt,0.620833333,30897335.71,31969752
"(np.float64(1.5), 210, 310, np.float64(0.8), 5)",houghCircleAlt,0.620833333,30927461.08,32052597
"(np.float64(1.5), 210, 360, np.float64(0.8), 5)",houghCircleAlt,0.620833333,30097563.81,30576438.5
"(np.float64(1.5), 210, 370, np.float64(0.8), 5)",houghCircleAlt,0.620833333,29731366.55,30458868
"(np.float64(1.5), 220, 340, np.float64(0.8), 5)",houghCircleAlt,0.620833333,29889477.93,31019272.5
"(np.float64(1.5), 220, 370, np.float64(0.8), 5)",houghCircleAlt,0.620833333,30291199.46,30969164
"(np.float64(1.5), 220, 380, np.float64(0.8), 5)",houghCircleAlt,0.620833333,30623555.8,31281100.5
"(np.float64(1.5), 260, 330, np.float64(0.8), 10)",houghCircleAlt,0.620833333,32147174.76,33467160
"(np.float64(1.5), 260, 360, np.float64(0.8), 10)",houghCircleAlt,0.620833333,29220163.47,29929023
"(np.float64(1.5), 280, 340, np.float64(0.8500000000000001), 15)",houghCircleAlt,0.620833333,30966655.53,31526279.5
"(np.float64(1.5), 280, 370, np.float64(0.8500000000000001), 15)",houghCircleAlt,0.620833333,30589227.5,30977878
"(np.float64(1.5), 280, 390, np.float64(0.8500000000000001), 15)",houghCircleAlt,0.620833333,30160890.11,30348539
"(np.float64(1.0), 140, 360, np.float64(0.8), 10)",houghCircleAlt,0.61875,46644376.09,47559003
"(np.float64(1.0), 150, 350, np.float64(0.8), 10)",houghCircleAlt,0.61875,48340616.56,49433019.5
"(np.float64(1.0), 150, 370, np.float64(0.8), 10)",houghCircleAlt,0.61875,48516174.69,49057730
"(np.float64(1.0), 200, 320, np.float64(0.8), 5)",houghCircleAlt,0.61875,57006369.98,58251627.5
"(np.float64(1.0), 200, 330, np.float64(0.8), 5)",houghCircleAlt,0.61875,56667381.15,57946325
"(np.float64(1.0), 200, 380, np.float64(0.8), 5)",houghCircleAlt,0.61875,57504514.68,58455165
"(np.float64(1.0), 210, 300, np.float64(0.8), 5)",houghCircleAlt,0.61875,59951189.66,61443175.5
"(np.float64(1.0), 240, 380, np.float64(0.8), 5)",houghCircleAlt,0.61875,61498563.67,62188288.5
"(np.float64(1.5), 150, 310, np.float64(0.8), 10)",houghCircleAlt,0.61875,29026379.5,29887996
"(np.float64(1.5), 150, 390, np.float64(0.8), 10)",houghCircleAlt,0.61875,26351468.67,26698657
"(np.float64(1.5), 210, 330, np.float64(0.8), 5)",houghCircleAlt,0.61875,30488888.71,31109037
"(np.float64(1.5), 260, 340, np.float64(0.8), 10)",houghCircleAlt,0.61875,31492210.8,32321236
"(np.float64(1.5), 260, 350, np.float64(0.8), 10)",houghCircleAlt,0.61875,32412708.36,33360284
"(np.float64(1.0), 240, 310, np.float64(0.8), 5)",houghCircleAlt,0.616666667,62869632.56,64158324.5
"(np.float64(1.5), 150, 300, np.float64(0.8), 10)",houghCircleAlt,0.616666667,28067796.56,28969804
"(np.float64(1.5), 150, 380, np.float64(0.8), 10)",houghCircleAlt,0.616666667,26085753.41,26356511
"(np.float64(1.5), 160, 330, np.float64(0.8), 10)",houghCircleAlt,0.616666667,27334208.96,28011766
"(np.float64(1.5), 160, 340, np.float64(0.8), 10)",houghCircleAlt,0.616666667,26794552.8,27348551.5
"(np.float64(1.5), 160, 350, np.float64(0.8), 10)",houghCircleAlt,0.616666667,27107047.37,27752179
"(np.float64(1.5), 170, 360, np.float64(0.75), 15)",houghCircleAlt,0.616666667,25630176.88,25988540.5
"(np.float64(1.5), 180, 300, np.float64(0.75), 15)",houghCircleAlt,0.616666667,27629614.87,28511108
"(np.float64(1.5), 180, 320, np.float64(0.75), 15)",houghCircleAlt,0.616666667,27981880.24,28503073
"(np.float64(1.5), 210, 340, np.float64(0.8), 5)",houghCircleAlt,0.616666667,30563396.79,31193726
"(np.float64(1.5), 210, 380, np.float64(0.8), 5)",houghCircleAlt,0.616666667,29889873.16,30265307.5
"(np.float64(1.0), 160, 360, np.float64(0.75), 15)",houghCircleAlt,0.614583333,47929886.41,48553328.5
"(np.float64(1.0), 190, 350, np.float64(0.8), 5)",houghCircleAlt,0.614583333,54870454.76,55852357
"(np.float64(1.0), 200, 310, np.float64(0.8), 5)",houghCircleAlt,0.614583333,57360110.34,59014214
"(np.float64(1.0), 200, 360, np.float64(0.8), 5)",houghCircleAlt,0.614583333,57720893.74,58787628
"(np.float64(1.0), 200, 370, np.float64(0.8), 5)",houghCircleAlt,0.614583333,55042273.97,55912364.5
"(np.float64(1.0), 200, 390, np.float64(0.8), 5)",houghCircleAlt,0.614583333,55425401.7,56304405.5
"(np.float64(1.0), 240, 300, np.float64(0.8), 5)",houghCircleAlt,0.614583333,63993224.59,65251935.5
"(np.float64(1.0), 250, 350, np.float64(0.8), 5)",houghCircleAlt,0.614583333,63927288.25,64550929.5
"(np.float64(1.0), 270, 360, np.float64(0.8), 10)",houghCircleAlt,0.614583333,65935949.15,66034669
"(np.float64(1.5), 150, 320, np.float64(0.8), 10)",houghCircleAlt,0.614583333,27131181.12,27695202
"(np.float64(1.5), 150, 350, np.float64(0.8), 10)",houghCircleAlt,0.614583333,26238906.08,26766150
"(np.float64(1.5), 260, 370, np.float64(0.8), 10)",houghCircleAlt,0.614583333,29423130.9,29928322.5
"(np.float64(1.5), 260, 380, np.float64(0.8), 10)",houghCircleAlt,0.614583333,31341155.16,31858143.5
"(np.float64(1.0), 150, 340, np.float64(0.8), 10)",houghCircleAlt,0.6125,49252019.11,50397548
"(np.float64(1.0), 150, 380, np.float64(0.8), 10)",houghCircleAlt,0.6125,49684233.06,50225936.5
"(np.float64(1.0), 150, 390, np.float64(0.8), 10)",houghCircleAlt,0.6125,48069613.73,48493290.5
"(np.float64(1.0), 160, 390, np.float64(0.75), 15)",houghCircleAlt,0.6125,48506714.44,49104747.5
"(np.float64(1.0), 200, 340, np.float64(0.8), 5)",houghCircleAlt,0.6125,56160032.81,57136345.5
"(np.float64(1.0), 270, 310, np.float64(0.8), 10)",houghCircleAlt,0.6125,67065926.4,67174011
"(np.float64(1.0), 270, 350, np.float64(0.8), 10)",houghCircleAlt,0.6125,65860722.09,65707907
"(np.float64(1.5), 140, 310, np.float64(0.8), 10)",houghCircleAlt,0.6125,28614758.18,29922547.5
"(np.float64(1.5), 150, 330, np.float64(0.8), 10)",houghCircleAlt,0.6125,27398190.77,28172117
"(np.float64(1.5), 150, 390, np.float64(0.75), 15)",houghCircleAlt,0.6125,24806321.55,25185158.5
"(np.float64(1.5), 160, 380, np.float64(0.75), 15)",houghCircleAlt,0.6125,24494203.44,24939354
"(np.float64(1.5), 240, 300, np.float64(0.8), 5)",houghCircleAlt,0.6125,33068420.06,34351680
"(np.float64(1.5), 260, 390, np.float64(0.8), 10)",houghCircleAlt,0.6125,29063987.04,29437626
"(np.float64(1.0), 150, 310, np.float64(0.8), 10)",houghCircleAlt,0.610416667,48630718.28,49845238
"(np.float64(1.0), 170, 300, np.float64(0.75), 15)",houghCircleAlt,0.610416667,50690770.25,51582899
"(np.float64(1.0), 170, 320, np.float64(0.75), 15)",houghCircleAlt,0.610416667,50225196.65,51084842.5
"(np.float64(1.0), 170, 330, np.float64(0.75), 15)",houghCircleAlt,0.610416667,48703139.33,49511953
"(np.float64(1.0), 170, 340, np.float64(0.75), 15)",houghCircleAlt,0.610416667,49674611.76,50252621
"(np.float64(1.0), 190, 330, np.float64(0.8), 5)",houghCircleAlt,0.610416667,55227017.06,56646822.5
"(np.float64(1.0), 190, 360, np.float64(0.8), 5)",houghCircleAlt,0.610416667,53731776.79,54553395
"(np.float64(1.0), 250, 360, np.float64(0.8), 5)",houghCircleAlt,0.610416667,64242463.78,64601099.5
"(np.float64(1.0), 270, 340, np.float64(0.8), 10)",houghCircleAlt,0.610416667,68356283.89,69096815
"(np.float64(1.5), 140, 370, np.float64(0.8), 10)",houghCircleAlt,0.610416667,26117538.48,26627545
"(np.float64(1.5), 140, 390, np.float64(0.8), 10)",houghCircleAlt,0.610416667,24384056.65,25065740.5
"(np.float64(1.5), 150, 340, np.float64(0.8), 10)",houghCircleAlt,0.610416667,27614803.57,27941859.5
"(np.float64(1.5), 150, 360, np.float64(0.8), 10)",houghCircleAlt,0.610416667,26775048.7,27258718.5
"(np.float64(1.5), 170, 320, np.float64(0.75), 15)",houghCircleAlt,0.610416667,26442773.24,26845112.5
"(np.float64(1.5), 240, 350, np.float64(0.8), 5)",houghCircleAlt,0.610416667,30836060.19,31876657
"(np.float64(1.0), 140, 370, np.float64(0.8), 10)",houghCircleAlt,0.608333333,47224090.74,47998877.5
"(np.float64(1.0), 150, 320, np.float64(0.8), 10)",houghCircleAlt,0.608333333,48923700.49,49957596.5
"(np.float64(1.0), 170, 310, np.float64(0.75), 15)",houghCircleAlt,0.608333333,50961053.45,52073617.5
"(np.float64(1.0), 170, 350, np.float64(0.75), 15)",houghCircleAlt,0.608333333,48361746.73,49161534
"(np.float64(1.0), 190, 320, np.float64(0.8), 5)",houghCircleAlt,0.608333333,54802819.13,56158239.5
"(np.float64(1.0), 190, 340, np.float64(0.8), 5)",houghCircleAlt,0.608333333,55163852.9,56106178
"(np.float64(1.0), 250, 340, np.float64(0.8), 5)",houghCircleAlt,0.608333333,64904835.96,65616088.5
"(np.float64(1.5), 140, 320, np.float64(0.8), 10)",houghCircleAlt,0.608333333,27181311.79,27717338.5
"(np.float64(1.5), 140, 380, np.float64(0.8), 10)",houghCircleAlt,0.608333333,27502080.13,27707487
"(np.float64(1.5), 160, 330, np.float64(0.75), 15)",houghCircleAlt,0.608333333,27682303.19,28076146
"(np.float64(1.5), 160, 340, np.float64(0.75), 15)",houghCircleAlt,0.608333333,26075784.86,26541362
"(np.float64(1.5), 160, 350, np.float64(0.75), 15)",houghCircleAlt,0.608333333,26728281.16,27065976.5
"(np.float64(1.5), 170, 300, np.float64(0.75), 15)",houghCircleAlt,0.608333333,26783825.08,27343108
"(np.float64(1.5), 180, 310, np.float64(0.75), 15)",houghCircleAlt,0.608333333,27246527.38,27681471
"(np.float64(1.5), 200, 320, np.float64(0.8), 5)",houghCircleAlt,0.608333333,28749618.02,29869282
"(np.float64(1.5), 200, 350, np.float64(0.8), 5)",houghCircleAlt,0.608333333,29589740.03,30227118.5
"(np.float64(1.5), 200, 360, np.float64(0.8), 5)",houghCircleAlt,0.608333333,30000572.26,30370406
"(np.float64(1.0), 130, 360, np.float64(0.8), 10)",houghCircleAlt,0.60625,45557050.2,46385993
"(np.float64(1.0), 140, 350, np.float64(0.8), 10)",houghCircleAlt,0.60625,47665253.56,48439545.5
"(np.float64(1.0), 150, 330, np.float64(0.8), 10)",houghCircleAlt,0.60625,48090388.49,48960506
"(np.float64(1.0), 190, 310, np.float64(0.8), 5)",houghCircleAlt,0.60625,55878259.07,57220548.5
"(np.float64(1.0), 190, 370, np.float64(0.8), 5)",houghCircleAlt,0.60625,55473203.71,55888404
"(np.float64(1.0), 190, 380, np.float64(0.8), 5)",houghCircleAlt,0.60625,53929655.42,54637067.5
"(np.float64(1.0), 190, 390, np.float64(0.8), 5)",houghCircleAlt,0.60625,52704000.03,53493822.5
"(np.float64(1.0), 250, 330, np.float64(0.8), 5)",houghCircleAlt,0.60625,64341167.38,64820511
"(np.float64(1.0), 280, 310, np.float64(0.9000000000000001), 10)",houghCircleAlt,0.60625,69269735.28,69462084
"(np.float64(1.0), 280, 320, np.float64(0.9000000000000001), 10)",houghCircleAlt,0.60625,68871489.89,68890757
"(np.float64(1.0), 280, 330, np.float64(0.9000000000000001), 10)",houghCircleAlt,0.60625,68865343.23,69178903
"(np.float64(1.0), 280, 340, np.float64(0.9000000000000001), 10)",houghCircleAlt,0.60625,68768304.08,68941973.5
"(np.float64(1.5), 140, 300, np.float64(0.8), 10)",houghCircleAlt,0.60625,27948738.97,28851835.5
"(np.float64(1.5), 160, 370, np.float64(0.75), 15)",houghCircleAlt,0.60625,26543999.83,26821057
"(np.float64(1.5), 200, 310, np.float64(0.8), 5)",houghCircleAlt,0.60625,31505029.25,32588667.5
"(np.float64(1.5), 240, 330, np.float64(0.8), 5)",houghCircleAlt,0.60625,31316260.73,32519502
"(np.float64(1.5), 240, 360, np.float64(0.8), 5)",houghCircleAlt,0.60625,31694296.33,32574332
"(np.float64(1.5), 240, 390, np.float64(0.8), 5)",houghCircleAlt,0.60625,31616328.08,32289770.5
"(np.float64(1.5), 270, 300, np.float64(0.75), 15)",houghCircleAlt,0.60625,30910157.58,31674327
"(np.float64(1.0), 150, 300, np.float64(0.8), 10)",houghCircleAlt,0.604166667,49519225.69,50814625.5
"(np.float64(1.0), 160, 340, np.float64(0.75), 15)",houghCircleAlt,0.604166667,48309194.88,49017483.5
"(np.float64(1.0), 160, 350, np.float64(0.75), 15)",houghCircleAlt,0.604166667,47832119.28,48614483.5
"(np.float64(1.0), 180, 350, np.float64(0.8), 5)",houghCircleAlt,0.604166667,53470828.45,54588405.5
"(np.float64(1.0), 200, 300, np.float64(0.8), 5)",houghCircleAlt,0.604166667,57261184.04,58447966
"(np.float64(1.0), 250, 370, np.float64(0.8), 5)",houghCircleAlt,0.604166667,62820798.45,63309045.5
"(np.float64(1.0), 270, 300, np.float64(0.8), 10)",houghCircleAlt,0.604166667,67954595.82,68277241.5
"(np.float64(1.0), 270, 370, np.float64(0.8), 10)",houghCircleAlt,0.604166667,65682855.51,65881285.5
"(np.float64(1.0), 270, 390, np.float64(0.8), 10)",houghCircleAlt,0.604166667,65763346.82,65627606
"(np.float64(1.0), 270, 390, np.float64(0.8500000000000001), 5)",houghCircleAlt,0.604166667,67415722.77,67248951.5
"(np.float64(1.0), 280, 300, np.float64(0.9000000000000001), 10)",houghCircleAlt,0.604166667,69456385.26,69570747
"(np.float64(1.0), 280, 350, np.float64(0.9000000000000001), 10)",houghCircleAlt,0.604166667,68473113.61,68256552
"(np.float64(1.0), 280, 360, np.float64(0.9000000000000001), 10)",houghCircleAlt,0.604166667,66647238.97,66824987
"(np.float64(1.5), 140, 350, np.float64(0.8), 10)",houghCircleAlt,0.604166667,26367546.86,26781384
"(np.float64(1.5), 160, 360, np.float64(0.75), 15)",houghCircleAlt,0.604166667,25917656.18,26504562
"(np.float64(1.5), 200, 370, np.float64(0.8), 5)",houghCircleAlt,0.604166667,30356586.13,30964014.5
"(np.float64(1.5), 200, 390, np.float64(0.8), 5)",houghCircleAlt,0.604166667,28749936.83,29260188
"(np.float64(1.5), 240, 320, np.float64(0.8), 5)",houghCircleAlt,0.604166667,32498257.08,33650069
"(np.float64(1.5), 240, 340, np.float64(0.8), 5)",houghCircleAlt,0.604166667,32488522.53,33381580.5
"(np.float64(1.5), 270, 370, np.float64(0.75), 15)",houghCircleAlt,0.604166667,30915007.65,31370208
"(np.float64(1.5), 270, 380, np.float64(0.75), 15)",houghCircleAlt,0.604166667,30881481.94,31252787
"(np.float64(1.5), 270, 390, np.float64(0.75), 15)",houghCircleAlt,0.604166667,30764079.58,31134038
"(np.float64(1.5), 270, 390, np.float64(0.8500000000000001), 5)",houghCircleAlt,0.604166667,29708094.68,30275959
"(np.float64(1.0), 150, 380, np.float64(0.75), 15)",houghCircleAlt,0.602083333,46488303.04,46780477.5
"(np.float64(1.0), 160, 330, np.float64(0.75), 15)",houghCircleAlt,0.602083333,48096236.17,49064247
"(np.float64(1.0), 250, 320, np.float64(0.8), 5)",houghCircleAlt,0.602083333,64911204.35,65598420
"(np.float64(1.0), 250, 380, np.float64(0.8), 5)",houghCircleAlt,0.602083333,64014486.07,64584759
"(np.float64(1.0), 250, 390, np.float64(0.8), 5)",houghCircleAlt,0.602083333,65357291.28,65657837
"(np.float64(1.0), 270, 330, np.float64(0.8), 10)",houghCircleAlt,0.602083333,66246257.23,65989379.5
"(np.float64(1.0), 270, 380, np.float64(0.8), 10)",houghCircleAlt,0.602083333,65945770.26,65956537
"(np.float64(1.0), 280, 370, np.float64(0.9000000000000001), 10)",houghCircleAlt,0.602083333,67976052.43,67742757
"(np.float64(1.0), 280, 380, np.float64(0.9000000000000001), 10)",houghCircleAlt,0.602083333,67939340.67,67475146.5
"(np.float64(1.5), 130, 310, np.float64(0.8), 10)",houghCircleAlt,0.602083333,26875330.01,27668536
"(np.float64(1.5), 140, 330, np.float64(0.8), 10)",houghCircleAlt,0.602083333,27483821.65,28189248.5
"(np.float64(1.5), 140, 340, np.float64(0.8), 10)",houghCircleAlt,0.602083333,26058970.01,26471161.5
"(np.float64(1.5), 140, 360, np.float64(0.8), 10)",houghCircleAlt,0.602083333,25493479.77,26180751.5
"(np.float64(1.5), 200, 300, np.float64(0.8), 5)",houghCircleAlt,0.602083333,29242515.94,30264323.5
"(np.float64(1.5), 200, 330, np.float64(0.8), 5)",houghCircleAlt,0.602083333,29479068.39,30404681.5
"(np.float64(1.5), 230, 370, np.float64(0.75), 10)",houghCircleAlt,0.602083333,29299792.3,29666527
"(np.float64(1.5), 240, 310, np.float64(0.8), 5)",houghCircleAlt,0.602083333,33154800.03,34264496
"(np.float64(1.5), 270, 350, np.float64(0.75), 15)",houghCircleAlt,0.602083333,31414020.6,32130603.5
"(np.float64(1.0), 140, 340, np.float64(0.8), 10)",houghCircleAlt,0.6,47056923.07,48114373
"(np.float64(1.0), 140, 390, np.float64(0.8), 10)",houghCircleAlt,0.6,45759002.87,46416003
"(np.float64(1.0), 150, 370, np.float64(0.75), 15)",houghCircleAlt,0.6,46558513.86,47026649
"(np.float64(1.0), 160, 300, np.float64(0.75), 15)",houghCircleAlt,0.6,49047004.88,49780947.5
"(np.float64(1.0), 160, 320, np.float64(0.75), 15)",houghCircleAlt,0.6,48783675.14,49702459
"(np.float64(1.0), 180, 360, np.float64(0.8), 5)",houghCircleAlt,0.6,53232799,54541993
"(np.float64(1.0), 230, 390, np.float64(0.75), 10)",houghCircleAlt,0.6,60957811.17,61399172
"(np.float64(1.0), 270, 320, np.float64(0.8), 10)",houghCircleAlt,0.6,65871440.29,66080811
"(np.float64(1.0), 270, 340, np.float64(0.8500000000000001), 5)",houghCircleAlt,0.6,68579033.02,68808252
"(np.float64(1.0), 270, 350, np.float64(0.8500000000000001), 5)",houghCircleAlt,0.6,67137496.33,67537703.5
"(np.float64(1.0), 270, 380, np.float64(0.75), 15)",houghCircleAlt,0.6,64133387.5,63683483.5
"(np.float64(1.0), 280, 390, np.float64(0.9000000000000001), 10)",houghCircleAlt,0.6,68449857.55,68276689
"(np.float64(1.5), 170, 310, np.float64(0.75), 15)",houghCircleAlt,0.6,25600815.2,26404105.5
"(np.float64(1.5), 200, 380, np.float64(0.8), 5)",houghCircleAlt,0.6,29925377.65,30247110
"(np.float64(1.5), 230, 380, np.float64(0.75), 10)",houghCircleAlt,0.6,29456919.91,29897443.5
"(np.float64(1.5), 230, 390, np.float64(0.75), 10)",houghCircleAlt,0.6,28694653.69,29135069
"(np.float64(1.5), 240, 370, np.float64(0.8), 5)",houghCircleAlt,0.6,30478607.16,31204736.5
"(np.float64(1.5), 270, 320, np.float64(0.75), 15)",houghCircleAlt,0.6,31602601.32,32230516
"(np.float64(1.5), 270, 360, np.float64(0.75), 15)",houghCircleAlt,0.6,29736048.54,30234381
"(np.float64(1.5), 270, 360, np.float64(0.8500000000000001), 5)",houghCircleAlt,0.6,32706623.91,33591749.5
"(np.float64(1.5), 270, 380, np.float64(0.8500000000000001), 5)",houghCircleAlt,0.6,32401876.25,33067805.5
"(np.float64(1.0), 130, 370, np.float64(0.8), 10)",houghCircleAlt,0.597916667,44383158.9,45372335.5
"(np.float64(1.0), 140, 320, np.float64(0.8), 10)",houghCircleAlt,0.597916667,47510061.64,48769423.5
"(np.float64(1.0), 140, 380, np.float64(0.8), 10)",houghCircleAlt,0.597916667,46380099.58,46977320.5
"(np.float64(1.0), 180, 370, np.float64(0.8), 5)",houghCircleAlt,0.597916667,52971521.47,53852449.5
"(np.float64(1.0), 260, 350, np.float64(0.8), 5)",houghCircleAlt,0.597916667,65663218.4,65852442
"(np.float64(1.0), 270, 330, np.float64(0.8500000000000001), 5)",houghCircleAlt,0.597916667,67760741.74,68308760
"(np.float64(1.0), 270, 370, np.float64(0.8500000000000001), 5)",houghCircleAlt,0.597916667,67309681.87,67270659
"(np.float64(1.5), 130, 300, np.float64(0.8), 10)",houghCircleAlt,0.597916667,27048430.83,27876692.5
"(np.float64(1.5), 130, 320, np.float64(0.8), 10)",houghCircleAlt,0.597916667,26518421.93,27330398
"(np.float64(1.5), 150, 380, np.float64(0.75), 15)",houghCircleAlt,0.597916667,24944541.94,25381070.5
"(np.float64(1.5), 200, 340, np.float64(0.8), 5)",houghCircleAlt,0.597916667,30370059.94,31080217.5
"(np.float64(1.5), 230, 330, np.float64(0.75), 10)",houghCircleAlt,0.597916667,29959481.73,30699052.5
"(np.float64(1.5), 240, 380, np.float64(0.8), 5)",houghCircleAlt,0.597916667,31518190.24,32157084
"(np.float64(1.5), 270, 310, np.float64(0.75), 15)",houghCircleAlt,0.597916667,32465108.68,32938033.5
"(np.float64(1.5), 270, 310, np.float64(0.8), 10)",houghCircleAlt,0.597916667,30610154.87,31433039.5
"(np.float64(1.5), 270, 320, np.float64(0.8), 10)",houghCircleAlt,0.597916667,32659116.26,33501506
"(np.float64(1.5), 270, 330, np.float64(0.75), 15)",houghCircleAlt,0.597916667,29074452.84,29659962.5
"(np.float64(1.5), 270, 370, np.float64(0.8500000000000001), 5)",houghCircleAlt,0.597916667,32884215.99,33590536.5
"(np.float64(1.0), 130, 350, np.float64(0.8), 10)",houghCircleAlt,0.595833333,45615486.52,46290859
"(np.float64(1.0), 140, 330, np.float64(0.8), 10)",houghCircleAlt,0.595833333,46579272.59,47763276.5
"(np.float64(1.0), 160, 310, np.float64(0.75), 15)",houghCircleAlt,0.595833333,48558686.91,49592503
"(np.float64(1.0), 180, 380, np.float64(0.8), 5)",houghCircleAlt,0.595833333,52523665.39,53439388.5
"(np.float64(1.0), 180, 390, np.float64(0.8), 5)",houghCircleAlt,0.595833333,52279421.57,53183328
"(np.float64(1.0), 190, 300, np.float64(0.8), 5)",houghCircleAlt,0.595833333,56330285.08,57722464.5
"(np.float64(1.0), 220, 390, np.float64(0.75), 10)",houghCircleAlt,0.595833333,56617129.99,57140296
"(np.float64(1.0), 230, 360, np.float64(0.75), 10)",houghCircleAlt,0.595833333,59114792.39,59528593.5
"(np.float64(1.0), 260, 330, np.float64(0.8), 5)",houghCircleAlt,0.595833333,65931241.68,66702006
"(np.float64(1.0), 260, 340, np.float64(0.8), 5)",houghCircleAlt,0.595833333,66590828.94,67019035.5
"(np.float64(1.0), 270, 350, np.float64(0.75), 15)",houghCircleAlt,0.595833333,64431341.98,64563234
"(np.float64(1.0), 270, 360, np.float64(0.8500000000000001), 5)",houghCircleAlt,0.595833333,67787483.18,67778621
"(np.float64(1.0), 270, 370, np.float64(0.75), 15)",houghCircleAlt,0.595833333,64190958.63,64168848.5
"(np.float64(1.0), 270, 380, np.float64(0.8500000000000001), 5)",houghCircleAlt,0.595833333,66772303.71,66924323
"(np.float64(1.0), 270, 390, np.float64(0.75), 15)",houghCircleAlt,0.595833333,64092478.49,64022519
"(np.float64(1.5), 130, 380, np.float64(0.8), 10)",houghCircleAlt,0.595833333,26167862.45,26626533.5
"(np.float64(1.5), 230, 310, np.float64(0.75), 10)",houghCircleAlt,0.595833333,31549870.89,32587386
"(np.float64(1.5), 230, 320, np.float64(0.75), 10)",houghCircleAlt,0.595833333,28855489.92,29670679
"(np.float64(1.5), 230, 360, np.float64(0.75), 10)",houghCircleAlt,0.595833333,29769772.1,30425995
"(np.float64(1.5), 270, 300, np.float64(0.8), 10)",houghCircleAlt,0.595833333,33329296.64,34623696
"(np.float64(1.5), 270, 330, np.float64(0.8), 10)",houghCircleAlt,0.595833333,31694644.6,32597791
"(np.float64(1.5), 270, 340, np.float64(0.75), 15)",houghCircleAlt,0.595833333,31338037.57,32131751
"(np.float64(1.5), 270, 350, np.float64(0.8500000000000001), 5)",houghCircleAlt,0.595833333,33397541.63,34372373.5
"(np.float64(1.0), 120, 360, np.float64(0.8), 10)",houghCircleAlt,0.59375,44663990.47,45165156.5
"(np.float64(1.0), 140, 300, np.float64(0.8), 10)",houghCircleAlt,0.59375,48236108.39,49567070.5
"(np.float64(1.0), 140, 310, np.float64(0.8), 10)",houghCircleAlt,0.59375,46969417.69,48173720.5
"(np.float64(1.0), 150, 390, np.float64(0.75), 15)",houghCircleAlt,0.59375,46220525.95,46653489
"(np.float64(1.0), 180, 330, np.float64(0.8), 5)",houghCircleAlt,0.59375,53898760.31,55075775
"(np.float64(1.0), 180, 340, np.float64(0.8), 5)",houghCircleAlt,0.59375,53635635.75,55049419
"(np.float64(1.0), 230, 370, np.float64(0.75), 10)",houghCircleAlt,0.59375,60932025.1,61856801.5
"(np.float64(1.0), 230, 380, np.float64(0.75), 10)",houghCircleAlt,0.59375,58307367.07,59123498
"(np.float64(1.0), 260, 360, np.float64(0.8), 5)",houghCircleAlt,0.59375,65767141.9,66047818
"(np.float64(1.0), 270, 320, np.float64(0.8500000000000001), 5)",houghCircleAlt,0.59375,69043033.94,69669714
"(np.float64(1.0), 270, 340, np.float64(0.75), 15)",houghCircleAlt,0.59375,65170118.21,65288033.5
"(np.float64(1.5), 120, 310, np.float64(0.8), 10)",houghCircleAlt,0.59375,26336000.46,26992053
"(np.float64(1.5), 130, 350, np.float64(0.8), 10)",houghCircleAlt,0.59375,25990464.84,26602698
"(np.float64(1.5), 130, 370, np.float64(0.8), 10)",houghCircleAlt,0.59375,25137202.2,25768172.5
"(np.float64(1.5), 130, 390, np.float64(0.8), 10)",houghCircleAlt,0.59375,23809066.35,24115089.5
"(np.float64(1.5), 160, 320, np.float64(0.75), 15)",houghCircleAlt,0.59375,27086739.58,27505021.5
"(np.float64(1.5), 190, 320, np.float64(0.8), 5)",houghCircleAlt,0.59375,29083277.95,29820849.5
"(np.float64(1.5), 190, 390, np.float64(0.8), 5)",houghCircleAlt,0.59375,28320842.12,28503940
"(np.float64(1.5), 240, 310, np.float64(0.75), 10)",houghCircleAlt,0.59375,30678514.1,31231378
"(np.float64(1.5), 240, 320, np.float64(0.75), 10)",houghCircleAlt,0.59375,32090717.53,33343497.5
"(np.float64(1.5), 240, 330, np.float64(0.75), 10)",houghCircleAlt,0.59375,30205170.96,30829718.5
"(np.float64(1.5), 240, 370, np.float64(0.75), 10)",houghCircleAlt,0.59375,30101973.16,30675658
"(np.float64(1.5), 250, 300, np.float64(0.8), 5)",houghCircleAlt,0.59375,33522283.04,34759325.5
"(np.float64(1.5), 270, 360, np.float64(0.8), 10)",houghCircleAlt,0.59375,31505332.04,32112835
"(np.float64(1.0), 120, 350, np.float64(0.8), 10)",houghCircleAlt,0.591666667,44968366.25,46015005
"(np.float64(1.0), 130, 390, np.float64(0.8), 10)",houghCircleAlt,0.591666667,43967204.59,44576978.5
"(np.float64(1.0), 150, 360, np.float64(0.75), 15)",houghCircleAlt,0.591666667,46851976.01,47537282
"(np.float64(1.0), 170, 350, np.float64(0.8), 5)",houghCircleAlt,0.591666667,51988956.16,53194740.5
"(np.float64(1.0), 180, 320, np.float64(0.8), 5)",houghCircleAlt,0.591666667,54956496.69,56096865.5
"(np.float64(1.0), 270, 300, np.float64(0.8500000000000001), 5)",houghCircleAlt,0.591666667,69599880.67,70174646
"(np.float64(1.5), 110, 310, np.float64(0.8), 10)",houghCircleAlt,0.591666667,25843989.44,26588696
"(np.float64(1.5), 120, 300, np.float64(0.8), 10)",houghCircleAlt,0.591666667,26612693.83,27366081
"(np.float64(1.5), 130, 330, np.float64(0.8), 10)",houghCircleAlt,0.591666667,26134079.96,26999106.5
"(np.float64(1.5), 130, 340, np.float64(0.8), 10)",houghCircleAlt,0.591666667,27278418.2,28187566
"(np.float64(1.5), 130, 360, np.float64(0.8), 10)",houghCircleAlt,0.591666667,26068067.05,26430555
"(np.float64(1.5), 140, 390, np.float64(0.75), 15)",houghCircleAlt,0.591666667,24682486.78,24782523.5
"(np.float64(1.5), 150, 340, np.float64(0.75), 15)",houghCircleAlt,0.591666667,25537899.34,25670347
"(np.float64(1.5), 150, 350, np.float64(0.75), 15)",houghCircleAlt,0.591666667,26394948.89,26637403
"(np.float64(1.5), 190, 310, np.float64(0.8), 5)",houghCircleAlt,0.591666667,29829417.6,30897244.5
"(np.float64(1.5), 190, 360, np.float64(0.8), 5)",houghCircleAlt,0.591666667,29727862.76,30694298
"(np.float64(1.5), 190, 370, np.float64(0.8), 5)",houghCircleAlt,0.591666667,29472503.19,30069637
"(np.float64(1.5), 220, 370, np.float64(0.75), 10)",houghCircleAlt,0.591666667,29664126.95,29924624
"(np.float64(1.5), 220, 380, np.float64(0.75), 10)",houghCircleAlt,0.591666667,29115592.72,29563673
"(np.float64(1.5), 220, 390, np.float64(0.75), 10)",houghCircleAlt,0.591666667,28546410.13,28836132
"(np.float64(1.5), 230, 300, np.float64(0.75), 10)",houghCircleAlt,0.591666667,31088422.28,32042424.5
"(np.float64(1.5), 230, 340, np.float64(0.75), 10)",houghCircleAlt,0.591666667,31093163.14,32189282.5
"(np.float64(1.5), 230, 350, np.float64(0.75), 10)",houghCircleAlt,0.591666667,29658207.5,30067085.5
"(np.float64(1.5), 240, 300, np.float64(0.75), 10)",houghCircleAlt,0.591666667,32394157.85,33375114
"(np.float64(1.5), 240, 340, np.float64(0.75), 10)",houghCircleAlt,0.591666667,31602835.14,32488304
"(np.float64(1.5), 240, 360, np.float64(0.75), 10)",houghCircleAlt,0.591666667,31118418.76,31715325
"(np.float64(1.5), 250, 350, np.float64(0.8), 5)",houghCircleAlt,0.591666667,32447818.9,33387696.5
"(np.float64(1.5), 270, 300, np.float64(0.8500000000000001), 5)",houghCircleAlt,0.591666667,32912993.12,33959656.5
"(np.float64(1.5), 270, 340, np.float64(0.8), 10)",houghCircleAlt,0.591666667,31882337.34,32514443
"(np.float64(1.5), 270, 340, np.float64(0.8500000000000001), 5)",houghCircleAlt,0.591666667,33409773.45,34493344
"(np.float64(1.5), 270, 350, np.float64(0.8), 10)",houghCircleAlt,0.591666667,31602402.24,32367728.5
"(np.float64(1.0), 130, 380, np.float64(0.8), 10)",houghCircleAlt,0.589583333,44979019.85,45892942.5
"(np.float64(1.0), 180, 310, np.float64(0.8), 5)",houghCircleAlt,0.589583333,54647728.76,56074568.5
"(np.float64(1.0), 210, 390, np.float64(0.75), 10)",houghCircleAlt,0.589583333,56452733.27,57022702
"(np.float64(1.0), 220, 360, np.float64(0.75), 10)",houghCircleAlt,0.589583333,57575917.77,58071494
"(np.float64(1.0), 220, 370, np.float64(0.75), 10)",houghCircleAlt,0.589583333,56352334.41,57089792.5
"(np.float64(1.0), 220, 380, np.float64(0.75), 10)",houghCircleAlt,0.589583333,59781089.35,60268316.5
"(np.float64(1.0), 230, 320, np.float64(0.75), 10)",houghCircleAlt,0.589583333,58999136.7,59940941.5
"(np.float64(1.0), 240, 390, np.float64(0.75), 10)",houghCircleAlt,0.589583333,59151954.93,59318319
"(np.float64(1.0), 250, 310, np.float64(0.8), 5)",houghCircleAlt,0.589583333,64840595.29,65600970.5
"(np.float64(1.0), 260, 320, np.float64(0.8), 5)",houghCircleAlt,0.589583333,66541543.17,67288050
"(np.float64(1.0), 270, 360, np.float64(0.75), 15)",houghCircleAlt,0.589583333,63989521.18,64074992.5
"(np.float64(1.5), 120, 320, np.float64(0.8), 10)",houghCircleAlt,0.589583333,25734133.5,26378807.5
"(np.float64(1.5), 150, 330, np.float64(0.75), 15)",houghCircleAlt,0.589583333,27123098.55,27695242
"(np.float64(1.5), 150, 370, np.float64(0.75), 15)",houghCircleAlt,0.589583333,24802855.66,25302949.5
"(np.float64(1.5), 190, 300, np.float64(0.8), 5)",houghCircleAlt,0.589583333,30477900.85,31374120
"(np.float64(1.5), 190, 350, np.float64(0.8), 5)",houghCircleAlt,0.589583333,27696807.47,28379196
"(np.float64(1.5), 190, 380, np.float64(0.8), 5)",houghCircleAlt,0.589583333,28773323.64,29105800
"(np.float64(1.5), 230, 330, np.float64(0.7), 15)",houghCircleAlt,0.589583333,30314039.88,30892645.5
"(np.float64(1.5), 240, 380, np.float64(0.75), 10)",houghCircleAlt,0.589583333,28092749.84,28518597.5
"(np.float64(1.5), 250, 360, np.float64(0.8), 5)",houghCircleAlt,0.589583333,31486176.93,32455122.5
"(np.float64(1.5), 270, 320, np.float64(0.8500000000000001), 5)",houghCircleAlt,0.589583333,33937394.4,35290391.5
"(np.float64(1.5), 270, 330, np.float64(0.8500000000000001), 5)",houghCircleAlt,0.589583333,32449028.97,33548743
"(np.float64(1.5), 280, 300, np.float64(0.9000000000000001), 10)",houghCircleAlt,0.589583333,32671539.59,34005428.5
"(np.float64(1.5), 280, 310, np.float64(0.9000000000000001), 10)",houghCircleAlt,0.589583333,33431502.36,34651117.5
"(np.float64(1.5), 280, 320, np.float64(0.9000000000000001), 10)",houghCircleAlt,0.589583333,32387276.02,33341900.5
"(np.float64(1.0), 110, 360, np.float64(0.8), 10)",houghCircleAlt,0.5875,43791204.89,44936157
"(np.float64(1.0), 130, 340, np.float64(0.8), 10)",houghCircleAlt,0.5875,45615403.97,46656188.5
"(np.float64(1.0), 140, 370, np.float64(0.75), 15)",houghCircleAlt,0.5875,44187776.68,44951024.5
"(np.float64(1.0), 140, 380, np.float64(0.75), 15)",houghCircleAlt,0.5875,45000711.83,45257696.5
"(np.float64(1.0), 230, 350, np.float64(0.75), 10)",houghCircleAlt,0.5875,58911892.73,59465330
"(np.float64(1.0), 240, 370, np.float64(0.75), 10)",houghCircleAlt,0.5875,59359710.81,60007216
"(np.float64(1.0), 270, 310, np.float64(0.75), 15)",houghCircleAlt,0.5875,65744656.78,65807057.5
"(np.float64(1.0), 270, 310, np.float64(0.8500000000000001), 5)",houghCircleAlt,0.5875,68746706.57,69501598.5
"(np.float64(1.0), 270, 320, np.float64(0.75), 15)",houghCircleAlt,0.5875,64697190.16,64932837
"(np.float64(1.0), 270, 330, np.float64(0.75), 15)",houghCircleAlt,0.5875,65277153.56,65384449.5
"(np.float64(1.0), 280, 350, np.float64(0.8), 15)",houghCircleAlt,0.5875,66463836.68,66591037.5
"(np.float64(1.5), 110, 300, np.float64(0.8), 10)",houghCircleAlt,0.5875,27619749.48,28663910
"(np.float64(1.5), 120, 380, np.float64(0.8), 10)",houghCircleAlt,0.5875,25162809.5,25721634.5
"(np.float64(1.5), 150, 360, np.float64(0.75), 15)",houghCircleAlt,0.5875,24034929.82,24442214.5
"(np.float64(1.5), 160, 300, np.float64(0.75), 15)",houghCircleAlt,0.5875,26671932.09,27343684
"(np.float64(1.5), 180, 320, np.float64(0.8), 5)",houghCircleAlt,0.5875,29817031.02,30502239
"(np.float64(1.5), 180, 390, np.float64(0.8), 5)",houghCircleAlt,0.5875,27907585.94,28295446.5
"(np.float64(1.5), 220, 330, np.float64(0.7), 15)",houghCircleAlt,0.5875,29517758.43,29880046.5
"(np.float64(1.5), 230, 340, np.float64(0.7), 15)",houghCircleAlt,0.5875,29778742.18,29970931
"(np.float64(1.5), 230, 350, np.float64(0.7), 15)",houghCircleAlt,0.5875,28498077.13,29024336.5
"(np.float64(1.5), 240, 350, np.float64(0.75), 10)",houghCircleAlt,0.5875,30384274.88,31220200
"(np.float64(1.5), 240, 390, np.float64(0.75), 10)",houghCircleAlt,0.5875,29806274.45,30312732.5
"(np.float64(1.0), 110, 350, np.float64(0.8), 10)",houghCircleAlt,0.585416667,43755724.93,44384904
"(np.float64(1.0), 170, 390, np.float64(0.8), 5)",houghCircleAlt,0.585416667,51310763.91,52202164
"(np.float64(1.0), 230, 300, np.float64(0.75), 10)",houghCircleAlt,0.585416667,62805685.34,64406885.5
"(np.float64(1.0), 230, 310, np.float64(0.75), 10)",houghCircleAlt,0.585416667,59307200.47,59903356.5
"(np.float64(1.0), 230, 330, np.float64(0.75), 10)",houghCircleAlt,0.585416667,58761148.96,59337304.5
"(np.float64(1.0), 240, 360, np.float64(0.75), 10)",houghCircleAlt,0.585416667,60724077.06,61229409
"(np.float64(1.0), 250, 300, np.float64(0.8), 5)",houghCircleAlt,0.585416667,68236607.3,69385991.5
"(np.float64(1.0), 260, 370, np.float64(0.8), 5)",houghCircleAlt,0.585416667,64919121.78,64854711
"(np.float64(1.0), 270, 300, np.float64(0.75), 15)",houghCircleAlt,0.585416667,66196282.45,66421509
"(np.float64(1.0), 280, 300, np.float64(0.8), 15)",houghCircleAlt,0.585416667,68373275.71,68584888
"(np.float64(1.0), 280, 300, np.float64(0.8500000000000001), 10)",houghCircleAlt,0.585416667,68862615.49,69525984
"(np.float64(1.0), 280, 310, np.float64(0.8), 15)",houghCircleAlt,0.585416667,67677902.23,67310302
"(np.float64(1.0), 280, 310, np.float64(0.8500000000000001), 10)",houghCircleAlt,0.585416667,68495580.87,68561308.5
"(np.float64(1.0), 280, 330, np.float64(0.8500000000000001), 10)",houghCircleAlt,0.585416667,67729967.54,67832322
"(np.float64(1.0), 280, 340, np.float64(0.8500000000000001), 10)",houghCircleAlt,0.585416667,70766108.92,70858584
"(np.float64(1.0), 280, 360, np.float64(0.8500000000000001), 10)",houghCircleAlt,0.585416667,70199709.59,69723269
"(np.float64(1.5), 110, 320, np.float64(0.8), 10)",houghCircleAlt,0.585416667,24519199.76,25344838
"(np.float64(1.5), 120, 340, np.float64(0.8), 10)",houghCircleAlt,0.585416667,25749925.64,26356966
"(np.float64(1.5), 180, 310, np.float64(0.8), 5)",houghCircleAlt,0.585416667,29386948.84,30167297.5
"(np.float64(1.5), 220, 310, np.float64(0.75), 10)",houghCircleAlt,0.585416667,30691673.86,31527631.5
"(np.float64(1.5), 230, 320, np.float64(0.7), 15)",houghCircleAlt,0.585416667,30309039.55,31239036.5
"(np.float64(1.5), 250, 320, np.float64(0.8), 5)",houghCircleAlt,0.585416667,32801230.51,33915750.5
"(np.float64(1.5), 250, 330, np.float64(0.8), 5)",houghCircleAlt,0.585416667,30109498.7,30997062
"(np.float64(1.5), 250, 340, np.float64(0.8), 5)",houghCircleAlt,0.585416667,31921330.47,32838026.5
"(np.float64(1.5), 270, 310, np.float64(0.8500000000000001), 5)",houghCircleAlt,0.585416667,33062999,34462914.5
"(np.float64(1.5), 270, 370, np.float64(0.8), 10)",houghCircleAlt,0.585416667,29671354.58,30085055.5
"(np.float64(1.5), 270, 380, np.float64(0.8), 10)",houghCircleAlt,0.585416667,31588142.67,32540446.5
"(np.float64(1.5), 280, 330, np.float64(0.9000000000000001), 10)",houghCircleAlt,0.585416667,33140439.08,33978556
"(np.float64(1.0), 120, 370, np.float64(0.8), 10)",houghCircleAlt,0.583333333,44077221.87,45003343
"(np.float64(1.0), 120, 390, np.float64(0.8), 10)",houghCircleAlt,0.583333333,43393931.55,44019813.5
"(np.float64(1.0), 130, 330, np.float64(0.8), 10)",houghCircleAlt,0.583333333,46017121.43,46768936
"(np.float64(1.0), 150, 320, np.float64(0.75), 15)",houghCircleAlt,0.583333333,47378962.89,48176185.5
"(np.float64(1.0), 150, 330, np.float64(0.75), 15)",houghCircleAlt,0.583333333,47153927.41,47882084
"(np.float64(1.0), 170, 330, np.float64(0.8), 5)",houghCircleAlt,0.583333333,55269823.8,56580618
"(np.float64(1.0), 170, 360, np.float64(0.8), 5)",houghCircleAlt,0.583333333,52390151.82,53184366
"(np.float64(1.0), 170, 370, np.float64(0.8), 5)",houghCircleAlt,0.583333333,51384953.09,52393051.5
"(np.float64(1.0), 170, 380, np.float64(0.8), 5)",houghCircleAlt,0.583333333,51321269.81,52124868.5
"(np.float64(1.0), 210, 360, np.float64(0.75), 10)",houghCircleAlt,0.583333333,55761591.78,56509044
"(np.float64(1.0), 220, 350, np.float64(0.75), 10)",houghCircleAlt,0.583333333,57180339.89,57881618
"(np.float64(1.0), 240, 380, np.float64(0.75), 10)",houghCircleAlt,0.583333333,59684396.69,60166631
"(np.float64(1.0), 260, 380, np.float64(0.8), 5)",houghCircleAlt,0.583333333,64779978.51,64953726.5
"(np.float64(1.0), 260, 390, np.float64(0.8), 5)",houghCircleAlt,0.583333333,65101015.52,65087797.5
"(np.float64(1.0), 280, 320, np.float64(0.8500000000000001), 10)",houghCircleAlt,0.583333333,70991158.44,71157920
"(np.float64(1.0), 280, 350, np.float64(0.8500000000000001), 10)",houghCircleAlt,0.583333333,69244604.19,69003599.5
"(np.float64(1.5), 120, 330, np.float64(0.8), 10)",houghCircleAlt,0.583333333,26430249.81,27209953.5
"(np.float64(1.5), 120, 390, np.float64(0.8), 10)",houghCircleAlt,0.583333333,23823161.66,24292764
"(np.float64(1.5), 160, 310, np.float64(0.75), 15)",houghCircleAlt,0.583333333,25005331.69,25663415.5
"(np.float64(1.5), 180, 360, np.float64(0.8), 5)",houghCircleAlt,0.583333333,28699910.33,29227890
"(np.float64(1.5), 190, 330, np.float64(0.8), 5)",houghCircleAlt,0.583333333,29221394.41,29920016.5
"(np.float64(1.5), 220, 340, np.float64(0.7), 15)",houghCircleAlt,0.583333333,28200941.86,28521602.5
"(np.float64(1.5), 250, 310, np.float64(0.8), 5)",houghCircleAlt,0.583333333,33548775.3,34427192.5
"(np.float64(1.5), 250, 370, np.float64(0.8), 5)",houghCircleAlt,0.583333333,32124222.42,32906374
"(np.float64(1.5), 250, 390, np.float64(0.8), 5)",houghCircleAlt,0.583333333,31375316.27,32124651.5
"(np.float64(1.5), 270, 390, np.float64(0.8), 10)",houghCircleAlt,0.583333333,30779887.41,31373943.5
"(np.float64(1.5), 280, 340, np.float64(0.9000000000000001), 10)",houghCircleAlt,0.583333333,31771723.81,32667856
"(np.float64(1.5), 280, 350, np.float64(0.8), 15)",houghCircleAlt,0.583333333,31876524.9,32358025
"(np.float64(1.5), 280, 360, np.float64(0.8), 15)",houghCircleAlt,0.583333333,30816358.72,31467304
"(np.float64(1.0), 120, 340, np.float64(0.8), 10)",houghCircleAlt,0.58125,45043752.96,46246581
"(np.float64(1.0), 120, 380, np.float64(0.8), 10)",houghCircleAlt,0.58125,43095746.37,43918663
"(np.float64(1.0), 130, 320, np.float64(0.8), 10)",houghCircleAlt,0.58125,47302513.76,48568126.5
"(np.float64(1.0), 150, 300, np.float64(0.75), 15)",houghCircleAlt,0.58125,47997298.04,48969518.5
"(np.float64(1.0), 150, 340, np.float64(0.75), 15)",houghCircleAlt,0.58125,47095234.53,47709645.5
"(np.float64(1.0), 170, 320, np.float64(0.8), 5)",houghCircleAlt,0.58125,53047764.56,54232938
"(np.float64(1.0), 170, 340, np.float64(0.8), 5)",houghCircleAlt,0.58125,52992301.6,53999149.5
"(np.float64(1.0), 180, 300, np.float64(0.8), 5)",houghCircleAlt,0.58125,54842866.43,56523386
"(np.float64(1.0), 210, 350, np.float64(0.75), 10)",houghCircleAlt,0.58125,55546789.18,56518742
"(np.float64(1.0), 210, 380, np.float64(0.75), 10)",houghCircleAlt,0.58125,56153448.17,56603515.5
"(np.float64(1.0), 220, 320, np.float64(0.75), 10)",houghCircleAlt,0.58125,58258768.18,59181101.5
"(np.float64(1.0), 280, 320, np.float64(0.8), 15)",houghCircleAlt,0.58125,67850136.66,67755292
"(np.float64(1.0), 280, 330, np.float64(0.8), 15)",houghCircleAlt,0.58125,67423196.53,67243587.5
"(np.float64(1.0), 280, 360, np.float64(0.8), 15)",houghCircleAlt,0.58125,66398364.66,66047418
"(np.float64(1.0), 280, 370, np.float64(0.8500000000000001), 10)",houghCircleAlt,0.58125,67776310.14,68012715.5
"(np.float64(1.0), 280, 380, np.float64(0.8), 15)",houghCircleAlt,0.58125,67001111.33,66824246
"(np.float64(1.0), 280, 380, np.float64(0.8500000000000001), 10)",houghCircleAlt,0.58125,69217718.68,68947357.5
"(np.float64(1.0), 280, 390, np.float64(0.8), 15)",houghCircleAlt,0.58125,68620227.52,68493441.5
"(np.float64(1.5), 120, 350, np.float64(0.8), 10)",houghCircleAlt,0.58125,26156814.68,26556465.5
"(np.float64(1.5), 120, 360, np.float64(0.8), 10)",houghCircleAlt,0.58125,25481720.08,25845672.5
"(np.float64(1.5), 120, 370, np.float64(0.8), 10)",houghCircleAlt,0.58125,24094217.18,24753769.5
"(np.float64(1.5), 130, 390, np.float64(0.75), 15)",houghCircleAlt,0.58125,23800905.45,24061296
"(np.float64(1.5), 170, 360, np.float64(0.8), 5)",houghCircleAlt,0.58125,28828722.21,29291367
"(np.float64(1.5), 170, 390, np.float64(0.8), 5)",houghCircleAlt,0.58125,28433848.82,28869194.5
"(np.float64(1.5), 180, 350, np.float64(0.8), 5)",houghCircleAlt,0.58125,28278587.03,29033958
"(np.float64(1.5), 180, 370, np.float64(0.8), 5)",houghCircleAlt,0.58125,27845577.8,28172002
"(np.float64(1.5), 180, 380, np.float64(0.8), 5)",houghCircleAlt,0.58125,29092779.1,29464753
"(np.float64(1.5), 190, 340, np.float64(0.8), 5)",houghCircleAlt,0.58125,30338343.08,31186738
"(np.float64(1.5), 210, 330, np.float64(0.7), 15)",houghCircleAlt,0.58125,29630407.63,30239419
"(np.float64(1.5), 210, 370, np.float64(0.75), 10)",houghCircleAlt,0.58125,27129020.15,27831128
"(np.float64(1.5), 210, 380, np.float64(0.75), 10)",houghCircleAlt,0.58125,28239661.4,28855765
"(np.float64(1.5), 220, 300, np.float64(0.75), 10)",houghCircleAlt,0.58125,30476710.54,31461919.5
"(np.float64(1.5), 220, 320, np.float64(0.7), 15)",houghCircleAlt,0.58125,28584381.78,28895713.5
"(np.float64(1.5), 220, 330, np.float64(0.75), 10)",houghCircleAlt,0.58125,30448855.63,31080303
"(np.float64(1.5), 220, 350, np.float64(0.7), 15)",houghCircleAlt,0.58125,28953414.62,29463374.5
"(np.float64(1.5), 220, 360, np.float64(0.75), 10)",houghCircleAlt,0.58125,29345313.08,29778993
"(np.float64(1.5), 220, 390, np.float64(0.7), 15)",houghCircleAlt,0.58125,26148606.59,26361375
"(np.float64(1.5), 230, 380, np.float64(0.7), 15)",houghCircleAlt,0.58125,28288133.35,28673437.5
"(np.float64(1.5), 230, 390, np.float64(0.7), 15)",houghCircleAlt,0.58125,26810539.7,27116662.5
"(np.float64(1.5), 260, 300, np.float64(0.8), 5)",houghCircleAlt,0.58125,33578621.33,34583759
"(np.float64(1.5), 280, 300, np.float64(0.8), 15)",houghCircleAlt,0.58125,32431523.34,33263324
"(np.float64(1.5), 280, 310, np.float64(0.8), 15)",houghCircleAlt,0.58125,31520703.08,32129640.5
"(np.float64(1.5), 280, 350, np.float64(0.9000000000000001), 10)",houghCircleAlt,0.58125,30159503.08,30869698
"(np.float64(1.5), 280, 360, np.float64(0.9000000000000001), 10)",houghCircleAlt,0.58125,30252371.62,30603194
"(np.float64(1.0), 110, 370, np.float64(0.8), 10)",houghCircleAlt,0.579166667,43193156.43,43531944
"(np.float64(1.0), 110, 380, np.float64(0.8), 10)",houghCircleAlt,0.579166667,43374449.57,43996013
"(np.float64(1.0), 140, 360, np.float64(0.75), 15)",houghCircleAlt,0.579166667,45037045.34,45799547
"(np.float64(1.0), 140, 390, np.float64(0.75), 15)",houghCircleAlt,0.579166667,45381835.74,45858407.5
"(np.float64(1.0), 150, 310, np.float64(0.75), 15)",houghCircleAlt,0.579166667,48474138.33,49397021
"(np.float64(1.0), 160, 350, np.float64(0.8), 5)",houghCircleAlt,0.579166667,50688393.6,51951870
"(np.float64(1.0), 210, 370, np.float64(0.75), 10)",houghCircleAlt,0.579166667,55418362.86,56063742.5
"(np.float64(1.0), 220, 330, np.float64(0.75), 10)",houghCircleAlt,0.579166667,57753203.43,58762596.5
"(np.float64(1.0), 230, 340, np.float64(0.75), 10)",houghCircleAlt,0.579166667,58695515.68,59336126.5
"(np.float64(1.0), 240, 320, np.float64(0.75), 10)",houghCircleAlt,0.579166667,61630824.92,62401588
"(np.float64(1.0), 250, 360, np.float64(0.75), 10)",houghCircleAlt,0.579166667,62304470.71,62960773
"(np.float64(1.0), 250, 390, np.float64(0.75), 10)",houghCircleAlt,0.579166667,61778281.99,62045416
"(np.float64(1.0), 280, 340, np.float64(0.8), 15)",houghCircleAlt,0.579166667,66521990.41,66826630.5
"(np.float64(1.5), 140, 330, np.float64(0.75), 15)",houghCircleAlt,0.579166667,26088855.34,26428708.5
"(np.float64(1.5), 140, 380, np.float64(0.75), 15)",houghCircleAlt,0.579166667,24283842.21,24536447
"(np.float64(1.5), 150, 300, np.float64(0.75), 15)",houghCircleAlt,0.579166667,26518090.87,27009241.5
"(np.float64(1.5), 170, 320, np.float64(0.8), 5)",houghCircleAlt,0.579166667,29275747.41,30349847.5
"(np.float64(1.5), 220, 320, np.float64(0.75), 10)",houghCircleAlt,0.579166667,30156237.86,30912062.5
"(np.float64(1.5), 220, 350, np.float64(0.75), 10)",houghCircleAlt,0.579166667,27898909.14,28359058
"(np.float64(1.5), 220, 380, np.float64(0.7), 15)",houghCircleAlt,0.579166667,28303628.92,28764542
"(np.float64(1.5), 230, 300, np.float64(0.7), 15)",houghCircleAlt,0.579166667,29640376.05,30459549
"(np.float64(1.5), 250, 370, np.float64(0.75), 10)",houghCircleAlt,0.579166667,31262497.73,31830739.5
"(np.float64(1.5), 250, 380, np.float64(0.8), 5)",houghCircleAlt,0.579166667,32366250.74,32938208.5
"(np.float64(1.5), 260, 350, np.float64(0.8), 5)",houghCircleAlt,0.579166667,32049787.47,32957725.5
"(np.float64(1.5), 280, 370, np.float64(0.9000000000000001), 10)",houghCircleAlt,0.579166667,31950833.14,32786143.5
"(np.float64(1.5), 280, 380, np.float64(0.9000000000000001), 10)",houghCircleAlt,0.579166667,30850436.4,31334214
"(np.float64(1.5), 280, 390, np.float64(0.9000000000000001), 10)",houghCircleAlt,0.579166667,31053772.29,31407200.5
"(np.float64(1.0), 110, 390, np.float64(0.8), 10)",houghCircleAlt,0.577083333,42885344.26,43293249.5
"(np.float64(1.0), 130, 310, np.float64(0.8), 10)",houghCircleAlt,0.577083333,46508648.42,47554619.5
"(np.float64(1.0), 140, 320, np.float64(0.75), 15)",houghCircleAlt,0.577083333,46359641.06,47285023.5
"(np.float64(1.0), 140, 330, np.float64(0.75), 15)",houghCircleAlt,0.577083333,45718117.03,46569847.5
"(np.float64(1.0), 150, 350, np.float64(0.75), 15)",houghCircleAlt,0.577083333,46881831.46,47385477
"(np.float64(1.0), 160, 320, np.float64(0.8), 5)",houghCircleAlt,0.577083333,51680050.79,52903104
"(np.float64(1.0), 160, 330, np.float64(0.8), 5)",houghCircleAlt,0.577083333,51288118.97,52507858
"(np.float64(1.0), 210, 340, np.float64(0.75), 10)",houghCircleAlt,0.577083333,56562757.86,57201939
"(np.float64(1.0), 220, 340, np.float64(0.75), 10)",houghCircleAlt,0.577083333,57942810.54,58419621.5
"(np.float64(1.0), 240, 300, np.float64(0.75), 10)",houghCircleAlt,0.577083333,62203321.67,63362706
"(np.float64(1.0), 240, 350, np.float64(0.75), 10)",houghCircleAlt,0.577083333,59812541.6,60478891.5
"(np.float64(1.0), 250, 370, np.float64(0.75), 10)",houghCircleAlt,0.577083333,65315761.96,65557449.5
"(np.float64(1.0), 260, 310, np.float64(0.8), 5)",houghCircleAlt,0.577083333,66380252.81,67016030.5
"(np.float64(1.0), 280, 370, np.float64(0.8), 15)",houghCircleAlt,0.577083333,67000070.94,67001903
"(np.float64(1.0), 280, 390, np.float64(0.8500000000000001), 10)",houghCircleAlt,0.577083333,68005937.13,67887970.5
"(np.float64(1.5), 150, 320, np.float64(0.75), 15)",houghCircleAlt,0.577083333,25954173.42,26649330.5
"(np.float64(1.5), 170, 370, np.float64(0.8), 5)",houghCircleAlt,0.577083333,29492987.02,30340093.5
"(np.float64(1.5), 170, 380, np.float64(0.8), 5)",houghCircleAlt,0.577083333,27505147.7,28116534.5
"(np.float64(1.5), 180, 330, np.float64(0.8), 5)",houghCircleAlt,0.577083333,29083706.09,29909957.5
"(np.float64(1.5), 180, 340, np.float64(0.8), 5)",houghCircleAlt,0.577083333,29079083.01,29665169.5
"(np.float64(1.5), 210, 380, np.float64(0.7), 15)",houghCircleAlt,0.577083333,27317841.32,27461525.5
"(np.float64(1.5), 210, 390, np.float64(0.7), 15)",houghCircleAlt,0.577083333,26723451.97,26873641.5
"(np.float64(1.5), 210, 390, np.float64(0.75), 10)",houghCircleAlt,0.577083333,29656531.79,30079364.5
"(np.float64(1.5), 220, 340, np.float64(0.75), 10)",houghCircleAlt,0.577083333,29744650.14,30483423
"(np.float64(1.5), 230, 360, np.float64(0.7), 15)",houghCircleAlt,0.577083333,28555262.88,29177348.5
"(np.float64(1.5), 250, 360, np.float64(0.75), 10)",houghCircleAlt,0.577083333,31758147.22,32481822.5
"(np.float64(1.5), 260, 360, np.float64(0.8), 5)",houghCircleAlt,0.577083333,32581560.38,33440621
"(np.float64(1.5), 280, 320, np.float64(0.8), 15)",houghCircleAlt,0.577083333,32109149.27,32863645.5
"(np.float64(1.5), 280, 330, np.float64(0.8), 15)",houghCircleAlt,0.577083333,30823366.52,31697806
"(np.float64(1.5), 280, 370, np.float64(0.8), 15)",houghCircleAlt,0.577083333,31415926.28,31559117
"(np.float64(1.5), 280, 380, np.float64(0.8), 15)",houghCircleAlt,0.577083333,30510948.58,31052360.5
"(np.float64(1.0), 110, 340, np.float64(0.8), 10)",houghCircleAlt,0.575,43967338.17,45170418.5
"(np.float64(1.0), 120, 330, np.float64(0.8), 10)",houghCircleAlt,0.575,46714035.91,47467125
"(np.float64(1.0), 130, 300, np.float64(0.8), 10)",houghCircleAlt,0.575,46206099.77,47519181.5
"(np.float64(1.0), 140, 300, np.float64(0.75), 15)",houghCircleAlt,0.575,46607818.64,47602995.5
"(np.float64(1.0), 140, 340, np.float64(0.75), 15)",houghCircleAlt,0.575,45623374.75,46342109.5
"(np.float64(1.0), 210, 330, np.float64(0.75), 10)",houghCircleAlt,0.575,55890900.07,56855724
"(np.float64(1.0), 220, 310, np.float64(0.75), 10)",houghCircleAlt,0.575,61599122.34,62867546.5
"(np.float64(1.0), 220, 390, np.float64(0.7), 15)",houghCircleAlt,0.575,56028597.78,56291180
"(np.float64(1.0), 240, 330, np.float64(0.75), 10)",houghCircleAlt,0.575,60382296.9,61230145.5
"(np.float64(1.0), 250, 380, np.float64(0.75), 10)",houghCircleAlt,0.575,62603826.46,62703159
"(np.float64(1.5), 110, 340, np.float64(0.8), 10)",houghCircleAlt,0.575,25450288.28,26099624
"(np.float64(1.5), 110, 350, np.float64(0.8), 10)",houghCircleAlt,0.575,26086200.31,26684135.5
"(np.float64(1.5), 140, 340, np.float64(0.75), 15)",houghCircleAlt,0.575,25317709.2,25716550.5
"(np.float64(1.5), 140, 350, np.float64(0.75), 15)",houghCircleAlt,0.575,25733707.01,26024878.5
"(np.float64(1.5), 170, 350, np.float64(0.8), 5)",houghCircleAlt,0.575,28194689.89,28889452.5
"(np.float64(1.5), 180, 300, np.float64(0.8), 5)",houghCircleAlt,0.575,31854636.28,33350531
"(np.float64(1.5), 210, 310, np.float64(0.75), 10)",houghCircleAlt,0.575,30363624.28,31221673.5
"(np.float64(1.5), 210, 340, np.float64(0.7), 15)",houghCircleAlt,0.575,26460616.15,26950445
"(np.float64(1.5), 210, 350, np.float64(0.7), 15)",houghCircleAlt,0.575,28385580.15,28662156.5
"(np.float64(1.5), 220, 360, np.float64(0.7), 15)",houghCircleAlt,0.575,27828398.86,28357677
"(np.float64(1.5), 240, 330, np.float64(0.7), 15)",houghCircleAlt,0.575,30175794.09,30503860.5
"(np.float64(1.5), 250, 310, np.float64(0.75), 10)",houghCircleAlt,0.575,31650411.46,32739305.5
"(np.float64(1.5), 250, 320, np.float64(0.75), 10)",houghCircleAlt,0.575,30918205.08,31749814
"(np.float64(1.5), 250, 330, np.float64(0.75), 10)",houghCircleAlt,0.575,31940379.62,32932577.5
"(np.float64(1.5), 250, 380, np.float64(0.75), 10)",houghCircleAlt,0.575,28566195.64,29171807.5
"(np.float64(1.5), 280, 340, np.float64(0.8), 15)",houghCircleAlt,0.575,29310986.58,29582062
"(np.float64(1.5), 280, 390, np.float64(0.8), 15)",houghCircleAlt,0.575,31085459.26,31549474
"(np.float64(1.0), 100, 360, np.float64(0.8), 10)",houghCircleAlt,0.572916667,42485897.81,43305252
"(np.float64(1.0), 140, 310, np.float64(0.75), 15)",houghCircleAlt,0.572916667,47177543.94,48086392
"(np.float64(1.0), 160, 310, np.float64(0.8), 5)",houghCircleAlt,0.572916667,52017090.36,53445341.5
"(np.float64(1.0), 160, 340, np.float64(0.8), 5)",houghCircleAlt,0.572916667,51796135,52763652.5
"(np.float64(1.0), 160, 390, np.float64(0.8), 5)",houghCircleAlt,0.572916667,50034236.25,51074172
"(np.float64(1.0), 170, 310, np.float64(0.8), 5)",houghCircleAlt,0.572916667,53240911.31,54685054
"(np.float64(1.0), 210, 320, np.float64(0.75), 10)",houghCircleAlt,0.572916667,56447648.96,57585433
"(np.float64(1.0), 210, 390, np.float64(0.7), 15)",houghCircleAlt,0.572916667,54116088.91,54576397
"(np.float64(1.0), 240, 310, np.float64(0.75), 10)",houghCircleAlt,0.572916667,64371916.7,64810066.5
"(np.float64(1.0), 240, 340, np.float64(0.75), 10)",houghCircleAlt,0.572916667,61157140.87,61863664
"(np.float64(1.0), 250, 350, np.float64(0.75), 10)",houghCircleAlt,0.572916667,65390415.22,66279362.5
"(np.float64(1.5), 110, 330, np.float64(0.8), 10)",houghCircleAlt,0.572916667,26261440.73,26903326.5
"(np.float64(1.5), 110, 370, np.float64(0.8), 10)",houghCircleAlt,0.572916667,23784672.3,24103761.5
"(np.float64(1.5), 110, 380, np.float64(0.8), 10)",houghCircleAlt,0.572916667,24801339.13,25290285.5
"(np.float64(1.5), 110, 390, np.float64(0.8), 10)",houghCircleAlt,0.572916667,24744225.48,25067377.5
"(np.float64(1.5), 130, 330, np.float64(0.75), 15)",houghCircleAlt,0.572916667,23855730.29,24297022
"(np.float64(1.5), 150, 310, np.float64(0.75), 15)",houghCircleAlt,0.572916667,24624749.94,25580679.5
"(np.float64(1.5), 160, 390, np.float64(0.8), 5)",houghCircleAlt,0.572916667,27070537.08,27697281.5
"(np.float64(1.5), 170, 310, np.float64(0.8), 5)",houghCircleAlt,0.572916667,29128814.7,30022924.5
"(np.float64(1.5), 200, 330, np.float64(0.7), 15)",houghCircleAlt,0.572916667,27531022.37,27969398
"(np.float64(1.5), 200, 390, np.float64(0.7), 15)",houghCircleAlt,0.572916667,26911207.5,27012706.5
"(np.float64(1.5), 210, 320, np.float64(0.75), 10)",houghCircleAlt,0.572916667,28074099.09,28960887.5
"(np.float64(1.5), 210, 330, np.float64(0.75), 10)",houghCircleAlt,0.572916667,28862133.47,29627418
"(np.float64(1.5), 210, 350, np.float64(0.75), 10)",houghCircleAlt,0.572916667,28574440.69,29121381.5
"(np.float64(1.5), 210, 360, np.float64(0.75), 10)",houghCircleAlt,0.572916667,28651712.68,29480427.5
"(np.float64(1.5), 220, 300, np.float64(0.7), 15)",houghCircleAlt,0.572916667,29270242.34,30164569
"(np.float64(1.5), 230, 370, np.float64(0.7), 15)",houghCircleAlt,0.572916667,26925420.63,27496064
"(np.float64(1.5), 240, 300, np.float64(0.7), 15)",houghCircleAlt,0.572916667,31275830.36,32227149.5
"(np.float64(1.5), 240, 320, np.float64(0.7), 15)",houghCircleAlt,0.572916667,31193959.17,32023137
"(np.float64(1.5), 250, 300, np.float64(0.75), 10)",houghCircleAlt,0.572916667,31578875.94,32400605.5
"(np.float64(1.5), 250, 340, np.float64(0.75), 10)",houghCircleAlt,0.572916667,30697726.98,31354733
"(np.float64(1.5), 250, 350, np.float64(0.75), 10)",houghCircleAlt,0.572916667,29031233.33,29585249
"(np.float64(1.5), 250, 390, np.float64(0.75), 10)",houghCircleAlt,0.572916667,31243005.64,31870270
"(np.float64(1.5), 260, 320, np.float64(0.8), 5)",houghCircleAlt,0.572916667,32364120.17,33652678.5
"(np.float64(1.5), 260, 370, np.float64(0.8), 5)",houghCircleAlt,0.572916667,31582612.86,32310802
"(np.float64(1.0), 100, 350, np.float64(0.8), 10)",houghCircleAlt,0.570833333,42546570.48,43247434
"(np.float64(1.0), 110, 330, np.float64(0.8), 10)",houghCircleAlt,0.570833333,43874563.94,44564845.5
"(np.float64(1.0), 120, 320, np.float64(0.8), 10)",houghCircleAlt,0.570833333,44891531.55,46027123.5
"(np.float64(1.0), 130, 320, np.float64(0.75), 15)",houghCircleAlt,0.570833333,44898964.62,45844541
"(np.float64(1.0), 140, 350, np.float64(0.75), 15)",houghCircleAlt,0.570833333,44639329.99,45411804.5
"(np.float64(1.0), 160, 360, np.float64(0.8), 5)",houghCircleAlt,0.570833333,51029679.71,51627635.5
"(np.float64(1.0), 220, 300, np.float64(0.75), 10)",houghCircleAlt,0.570833333,58643633.64,59693617.5
"(np.float64(1.0), 230, 390, np.float64(0.7), 15)",houghCircleAlt,0.570833333,57599275.9,57992987
"(np.float64(1.5), 100, 310, np.float64(0.8), 10)",houghCircleAlt,0.570833333,27078088.43,27874063.5
"(np.float64(1.5), 110, 360, np.float64(0.8), 10)",houghCircleAlt,0.570833333,26335745.23,26593115
"(np.float64(1.5), 170, 330, np.float64(0.8), 5)",houghCircleAlt,0.570833333,28834351.51,29813281
"(np.float64(1.5), 200, 380, np.float64(0.7), 15)",houghCircleAlt,0.570833333,28420971.58,28826793.5
"(np.float64(1.5), 210, 300, np.float64(0.75), 10)",houghCircleAlt,0.570833333,30786741.91,31753852
"(np.float64(1.5), 210, 340, np.float64(0.75), 10)",houghCircleAlt,0.570833333,28898824.65,29685751
"(np.float64(1.5), 240, 340, np.float64(0.7), 15)",houghCircleAlt,0.570833333,29378698.23,29909421.5
"(np.float64(1.5), 240, 350, np.float64(0.7), 15)",houghCircleAlt,0.570833333,30447864.03,30553347
"(np.float64(1.5), 260, 310, np.float64(0.8), 5)",houghCircleAlt,0.570833333,33503084.77,34605287
"(np.float64(1.5), 260, 330, np.float64(0.8), 5)",houghCircleAlt,0.570833333,33409741.21,34256762
"(np.float64(1.5), 260, 340, np.float64(0.8), 5)",houghCircleAlt,0.570833333,31987052.45,32823669.5
"(np.float64(1.0), 130, 330, np.float64(0.75), 15)",houghCircleAlt,0.56875,44723656.81,45556831.5
"(np.float64(1.0), 130, 370, np.float64(0.75), 15)",houghCircleAlt,0.56875,44863646.56,45293749
"(np.float64(1.0), 130, 380, np.float64(0.75), 15)",houghCircleAlt,0.56875,43514873.01,44013827.5
"(np.float64(1.0), 160, 380, np.float64(0.8), 5)",houghCircleAlt,0.56875,50726266.58,51414055
"(np.float64(1.0), 220, 370, np.float64(0.7), 15)",houghCircleAlt,0.56875,56008447.16,56455157.5
"(np.float64(1.0), 250, 320, np.float64(0.75), 10)",houghCircleAlt,0.56875,63196627.48,64006860
"(np.float64(1.0), 260, 300, np.float64(0.8), 5)",houghCircleAlt,0.56875,66182730.99,67346324.5
"(np.float64(1.0), 260, 390, np.float64(0.75), 10)",houghCircleAlt,0.56875,64265172.07,64111285.5
"(np.float64(1.5), 130, 380, np.float64(0.75), 15)",houghCircleAlt,0.56875,24481086.95,24712297
"(np.float64(1.5), 140, 300, np.float64(0.75), 15)",houghCircleAlt,0.56875,27587219.28,28517308
"(np.float64(1.5), 160, 320, np.float64(0.8), 5)",houghCircleAlt,0.56875,28351180.21,29250455.5
"(np.float64(1.5), 170, 340, np.float64(0.8), 5)",houghCircleAlt,0.56875,27854150.56,28418147.5
"(np.float64(1.5), 210, 320, np.float64(0.7), 15)",houghCircleAlt,0.56875,28361503.13,28974718.5
"(np.float64(1.5), 210, 360, np.float64(0.7), 15)",houghCircleAlt,0.56875,27934158.9,28366597
"(np.float64(1.5), 220, 370, np.float64(0.7), 15)",houghCircleAlt,0.56875,26425177.76,26649024.5
"(np.float64(1.5), 230, 310, np.float64(0.7), 15)",houghCircleAlt,0.56875,30852160.95,31669154.5
"(np.float64(1.5), 260, 380, np.float64(0.8), 5)",houghCircleAlt,0.56875,32369760.78,33069242
"(np.float64(1.5), 260, 390, np.float64(0.8), 5)",houghCircleAlt,0.56875,31098947.85,31353765
"(np.float64(1.0), 110, 320, np.float64(0.8), 10)",houghCircleAlt,0.566666667,44356424.92,45493077.5
"(np.float64(1.0), 120, 310, np.float64(0.8), 10)",houghCircleAlt,0.566666667,45509678.68,46573247.5
"(np.float64(1.0), 130, 310, np.float64(0.75), 15)",houghCircleAlt,0.566666667,45473252.47,46394357.5
"(np.float64(1.0), 160, 370, np.float64(0.8), 5)",houghCircleAlt,0.566666667,50215821.11,51190786
"(np.float64(1.5), 100, 320, np.float64(0.8), 10)",houghCircleAlt,0.566666667,24366059.5,25199702
"(np.float64(1.5), 130, 340, np.float64(0.75), 15)",houghCircleAlt,0.566666667,25144386.38,25650698
"(np.float64(1.5), 140, 360, np.float64(0.75), 15)",houghCircleAlt,0.566666667,25930214.21,26101073
"(np.float64(1.5), 140, 370, np.float64(0.75), 15)",houghCircleAlt,0.566666667,25257017.48,25416953
"(np.float64(1.5), 160, 360, np.float64(0.8), 5)",houghCircleAlt,0.566666667,27576345.72,28274499
"(np.float64(1.5), 200, 340, np.float64(0.7), 15)",houghCircleAlt,0.566666667,28787162.15,29202174
"(np.float64(1.5), 200, 350, np.float64(0.7), 15)",houghCircleAlt,0.566666667,27324098.91,27648109.5
"(np.float64(1.5), 200, 370, np.float64(0.75), 10)",houghCircleAlt,0.566666667,27622718.41,28061669
"(np.float64(1.5), 210, 300, np.float64(0.7), 15)",houghCircleAlt,0.566666667,29509784.49,30182739
"(np.float64(1.0), 130, 300, np.float64(0.75), 15)",houghCircleAlt,0.564583333,45575316.78,46539856
"(np.float64(1.0), 200, 390, np.float64(0.75), 10)",houghCircleAlt,0.564583333,52995364.69,53679410
"(np.float64(1.0), 210, 310, np.float64(0.75), 10)",houghCircleAlt,0.564583333,56499406.27,57709069.5
"(np.float64(1.0), 210, 370, np.float64(0.7), 15)",houghCircleAlt,0.564583333,54673603.89,55004216
"(np.float64(1.0), 220, 380, np.float64(0.7), 15)",houghCircleAlt,0.564583333,55989729.87,56457292
"(np.float64(1.0), 230, 370, np.float64(0.7), 15)",houghCircleAlt,0.564583333,57161940.77,57778355
"(np.float64(1.0), 250, 300, np.float64(0.75), 10)",houghCircleAlt,0.564583333,63354470.53,64144884
"(np.float64(1.0), 250, 340, np.float64(0.75), 10)",houghCircleAlt,0.564583333,62934174.71,63405231
"(np.float64(1.0), 270, 350, np.float64(0.8), 5)",houghCircleAlt,0.564583333,67665718.98,67753238.5
"(np.float64(1.5), 100, 390, np.float64(0.8), 10)",houghCircleAlt,0.564583333,25413534.49,25669618
"(np.float64(1.5), 120, 390, np.float64(0.75), 15)",houghCircleAlt,0.564583333,22468425.42,22881481
"(np.float64(1.5), 160, 310, np.float64(0.8), 5)",houghCircleAlt,0.564583333,28215042.06,28894418
"(np.float64(1.5), 160, 330, np.float64(0.8), 5)",houghCircleAlt,0.564583333,29006364.79,29647985.5
"(np.float64(1.5), 210, 370, np.float64(0.7), 15)",houghCircleAlt,0.564583333,27229189.11,27469449
"(np.float64(1.5), 220, 310, np.float64(0.7), 15)",houghCircleAlt,0.564583333,29770611.95,30151280.5
"(np.float64(1.5), 250, 330, np.float64(0.7), 15)",houghCircleAlt,0.564583333,30180141.85,30894642
"(np.float64(1.5), 280, 320, np.float64(0.8500000000000001), 10)",houghCircleAlt,0.564583333,31043819.02,31685108.5
"(np.float64(1.0), 100, 390, np.float64(0.8), 10)",houghCircleAlt,0.5625,41694542.93,42266949
"(np.float64(1.0), 120, 300, np.float64(0.8), 10)",houghCircleAlt,0.5625,45702542.15,46902961.5
"(np.float64(1.0), 130, 390, np.float64(0.75), 15)",houghCircleAlt,0.5625,44541537.14,45038747.5
"(np.float64(1.0), 160, 300, np.float64(0.8), 5)",houghCircleAlt,0.5625,52497465.92,54162682
"(np.float64(1.0), 170, 300, np.float64(0.8), 5)",houghCircleAlt,0.5625,54237562.69,55548131.5
"(np.float64(1.0), 210, 380, np.float64(0.7), 15)",houghCircleAlt,0.5625,54209400.93,54586737.5
"(np.float64(1.0), 230, 380, np.float64(0.7), 15)",houghCircleAlt,0.5625,57157387.48,57611010.5
"(np.float64(1.0), 250, 330, np.float64(0.75), 10)",houghCircleAlt,0.5625,62013333.22,62870212
"(np.float64(1.0), 260, 360, np.float64(0.75), 10)",houghCircleAlt,0.5625,62866201.97,63440171.5
"(np.float64(1.0), 270, 340, np.float64(0.8), 5)",houghCircleAlt,0.5625,66716776.02,67333454.5
"(np.float64(1.5), 100, 350, np.float64(0.8), 10)",houghCircleAlt,0.5625,24969993.06,25292797
"(np.float64(1.5), 140, 310, np.float64(0.75), 15)",houghCircleAlt,0.5625,24626020.12,25271831
"(np.float64(1.5), 140, 320, np.float64(0.75), 15)",houghCircleAlt,0.5625,24318256.34,24987258
"(np.float64(1.5), 160, 340, np.float64(0.8), 5)",houghCircleAlt,0.5625,29002341.83,29536121.5
"(np.float64(1.5), 160, 370, np.float64(0.8), 5)",houghCircleAlt,0.5625,27443578.42,28058549
"(np.float64(1.5), 160, 380, np.float64(0.8), 5)",houghCircleAlt,0.5625,27575528.06,28054350.5
"(np.float64(1.5), 170, 300, np.float64(0.8), 5)",houghCircleAlt,0.5625,28558454.56,29539372
"(np.float64(1.5), 190, 390, np.float64(0.7), 15)",houghCircleAlt,0.5625,26052238.56,26216749.5
"(np.float64(1.5), 200, 320, np.float64(0.7), 15)",houghCircleAlt,0.5625,27410081.4,27922228
"(np.float64(1.5), 200, 380, np.float64(0.75), 10)",houghCircleAlt,0.5625,29510827.66,30004644.5
"(np.float64(1.5), 240, 390, np.float64(0.7), 15)",houghCircleAlt,0.5625,29242467.51,29625668.5
"(np.float64(1.5), 250, 300, np.float64(0.7), 15)",houghCircleAlt,0.5625,30542209.88,31162482
"(np.float64(1.5), 250, 320, np.float64(0.7), 15)",houghCircleAlt,0.5625,31265693.46,31787379.5
"(np.float64(1.5), 280, 300, np.float64(0.8500000000000001), 10)",houghCircleAlt,0.5625,31654067.4,32314608
"(np.float64(1.0), 100, 340, np.float64(0.8), 10)",houghCircleAlt,0.560416667,42894863.31,43735264.5
"(np.float64(1.0), 100, 380, np.float64(0.8), 10)",houghCircleAlt,0.560416667,42273490.77,43055357.5
"(np.float64(1.0), 110, 310, np.float64(0.8), 10)",houghCircleAlt,0.560416667,44470052.46,45469923.5
"(np.float64(1.0), 130, 340, np.float64(0.75), 15)",houghCircleAlt,0.560416667,44036508.89,44612329
"(np.float64(1.0), 150, 350, np.float64(0.8), 5)",houghCircleAlt,0.560416667,49241979.46,50434533.5
"(np.float64(1.0), 150, 390, np.float64(0.8), 5)",houghCircleAlt,0.560416667,48097300.68,48762456
"(np.float64(1.0), 220, 350, np.float64(0.7), 15)",houghCircleAlt,0.560416667,55565382.75,56328159
"(np.float64(1.0), 230, 350, np.float64(0.7), 15)",houghCircleAlt,0.560416667,57880192.59,58298000.5
"(np.float64(1.0), 240, 390, np.float64(0.7), 15)",houghCircleAlt,0.560416667,59141768.73,59433074.5
"(np.float64(1.0), 260, 370, np.float64(0.75), 10)",houghCircleAlt,0.560416667,63334783.84,63639040.5
"(np.float64(1.0), 260, 380, np.float64(0.75), 10)",houghCircleAlt,0.560416667,62442143.83,62829450.5
"(np.float64(1.5), 100, 300, np.float64(0.8), 10)",houghCircleAlt,0.560416667,25678607.86,26233937
"(np.float64(1.5), 100, 370, np.float64(0.8), 10)",houghCircleAlt,0.560416667,23465216.3,23721513
"(np.float64(1.5), 100, 380, np.float64(0.8), 10)",houghCircleAlt,0.560416667,24384382.39,24884355
"(np.float64(1.5), 130, 300, np.float64(0.75), 15)",houghCircleAlt,0.560416667,25278940.5,26151886
"(np.float64(1.5), 130, 350, np.float64(0.75), 15)",houghCircleAlt,0.560416667,25640821.86,25880857
"(np.float64(1.5), 150, 390, np.float64(0.8), 5)",houghCircleAlt,0.560416667,25479141.56,26110715.5
"(np.float64(1.5), 160, 350, np.float64(0.8), 5)",houghCircleAlt,0.560416667,29458440.05,30326500
"(np.float64(1.5), 200, 370, np.float64(0.7), 15)",houghCircleAlt,0.560416667,27011881.81,27402186.5
"(np.float64(1.5), 210, 310, np.float64(0.7), 15)",houghCircleAlt,0.560416667,28391460.54,28998641
"(np.float64(1.5), 240, 380, np.float64(0.7), 15)",houghCircleAlt,0.560416667,28901170.08,29290178.5
"(np.float64(1.5), 250, 350, np.float64(0.7), 15)",houghCircleAlt,0.560416667,29812963.43,30342974
"(np.float64(1.5), 260, 300, np.float64(0.7), 15)",houghCircleAlt,0.560416667,32044726.04,32823744
"(np.float64(1.0), 100, 370, np.float64(0.8), 10)",houghCircleAlt,0.558333333,42199305.38,42998938
"(np.float64(1.0), 200, 350, np.float64(0.75), 10)",houghCircleAlt,0.558333333,55535040.51,56164433
"(np.float64(1.0), 200, 360, np.float64(0.75), 10)",houghCircleAlt,0.558333333,54332426.16,55087176
"(np.float64(1.0), 210, 300, np.float64(0.75), 10)",houghCircleAlt,0.558333333,57568495.09,58475372.5
"(np.float64(1.0), 220, 320, np.float64(0.7), 15)",houghCircleAlt,0.558333333,57178451.9,57615830
"(np.float64(1.0), 250, 310, np.float64(0.75), 10)",houghCircleAlt,0.558333333,62902751.79,63942108.5
"(np.float64(1.0), 260, 350, np.float64(0.75), 10)",houghCircleAlt,0.558333333,63722427.85,64070184
"(np.float64(1.0), 270, 330, np.float64(0.8), 5)",houghCircleAlt,0.558333333,68168675.58,68198473.5
"(np.float64(1.5), 100, 340, np.float64(0.8), 10)",houghCircleAlt,0.558333333,25544926.98,26137464
"(np.float64(1.5), 140, 390, np.float64(0.8), 5)",houghCircleAlt,0.558333333,26931888.79,27409081
"(np.float64(1.5), 150, 320, np.float64(0.8), 5)",houghCircleAlt,0.558333333,28747052.59,29405926.5
"(np.float64(1.5), 200, 320, np.float64(0.75), 10)",houghCircleAlt,0.558333333,29437273.3,29818882
"(np.float64(1.5), 200, 360, np.float64(0.7), 15)",houghCircleAlt,0.558333333,25846345.24,26160765.5
"(np.float64(1.5), 200, 390, np.float64(0.75), 10)",houghCircleAlt,0.558333333,27797611.71,27971846
"(np.float64(1.5), 240, 310, np.float64(0.7), 15)",houghCircleAlt,0.558333333,30227518.86,30841256
"(np.float64(1.5), 240, 360, np.float64(0.7), 15)",houghCircleAlt,0.558333333,28929310.58,29236069
"(np.float64(1.5), 250, 340, np.float64(0.7), 15)",houghCircleAlt,0.558333333,29784302.23,30068656
"(np.float64(1.5), 250, 390, np.float64(0.7), 15)",houghCircleAlt,0.558333333,28757092.06,29028674
"(np.float64(1.5), 260, 310, np.float64(0.75), 10)",houghCircleAlt,0.558333333,33069360.82,33885048.5
"(np.float64(1.5), 260, 320, np.float64(0.75), 10)",houghCircleAlt,0.558333333,32698259.2,33527945
"(np.float64(1.5), 260, 370, np.float64(0.75), 10)",houghCircleAlt,0.558333333,30413029.47,30973247.5
"(np.float64(1.5), 280, 310, np.float64(0.8500000000000001), 10)",houghCircleAlt,0.558333333,32180516.04,32942376
"(np.float64(1.5), 280, 330, np.float64(0.8500000000000001), 10)",houghCircleAlt,0.558333333,31713739.66,32431547
"(np.float64(1.5), 280, 340, np.float64(0.9000000000000001), 5)",houghCircleAlt,0.558333333,33761978.24,34637697
"(np.float64(1.5), 280, 350, np.float64(0.9000000000000001), 5)",houghCircleAlt,0.558333333,32818278.52,33797280
"(np.float64(1.5), 280, 360, np.float64(0.9000000000000001), 5)",houghCircleAlt,0.558333333,32202242.03,33138232
"(np.float64(1.5), 280, 380, np.float64(0.9000000000000001), 5)",houghCircleAlt,0.558333333,31546991.08,32351737.5
"(np.float64(1.0), 130, 360, np.float64(0.75), 15)",houghCircleAlt,0.55625,44233017.22,44735170.5
"(np.float64(1.0), 150, 340, np.float64(0.8), 5)",houghCircleAlt,0.55625,49677612.68,50771600.5
"(np.float64(1.0), 210, 350, np.float64(0.7), 15)",houghCircleAlt,0.55625,55269092.27,55838290.5
"(np.float64(1.0), 230, 340, np.float64(0.7), 15)",houghCircleAlt,0.55625,58252010.3,58578685.5
"(np.float64(1.0), 250, 390, np.float64(0.7), 15)",houghCircleAlt,0.55625,60842294.39,60839723
"(np.float64(1.0), 270, 320, np.float64(0.8), 5)",houghCircleAlt,0.55625,70250082.58,70789279
"(np.float64(1.0), 270, 360, np.float64(0.8), 5)",houghCircleAlt,0.55625,66066811.39,66987616.5
"(np.float64(1.5), 100, 330, np.float64(0.8), 10)",houghCircleAlt,0.55625,25349938.28,25906347
"(np.float64(1.5), 100, 360, np.float64(0.8), 10)",houghCircleAlt,0.55625,24735831.19,24986596
"(np.float64(1.5), 130, 390, np.float64(0.8), 5)",houghCircleAlt,0.55625,27574619.82,28410875
"(np.float64(1.5), 150, 330, np.float64(0.8), 5)",houghCircleAlt,0.55625,29586685.77,30373527.5
"(np.float64(1.5), 150, 360, np.float64(0.8), 5)",houghCircleAlt,0.55625,27200728.74,27885044
"(np.float64(1.5), 190, 380, np.float64(0.7), 15)",houghCircleAlt,0.55625,26627441.3,26925634.5
"(np.float64(1.5), 200, 300, np.float64(0.7), 15)",houghCircleAlt,0.55625,29239312.43,29809583.5
"(np.float64(1.5), 200, 310, np.float64(0.75), 10)",houghCircleAlt,0.55625,29234115.75,30041957.5
"(np.float64(1.5), 200, 330, np.float64(0.75), 10)",houghCircleAlt,0.55625,29400240.81,30248707.5
"(np.float64(1.5), 200, 360, np.float64(0.75), 10)",houghCircleAlt,0.55625,29639037.83,30392507.5
"(np.float64(1.5), 260, 360, np.float64(0.75), 10)",houghCircleAlt,0.55625,31939146.13,32798751.5
"(np.float64(1.5), 280, 370, np.float64(0.9000000000000001), 5)",houghCircleAlt,0.55625,31079054.15,31565090.5
"(np.float64(1.5), 280, 390, np.float64(0.9000000000000001), 5)",houghCircleAlt,0.55625,32734269.17,33063499.5
"(np.float64(1.0), 100, 330, np.float64(0.8), 10)",houghCircleAlt,0.554166667,43180079.85,44181522.5
"(np.float64(1.0), 110, 300, np.float64(0.8), 10)",houghCircleAlt,0.554166667,45039827.6,46118179.5
"(np.float64(1.0), 130, 350, np.float64(0.75), 15)",houghCircleAlt,0.554166667,44299933.15,44920803.5
"(np.float64(1.0), 140, 350, np.float64(0.8), 5)",houghCircleAlt,0.554166667,48051573.36,48995397.5
"(np.float64(1.0), 140, 390, np.float64(0.8), 5)",houghCircleAlt,0.554166667,47053042.71,47702858
"(np.float64(1.0), 150, 320, np.float64(0.8), 5)",houghCircleAlt,0.554166667,52367475.9,53771267
"(np.float64(1.0), 150, 330, np.float64(0.8), 5)",houghCircleAlt,0.554166667,50663903.99,51870216
"(np.float64(1.0), 150, 360, np.float64(0.8), 5)",houghCircleAlt,0.554166667,49055154.91,50102750
"(np.float64(1.0), 150, 380, np.float64(0.8), 5)",houghCircleAlt,0.554166667,48857071,49682061
"(np.float64(1.0), 200, 370, np.float64(0.75), 10)",houghCircleAlt,0.554166667,53480755,54368047.5
"(np.float64(1.0), 200, 380, np.float64(0.75), 10)",houghCircleAlt,0.554166667,53987288.18,54481991
"(np.float64(1.0), 200, 390, np.float64(0.7), 15)",houghCircleAlt,0.554166667,52858443.14,53224431.5
"(np.float64(1.0), 220, 340, np.float64(0.7), 15)",houghCircleAlt,0.554166667,57145137.68,57606668
"(np.float64(1.0), 220, 360, np.float64(0.7), 15)",houghCircleAlt,0.554166667,56194587.64,56404366.5
"(np.float64(1.0), 230, 320, np.float64(0.7), 15)",houghCircleAlt,0.554166667,58269387.26,58927751
"(np.float64(1.0), 230, 360, np.float64(0.7), 15)",houghCircleAlt,0.554166667,57645720.1,58063099.5
"(np.float64(1.0), 260, 320, np.float64(0.75), 10)",houghCircleAlt,0.554166667,64663559.46,64950980.5
"(np.float64(1.0), 270, 370, np.float64(0.8), 5)",houghCircleAlt,0.554166667,66394751.65,66412688
"(np.float64(1.0), 270, 390, np.float64(0.8), 5)",houghCircleAlt,0.554166667,66239108.04,66185171
"(np.float64(1.5), 120, 330, np.float64(0.75), 15)",houghCircleAlt,0.554166667,24576345.87,25260179.5
"(np.float64(1.5), 120, 380, np.float64(0.75), 15)",houghCircleAlt,0.554166667,24809814.23,25010781.5
"(np.float64(1.5), 130, 310, np.float64(0.75), 15)",houghCircleAlt,0.554166667,24139762.64,24266769
"(np.float64(1.5), 130, 320, np.float64(0.75), 15)",houghCircleAlt,0.554166667,27024510.9,28195896
"(np.float64(1.5), 130, 370, np.float64(0.75), 15)",houghCircleAlt,0.554166667,24414302.95,24737817.5
"(np.float64(1.5), 150, 380, np.float64(0.8), 5)",houghCircleAlt,0.554166667,28482753.44,28955792.5
"(np.float64(1.5), 200, 350, np.float64(0.75), 10)",houghCircleAlt,0.554166667,29942668.29,30489930
"(np.float64(1.5), 250, 380, np.float64(0.7), 15)",houghCircleAlt,0.554166667,30161914.01,30747905.5
"(np.float64(1.5), 260, 300, np.float64(0.75), 10)",houghCircleAlt,0.554166667,32986465.93,33766547.5
"(np.float64(1.5), 260, 320, np.float64(0.7), 15)",houghCircleAlt,0.554166667,31304416.89,32064890.5
"(np.float64(1.5), 260, 330, np.float64(0.75), 10)",houghCircleAlt,0.554166667,31146506.69,31799020
"(np.float64(1.5), 260, 380, np.float64(0.7), 15)",houghCircleAlt,0.554166667,31268962.83,31857661
"(np.float64(1.5), 260, 380, np.float64(0.75), 10)",houghCircleAlt,0.554166667,29179377.32,29624086
"(np.float64(1.5), 260, 390, np.float64(0.7), 15)",houghCircleAlt,0.554166667,30189631.64,30652583
"(np.float64(1.5), 280, 300, np.float64(0.9000000000000001), 5)",houghCircleAlt,0.554166667,33878313.92,34975715
"(np.float64(1.5), 280, 310, np.float64(0.9000000000000001), 5)",houghCircleAlt,0.554166667,33848166.97,34966704.5
"(np.float64(1.5), 280, 320, np.float64(0.9000000000000001), 5)",houghCircleAlt,0.554166667,31726543.5,32537397
"(np.float64(1.5), 280, 340, np.float64(0.8500000000000001), 10)",houghCircleAlt,0.554166667,32638036.97,33300814
"(np.float64(1.5), 280, 350, np.float64(0.8500000000000001), 10)",houghCircleAlt,0.554166667,32775110.93,33547450.5
"(np.float64(1.0), 120, 320, np.float64(0.75), 15)",houghCircleAlt,0.552083333,43952214.61,44849035
"(np.float64(1.0), 120, 380, np.float64(0.75), 15)",houghCircleAlt,0.552083333,42983725.36,43325887.5
"(np.float64(1.0), 150, 370, np.float64(0.8), 5)",houghCircleAlt,0.552083333,48573065.08,49311084.5
"(np.float64(1.0), 200, 370, np.float64(0.7), 15)",houghCircleAlt,0.552083333,53177697.2,53636414
"(np.float64(1.0), 240, 380, np.float64(0.7), 15)",houghCircleAlt,0.552083333,58853418.61,59387569
"(np.float64(1.0), 260, 340, np.float64(0.75), 10)",houghCircleAlt,0.552083333,66376896.85,66825157
"(np.float64(1.0), 270, 380, np.float64(0.8), 5)",houghCircleAlt,0.552083333,65894414.29,66250909.5
"(np.float64(1.0), 280, 390, np.float64(0.9000000000000001), 5)",houghCircleAlt,0.552083333,68897203.86,68850886.5
"(np.float64(1.5), 110, 390, np.float64(0.75), 15)",houghCircleAlt,0.552083333,23793670.38,23713146.5
"(np.float64(1.5), 120, 340, np.float64(0.75), 15)",houghCircleAlt,0.552083333,23372130.47,23940408
"(np.float64(1.5), 130, 360, np.float64(0.75), 15)",houghCircleAlt,0.552083333,24722206.35,24854628
"(np.float64(1.5), 140, 320, np.float64(0.8), 5)",houghCircleAlt,0.552083333,27916702.99,28371891.5
"(np.float64(1.5), 140, 380, np.float64(0.8), 5)",houghCircleAlt,0.552083333,27469534.6,27986431
"(np.float64(1.5), 150, 340, np.float64(0.8), 5)",houghCircleAlt,0.552083333,26314711.73,27274830
"(np.float64(1.5), 160, 300, np.float64(0.8), 5)",houghCircleAlt,0.552083333,28795846.2,29880407.5
"(np.float64(1.5), 200, 300, np.float64(0.75), 10)",houghCircleAlt,0.552083333,30567822.17,31511907.5
"(np.float64(1.5), 200, 310, np.float64(0.7), 15)",houghCircleAlt,0.552083333,29268469.57,29806122.5
"(np.float64(1.5), 200, 340, np.float64(0.75), 10)",houghCircleAlt,0.552083333,27242050.28,27806541
"(np.float64(1.5), 240, 370, np.float64(0.7), 15)",houghCircleAlt,0.552083333,29683907.31,30281013.5
"(np.float64(1.5), 260, 330, np.float64(0.7), 15)",houghCircleAlt,0.552083333,30330439.72,30936222
"(np.float64(1.5), 260, 340, np.float64(0.75), 10)",houghCircleAlt,0.552083333,32321716.28,33253094.5
"(np.float64(1.5), 260, 350, np.float64(0.7), 15)",houghCircleAlt,0.552083333,28222609.37,28527518.5
"(np.float64(1.5), 260, 350, np.float64(0.75), 10)",houghCircleAlt,0.552083333,30707572.32,31264018
"(np.float64(1.5), 260, 390, np.float64(0.75), 10)",houghCircleAlt,0.552083333,30016517.51,30467583.5
"(np.float64(1.5), 270, 300, np.float64(0.8), 5)",houghCircleAlt,0.552083333,33792308.43,35081590.5
"(np.float64(1.5), 280, 330, np.float64(0.9000000000000001), 5)",houghCircleAlt,0.552083333,33075913.9,34318527.5
"(np.float64(1.5), 280, 360, np.float64(0.8500000000000001), 10)",houghCircleAlt,0.552083333,31602025.72,32003630
"(np.float64(1.5), 280, 380, np.float64(0.8500000000000001), 10)",houghCircleAlt,0.552083333,32115564.97,32584180.5
"(np.float64(1.5), 280, 390, np.float64(0.8500000000000001), 10)",houghCircleAlt,0.552083333,29571166.34,29806617.5
"(np.float64(1.0), 100, 320, np.float64(0.8), 10)",houghCircleAlt,0.55,44077443.45,45090061.5
"(np.float64(1.0), 120, 300, np.float64(0.75), 15)",houghCircleAlt,0.55,44096305.88,45079626.5
"(np.float64(1.0), 120, 310, np.float64(0.75), 15)",houghCircleAlt,0.55,43086129.38,43978916.5
"(np.float64(1.0), 120, 330, np.float64(0.75), 15)",houghCircleAlt,0.55,42765660.33,43410672.5
"(np.float64(1.0), 130, 350, np.float64(0.8), 5)",houghCircleAlt,0.55,46630427.36,48000385
"(np.float64(1.0), 140, 360, np.float64(0.8), 5)",houghCircleAlt,0.55,47915027.44,48710388
"(np.float64(1.0), 140, 380, np.float64(0.8), 5)",houghCircleAlt,0.55,47496352.51,48161578.5
"(np.float64(1.0), 190, 390, np.float64(0.75), 10)",houghCircleAlt,0.55,53027692.47,53543700
"(np.float64(1.0), 200, 340, np.float64(0.75), 10)",houghCircleAlt,0.55,55140120.69,55946608.5
"(np.float64(1.0), 210, 320, np.float64(0.7), 15)",houghCircleAlt,0.55,55663746.84,56430872.5
"(np.float64(1.0), 210, 360, np.float64(0.7), 15)",houghCircleAlt,0.55,54369841.07,54835819.5
"(np.float64(1.0), 220, 330, np.float64(0.7), 15)",houghCircleAlt,0.55,55812140.8,56782416
"(np.float64(1.0), 230, 350, np.float64(0.75), 5)",houghCircleAlt,0.55,63297317.29,64370651.5
"(np.float64(1.0), 240, 370, np.float64(0.7), 15)",houghCircleAlt,0.55,59470925.84,59687778
"(np.float64(1.0), 260, 300, np.float64(0.75), 10)",houghCircleAlt,0.55,65951254.4,66572823.5
"(np.float64(1.0), 260, 330, np.float64(0.75), 10)",houghCircleAlt,0.55,63129434.88,63686609
"(np.float64(1.0), 260, 390, np.float64(0.7), 15)",houghCircleAlt,0.55,63118801.54,62600486.5
"(np.float64(1.0), 280, 300, np.float64(0.9000000000000001), 5)",houghCircleAlt,0.55,70419434.86,70824915.5
"(np.float64(1.5), 130, 380, np.float64(0.8), 5)",houghCircleAlt,0.55,26538684.28,26922717
"(np.float64(1.5), 140, 330, np.float64(0.8), 5)",houghCircleAlt,0.55,27626399.6,28429374.5
"(np.float64(1.5), 140, 360, np.float64(0.8), 5)",houghCircleAlt,0.55,26740459.11,27643460.5
"(np.float64(1.5), 150, 310, np.float64(0.8), 5)",houghCircleAlt,0.55,28658381.41,29736350.5
"(np.float64(1.5), 150, 350, np.float64(0.8), 5)",houghCircleAlt,0.55,27789931.38,28316062
"(np.float64(1.5), 150, 370, np.float64(0.8), 5)",houghCircleAlt,0.55,27624758.01,28144616.5
"(np.float64(1.5), 190, 330, np.float64(0.7), 15)",houghCircleAlt,0.55,27781855.46,28102330
"(np.float64(1.5), 190, 370, np.float64(0.75), 10)",houghCircleAlt,0.55,27688484.05,28118952.5
"(np.float64(1.5), 190, 380, np.float64(0.75), 10)",houghCircleAlt,0.55,27470077.18,27690830
"(np.float64(1.5), 250, 310, np.float64(0.7), 15)",houghCircleAlt,0.55,30874865.34,31485953.5
"(np.float64(1.5), 250, 360, np.float64(0.7), 15)",houghCircleAlt,0.55,28988678.88,29303792
"(np.float64(1.5), 270, 350, np.float64(0.8), 5)",houghCircleAlt,0.55,32960741.19,33832225.5
"(np.float64(1.0), 120, 370, np.float64(0.75), 15)",houghCircleAlt,0.547916667,43672294.24,44150676.5
"(np.float64(1.0), 120, 390, np.float64(0.75), 15)",houghCircleAlt,0.547916667,43287013.42,43776356
"(np.float64(1.0), 130, 390, np.float64(0.8), 5)",houghCircleAlt,0.547916667,46125961.36,46926682
"(np.float64(1.0), 190, 360, np.float64(0.75), 10)",houghCircleAlt,0.547916667,52099421.96,52493250.5
"(np.float64(1.0), 200, 320, np.float64(0.75), 10)",houghCircleAlt,0.547916667,55691813.03,56914854.5
"(np.float64(1.0), 200, 330, np.float64(0.75), 10)",houghCircleAlt,0.547916667,56028379.11,56824871
"(np.float64(1.0), 200, 380, np.float64(0.7), 15)",houghCircleAlt,0.547916667,52863904.46,53379633
"(np.float64(1.0), 210, 340, np.float64(0.7), 15)",houghCircleAlt,0.547916667,55275044.35,55665521
"(np.float64(1.0), 230, 330, np.float64(0.7), 15)",houghCircleAlt,0.547916667,61235557.48,61952265.5
"(np.float64(1.0), 250, 380, np.float64(0.7), 15)",houghCircleAlt,0.547916667,61228073.99,60918109.5
"(np.float64(1.0), 270, 310, np.float64(0.8), 5)",houghCircleAlt,0.547916667,68743228.57,68873745
"(np.float64(1.0), 280, 340, np.float64(0.9000000000000001), 5)",houghCircleAlt,0.547916667,70500339.36,70443014.5
"(np.float64(1.0), 280, 350, np.float64(0.9000000000000001), 5)",houghCircleAlt,0.547916667,71576733.57,71815754
"(np.float64(1.0), 280, 370, np.float64(0.9000000000000001), 5)",houghCircleAlt,0.547916667,70333924.09,70335793
"(np.float64(1.0), 280, 380, np.float64(0.9000000000000001), 5)",houghCircleAlt,0.547916667,71441071.9,71351623
"(np.float64(1.5), 120, 390, np.float64(0.8), 5)",houghCircleAlt,0.547916667,25749774.06,26143567
"(np.float64(1.5), 260, 310, np.float64(0.7), 15)",houghCircleAlt,0.547916667,31756042.54,32311097.5
"(np.float64(1.5), 280, 370, np.float64(0.8500000000000001), 10)",houghCircleAlt,0.547916667,32422416.2,33016188
"(np.float64(1.0), 120, 340, np.float64(0.75), 15)",houghCircleAlt,0.545833333,43132004.66,43791870.5
"(np.float64(1.0), 140, 320, np.float64(0.8), 5)",houghCircleAlt,0.545833333,48837749.6,50182914.5
"(np.float64(1.0), 140, 340, np.float64(0.8), 5)",houghCircleAlt,0.545833333,48487255.47,49409825.5
"(np.float64(1.0), 190, 350, np.float64(0.75), 10)",houghCircleAlt,0.545833333,54052746.88,54862298.5
"(np.float64(1.0), 200, 310, np.float64(0.75), 10)",houghCircleAlt,0.545833333,56420259.81,57564839
"(np.float64(1.0), 200, 350, np.float64(0.7), 15)",houghCircleAlt,0.545833333,53611520.16,54084255
"(np.float64(1.0), 230, 340, np.float64(0.75), 5)",houghCircleAlt,0.545833333,61050378.27,62033497.5
"(np.float64(1.0), 260, 310, np.float64(0.75), 10)",houghCircleAlt,0.545833333,64176449.3,65003840.5
"(np.float64(1.0), 280, 310, np.float64(0.8), 10)",houghCircleAlt,0.545833333,69591152.5,69018111
"(np.float64(1.0), 280, 320, np.float64(0.9000000000000001), 5)",houghCircleAlt,0.545833333,69916350.46,69714457.5
"(np.float64(1.0), 280, 330, np.float64(0.9000000000000001), 5)",houghCircleAlt,0.545833333,70422401.44,70648579.5
"(np.float64(1.0), 280, 360, np.float64(0.9000000000000001), 5)",houghCircleAlt,0.545833333,69851354.83,69654549.5
"(np.float64(1.5), 110, 330, np.float64(0.75), 15)",houghCircleAlt,0.545833333,24549705.34,25009809.5
"(np.float64(1.5), 120, 350, np.float64(0.75), 15)",houghCircleAlt,0.545833333,25636833.92,26230509
"(np.float64(1.5), 140, 340, np.float64(0.8), 5)",houghCircleAlt,0.545833333,27183527.87,27885730
"(np.float64(1.5), 250, 370, np.float64(0.7), 15)",houghCircleAlt,0.545833333,29426382.93,30221958
"(np.float64(1.5), 260, 340, np.float64(0.7), 15)",houghCircleAlt,0.545833333,30212344.44,30805282.5
"(np.float64(1.5), 270, 320, np.float64(0.8), 5)",houghCircleAlt,0.545833333,32991245.89,34104407
"(np.float64(1.5), 270, 360, np.float64(0.8), 5)",houghCircleAlt,0.545833333,32752131.3,33780103
"(np.float64(1.0), 130, 340, np.float64(0.8), 5)",houghCircleAlt,0.54375,47167611.66,48219106.5
"(np.float64(1.0), 130, 360, np.float64(0.8), 5)",houghCircleAlt,0.54375,46651539.61,47548814.5
"(np.float64(1.0), 140, 330, np.float64(0.8), 5)",houghCircleAlt,0.54375,50975396.14,52677877.5
"(np.float64(1.0), 140, 370, np.float64(0.8), 5)",houghCircleAlt,0.54375,47481156.23,48386500
"(np.float64(1.0), 150, 310, np.float64(0.8), 5)",houghCircleAlt,0.54375,50459027.01,52037340
"(np.float64(1.0), 190, 370, np.float64(0.75), 10)",houghCircleAlt,0.54375,53694979.63,54377044
"(np.float64(1.0), 210, 330, np.float64(0.7), 15)",houghCircleAlt,0.54375,56021606.66,56617557.5
"(np.float64(1.0), 230, 300, np.float64(0.7), 15)",houghCircleAlt,0.54375,58961048.58,59244295.5
"(np.float64(1.0), 230, 310, np.float64(0.7), 15)",houghCircleAlt,0.54375,58905769.51,59600944
"(np.float64(1.0), 230, 330, np.float64(0.75), 5)",houghCircleAlt,0.54375,61270735.01,62646934.5
"(np.float64(1.0), 230, 360, np.float64(0.75), 5)",houghCircleAlt,0.54375,59707366.52,60620893
"(np.float64(1.0), 250, 370, np.float64(0.7), 15)",houghCircleAlt,0.54375,59853906.31,60349207
"(np.float64(1.0), 280, 310, np.float64(0.9000000000000001), 5)",houghCircleAlt,0.54375,70641899.46,70920179.5
"(np.float64(1.5), 120, 370, np.float64(0.75), 15)",houghCircleAlt,0.54375,24370200.6,24790187.5
"(np.float64(1.5), 130, 360, np.float64(0.8), 5)",houghCircleAlt,0.54375,27282076.65,27945366
"(np.float64(1.5), 140, 310, np.float64(0.8), 5)",houghCircleAlt,0.54375,27987911.31,28969994
"(np.float64(1.5), 140, 350, np.float64(0.8), 5)",houghCircleAlt,0.54375,27215969.05,28051109.5
"(np.float64(1.5), 140, 370, np.float64(0.8), 5)",houghCircleAlt,0.54375,26359197.85,26889431
"(np.float64(1.5), 190, 320, np.float64(0.7), 15)",houghCircleAlt,0.54375,27498339.51,28116663
"(np.float64(1.5), 190, 340, np.float64(0.75), 10)",houghCircleAlt,0.54375,28366589.94,29137188.5
"(np.float64(1.5), 190, 360, np.float64(0.75), 10)",houghCircleAlt,0.54375,28263524.79,28911089.5
"(np.float64(1.5), 190, 370, np.float64(0.7), 15)",houghCircleAlt,0.54375,27062610.9,27261083.5
"(np.float64(1.5), 190, 390, np.float64(0.75), 10)",houghCircleAlt,0.54375,27375058.53,27787898.5
"(np.float64(1.5), 260, 360, np.float64(0.7), 15)",houghCircleAlt,0.54375,30861697.08,31596221
"(np.float64(1.5), 270, 330, np.float64(0.8), 5)",houghCircleAlt,0.54375,34219306.64,35256587.5
"(np.float64(1.5), 270, 370, np.float64(0.8), 5)",houghCircleAlt,0.54375,31798150.6,32625233
"(np.float64(1.5), 280, 300, np.float64(0.75), 15)",houghCircleAlt,0.54375,31236205.34,31756307
"(np.float64(1.0), 100, 310, np.float64(0.8), 10)",houghCircleAlt,0.541666667,43714496.17,44629016.5
"(np.float64(1.0), 190, 320, np.float64(0.75), 10)",houghCircleAlt,0.541666667,53956352.82,54672958.5
"(np.float64(1.0), 190, 390, np.float64(0.7), 15)",houghCircleAlt,0.541666667,51464389.82,51945362.5
"(np.float64(1.0), 220, 310, np.float64(0.7), 15)",houghCircleAlt,0.541666667,56980426.08,57812203
"(np.float64(1.0), 230, 380, np.float64(0.75), 5)",houghCircleAlt,0.541666667,59654501.4,60217199.5
"(np.float64(1.0), 230, 390, np.float64(0.75), 5)",houghCircleAlt,0.541666667,59128037.2,59712543
"(np.float64(1.0), 240, 350, np.float64(0.75), 5)",houghCircleAlt,0.541666667,62426390.44,62895510.5
"(np.float64(1.0), 280, 300, np.float64(0.8), 10)",houghCircleAlt,0.541666667,69653286.27,69676386.5
"(np.float64(1.5), 110, 380, np.float64(0.75), 15)",houghCircleAlt,0.541666667,23927891.45,24285316.5
"(np.float64(1.5), 120, 300, np.float64(0.75), 15)",houghCircleAlt,0.541666667,25231688.1,25963789
"(np.float64(1.5), 120, 360, np.float64(0.75), 15)",houghCircleAlt,0.541666667,24373806.13,24864006
"(np.float64(1.5), 120, 380, np.float64(0.8), 5)",houghCircleAlt,0.541666667,25990315.01,26469487.5
"(np.float64(1.5), 130, 320, np.float64(0.8), 5)",houghCircleAlt,0.541666667,27800895.78,28895964
"(np.float64(1.5), 130, 330, np.float64(0.8), 5)",houghCircleAlt,0.541666667,27884465.69,28629254.5
"(np.float64(1.5), 190, 330, np.float64(0.75), 10)",houghCircleAlt,0.541666667,29188499.59,29882130
"(np.float64(1.5), 260, 370, np.float64(0.7), 15)",houghCircleAlt,0.541666667,30458998.49,30964341
"(np.float64(1.5), 270, 310, np.float64(0.8), 5)",houghCircleAlt,0.541666667,33156680.87,34008802.5
"(np.float64(1.5), 270, 320, np.float64(0.75), 10)",houghCircleAlt,0.541666667,32011447.26,33357290
"(np.float64(1.5), 270, 390, np.float64(0.8), 5)",houghCircleAlt,0.541666667,32888994.01,33388779
"(np.float64(1.5), 280, 350, np.float64(0.75), 15)",houghCircleAlt,0.541666667,30675056.87,31321988.5
"(np.float64(1.0), 130, 320, np.float64(0.8), 5)",houghCircleAlt,0.539583333,47478846.76,48806453.5
"(np.float64(1.0), 130, 380, np.float64(0.8), 5)",houghCircleAlt,0.539583333,46017713.64,46905021.5
"(np.float64(1.0), 190, 370, np.float64(0.7), 15)",houghCircleAlt,0.539583333,51837251.09,52236809
"(np.float64(1.0), 190, 380, np.float64(0.75), 10)",houghCircleAlt,0.539583333,52646926.66,53118136.5
"(np.float64(1.0), 200, 360, np.float64(0.7), 15)",houghCircleAlt,0.539583333,52841516.29,53315417
"(np.float64(1.0), 210, 310, np.float64(0.7), 15)",houghCircleAlt,0.539583333,56660081.63,57549104.5
"(np.float64(1.0), 220, 350, np.float64(0.75), 5)",houghCircleAlt,0.539583333,59318525.9,60151060.5
"(np.float64(1.0), 230, 370, np.float64(0.75), 5)",houghCircleAlt,0.539583333,58516782.7,58955774
"(np.float64(1.0), 240, 350, np.float64(0.7), 15)",houghCircleAlt,0.539583333,59958761.15,60177636
"(np.float64(1.0), 240, 370, np.float64(0.75), 5)",houghCircleAlt,0.539583333,62312774.55,62747747.5
"(np.float64(1.0), 240, 390, np.float64(0.75), 5)",houghCircleAlt,0.539583333,61899732.41,62426399
"(np.float64(1.0), 250, 350, np.float64(0.75), 5)",houghCircleAlt,0.539583333,62941545.22,63707072
"(np.float64(1.0), 260, 380, np.float64(0.7), 15)",houghCircleAlt,0.539583333,62330919.78,62186064.5
"(np.float64(1.0), 270, 300, np.float64(0.8), 5)",houghCircleAlt,0.539583333,70886807.53,71509881.5
"(np.float64(1.5), 110, 340, np.float64(0.75), 15)",houghCircleAlt,0.539583333,24963280.28,25276267
"(np.float64(1.5), 120, 310, np.float64(0.75), 15)",houghCircleAlt,0.539583333,23865359.6,24417382.5
"(np.float64(1.5), 120, 320, np.float64(0.8), 5)",houghCircleAlt,0.539583333,27071653.6,27831538
"(np.float64(1.5), 120, 360, np.float64(0.8), 5)",houghCircleAlt,0.539583333,25846720.13,26575397
"(np.float64(1.5), 130, 370, np.float64(0.8), 5)",houghCircleAlt,0.539583333,27220775.75,27548669.5
"(np.float64(1.5), 190, 340, np.float64(0.7), 15)",houghCircleAlt,0.539583333,25883497.27,26155092.5
"(np.float64(1.5), 190, 350, np.float64(0.7), 15)",houghCircleAlt,0.539583333,27603607,27957249
"(np.float64(1.5), 190, 350, np.float64(0.75), 10)",houghCircleAlt,0.539583333,29114984.69,29534093
"(np.float64(1.5), 270, 300, np.float64(0.7), 15)",houghCircleAlt,0.539583333,30835806.72,31402592.5
"(np.float64(1.5), 270, 330, np.float64(0.75), 10)",houghCircleAlt,0.539583333,32868932.78,33968055.5
"(np.float64(1.5), 270, 340, np.float64(0.8), 5)",houghCircleAlt,0.539583333,31949847.14,32515751
"(np.float64(1.5), 270, 380, np.float64(0.8), 5)",houghCircleAlt,0.539583333,31429065.49,32064370
"(np.float64(1.5), 280, 310, np.float64(0.75), 15)",houghCircleAlt,0.539583333,32624364.99,33303572.5
"(np.float64(1.5), 280, 320, np.float64(0.75), 15)",houghCircleAlt,0.539583333,30419009.16,31013303
"(np.float64(1.5), 280, 330, np.float64(0.75), 15)",houghCircleAlt,0.539583333,29392326.9,29893337.5
"(np.float64(1.0), 100, 300, np.float64(0.8), 10)",houghCircleAlt,0.5375,43823572.67,44927391
"(np.float64(1.0), 120, 390, np.float64(0.8), 5)",houghCircleAlt,0.5375,44309993.98,45117998
"(np.float64(1.0), 130, 330, np.float64(0.8), 5)",houghCircleAlt,0.5375,47605743.46,48884064
"(np.float64(1.0), 140, 310, np.float64(0.8), 5)",houghCircleAlt,0.5375,49516778.06,50875665.5
"(np.float64(1.0), 240, 360, np.float64(0.7), 15)",houghCircleAlt,0.5375,59326528.67,59599969
"(np.float64(1.0), 240, 360, np.float64(0.75), 5)",houghCircleAlt,0.5375,62867267.35,63398579
"(np.float64(1.0), 240, 380, np.float64(0.75), 5)",houghCircleAlt,0.5375,61328243.45,61659992
"(np.float64(1.0), 270, 390, np.float64(0.75), 10)",houghCircleAlt,0.5375,66336028.95,66235746.5
"(np.float64(1.0), 280, 360, np.float64(0.8), 10)",houghCircleAlt,0.5375,69591595.93,69572471
"(np.float64(1.5), 100, 390, np.float64(0.75), 15)",houghCircleAlt,0.5375,22304373.57,22535633
"(np.float64(1.5), 110, 390, np.float64(0.8), 5)",houghCircleAlt,0.5375,24380137.11,24806118
"(np.float64(1.5), 130, 350, np.float64(0.8), 5)",houghCircleAlt,0.5375,28420525.32,28771847
"(np.float64(1.5), 150, 300, np.float64(0.8), 5)",houghCircleAlt,0.5375,29317371.8,30415241
"(np.float64(1.5), 190, 300, np.float64(0.7), 15)",houghCircleAlt,0.5375,27883019.08,28561952.5
"(np.float64(1.5), 190, 320, np.float64(0.75), 10)",houghCircleAlt,0.5375,27353865.67,28179105
"(np.float64(1.5), 230, 300, np.float64(0.75), 5)",houghCircleAlt,0.5375,31990368.43,33251336.5
"(np.float64(1.5), 270, 360, np.float64(0.75), 10)",houghCircleAlt,0.5375,32249613.7,33059338.5
"(np.float64(1.5), 270, 370, np.float64(0.75), 10)",houghCircleAlt,0.5375,31619318.4,32186631
"(np.float64(1.5), 280, 360, np.float64(0.75), 15)",houghCircleAlt,0.5375,31551298.47,32310196
"(np.float64(1.5), 280, 370, np.float64(0.75), 15)",houghCircleAlt,0.5375,30599463.82,30888308
"(np.float64(1.5), 280, 390, np.float64(0.75), 15)",houghCircleAlt,0.5375,31309451.81,31560128.5
"(np.float64(1.0), 110, 380, np.float64(0.75), 15)",houghCircleAlt,0.535416667,41934600.56,42237184
"(np.float64(1.0), 120, 320, np.float64(0.8), 5)",houghCircleAlt,0.535416667,46969126.18,48397325.5
"(np.float64(1.0), 120, 340, np.float64(0.8), 5)",houghCircleAlt,0.535416667,46407906.79,47660859
"(np.float64(1.0), 120, 350, np.float64(0.75), 15)",houghCircleAlt,0.535416667,43792592.09,44247741.5
"(np.float64(1.0), 120, 360, np.float64(0.75), 15)",houghCircleAlt,0.535416667,43220530.35,43619734.5
"(np.float64(1.0), 130, 370, np.float64(0.8), 5)",houghCircleAlt,0.535416667,45936414.38,47166241
"(np.float64(1.0), 150, 300, np.float64(0.8), 5)",houghCircleAlt,0.535416667,50990207.97,52358401.5
"(np.float64(1.0), 190, 310, np.float64(0.75), 10)",houghCircleAlt,0.535416667,55277553.58,56381669.5
"(np.float64(1.0), 200, 320, np.float64(0.7), 15)",houghCircleAlt,0.535416667,53683097.01,54313735
"(np.float64(1.0), 200, 330, np.float64(0.7), 15)",houghCircleAlt,0.535416667,54026358.43,54593274
"(np.float64(1.0), 200, 340, np.float64(0.7), 15)",houghCircleAlt,0.535416667,53160181.86,53859923.5
"(np.float64(1.0), 210, 300, np.float64(0.7), 15)",houghCircleAlt,0.535416667,55928269.8,56840941.5
"(np.float64(1.0), 240, 320, np.float64(0.7), 15)",houghCircleAlt,0.535416667,60390952.88,60960695
"(np.float64(1.0), 240, 340, np.float64(0.75), 5)",houghCircleAlt,0.535416667,62271845.19,62993147.5
"(np.float64(1.0), 250, 360, np.float64(0.75), 5)",houghCircleAlt,0.535416667,63394296.3,64094721
"(np.float64(1.0), 260, 370, np.float64(0.7), 15)",houghCircleAlt,0.535416667,63020719.99,63112004.5
"(np.float64(1.0), 280, 320, np.float64(0.8), 10)",houghCircleAlt,0.535416667,68794860.76,69007296
"(np.float64(1.0), 280, 330, np.float64(0.8), 10)",houghCircleAlt,0.535416667,68523220.99,68531092.5
"(np.float64(1.0), 280, 340, np.float64(0.8), 10)",houghCircleAlt,0.535416667,68748746.66,68468931.5
"(np.float64(1.0), 280, 390, np.float64(0.75), 15)",houghCircleAlt,0.535416667,66097400.37,66311774
"(np.float64(1.5), 120, 320, np.float64(0.75), 15)",houghCircleAlt,0.535416667,25360223.87,25673174
"(np.float64(1.5), 120, 330, np.float64(0.8), 5)",houghCircleAlt,0.535416667,26628247.8,27458729
"(np.float64(1.5), 130, 340, np.float64(0.8), 5)",houghCircleAlt,0.535416667,27503811.2,28151545
"(np.float64(1.5), 180, 370, np.float64(0.75), 10)",houghCircleAlt,0.535416667,26988863.54,27363600
"(np.float64(1.5), 230, 330, np.float64(0.75), 5)",houghCircleAlt,0.535416667,30936779.2,31635765.5
"(np.float64(1.5), 270, 310, np.float64(0.75), 10)",houghCircleAlt,0.535416667,31783826.78,32564371.5
"(np.float64(1.5), 270, 380, np.float64(0.7), 15)",houghCircleAlt,0.535416667,28406108.58,28628648.5
"(np.float64(1.5), 270, 390, np.float64(0.7), 15)",houghCircleAlt,0.535416667,29776065.65,30152117
"(np.float64(1.5), 280, 340, np.float64(0.75), 15)",houghCircleAlt,0.535416667,30370650.01,30767231.5
"(np.float64(1.5), 280, 380, np.float64(0.75), 15)",houghCircleAlt,0.535416667,31344438.98,31548076
"(np.float64(1.0), 120, 350, np.float64(0.8), 5)",houghCircleAlt,0.533333333,45349128.52,46356406
"(np.float64(1.0), 140, 300, np.float64(0.8), 5)",houghCircleAlt,0.533333333,49436208.36,50773528
"(np.float64(1.0), 180, 360, np.float64(0.75), 10)",houghCircleAlt,0.533333333,51672462.89,52496791
"(np.float64(1.0), 190, 340, np.float64(0.75), 10)",houghCircleAlt,0.533333333,53757364.03,54447029
"(np.float64(1.0), 190, 380, np.float64(0.7), 15)",houghCircleAlt,0.533333333,50440653.39,50936684.5
"(np.float64(1.0), 220, 300, np.float64(0.7), 15)",houghCircleAlt,0.533333333,57299009.15,58234996.5
"(np.float64(1.0), 220, 340, np.float64(0.75), 5)",houghCircleAlt,0.533333333,59598462.8,60160883.5
"(np.float64(1.0), 220, 360, np.float64(0.75), 5)",houghCircleAlt,0.533333333,58586832.85,59248283
"(np.float64(1.0), 230, 320, np.float64(0.75), 5)",houghCircleAlt,0.533333333,61214051.37,62170409.5
"(np.float64(1.0), 240, 330, np.float64(0.75), 5)",houghCircleAlt,0.533333333,63080876.69,63869682.5
"(np.float64(1.0), 240, 340, np.float64(0.7), 15)",houghCircleAlt,0.533333333,59672536.8,60407462
"(np.float64(1.0), 250, 320, np.float64(0.7), 15)",houghCircleAlt,0.533333333,61821073.96,62297878.5
"(np.float64(1.0), 250, 350, np.float64(0.7), 15)",houghCircleAlt,0.533333333,61682117.34,61912686.5
"(np.float64(1.0), 270, 360, np.float64(0.75), 10)",houghCircleAlt,0.533333333,65448411.37,65774240.5
"(np.float64(1.0), 280, 380, np.float64(0.8), 10)",houghCircleAlt,0.533333333,68624109.71,68578507
"(np.float64(1.5), 110, 310, np.float64(0.75), 15)",houghCircleAlt,0.533333333,24735636.21,25386987.5
"(np.float64(1.5), 110, 350, np.float64(0.75), 15)",houghCircleAlt,0.533333333,23815740.96,24179634
"(np.float64(1.5), 120, 350, np.float64(0.8), 5)",houghCircleAlt,0.533333333,26525606.46,26890819
"(np.float64(1.5), 130, 310, np.float64(0.8), 5)",houghCircleAlt,0.533333333,26324576.6,27404217
"(np.float64(1.5), 140, 300, np.float64(0.8), 5)",houghCircleAlt,0.533333333,28249352.34,29279243.5
"(np.float64(1.5), 190, 300, np.float64(0.75), 10)",houghCircleAlt,0.533333333,27889311.77,28989871
"(np.float64(1.5), 190, 310, np.float64(0.7), 15)",houghCircleAlt,0.533333333,27336532.31,27697536
"(np.float64(1.5), 190, 310, np.float64(0.75), 10)",houghCircleAlt,0.533333333,29451645.63,30068510.5
"(np.float64(1.5), 190, 360, np.float64(0.7), 15)",houghCircleAlt,0.533333333,27550307.67,27903118.5
"(np.float64(1.5), 220, 300, np.float64(0.75), 5)",houghCircleAlt,0.533333333,31554217.33,32819846
"(np.float64(1.5), 270, 330, np.float64(0.7), 15)",houghCircleAlt,0.533333333,30496644.83,31030168
"(np.float64(1.5), 270, 340, np.float64(0.75), 10)",houghCircleAlt,0.533333333,31423444,32153932.5
"(np.float64(1.5), 270, 350, np.float64(0.75), 10)",houghCircleAlt,0.533333333,29511027.03,30163107.5
"(np.float64(1.5), 270, 380, np.float64(0.75), 10)",houghCircleAlt,0.533333333,29211106.49,29585574
"(np.float64(1.0), 110, 390, np.float64(0.75), 15)",houghCircleAlt,0.53125,40534431.11,40740245.5
"(np.float64(1.0), 120, 360, np.float64(0.8), 5)",houghCircleAlt,0.53125,46964591.18,47638061
"(np.float64(1.0), 180, 370, np.float64(0.75), 10)",houghCircleAlt,0.53125,50718423.5,51730128
"(np.float64(1.0), 190, 330, np.float64(0.75), 10)",houghCircleAlt,0.53125,54649900.06,55137196.5
"(np.float64(1.0), 190, 350, np.float64(0.7), 15)",houghCircleAlt,0.53125,51303516,51942396.5
"(np.float64(1.0), 220, 380, np.float64(0.75), 5)",houghCircleAlt,0.53125,58356419.11,58844835.5
"(np.float64(1.0), 240, 330, np.float64(0.7), 15)",houghCircleAlt,0.53125,59821759.94,60242964
"(np.float64(1.0), 250, 340, np.float64(0.75), 5)",houghCircleAlt,0.53125,64337954.42,65037663
"(np.float64(1.0), 250, 360, np.float64(0.7), 15)",houghCircleAlt,0.53125,60234775.81,60407343.5
"(np.float64(1.0), 250, 370, np.float64(0.75), 5)",houghCircleAlt,0.53125,63749950.4,64320463
"(np.float64(1.0), 260, 320, np.float64(0.7), 15)",houghCircleAlt,0.53125,63656637.22,64118719.5
"(np.float64(1.0), 260, 350, np.float64(0.7), 15)",houghCircleAlt,0.53125,63619318.76,63640923
"(np.float64(1.0), 270, 350, np.float64(0.75), 10)",houghCircleAlt,0.53125,66508680.23,66816860.5
"(np.float64(1.0), 280, 350, np.float64(0.8), 10)",houghCircleAlt,0.53125,68913753.56,68791010
"(np.float64(1.0), 280, 380, np.float64(0.75), 15)",houghCircleAlt,0.53125,66469328.62,66489923
"(np.float64(1.0), 280, 390, np.float64(0.8), 10)",houghCircleAlt,0.53125,67951726.08,67862143
"(np.float64(1.5), 110, 370, np.float64(0.75), 15)",houghCircleAlt,0.53125,23516534.4,23887279
"(np.float64(1.5), 120, 310, np.float64(0.8), 5)",houghCircleAlt,0.53125,28392369.2,29316647
"(np.float64(1.5), 120, 340, np.float64(0.8), 5)",houghCircleAlt,0.53125,27194627.04,27725786
"(np.float64(1.5), 180, 360, np.float64(0.75), 10)",houghCircleAlt,0.53125,27366548.33,28129352.5
"(np.float64(1.5), 180, 390, np.float64(0.7), 15)",houghCircleAlt,0.53125,26534132.8,26433962.5
"(np.float64(1.5), 270, 300, np.float64(0.75), 10)",houghCircleAlt,0.53125,33325373.61,34628460.5
"(np.float64(1.5), 270, 320, np.float64(0.7), 15)",houghCircleAlt,0.53125,29245712.36,29628269.5
"(np.float64(1.5), 270, 390, np.float64(0.75), 10)",houghCircleAlt,0.53125,31500145.04,31763094.5
"(np.float64(1.0), 110, 320, np.float64(0.8), 5)",houghCircleAlt,0.529166667,46032073.69,47748158
"(np.float64(1.0), 110, 370, np.float64(0.75), 15)",houghCircleAlt,0.529166667,40670688.59,41233404.5
"(np.float64(1.0), 120, 330, np.float64(0.8), 5)",houghCircleAlt,0.529166667,45841841.53,47306885
"(np.float64(1.0), 120, 380, np.float64(0.8), 5)",houghCircleAlt,0.529166667,45626622.89,46119382.5
"(np.float64(1.0), 200, 300, np.float64(0.75), 10)",houghCircleAlt,0.529166667,56004088.52,57017393
"(np.float64(1.0), 220, 330, np.float64(0.75), 5)",houghCircleAlt,0.529166667,59815519.78,60682422.5
"(np.float64(1.0), 220, 390, np.float64(0.75), 5)",houghCircleAlt,0.529166667,57761004.69,58456935.5
"(np.float64(1.0), 250, 330, np.float64(0.75), 5)",houghCircleAlt,0.529166667,66952805.82,67701401.5
"(np.float64(1.0), 250, 380, np.float64(0.75), 5)",houghCircleAlt,0.529166667,63571774.64,64255746
"(np.float64(1.0), 270, 370, np.float64(0.75), 10)",houghCircleAlt,0.529166667,66130946.23,66131486
"(np.float64(1.0), 270, 380, np.float64(0.75), 10)",houghCircleAlt,0.529166667,65833945.68,66040204.5
"(np.float64(1.0), 280, 310, np.float64(0.75), 15)",houghCircleAlt,0.529166667,66998225.86,67389280
"(np.float64(1.0), 280, 330, np.float64(0.75), 15)",houghCircleAlt,0.529166667,69124194.85,69652425.5
"(np.float64(1.0), 280, 370, np.float64(0.8), 10)",houghCircleAlt,0.529166667,65781594.93,65991513
"(np.float64(1.5), 100, 330, np.float64(0.75), 15)",houghCircleAlt,0.529166667,25163286.36,25566880
"(np.float64(1.5), 100, 340, np.float64(0.75), 15)",houghCircleAlt,0.529166667,22680999.19,23189783.5
"(np.float64(1.5), 110, 360, np.float64(0.75), 15)",houghCircleAlt,0.529166667,24144620.13,24622342.5
"(np.float64(1.5), 110, 380, np.float64(0.8), 5)",houghCircleAlt,0.529166667,24586907.51,25167871.5
"(np.float64(1.5), 120, 370, np.float64(0.8), 5)",houghCircleAlt,0.529166667,27452653.16,27986248
"(np.float64(1.5), 180, 380, np.float64(0.75), 10)",houghCircleAlt,0.529166667,27637972.04,27966159
"(np.float64(1.5), 230, 310, np.float64(0.75), 5)",houghCircleAlt,0.529166667,31538585.88,32584055
"(np.float64(1.5), 270, 350, np.float64(0.7), 15)",houghCircleAlt,0.529166667,30595008.09,31260079.5
"(np.float64(1.0), 110, 320, np.float64(0.75), 15)",houghCircleAlt,0.527083333,42904120.31,43595918.5
"(np.float64(1.0), 110, 330, np.float64(0.75), 15)",houghCircleAlt,0.527083333,41710255.68,42499226.5
"(np.float64(1.0), 110, 340, np.float64(0.8), 5)",houghCircleAlt,0.527083333,45213653.93,46401427
"(np.float64(1.0), 130, 310, np.float64(0.8), 5)",houghCircleAlt,0.527083333,48051212.66,49646164
"(np.float64(1.0), 200, 310, np.float64(0.7), 15)",houghCircleAlt,0.527083333,54371463.78,55363174.5
"(np.float64(1.0), 210, 350, np.float64(0.75), 5)",houghCircleAlt,0.527083333,57328705.15,58509096
"(np.float64(1.0), 210, 380, np.float64(0.75), 5)",houghCircleAlt,0.527083333,56736393.53,57312907
"(np.float64(1.0), 220, 370, np.float64(0.75), 5)",houghCircleAlt,0.527083333,58797580.36,59553084
"(np.float64(1.0), 240, 390, np.float64(0.7), 10)",houghCircleAlt,0.527083333,59979953.39,60197573.5
"(np.float64(1.0), 250, 340, np.float64(0.7), 15)",houghCircleAlt,0.527083333,60696814.43,61107735.5
"(np.float64(1.0), 250, 390, np.float64(0.75), 5)",houghCircleAlt,0.527083333,63619368.48,64092605
"(np.float64(1.0), 260, 310, np.float64(0.7), 15)",houghCircleAlt,0.527083333,64142824.4,64241790
"(np.float64(1.0), 280, 300, np.float64(0.75), 15)",houghCircleAlt,0.527083333,66908569.37,66934893.5
"(np.float64(1.0), 280, 320, np.float64(0.75), 15)",houghCircleAlt,0.527083333,66710566.81,66685636
"(np.float64(1.0), 280, 340, np.float64(0.75), 15)",houghCircleAlt,0.527083333,66018931.17,65907626.5
"(np.float64(1.0), 280, 350, np.float64(0.75), 15)",houghCircleAlt,0.527083333,67016196.81,67006342
"(np.float64(1.0), 280, 370, np.float64(0.75), 15)",houghCircleAlt,0.527083333,68498874.42,67848167.5
"(np.float64(1.5), 100, 380, np.float64(0.75), 15)",houghCircleAlt,0.527083333,25860814.04,26223447
"(np.float64(1.5), 100, 390, np.float64(0.8), 5)",houghCircleAlt,0.527083333,25137976.34,25773963
"(np.float64(1.5), 110, 300, np.float64(0.75), 15)",houghCircleAlt,0.527083333,25255585.14,25510203
"(np.float64(1.5), 110, 360, np.float64(0.8), 5)",houghCircleAlt,0.527083333,26145616.11,26662029.5
"(np.float64(1.5), 180, 340, np.float64(0.75), 10)",houghCircleAlt,0.527083333,27720356.25,28095608.5
"(np.float64(1.5), 230, 320, np.float64(0.75), 5)",houghCircleAlt,0.527083333,31336051.14,32568104
"(np.float64(1.5), 230, 340, np.float64(0.75), 5)",houghCircleAlt,0.527083333,30702701.8,31894749.5
"(np.float64(1.5), 230, 350, np.float64(0.75), 5)",houghCircleAlt,0.527083333,31427934.38,32362063.5
"(np.float64(1.5), 270, 310, np.float64(0.7), 15)",houghCircleAlt,0.527083333,31220201.05,31809566.5
"(np.float64(1.0), 110, 340, np.float64(0.75), 15)",houghCircleAlt,0.525,42198238.33,42687353.5
"(np.float64(1.0), 110, 350, np.float64(0.8), 5)",houghCircleAlt,0.525,43638275.31,44586601.5
"(np.float64(1.0), 120, 370, np.float64(0.8), 5)",houghCircleAlt,0.525,44811409.59,45817180
"(np.float64(1.0), 180, 320, np.float64(0.75), 10)",houghCircleAlt,0.525,52777681.61,53648758
"(np.float64(1.0), 180, 350, np.float64(0.75), 10)",houghCircleAlt,0.525,50934287.9,51560580
"(np.float64(1.0), 180, 390, np.float64(0.75), 10)",houghCircleAlt,0.525,52073940.16,52731962
"(np.float64(1.0), 190, 340, np.float64(0.7), 15)",houghCircleAlt,0.525,52317865.9,53088401
"(np.float64(1.0), 190, 360, np.float64(0.7), 15)",houghCircleAlt,0.525,51883582.73,52163496.5
"(np.float64(1.0), 200, 300, np.float64(0.7), 15)",houghCircleAlt,0.525,54718283.36,55578557.5
"(np.float64(1.0), 210, 370, np.float64(0.75), 5)",houghCircleAlt,0.525,58229276.74,58897971
"(np.float64(1.0), 240, 300, np.float64(0.7), 15)",houghCircleAlt,0.525,60864431.1,61614917.5
"(np.float64(1.0), 240, 310, np.float64(0.7), 15)",houghCircleAlt,0.525,60974018.29,61325083.5
"(np.float64(1.0), 250, 310, np.float64(0.7), 15)",houghCircleAlt,0.525,62430871.16,63126152.5
"(np.float64(1.0), 250, 330, np.float64(0.7), 15)",houghCircleAlt,0.525,61985973.87,62214973
"(np.float64(1.0), 250, 390, np.float64(0.7), 10)",houghCircleAlt,0.525,60630234.51,60976484
"(np.float64(1.0), 260, 330, np.float64(0.7), 15)",houghCircleAlt,0.525,64004555.45,64381202.5
"(np.float64(1.0), 260, 350, np.float64(0.75), 5)",houghCircleAlt,0.525,66103157.03,66413415
"(np.float64(1.0), 270, 390, np.float64(0.7), 15)",houghCircleAlt,0.525,65098563.33,64958199.5
"(np.float64(1.0), 280, 390, np.float64(0.8500000000000001), 5)",houghCircleAlt,0.525,68822899.49,68776560.5
"(np.float64(1.5), 100, 350, np.float64(0.75), 15)",houghCircleAlt,0.525,24916701.4,25079382
"(np.float64(1.5), 110, 320, np.float64(0.75), 15)",houghCircleAlt,0.525,24442103.83,25071294.5
"(np.float64(1.5), 110, 320, np.float64(0.8), 5)",houghCircleAlt,0.525,27892477.61,28603863.5
"(np.float64(1.5), 110, 350, np.float64(0.8), 5)",houghCircleAlt,0.525,28113678.97,29159696
"(np.float64(1.5), 180, 330, np.float64(0.75), 10)",houghCircleAlt,0.525,27605828.36,28329052.5
"(np.float64(1.5), 180, 350, np.float64(0.75), 10)",houghCircleAlt,0.525,26354040.26,27137977.5
"(np.float64(1.5), 240, 300, np.float64(0.7), 10)",houghCircleAlt,0.525,31368933.1,32462807
"(np.float64(1.5), 240, 330, np.float64(0.75), 5)",houghCircleAlt,0.525,31699412.19,32912927
"(np.float64(1.5), 270, 370, np.float64(0.7), 15)",houghCircleAlt,0.525,30925186.45,31625616.5
"(np.float64(1.0), 110, 300, np.float64(0.75), 15)",houghCircleAlt,0.522916667,43114359.18,43944647.5
"(np.float64(1.0), 110, 310, np.float64(0.75), 15)",houghCircleAlt,0.522916667,42159232.67,43169788.5
"(np.float64(1.0), 110, 390, np.float64(0.8), 5)",houghCircleAlt,0.522916667,45313729.05,46254986.5
"(np.float64(1.0), 130, 300, np.float64(0.8), 5)",houghCircleAlt,0.522916667,48263956.44,49596224
"(np.float64(1.0), 190, 320, np.float64(0.7), 15)",houghCircleAlt,0.522916667,52813784.4,53473088
"(np.float64(1.0), 190, 330, np.float64(0.7), 15)",houghCircleAlt,0.522916667,51980551.46,52928295.5
"(np.float64(1.0), 210, 340, np.float64(0.75), 5)",houghCircleAlt,0.522916667,57574325.91,58890832
"(np.float64(1.0), 250, 300, np.float64(0.7), 15)",houghCircleAlt,0.522916667,62537031.91,62889608.5
"(np.float64(1.0), 260, 300, np.float64(0.7), 15)",houghCircleAlt,0.522916667,64203621.05,64146757
"(np.float64(1.0), 260, 340, np.float64(0.7), 15)",houghCircleAlt,0.522916667,63181248.33,63105574
"(np.float64(1.0), 260, 360, np.float64(0.7), 15)",houghCircleAlt,0.522916667,63572686.51,63269812
"(np.float64(1.0), 270, 320, np.float64(0.75), 10)",houghCircleAlt,0.522916667,67053612.32,67608331.5
"(np.float64(1.0), 280, 360, np.float64(0.75), 15)",houghCircleAlt,0.522916667,67748648.68,67482670
"(np.float64(1.5), 130, 300, np.float64(0.8), 5)",houghCircleAlt,0.522916667,28420802.92,29506284.5
"(np.float64(1.5), 180, 330, np.float64(0.7), 15)",houghCircleAlt,0.522916667,27767346.01,28078933
"(np.float64(1.5), 180, 380, np.float64(0.7), 15)",houghCircleAlt,0.522916667,26179822.45,26346657.5
"(np.float64(1.5), 220, 330, np.float64(0.75), 5)",houghCircleAlt,0.522916667,31424670.28,32166494.5
"(np.float64(1.5), 230, 360, np.float64(0.75), 5)",houghCircleAlt,0.522916667,31383464.85,31916242
"(np.float64(1.5), 240, 300, np.float64(0.75), 5)",houghCircleAlt,0.522916667,32278968.42,33461215.5
"(np.float64(1.5), 240, 310, np.float64(0.7), 10)",houghCircleAlt,0.522916667,31878620.31,32872409.5
"(np.float64(1.5), 270, 340, np.float64(0.7), 15)",houghCircleAlt,0.522916667,30556982.99,30925130
"(np.float64(1.5), 270, 360, np.float64(0.7), 15)",houghCircleAlt,0.522916667,30154704.58,30545491
"(np.float64(1.5), 280, 390, np.float64(0.8500000000000001), 5)",houghCircleAlt,0.522916667,31293101.32,31848209
"(np.float64(1.0), 100, 380, np.float64(0.75), 15)",houghCircleAlt,0.520833333,40907047.49,41499725
"(np.float64(1.0), 110, 330, np.float64(0.8), 5)",houghCircleAlt,0.520833333,44218023.44,45555843.5
"(np.float64(1.0), 110, 350, np.float64(0.75), 15)",houghCircleAlt,0.520833333,43356224.7,43808045.5
"(np.float64(1.0), 180, 380, np.float64(0.75), 10)",houghCircleAlt,0.520833333,51686356.21,52335720
"(np.float64(1.0), 190, 300, np.float64(0.75), 10)",houghCircleAlt,0.520833333,54959614.61,56216525.5
"(np.float64(1.0), 210, 330, np.float64(0.75), 5)",houghCircleAlt,0.520833333,58035230.67,59562010.5
"(np.float64(1.0), 210, 360, np.float64(0.75), 5)",houghCircleAlt,0.520833333,57664377.38,58314060
"(np.float64(1.0), 210, 390, np.float64(0.75), 5)",houghCircleAlt,0.520833333,56135276,56609747.5
"(np.float64(1.0), 220, 320, np.float64(0.75), 5)",houghCircleAlt,0.520833333,59946924.5,60566296
"(np.float64(1.0), 220, 390, np.float64(0.7), 10)",houghCircleAlt,0.520833333,55987047.44,56539491.5
"(np.float64(1.0), 230, 310, np.float64(0.75), 5)",houghCircleAlt,0.520833333,61780481.99,62920472
"(np.float64(1.0), 230, 390, np.float64(0.7), 10)",houghCircleAlt,0.520833333,57403844.75,57626034
"(np.float64(1.0), 240, 320, np.float64(0.75), 5)",houghCircleAlt,0.520833333,63159952.52,64280974.5
"(np.float64(1.0), 260, 390, np.float64(0.7), 10)",houghCircleAlt,0.520833333,63837985.41,63667234
"(np.float64(1.0), 270, 300, np.float64(0.75), 10)",houghCircleAlt,0.520833333,66903965.74,67582663.5
"(np.float64(1.0), 270, 340, np.float64(0.75), 10)",houghCircleAlt,0.520833333,66317823.8,66431675
"(np.float64(1.0), 270, 380, np.float64(0.7), 15)",houghCircleAlt,0.520833333,64510070.89,64255882.5
"(np.float64(1.5), 110, 330, np.float64(0.8), 5)",houghCircleAlt,0.520833333,26167765.52,27248499.5
"(np.float64(1.5), 120, 300, np.float64(0.8), 5)",houghCircleAlt,0.520833333,29700276.96,30823395.5
"(np.float64(1.5), 170, 370, np.float64(0.75), 10)",houghCircleAlt,0.520833333,27268793.48,27750591
"(np.float64(1.5), 180, 300, np.float64(0.75), 10)",houghCircleAlt,0.520833333,28455520.6,29095244
"(np.float64(1.5), 180, 310, np.float64(0.75), 10)",houghCircleAlt,0.520833333,28280054.86,29188754.5
"(np.float64(1.5), 180, 320, np.float64(0.75), 10)",houghCircleAlt,0.520833333,28116289.08,28881167
"(np.float64(1.5), 220, 310, np.float64(0.75), 5)",houghCircleAlt,0.520833333,32556540.65,33220663.5
"(np.float64(1.5), 220, 350, np.float64(0.75), 5)",houghCircleAlt,0.520833333,30495282.75,31053172
"(np.float64(1.5), 240, 320, np.float64(0.7), 10)",houghCircleAlt,0.520833333,29069507.05,29742739
"(np.float64(1.5), 280, 300, np.float64(0.8500000000000001), 5)",houghCircleAlt,0.520833333,34370312.77,35602701.5
"(np.float64(1.5), 280, 350, np.float64(0.8500000000000001), 5)",houghCircleAlt,0.520833333,32187591.22,33098669
"(np.float64(1.5), 280, 360, np.float64(0.8500000000000001), 5)",houghCircleAlt,0.520833333,33192350.92,33894126.5
"(np.float64(1.0), 100, 390, np.float64(0.75), 15)",houghCircleAlt,0.51875,39023321.51,39265879.5
"(np.float64(1.0), 110, 360, np.float64(0.75), 15)",houghCircleAlt,0.51875,42220728.25,42796704.5
"(np.float64(1.0), 110, 360, np.float64(0.8), 5)",houghCircleAlt,0.51875,44670541.7,45734509.5
"(np.float64(1.0), 120, 310, np.float64(0.8), 5)",houghCircleAlt,0.51875,48429509.66,49911245.5
"(np.float64(1.0), 240, 380, np.float64(0.7), 10)",houghCircleAlt,0.51875,60293701.81,60315450
"(np.float64(1.0), 250, 380, np.float64(0.7), 10)",houghCircleAlt,0.51875,61521991.51,61877991.5
"(np.float64(1.0), 260, 330, np.float64(0.75), 5)",houghCircleAlt,0.51875,66200690.23,66536335
"(np.float64(1.0), 260, 360, np.float64(0.75), 5)",houghCircleAlt,0.51875,65704289.18,65877509.5
"(np.float64(1.0), 270, 310, np.float64(0.75), 10)",houghCircleAlt,0.51875,68227420.03,68503340.5
"(np.float64(1.0), 270, 330, np.float64(0.75), 10)",houghCircleAlt,0.51875,67176908.08,67464361.5
"(np.float64(1.0), 280, 350, np.float64(0.8500000000000001), 5)",houghCircleAlt,0.51875,70187823.63,70249681.5
"(np.float64(1.0), 280, 360, np.float64(0.8500000000000001), 5)",houghCircleAlt,0.51875,69820690.11,69619725
"(np.float64(1.5), 100, 360, np.float64(0.75), 15)",houghCircleAlt,0.51875,24853992.95,25100939.5
"(np.float64(1.5), 100, 370, np.float64(0.75), 15)",houghCircleAlt,0.51875,23795319.77,23975199.5
"(np.float64(1.5), 110, 340, np.float64(0.8), 5)",houghCircleAlt,0.51875,27450941.41,27815454.5
"(np.float64(1.5), 240, 310, np.float64(0.75), 5)",houghCircleAlt,0.51875,32197849.71,33535013.5
"(np.float64(1.5), 240, 340, np.float64(0.75), 5)",houghCircleAlt,0.51875,32125367.73,33220659.5
"(np.float64(1.5), 280, 310, np.float64(0.8), 10)",houghCircleAlt,0.51875,30930759.38,31658844.5
"(np.float64(1.5), 280, 320, np.float64(0.8), 10)",houghCircleAlt,0.51875,32512899.59,33535595
"(np.float64(1.5), 280, 380, np.float64(0.8500000000000001), 5)",houghCircleAlt,0.51875,32075375.14,32562438
"(np.float64(1.0), 100, 320, np.float64(0.75), 15)",houghCircleAlt,0.516666667,41774086.13,42195792
"(np.float64(1.0), 100, 370, np.float64(0.75), 15)",houghCircleAlt,0.516666667,39518023.36,39918474
"(np.float64(1.0), 110, 380, np.float64(0.8), 5)",houghCircleAlt,0.516666667,44260562.82,44973872.5
"(np.float64(1.0), 180, 330, np.float64(0.75), 10)",houghCircleAlt,0.516666667,52182752.3,53249819
"(np.float64(1.0), 180, 390, np.float64(0.7), 15)",houghCircleAlt,0.516666667,49006644.26,49378567
"(np.float64(1.0), 250, 320, np.float64(0.75), 5)",houghCircleAlt,0.516666667,64436893,65676476.5
"(np.float64(1.0), 260, 340, np.float64(0.75), 5)",houghCircleAlt,0.516666667,65880391.12,66241767
"(np.float64(1.0), 270, 370, np.float64(0.7), 15)",houghCircleAlt,0.516666667,65578747.24,65078870
"(np.float64(1.0), 280, 330, np.float64(0.8500000000000001), 5)",houghCircleAlt,0.516666667,69716393.9,70166400.5
"(np.float64(1.0), 280, 340, np.float64(0.8500000000000001), 5)",houghCircleAlt,0.516666667,69949391.88,70010708
"(np.float64(1.0), 280, 370, np.float64(0.8500000000000001), 5)",houghCircleAlt,0.516666667,69586142.98,69728329
"(np.float64(1.0), 280, 380, np.float64(0.8500000000000001), 5)",houghCircleAlt,0.516666667,69702994.69,69701995
"(np.float64(1.5), 100, 380, np.float64(0.8), 5)",houghCircleAlt,0.516666667,26591932.11,27190140.5
"(np.float64(1.5), 110, 310, np.float64(0.8), 5)",houghCircleAlt,0.516666667,27855380.48,28473831.5
"(np.float64(1.5), 110, 370, np.float64(0.8), 5)",houghCircleAlt,0.516666667,25718496.7,26281746.5
"(np.float64(1.5), 170, 380, np.float64(0.75), 10)",houghCircleAlt,0.516666667,26895064.48,27418122
"(np.float64(1.5), 180, 370, np.float64(0.7), 15)",houghCircleAlt,0.516666667,25024040.24,25169640.5
"(np.float64(1.5), 180, 390, np.float64(0.75), 10)",houghCircleAlt,0.516666667,27978066.65,28268227
"(np.float64(1.5), 220, 320, np.float64(0.75), 5)",houghCircleAlt,0.516666667,32146398.55,32951779.5
"(np.float64(1.5), 220, 340, np.float64(0.75), 5)",houghCircleAlt,0.516666667,31032158.84,31537420
"(np.float64(1.5), 230, 300, np.float64(0.7), 10)",houghCircleAlt,0.516666667,31959245.83,32783764.5
"(np.float64(1.5), 230, 310, np.float64(0.7), 10)",houghCircleAlt,0.516666667,28881341.27,29703698
"(np.float64(1.5), 240, 320, np.float64(0.75), 5)",houghCircleAlt,0.516666667,31743410.86,32870782
"(np.float64(1.5), 240, 350, np.float64(0.75), 5)",houghCircleAlt,0.516666667,31468055.17,32152895.5
"(np.float64(1.5), 280, 300, np.float64(0.8), 10)",houghCircleAlt,0.516666667,32998417.4,34226781.5
"(np.float64(1.5), 280, 340, np.float64(0.8500000000000001), 5)",houghCircleAlt,0.516666667,33555475.31,34548364.5
"(np.float64(1.5), 280, 370, np.float64(0.8500000000000001), 5)",houghCircleAlt,0.516666667,31749079.91,32523970
"(np.float64(1.0), 100, 330, np.float64(0.75), 15)",houghCircleAlt,0.514583333,39937723.82,40705926
"(np.float64(1.0), 110, 370, np.float64(0.8), 5)",houghCircleAlt,0.514583333,45731584.94,46646445
"(np.float64(1.0), 120, 300, np.float64(0.8), 5)",houghCircleAlt,0.514583333,47511664.89,48947678
"(np.float64(1.0), 180, 310, np.float64(0.75), 10)",houghCircleAlt,0.514583333,52532098.06,53557415.5
"(np.float64(1.0), 180, 340, np.float64(0.75), 10)",houghCircleAlt,0.514583333,52139437.43,52879610
"(np.float64(1.0), 230, 360, np.float64(0.7), 10)",houghCircleAlt,0.514583333,59254077.62,59681750.5
"(np.float64(1.0), 240, 340, np.float64(0.7), 10)",houghCircleAlt,0.514583333,63453108.22,64036526.5
"(np.float64(1.0), 240, 360, np.float64(0.7), 10)",houghCircleAlt,0.514583333,60270319.78,61009616.5
"(np.float64(1.0), 240, 370, np.float64(0.7), 10)",houghCircleAlt,0.514583333,60462270.31,60649210.5
"(np.float64(1.0), 280, 300, np.float64(0.8500000000000001), 5)",houghCircleAlt,0.514583333,71856943.54,72747627.5
"(np.float64(1.5), 100, 320, np.float64(0.75), 15)",houghCircleAlt,0.514583333,24022798.33,24330730.5
"(np.float64(1.5), 170, 330, np.float64(0.75), 10)",houghCircleAlt,0.514583333,26573807.13,27155174.5
"(np.float64(1.5), 170, 340, np.float64(0.75), 10)",houghCircleAlt,0.514583333,27438320.81,27977867.5
"(np.float64(1.5), 170, 390, np.float64(0.7), 15)",houghCircleAlt,0.514583333,26505781.31,26491158.5
"(np.float64(1.5), 180, 340, np.float64(0.7), 15)",houghCircleAlt,0.514583333,26713099.16,27091430.5
"(np.float64(1.5), 180, 350, np.float64(0.7), 15)",houghCircleAlt,0.514583333,27398470.38,27751262
"(np.float64(1.5), 210, 350, np.float64(0.75), 5)",houghCircleAlt,0.514583333,31009790.24,31765695.5
"(np.float64(1.5), 220, 360, np.float64(0.75), 5)",houghCircleAlt,0.514583333,30841157.51,31581613.5
"(np.float64(1.5), 230, 320, np.float64(0.7), 10)",houghCircleAlt,0.514583333,31463420.8,32190901
"(np.float64(1.5), 230, 370, np.float64(0.75), 5)",houghCircleAlt,0.514583333,30086807.81,30738463
"(np.float64(1.5), 240, 330, np.float64(0.7), 10)",houghCircleAlt,0.514583333,31410496.93,32436682.5
"(np.float64(1.5), 250, 330, np.float64(0.75), 5)",houghCircleAlt,0.514583333,32649657.8,33508199.5
"(np.float64(1.5), 280, 330, np.float64(0.8), 10)",houghCircleAlt,0.514583333,30711861.19,31329590
"(np.float64(1.5), 280, 330, np.float64(0.8500000000000001), 5)",houghCircleAlt,0.514583333,34103375.68,35341777
"(np.float64(1.5), 280, 340, np.float64(0.8), 10)",houghCircleAlt,0.514583333,32142392.33,33199539
"(np.float64(1.5), 280, 350, np.float64(0.8), 10)",houghCircleAlt,0.514583333,31705964.3,32460833
"(np.float64(1.0), 100, 310, np.float64(0.75), 15)",houghCircleAlt,0.5125,40403514.03,41049315.5
"(np.float64(1.0), 100, 320, np.float64(0.8), 5)",houghCircleAlt,0.5125,44636887.75,46021558.5
"(np.float64(1.0), 100, 340, np.float64(0.8), 5)",houghCircleAlt,0.5125,44277573.57,45164936.5
"(np.float64(1.0), 110, 310, np.float64(0.8), 5)",houghCircleAlt,0.5125,44806438.62,46275591
"(np.float64(1.0), 170, 320, np.float64(0.75), 10)",houghCircleAlt,0.5125,51682635.22,52645714.5
"(np.float64(1.0), 170, 360, np.float64(0.75), 10)",houghCircleAlt,0.5125,50724963.97,51373875
"(np.float64(1.0), 170, 370, np.float64(0.75), 10)",houghCircleAlt,0.5125,50135407.42,50513921
"(np.float64(1.0), 190, 310, np.float64(0.7), 15)",houghCircleAlt,0.5125,53867985.99,55012871.5
"(np.float64(1.0), 260, 370, np.float64(0.75), 5)",houghCircleAlt,0.5125,65717542.98,65930528
"(np.float64(1.0), 260, 380, np.float64(0.7), 10)",houghCircleAlt,0.5125,63631626.02,63542830.5
"(np.float64(1.0), 260, 380, np.float64(0.75), 5)",houghCircleAlt,0.5125,65024594.03,65523504
"(np.float64(1.0), 270, 350, np.float64(0.7), 15)",houghCircleAlt,0.5125,64855867.26,64674192
"(np.float64(1.0), 280, 320, np.float64(0.8500000000000001), 5)",houghCircleAlt,0.5125,69722690.26,70415247
"(np.float64(1.5), 100, 310, np.float64(0.75), 15)",houghCircleAlt,0.5125,24313030.16,24940019.5
"(np.float64(1.5), 100, 320, np.float64(0.8), 5)",houghCircleAlt,0.5125,27356621.38,28167313.5
"(np.float64(1.5), 170, 360, np.float64(0.75), 10)",houghCircleAlt,0.5125,27051773.49,27328655
"(np.float64(1.5), 180, 320, np.float64(0.7), 15)",houghCircleAlt,0.5125,27050173.67,27536730.5
"(np.float64(1.5), 210, 300, np.float64(0.75), 5)",houghCircleAlt,0.5125,31250153.91,32483575.5
"(np.float64(1.5), 240, 360, np.float64(0.75), 5)",houghCircleAlt,0.5125,31753988.31,32400820.5
"(np.float64(1.5), 250, 300, np.float64(0.75), 5)",houghCircleAlt,0.5125,31091474.37,31973779.5
"(np.float64(1.5), 280, 310, np.float64(0.8500000000000001), 5)",houghCircleAlt,0.5125,33316888.61,34304575.5
"(np.float64(1.5), 280, 320, np.float64(0.8500000000000001), 5)",houghCircleAlt,0.5125,33917215.11,34985093.5
"(np.float64(1.5), 280, 360, np.float64(0.8), 10)",houghCircleAlt,0.5125,30202545.19,30671501.5
"(np.float64(1.0), 100, 330, np.float64(0.8), 5)",houghCircleAlt,0.510416667,44471082.97,45670139
"(np.float64(1.0), 190, 300, np.float64(0.7), 15)",houghCircleAlt,0.510416667,53078735.83,53924564.5
"(np.float64(1.0), 220, 310, np.float64(0.75), 5)",houghCircleAlt,0.510416667,59637501.19,60782601
"(np.float64(1.0), 230, 380, np.float64(0.7), 10)",houghCircleAlt,0.510416667,57642763.96,58266340
"(np.float64(1.0), 240, 310, np.float64(0.75), 5)",houghCircleAlt,0.510416667,63292988.07,64550549.5
"(np.float64(1.0), 240, 320, np.float64(0.7), 10)",houghCircleAlt,0.510416667,61429375.47,62067431
"(np.float64(1.0), 250, 360, np.float64(0.7), 10)",houghCircleAlt,0.510416667,62435877.31,62630939
"(np.float64(1.0), 250, 370, np.float64(0.7), 10)",houghCircleAlt,0.510416667,62374532.55,62816005
"(np.float64(1.0), 260, 390, np.float64(0.75), 5)",houghCircleAlt,0.510416667,64236796.18,64250166
"(np.float64(1.0), 270, 320, np.float64(0.7), 15)",houghCircleAlt,0.510416667,64930918.43,65139324.5
"(np.float64(1.5), 110, 300, np.float64(0.8), 5)",houghCircleAlt,0.510416667,30023821.99,30584193
"(np.float64(1.5), 170, 350, np.float64(0.75), 10)",houghCircleAlt,0.510416667,29012487.52,29810264
"(np.float64(1.5), 230, 330, np.float64(0.7), 10)",houghCircleAlt,0.510416667,30963358.16,31826357.5
"(np.float64(1.5), 230, 390, np.float64(0.75), 5)",houghCircleAlt,0.510416667,30118410.31,30757242.5
"(np.float64(1.5), 240, 340, np.float64(0.7), 10)",houghCircleAlt,0.510416667,30253004.82,31319847.5
"(np.float64(1.5), 250, 320, np.float64(0.75), 5)",houghCircleAlt,0.510416667,32024966.93,32800995
"(np.float64(1.5), 250, 340, np.float64(0.75), 5)",houghCircleAlt,0.510416667,33007249.17,33825732.5
"(np.float64(1.0), 100, 300, np.float64(0.75), 15)",houghCircleAlt,0.508333333,42521722.66,43325399.5
"(np.float64(1.0), 100, 340, np.float64(0.75), 15)",houghCircleAlt,0.508333333,40724121.18,41618458.5
"(np.float64(1.0), 110, 300, np.float64(0.8), 5)",houghCircleAlt,0.508333333,46097374.2,47525891
"(np.float64(1.0), 180, 370, np.float64(0.7), 15)",houghCircleAlt,0.508333333,50124815.09,50774595.5
"(np.float64(1.0), 200, 380, np.float64(0.75), 5)",houghCircleAlt,0.508333333,55079636.56,55567398.5
"(np.float64(1.0), 210, 320, np.float64(0.75), 5)",houghCircleAlt,0.508333333,58247938.05,59496899.5
"(np.float64(1.0), 220, 360, np.float64(0.7), 10)",houghCircleAlt,0.508333333,57306375.5,57858110
"(np.float64(1.0), 220, 380, np.float64(0.7), 10)",houghCircleAlt,0.508333333,56912449.88,57372859.5
"(np.float64(1.0), 230, 300, np.float64(0.75), 5)",houghCircleAlt,0.508333333,61837199.41,63020264
"(np.float64(1.0), 230, 320, np.float64(0.7), 10)",houghCircleAlt,0.508333333,59678352.31,60791302.5
"(np.float64(1.0), 230, 340, np.float64(0.7), 10)",houghCircleAlt,0.508333333,59611607.37,60291024.5
"(np.float64(1.0), 230, 350, np.float64(0.7), 10)",houghCircleAlt,0.508333333,59857409.63,60328233
"(np.float64(1.0), 230, 370, np.float64(0.7), 10)",houghCircleAlt,0.508333333,58991426.59,59639726
"(np.float64(1.0), 240, 300, np.float64(0.7), 10)",houghCircleAlt,0.508333333,61308071.64,62130093.5
"(np.float64(1.0), 240, 330, np.float64(0.7), 10)",houghCircleAlt,0.508333333,61699047.44,62062317
"(np.float64(1.0), 240, 350, np.float64(0.7), 10)",houghCircleAlt,0.508333333,60507713.95,61199467.5
"(np.float64(1.0), 250, 340, np.float64(0.7), 10)",houghCircleAlt,0.508333333,62857282.91,62831354.5
"(np.float64(1.0), 280, 310, np.float64(0.8500000000000001), 5)",houghCircleAlt,0.508333333,70504219.94,70689477
"(np.float64(1.5), 170, 300, np.float64(0.75), 10)",houghCircleAlt,0.508333333,28371687.05,29239585
"(np.float64(1.5), 170, 320, np.float64(0.75), 10)",houghCircleAlt,0.508333333,27490992,28124032.5
"(np.float64(1.5), 170, 390, np.float64(0.75), 10)",houghCircleAlt,0.508333333,26955095.09,27146824
"(np.float64(1.5), 180, 360, np.float64(0.7), 15)",houghCircleAlt,0.508333333,26083098.49,26023142
"(np.float64(1.5), 210, 330, np.float64(0.75), 5)",houghCircleAlt,0.508333333,30896870.94,31951768
"(np.float64(1.5), 210, 340, np.float64(0.75), 5)",houghCircleAlt,0.508333333,29775233.98,30450752.5
"(np.float64(1.5), 220, 370, np.float64(0.75), 5)",houghCircleAlt,0.508333333,30417516.02,30715228.5
"(np.float64(1.5), 230, 380, np.float64(0.75), 5)",houghCircleAlt,0.508333333,31085905.31,31681120.5
"(np.float64(1.5), 240, 390, np.float64(0.7), 10)",houghCircleAlt,0.508333333,30591011.06,30826727
"(np.float64(1.5), 250, 300, np.float64(0.7), 10)",houghCircleAlt,0.508333333,33193504.01,33991007
"(np.float64(1.5), 250, 310, np.float64(0.75), 5)",houghCircleAlt,0.508333333,33165165.21,34520020
"(np.float64(1.5), 250, 350, np.float64(0.75), 5)",houghCircleAlt,0.508333333,31237449.09,32129431.5
"(np.float64(1.5), 260, 330, np.float64(0.75), 5)",houghCircleAlt,0.508333333,33541341.64,34293902.5
"(np.float64(1.0), 100, 350, np.float64(0.8), 5)",houghCircleAlt,0.50625,43967134.62,45036715.5
"(np.float64(1.0), 170, 390, np.float64(0.75), 10)",houghCircleAlt,0.50625,49553756.09,50162989.5
"(np.float64(1.0), 180, 380, np.float64(0.7), 15)",houghCircleAlt,0.50625,50244484.93,50654074
"(np.float64(1.0), 220, 340, np.float64(0.7), 10)",houghCircleAlt,0.50625,57894782.83,58449088
"(np.float64(1.0), 220, 350, np.float64(0.7), 10)",houghCircleAlt,0.50625,57775081.67,58351596
"(np.float64(1.0), 220, 370, np.float64(0.7), 10)",houghCircleAlt,0.50625,56134967.9,56984621.5
"(np.float64(1.0), 250, 350, np.float64(0.7), 10)",houghCircleAlt,0.50625,62729260.73,63062087.5
"(np.float64(1.0), 260, 320, np.float64(0.75), 5)",houghCircleAlt,0.50625,68241845.94,69415456.5
"(np.float64(1.0), 270, 340, np.float64(0.7), 15)",houghCircleAlt,0.50625,64770299.01,64443829.5
"(np.float64(1.5), 100, 330, np.float64(0.8), 5)",houghCircleAlt,0.50625,28161363.28,28920566
"(np.float64(1.5), 100, 360, np.float64(0.8), 5)",houghCircleAlt,0.50625,25067130.39,25744076.5
"(np.float64(1.5), 160, 380, np.float64(0.75), 10)",houghCircleAlt,0.50625,26077821.97,26834202
"(np.float64(1.5), 170, 310, np.float64(0.75), 10)",houghCircleAlt,0.50625,29347122.6,30080261.5
"(np.float64(1.5), 170, 380, np.float64(0.7), 15)",houghCircleAlt,0.50625,25463904.13,25570576
"(np.float64(1.5), 180, 300, np.float64(0.7), 15)",houghCircleAlt,0.50625,27554843.87,27923355.5
"(np.float64(1.5), 210, 310, np.float64(0.75), 5)",houghCircleAlt,0.50625,31442242.82,32594042.5
"(np.float64(1.5), 220, 300, np.float64(0.7), 10)",houghCircleAlt,0.50625,31902651.62,32706047
"(np.float64(1.5), 220, 320, np.float64(0.7), 10)",houghCircleAlt,0.50625,30732972.76,31500005.5
"(np.float64(1.5), 230, 390, np.float64(0.7), 10)",houghCircleAlt,0.50625,29964575.6,30321890.5
"(np.float64(1.5), 240, 370, np.float64(0.7), 10)",houghCircleAlt,0.50625,28270444.82,28704021
"(np.float64(1.5), 240, 370, np.float64(0.75), 5)",houghCircleAlt,0.50625,31246570.33,31898478.5
"(np.float64(1.5), 240, 380, np.float64(0.7), 10)",houghCircleAlt,0.50625,29413616.44,30054263
"(np.float64(1.5), 250, 310, np.float64(0.7), 10)",houghCircleAlt,0.50625,32554374.37,33468528
"(np.float64(1.5), 250, 360, np.float64(0.75), 5)",houghCircleAlt,0.50625,31049236.74,31745216.5
"(np.float64(1.5), 260, 320, np.float64(0.75), 5)",houghCircleAlt,0.50625,32602266.52,33610523.5
"(np.float64(1.5), 280, 370, np.float64(0.8), 10)",houghCircleAlt,0.50625,31214260.23,31937106
"(np.float64(1.5), 280, 380, np.float64(0.8), 10)",houghCircleAlt,0.50625,29775889.85,30100148.5
"(np.float64(1.5), 280, 390, np.float64(0.8), 10)",houghCircleAlt,0.50625,30762749.43,31074732.5
"(np.float64(1.0), 100, 350, np.float64(0.75), 15)",houghCircleAlt,0.504166667,39614479.04,40404466.5
"(np.float64(1.0), 100, 360, np.float64(0.75), 15)",houghCircleAlt,0.504166667,40955147.73,41698934
"(np.float64(1.0), 100, 390, np.float64(0.8), 5)",houghCircleAlt,0.504166667,42391683.29,43334447.5
"(np.float64(1.0), 170, 330, np.float64(0.75), 10)",houghCircleAlt,0.504166667,50726569.73,51473903
"(np.float64(1.0), 170, 350, np.float64(0.75), 10)",houghCircleAlt,0.504166667,50371489.25,51101598.5
"(np.float64(1.0), 180, 300, np.float64(0.75), 10)",houghCircleAlt,0.504166667,53540461.15,54661206
"(np.float64(1.0), 200, 330, np.float64(0.75), 5)",houghCircleAlt,0.504166667,56682865.34,58103942
"(np.float64(1.0), 200, 340, np.float64(0.75), 5)",houghCircleAlt,0.504166667,56336236.78,57212267.5
"(np.float64(1.0), 200, 350, np.float64(0.75), 5)",houghCircleAlt,0.504166667,55762394.95,57086286
"(np.float64(1.0), 200, 370, np.float64(0.75), 5)",houghCircleAlt,0.504166667,55210712.97,56263904
"(np.float64(1.0), 200, 390, np.float64(0.75), 5)",houghCircleAlt,0.504166667,55078342.1,55913351
"(np.float64(1.0), 210, 390, np.float64(0.7), 10)",houghCircleAlt,0.504166667,55487016.97,55859775
"(np.float64(1.0), 270, 300, np.float64(0.7), 15)",houghCircleAlt,0.504166667,65896068.41,65954694
"(np.float64(1.0), 270, 310, np.float64(0.7), 15)",houghCircleAlt,0.504166667,64910825.84,65097065.5
"(np.float64(1.0), 270, 330, np.float64(0.7), 15)",houghCircleAlt,0.504166667,66901965.77,67152657.5
"(np.float64(1.5), 100, 300, np.float64(0.75), 15)",houghCircleAlt,0.504166667,23941402.31,24520371.5
"(np.float64(1.5), 100, 310, np.float64(0.8), 5)",houghCircleAlt,0.504166667,27875127.36,29002866
"(np.float64(1.5), 100, 340, np.float64(0.8), 5)",houghCircleAlt,0.504166667,25578182.87,26435227.5
"(np.float64(1.5), 160, 370, np.float64(0.75), 10)",houghCircleAlt,0.504166667,26097627.11,26455809.5
"(np.float64(1.5), 170, 330, np.float64(0.7), 15)",houghCircleAlt,0.504166667,26102088.33,26593210.5
"(np.float64(1.5), 210, 360, np.float64(0.75), 5)",houghCircleAlt,0.504166667,29412052.31,30062530
"(np.float64(1.5), 220, 380, np.float64(0.75), 5)",houghCircleAlt,0.504166667,30463296.04,31039822
"(np.float64(1.5), 220, 390, np.float64(0.75), 5)",houghCircleAlt,0.504166667,30303645.89,30951747.5
"(np.float64(1.5), 230, 370, np.float64(0.7), 10)",houghCircleAlt,0.504166667,30168730.68,30870584
"(np.float64(1.5), 230, 380, np.float64(0.7), 10)",houghCircleAlt,0.504166667,30110071.28,30258656
"(np.float64(1.5), 240, 350, np.float64(0.7), 10)",houghCircleAlt,0.504166667,29900543.67,30402030.5
"(np.float64(1.5), 240, 360, np.float64(0.7), 10)",houghCircleAlt,0.504166667,29893110.54,30621243
"(np.float64(1.5), 250, 320, np.float64(0.7), 10)",houghCircleAlt,0.504166667,29575865.5,30522236
"(np.float64(1.5), 260, 300, np.float64(0.75), 5)",houghCircleAlt,0.504166667,33289487.33,34308569
"(np.float64(1.5), 260, 310, np.float64(0.75), 5)",houghCircleAlt,0.504166667,32988447.66,34050009.5
"(np.float64(1.5), 260, 340, np.float64(0.75), 5)",houghCircleAlt,0.504166667,32899799.93,33881112.5
"(np.float64(1.0), 170, 340, np.float64(0.75), 10)",houghCircleAlt,0.502083333,51221183.04,52063167.5
"(np.float64(1.0), 170, 380, np.float64(0.75), 10)",houghCircleAlt,0.502083333,50107305.04,50540431.5
"(np.float64(1.0), 200, 360, np.float64(0.75), 5)",houghCircleAlt,0.502083333,55737716.87,56507214
"(np.float64(1.0), 230, 300, np.float64(0.7), 10)",houghCircleAlt,0.502083333,60558854.68,61467906.5
"(np.float64(1.0), 230, 330, np.float64(0.7), 10)",houghCircleAlt,0.502083333,60037287.29,60738507.5
"(np.float64(1.0), 250, 310, np.float64(0.75), 5)",houghCircleAlt,0.502083333,65397474.06,66104590
"(np.float64(1.0), 250, 320, np.float64(0.7), 10)",houghCircleAlt,0.502083333,63367879.99,63867398.5
"(np.float64(1.0), 260, 340, np.float64(0.7), 10)",houghCircleAlt,0.502083333,64609737.71,64664678.5
"(np.float64(1.0), 260, 360, np.float64(0.7), 10)",houghCircleAlt,0.502083333,64351845.07,64375596
"(np.float64(1.0), 260, 370, np.float64(0.7), 10)",houghCircleAlt,0.502083333,63952524.4,64030429.5
"(np.float64(1.0), 270, 360, np.float64(0.7), 15)",houghCircleAlt,0.502083333,64342785.83,64184808.5
"(np.float64(1.0), 290, 330, np.float64(0.9000000000000001), 15)",houghCircleAlt,0.502083333,69163406.85,69377160
"(np.float64(1.0), 290, 340, np.float64(0.9000000000000001), 15)",houghCircleAlt,0.502083333,69372658.32,69253918
"(np.float64(1.0), 290, 350, np.float64(0.9000000000000001), 15)",houghCircleAlt,0.502083333,69101781.04,68855893
"(np.float64(1.5), 100, 350, np.float64(0.8), 5)",houghCircleAlt,0.502083333,27396128.58,28380619
"(np.float64(1.5), 210, 300, np.float64(0.7), 10)",houghCircleAlt,0.502083333,30338389.83,31306617.5
"(np.float64(1.5), 210, 320, np.float64(0.75), 5)",houghCircleAlt,0.502083333,31798821.65,32694967
"(np.float64(1.5), 220, 310, np.float64(0.7), 10)",houghCircleAlt,0.502083333,29673972,30459207.5
"(np.float64(1.5), 220, 330, np.float64(0.7), 10)",houghCircleAlt,0.502083333,29569530.84,30209644.5
"(np.float64(1.5), 220, 390, np.float64(0.7), 10)",houghCircleAlt,0.502083333,30209944.63,31025785.5
"(np.float64(1.5), 230, 350, np.float64(0.7), 10)",houghCircleAlt,0.502083333,30513487.93,31377656.5
"(np.float64(1.5), 260, 350, np.float64(0.75), 5)",houghCircleAlt,0.502083333,31979502.03,32834347.5
"(np.float64(1.0), 170, 310, np.float64(0.75), 10)",houghCircleAlt,0.5,51371209.88,52412343.5
"(np.float64(1.0), 170, 390, np.float64(0.7), 15)",houghCircleAlt,0.5,48738632.18,49105582.5
"(np.float64(1.0), 180, 340, np.float64(0.7), 15)",houghCircleAlt,0.5,50963402.16,51495453
"(np.float64(1.0), 210, 340, np.float64(0.7), 10)",houghCircleAlt,0.5,56677504.02,57577062.5
"(np.float64(1.0), 220, 320, np.float64(0.7), 10)",houghCircleAlt,0.5,58338498.42,59195238.5
"(np.float64(1.0), 240, 300, np.float64(0.75), 5)",houghCircleAlt,0.5,63561782.85,64772691.5
"(np.float64(1.0), 250, 300, np.float64(0.7), 10)",houghCircleAlt,0.5,63796093.58,64288783.5
"(np.float64(1.0), 250, 330, np.float64(0.7), 10)",houghCircleAlt,0.5,62972286.23,63419899
"(np.float64(1.0), 260, 350, np.float64(0.7), 10)",houghCircleAlt,0.5,64689521.58,64774480
"(np.float64(1.0), 290, 360, np.float64(0.9000000000000001), 15)",houghCircleAlt,0.5,69006077.98,68408642
"(np.float64(1.0), 290, 370, np.float64(0.9000000000000001), 15)",houghCircleAlt,0.5,66236228.98,66067239.5
"(np.float64(1.5), 100, 370, np.float64(0.8), 5)",houghCircleAlt,0.5,26436853.79,26769146
"(np.float64(1.5), 160, 390, np.float64(0.7), 15)",houghCircleAlt,0.5,25152220.79,25506752
"(np.float64(1.5), 170, 340, np.float64(0.7), 15)",houghCircleAlt,0.5,26718002.19,26923724
"(np.float64(1.5), 170, 350, np.float64(0.7), 15)",houghCircleAlt,0.5,26487572.33,26729811.5
"(np.float64(1.5), 170, 370, np.float64(0.7), 15)",houghCircleAlt,0.5,26784048.79,27003747.5
"(np.float64(1.5), 210, 320, np.float64(0.7), 10)",houghCircleAlt,0.5,29668230.07,30568749
"(np.float64(1.5), 210, 370, np.float64(0.75), 5)",houghCircleAlt,0.5,30501673.73,31139704.5
"(np.float64(1.5), 230, 340, np.float64(0.7), 10)",houghCircleAlt,0.5,28502447.72,29249534
"(np.float64(1.5), 230, 360, np.float64(0.7), 10)",houghCircleAlt,0.5,30363620.25,30877002
"(np.float64(1.5), 240, 390, np.float64(0.75), 5)",houghCircleAlt,0.5,31360919.29,31750034
"(np.float64(1.5), 250, 370, np.float64(0.75), 5)",houghCircleAlt,0.5,30867249.45,31743768
"(np.float64(1.0), 100, 360, np.float64(0.8), 5)",houghCircleAlt,0.497916667,43842207.72,44817579.5
"(np.float64(1.0), 180, 330, np.float64(0.7), 15)",houghCircleAlt,0.497916667,50964029.78,51876963
"(np.float64(1.0), 180, 350, np.float64(0.7), 15)",houghCircleAlt,0.497916667,51741230.34,52416646
"(np.float64(1.0), 200, 320, np.float64(0.75), 5)",houghCircleAlt,0.497916667,57007510.83,58357321
"(np.float64(1.0), 240, 310, np.float64(0.7), 10)",houghCircleAlt,0.497916667,62222273.45,62606862.5
"(np.float64(1.0), 270, 350, np.float64(0.75), 5)",houghCircleAlt,0.497916667,69190162.34,69728572.5
"(np.float64(1.0), 270, 390, np.float64(0.7), 10)",houghCircleAlt,0.497916667,63310627.16,63313609
"(np.float64(1.0), 290, 300, np.float64(0.9000000000000001), 15)",houghCircleAlt,0.497916667,69847490.38,69878821.5
"(np.float64(1.0), 290, 310, np.float64(0.9000000000000001), 15)",houghCircleAlt,0.497916667,70002625.78,70177015.5
"(np.float64(1.0), 290, 320, np.float64(0.9000000000000001), 15)",houghCircleAlt,0.497916667,70406499.5,69713159.5
"(np.float64(1.0), 290, 380, np.float64(0.9000000000000001), 15)",houghCircleAlt,0.497916667,68746507.04,68384808
"(np.float64(1.5), 100, 300, np.float64(0.8), 5)",houghCircleAlt,0.497916667,25726695.2,26566454.5
"(np.float64(1.5), 160, 360, np.float64(0.75), 10)",houghCircleAlt,0.497916667,25385859.56,26084320.5
"(np.float64(1.5), 160, 390, np.float64(0.75), 10)",houghCircleAlt,0.497916667,25959837.38,26404030
"(np.float64(1.5), 180, 310, np.float64(0.7), 15)",houghCircleAlt,0.497916667,27777596.44,27897321.5
"(np.float64(1.5), 220, 350, np.float64(0.7), 10)",houghCircleAlt,0.497916667,29150461.16,29717160
"(np.float64(1.5), 220, 370, np.float64(0.7), 10)",houghCircleAlt,0.497916667,27803715.96,28217858
"(np.float64(1.5), 220, 380, np.float64(0.7), 10)",houghCircleAlt,0.497916667,28562788.21,28917480
"(np.float64(1.5), 250, 330, np.float64(0.7), 10)",houghCircleAlt,0.497916667,31552490.49,32297285.5
"(np.float64(1.5), 250, 390, np.float64(0.7), 10)",houghCircleAlt,0.497916667,31256024.05,31530000.5
"(np.float64(1.5), 260, 360, np.float64(0.75), 5)",houghCircleAlt,0.497916667,30531936.36,31165931
"(np.float64(1.0), 160, 370, np.float64(0.75), 10)",houghCircleAlt,0.495833333,49767094.24,50592904.5
"(np.float64(1.0), 170, 370, np.float64(0.7), 15)",houghCircleAlt,0.495833333,49129137.52,49678784.5
"(np.float64(1.0), 180, 320, np.float64(0.7), 15)",houghCircleAlt,0.495833333,51256083.51,51964618.5
"(np.float64(1.0), 180, 360, np.float64(0.7), 15)",houghCircleAlt,0.495833333,50501081.88,51098567.5
"(np.float64(1.0), 190, 330, np.float64(0.75), 5)",houghCircleAlt,0.495833333,56139392.2,57532523.5
"(np.float64(1.0), 190, 340, np.float64(0.75), 5)",houghCircleAlt,0.495833333,54880626.25,55767442.5
"(np.float64(1.0), 210, 310, np.float64(0.75), 5)",houghCircleAlt,0.495833333,58501305.43,59846975.5
"(np.float64(1.0), 210, 350, np.float64(0.7), 10)",houghCircleAlt,0.495833333,56327438.38,57063649.5
"(np.float64(1.0), 230, 310, np.float64(0.7), 10)",houghCircleAlt,0.495833333,60530926.62,61576129.5
"(np.float64(1.0), 290, 390, np.float64(0.9000000000000001), 15)",houghCircleAlt,0.495833333,69616384.78,69681476
"(np.float64(1.5), 210, 310, np.float64(0.7), 10)",houghCircleAlt,0.495833333,28163361.22,28933389
"(np.float64(1.5), 240, 380, np.float64(0.75), 5)",houghCircleAlt,0.495833333,31580989.76,32082373.5
"(np.float64(1.0), 100, 370, np.float64(0.8), 5)",houghCircleAlt,0.49375,42707546.38,43786305.5
"(np.float64(1.0), 100, 380, np.float64(0.8), 5)",houghCircleAlt,0.49375,43140116.28,44202511
"(np.float64(1.0), 160, 320, np.float64(0.75), 10)",houghCircleAlt,0.49375,50201152.72,51322473
"(np.float64(1.0), 210, 360, np.float64(0.7), 10)",houghCircleAlt,0.49375,56280408.21,56816230
"(np.float64(1.0), 220, 300, np.float64(0.75), 5)",houghCircleAlt,0.49375,60363255.62,61734226
"(np.float64(1.0), 220, 330, np.float64(0.7), 10)",houghCircleAlt,0.49375,58276991.38,58989567
"(np.float64(1.0), 260, 300, np.float64(0.7), 10)",houghCircleAlt,0.49375,66954462.84,67735139
"(np.float64(1.0), 260, 320, np.float64(0.7), 10)",houghCircleAlt,0.49375,65228801.86,65497055
"(np.float64(1.0), 260, 330, np.float64(0.7), 10)",houghCircleAlt,0.49375,65084670.37,65607912.5
"(np.float64(1.0), 280, 320, np.float64(0.8), 5)",houghCircleAlt,0.49375,70644768.68,71091912.5
"(np.float64(1.0), 280, 330, np.float64(0.8), 5)",houghCircleAlt,0.49375,69347120.27,69661097
"(np.float64(1.0), 280, 350, np.float64(0.8), 5)",houghCircleAlt,0.49375,72458852.21,72112761.5
"(np.float64(1.0), 280, 360, np.float64(0.8), 5)",houghCircleAlt,0.49375,70651705.52,70469495
"(np.float64(1.5), 170, 360, np.float64(0.7), 15)",houghCircleAlt,0.49375,26030080.03,26324706.5
"(np.float64(1.5), 210, 330, np.float64(0.7), 10)",houghCircleAlt,0.49375,29954895.39,30614167.5
"(np.float64(1.5), 210, 380, np.float64(0.75), 5)",houghCircleAlt,0.49375,29546707.28,30183860.5
"(np.float64(1.5), 210, 390, np.float64(0.7), 10)",houghCircleAlt,0.49375,26823095.15,27029675
"(np.float64(1.5), 210, 390, np.float64(0.75), 5)",houghCircleAlt,0.49375,29775476.72,30006714
"(np.float64(1.5), 220, 340, np.float64(0.7), 10)",houghCircleAlt,0.49375,27895987.84,28597456
"(np.float64(1.5), 220, 360, np.float64(0.7), 10)",houghCircleAlt,0.49375,29031797.07,29621351
"(np.float64(1.5), 250, 340, np.float64(0.7), 10)",houghCircleAlt,0.49375,29373051.39,30009432.5
"(np.float64(1.5), 250, 370, np.float64(0.7), 10)",houghCircleAlt,0.49375,28917040.59,29358196
"(np.float64(1.5), 250, 380, np.float64(0.7), 10)",houghCircleAlt,0.49375,29896065.05,30357982.5
"(np.float64(1.5), 260, 300, np.float64(0.7), 10)",houghCircleAlt,0.49375,33003190.42,34438717.5
"(np.float64(1.5), 280, 300, np.float64(0.8), 5)",houghCircleAlt,0.49375,34025228.93,35036630
"(np.float64(1.0), 160, 390, np.float64(0.75), 10)",houghCircleAlt,0.491666667,48323004.76,48845005.5
"(np.float64(1.0), 170, 300, np.float64(0.75), 10)",houghCircleAlt,0.491666667,52060610.88,53199379
"(np.float64(1.0), 190, 320, np.float64(0.75), 5)",houghCircleAlt,0.491666667,55463291.25,56756829
"(np.float64(1.0), 190, 350, np.float64(0.75), 5)",houghCircleAlt,0.491666667,55617317.82,56447498.5
"(np.float64(1.0), 190, 370, np.float64(0.75), 5)",houghCircleAlt,0.491666667,54990832.58,55677267.5
"(np.float64(1.0), 190, 380, np.float64(0.75), 5)",houghCircleAlt,0.491666667,54179809.51,54884120.5
"(np.float64(1.0), 260, 310, np.float64(0.75), 5)",houghCircleAlt,0.491666667,67254884.08,67865754
"(np.float64(1.5), 160, 380, np.float64(0.7), 15)",houghCircleAlt,0.491666667,24107716.74,24444433.5
"(np.float64(1.5), 170, 320, np.float64(0.7), 15)",houghCircleAlt,0.491666667,26941750.53,27578929
"(np.float64(1.5), 210, 350, np.float64(0.7), 10)",houghCircleAlt,0.491666667,29658722.25,30280998.5
"(np.float64(1.5), 210, 370, np.float64(0.7), 10)",houghCircleAlt,0.491666667,29230071.46,29672567.5
"(np.float64(1.5), 210, 380, np.float64(0.7), 10)",houghCircleAlt,0.491666667,28774099.96,29070733.5
"(np.float64(1.5), 250, 350, np.float64(0.7), 10)",houghCircleAlt,0.491666667,28960883.65,29547488
"(np.float64(1.5), 250, 360, np.float64(0.7), 10)",houghCircleAlt,0.491666667,31467609.3,32391482.5
"(np.float64(1.5), 250, 390, np.float64(0.75), 5)",houghCircleAlt,0.491666667,30816894.88,31360709
"(np.float64(1.5), 280, 300, np.float64(0.7), 15)",houghCircleAlt,0.491666667,31490394.12,32241537
"(np.float64(1.5), 280, 350, np.float64(0.8), 5)",houghCircleAlt,0.491666667,33347799.34,33736882.5
"(np.float64(1.0), 100, 310, np.float64(0.8), 5)",houghCircleAlt,0.489583333,44698309.42,46188121.5
"(np.float64(1.0), 160, 360, np.float64(0.75), 10)",houghCircleAlt,0.489583333,49001773.96,49494749.5
"(np.float64(1.0), 170, 380, np.float64(0.7), 15)",houghCircleAlt,0.489583333,48853706.7,49233859.5
"(np.float64(1.0), 180, 310, np.float64(0.7), 15)",houghCircleAlt,0.489583333,51566979.94,52349465
"(np.float64(1.0), 190, 360, np.float64(0.75), 5)",houghCircleAlt,0.489583333,54255695.4,54906458
"(np.float64(1.0), 190, 390, np.float64(0.75), 5)",houghCircleAlt,0.489583333,54472373.08,55184939.5
"(np.float64(1.0), 210, 320, np.float64(0.7), 10)",houghCircleAlt,0.489583333,57614585.83,58562445.5
"(np.float64(1.0), 210, 370, np.float64(0.7), 10)",houghCircleAlt,0.489583333,56119778.59,56527333
"(np.float64(1.0), 250, 300, np.float64(0.75), 5)",houghCircleAlt,0.489583333,65239437.46,66216028.5
"(np.float64(1.0), 270, 330, np.float64(0.75), 5)",houghCircleAlt,0.489583333,68655369.64,68651668.5
"(np.float64(1.0), 270, 340, np.float64(0.75), 5)",houghCircleAlt,0.489583333,68300027.38,68248467.5
"(np.float64(1.0), 270, 390, np.float64(0.75), 5)",houghCircleAlt,0.489583333,68816601.67,68740420.5
"(np.float64(1.0), 280, 310, np.float64(0.8), 5)",houghCircleAlt,0.489583333,70527860.62,71080661
"(np.float64(1.0), 280, 340, np.float64(0.8), 5)",houghCircleAlt,0.489583333,70281695.46,70602694
"(np.float64(1.5), 150, 380, np.float64(0.75), 10)",houghCircleAlt,0.489583333,26340414.91,26961516.5
"(np.float64(1.5), 160, 350, np.float64(0.75), 10)",houghCircleAlt,0.489583333,26508694.1,27139987
"(np.float64(1.5), 250, 380, np.float64(0.75), 5)",houghCircleAlt,0.489583333,30564253.81,31400909.5
"(np.float64(1.5), 260, 310, np.float64(0.7), 10)",houghCircleAlt,0.489583333,31673691.99,32780894
"(np.float64(1.5), 260, 370, np.float64(0.75), 5)",houghCircleAlt,0.489583333,31741838.55,32710594.5
"(np.float64(1.0), 160, 380, np.float64(0.75), 10)",houghCircleAlt,0.4875,48870313.45,49350814.5
"(np.float64(1.0), 180, 300, np.float64(0.7), 15)",houghCircleAlt,0.4875,51761250.92,52722700.5
"(np.float64(1.0), 210, 380, np.float64(0.7), 10)",houghCircleAlt,0.4875,55676242.17,56160549.5
"(np.float64(1.0), 220, 300, np.float64(0.7), 10)",houghCircleAlt,0.4875,59066459.03,59962833
"(np.float64(1.0), 220, 310, np.float64(0.7), 10)",houghCircleAlt,0.4875,58943541.19,60072012.5
"(np.float64(1.0), 250, 310, np.float64(0.7), 10)",houghCircleAlt,0.4875,65904524.94,66698815.5
"(np.float64(1.0), 270, 360, np.float64(0.75), 5)",houghCircleAlt,0.4875,67443478.51,67715382.5
"(np.float64(1.0), 270, 370, np.float64(0.75), 5)",houghCircleAlt,0.4875,68821969.04,68873679.5
"(np.float64(1.0), 270, 380, np.float64(0.7), 10)",houghCircleAlt,0.4875,65447106.68,65184424
"(np.float64(1.0), 270, 380, np.float64(0.75), 5)",houghCircleAlt,0.4875,66664158.26,66550481
"(np.float64(1.0), 280, 370, np.float64(0.8), 5)",houghCircleAlt,0.4875,71073342.54,71002699.5
"(np.float64(1.0), 280, 390, np.float64(0.8), 5)",houghCircleAlt,0.4875,70554046.43,70200213.5
"(np.float64(1.0), 290, 350, np.float64(0.8500000000000001), 15)",houghCircleAlt,0.4875,69709365.41,69483990
"(np.float64(1.5), 150, 390, np.float64(0.7), 15)",houghCircleAlt,0.4875,24890467.83,24927603.5
"(np.float64(1.5), 200, 350, np.float64(0.75), 5)",houghCircleAlt,0.4875,29695584.26,30352351.5
"(np.float64(1.5), 260, 320, np.float64(0.7), 10)",houghCircleAlt,0.4875,30116033.29,30983611
"(np.float64(1.5), 280, 320, np.float64(0.8), 5)",houghCircleAlt,0.4875,33383198.9,34381531.5
"(np.float64(1.5), 280, 360, np.float64(0.8), 5)",houghCircleAlt,0.4875,32661725.92,33406532
"(np.float64(1.0), 100, 300, np.float64(0.8), 5)",houghCircleAlt,0.485416667,44813346.53,46351797.5
"(np.float64(1.0), 160, 370, np.float64(0.7), 15)",houghCircleAlt,0.485416667,48186164.14,48842350.5
"(np.float64(1.0), 160, 390, np.float64(0.7), 15)",houghCircleAlt,0.485416667,48222393.96,48544812.5
"(np.float64(1.0), 280, 380, np.float64(0.8), 5)",houghCircleAlt,0.485416667,70359823.94,70147915.5
"(np.float64(1.0), 290, 340, np.float64(0.8500000000000001), 15)",houghCircleAlt,0.485416667,68941037.03,68353409.5
"(np.float64(1.0), 290, 360, np.float64(0.8500000000000001), 15)",houghCircleAlt,0.485416667,68771130.94,68267412.5
"(np.float64(1.0), 290, 370, np.float64(0.8500000000000001), 15)",houghCircleAlt,0.485416667,69434533.08,69212405
"(np.float64(1.5), 150, 370, np.float64(0.75), 10)",houghCircleAlt,0.485416667,27102205.35,27692473
"(np.float64(1.5), 160, 300, np.float64(0.75), 10)",houghCircleAlt,0.485416667,28993000.68,29949927
"(np.float64(1.5), 160, 320, np.float64(0.75), 10)",houghCircleAlt,0.485416667,27953529.28,28650068.5
"(np.float64(1.5), 160, 340, np.float64(0.75), 10)",houghCircleAlt,0.485416667,27581853.21,28150861
"(np.float64(1.5), 170, 300, np.float64(0.7), 15)",houghCircleAlt,0.485416667,27300767.88,28143283.5
"(np.float64(1.5), 200, 330, np.float64(0.75), 5)",houghCircleAlt,0.485416667,31167158.62,31807141.5
"(np.float64(1.5), 210, 340, np.float64(0.7), 10)",houghCircleAlt,0.485416667,29286917.5,29825499
"(np.float64(1.5), 210, 360, np.float64(0.7), 10)",houghCircleAlt,0.485416667,27371249.99,28158652.5
"(np.float64(1.5), 280, 310, np.float64(0.8), 5)",houghCircleAlt,0.485416667,34676559.87,36000163.5
"(np.float64(1.5), 280, 320, np.float64(0.7), 15)",houghCircleAlt,0.485416667,31386448.03,32196848.5
"(np.float64(1.5), 280, 330, np.float64(0.7), 15)",houghCircleAlt,0.485416667,31234364.12,31962413.5
"(np.float64(1.0), 160, 310, np.float64(0.75), 10)",houghCircleAlt,0.483333333,50315489.27,51595691.5
"(np.float64(1.0), 170, 360, np.float64(0.7), 15)",houghCircleAlt,0.483333333,50253765.75,50984569
"(np.float64(1.0), 210, 330, np.float64(0.7), 10)",houghCircleAlt,0.483333333,56608156.31,57539822
"(np.float64(1.0), 280, 300, np.float64(0.8), 5)",houghCircleAlt,0.483333333,69919850.99,70657201.5
"(np.float64(1.0), 290, 330, np.float64(0.8500000000000001), 15)",houghCircleAlt,0.483333333,69451813.39,69191433
"(np.float64(1.5), 200, 300, np.float64(0.75), 5)",houghCircleAlt,0.483333333,30994581.33,32112219.5
"(np.float64(1.5), 200, 320, np.float64(0.75), 5)",houghCircleAlt,0.483333333,30739467.83,31360452.5
"(np.float64(1.5), 200, 340, np.float64(0.75), 5)",houghCircleAlt,0.483333333,29744207.69,30447706.5
"(np.float64(1.5), 270, 330, np.float64(0.75), 5)",houghCircleAlt,0.483333333,33096826.06,34051718
"(np.float64(1.5), 280, 330, np.float64(0.8), 5)",houghCircleAlt,0.483333333,33098063.46,34123612
"(np.float64(1.5), 280, 340, np.float64(0.8), 5)",houghCircleAlt,0.483333333,32880277.91,33734297
"(np.float64(1.5), 280, 370, np.float64(0.8), 5)",houghCircleAlt,0.483333333,30695082.06,31210251.5
"(np.float64(1.5), 290, 320, np.float64(0.9000000000000001), 15)",houghCircleAlt,0.483333333,33104385.49,33784145.5
"(np.float64(1.0), 160, 340, np.float64(0.75), 10)",houghCircleAlt,0.48125,48851065.6,49888021
"(np.float64(1.0), 160, 350, np.float64(0.75), 10)",houghCircleAlt,0.48125,51783479.44,52517155
"(np.float64(1.0), 170, 350, np.float64(0.7), 15)",houghCircleAlt,0.48125,50039319.76,50701793
"(np.float64(1.0), 200, 310, np.float64(0.75), 5)",houghCircleAlt,0.48125,57531716.44,58732128.5
"(np.float64(1.0), 260, 310, np.float64(0.7), 10)",houghCircleAlt,0.48125,64070816.55,65127908.5
"(np.float64(1.0), 280, 360, np.float64(0.75), 10)",houghCircleAlt,0.48125,69093078.44,68733928
"(np.float64(1.0), 280, 390, np.float64(0.7), 15)",houghCircleAlt,0.48125,66688692.79,66278140
"(np.float64(1.0), 280, 390, np.float64(0.75), 10)",houghCircleAlt,0.48125,68170276.72,67800548
"(np.float64(1.0), 290, 380, np.float64(0.8500000000000001), 15)",houghCircleAlt,0.48125,68638719.75,68571984
"(np.float64(1.5), 160, 310, np.float64(0.75), 10)",houghCircleAlt,0.48125,28524181.09,29172815
"(np.float64(1.5), 160, 330, np.float64(0.75), 10)",houghCircleAlt,0.48125,27002033.64,27348784
"(np.float64(1.5), 160, 350, np.float64(0.7), 15)",houghCircleAlt,0.48125,25541757.47,25800818
"(np.float64(1.5), 160, 370, np.float64(0.7), 15)",houghCircleAlt,0.48125,25055536.93,25420114.5
"(np.float64(1.5), 200, 360, np.float64(0.75), 5)",houghCircleAlt,0.48125,29391253.1,29998273
"(np.float64(1.5), 260, 390, np.float64(0.7), 10)",houghCircleAlt,0.48125,31393186.19,31856167.5
"(np.float64(1.5), 270, 300, np.float64(0.75), 5)",houghCircleAlt,0.48125,31633249.15,32764277
"(np.float64(1.5), 270, 310, np.float64(0.75), 5)",houghCircleAlt,0.48125,34059353.91,35296108
"(np.float64(1.5), 270, 320, np.float64(0.75), 5)",houghCircleAlt,0.48125,32986966.09,33892292.5
"(np.float64(1.5), 280, 310, np.float64(0.7), 15)",houghCircleAlt,0.48125,31646603.8,32271538
"(np.float64(1.5), 280, 350, np.float64(0.7), 15)",houghCircleAlt,0.48125,30892113.94,31670054
"(np.float64(1.5), 290, 300, np.float64(0.9000000000000001), 15)",houghCircleAlt,0.48125,32542937.9,32987915.5
"(np.float64(1.5), 290, 310, np.float64(0.9000000000000001), 15)",houghCircleAlt,0.48125,32658321.37,33334174.5
"(np.float64(1.0), 160, 330, np.float64(0.75), 10)",houghCircleAlt,0.479166667,50689766.31,51719979.5
"(np.float64(1.0), 180, 340, np.float64(0.75), 5)",houghCircleAlt,0.479166667,53498010.43,54510559.5
"(np.float64(1.0), 180, 380, np.float64(0.75), 5)",houghCircleAlt,0.479166667,52472523.43,53072111
"(np.float64(1.0), 210, 300, np.float64(0.75), 5)",houghCircleAlt,0.479166667,58870240.24,60483064
"(np.float64(1.0), 270, 320, np.float64(0.75), 5)",houghCircleAlt,0.479166667,67957955.68,68543526
"(np.float64(1.0), 270, 350, np.float64(0.7), 10)",houghCircleAlt,0.479166667,65420697.97,65505166
"(np.float64(1.0), 270, 360, np.float64(0.7), 10)",houghCircleAlt,0.479166667,66157239.05,66309880.5
"(np.float64(1.0), 270, 370, np.float64(0.7), 10)",houghCircleAlt,0.479166667,63795120.03,64131518.5
"(np.float64(1.0), 280, 320, np.float64(0.75), 10)",houghCircleAlt,0.479166667,69033069.25,69146611.5
"(np.float64(1.0), 280, 380, np.float64(0.75), 10)",houghCircleAlt,0.479166667,68371130.71,67863665.5
"(np.float64(1.0), 290, 390, np.float64(0.8500000000000001), 15)",houghCircleAlt,0.479166667,68058391.24,68070714
"(np.float64(1.5), 150, 390, np.float64(0.75), 10)",houghCircleAlt,0.479166667,26810802.42,27029542.5
"(np.float64(1.5), 160, 340, np.float64(0.7), 15)",houghCircleAlt,0.479166667,25929382.29,26375426.5
"(np.float64(1.5), 170, 310, np.float64(0.7), 15)",houghCircleAlt,0.479166667,27226939.35,27812274.5
"(np.float64(1.5), 200, 300, np.float64(0.7), 10)",houghCircleAlt,0.479166667,30013920.81,30785120
"(np.float64(1.5), 260, 370, np.float64(0.7), 10)",houghCircleAlt,0.479166667,29340331.27,30057504
"(np.float64(1.5), 260, 380, np.float64(0.7), 10)",houghCircleAlt,0.479166667,30539337.61,30833164
"(np.float64(1.5), 260, 380, np.float64(0.75), 5)",houghCircleAlt,0.479166667,32032941.94,32774727
"(np.float64(1.5), 260, 390, np.float64(0.75), 5)",houghCircleAlt,0.479166667,31254159.24,31750330.5
"(np.float64(1.5), 280, 380, np.float64(0.8), 5)",houghCircleAlt,0.479166667,32374070.7,32773499.5
"(np.float64(1.5), 280, 390, np.float64(0.8), 5)",houghCircleAlt,0.479166667,32466908,32952065
"(np.float64(1.5), 290, 330, np.float64(0.9000000000000001), 15)",houghCircleAlt,0.479166667,31135966.75,31730001.5
"(np.float64(1.5), 290, 340, np.float64(0.9000000000000001), 15)",houghCircleAlt,0.479166667,32427819.26,32959865
"(np.float64(1.5), 290, 350, np.float64(0.9000000000000001), 15)",houghCircleAlt,0.479166667,31164103.83,31335427
"(np.float64(1.5), 290, 360, np.float64(0.9000000000000001), 15)",houghCircleAlt,0.479166667,32524925.86,32943613.5
"(np.float64(1.5), 290, 370, np.float64(0.9000000000000001), 15)",houghCircleAlt,0.479166667,32390789.38,32530946
"(np.float64(1.5), 290, 380, np.float64(0.9000000000000001), 15)",houghCircleAlt,0.479166667,29155865.2,29607715
"(np.float64(1.5), 290, 390, np.float64(0.9000000000000001), 15)",houghCircleAlt,0.479166667,26553244.21,26291855
"(np.float64(1.0), 150, 370, np.float64(0.75), 10)",houghCircleAlt,0.477083333,47622562.09,48225648
"(np.float64(1.0), 160, 380, np.float64(0.7), 15)",houghCircleAlt,0.477083333,46590130.43,47124762.5
"(np.float64(1.0), 170, 340, np.float64(0.7), 15)",houghCircleAlt,0.477083333,50618329.9,51386683
"(np.float64(1.0), 180, 350, np.float64(0.75), 5)",houghCircleAlt,0.477083333,52776821.67,53620960
"(np.float64(1.0), 180, 370, np.float64(0.75), 5)",houghCircleAlt,0.477083333,55296451.12,56280594.5
"(np.float64(1.0), 180, 390, np.float64(0.75), 5)",houghCircleAlt,0.477083333,51966725.83,52671644.5
"(np.float64(1.0), 190, 310, np.float64(0.75), 5)",houghCircleAlt,0.477083333,55485727.27,56826995.5
"(np.float64(1.0), 210, 310, np.float64(0.7), 10)",houghCircleAlt,0.477083333,57464642.36,58415054
"(np.float64(1.0), 260, 300, np.float64(0.75), 5)",houghCircleAlt,0.477083333,67250951.69,67987107.5
"(np.float64(1.0), 280, 300, np.float64(0.75), 10)",houghCircleAlt,0.477083333,69504671.09,69554638
"(np.float64(1.0), 280, 350, np.float64(0.75), 10)",houghCircleAlt,0.477083333,68622497.99,68297885
"(np.float64(1.0), 290, 300, np.float64(0.8500000000000001), 15)",houghCircleAlt,0.477083333,71494207.53,70694833.5
"(np.float64(1.0), 290, 320, np.float64(0.8500000000000001), 15)",houghCircleAlt,0.477083333,69770184.62,69511642
"(np.float64(1.5), 140, 380, np.float64(0.75), 10)",houghCircleAlt,0.477083333,25800282.17,26325718
"(np.float64(1.5), 150, 350, np.float64(0.75), 10)",houghCircleAlt,0.477083333,26587622.1,27244276
"(np.float64(1.5), 150, 360, np.float64(0.75), 10)",houghCircleAlt,0.477083333,26465801.86,26939735.5
"(np.float64(1.5), 160, 330, np.float64(0.7), 15)",houghCircleAlt,0.477083333,26076313.73,26454373.5
"(np.float64(1.5), 200, 310, np.float64(0.75), 5)",houghCircleAlt,0.477083333,30744148.94,31438304.5
"(np.float64(1.5), 260, 330, np.float64(0.7), 10)",houghCircleAlt,0.477083333,31344900.71,32434627
"(np.float64(1.5), 260, 340, np.float64(0.7), 10)",houghCircleAlt,0.477083333,32880504.48,33931668.5
"(np.float64(1.5), 270, 300, np.float64(0.7), 10)",houghCircleAlt,0.477083333,32735342.37,33748990
"(np.float64(1.5), 270, 340, np.float64(0.75), 5)",houghCircleAlt,0.477083333,33514717.16,34417543
"(np.float64(1.5), 270, 350, np.float64(0.75), 5)",houghCircleAlt,0.477083333,32836458.75,33838742.5
"(np.float64(1.5), 280, 390, np.float64(0.7), 15)",houghCircleAlt,0.477083333,30290415.04,30510218.5
"(np.float64(1.0), 150, 360, np.float64(0.75), 10)",houghCircleAlt,0.475,48004354.95,48820695
"(np.float64(1.0), 150, 390, np.float64(0.75), 10)",houghCircleAlt,0.475,47433118.14,48178394.5
"(np.float64(1.0), 170, 300, np.float64(0.7), 15)",houghCircleAlt,0.475,49918537.77,50787138.5
"(np.float64(1.0), 170, 320, np.float64(0.7), 15)",houghCircleAlt,0.475,49070657.26,49562506.5
"(np.float64(1.0), 170, 330, np.float64(0.7), 15)",houghCircleAlt,0.475,50360624.39,51050610.5
"(np.float64(1.0), 180, 330, np.float64(0.75), 5)",houghCircleAlt,0.475,54780021.75,55866618.5
"(np.float64(1.0), 270, 340, np.float64(0.7), 10)",houghCircleAlt,0.475,66548300.92,66485310
"(np.float64(1.0), 290, 310, np.float64(0.8500000000000001), 15)",houghCircleAlt,0.475,72299884.45,71402294.5
"(np.float64(1.0), 290, 340, np.float64(0.9000000000000001), 10)",houghCircleAlt,0.475,71247273.02,70821229
"(np.float64(1.5), 200, 370, np.float64(0.7), 10)",houghCircleAlt,0.475,29036443.36,29615385
"(np.float64(1.5), 200, 370, np.float64(0.75), 5)",houghCircleAlt,0.475,29479109.45,29915874
"(np.float64(1.5), 200, 390, np.float64(0.7), 10)",houghCircleAlt,0.475,29041922.7,29320602
"(np.float64(1.5), 260, 350, np.float64(0.7), 10)",houghCircleAlt,0.475,31052107.73,31967688.5
"(np.float64(1.5), 260, 360, np.float64(0.7), 10)",houghCircleAlt,0.475,30928775.4,31609155.5
"(np.float64(1.5), 270, 320, np.float64(0.7), 10)",houghCircleAlt,0.475,33287525.99,34056222
"(np.float64(1.5), 270, 390, np.float64(0.7), 10)",houghCircleAlt,0.475,30430699.02,31101928.5
"(np.float64(1.5), 280, 340, np.float64(0.7), 15)",houghCircleAlt,0.475,30983432.51,31583711.5
"(np.float64(1.5), 280, 380, np.float64(0.7), 15)",houghCircleAlt,0.475,30215955.81,30571764.5
"(np.float64(1.0), 160, 300, np.float64(0.75), 10)",houghCircleAlt,0.472916667,50477372.58,51603930.5
"(np.float64(1.0), 170, 310, np.float64(0.7), 15)",houghCircleAlt,0.472916667,50937767.31,51550625.5
"(np.float64(1.0), 180, 360, np.float64(0.75), 5)",houghCircleAlt,0.472916667,53203322.01,53950548.5
"(np.float64(1.0), 200, 390, np.float64(0.7), 10)",houghCircleAlt,0.472916667,54460421.12,55107864.5
"(np.float64(1.0), 210, 300, np.float64(0.7), 10)",houghCircleAlt,0.472916667,57560350.97,58808361
"(np.float64(1.0), 270, 300, np.float64(0.7), 10)",houghCircleAlt,0.472916667,67882419.96,68060670
"(np.float64(1.0), 280, 330, np.float64(0.75), 10)",houghCircleAlt,0.472916667,68350592.73,68539669
"(np.float64(1.0), 280, 370, np.float64(0.75), 10)",houghCircleAlt,0.472916667,68328260.14,68366028
"(np.float64(1.0), 290, 350, np.float64(0.9000000000000001), 10)",houghCircleAlt,0.472916667,70773004.12,71155807
"(np.float64(1.5), 160, 360, np.float64(0.7), 15)",houghCircleAlt,0.472916667,25848979.84,26326816
"(np.float64(1.5), 200, 320, np.float64(0.7), 10)",houghCircleAlt,0.472916667,30486871.81,31421569
"(np.float64(1.5), 200, 380, np.float64(0.7), 10)",houghCircleAlt,0.472916667,28460528.94,29011391.5
"(np.float64(1.5), 280, 360, np.float64(0.7), 15)",houghCircleAlt,0.472916667,30255833.38,30789953.5
"(np.float64(1.0), 150, 320, np.float64(0.75), 10)",houghCircleAlt,0.470833333,48820023.44,50049336.5
"(np.float64(1.0), 150, 380, np.float64(0.75), 10)",houghCircleAlt,0.470833333,47532106.05,48357209.5
"(np.float64(1.0), 160, 360, np.float64(0.7), 15)",houghCircleAlt,0.470833333,46916162.29,47710832
"(np.float64(1.0), 200, 340, np.float64(0.7), 10)",houghCircleAlt,0.470833333,55273145.94,56161285.5
"(np.float64(1.0), 200, 350, np.float64(0.7), 10)",houghCircleAlt,0.470833333,54678960.57,55525213
"(np.float64(1.0), 270, 310, np.float64(0.75), 5)",houghCircleAlt,0.470833333,68655932.86,69042031.5
"(np.float64(1.0), 280, 310, np.float64(0.75), 10)",houghCircleAlt,0.470833333,70974201.21,71107505.5
"(np.float64(1.0), 280, 340, np.float64(0.75), 10)",houghCircleAlt,0.470833333,68030368.46,68168107
"(np.float64(1.0), 290, 330, np.float64(0.9000000000000001), 10)",houghCircleAlt,0.470833333,71338755.43,71291816.5
"(np.float64(1.0), 290, 360, np.float64(0.9000000000000001), 10)",houghCircleAlt,0.470833333,71223255.3,70490579
"(np.float64(1.5), 150, 300, np.float64(0.75), 10)",houghCircleAlt,0.470833333,27630097.66,28627385.5
"(np.float64(1.5), 150, 380, np.float64(0.7), 15)",houghCircleAlt,0.470833333,25610770.11,25911360.5
"(np.float64(1.5), 200, 310, np.float64(0.7), 10)",houghCircleAlt,0.470833333,27911825.02,28831434
"(np.float64(1.5), 200, 390, np.float64(0.75), 5)",houghCircleAlt,0.470833333,27445555.17,27913389
"(np.float64(1.5), 270, 310, np.float64(0.7), 10)",houghCircleAlt,0.470833333,32832534.09,33527989.5
"(np.float64(1.5), 270, 330, np.float64(0.7), 10)",houghCircleAlt,0.470833333,31879286.51,32723084.5
"(np.float64(1.5), 270, 360, np.float64(0.75), 5)",houghCircleAlt,0.470833333,31781083.66,32957650.5
"(np.float64(1.5), 270, 370, np.float64(0.7), 10)",houghCircleAlt,0.470833333,29358860.24,29793204
"(np.float64(1.5), 270, 380, np.float64(0.7), 10)",houghCircleAlt,0.470833333,30817512.14,31332536.5
"(np.float64(1.5), 280, 320, np.float64(0.75), 10)",houghCircleAlt,0.470833333,32334227.05,33476693.5
"(np.float64(1.5), 280, 370, np.float64(0.7), 15)",houghCircleAlt,0.470833333,28827959.87,29210750.5
"(np.float64(1.0), 160, 350, np.float64(0.7), 15)",houghCircleAlt,0.46875,48066138.35,48856055.5
"(np.float64(1.0), 180, 320, np.float64(0.75), 5)",houghCircleAlt,0.46875,54339887.71,55586719
"(np.float64(1.0), 200, 360, np.float64(0.7), 10)",houghCircleAlt,0.46875,54571006.14,55026327
"(np.float64(1.0), 230, 350, np.float64(0.7), 5)",houghCircleAlt,0.46875,61302101.53,62159293.5
"(np.float64(1.0), 270, 320, np.float64(0.7), 10)",houghCircleAlt,0.46875,66737172.93,66495318.5
"(np.float64(1.0), 280, 320, np.float64(0.7), 15)",houghCircleAlt,0.46875,66850531.59,66973640.5
"(np.float64(1.0), 280, 380, np.float64(0.7), 15)",houghCircleAlt,0.46875,68704609.41,68416712
"(np.float64(1.0), 290, 310, np.float64(0.9000000000000001), 10)",houghCircleAlt,0.46875,71911291.62,71940598.5
"(np.float64(1.0), 290, 320, np.float64(0.9000000000000001), 10)",houghCircleAlt,0.46875,71020619.48,70629294
"(np.float64(1.0), 290, 370, np.float64(0.9000000000000001), 10)",houghCircleAlt,0.46875,70543002.11,70541735
"(np.float64(1.0), 290, 380, np.float64(0.9000000000000001), 10)",houghCircleAlt,0.46875,69613936.05,68903426.5
"(np.float64(1.5), 140, 370, np.float64(0.75), 10)",houghCircleAlt,0.46875,26483546.57,27047858
"(np.float64(1.5), 150, 320, np.float64(0.75), 10)",houghCircleAlt,0.46875,27210146.77,28010287
"(np.float64(1.5), 200, 380, np.float64(0.75), 5)",houghCircleAlt,0.46875,29172742.82,29742654
"(np.float64(1.5), 280, 310, np.float64(0.75), 10)",houghCircleAlt,0.46875,33241878.99,34147053.5
"(np.float64(1.0), 160, 390, np.float64(0.75), 5)",houghCircleAlt,0.466666667,49803379.91,50553611
"(np.float64(1.0), 170, 350, np.float64(0.75), 5)",houghCircleAlt,0.466666667,52153619.51,53343940.5
"(np.float64(1.0), 170, 370, np.float64(0.75), 5)",houghCircleAlt,0.466666667,51652425.38,52785062
"(np.float64(1.0), 200, 300, np.float64(0.75), 5)",houghCircleAlt,0.466666667,57555381.21,58783331.5
"(np.float64(1.0), 230, 340, np.float64(0.7), 5)",houghCircleAlt,0.466666667,60684646.52,61517585
"(np.float64(1.0), 240, 340, np.float64(0.7), 5)",houghCircleAlt,0.466666667,62286035.54,63135890.5
"(np.float64(1.0), 270, 330, np.float64(0.7), 10)",houghCircleAlt,0.466666667,65731993.21,66215198
"(np.float64(1.0), 280, 300, np.float64(0.7), 15)",houghCircleAlt,0.466666667,68322171.1,68063921
"(np.float64(1.0), 280, 310, np.float64(0.7), 15)",houghCircleAlt,0.466666667,68490035.62,68559846
"(np.float64(1.0), 290, 390, np.float64(0.9000000000000001), 10)",houghCircleAlt,0.466666667,69178997.26,69415436.5
"(np.float64(1.5), 140, 350, np.float64(0.75), 10)",houghCircleAlt,0.466666667,26286719.87,26741774
"(np.float64(1.5), 150, 330, np.float64(0.75), 10)",houghCircleAlt,0.466666667,26784964.24,27495837.5
"(np.float64(1.5), 150, 340, np.float64(0.75), 10)",houghCircleAlt,0.466666667,26841494.99,27692341
"(np.float64(1.5), 190, 390, np.float64(0.7), 10)",houghCircleAlt,0.466666667,26153966.67,26436465.5
"(np.float64(1.5), 200, 350, np.float64(0.7), 10)",houghCircleAlt,0.466666667,29429099.14,30122951.5
"(np.float64(1.5), 270, 340, np.float64(0.7), 10)",houghCircleAlt,0.466666667,30199739.44,30839772
"(np.float64(1.5), 270, 350, np.float64(0.7), 10)",houghCircleAlt,0.466666667,30952393.6,31375928
"(np.float64(1.5), 270, 360, np.float64(0.7), 10)",houghCircleAlt,0.466666667,32416222.78,33171341.5
"(np.float64(1.5), 280, 300, np.float64(0.75), 10)",houghCircleAlt,0.466666667,31248356.95,32053246.5
"(np.float64(1.5), 280, 330, np.float64(0.75), 10)",houghCircleAlt,0.466666667,33001679.78,33784326
"(np.float64(1.5), 280, 340, np.float64(0.75), 10)",houghCircleAlt,0.466666667,33018155.89,33925672.5
"(np.float64(1.5), 280, 350, np.float64(0.75), 10)",houghCircleAlt,0.466666667,32817559.44,33796688.5
"(np.float64(1.5), 280, 360, np.float64(0.75), 10)",houghCircleAlt,0.466666667,31131825.51,31728209
"(np.float64(1.5), 280, 370, np.float64(0.75), 10)",houghCircleAlt,0.466666667,32269030.08,33027020
"(np.float64(1.0), 140, 370, np.float64(0.75), 10)",houghCircleAlt,0.464583333,47030492.62,47858655.5
"(np.float64(1.0), 150, 340, np.float64(0.75), 10)",houghCircleAlt,0.464583333,48440639.47,49195869
"(np.float64(1.0), 150, 350, np.float64(0.75), 10)",houghCircleAlt,0.464583333,47193320.49,48052684.5
"(np.float64(1.0), 150, 370, np.float64(0.7), 15)",houghCircleAlt,0.464583333,46379077.43,46889458
"(np.float64(1.0), 150, 390, np.float64(0.7), 15)",houghCircleAlt,0.464583333,45400488.19,45949639
"(np.float64(1.0), 160, 340, np.float64(0.7), 15)",houghCircleAlt,0.464583333,48260700.44,48828445
"(np.float64(1.0), 170, 340, np.float64(0.75), 5)",houghCircleAlt,0.464583333,52248503.09,53221285.5
"(np.float64(1.0), 170, 380, np.float64(0.75), 5)",houghCircleAlt,0.464583333,52221931.73,53070242
"(np.float64(1.0), 170, 390, np.float64(0.75), 5)",houghCircleAlt,0.464583333,51684030.27,52361366.5
"(np.float64(1.0), 230, 360, np.float64(0.7), 5)",houghCircleAlt,0.464583333,60273118.57,60964341.5
"(np.float64(1.0), 240, 370, np.float64(0.7), 5)",houghCircleAlt,0.464583333,60718446.56,61333323.5
"(np.float64(1.5), 130, 380, np.float64(0.75), 10)",houghCircleAlt,0.464583333,27362076.98,28036567.5
"(np.float64(1.5), 140, 390, np.float64(0.7), 15)",houghCircleAlt,0.464583333,25158662.54,25277752
"(np.float64(1.5), 150, 310, np.float64(0.75), 10)",houghCircleAlt,0.464583333,28285152.19,28977839
"(np.float64(1.5), 150, 340, np.float64(0.7), 15)",houghCircleAlt,0.464583333,27080350.24,27382065.5
"(np.float64(1.5), 150, 370, np.float64(0.7), 15)",houghCircleAlt,0.464583333,25687830.17,26049404.5
"(np.float64(1.5), 160, 320, np.float64(0.7), 15)",houghCircleAlt,0.464583333,26214118.65,26696223
"(np.float64(1.5), 190, 350, np.float64(0.75), 5)",houghCircleAlt,0.464583333,28508465.12,28959310
"(np.float64(1.5), 190, 380, np.float64(0.7), 10)",houghCircleAlt,0.464583333,28305432.03,28493891.5
"(np.float64(1.5), 200, 330, np.float64(0.7), 10)",houghCircleAlt,0.464583333,27627482.68,28337953
"(np.float64(1.5), 280, 390, np.float64(0.75), 10)",houghCircleAlt,0.464583333,31056596.19,31310128.5
"(np.float64(1.0), 150, 330, np.float64(0.75), 10)",houghCircleAlt,0.4625,47736567.28,48899317.5
"(np.float64(1.0), 170, 330, np.float64(0.75), 5)",houghCircleAlt,0.4625,52501488.68,53840542.5
"(np.float64(1.0), 190, 300, np.float64(0.75), 5)",houghCircleAlt,0.4625,56242064.74,57562254.5
"(np.float64(1.0), 200, 370, np.float64(0.7), 10)",houghCircleAlt,0.4625,55377245.09,56045494
"(np.float64(1.0), 240, 330, np.float64(0.7), 5)",houghCircleAlt,0.4625,62254836.41,63246973.5
"(np.float64(1.0), 240, 350, np.float64(0.7), 5)",houghCircleAlt,0.4625,61424937.23,62293525.5
"(np.float64(1.0), 240, 380, np.float64(0.7), 5)",houghCircleAlt,0.4625,61457632.22,61737770
"(np.float64(1.0), 280, 330, np.float64(0.7), 15)",houghCircleAlt,0.4625,67448085.52,67346415
"(np.float64(1.0), 280, 350, np.float64(0.7), 15)",houghCircleAlt,0.4625,67559478.98,67596544
"(np.float64(1.0), 280, 370, np.float64(0.7), 15)",houghCircleAlt,0.4625,67253112.59,67378571.5
"(np.float64(1.0), 290, 300, np.float64(0.9000000000000001), 10)",houghCircleAlt,0.4625,72915221.33,72772720.5
"(np.float64(1.5), 140, 360, np.float64(0.75), 10)",houghCircleAlt,0.4625,24890072.66,25314902
"(np.float64(1.5), 140, 390, np.float64(0.75), 10)",houghCircleAlt,0.4625,27598398.65,28015418
"(np.float64(1.5), 150, 330, np.float64(0.7), 15)",houghCircleAlt,0.4625,26554375.93,26998947.5
"(np.float64(1.5), 150, 350, np.float64(0.7), 15)",houghCircleAlt,0.4625,25829040.24,26148300.5
"(np.float64(1.5), 190, 300, np.float64(0.75), 5)",houghCircleAlt,0.4625,30445817.65,31549218
"(np.float64(1.5), 190, 320, np.float64(0.75), 5)",houghCircleAlt,0.4625,29574378.09,30544277
"(np.float64(1.5), 190, 360, np.float64(0.75), 5)",houghCircleAlt,0.4625,28602980.86,29138209
"(np.float64(1.5), 200, 360, np.float64(0.7), 10)",houghCircleAlt,0.4625,28740073.34,29317697
"(np.float64(1.5), 270, 370, np.float64(0.75), 5)",houghCircleAlt,0.4625,31873786.29,32573849.5
"(np.float64(1.5), 280, 380, np.float64(0.75), 10)",houghCircleAlt,0.4625,30872356.48,31109923.5
"(np.float64(1.5), 290, 320, np.float64(0.8500000000000001), 15)",houghCircleAlt,0.4625,31376528.75,31720910
"(np.float64(1.0), 140, 390, np.float64(0.75), 10)",houghCircleAlt,0.460416667,45316847.83,45898934
"(np.float64(1.0), 150, 310, np.float64(0.75), 10)",houghCircleAlt,0.460416667,48382856.75,49494699.5
"(np.float64(1.0), 160, 330, np.float64(0.7), 15)",houghCircleAlt,0.460416667,47537595.38,48189891
"(np.float64(1.0), 170, 360, np.float64(0.75), 5)",houghCircleAlt,0.460416667,51725200.59,52572728.5
"(np.float64(1.0), 200, 320, np.float64(0.7), 10)",houghCircleAlt,0.460416667,55635542.85,56603551
"(np.float64(1.0), 230, 330, np.float64(0.7), 5)",houghCircleAlt,0.460416667,61664887.9,62375450.5
"(np.float64(1.0), 230, 370, np.float64(0.7), 5)",houghCircleAlt,0.460416667,60517525.28,61122448.5
"(np.float64(1.0), 230, 380, np.float64(0.7), 5)",houghCircleAlt,0.460416667,59647727.82,60275334.5
"(np.float64(1.0), 240, 360, np.float64(0.7), 5)",houghCircleAlt,0.460416667,61814813.77,62487189
"(np.float64(1.0), 250, 370, np.float64(0.7), 5)",houghCircleAlt,0.460416667,64016511.64,64515925
"(np.float64(1.0), 270, 300, np.float64(0.75), 5)",houghCircleAlt,0.460416667,68644351.22,69330772.5
"(np.float64(1.0), 280, 340, np.float64(0.7), 15)",houghCircleAlt,0.460416667,67151644.64,66795010.5
"(np.float64(1.5), 130, 350, np.float64(0.75), 10)",houghCircleAlt,0.460416667,26104054.05,26691382.5
"(np.float64(1.5), 140, 320, np.float64(0.75), 10)",houghCircleAlt,0.460416667,26797721.06,27533934.5
"(np.float64(1.5), 190, 330, np.float64(0.75), 5)",houghCircleAlt,0.460416667,30396480.75,31267138
"(np.float64(1.5), 190, 340, np.float64(0.75), 5)",houghCircleAlt,0.460416667,29148731.92,29938897
"(np.float64(1.5), 200, 340, np.float64(0.7), 10)",houghCircleAlt,0.460416667,28263409.13,28840288.5
"(np.float64(1.5), 290, 300, np.float64(0.8500000000000001), 15)",houghCircleAlt,0.460416667,32555690.69,33280265.5
"(np.float64(1.5), 290, 380, np.float64(0.8500000000000001), 15)",houghCircleAlt,0.460416667,31755392.81,32048033.5
"(np.float64(1.0), 160, 380, np.float64(0.75), 5)",houghCircleAlt,0.458333333,50157119.01,50873535.5
"(np.float64(1.0), 170, 320, np.float64(0.75), 5)",houghCircleAlt,0.458333333,52822194.51,54140049.5
"(np.float64(1.0), 180, 310, np.float64(0.75), 5)",houghCircleAlt,0.458333333,55198423.99,56340217
"(np.float64(1.0), 200, 380, np.float64(0.7), 10)",houghCircleAlt,0.458333333,53694211.91,54502754.5
"(np.float64(1.0), 250, 330, np.float64(0.7), 5)",houghCircleAlt,0.458333333,64576749.02,65201962
"(np.float64(1.0), 250, 340, np.float64(0.7), 5)",houghCircleAlt,0.458333333,64164485.78,64795674.5
"(np.float64(1.0), 250, 350, np.float64(0.7), 5)",houghCircleAlt,0.458333333,64173648.35,64719140.5
"(np.float64(1.0), 250, 360, np.float64(0.7), 5)",houghCircleAlt,0.458333333,63180847.32,63680136.5
"(np.float64(1.0), 250, 380, np.float64(0.7), 5)",houghCircleAlt,0.458333333,63199842.55,63735385.5
"(np.float64(1.0), 270, 310, np.float64(0.7), 10)",houghCircleAlt,0.458333333,68270058.31,68885246
"(np.float64(1.0), 290, 340, np.float64(0.8500000000000001), 10)",houghCircleAlt,0.458333333,69137509.72,69229920
"(np.float64(1.0), 290, 350, np.float64(0.8500000000000001), 10)",houghCircleAlt,0.458333333,71833538.86,71835822
"(np.float64(1.0), 290, 360, np.float64(0.8500000000000001), 10)",houghCircleAlt,0.458333333,68838832.31,69124581.5
"(np.float64(1.5), 130, 370, np.float64(0.75), 10)",houghCircleAlt,0.458333333,26998754.09,27693412.5
"(np.float64(1.5), 140, 300, np.float64(0.75), 10)",houghCircleAlt,0.458333333,27333959.98,28282594.5
"(np.float64(1.5), 140, 340, np.float64(0.75), 10)",houghCircleAlt,0.458333333,28013007.93,28686892.5
"(np.float64(1.5), 160, 300, np.float64(0.7), 15)",houghCircleAlt,0.458333333,27376054.63,28107797.5
"(np.float64(1.5), 190, 370, np.float64(0.7), 10)",houghCircleAlt,0.458333333,28884473.16,29368758
"(np.float64(1.5), 190, 370, np.float64(0.75), 5)",houghCircleAlt,0.458333333,28239448.14,28907676
"(np.float64(1.5), 270, 390, np.float64(0.75), 5)",houghCircleAlt,0.458333333,32146948.26,33089152
"(np.float64(1.5), 290, 310, np.float64(0.8500000000000001), 15)",houghCircleAlt,0.458333333,32441118.36,33060712
"(np.float64(1.5), 290, 330, np.float64(0.8500000000000001), 15)",houghCircleAlt,0.458333333,31948356.21,32454721.5
"(np.float64(1.5), 290, 390, np.float64(0.8500000000000001), 15)",houghCircleAlt,0.458333333,30008415.47,29888086
"(np.float64(1.0), 140, 360, np.float64(0.75), 10)",houghCircleAlt,0.45625,46581409.5,47451416.5
"(np.float64(1.0), 150, 380, np.float64(0.7), 15)",houghCircleAlt,0.45625,47075439.56,47685205.5
"(np.float64(1.0), 160, 300, np.float64(0.7), 15)",houghCircleAlt,0.45625,49995013.81,50989683.5
"(np.float64(1.0), 160, 320, np.float64(0.7), 15)",houghCircleAlt,0.45625,49469777.34,50398329.5
"(np.float64(1.0), 160, 330, np.float64(0.75), 5)",houghCircleAlt,0.45625,51024980.28,52440294.5
"(np.float64(1.0), 160, 340, np.float64(0.75), 5)",houghCircleAlt,0.45625,51695948.96,52614382.5
"(np.float64(1.0), 160, 350, np.float64(0.75), 5)",houghCircleAlt,0.45625,50582128.61,51733079
"(np.float64(1.0), 200, 330, np.float64(0.7), 10)",houghCircleAlt,0.45625,55256764.53,55993251
"(np.float64(1.0), 240, 390, np.float64(0.7), 5)",houghCircleAlt,0.45625,63855214.54,64341277
"(np.float64(1.0), 280, 360, np.float64(0.7), 15)",houghCircleAlt,0.45625,68038702.67,68045361
"(np.float64(1.0), 290, 350, np.float64(0.8), 15)",houghCircleAlt,0.45625,69289540.58,69040779
"(np.float64(1.5), 140, 310, np.float64(0.75), 10)",houghCircleAlt,0.45625,26599552.72,27357654
"(np.float64(1.5), 140, 330, np.float64(0.75), 10)",houghCircleAlt,0.45625,25543189.65,26533718.5
"(np.float64(1.5), 180, 340, np.float64(0.75), 5)",houghCircleAlt,0.45625,28221073.18,28911194
"(np.float64(1.5), 180, 350, np.float64(0.75), 5)",houghCircleAlt,0.45625,28118348.73,28782648
"(np.float64(1.5), 180, 360, np.float64(0.75), 5)",houghCircleAlt,0.45625,28320260.51,28974308
"(np.float64(1.5), 190, 310, np.float64(0.75), 5)",houghCircleAlt,0.45625,30799855.63,31957113
"(np.float64(1.5), 290, 350, np.float64(0.8500000000000001), 15)",houghCircleAlt,0.45625,32555974.75,33015659.5
"(np.float64(1.0), 140, 380, np.float64(0.75), 10)",houghCircleAlt,0.454166667,45947667.51,46576429.5
"(np.float64(1.0), 140, 390, np.float64(0.7), 15)",houghCircleAlt,0.454166667,44883100.56,45287987.5
"(np.float64(1.0), 160, 310, np.float64(0.7), 15)",houghCircleAlt,0.454166667,48085379.85,49032717
"(np.float64(1.0), 220, 350, np.float64(0.7), 5)",houghCircleAlt,0.454166667,59445450.82,60200839
"(np.float64(1.0), 260, 330, np.float64(0.7), 5)",houghCircleAlt,0.454166667,65081431.81,65791543
"(np.float64(1.0), 290, 310, np.float64(0.8500000000000001), 10)",houghCircleAlt,0.454166667,71778602.79,71695329
"(np.float64(1.0), 290, 330, np.float64(0.8500000000000001), 10)",houghCircleAlt,0.454166667,72320868.95,71920335.5
"(np.float64(1.0), 290, 370, np.float64(0.8500000000000001), 10)",houghCircleAlt,0.454166667,71833012.6,71535909.5
"(np.float64(1.0), 290, 380, np.float64(0.8500000000000001), 10)",houghCircleAlt,0.454166667,70292113.29,70196321
"(np.float64(1.5), 150, 360, np.float64(0.7), 15)",houghCircleAlt,0.454166667,25700431.72,25761730
"(np.float64(1.5), 180, 300, np.float64(0.75), 5)",houghCircleAlt,0.454166667,30692986.61,31767963.5
"(np.float64(1.5), 180, 320, np.float64(0.75), 5)",houghCircleAlt,0.454166667,28792544.98,29570776
"(np.float64(1.5), 190, 300, np.float64(0.7), 10)",houghCircleAlt,0.454166667,29378222.89,30064612.5
"(np.float64(1.5), 270, 380, np.float64(0.75), 5)",houghCircleAlt,0.454166667,31368068.03,32037473
"(np.float64(1.5), 290, 340, np.float64(0.8500000000000001), 15)",houghCircleAlt,0.454166667,32085222.31,32577901.5
"(np.float64(1.5), 290, 360, np.float64(0.8500000000000001), 15)",houghCircleAlt,0.454166667,31358036.46,31806511.5
"(np.float64(1.5), 290, 370, np.float64(0.8500000000000001), 15)",houghCircleAlt,0.454166667,29132030.61,29383864.5
"(np.float64(1.0), 140, 340, np.float64(0.75), 10)",houghCircleAlt,0.452083333,46886619.87,47646894
"(np.float64(1.0), 140, 370, np.float64(0.7), 15)",houghCircleAlt,0.452083333,45261768.85,45961356
"(np.float64(1.0), 150, 390, np.float64(0.75), 5)",houghCircleAlt,0.452083333,49423050.24,50214861
"(np.float64(1.0), 190, 320, np.float64(0.7), 10)",houghCircleAlt,0.452083333,54288435.49,55413703.5
"(np.float64(1.0), 190, 390, np.float64(0.7), 10)",houghCircleAlt,0.452083333,52208599.38,52853330
"(np.float64(1.0), 220, 340, np.float64(0.7), 5)",houghCircleAlt,0.452083333,62256851.13,63288642
"(np.float64(1.0), 260, 360, np.float64(0.7), 5)",houghCircleAlt,0.452083333,65326672.09,66016660
"(np.float64(1.0), 260, 370, np.float64(0.7), 5)",houghCircleAlt,0.452083333,66702059.28,67296751.5
"(np.float64(1.0), 290, 320, np.float64(0.8500000000000001), 10)",houghCircleAlt,0.452083333,70483012.46,70494781
"(np.float64(1.0), 290, 340, np.float64(0.8), 15)",houghCircleAlt,0.452083333,68907029.75,68944978.5
"(np.float64(1.5), 130, 300, np.float64(0.75), 10)",houghCircleAlt,0.452083333,26483362.2,27001832.5
"(np.float64(1.5), 130, 320, np.float64(0.75), 10)",houghCircleAlt,0.452083333,26965435.28,27564688.5
"(np.float64(1.5), 130, 330, np.float64(0.75), 10)",houghCircleAlt,0.452083333,26285675.98,27155781
"(np.float64(1.5), 130, 340, np.float64(0.75), 10)",houghCircleAlt,0.452083333,26447854.08,27122512
"(np.float64(1.5), 130, 360, np.float64(0.75), 10)",houghCircleAlt,0.452083333,24429481.16,24905499
"(np.float64(1.5), 150, 300, np.float64(0.7), 15)",houghCircleAlt,0.452083333,25356661.02,26281365
"(np.float64(1.5), 160, 310, np.float64(0.7), 15)",houghCircleAlt,0.452083333,26316052.62,26985457.5
"(np.float64(1.5), 170, 360, np.float64(0.75), 5)",houghCircleAlt,0.452083333,27938641.8,28474245
"(np.float64(1.5), 180, 330, np.float64(0.75), 5)",houghCircleAlt,0.452083333,30258966.19,31286060
"(np.float64(1.5), 180, 370, np.float64(0.75), 5)",houghCircleAlt,0.452083333,28973240.21,29433563.5
"(np.float64(1.5), 190, 350, np.float64(0.7), 10)",houghCircleAlt,0.452083333,29165862.67,29983074
"(np.float64(1.5), 190, 360, np.float64(0.7), 10)",houghCircleAlt,0.452083333,26717913.22,27142825
"(np.float64(1.5), 190, 380, np.float64(0.75), 5)",houghCircleAlt,0.452083333,29325319.69,29612961
"(np.float64(1.5), 190, 390, np.float64(0.75), 5)",houghCircleAlt,0.452083333,28699665.9,28921758.5
"(np.float64(1.0), 130, 370, np.float64(0.75), 10)",houghCircleAlt,0.45,45625857.74,46438085
"(np.float64(1.0), 140, 320, np.float64(0.75), 10)",houghCircleAlt,0.45,47431062.9,48398037
"(np.float64(1.0), 140, 350, np.float64(0.75), 10)",houghCircleAlt,0.45,47532703.43,48411632
"(np.float64(1.0), 150, 300, np.float64(0.75), 10)",houghCircleAlt,0.45,49430094.76,50623406
"(np.float64(1.0), 160, 370, np.float64(0.75), 5)",houghCircleAlt,0.45,50146328.44,51009560.5
"(np.float64(1.0), 190, 340, np.float64(0.7), 10)",houghCircleAlt,0.45,53715384.08,54636060.5
"(np.float64(1.0), 200, 310, np.float64(0.7), 10)",houghCircleAlt,0.45,55718342.46,56966326.5
"(np.float64(1.0), 220, 360, np.float64(0.7), 5)",houghCircleAlt,0.45,59987682.71,60767829.5
"(np.float64(1.0), 230, 390, np.float64(0.7), 5)",houghCircleAlt,0.45,59920838.02,60433260.5
"(np.float64(1.0), 260, 340, np.float64(0.7), 5)",houghCircleAlt,0.45,65781478.53,66310882.5
"(np.float64(1.0), 260, 350, np.float64(0.7), 5)",houghCircleAlt,0.45,64891830.13,65521827
"(np.float64(1.0), 290, 300, np.float64(0.8500000000000001), 10)",houghCircleAlt,0.45,70994735.5,70956508
"(np.float64(1.0), 290, 330, np.float64(0.8), 15)",houghCircleAlt,0.45,69588630.12,69363028
"(np.float64(1.0), 290, 380, np.float64(0.8), 15)",houghCircleAlt,0.45,66648357.68,66417026.5
"(np.float64(1.0), 290, 390, np.float64(0.8), 15)",houghCircleAlt,0.45,68313062.68,67892490
"(np.float64(1.0), 290, 390, np.float64(0.8500000000000001), 10)",houghCircleAlt,0.45,69901090.56,69706222
"(np.float64(1.5), 130, 310, np.float64(0.75), 10)",houghCircleAlt,0.45,27564576.94,28174194.5
"(np.float64(1.5), 130, 390, np.float64(0.75), 10)",houghCircleAlt,0.45,25275499.14,25571148
"(np.float64(1.5), 140, 380, np.float64(0.7), 15)",houghCircleAlt,0.45,23430147.03,23846778.5
"(np.float64(1.5), 150, 320, np.float64(0.7), 15)",houghCircleAlt,0.45,26076055.5,26472782.5
"(np.float64(1.5), 190, 330, np.float64(0.7), 10)",houghCircleAlt,0.45,28073699.97,28642429.5
"(np.float64(1.0), 160, 360, np.float64(0.75), 5)",houghCircleAlt,0.447916667,50540014.78,51404061
"(np.float64(1.0), 220, 330, np.float64(0.7), 5)",houghCircleAlt,0.447916667,59929989.35,60977677
"(np.float64(1.0), 250, 390, np.float64(0.7), 5)",houghCircleAlt,0.447916667,63187305.84,63163883.5
"(np.float64(1.0), 290, 300, np.float64(0.8), 15)",houghCircleAlt,0.447916667,70892809.89,70757920.5
"(np.float64(1.0), 290, 310, np.float64(0.8), 15)",houghCircleAlt,0.447916667,70185191.21,69729485.5
"(np.float64(1.0), 290, 360, np.float64(0.8), 15)",houghCircleAlt,0.447916667,68739917.29,68722406
"(np.float64(1.5), 140, 340, np.float64(0.7), 15)",houghCircleAlt,0.447916667,26929683.36,27184880
"(np.float64(1.5), 140, 370, np.float64(0.7), 15)",houghCircleAlt,0.447916667,24451529.71,24851632.5
"(np.float64(1.5), 170, 320, np.float64(0.75), 5)",houghCircleAlt,0.447916667,29428019.39,30560347
"(np.float64(1.5), 170, 350, np.float64(0.75), 5)",houghCircleAlt,0.447916667,26804614.93,27429639.5
"(np.float64(1.5), 180, 310, np.float64(0.75), 5)",houghCircleAlt,0.447916667,30084140.13,30894100
"(np.float64(1.5), 180, 380, np.float64(0.75), 5)",houghCircleAlt,0.447916667,29575788.36,30228560.5
"(np.float64(1.5), 190, 320, np.float64(0.7), 10)",houghCircleAlt,0.447916667,28495370.75,29156203.5
"(np.float64(1.5), 190, 340, np.float64(0.7), 10)",houghCircleAlt,0.447916667,28235487.49,28934241
"(np.float64(1.0), 140, 380, np.float64(0.7), 15)",houghCircleAlt,0.445833333,44464504.97,44984773.5
"(np.float64(1.0), 140, 390, np.float64(0.75), 5)",houghCircleAlt,0.445833333,47167129.53,48071354
"(np.float64(1.0), 150, 360, np.float64(0.7), 15)",houghCircleAlt,0.445833333,47444459.57,48050901.5
"(np.float64(1.0), 160, 320, np.float64(0.75), 5)",houghCircleAlt,0.445833333,52340493.34,53242470
"(np.float64(1.0), 170, 310, np.float64(0.75), 5)",houghCircleAlt,0.445833333,53153107.16,54691724.5
"(np.float64(1.0), 190, 350, np.float64(0.7), 10)",houghCircleAlt,0.445833333,53591109.3,54439886
"(np.float64(1.0), 190, 360, np.float64(0.7), 10)",houghCircleAlt,0.445833333,52874195.97,53642025
"(np.float64(1.0), 230, 320, np.float64(0.7), 5)",houghCircleAlt,0.445833333,61284144.48,62561728.5
"(np.float64(1.0), 240, 320, np.float64(0.7), 5)",houghCircleAlt,0.445833333,62194785.07,63343314.5
"(np.float64(1.0), 260, 380, np.float64(0.7), 5)",houghCircleAlt,0.445833333,64644811.51,65134159
"(np.float64(1.0), 290, 320, np.float64(0.8), 15)",houghCircleAlt,0.445833333,70116935.12,69755494
"(np.float64(1.0), 290, 370, np.float64(0.8), 15)",houghCircleAlt,0.445833333,70674816.05,69754894
"(np.float64(1.5), 120, 350, np.float64(0.75), 10)",houghCircleAlt,0.445833333,25596589.19,26136840
"(np.float64(1.5), 120, 370, np.float64(0.75), 10)",houghCircleAlt,0.445833333,25309277.17,25618421
"(np.float64(1.5), 120, 380, np.float64(0.75), 10)",houghCircleAlt,0.445833333,24730781.72,25113094.5
"(np.float64(1.5), 140, 330, np.float64(0.7), 15)",houghCircleAlt,0.445833333,25036240.6,25561189.5
"(np.float64(1.5), 170, 330, np.float64(0.75), 5)",houghCircleAlt,0.445833333,30526355.36,31726045
"(np.float64(1.5), 170, 340, np.float64(0.75), 5)",houghCircleAlt,0.445833333,29126714.77,29946916.5
"(np.float64(1.5), 170, 370, np.float64(0.75), 5)",houghCircleAlt,0.445833333,28339971.08,28754288.5
"(np.float64(1.5), 290, 300, np.float64(0.9000000000000001), 10)",houghCircleAlt,0.445833333,33000763.52,33799375.5
"(np.float64(1.5), 290, 310, np.float64(0.9000000000000001), 10)",houghCircleAlt,0.445833333,33983380.31,34840513
"(np.float64(1.5), 290, 320, np.float64(0.9000000000000001), 10)",houghCircleAlt,0.445833333,33817405.95,34605711
"(np.float64(1.0), 130, 360, np.float64(0.75), 10)",houghCircleAlt,0.44375,45146120.29,45973784
"(np.float64(1.0), 130, 380, np.float64(0.75), 10)",houghCircleAlt,0.44375,45001699.7,45595635
"(np.float64(1.0), 130, 390, np.float64(0.75), 10)",houghCircleAlt,0.44375,45103820.18,45676400.5
"(np.float64(1.0), 150, 300, np.float64(0.7), 15)",houghCircleAlt,0.44375,47736701.8,48662110.5
"(np.float64(1.0), 150, 340, np.float64(0.7), 15)",houghCircleAlt,0.44375,47890938.22,48611397.5
"(np.float64(1.0), 150, 350, np.float64(0.7), 15)",houghCircleAlt,0.44375,47361238.53,48137152
"(np.float64(1.0), 150, 380, np.float64(0.75), 5)",houghCircleAlt,0.44375,48863088.13,49672293.5
"(np.float64(1.0), 180, 300, np.float64(0.75), 5)",houghCircleAlt,0.44375,55237859.18,56506934.5
"(np.float64(1.0), 190, 370, np.float64(0.7), 10)",houghCircleAlt,0.44375,52503740.56,53029234.5
"(np.float64(1.0), 200, 300, np.float64(0.7), 10)",houghCircleAlt,0.44375,55326657.92,56519503.5
"(np.float64(1.0), 220, 370, np.float64(0.7), 5)",houghCircleAlt,0.44375,58983843.55,59669187
"(np.float64(1.0), 220, 380, np.float64(0.7), 5)",houghCircleAlt,0.44375,58207378.67,58883709.5
"(np.float64(1.5), 120, 340, np.float64(0.75), 10)",houghCircleAlt,0.44375,25418320.84,25910294
"(np.float64(1.5), 130, 390, np.float64(0.7), 15)",houghCircleAlt,0.44375,24138295.85,24363577.5
"(np.float64(1.5), 140, 350, np.float64(0.7), 15)",houghCircleAlt,0.44375,23874603.4,24400100.5
"(np.float64(1.5), 150, 310, np.float64(0.7), 15)",houghCircleAlt,0.44375,26038900.16,26610813
"(np.float64(1.5), 180, 390, np.float64(0.75), 5)",houghCircleAlt,0.44375,27407465.7,28175129.5
"(np.float64(1.5), 190, 310, np.float64(0.7), 10)",houghCircleAlt,0.44375,29197186.57,29356894
"(np.float64(1.0), 150, 310, np.float64(0.7), 15)",houghCircleAlt,0.441666667,47610897.22,48645911.5
"(np.float64(1.0), 150, 330, np.float64(0.7), 15)",houghCircleAlt,0.441666667,49446611.71,50463482
"(np.float64(1.0), 150, 350, np.float64(0.75), 5)",houghCircleAlt,0.441666667,49223096.91,50155484
"(np.float64(1.0), 190, 310, np.float64(0.7), 10)",houghCircleAlt,0.441666667,53381742.59,54545715.5
"(np.float64(1.0), 240, 310, np.float64(0.7), 5)",houghCircleAlt,0.441666667,62840193.4,64130427
"(np.float64(1.0), 280, 390, np.float64(0.7), 10)",houghCircleAlt,0.441666667,68849262.31,68612490
"(np.float64(1.5), 120, 300, np.float64(0.75), 10)",houghCircleAlt,0.441666667,25426605.33,26413192
"(np.float64(1.5), 120, 320, np.float64(0.75), 10)",houghCircleAlt,0.441666667,26610629.79,27465221.5
"(np.float64(1.5), 120, 330, np.float64(0.75), 10)",houghCircleAlt,0.441666667,27833482.82,28755121.5
"(np.float64(1.5), 120, 360, np.float64(0.75), 10)",houghCircleAlt,0.441666667,24280972.91,25079876
"(np.float64(1.5), 170, 380, np.float64(0.75), 5)",houghCircleAlt,0.441666667,27525057.94,27998512
"(np.float64(1.0), 130, 390, np.float64(0.7), 15)",houghCircleAlt,0.439583333,43637286.9,44190508
"(np.float64(1.0), 140, 330, np.float64(0.75), 10)",houghCircleAlt,0.439583333,48060788.43,49057039
"(np.float64(1.0), 150, 320, np.float64(0.7), 15)",houghCircleAlt,0.439583333,47037295.83,47936440.5
"(np.float64(1.0), 150, 340, np.float64(0.75), 5)",houghCircleAlt,0.439583333,49307382.8,50625045
"(np.float64(1.0), 190, 330, np.float64(0.7), 10)",houghCircleAlt,0.439583333,52861234.52,53855931.5
"(np.float64(1.0), 230, 310, np.float64(0.7), 5)",houghCircleAlt,0.439583333,63786393.95,65259660.5
"(np.float64(1.0), 250, 320, np.float64(0.7), 5)",houghCircleAlt,0.439583333,64421051.45,65219580
"(np.float64(1.0), 260, 390, np.float64(0.7), 5)",houghCircleAlt,0.439583333,67160427.59,67217422.5
"(np.float64(1.0), 280, 350, np.float64(0.75), 5)",houghCircleAlt,0.439583333,69393094.34,69997764
"(np.float64(1.5), 120, 310, np.float64(0.75), 10)",houghCircleAlt,0.439583333,26234519.53,26920187.5
"(np.float64(1.5), 140, 300, np.float64(0.7), 15)",houghCircleAlt,0.439583333,25041921.95,25702017.5
"(np.float64(1.5), 140, 320, np.float64(0.7), 15)",houghCircleAlt,0.439583333,26594556.04,27143619
"(np.float64(1.5), 170, 300, np.float64(0.75), 5)",houghCircleAlt,0.439583333,30130335.69,30978472
"(np.float64(1.5), 180, 300, np.float64(0.7), 10)",houghCircleAlt,0.439583333,27633449.33,28491885
"(np.float64(1.5), 290, 330, np.float64(0.9000000000000001), 10)",houghCircleAlt,0.439583333,34581255.4,35173652
"(np.float64(1.5), 290, 340, np.float64(0.9000000000000001), 10)",houghCircleAlt,0.439583333,33283871.2,33801643.5
"(np.float64(1.5), 290, 350, np.float64(0.9000000000000001), 10)",houghCircleAlt,0.439583333,30433364.04,31010472.5
"(np.float64(1.5), 290, 360, np.float64(0.9000000000000001), 10)",houghCircleAlt,0.439583333,32771201.33,33440801
"(np.float64(1.5), 290, 370, np.float64(0.9000000000000001), 10)",houghCircleAlt,0.439583333,31403232.94,31895056
"(np.float64(1.5), 290, 380, np.float64(0.9000000000000001), 10)",houghCircleAlt,0.439583333,32329606.93,32770870
"(np.float64(1.5), 290, 390, np.float64(0.9000000000000001), 10)",houghCircleAlt,0.439583333,28628173.73,28533650.5
"(np.float64(1.0), 120, 390, np.float64(0.7), 15)",houghCircleAlt,0.4375,41792295.03,42187416
"(np.float64(1.0), 130, 350, np.float64(0.75), 10)",houghCircleAlt,0.4375,46334590.95,46973964
"(np.float64(1.0), 130, 370, np.float64(0.7), 15)",houghCircleAlt,0.4375,44037104.33,44652584
"(np.float64(1.0), 130, 390, np.float64(0.75), 5)",houghCircleAlt,0.4375,46902663.1,47393172
"(np.float64(1.0), 150, 330, np.float64(0.75), 5)",houghCircleAlt,0.4375,49813286.12,51065105.5
"(np.float64(1.0), 150, 370, np.float64(0.75), 5)",houghCircleAlt,0.4375,48146791.23,49023435
"(np.float64(1.0), 160, 310, np.float64(0.75), 5)",houghCircleAlt,0.4375,54415773.76,55896797
"(np.float64(1.0), 190, 380, np.float64(0.7), 10)",houghCircleAlt,0.4375,54052131.61,54510699.5
"(np.float64(1.0), 210, 350, np.float64(0.7), 5)",houghCircleAlt,0.4375,57409935.22,58365526.5
"(np.float64(1.0), 280, 360, np.float64(0.75), 5)",houghCircleAlt,0.4375,67566142.77,68204469.5
"(np.float64(1.0), 280, 380, np.float64(0.7), 10)",houghCircleAlt,0.4375,66490939.33,66673382
"(np.float64(1.5), 130, 330, np.float64(0.7), 15)",houghCircleAlt,0.4375,24755591.71,25241365
"(np.float64(1.5), 140, 360, np.float64(0.7), 15)",houghCircleAlt,0.4375,25112929.63,25378408.5
"(np.float64(1.5), 160, 330, np.float64(0.75), 5)",houghCircleAlt,0.4375,26849882.22,27666365
"(np.float64(1.5), 180, 370, np.float64(0.7), 10)",houghCircleAlt,0.4375,27829051.06,28136054.5
"(np.float64(1.5), 180, 380, np.float64(0.7), 10)",houghCircleAlt,0.4375,26870949.8,27150025
"(np.float64(1.0), 130, 320, np.float64(0.75), 10)",houghCircleAlt,0.435416667,45515484.24,46570914
"(np.float64(1.0), 130, 340, np.float64(0.75), 10)",houghCircleAlt,0.435416667,45039573.97,46044090.5
"(np.float64(1.0), 140, 300, np.float64(0.75), 10)",houghCircleAlt,0.435416667,48026451.56,49187332.5
"(np.float64(1.0), 140, 310, np.float64(0.75), 10)",houghCircleAlt,0.435416667,47752644.1,48803316.5
"(np.float64(1.0), 140, 380, np.float64(0.75), 5)",houghCircleAlt,0.435416667,48327688.74,49101642
"(np.float64(1.0), 150, 360, np.float64(0.75), 5)",houghCircleAlt,0.435416667,49342550.93,50262360
"(np.float64(1.0), 180, 320, np.float64(0.7), 10)",houghCircleAlt,0.435416667,52848604.89,53980315
"(np.float64(1.0), 190, 300, np.float64(0.7), 10)",houghCircleAlt,0.435416667,54737729.67,56117664.5
"(np.float64(1.0), 220, 390, np.float64(0.7), 5)",houghCircleAlt,0.435416667,58849385.62,59519250.5
"(np.float64(1.0), 260, 320, np.float64(0.7), 5)",houghCircleAlt,0.435416667,66340147.48,66825082
"(np.float64(1.0), 270, 370, np.float64(0.7), 5)",houghCircleAlt,0.435416667,66247086.87,66531216
"(np.float64(1.0), 280, 330, np.float64(0.75), 5)",houghCircleAlt,0.435416667,70374592.03,70396210.5
"(np.float64(1.0), 280, 390, np.float64(0.75), 5)",houghCircleAlt,0.435416667,69525494.06,69446179.5
"(np.float64(1.0), 290, 340, np.float64(0.9000000000000001), 5)",houghCircleAlt,0.435416667,72284709.48,72001928.5
"(np.float64(1.0), 290, 390, np.float64(0.9000000000000001), 5)",houghCircleAlt,0.435416667,70997757.29,70748843.5
"(np.float64(1.5), 110, 350, np.float64(0.75), 10)",houghCircleAlt,0.435416667,25294735.77,25914497
"(np.float64(1.5), 110, 370, np.float64(0.75), 10)",houghCircleAlt,0.435416667,24951878.2,25589380.5
"(np.float64(1.5), 130, 340, np.float64(0.7), 15)",houghCircleAlt,0.435416667,24727634.44,25027396
"(np.float64(1.5), 140, 310, np.float64(0.7), 15)",houghCircleAlt,0.435416667,26651924.4,27227741.5
"(np.float64(1.5), 160, 340, np.float64(0.75), 5)",houghCircleAlt,0.435416667,27931849.69,28846813
"(np.float64(1.5), 160, 350, np.float64(0.75), 5)",houghCircleAlt,0.435416667,28535963.58,29365892.5
"(np.float64(1.5), 170, 310, np.float64(0.75), 5)",houghCircleAlt,0.435416667,28794366.28,29735684.5
"(np.float64(1.5), 180, 350, np.float64(0.7), 10)",houghCircleAlt,0.435416667,28055861.4,28399072
"(np.float64(1.5), 180, 360, np.float64(0.7), 10)",houghCircleAlt,0.435416667,27470456.66,28016235.5
"(np.float64(1.5), 180, 390, np.float64(0.7), 10)",houghCircleAlt,0.435416667,28160372.61,28585472.5
"(np.float64(1.5), 240, 320, np.float64(0.7), 5)",houghCircleAlt,0.435416667,31801129.19,33003235.5
"(np.float64(1.5), 280, 320, np.float64(0.75), 5)",houghCircleAlt,0.435416667,34209266.37,35379673.5
"(np.float64(1.0), 120, 390, np.float64(0.75), 10)",houghCircleAlt,0.433333333,45372990.43,46179454.5
"(np.float64(1.0), 130, 380, np.float64(0.7), 15)",houghCircleAlt,0.433333333,43067728.94,43620428.5
"(np.float64(1.0), 140, 340, np.float64(0.7), 15)",houghCircleAlt,0.433333333,46539304.18,47275511
"(np.float64(1.0), 140, 350, np.float64(0.7), 15)",houghCircleAlt,0.433333333,45487609,46034071.5
"(np.float64(1.0), 140, 350, np.float64(0.75), 5)",houghCircleAlt,0.433333333,47818332.42,48602571
"(np.float64(1.0), 140, 360, np.float64(0.7), 15)",houghCircleAlt,0.433333333,46269478.03,46872975.5
"(np.float64(1.0), 170, 300, np.float64(0.75), 5)",houghCircleAlt,0.433333333,53724176.65,55120363.5
"(np.float64(1.0), 210, 340, np.float64(0.7), 5)",houghCircleAlt,0.433333333,57322454.6,58207259
"(np.float64(1.0), 220, 320, np.float64(0.7), 5)",houghCircleAlt,0.433333333,59508775.93,60875355
"(np.float64(1.0), 250, 310, np.float64(0.7), 5)",houghCircleAlt,0.433333333,64876801.56,65817522
"(np.float64(1.0), 280, 300, np.float64(0.7), 10)",houghCircleAlt,0.433333333,69072520.19,69209660.5
"(np.float64(1.0), 280, 370, np.float64(0.75), 5)",houghCircleAlt,0.433333333,69080459.64,69438134
"(np.float64(1.0), 280, 380, np.float64(0.75), 5)",houghCircleAlt,0.433333333,69534399.17,69158284.5
"(np.float64(1.0), 290, 350, np.float64(0.9000000000000001), 5)",houghCircleAlt,0.433333333,70872530.34,71138018.5
"(np.float64(1.5), 110, 300, np.float64(0.75), 10)",houghCircleAlt,0.433333333,27729677.04,28462551.5
"(np.float64(1.5), 120, 390, np.float64(0.75), 10)",houghCircleAlt,0.433333333,25277365.16,25624202.5
"(np.float64(1.5), 130, 300, np.float64(0.7), 15)",houghCircleAlt,0.433333333,24648803.97,25308820.5
"(np.float64(1.5), 130, 370, np.float64(0.7), 15)",houghCircleAlt,0.433333333,24942751.9,25366298.5
"(np.float64(1.5), 160, 320, np.float64(0.75), 5)",houghCircleAlt,0.433333333,28738459.37,29516179.5
"(np.float64(1.5), 160, 360, np.float64(0.75), 5)",houghCircleAlt,0.433333333,27491181.8,28224084.5
"(np.float64(1.5), 170, 390, np.float64(0.75), 5)",houghCircleAlt,0.433333333,27990551.92,28348501.5
"(np.float64(1.5), 180, 310, np.float64(0.7), 10)",houghCircleAlt,0.433333333,30588040.26,31855612
"(np.float64(1.5), 180, 330, np.float64(0.7), 10)",houghCircleAlt,0.433333333,28532375.93,28887123
"(np.float64(1.5), 230, 320, np.float64(0.7), 5)",houghCircleAlt,0.433333333,30938124.9,32013566.5
"(np.float64(1.5), 280, 300, np.float64(0.75), 5)",houghCircleAlt,0.433333333,33632485.59,35082221.5
"(np.float64(1.5), 280, 310, np.float64(0.75), 5)",houghCircleAlt,0.433333333,34420628.03,35962722.5
"(np.float64(1.5), 280, 330, np.float64(0.75), 5)",houghCircleAlt,0.433333333,33861303.18,35064508
"(np.float64(1.5), 280, 340, np.float64(0.75), 5)",houghCircleAlt,0.433333333,32678835.43,33558923
"(np.float64(1.5), 280, 350, np.float64(0.75), 5)",houghCircleAlt,0.433333333,31074089.51,31742190
"(np.float64(1.5), 290, 310, np.float64(0.8), 15)",houghCircleAlt,0.433333333,32238876.98,32597239.5
"(np.float64(1.0), 120, 370, np.float64(0.75), 10)",houghCircleAlt,0.43125,43328781.09,44154743.5
"(np.float64(1.0), 120, 380, np.float64(0.75), 10)",houghCircleAlt,0.43125,44166078.66,44716851.5
"(np.float64(1.0), 140, 300, np.float64(0.7), 15)",houghCircleAlt,0.43125,46203070.54,47279117
"(np.float64(1.0), 140, 330, np.float64(0.75), 5)",houghCircleAlt,0.43125,48430985.74,49716014.5
"(np.float64(1.0), 140, 340, np.float64(0.75), 5)",houghCircleAlt,0.43125,48121491.75,49320618.5
"(np.float64(1.0), 210, 330, np.float64(0.7), 5)",houghCircleAlt,0.43125,57996856.49,58891313
"(np.float64(1.0), 210, 370, np.float64(0.7), 5)",houghCircleAlt,0.43125,56923423.04,57496491
"(np.float64(1.0), 220, 310, np.float64(0.7), 5)",houghCircleAlt,0.43125,60665678.13,61704606
"(np.float64(1.0), 240, 300, np.float64(0.7), 5)",houghCircleAlt,0.43125,63670947.97,64755284
"(np.float64(1.0), 270, 350, np.float64(0.7), 5)",houghCircleAlt,0.43125,67043234.7,67216261
"(np.float64(1.0), 280, 320, np.float64(0.75), 5)",houghCircleAlt,0.43125,70336990.34,70953281.5
"(np.float64(1.0), 280, 340, np.float64(0.75), 5)",houghCircleAlt,0.43125,70023720.56,70134935
"(np.float64(1.0), 280, 360, np.float64(0.7), 10)",houghCircleAlt,0.43125,70115359.99,70171779.5
"(np.float64(1.0), 290, 370, np.float64(0.9000000000000001), 5)",houghCircleAlt,0.43125,70780444,70797850.5
"(np.float64(1.0), 290, 380, np.float64(0.9000000000000001), 5)",houghCircleAlt,0.43125,71365156.26,71142897.5
"(np.float64(1.5), 110, 320, np.float64(0.75), 10)",houghCircleAlt,0.43125,26997134.39,27165405
"(np.float64(1.5), 110, 340, np.float64(0.75), 10)",houghCircleAlt,0.43125,23988458.16,24371296.5
"(np.float64(1.5), 110, 360, np.float64(0.75), 10)",houghCircleAlt,0.43125,24087790.39,24700670.5
"(np.float64(1.5), 110, 380, np.float64(0.75), 10)",houghCircleAlt,0.43125,27217976.52,28004063.5
"(np.float64(1.5), 120, 390, np.float64(0.7), 15)",houghCircleAlt,0.43125,24133090.51,24542535.5
"(np.float64(1.5), 130, 320, np.float64(0.7), 15)",houghCircleAlt,0.43125,24908540.74,25384532.5
"(np.float64(1.5), 130, 380, np.float64(0.7), 15)",houghCircleAlt,0.43125,23682405.93,23739651.5
"(np.float64(1.5), 160, 370, np.float64(0.75), 5)",houghCircleAlt,0.43125,28874917.41,29560832.5
"(np.float64(1.5), 180, 320, np.float64(0.7), 10)",houghCircleAlt,0.43125,27018462.2,27911603.5
"(np.float64(1.5), 180, 340, np.float64(0.7), 10)",houghCircleAlt,0.43125,27859425.89,28366496
"(np.float64(1.5), 230, 330, np.float64(0.7), 5)",houghCircleAlt,0.43125,31202721.32,32041185
"(np.float64(1.5), 230, 350, np.float64(0.7), 5)",houghCircleAlt,0.43125,31447871.85,32457542
"(np.float64(1.5), 230, 360, np.float64(0.7), 5)",houghCircleAlt,0.43125,30117266.06,30738031
"(np.float64(1.5), 290, 300, np.float64(0.8), 15)",houghCircleAlt,0.43125,33489223.39,34163697.5
"(np.float64(1.5), 290, 320, np.float64(0.8), 15)",houghCircleAlt,0.43125,32611550.17,33189786
"(np.float64(1.0), 110, 390, np.float64(0.7), 15)",houghCircleAlt,0.429166667,40425124.83,41004771.5
"(np.float64(1.0), 120, 360, np.float64(0.75), 10)",houghCircleAlt,0.429166667,44500434.28,45272269
"(np.float64(1.0), 130, 380, np.float64(0.75), 5)",houghCircleAlt,0.429166667,46145640.03,46908443.5
"(np.float64(1.0), 140, 330, np.float64(0.7), 15)",houghCircleAlt,0.429166667,45980655.46,46782491
"(np.float64(1.0), 180, 360, np.float64(0.7), 10)",houghCircleAlt,0.429166667,51627272.88,52226193.5
"(np.float64(1.0), 210, 360, np.float64(0.7), 5)",houghCircleAlt,0.429166667,56688623.87,57642154
"(np.float64(1.0), 270, 330, np.float64(0.7), 5)",houghCircleAlt,0.429166667,68400917.01,69083744.5
"(np.float64(1.0), 280, 320, np.float64(0.7), 10)",houghCircleAlt,0.429166667,67995280.88,67812678
"(np.float64(1.0), 290, 310, np.float64(0.8), 10)",houghCircleAlt,0.429166667,71518908.41,71230823.5
"(np.float64(1.0), 290, 320, np.float64(0.9000000000000001), 5)",houghCircleAlt,0.429166667,73385369.33,73090957
"(np.float64(1.0), 290, 330, np.float64(0.9000000000000001), 5)",houghCircleAlt,0.429166667,71599023.13,71643702
"(np.float64(1.0), 290, 360, np.float64(0.8), 10)",houghCircleAlt,0.429166667,69243248.79,69272273.5
"(np.float64(1.0), 290, 360, np.float64(0.9000000000000001), 5)",houghCircleAlt,0.429166667,71620699.41,71760400.5
"(np.float64(1.5), 110, 310, np.float64(0.75), 10)",houghCircleAlt,0.429166667,24680983.67,25374263.5
"(np.float64(1.5), 110, 330, np.float64(0.75), 10)",houghCircleAlt,0.429166667,27470078.99,28006993.5
"(np.float64(1.5), 120, 340, np.float64(0.7), 15)",houghCircleAlt,0.429166667,25141108.92,25503290.5
"(np.float64(1.5), 230, 310, np.float64(0.7), 5)",houghCircleAlt,0.429166667,31553905.03,32255899.5
"(np.float64(1.5), 240, 330, np.float64(0.7), 5)",houghCircleAlt,0.429166667,32617018.48,33345107
"(np.float64(1.5), 250, 320, np.float64(0.7), 5)",houghCircleAlt,0.429166667,31979558.4,33309319
"(np.float64(1.5), 280, 360, np.float64(0.75), 5)",houghCircleAlt,0.429166667,33133685.92,33860408.5
"(np.float64(1.5), 290, 320, np.float64(0.8500000000000001), 10)",houghCircleAlt,0.429166667,33420098.65,34252809.5
"(np.float64(1.5), 290, 380, np.float64(0.9000000000000001), 5)",houghCircleAlt,0.429166667,34710589.23,35227684.5
"(np.float64(1.0), 110, 370, np.float64(0.75), 10)",houghCircleAlt,0.427083333,42281296.74,43217222
"(np.float64(1.0), 120, 370, np.float64(0.7), 15)",houghCircleAlt,0.427083333,43139349.86,43626641
"(np.float64(1.0), 130, 330, np.float64(0.75), 10)",houghCircleAlt,0.427083333,46334712.31,47155069.5
"(np.float64(1.0), 140, 310, np.float64(0.7), 15)",houghCircleAlt,0.427083333,46294783.89,47287610
"(np.float64(1.0), 140, 370, np.float64(0.75), 5)",houghCircleAlt,0.427083333,47688871.75,48471004
"(np.float64(1.0), 150, 320, np.float64(0.75), 5)",houghCircleAlt,0.427083333,50150045.86,51516888.5
"(np.float64(1.0), 180, 340, np.float64(0.7), 10)",houghCircleAlt,0.427083333,52270673.81,53238157.5
"(np.float64(1.0), 180, 370, np.float64(0.7), 10)",houghCircleAlt,0.427083333,51778490.99,52358437.5
"(np.float64(1.0), 180, 390, np.float64(0.7), 10)",houghCircleAlt,0.427083333,51065890.47,52070422
"(np.float64(1.0), 230, 300, np.float64(0.7), 5)",houghCircleAlt,0.427083333,61863116.51,63110408
"(np.float64(1.0), 260, 310, np.float64(0.7), 5)",houghCircleAlt,0.427083333,66759361.38,67511715.5
"(np.float64(1.0), 270, 340, np.float64(0.7), 5)",houghCircleAlt,0.427083333,67149868.91,67635652.5
"(np.float64(1.0), 270, 360, np.float64(0.7), 5)",houghCircleAlt,0.427083333,67013027.03,67342918
"(np.float64(1.0), 270, 380, np.float64(0.7), 5)",houghCircleAlt,0.427083333,66372542.3,66615303.5
"(np.float64(1.0), 270, 390, np.float64(0.7), 5)",houghCircleAlt,0.427083333,66166736.92,66326597.5
"(np.float64(1.0), 280, 310, np.float64(0.75), 5)",houghCircleAlt,0.427083333,70778139.4,71060656.5
"(np.float64(1.0), 290, 300, np.float64(0.9000000000000001), 5)",houghCircleAlt,0.427083333,73481399.79,73391600.5
"(np.float64(1.0), 290, 310, np.float64(0.9000000000000001), 5)",houghCircleAlt,0.427083333,72891788.35,73103831
"(np.float64(1.0), 290, 340, np.float64(0.8), 10)",houghCircleAlt,0.427083333,70352395.41,70208018
"(np.float64(1.5), 120, 330, np.float64(0.7), 15)",houghCircleAlt,0.427083333,24159137.92,24616638
"(np.float64(1.5), 130, 310, np.float64(0.7), 15)",houghCircleAlt,0.427083333,25548541.68,26081635.5
"(np.float64(1.5), 160, 300, np.float64(0.75), 5)",houghCircleAlt,0.427083333,28922746.01,29991315.5
"(np.float64(1.5), 170, 300, np.float64(0.7), 10)",houghCircleAlt,0.427083333,28375379.36,29273663.5
"(np.float64(1.5), 170, 350, np.float64(0.7), 10)",houghCircleAlt,0.427083333,26965575.01,27511293
"(np.float64(1.5), 170, 370, np.float64(0.7), 10)",houghCircleAlt,0.427083333,25627456.38,26132230.5
"(np.float64(1.5), 170, 380, np.float64(0.7), 10)",houghCircleAlt,0.427083333,29198786.76,29751029
"(np.float64(1.5), 230, 300, np.float64(0.7), 5)",houghCircleAlt,0.427083333,32719475.28,33482032.5
"(np.float64(1.5), 230, 340, np.float64(0.7), 5)",houghCircleAlt,0.427083333,31525919.23,32463954.5
"(np.float64(1.5), 240, 310, np.float64(0.7), 5)",houghCircleAlt,0.427083333,33261492.94,34391885
"(np.float64(1.5), 240, 350, np.float64(0.7), 5)",houghCircleAlt,0.427083333,31879818.75,32860588
"(np.float64(1.5), 290, 300, np.float64(0.8500000000000001), 10)",houghCircleAlt,0.427083333,34405008.1,35108018.5
"(np.float64(1.5), 290, 310, np.float64(0.9000000000000001), 5)",houghCircleAlt,0.427083333,35929765.44,36700607
"(np.float64(1.5), 290, 320, np.float64(0.9000000000000001), 5)",houghCircleAlt,0.427083333,32002133.34,33117964.5
"(np.float64(1.5), 290, 330, np.float64(0.8), 15)",houghCircleAlt,0.427083333,32480388.1,32931576
"(np.float64(1.5), 290, 340, np.float64(0.9000000000000001), 5)",houghCircleAlt,0.427083333,33743016.84,34668044
"(np.float64(1.5), 290, 350, np.float64(0.9000000000000001), 5)",houghCircleAlt,0.427083333,34539560.71,35574604
"(np.float64(1.5), 290, 360, np.float64(0.9000000000000001), 5)",houghCircleAlt,0.427083333,33606963.93,34149307
"(np.float64(1.5), 290, 370, np.float64(0.9000000000000001), 5)",houghCircleAlt,0.427083333,34187053.33,34717622
"(np.float64(1.5), 290, 390, np.float64(0.9000000000000001), 5)",houghCircleAlt,0.427083333,30924944.29,30498226
"(np.float64(1.0), 110, 390, np.float64(0.75), 10)",houghCircleAlt,0.425,43092110.93,43776933.5
"(np.float64(1.0), 120, 380, np.float64(0.7), 15)",houghCircleAlt,0.425,42621742.91,43197786
"(np.float64(1.0), 120, 390, np.float64(0.75), 5)",houghCircleAlt,0.425,45336640.05,46070209.5
"(np.float64(1.0), 130, 350, np.float64(0.75), 5)",houghCircleAlt,0.425,47983928.6,49132535
"(np.float64(1.0), 140, 320, np.float64(0.7), 15)",houghCircleAlt,0.425,45374407.93,46140480
"(np.float64(1.0), 140, 360, np.float64(0.75), 5)",houghCircleAlt,0.425,47604440.7,48546126
"(np.float64(1.0), 210, 380, np.float64(0.7), 5)",houghCircleAlt,0.425,56284733.54,57003752
"(np.float64(1.0), 250, 300, np.float64(0.7), 5)",houghCircleAlt,0.425,65248714.98,66245073.5
"(np.float64(1.0), 280, 340, np.float64(0.7), 10)",houghCircleAlt,0.425,67736678.76,68003528
"(np.float64(1.0), 280, 350, np.float64(0.7), 10)",houghCircleAlt,0.425,69320447.21,69320653.5
"(np.float64(1.0), 280, 370, np.float64(0.7), 10)",houghCircleAlt,0.425,69255354.3,69360788.5
"(np.float64(1.0), 290, 350, np.float64(0.8), 10)",houghCircleAlt,0.425,71246713.43,70559312.5
"(np.float64(1.5), 120, 320, np.float64(0.7), 15)",houghCircleAlt,0.425,24835121.41,24981576
"(np.float64(1.5), 120, 370, np.float64(0.7), 15)",houghCircleAlt,0.425,24308182.06,24685812.5
"(np.float64(1.5), 130, 350, np.float64(0.7), 15)",houghCircleAlt,0.425,23429668.41,23989279.5
"(np.float64(1.5), 160, 310, np.float64(0.75), 5)",houghCircleAlt,0.425,30100640.23,30893297
"(np.float64(1.5), 160, 380, np.float64(0.75), 5)",houghCircleAlt,0.425,27672380.28,28186774
"(np.float64(1.5), 170, 330, np.float64(0.7), 10)",houghCircleAlt,0.425,28211235.04,28742045
"(np.float64(1.5), 170, 390, np.float64(0.7), 10)",houghCircleAlt,0.425,26310920,26734612
"(np.float64(1.5), 230, 370, np.float64(0.7), 5)",houghCircleAlt,0.425,31132000.63,32176775
"(np.float64(1.5), 240, 340, np.float64(0.7), 5)",houghCircleAlt,0.425,29660303.29,30218636.5
"(np.float64(1.5), 290, 300, np.float64(0.9000000000000001), 5)",houghCircleAlt,0.425,35842738.52,36863607
"(np.float64(1.5), 290, 310, np.float64(0.8500000000000001), 10)",houghCircleAlt,0.425,31242116.41,31956266
"(np.float64(1.5), 290, 340, np.float64(0.8), 15)",houghCircleAlt,0.425,33441173.36,33923804.5
"(np.float64(1.5), 290, 350, np.float64(0.8), 15)",houghCircleAlt,0.425,32099976.78,32511122
"(np.float64(1.0), 110, 360, np.float64(0.75), 10)",houghCircleAlt,0.422916667,43477513.45,43873870.5
"(np.float64(1.0), 130, 340, np.float64(0.75), 5)",houghCircleAlt,0.422916667,47323994.26,48563988.5
"(np.float64(1.0), 160, 300, np.float64(0.75), 5)",houghCircleAlt,0.422916667,53078680.96,54308910.5
"(np.float64(1.0), 180, 310, np.float64(0.7), 10)",houghCircleAlt,0.422916667,52932431.83,54158614
"(np.float64(1.0), 280, 330, np.float64(0.7), 10)",houghCircleAlt,0.422916667,68624899.06,68471165.5
"(np.float64(1.0), 290, 330, np.float64(0.8), 10)",houghCircleAlt,0.422916667,71785517.29,70992380.5
"(np.float64(1.0), 290, 370, np.float64(0.8), 10)",houghCircleAlt,0.422916667,70209729.74,69653558
"(np.float64(1.0), 290, 380, np.float64(0.8), 10)",houghCircleAlt,0.422916667,68789208.06,68596433.5
"(np.float64(1.5), 110, 390, np.float64(0.7), 15)",houghCircleAlt,0.422916667,23635230.29,24020994
"(np.float64(1.5), 110, 390, np.float64(0.75), 10)",houghCircleAlt,0.422916667,25595828.36,25701562.5
"(np.float64(1.5), 120, 300, np.float64(0.7), 15)",houghCircleAlt,0.422916667,25610252.54,26205889
"(np.float64(1.5), 130, 360, np.float64(0.7), 15)",houghCircleAlt,0.422916667,24626106.21,24846567.5
"(np.float64(1.5), 150, 330, np.float64(0.75), 5)",houghCircleAlt,0.422916667,27869787.98,28695008
"(np.float64(1.5), 160, 390, np.float64(0.75), 5)",houghCircleAlt,0.422916667,28414042.87,28934667
"(np.float64(1.5), 170, 340, np.float64(0.7), 10)",houghCircleAlt,0.422916667,27503387.88,28243842
"(np.float64(1.5), 170, 360, np.float64(0.7), 10)",houghCircleAlt,0.422916667,27093461.76,27623282.5
"(np.float64(1.5), 240, 360, np.float64(0.7), 5)",houghCircleAlt,0.422916667,31003843.61,31863266.5
"(np.float64(1.5), 240, 370, np.float64(0.7), 5)",houghCircleAlt,0.422916667,31631787.58,32562931
"(np.float64(1.5), 260, 320, np.float64(0.7), 5)",houghCircleAlt,0.422916667,33630216.78,34614673.5
"(np.float64(1.5), 290, 360, np.float64(0.8), 15)",houghCircleAlt,0.422916667,30995570.3,31471347.5
"(np.float64(1.0), 110, 380, np.float64(0.75), 10)",houghCircleAlt,0.420833333,42837749.81,43309651
"(np.float64(1.0), 120, 340, np.float64(0.75), 10)",houghCircleAlt,0.420833333,45063863.01,45885614.5
"(np.float64(1.0), 120, 350, np.float64(0.75), 10)",houghCircleAlt,0.420833333,43659520.35,44672352
"(np.float64(1.0), 130, 310, np.float64(0.75), 10)",houghCircleAlt,0.420833333,47382523.07,48755056
"(np.float64(1.0), 130, 350, np.float64(0.7), 15)",houghCircleAlt,0.420833333,44015742.75,44795233.5
"(np.float64(1.0), 130, 360, np.float64(0.75), 5)",houghCircleAlt,0.420833333,46506366.97,47262191
"(np.float64(1.0), 130, 370, np.float64(0.75), 5)",houghCircleAlt,0.420833333,47519877.25,48118222.5
"(np.float64(1.0), 140, 320, np.float64(0.75), 5)",houghCircleAlt,0.420833333,48841393.7,50242311.5
"(np.float64(1.0), 170, 320, np.float64(0.7), 10)",houghCircleAlt,0.420833333,51633939.27,52491130
"(np.float64(1.0), 200, 350, np.float64(0.7), 5)",houghCircleAlt,0.420833333,56166536.32,56871634
"(np.float64(1.0), 290, 300, np.float64(0.8), 10)",houghCircleAlt,0.420833333,71205697.66,71024637
"(np.float64(1.0), 290, 320, np.float64(0.8), 10)",houghCircleAlt,0.420833333,70736715.56,70756574.5
"(np.float64(1.0), 290, 390, np.float64(0.8), 10)",houghCircleAlt,0.420833333,70638923.04,70126851
"(np.float64(1.5), 110, 340, np.float64(0.7), 15)",houghCircleAlt,0.420833333,24998043.71,25503014.5
"(np.float64(1.5), 120, 380, np.float64(0.7), 15)",houghCircleAlt,0.420833333,25380095.34,25862487.5
"(np.float64(1.5), 150, 340, np.float64(0.75), 5)",houghCircleAlt,0.420833333,27171765.9,27766170.5
"(np.float64(1.5), 150, 350, np.float64(0.75), 5)",houghCircleAlt,0.420833333,28269482.9,28868593.5
"(np.float64(1.5), 150, 360, np.float64(0.75), 5)",houghCircleAlt,0.420833333,28872826.08,29852144.5
"(np.float64(1.5), 170, 310, np.float64(0.7), 10)",houghCircleAlt,0.420833333,29654411.85,30270578.5
"(np.float64(1.5), 170, 320, np.float64(0.7), 10)",houghCircleAlt,0.420833333,28004664.86,28916794.5
"(np.float64(1.5), 220, 330, np.float64(0.7), 5)",houghCircleAlt,0.420833333,32228852.36,33553197.5
"(np.float64(1.5), 220, 350, np.float64(0.7), 5)",houghCircleAlt,0.420833333,31999004.05,33012844
"(np.float64(1.5), 230, 380, np.float64(0.7), 5)",houghCircleAlt,0.420833333,30877441.54,31501578.5
"(np.float64(1.5), 250, 350, np.float64(0.7), 5)",houghCircleAlt,0.420833333,32301038.87,33078491
"(np.float64(1.5), 280, 300, np.float64(0.7), 10)",houghCircleAlt,0.420833333,33049413.12,34153357.5
"(np.float64(1.5), 280, 370, np.float64(0.75), 5)",houghCircleAlt,0.420833333,32361862.83,33328525
"(np.float64(1.5), 290, 330, np.float64(0.8500000000000001), 10)",houghCircleAlt,0.420833333,34185714.35,35054354
"(np.float64(1.5), 290, 330, np.float64(0.9000000000000001), 5)",houghCircleAlt,0.420833333,35078761.7,35869111
"(np.float64(1.5), 290, 380, np.float64(0.8), 15)",houghCircleAlt,0.420833333,30191597.23,30559485.5
"(np.float64(1.5), 290, 390, np.float64(0.8), 15)",houghCircleAlt,0.420833333,31075846.82,31104584
"(np.float64(1.0), 100, 390, np.float64(0.7), 15)",houghCircleAlt,0.41875,40989062.95,41623797.5
"(np.float64(1.0), 130, 300, np.float64(0.7), 15)",houghCircleAlt,0.41875,45260794.97,46156181
"(np.float64(1.0), 130, 300, np.float64(0.75), 10)",houghCircleAlt,0.41875,47748869.39,48612364
"(np.float64(1.0), 130, 340, np.float64(0.7), 15)",houghCircleAlt,0.41875,44324471.78,44863030.5
"(np.float64(1.0), 130, 360, np.float64(0.7), 15)",houghCircleAlt,0.41875,43269968.77,43805316.5
"(np.float64(1.0), 180, 300, np.float64(0.7), 10)",houghCircleAlt,0.41875,53340409.54,54720793.5
"(np.float64(1.0), 180, 330, np.float64(0.7), 10)",houghCircleAlt,0.41875,53535443.88,54600604.5
"(np.float64(1.0), 180, 350, np.float64(0.7), 10)",houghCircleAlt,0.41875,51955405.53,53052534
"(np.float64(1.0), 200, 370, np.float64(0.7), 5)",houghCircleAlt,0.41875,55264463.12,56168179
"(np.float64(1.0), 280, 310, np.float64(0.7), 10)",houghCircleAlt,0.41875,68894658.91,69497976
"(np.float64(1.5), 100, 340, np.float64(0.75), 10)",houghCircleAlt,0.41875,24349530.39,24922402
"(np.float64(1.5), 100, 350, np.float64(0.75), 10)",houghCircleAlt,0.41875,25429591.9,25691227.5
"(np.float64(1.5), 100, 370, np.float64(0.75), 10)",houghCircleAlt,0.41875,25442021.79,25751835.5
"(np.float64(1.5), 110, 330, np.float64(0.7), 15)",houghCircleAlt,0.41875,24703012.27,25402337
"(np.float64(1.5), 120, 310, np.float64(0.7), 15)",houghCircleAlt,0.41875,27189958.71,27910896
"(np.float64(1.5), 120, 350, np.float64(0.7), 15)",houghCircleAlt,0.41875,24442440.04,25093301
"(np.float64(1.5), 120, 360, np.float64(0.7), 15)",houghCircleAlt,0.41875,23009679.29,23525749.5
"(np.float64(1.5), 140, 330, np.float64(0.75), 5)",houghCircleAlt,0.41875,27715638.8,28546494.5
"(np.float64(1.5), 140, 360, np.float64(0.75), 5)",houghCircleAlt,0.41875,28710142.07,29326818.5
"(np.float64(1.5), 220, 320, np.float64(0.7), 5)",houghCircleAlt,0.41875,30685143.15,31724893.5
"(np.float64(1.5), 220, 360, np.float64(0.7), 5)",houghCircleAlt,0.41875,30426816.08,31128146.5
"(np.float64(1.5), 250, 330, np.float64(0.7), 5)",houghCircleAlt,0.41875,32969431.09,34056988
"(np.float64(1.5), 260, 350, np.float64(0.7), 5)",houghCircleAlt,0.41875,32483712.6,33534336.5
"(np.float64(1.5), 290, 340, np.float64(0.8500000000000001), 10)",houghCircleAlt,0.41875,30774291.56,31379024.5
"(np.float64(1.5), 290, 350, np.float64(0.8500000000000001), 10)",houghCircleAlt,0.41875,33993278.8,34518728
"(np.float64(1.5), 290, 390, np.float64(0.8500000000000001), 10)",houghCircleAlt,0.41875,31350534.6,31731454
"(np.float64(1.0), 100, 370, np.float64(0.75), 10)",houghCircleAlt,0.416666667,43167175.34,43884990.5
"(np.float64(1.0), 110, 380, np.float64(0.7), 15)",houghCircleAlt,0.416666667,41794097.48,42338263.5
"(np.float64(1.0), 120, 350, np.float64(0.75), 5)",houghCircleAlt,0.416666667,46201298.89,47334447
"(np.float64(1.0), 120, 380, np.float64(0.75), 5)",houghCircleAlt,0.416666667,45594443.78,46185947.5
"(np.float64(1.0), 130, 310, np.float64(0.7), 15)",houghCircleAlt,0.416666667,44929711.69,45692065
"(np.float64(1.0), 130, 320, np.float64(0.7), 15)",houghCircleAlt,0.416666667,44803699.35,45427734
"(np.float64(1.0), 130, 330, np.float64(0.7), 15)",houghCircleAlt,0.416666667,44429793.59,45254244.5
"(np.float64(1.0), 130, 330, np.float64(0.75), 5)",houghCircleAlt,0.416666667,48415084.96,49523631.5
"(np.float64(1.0), 170, 390, np.float64(0.7), 10)",houghCircleAlt,0.416666667,49788010.49,50211344
"(np.float64(1.0), 200, 330, np.float64(0.7), 5)",houghCircleAlt,0.416666667,56610176.71,57828559
"(np.float64(1.0), 200, 340, np.float64(0.7), 5)",houghCircleAlt,0.416666667,55640641.49,56904521
"(np.float64(1.0), 200, 360, np.float64(0.7), 5)",houghCircleAlt,0.416666667,56583009.38,57351890
"(np.float64(1.0), 210, 390, np.float64(0.7), 5)",houghCircleAlt,0.416666667,57373788.49,58102272.5
"(np.float64(1.0), 220, 300, np.float64(0.7), 5)",houghCircleAlt,0.416666667,60417649.45,61776625.5
"(np.float64(1.0), 260, 300, np.float64(0.7), 5)",houghCircleAlt,0.416666667,67120916.23,67818566
"(np.float64(1.0), 280, 300, np.float64(0.75), 5)",houghCircleAlt,0.416666667,71496992.3,71647724
"(np.float64(1.5), 100, 300, np.float64(0.75), 10)",houghCircleAlt,0.416666667,22709061.73,23781675.5
"(np.float64(1.5), 100, 360, np.float64(0.75), 10)",houghCircleAlt,0.416666667,23635314.88,23816279.5
"(np.float64(1.5), 100, 380, np.float64(0.75), 10)",houghCircleAlt,0.416666667,23955877.41,24590093
"(np.float64(1.5), 100, 390, np.float64(0.7), 15)",houghCircleAlt,0.416666667,23293221.82,23321858.5
"(np.float64(1.5), 110, 370, np.float64(0.7), 15)",houghCircleAlt,0.416666667,22770716.2,23125740
"(np.float64(1.5), 140, 350, np.float64(0.75), 5)",houghCircleAlt,0.416666667,26681272.79,27393481
"(np.float64(1.5), 150, 370, np.float64(0.75), 5)",houghCircleAlt,0.416666667,27046541.99,27305464.5
"(np.float64(1.5), 160, 380, np.float64(0.7), 10)",houghCircleAlt,0.416666667,26249999.07,26907254
"(np.float64(1.5), 160, 390, np.float64(0.7), 10)",houghCircleAlt,0.416666667,26701593.6,27163384.5
"(np.float64(1.5), 220, 370, np.float64(0.7), 5)",houghCircleAlt,0.416666667,29425296.68,29963863.5
"(np.float64(1.5), 240, 300, np.float64(0.7), 5)",houghCircleAlt,0.416666667,33316121.1,34401659
"(np.float64(1.5), 240, 380, np.float64(0.7), 5)",houghCircleAlt,0.416666667,31867882.56,32521938
"(np.float64(1.5), 250, 310, np.float64(0.7), 5)",houghCircleAlt,0.416666667,33576856.53,34928858.5
"(np.float64(1.5), 250, 360, np.float64(0.7), 5)",houghCircleAlt,0.416666667,32073770.78,33041367.5
"(np.float64(1.5), 250, 370, np.float64(0.7), 5)",houghCircleAlt,0.416666667,29631102.69,30285096
"(np.float64(1.5), 260, 330, np.float64(0.7), 5)",houghCircleAlt,0.416666667,33266643.39,34459668
"(np.float64(1.5), 280, 390, np.float64(0.75), 5)",houghCircleAlt,0.416666667,31884691.03,32541284
"(np.float64(1.5), 290, 360, np.float64(0.8500000000000001), 10)",houghCircleAlt,0.416666667,34056741.56,34462032.5
"(np.float64(1.5), 290, 370, np.float64(0.8), 15)",houghCircleAlt,0.416666667,31620260.52,32090991
"(np.float64(1.5), 290, 380, np.float64(0.8500000000000001), 10)",houghCircleAlt,0.416666667,32206743.22,32585858
"(np.float64(1.0), 110, 350, np.float64(0.75), 10)",houghCircleAlt,0.414583333,42581525.86,43650426.5
"(np.float64(1.0), 110, 390, np.float64(0.75), 5)",houghCircleAlt,0.414583333,44447657.6,45341473.5
"(np.float64(1.0), 120, 320, np.float64(0.75), 10)",houghCircleAlt,0.414583333,45437345.1,46395505.5
"(np.float64(1.0), 180, 380, np.float64(0.7), 10)",houghCircleAlt,0.414583333,51562747.36,52110556.5
"(np.float64(1.0), 290, 390, np.float64(0.8500000000000001), 5)",houghCircleAlt,0.414583333,72257223.27,72192421
"(np.float64(1.5), 100, 330, np.float64(0.75), 10)",houghCircleAlt,0.414583333,25181889.11,25773540.5
"(np.float64(1.5), 110, 320, np.float64(0.7), 15)",houghCircleAlt,0.414583333,24260940.52,24779522.5
"(np.float64(1.5), 130, 360, np.float64(0.75), 5)",houghCircleAlt,0.414583333,26211434.16,26757734
"(np.float64(1.5), 140, 340, np.float64(0.75), 5)",houghCircleAlt,0.414583333,28007984.13,28997254.5
"(np.float64(1.5), 140, 370, np.float64(0.75), 5)",houghCircleAlt,0.414583333,28244052.04,28770885
"(np.float64(1.5), 150, 320, np.float64(0.75), 5)",houghCircleAlt,0.414583333,27603391.07,28472020.5
"(np.float64(1.5), 210, 350, np.float64(0.7), 5)",houghCircleAlt,0.414583333,30613034.36,31090081.5
"(np.float64(1.5), 220, 300, np.float64(0.7), 5)",houghCircleAlt,0.414583333,32612906.67,33774276.5
"(np.float64(1.5), 220, 310, np.float64(0.7), 5)",houghCircleAlt,0.414583333,29409549.55,30280442.5
"(np.float64(1.5), 220, 340, np.float64(0.7), 5)",houghCircleAlt,0.414583333,30626431.74,31555899
"(np.float64(1.5), 220, 380, np.float64(0.7), 5)",houghCircleAlt,0.414583333,30164278.09,30555874.5
"(np.float64(1.5), 250, 340, np.float64(0.7), 5)",houghCircleAlt,0.414583333,32722578.96,33851435
"(np.float64(1.5), 260, 310, np.float64(0.7), 5)",houghCircleAlt,0.414583333,33383356.61,34585664.5
"(np.float64(1.5), 260, 340, np.float64(0.7), 5)",houghCircleAlt,0.414583333,31582677.98,32406791.5
"(np.float64(1.5), 280, 310, np.float64(0.7), 10)",houghCircleAlt,0.414583333,32900648.13,33949144
"(np.float64(1.5), 280, 320, np.float64(0.7), 10)",houghCircleAlt,0.414583333,30708492.65,31212816
"(np.float64(1.5), 280, 380, np.float64(0.75), 5)",houghCircleAlt,0.414583333,32780900.16,33199849
"(np.float64(1.5), 280, 390, np.float64(0.7), 10)",houghCircleAlt,0.414583333,32112561.39,32921434
"(np.float64(1.5), 290, 370, np.float64(0.8500000000000001), 10)",houghCircleAlt,0.414583333,33621451.06,34147187.5
"(np.float64(1.0), 100, 360, np.float64(0.75), 10)",houghCircleAlt,0.4125,42392024.94,43037690.5
"(np.float64(1.0), 100, 390, np.float64(0.75), 10)",houghCircleAlt,0.4125,42500954.15,43053415.5
"(np.float64(1.0), 110, 330, np.float64(0.75), 5)",houghCircleAlt,0.4125,45561886.46,46854441.5
"(np.float64(1.0), 120, 330, np.float64(0.75), 5)",houghCircleAlt,0.4125,46587445.93,47944039.5
"(np.float64(1.0), 120, 340, np.float64(0.75), 5)",houghCircleAlt,0.4125,47252352.7,48400010
"(np.float64(1.0), 170, 340, np.float64(0.7), 10)",houghCircleAlt,0.4125,50930664.16,51823422.5
"(np.float64(1.0), 210, 320, np.float64(0.7), 5)",houghCircleAlt,0.4125,57733172.94,58825724
"(np.float64(1.0), 270, 320, np.float64(0.7), 5)",houghCircleAlt,0.4125,67702196.42,68405993
"(np.float64(1.0), 290, 330, np.float64(0.75), 15)",houghCircleAlt,0.4125,68063915.31,68371848.5
"(np.float64(1.0), 290, 340, np.float64(0.75), 15)",houghCircleAlt,0.4125,70519386.11,70542976
"(np.float64(1.5), 100, 310, np.float64(0.75), 10)",houghCircleAlt,0.4125,24308503.68,25242806.5
"(np.float64(1.5), 100, 320, np.float64(0.75), 10)",houghCircleAlt,0.4125,25776014.1,26463652.5
"(np.float64(1.5), 100, 370, np.float64(0.7), 15)",houghCircleAlt,0.4125,23773016.02,24029927
"(np.float64(1.5), 110, 300, np.float64(0.7), 15)",houghCircleAlt,0.4125,24834453.95,25375917.5
"(np.float64(1.5), 110, 310, np.float64(0.7), 15)",houghCircleAlt,0.4125,26927582.48,27556321.5
"(np.float64(1.5), 110, 350, np.float64(0.7), 15)",houghCircleAlt,0.4125,25424754.69,25766139
"(np.float64(1.5), 110, 360, np.float64(0.7), 15)",houghCircleAlt,0.4125,24063870.88,23986631
"(np.float64(1.5), 110, 380, np.float64(0.7), 15)",houghCircleAlt,0.4125,23866928.39,24095023
"(np.float64(1.5), 130, 330, np.float64(0.75), 5)",houghCircleAlt,0.4125,28875221.06,29890225.5
"(np.float64(1.5), 130, 350, np.float64(0.75), 5)",houghCircleAlt,0.4125,28022149.84,29139496.5
"(np.float64(1.5), 130, 370, np.float64(0.75), 5)",houghCircleAlt,0.4125,26203185.26,26966671
"(np.float64(1.5), 160, 370, np.float64(0.7), 10)",houghCircleAlt,0.4125,26551881.09,27142016
"(np.float64(1.5), 230, 390, np.float64(0.7), 5)",houghCircleAlt,0.4125,30706960.94,31619128.5
"(np.float64(1.5), 260, 360, np.float64(0.7), 5)",houghCircleAlt,0.4125,31326481.71,31950285.5
"(np.float64(1.5), 290, 300, np.float64(0.75), 15)",houghCircleAlt,0.4125,30200175.61,30929196
"(np.float64(1.0), 100, 380, np.float64(0.75), 10)",houghCircleAlt,0.410416667,42073817.09,42461425.5
"(np.float64(1.0), 110, 340, np.float64(0.75), 10)",houghCircleAlt,0.410416667,43997323.85,45087921.5
"(np.float64(1.0), 110, 370, np.float64(0.7), 15)",houghCircleAlt,0.410416667,42014212.35,42707647
"(np.float64(1.0), 120, 330, np.float64(0.75), 10)",houghCircleAlt,0.410416667,45659205.68,46223604
"(np.float64(1.0), 120, 340, np.float64(0.7), 15)",houghCircleAlt,0.410416667,43742204.77,44444124.5
"(np.float64(1.0), 120, 350, np.float64(0.7), 15)",houghCircleAlt,0.410416667,43567101.78,44217504
"(np.float64(1.0), 150, 310, np.float64(0.75), 5)",houghCircleAlt,0.410416667,50480041.15,51944400.5
"(np.float64(1.0), 170, 300, np.float64(0.7), 10)",houghCircleAlt,0.410416667,52165643.11,53295775.5
"(np.float64(1.0), 170, 310, np.float64(0.7), 10)",houghCircleAlt,0.410416667,52452791.72,53428544.5
"(np.float64(1.0), 170, 360, np.float64(0.7), 10)",houghCircleAlt,0.410416667,50681385.49,51530113.5
"(np.float64(1.0), 170, 370, np.float64(0.7), 10)",houghCircleAlt,0.410416667,50980166.47,51606000
"(np.float64(1.0), 270, 310, np.float64(0.7), 5)",houghCircleAlt,0.410416667,68882080.09,69538207
"(np.float64(1.0), 290, 340, np.float64(0.8500000000000001), 5)",houghCircleAlt,0.410416667,71509134.75,71798692
"(np.float64(1.0), 290, 350, np.float64(0.8500000000000001), 5)",houghCircleAlt,0.410416667,71587296.06,71216363.5
"(np.float64(1.0), 290, 390, np.float64(0.75), 15)",houghCircleAlt,0.410416667,68560380.97,68097197.5
"(np.float64(1.5), 100, 340, np.float64(0.7), 15)",houghCircleAlt,0.410416667,23172411.06,23639315.5
"(np.float64(1.5), 100, 390, np.float64(0.75), 10)",houghCircleAlt,0.410416667,25212219.79,25499467.5
"(np.float64(1.5), 140, 320, np.float64(0.75), 5)",houghCircleAlt,0.410416667,29365142.93,29982608.5
"(np.float64(1.5), 140, 380, np.float64(0.75), 5)",houghCircleAlt,0.410416667,26513808.12,26843003.5
"(np.float64(1.5), 150, 380, np.float64(0.75), 5)",houghCircleAlt,0.410416667,27923984.51,28500876.5
"(np.float64(1.5), 210, 340, np.float64(0.7), 5)",houghCircleAlt,0.410416667,30403633.49,31299173.5
"(np.float64(1.5), 210, 360, np.float64(0.7), 5)",houghCircleAlt,0.410416667,30077332.77,30893613.5
"(np.float64(1.5), 240, 390, np.float64(0.7), 5)",houghCircleAlt,0.410416667,30034025.86,30506547.5
"(np.float64(1.5), 250, 380, np.float64(0.7), 5)",houghCircleAlt,0.410416667,31558443.08,32333049.5
"(np.float64(1.5), 280, 330, np.float64(0.7), 10)",houghCircleAlt,0.410416667,32081524.18,32990657.5
"(np.float64(1.5), 290, 310, np.float64(0.75), 15)",houghCircleAlt,0.410416667,32352720.18,32974653
"(np.float64(1.5), 290, 320, np.float64(0.75), 15)",houghCircleAlt,0.410416667,33276255.42,33813636.5
"(np.float64(1.0), 110, 350, np.float64(0.75), 5)",houghCircleAlt,0.408333333,45190463.66,46196792.5
"(np.float64(1.0), 120, 320, np.float64(0.7), 15)",houghCircleAlt,0.408333333,43337985.35,44226582.5
"(np.float64(1.0), 120, 360, np.float64(0.7), 15)",houghCircleAlt,0.408333333,43106772.76,43918542.5
"(np.float64(1.0), 120, 360, np.float64(0.75), 5)",houghCircleAlt,0.408333333,46008638.65,47063307
"(np.float64(1.0), 120, 370, np.float64(0.75), 5)",houghCircleAlt,0.408333333,45592319.26,46424609
"(np.float64(1.0), 130, 320, np.float64(0.75), 5)",houghCircleAlt,0.408333333,47727522.94,49015292
"(np.float64(1.0), 140, 310, np.float64(0.75), 5)",houghCircleAlt,0.408333333,49858824.45,51069178
"(np.float64(1.0), 200, 380, np.float64(0.7), 5)",houghCircleAlt,0.408333333,55606112.51,56275981
"(np.float64(1.0), 290, 310, np.float64(0.75), 15)",houghCircleAlt,0.408333333,68848288.78,68860681.5
"(np.float64(1.0), 290, 350, np.float64(0.75), 15)",houghCircleAlt,0.408333333,68172198.91,67951250.5
"(np.float64(1.0), 290, 360, np.float64(0.8500000000000001), 5)",houghCircleAlt,0.408333333,71511701.16,71667221
"(np.float64(1.0), 290, 380, np.float64(0.75), 15)",houghCircleAlt,0.408333333,71152303.23,70678185.5
"(np.float64(1.5), 100, 330, np.float64(0.7), 15)",houghCircleAlt,0.408333333,22801117.42,23303544
"(np.float64(1.5), 100, 380, np.float64(0.7), 15)",houghCircleAlt,0.408333333,24341934.79,24676404
"(np.float64(1.5), 120, 360, np.float64(0.75), 5)",houghCircleAlt,0.408333333,26874197.6,27520850
"(np.float64(1.5), 130, 340, np.float64(0.75), 5)",houghCircleAlt,0.408333333,26425494.61,27258653.5
"(np.float64(1.5), 130, 380, np.float64(0.75), 5)",houghCircleAlt,0.408333333,24988304.17,25471801.5
"(np.float64(1.5), 150, 300, np.float64(0.75), 5)",houghCircleAlt,0.408333333,28268467.25,29100168.5
"(np.float64(1.5), 160, 320, np.float64(0.7), 10)",houghCircleAlt,0.408333333,27085875.15,27662491.5
"(np.float64(1.5), 210, 330, np.float64(0.7), 5)",houghCircleAlt,0.408333333,29954340.43,30720764
"(np.float64(1.5), 210, 370, np.float64(0.7), 5)",houghCircleAlt,0.408333333,30193371.46,30736307
"(np.float64(1.5), 250, 300, np.float64(0.7), 5)",houghCircleAlt,0.408333333,32686456.03,34132830.5
"(np.float64(1.5), 260, 300, np.float64(0.7), 5)",houghCircleAlt,0.408333333,32779779.97,33971808.5
"(np.float64(1.5), 280, 340, np.float64(0.7), 10)",houghCircleAlt,0.408333333,33578177.56,34117641.5
"(np.float64(1.5), 280, 380, np.float64(0.7), 10)",houghCircleAlt,0.408333333,32140375.89,32796092
"(np.float64(1.0), 100, 380, np.float64(0.7), 15)",houghCircleAlt,0.40625,40697099.82,41212332.5
"(np.float64(1.0), 110, 340, np.float64(0.75), 5)",houghCircleAlt,0.40625,45125854.31,46201456
"(np.float64(1.0), 110, 380, np.float64(0.75), 5)",houghCircleAlt,0.40625,44339961.28,44850151.5
"(np.float64(1.0), 120, 300, np.float64(0.75), 10)",houghCircleAlt,0.40625,46123854.35,47258855
"(np.float64(1.0), 120, 310, np.float64(0.75), 10)",houghCircleAlt,0.40625,45898620.91,46856550
"(np.float64(1.0), 120, 330, np.float64(0.7), 15)",houghCircleAlt,0.40625,43681166.77,44162421
"(np.float64(1.0), 170, 330, np.float64(0.7), 10)",houghCircleAlt,0.40625,51345133.35,52326536.5
"(np.float64(1.0), 210, 310, np.float64(0.7), 5)",houghCircleAlt,0.40625,58589028.8,59892490
"(np.float64(1.0), 290, 320, np.float64(0.75), 15)",houghCircleAlt,0.40625,71689326.72,71670221.5
"(np.float64(1.0), 290, 370, np.float64(0.75), 15)",houghCircleAlt,0.40625,67584913.55,67450766
"(np.float64(1.0), 290, 370, np.float64(0.8500000000000001), 5)",houghCircleAlt,0.40625,71675939.07,71297266.5
"(np.float64(1.0), 290, 380, np.float64(0.8500000000000001), 5)",houghCircleAlt,0.40625,71774074.81,71743955
"(np.float64(1.5), 100, 350, np.float64(0.7), 15)",houghCircleAlt,0.40625,23946725.14,24183719.5
"(np.float64(1.5), 100, 360, np.float64(0.7), 15)",houghCircleAlt,0.40625,25197415.45,25818245.5
"(np.float64(1.5), 120, 330, np.float64(0.75), 5)",houghCircleAlt,0.40625,25655562.42,26457775
"(np.float64(1.5), 120, 350, np.float64(0.75), 5)",houghCircleAlt,0.40625,27280297.37,28038721.5
"(np.float64(1.5), 140, 390, np.float64(0.75), 5)",houghCircleAlt,0.40625,27616780.17,27894951.5
"(np.float64(1.5), 150, 390, np.float64(0.75), 5)",houghCircleAlt,0.40625,26427829.27,26946259.5
"(np.float64(1.5), 160, 300, np.float64(0.7), 10)",houghCircleAlt,0.40625,26899934.14,27903088
"(np.float64(1.5), 160, 350, np.float64(0.7), 10)",houghCircleAlt,0.40625,25963662.38,26851919.5
"(np.float64(1.5), 210, 320, np.float64(0.7), 5)",houghCircleAlt,0.40625,30107889.3,31119050.5
"(np.float64(1.5), 220, 390, np.float64(0.7), 5)",houghCircleAlt,0.40625,29540923.25,30029351.5
"(np.float64(1.5), 250, 390, np.float64(0.7), 5)",houghCircleAlt,0.40625,29189647.07,29537323.5
"(np.float64(1.5), 280, 350, np.float64(0.7), 10)",houghCircleAlt,0.40625,31830360.56,32375327.5
"(np.float64(1.5), 280, 360, np.float64(0.7), 10)",houghCircleAlt,0.40625,32305888.54,33126732.5
"(np.float64(1.5), 280, 370, np.float64(0.7), 10)",houghCircleAlt,0.40625,31408276.13,31973050.5
"(np.float64(1.5), 290, 310, np.float64(0.8), 10)",houghCircleAlt,0.40625,32774626.33,33447369
"(np.float64(1.5), 290, 330, np.float64(0.75), 15)",houghCircleAlt,0.40625,30963505.19,31475083
"(np.float64(1.0), 170, 350, np.float64(0.7), 10)",houghCircleAlt,0.404166667,50565402.94,51164998.5
"(np.float64(1.0), 170, 380, np.float64(0.7), 10)",houghCircleAlt,0.404166667,50031320.94,50766641.5
"(np.float64(1.0), 190, 350, np.float64(0.7), 5)",houghCircleAlt,0.404166667,54315431.92,55365104
"(np.float64(1.0), 190, 370, np.float64(0.7), 5)",houghCircleAlt,0.404166667,54111151.42,55181373.5
"(np.float64(1.0), 270, 300, np.float64(0.7), 5)",houghCircleAlt,0.404166667,68980500.56,69618492
"(np.float64(1.0), 290, 300, np.float64(0.75), 15)",houghCircleAlt,0.404166667,70234766.45,70058764.5
"(np.float64(1.0), 290, 330, np.float64(0.8500000000000001), 5)",houghCircleAlt,0.404166667,72545563.35,72137954.5
"(np.float64(1.5), 120, 320, np.float64(0.75), 5)",houghCircleAlt,0.404166667,28645916.83,29703681.5
"(np.float64(1.5), 130, 320, np.float64(0.75), 5)",houghCircleAlt,0.404166667,27063986.44,27831478.5
"(np.float64(1.5), 130, 390, np.float64(0.75), 5)",houghCircleAlt,0.404166667,26555655.08,26976597
"(np.float64(1.5), 140, 300, np.float64(0.75), 5)",houghCircleAlt,0.404166667,29164681.15,29883944
"(np.float64(1.5), 210, 300, np.float64(0.7), 5)",houghCircleAlt,0.404166667,31097210.3,32299099.5
"(np.float64(1.5), 210, 310, np.float64(0.7), 5)",houghCircleAlt,0.404166667,31973496.55,33074559
"(np.float64(1.5), 210, 380, np.float64(0.7), 5)",houghCircleAlt,0.404166667,30572633.77,31224694.5
"(np.float64(1.5), 260, 370, np.float64(0.7), 5)",houghCircleAlt,0.404166667,32569330.8,33356577
"(np.float64(1.5), 270, 320, np.float64(0.7), 5)",houghCircleAlt,0.404166667,33556020.76,34588268.5
"(np.float64(1.5), 290, 340, np.float64(0.75), 15)",houghCircleAlt,0.404166667,32888313.59,33323131
"(np.float64(1.0), 100, 370, np.float64(0.7), 15)",houghCircleAlt,0.402083333,41061634.25,41970363.5
"(np.float64(1.0), 110, 320, np.float64(0.75), 5)",houghCircleAlt,0.402083333,45748339.79,47089322.5
"(np.float64(1.0), 120, 300, np.float64(0.7), 15)",houghCircleAlt,0.402083333,44497582.71,45345591
"(np.float64(1.0), 120, 310, np.float64(0.7), 15)",houghCircleAlt,0.402083333,44084445.19,44982143
"(np.float64(1.0), 120, 320, np.float64(0.75), 5)",houghCircleAlt,0.402083333,46737095.58,48291116.5
"(np.float64(1.0), 190, 330, np.float64(0.7), 5)",houghCircleAlt,0.402083333,55373955.11,56607459
"(np.float64(1.0), 190, 340, np.float64(0.7), 5)",houghCircleAlt,0.402083333,57736701.65,58726228.5
"(np.float64(1.0), 190, 360, np.float64(0.7), 5)",houghCircleAlt,0.402083333,55741402.47,56627085
"(np.float64(1.0), 200, 320, np.float64(0.7), 5)",houghCircleAlt,0.402083333,56348750.36,57951539.5
"(np.float64(1.0), 290, 320, np.float64(0.8500000000000001), 5)",houghCircleAlt,0.402083333,72857970.91,73158979.5
"(np.float64(1.0), 290, 360, np.float64(0.75), 15)",houghCircleAlt,0.402083333,70352392.08,70468382.5
"(np.float64(1.5), 160, 310, np.float64(0.7), 10)",houghCircleAlt,0.402083333,27633694.23,28272493
"(np.float64(1.5), 160, 330, np.float64(0.7), 10)",houghCircleAlt,0.402083333,27132563.58,27853580
"(np.float64(1.5), 160, 340, np.float64(0.7), 10)",houghCircleAlt,0.402083333,27927015.33,28357384.5
"(np.float64(1.5), 160, 360, np.float64(0.7), 10)",houghCircleAlt,0.402083333,28542894.12,28956149.5
"(np.float64(1.5), 260, 380, np.float64(0.7), 5)",houghCircleAlt,0.402083333,31983712.55,32402673
"(np.float64(1.5), 290, 300, np.float64(0.8), 10)",houghCircleAlt,0.402083333,35348883.09,36000534
"(np.float64(1.5), 290, 350, np.float64(0.75), 15)",houghCircleAlt,0.402083333,32481536.07,33228297
"(np.float64(1.5), 290, 390, np.float64(0.8500000000000001), 5)",houghCircleAlt,0.402083333,30365437.45,30524314.5
"(np.float64(1.0), 100, 350, np.float64(0.75), 10)",houghCircleAlt,0.4,42846850.55,43810531
"(np.float64(1.0), 110, 320, np.float64(0.75), 10)",houghCircleAlt,0.4,44369543.45,45195407.5
"(np.float64(1.0), 290, 300, np.float64(0.8500000000000001), 5)",houghCircleAlt,0.4,73833517.55,73991902
"(np.float64(1.0), 290, 310, np.float64(0.8500000000000001), 5)",houghCircleAlt,0.4,75246017.47,75137281.5
"(np.float64(1.0), 290, 350, np.float64(0.8), 5)",houghCircleAlt,0.4,70865147.33,70954930
"(np.float64(1.5), 100, 320, np.float64(0.7), 15)",houghCircleAlt,0.4,26038823.37,26627724
"(np.float64(1.5), 120, 340, np.float64(0.75), 5)",houghCircleAlt,0.4,26486534.72,27223227.5
"(np.float64(1.5), 120, 370, np.float64(0.75), 5)",houghCircleAlt,0.4,26977578.02,27507887
"(np.float64(1.5), 130, 300, np.float64(0.75), 5)",houghCircleAlt,0.4,29824004.29,31181812
"(np.float64(1.5), 150, 310, np.float64(0.75), 5)",houghCircleAlt,0.4,28155680.09,29081971
"(np.float64(1.5), 150, 380, np.float64(0.7), 10)",houghCircleAlt,0.4,24789486.05,25264266.5
"(np.float64(1.5), 210, 390, np.float64(0.7), 5)",houghCircleAlt,0.4,29814279.43,30374284
"(np.float64(1.5), 270, 330, np.float64(0.7), 5)",houghCircleAlt,0.4,33282729.04,34461064.5
"(np.float64(1.5), 290, 300, np.float64(0.8500000000000001), 5)",houghCircleAlt,0.4,35209659.86,36102289.5
"(np.float64(1.5), 290, 320, np.float64(0.8), 10)",houghCircleAlt,0.4,34774366.37,35452471
"(np.float64(1.5), 290, 380, np.float64(0.8500000000000001), 5)",houghCircleAlt,0.4,33586417.55,33985597.5
"(np.float64(1.0), 100, 330, np.float64(0.75), 5)",houghCircleAlt,0.397916667,45324944.83,46764021.5
"(np.float64(1.0), 100, 340, np.float64(0.75), 10)",houghCircleAlt,0.397916667,42561956.02,43411326.5
"(np.float64(1.0), 110, 330, np.float64(0.75), 10)",houghCircleAlt,0.397916667,45349701.69,46236952
"(np.float64(1.0), 110, 350, np.float64(0.7), 15)",houghCircleAlt,0.397916667,42382930.64,42945118
"(np.float64(1.0), 110, 360, np.float64(0.7), 15)",houghCircleAlt,0.397916667,42132710.63,42625803
"(np.float64(1.0), 110, 370, np.float64(0.75), 5)",houghCircleAlt,0.397916667,44630472.62,45487191.5
"(np.float64(1.0), 150, 300, np.float64(0.75), 5)",houghCircleAlt,0.397916667,50903474.28,52052508
"(np.float64(1.0), 160, 320, np.float64(0.7), 10)",houghCircleAlt,0.397916667,50159826.11,51369191.5
"(np.float64(1.0), 200, 390, np.float64(0.7), 5)",houghCircleAlt,0.397916667,55124149.19,55511556.5
"(np.float64(1.5), 120, 380, np.float64(0.75), 5)",houghCircleAlt,0.397916667,24685404.3,25282044.5
"(np.float64(1.5), 120, 390, np.float64(0.75), 5)",houghCircleAlt,0.397916667,26504785.69,26662480
"(np.float64(1.5), 150, 390, np.float64(0.7), 10)",houghCircleAlt,0.397916667,28400586.96,29087184.5
"(np.float64(1.5), 270, 310, np.float64(0.7), 5)",houghCircleAlt,0.397916667,33925735.33,35155689
"(np.float64(1.5), 270, 350, np.float64(0.7), 5)",houghCircleAlt,0.397916667,33042370.07,34013731.5
"(np.float64(1.5), 290, 350, np.float64(0.8500000000000001), 5)",houghCircleAlt,0.397916667,34150921.72,34911746
"(np.float64(1.5), 290, 360, np.float64(0.75), 15)",houghCircleAlt,0.397916667,32607198.94,33023528
"(np.float64(1.5), 290, 360, np.float64(0.8500000000000001), 5)",houghCircleAlt,0.397916667,34400422.07,35047500.5
"(np.float64(1.5), 290, 370, np.float64(0.8500000000000001), 5)",houghCircleAlt,0.397916667,34021219.28,34870317
"(np.float64(1.5), 290, 390, np.float64(0.75), 15)",houghCircleAlt,0.397916667,31138229.96,31440052.5
"(np.float64(1.0), 110, 360, np.float64(0.75), 5)",houghCircleAlt,0.395833333,44222115.14,44919687
"(np.float64(1.0), 130, 310, np.float64(0.75), 5)",houghCircleAlt,0.395833333,47939525.96,49190508
"(np.float64(1.0), 140, 300, np.float64(0.75), 5)",houghCircleAlt,0.395833333,49556602.15,50801060
"(np.float64(1.0), 210, 300, np.float64(0.7), 5)",houghCircleAlt,0.395833333,58307099.13,59653086.5
"(np.float64(1.0), 290, 340, np.float64(0.8), 5)",houghCircleAlt,0.395833333,73025928.36,72813877
"(np.float64(1.0), 290, 360, np.float64(0.8), 5)",houghCircleAlt,0.395833333,71259793.49,71519985.5
"(np.float64(1.5), 100, 300, np.float64(0.7), 15)",houghCircleAlt,0.395833333,22867178.53,23399744
"(np.float64(1.5), 100, 310, np.float64(0.7), 15)",houghCircleAlt,0.395833333,25200142.43,25665003
"(np.float64(1.5), 110, 350, np.float64(0.75), 5)",houghCircleAlt,0.395833333,24792196.02,25380620.5
"(np.float64(1.5), 120, 300, np.float64(0.75), 5)",houghCircleAlt,0.395833333,28557161.41,29203843
"(np.float64(1.5), 140, 310, np.float64(0.75), 5)",houghCircleAlt,0.395833333,28416429.25,29508765.5
"(np.float64(1.5), 260, 390, np.float64(0.7), 5)",houghCircleAlt,0.395833333,30879543.1,31321671
"(np.float64(1.5), 270, 340, np.float64(0.7), 5)",houghCircleAlt,0.395833333,30742009.94,31466963
"(np.float64(1.5), 290, 310, np.float64(0.8500000000000001), 5)",houghCircleAlt,0.395833333,35417647.84,36377617
"(np.float64(1.5), 290, 320, np.float64(0.8500000000000001), 5)",houghCircleAlt,0.395833333,34576379.14,35415861.5
"(np.float64(1.5), 290, 340, np.float64(0.8500000000000001), 5)",houghCircleAlt,0.395833333,32798904.2,33684644
"(np.float64(1.5), 290, 350, np.float64(0.8), 10)",houghCircleAlt,0.395833333,32746461.23,33395621.5
"(np.float64(1.5), 290, 370, np.float64(0.75), 15)",houghCircleAlt,0.395833333,31328702.34,31776443.5
"(np.float64(1.5), 290, 380, np.float64(0.75), 15)",houghCircleAlt,0.395833333,29017687.18,29169155.5
"(np.float64(1.0), 100, 340, np.float64(0.75), 5)",houghCircleAlt,0.39375,44082271.31,44996100.5
"(np.float64(1.0), 110, 300, np.float64(0.75), 10)",houghCircleAlt,0.39375,45255752.8,46457000.5
"(np.float64(1.0), 110, 320, np.float64(0.7), 15)",houghCircleAlt,0.39375,42823487.51,43618840.5
"(np.float64(1.0), 110, 340, np.float64(0.7), 15)",houghCircleAlt,0.39375,42527459.42,42959004
"(np.float64(1.0), 180, 370, np.float64(0.7), 5)",houghCircleAlt,0.39375,52688283.96,53861752.5
"(np.float64(1.0), 290, 330, np.float64(0.8), 5)",houghCircleAlt,0.39375,72589392.58,72235020
"(np.float64(1.5), 110, 360, np.float64(0.75), 5)",houghCircleAlt,0.39375,26624184.1,27144529.5
"(np.float64(1.5), 150, 300, np.float64(0.7), 10)",houghCircleAlt,0.39375,29509281.85,30427894
"(np.float64(1.5), 150, 320, np.float64(0.7), 10)",houghCircleAlt,0.39375,27595000.32,28207012
"(np.float64(1.5), 150, 370, np.float64(0.7), 10)",houghCircleAlt,0.39375,28383225.97,29437421
"(np.float64(1.5), 270, 300, np.float64(0.7), 5)",houghCircleAlt,0.39375,34509502.09,35712542.5
"(np.float64(1.5), 270, 360, np.float64(0.7), 5)",houghCircleAlt,0.39375,33163917.77,34332799.5
"(np.float64(1.5), 290, 330, np.float64(0.8), 10)",houghCircleAlt,0.39375,30867325.63,31592570
"(np.float64(1.5), 290, 340, np.float64(0.8), 10)",houghCircleAlt,0.39375,33940306.07,34418060.5
"(np.float64(1.5), 290, 360, np.float64(0.8), 10)",houghCircleAlt,0.39375,30306598.5,30879150.5
"(np.float64(1.5), 290, 390, np.float64(0.8), 10)",houghCircleAlt,0.39375,33392989.19,33650179.5
"(np.float64(1.0), 100, 350, np.float64(0.75), 5)",houghCircleAlt,0.391666667,44718306.81,45816761
"(np.float64(1.0), 110, 310, np.float64(0.75), 10)",houghCircleAlt,0.391666667,45420751.35,46630852
"(np.float64(1.0), 130, 300, np.float64(0.75), 5)",houghCircleAlt,0.391666667,48582345.66,49920834
"(np.float64(1.0), 160, 300, np.float64(0.7), 10)",houghCircleAlt,0.391666667,50848788.32,51913051.5
"(np.float64(1.0), 160, 310, np.float64(0.7), 10)",houghCircleAlt,0.391666667,50315004.72,51308001
"(np.float64(1.0), 180, 330, np.float64(0.7), 5)",houghCircleAlt,0.391666667,53607189.81,54674030.5
"(np.float64(1.0), 190, 380, np.float64(0.7), 5)",houghCircleAlt,0.391666667,54037479.9,54724431
"(np.float64(1.0), 200, 310, np.float64(0.7), 5)",houghCircleAlt,0.391666667,57539306.93,58836579
"(np.float64(1.0), 290, 310, np.float64(0.8), 5)",houghCircleAlt,0.391666667,74165481.62,74389078
"(np.float64(1.0), 290, 320, np.float64(0.8), 5)",houghCircleAlt,0.391666667,74600227.09,74525287.5
"(np.float64(1.5), 110, 390, np.float64(0.75), 5)",houghCircleAlt,0.391666667,25107951.86,25539277.5
"(np.float64(1.5), 290, 330, np.float64(0.8500000000000001), 5)",houghCircleAlt,0.391666667,34435333.31,35265123
"(np.float64(1.0), 100, 390, np.float64(0.75), 5)",houghCircleAlt,0.389583333,43339819.76,44174570.5
"(np.float64(1.0), 110, 330, np.float64(0.7), 15)",houghCircleAlt,0.389583333,42689215.26,43382989
"(np.float64(1.0), 120, 310, np.float64(0.75), 5)",houghCircleAlt,0.389583333,47269460.75,48778791.5
"(np.float64(1.0), 160, 390, np.float64(0.7), 10)",houghCircleAlt,0.389583333,49302552.55,49602560.5
"(np.float64(1.0), 180, 350, np.float64(0.7), 5)",houghCircleAlt,0.389583333,53083419.92,54316756
"(np.float64(1.0), 180, 360, np.float64(0.7), 5)",houghCircleAlt,0.389583333,53756581.91,54592819.5
"(np.float64(1.0), 190, 320, np.float64(0.7), 5)",houghCircleAlt,0.389583333,56584693.34,57891036.5
"(np.float64(1.0), 290, 370, np.float64(0.8), 5)",houghCircleAlt,0.389583333,70797004.94,70821449.5
"(np.float64(1.0), 290, 390, np.float64(0.8), 5)",houghCircleAlt,0.389583333,71024889.86,70870492.5
"(np.float64(1.5), 110, 330, np.float64(0.75), 5)",houghCircleAlt,0.389583333,28371053.15,29128061.5
"(np.float64(1.5), 120, 310, np.float64(0.75), 5)",houghCircleAlt,0.389583333,26731996.54,27630070.5
"(np.float64(1.5), 130, 310, np.float64(0.75), 5)",houghCircleAlt,0.389583333,27833331.31,28570846
"(np.float64(1.5), 150, 310, np.float64(0.7), 10)",houghCircleAlt,0.389583333,28044037.47,28813244.5
"(np.float64(1.5), 150, 350, np.float64(0.7), 10)",houghCircleAlt,0.389583333,25399014.4,26131919.5
"(np.float64(1.5), 290, 370, np.float64(0.8), 10)",houghCircleAlt,0.389583333,33047008.74,33223934.5
"(np.float64(1.5), 290, 380, np.float64(0.8), 10)",houghCircleAlt,0.389583333,33246262.27,33791435
"(np.float64(1.0), 180, 340, np.float64(0.7), 5)",houghCircleAlt,0.3875,52933213.2,53905965.5
"(np.float64(1.0), 290, 380, np.float64(0.8), 5)",houghCircleAlt,0.3875,72086864.97,71669114.5
"(np.float64(1.5), 110, 300, np.float64(0.75), 5)",houghCircleAlt,0.3875,28637819.94,29187812.5
"(np.float64(1.5), 110, 320, np.float64(0.75), 5)",houghCircleAlt,0.3875,26458393.93,27090399
"(np.float64(1.5), 110, 370, np.float64(0.75), 5)",houghCircleAlt,0.3875,26853470.33,27212787.5
"(np.float64(1.5), 110, 380, np.float64(0.75), 5)",houghCircleAlt,0.3875,26245106.93,26380652
"(np.float64(1.5), 150, 340, np.float64(0.7), 10)",houghCircleAlt,0.3875,27099041.71,27616165
"(np.float64(1.5), 270, 370, np.float64(0.7), 5)",houghCircleAlt,0.3875,31340573.1,31937372.5
"(np.float64(1.5), 270, 380, np.float64(0.7), 5)",houghCircleAlt,0.3875,32701809.73,33161062
"(np.float64(1.5), 270, 390, np.float64(0.7), 5)",houghCircleAlt,0.3875,32566712.99,32996507.5
"(np.float64(1.0), 100, 320, np.float64(0.75), 5)",houghCircleAlt,0.385416667,44235713.55,45586217
"(np.float64(1.0), 100, 330, np.float64(0.75), 10)",houghCircleAlt,0.385416667,43078616.97,44113485.5
"(np.float64(1.0), 100, 360, np.float64(0.7), 15)",houghCircleAlt,0.385416667,40965892.1,41421765
"(np.float64(1.0), 110, 310, np.float64(0.7), 15)",houghCircleAlt,0.385416667,43216255.69,44285241
"(np.float64(1.0), 170, 370, np.float64(0.7), 5)",houghCircleAlt,0.385416667,51520655.71,52051191.5
"(np.float64(1.5), 110, 340, np.float64(0.75), 5)",houghCircleAlt,0.385416667,26093864.61,26787161
"(np.float64(1.5), 140, 300, np.float64(0.7), 10)",houghCircleAlt,0.385416667,29149873.66,30005188
"(np.float64(1.5), 150, 330, np.float64(0.7), 10)",houghCircleAlt,0.385416667,25545212.47,26287686.5
"(np.float64(1.5), 200, 350, np.float64(0.7), 5)",houghCircleAlt,0.385416667,30020717.37,30740234.5
"(np.float64(1.0), 100, 320, np.float64(0.75), 10)",houghCircleAlt,0.383333333,43460704.4,44445781.5
"(np.float64(1.0), 100, 350, np.float64(0.7), 15)",houghCircleAlt,0.383333333,41368067.24,41882914
"(np.float64(1.0), 110, 300, np.float64(0.7), 15)",houghCircleAlt,0.383333333,43215059.6,44264627
"(np.float64(1.0), 110, 310, np.float64(0.75), 5)",houghCircleAlt,0.383333333,46157557.57,47371045
"(np.float64(1.0), 120, 300, np.float64(0.75), 5)",houghCircleAlt,0.383333333,47584442.87,48813310.5
"(np.float64(1.0), 160, 340, np.float64(0.7), 10)",houghCircleAlt,0.383333333,49536234.7,50733936
"(np.float64(1.0), 160, 370, np.float64(0.7), 10)",houghCircleAlt,0.383333333,49771110.21,50521345.5
"(np.float64(1.0), 290, 320, np.float64(0.75), 10)",houghCircleAlt,0.383333333,71061595.42,71130028.5
"(np.float64(1.0), 290, 330, np.float64(0.75), 10)",houghCircleAlt,0.383333333,71057166.38,70826438.5
"(np.float64(1.0), 290, 340, np.float64(0.75), 10)",houghCircleAlt,0.383333333,70791452.67,70487412.5
"(np.float64(1.0), 290, 360, np.float64(0.75), 10)",houghCircleAlt,0.383333333,69761621.03,69763495
"(np.float64(1.5), 140, 380, np.float64(0.7), 10)",houghCircleAlt,0.383333333,25448449,25711225
"(np.float64(1.5), 140, 390, np.float64(0.7), 10)",houghCircleAlt,0.383333333,26540310.98,27070823
"(np.float64(1.5), 150, 360, np.float64(0.7), 10)",houghCircleAlt,0.383333333,26229915.08,26561530
"(np.float64(1.5), 200, 320, np.float64(0.7), 5)",houghCircleAlt,0.383333333,30183056.5,31194466
"(np.float64(1.0), 100, 320, np.float64(0.7), 15)",houghCircleAlt,0.38125,41421113.07,41976344.5
"(np.float64(1.0), 100, 340, np.float64(0.7), 15)",houghCircleAlt,0.38125,41270153.43,42059395.5
"(np.float64(1.0), 160, 360, np.float64(0.7), 10)",houghCircleAlt,0.38125,49156427.23,49895777
"(np.float64(1.0), 160, 380, np.float64(0.7), 10)",houghCircleAlt,0.38125,48645927,49301536.5
"(np.float64(1.0), 180, 320, np.float64(0.7), 5)",houghCircleAlt,0.38125,53410962.81,54461781.5
"(np.float64(1.0), 190, 390, np.float64(0.7), 5)",houghCircleAlt,0.38125,53357607.58,53930577
"(np.float64(1.0), 200, 300, np.float64(0.7), 5)",houghCircleAlt,0.38125,57486746.06,58801750
"(np.float64(1.0), 280, 360, np.float64(0.7), 5)",houghCircleAlt,0.38125,69530147.99,69752784.5
"(np.float64(1.0), 280, 370, np.float64(0.7), 5)",houghCircleAlt,0.38125,69789391.33,69682272
"(np.float64(1.0), 290, 300, np.float64(0.8), 5)",houghCircleAlt,0.38125,75585715.66,75731685
"(np.float64(1.0), 290, 350, np.float64(0.75), 10)",houghCircleAlt,0.38125,70567572.88,70326871.5
"(np.float64(1.0), 290, 390, np.float64(0.75), 10)",houghCircleAlt,0.38125,70086240.95,69502495
"(np.float64(1.5), 110, 310, np.float64(0.75), 5)",houghCircleAlt,0.38125,27419240.36,28333049.5
"(np.float64(1.5), 140, 320, np.float64(0.7), 10)",houghCircleAlt,0.38125,26784559.3,27651159.5
"(np.float64(1.0), 100, 300, np.float64(0.75), 10)",houghCircleAlt,0.379166667,41160537.67,42141635.5
"(np.float64(1.0), 100, 380, np.float64(0.75), 5)",houghCircleAlt,0.379166667,43306475.01,43898150.5
"(np.float64(1.0), 190, 310, np.float64(0.7), 5)",houghCircleAlt,0.379166667,56017651.18,57053615.5
"(np.float64(1.0), 280, 330, np.float64(0.7), 5)",houghCircleAlt,0.379166667,68871885.49,69420095.5
"(np.float64(1.0), 290, 300, np.float64(0.75), 10)",houghCircleAlt,0.379166667,72094090.43,71720325.5
"(np.float64(1.0), 290, 310, np.float64(0.75), 10)",houghCircleAlt,0.379166667,71537226.84,71489527.5
"(np.float64(1.0), 290, 380, np.float64(0.75), 10)",houghCircleAlt,0.379166667,70266540.74,69320083
"(np.float64(1.5), 140, 340, np.float64(0.7), 10)",houghCircleAlt,0.379166667,26296328.57,26888007.5
"(np.float64(1.5), 140, 350, np.float64(0.7), 10)",houghCircleAlt,0.379166667,26271689.35,26996121
"(np.float64(1.5), 140, 370, np.float64(0.7), 10)",houghCircleAlt,0.379166667,26005624.64,26540947
"(np.float64(1.5), 200, 310, np.float64(0.7), 5)",houghCircleAlt,0.379166667,31165685.92,32270219.5
"(np.float64(1.5), 200, 330, np.float64(0.7), 5)",houghCircleAlt,0.379166667,30347717.16,31326874.5
"(np.float64(1.5), 200, 340, np.float64(0.7), 5)",houghCircleAlt,0.379166667,29917154.59,30719798
"(np.float64(1.5), 200, 360, np.float64(0.7), 5)",houghCircleAlt,0.379166667,30636663.24,31239306.5
"(np.float64(1.5), 200, 390, np.float64(0.7), 5)",houghCircleAlt,0.379166667,30406833.45,31095852
"(np.float64(1.5), 290, 300, np.float64(0.7), 15)",houghCircleAlt,0.379166667,32821745.29,33345171.5
"(np.float64(1.0), 100, 310, np.float64(0.75), 10)",houghCircleAlt,0.377083333,43599557.99,44765978.5
"(np.float64(1.0), 110, 300, np.float64(0.75), 5)",houghCircleAlt,0.377083333,46146078.8,47560681
"(np.float64(1.0), 160, 330, np.float64(0.7), 10)",houghCircleAlt,0.377083333,49934062.69,50965134
"(np.float64(1.0), 180, 380, np.float64(0.7), 5)",houghCircleAlt,0.377083333,53490048.73,54066721
"(np.float64(1.0), 280, 350, np.float64(0.7), 5)",houghCircleAlt,0.377083333,69241669.95,69611253
"(np.float64(1.0), 290, 370, np.float64(0.75), 10)",houghCircleAlt,0.377083333,69762729.19,69515905.5
"(np.float64(1.5), 140, 310, np.float64(0.7), 10)",houghCircleAlt,0.377083333,27087768.88,28085003.5
"(np.float64(1.5), 200, 300, np.float64(0.7), 5)",houghCircleAlt,0.377083333,32463442.82,33835612.5
"(np.float64(1.5), 200, 370, np.float64(0.7), 5)",houghCircleAlt,0.377083333,29711573.96,30150221.5
"(np.float64(1.5), 200, 380, np.float64(0.7), 5)",houghCircleAlt,0.377083333,28425910.85,28787486.5
"(np.float64(1.5), 290, 300, np.float64(0.8), 5)",houghCircleAlt,0.377083333,34716395.87,35765494
"(np.float64(1.0), 100, 310, np.float64(0.7), 15)",houghCircleAlt,0.375,41710274.53,42548639
"(np.float64(1.0), 100, 330, np.float64(0.7), 15)",houghCircleAlt,0.375,41827720.9,42571405
"(np.float64(1.0), 100, 360, np.float64(0.75), 5)",houghCircleAlt,0.375,43437804.29,44318683
"(np.float64(1.0), 150, 390, np.float64(0.7), 10)",houghCircleAlt,0.375,47414323.84,47818945.5
"(np.float64(1.0), 160, 350, np.float64(0.7), 10)",houghCircleAlt,0.375,50035466.33,50593336
"(np.float64(1.0), 170, 350, np.float64(0.7), 5)",houghCircleAlt,0.375,52121242.56,52853425.5
"(np.float64(1.5), 130, 300, np.float64(0.7), 10)",houghCircleAlt,0.375,27278655.98,28117013
"(np.float64(1.5), 140, 330, np.float64(0.7), 10)",houghCircleAlt,0.375,26743919.25,27514919.5
"(np.float64(1.5), 290, 310, np.float64(0.8), 5)",houghCircleAlt,0.375,34990654.58,35862411.5
"(np.float64(1.0), 100, 370, np.float64(0.75), 5)",houghCircleAlt,0.372916667,43724916.65,44520247.5
"(np.float64(1.0), 150, 320, np.float64(0.7), 10)",houghCircleAlt,0.372916667,48666177.25,49599797
"(np.float64(1.0), 170, 330, np.float64(0.7), 5)",houghCircleAlt,0.372916667,52438913.96,53496242
"(np.float64(1.0), 170, 360, np.float64(0.7), 5)",houghCircleAlt,0.372916667,50691167.83,51738784.5
"(np.float64(1.0), 280, 380, np.float64(0.7), 5)",houghCircleAlt,0.372916667,70748966.46,70507866
"(np.float64(1.5), 130, 350, np.float64(0.7), 10)",houghCircleAlt,0.372916667,26421737.89,26787043.5
"(np.float64(1.5), 190, 320, np.float64(0.7), 5)",houghCircleAlt,0.372916667,29257507.9,30249294
"(np.float64(1.5), 290, 320, np.float64(0.7), 15)",houghCircleAlt,0.372916667,31252073.79,31733242.5
"(np.float64(1.5), 290, 320, np.float64(0.8), 5)",houghCircleAlt,0.372916667,34226217.37,35377245
"(np.float64(1.5), 290, 350, np.float64(0.8), 5)",houghCircleAlt,0.372916667,34003254.12,34828385
"(np.float64(1.0), 160, 370, np.float64(0.7), 5)",houghCircleAlt,0.370833333,50325626.85,51099524.5
"(np.float64(1.0), 170, 340, np.float64(0.7), 5)",houghCircleAlt,0.370833333,51459354.3,52462967.5
"(np.float64(1.0), 170, 380, np.float64(0.7), 5)",houghCircleAlt,0.370833333,50409088.66,51202032
"(np.float64(1.0), 280, 310, np.float64(0.7), 5)",houghCircleAlt,0.370833333,69699566.92,70322723
"(np.float64(1.0), 280, 320, np.float64(0.7), 5)",houghCircleAlt,0.370833333,71592839.47,71957626
"(np.float64(1.0), 280, 390, np.float64(0.7), 5)",houghCircleAlt,0.370833333,69150801.96,68962883
"(np.float64(1.5), 100, 320, np.float64(0.75), 5)",houghCircleAlt,0.370833333,27459226.98,28362939.5
"(np.float64(1.5), 100, 330, np.float64(0.75), 5)",houghCircleAlt,0.370833333,26867131.66,27426643.5
"(np.float64(1.5), 130, 320, np.float64(0.7), 10)",houghCircleAlt,0.370833333,25245081.68,25844271
"(np.float64(1.5), 130, 340, np.float64(0.7), 10)",houghCircleAlt,0.370833333,26898054.48,27703768.5
"(np.float64(1.5), 130, 380, np.float64(0.7), 10)",houghCircleAlt,0.370833333,26183401.3,26513416
"(np.float64(1.5), 140, 360, np.float64(0.7), 10)",houghCircleAlt,0.370833333,25969113.15,26572366
"(np.float64(1.5), 190, 350, np.float64(0.7), 5)",houghCircleAlt,0.370833333,28536076.57,29129152
"(np.float64(1.5), 290, 360, np.float64(0.8), 5)",houghCircleAlt,0.370833333,34094822.87,34708735
"(np.float64(1.0), 100, 300, np.float64(0.7), 15)",houghCircleAlt,0.36875,42059457.9,42762584
"(np.float64(1.0), 160, 330, np.float64(0.7), 5)",houghCircleAlt,0.36875,51443022.61,52635912.5
"(np.float64(1.0), 160, 350, np.float64(0.7), 5)",houghCircleAlt,0.36875,51467257.37,52623013.5
"(np.float64(1.0), 190, 300, np.float64(0.7), 5)",houghCircleAlt,0.36875,57285356.66,58813517
"(np.float64(1.0), 280, 340, np.float64(0.7), 5)",houghCircleAlt,0.36875,69348423.65,69953371
"(np.float64(1.0), 290, 320, np.float64(0.7), 15)",houghCircleAlt,0.36875,70225974.87,69856979
"(np.float64(1.5), 100, 300, np.float64(0.75), 5)",houghCircleAlt,0.36875,24453539.2,25148178.5
"(np.float64(1.5), 100, 340, np.float64(0.75), 5)",houghCircleAlt,0.36875,27403779.52,28154680.5
"(np.float64(1.5), 100, 390, np.float64(0.75), 5)",houghCircleAlt,0.36875,25508913.3,26067785.5
"(np.float64(1.5), 130, 370, np.float64(0.7), 10)",houghCircleAlt,0.36875,26662430.51,27095145
"(np.float64(1.5), 130, 390, np.float64(0.7), 10)",houghCircleAlt,0.36875,26237390.58,26767299.5
"(np.float64(1.5), 290, 310, np.float64(0.7), 15)",houghCircleAlt,0.36875,33851298.59,34382749
"(np.float64(1.5), 290, 310, np.float64(0.75), 10)",houghCircleAlt,0.36875,34002210.89,34491106.5
"(np.float64(1.5), 290, 330, np.float64(0.7), 15)",houghCircleAlt,0.36875,32949580.42,33338620
"(np.float64(1.5), 290, 330, np.float64(0.8), 5)",houghCircleAlt,0.36875,34027051.31,34733398
"(np.float64(1.5), 290, 340, np.float64(0.8), 5)",houghCircleAlt,0.36875,34269694.76,35030990
"(np.float64(1.5), 290, 370, np.float64(0.8), 5)",houghCircleAlt,0.36875,34758704.74,35114521.5
"(np.float64(1.0), 100, 310, np.float64(0.75), 5)",houghCircleAlt,0.366666667,44781041.32,46000233.5
"(np.float64(1.0), 150, 310, np.float64(0.7), 10)",houghCircleAlt,0.366666667,49152104.92,50288532.5
"(np.float64(1.0), 150, 360, np.float64(0.7), 10)",houghCircleAlt,0.366666667,47613552.86,48548524
"(np.float64(1.0), 150, 370, np.float64(0.7), 10)",houghCircleAlt,0.366666667,47710359.54,48293060.5
"(np.float64(1.0), 150, 380, np.float64(0.7), 10)",houghCircleAlt,0.366666667,47062462.43,47694888.5
"(np.float64(1.0), 160, 340, np.float64(0.7), 5)",houghCircleAlt,0.366666667,50670086.23,51697165.5
"(np.float64(1.0), 160, 390, np.float64(0.7), 5)",houghCircleAlt,0.366666667,49977761.91,50858072.5
"(np.float64(1.0), 170, 390, np.float64(0.7), 5)",houghCircleAlt,0.366666667,51244515.02,51807728.5
"(np.float64(1.0), 180, 390, np.float64(0.7), 5)",houghCircleAlt,0.366666667,52283986.9,53030287.5
"(np.float64(1.0), 290, 390, np.float64(0.7), 15)",houghCircleAlt,0.366666667,68691410.09,68438733.5
"(np.float64(1.5), 100, 350, np.float64(0.75), 5)",houghCircleAlt,0.366666667,26125540.18,26738938.5
"(np.float64(1.5), 130, 310, np.float64(0.7), 10)",houghCircleAlt,0.366666667,27392494.23,28093717.5
"(np.float64(1.5), 130, 330, np.float64(0.7), 10)",houghCircleAlt,0.366666667,26672656.94,27103522
"(np.float64(1.5), 190, 330, np.float64(0.7), 5)",houghCircleAlt,0.366666667,30901656.53,31847131.5
"(np.float64(1.5), 190, 340, np.float64(0.7), 5)",houghCircleAlt,0.366666667,30004509.98,30674648
"(np.float64(1.5), 290, 380, np.float64(0.8), 5)",houghCircleAlt,0.366666667,34007707.18,34390608
"(np.float64(1.5), 290, 390, np.float64(0.8), 5)",houghCircleAlt,0.366666667,32848546.78,33196313
"(np.float64(1.0), 140, 390, np.float64(0.7), 10)",houghCircleAlt,0.364583333,46280636.62,46638009.5
"(np.float64(1.0), 170, 320, np.float64(0.7), 5)",houghCircleAlt,0.364583333,53860335.53,55188331
"(np.float64(1.0), 180, 310, np.float64(0.7), 5)",houghCircleAlt,0.364583333,55484502.68,56982947
"(np.float64(1.0), 280, 300, np.float64(0.7), 5)",houghCircleAlt,0.364583333,70975335.08,71610113.5
"(np.float64(1.0), 290, 310, np.float64(0.7), 15)",houghCircleAlt,0.364583333,69483418.48,69508492
"(np.float64(1.0), 290, 330, np.float64(0.7), 15)",houghCircleAlt,0.364583333,69217051.88,69207781.5
"(np.float64(1.5), 120, 340, np.float64(0.7), 10)",houghCircleAlt,0.364583333,25794293.76,26489116
"(np.float64(1.5), 120, 350, np.float64(0.7), 10)",houghCircleAlt,0.364583333,24417633.16,25053106.5
"(np.float64(1.5), 190, 360, np.float64(0.7), 5)",houghCircleAlt,0.364583333,29906695.49,30701442.5
"(np.float64(1.5), 190, 390, np.float64(0.7), 5)",houghCircleAlt,0.364583333,27674739.72,27939489.5
"(np.float64(1.5), 280, 310, np.float64(0.7), 5)",houghCircleAlt,0.364583333,32859469.08,34043201
"(np.float64(1.5), 280, 320, np.float64(0.7), 5)",houghCircleAlt,0.364583333,34498234.76,35509379
"(np.float64(1.5), 290, 320, np.float64(0.75), 10)",houghCircleAlt,0.364583333,31142975.67,31661928
"(np.float64(1.0), 140, 320, np.float64(0.7), 10)",houghCircleAlt,0.3625,47887282.55,48959635.5
"(np.float64(1.0), 150, 300, np.float64(0.7), 10)",houghCircleAlt,0.3625,49653948.69,50987903
"(np.float64(1.0), 160, 380, np.float64(0.7), 5)",houghCircleAlt,0.3625,49696461.05,50309202.5
"(np.float64(1.0), 290, 300, np.float64(0.7), 15)",houghCircleAlt,0.3625,70057308.39,70257696.5
"(np.float64(1.0), 290, 340, np.float64(0.7), 15)",houghCircleAlt,0.3625,69578395.69,68697288.5
"(np.float64(1.5), 100, 310, np.float64(0.75), 5)",houghCircleAlt,0.3625,28631650.61,29533340.5
"(np.float64(1.5), 100, 360, np.float64(0.75), 5)",houghCircleAlt,0.3625,27865550.64,28541934.5
"(np.float64(1.5), 120, 300, np.float64(0.7), 10)",houghCircleAlt,0.3625,25767010.02,26563790
"(np.float64(1.5), 120, 320, np.float64(0.7), 10)",houghCircleAlt,0.3625,26820941.29,27473810.5
"(np.float64(1.5), 130, 360, np.float64(0.7), 10)",houghCircleAlt,0.3625,27397718.32,28034613
"(np.float64(1.5), 180, 320, np.float64(0.7), 5)",houghCircleAlt,0.3625,29137980.8,29790108
"(np.float64(1.5), 190, 380, np.float64(0.7), 5)",houghCircleAlt,0.3625,28318308.2,28909829
"(np.float64(1.5), 290, 300, np.float64(0.75), 10)",houghCircleAlt,0.3625,33770354.31,34627683
"(np.float64(1.5), 290, 340, np.float64(0.7), 15)",houghCircleAlt,0.3625,31773147.33,32305852
"(np.float64(1.5), 290, 370, np.float64(0.75), 10)",houghCircleAlt,0.3625,33531391.94,34071078.5
"(np.float64(1.5), 290, 390, np.float64(0.75), 10)",houghCircleAlt,0.3625,32442281.31,32839628.5
"(np.float64(1.0), 100, 300, np.float64(0.75), 5)",houghCircleAlt,0.360416667,45497691.94,46733108
"(np.float64(1.0), 160, 360, np.float64(0.7), 5)",houghCircleAlt,0.360416667,49997719.01,50842893.5
"(np.float64(1.0), 290, 350, np.float64(0.75), 5)",houghCircleAlt,0.360416667,72310887.08,71911448.5
"(np.float64(1.0), 290, 380, np.float64(0.7), 15)",houghCircleAlt,0.360416667,68643180.25,68248271.5
"(np.float64(1.5), 100, 380, np.float64(0.75), 5)",houghCircleAlt,0.360416667,27247576.76,28199457.5
"(np.float64(1.5), 190, 370, np.float64(0.7), 5)",houghCircleAlt,0.360416667,28071321.07,28666494.5
"(np.float64(1.5), 280, 350, np.float64(0.7), 5)",houghCircleAlt,0.360416667,33539271.14,34531944
"(np.float64(1.5), 290, 350, np.float64(0.7), 15)",houghCircleAlt,0.360416667,32659916.47,33067655.5
"(np.float64(1.5), 290, 360, np.float64(0.75), 10)",houghCircleAlt,0.360416667,33201710.82,33707637
"(np.float64(1.0), 130, 320, np.float64(0.7), 10)",houghCircleAlt,0.358333333,46507100.21,47616766
"(np.float64(1.0), 150, 340, np.float64(0.7), 10)",houghCircleAlt,0.358333333,47962620.81,49144612.5
"(np.float64(1.0), 290, 350, np.float64(0.7), 15)",houghCircleAlt,0.358333333,68752523.16,68459512.5
"(np.float64(1.5), 100, 370, np.float64(0.75), 5)",houghCircleAlt,0.358333333,25867270.08,26561504.5
"(np.float64(1.5), 120, 330, np.float64(0.7), 10)",houghCircleAlt,0.358333333,25718119.6,26409981.5
"(np.float64(1.5), 170, 320, np.float64(0.7), 5)",houghCircleAlt,0.358333333,27661504.36,28700387
"(np.float64(1.5), 180, 340, np.float64(0.7), 5)",houghCircleAlt,0.358333333,27502194.42,28465357
"(np.float64(1.5), 190, 300, np.float64(0.7), 5)",houghCircleAlt,0.358333333,30394813.08,31244270.5
"(np.float64(1.5), 190, 310, np.float64(0.7), 5)",houghCircleAlt,0.358333333,28419367.13,29514807
"(np.float64(1.5), 280, 300, np.float64(0.7), 5)",houghCircleAlt,0.358333333,34844208.41,36077989
"(np.float64(1.5), 290, 350, np.float64(0.75), 10)",houghCircleAlt,0.358333333,30363702.04,30941542
"(np.float64(1.5), 290, 380, np.float64(0.75), 10)",houghCircleAlt,0.358333333,33171226.45,33722826
"(np.float64(1.0), 140, 370, np.float64(0.7), 10)",houghCircleAlt,0.35625,46573415.4,47198065.5
"(np.float64(1.0), 140, 380, np.float64(0.7), 10)",houghCircleAlt,0.35625,46070609.22,46832680
"(np.float64(1.0), 150, 330, np.float64(0.7), 10)",houghCircleAlt,0.35625,48573078.6,49710534.5
"(np.float64(1.0), 150, 370, np.float64(0.7), 5)",houghCircleAlt,0.35625,48976721.41,49383761
"(np.float64(1.0), 160, 320, np.float64(0.7), 5)",houghCircleAlt,0.35625,51342516.74,52869491
"(np.float64(1.0), 290, 360, np.float64(0.75), 5)",houghCircleAlt,0.35625,72048463.36,71665177.5
"(np.float64(1.0), 290, 370, np.float64(0.7), 15)",houghCircleAlt,0.35625,67915342.55,67830803
"(np.float64(1.5), 120, 380, np.float64(0.7), 10)",houghCircleAlt,0.35625,23795581.28,24300454
"(np.float64(1.5), 120, 390, np.float64(0.7), 10)",houghCircleAlt,0.35625,24916198.08,25267197.5
"(np.float64(1.5), 180, 330, np.float64(0.7), 5)",houghCircleAlt,0.35625,29908116.85,30725412.5
"(np.float64(1.5), 280, 330, np.float64(0.7), 5)",houghCircleAlt,0.35625,32524392.66,33476271.5
"(np.float64(1.5), 280, 340, np.float64(0.7), 5)",houghCircleAlt,0.35625,33467173.97,34409299.5
"(np.float64(1.5), 280, 360, np.float64(0.7), 5)",houghCircleAlt,0.35625,32424579.48,32953558.5
"(np.float64(1.5), 290, 330, np.float64(0.75), 10)",houghCircleAlt,0.35625,33455368.6,34226780
"(np.float64(1.5), 290, 380, np.float64(0.7), 15)",houghCircleAlt,0.35625,32758812.57,33061416
"(np.float64(1.5), 290, 390, np.float64(0.7), 15)",houghCircleAlt,0.35625,32047382.85,32314649
"(np.float64(1.0), 150, 350, np.float64(0.7), 10)",houghCircleAlt,0.354166667,48168883.12,48949601
"(np.float64(1.0), 290, 330, np.float64(0.75), 5)",houghCircleAlt,0.354166667,72786669.72,73195949
"(np.float64(1.5), 110, 350, np.float64(0.7), 10)",houghCircleAlt,0.354166667,25363708,25970121.5
"(np.float64(1.5), 120, 360, np.float64(0.7), 10)",houghCircleAlt,0.354166667,25455843.45,25974854.5
"(np.float64(1.5), 170, 330, np.float64(0.7), 5)",houghCircleAlt,0.354166667,28459033.64,29188499
"(np.float64(1.5), 180, 350, np.float64(0.7), 5)",houghCircleAlt,0.354166667,29230028.09,30109632.5
"(np.float64(1.5), 180, 390, np.float64(0.7), 5)",houghCircleAlt,0.354166667,26531735.45,27329157
"(np.float64(1.5), 280, 380, np.float64(0.7), 5)",houghCircleAlt,0.354166667,30615510.32,30953425.5
"(np.float64(1.5), 290, 340, np.float64(0.75), 10)",houghCircleAlt,0.354166667,33555147.58,34225999.5
"(np.float64(1.5), 290, 360, np.float64(0.7), 15)",houghCircleAlt,0.354166667,31611509.96,31838452
"(np.float64(1.0), 140, 310, np.float64(0.7), 10)",houghCircleAlt,0.352083333,47610484.39,48964008
"(np.float64(1.0), 140, 360, np.float64(0.7), 10)",houghCircleAlt,0.352083333,46479358.81,47391769
"(np.float64(1.0), 180, 300, np.float64(0.7), 5)",houghCircleAlt,0.352083333,53953055.24,55171629
"(np.float64(1.0), 290, 340, np.float64(0.75), 5)",houghCircleAlt,0.352083333,71579602.77,71773350.5
"(np.float64(1.0), 290, 360, np.float64(0.7), 15)",houghCircleAlt,0.352083333,68763862.19,68595799
"(np.float64(1.5), 110, 320, np.float64(0.7), 10)",houghCircleAlt,0.352083333,26465575.72,27054189.5
"(np.float64(1.5), 110, 390, np.float64(0.7), 10)",houghCircleAlt,0.352083333,23274271.73,23719429
"(np.float64(1.5), 120, 310, np.float64(0.7), 10)",houghCircleAlt,0.352083333,26287327.45,26878193
"(np.float64(1.5), 120, 370, np.float64(0.7), 10)",houghCircleAlt,0.352083333,25027290.54,25468504.5
"(np.float64(1.5), 170, 340, np.float64(0.7), 5)",houghCircleAlt,0.352083333,29326690.32,30265128.5
"(np.float64(1.5), 180, 380, np.float64(0.7), 5)",houghCircleAlt,0.352083333,27818027.44,28426570
"(np.float64(1.5), 280, 390, np.float64(0.7), 5)",houghCircleAlt,0.352083333,30272138.82,30864939
"(np.float64(1.0), 140, 300, np.float64(0.7), 10)",houghCircleAlt,0.35,48549745.44,49958775
"(np.float64(1.0), 150, 390, np.float64(0.7), 5)",houghCircleAlt,0.35,48817174.8,49432062
"(np.float64(1.0), 170, 310, np.float64(0.7), 5)",houghCircleAlt,0.35,53360707.11,54767551.5
"(np.float64(1.0), 290, 310, np.float64(0.75), 5)",houghCircleAlt,0.35,72834464.4,73196291.5
"(np.float64(1.0), 290, 320, np.float64(0.75), 5)",houghCircleAlt,0.35,72665973.31,72460539.5
"(np.float64(1.0), 290, 390, np.float64(0.75), 5)",houghCircleAlt,0.35,69277608.41,69381307.5
"(np.float64(1.5), 110, 300, np.float64(0.7), 10)",houghCircleAlt,0.35,26454883.43,27259183
"(np.float64(1.5), 110, 340, np.float64(0.7), 10)",houghCircleAlt,0.35,25101139.43,25766711
"(np.float64(1.5), 160, 320, np.float64(0.7), 5)",houghCircleAlt,0.35,29128418.96,29961037.5
"(np.float64(1.5), 180, 310, np.float64(0.7), 5)",houghCircleAlt,0.35,29390118.87,30269106
"(np.float64(1.5), 280, 370, np.float64(0.7), 5)",houghCircleAlt,0.35,33185584.19,33966898
"(np.float64(1.5), 290, 370, np.float64(0.7), 15)",houghCircleAlt,0.35,29142759.13,29344612
"(np.float64(1.0), 130, 390, np.float64(0.7), 10)",houghCircleAlt,0.347916667,44560047.26,45210467
"(np.float64(1.0), 140, 340, np.float64(0.7), 10)",houghCircleAlt,0.347916667,46238643.09,47123321
"(np.float64(1.0), 140, 390, np.float64(0.7), 5)",houghCircleAlt,0.347916667,47308359.71,48076282
"(np.float64(1.0), 290, 370, np.float64(0.75), 5)",houghCircleAlt,0.347916667,71510662.74,71513853.5
"(np.float64(1.5), 170, 350, np.float64(0.7), 5)",houghCircleAlt,0.347916667,28838715.73,29418521
"(np.float64(1.5), 170, 360, np.float64(0.7), 5)",houghCircleAlt,0.347916667,28889689.57,29361924.5
"(np.float64(1.5), 180, 300, np.float64(0.7), 5)",houghCircleAlt,0.347916667,29725145.11,30873946.5
"(np.float64(1.5), 180, 360, np.float64(0.7), 5)",houghCircleAlt,0.347916667,29894097.47,30689640
"(np.float64(1.0), 130, 310, np.float64(0.7), 10)",houghCircleAlt,0.345833333,45835624.58,46867497.5
"(np.float64(1.0), 130, 370, np.float64(0.7), 10)",houghCircleAlt,0.345833333,44905083.18,45931405
"(np.float64(1.0), 140, 330, np.float64(0.7), 10)",houghCircleAlt,0.345833333,47129875.64,48160020
"(np.float64(1.0), 150, 360, np.float64(0.7), 5)",houghCircleAlt,0.345833333,49238560.26,50243514
"(np.float64(1.0), 150, 380, np.float64(0.7), 5)",houghCircleAlt,0.345833333,48441570.84,49077702.5
"(np.float64(1.0), 170, 300, np.float64(0.7), 5)",houghCircleAlt,0.345833333,56113118.27,57606362
"(np.float64(1.0), 290, 320, np.float64(0.7), 10)",houghCircleAlt,0.345833333,71746084.39,71153031
"(np.float64(1.0), 290, 380, np.float64(0.7), 10)",houghCircleAlt,0.345833333,70537039.85,70006449.5
"(np.float64(1.0), 290, 380, np.float64(0.75), 5)",houghCircleAlt,0.345833333,71882977.86,71228559.5
"(np.float64(1.0), 290, 390, np.float64(0.7), 10)",houghCircleAlt,0.345833333,69251856.28,69233551
"(np.float64(1.5), 110, 360, np.float64(0.7), 10)",houghCircleAlt,0.345833333,26531284.87,26984727
"(np.float64(1.5), 110, 380, np.float64(0.7), 10)",houghCircleAlt,0.345833333,23670308.6,24013420.5
"(np.float64(1.5), 170, 370, np.float64(0.7), 5)",houghCircleAlt,0.345833333,27604987.44,28054781.5
"(np.float64(1.5), 180, 370, np.float64(0.7), 5)",houghCircleAlt,0.345833333,29031714.7,29352847.5
"(np.float64(1.0), 120, 320, np.float64(0.7), 10)",houghCircleAlt,0.34375,46855390.51,47809112
"(np.float64(1.0), 130, 330, np.float64(0.7), 10)",houghCircleAlt,0.34375,45583767.48,46629976.5
"(np.float64(1.0), 130, 340, np.float64(0.7), 10)",houghCircleAlt,0.34375,45719475.97,46903412
"(np.float64(1.0), 130, 360, np.float64(0.7), 10)",houghCircleAlt,0.34375,45250152.52,46292763.5
"(np.float64(1.0), 130, 380, np.float64(0.7), 10)",houghCircleAlt,0.34375,44815697.26,45483001.5
"(np.float64(1.0), 140, 350, np.float64(0.7), 10)",houghCircleAlt,0.34375,46687085.2,47457971.5
"(np.float64(1.0), 140, 370, np.float64(0.7), 5)",houghCircleAlt,0.34375,47776756.68,48649203.5
"(np.float64(1.0), 150, 340, np.float64(0.7), 5)",houghCircleAlt,0.34375,49531013.26,50578958
"(np.float64(1.0), 150, 350, np.float64(0.7), 5)",houghCircleAlt,0.34375,49602904.58,50559782.5
"(np.float64(1.0), 160, 310, np.float64(0.7), 5)",houghCircleAlt,0.34375,52060399.71,53199004.5
"(np.float64(1.0), 290, 300, np.float64(0.7), 10)",houghCircleAlt,0.34375,72371633.53,72020593.5
"(np.float64(1.0), 290, 330, np.float64(0.7), 10)",houghCircleAlt,0.34375,72619453.08,72093240.5
"(np.float64(1.0), 290, 340, np.float64(0.7), 10)",houghCircleAlt,0.34375,70059716.94,69803269
"(np.float64(1.0), 290, 360, np.float64(0.7), 10)",houghCircleAlt,0.34375,70402434.36,70090262.5
"(np.float64(1.5), 100, 390, np.float64(0.7), 10)",houghCircleAlt,0.34375,25648746.85,25914952
"(np.float64(1.5), 110, 310, np.float64(0.7), 10)",houghCircleAlt,0.34375,25817015.34,26582240
"(np.float64(1.5), 110, 330, np.float64(0.7), 10)",houghCircleAlt,0.34375,24451860.21,25190129
"(np.float64(1.5), 160, 330, np.float64(0.7), 5)",houghCircleAlt,0.34375,29073898.21,29864071
"(np.float64(1.5), 160, 340, np.float64(0.7), 5)",houghCircleAlt,0.34375,29989018.72,30912068.5
"(np.float64(1.5), 170, 380, np.float64(0.7), 5)",houghCircleAlt,0.34375,28476876.13,29072070
"(np.float64(1.0), 150, 330, np.float64(0.7), 5)",houghCircleAlt,0.341666667,49941987.56,51163536.5
"(np.float64(1.5), 110, 370, np.float64(0.7), 10)",houghCircleAlt,0.341666667,25100825.11,25484198
"(np.float64(1.5), 170, 310, np.float64(0.7), 5)",houghCircleAlt,0.341666667,29024431.76,30074811
"(np.float64(1.5), 170, 390, np.float64(0.7), 5)",houghCircleAlt,0.341666667,27435320.87,28032520
"(np.float64(1.0), 120, 310, np.float64(0.7), 10)",houghCircleAlt,0.339583333,45816838.33,46982897.5
"(np.float64(1.0), 130, 300, np.float64(0.7), 10)",houghCircleAlt,0.339583333,47397921.02,48629205.5
"(np.float64(1.0), 130, 350, np.float64(0.7), 10)",houghCircleAlt,0.339583333,45770710.74,46767813
"(np.float64(1.0), 130, 370, np.float64(0.7), 5)",houghCircleAlt,0.339583333,45965890.96,46749659
"(np.float64(1.0), 130, 390, np.float64(0.7), 5)",houghCircleAlt,0.339583333,45922923.73,46387863.5
"(np.float64(1.0), 140, 330, np.float64(0.7), 5)",houghCircleAlt,0.339583333,48775744.61,49799070
"(np.float64(1.0), 140, 340, np.float64(0.7), 5)",houghCircleAlt,0.339583333,48354601.24,49618586.5
"(np.float64(1.0), 140, 350, np.float64(0.7), 5)",houghCircleAlt,0.339583333,47981667.37,48819212.5
"(np.float64(1.0), 140, 360, np.float64(0.7), 5)",houghCircleAlt,0.339583333,47144691.9,48373772
"(np.float64(1.0), 140, 380, np.float64(0.7), 5)",houghCircleAlt,0.339583333,48024852.22,48922430.5
"(np.float64(1.0), 290, 350, np.float64(0.7), 10)",houghCircleAlt,0.339583333,70375647.3,69979324.5
"(np.float64(1.0), 290, 370, np.float64(0.7), 10)",houghCircleAlt,0.339583333,69466539.81,69175035.5
"(np.float64(1.5), 100, 320, np.float64(0.7), 10)",houghCircleAlt,0.339583333,26526691.98,27151472
"(np.float64(1.5), 100, 350, np.float64(0.7), 10)",houghCircleAlt,0.339583333,24768119.27,25300707.5
"(np.float64(1.5), 160, 350, np.float64(0.7), 5)",houghCircleAlt,0.339583333,27595223.81,28027687
"(np.float64(1.5), 160, 370, np.float64(0.7), 5)",houghCircleAlt,0.339583333,27855733.62,28588744
"(np.float64(1.0), 120, 390, np.float64(0.7), 10)",houghCircleAlt,0.3375,44028650.26,44561434.5
"(np.float64(1.0), 130, 380, np.float64(0.7), 5)",houghCircleAlt,0.3375,47123307.11,47794896.5
"(np.float64(1.0), 160, 300, np.float64(0.7), 5)",houghCircleAlt,0.3375,52422732.42,53944718
"(np.float64(1.0), 290, 300, np.float64(0.75), 5)",houghCircleAlt,0.3375,74834006.7,75021293.5
"(np.float64(1.0), 290, 310, np.float64(0.7), 10)",houghCircleAlt,0.3375,73165354.74,73189652.5
"(np.float64(1.5), 100, 300, np.float64(0.7), 10)",houghCircleAlt,0.3375,23082485.11,23989009
"(np.float64(1.5), 100, 340, np.float64(0.7), 10)",houghCircleAlt,0.3375,25170101.85,25897760
"(np.float64(1.5), 160, 360, np.float64(0.7), 5)",houghCircleAlt,0.3375,28340294.96,28915426.5
"(np.float64(1.5), 290, 390, np.float64(0.7), 10)",houghCircleAlt,0.3375,33410382.07,33897615
"(np.float64(1.0), 120, 300, np.float64(0.7), 10)",houghCircleAlt,0.335416667,47583585.64,49025634
"(np.float64(1.0), 130, 360, np.float64(0.7), 5)",houghCircleAlt,0.335416667,46791412.76,47578233
"(np.float64(1.5), 100, 310, np.float64(0.7), 10)",houghCircleAlt,0.335416667,26607255.28,27553456.5
"(np.float64(1.5), 100, 360, np.float64(0.7), 10)",houghCircleAlt,0.335416667,24792178.56,25527791.5
"(np.float64(1.5), 100, 380, np.float64(0.7), 10)",houghCircleAlt,0.335416667,23436226.55,23757430
"(np.float64(1.5), 160, 310, np.float64(0.7), 5)",houghCircleAlt,0.335416667,29482557.92,30214717
"(np.float64(1.5), 170, 300, np.float64(0.7), 5)",houghCircleAlt,0.335416667,28340792.32,29571458.5
"(np.float64(1.5), 290, 300, np.float64(0.75), 5)",houghCircleAlt,0.335416667,34022163.09,34859658.5
"(np.float64(1.5), 290, 310, np.float64(0.7), 10)",houghCircleAlt,0.335416667,33519757.73,34567070.5
"(np.float64(1.5), 290, 310, np.float64(0.75), 5)",houghCircleAlt,0.335416667,35591640.67,36620301
"(np.float64(1.0), 120, 340, np.float64(0.7), 10)",houghCircleAlt,0.333333333,44392802.7,45324971
"(np.float64(1.0), 130, 350, np.float64(0.7), 5)",houghCircleAlt,0.333333333,46541155.78,47685876
"(np.float64(1.0), 150, 320, np.float64(0.7), 5)",houghCircleAlt,0.333333333,51024357.67,52178915.5
"(np.float64(1.5), 100, 330, np.float64(0.7), 10)",houghCircleAlt,0.333333333,26371511.44,26967937.5
"(np.float64(1.5), 150, 320, np.float64(0.7), 5)",houghCircleAlt,0.333333333,29087398.83,29885942.5
"(np.float64(1.5), 160, 390, np.float64(0.7), 5)",houghCircleAlt,0.333333333,26609708.49,27425004.5
"(np.float64(1.5), 290, 320, np.float64(0.75), 5)",houghCircleAlt,0.333333333,34838591.07,35916446
"(np.float64(1.0), 120, 350, np.float64(0.7), 10)",houghCircleAlt,0.33125,44937171.46,45807066.5
"(np.float64(1.0), 120, 360, np.float64(0.7), 10)",houghCircleAlt,0.33125,43673336.47,44807005
"(np.float64(1.0), 120, 370, np.float64(0.7), 5)",houghCircleAlt,0.33125,45658706.3,46146703.5
"(np.float64(1.0), 120, 380, np.float64(0.7), 10)",houghCircleAlt,0.33125,43402939.77,44097648.5
"(np.float64(1.0), 120, 390, np.float64(0.7), 5)",houghCircleAlt,0.33125,45178675.78,45948316
"(np.float64(1.0), 130, 330, np.float64(0.7), 5)",houghCircleAlt,0.33125,47595063.45,48502197
"(np.float64(1.0), 140, 320, np.float64(0.7), 5)",houghCircleAlt,0.33125,49805599.94,51216044.5
"(np.float64(1.5), 100, 370, np.float64(0.7), 10)",houghCircleAlt,0.33125,23997002.41,24624111
"(np.float64(1.5), 150, 330, np.float64(0.7), 5)",houghCircleAlt,0.33125,27831484.9,28589932
"(np.float64(1.5), 160, 300, np.float64(0.7), 5)",houghCircleAlt,0.33125,28851499.85,29557916.5
"(np.float64(1.5), 160, 380, np.float64(0.7), 5)",houghCircleAlt,0.33125,27982592.83,28415849.5
"(np.float64(1.5), 290, 340, np.float64(0.75), 5)",houghCircleAlt,0.33125,34155148.14,35083760
"(np.float64(1.5), 290, 350, np.float64(0.75), 5)",houghCircleAlt,0.33125,35061482.06,35371253.5
"(np.float64(1.5), 290, 360, np.float64(0.75), 5)",houghCircleAlt,0.33125,33752209.98,34462218.5
"(np.float64(1.0), 110, 390, np.float64(0.7), 10)",houghCircleAlt,0.329166667,42581675.14,43303143
"(np.float64(1.0), 120, 330, np.float64(0.7), 5)",houghCircleAlt,0.329166667,46630623.51,47467435.5
"(np.float64(1.0), 120, 330, np.float64(0.7), 10)",houghCircleAlt,0.329166667,45315925.79,46426477.5
"(np.float64(1.0), 120, 370, np.float64(0.7), 10)",houghCircleAlt,0.329166667,45805742.51,46519974
"(np.float64(1.0), 130, 340, np.float64(0.7), 5)",houghCircleAlt,0.329166667,47234385.59,48372354.5
"(np.float64(1.5), 140, 320, np.float64(0.7), 5)",houghCircleAlt,0.329166667,26470417.36,27570679.5
"(np.float64(1.5), 150, 340, np.float64(0.7), 5)",houghCircleAlt,0.329166667,28737336.08,29487800
"(np.float64(1.5), 150, 370, np.float64(0.7), 5)",houghCircleAlt,0.329166667,27155026.04,27911538
"(np.float64(1.5), 290, 320, np.float64(0.7), 10)",houghCircleAlt,0.329166667,33323292.92,33849889
"(np.float64(1.5), 290, 370, np.float64(0.7), 10)",houghCircleAlt,0.329166667,33457004.13,33926773
"(np.float64(1.5), 290, 370, np.float64(0.75), 5)",houghCircleAlt,0.329166667,32632670.55,33332829
"(np.float64(1.5), 290, 380, np.float64(0.7), 10)",houghCircleAlt,0.329166667,32630704.24,32959679.5
"(np.float64(1.5), 140, 330, np.float64(0.7), 5)",houghCircleAlt,0.327083333,27712313.64,28548234
"(np.float64(1.5), 140, 340, np.float64(0.7), 5)",houghCircleAlt,0.327083333,27754564.85,28448897
"(np.float64(1.5), 140, 370, np.float64(0.7), 5)",houghCircleAlt,0.327083333,28510253.98,29046668
"(np.float64(1.5), 290, 300, np.float64(0.7), 10)",houghCircleAlt,0.327083333,35007292.17,35822880.5
"(np.float64(1.5), 290, 330, np.float64(0.75), 5)",houghCircleAlt,0.327083333,35373459.28,36002342
"(np.float64(1.5), 290, 360, np.float64(0.7), 10)",houghCircleAlt,0.327083333,32972886.21,33424275.5
"(np.float64(1.0), 110, 320, np.float64(0.7), 10)",houghCircleAlt,0.325,43147437.03,44436725
"(np.float64(1.0), 110, 340, np.float64(0.7), 10)",houghCircleAlt,0.325,42579797.71,43577102.5
"(np.float64(1.0), 120, 340, np.float64(0.7), 5)",houghCircleAlt,0.325,45362137.17,46654160
"(np.float64(1.0), 120, 350, np.float64(0.7), 5)",houghCircleAlt,0.325,46081399.37,46873712.5
"(np.float64(1.0), 120, 360, np.float64(0.7), 5)",houghCircleAlt,0.325,46218430.16,47022536
"(np.float64(1.0), 120, 380, np.float64(0.7), 5)",houghCircleAlt,0.325,45848469.65,46459030
"(np.float64(1.5), 140, 350, np.float64(0.7), 5)",houghCircleAlt,0.325,29252186.21,30014084
"(np.float64(1.5), 140, 360, np.float64(0.7), 5)",houghCircleAlt,0.325,27375475.83,27911012.5
"(np.float64(1.5), 150, 350, np.float64(0.7), 5)",houghCircleAlt,0.325,27242219.58,28024180.5
"(np.float64(1.5), 150, 360, np.float64(0.7), 5)",houghCircleAlt,0.325,28166798.86,28561587.5
"(np.float64(1.5), 290, 350, np.float64(0.7), 10)",houghCircleAlt,0.325,33571259.1,34529913.5
"(np.float64(1.0), 110, 350, np.float64(0.7), 10)",houghCircleAlt,0.322916667,43690982.28,44743701
"(np.float64(1.0), 110, 360, np.float64(0.7), 10)",houghCircleAlt,0.322916667,42321803.11,43054326
"(np.float64(1.0), 110, 370, np.float64(0.7), 5)",houghCircleAlt,0.322916667,44552801.19,45602032
"(np.float64(1.0), 130, 320, np.float64(0.7), 5)",houghCircleAlt,0.322916667,48124106.48,49484270.5
"(np.float64(1.5), 130, 370, np.float64(0.7), 5)",houghCircleAlt,0.322916667,26302733.61,27162187
"(np.float64(1.5), 150, 390, np.float64(0.7), 5)",houghCircleAlt,0.322916667,26620638.06,27312685
"(np.float64(1.5), 290, 330, np.float64(0.7), 10)",houghCircleAlt,0.322916667,33150109.07,33899687
"(np.float64(1.5), 290, 380, np.float64(0.75), 5)",houghCircleAlt,0.322916667,33111076.03,33765726
"(np.float64(1.5), 290, 390, np.float64(0.75), 5)",houghCircleAlt,0.322916667,31837836.88,32413098.5
"(np.float64(1.0), 150, 310, np.float64(0.7), 5)",houghCircleAlt,0.320833333,50705728.53,52028788.5
"(np.float64(1.5), 150, 380, np.float64(0.7), 5)",houghCircleAlt,0.320833333,26389923.26,26856808.5
"(np.float64(1.0), 110, 310, np.float64(0.7), 10)",houghCircleAlt,0.31875,44368682.65,45487301
"(np.float64(1.0), 110, 330, np.float64(0.7), 5)",houghCircleAlt,0.31875,45436334,46441814.5
"(np.float64(1.0), 110, 370, np.float64(0.7), 10)",houghCircleAlt,0.31875,43186475.47,43871274
"(np.float64(1.0), 110, 390, np.float64(0.7), 5)",houghCircleAlt,0.31875,44045687.2,44536863
"(np.float64(1.0), 120, 320, np.float64(0.7), 5)",houghCircleAlt,0.31875,45917597.53,47318121
"(np.float64(1.0), 140, 310, np.float64(0.7), 5)",houghCircleAlt,0.31875,49337010.73,50793235
"(np.float64(1.5), 130, 330, np.float64(0.7), 5)",houghCircleAlt,0.31875,28604979.88,29476529.5
"(np.float64(1.5), 150, 310, np.float64(0.7), 5)",houghCircleAlt,0.31875,28604919.01,29546992
"(np.float64(1.0), 110, 300, np.float64(0.7), 10)",houghCircleAlt,0.316666667,43891741.41,45220540
"(np.float64(1.0), 110, 330, np.float64(0.7), 10)",houghCircleAlt,0.316666667,44081773.26,45545821
"(np.float64(1.0), 110, 350, np.float64(0.7), 5)",houghCircleAlt,0.316666667,44968811.43,45679827.5
"(np.float64(1.0), 110, 380, np.float64(0.7), 5)",houghCircleAlt,0.316666667,43114825.7,43486051.5
"(np.float64(1.0), 110, 380, np.float64(0.7), 10)",houghCircleAlt,0.316666667,44120299.24,44969289.5
"(np.float64(1.0), 150, 300, np.float64(0.7), 5)",houghCircleAlt,0.316666667,51746783.92,53089158
"(np.float64(1.5), 120, 330, np.float64(0.7), 5)",houghCircleAlt,0.316666667,27600577.89,28335362.5
"(np.float64(1.5), 140, 380, np.float64(0.7), 5)",houghCircleAlt,0.316666667,26913569.53,27341032
"(np.float64(1.5), 290, 340, np.float64(0.7), 10)",houghCircleAlt,0.316666667,30660622.49,31293551.5
"(np.float64(1.0), 100, 390, np.float64(0.7), 10)",houghCircleAlt,0.314583333,41843568.83,42351193.5
"(np.float64(1.0), 110, 340, np.float64(0.7), 5)",houghCircleAlt,0.314583333,45976108.21,46860957
"(np.float64(1.0), 110, 360, np.float64(0.7), 5)",houghCircleAlt,0.314583333,45549185.24,46270801.5
"(np.float64(1.0), 130, 310, np.float64(0.7), 5)",houghCircleAlt,0.314583333,49029957.89,50198089
"(np.float64(1.0), 140, 300, np.float64(0.7), 5)",houghCircleAlt,0.314583333,51876071.56,53468745
"(np.float64(1.5), 120, 320, np.float64(0.7), 5)",houghCircleAlt,0.314583333,25814328.43,26857034.5
"(np.float64(1.5), 130, 320, np.float64(0.7), 5)",houghCircleAlt,0.314583333,27927732.49,28637079.5
"(np.float64(1.5), 130, 340, np.float64(0.7), 5)",houghCircleAlt,0.314583333,28619115,29677802.5
"(np.float64(1.5), 130, 360, np.float64(0.7), 5)",houghCircleAlt,0.314583333,27207767.62,27472040
"(np.float64(1.5), 140, 310, np.float64(0.7), 5)",houghCircleAlt,0.314583333,29440745.8,30434932
"(np.float64(1.5), 140, 390, np.float64(0.7), 5)",houghCircleAlt,0.314583333,26214988.85,26815932
"(np.float64(1.5), 150, 300, np.float64(0.7), 5)",houghCircleAlt,0.314583333,29478277.29,30350614
"(np.float64(1.0), 100, 320, np.float64(0.7), 10)",houghCircleAlt,0.3125,43502292.96,44341563.5
"(np.float64(1.0), 100, 340, np.float64(0.7), 10)",houghCircleAlt,0.3125,42685529.66,43436940.5
"(np.float64(1.0), 100, 360, np.float64(0.7), 10)",houghCircleAlt,0.3125,41594788.96,42562499
"(np.float64(1.0), 130, 300, np.float64(0.7), 5)",houghCircleAlt,0.3125,49057931.81,50552478
"(np.float64(1.0), 290, 360, np.float64(0.7), 5)",houghCircleAlt,0.3125,70230764.93,70475185
"(np.float64(1.5), 130, 350, np.float64(0.7), 5)",houghCircleAlt,0.3125,26603105.8,27159993
"(np.float64(1.0), 120, 310, np.float64(0.7), 5)",houghCircleAlt,0.310416667,47305432.86,48668093
"(np.float64(1.0), 290, 350, np.float64(0.7), 5)",houghCircleAlt,0.310416667,72937542.79,73174954
"(np.float64(1.5), 120, 340, np.float64(0.7), 5)",houghCircleAlt,0.310416667,27933797.55,29012562
"(np.float64(1.5), 120, 350, np.float64(0.7), 5)",houghCircleAlt,0.310416667,25904946.07,26485443
"(np.float64(1.5), 120, 360, np.float64(0.7), 5)",houghCircleAlt,0.310416667,27490840.16,28119508.5
"(np.float64(1.5), 120, 370, np.float64(0.7), 5)",houghCircleAlt,0.310416667,26174244.86,26626784
"(np.float64(1.5), 140, 300, np.float64(0.7), 5)",houghCircleAlt,0.310416667,28400675.49,29189680.5
"(np.float64(1.0), 100, 350, np.float64(0.7), 10)",houghCircleAlt,0.308333333,42564183.78,43417001.5
"(np.float64(1.0), 110, 320, np.float64(0.7), 5)",houghCircleAlt,0.308333333,44936750.64,46274197
"(np.float64(1.0), 120, 300, np.float64(0.7), 5)",houghCircleAlt,0.308333333,46840692.56,48384877
"(np.float64(1.5), 130, 300, np.float64(0.7), 5)",houghCircleAlt,0.308333333,27075250.53,28035029.5
"(np.float64(1.5), 130, 380, np.float64(0.7), 5)",houghCircleAlt,0.308333333,25983105.07,26402241.5
"(np.float64(1.0), 100, 370, np.float64(0.7), 10)",houghCircleAlt,0.30625,42514866.11,43322675
"(np.float64(1.0), 100, 380, np.float64(0.7), 10)",houghCircleAlt,0.30625,41302789.1,42098343.5
"(np.float64(1.0), 290, 330, np.float64(0.7), 5)",houghCircleAlt,0.30625,73370609.43,73601504
"(np.float64(1.0), 290, 370, np.float64(0.7), 5)",houghCircleAlt,0.30625,73104633.54,72967169.5
"(np.float64(1.5), 130, 390, np.float64(0.7), 5)",houghCircleAlt,0.30625,26101746.1,26638290.5
"(np.float64(1.0), 100, 300, np.float64(0.7), 10)",houghCircleAlt,0.304166667,44630369,45985991.5
"(np.float64(1.0), 100, 330, np.float64(0.7), 5)",houghCircleAlt,0.304166667,43911457.75,45301291.5
"(np.float64(1.0), 100, 330, np.float64(0.7), 10)",houghCircleAlt,0.304166667,42830625.48,43762395.5
"(np.float64(1.5), 120, 300, np.float64(0.7), 5)",houghCircleAlt,0.304166667,28811987.11,29746311
"(np.float64(1.0), 100, 310, np.float64(0.7), 10)",houghCircleAlt,0.302083333,43081373.76,44302493
"(np.float64(1.0), 290, 310, np.float64(0.7), 5)",houghCircleAlt,0.302083333,73644874.96,73832854
"(np.float64(1.5), 120, 310, np.float64(0.7), 5)",houghCircleAlt,0.302083333,28032494.34,28856786.5
"(np.float64(1.5), 130, 310, np.float64(0.7), 5)",houghCircleAlt,0.302083333,27010634.77,27919814
"(np.float64(1.0), 100, 340, np.float64(0.7), 5)",houghCircleAlt,0.3,42666100.31,44035489
"(np.float64(1.0), 100, 350, np.float64(0.7), 5)",houghCircleAlt,0.3,43940013.85,44662068
"(np.float64(1.0), 290, 380, np.float64(0.7), 5)",houghCircleAlt,0.3,69574639.33,69903331.5
"(np.float64(1.5), 110, 320, np.float64(0.7), 5)",houghCircleAlt,0.3,26895573.03,27737376.5
"(np.float64(1.5), 110, 330, np.float64(0.7), 5)",houghCircleAlt,0.3,27471641.26,28176180.5
"(np.float64(1.0), 100, 360, np.float64(0.7), 5)",houghCircleAlt,0.297916667,42099639.49,43101384.5
"(np.float64(1.0), 100, 370, np.float64(0.7), 5)",houghCircleAlt,0.297916667,43362074.55,44223906.5
"(np.float64(1.0), 110, 300, np.float64(0.7), 5)",houghCircleAlt,0.297916667,45863886.92,47492242.5
"(np.float64(1.0), 110, 310, np.float64(0.7), 5)",houghCircleAlt,0.297916667,46286642.94,48074293.5
"(np.float64(1.0), 290, 300, np.float64(0.7), 5)",houghCircleAlt,0.297916667,72585744.04,73022213
"(np.float64(1.0), 290, 320, np.float64(0.7), 5)",houghCircleAlt,0.297916667,71451389.76,71914399.5
"(np.float64(1.0), 290, 340, np.float64(0.7), 5)",houghCircleAlt,0.297916667,70349287.75,71084303
"(np.float64(1.5), 110, 370, np.float64(0.7), 5)",houghCircleAlt,0.297916667,25644657.88,26330393
"(np.float64(1.5), 120, 380, np.float64(0.7), 5)",houghCircleAlt,0.297916667,25741081.43,26002035
"(np.float64(1.5), 120, 390, np.float64(0.7), 5)",houghCircleAlt,0.297916667,26833810.95,27130683.5
"(np.float64(1.0), 100, 320, np.float64(0.7), 5)",houghCircleAlt,0.295833333,43066606.88,44653206
"(np.float64(1.0), 100, 380, np.float64(0.7), 5)",houghCircleAlt,0.295833333,41610740.23,42234197.5
"(np.float64(1.0), 100, 390, np.float64(0.7), 5)",houghCircleAlt,0.295833333,43059876.26,43801072.5
"(np.float64(1.0), 290, 390, np.float64(0.7), 5)",houghCircleAlt,0.295833333,72571578.65,72758619
"(np.float64(1.5), 110, 350, np.float64(0.7), 5)",houghCircleAlt,0.295833333,26103997.23,26746432
"(np.float64(1.5), 110, 360, np.float64(0.7), 5)",houghCircleAlt,0.295833333,25629504.94,26350433.5
"(np.float64(1.5), 110, 300, np.float64(0.7), 5)",houghCircleAlt,0.29375,28223081.98,28775954.5
"(np.float64(1.5), 110, 310, np.float64(0.7), 5)",houghCircleAlt,0.29375,28227582.55,29045911.5
"(np.float64(1.5), 110, 340, np.float64(0.7), 5)",houghCircleAlt,0.29375,28837067.31,29918625
"(np.float64(1.0), 100, 310, np.float64(0.7), 5)",houghCircleAlt,0.289583333,45673472.89,46758798
"(np.float64(1.5), 110, 390, np.float64(0.7), 5)",houghCircleAlt,0.289583333,25640355,26325939
"(np.float64(1.5), 290, 300, np.float64(0.7), 5)",houghCircleAlt,0.2875,35452313.96,36635940.5
"(np.float64(1.5), 290, 310, np.float64(0.7), 5)",houghCircleAlt,0.2875,32053152.75,33150632
"(np.float64(1.0), 100, 300, np.float64(0.7), 5)",houghCircleAlt,0.285416667,45236963.25,46343276
"(np.float64(1.5), 110, 380, np.float64(0.7), 5)",houghCircleAlt,0.285416667,25832243.01,26443793.5
"(np.float64(1.5), 290, 320, np.float64(0.7), 5)",houghCircleAlt,0.28125,34287458.83,34947549.5
"(np.float64(1.5), 290, 350, np.float64(0.7), 5)",houghCircleAlt,0.28125,34370616.37,35002510.5
"(np.float64(1.5), 290, 360, np.float64(0.7), 5)",houghCircleAlt,0.28125,34922824.73,35629698
"(np.float64(1.5), 100, 370, np.float64(0.7), 5)",houghCircleAlt,0.275,26758120.22,27432067.5
"(np.float64(1.5), 290, 340, np.float64(0.7), 5)",houghCircleAlt,0.275,34082007.84,34743219
"(np.float64(1.5), 290, 370, np.float64(0.7), 5)",houghCircleAlt,0.275,34147884.45,34811623.5
"(np.float64(1.5), 290, 380, np.float64(0.7), 5)",houghCircleAlt,0.275,33114389.78,33495493.5
"(np.float64(1.5), 100, 300, np.float64(0.7), 5)",houghCircleAlt,0.272916667,23420529.92,24223480.5
"(np.float64(1.5), 100, 310, np.float64(0.7), 5)",houghCircleAlt,0.272916667,26300040.64,26963599.5
"(np.float64(1.5), 100, 320, np.float64(0.7), 5)",houghCircleAlt,0.272916667,28230784.21,29364829
"(np.float64(1.5), 100, 330, np.float64(0.7), 5)",houghCircleAlt,0.272916667,25938542.6,26725278.5
"(np.float64(1.5), 100, 340, np.float64(0.7), 5)",houghCircleAlt,0.272916667,27030012.91,27300381.5
"(np.float64(1.5), 290, 390, np.float64(0.7), 5)",houghCircleAlt,0.272916667,30989649.55,31675754
"(np.float64(1.5), 100, 360, np.float64(0.7), 5)",houghCircleAlt,0.270833333,26489638.01,26893379.5
"(np.float64(1.5), 100, 390, np.float64(0.7), 5)",houghCircleAlt,0.270833333,25597834.41,25986302.5
"(np.float64(1.5), 290, 330, np.float64(0.7), 5)",houghCircleAlt,0.270833333,35061190.91,36006926.5
"(np.float64(1.5), 100, 350, np.float64(0.7), 5)",houghCircleAlt,0.266666667,24620985.08,25301312
"(np.float64(1.5), 100, 380, np.float64(0.7), 5)",houghCircleAlt,0.266666667,25267658.1,26045153.5