,0,1,2,3
"(np.float64(1.0), 280, 130, 30, 15)",houghCircle,0.820833333,43819581.13,33392671
"(np.float64(1.5), 280, 130, 30, 15)",houghCircle,0.820833333,46281812.72,33905763.5
"(np.float64(1.0), 270, 130, 30, 15)",houghCircle,0.81875,47107569.9,34478858
"(np.float64(1.5), 270, 130, 30, 15)",houghCircle,0.81875,45041269.23,34826285.5
"(np.float64(1.0), 240, 130, 30, 15)",houghCircle,0.816666667,42225158.5,33187454.5
"(np.float64(1.0), 250, 130, 30, 15)",houghCircle,0.816666667,41710262.69,34098204.5
"(np.float64(1.0), 260, 130, 30, 15)",houghCircle,0.816666667,42552023.81,32316692.5
"(np.float64(1.0), 280, 120, 30, 15)",houghCircle,0.816666667,41502866.9,34635288
"(np.float64(1.5), 240, 130, 30, 15)",houghCircle,0.816666667,42658050.71,33587286.5
"(np.float64(1.5), 250, 130, 30, 15)",houghCircle,0.816666667,44457800.28,34262722.5
"(np.float64(1.5), 260, 130, 30, 15)",houghCircle,0.816666667,48420208.76,37612574
"(np.float64(1.5), 280, 120, 30, 15)",houghCircle,0.816666667,45001465.3,34802150
"(np.float64(1.0), 210, 130, 30, 15)",houghCircle,0.814583333,42305039.97,34424412.5
"(np.float64(1.0), 220, 130, 30, 15)",houghCircle,0.814583333,44141767.61,33419531.5
"(np.float64(1.0), 230, 130, 30, 15)",houghCircle,0.814583333,45626301.44,35196660.5
"(np.float64(1.0), 270, 120, 30, 15)",houghCircle,0.814583333,41718472.65,34056055.5
"(np.float64(1.0), 280, 140, 30, 15)",houghCircle,0.814583333,39877517.85,32990723
"(np.float64(1.0), 280, 150, 30, 15)",houghCircle,0.814583333,42833831.82,32605334.5
"(np.float64(1.0), 280, 160, 30, 15)",houghCircle,0.814583333,40089034.61,32086020
"(np.float64(1.5), 210, 130, 30, 15)",houghCircle,0.814583333,44481525.51,34870374.5
"(np.float64(1.5), 220, 130, 30, 15)",houghCircle,0.814583333,42093935.93,33427245.5
"(np.float64(1.5), 230, 130, 30, 15)",houghCircle,0.814583333,45853457.74,34627247
"(np.float64(1.5), 270, 120, 30, 15)",houghCircle,0.814583333,43464148.88,34680241
"(np.float64(1.5), 280, 140, 30, 15)",houghCircle,0.814583333,43199445.79,33506324.5
"(np.float64(1.5), 280, 150, 30, 15)",houghCircle,0.814583333,42471153.41,32934776.5
"(np.float64(1.5), 280, 160, 30, 15)",houghCircle,0.814583333,42508524.34,32991108.5
"(np.float64(1.0), 200, 130, 30, 15)",houghCircle,0.8125,43578084.44,34714355
"(np.float64(1.0), 240, 160, 30, 15)",houghCircle,0.8125,40932907.69,31195759
"(np.float64(1.0), 250, 160, 30, 15)",houghCircle,0.8125,41203303.45,31802403
"(np.float64(1.0), 260, 120, 30, 15)",houghCircle,0.8125,43957669.7,34743113.5
"(np.float64(1.0), 260, 160, 30, 15)",houghCircle,0.8125,41338438.79,31376749.5
"(np.float64(1.0), 270, 140, 30, 15)",houghCircle,0.8125,45666800.14,34727023
"(np.float64(1.0), 270, 150, 30, 15)",houghCircle,0.8125,43932284.93,32725584
"(np.float64(1.0), 270, 160, 30, 15)",houghCircle,0.8125,41555173.36,32147130
"(np.float64(1.0), 280, 170, 30, 15)",houghCircle,0.8125,42351317.24,33263058
"(np.float64(1.5), 200, 130, 30, 15)",houghCircle,0.8125,43929219.49,34893336.5
"(np.float64(1.5), 240, 160, 30, 15)",houghCircle,0.8125,40510287.93,32744730.5
"(np.float64(1.5), 250, 160, 30, 15)",houghCircle,0.8125,43172097.55,32419019.5
"(np.float64(1.5), 260, 120, 30, 15)",houghCircle,0.8125,47823559.08,35914512.5
"(np.float64(1.5), 260, 160, 30, 15)",houghCircle,0.8125,40073490.99,31412209.5
"(np.float64(1.5), 270, 140, 30, 15)",houghCircle,0.8125,45804669.39,34300348.5
"(np.float64(1.5), 270, 150, 30, 15)",houghCircle,0.8125,40814116.17,32256875.5
"(np.float64(1.5), 270, 160, 30, 15)",houghCircle,0.8125,43378250.09,32702609.5
"(np.float64(1.5), 280, 170, 30, 15)",houghCircle,0.8125,40217347.52,31972291
"(np.float64(1.0), 180, 130, 30, 15)",houghCircle,0.810416667,44368839.33,34423660.5
"(np.float64(1.0), 190, 130, 30, 15)",houghCircle,0.810416667,41260732.03,34127594.5
"(np.float64(1.0), 200, 160, 30, 15)",houghCircle,0.810416667,42116295.43,32087532.5
"(np.float64(1.0), 210, 160, 30, 15)",houghCircle,0.810416667,45657547.93,33924659.5
"(np.float64(1.0), 220, 160, 30, 15)",houghCircle,0.810416667,43889592.06,32766566
"(np.float64(1.0), 230, 160, 30, 15)",houghCircle,0.810416667,41249217.51,31812521
"(np.float64(1.0), 240, 120, 30, 15)",houghCircle,0.810416667,44118520.82,34270552.5
"(np.float64(1.0), 240, 140, 30, 15)",houghCircle,0.810416667,42946485.55,33510132
"(np.float64(1.0), 240, 150, 30, 15)",houghCircle,0.810416667,43578765.27,33270377
"(np.float64(1.0), 240, 170, 30, 15)",houghCircle,0.810416667,39573102.51,31129265
"(np.float64(1.0), 250, 120, 30, 15)",houghCircle,0.810416667,44292502.44,34738091
"(np.float64(1.0), 250, 140, 30, 15)",houghCircle,0.810416667,41999083.15,34554756
"(np.float64(1.0), 250, 150, 30, 15)",houghCircle,0.810416667,41366096.05,32833868
"(np.float64(1.0), 250, 170, 30, 15)",houghCircle,0.810416667,40311626.65,31992995.5
"(np.float64(1.0), 260, 140, 30, 15)",houghCircle,0.810416667,43262306.42,33413295.5
"(np.float64(1.0), 260, 150, 30, 15)",houghCircle,0.810416667,40486972.87,32375893.5
"(np.float64(1.0), 260, 170, 30, 15)",houghCircle,0.810416667,41579465.51,31802923
"(np.float64(1.0), 270, 100, 30, 15)",houghCircle,0.810416667,46867524.27,36827966.5
"(np.float64(1.0), 270, 100, 35, 15)",houghCircle,0.810416667,42585383.23,35793491
"(np.float64(1.0), 270, 110, 35, 15)",houghCircle,0.810416667,42372591.21,32658890.5
"(np.float64(1.0), 270, 170, 30, 15)",houghCircle,0.810416667,41837165.65,32166771
"(np.float64(1.0), 280, 100, 30, 15)",houghCircle,0.810416667,50541657.28,37729256.5
"(np.float64(1.0), 280, 100, 35, 15)",houghCircle,0.810416667,45498966.81,36168538
"(np.float64(1.0), 280, 110, 30, 15)",houghCircle,0.810416667,43670308.01,34817669.5
"(np.float64(1.0), 280, 110, 35, 15)",houghCircle,0.810416667,42536453.91,34241699.5
"(np.float64(1.5), 180, 130, 30, 15)",houghCircle,0.810416667,43887070.42,33456496
"(np.float64(1.5), 190, 130, 30, 15)",houghCircle,0.810416667,45815298.5,34700771.5
"(np.float64(1.5), 200, 160, 30, 15)",houghCircle,0.810416667,45113692.28,33459131
"(np.float64(1.5), 210, 160, 30, 15)",houghCircle,0.810416667,43148087.29,33024390
"(np.float64(1.5), 220, 160, 30, 15)",houghCircle,0.810416667,42462243.35,32787776
"(np.float64(1.5), 230, 160, 30, 15)",houghCircle,0.810416667,44775630.11,33024890.5
"(np.float64(1.5), 240, 120, 30, 15)",houghCircle,0.810416667,43495013.43,33451597.5
"(np.float64(1.5), 240, 140, 30, 15)",houghCircle,0.810416667,43939542.36,33083497.5
"(np.float64(1.5), 240, 150, 30, 15)",houghCircle,0.810416667,42137296.11,32498738.5
"(np.float64(1.5), 240, 170, 30, 15)",houghCircle,0.810416667,44257815.11,32522377.5
"(np.float64(1.5), 250, 120, 30, 15)",houghCircle,0.810416667,49468563.45,40430150
"(np.float64(1.5), 250, 140, 30, 15)",houghCircle,0.810416667,42797741.49,34167790.5
"(np.float64(1.5), 250, 150, 30, 15)",houghCircle,0.810416667,43208177.76,33901786.5
"(np.float64(1.5), 250, 170, 30, 15)",houghCircle,0.810416667,43034745.81,33000475
"(np.float64(1.5), 260, 140, 30, 15)",houghCircle,0.810416667,43869813.89,33811427
"(np.float64(1.5), 260, 150, 30, 15)",houghCircle,0.810416667,46120602.3,34537258.5
"(np.float64(1.5), 260, 170, 30, 15)",houghCircle,0.810416667,44239418.46,31958986.5
"(np.float64(1.5), 270, 100, 30, 15)",houghCircle,0.810416667,47870793.55,37474053
"(np.float64(1.5), 270, 100, 35, 15)",houghCircle,0.810416667,47526121.66,36142611
"(np.float64(1.5), 270, 110, 35, 15)",houghCircle,0.810416667,43450640.18,34534758
"(np.float64(1.5), 270, 170, 30, 15)",houghCircle,0.810416667,44623163.64,32522713.5
"(np.float64(1.5), 280, 100, 30, 15)",houghCircle,0.810416667,44389043.35,35727236
"(np.float64(1.5), 280, 100, 35, 15)",houghCircle,0.810416667,46678429.19,36189072
"(np.float64(1.5), 280, 110, 30, 15)",houghCircle,0.810416667,45881558.73,36638837
"(np.float64(1.5), 280, 110, 35, 15)",houghCircle,0.810416667,47416205.18,36040233.5
"(np.float64(1.0), 140, 160, 30, 15)",houghCircle,0.808333333,41198448.69,32013800
"(np.float64(1.0), 150, 160, 30, 15)",houghCircle,0.808333333,41194253.83,32279563
"(np.float64(1.0), 160, 130, 30, 15)",houghCircle,0.808333333,42944846.25,33942563
"(np.float64(1.0), 160, 160, 30, 15)",houghCircle,0.808333333,41894447.31,32100897
"(np.float64(1.0), 170, 130, 30, 15)",houghCircle,0.808333333,45486104.25,35038734.5
"(np.float64(1.0), 170, 160, 30, 15)",houghCircle,0.808333333,43536371.77,33190517.5
"(np.float64(1.0), 180, 160, 30, 15)",houghCircle,0.808333333,41706977.25,31871342
"(np.float64(1.0), 190, 160, 30, 15)",houghCircle,0.808333333,42700130.32,32607327
"(np.float64(1.0), 200, 170, 30, 15)",houghCircle,0.808333333,45208809.09,33397204.5
"(np.float64(1.0), 210, 100, 35, 15)",houghCircle,0.808333333,46097638.83,36606805.5
"(np.float64(1.0), 210, 110, 35, 15)",houghCircle,0.808333333,43862471.94,34933486
"(np.float64(1.0), 210, 120, 30, 15)",houghCircle,0.808333333,48461806.53,35852482
"(np.float64(1.0), 210, 140, 30, 15)",houghCircle,0.808333333,44629891.72,32917775.5
"(np.float64(1.0), 210, 150, 30, 15)",houghCircle,0.808333333,41962438.77,33844424
"(np.float64(1.0), 210, 170, 30, 15)",houghCircle,0.808333333,43419254.53,33211065
"(np.float64(1.0), 220, 100, 35, 15)",houghCircle,0.808333333,46491764.23,36258909
"(np.float64(1.0), 220, 110, 35, 15)",houghCircle,0.808333333,44085429.08,35488182.5
"(np.float64(1.0), 220, 120, 30, 15)",houghCircle,0.808333333,43890091.78,33833842.5
"(np.float64(1.0), 220, 140, 30, 15)",houghCircle,0.808333333,41787360.04,33019356
"(np.float64(1.0), 220, 150, 30, 15)",houghCircle,0.808333333,43548277.79,33312897
"(np.float64(1.0), 220, 170, 30, 15)",houghCircle,0.808333333,41942232.82,32355725.5
"(np.float64(1.0), 230, 100, 35, 15)",houghCircle,0.808333333,46125300.95,36459054.5
"(np.float64(1.0), 230, 110, 35, 15)",houghCircle,0.808333333,46029274.48,36553111
"(np.float64(1.0), 230, 120, 30, 15)",houghCircle,0.808333333,43510140.17,33760091
"(np.float64(1.0), 230, 140, 30, 15)",houghCircle,0.808333333,40599609.32,33557920
"(np.float64(1.0), 230, 150, 30, 15)",houghCircle,0.808333333,40949341.99,33153071
"(np.float64(1.0), 230, 170, 30, 15)",houghCircle,0.808333333,44615701.74,33173135
"(np.float64(1.0), 240, 100, 35, 15)",houghCircle,0.808333333,44027688.03,36654766
"(np.float64(1.0), 240, 110, 35, 15)",houghCircle,0.808333333,44207537.69,35255811.5
"(np.float64(1.0), 250, 100, 30, 15)",houghCircle,0.808333333,47407649.99,36986893.5
"(np.float64(1.0), 250, 100, 35, 15)",houghCircle,0.808333333,47778515.41,36885313.5
"(np.float64(1.0), 250, 110, 35, 15)",houghCircle,0.808333333,43883942.06,35569069
"(np.float64(1.0), 260, 100, 30, 15)",houghCircle,0.808333333,43293741.91,35663065
"(np.float64(1.0), 260, 100, 35, 15)",houghCircle,0.808333333,47887655.9,37588081.5
"(np.float64(1.0), 260, 110, 35, 15)",houghCircle,0.808333333,44065912.77,34685727
"(np.float64(1.0), 270, 110, 30, 15)",houghCircle,0.808333333,41847106.87,33908364
"(np.float64(1.0), 280, 180, 30, 15)",houghCircle,0.808333333,43022453.27,31188486.5
"(np.float64(1.5), 140, 160, 30, 15)",houghCircle,0.808333333,39785308.36,31394382.5
"(np.float64(1.5), 150, 160, 30, 15)",houghCircle,0.808333333,39333726.63,31838982
"(np.float64(1.5), 160, 130, 30, 15)",houghCircle,0.808333333,43779778.49,33942694
"(np.float64(1.5), 160, 160, 30, 15)",houghCircle,0.808333333,42863685.4,32466529
"(np.float64(1.5), 170, 130, 30, 15)",houghCircle,0.808333333,43364024.41,34461530.5
"(np.float64(1.5), 170, 160, 30, 15)",houghCircle,0.808333333,44235442.42,32932488
"(np.float64(1.5), 180, 160, 30, 15)",houghCircle,0.808333333,45423964.23,34050566
"(np.float64(1.5), 190, 160, 30, 15)",houghCircle,0.808333333,44035339,33022997.5
"(np.float64(1.5), 200, 170, 30, 15)",houghCircle,0.808333333,46589063.23,36117629.5
"(np.float64(1.5), 210, 100, 35, 15)",houghCircle,0.808333333,44427968.6,35335396
"(np.float64(1.5), 210, 110, 35, 15)",houghCircle,0.808333333,45226969.29,35522562
"(np.float64(1.5), 210, 120, 30, 15)",houghCircle,0.808333333,44858556.9,34248476.5
"(np.float64(1.5), 210, 140, 30, 15)",houghCircle,0.808333333,42661835.53,32377426.5
"(np.float64(1.5), 210, 150, 30, 15)",houghCircle,0.808333333,43399985.06,33483878
"(np.float64(1.5), 210, 170, 30, 15)",houghCircle,0.808333333,41326185.94,31605874
"(np.float64(1.5), 220, 100, 35, 15)",houghCircle,0.808333333,46922049.26,36622530
"(np.float64(1.5), 220, 110, 35, 15)",houghCircle,0.808333333,44561547.93,35256122.5
"(np.float64(1.5), 220, 120, 30, 15)",houghCircle,0.808333333,42242991.29,32484252.5
"(np.float64(1.5), 220, 140, 30, 15)",houghCircle,0.808333333,43970293.5,32880495.5
"(np.float64(1.5), 220, 150, 30, 15)",houghCircle,0.808333333,49239726.22,38968241
"(np.float64(1.5), 220, 170, 30, 15)",houghCircle,0.808333333,41382647.75,32157529
"(np.float64(1.5), 230, 100, 35, 15)",houghCircle,0.808333333,44117935.2,35701021.5
"(np.float64(1.5), 230, 110, 35, 15)",houghCircle,0.808333333,46454886.41,35856498.5
"(np.float64(1.5), 230, 120, 30, 15)",houghCircle,0.808333333,52546075.38,42518912
"(np.float64(1.5), 230, 140, 30, 15)",houghCircle,0.808333333,44498850.5,34095890.5
"(np.float64(1.5), 230, 150, 30, 15)",houghCircle,0.808333333,40913438.71,32315484.5
"(np.float64(1.5), 230, 170, 30, 15)",houghCircle,0.808333333,41650808.74,32903533.5
"(np.float64(1.5), 240, 100, 35, 15)",houghCircle,0.808333333,44415609.27,35699364.5
"(np.float64(1.5), 240, 110, 35, 15)",houghCircle,0.808333333,43769180.49,34843908
"(np.float64(1.5), 250, 100, 30, 15)",houghCircle,0.808333333,44408854.85,37120856
"(np.float64(1.5), 250, 100, 35, 15)",houghCircle,0.808333333,43574134.03,36492843
"(np.float64(1.5), 250, 110, 35, 15)",houghCircle,0.808333333,43169738.21,34405576.5
"(np.float64(1.5), 260, 100, 30, 15)",houghCircle,0.808333333,46612629.35,36459224.5
"(np.float64(1.5), 260, 100, 35, 15)",houghCircle,0.808333333,45344225.71,35708467
"(np.float64(1.5), 260, 110, 35, 15)",houghCircle,0.808333333,47158481.5,35490045.5
"(np.float64(1.5), 270, 110, 30, 15)",houghCircle,0.808333333,54049995.29,43972595
"(np.float64(1.5), 280, 180, 30, 15)",houghCircle,0.808333333,44127929.19,31622300
"(np.float64(1.0), 100, 160, 30, 15)",houghCircle,0.80625,43960492.72,34121614
"(np.float64(1.0), 110, 160, 30, 15)",houghCircle,0.80625,54998993.25,43363773
"(np.float64(1.0), 120, 160, 30, 15)",houghCircle,0.80625,45246370.79,33479965.5
"(np.float64(1.0), 130, 160, 30, 15)",houghCircle,0.80625,40961155.11,32774101
"(np.float64(1.0), 140, 130, 30, 15)",houghCircle,0.80625,43450906.27,33583308
"(np.float64(1.0), 140, 170, 30, 15)",houghCircle,0.80625,40489196.76,31762337.5
"(np.float64(1.0), 150, 130, 30, 15)",houghCircle,0.80625,43383251.71,33470052.5
"(np.float64(1.0), 150, 170, 30, 15)",houghCircle,0.80625,42003724.02,32538419
"(np.float64(1.0), 160, 170, 30, 15)",houghCircle,0.80625,43023793.06,32512901
"(np.float64(1.0), 170, 170, 30, 15)",houghCircle,0.80625,42647592.82,32796849.5
"(np.float64(1.0), 180, 170, 30, 15)",houghCircle,0.80625,43809505.82,34375424.5
"(np.float64(1.0), 190, 100, 35, 15)",houghCircle,0.80625,45096121.33,36867311.5
"(np.float64(1.0), 190, 110, 35, 15)",houghCircle,0.80625,45905834.67,34974704
"(np.float64(1.0), 190, 170, 30, 15)",houghCircle,0.80625,41270532.44,31797123.5
"(np.float64(1.0), 200, 100, 35, 15)",houghCircle,0.80625,44016091.12,35540927.5
"(np.float64(1.0), 200, 110, 35, 15)",houghCircle,0.80625,46716384.15,35459393.5
"(np.float64(1.0), 200, 120, 30, 15)",houghCircle,0.80625,45795690.9,35855536
"(np.float64(1.0), 200, 140, 30, 15)",houghCircle,0.80625,44361823.62,33608942
"(np.float64(1.0), 200, 150, 30, 15)",houghCircle,0.80625,43319705.9,32541705
"(np.float64(1.0), 240, 100, 30, 15)",houghCircle,0.80625,47507526.78,37302591.5
"(np.float64(1.0), 240, 110, 30, 15)",houghCircle,0.80625,44970899.66,35675423.5
"(np.float64(1.0), 240, 180, 30, 15)",houghCircle,0.80625,44266334.9,32421480
"(np.float64(1.0), 250, 110, 30, 15)",houghCircle,0.80625,43272897.22,34999735.5
"(np.float64(1.0), 250, 180, 30, 15)",houghCircle,0.80625,38942934.58,30568758
"(np.float64(1.0), 260, 110, 30, 15)",houghCircle,0.80625,42857929.95,34602080.5
"(np.float64(1.0), 260, 180, 30, 15)",houghCircle,0.80625,41707883.28,31714390
"(np.float64(1.0), 270, 180, 30, 15)",houghCircle,0.80625,42022531.47,31312978.5
"(np.float64(1.5), 100, 160, 30, 15)",houghCircle,0.80625,40411385.34,31093102.5
"(np.float64(1.5), 110, 160, 30, 15)",houghCircle,0.80625,41173897.07,32415021.5
"(np.float64(1.5), 120, 160, 30, 15)",houghCircle,0.80625,38561465,31778477.5
"(np.float64(1.5), 130, 160, 30, 15)",houghCircle,0.80625,44738135.59,33546815.5
"(np.float64(1.5), 140, 130, 30, 15)",houghCircle,0.80625,45406549.77,34684880.5
"(np.float64(1.5), 140, 170, 30, 15)",houghCircle,0.80625,41114221.31,32116276.5
"(np.float64(1.5), 150, 130, 30, 15)",houghCircle,0.80625,55410250.55,42580552
"(np.float64(1.5), 150, 170, 30, 15)",houghCircle,0.80625,39255154.35,30397372.5
"(np.float64(1.5), 160, 170, 30, 15)",houghCircle,0.80625,41262256.28,31895502.5
"(np.float64(1.5), 170, 170, 30, 15)",houghCircle,0.80625,43457827.93,33001542.5
"(np.float64(1.5), 180, 170, 30, 15)",houghCircle,0.80625,39825462.24,31260210
"(np.float64(1.5), 190, 100, 35, 15)",houghCircle,0.80625,46664299.78,35907583.5
"(np.float64(1.5), 190, 110, 35, 15)",houghCircle,0.80625,42865167.63,34859301.5
"(np.float64(1.5), 190, 170, 30, 15)",houghCircle,0.80625,44815136.9,33197559.5
"(np.float64(1.5), 200, 100, 35, 15)",houghCircle,0.80625,47871976.63,37418204
"(np.float64(1.5), 200, 110, 35, 15)",houghCircle,0.80625,46692618.99,35288342
"(np.float64(1.5), 200, 120, 30, 15)",houghCircle,0.80625,44860739.37,35004986
"(np.float64(1.5), 200, 140, 30, 15)",houghCircle,0.80625,44106906.6,33315642
"(np.float64(1.5), 200, 150, 30, 15)",houghCircle,0.80625,43019303.83,32643541.5
"(np.float64(1.5), 240, 100, 30, 15)",houghCircle,0.80625,45403494.28,35840383.5
"(np.float64(1.5), 240, 110, 30, 15)",houghCircle,0.80625,51612324.38,41840895
"(np.float64(1.5), 240, 180, 30, 15)",houghCircle,0.80625,43170674.52,31936359.5
"(np.float64(1.5), 250, 110, 30, 15)",houghCircle,0.80625,50353795.92,36474828.5
"(np.float64(1.5), 250, 180, 30, 15)",houghCircle,0.80625,42306218.36,32524282
"(np.float64(1.5), 260, 110, 30, 15)",houghCircle,0.80625,42550958.27,35158264
"(np.float64(1.5), 260, 180, 30, 15)",houghCircle,0.80625,43129236.8,32339581.5
"(np.float64(1.5), 270, 180, 30, 15)",houghCircle,0.80625,44322147.07,33851576.5
"(np.float64(1.0), 100, 130, 30, 15)",houghCircle,0.804166667,51258897.63,38974187.5
"(np.float64(1.0), 100, 170, 30, 15)",houghCircle,0.804166667,49445580.78,35138867
"(np.float64(1.0), 110, 130, 30, 15)",houghCircle,0.804166667,57808841.02,45079481
"(np.float64(1.0), 110, 170, 30, 15)",houghCircle,0.804166667,38601643.44,32052658
"(np.float64(1.0), 120, 130, 30, 15)",houghCircle,0.804166667,43478209.47,33498184
"(np.float64(1.0), 120, 170, 30, 15)",houghCircle,0.804166667,43807324.64,33587387
"(np.float64(1.0), 130, 130, 30, 15)",houghCircle,0.804166667,43819374.7,33494983.5
"(np.float64(1.0), 130, 170, 30, 15)",houghCircle,0.804166667,42447368.4,31840759.5
"(np.float64(1.0), 160, 150, 30, 15)",houghCircle,0.804166667,44901879.94,34178004.5
"(np.float64(1.0), 170, 150, 30, 15)",houghCircle,0.804166667,40546765.54,32896140
"(np.float64(1.0), 180, 140, 30, 15)",houghCircle,0.804166667,41067217.75,32934872
"(np.float64(1.0), 180, 150, 30, 15)",houghCircle,0.804166667,42159042.65,32192936
"(np.float64(1.0), 190, 140, 30, 15)",houghCircle,0.804166667,44376924.02,33704116
"(np.float64(1.0), 190, 150, 30, 15)",houghCircle,0.804166667,41523541.33,31312068
"(np.float64(1.0), 200, 180, 30, 15)",houghCircle,0.804166667,42298023.34,31561405.5
"(np.float64(1.0), 210, 110, 30, 15)",houghCircle,0.804166667,44850315.36,34923939
"(np.float64(1.0), 210, 180, 30, 15)",houghCircle,0.804166667,40798808.09,31140696.5
"(np.float64(1.0), 220, 110, 30, 15)",houghCircle,0.804166667,44518700.74,34844104
"(np.float64(1.0), 220, 180, 30, 15)",houghCircle,0.804166667,45275575.76,31712198
"(np.float64(1.0), 230, 100, 30, 15)",houghCircle,0.804166667,43672467.81,35727417
"(np.float64(1.0), 230, 110, 30, 15)",houghCircle,0.804166667,44293189.39,35426277
"(np.float64(1.0), 230, 180, 30, 15)",houghCircle,0.804166667,41307017.22,31434031
"(np.float64(1.5), 100, 130, 30, 15)",houghCircle,0.804166667,41530622.25,32984941.5
"(np.float64(1.5), 100, 170, 30, 15)",houghCircle,0.804166667,41945382.59,32397604.5
"(np.float64(1.5), 110, 130, 30, 15)",houghCircle,0.804166667,45934369.61,34948580
"(np.float64(1.5), 110, 170, 30, 15)",houghCircle,0.804166667,53304381.82,39884105.5
"(np.float64(1.5), 120, 130, 30, 15)",houghCircle,0.804166667,43150737.42,33672330.5
"(np.float64(1.5), 120, 170, 30, 15)",houghCircle,0.804166667,42983061.89,32400630
"(np.float64(1.5), 130, 130, 30, 15)",houghCircle,0.804166667,41760462.51,33850865.5
"(np.float64(1.5), 130, 170, 30, 15)",houghCircle,0.804166667,44440677.78,32620818.5
"(np.float64(1.5), 160, 150, 30, 15)",houghCircle,0.804166667,53268743.01,42085598.5
"(np.float64(1.5), 170, 150, 30, 15)",houghCircle,0.804166667,44094055.99,32846391
"(np.float64(1.5), 180, 140, 30, 15)",houghCircle,0.804166667,44510765.63,33008089.5
"(np.float64(1.5), 180, 150, 30, 15)",houghCircle,0.804166667,41085459.75,32387680.5
"(np.float64(1.5), 190, 140, 30, 15)",houghCircle,0.804166667,48081784.97,36549714
"(np.float64(1.5), 190, 150, 30, 15)",houghCircle,0.804166667,43804381.03,33133138.5
"(np.float64(1.5), 200, 180, 30, 15)",houghCircle,0.804166667,47212354.55,38304901.5
"(np.float64(1.5), 210, 110, 30, 15)",houghCircle,0.804166667,45468263.01,35125848.5
"(np.float64(1.5), 210, 180, 30, 15)",houghCircle,0.804166667,44263589.18,32986975
"(np.float64(1.5), 220, 110, 30, 15)",houghCircle,0.804166667,43146902.88,35210225
"(np.float64(1.5), 220, 180, 30, 15)",houghCircle,0.804166667,42182819.74,31982531
"(np.float64(1.5), 230, 100, 30, 15)",houghCircle,0.804166667,52204149.03,41807959
"(np.float64(1.5), 230, 110, 30, 15)",houghCircle,0.804166667,45671843.91,35116310.5
"(np.float64(1.5), 230, 180, 30, 15)",houghCircle,0.804166667,40631719.46,31359221.5
"(np.float64(1.0), 140, 150, 30, 15)",houghCircle,0.802083333,42169873.2,32104400.5
"(np.float64(1.0), 140, 180, 30, 15)",houghCircle,0.802083333,41655769.41,31327628
"(np.float64(1.0), 150, 150, 30, 15)",houghCircle,0.802083333,43963381.5,33046944
"(np.float64(1.0), 150, 180, 30, 15)",houghCircle,0.802083333,41423520.84,31712368.5
"(np.float64(1.0), 160, 140, 30, 15)",houghCircle,0.802083333,42466096.43,33258259
"(np.float64(1.0), 160, 180, 30, 15)",houghCircle,0.802083333,41611584.86,31622004
"(np.float64(1.0), 170, 140, 30, 15)",houghCircle,0.802083333,42683789.02,33159964.5
"(np.float64(1.0), 170, 180, 30, 15)",houghCircle,0.802083333,43671040.32,32737136.5
"(np.float64(1.0), 180, 100, 35, 15)",houghCircle,0.802083333,46881937.91,36846365
"(np.float64(1.0), 180, 110, 35, 15)",houghCircle,0.802083333,43242053.12,35270269
"(np.float64(1.0), 180, 120, 30, 15)",houghCircle,0.802083333,43852580.56,34939237.5
"(np.float64(1.0), 180, 180, 30, 15)",houghCircle,0.802083333,41122634.2,32570113.5
"(np.float64(1.0), 190, 120, 30, 15)",houghCircle,0.802083333,43943629.49,34286698.5
"(np.float64(1.0), 190, 180, 30, 15)",houghCircle,0.802083333,43942018.37,32777176
"(np.float64(1.0), 200, 110, 30, 15)",houghCircle,0.802083333,43671060.51,34733896
"(np.float64(1.0), 210, 100, 30, 15)",houghCircle,0.802083333,45279841.98,35365387
"(np.float64(1.0), 220, 100, 30, 15)",houghCircle,0.802083333,45794166.91,35645933.5
"(np.float64(1.0), 270, 120, 35, 15)",houghCircle,0.802083333,42772882.53,33488045
"(np.float64(1.0), 280, 120, 35, 15)",houghCircle,0.802083333,43064198.21,34704372
"(np.float64(1.5), 140, 150, 30, 15)",houghCircle,0.802083333,44043059.67,33413845
"(np.float64(1.5), 140, 180, 30, 15)",houghCircle,0.802083333,42156952.16,31514037
"(np.float64(1.5), 150, 150, 30, 15)",houghCircle,0.802083333,44069833.43,34027857.5
"(np.float64(1.5), 150, 180, 30, 15)",houghCircle,0.802083333,49727946.71,40454635
"(np.float64(1.5), 160, 140, 30, 15)",houghCircle,0.802083333,53233258.18,42208690
"(np.float64(1.5), 160, 180, 30, 15)",houghCircle,0.802083333,43260736.85,32109512.5
"(np.float64(1.5), 170, 140, 30, 15)",houghCircle,0.802083333,43976330.03,32736889
"(np.float64(1.5), 170, 180, 30, 15)",houghCircle,0.802083333,53186540.4,41183337
"(np.float64(1.5), 180, 100, 35, 15)",houghCircle,0.802083333,44719722.4,36047286.5
"(np.float64(1.5), 180, 110, 35, 15)",houghCircle,0.802083333,45143019.89,35956205
"(np.float64(1.5), 180, 120, 30, 15)",houghCircle,0.802083333,45554234.69,34916505.5
"(np.float64(1.5), 180, 180, 30, 15)",houghCircle,0.802083333,41780384.63,31977862
"(np.float64(1.5), 190, 120, 30, 15)",houghCircle,0.802083333,43554895.64,35394211
"(np.float64(1.5), 190, 180, 30, 15)",houghCircle,0.802083333,43277709.47,32851636.5
"(np.float64(1.5), 200, 110, 30, 15)",houghCircle,0.802083333,41907981.21,34359824.5
"(np.float64(1.5), 210, 100, 30, 15)",houghCircle,0.802083333,45631349.98,36481326
"(np.float64(1.5), 220, 100, 30, 15)",houghCircle,0.802083333,43235367.25,35566191.5
"(np.float64(1.5), 270, 120, 35, 15)",houghCircle,0.802083333,44404396.9,34918194
"(np.float64(1.5), 280, 120, 35, 15)",houghCircle,0.802083333,43435699.29,34996900.5
"(np.float64(1.0), 100, 110, 35, 15)",houghCircle,0.8,48203993.16,36811375
"(np.float64(1.0), 100, 150, 30, 15)",houghCircle,0.8,53848120.18,42711580
"(np.float64(1.0), 100, 180, 30, 15)",houghCircle,0.8,45300007.8,34174388
"(np.float64(1.0), 110, 110, 35, 15)",houghCircle,0.8,43946783.58,36371063.5
"(np.float64(1.0), 110, 150, 30, 15)",houghCircle,0.8,41002776.34,31969957.5
"(np.float64(1.0), 110, 180, 30, 15)",houghCircle,0.8,54239121.24,42698138
"(np.float64(1.0), 120, 110, 35, 15)",houghCircle,0.8,52670578.27,44191064
"(np.float64(1.0), 120, 150, 30, 15)",houghCircle,0.8,42598076.4,34263345.5
"(np.float64(1.0), 120, 180, 30, 15)",houghCircle,0.8,42974066.64,32289786
"(np.float64(1.0), 130, 110, 35, 15)",houghCircle,0.8,41164503.12,33450029
"(np.float64(1.0), 130, 150, 30, 15)",houghCircle,0.8,43346702.25,33650434.5
"(np.float64(1.0), 130, 180, 30, 15)",houghCircle,0.8,54614400.63,41602768.5
"(np.float64(1.0), 140, 110, 35, 15)",houghCircle,0.8,56786553.12,44874115
"(np.float64(1.0), 140, 140, 30, 15)",houghCircle,0.8,42288758.31,33285074
"(np.float64(1.0), 150, 110, 35, 15)",houghCircle,0.8,42778533.97,34759385
"(np.float64(1.0), 150, 140, 30, 15)",houghCircle,0.8,43828082.44,33684600
"(np.float64(1.0), 160, 100, 35, 15)",houghCircle,0.8,44152261.23,35651799
"(np.float64(1.0), 160, 110, 35, 15)",houghCircle,0.8,42991246.5,34810966.5
"(np.float64(1.0), 160, 120, 30, 15)",houghCircle,0.8,42256788.34,34210264.5
"(np.float64(1.0), 170, 100, 35, 15)",houghCircle,0.8,45521377.26,36946533.5
"(np.float64(1.0), 170, 110, 35, 15)",houghCircle,0.8,47023171.09,35968458.5
"(np.float64(1.0), 170, 120, 30, 15)",houghCircle,0.8,41669471.47,33538414
"(np.float64(1.0), 200, 100, 30, 15)",houghCircle,0.8,44436744.73,35514561.5
"(np.float64(1.0), 210, 120, 35, 15)",houghCircle,0.8,42285022.72,34094197.5
"(np.float64(1.0), 220, 120, 35, 15)",houghCircle,0.8,43054172.08,33632993
"(np.float64(1.0), 230, 120, 35, 15)",houghCircle,0.8,56710857.56,44360327
"(np.float64(1.0), 240, 120, 35, 15)",houghCircle,0.8,54065248.8,44016472
"(np.float64(1.0), 250, 120, 35, 15)",houghCircle,0.8,42824271.03,34516757
"(np.float64(1.0), 260, 120, 35, 15)",houghCircle,0.8,44084303.23,34633118.5
"(np.float64(1.0), 270, 130, 35, 15)",houghCircle,0.8,43065255.25,34160903
"(np.float64(1.0), 280, 130, 35, 15)",houghCircle,0.8,44530382.61,33722815.5
"(np.float64(1.5), 100, 110, 35, 15)",houghCircle,0.8,46382448.98,34694477.5
"(np.float64(1.5), 100, 150, 30, 15)",houghCircle,0.8,42136483.52,33145006
"(np.float64(1.5), 100, 180, 30, 15)",houghCircle,0.8,42381558.91,31297696
"(np.float64(1.5), 110, 110, 35, 15)",houghCircle,0.8,46011977.34,35129108.5
"(np.float64(1.5), 110, 150, 30, 15)",houghCircle,0.8,46533863.15,33690670
"(np.float64(1.5), 110, 180, 30, 15)",houghCircle,0.8,50194442.09,38831927
"(np.float64(1.5), 120, 110, 35, 15)",houghCircle,0.8,43876079.75,36152042.5
"(np.float64(1.5), 120, 150, 30, 15)",houghCircle,0.8,43173818.89,33624181
"(np.float64(1.5), 120, 180, 30, 15)",houghCircle,0.8,44993235.85,32515350.5
"(np.float64(1.5), 130, 110, 35, 15)",houghCircle,0.8,46988880.21,35834241.5
"(np.float64(1.5), 130, 150, 30, 15)",houghCircle,0.8,41122674.43,32337712.5
"(np.float64(1.5), 130, 180, 30, 15)",houghCircle,0.8,40963111.01,31272639
"(np.float64(1.5), 140, 110, 35, 15)",houghCircle,0.8,46716372.93,35563879
"(np.float64(1.5), 140, 140, 30, 15)",houghCircle,0.8,40875440.37,33454833
"(np.float64(1.5), 150, 110, 35, 15)",houghCircle,0.8,52280209.75,42296455
"(np.float64(1.5), 150, 140, 30, 15)",houghCircle,0.8,44464694.15,33175949
"(np.float64(1.5), 160, 100, 35, 15)",houghCircle,0.8,46664136.37,36326515
"(np.float64(1.5), 160, 110, 35, 15)",houghCircle,0.8,47255030.01,36373769
"(np.float64(1.5), 160, 120, 30, 15)",houghCircle,0.8,45016568.99,34874938
"(np.float64(1.5), 170, 100, 35, 15)",houghCircle,0.8,46798335.58,36952649.5
"(np.float64(1.5), 170, 110, 35, 15)",houghCircle,0.8,45378522.3,36126490
"(np.float64(1.5), 170, 120, 30, 15)",houghCircle,0.8,45764357.74,36142235
"(np.float64(1.5), 200, 100, 30, 15)",houghCircle,0.8,44554890.98,35813120
"(np.float64(1.5), 210, 120, 35, 15)",houghCircle,0.8,44134659.59,34734053.5
"(np.float64(1.5), 220, 120, 35, 15)",houghCircle,0.8,46166750.46,34436504
"(np.float64(1.5), 230, 120, 35, 15)",houghCircle,0.8,44044634.29,33599889.5
"(np.float64(1.5), 240, 120, 35, 15)",houghCircle,0.8,44796610.81,33593552.5
"(np.float64(1.5), 250, 120, 35, 15)",houghCircle,0.8,43230719.39,35170957
"(np.float64(1.5), 260, 120, 35, 15)",houghCircle,0.8,45824631.84,35187804
"(np.float64(1.5), 270, 130, 35, 15)",houghCircle,0.8,44308973.83,34645521
"(np.float64(1.5), 280, 130, 35, 15)",houghCircle,0.8,45904570.01,35643624
"(np.float64(1.0), 100, 100, 35, 15)",houghCircle,0.797916667,44723381.57,35295881.5
"(np.float64(1.0), 100, 140, 30, 15)",houghCircle,0.797916667,41217477.7,33694768
"(np.float64(1.0), 110, 100, 35, 15)",houghCircle,0.797916667,47270085.66,36641249
"(np.float64(1.0), 110, 140, 30, 15)",houghCircle,0.797916667,42888150.2,33175798.5
"(np.float64(1.0), 120, 100, 35, 15)",houghCircle,0.797916667,44075746.23,35842262
"(np.float64(1.0), 120, 140, 30, 15)",houghCircle,0.797916667,43802236.75,33739275.5
"(np.float64(1.0), 130, 100, 35, 15)",houghCircle,0.797916667,45129453.28,36078114.5
"(np.float64(1.0), 130, 140, 30, 15)",houghCircle,0.797916667,56255578.94,44517136.5
"(np.float64(1.0), 140, 100, 35, 15)",houghCircle,0.797916667,47540394.15,37054094.5
"(np.float64(1.0), 140, 120, 30, 15)",houghCircle,0.797916667,47749579.65,35866963
"(np.float64(1.0), 150, 100, 35, 15)",houghCircle,0.797916667,43743480.57,35909815.5
"(np.float64(1.0), 150, 120, 30, 15)",houghCircle,0.797916667,42360444.41,34191355
"(np.float64(1.0), 180, 110, 30, 15)",houghCircle,0.797916667,43518795.38,35783200.5
"(np.float64(1.0), 190, 110, 30, 15)",houghCircle,0.797916667,46981062.48,36864118.5
"(np.float64(1.0), 190, 120, 35, 15)",houghCircle,0.797916667,43379217.71,34600957
"(np.float64(1.0), 200, 120, 35, 15)",houghCircle,0.797916667,43074369.07,34179903.5
"(np.float64(1.0), 210, 130, 35, 15)",houghCircle,0.797916667,43244063.74,33773881
"(np.float64(1.0), 220, 130, 35, 15)",houghCircle,0.797916667,43006254.99,33293893.5
"(np.float64(1.0), 230, 130, 35, 15)",houghCircle,0.797916667,52356575.3,43308569
"(np.float64(1.0), 240, 130, 35, 15)",houghCircle,0.797916667,44944651.84,34170926
"(np.float64(1.0), 240, 190, 30, 15)",houghCircle,0.797916667,41440035.5,31373703
"(np.float64(1.0), 250, 130, 35, 15)",houghCircle,0.797916667,43098565.09,32870201
"(np.float64(1.0), 250, 190, 30, 15)",houghCircle,0.797916667,41473250.24,32309934
"(np.float64(1.0), 260, 130, 35, 15)",houghCircle,0.797916667,43277567.47,33842129.5
"(np.float64(1.0), 260, 190, 30, 15)",houghCircle,0.797916667,41306313.27,31781714
"(np.float64(1.0), 270, 160, 35, 15)",houghCircle,0.797916667,43364475.85,32394539
"(np.float64(1.0), 270, 190, 30, 15)",houghCircle,0.797916667,42297145.87,32046837.5
"(np.float64(1.0), 270, 290, 30, 15)",houghCircle,0.797916667,39978511.45,30195904
"(np.float64(1.0), 280, 160, 35, 15)",houghCircle,0.797916667,39642603.42,31012516.5
"(np.float64(1.0), 280, 190, 30, 15)",houghCircle,0.797916667,44400935,32232129
"(np.float64(1.0), 280, 290, 30, 15)",houghCircle,0.797916667,40844439.56,31412210
"(np.float64(1.5), 100, 100, 35, 15)",houghCircle,0.797916667,48489890.12,36967357.5
"(np.float64(1.5), 100, 140, 30, 15)",houghCircle,0.797916667,45748044.5,34424362
"(np.float64(1.5), 110, 100, 35, 15)",houghCircle,0.797916667,43181209.51,34665554.5
"(np.float64(1.5), 110, 140, 30, 15)",houghCircle,0.797916667,45124289.49,33531255.5
"(np.float64(1.5), 120, 100, 35, 15)",houghCircle,0.797916667,48322753.85,36876447.5
"(np.float64(1.5), 120, 140, 30, 15)",houghCircle,0.797916667,43956312.12,33346690
"(np.float64(1.5), 130, 100, 35, 15)",houghCircle,0.797916667,47070089.23,35444805.5
"(np.float64(1.5), 130, 140, 30, 15)",houghCircle,0.797916667,42189935.31,33074495.5
"(np.float64(1.5), 140, 100, 35, 15)",houghCircle,0.797916667,48309777.62,37010317.5
"(np.float64(1.5), 140, 120, 30, 15)",houghCircle,0.797916667,43786948,34161033.5
"(np.float64(1.5), 150, 100, 35, 15)",houghCircle,0.797916667,44653685.49,36348211.5
"(np.float64(1.5), 150, 120, 30, 15)",houghCircle,0.797916667,43821168.26,34404494.5
"(np.float64(1.5), 180, 110, 30, 15)",houghCircle,0.797916667,44234553.97,35494194.5
"(np.float64(1.5), 190, 110, 30, 15)",houghCircle,0.797916667,45844401.83,35947765
"(np.float64(1.5), 190, 120, 35, 15)",houghCircle,0.797916667,44315928.59,35306642
"(np.float64(1.5), 200, 120, 35, 15)",houghCircle,0.797916667,43935580.59,34609444
"(np.float64(1.5), 210, 130, 35, 15)",houghCircle,0.797916667,45672586.04,34524440
"(np.float64(1.5), 220, 130, 35, 15)",houghCircle,0.797916667,45142722.22,34286979.5
"(np.float64(1.5), 230, 130, 35, 15)",houghCircle,0.797916667,45694512.87,33693972.5
"(np.float64(1.5), 240, 130, 35, 15)",houghCircle,0.797916667,45692639.56,34719737
"(np.float64(1.5), 240, 190, 30, 15)",houghCircle,0.797916667,38729956.4,30969736
"(np.float64(1.5), 250, 130, 35, 15)",houghCircle,0.797916667,41654808.23,33808601.5
"(np.float64(1.5), 250, 190, 30, 15)",houghCircle,0.797916667,43632115.52,31662474.5
"(np.float64(1.5), 260, 130, 35, 15)",houghCircle,0.797916667,43730717.88,33058448.5
"(np.float64(1.5), 260, 190, 30, 15)",houghCircle,0.797916667,40995233.06,31024233
"(np.float64(1.5), 270, 160, 35, 15)",houghCircle,0.797916667,45401156.43,33554990.5
"(np.float64(1.5), 270, 190, 30, 15)",houghCircle,0.797916667,45925423.16,33576666
"(np.float64(1.5), 270, 290, 30, 15)",houghCircle,0.797916667,39838725.93,30888068.5
"(np.float64(1.5), 280, 160, 35, 15)",houghCircle,0.797916667,43540914.43,33369067
"(np.float64(1.5), 280, 190, 30, 15)",houghCircle,0.797916667,43460423.81,32646181.5
"(np.float64(1.5), 280, 290, 30, 15)",houghCircle,0.797916667,46596148.7,34632642.5
"(np.float64(1.0), 100, 120, 30, 15)",houghCircle,0.795833333,49799732.05,39500745.5
"(np.float64(1.0), 110, 120, 30, 15)",houghCircle,0.795833333,44844672.21,34224447
"(np.float64(1.0), 120, 120, 30, 15)",houghCircle,0.795833333,47161015.55,36361476
"(np.float64(1.0), 130, 120, 30, 15)",houghCircle,0.795833333,42962787.36,34235217
"(np.float64(1.0), 170, 110, 30, 15)",houghCircle,0.795833333,45531925.33,35453798
"(np.float64(1.0), 180, 100, 30, 15)",houghCircle,0.795833333,46781432.18,36339931
"(np.float64(1.0), 180, 120, 35, 15)",houghCircle,0.795833333,43668540.43,34306511
"(np.float64(1.0), 190, 100, 30, 15)",houghCircle,0.795833333,45886775.56,36615949
"(np.float64(1.0), 190, 130, 35, 15)",houghCircle,0.795833333,44771563.03,33930390.5
"(np.float64(1.0), 190, 160, 35, 15)",houghCircle,0.795833333,43849421.63,32743609.5
"(np.float64(1.0), 200, 130, 35, 15)",houghCircle,0.795833333,44197857.17,35135005
"(np.float64(1.0), 200, 160, 35, 15)",houghCircle,0.795833333,40814108.24,31657602.5
"(np.float64(1.0), 200, 190, 30, 15)",houghCircle,0.795833333,40700360.55,30550314.5
"(np.float64(1.0), 210, 160, 35, 15)",houghCircle,0.795833333,44110434.3,33385819
"(np.float64(1.0), 210, 190, 30, 15)",houghCircle,0.795833333,47059516.99,33995206.5
"(np.float64(1.0), 220, 160, 35, 15)",houghCircle,0.795833333,43896263.92,33210674.5
"(np.float64(1.0), 220, 190, 30, 15)",houghCircle,0.795833333,39249260.16,31563630
"(np.float64(1.0), 230, 160, 35, 15)",houghCircle,0.795833333,42146531.64,32275695.5
"(np.float64(1.0), 230, 190, 30, 15)",houghCircle,0.795833333,40271987.6,31585446
"(np.float64(1.0), 240, 160, 35, 15)",houghCircle,0.795833333,41307083.69,32227761
"(np.float64(1.0), 250, 160, 35, 15)",houghCircle,0.795833333,41222123.11,31797193
"(np.float64(1.0), 260, 160, 35, 15)",houghCircle,0.795833333,44722354.43,32969849
"(np.float64(1.0), 260, 290, 30, 15)",houghCircle,0.795833333,39594368.53,30046749
"(np.float64(1.0), 270, 140, 35, 15)",houghCircle,0.795833333,55325353.57,43520396.5
"(np.float64(1.0), 270, 150, 35, 15)",houghCircle,0.795833333,45577548.89,32990861.5
"(np.float64(1.0), 280, 140, 35, 15)",houghCircle,0.795833333,43940942.83,33804759.5
"(np.float64(1.0), 280, 150, 35, 15)",houghCircle,0.795833333,44657545.91,34287431
"(np.float64(1.5), 100, 120, 30, 15)",houghCircle,0.795833333,44212337.73,33346319
"(np.float64(1.5), 110, 120, 30, 15)",houghCircle,0.795833333,43960828.85,34043722.5
"(np.float64(1.5), 120, 120, 30, 15)",houghCircle,0.795833333,43287139.32,34024827
"(np.float64(1.5), 130, 120, 30, 15)",houghCircle,0.795833333,42852781.61,34353703.5
"(np.float64(1.5), 170, 110, 30, 15)",houghCircle,0.795833333,45075782.57,35497209
"(np.float64(1.5), 180, 100, 30, 15)",houghCircle,0.795833333,46314546.06,36926291.5
"(np.float64(1.5), 180, 120, 35, 15)",houghCircle,0.795833333,44059841.17,33838768.5
"(np.float64(1.5), 190, 100, 30, 15)",houghCircle,0.795833333,48673335.59,37418193
"(np.float64(1.5), 190, 130, 35, 15)",houghCircle,0.795833333,43957639.16,33750301.5
"(np.float64(1.5), 190, 160, 35, 15)",houghCircle,0.795833333,42918510.99,33765235
"(np.float64(1.5), 200, 130, 35, 15)",houghCircle,0.795833333,50605062.93,39640998.5
"(np.float64(1.5), 200, 160, 35, 15)",houghCircle,0.795833333,41617880.95,32613430
"(np.float64(1.5), 200, 190, 30, 15)",houghCircle,0.795833333,39801593.81,31672865
"(np.float64(1.5), 210, 160, 35, 15)",houghCircle,0.795833333,53442989.9,40981944
"(np.float64(1.5), 210, 190, 30, 15)",houghCircle,0.795833333,46350549.76,33057722.5
"(np.float64(1.5), 220, 160, 35, 15)",houghCircle,0.795833333,45541740.51,33138840
"(np.float64(1.5), 220, 190, 30, 15)",houghCircle,0.795833333,42544799.45,31800900.5
"(np.float64(1.5), 230, 160, 35, 15)",houghCircle,0.795833333,44823025.56,33388727.5
"(np.float64(1.5), 230, 190, 30, 15)",houghCircle,0.795833333,42303272.19,32145206.5
"(np.float64(1.5), 240, 160, 35, 15)",houghCircle,0.795833333,44636496.81,32238396
"(np.float64(1.5), 250, 160, 35, 15)",houghCircle,0.795833333,40315316.65,31851545
"(np.float64(1.5), 260, 160, 35, 15)",houghCircle,0.795833333,43948269.85,32911068
"(np.float64(1.5), 260, 290, 30, 15)",houghCircle,0.795833333,40279264.01,30813633.5
"(np.float64(1.5), 270, 140, 35, 15)",houghCircle,0.795833333,43861513.46,34470925
"(np.float64(1.5), 270, 150, 35, 15)",houghCircle,0.795833333,42388801.15,32855807
"(np.float64(1.5), 280, 140, 35, 15)",houghCircle,0.795833333,43038277.32,32531259.5
"(np.float64(1.5), 280, 150, 35, 15)",houghCircle,0.795833333,46897816.7,33862908
"(np.float64(1.0), 100, 120, 35, 15)",houghCircle,0.79375,56613903.36,44413035.5
"(np.float64(1.0), 110, 120, 35, 15)",houghCircle,0.79375,42023331.66,34356184.5
"(np.float64(1.0), 120, 120, 35, 15)",houghCircle,0.79375,40679943.08,32657592.5
"(np.float64(1.0), 130, 120, 35, 15)",houghCircle,0.79375,42162908.38,33858746.5
"(np.float64(1.0), 140, 120, 35, 15)",houghCircle,0.79375,54673644.81,45212340
"(np.float64(1.0), 140, 190, 30, 15)",houghCircle,0.79375,41204911.51,32035194.5
"(np.float64(1.0), 150, 120, 35, 15)",houghCircle,0.79375,53723445.54,43969553.5
"(np.float64(1.0), 150, 190, 30, 15)",houghCircle,0.79375,41744186.96,32002038
"(np.float64(1.0), 160, 110, 30, 15)",houghCircle,0.79375,45977725.31,35607972.5
"(np.float64(1.0), 160, 120, 35, 15)",houghCircle,0.79375,42883455.87,33115496
"(np.float64(1.0), 160, 160, 35, 15)",houghCircle,0.79375,42918257.3,32455583
"(np.float64(1.0), 160, 190, 30, 15)",houghCircle,0.79375,44459942.01,32085755
"(np.float64(1.0), 170, 120, 35, 15)",houghCircle,0.79375,45061027.15,34867588.5
"(np.float64(1.0), 170, 160, 35, 15)",houghCircle,0.79375,40825066.93,31296994.5
"(np.float64(1.0), 170, 190, 30, 15)",houghCircle,0.79375,39845177.81,31864960
"(np.float64(1.0), 180, 130, 35, 15)",houghCircle,0.79375,43330477.36,33713622.5
"(np.float64(1.0), 180, 160, 35, 15)",houghCircle,0.79375,54734618.81,42430446.5
"(np.float64(1.0), 180, 190, 30, 15)",houghCircle,0.79375,41088872.81,30669552.5
"(np.float64(1.0), 190, 190, 30, 15)",houghCircle,0.79375,42017596.03,31522176
"(np.float64(1.0), 210, 140, 35, 15)",houghCircle,0.79375,42575396.04,33143859.5
"(np.float64(1.0), 210, 150, 35, 15)",houghCircle,0.79375,43842498.86,32881808.5
"(np.float64(1.0), 220, 140, 35, 15)",houghCircle,0.79375,42446279.08,33863269
"(np.float64(1.0), 220, 150, 35, 15)",houghCircle,0.79375,41648970.05,33043837
"(np.float64(1.0), 230, 140, 35, 15)",houghCircle,0.79375,43889755.7,33712626.5
"(np.float64(1.0), 230, 150, 35, 15)",houghCircle,0.79375,41450913.58,32536415.5
"(np.float64(1.0), 240, 140, 35, 15)",houghCircle,0.79375,43564884.84,33344025
"(np.float64(1.0), 240, 150, 35, 15)",houghCircle,0.79375,40445155.22,31700465.5
"(np.float64(1.0), 240, 290, 30, 15)",houghCircle,0.79375,39902294.9,30652495.5
"(np.float64(1.0), 250, 140, 35, 15)",houghCircle,0.79375,42383842.94,31816900
"(np.float64(1.0), 250, 150, 35, 15)",houghCircle,0.79375,43627914.69,32073470.5
"(np.float64(1.0), 250, 290, 30, 15)",houghCircle,0.79375,41725536.28,30870504.5
"(np.float64(1.0), 260, 140, 35, 15)",houghCircle,0.79375,42929242.92,32476456
"(np.float64(1.0), 260, 150, 35, 15)",houghCircle,0.79375,43791922.36,33664942
"(np.float64(1.0), 260, 280, 30, 15)",houghCircle,0.79375,39561413.42,29949176
"(np.float64(1.0), 270, 170, 35, 15)",houghCircle,0.79375,42131677.57,32435576
"(np.float64(1.0), 270, 280, 30, 15)",houghCircle,0.79375,41238648.82,29983304
"(np.float64(1.0), 280, 170, 35, 15)",houghCircle,0.79375,48790279.01,38376508
"(np.float64(1.0), 280, 280, 30, 15)",houghCircle,0.79375,41794682.23,31173257
"(np.float64(1.5), 100, 120, 35, 15)",houghCircle,0.79375,44144894.69,34234345.5
"(np.float64(1.5), 110, 120, 35, 15)",houghCircle,0.79375,43503916.49,34892665
"(np.float64(1.5), 120, 120, 35, 15)",houghCircle,0.79375,43481643.42,33453841
"(np.float64(1.5), 130, 120, 35, 15)",houghCircle,0.79375,43977249.45,34316564.5
"(np.float64(1.5), 140, 120, 35, 15)",houghCircle,0.79375,44326115.78,35067959.5
"(np.float64(1.5), 140, 190, 30, 15)",houghCircle,0.79375,41932000.67,31416433
"(np.float64(1.5), 150, 120, 35, 15)",houghCircle,0.79375,43174401.39,34135890.5
"(np.float64(1.5), 150, 190, 30, 15)",houghCircle,0.79375,41911969.99,31707249
"(np.float64(1.5), 160, 110, 30, 15)",houghCircle,0.79375,44911236.74,34526788.5
"(np.float64(1.5), 160, 120, 35, 15)",houghCircle,0.79375,46615004.19,34746771.5
"(np.float64(1.5), 160, 160, 35, 15)",houghCircle,0.79375,42385503.65,33310016
"(np.float64(1.5), 160, 190, 30, 15)",houghCircle,0.79375,41613800.97,32202974.5
"(np.float64(1.5), 170, 120, 35, 15)",houghCircle,0.79375,51239816.39,41904789.5
"(np.float64(1.5), 170, 160, 35, 15)",houghCircle,0.79375,41702756.45,32746905
"(np.float64(1.5), 170, 190, 30, 15)",houghCircle,0.79375,45043731.49,32974292
"(np.float64(1.5), 180, 130, 35, 15)",houghCircle,0.79375,45041047.48,34773044.5
"(np.float64(1.5), 180, 160, 35, 15)",houghCircle,0.79375,51494004.83,41425175
"(np.float64(1.5), 180, 190, 30, 15)",houghCircle,0.79375,39346917.96,30813332.5
"(np.float64(1.5), 190, 190, 30, 15)",houghCircle,0.79375,39032934.54,30708379.5
"(np.float64(1.5), 210, 140, 35, 15)",houghCircle,0.79375,44428174.59,33360962
"(np.float64(1.5), 210, 150, 35, 15)",houghCircle,0.79375,42604787.17,33455433.5
"(np.float64(1.5), 220, 140, 35, 15)",houghCircle,0.79375,41558433.52,33372959
"(np.float64(1.5), 220, 150, 35, 15)",houghCircle,0.79375,42503857.97,32694346
"(np.float64(1.5), 230, 140, 35, 15)",houghCircle,0.79375,44468387.24,34035836.5
"(np.float64(1.5), 230, 150, 35, 15)",houghCircle,0.79375,43513696.39,33628228
"(np.float64(1.5), 240, 140, 35, 15)",houghCircle,0.79375,42446062.34,33118457
"(np.float64(1.5), 240, 150, 35, 15)",houghCircle,0.79375,41001560.48,32622962.5
"(np.float64(1.5), 240, 290, 30, 15)",houghCircle,0.79375,39135702.46,30376207.5
"(np.float64(1.5), 250, 140, 35, 15)",houghCircle,0.79375,44972744.56,33625383
"(np.float64(1.5), 250, 150, 35, 15)",houghCircle,0.79375,43694456.76,33857198.5
"(np.float64(1.5), 250, 290, 30, 15)",houghCircle,0.79375,52859464.71,39106484.5
"(np.float64(1.5), 260, 140, 35, 15)",houghCircle,0.79375,44934051.63,33049286.5
"(np.float64(1.5), 260, 150, 35, 15)",houghCircle,0.79375,43450932.78,32729687
"(np.float64(1.5), 260, 280, 30, 15)",houghCircle,0.79375,39078949.2,30771564.5
"(np.float64(1.5), 270, 170, 35, 15)",houghCircle,0.79375,42808453.5,32074593
"(np.float64(1.5), 270, 280, 30, 15)",houghCircle,0.79375,39397558.23,29949722.5
"(np.float64(1.5), 280, 170, 35, 15)",houghCircle,0.79375,44021298.2,33399208
"(np.float64(1.5), 280, 280, 30, 15)",houghCircle,0.79375,47525344.07,37932859
"(np.float64(1.0), 100, 130, 35, 15)",houghCircle,0.791666667,43880198.2,34188548.5
"(np.float64(1.0), 100, 160, 35, 15)",houghCircle,0.791666667,53066853.84,42393366.5
"(np.float64(1.0), 100, 190, 30, 15)",houghCircle,0.791666667,44713796.65,34421426.5
"(np.float64(1.0), 110, 130, 35, 15)",houghCircle,0.791666667,43188697.18,32870641
"(np.float64(1.0), 110, 160, 35, 15)",houghCircle,0.791666667,42432069.21,33473863.5
"(np.float64(1.0), 110, 190, 30, 15)",houghCircle,0.791666667,43063932.95,31646810
"(np.float64(1.0), 120, 130, 35, 15)",houghCircle,0.791666667,44340281.1,34108138
"(np.float64(1.0), 120, 160, 35, 15)",houghCircle,0.791666667,55165329.66,42143754
"(np.float64(1.0), 120, 190, 30, 15)",houghCircle,0.791666667,40382681.57,31572732
"(np.float64(1.0), 130, 130, 35, 15)",houghCircle,0.791666667,41886971.52,33829895.5
"(np.float64(1.0), 130, 160, 35, 15)",houghCircle,0.791666667,41780519.97,31829358.5
"(np.float64(1.0), 130, 190, 30, 15)",houghCircle,0.791666667,52396076.04,40915083
"(np.float64(1.0), 140, 110, 30, 15)",houghCircle,0.791666667,43633173.93,35216362.5
"(np.float64(1.0), 140, 130, 35, 15)",houghCircle,0.791666667,45699299.81,34567412.5
"(np.float64(1.0), 140, 160, 35, 15)",houghCircle,0.791666667,57100056.46,42901220
"(np.float64(1.0), 150, 110, 30, 15)",houghCircle,0.791666667,43901124.06,35183746.5
"(np.float64(1.0), 150, 130, 35, 15)",houghCircle,0.791666667,42423419.49,32985892.5
"(np.float64(1.0), 150, 160, 35, 15)",houghCircle,0.791666667,53322215.22,42782046.5
"(np.float64(1.0), 160, 130, 35, 15)",houghCircle,0.791666667,43238317.28,34450600.5
"(np.float64(1.0), 170, 100, 30, 15)",houghCircle,0.791666667,45854119.31,35719651.5
"(np.float64(1.0), 170, 130, 35, 15)",houghCircle,0.791666667,42383911.88,31877188
"(np.float64(1.0), 190, 140, 35, 15)",houghCircle,0.791666667,44341701.65,33649483
"(np.float64(1.0), 190, 150, 35, 15)",houghCircle,0.791666667,41267588.75,32071217
"(np.float64(1.0), 190, 170, 35, 15)",houghCircle,0.791666667,39453112.24,31005457.5
"(np.float64(1.0), 200, 140, 35, 15)",houghCircle,0.791666667,42974822.34,33319393.5
"(np.float64(1.0), 200, 150, 35, 15)",houghCircle,0.791666667,43575820.71,34024927
"(np.float64(1.0), 200, 170, 35, 15)",houghCircle,0.791666667,44979549.78,32768244
"(np.float64(1.0), 210, 170, 35, 15)",houghCircle,0.791666667,41921284.91,32208343.5
"(np.float64(1.0), 220, 170, 35, 15)",houghCircle,0.791666667,40942349.35,31676432
"(np.float64(1.0), 230, 170, 35, 15)",houghCircle,0.791666667,44678288.66,34007219.5
"(np.float64(1.0), 240, 170, 35, 15)",houghCircle,0.791666667,40630770.97,32285348.5
"(np.float64(1.0), 240, 200, 30, 15)",houghCircle,0.791666667,44700827.43,32380631.5
"(np.float64(1.0), 240, 280, 30, 15)",houghCircle,0.791666667,38964814.76,29636174.5
"(np.float64(1.0), 250, 170, 35, 15)",houghCircle,0.791666667,44291113,32886516.5
"(np.float64(1.0), 250, 200, 30, 15)",houghCircle,0.791666667,43211341.32,31497190
"(np.float64(1.0), 250, 280, 30, 15)",houghCircle,0.791666667,40726352.93,30334849.5
"(np.float64(1.0), 260, 170, 35, 15)",houghCircle,0.791666667,41096624.45,32232163.5
"(np.float64(1.0), 260, 200, 30, 15)",houghCircle,0.791666667,38641563.69,30333808
"(np.float64(1.0), 270, 180, 35, 15)",houghCircle,0.791666667,50263642.35,39311941
"(np.float64(1.0), 270, 200, 30, 15)",houghCircle,0.791666667,42782021.8,31285277.5
"(np.float64(1.0), 280, 180, 35, 15)",houghCircle,0.791666667,40402556.09,32072179
"(np.float64(1.0), 280, 200, 30, 15)",houghCircle,0.791666667,41693210.22,31306678
"(np.float64(1.5), 100, 130, 35, 15)",houghCircle,0.791666667,44865155.3,34391750
"(np.float64(1.5), 100, 160, 35, 15)",houghCircle,0.791666667,41944714.84,32250448.5
"(np.float64(1.5), 100, 190, 30, 15)",houghCircle,0.791666667,42490493.76,32952155
"(np.float64(1.5), 110, 130, 35, 15)",houghCircle,0.791666667,40640093.75,33795031
"(np.float64(1.5), 110, 160, 35, 15)",houghCircle,0.791666667,43047921.21,32753607
"(np.float64(1.5), 110, 190, 30, 15)",houghCircle,0.791666667,40981701.54,31656313.5
"(np.float64(1.5), 120, 130, 35, 15)",houghCircle,0.791666667,40523002.62,32489919
"(np.float64(1.5), 120, 160, 35, 15)",houghCircle,0.791666667,41716902.87,33011060.5
"(np.float64(1.5), 120, 190, 30, 15)",houghCircle,0.791666667,39707040.15,31872279
"(np.float64(1.5), 130, 130, 35, 15)",houghCircle,0.791666667,45432524.56,35121068
"(np.float64(1.5), 130, 160, 35, 15)",houghCircle,0.791666667,42702272.38,32484782
"(np.float64(1.5), 130, 190, 30, 15)",houghCircle,0.791666667,41888072.75,32217406
"(np.float64(1.5), 140, 110, 30, 15)",houghCircle,0.791666667,45775032.26,35498042
"(np.float64(1.5), 140, 130, 35, 15)",houghCircle,0.791666667,44799189.94,34249283
"(np.float64(1.5), 140, 160, 35, 15)",houghCircle,0.791666667,42700092.82,33003560
"(np.float64(1.5), 150, 110, 30, 15)",houghCircle,0.791666667,44116324.51,34300694
"(np.float64(1.5), 150, 130, 35, 15)",houghCircle,0.791666667,43561967.3,33940548.5
"(np.float64(1.5), 150, 160, 35, 15)",houghCircle,0.791666667,41150760.36,33257647.5
"(np.float64(1.5), 160, 130, 35, 15)",houghCircle,0.791666667,41310968.98,32432124
"(np.float64(1.5), 170, 100, 30, 15)",houghCircle,0.791666667,44627918.06,35621673
"(np.float64(1.5), 170, 130, 35, 15)",houghCircle,0.791666667,44857043.63,34189300
"(np.float64(1.5), 190, 140, 35, 15)",houghCircle,0.791666667,42719889.88,33890870
"(np.float64(1.5), 190, 150, 35, 15)",houghCircle,0.791666667,41994328.56,33207644
"(np.float64(1.5), 190, 170, 35, 15)",houghCircle,0.791666667,41781799.02,32404653
"(np.float64(1.5), 200, 140, 35, 15)",houghCircle,0.791666667,46586971.74,34512937
"(np.float64(1.5), 200, 150, 35, 15)",houghCircle,0.791666667,43294697.07,33892458.5
"(np.float64(1.5), 200, 170, 35, 15)",houghCircle,0.791666667,39660144.09,30762301.5
"(np.float64(1.5), 210, 170, 35, 15)",houghCircle,0.791666667,53819650.88,41041100
"(np.float64(1.5), 220, 170, 35, 15)",houghCircle,0.791666667,42468591.89,32466323.5
"(np.float64(1.5), 230, 170, 35, 15)",houghCircle,0.791666667,40536731.69,32068847
"(np.float64(1.5), 240, 170, 35, 15)",houghCircle,0.791666667,43473236.27,32574637
"(np.float64(1.5), 240, 200, 30, 15)",houghCircle,0.791666667,42509418.67,32022135
"(np.float64(1.5), 240, 280, 30, 15)",houghCircle,0.791666667,49538200,37590320
"(np.float64(1.5), 250, 170, 35, 15)",houghCircle,0.791666667,42029193.03,30783391.5
"(np.float64(1.5), 250, 200, 30, 15)",houghCircle,0.791666667,41914603.68,32195435.5
"(np.float64(1.5), 250, 280, 30, 15)",houghCircle,0.791666667,40817892.38,30969712
"(np.float64(1.5), 260, 170, 35, 15)",houghCircle,0.791666667,45511912.99,33582627
"(np.float64(1.5), 260, 200, 30, 15)",houghCircle,0.791666667,39244735.47,31361390.5
"(np.float64(1.5), 270, 180, 35, 15)",houghCircle,0.791666667,42367703.79,32163014.5
"(np.float64(1.5), 270, 200, 30, 15)",houghCircle,0.791666667,45952396.34,33248425
"(np.float64(1.5), 280, 180, 35, 15)",houghCircle,0.791666667,45741542.59,31693943.5
"(np.float64(1.5), 280, 200, 30, 15)",houghCircle,0.791666667,41918144.57,32296516
"(np.float64(1.0), 100, 110, 30, 15)",houghCircle,0.789583333,44903118.23,34261425.5
"(np.float64(1.0), 110, 110, 30, 15)",houghCircle,0.789583333,51217693.05,43037690.5
"(np.float64(1.0), 120, 110, 30, 15)",houghCircle,0.789583333,44490572.77,35102534
"(np.float64(1.0), 130, 110, 30, 15)",houghCircle,0.789583333,46004008.58,35946692.5
"(np.float64(1.0), 160, 100, 30, 15)",houghCircle,0.789583333,45704986.49,36417601.5
"(np.float64(1.0), 160, 170, 35, 15)",houghCircle,0.789583333,44284740.35,32906354.5
"(np.float64(1.0), 170, 170, 35, 15)",houghCircle,0.789583333,44132012.43,32659661
"(np.float64(1.0), 180, 140, 35, 15)",houghCircle,0.789583333,44231395.81,33559268.5
"(np.float64(1.0), 180, 150, 35, 15)",houghCircle,0.789583333,41682795.88,33130475.5
"(np.float64(1.0), 180, 170, 35, 15)",houghCircle,0.789583333,42956558.46,32453233.5
"(np.float64(1.0), 180, 290, 30, 15)",houghCircle,0.789583333,38324412.25,30667543
"(np.float64(1.0), 190, 180, 35, 15)",houghCircle,0.789583333,41450524.27,31671667.5
"(np.float64(1.0), 190, 290, 30, 15)",houghCircle,0.789583333,38583143.62,30321434.5
"(np.float64(1.0), 200, 180, 35, 15)",houghCircle,0.789583333,40672261.46,32181255.5
"(np.float64(1.0), 200, 200, 30, 15)",houghCircle,0.789583333,38193180.22,30942845.5
"(np.float64(1.0), 200, 290, 30, 15)",houghCircle,0.789583333,38763441.41,30319205.5
"(np.float64(1.0), 210, 180, 35, 15)",houghCircle,0.789583333,43344594.3,32266378
"(np.float64(1.0), 210, 200, 30, 15)",houghCircle,0.789583333,37716514.38,31803043.5
"(np.float64(1.0), 210, 290, 30, 15)",houghCircle,0.789583333,38829262.69,30893231.5
"(np.float64(1.0), 220, 180, 35, 15)",houghCircle,0.789583333,41233191.84,32136484.5
"(np.float64(1.0), 220, 200, 30, 15)",houghCircle,0.789583333,42979832.54,32685479.5
"(np.float64(1.0), 220, 290, 30, 15)",houghCircle,0.789583333,44291782.84,32142455.5
"(np.float64(1.0), 230, 180, 35, 15)",houghCircle,0.789583333,40816429.79,31701613.5
"(np.float64(1.0), 230, 200, 30, 15)",houghCircle,0.789583333,40745878.6,30646119
"(np.float64(1.0), 230, 290, 30, 15)",houghCircle,0.789583333,38427128.21,30064432
"(np.float64(1.0), 240, 180, 35, 15)",houghCircle,0.789583333,42646818.43,31822075
"(np.float64(1.0), 240, 260, 30, 15)",houghCircle,0.789583333,39611943.3,30648829
"(np.float64(1.0), 240, 270, 30, 15)",houghCircle,0.789583333,40624137.94,30791385
"(np.float64(1.0), 250, 180, 35, 15)",houghCircle,0.789583333,43510562.03,32731986.5
"(np.float64(1.0), 250, 260, 30, 15)",houghCircle,0.789583333,39080728.35,30611399
"(np.float64(1.0), 250, 270, 30, 15)",houghCircle,0.789583333,42951512.19,30979870
"(np.float64(1.0), 260, 180, 35, 15)",houghCircle,0.789583333,39896876.39,31011072.5
"(np.float64(1.0), 260, 260, 30, 15)",houghCircle,0.789583333,42612078.03,30772335
"(np.float64(1.0), 260, 270, 30, 15)",houghCircle,0.789583333,39882772.53,30587910
"(np.float64(1.0), 270, 260, 30, 15)",houghCircle,0.789583333,40355998.77,30997246.5
"(np.float64(1.0), 270, 270, 30, 15)",houghCircle,0.789583333,43850823.14,31419189
"(np.float64(1.0), 280, 260, 30, 15)",houghCircle,0.789583333,39201881.19,30093386.5
"(np.float64(1.0), 280, 270, 30, 15)",houghCircle,0.789583333,42092962,31350550
"(np.float64(1.5), 100, 110, 30, 15)",houghCircle,0.789583333,45637639.3,35554472
"(np.float64(1.5), 110, 110, 30, 15)",houghCircle,0.789583333,45368825.61,36036361
"(np.float64(1.5), 120, 110, 30, 15)",houghCircle,0.789583333,44554371.1,34239670
"(np.float64(1.5), 130, 110, 30, 15)",houghCircle,0.789583333,42821001.84,34852309
"(np.float64(1.5), 160, 100, 30, 15)",houghCircle,0.789583333,45840677.08,36074207
"(np.float64(1.5), 160, 170, 35, 15)",houghCircle,0.789583333,41162936.27,32182671
"(np.float64(1.5), 170, 170, 35, 15)",houghCircle,0.789583333,40735120.85,31459989
"(np.float64(1.5), 180, 140, 35, 15)",houghCircle,0.789583333,43048364.36,33796805
"(np.float64(1.5), 180, 150, 35, 15)",houghCircle,0.789583333,51668844.16,41443905
"(np.float64(1.5), 180, 170, 35, 15)",houghCircle,0.789583333,42403053.36,32879438.5
"(np.float64(1.5), 180, 290, 30, 15)",houghCircle,0.789583333,40670062.16,31344239
"(np.float64(1.5), 190, 180, 35, 15)",houghCircle,0.789583333,44738528.14,32593265.5
"(np.float64(1.5), 190, 290, 30, 15)",houghCircle,0.789583333,41593594.5,30676385.5
"(np.float64(1.5), 200, 180, 35, 15)",houghCircle,0.789583333,40686875.49,31845954.5
"(np.float64(1.5), 200, 200, 30, 15)",houghCircle,0.789583333,41627093.13,32605629.5
"(np.float64(1.5), 200, 290, 30, 15)",houghCircle,0.789583333,41808075.11,31518845
"(np.float64(1.5), 210, 180, 35, 15)",houghCircle,0.789583333,50253320.35,39463825.5
"(np.float64(1.5), 210, 200, 30, 15)",houghCircle,0.789583333,42039856.75,31824509.5
"(np.float64(1.5), 210, 290, 30, 15)",houghCircle,0.789583333,40494219.29,30546537.5
"(np.float64(1.5), 220, 180, 35, 15)",houghCircle,0.789583333,43323965.66,31950175.5
"(np.float64(1.5), 220, 200, 30, 15)",houghCircle,0.789583333,42841081.03,32220723
"(np.float64(1.5), 220, 290, 30, 15)",houghCircle,0.789583333,48986300.74,37328375
"(np.float64(1.5), 230, 180, 35, 15)",houghCircle,0.789583333,41546513.92,32523099.5
"(np.float64(1.5), 230, 200, 30, 15)",houghCircle,0.789583333,42698112.3,30999743
"(np.float64(1.5), 230, 290, 30, 15)",houghCircle,0.789583333,38591654.88,30767556
"(np.float64(1.5), 240, 180, 35, 15)",houghCircle,0.789583333,40130784.29,32516411.5
"(np.float64(1.5), 240, 260, 30, 15)",houghCircle,0.789583333,40297530.39,29999596
"(np.float64(1.5), 240, 270, 30, 15)",houghCircle,0.789583333,39567675.19,29952031.5
"(np.float64(1.5), 250, 180, 35, 15)",houghCircle,0.789583333,42164127.01,31874473
"(np.float64(1.5), 250, 260, 30, 15)",houghCircle,0.789583333,39613272.62,30926080
"(np.float64(1.5), 250, 270, 30, 15)",houghCircle,0.789583333,38934049.97,29745894.5
"(np.float64(1.5), 260, 180, 35, 15)",houghCircle,0.789583333,45661301.38,32634374
"(np.float64(1.5), 260, 260, 30, 15)",houghCircle,0.789583333,40035727.98,30821913
"(np.float64(1.5), 260, 270, 30, 15)",houghCircle,0.789583333,39439972.34,30408698
"(np.float64(1.5), 270, 260, 30, 15)",houghCircle,0.789583333,49471827.68,39243898.5
"(np.float64(1.5), 270, 270, 30, 15)",houghCircle,0.789583333,38916516.11,30387755
"(np.float64(1.5), 280, 260, 30, 15)",houghCircle,0.789583333,41210861.11,30370290.5
"(np.float64(1.5), 280, 270, 30, 15)",houghCircle,0.789583333,41746153.23,31008709.5
"(np.float64(1.0), 100, 140, 35, 15)",houghCircle,0.7875,44707363.71,33405429.5
"(np.float64(1.0), 100, 150, 35, 15)",houghCircle,0.7875,42590151.94,32628902.5
"(np.float64(1.0), 100, 170, 35, 15)",houghCircle,0.7875,43254316.22,33642269.5
"(np.float64(1.0), 110, 140, 35, 15)",houghCircle,0.7875,46424032.12,34067457.5
"(np.float64(1.0), 110, 150, 35, 15)",houghCircle,0.7875,42461156.12,33504421.5
"(np.float64(1.0), 110, 170, 35, 15)",houghCircle,0.7875,43975869,33017497
"(np.float64(1.0), 120, 140, 35, 15)",houghCircle,0.7875,42823640.66,34045977.5
"(np.float64(1.0), 120, 150, 35, 15)",houghCircle,0.7875,42840519.5,33201562.5
"(np.float64(1.0), 120, 170, 35, 15)",houghCircle,0.7875,52409323.65,41313219.5
"(np.float64(1.0), 130, 140, 35, 15)",houghCircle,0.7875,43852573.79,34205422
"(np.float64(1.0), 130, 150, 35, 15)",houghCircle,0.7875,42519453.03,32352294.5
"(np.float64(1.0), 130, 170, 35, 15)",houghCircle,0.7875,41837102.25,32037393
"(np.float64(1.0), 140, 140, 35, 15)",houghCircle,0.7875,41503331.99,32397914.5
"(np.float64(1.0), 140, 150, 35, 15)",houghCircle,0.7875,40992173.28,32028330.5
"(np.float64(1.0), 140, 170, 35, 15)",houghCircle,0.7875,41778133.95,32017476.5
"(np.float64(1.0), 140, 200, 30, 15)",houghCircle,0.7875,44760355.33,31805804
"(np.float64(1.0), 150, 100, 30, 15)",houghCircle,0.7875,44161367.98,36418748.5
"(np.float64(1.0), 150, 140, 35, 15)",houghCircle,0.7875,41750046.82,33816316
"(np.float64(1.0), 150, 150, 35, 15)",houghCircle,0.7875,45226441.81,33997792.5
"(np.float64(1.0), 150, 170, 35, 15)",houghCircle,0.7875,43604859.6,33194931
"(np.float64(1.0), 150, 200, 30, 15)",houghCircle,0.7875,41309038.48,31351306.5
"(np.float64(1.0), 160, 140, 35, 15)",houghCircle,0.7875,44189140.77,32723832
"(np.float64(1.0), 160, 150, 35, 15)",houghCircle,0.7875,43184310.98,32290213
"(np.float64(1.0), 160, 180, 35, 15)",houghCircle,0.7875,40972215.17,31661378
"(np.float64(1.0), 160, 200, 30, 15)",houghCircle,0.7875,40702610.79,31267444.5
"(np.float64(1.0), 160, 290, 30, 15)",houghCircle,0.7875,37009589.89,30017955
"(np.float64(1.0), 170, 140, 35, 15)",houghCircle,0.7875,41593818.65,33828604
"(np.float64(1.0), 170, 150, 35, 15)",houghCircle,0.7875,40167580.37,31824061.5
"(np.float64(1.0), 170, 180, 35, 15)",houghCircle,0.7875,40460937.44,31457304.5
"(np.float64(1.0), 170, 200, 30, 15)",houghCircle,0.7875,42403842.71,31479442.5
"(np.float64(1.0), 170, 290, 30, 15)",houghCircle,0.7875,39536023.43,29756934
"(np.float64(1.0), 180, 180, 35, 15)",houghCircle,0.7875,41075190.6,31393976.5
"(np.float64(1.0), 180, 200, 30, 15)",houghCircle,0.7875,43599235.32,32752184.5
"(np.float64(1.0), 180, 280, 30, 15)",houghCircle,0.7875,41732094.12,29947278.5
"(np.float64(1.0), 190, 200, 30, 15)",houghCircle,0.7875,39309943.17,31190254.5
"(np.float64(1.0), 190, 280, 30, 15)",houghCircle,0.7875,38280403.45,30016537.5
"(np.float64(1.0), 200, 280, 30, 15)",houghCircle,0.7875,40246975.63,29689127.5
"(np.float64(1.0), 210, 280, 30, 15)",houghCircle,0.7875,40062154.95,31086063.5
"(np.float64(1.0), 220, 280, 30, 15)",houghCircle,0.7875,39505381.23,30438849.5
"(np.float64(1.0), 230, 280, 30, 15)",houghCircle,0.7875,40739492.65,30683453
"(np.float64(1.5), 100, 140, 35, 15)",houghCircle,0.7875,42241131.72,33467952
"(np.float64(1.5), 100, 150, 35, 15)",houghCircle,0.7875,42024569.46,33438361.5
"(np.float64(1.5), 100, 170, 35, 15)",houghCircle,0.7875,41118349.36,31973895
"(np.float64(1.5), 110, 140, 35, 15)",houghCircle,0.7875,50096966.84,41037037.5
"(np.float64(1.5), 110, 150, 35, 15)",houghCircle,0.7875,42697801.05,33121648
"(np.float64(1.5), 110, 170, 35, 15)",houghCircle,0.7875,41125215.03,33021724.5
"(np.float64(1.5), 120, 140, 35, 15)",houghCircle,0.7875,44062629.45,32947271
"(np.float64(1.5), 120, 150, 35, 15)",houghCircle,0.7875,42005877.6,32770294
"(np.float64(1.5), 120, 170, 35, 15)",houghCircle,0.7875,41989783.28,31468421.5
"(np.float64(1.5), 130, 140, 35, 15)",houghCircle,0.7875,43149429.73,33519269
"(np.float64(1.5), 130, 150, 35, 15)",houghCircle,0.7875,41140527.9,33089562
"(np.float64(1.5), 130, 170, 35, 15)",houghCircle,0.7875,42546253.73,32390581.5
"(np.float64(1.5), 140, 140, 35, 15)",houghCircle,0.7875,44782631.63,33613796
"(np.float64(1.5), 140, 150, 35, 15)",houghCircle,0.7875,44430942.1,32791067.5
"(np.float64(1.5), 140, 170, 35, 15)",houghCircle,0.7875,43109188.97,32610935
"(np.float64(1.5), 140, 200, 30, 15)",houghCircle,0.7875,41316087.25,31215727.5
"(np.float64(1.5), 150, 100, 30, 15)",houghCircle,0.7875,45216260.28,36088334.5
"(np.float64(1.5), 150, 140, 35, 15)",houghCircle,0.7875,41450951.41,32881337
"(np.float64(1.5), 150, 150, 35, 15)",houghCircle,0.7875,52703603.6,41784118
"(np.float64(1.5), 150, 170, 35, 15)",houghCircle,0.7875,41525287.04,32140172
"(np.float64(1.5), 150, 200, 30, 15)",houghCircle,0.7875,41905962.71,32123099.5
"(np.float64(1.5), 160, 140, 35, 15)",houghCircle,0.7875,43239509,33811261.5
"(np.float64(1.5), 160, 150, 35, 15)",houghCircle,0.7875,41074406.63,33452032.5
"(np.float64(1.5), 160, 180, 35, 15)",houghCircle,0.7875,40400805.53,31055642
"(np.float64(1.5), 160, 200, 30, 15)",houghCircle,0.7875,41022627.11,32549625
"(np.float64(1.5), 160, 290, 30, 15)",houghCircle,0.7875,42330442.22,30820605.5
"(np.float64(1.5), 170, 140, 35, 15)",houghCircle,0.7875,44564761.62,34381685.5
"(np.float64(1.5), 170, 150, 35, 15)",houghCircle,0.7875,47907635.4,34783380.5
"(np.float64(1.5), 170, 180, 35, 15)",houghCircle,0.7875,41039205.19,31398644.5
"(np.float64(1.5), 170, 200, 30, 15)",houghCircle,0.7875,39712204.83,31146807.5
"(np.float64(1.5), 170, 290, 30, 15)",houghCircle,0.7875,39039871.04,30977119.5
"(np.float64(1.5), 180, 180, 35, 15)",houghCircle,0.7875,41996449.95,32788377.5
"(np.float64(1.5), 180, 200, 30, 15)",houghCircle,0.7875,42502977.96,32267790.5
"(np.float64(1.5), 180, 280, 30, 15)",houghCircle,0.7875,40962539.63,30043718.5
"(np.float64(1.5), 190, 200, 30, 15)",houghCircle,0.7875,40929018.52,31397854
"(np.float64(1.5), 190, 280, 30, 15)",houghCircle,0.7875,40402917.01,30559400.5
"(np.float64(1.5), 200, 280, 30, 15)",houghCircle,0.7875,38962525.05,30453126.5
"(np.float64(1.5), 210, 280, 30, 15)",houghCircle,0.7875,42029406.83,30935601
"(np.float64(1.5), 220, 280, 30, 15)",houghCircle,0.7875,39588944.86,30487776
"(np.float64(1.5), 230, 280, 30, 15)",houghCircle,0.7875,39091614.36,30201263.5
"(np.float64(1.0), 100, 180, 35, 15)",houghCircle,0.785416667,41753184.59,33316327.5
"(np.float64(1.0), 100, 200, 30, 15)",houghCircle,0.785416667,41986517.4,31220836
"(np.float64(1.0), 100, 290, 30, 15)",houghCircle,0.785416667,40539973.45,30382554.5
"(np.float64(1.0), 110, 180, 35, 15)",houghCircle,0.785416667,41714852.18,31863602
"(np.float64(1.0), 110, 200, 30, 15)",houghCircle,0.785416667,41279405.79,30575937
"(np.float64(1.0), 110, 290, 30, 15)",houghCircle,0.785416667,38854578.54,29736732
"(np.float64(1.0), 120, 180, 35, 15)",houghCircle,0.785416667,40120013.66,31903237
"(np.float64(1.0), 120, 200, 30, 15)",houghCircle,0.785416667,40520427.35,31147203
"(np.float64(1.0), 120, 290, 30, 15)",houghCircle,0.785416667,40560598.14,30770427
"(np.float64(1.0), 130, 180, 35, 15)",houghCircle,0.785416667,40872719.19,32328540
"(np.float64(1.0), 130, 200, 30, 15)",houghCircle,0.785416667,42926360.98,31607677
"(np.float64(1.0), 130, 290, 30, 15)",houghCircle,0.785416667,38788491.48,30171573
"(np.float64(1.0), 140, 100, 30, 15)",houghCircle,0.785416667,42743268.74,35034447
"(np.float64(1.0), 140, 180, 35, 15)",houghCircle,0.785416667,43388300.97,32378033
"(np.float64(1.0), 140, 290, 30, 15)",houghCircle,0.785416667,41941245.76,30656482.5
"(np.float64(1.0), 150, 180, 35, 15)",houghCircle,0.785416667,53946436.16,41281937
"(np.float64(1.0), 150, 290, 30, 15)",houghCircle,0.785416667,43227150.6,31594844
"(np.float64(1.0), 160, 280, 30, 15)",houghCircle,0.785416667,39312491.88,29926088.5
"(np.float64(1.0), 170, 280, 30, 15)",houghCircle,0.785416667,41096028.72,30839600.5
"(np.float64(1.0), 180, 260, 30, 15)",houghCircle,0.785416667,42237238.12,31255006
"(np.float64(1.0), 180, 270, 30, 15)",houghCircle,0.785416667,40111237.68,30787484
"(np.float64(1.0), 190, 260, 30, 15)",houghCircle,0.785416667,42219310.67,31067604.5
"(np.float64(1.0), 190, 270, 30, 15)",houghCircle,0.785416667,39878862.58,30291708.5
"(np.float64(1.0), 200, 210, 30, 15)",houghCircle,0.785416667,45290681.63,32345706.5
"(np.float64(1.0), 200, 260, 30, 15)",houghCircle,0.785416667,38968487.53,30542243
"(np.float64(1.0), 200, 270, 30, 15)",houghCircle,0.785416667,40309585.83,29914876.5
"(np.float64(1.0), 210, 210, 30, 15)",houghCircle,0.785416667,40310562.54,31456107
"(np.float64(1.0), 210, 260, 30, 15)",houghCircle,0.785416667,41807286.29,31961822.5
"(np.float64(1.0), 210, 270, 30, 15)",houghCircle,0.785416667,42360735.43,30482737.5
"(np.float64(1.0), 220, 210, 30, 15)",houghCircle,0.785416667,41132948.73,31610843.5
"(np.float64(1.0), 220, 260, 30, 15)",houghCircle,0.785416667,42984333.13,31084936.5
"(np.float64(1.0), 220, 270, 30, 15)",houghCircle,0.785416667,38224677.98,30282696.5
"(np.float64(1.0), 230, 210, 30, 15)",houghCircle,0.785416667,40774246.83,30857495.5
"(np.float64(1.0), 230, 260, 30, 15)",houghCircle,0.785416667,40965109.53,30535496.5
"(np.float64(1.0), 230, 270, 30, 15)",houghCircle,0.785416667,41161536.6,31382214.5
"(np.float64(1.0), 240, 210, 30, 15)",houghCircle,0.785416667,42511691.7,32481808
"(np.float64(1.0), 240, 220, 30, 15)",houghCircle,0.785416667,41223803.92,31558225
"(np.float64(1.0), 250, 210, 30, 15)",houghCircle,0.785416667,39698303.07,30615205.5
"(np.float64(1.0), 250, 220, 30, 15)",houghCircle,0.785416667,40852204.54,30692812.5
"(np.float64(1.0), 260, 210, 30, 15)",houghCircle,0.785416667,37233567.98,30413803
"(np.float64(1.0), 260, 220, 30, 15)",houghCircle,0.785416667,42545180.9,31893464
"(np.float64(1.0), 270, 210, 30, 15)",houghCircle,0.785416667,39759189.91,30938973
"(np.float64(1.0), 270, 220, 30, 15)",houghCircle,0.785416667,41418159.3,31366830.5
"(np.float64(1.0), 280, 210, 30, 15)",houghCircle,0.785416667,41327905.88,31347989
"(np.float64(1.0), 280, 220, 30, 15)",houghCircle,0.785416667,50181242.28,37898584.5
"(np.float64(1.5), 100, 180, 35, 15)",houghCircle,0.785416667,42671057.77,32308718
"(np.float64(1.5), 100, 200, 30, 15)",houghCircle,0.785416667,39742044.85,30519761.5
"(np.float64(1.5), 100, 290, 30, 15)",houghCircle,0.785416667,40228550.33,30520613
"(np.float64(1.5), 110, 180, 35, 15)",houghCircle,0.785416667,42585263.39,32083521
"(np.float64(1.5), 110, 200, 30, 15)",houghCircle,0.785416667,49481137.34,39496563
"(np.float64(1.5), 110, 290, 30, 15)",houghCircle,0.785416667,40910422.95,30577705.5
"(np.float64(1.5), 120, 180, 35, 15)",houghCircle,0.785416667,42936704.59,32175353
"(np.float64(1.5), 120, 200, 30, 15)",houghCircle,0.785416667,41097724.15,31578153.5
"(np.float64(1.5), 120, 290, 30, 15)",houghCircle,0.785416667,41730575.36,30485272.5
"(np.float64(1.5), 130, 180, 35, 15)",houghCircle,0.785416667,41797878.26,31503948
"(np.float64(1.5), 130, 200, 30, 15)",houghCircle,0.785416667,41632733.53,32797424.5
"(np.float64(1.5), 130, 290, 30, 15)",houghCircle,0.785416667,47335662.31,37514471
"(np.float64(1.5), 140, 100, 30, 15)",houghCircle,0.785416667,44537186.52,35971669.5
"(np.float64(1.5), 140, 180, 35, 15)",houghCircle,0.785416667,42229121.85,31998279
"(np.float64(1.5), 140, 290, 30, 15)",houghCircle,0.785416667,40914072.28,30504272.5
"(np.float64(1.5), 150, 180, 35, 15)",houghCircle,0.785416667,40376663.17,31940076
"(np.float64(1.5), 150, 290, 30, 15)",houghCircle,0.785416667,39789534.44,30661798.5
"(np.float64(1.5), 160, 280, 30, 15)",houghCircle,0.785416667,45085088.97,33794400.5
"(np.float64(1.5), 170, 280, 30, 15)",houghCircle,0.785416667,36438817.85,29670122
"(np.float64(1.5), 180, 260, 30, 15)",houghCircle,0.785416667,41335938.35,30713766
"(np.float64(1.5), 180, 270, 30, 15)",houghCircle,0.785416667,40909446.85,31125317.5
"(np.float64(1.5), 190, 260, 30, 15)",houghCircle,0.785416667,41784226.73,30549376.5
"(np.float64(1.5), 190, 270, 30, 15)",houghCircle,0.785416667,41284298.89,31085407.5
"(np.float64(1.5), 200, 210, 30, 15)",houghCircle,0.785416667,42139747.11,30823642
"(np.float64(1.5), 200, 260, 30, 15)",houghCircle,0.785416667,39575690.88,30218716
"(np.float64(1.5), 200, 270, 30, 15)",houghCircle,0.785416667,41557341.38,31084842.5
"(np.float64(1.5), 210, 210, 30, 15)",houghCircle,0.785416667,42092171.59,30670772
"(np.float64(1.5), 210, 260, 30, 15)",houghCircle,0.785416667,42736031.99,34374153
"(np.float64(1.5), 210, 270, 30, 15)",houghCircle,0.785416667,41697277.36,30895772
"(np.float64(1.5), 220, 210, 30, 15)",houghCircle,0.785416667,43790724.63,32545390.5
"(np.float64(1.5), 220, 260, 30, 15)",houghCircle,0.785416667,40238673.07,30455025
"(np.float64(1.5), 220, 270, 30, 15)",houghCircle,0.785416667,39374256.31,31552769.5
"(np.float64(1.5), 230, 210, 30, 15)",houghCircle,0.785416667,45006379.36,32646185
"(np.float64(1.5), 230, 260, 30, 15)",houghCircle,0.785416667,40989731.11,30255390.5
"(np.float64(1.5), 230, 270, 30, 15)",houghCircle,0.785416667,38641607.04,30335786.5
"(np.float64(1.5), 240, 210, 30, 15)",houghCircle,0.785416667,40510038.58,31242739
"(np.float64(1.5), 240, 220, 30, 15)",houghCircle,0.785416667,43765195.3,32468277
"(np.float64(1.5), 250, 210, 30, 15)",houghCircle,0.785416667,38980230.12,31154573.5
"(np.float64(1.5), 250, 220, 30, 15)",houghCircle,0.785416667,38539238.25,30700926
"(np.float64(1.5), 260, 210, 30, 15)",houghCircle,0.785416667,43090740.79,31789254
"(np.float64(1.5), 260, 220, 30, 15)",houghCircle,0.785416667,42129484.4,31195825.5
"(np.float64(1.5), 270, 210, 30, 15)",houghCircle,0.785416667,41004541.67,30727520.5
"(np.float64(1.5), 270, 220, 30, 15)",houghCircle,0.785416667,40928685.25,31429087.5
"(np.float64(1.5), 280, 210, 30, 15)",houghCircle,0.785416667,39881637.04,30848268
"(np.float64(1.5), 280, 220, 30, 15)",houghCircle,0.785416667,42670359.34,32247628
"(np.float64(1.0), 100, 100, 30, 15)",houghCircle,0.783333333,45666123.04,37440240.5
"(np.float64(1.0), 100, 280, 30, 15)",houghCircle,0.783333333,38098252.63,30035638.5
"(np.float64(1.0), 110, 100, 30, 15)",houghCircle,0.783333333,45279408.47,37038847
"(np.float64(1.0), 110, 280, 30, 15)",houghCircle,0.783333333,39810918.71,30187288.5
"(np.float64(1.0), 120, 100, 30, 15)",houghCircle,0.783333333,44119187.23,35623100
"(np.float64(1.0), 120, 280, 30, 15)",houghCircle,0.783333333,40531233.5,30712383
"(np.float64(1.0), 130, 100, 30, 15)",houghCircle,0.783333333,49444047.61,37267680.5
"(np.float64(1.0), 130, 280, 30, 15)",houghCircle,0.783333333,38743627.13,29960961.5
"(np.float64(1.0), 140, 210, 30, 15)",houghCircle,0.783333333,43697801.28,31417867
"(np.float64(1.0), 140, 280, 30, 15)",houghCircle,0.783333333,42245362.2,30488121.5
"(np.float64(1.0), 150, 210, 30, 15)",houghCircle,0.783333333,36827563.93,29823305
"(np.float64(1.0), 150, 280, 30, 15)",houghCircle,0.783333333,41711244.7,31342118.5
"(np.float64(1.0), 160, 210, 30, 15)",houghCircle,0.783333333,42496820.16,31440192.5
"(np.float64(1.0), 160, 260, 30, 15)",houghCircle,0.783333333,39355546.95,30378626.5
"(np.float64(1.0), 160, 270, 30, 15)",houghCircle,0.783333333,41309942.85,31177400
"(np.float64(1.0), 170, 210, 30, 15)",houghCircle,0.783333333,41204516.06,31210597.5
"(np.float64(1.0), 170, 260, 30, 15)",houghCircle,0.783333333,41869498.93,31195389.5
"(np.float64(1.0), 170, 270, 30, 15)",houghCircle,0.783333333,39482349.32,31001054.5
"(np.float64(1.0), 180, 210, 30, 15)",houghCircle,0.783333333,40543338.41,30927165.5
"(np.float64(1.0), 190, 210, 30, 15)",houghCircle,0.783333333,39582662.03,30989478
"(np.float64(1.0), 200, 220, 30, 15)",houghCircle,0.783333333,39661961.81,31127542.5
"(np.float64(1.0), 210, 220, 30, 15)",houghCircle,0.783333333,41482144.66,30247651
"(np.float64(1.0), 220, 220, 30, 15)",houghCircle,0.783333333,42072577.88,31735026
"(np.float64(1.0), 230, 220, 30, 15)",houghCircle,0.783333333,42788761.45,32256900.5
"(np.float64(1.0), 240, 240, 30, 15)",houghCircle,0.783333333,40876880.07,30460410
"(np.float64(1.0), 240, 250, 30, 15)",houghCircle,0.783333333,40036006.33,30737896
"(np.float64(1.0), 250, 240, 30, 15)",houghCircle,0.783333333,42084903.06,31676872
"(np.float64(1.0), 250, 250, 30, 15)",houghCircle,0.783333333,41728817.44,31648127.5
"(np.float64(1.0), 260, 240, 30, 15)",houghCircle,0.783333333,42910522.13,31479330
"(np.float64(1.0), 260, 250, 30, 15)",houghCircle,0.783333333,42122457.61,30991000
"(np.float64(1.0), 270, 240, 30, 15)",houghCircle,0.783333333,41718168.95,30996125.5
"(np.float64(1.0), 270, 250, 30, 15)",houghCircle,0.783333333,43102665.22,31020863.5
"(np.float64(1.0), 280, 240, 30, 15)",houghCircle,0.783333333,40832472.99,30479608
"(np.float64(1.0), 280, 250, 30, 15)",houghCircle,0.783333333,43209043.84,30513850
"(np.float64(1.5), 100, 100, 30, 15)",houghCircle,0.783333333,44772053.56,35735807
"(np.float64(1.5), 100, 280, 30, 15)",houghCircle,0.783333333,43026629,31698908.5
"(np.float64(1.5), 110, 100, 30, 15)",houghCircle,0.783333333,42432380.53,34513844.5
"(np.float64(1.5), 110, 280, 30, 15)",houghCircle,0.783333333,39842625.09,30046523.5
"(np.float64(1.5), 120, 100, 30, 15)",houghCircle,0.783333333,47154684.65,37011625.5
"(np.float64(1.5), 120, 280, 30, 15)",houghCircle,0.783333333,49274124.01,36846315.5
"(np.float64(1.5), 130, 100, 30, 15)",houghCircle,0.783333333,43690818.53,35733326.5
"(np.float64(1.5), 130, 280, 30, 15)",houghCircle,0.783333333,42842561.32,30147478
"(np.float64(1.5), 140, 210, 30, 15)",houghCircle,0.783333333,39585656.94,30693792
"(np.float64(1.5), 140, 280, 30, 15)",houghCircle,0.783333333,41881836.14,30269687
"(np.float64(1.5), 150, 210, 30, 15)",houghCircle,0.783333333,52763893.69,39408777.5
"(np.float64(1.5), 150, 280, 30, 15)",houghCircle,0.783333333,39022937.96,29853345.5
"(np.float64(1.5), 160, 210, 30, 15)",houghCircle,0.783333333,44535787.32,32480414.5
"(np.float64(1.5), 160, 260, 30, 15)",houghCircle,0.783333333,39421799.95,31006690
"(np.float64(1.5), 160, 270, 30, 15)",houghCircle,0.783333333,41768770.65,31149024
"(np.float64(1.5), 170, 210, 30, 15)",houghCircle,0.783333333,38237385.38,31495060
"(np.float64(1.5), 170, 260, 30, 15)",houghCircle,0.783333333,41553083.69,30757787.5
"(np.float64(1.5), 170, 270, 30, 15)",houghCircle,0.783333333,43144482.23,31213743
"(np.float64(1.5), 180, 210, 30, 15)",houghCircle,0.783333333,49383766.49,39410195.5
"(np.float64(1.5), 190, 210, 30, 15)",houghCircle,0.783333333,42212360.87,32018458
"(np.float64(1.5), 200, 220, 30, 15)",houghCircle,0.783333333,41401088.73,30631531.5
"(np.float64(1.5), 210, 220, 30, 15)",houghCircle,0.783333333,43657782.39,31274407
"(np.float64(1.5), 220, 220, 30, 15)",houghCircle,0.783333333,42819843.46,31678776
"(np.float64(1.5), 230, 220, 30, 15)",houghCircle,0.783333333,38769898.05,30683558.5
"(np.float64(1.5), 240, 240, 30, 15)",houghCircle,0.783333333,42319057.04,31479893.5
"(np.float64(1.5), 240, 250, 30, 15)",houghCircle,0.783333333,43117529.96,31358986.5
"(np.float64(1.5), 250, 240, 30, 15)",houghCircle,0.783333333,39435353.22,30548649.5
"(np.float64(1.5), 250, 250, 30, 15)",houghCircle,0.783333333,41363457.37,30864849.5
"(np.float64(1.5), 260, 240, 30, 15)",houghCircle,0.783333333,41323436.06,31774029
"(np.float64(1.5), 260, 250, 30, 15)",houghCircle,0.783333333,38150257.27,29641148.5
"(np.float64(1.5), 270, 240, 30, 15)",houghCircle,0.783333333,41864510,31437463
"(np.float64(1.5), 270, 250, 30, 15)",houghCircle,0.783333333,40995842.99,30949823.5
"(np.float64(1.5), 280, 240, 30, 15)",houghCircle,0.783333333,43966801.38,31595976
"(np.float64(1.5), 280, 250, 30, 15)",houghCircle,0.783333333,41390839.84,30472698.5
"(np.float64(1.0), 100, 210, 30, 15)",houghCircle,0.78125,44661424.62,33831679.5
"(np.float64(1.0), 100, 260, 30, 15)",houghCircle,0.78125,41661428.69,33082228.5
"(np.float64(1.0), 100, 270, 30, 15)",houghCircle,0.78125,39033193.34,31305665
"(np.float64(1.0), 110, 210, 30, 15)",houghCircle,0.78125,38600884.13,30037221
"(np.float64(1.0), 110, 260, 30, 15)",houghCircle,0.78125,38719360.55,30276901
"(np.float64(1.0), 110, 270, 30, 15)",houghCircle,0.78125,40357576.57,31032678
"(np.float64(1.0), 120, 210, 30, 15)",houghCircle,0.78125,41891336.67,31728729.5
"(np.float64(1.0), 120, 260, 30, 15)",houghCircle,0.78125,42432606.98,31230620.5
"(np.float64(1.0), 120, 270, 30, 15)",houghCircle,0.78125,40574779.6,30523393
"(np.float64(1.0), 130, 210, 30, 15)",houghCircle,0.78125,38573825.64,30555548
"(np.float64(1.0), 130, 260, 30, 15)",houghCircle,0.78125,38929394.21,30823541
"(np.float64(1.0), 130, 270, 30, 15)",houghCircle,0.78125,40035188.53,30587257
"(np.float64(1.0), 140, 260, 30, 15)",houghCircle,0.78125,42415218.71,30590189
"(np.float64(1.0), 140, 270, 30, 15)",houghCircle,0.78125,40327989.41,31723348
"(np.float64(1.0), 150, 260, 30, 15)",houghCircle,0.78125,39350823.76,31096408.5
"(np.float64(1.0), 150, 270, 30, 15)",houghCircle,0.78125,42531362.88,30587133
"(np.float64(1.0), 160, 220, 30, 15)",houghCircle,0.78125,39971728.45,30662614.5
"(np.float64(1.0), 170, 220, 30, 15)",houghCircle,0.78125,40837818.24,30955383.5
"(np.float64(1.0), 180, 220, 30, 15)",houghCircle,0.78125,38546131.57,30960598.5
"(np.float64(1.0), 180, 240, 30, 15)",houghCircle,0.78125,39695397.56,30796686
"(np.float64(1.0), 180, 250, 30, 15)",houghCircle,0.78125,41442667.83,30986467
"(np.float64(1.0), 190, 220, 30, 15)",houghCircle,0.78125,44489203.75,31759306.5
"(np.float64(1.0), 190, 240, 30, 15)",houghCircle,0.78125,40414134.18,30768698.5
"(np.float64(1.0), 190, 250, 30, 15)",houghCircle,0.78125,40282628.99,30491383
"(np.float64(1.0), 200, 240, 30, 15)",houghCircle,0.78125,38908685.2,30079049.5
"(np.float64(1.0), 200, 250, 30, 15)",houghCircle,0.78125,40941190.21,30560051
"(np.float64(1.0), 210, 240, 30, 15)",houghCircle,0.78125,39557064.4,30267122
"(np.float64(1.0), 210, 250, 30, 15)",houghCircle,0.78125,39095627.08,30718700
"(np.float64(1.0), 220, 240, 30, 15)",houghCircle,0.78125,41207371.19,30493056.5
"(np.float64(1.0), 220, 250, 30, 15)",houghCircle,0.78125,40066059.53,29931923.5
"(np.float64(1.0), 230, 240, 30, 15)",houghCircle,0.78125,42255930.81,30923900
"(np.float64(1.0), 230, 250, 30, 15)",houghCircle,0.78125,39480598.99,30677001.5
"(np.float64(1.0), 240, 230, 30, 15)",houghCircle,0.78125,42103513.88,32112805
"(np.float64(1.0), 240, 290, 35, 15)",houghCircle,0.78125,44060603.57,31724872.5
"(np.float64(1.0), 250, 230, 30, 15)",houghCircle,0.78125,38599686.1,31136008
"(np.float64(1.0), 250, 290, 35, 15)",houghCircle,0.78125,39616019.04,29580590.5
"(np.float64(1.0), 260, 230, 30, 15)",houghCircle,0.78125,41363521.05,31167503
"(np.float64(1.0), 260, 290, 35, 15)",houghCircle,0.78125,51712415.92,40320844.5
"(np.float64(1.0), 270, 190, 35, 15)",houghCircle,0.78125,40068711.89,30750725
"(np.float64(1.0), 270, 200, 35, 15)",houghCircle,0.78125,42272051.68,31590069
"(np.float64(1.0), 270, 210, 35, 15)",houghCircle,0.78125,43294477.09,31265665.5
"(np.float64(1.0), 270, 230, 30, 15)",houghCircle,0.78125,39412327.63,30404335
"(np.float64(1.0), 270, 290, 35, 15)",houghCircle,0.78125,40615737.12,30748299
"(np.float64(1.0), 280, 190, 35, 15)",houghCircle,0.78125,42196630.54,32457096
"(np.float64(1.0), 280, 200, 35, 15)",houghCircle,0.78125,40421780.87,31214369.5
"(np.float64(1.0), 280, 210, 35, 15)",houghCircle,0.78125,42986362.39,31583447
"(np.float64(1.0), 280, 230, 30, 15)",houghCircle,0.78125,44249779.99,31519112
"(np.float64(1.0), 280, 290, 35, 15)",houghCircle,0.78125,41238611.31,30310680
"(np.float64(1.5), 100, 210, 30, 15)",houghCircle,0.78125,42618079.25,32324011.5
"(np.float64(1.5), 100, 260, 30, 15)",houghCircle,0.78125,44530244.58,31087371.5
"(np.float64(1.5), 100, 270, 30, 15)",houghCircle,0.78125,47307735.63,37767138.5
"(np.float64(1.5), 110, 210, 30, 15)",houghCircle,0.78125,39004344.96,31255232.5
"(np.float64(1.5), 110, 260, 30, 15)",houghCircle,0.78125,41551562.54,30623917
"(np.float64(1.5), 110, 270, 30, 15)",houghCircle,0.78125,43703407.8,31361715.5
"(np.float64(1.5), 120, 210, 30, 15)",houghCircle,0.78125,39740652.7,31254199
"(np.float64(1.5), 120, 260, 30, 15)",houghCircle,0.78125,38860429.65,30871501.5
"(np.float64(1.5), 120, 270, 30, 15)",houghCircle,0.78125,47963255.66,38052974
"(np.float64(1.5), 130, 210, 30, 15)",houghCircle,0.78125,42472216.83,32235189.5
"(np.float64(1.5), 130, 260, 30, 15)",houghCircle,0.78125,42355683.43,31500922
"(np.float64(1.5), 130, 270, 30, 15)",houghCircle,0.78125,40897774.61,31064043.5
"(np.float64(1.5), 140, 260, 30, 15)",houghCircle,0.78125,41327603.19,30329569.5
"(np.float64(1.5), 140, 270, 30, 15)",houghCircle,0.78125,37671077.4,29992792.5
"(np.float64(1.5), 150, 260, 30, 15)",houghCircle,0.78125,51645112.15,38786169.5
"(np.float64(1.5), 150, 270, 30, 15)",houghCircle,0.78125,39509283.59,30437616.5
"(np.float64(1.5), 160, 220, 30, 15)",houghCircle,0.78125,39726328.79,30653197
"(np.float64(1.5), 170, 220, 30, 15)",houghCircle,0.78125,44470803.5,32532828
"(np.float64(1.5), 180, 220, 30, 15)",houghCircle,0.78125,40917714.53,30736479
"(np.float64(1.5), 180, 240, 30, 15)",houghCircle,0.78125,42130235,31564241
"(np.float64(1.5), 180, 250, 30, 15)",houghCircle,0.78125,50191632.59,39252921.5
"(np.float64(1.5), 190, 220, 30, 15)",houghCircle,0.78125,41724672.38,31826217.5
"(np.float64(1.5), 190, 240, 30, 15)",houghCircle,0.78125,41964671.58,31386036.5
"(np.float64(1.5), 190, 250, 30, 15)",houghCircle,0.78125,42402281.29,31691880
"(np.float64(1.5), 200, 240, 30, 15)",houghCircle,0.78125,42035228.1,29563171
"(np.float64(1.5), 200, 250, 30, 15)",houghCircle,0.78125,43897555.48,31103090.5
"(np.float64(1.5), 210, 240, 30, 15)",houghCircle,0.78125,42445571.65,30411633.5
"(np.float64(1.5), 210, 250, 30, 15)",houghCircle,0.78125,49672611.71,38253896
"(np.float64(1.5), 220, 240, 30, 15)",houghCircle,0.78125,44007608.22,31419104
"(np.float64(1.5), 220, 250, 30, 15)",houghCircle,0.78125,41572214.82,31036380
"(np.float64(1.5), 230, 240, 30, 15)",houghCircle,0.78125,37704940.42,31224508
"(np.float64(1.5), 230, 250, 30, 15)",houghCircle,0.78125,38940015.6,30653953.5
"(np.float64(1.5), 240, 230, 30, 15)",houghCircle,0.78125,42522134.23,31401791.5
"(np.float64(1.5), 240, 290, 35, 15)",houghCircle,0.78125,39249106.82,30371789
"(np.float64(1.5), 250, 230, 30, 15)",houghCircle,0.78125,44299329.98,31710915.5
"(np.float64(1.5), 250, 290, 35, 15)",houghCircle,0.78125,43017588.79,31406285
"(np.float64(1.5), 260, 230, 30, 15)",houghCircle,0.78125,41369533.87,31976765
"(np.float64(1.5), 260, 290, 35, 15)",houghCircle,0.78125,42924971.24,31263050
"(np.float64(1.5), 270, 190, 35, 15)",houghCircle,0.78125,40760708.52,31281982
"(np.float64(1.5), 270, 200, 35, 15)",houghCircle,0.78125,41648817.5,31651660
"(np.float64(1.5), 270, 210, 35, 15)",houghCircle,0.78125,43813036.56,31467098.5
"(np.float64(1.5), 270, 230, 30, 15)",houghCircle,0.78125,40289056.1,30543140.5
"(np.float64(1.5), 270, 290, 35, 15)",houghCircle,0.78125,48378433.99,37423738.5
"(np.float64(1.5), 280, 190, 35, 15)",houghCircle,0.78125,43109728.71,31892152
"(np.float64(1.5), 280, 200, 35, 15)",houghCircle,0.78125,41526273.82,31164821
"(np.float64(1.5), 280, 210, 35, 15)",houghCircle,0.78125,42603411.6,31854000
"(np.float64(1.5), 280, 230, 30, 15)",houghCircle,0.78125,42662951.13,31303171
"(np.float64(1.5), 280, 290, 35, 15)",houghCircle,0.78125,40179598.8,30344187.5
"(np.float64(1.0), 100, 220, 30, 15)",houghCircle,0.779166667,56936239.6,42561312
"(np.float64(1.0), 100, 290, 35, 15)",houghCircle,0.779166667,37068809.72,29423765
"(np.float64(1.0), 110, 220, 30, 15)",houghCircle,0.779166667,43996922.23,31521230
"(np.float64(1.0), 110, 290, 35, 15)",houghCircle,0.779166667,51239245.95,40135000.5
"(np.float64(1.0), 120, 220, 30, 15)",houghCircle,0.779166667,43651071.09,32311983.5
"(np.float64(1.0), 120, 290, 35, 15)",houghCircle,0.779166667,40231422.02,30198673.5
"(np.float64(1.0), 130, 220, 30, 15)",houghCircle,0.779166667,37764011.1,30456708.5
"(np.float64(1.0), 130, 290, 35, 15)",houghCircle,0.779166667,41539992.92,30033575
"(np.float64(1.0), 140, 220, 30, 15)",houghCircle,0.779166667,41717639.04,32142922
"(np.float64(1.0), 140, 290, 35, 15)",houghCircle,0.779166667,38397620.18,30311270.5
"(np.float64(1.0), 150, 220, 30, 15)",houghCircle,0.779166667,40992435.63,30854589.5
"(np.float64(1.0), 150, 290, 35, 15)",houghCircle,0.779166667,40263407.48,30672618.5
"(np.float64(1.0), 160, 230, 30, 15)",houghCircle,0.779166667,39736133.75,31360318.5
"(np.float64(1.0), 160, 240, 30, 15)",houghCircle,0.779166667,42100698.14,32430192
"(np.float64(1.0), 160, 250, 30, 15)",houghCircle,0.779166667,42749805.16,31651494.5
"(np.float64(1.0), 160, 290, 35, 15)",houghCircle,0.779166667,40214660,30448514
"(np.float64(1.0), 170, 230, 30, 15)",houghCircle,0.779166667,43520709.63,31884006
"(np.float64(1.0), 170, 240, 30, 15)",houghCircle,0.779166667,41793667.51,31244081
"(np.float64(1.0), 170, 250, 30, 15)",houghCircle,0.779166667,41506174.25,30834156
"(np.float64(1.0), 170, 290, 35, 15)",houghCircle,0.779166667,40612702.56,31554498
"(np.float64(1.0), 180, 230, 30, 15)",houghCircle,0.779166667,42251259.32,30785955.5
"(np.float64(1.0), 180, 290, 35, 15)",houghCircle,0.779166667,41601037.88,30754341.5
"(np.float64(1.0), 190, 190, 35, 15)",houghCircle,0.779166667,42755014.54,31910270
"(np.float64(1.0), 190, 230, 30, 15)",houghCircle,0.779166667,41094147.41,30591662.5
"(np.float64(1.0), 190, 290, 35, 15)",houghCircle,0.779166667,40863619.84,31509763.5
"(np.float64(1.0), 200, 190, 35, 15)",houghCircle,0.779166667,43268264.49,31891544.5
"(np.float64(1.0), 200, 230, 30, 15)",houghCircle,0.779166667,41410131.63,31311998.5
"(np.float64(1.0), 200, 290, 35, 15)",houghCircle,0.779166667,39639626.68,29832207
"(np.float64(1.0), 210, 190, 35, 15)",houghCircle,0.779166667,42697502.76,31823361.5
"(np.float64(1.0), 210, 230, 30, 15)",houghCircle,0.779166667,41488320.65,31451344
"(np.float64(1.0), 210, 290, 35, 15)",houghCircle,0.779166667,39477435.53,30316294.5
"(np.float64(1.0), 220, 190, 35, 15)",houghCircle,0.779166667,42401735.46,32333863.5
"(np.float64(1.0), 220, 230, 30, 15)",houghCircle,0.779166667,43160625.65,31720529
"(np.float64(1.0), 220, 290, 35, 15)",houghCircle,0.779166667,49023722.56,39432799
"(np.float64(1.0), 230, 190, 35, 15)",houghCircle,0.779166667,41918604.89,31579650
"(np.float64(1.0), 230, 230, 30, 15)",houghCircle,0.779166667,42723836.4,32068922.5
"(np.float64(1.0), 230, 290, 35, 15)",houghCircle,0.779166667,39815582.51,30154687
"(np.float64(1.0), 240, 190, 35, 15)",houghCircle,0.779166667,42435930.87,32080124
"(np.float64(1.0), 240, 200, 35, 15)",houghCircle,0.779166667,43318045.41,31945681.5
"(np.float64(1.0), 240, 210, 35, 15)",houghCircle,0.779166667,43186844.34,32892828.5
"(np.float64(1.0), 250, 190, 35, 15)",houghCircle,0.779166667,40765513.95,32480689.5
"(np.float64(1.0), 250, 200, 35, 15)",houghCircle,0.779166667,43597625.43,32062566.5
"(np.float64(1.0), 250, 210, 35, 15)",houghCircle,0.779166667,39764307.49,30868209.5
"(np.float64(1.0), 260, 190, 35, 15)",houghCircle,0.779166667,40389633.64,32135643
"(np.float64(1.0), 260, 200, 35, 15)",houghCircle,0.779166667,41719170.23,31824494
"(np.float64(1.0), 260, 210, 35, 15)",houghCircle,0.779166667,42549870.36,31894405
"(np.float64(1.0), 270, 270, 35, 15)",houghCircle,0.779166667,38332518.87,30277251
"(np.float64(1.0), 270, 280, 35, 15)",houghCircle,0.779166667,44105505.58,31851896
"(np.float64(1.0), 280, 270, 35, 15)",houghCircle,0.779166667,38723631.32,29846264
"(np.float64(1.0), 280, 280, 35, 15)",houghCircle,0.779166667,38350784.96,30624027.5
"(np.float64(1.5), 100, 220, 30, 15)",houghCircle,0.779166667,42760004.09,31327553
"(np.float64(1.5), 100, 290, 35, 15)",houghCircle,0.779166667,43263324.88,30801538
"(np.float64(1.5), 110, 220, 30, 15)",houghCircle,0.779166667,44388366,31793345.5
"(np.float64(1.5), 110, 290, 35, 15)",houghCircle,0.779166667,43229901.55,31528734
"(np.float64(1.5), 120, 220, 30, 15)",houghCircle,0.779166667,43157372.78,31849391
"(np.float64(1.5), 120, 290, 35, 15)",houghCircle,0.779166667,42323471.2,30983846.5
"(np.float64(1.5), 130, 220, 30, 15)",houghCircle,0.779166667,45085253.59,32287378
"(np.float64(1.5), 130, 290, 35, 15)",houghCircle,0.779166667,42565385.79,30838795.5
"(np.float64(1.5), 140, 220, 30, 15)",houghCircle,0.779166667,42425052.54,31144127
"(np.float64(1.5), 140, 290, 35, 15)",houghCircle,0.779166667,38484854.63,29736636.5
"(np.float64(1.5), 150, 220, 30, 15)",houghCircle,0.779166667,50179807.96,39279867
"(np.float64(1.5), 150, 290, 35, 15)",houghCircle,0.779166667,37609160.11,29374623.5
"(np.float64(1.5), 160, 230, 30, 15)",houghCircle,0.779166667,41552802.46,31070286
"(np.float64(1.5), 160, 240, 30, 15)",houghCircle,0.779166667,40237241.93,30902114
"(np.float64(1.5), 160, 250, 30, 15)",houghCircle,0.779166667,41496887.06,31734776
"(np.float64(1.5), 160, 290, 35, 15)",houghCircle,0.779166667,40085682.65,30624298
"(np.float64(1.5), 170, 230, 30, 15)",houghCircle,0.779166667,40311064.78,30421311.5
"(np.float64(1.5), 170, 240, 30, 15)",houghCircle,0.779166667,49552497.52,39550885
"(np.float64(1.5), 170, 250, 30, 15)",houghCircle,0.779166667,41611050.83,30800832.5
"(np.float64(1.5), 170, 290, 35, 15)",houghCircle,0.779166667,40786967.86,29937935
"(np.float64(1.5), 180, 230, 30, 15)",houghCircle,0.779166667,42747926.74,32354498
"(np.float64(1.5), 180, 290, 35, 15)",houghCircle,0.779166667,42573715.2,30879546.5
"(np.float64(1.5), 190, 190, 35, 15)",houghCircle,0.779166667,47659747.17,36924342
"(np.float64(1.5), 190, 230, 30, 15)",houghCircle,0.779166667,39584650.14,30471266
"(np.float64(1.5), 190, 290, 35, 15)",houghCircle,0.779166667,43375358.31,31113389.5
"(np.float64(1.5), 200, 190, 35, 15)",houghCircle,0.779166667,42460761.7,31537281
"(np.float64(1.5), 200, 230, 30, 15)",houghCircle,0.779166667,41224687.04,31302300.5
"(np.float64(1.5), 200, 290, 35, 15)",houghCircle,0.779166667,38802765.75,30435148.5
"(np.float64(1.5), 210, 190, 35, 15)",houghCircle,0.779166667,41243999.06,31628956.5
"(np.float64(1.5), 210, 230, 30, 15)",houghCircle,0.779166667,48807898.58,37974893.5
"(np.float64(1.5), 210, 290, 35, 15)",houghCircle,0.779166667,42612494.95,30936143
"(np.float64(1.5), 220, 190, 35, 15)",houghCircle,0.779166667,43951108.69,32808049.5
"(np.float64(1.5), 220, 230, 30, 15)",houghCircle,0.779166667,41605735.25,30751561
"(np.float64(1.5), 220, 290, 35, 15)",houghCircle,0.779166667,42936432.33,31431262
"(np.float64(1.5), 230, 190, 35, 15)",houghCircle,0.779166667,43286094.78,32803917.5
"(np.float64(1.5), 230, 230, 30, 15)",houghCircle,0.779166667,41175976.3,31402993.5
"(np.float64(1.5), 230, 290, 35, 15)",houghCircle,0.779166667,42276423.6,30817249.5
"(np.float64(1.5), 240, 190, 35, 15)",houghCircle,0.779166667,41374198.86,31841306
"(np.float64(1.5), 240, 200, 35, 15)",houghCircle,0.779166667,43616470.34,32208493.5
"(np.float64(1.5), 240, 210, 35, 15)",houghCircle,0.779166667,45930626.76,34639110
"(np.float64(1.5), 250, 190, 35, 15)",houghCircle,0.779166667,40898894.3,31504729.5
"(np.float64(1.5), 250, 200, 35, 15)",houghCircle,0.779166667,43460602.37,32540957.5
"(np.float64(1.5), 250, 210, 35, 15)",houghCircle,0.779166667,41821583.76,31396482
"(np.float64(1.5), 260, 190, 35, 15)",houghCircle,0.779166667,40599705.87,31470595
"(np.float64(1.5), 260, 200, 35, 15)",houghCircle,0.779166667,43118212.01,31607957.5
"(np.float64(1.5), 260, 210, 35, 15)",houghCircle,0.779166667,42123060.88,31642723
"(np.float64(1.5), 270, 270, 35, 15)",houghCircle,0.779166667,40200121.59,30608321.5
"(np.float64(1.5), 270, 280, 35, 15)",houghCircle,0.779166667,39216600.44,30652916
"(np.float64(1.5), 280, 270, 35, 15)",houghCircle,0.779166667,42552618.86,31252762
"(np.float64(1.5), 280, 280, 35, 15)",houghCircle,0.779166667,38104951.45,30774339.5
"(np.float64(1.0), 100, 190, 35, 15)",houghCircle,0.777083333,44923028.16,34142869.5
"(np.float64(1.0), 100, 230, 30, 15)",houghCircle,0.777083333,42258056.84,31901263
"(np.float64(1.0), 100, 240, 30, 15)",houghCircle,0.777083333,45103511.36,32811595.5
"(np.float64(1.0), 100, 250, 30, 15)",houghCircle,0.777083333,55788594.95,41562318
"(np.float64(1.0), 110, 190, 35, 15)",houghCircle,0.777083333,44556714.49,31216383.5
"(np.float64(1.0), 110, 230, 30, 15)",houghCircle,0.777083333,41243200.49,31436967.5
"(np.float64(1.0), 110, 240, 30, 15)",houghCircle,0.777083333,39330405.54,31515569.5
"(np.float64(1.0), 110, 250, 30, 15)",houghCircle,0.777083333,40509421.94,31042988
"(np.float64(1.0), 120, 190, 35, 15)",houghCircle,0.777083333,52482074.73,41766651
"(np.float64(1.0), 120, 230, 30, 15)",houghCircle,0.777083333,41614012.25,31349914
"(np.float64(1.0), 120, 240, 30, 15)",houghCircle,0.777083333,42178837.92,31051283.5
"(np.float64(1.0), 120, 250, 30, 15)",houghCircle,0.777083333,40322098.15,31501800
"(np.float64(1.0), 130, 190, 35, 15)",houghCircle,0.777083333,41768220.2,31688684.5
"(np.float64(1.0), 130, 230, 30, 15)",houghCircle,0.777083333,41165766.71,31230254
"(np.float64(1.0), 130, 240, 30, 15)",houghCircle,0.777083333,41798419.51,31294319.5
"(np.float64(1.0), 130, 250, 30, 15)",houghCircle,0.777083333,41355176.22,31015566
"(np.float64(1.0), 140, 190, 35, 15)",houghCircle,0.777083333,53403367.19,41757349
"(np.float64(1.0), 140, 230, 30, 15)",houghCircle,0.777083333,39938994.22,31361541
"(np.float64(1.0), 140, 240, 30, 15)",houghCircle,0.777083333,39816288.1,30762962.5
"(np.float64(1.0), 140, 250, 30, 15)",houghCircle,0.777083333,41767058.5,31153902.5
"(np.float64(1.0), 150, 190, 35, 15)",houghCircle,0.777083333,42127851.65,31470966.5
"(np.float64(1.0), 150, 230, 30, 15)",houghCircle,0.777083333,40438388.87,30701127
"(np.float64(1.0), 150, 240, 30, 15)",houghCircle,0.777083333,40577241.59,31248787.5
"(np.float64(1.0), 150, 250, 30, 15)",houghCircle,0.777083333,36697144.09,30008216
"(np.float64(1.0), 160, 190, 35, 15)",houghCircle,0.777083333,39259466.14,31291830
"(np.float64(1.0), 170, 190, 35, 15)",houghCircle,0.777083333,42349643.33,31771249
"(np.float64(1.0), 180, 190, 35, 15)",houghCircle,0.777083333,40774507.4,30848734
"(np.float64(1.0), 190, 200, 35, 15)",houghCircle,0.777083333,43207451.54,33647584
"(np.float64(1.0), 190, 210, 35, 15)",houghCircle,0.777083333,41867843.09,30878054
"(np.float64(1.0), 200, 200, 35, 15)",houghCircle,0.777083333,52030788.29,41122302.5
"(np.float64(1.0), 200, 210, 35, 15)",houghCircle,0.777083333,42317284.03,31637497.5
"(np.float64(1.0), 210, 200, 35, 15)",houghCircle,0.777083333,43294431.88,32426238
"(np.float64(1.0), 210, 210, 35, 15)",houghCircle,0.777083333,41918628.36,30317772.5
"(np.float64(1.0), 220, 200, 35, 15)",houghCircle,0.777083333,40960389.95,30504137.5
"(np.float64(1.0), 220, 210, 35, 15)",houghCircle,0.777083333,40948047.35,30955878.5
"(np.float64(1.0), 230, 200, 35, 15)",houghCircle,0.777083333,41134709.96,31512719
"(np.float64(1.0), 230, 210, 35, 15)",houghCircle,0.777083333,42909582.09,32212907
"(np.float64(1.0), 240, 270, 35, 15)",houghCircle,0.777083333,36928589.01,30317502.5
"(np.float64(1.0), 240, 280, 35, 15)",houghCircle,0.777083333,39468776.16,29684740.5
"(np.float64(1.0), 250, 270, 35, 15)",houghCircle,0.777083333,40276388.2,30660581
"(np.float64(1.0), 250, 280, 35, 15)",houghCircle,0.777083333,38913167.25,30601124
"(np.float64(1.0), 260, 270, 35, 15)",houghCircle,0.777083333,42220455.21,30574413.5
"(np.float64(1.0), 260, 280, 35, 15)",houghCircle,0.777083333,40077353.29,29961354
"(np.float64(1.0), 270, 220, 35, 15)",houghCircle,0.777083333,54265670.38,41148577
"(np.float64(1.0), 270, 230, 35, 15)",houghCircle,0.777083333,39854680.65,30497390
"(np.float64(1.0), 270, 240, 35, 15)",houghCircle,0.777083333,41618151.75,30656402.5
"(np.float64(1.0), 270, 250, 35, 15)",houghCircle,0.777083333,41888328.19,30285657
"(np.float64(1.0), 270, 260, 35, 15)",houghCircle,0.777083333,42426476.19,30546176
"(np.float64(1.0), 280, 220, 35, 15)",houghCircle,0.777083333,42083369.81,31527892.5
"(np.float64(1.0), 280, 230, 35, 15)",houghCircle,0.777083333,42980368.76,31576230
"(np.float64(1.0), 280, 240, 35, 15)",houghCircle,0.777083333,41445894.91,31387629.5
"(np.float64(1.0), 280, 250, 35, 15)",houghCircle,0.777083333,43918881.69,31536960
"(np.float64(1.0), 280, 260, 35, 15)",houghCircle,0.777083333,39705220.7,30102898.5
"(np.float64(1.5), 100, 190, 35, 15)",houghCircle,0.777083333,43609638.4,31823838
"(np.float64(1.5), 100, 230, 30, 15)",houghCircle,0.777083333,42647706.42,31035850
"(np.float64(1.5), 100, 240, 30, 15)",houghCircle,0.777083333,45084106.2,31619724.5
"(np.float64(1.5), 100, 250, 30, 15)",houghCircle,0.777083333,41370451.8,31667219.5
"(np.float64(1.5), 110, 190, 35, 15)",houghCircle,0.777083333,39774436.16,31423097
"(np.float64(1.5), 110, 230, 30, 15)",houghCircle,0.777083333,41259955.99,30947684.5
"(np.float64(1.5), 110, 240, 30, 15)",houghCircle,0.777083333,40956563.13,31350349.5
"(np.float64(1.5), 110, 250, 30, 15)",houghCircle,0.777083333,42548674.86,31726841.5
"(np.float64(1.5), 120, 190, 35, 15)",houghCircle,0.777083333,42577382.02,32208634.5
"(np.float64(1.5), 120, 230, 30, 15)",houghCircle,0.777083333,37131336.63,29006066.5
"(np.float64(1.5), 120, 240, 30, 15)",houghCircle,0.777083333,40859204.2,30040377.5
"(np.float64(1.5), 120, 250, 30, 15)",houghCircle,0.777083333,47492905.51,37144655.5
"(np.float64(1.5), 130, 190, 35, 15)",houghCircle,0.777083333,40510958.91,31662259.5
"(np.float64(1.5), 130, 230, 30, 15)",houghCircle,0.777083333,39644365.26,30688182.5
"(np.float64(1.5), 130, 240, 30, 15)",houghCircle,0.777083333,38903808.21,30891989
"(np.float64(1.5), 130, 250, 30, 15)",houghCircle,0.777083333,40531650.07,30357086.5
"(np.float64(1.5), 140, 190, 35, 15)",houghCircle,0.777083333,42409681.02,32226343.5
"(np.float64(1.5), 140, 230, 30, 15)",houghCircle,0.777083333,40668368.78,31213889
"(np.float64(1.5), 140, 240, 30, 15)",houghCircle,0.777083333,41781623.52,30930862.5
"(np.float64(1.5), 140, 250, 30, 15)",houghCircle,0.777083333,41587378.54,30660040
"(np.float64(1.5), 150, 190, 35, 15)",houghCircle,0.777083333,45274093.82,34876067
"(np.float64(1.5), 150, 230, 30, 15)",houghCircle,0.777083333,38816395.84,30022879.5
"(np.float64(1.5), 150, 240, 30, 15)",houghCircle,0.777083333,41424501.98,31714082
"(np.float64(1.5), 150, 250, 30, 15)",houghCircle,0.777083333,42280882.8,30400147
"(np.float64(1.5), 160, 190, 35, 15)",houghCircle,0.777083333,44010020.24,32123446.5
"(np.float64(1.5), 170, 190, 35, 15)",houghCircle,0.777083333,37779093.96,31142661
"(np.float64(1.5), 180, 190, 35, 15)",houghCircle,0.777083333,50932636.99,40379884.5
"(np.float64(1.5), 190, 200, 35, 15)",houghCircle,0.777083333,38711717.1,30135035
"(np.float64(1.5), 190, 210, 35, 15)",houghCircle,0.777083333,42857329.84,31473480.5
"(np.float64(1.5), 200, 200, 35, 15)",houghCircle,0.777083333,40446866.33,31271116
"(np.float64(1.5), 200, 210, 35, 15)",houghCircle,0.777083333,40908970.6,30814379.5
"(np.float64(1.5), 210, 200, 35, 15)",houghCircle,0.777083333,51353693.84,39144150.5
"(np.float64(1.5), 210, 210, 35, 15)",houghCircle,0.777083333,43738270.39,32797138.5
"(np.float64(1.5), 220, 200, 35, 15)",houghCircle,0.777083333,39493879.11,31377261
"(np.float64(1.5), 220, 210, 35, 15)",houghCircle,0.777083333,40166912.27,31141726.5
"(np.float64(1.5), 230, 200, 35, 15)",houghCircle,0.777083333,42211565.63,31192990
"(np.float64(1.5), 230, 210, 35, 15)",houghCircle,0.777083333,43035851.1,31606844.5
"(np.float64(1.5), 240, 270, 35, 15)",houghCircle,0.777083333,42143855.9,31273154.5
"(np.float64(1.5), 240, 280, 35, 15)",houghCircle,0.777083333,42667415.45,30909904
"(np.float64(1.5), 250, 270, 35, 15)",houghCircle,0.777083333,41804948.42,30963183.5
"(np.float64(1.5), 250, 280, 35, 15)",houghCircle,0.777083333,40776675.28,31094239
"(np.float64(1.5), 260, 270, 35, 15)",houghCircle,0.777083333,40048760.11,30632191.5
"(np.float64(1.5), 260, 280, 35, 15)",houghCircle,0.777083333,43302749.76,30879140.5
"(np.float64(1.5), 270, 220, 35, 15)",houghCircle,0.777083333,49815308.84,38648641
"(np.float64(1.5), 270, 230, 35, 15)",houghCircle,0.777083333,48340105.94,37368415.5
"(np.float64(1.5), 270, 240, 35, 15)",houghCircle,0.777083333,42325780.19,31907404.5
"(np.float64(1.5), 270, 250, 35, 15)",houghCircle,0.777083333,40399758.43,30690592
"(np.float64(1.5), 270, 260, 35, 15)",houghCircle,0.777083333,42119805.15,30993545
"(np.float64(1.5), 280, 220, 35, 15)",houghCircle,0.777083333,40440079.75,30645357
"(np.float64(1.5), 280, 230, 35, 15)",houghCircle,0.777083333,40658353.05,30501352
"(np.float64(1.5), 280, 240, 35, 15)",houghCircle,0.777083333,38264576.37,30591024.5
"(np.float64(1.5), 280, 250, 35, 15)",houghCircle,0.777083333,46883909.64,37081066
"(np.float64(1.5), 280, 260, 35, 15)",houghCircle,0.777083333,40637154.88,30897640.5
"(np.float64(1.0), 100, 200, 35, 15)",houghCircle,0.775,40239437.64,31959607
"(np.float64(1.0), 100, 210, 35, 15)",houghCircle,0.775,47566557.3,33955978
"(np.float64(1.0), 100, 270, 35, 15)",houghCircle,0.775,43686826.46,31507530
"(np.float64(1.0), 100, 280, 35, 15)",houghCircle,0.775,42728599.6,31909078
"(np.float64(1.0), 110, 200, 35, 15)",houghCircle,0.775,40901863.98,31179579
"(np.float64(1.0), 110, 210, 35, 15)",houghCircle,0.775,43063445.68,31336518
"(np.float64(1.0), 110, 270, 35, 15)",houghCircle,0.775,40796531.07,30714522.5
"(np.float64(1.0), 110, 280, 35, 15)",houghCircle,0.775,41788994.23,30098651
"(np.float64(1.0), 120, 200, 35, 15)",houghCircle,0.775,40428417.38,31940622
"(np.float64(1.0), 120, 210, 35, 15)",houghCircle,0.775,53823928.48,40978397
"(np.float64(1.0), 120, 270, 35, 15)",houghCircle,0.775,38586438.22,29647125
"(np.float64(1.0), 120, 280, 35, 15)",houghCircle,0.775,49845137.46,39031314.5
"(np.float64(1.0), 130, 200, 35, 15)",houghCircle,0.775,41280084.6,31504895
"(np.float64(1.0), 130, 210, 35, 15)",houghCircle,0.775,56500065.57,41581013
"(np.float64(1.0), 130, 270, 35, 15)",houghCircle,0.775,41116286.01,31016278.5
"(np.float64(1.0), 130, 280, 35, 15)",houghCircle,0.775,41045060.86,30231008.5
"(np.float64(1.0), 140, 200, 35, 15)",houghCircle,0.775,42748329.98,31140888
"(np.float64(1.0), 140, 210, 35, 15)",houghCircle,0.775,44017419.62,32144309
"(np.float64(1.0), 140, 270, 35, 15)",houghCircle,0.775,41896471.02,31808284
"(np.float64(1.0), 140, 280, 35, 15)",houghCircle,0.775,38280824.28,30417945.5
"(np.float64(1.0), 150, 200, 35, 15)",houghCircle,0.775,40653359.2,31055953
"(np.float64(1.0), 150, 210, 35, 15)",houghCircle,0.775,40510821.92,32235184.5
"(np.float64(1.0), 150, 270, 35, 15)",houghCircle,0.775,38757870.91,30371548
"(np.float64(1.0), 150, 280, 35, 15)",houghCircle,0.775,39503926.25,31271922
"(np.float64(1.0), 160, 200, 35, 15)",houghCircle,0.775,42754516.75,32501819.5
"(np.float64(1.0), 160, 210, 35, 15)",houghCircle,0.775,43200182.89,32163936.5
"(np.float64(1.0), 160, 270, 35, 15)",houghCircle,0.775,41160104.11,31092476
"(np.float64(1.0), 160, 280, 35, 15)",houghCircle,0.775,39567427.2,30044675
"(np.float64(1.0), 170, 200, 35, 15)",houghCircle,0.775,40393192.97,30884010.5
"(np.float64(1.0), 170, 210, 35, 15)",houghCircle,0.775,43384281.27,31386301.5
"(np.float64(1.0), 170, 270, 35, 15)",houghCircle,0.775,43033552.15,31301292.5
"(np.float64(1.0), 170, 280, 35, 15)",houghCircle,0.775,41217558.8,30377750
"(np.float64(1.0), 180, 200, 35, 15)",houghCircle,0.775,43909380.64,32158602.5
"(np.float64(1.0), 180, 210, 35, 15)",houghCircle,0.775,39980903.47,31285237.5
"(np.float64(1.0), 180, 270, 35, 15)",houghCircle,0.775,41844831.39,30250887
"(np.float64(1.0), 180, 280, 35, 15)",houghCircle,0.775,38732283.81,30880057.5
"(np.float64(1.0), 190, 270, 35, 15)",houghCircle,0.775,40996713.48,30006363
"(np.float64(1.0), 190, 280, 35, 15)",houghCircle,0.775,38911903.45,31124470.5
"(np.float64(1.0), 200, 270, 35, 15)",houghCircle,0.775,39604596.57,30620165.5
"(np.float64(1.0), 200, 280, 35, 15)",houghCircle,0.775,39397788.99,30251780
"(np.float64(1.0), 210, 270, 35, 15)",houghCircle,0.775,39408250.28,30335777
"(np.float64(1.0), 210, 280, 35, 15)",houghCircle,0.775,39717709.35,30229817.5
"(np.float64(1.0), 220, 270, 35, 15)",houghCircle,0.775,43792226.95,31382319.5
"(np.float64(1.0), 220, 280, 35, 15)",houghCircle,0.775,40106886.71,30614719
"(np.float64(1.0), 230, 270, 35, 15)",houghCircle,0.775,39900186.75,30335114.5
"(np.float64(1.0), 230, 280, 35, 15)",houghCircle,0.775,40852856.37,30136812.5
"(np.float64(1.0), 240, 220, 35, 15)",houghCircle,0.775,42126062.9,31608239
"(np.float64(1.0), 240, 230, 35, 15)",houghCircle,0.775,40325151.42,30383366
"(np.float64(1.0), 240, 240, 35, 15)",houghCircle,0.775,42269604.35,31359276.5
"(np.float64(1.0), 240, 250, 35, 15)",houghCircle,0.775,42290627.61,31398144
"(np.float64(1.0), 240, 260, 35, 15)",houghCircle,0.775,40681507.02,30329338.5
"(np.float64(1.0), 250, 220, 35, 15)",houghCircle,0.775,43460357.16,32307180
"(np.float64(1.0), 250, 230, 35, 15)",houghCircle,0.775,40570769.48,31303527
"(np.float64(1.0), 250, 240, 35, 15)",houghCircle,0.775,42299507.48,30724440.5
"(np.float64(1.0), 250, 250, 35, 15)",houghCircle,0.775,43443740.36,31949473
"(np.float64(1.0), 250, 260, 35, 15)",houghCircle,0.775,39693250.02,30491879
"(np.float64(1.0), 260, 220, 35, 15)",houghCircle,0.775,41086419.82,31185791
"(np.float64(1.0), 260, 230, 35, 15)",houghCircle,0.775,43865201.92,31294360
"(np.float64(1.0), 260, 240, 35, 15)",houghCircle,0.775,42651821.55,31650051
"(np.float64(1.0), 260, 250, 35, 15)",houghCircle,0.775,40534429.23,30989459
"(np.float64(1.0), 260, 260, 35, 15)",houghCircle,0.775,40269775.16,32044888
"(np.float64(1.5), 100, 200, 35, 15)",houghCircle,0.775,39216060.62,31022118.5
"(np.float64(1.5), 100, 210, 35, 15)",houghCircle,0.775,43922681.39,32137735.5
"(np.float64(1.5), 100, 270, 35, 15)",houghCircle,0.775,38157772.84,30846024
"(np.float64(1.5), 100, 280, 35, 15)",houghCircle,0.775,40138837.34,31031942.5
"(np.float64(1.5), 110, 200, 35, 15)",houghCircle,0.775,41116530.85,30257528
"(np.float64(1.5), 110, 210, 35, 15)",houghCircle,0.775,39765208.52,31049876
"(np.float64(1.5), 110, 270, 35, 15)",houghCircle,0.775,44261759.26,31644762.5
"(np.float64(1.5), 110, 280, 35, 15)",houghCircle,0.775,40345927.68,30842371.5
"(np.float64(1.5), 120, 200, 35, 15)",houghCircle,0.775,41028724.26,31622686
"(np.float64(1.5), 120, 210, 35, 15)",houghCircle,0.775,41901700.8,31975102
"(np.float64(1.5), 120, 270, 35, 15)",houghCircle,0.775,42268411.72,30964240.5
"(np.float64(1.5), 120, 280, 35, 15)",houghCircle,0.775,41478451.76,31148511.5
"(np.float64(1.5), 130, 200, 35, 15)",houghCircle,0.775,41126674.37,32029298.5
"(np.float64(1.5), 130, 210, 35, 15)",houghCircle,0.775,41365169.88,31669655.5
"(np.float64(1.5), 130, 270, 35, 15)",houghCircle,0.775,41381945.11,31143181
"(np.float64(1.5), 130, 280, 35, 15)",houghCircle,0.775,38775275.73,29806148.5
"(np.float64(1.5), 140, 200, 35, 15)",houghCircle,0.775,42774341.14,32082948.5
"(np.float64(1.5), 140, 210, 35, 15)",houghCircle,0.775,43810106.7,30968463.5
"(np.float64(1.5), 140, 270, 35, 15)",houghCircle,0.775,49315258.81,36417701
"(np.float64(1.5), 140, 280, 35, 15)",houghCircle,0.775,42066401.73,31801291.5
"(np.float64(1.5), 150, 200, 35, 15)",houghCircle,0.775,42301331.6,32349639.5
"(np.float64(1.5), 150, 210, 35, 15)",houghCircle,0.775,44080379.95,32438561.5
"(np.float64(1.5), 150, 270, 35, 15)",houghCircle,0.775,40492083.7,30683534.5
"(np.float64(1.5), 150, 280, 35, 15)",houghCircle,0.775,39238324.94,30583140
"(np.float64(1.5), 160, 200, 35, 15)",houghCircle,0.775,41340181.2,32324768.5
"(np.float64(1.5), 160, 210, 35, 15)",houghCircle,0.775,40973839.51,30863977
"(np.float64(1.5), 160, 270, 35, 15)",houghCircle,0.775,41800025.12,31289215.5
"(np.float64(1.5), 160, 280, 35, 15)",houghCircle,0.775,41193652.76,30722667.5
"(np.float64(1.5), 170, 200, 35, 15)",houghCircle,0.775,40612733.88,31110109.5
"(np.float64(1.5), 170, 210, 35, 15)",houghCircle,0.775,42606908.79,31767918.5
"(np.float64(1.5), 170, 270, 35, 15)",houghCircle,0.775,41566401.22,30855386.5
"(np.float64(1.5), 170, 280, 35, 15)",houghCircle,0.775,42006261.92,30814604.5
"(np.float64(1.5), 180, 200, 35, 15)",houghCircle,0.775,44355274.26,32611185
"(np.float64(1.5), 180, 210, 35, 15)",houghCircle,0.775,39544522.62,31007185.5
"(np.float64(1.5), 180, 270, 35, 15)",houghCircle,0.775,42954293.69,31065790.5
"(np.float64(1.5), 180, 280, 35, 15)",houghCircle,0.775,42039379.36,31338082
"(np.float64(1.5), 190, 270, 35, 15)",houghCircle,0.775,40803125.57,30886800
"(np.float64(1.5), 190, 280, 35, 15)",houghCircle,0.775,41572014.68,30264618
"(np.float64(1.5), 200, 270, 35, 15)",houghCircle,0.775,39778244.3,30862143.5
"(np.float64(1.5), 200, 280, 35, 15)",houghCircle,0.775,40143100.7,30435284
"(np.float64(1.5), 210, 270, 35, 15)",houghCircle,0.775,40811240.51,30009238.5
"(np.float64(1.5), 210, 280, 35, 15)",houghCircle,0.775,38181459.36,30546812.5
"(np.float64(1.5), 220, 270, 35, 15)",houghCircle,0.775,44293387.36,30936569
"(np.float64(1.5), 220, 280, 35, 15)",houghCircle,0.775,43094429.44,31349093.5
"(np.float64(1.5), 230, 270, 35, 15)",houghCircle,0.775,38036982.01,30186461
"(np.float64(1.5), 230, 280, 35, 15)",houghCircle,0.775,38555196.23,29539527
"(np.float64(1.5), 240, 220, 35, 15)",houghCircle,0.775,40337960.3,31024854.5
"(np.float64(1.5), 240, 230, 35, 15)",houghCircle,0.775,41347422.51,31695817.5
"(np.float64(1.5), 240, 240, 35, 15)",houghCircle,0.775,42585964.76,30859619
"(np.float64(1.5), 240, 250, 35, 15)",houghCircle,0.775,48838015.69,37626129
"(np.float64(1.5), 240, 260, 35, 15)",houghCircle,0.775,37587824.62,29976912
"(np.float64(1.5), 250, 220, 35, 15)",houghCircle,0.775,41953717.5,31299143.5
"(np.float64(1.5), 250, 230, 35, 15)",houghCircle,0.775,49279143.21,37439809.5
"(np.float64(1.5), 250, 240, 35, 15)",houghCircle,0.775,42507604.29,30623896.5
"(np.float64(1.5), 250, 250, 35, 15)",houghCircle,0.775,47948223.86,37698934
"(np.float64(1.5), 250, 260, 35, 15)",houghCircle,0.775,42231746.6,30517332
"(np.float64(1.5), 260, 220, 35, 15)",houghCircle,0.775,48582019.18,38375685
"(np.float64(1.5), 260, 230, 35, 15)",houghCircle,0.775,41328054.64,31266161.5
"(np.float64(1.5), 260, 240, 35, 15)",houghCircle,0.775,46624193.49,37253004
"(np.float64(1.5), 260, 250, 35, 15)",houghCircle,0.775,42529700.54,31571674.5
"(np.float64(1.5), 260, 260, 35, 15)",houghCircle,0.775,39130457.09,30453787.5
"(np.float64(1.0), 190, 220, 35, 15)",houghCircle,0.772916667,41975033.45,31517333
"(np.float64(1.0), 190, 230, 35, 15)",houghCircle,0.772916667,40021682.72,31054504
"(np.float64(1.0), 190, 240, 35, 15)",houghCircle,0.772916667,41836404.27,30562807
"(np.float64(1.0), 190, 250, 35, 15)",houghCircle,0.772916667,38377749.66,30358368.5
"(np.float64(1.0), 190, 260, 35, 15)",houghCircle,0.772916667,41019374.7,31318981
"(np.float64(1.0), 200, 220, 35, 15)",houghCircle,0.772916667,41601247.03,31309537.5
"(np.float64(1.0), 200, 230, 35, 15)",houghCircle,0.772916667,42437962.58,30991065.5
"(np.float64(1.0), 200, 240, 35, 15)",houghCircle,0.772916667,42394437.44,31344745.5
"(np.float64(1.0), 200, 250, 35, 15)",houghCircle,0.772916667,37900699.55,30562987.5
"(np.float64(1.0), 200, 260, 35, 15)",houghCircle,0.772916667,42034633.58,30890375.5
"(np.float64(1.0), 210, 220, 35, 15)",houghCircle,0.772916667,44006945.77,31081982
"(np.float64(1.0), 210, 230, 35, 15)",houghCircle,0.772916667,39691229.75,30140048.5
"(np.float64(1.0), 210, 240, 35, 15)",houghCircle,0.772916667,39033619.47,30345193.5
"(np.float64(1.0), 210, 250, 35, 15)",houghCircle,0.772916667,41326480.34,30864668
"(np.float64(1.0), 210, 260, 35, 15)",houghCircle,0.772916667,38937508.25,30460790.5
"(np.float64(1.0), 220, 220, 35, 15)",houghCircle,0.772916667,40246129.62,31478269.5
"(np.float64(1.0), 220, 230, 35, 15)",houghCircle,0.772916667,47777092.28,34879350.5
"(np.float64(1.0), 220, 240, 35, 15)",houghCircle,0.772916667,42917822.89,31401474.5
"(np.float64(1.0), 220, 250, 35, 15)",houghCircle,0.772916667,54161423.83,41029853
"(np.float64(1.0), 220, 260, 35, 15)",houghCircle,0.772916667,43663861.69,31338102
"(np.float64(1.0), 230, 220, 35, 15)",houghCircle,0.772916667,40986256.99,31787825
"(np.float64(1.0), 230, 230, 35, 15)",houghCircle,0.772916667,41694984.81,31005503
"(np.float64(1.0), 230, 240, 35, 15)",houghCircle,0.772916667,42008067.56,31302796
"(np.float64(1.0), 230, 250, 35, 15)",houghCircle,0.772916667,39788939.38,30946968.5
"(np.float64(1.0), 230, 260, 35, 15)",houghCircle,0.772916667,41202716.18,30956190
"(np.float64(1.5), 190, 220, 35, 15)",houghCircle,0.772916667,41401512.54,31781433.5
"(np.float64(1.5), 190, 230, 35, 15)",houghCircle,0.772916667,44203935.9,31922318
"(np.float64(1.5), 190, 240, 35, 15)",houghCircle,0.772916667,41118895.7,30394947
"(np.float64(1.5), 190, 250, 35, 15)",houghCircle,0.772916667,40287109.91,31336739.5
"(np.float64(1.5), 190, 260, 35, 15)",houghCircle,0.772916667,40880565.33,30403188
"(np.float64(1.5), 200, 220, 35, 15)",houghCircle,0.772916667,40853271.02,32172948
"(np.float64(1.5), 200, 230, 35, 15)",houghCircle,0.772916667,39038303.29,30418056
"(np.float64(1.5), 200, 240, 35, 15)",houghCircle,0.772916667,42186031.69,31609085
"(np.float64(1.5), 200, 250, 35, 15)",houghCircle,0.772916667,42686443.61,31344142.5
"(np.float64(1.5), 200, 260, 35, 15)",houghCircle,0.772916667,41599851.18,32280084
"(np.float64(1.5), 210, 220, 35, 15)",houghCircle,0.772916667,41690948.89,31677583
"(np.float64(1.5), 210, 230, 35, 15)",houghCircle,0.772916667,40193374.09,31530748.5
"(np.float64(1.5), 210, 240, 35, 15)",houghCircle,0.772916667,39959052.27,30420410
"(np.float64(1.5), 210, 250, 35, 15)",houghCircle,0.772916667,43825343.69,31790180
"(np.float64(1.5), 210, 260, 35, 15)",houghCircle,0.772916667,40047480.27,30163853.5
"(np.float64(1.5), 220, 220, 35, 15)",houghCircle,0.772916667,41320880.65,31604192
"(np.float64(1.5), 220, 230, 35, 15)",houghCircle,0.772916667,41590269.58,31133261.5
"(np.float64(1.5), 220, 240, 35, 15)",houghCircle,0.772916667,40748726.33,31930584
"(np.float64(1.5), 220, 250, 35, 15)",houghCircle,0.772916667,43924319.8,31871768
"(np.float64(1.5), 220, 260, 35, 15)",houghCircle,0.772916667,48168885.2,37595475.5
"(np.float64(1.5), 230, 220, 35, 15)",houghCircle,0.772916667,42024793.46,31509087.5
"(np.float64(1.5), 230, 230, 35, 15)",houghCircle,0.772916667,40092662.69,30784974
"(np.float64(1.5), 230, 240, 35, 15)",houghCircle,0.772916667,40556450.02,32229018
"(np.float64(1.5), 230, 250, 35, 15)",houghCircle,0.772916667,39693831.5,31597518
"(np.float64(1.5), 230, 260, 35, 15)",houghCircle,0.772916667,39163108.07,31306287
"(np.float64(1.0), 100, 220, 35, 15)",houghCircle,0.770833333,42645842.85,32970954.5
"(np.float64(1.0), 100, 230, 35, 15)",houghCircle,0.770833333,41497452.4,32072459.5
"(np.float64(1.0), 100, 240, 35, 15)",houghCircle,0.770833333,44139598.38,34189275.5
"(np.float64(1.0), 100, 250, 35, 15)",houghCircle,0.770833333,40321365.11,32283044.5
"(np.float64(1.0), 100, 260, 35, 15)",houghCircle,0.770833333,40662300.7,31566855.5
"(np.float64(1.0), 110, 220, 35, 15)",houghCircle,0.770833333,38031645.01,31495211.5
"(np.float64(1.0), 110, 230, 35, 15)",houghCircle,0.770833333,39416588.7,30294348.5
"(np.float64(1.0), 110, 240, 35, 15)",houghCircle,0.770833333,40226839.35,30233248
"(np.float64(1.0), 110, 250, 35, 15)",houghCircle,0.770833333,41917622.86,30729704.5
"(np.float64(1.0), 110, 260, 35, 15)",houghCircle,0.770833333,40328482.17,30295840.5
"(np.float64(1.0), 120, 220, 35, 15)",houghCircle,0.770833333,41340015.14,31150926
"(np.float64(1.0), 120, 230, 35, 15)",houghCircle,0.770833333,39850149.92,30432923
"(np.float64(1.0), 120, 240, 35, 15)",houghCircle,0.770833333,53811960.66,41091574.5
"(np.float64(1.0), 120, 250, 35, 15)",houghCircle,0.770833333,39669196.11,31177125
"(np.float64(1.0), 120, 260, 35, 15)",houghCircle,0.770833333,39847237.39,30601489
"(np.float64(1.0), 130, 220, 35, 15)",houghCircle,0.770833333,38943173.26,29425023
"(np.float64(1.0), 130, 230, 35, 15)",houghCircle,0.770833333,42059189.04,31525242.5
"(np.float64(1.0), 130, 240, 35, 15)",houghCircle,0.770833333,39286358.22,30439007
"(np.float64(1.0), 130, 250, 35, 15)",houghCircle,0.770833333,39864979.99,30686895
"(np.float64(1.0), 130, 260, 35, 15)",houghCircle,0.770833333,50986519.2,39450045.5
"(np.float64(1.0), 140, 220, 35, 15)",houghCircle,0.770833333,44047498.09,31870409
"(np.float64(1.0), 140, 230, 35, 15)",houghCircle,0.770833333,43629969.24,32254275.5
"(np.float64(1.0), 140, 240, 35, 15)",houghCircle,0.770833333,39724224.66,30270208.5
"(np.float64(1.0), 140, 250, 35, 15)",houghCircle,0.770833333,41306452.25,31233130
"(np.float64(1.0), 140, 260, 35, 15)",houghCircle,0.770833333,39571385.02,30694679.5
"(np.float64(1.0), 150, 220, 35, 15)",houghCircle,0.770833333,41015763.92,31204160
"(np.float64(1.0), 150, 230, 35, 15)",houghCircle,0.770833333,42852027.87,31640214
"(np.float64(1.0), 150, 240, 35, 15)",houghCircle,0.770833333,38462459.1,30790474.5
"(np.float64(1.0), 150, 250, 35, 15)",houghCircle,0.770833333,48661065.96,38207028
"(np.float64(1.0), 150, 260, 35, 15)",houghCircle,0.770833333,41609518.7,30845657
"(np.float64(1.0), 160, 220, 35, 15)",houghCircle,0.770833333,42863639.37,31600053
"(np.float64(1.0), 160, 230, 35, 15)",houghCircle,0.770833333,41355403.18,31379339.5
"(np.float64(1.0), 160, 240, 35, 15)",houghCircle,0.770833333,40603669.44,30837398
"(np.float64(1.0), 160, 250, 35, 15)",houghCircle,0.770833333,40158400.2,31414309
"(np.float64(1.0), 160, 260, 35, 15)",houghCircle,0.770833333,41489489.76,30637286.5
"(np.float64(1.0), 170, 220, 35, 15)",houghCircle,0.770833333,41129477.51,30735186.5
"(np.float64(1.0), 170, 230, 35, 15)",houghCircle,0.770833333,40672135.31,31215116
"(np.float64(1.0), 170, 240, 35, 15)",houghCircle,0.770833333,42792558.5,31319697.5
"(np.float64(1.0), 170, 250, 35, 15)",houghCircle,0.770833333,41323827.47,29884244
"(np.float64(1.0), 170, 260, 35, 15)",houghCircle,0.770833333,41925731.4,31272904.5
"(np.float64(1.0), 180, 220, 35, 15)",houghCircle,0.770833333,40131582.07,30813768
"(np.float64(1.0), 180, 230, 35, 15)",houghCircle,0.770833333,39402887.77,29862673
"(np.float64(1.0), 180, 240, 35, 15)",houghCircle,0.770833333,40517963.91,31092359
"(np.float64(1.0), 180, 250, 35, 15)",houghCircle,0.770833333,41824678.08,30843729
"(np.float64(1.0), 180, 260, 35, 15)",houghCircle,0.770833333,40763560.95,30433920.5
"(np.float64(1.5), 100, 220, 35, 15)",houghCircle,0.770833333,48130863.69,36777646.5
"(np.float64(1.5), 100, 230, 35, 15)",houghCircle,0.770833333,42806398.43,30556835.5
"(np.float64(1.5), 100, 240, 35, 15)",houghCircle,0.770833333,41309881.63,31545145.5
"(np.float64(1.5), 100, 250, 35, 15)",houghCircle,0.770833333,38779993.75,31949379
"(np.float64(1.5), 100, 260, 35, 15)",houghCircle,0.770833333,41944003.78,30978367
"(np.float64(1.5), 110, 220, 35, 15)",houghCircle,0.770833333,40099687.59,30843764.5
"(np.float64(1.5), 110, 230, 35, 15)",houghCircle,0.770833333,40746406.35,31344509
"(np.float64(1.5), 110, 240, 35, 15)",houghCircle,0.770833333,39430307.28,30616127
"(np.float64(1.5), 110, 250, 35, 15)",houghCircle,0.770833333,43754753.38,30623114.5
"(np.float64(1.5), 110, 260, 35, 15)",houghCircle,0.770833333,43815443.52,32197043.5
"(np.float64(1.5), 120, 220, 35, 15)",houghCircle,0.770833333,42408607.88,32498243
"(np.float64(1.5), 120, 230, 35, 15)",houghCircle,0.770833333,42134756,31763483.5
"(np.float64(1.5), 120, 240, 35, 15)",houghCircle,0.770833333,41613831.97,30540632
"(np.float64(1.5), 120, 250, 35, 15)",houghCircle,0.770833333,38451954.79,30464472.5
"(np.float64(1.5), 120, 260, 35, 15)",houghCircle,0.770833333,41792011.8,31218131.5
"(np.float64(1.5), 130, 220, 35, 15)",houghCircle,0.770833333,39994766.83,30479806.5
"(np.float64(1.5), 130, 230, 35, 15)",houghCircle,0.770833333,47743689.7,37151698
"(np.float64(1.5), 130, 240, 35, 15)",houghCircle,0.770833333,40393259.89,31026535.5
"(np.float64(1.5), 130, 250, 35, 15)",houghCircle,0.770833333,43128254.15,31861068
"(np.float64(1.5), 130, 260, 35, 15)",houghCircle,0.770833333,40362403.04,30870249
"(np.float64(1.5), 140, 220, 35, 15)",houghCircle,0.770833333,39031121.46,31140721
"(np.float64(1.5), 140, 230, 35, 15)",houghCircle,0.770833333,41064695.33,31154437
"(np.float64(1.5), 140, 240, 35, 15)",houghCircle,0.770833333,40121845.94,30982515
"(np.float64(1.5), 140, 250, 35, 15)",houghCircle,0.770833333,40553062.26,31298032
"(np.float64(1.5), 140, 260, 35, 15)",houghCircle,0.770833333,39417833.72,30882001.5
"(np.float64(1.5), 150, 220, 35, 15)",houghCircle,0.770833333,41151619.24,31024999.5
"(np.float64(1.5), 150, 230, 35, 15)",houghCircle,0.770833333,38805370.08,30525503
"(np.float64(1.5), 150, 240, 35, 15)",houghCircle,0.770833333,41686088.2,32046731
"(np.float64(1.5), 150, 250, 35, 15)",houghCircle,0.770833333,39693703.35,31178006
"(np.float64(1.5), 150, 260, 35, 15)",houghCircle,0.770833333,43395867.45,32059179
"(np.float64(1.5), 160, 220, 35, 15)",houghCircle,0.770833333,42259057.97,31423678.5
"(np.float64(1.5), 160, 230, 35, 15)",houghCircle,0.770833333,43922686.27,31025996
"(np.float64(1.5), 160, 240, 35, 15)",houghCircle,0.770833333,42205611.65,32036878.5
"(np.float64(1.5), 160, 250, 35, 15)",houghCircle,0.770833333,41214648.06,30317252.5
"(np.float64(1.5), 160, 260, 35, 15)",houghCircle,0.770833333,40119943.71,30192923
"(np.float64(1.5), 170, 220, 35, 15)",houghCircle,0.770833333,37664335.74,30192297
"(np.float64(1.5), 170, 230, 35, 15)",houghCircle,0.770833333,41876496.38,31223021.5
"(np.float64(1.5), 170, 240, 35, 15)",houghCircle,0.770833333,40585632.51,30460876
"(np.float64(1.5), 170, 250, 35, 15)",houghCircle,0.770833333,45151640.78,31806450.5
"(np.float64(1.5), 170, 260, 35, 15)",houghCircle,0.770833333,43697253.98,30951942
"(np.float64(1.5), 180, 220, 35, 15)",houghCircle,0.770833333,42207125.23,30777770.5
"(np.float64(1.5), 180, 230, 35, 15)",houghCircle,0.770833333,51700885.78,39607584.5
"(np.float64(1.5), 180, 240, 35, 15)",houghCircle,0.770833333,39938560.4,30863601.5
"(np.float64(1.5), 180, 250, 35, 15)",houghCircle,0.770833333,40903119.51,31146126.5
"(np.float64(1.5), 180, 260, 35, 15)",houghCircle,0.770833333,39865743.74,30376468
"(np.float64(1.0), 290, 120, 30, 15)",houghCircle,0.758333333,45172483.57,34615024.5
"(np.float64(1.0), 290, 130, 30, 15)",houghCircle,0.758333333,40315165.95,33290945
"(np.float64(1.5), 290, 120, 30, 15)",houghCircle,0.758333333,46345788.84,35197783
"(np.float64(1.5), 290, 130, 30, 15)",houghCircle,0.758333333,43990588.13,33680265.5
"(np.float64(1.0), 290, 100, 30, 15)",houghCircle,0.75625,43979472.93,35301231.5
"(np.float64(1.5), 290, 100, 30, 15)",houghCircle,0.75625,46410869.29,36236556
"(np.float64(1.0), 290, 110, 30, 15)",houghCircle,0.752083333,41277499.11,34472732.5
"(np.float64(1.0), 290, 140, 30, 15)",houghCircle,0.752083333,43101509.95,33523477
"(np.float64(1.0), 290, 150, 30, 15)",houghCircle,0.752083333,50618995.34,40006644
"(np.float64(1.0), 290, 160, 30, 15)",houghCircle,0.752083333,50071783.31,38896071
"(np.float64(1.5), 290, 110, 30, 15)",houghCircle,0.752083333,44385321.59,35964881.5
"(np.float64(1.5), 290, 140, 30, 15)",houghCircle,0.752083333,44505911.56,33159085
"(np.float64(1.5), 290, 150, 30, 15)",houghCircle,0.752083333,42605509.99,32342686.5
"(np.float64(1.5), 290, 160, 30, 15)",houghCircle,0.752083333,41374091.87,32959503.5
"(np.float64(1.0), 290, 100, 35, 15)",houghCircle,0.75,52539587.12,43405856
"(np.float64(1.0), 290, 170, 30, 15)",houghCircle,0.75,42205094.2,32510580.5
"(np.float64(1.5), 290, 100, 35, 15)",houghCircle,0.75,43390765.21,35158585.5
"(np.float64(1.5), 290, 170, 30, 15)",houghCircle,0.75,42935197.55,33003551
"(np.float64(1.0), 290, 110, 35, 15)",houghCircle,0.745833333,44742834.08,35018997.5
"(np.float64(1.5), 290, 110, 35, 15)",houghCircle,0.745833333,46205406.66,35192332.5
"(np.float64(1.0), 280, 100, 35, 10)",houghCircle,0.74375,46978038.45,37737548
"(np.float64(1.0), 280, 120, 35, 10)",houghCircle,0.74375,45715028.84,35862820.5
"(np.float64(1.0), 290, 180, 30, 15)",houghCircle,0.74375,42598226.45,32186092
"(np.float64(1.5), 280, 100, 35, 10)",houghCircle,0.74375,45015545.84,35788135.5
"(np.float64(1.5), 280, 120, 35, 10)",houghCircle,0.74375,44295018.92,34741666.5
"(np.float64(1.5), 290, 180, 30, 15)",houghCircle,0.74375,43216827.26,32571350.5
"(np.float64(1.0), 260, 100, 35, 10)",houghCircle,0.741666667,43969283.19,35891158
"(np.float64(1.0), 270, 100, 35, 10)",houghCircle,0.741666667,46467849.96,36692361
"(np.float64(1.0), 280, 110, 35, 10)",houghCircle,0.741666667,44730413.24,36310325
"(np.float64(1.5), 260, 100, 35, 10)",houghCircle,0.741666667,56041155.93,45059027
"(np.float64(1.5), 270, 100, 35, 10)",houghCircle,0.741666667,46204434.41,36676005
"(np.float64(1.5), 280, 110, 35, 10)",houghCircle,0.741666667,46684995.19,35363528.5
"(np.float64(1.0), 250, 100, 35, 10)",houghCircle,0.739583333,48287711.83,37605770.5
"(np.float64(1.0), 250, 110, 35, 10)",houghCircle,0.739583333,44649434.53,36010617.5
"(np.float64(1.0), 250, 120, 35, 10)",houghCircle,0.739583333,43261026.9,34655936.5
"(np.float64(1.0), 260, 110, 35, 10)",houghCircle,0.739583333,45246269.66,35869733.5
"(np.float64(1.0), 260, 120, 35, 10)",houghCircle,0.739583333,45583566.84,34792332
"(np.float64(1.0), 270, 110, 35, 10)",houghCircle,0.739583333,45627515.52,36720504.5
"(np.float64(1.0), 270, 120, 35, 10)",houghCircle,0.739583333,44170407.46,34874356
"(np.float64(1.0), 280, 280, 35, 10)",houghCircle,0.739583333,41849870.66,31008763.5
"(np.float64(1.0), 280, 290, 35, 10)",houghCircle,0.739583333,43225481.28,32086094
"(np.float64(1.0), 290, 120, 35, 15)",houghCircle,0.739583333,45351759.46,35537255
"(np.float64(1.5), 250, 100, 35, 10)",houghCircle,0.739583333,46875897.49,36621257
"(np.float64(1.5), 250, 110, 35, 10)",houghCircle,0.739583333,44390977.19,34982884.5
"(np.float64(1.5), 250, 120, 35, 10)",houghCircle,0.739583333,45641676.2,35582714.5
"(np.float64(1.5), 260, 110, 35, 10)",houghCircle,0.739583333,43551040.96,36261633
"(np.float64(1.5), 260, 120, 35, 10)",houghCircle,0.739583333,52433161.97,43890625
"(np.float64(1.5), 270, 110, 35, 10)",houghCircle,0.739583333,45118772.5,36301053
"(np.float64(1.5), 270, 120, 35, 10)",houghCircle,0.739583333,45598722.18,36328278
"(np.float64(1.5), 280, 280, 35, 10)",houghCircle,0.739583333,40703775.92,31459630
"(np.float64(1.5), 280, 290, 35, 10)",houghCircle,0.739583333,40568559.45,31034302
"(np.float64(1.5), 290, 120, 35, 15)",houghCircle,0.739583333,42864156.92,34842104
"(np.float64(1.0), 270, 280, 35, 10)",houghCircle,0.7375,41025191.44,30850131
"(np.float64(1.0), 270, 290, 35, 10)",houghCircle,0.7375,41849274.12,31929301
"(np.float64(1.0), 280, 130, 35, 10)",houghCircle,0.7375,46350442.33,35174568.5
"(np.float64(1.0), 280, 170, 30, 10)",houghCircle,0.7375,40314524.42,32278155
"(np.float64(1.0), 280, 180, 30, 10)",houghCircle,0.7375,39495913.26,31730748
"(np.float64(1.5), 270, 280, 35, 10)",houghCircle,0.7375,48005532.5,37748924
"(np.float64(1.5), 270, 290, 35, 10)",houghCircle,0.7375,38887668.78,30895721.5
"(np.float64(1.5), 280, 130, 35, 10)",houghCircle,0.7375,41730255.61,33108103
"(np.float64(1.5), 280, 170, 30, 10)",houghCircle,0.7375,43536026.12,32467322
"(np.float64(1.5), 280, 180, 30, 10)",houghCircle,0.7375,43408701,33359289
"(np.float64(1.0), 250, 280, 35, 10)",houghCircle,0.735416667,40536201.01,30429852.5
"(np.float64(1.0), 250, 290, 35, 10)",houghCircle,0.735416667,39371054.65,30952118.5
"(np.float64(1.0), 260, 280, 35, 10)",houghCircle,0.735416667,40515768.74,31185891
"(np.float64(1.0), 260, 290, 35, 10)",houghCircle,0.735416667,41482447.14,30906673.5
"(np.float64(1.0), 280, 150, 30, 10)",houghCircle,0.735416667,41755103.68,33119970.5
"(np.float64(1.0), 280, 160, 35, 10)",houghCircle,0.735416667,44621800.95,33832271
"(np.float64(1.0), 280, 270, 35, 10)",houghCircle,0.735416667,41901846.51,31218551.5
"(np.float64(1.0), 290, 130, 35, 15)",houghCircle,0.735416667,40770800.92,33042339
"(np.float64(1.5), 250, 280, 35, 10)",houghCircle,0.735416667,51092221.83,37737562.5
"(np.float64(1.5), 250, 290, 35, 10)",houghCircle,0.735416667,41237957.97,31342159.5
"(np.float64(1.5), 260, 280, 35, 10)",houghCircle,0.735416667,42761173.12,31376804
"(np.float64(1.5), 260, 290, 35, 10)",houghCircle,0.735416667,37922856.15,30106781
"(np.float64(1.5), 280, 150, 30, 10)",houghCircle,0.735416667,43239512.74,33592831.5
"(np.float64(1.5), 280, 160, 35, 10)",houghCircle,0.735416667,44512885.04,34583635.5
"(np.float64(1.5), 280, 270, 35, 10)",houghCircle,0.735416667,47416954.6,38306915
"(np.float64(1.5), 290, 130, 35, 15)",houghCircle,0.735416667,42481407.15,33819707.5
"(np.float64(1.0), 240, 100, 35, 10)",houghCircle,0.733333333,48303131.02,36995491
"(np.float64(1.0), 240, 110, 35, 10)",houghCircle,0.733333333,43683519.79,35077652.5
"(np.float64(1.0), 240, 120, 35, 10)",houghCircle,0.733333333,45146641.87,34256486.5
"(np.float64(1.0), 240, 280, 35, 10)",houghCircle,0.733333333,41687491.92,31694611
"(np.float64(1.0), 240, 290, 35, 10)",houghCircle,0.733333333,39891696.73,31655226
"(np.float64(1.0), 250, 130, 35, 10)",houghCircle,0.733333333,42979389.3,34355607.5
"(np.float64(1.0), 250, 160, 35, 10)",houghCircle,0.733333333,43973330.63,33161854
"(np.float64(1.0), 260, 130, 35, 10)",houghCircle,0.733333333,46326348.53,34663720
"(np.float64(1.0), 260, 160, 35, 10)",houghCircle,0.733333333,43232712.02,32429615
"(np.float64(1.0), 260, 170, 30, 10)",houghCircle,0.733333333,44360106.78,33388303
"(np.float64(1.0), 260, 180, 30, 10)",houghCircle,0.733333333,41311090.42,32207592
"(np.float64(1.0), 270, 130, 35, 10)",houghCircle,0.733333333,46822540.53,36301688
"(np.float64(1.0), 270, 150, 30, 10)",houghCircle,0.733333333,44261581.02,33972930
"(np.float64(1.0), 270, 160, 35, 10)",houghCircle,0.733333333,42677333.71,33804178
"(np.float64(1.0), 270, 170, 30, 10)",houghCircle,0.733333333,42872742.15,32505732
"(np.float64(1.0), 270, 180, 30, 10)",houghCircle,0.733333333,41714281.46,32295688
"(np.float64(1.0), 270, 270, 35, 10)",houghCircle,0.733333333,37382700.17,30503857
"(np.float64(1.0), 280, 140, 35, 10)",houghCircle,0.733333333,45615942.43,33918258
"(np.float64(1.0), 280, 150, 35, 10)",houghCircle,0.733333333,42097623.03,33397278
"(np.float64(1.0), 280, 160, 30, 10)",houghCircle,0.733333333,42879943.69,33548444
"(np.float64(1.0), 290, 160, 35, 15)",houghCircle,0.733333333,45049943.51,33532729
"(np.float64(1.0), 290, 190, 30, 15)",houghCircle,0.733333333,40934180.52,31809761
"(np.float64(1.5), 240, 100, 35, 10)",houghCircle,0.733333333,47319943.19,37620046.5
"(np.float64(1.5), 240, 110, 35, 10)",houghCircle,0.733333333,47087067.4,36561641
"(np.float64(1.5), 240, 120, 35, 10)",houghCircle,0.733333333,45383741.38,35363744
"(np.float64(1.5), 240, 280, 35, 10)",houghCircle,0.733333333,39375861.2,30186907.5
"(np.float64(1.5), 240, 290, 35, 10)",houghCircle,0.733333333,41144715.78,30974670
"(np.float64(1.5), 250, 130, 35, 10)",houghCircle,0.733333333,44889920,34778751
"(np.float64(1.5), 250, 160, 35, 10)",houghCircle,0.733333333,45432545.09,34125671.5
"(np.float64(1.5), 260, 130, 35, 10)",houghCircle,0.733333333,45680583.32,36104042.5
"(np.float64(1.5), 260, 160, 35, 10)",houghCircle,0.733333333,43385164.43,33123726.5
"(np.float64(1.5), 260, 170, 30, 10)",houghCircle,0.733333333,43542303.03,32370513.5
"(np.float64(1.5), 260, 180, 30, 10)",houghCircle,0.733333333,41195202.08,32379019
"(np.float64(1.5), 270, 130, 35, 10)",houghCircle,0.733333333,43523620.58,34659708.5
"(np.float64(1.5), 270, 150, 30, 10)",houghCircle,0.733333333,43596185.15,34403823
"(np.float64(1.5), 270, 160, 35, 10)",houghCircle,0.733333333,42930521.44,32465987.5
"(np.float64(1.5), 270, 170, 30, 10)",houghCircle,0.733333333,42769876.81,32232404.5
"(np.float64(1.5), 270, 180, 30, 10)",houghCircle,0.733333333,40853600.76,32406812
"(np.float64(1.5), 270, 270, 35, 10)",houghCircle,0.733333333,54862791.11,39248383.5
"(np.float64(1.5), 280, 140, 35, 10)",houghCircle,0.733333333,42042766.11,33695595
"(np.float64(1.5), 280, 150, 35, 10)",houghCircle,0.733333333,44869015.03,34315177
"(np.float64(1.5), 280, 160, 30, 10)",houghCircle,0.733333333,40413761.58,32527378
"(np.float64(1.5), 290, 160, 35, 15)",houghCircle,0.733333333,42213647.65,32587786.5
"(np.float64(1.5), 290, 190, 30, 15)",houghCircle,0.733333333,43894573.07,32307260.5
"(np.float64(1.0), 220, 290, 35, 10)",houghCircle,0.73125,41073852.23,30604876
"(np.float64(1.0), 230, 120, 35, 10)",houghCircle,0.73125,43959311.42,35116024
"(np.float64(1.0), 230, 290, 35, 10)",houghCircle,0.73125,39010592.31,31377200.5
"(np.float64(1.0), 240, 160, 35, 10)",houghCircle,0.73125,42420025.14,32548822.5
"(np.float64(1.0), 250, 170, 30, 10)",houghCircle,0.73125,44300253.91,32768936
"(np.float64(1.0), 250, 180, 30, 10)",houghCircle,0.73125,44565426.01,32461174.5
"(np.float64(1.0), 250, 270, 35, 10)",houghCircle,0.73125,41207094.23,30881030
"(np.float64(1.0), 260, 150, 30, 10)",houghCircle,0.73125,39945763.77,33268745
"(np.float64(1.0), 260, 160, 30, 10)",houghCircle,0.73125,41158735.48,33463103
"(np.float64(1.0), 260, 270, 35, 10)",houghCircle,0.73125,43219725.68,31911933
"(np.float64(1.0), 270, 160, 30, 10)",houghCircle,0.73125,43492971.62,32958868
"(np.float64(1.0), 280, 170, 35, 10)",houghCircle,0.73125,42031506.41,32186713.5
"(np.float64(1.0), 280, 180, 35, 10)",houghCircle,0.73125,41296867.86,32416299.5
"(np.float64(1.0), 280, 240, 35, 10)",houghCircle,0.73125,43590856.88,32417145.5
"(np.float64(1.0), 280, 250, 35, 10)",houghCircle,0.73125,44291576.18,32743352.5
"(np.float64(1.0), 280, 260, 35, 10)",houghCircle,0.73125,42956794.38,31187840.5
"(np.float64(1.0), 290, 140, 35, 15)",houghCircle,0.73125,44102568.34,34721574
"(np.float64(1.0), 290, 150, 35, 15)",houghCircle,0.73125,42926626.89,33213550
"(np.float64(1.0), 290, 290, 30, 15)",houghCircle,0.73125,40200689.05,31504889.5
"(np.float64(1.5), 220, 290, 35, 10)",houghCircle,0.73125,41240618.97,31113991
"(np.float64(1.5), 230, 120, 35, 10)",houghCircle,0.73125,43918715.66,34652525
"(np.float64(1.5), 230, 290, 35, 10)",houghCircle,0.73125,42725342.08,31788206.5
"(np.float64(1.5), 240, 160, 35, 10)",houghCircle,0.73125,44507856.75,33601893.5
"(np.float64(1.5), 250, 170, 30, 10)",houghCircle,0.73125,44438619.06,32741640
"(np.float64(1.5), 250, 180, 30, 10)",houghCircle,0.73125,39696879.87,31799482
"(np.float64(1.5), 250, 270, 35, 10)",houghCircle,0.73125,51344039.61,38905077
"(np.float64(1.5), 260, 150, 30, 10)",houghCircle,0.73125,42576274.55,33430602
"(np.float64(1.5), 260, 160, 30, 10)",houghCircle,0.73125,43318517.74,34412906
"(np.float64(1.5), 260, 270, 35, 10)",houghCircle,0.73125,41414130.86,31485217.5
"(np.float64(1.5), 270, 160, 30, 10)",houghCircle,0.73125,41727981.9,31729235.5
"(np.float64(1.5), 280, 170, 35, 10)",houghCircle,0.73125,41924291.01,33488741
"(np.float64(1.5), 280, 180, 35, 10)",houghCircle,0.73125,46459467.11,34398897
"(np.float64(1.5), 280, 240, 35, 10)",houghCircle,0.73125,40033375.63,31957248.5
"(np.float64(1.5), 280, 250, 35, 10)",houghCircle,0.73125,43921822.56,30650957.5
"(np.float64(1.5), 280, 260, 35, 10)",houghCircle,0.73125,43989286.51,31568098.5
"(np.float64(1.5), 290, 140, 35, 15)",houghCircle,0.73125,46352285.14,34505224
"(np.float64(1.5), 290, 150, 35, 15)",houghCircle,0.73125,41089369.1,32797694.5
"(np.float64(1.5), 290, 290, 30, 15)",houghCircle,0.73125,43218854.66,31345355
"(np.float64(1.0), 200, 110, 35, 10)",houghCircle,0.729166667,45222196.72,36149839
"(np.float64(1.0), 210, 110, 35, 10)",houghCircle,0.729166667,44595682.52,36274407.5
"(np.float64(1.0), 220, 110, 35, 10)",houghCircle,0.729166667,45585707.52,35649956
"(np.float64(1.0), 220, 120, 35, 10)",houghCircle,0.729166667,45090068.63,35633240
"(np.float64(1.0), 220, 160, 35, 10)",houghCircle,0.729166667,41810621.33,32485083
"(np.float64(1.0), 220, 280, 35, 10)",houghCircle,0.729166667,39728788.42,31118629.5
"(np.float64(1.0), 230, 110, 35, 10)",houghCircle,0.729166667,45717611.76,35698041
"(np.float64(1.0), 230, 160, 35, 10)",houghCircle,0.729166667,44421080.58,33612438.5
"(np.float64(1.0), 230, 280, 35, 10)",houghCircle,0.729166667,42094359.96,31664503.5
"(np.float64(1.0), 240, 170, 30, 10)",houghCircle,0.729166667,43908101.91,33990363
"(np.float64(1.0), 240, 270, 35, 10)",houghCircle,0.729166667,42793872.52,31149462.5
"(np.float64(1.0), 250, 140, 35, 10)",houghCircle,0.729166667,42447134.53,34443758
"(np.float64(1.0), 250, 150, 30, 10)",houghCircle,0.729166667,44042155.77,33274994.5
"(np.float64(1.0), 250, 150, 35, 10)",houghCircle,0.729166667,43406309.09,33507181
"(np.float64(1.0), 250, 160, 30, 10)",houghCircle,0.729166667,45621138.02,34556164
"(np.float64(1.0), 250, 170, 35, 10)",houghCircle,0.729166667,42209655.04,31654925.5
"(np.float64(1.0), 260, 140, 35, 10)",houghCircle,0.729166667,43239649.22,33735670.5
"(np.float64(1.0), 260, 150, 35, 10)",houghCircle,0.729166667,43490207.88,33525055.5
"(np.float64(1.0), 260, 170, 35, 10)",houghCircle,0.729166667,41040068.37,32652452
"(np.float64(1.0), 270, 140, 35, 10)",houghCircle,0.729166667,43105287.98,33823494.5
"(np.float64(1.0), 270, 150, 35, 10)",houghCircle,0.729166667,40734201.39,32593923
"(np.float64(1.0), 270, 170, 35, 10)",houghCircle,0.729166667,44194739.18,33129468
"(np.float64(1.0), 270, 180, 35, 10)",houghCircle,0.729166667,42123236,32655202.5
"(np.float64(1.0), 270, 240, 35, 10)",houghCircle,0.729166667,41512119.77,31519517
"(np.float64(1.0), 270, 250, 35, 10)",houghCircle,0.729166667,38886705.62,30898447.5
"(np.float64(1.0), 270, 260, 35, 10)",houghCircle,0.729166667,39399968.35,31281326
"(np.float64(1.0), 280, 140, 30, 10)",houghCircle,0.729166667,40544383.21,32903038
"(np.float64(1.0), 280, 190, 30, 10)",houghCircle,0.729166667,51384171.07,39660845.5
"(np.float64(1.0), 290, 170, 35, 15)",houghCircle,0.729166667,43059544.44,32190856.5
"(np.float64(1.5), 200, 110, 35, 10)",houghCircle,0.729166667,47273579.18,37587941.5
"(np.float64(1.5), 210, 110, 35, 10)",houghCircle,0.729166667,47043169.47,36659078.5
"(np.float64(1.5), 220, 110, 35, 10)",houghCircle,0.729166667,44149763.17,35680157.5
"(np.float64(1.5), 220, 120, 35, 10)",houghCircle,0.729166667,45441738.33,35537981
"(np.float64(1.5), 220, 160, 35, 10)",houghCircle,0.729166667,44212393.85,33396232.5
"(np.float64(1.5), 220, 280, 35, 10)",houghCircle,0.729166667,41978378.36,31569685.5
"(np.float64(1.5), 230, 110, 35, 10)",houghCircle,0.729166667,44252516.76,35922024
"(np.float64(1.5), 230, 160, 35, 10)",houghCircle,0.729166667,44676251.93,34071876.5
"(np.float64(1.5), 230, 280, 35, 10)",houghCircle,0.729166667,40087783.52,31176914.5
"(np.float64(1.5), 240, 170, 30, 10)",houghCircle,0.729166667,44664438.13,33197503.5
"(np.float64(1.5), 240, 270, 35, 10)",houghCircle,0.729166667,47148880.06,37607063
"(np.float64(1.5), 250, 140, 35, 10)",houghCircle,0.729166667,42873707.41,33003636.5
"(np.float64(1.5), 250, 150, 30, 10)",houghCircle,0.729166667,47109955.12,35135801
"(np.float64(1.5), 250, 150, 35, 10)",houghCircle,0.729166667,43616789.43,33068272.5
"(np.float64(1.5), 250, 160, 30, 10)",houghCircle,0.729166667,45414150.31,33366338
"(np.float64(1.5), 250, 170, 35, 10)",houghCircle,0.729166667,45995059.06,33781721.5
"(np.float64(1.5), 260, 140, 35, 10)",houghCircle,0.729166667,45163704.61,34083578
"(np.float64(1.5), 260, 150, 35, 10)",houghCircle,0.729166667,43687772.57,33533214.5
"(np.float64(1.5), 260, 170, 35, 10)",houghCircle,0.729166667,41529914.71,32495623
"(np.float64(1.5), 270, 140, 35, 10)",houghCircle,0.729166667,44519982.65,33206001.5
"(np.float64(1.5), 270, 150, 35, 10)",houghCircle,0.729166667,44111250.96,33337407.5
"(np.float64(1.5), 270, 170, 35, 10)",houghCircle,0.729166667,44583965.98,33565325
"(np.float64(1.5), 270, 180, 35, 10)",houghCircle,0.729166667,41799834.58,32940729
"(np.float64(1.5), 270, 240, 35, 10)",houghCircle,0.729166667,39753072.44,30920348.5
"(np.float64(1.5), 270, 250, 35, 10)",houghCircle,0.729166667,49105658.36,38772178.5
"(np.float64(1.5), 270, 260, 35, 10)",houghCircle,0.729166667,38773402.58,30312422.5
"(np.float64(1.5), 280, 140, 30, 10)",houghCircle,0.729166667,51590596.53,41734441.5
"(np.float64(1.5), 280, 190, 30, 10)",houghCircle,0.729166667,44415416.04,32717268.5
"(np.float64(1.5), 290, 170, 35, 15)",houghCircle,0.729166667,42014357.39,31541928.5
"(np.float64(1.0), 200, 100, 35, 10)",houghCircle,0.727083333,44793615.45,36720829.5
"(np.float64(1.0), 200, 120, 35, 10)",houghCircle,0.727083333,45121821.55,34983681
"(np.float64(1.0), 210, 100, 35, 10)",houghCircle,0.727083333,42305472.1,36177741.5
"(np.float64(1.0), 210, 120, 35, 10)",houghCircle,0.727083333,46971107.35,34817724.5
"(np.float64(1.0), 210, 290, 35, 10)",houghCircle,0.727083333,42325344.37,31404866.5
"(np.float64(1.0), 220, 100, 35, 10)",houghCircle,0.727083333,47633523.77,37637569
"(np.float64(1.0), 220, 170, 35, 10)",houghCircle,0.727083333,44103211.39,32183568
"(np.float64(1.0), 230, 100, 35, 10)",houghCircle,0.727083333,47748297.52,37620287
"(np.float64(1.0), 230, 170, 30, 10)",houghCircle,0.727083333,43607132.81,33297397.5
"(np.float64(1.0), 230, 170, 35, 10)",houghCircle,0.727083333,40472084.37,32322423.5
"(np.float64(1.0), 230, 180, 30, 10)",houghCircle,0.727083333,41759775.28,32337025.5
"(np.float64(1.0), 240, 130, 35, 10)",houghCircle,0.727083333,42324191.72,33988614.5
"(np.float64(1.0), 240, 170, 35, 10)",houghCircle,0.727083333,42947308.51,33393863.5
"(np.float64(1.0), 240, 180, 30, 10)",houghCircle,0.727083333,43808987.93,32488267.5
"(np.float64(1.0), 250, 180, 35, 10)",houghCircle,0.727083333,42636287.67,32393476.5
"(np.float64(1.0), 250, 240, 35, 10)",houghCircle,0.727083333,41014391.09,30576736.5
"(np.float64(1.0), 250, 250, 35, 10)",houghCircle,0.727083333,42079640.94,30996311.5
"(np.float64(1.0), 250, 260, 35, 10)",houghCircle,0.727083333,40346839.4,31324401.5
"(np.float64(1.0), 260, 180, 35, 10)",houghCircle,0.727083333,42372890.12,32756417.5
"(np.float64(1.0), 260, 240, 35, 10)",houghCircle,0.727083333,43422734.28,32806947
"(np.float64(1.0), 260, 250, 35, 10)",houghCircle,0.727083333,48643807.95,39519199
"(np.float64(1.0), 260, 260, 35, 10)",houghCircle,0.727083333,42069015.97,31092962
"(np.float64(1.0), 270, 140, 30, 10)",houghCircle,0.727083333,43272787.6,34948764.5
"(np.float64(1.0), 280, 210, 35, 10)",houghCircle,0.727083333,47544256.6,38787017
"(np.float64(1.0), 280, 230, 35, 10)",houghCircle,0.727083333,41131482.88,31834315.5
"(np.float64(1.0), 280, 290, 30, 10)",houghCircle,0.727083333,42170963.87,31527651.5
"(np.float64(1.0), 290, 180, 35, 15)",houghCircle,0.727083333,43435322.13,32171731
"(np.float64(1.0), 290, 200, 30, 15)",houghCircle,0.727083333,41004306.17,31817530.5
"(np.float64(1.0), 290, 280, 30, 15)",houghCircle,0.727083333,39837802.87,30771158.5
"(np.float64(1.5), 200, 100, 35, 10)",houghCircle,0.727083333,44948001.85,36583938.5
"(np.float64(1.5), 200, 120, 35, 10)",houghCircle,0.727083333,41739609.3,33467146.5
"(np.float64(1.5), 210, 100, 35, 10)",houghCircle,0.727083333,45614432.85,36313691
"(np.float64(1.5), 210, 120, 35, 10)",houghCircle,0.727083333,45155803.34,35964891
"(np.float64(1.5), 210, 290, 35, 10)",houghCircle,0.727083333,45776480.3,32353136
"(np.float64(1.5), 220, 100, 35, 10)",houghCircle,0.727083333,48418856.01,37448355.5
"(np.float64(1.5), 220, 170, 35, 10)",houghCircle,0.727083333,42965935.85,33936942
"(np.float64(1.5), 230, 100, 35, 10)",houghCircle,0.727083333,44360032.52,36536358.5
"(np.float64(1.5), 230, 170, 30, 10)",houghCircle,0.727083333,42060274.68,31621798.5
"(np.float64(1.5), 230, 170, 35, 10)",houghCircle,0.727083333,45100347.1,33821732
"(np.float64(1.5), 230, 180, 30, 10)",houghCircle,0.727083333,39882432.85,32665707.5
"(np.float64(1.5), 240, 130, 35, 10)",houghCircle,0.727083333,44193095.73,34653967
"(np.float64(1.5), 240, 170, 35, 10)",houghCircle,0.727083333,45700385.41,33589044.5
"(np.float64(1.5), 240, 180, 30, 10)",houghCircle,0.727083333,42770493.51,32246110.5
"(np.float64(1.5), 250, 180, 35, 10)",houghCircle,0.727083333,45391437.04,32624420
"(np.float64(1.5), 250, 240, 35, 10)",houghCircle,0.727083333,43056942.37,32373168
"(np.float64(1.5), 250, 250, 35, 10)",houghCircle,0.727083333,41451986.77,31957609.5
"(np.float64(1.5), 250, 260, 35, 10)",houghCircle,0.727083333,42828990.33,31992719.5
"(np.float64(1.5), 260, 180, 35, 10)",houghCircle,0.727083333,44195733.98,32918031
"(np.float64(1.5), 260, 240, 35, 10)",houghCircle,0.727083333,43722061.4,31741628
"(np.float64(1.5), 260, 250, 35, 10)",houghCircle,0.727083333,51832710.13,38942854
"(np.float64(1.5), 260, 260, 35, 10)",houghCircle,0.727083333,42308267.08,31343891.5
"(np.float64(1.5), 270, 140, 30, 10)",houghCircle,0.727083333,52640003.37,41268731.5
"(np.float64(1.5), 280, 210, 35, 10)",houghCircle,0.727083333,43125691.53,32813424.5
"(np.float64(1.5), 280, 230, 35, 10)",houghCircle,0.727083333,44586178.84,33002544
"(np.float64(1.5), 280, 290, 30, 10)",houghCircle,0.727083333,40295679.39,30308581
"(np.float64(1.5), 290, 180, 35, 15)",houghCircle,0.727083333,39960162.25,31504493.5
"(np.float64(1.5), 290, 200, 30, 15)",houghCircle,0.727083333,42858980.46,31495312
"(np.float64(1.5), 290, 280, 30, 15)",houghCircle,0.727083333,39946764.06,30713620.5
"(np.float64(1.0), 200, 180, 30, 10)",houghCircle,0.725,43694148.1,32672105.5
"(np.float64(1.0), 210, 160, 35, 10)",houghCircle,0.725,41059759.39,32482715
"(np.float64(1.0), 210, 180, 30, 10)",houghCircle,0.725,41360889.42,32384134.5
"(np.float64(1.0), 210, 280, 35, 10)",houghCircle,0.725,41611348.11,31208013
"(np.float64(1.0), 220, 130, 35, 10)",houghCircle,0.725,43323893.2,34237355.5
"(np.float64(1.0), 220, 170, 30, 10)",houghCircle,0.725,41608004.13,33107526
"(np.float64(1.0), 220, 180, 30, 10)",houghCircle,0.725,40663718.86,31822761
"(np.float64(1.0), 220, 270, 35, 10)",houghCircle,0.725,40485861.29,30407927
"(np.float64(1.0), 230, 130, 35, 10)",houghCircle,0.725,43128088.26,34299532.5
"(np.float64(1.0), 230, 270, 35, 10)",houghCircle,0.725,40039249.07,31498242
"(np.float64(1.0), 240, 140, 35, 10)",houghCircle,0.725,45690658.43,34594671
"(np.float64(1.0), 240, 150, 35, 10)",houghCircle,0.725,44197138.4,33583765
"(np.float64(1.0), 240, 240, 35, 10)",houghCircle,0.725,41170753.46,31183737.5
"(np.float64(1.0), 240, 250, 35, 10)",houghCircle,0.725,41793529.22,31195664.5
"(np.float64(1.0), 240, 260, 35, 10)",houghCircle,0.725,40986184.63,30882933.5
"(np.float64(1.0), 250, 140, 30, 10)",houghCircle,0.725,44592730.84,34410470.5
"(np.float64(1.0), 260, 140, 30, 10)",houghCircle,0.725,43255117.26,34195477
"(np.float64(1.0), 260, 190, 30, 10)",houghCircle,0.725,42135634.19,32675065.5
"(np.float64(1.0), 270, 190, 30, 10)",houghCircle,0.725,39934534.59,32399698.5
"(np.float64(1.0), 270, 210, 35, 10)",houghCircle,0.725,40141240.03,31883415
"(np.float64(1.0), 270, 230, 35, 10)",houghCircle,0.725,40901228.81,31843760
"(np.float64(1.0), 280, 200, 35, 10)",houghCircle,0.725,40746510.84,31078880
"(np.float64(1.0), 280, 220, 35, 10)",houghCircle,0.725,44253800.48,32737041
"(np.float64(1.0), 290, 260, 30, 15)",houghCircle,0.725,48063355.1,38426265.5
"(np.float64(1.0), 290, 270, 30, 15)",houghCircle,0.725,40109062.86,30300180
"(np.float64(1.5), 200, 180, 30, 10)",houghCircle,0.725,43117759.71,33221660
"(np.float64(1.5), 210, 160, 35, 10)",houghCircle,0.725,42539765.8,33007523.5
"(np.float64(1.5), 210, 180, 30, 10)",houghCircle,0.725,42308357.56,32259380
"(np.float64(1.5), 210, 280, 35, 10)",houghCircle,0.725,40545140.04,31047265.5
"(np.float64(1.5), 220, 130, 35, 10)",houghCircle,0.725,50533364.7,41025680.5
"(np.float64(1.5), 220, 170, 30, 10)",houghCircle,0.725,49179399.31,39534960
"(np.float64(1.5), 220, 180, 30, 10)",houghCircle,0.725,43647993.31,32893905.5
"(np.float64(1.5), 220, 270, 35, 10)",houghCircle,0.725,47906589.76,36377756
"(np.float64(1.5), 230, 130, 35, 10)",houghCircle,0.725,44237716.07,35329665.5
"(np.float64(1.5), 230, 270, 35, 10)",houghCircle,0.725,40775072.25,31444672
"(np.float64(1.5), 240, 140, 35, 10)",houghCircle,0.725,45489651.1,35272097.5
"(np.float64(1.5), 240, 150, 35, 10)",houghCircle,0.725,43874619.63,34335109
"(np.float64(1.5), 240, 240, 35, 10)",houghCircle,0.725,44096234.4,32140582.5
"(np.float64(1.5), 240, 250, 35, 10)",houghCircle,0.725,40756204.26,31536825.5
"(np.float64(1.5), 240, 260, 35, 10)",houghCircle,0.725,41297640.71,31357945
"(np.float64(1.5), 250, 140, 30, 10)",houghCircle,0.725,43609818.37,34586691
"(np.float64(1.5), 260, 140, 30, 10)",houghCircle,0.725,40706262.12,33128096
"(np.float64(1.5), 260, 190, 30, 10)",houghCircle,0.725,44115947.08,32920014.5
"(np.float64(1.5), 270, 190, 30, 10)",houghCircle,0.725,43800537.59,33279212.5
"(np.float64(1.5), 270, 210, 35, 10)",houghCircle,0.725,41711278.56,32263263
"(np.float64(1.5), 270, 230, 35, 10)",houghCircle,0.725,43964830.3,32644022
"(np.float64(1.5), 280, 200, 35, 10)",houghCircle,0.725,45257272.69,33759073.5
"(np.float64(1.5), 280, 220, 35, 10)",houghCircle,0.725,41998410.31,31599386.5
"(np.float64(1.5), 290, 260, 30, 15)",houghCircle,0.725,41645110.46,31412963.5
"(np.float64(1.5), 290, 270, 30, 15)",houghCircle,0.725,42920496.4,31838265
"(np.float64(1.0), 180, 110, 35, 10)",houghCircle,0.722916667,44495222.17,35972726
"(np.float64(1.0), 190, 110, 35, 10)",houghCircle,0.722916667,42662931.15,35143406.5
"(np.float64(1.0), 200, 130, 35, 10)",houghCircle,0.722916667,41998612.24,32978199
"(np.float64(1.0), 200, 160, 35, 10)",houghCircle,0.722916667,41624859.52,32793105.5
"(np.float64(1.0), 200, 290, 35, 10)",houghCircle,0.722916667,45959616.81,35037668
"(np.float64(1.0), 210, 130, 35, 10)",houghCircle,0.722916667,41588253.62,33320988
"(np.float64(1.0), 210, 170, 30, 10)",houghCircle,0.722916667,41256369.06,32150160.5
"(np.float64(1.0), 210, 170, 35, 10)",houghCircle,0.722916667,42663262.27,32421455
"(np.float64(1.0), 220, 140, 35, 10)",houghCircle,0.722916667,43711931.78,33780553
"(np.float64(1.0), 220, 150, 35, 10)",houghCircle,0.722916667,42382349.01,33242414.5
"(np.float64(1.0), 220, 180, 35, 10)",houghCircle,0.722916667,43193101.7,32074093
"(np.float64(1.0), 230, 140, 35, 10)",houghCircle,0.722916667,56820724.75,45171618
"(np.float64(1.0), 230, 150, 35, 10)",houghCircle,0.722916667,40844596.18,33138044
"(np.float64(1.0), 230, 180, 35, 10)",houghCircle,0.722916667,40020118.01,31464694
"(np.float64(1.0), 240, 100, 40, 15)",houghCircle,0.722916667,46437411.75,36558555
"(np.float64(1.0), 240, 150, 30, 10)",houghCircle,0.722916667,45329149.4,34170058.5
"(np.float64(1.0), 240, 160, 30, 10)",houghCircle,0.722916667,44270769.78,33955813
"(np.float64(1.0), 240, 180, 35, 10)",houghCircle,0.722916667,42016820.39,32107905
"(np.float64(1.0), 250, 100, 40, 15)",houghCircle,0.722916667,43675032.67,35448318.5
"(np.float64(1.0), 250, 190, 30, 10)",houghCircle,0.722916667,43876171.18,32490152.5
"(np.float64(1.0), 250, 210, 35, 10)",houghCircle,0.722916667,43213351.39,32895994
"(np.float64(1.0), 250, 230, 35, 10)",houghCircle,0.722916667,43386799.12,32075500
"(np.float64(1.0), 260, 100, 40, 15)",houghCircle,0.722916667,45542378.26,36228356.5
"(np.float64(1.0), 260, 210, 35, 10)",houghCircle,0.722916667,42635932.58,32641913
"(np.float64(1.0), 260, 230, 35, 10)",houghCircle,0.722916667,41431330.22,30997217
"(np.float64(1.0), 270, 100, 40, 15)",houghCircle,0.722916667,44265731.99,35392137
"(np.float64(1.0), 270, 200, 35, 10)",houghCircle,0.722916667,41333886.38,32297361.5
"(np.float64(1.0), 270, 220, 35, 10)",houghCircle,0.722916667,39214059.53,30987770
"(np.float64(1.0), 270, 290, 30, 10)",houghCircle,0.722916667,40510049.89,31032995.5
"(np.float64(1.0), 280, 100, 40, 15)",houghCircle,0.722916667,44366256.53,35731222.5
"(np.float64(1.0), 280, 130, 30, 10)",houghCircle,0.722916667,44811081.78,33660358
"(np.float64(1.0), 280, 200, 30, 10)",houghCircle,0.722916667,45570248.6,33720220.5
"(np.float64(1.5), 180, 110, 35, 10)",houghCircle,0.722916667,44422575.55,35781462.5
"(np.float64(1.5), 190, 110, 35, 10)",houghCircle,0.722916667,46866863.93,35748831.5
"(np.float64(1.5), 200, 130, 35, 10)",houghCircle,0.722916667,44884005.98,34602219.5
"(np.float64(1.5), 200, 160, 35, 10)",houghCircle,0.722916667,39624415.31,31933964.5
"(np.float64(1.5), 200, 290, 35, 10)",houghCircle,0.722916667,41465743.35,30831039
"(np.float64(1.5), 210, 130, 35, 10)",houghCircle,0.722916667,44506864.08,33971768
"(np.float64(1.5), 210, 170, 30, 10)",houghCircle,0.722916667,41952441.93,31608779.5
"(np.float64(1.5), 210, 170, 35, 10)",houghCircle,0.722916667,43384454.59,33476513.5
"(np.float64(1.5), 220, 140, 35, 10)",houghCircle,0.722916667,44282835.26,34422924
"(np.float64(1.5), 220, 150, 35, 10)",houghCircle,0.722916667,42491550.13,33482079.5
"(np.float64(1.5), 220, 180, 35, 10)",houghCircle,0.722916667,41521573.35,31797839
"(np.float64(1.5), 230, 140, 35, 10)",houghCircle,0.722916667,40777319.71,33388513.5
"(np.float64(1.5), 230, 150, 35, 10)",houghCircle,0.722916667,44239889.05,34415990.5
"(np.float64(1.5), 230, 180, 35, 10)",houghCircle,0.722916667,45618917.08,32779841.5
"(np.float64(1.5), 240, 100, 40, 15)",houghCircle,0.722916667,46627094.44,36172466
"(np.float64(1.5), 240, 150, 30, 10)",houghCircle,0.722916667,42797056.81,33170044
"(np.float64(1.5), 240, 160, 30, 10)",houghCircle,0.722916667,45826299.28,33617498
"(np.float64(1.5), 240, 180, 35, 10)",houghCircle,0.722916667,45521762.67,33284417.5
"(np.float64(1.5), 250, 100, 40, 15)",houghCircle,0.722916667,42846435.88,34180459.5
"(np.float64(1.5), 250, 190, 30, 10)",houghCircle,0.722916667,40108295.48,31516807.5
"(np.float64(1.5), 250, 210, 35, 10)",houghCircle,0.722916667,43140714.99,32727193
"(np.float64(1.5), 250, 230, 35, 10)",houghCircle,0.722916667,39746566.05,30754743
"(np.float64(1.5), 260, 100, 40, 15)",houghCircle,0.722916667,46742563.66,35959176
"(np.float64(1.5), 260, 210, 35, 10)",houghCircle,0.722916667,43729173.13,31773128.5
"(np.float64(1.5), 260, 230, 35, 10)",houghCircle,0.722916667,51648473.18,38793033.5
"(np.float64(1.5), 270, 100, 40, 15)",houghCircle,0.722916667,44188176.9,34960468
"(np.float64(1.5), 270, 200, 35, 10)",houghCircle,0.722916667,41020235.51,32163684.5
"(np.float64(1.5), 270, 220, 35, 10)",houghCircle,0.722916667,40268640.09,31191832.5
"(np.float64(1.5), 270, 290, 30, 10)",houghCircle,0.722916667,45987875.44,32483125
"(np.float64(1.5), 280, 100, 40, 15)",houghCircle,0.722916667,43544155.82,34664071
"(np.float64(1.5), 280, 130, 30, 10)",houghCircle,0.722916667,45090537.54,34124493
"(np.float64(1.5), 280, 200, 30, 10)",houghCircle,0.722916667,44164356.88,32854271.5
"(np.float64(1.0), 100, 100, 40, 15)",houghCircle,0.720833333,46017789.61,36198124.5
"(np.float64(1.0), 110, 100, 40, 15)",houghCircle,0.720833333,45474782.98,35647967.5
"(np.float64(1.0), 120, 100, 40, 15)",houghCircle,0.720833333,47923299.03,37354494.5
"(np.float64(1.0), 130, 100, 40, 15)",houghCircle,0.720833333,45954131.62,35628982
"(np.float64(1.0), 140, 100, 40, 15)",houghCircle,0.720833333,45079054.3,35821478
"(np.float64(1.0), 150, 100, 40, 15)",houghCircle,0.720833333,54299735.68,44530241
"(np.float64(1.0), 160, 100, 40, 15)",houghCircle,0.720833333,43438935.04,35893777.5
"(np.float64(1.0), 170, 100, 40, 15)",houghCircle,0.720833333,56636990.88,45971048.5
"(np.float64(1.0), 180, 100, 35, 10)",houghCircle,0.720833333,44766300.4,36187676
"(np.float64(1.0), 180, 100, 40, 15)",houghCircle,0.720833333,56241519.69,47126451
"(np.float64(1.0), 180, 120, 35, 10)",houghCircle,0.720833333,45315222.4,35663468
"(np.float64(1.0), 190, 100, 35, 10)",houghCircle,0.720833333,46505260.93,36815276
"(np.float64(1.0), 190, 100, 40, 15)",houghCircle,0.720833333,57028698.11,45935371
"(np.float64(1.0), 190, 120, 35, 10)",houghCircle,0.720833333,43288688.63,35174358.5
"(np.float64(1.0), 200, 100, 40, 15)",houghCircle,0.720833333,44097856.39,36118820.5
"(np.float64(1.0), 200, 140, 35, 10)",houghCircle,0.720833333,43594409.13,34294873
"(np.float64(1.0), 200, 150, 35, 10)",houghCircle,0.720833333,42408359.75,32733334.5
"(np.float64(1.0), 200, 170, 30, 10)",houghCircle,0.720833333,41783613.21,32714809
"(np.float64(1.0), 200, 170, 35, 10)",houghCircle,0.720833333,48485832.49,33867567.5
"(np.float64(1.0), 200, 280, 35, 10)",houghCircle,0.720833333,40997524.83,30201489.5
"(np.float64(1.0), 210, 100, 40, 15)",houghCircle,0.720833333,45192946.72,35689866
"(np.float64(1.0), 210, 140, 35, 10)",houghCircle,0.720833333,42661458.58,33438386.5
"(np.float64(1.0), 210, 150, 35, 10)",houghCircle,0.720833333,44666216.02,33546661
"(np.float64(1.0), 210, 270, 35, 10)",houghCircle,0.720833333,41141641.54,31270860.5
"(np.float64(1.0), 220, 100, 40, 15)",houghCircle,0.720833333,46082490.39,35837201.5
"(np.float64(1.0), 220, 240, 35, 10)",houghCircle,0.720833333,41320022.13,30904708.5
"(np.float64(1.0), 220, 250, 35, 10)",houghCircle,0.720833333,40845357.95,30986446.5
"(np.float64(1.0), 220, 260, 35, 10)",houghCircle,0.720833333,42766466.03,31725804.5
"(np.float64(1.0), 230, 100, 40, 15)",houghCircle,0.720833333,45062682.79,35956716
"(np.float64(1.0), 230, 150, 30, 10)",houghCircle,0.720833333,45323463.8,35094814.5
"(np.float64(1.0), 230, 160, 30, 10)",houghCircle,0.720833333,44189002.85,33473474
"(np.float64(1.0), 230, 240, 35, 10)",houghCircle,0.720833333,45899324.54,32172236
"(np.float64(1.0), 230, 250, 35, 10)",houghCircle,0.720833333,40884454.28,31531930
"(np.float64(1.0), 230, 260, 35, 10)",houghCircle,0.720833333,38921931.93,31050511.5
"(np.float64(1.0), 240, 210, 35, 10)",houghCircle,0.720833333,43909870.49,32792666
"(np.float64(1.0), 240, 230, 35, 10)",houghCircle,0.720833333,40526363.17,32035991
"(np.float64(1.0), 250, 200, 35, 10)",houghCircle,0.720833333,41700615.06,31826502
"(np.float64(1.0), 250, 220, 35, 10)",houghCircle,0.720833333,40281477.4,31317343.5
"(np.float64(1.0), 250, 290, 30, 10)",houghCircle,0.720833333,39681299.86,30286864.5
"(np.float64(1.0), 260, 200, 35, 10)",houghCircle,0.720833333,40403600.68,31363068.5
"(np.float64(1.0), 260, 220, 35, 10)",houghCircle,0.720833333,39876537.82,30624042.5
"(np.float64(1.0), 260, 290, 30, 10)",houghCircle,0.720833333,42635319.26,30902259.5
"(np.float64(1.0), 270, 130, 30, 10)",houghCircle,0.720833333,42210416.51,34549456.5
"(np.float64(1.0), 280, 190, 35, 10)",houghCircle,0.720833333,39814407.49,32076432
"(np.float64(1.0), 280, 210, 30, 10)",houghCircle,0.720833333,40430385.28,32071287.5
"(np.float64(1.0), 280, 270, 30, 10)",houghCircle,0.720833333,42700537.29,32031692.5
"(np.float64(1.0), 280, 280, 30, 10)",houghCircle,0.720833333,41005817.72,30716500.5
"(np.float64(1.0), 290, 210, 30, 15)",houghCircle,0.720833333,41285962.73,31600764.5
"(np.float64(1.0), 290, 220, 30, 15)",houghCircle,0.720833333,40789158.59,30828812
"(np.float64(1.5), 100, 100, 40, 15)",houghCircle,0.720833333,43559228.13,34849022.5
"(np.float64(1.5), 110, 100, 40, 15)",houghCircle,0.720833333,46444007.78,35301597.5
"(np.float64(1.5), 120, 100, 40, 15)",houghCircle,0.720833333,47061822.63,35057459.5
"(np.float64(1.5), 130, 100, 40, 15)",houghCircle,0.720833333,46721413.74,35544157.5
"(np.float64(1.5), 140, 100, 40, 15)",houghCircle,0.720833333,45705631.9,37108522.5
"(np.float64(1.5), 150, 100, 40, 15)",houghCircle,0.720833333,47495384.56,36869549
"(np.float64(1.5), 160, 100, 40, 15)",houghCircle,0.720833333,44787915.41,35339323.5
"(np.float64(1.5), 170, 100, 40, 15)",houghCircle,0.720833333,44481446.74,35627129
"(np.float64(1.5), 180, 100, 35, 10)",houghCircle,0.720833333,49731991.43,40019913.5
"(np.float64(1.5), 180, 100, 40, 15)",houghCircle,0.720833333,45256521.35,35933783.5
"(np.float64(1.5), 180, 120, 35, 10)",houghCircle,0.720833333,44247249.23,34330631.5
"(np.float64(1.5), 190, 100, 35, 10)",houghCircle,0.720833333,45443446.88,36944569.5
"(np.float64(1.5), 190, 100, 40, 15)",houghCircle,0.720833333,44811070.04,36726285.5
"(np.float64(1.5), 190, 120, 35, 10)",houghCircle,0.720833333,42958211.91,33819712.5
"(np.float64(1.5), 200, 100, 40, 15)",houghCircle,0.720833333,45856727.55,35240121.5
"(np.float64(1.5), 200, 140, 35, 10)",houghCircle,0.720833333,43501066.92,33372313.5
"(np.float64(1.5), 200, 150, 35, 10)",houghCircle,0.720833333,43365250.08,34356510
"(np.float64(1.5), 200, 170, 30, 10)",houghCircle,0.720833333,42202164.64,31581684.5
"(np.float64(1.5), 200, 170, 35, 10)",houghCircle,0.720833333,42615708.31,32486701.5
"(np.float64(1.5), 200, 280, 35, 10)",houghCircle,0.720833333,41785796.09,30750228
"(np.float64(1.5), 210, 100, 40, 15)",houghCircle,0.720833333,56217424.74,43817503.5
"(np.float64(1.5), 210, 140, 35, 10)",houghCircle,0.720833333,45750014.32,35176417
"(np.float64(1.5), 210, 150, 35, 10)",houghCircle,0.720833333,43013685.83,33982748
"(np.float64(1.5), 210, 270, 35, 10)",houghCircle,0.720833333,42750912.93,31380747.5
"(np.float64(1.5), 220, 100, 40, 15)",houghCircle,0.720833333,44645481.37,36020351
"(np.float64(1.5), 220, 240, 35, 10)",houghCircle,0.720833333,40958956.6,31026136
"(np.float64(1.5), 220, 250, 35, 10)",houghCircle,0.720833333,43825771.2,31619895.5
"(np.float64(1.5), 220, 260, 35, 10)",houghCircle,0.720833333,38976776.8,31017665.5
"(np.float64(1.5), 230, 100, 40, 15)",houghCircle,0.720833333,46401717.98,35435699
"(np.float64(1.5), 230, 150, 30, 10)",houghCircle,0.720833333,45380211.52,33666705
"(np.float64(1.5), 230, 160, 30, 10)",houghCircle,0.720833333,43224450.83,33487233.5
"(np.float64(1.5), 230, 240, 35, 10)",houghCircle,0.720833333,45055535.4,32723381.5
"(np.float64(1.5), 230, 250, 35, 10)",houghCircle,0.720833333,39624074.89,31009164
"(np.float64(1.5), 230, 260, 35, 10)",houghCircle,0.720833333,47512793.64,38396628.5
"(np.float64(1.5), 240, 210, 35, 10)",houghCircle,0.720833333,40417463.69,30887721.5
"(np.float64(1.5), 240, 230, 35, 10)",houghCircle,0.720833333,43403128.47,32126866
"(np.float64(1.5), 250, 200, 35, 10)",houghCircle,0.720833333,43059455.22,31928909.5
"(np.float64(1.5), 250, 220, 35, 10)",houghCircle,0.720833333,40986696.56,30861693
"(np.float64(1.5), 250, 290, 30, 10)",houghCircle,0.720833333,40176343.65,30947003.5
"(np.float64(1.5), 260, 200, 35, 10)",houghCircle,0.720833333,44280945.07,32747641
"(np.float64(1.5), 260, 220, 35, 10)",houghCircle,0.720833333,39751099.14,31207286.5
"(np.float64(1.5), 260, 290, 30, 10)",houghCircle,0.720833333,48364067.03,37556382
"(np.float64(1.5), 270, 130, 30, 10)",houghCircle,0.720833333,55557666.42,42590357
"(np.float64(1.5), 280, 190, 35, 10)",houghCircle,0.720833333,42385525.96,32844407.5
"(np.float64(1.5), 280, 210, 30, 10)",houghCircle,0.720833333,42651129.5,31830370.5
"(np.float64(1.5), 280, 270, 30, 10)",houghCircle,0.720833333,39021824.74,30736443.5
"(np.float64(1.5), 280, 280, 30, 10)",houghCircle,0.720833333,42479009.61,31676156
"(np.float64(1.5), 290, 210, 30, 15)",houghCircle,0.720833333,41742237.97,31151537
"(np.float64(1.5), 290, 220, 30, 15)",houghCircle,0.720833333,41253995.2,31248705
"(np.float64(1.0), 170, 110, 35, 10)",houghCircle,0.71875,46503850.09,36217018
"(np.float64(1.0), 180, 160, 35, 10)",houghCircle,0.71875,38973331.38,31417911
"(np.float64(1.0), 180, 290, 35, 10)",houghCircle,0.71875,42693455.32,31822040
"(np.float64(1.0), 190, 160, 35, 10)",houghCircle,0.71875,41951212.65,33191924.5
"(np.float64(1.0), 190, 180, 30, 10)",houghCircle,0.71875,42599312.14,32054415.5
"(np.float64(1.0), 190, 290, 35, 10)",houghCircle,0.71875,40755730.02,31655154.5
"(np.float64(1.0), 200, 180, 35, 10)",houghCircle,0.71875,41558219.24,32145592
"(np.float64(1.0), 200, 270, 35, 10)",houghCircle,0.71875,42874580.5,31722903.5
"(np.float64(1.0), 210, 180, 35, 10)",houghCircle,0.71875,45865393.09,34333341
"(np.float64(1.0), 220, 160, 30, 10)",houghCircle,0.71875,40434820.81,32512404.5
"(np.float64(1.0), 220, 210, 35, 10)",houghCircle,0.71875,44898738.84,32483245
"(np.float64(1.0), 220, 290, 30, 10)",houghCircle,0.71875,41118947.58,31351642
"(np.float64(1.0), 230, 190, 30, 10)",houghCircle,0.71875,41981202.41,31558200.5
"(np.float64(1.0), 230, 210, 35, 10)",houghCircle,0.71875,40413630.2,31352934.5
"(np.float64(1.0), 230, 290, 30, 10)",houghCircle,0.71875,40563924.28,30754171
"(np.float64(1.0), 240, 140, 30, 10)",houghCircle,0.71875,45085216.24,34685296.5
"(np.float64(1.0), 240, 190, 30, 10)",houghCircle,0.71875,40098907.61,30622242
"(np.float64(1.0), 240, 200, 35, 10)",houghCircle,0.71875,41482659.62,32307730.5
"(np.float64(1.0), 240, 220, 35, 10)",houghCircle,0.71875,42531235.44,30903310.5
"(np.float64(1.0), 240, 290, 30, 10)",houghCircle,0.71875,39180931.74,31193565.5
"(np.float64(1.0), 250, 130, 30, 10)",houghCircle,0.71875,45412485.7,35331673.5
"(np.float64(1.0), 260, 130, 30, 10)",houghCircle,0.71875,44113033.62,34383759.5
"(np.float64(1.0), 270, 190, 35, 10)",houghCircle,0.71875,40340104.07,32206716.5
"(np.float64(1.0), 270, 200, 30, 10)",houghCircle,0.71875,41790512.79,31972401.5
"(np.float64(1.0), 280, 260, 30, 10)",houghCircle,0.71875,43800865.19,31372026
"(np.float64(1.0), 290, 240, 30, 15)",houghCircle,0.71875,38610125.32,30211568.5
"(np.float64(1.0), 290, 250, 30, 15)",houghCircle,0.71875,42049042.39,31084426
"(np.float64(1.5), 170, 110, 35, 10)",houghCircle,0.71875,46584651.77,36158846
"(np.float64(1.5), 180, 160, 35, 10)",houghCircle,0.71875,43874836.1,33275266
"(np.float64(1.5), 180, 290, 35, 10)",houghCircle,0.71875,40525364.23,31113957
"(np.float64(1.5), 190, 160, 35, 10)",houghCircle,0.71875,41726736.09,33338950.5
"(np.float64(1.5), 190, 180, 30, 10)",houghCircle,0.71875,43049104.71,33372789
"(np.float64(1.5), 190, 290, 35, 10)",houghCircle,0.71875,43321927.75,31574489
"(np.float64(1.5), 200, 180, 35, 10)",houghCircle,0.71875,41659133.48,32954595.5
"(np.float64(1.5), 200, 270, 35, 10)",houghCircle,0.71875,42579950.67,31878556
"(np.float64(1.5), 210, 180, 35, 10)",houghCircle,0.71875,43185531.18,33119629
"(np.float64(1.5), 220, 160, 30, 10)",houghCircle,0.71875,52171068.18,39873404
"(np.float64(1.5), 220, 210, 35, 10)",houghCircle,0.71875,43033526.64,32851562
"(np.float64(1.5), 220, 290, 30, 10)",houghCircle,0.71875,42640804.34,31644441
"(np.float64(1.5), 230, 190, 30, 10)",houghCircle,0.71875,43095077.71,32154970
"(np.float64(1.5), 230, 210, 35, 10)",houghCircle,0.71875,42516141.91,31748887.5
"(np.float64(1.5), 230, 290, 30, 10)",houghCircle,0.71875,37429152.45,30760507.5
"(np.float64(1.5), 240, 140, 30, 10)",houghCircle,0.71875,41030770.87,32547661.5
"(np.float64(1.5), 240, 190, 30, 10)",houghCircle,0.71875,40934038.01,32428431
"(np.float64(1.5), 240, 200, 35, 10)",houghCircle,0.71875,42200566.61,33228949
"(np.float64(1.5), 240, 220, 35, 10)",houghCircle,0.71875,48512702.97,36427029
"(np.float64(1.5), 240, 290, 30, 10)",houghCircle,0.71875,50624756.92,38369217
"(np.float64(1.5), 250, 130, 30, 10)",houghCircle,0.71875,42670061.02,34701491.5
"(np.float64(1.5), 260, 130, 30, 10)",houghCircle,0.71875,42247361.21,34360523.5
"(np.float64(1.5), 270, 190, 35, 10)",houghCircle,0.71875,41399796.6,32590261
"(np.float64(1.5), 270, 200, 30, 10)",houghCircle,0.71875,41433001.99,31514092.5
"(np.float64(1.5), 280, 260, 30, 10)",houghCircle,0.71875,40575264.19,31241486.5
"(np.float64(1.5), 290, 240, 30, 15)",houghCircle,0.71875,42619213.15,31258313
"(np.float64(1.5), 290, 250, 30, 15)",houghCircle,0.71875,44414183.64,32546744
"(np.float64(1.0), 150, 290, 35, 10)",houghCircle,0.716666667,39655382.01,30302444.5
"(np.float64(1.0), 160, 110, 35, 10)",houghCircle,0.716666667,44337419.15,35851725
"(np.float64(1.0), 160, 290, 35, 10)",houghCircle,0.716666667,42124227.9,31004170
"(np.float64(1.0), 170, 100, 35, 10)",houghCircle,0.716666667,44153025.5,36077252
"(np.float64(1.0), 170, 120, 35, 10)",houghCircle,0.716666667,44893624.88,34116248.5
"(np.float64(1.0), 170, 290, 35, 10)",houghCircle,0.716666667,41402097.19,30389733
"(np.float64(1.0), 180, 170, 35, 10)",houghCircle,0.716666667,40814471.2,32013970
"(np.float64(1.0), 180, 180, 30, 10)",houghCircle,0.716666667,38792933.09,31384088
"(np.float64(1.0), 180, 280, 35, 10)",houghCircle,0.716666667,40319254.08,30981468
"(np.float64(1.0), 190, 130, 35, 10)",houghCircle,0.716666667,44136115.34,34056095.5
"(np.float64(1.0), 190, 170, 35, 10)",houghCircle,0.716666667,43755326.1,33338835.5
"(np.float64(1.0), 190, 280, 35, 10)",houghCircle,0.716666667,45317144.79,32581244
"(np.float64(1.0), 200, 160, 30, 10)",houghCircle,0.716666667,42506816.68,32836608.5
"(np.float64(1.0), 200, 190, 30, 10)",houghCircle,0.716666667,41576735.25,32352895.5
"(np.float64(1.0), 210, 160, 30, 10)",houghCircle,0.716666667,43235999.53,32464500.5
"(np.float64(1.0), 210, 190, 30, 10)",houghCircle,0.716666667,41169899.68,31483289
"(np.float64(1.0), 210, 240, 35, 10)",houghCircle,0.716666667,40074929.33,31614219.5
"(np.float64(1.0), 210, 250, 35, 10)",houghCircle,0.716666667,40835943.98,31316045.5
"(np.float64(1.0), 210, 260, 35, 10)",houghCircle,0.716666667,40461238.16,31284556
"(np.float64(1.0), 210, 290, 30, 10)",houghCircle,0.716666667,41515770.14,31232884
"(np.float64(1.0), 220, 150, 30, 10)",houghCircle,0.716666667,42635528.86,33850446
"(np.float64(1.0), 220, 190, 30, 10)",houghCircle,0.716666667,41445224.63,32039512.5
"(np.float64(1.0), 220, 200, 35, 10)",houghCircle,0.716666667,40464453.4,31998345.5
"(np.float64(1.0), 220, 230, 35, 10)",houghCircle,0.716666667,41804498.62,31462244.5
"(np.float64(1.0), 230, 200, 35, 10)",houghCircle,0.716666667,40186455.52,32145701.5
"(np.float64(1.0), 230, 230, 35, 10)",houghCircle,0.716666667,40401829.12,31383357
"(np.float64(1.0), 250, 190, 35, 10)",houghCircle,0.716666667,41189244.43,32232403.5
"(np.float64(1.0), 260, 190, 35, 10)",houghCircle,0.716666667,40573443.81,32142696
"(np.float64(1.0), 260, 200, 30, 10)",houghCircle,0.716666667,44041789.91,33004352.5
"(np.float64(1.0), 270, 210, 30, 10)",houghCircle,0.716666667,40105260.71,31236927
"(np.float64(1.0), 270, 270, 30, 10)",houghCircle,0.716666667,41159185.15,30437432.5
"(np.float64(1.0), 270, 280, 30, 10)",houghCircle,0.716666667,38914588.05,30488983
"(np.float64(1.0), 280, 120, 30, 10)",houghCircle,0.716666667,43474094.33,35074817
"(np.float64(1.0), 280, 220, 30, 10)",houghCircle,0.716666667,41723963.23,31954994
"(np.float64(1.0), 280, 250, 30, 10)",houghCircle,0.716666667,41805208.86,31251985.5
"(np.float64(1.0), 290, 190, 35, 15)",houghCircle,0.716666667,42836680.1,32559592.5
"(np.float64(1.0), 290, 200, 35, 15)",houghCircle,0.716666667,42675176.74,32274037
"(np.float64(1.0), 290, 210, 35, 15)",houghCircle,0.716666667,41789119.85,31325557.5
"(np.float64(1.0), 290, 230, 30, 15)",houghCircle,0.716666667,42341743.99,30856448.5
"(np.float64(1.0), 290, 290, 35, 15)",houghCircle,0.716666667,42635385.97,31873089.5
"(np.float64(1.5), 150, 290, 35, 10)",houghCircle,0.716666667,41182201.38,31065976.5
"(np.float64(1.5), 160, 110, 35, 10)",houghCircle,0.716666667,45708150.39,36457326
"(np.float64(1.5), 160, 290, 35, 10)",houghCircle,0.716666667,39883496.98,30695781.5
"(np.float64(1.5), 170, 100, 35, 10)",houghCircle,0.716666667,44005909.45,36191797.5
"(np.float64(1.5), 170, 120, 35, 10)",houghCircle,0.716666667,42328285.1,35198548.5
"(np.float64(1.5), 170, 290, 35, 10)",houghCircle,0.716666667,42476985.32,31650432
"(np.float64(1.5), 180, 170, 35, 10)",houghCircle,0.716666667,44364653.53,32761321.5
"(np.float64(1.5), 180, 180, 30, 10)",houghCircle,0.716666667,40825668.21,31556496
"(np.float64(1.5), 180, 280, 35, 10)",houghCircle,0.716666667,39217187.2,29894388
"(np.float64(1.5), 190, 130, 35, 10)",houghCircle,0.716666667,43486938.43,33045980.5
"(np.float64(1.5), 190, 170, 35, 10)",houghCircle,0.716666667,45172909.95,34576250.5
"(np.float64(1.5), 190, 280, 35, 10)",houghCircle,0.716666667,36858486.19,29479480
"(np.float64(1.5), 200, 160, 30, 10)",houghCircle,0.716666667,45040438.98,33331842.5
"(np.float64(1.5), 200, 190, 30, 10)",houghCircle,0.716666667,40305257.21,32131349.5
"(np.float64(1.5), 210, 160, 30, 10)",houghCircle,0.716666667,45131362.56,33496911.5
"(np.float64(1.5), 210, 190, 30, 10)",houghCircle,0.716666667,40073505.6,32029102
"(np.float64(1.5), 210, 240, 35, 10)",houghCircle,0.716666667,42198449.29,31883971
"(np.float64(1.5), 210, 250, 35, 10)",houghCircle,0.716666667,43286018.65,30692666
"(np.float64(1.5), 210, 260, 35, 10)",houghCircle,0.716666667,37331316.9,30688447.5
"(np.float64(1.5), 210, 290, 30, 10)",houghCircle,0.716666667,39775845.63,31070334
"(np.float64(1.5), 220, 150, 30, 10)",houghCircle,0.716666667,43696947.12,33473512.5
"(np.float64(1.5), 220, 190, 30, 10)",houghCircle,0.716666667,42265492.76,31244602.5
"(np.float64(1.5), 220, 200, 35, 10)",houghCircle,0.716666667,45599912.89,33575944
"(np.float64(1.5), 220, 230, 35, 10)",houghCircle,0.716666667,40395399.08,32245219
"(np.float64(1.5), 230, 200, 35, 10)",houghCircle,0.716666667,42334275.52,31727175.5
"(np.float64(1.5), 230, 230, 35, 10)",houghCircle,0.716666667,44571036.6,32436332.5
"(np.float64(1.5), 250, 190, 35, 10)",houghCircle,0.716666667,43659235.58,32716964
"(np.float64(1.5), 260, 190, 35, 10)",houghCircle,0.716666667,42461007.76,31472203.5
"(np.float64(1.5), 260, 200, 30, 10)",houghCircle,0.716666667,43080060.49,32294550.5
"(np.float64(1.5), 270, 210, 30, 10)",houghCircle,0.716666667,43480075.12,32651847
"(np.float64(1.5), 270, 270, 30, 10)",houghCircle,0.716666667,42685192.18,32278992
"(np.float64(1.5), 270, 280, 30, 10)",houghCircle,0.716666667,36514947.66,29284043.5
"(np.float64(1.5), 280, 120, 30, 10)",houghCircle,0.716666667,43380255.05,34881830
"(np.float64(1.5), 280, 220, 30, 10)",houghCircle,0.716666667,39603888.88,31426897.5
"(np.float64(1.5), 280, 250, 30, 10)",houghCircle,0.716666667,41453873.94,31136117.5
"(np.float64(1.5), 290, 190, 35, 15)",houghCircle,0.716666667,44344021.27,32409958
"(np.float64(1.5), 290, 200, 35, 15)",houghCircle,0.716666667,42864059.51,31307374.5
"(np.float64(1.5), 290, 210, 35, 15)",houghCircle,0.716666667,45248298.43,32109319.5
"(np.float64(1.5), 290, 230, 30, 15)",houghCircle,0.716666667,38791608.02,30921745
"(np.float64(1.5), 290, 290, 35, 15)",houghCircle,0.716666667,41704415.49,30902128
"(np.float64(1.0), 100, 290, 35, 10)",houghCircle,0.714583333,40308307.73,31661844
"(np.float64(1.0), 110, 290, 35, 10)",houghCircle,0.714583333,42450703.44,31531603.5
"(np.float64(1.0), 120, 290, 35, 10)",houghCircle,0.714583333,42485384.41,31386527.5
"(np.float64(1.0), 130, 290, 35, 10)",houghCircle,0.714583333,36979368.68,30338777.5
"(np.float64(1.0), 140, 110, 35, 10)",houghCircle,0.714583333,45260839.49,35886795.5
"(np.float64(1.0), 140, 290, 35, 10)",houghCircle,0.714583333,44716769.7,32018107.5
"(np.float64(1.0), 150, 110, 35, 10)",houghCircle,0.714583333,44435848.51,36116355.5
"(np.float64(1.0), 150, 280, 35, 10)",houghCircle,0.714583333,40314280.51,30514702
"(np.float64(1.0), 160, 100, 35, 10)",houghCircle,0.714583333,45497343.15,36761823
"(np.float64(1.0), 160, 120, 35, 10)",houghCircle,0.714583333,44792472.72,35015476
"(np.float64(1.0), 160, 280, 35, 10)",houghCircle,0.714583333,41200327.87,31425906.5
"(np.float64(1.0), 170, 160, 35, 10)",houghCircle,0.714583333,44731666.36,33111904
"(np.float64(1.0), 170, 280, 35, 10)",houghCircle,0.714583333,43939190.35,31579514
"(np.float64(1.0), 180, 130, 35, 10)",houghCircle,0.714583333,43578194.8,34445681.5
"(np.float64(1.0), 180, 150, 35, 10)",houghCircle,0.714583333,44066966.43,33528050.5
"(np.float64(1.0), 180, 180, 35, 10)",houghCircle,0.714583333,45253230.39,33219045
"(np.float64(1.0), 180, 270, 35, 10)",houghCircle,0.714583333,39333934.3,30221507.5
"(np.float64(1.0), 180, 290, 30, 10)",houghCircle,0.714583333,39603706.51,30954256.5
"(np.float64(1.0), 190, 140, 35, 10)",houghCircle,0.714583333,43718800.37,34145553
"(np.float64(1.0), 190, 150, 35, 10)",houghCircle,0.714583333,45570611.43,33853752
"(np.float64(1.0), 190, 170, 30, 10)",houghCircle,0.714583333,44083889.4,34844199
"(np.float64(1.0), 190, 180, 35, 10)",houghCircle,0.714583333,42687105.68,31501543
"(np.float64(1.0), 190, 270, 35, 10)",houghCircle,0.714583333,42543600.16,31523604.5
"(np.float64(1.0), 190, 290, 30, 10)",houghCircle,0.714583333,39023708.64,30248758.5
"(np.float64(1.0), 200, 150, 30, 10)",houghCircle,0.714583333,39256788.57,32835690.5
"(np.float64(1.0), 200, 240, 35, 10)",houghCircle,0.714583333,42214968.73,31231030.5
"(np.float64(1.0), 200, 250, 35, 10)",houghCircle,0.714583333,40451749.45,31509833.5
"(np.float64(1.0), 200, 260, 35, 10)",houghCircle,0.714583333,43149933.34,31747625.5
"(np.float64(1.0), 200, 290, 30, 10)",houghCircle,0.714583333,43412543.05,31946172
"(np.float64(1.0), 210, 150, 30, 10)",houghCircle,0.714583333,44746400.56,34230732.5
"(np.float64(1.0), 210, 210, 35, 10)",houghCircle,0.714583333,42732015.56,31874188
"(np.float64(1.0), 220, 190, 35, 10)",houghCircle,0.714583333,42796460.84,32113761.5
"(np.float64(1.0), 220, 220, 35, 10)",houghCircle,0.714583333,44935027.05,32239512.5
"(np.float64(1.0), 230, 140, 30, 10)",houghCircle,0.714583333,44109696.01,34637226
"(np.float64(1.0), 230, 190, 35, 10)",houghCircle,0.714583333,55383597.03,43270117.5
"(np.float64(1.0), 230, 220, 35, 10)",houghCircle,0.714583333,44278116,32735954
"(np.float64(1.0), 240, 190, 35, 10)",houghCircle,0.714583333,44789341.85,32998025.5
"(np.float64(1.0), 250, 200, 30, 10)",houghCircle,0.714583333,42310791.48,32183848.5
"(np.float64(1.0), 250, 270, 30, 10)",houghCircle,0.714583333,40771075.54,32292377
"(np.float64(1.0), 250, 280, 30, 10)",houghCircle,0.714583333,40351745.32,30684701.5
"(np.float64(1.0), 260, 210, 30, 10)",houghCircle,0.714583333,42490148.27,33545707.5
"(np.float64(1.0), 260, 270, 30, 10)",houghCircle,0.714583333,39629088.42,30422764
"(np.float64(1.0), 260, 280, 30, 10)",houghCircle,0.714583333,38983966.31,30061637
"(np.float64(1.0), 270, 120, 30, 10)",houghCircle,0.714583333,45670368.92,36166982
"(np.float64(1.0), 270, 260, 30, 10)",houghCircle,0.714583333,41665553.36,30833029
"(np.float64(1.0), 280, 230, 30, 10)",houghCircle,0.714583333,49574602.13,38166492.5
"(np.float64(1.0), 280, 240, 30, 10)",houghCircle,0.714583333,40939722.11,31057395.5
"(np.float64(1.0), 290, 270, 35, 15)",houghCircle,0.714583333,38322488.88,29934087.5
"(np.float64(1.0), 290, 280, 35, 15)",houghCircle,0.714583333,36457603.6,29339282.5
"(np.float64(1.5), 100, 290, 35, 10)",houghCircle,0.714583333,41896611.93,31163699.5
"(np.float64(1.5), 110, 290, 35, 10)",houghCircle,0.714583333,41567858.86,31541652
"(np.float64(1.5), 120, 290, 35, 10)",houghCircle,0.714583333,39126415.12,30426947.5
"(np.float64(1.5), 130, 290, 35, 10)",houghCircle,0.714583333,42392291.96,31014490
"(np.float64(1.5), 140, 110, 35, 10)",houghCircle,0.714583333,42591361.12,35112994.5
"(np.float64(1.5), 140, 290, 35, 10)",houghCircle,0.714583333,40616058.41,31296308
"(np.float64(1.5), 150, 110, 35, 10)",houghCircle,0.714583333,45916080.33,36474538
"(np.float64(1.5), 150, 280, 35, 10)",houghCircle,0.714583333,43360400.8,31612451.5
"(np.float64(1.5), 160, 100, 35, 10)",houghCircle,0.714583333,45897715.45,37444322
"(np.float64(1.5), 160, 120, 35, 10)",houghCircle,0.714583333,43318808.83,35112618
"(np.float64(1.5), 160, 280, 35, 10)",houghCircle,0.714583333,42173177.29,31207071
"(np.float64(1.5), 170, 160, 35, 10)",houghCircle,0.714583333,43795984.77,32959628.5
"(np.float64(1.5), 170, 280, 35, 10)",houghCircle,0.714583333,45393629.01,32647162.5
"(np.float64(1.5), 180, 130, 35, 10)",houghCircle,0.714583333,46391539.03,35886523
"(np.float64(1.5), 180, 150, 35, 10)",houghCircle,0.714583333,46192521.18,33662121.5
"(np.float64(1.5), 180, 180, 35, 10)",houghCircle,0.714583333,42838816.76,32284863.5
"(np.float64(1.5), 180, 270, 35, 10)",houghCircle,0.714583333,49006161.71,38173229.5
"(np.float64(1.5), 180, 290, 30, 10)",houghCircle,0.714583333,43293091.35,31155744.5
"(np.float64(1.5), 190, 140, 35, 10)",houghCircle,0.714583333,41918001.81,32749014
"(np.float64(1.5), 190, 150, 35, 10)",houghCircle,0.714583333,44736646.75,34092539.5
"(np.float64(1.5), 190, 170, 30, 10)",houghCircle,0.714583333,43037964.27,32404634.5
"(np.float64(1.5), 190, 180, 35, 10)",houghCircle,0.714583333,40695963.89,32416911
"(np.float64(1.5), 190, 270, 35, 10)",houghCircle,0.714583333,43461701.63,32599568.5
"(np.float64(1.5), 190, 290, 30, 10)",houghCircle,0.714583333,42053139.03,31472889.5
"(np.float64(1.5), 200, 150, 30, 10)",houghCircle,0.714583333,46767517.43,34016837.5
"(np.float64(1.5), 200, 240, 35, 10)",houghCircle,0.714583333,40497016.69,31327157.5
"(np.float64(1.5), 200, 250, 35, 10)",houghCircle,0.714583333,41961316.9,30958650
"(np.float64(1.5), 200, 260, 35, 10)",houghCircle,0.714583333,45427135.33,32825948
"(np.float64(1.5), 200, 290, 30, 10)",houghCircle,0.714583333,41624850.31,31430379.5
"(np.float64(1.5), 210, 150, 30, 10)",houghCircle,0.714583333,42830875.58,32869575
"(np.float64(1.5), 210, 210, 35, 10)",houghCircle,0.714583333,49326673.04,37758396
"(np.float64(1.5), 220, 190, 35, 10)",houghCircle,0.714583333,44440428.19,32872345.5
"(np.float64(1.5), 220, 220, 35, 10)",houghCircle,0.714583333,42994946.06,32108170.5
"(np.float64(1.5), 230, 140, 30, 10)",houghCircle,0.714583333,46691317.78,34253872
"(np.float64(1.5), 230, 190, 35, 10)",houghCircle,0.714583333,45763272.99,33762789.5
"(np.float64(1.5), 230, 220, 35, 10)",houghCircle,0.714583333,40437267.34,31869424
"(np.float64(1.5), 240, 190, 35, 10)",houghCircle,0.714583333,43676078.29,33080620
"(np.float64(1.5), 250, 200, 30, 10)",houghCircle,0.714583333,42380337.93,32258087.5
"(np.float64(1.5), 250, 270, 30, 10)",houghCircle,0.714583333,42946620.04,31558204
"(np.float64(1.5), 250, 280, 30, 10)",houghCircle,0.714583333,43591255.65,31839602.5
"(np.float64(1.5), 260, 210, 30, 10)",houghCircle,0.714583333,42622099,31773273.5
"(np.float64(1.5), 260, 270, 30, 10)",houghCircle,0.714583333,39693239.45,31122742.5
"(np.float64(1.5), 260, 280, 30, 10)",houghCircle,0.714583333,50370784.58,37763761.5
"(np.float64(1.5), 270, 120, 30, 10)",houghCircle,0.714583333,42511167.47,34712096.5
"(np.float64(1.5), 270, 260, 30, 10)",houghCircle,0.714583333,44260490.25,31970127.5
"(np.float64(1.5), 280, 230, 30, 10)",houghCircle,0.714583333,42079342.91,31929677.5
"(np.float64(1.5), 280, 240, 30, 10)",houghCircle,0.714583333,42105906.16,32216214
"(np.float64(1.5), 290, 270, 35, 15)",houghCircle,0.714583333,42181462.9,31825666.5
"(np.float64(1.5), 290, 280, 35, 15)",houghCircle,0.714583333,45250361.12,30707148.5
"(np.float64(1.0), 100, 280, 35, 10)",houghCircle,0.7125,41860497.48,31446119.5
"(np.float64(1.0), 110, 110, 35, 10)",houghCircle,0.7125,44082526.54,36402157.5
"(np.float64(1.0), 110, 280, 35, 10)",houghCircle,0.7125,44691758.34,32150661
"(np.float64(1.0), 120, 110, 35, 10)",houghCircle,0.7125,46524886.05,36780166.5
"(np.float64(1.0), 120, 280, 35, 10)",houghCircle,0.7125,43764102.46,31004721
"(np.float64(1.0), 130, 110, 35, 10)",houghCircle,0.7125,44410760.47,35842472
"(np.float64(1.0), 130, 280, 35, 10)",houghCircle,0.7125,44702922.3,32186843.5
"(np.float64(1.0), 140, 100, 35, 10)",houghCircle,0.7125,48567972.9,37382195.5
"(np.float64(1.0), 140, 280, 35, 10)",houghCircle,0.7125,40657343.21,30704267
"(np.float64(1.0), 150, 100, 35, 10)",houghCircle,0.7125,45604733.89,36621633.5
"(np.float64(1.0), 150, 270, 35, 10)",houghCircle,0.7125,39863397.19,30752718
"(np.float64(1.0), 160, 160, 35, 10)",houghCircle,0.7125,46231199.22,35924285.5
"(np.float64(1.0), 160, 270, 35, 10)",houghCircle,0.7125,41115142.08,30867819
"(np.float64(1.0), 170, 130, 35, 10)",houghCircle,0.7125,47189368.36,35638995.5
"(np.float64(1.0), 170, 170, 35, 10)",houghCircle,0.7125,42596097.52,32599929
"(np.float64(1.0), 170, 180, 30, 10)",houghCircle,0.7125,42640215.97,32662035.5
"(np.float64(1.0), 170, 270, 35, 10)",houghCircle,0.7125,41857702.09,31285122.5
"(np.float64(1.0), 180, 140, 35, 10)",houghCircle,0.7125,44713617.58,34611007
"(np.float64(1.0), 180, 170, 30, 10)",houghCircle,0.7125,42610098.5,32290855
"(np.float64(1.0), 200, 210, 35, 10)",houghCircle,0.7125,43320525.09,33213515
"(np.float64(1.0), 210, 200, 35, 10)",houghCircle,0.7125,41346629.66,33101630
"(np.float64(1.0), 210, 230, 35, 10)",houghCircle,0.7125,38838474.59,31836892.5
"(np.float64(1.0), 220, 140, 30, 10)",houghCircle,0.7125,43416204.71,33568962
"(np.float64(1.0), 240, 130, 30, 10)",houghCircle,0.7125,44688983.99,34836505
"(np.float64(1.0), 240, 280, 30, 10)",houghCircle,0.7125,39457524.1,31717443.5
"(np.float64(1.0), 250, 120, 30, 10)",houghCircle,0.7125,45753958.2,36206895.5
"(np.float64(1.0), 250, 210, 30, 10)",houghCircle,0.7125,38870222.19,31581778.5
"(np.float64(1.0), 250, 260, 30, 10)",houghCircle,0.7125,41304579.9,30949668
"(np.float64(1.0), 260, 120, 30, 10)",houghCircle,0.7125,47896814.89,35651288
"(np.float64(1.0), 260, 260, 30, 10)",houghCircle,0.7125,41014237.78,31288503
"(np.float64(1.0), 270, 220, 30, 10)",houghCircle,0.7125,42756095.67,32030095
"(np.float64(1.0), 270, 250, 30, 10)",houghCircle,0.7125,41658646.19,31557428.5
"(np.float64(1.0), 280, 290, 35, 5)",houghCircle,0.7125,40161339.69,31836406.5
"(np.float64(1.0), 290, 220, 35, 15)",houghCircle,0.7125,43790979.97,31562938
"(np.float64(1.0), 290, 230, 35, 15)",houghCircle,0.7125,41287827.92,31677132.5
"(np.float64(1.0), 290, 240, 35, 15)",houghCircle,0.7125,40469014.59,30012004.5
"(np.float64(1.0), 290, 250, 35, 15)",houghCircle,0.7125,43716177.68,31984744.5
"(np.float64(1.0), 290, 260, 35, 15)",houghCircle,0.7125,44480003.9,31771862
"(np.float64(1.5), 100, 280, 35, 10)",houghCircle,0.7125,40159470.64,30962046
"(np.float64(1.5), 110, 110, 35, 10)",houghCircle,0.7125,47910581.2,36589329.5
"(np.float64(1.5), 110, 280, 35, 10)",houghCircle,0.7125,39100962.04,30904694
"(np.float64(1.5), 120, 110, 35, 10)",houghCircle,0.7125,44453050.19,35126338.5
"(np.float64(1.5), 120, 280, 35, 10)",houghCircle,0.7125,42217732.49,31374585.5
"(np.float64(1.5), 130, 110, 35, 10)",houghCircle,0.7125,43577243.38,35728478.5
"(np.float64(1.5), 130, 280, 35, 10)",houghCircle,0.7125,46733531.33,37413035
"(np.float64(1.5), 140, 100, 35, 10)",houghCircle,0.7125,47509001.36,37972723.5
"(np.float64(1.5), 140, 280, 35, 10)",houghCircle,0.7125,41875500.86,31518986.5
"(np.float64(1.5), 150, 100, 35, 10)",houghCircle,0.7125,46418858.79,36480889.5
"(np.float64(1.5), 150, 270, 35, 10)",houghCircle,0.7125,39309848.1,31020866.5
"(np.float64(1.5), 160, 160, 35, 10)",houghCircle,0.7125,44882673.5,33585639
"(np.float64(1.5), 160, 270, 35, 10)",houghCircle,0.7125,41351244.84,31673711.5
"(np.float64(1.5), 170, 130, 35, 10)",houghCircle,0.7125,56679909.71,44291898.5
"(np.float64(1.5), 170, 170, 35, 10)",houghCircle,0.7125,50325518.07,40213057
"(np.float64(1.5), 170, 180, 30, 10)",houghCircle,0.7125,51118254.74,38338959.5
"(np.float64(1.5), 170, 270, 35, 10)",houghCircle,0.7125,43336482.63,31491123
"(np.float64(1.5), 180, 140, 35, 10)",houghCircle,0.7125,45401302.14,34095810.5
"(np.float64(1.5), 180, 170, 30, 10)",houghCircle,0.7125,42109354.31,33086878
"(np.float64(1.5), 200, 210, 35, 10)",houghCircle,0.7125,41476194.57,32255002.5
"(np.float64(1.5), 210, 200, 35, 10)",houghCircle,0.7125,41741727.24,32856770
"(np.float64(1.5), 210, 230, 35, 10)",houghCircle,0.7125,44548328.06,32482974.5
"(np.float64(1.5), 220, 140, 30, 10)",houghCircle,0.7125,42245622.17,33185527.5
"(np.float64(1.5), 240, 130, 30, 10)",houghCircle,0.7125,48321948.62,38515317
"(np.float64(1.5), 240, 280, 30, 10)",houghCircle,0.7125,44097064.38,31706733.5
"(np.float64(1.5), 250, 120, 30, 10)",houghCircle,0.7125,44606023.22,35713925.5
"(np.float64(1.5), 250, 210, 30, 10)",houghCircle,0.7125,43812019.54,33527949
"(np.float64(1.5), 250, 260, 30, 10)",houghCircle,0.7125,40494079.61,31736013.5
"(np.float64(1.5), 260, 120, 30, 10)",houghCircle,0.7125,49469668.58,39893672.5
"(np.float64(1.5), 260, 260, 30, 10)",houghCircle,0.7125,38405725.3,31463392.5
"(np.float64(1.5), 270, 220, 30, 10)",houghCircle,0.7125,41555218.26,31438510
"(np.float64(1.5), 270, 250, 30, 10)",houghCircle,0.7125,41891773.46,32189690
"(np.float64(1.5), 280, 290, 35, 5)",houghCircle,0.7125,40479522.84,30987438.5
"(np.float64(1.5), 290, 220, 35, 15)",houghCircle,0.7125,40471033.71,30134043.5
"(np.float64(1.5), 290, 230, 35, 15)",houghCircle,0.7125,41615745.6,32247072
"(np.float64(1.5), 290, 240, 35, 15)",houghCircle,0.7125,41480077.31,30430093
"(np.float64(1.5), 290, 250, 35, 15)",houghCircle,0.7125,41433645.57,30606775
"(np.float64(1.5), 290, 260, 35, 15)",houghCircle,0.7125,43510834.9,30905666
"(np.float64(1.0), 100, 110, 35, 10)",houghCircle,0.710416667,42485990.23,35228190
"(np.float64(1.0), 100, 270, 35, 10)",houghCircle,0.710416667,42653226.28,31688734
"(np.float64(1.0), 110, 100, 35, 10)",houghCircle,0.710416667,53723777.76,44009118
"(np.float64(1.0), 110, 120, 35, 10)",houghCircle,0.710416667,41282522.83,33900012.5
"(np.float64(1.0), 110, 270, 35, 10)",houghCircle,0.710416667,49683921.16,39346496
"(np.float64(1.0), 120, 100, 35, 10)",houghCircle,0.710416667,45718990.03,36793946
"(np.float64(1.0), 120, 120, 35, 10)",houghCircle,0.710416667,44100197.05,34209027.5
"(np.float64(1.0), 120, 270, 35, 10)",houghCircle,0.710416667,42465834.52,30766003
"(np.float64(1.0), 130, 100, 35, 10)",houghCircle,0.710416667,53744915.72,46422911
"(np.float64(1.0), 130, 120, 35, 10)",houghCircle,0.710416667,43707113.84,35234096
"(np.float64(1.0), 130, 270, 35, 10)",houghCircle,0.710416667,56602960.53,41487096.5
"(np.float64(1.0), 140, 120, 35, 10)",houghCircle,0.710416667,43147933.1,34433581.5
"(np.float64(1.0), 140, 270, 35, 10)",houghCircle,0.710416667,40193137.24,30679641.5
"(np.float64(1.0), 140, 290, 30, 10)",houghCircle,0.710416667,42885924,31815914
"(np.float64(1.0), 150, 120, 35, 10)",houghCircle,0.710416667,43639851.15,34859203
"(np.float64(1.0), 150, 290, 30, 10)",houghCircle,0.710416667,40136030.61,31176709.5
"(np.float64(1.0), 160, 130, 35, 10)",houghCircle,0.710416667,43705187.19,33989655
"(np.float64(1.0), 160, 170, 35, 10)",houghCircle,0.710416667,41644033.32,33019244.5
"(np.float64(1.0), 160, 290, 30, 10)",houghCircle,0.710416667,39100455.53,31288032.5
"(np.float64(1.0), 170, 140, 35, 10)",houghCircle,0.710416667,45508328.16,34295068.5
"(np.float64(1.0), 170, 150, 35, 10)",houghCircle,0.710416667,42424557.71,34501065.5
"(np.float64(1.0), 170, 180, 35, 10)",houghCircle,0.710416667,42851467.73,32146297.5
"(np.float64(1.0), 170, 290, 30, 10)",houghCircle,0.710416667,41648290.42,31000664
"(np.float64(1.0), 180, 240, 35, 10)",houghCircle,0.710416667,40732321.98,31251054
"(np.float64(1.0), 180, 250, 35, 10)",houghCircle,0.710416667,43405637.12,32039572.5
"(np.float64(1.0), 180, 260, 35, 10)",houghCircle,0.710416667,41501828.32,30930411
"(np.float64(1.0), 190, 160, 30, 10)",houghCircle,0.710416667,46491162.16,35093768
"(np.float64(1.0), 190, 190, 30, 10)",houghCircle,0.710416667,42325893.57,32087963.5
"(np.float64(1.0), 190, 240, 35, 10)",houghCircle,0.710416667,42437732.99,31621068.5
"(np.float64(1.0), 190, 250, 35, 10)",houghCircle,0.710416667,40534755.58,30957383
"(np.float64(1.0), 190, 260, 35, 10)",houghCircle,0.710416667,38627724.2,29886218
"(np.float64(1.0), 200, 140, 30, 10)",houghCircle,0.710416667,44150531.65,34342934.5
"(np.float64(1.0), 200, 200, 35, 10)",houghCircle,0.710416667,42193725.54,31592026.5
"(np.float64(1.0), 200, 230, 35, 10)",houghCircle,0.710416667,41733994.38,32730178.5
"(np.float64(1.0), 210, 140, 30, 10)",houghCircle,0.710416667,41789284.89,33173049
"(np.float64(1.0), 210, 190, 35, 10)",houghCircle,0.710416667,40362712.76,31815632
"(np.float64(1.0), 210, 220, 35, 10)",houghCircle,0.710416667,43337951.24,32051174.5
"(np.float64(1.0), 220, 280, 30, 10)",houghCircle,0.710416667,39790533.29,30305395.5
"(np.float64(1.0), 230, 200, 30, 10)",houghCircle,0.710416667,42346376.62,31502685.5
"(np.float64(1.0), 230, 280, 30, 10)",houghCircle,0.710416667,38690866.98,30627585.5
"(np.float64(1.0), 240, 200, 30, 10)",houghCircle,0.710416667,40301026.1,31682237.5
"(np.float64(1.0), 240, 270, 30, 10)",houghCircle,0.710416667,42324913.94,32168138
"(np.float64(1.0), 250, 250, 30, 10)",houghCircle,0.710416667,40848455.19,31135466
"(np.float64(1.0), 260, 220, 30, 10)",houghCircle,0.710416667,46022611.16,32976093
"(np.float64(1.0), 260, 250, 30, 10)",houghCircle,0.710416667,41560525.16,31008639
"(np.float64(1.0), 270, 230, 30, 10)",houghCircle,0.710416667,42923305.88,32109328.5
"(np.float64(1.0), 270, 240, 30, 10)",houghCircle,0.710416667,39183697.49,31039471.5
"(np.float64(1.0), 280, 100, 35, 5)",houghCircle,0.710416667,47130195,38266576
"(np.float64(1.0), 280, 120, 35, 5)",houghCircle,0.710416667,46010566.12,35584191.5
"(np.float64(1.0), 280, 290, 30, 5)",houghCircle,0.710416667,46215830.15,32453329
"(np.float64(1.5), 100, 110, 35, 10)",houghCircle,0.710416667,46043038.43,36325118
"(np.float64(1.5), 100, 270, 35, 10)",houghCircle,0.710416667,40150043.7,30909543
"(np.float64(1.5), 110, 100, 35, 10)",houghCircle,0.710416667,46624860.22,37084658
"(np.float64(1.5), 110, 120, 35, 10)",houghCircle,0.710416667,45067893.73,34096477.5
"(np.float64(1.5), 110, 270, 35, 10)",houghCircle,0.710416667,40178346.16,31366675.5
"(np.float64(1.5), 120, 100, 35, 10)",houghCircle,0.710416667,52108420.15,44059247.5
"(np.float64(1.5), 120, 120, 35, 10)",houghCircle,0.710416667,44431702.07,35546818
"(np.float64(1.5), 120, 270, 35, 10)",houghCircle,0.710416667,43771505,32478716
"(np.float64(1.5), 130, 100, 35, 10)",houghCircle,0.710416667,46610855.91,36778362.5
"(np.float64(1.5), 130, 120, 35, 10)",houghCircle,0.710416667,47800216.18,35325222.5
"(np.float64(1.5), 130, 270, 35, 10)",houghCircle,0.710416667,48221558.84,38404803.5
"(np.float64(1.5), 140, 120, 35, 10)",houghCircle,0.710416667,44620532.28,34738060.5
"(np.float64(1.5), 140, 270, 35, 10)",houghCircle,0.710416667,41166885.52,30916170
"(np.float64(1.5), 140, 290, 30, 10)",houghCircle,0.710416667,41102190.23,31644016
"(np.float64(1.5), 150, 120, 35, 10)",houghCircle,0.710416667,53216753.46,42277670
"(np.float64(1.5), 150, 290, 30, 10)",houghCircle,0.710416667,41824836.49,31267549
"(np.float64(1.5), 160, 130, 35, 10)",houghCircle,0.710416667,42436158.7,33094511.5
"(np.float64(1.5), 160, 170, 35, 10)",houghCircle,0.710416667,42813832.16,32227090.5
"(np.float64(1.5), 160, 290, 30, 10)",houghCircle,0.710416667,42125157.64,31339083
"(np.float64(1.5), 170, 140, 35, 10)",houghCircle,0.710416667,42019301.7,33775053
"(np.float64(1.5), 170, 150, 35, 10)",houghCircle,0.710416667,42024112.03,34133896.5
"(np.float64(1.5), 170, 180, 35, 10)",houghCircle,0.710416667,42057767.21,32278264.5
"(np.float64(1.5), 170, 290, 30, 10)",houghCircle,0.710416667,42015800.79,31899264.5
"(np.float64(1.5), 180, 240, 35, 10)",houghCircle,0.710416667,51014170.22,40728648.5
"(np.float64(1.5), 180, 250, 35, 10)",houghCircle,0.710416667,40604198.11,30883148.5
"(np.float64(1.5), 180, 260, 35, 10)",houghCircle,0.710416667,42159731.39,32145692
"(np.float64(1.5), 190, 160, 30, 10)",houghCircle,0.710416667,41153501.36,32814366
"(np.float64(1.5), 190, 190, 30, 10)",houghCircle,0.710416667,42835216.2,31759343
"(np.float64(1.5), 190, 240, 35, 10)",houghCircle,0.710416667,41434707.58,31444085
"(np.float64(1.5), 190, 250, 35, 10)",houghCircle,0.710416667,42913157.98,31954312.5
"(np.float64(1.5), 190, 260, 35, 10)",houghCircle,0.710416667,40439983.25,31207837.5
"(np.float64(1.5), 200, 140, 30, 10)",houghCircle,0.710416667,44975585.9,35103977
"(np.float64(1.5), 200, 200, 35, 10)",houghCircle,0.710416667,41984694.6,30759627
"(np.float64(1.5), 200, 230, 35, 10)",houghCircle,0.710416667,44044282.28,32864275
"(np.float64(1.5), 210, 140, 30, 10)",houghCircle,0.710416667,44215332.4,33587179.5
"(np.float64(1.5), 210, 190, 35, 10)",houghCircle,0.710416667,41349820.95,31413448.5
"(np.float64(1.5), 210, 220, 35, 10)",houghCircle,0.710416667,51409538.93,39251949
"(np.float64(1.5), 220, 280, 30, 10)",houghCircle,0.710416667,40802270.54,31620217
"(np.float64(1.5), 230, 200, 30, 10)",houghCircle,0.710416667,40773087.44,31557498
"(np.float64(1.5), 230, 280, 30, 10)",houghCircle,0.710416667,51665995.3,38063358
"(np.float64(1.5), 240, 200, 30, 10)",houghCircle,0.710416667,43822142.88,31789688.5
"(np.float64(1.5), 240, 270, 30, 10)",houghCircle,0.710416667,40568997.27,31420361
"(np.float64(1.5), 250, 250, 30, 10)",houghCircle,0.710416667,44342407.76,32346355
"(np.float64(1.5), 260, 220, 30, 10)",houghCircle,0.710416667,41275693.96,31845950
"(np.float64(1.5), 260, 250, 30, 10)",houghCircle,0.710416667,43640859.33,33025522
"(np.float64(1.5), 270, 230, 30, 10)",houghCircle,0.710416667,41713013.18,31186644
"(np.float64(1.5), 270, 240, 30, 10)",houghCircle,0.710416667,42168702.4,32109458.5
"(np.float64(1.5), 280, 100, 35, 5)",houghCircle,0.710416667,56469038.79,44784312.5
"(np.float64(1.5), 280, 120, 35, 5)",houghCircle,0.710416667,47567675.16,36496168
"(np.float64(1.5), 280, 290, 30, 5)",houghCircle,0.710416667,42225282.61,31428170.5
"(np.float64(1.0), 100, 100, 35, 10)",houghCircle,0.708333333,46641137.08,36860466
"(np.float64(1.0), 100, 120, 35, 10)",houghCircle,0.708333333,42105667.76,34578551
"(np.float64(1.0), 100, 290, 30, 10)",houghCircle,0.708333333,53658872.17,41328569
"(np.float64(1.0), 110, 160, 35, 10)",houghCircle,0.708333333,43900753.73,33793272
"(np.float64(1.0), 110, 290, 30, 10)",houghCircle,0.708333333,42524541.27,31429413.5
"(np.float64(1.0), 120, 160, 35, 10)",houghCircle,0.708333333,47630235.27,34896708
"(np.float64(1.0), 120, 290, 30, 10)",houghCircle,0.708333333,39994887.86,30372530.5
"(np.float64(1.0), 130, 160, 35, 10)",houghCircle,0.708333333,51963185.01,42149654.5
"(np.float64(1.0), 130, 290, 30, 10)",houghCircle,0.708333333,41932614.43,30961340.5
"(np.float64(1.0), 140, 160, 35, 10)",houghCircle,0.708333333,42424480.44,31584764.5
"(np.float64(1.0), 150, 160, 35, 10)",houghCircle,0.708333333,39702728.94,30782364
"(np.float64(1.0), 150, 260, 35, 10)",houghCircle,0.708333333,39624817.75,31089490
"(np.float64(1.0), 160, 140, 35, 10)",houghCircle,0.708333333,41876060.41,34239254.5
"(np.float64(1.0), 160, 150, 35, 10)",houghCircle,0.708333333,43847171.84,33349721
"(np.float64(1.0), 160, 180, 30, 10)",houghCircle,0.708333333,39084697.87,31466196.5
"(np.float64(1.0), 160, 180, 35, 10)",houghCircle,0.708333333,41897672.42,33008415
"(np.float64(1.0), 160, 260, 35, 10)",houghCircle,0.708333333,41726470.59,32511990
"(np.float64(1.0), 170, 170, 30, 10)",houghCircle,0.708333333,40624153.36,32256219.5
"(np.float64(1.0), 170, 240, 35, 10)",houghCircle,0.708333333,40961909.11,31575232
"(np.float64(1.0), 170, 250, 35, 10)",houghCircle,0.708333333,42194913.67,32437539
"(np.float64(1.0), 170, 260, 35, 10)",houghCircle,0.708333333,43513325.12,31891730
"(np.float64(1.0), 180, 160, 30, 10)",houghCircle,0.708333333,42959020.04,33036508
"(np.float64(1.0), 180, 190, 30, 10)",houghCircle,0.708333333,44717372.53,32117750
"(np.float64(1.0), 180, 210, 35, 10)",houghCircle,0.708333333,42084663.82,32135428
"(np.float64(1.0), 190, 150, 30, 10)",houghCircle,0.708333333,41926505.31,34117542
"(np.float64(1.0), 190, 210, 35, 10)",houghCircle,0.708333333,41721649.24,32042513.5
"(np.float64(1.0), 200, 190, 35, 10)",houghCircle,0.708333333,42351467.06,32089501
"(np.float64(1.0), 200, 200, 30, 10)",houghCircle,0.708333333,41344496,31589793
"(np.float64(1.0), 200, 220, 35, 10)",houghCircle,0.708333333,43232138.05,32194744.5
"(np.float64(1.0), 210, 200, 30, 10)",houghCircle,0.708333333,40538090.4,31657020
"(np.float64(1.0), 210, 280, 30, 10)",houghCircle,0.708333333,41376043.6,31754042.5
"(np.float64(1.0), 220, 200, 30, 10)",houghCircle,0.708333333,43452411.55,32050844.5
"(np.float64(1.0), 220, 270, 30, 10)",houghCircle,0.708333333,40406438.11,31213327.5
"(np.float64(1.0), 230, 270, 30, 10)",houghCircle,0.708333333,42817236.98,32111497.5
"(np.float64(1.0), 240, 210, 30, 10)",houghCircle,0.708333333,43901725.47,32395530.5
"(np.float64(1.0), 240, 260, 30, 10)",houghCircle,0.708333333,42408272.38,31680033.5
"(np.float64(1.0), 250, 120, 35, 5)",houghCircle,0.708333333,45396010.35,36357233
"(np.float64(1.0), 250, 220, 30, 10)",houghCircle,0.708333333,39739008.87,30637111.5
"(np.float64(1.0), 250, 290, 35, 5)",houghCircle,0.708333333,41299529.47,31909593.5
"(np.float64(1.0), 260, 100, 35, 5)",houghCircle,0.708333333,44751852.84,37333187.5
"(np.float64(1.0), 260, 120, 35, 5)",houghCircle,0.708333333,43142693.59,34649925.5
"(np.float64(1.0), 260, 230, 30, 10)",houghCircle,0.708333333,42647616.32,32289933
"(np.float64(1.0), 260, 240, 30, 10)",houghCircle,0.708333333,41090077.95,31071001
"(np.float64(1.0), 260, 290, 35, 5)",houghCircle,0.708333333,43815986.16,31776940
"(np.float64(1.0), 270, 100, 35, 5)",houghCircle,0.708333333,57626552.92,46200134
"(np.float64(1.0), 270, 120, 35, 5)",houghCircle,0.708333333,44444596.69,35348329.5
"(np.float64(1.0), 270, 290, 35, 5)",houghCircle,0.708333333,44097927.46,32049606
"(np.float64(1.0), 280, 110, 35, 5)",houghCircle,0.708333333,43698922.37,35630088
"(np.float64(1.0), 280, 160, 35, 5)",houghCircle,0.708333333,45114523.67,34779994.5
"(np.float64(1.0), 280, 180, 35, 5)",houghCircle,0.708333333,51673382.4,40251985.5
"(np.float64(1.5), 100, 100, 35, 10)",houghCircle,0.708333333,46292258.89,37100627.5
"(np.float64(1.5), 100, 120, 35, 10)",houghCircle,0.708333333,47281456.05,35597797
"(np.float64(1.5), 100, 290, 30, 10)",houghCircle,0.708333333,40908214.66,30362827.5
"(np.float64(1.5), 110, 160, 35, 10)",houghCircle,0.708333333,46174363.59,36503301.5
"(np.float64(1.5), 110, 290, 30, 10)",houghCircle,0.708333333,41131056.6,31114743
"(np.float64(1.5), 120, 160, 35, 10)",houghCircle,0.708333333,42830053.66,32851056.5
"(np.float64(1.5), 120, 290, 30, 10)",houghCircle,0.708333333,41454751.6,30254018
"(np.float64(1.5), 130, 160, 35, 10)",houghCircle,0.708333333,44473855.21,34406112.5
"(np.float64(1.5), 130, 290, 30, 10)",houghCircle,0.708333333,42846277.01,31424003
"(np.float64(1.5), 140, 160, 35, 10)",houghCircle,0.708333333,44036637.93,34042209.5
"(np.float64(1.5), 150, 160, 35, 10)",houghCircle,0.708333333,41481400.91,32920495.5
"(np.float64(1.5), 150, 260, 35, 10)",houghCircle,0.708333333,41929155.25,31903137
"(np.float64(1.5), 160, 140, 35, 10)",houghCircle,0.708333333,44641975.89,34502278.5
"(np.float64(1.5), 160, 150, 35, 10)",houghCircle,0.708333333,45646029.78,34168506.5
"(np.float64(1.5), 160, 180, 30, 10)",houghCircle,0.708333333,42667158.56,32487538
"(np.float64(1.5), 160, 180, 35, 10)",houghCircle,0.708333333,41793789.31,31580726.5
"(np.float64(1.5), 160, 260, 35, 10)",houghCircle,0.708333333,41942749.02,31837995
"(np.float64(1.5), 170, 170, 30, 10)",houghCircle,0.708333333,44030869.78,32966457
"(np.float64(1.5), 170, 240, 35, 10)",houghCircle,0.708333333,44038603.85,31851790
"(np.float64(1.5), 170, 250, 35, 10)",houghCircle,0.708333333,48123160.99,38448711
"(np.float64(1.5), 170, 260, 35, 10)",houghCircle,0.708333333,42958665.44,30803478
"(np.float64(1.5), 180, 160, 30, 10)",houghCircle,0.708333333,43859412.93,33453710.5
"(np.float64(1.5), 180, 190, 30, 10)",houghCircle,0.708333333,39186770.65,31701292.5
"(np.float64(1.5), 180, 210, 35, 10)",houghCircle,0.708333333,43213564.75,32095753.5
"(np.float64(1.5), 190, 150, 30, 10)",houghCircle,0.708333333,43690669.98,33873443.5
"(np.float64(1.5), 190, 210, 35, 10)",houghCircle,0.708333333,49472083.77,38351143.5
"(np.float64(1.5), 200, 190, 35, 10)",houghCircle,0.708333333,39329990.27,31913641
"(np.float64(1.5), 200, 200, 30, 10)",houghCircle,0.708333333,40408017.58,30551886.5
"(np.float64(1.5), 200, 220, 35, 10)",houghCircle,0.708333333,42556132.36,31559812.5
"(np.float64(1.5), 210, 200, 30, 10)",houghCircle,0.708333333,41295912.32,31831296
"(np.float64(1.5), 210, 280, 30, 10)",houghCircle,0.708333333,41587883.14,31587681.5
"(np.float64(1.5), 220, 200, 30, 10)",houghCircle,0.708333333,41982856.58,32115329.5
"(np.float64(1.5), 220, 270, 30, 10)",houghCircle,0.708333333,39536932.19,31569832
"(np.float64(1.5), 230, 270, 30, 10)",houghCircle,0.708333333,43204070.1,30674366.5
"(np.float64(1.5), 240, 210, 30, 10)",houghCircle,0.708333333,41676867.49,32097961
"(np.float64(1.5), 240, 260, 30, 10)",houghCircle,0.708333333,44006651.16,31641931.5
"(np.float64(1.5), 250, 120, 35, 5)",houghCircle,0.708333333,44684566.94,35638048.5
"(np.float64(1.5), 250, 220, 30, 10)",houghCircle,0.708333333,43731320.63,32632886
"(np.float64(1.5), 250, 290, 35, 5)",houghCircle,0.708333333,41812609.72,31180601.5
"(np.float64(1.5), 260, 100, 35, 5)",houghCircle,0.708333333,46280143.94,37381656
"(np.float64(1.5), 260, 120, 35, 5)",houghCircle,0.708333333,44751517.83,35603563.5
"(np.float64(1.5), 260, 230, 30, 10)",houghCircle,0.708333333,41818457,31742821
"(np.float64(1.5), 260, 240, 30, 10)",houghCircle,0.708333333,40490736.23,31667396.5
"(np.float64(1.5), 260, 290, 35, 5)",houghCircle,0.708333333,43062487.39,31949839.5
"(np.float64(1.5), 270, 100, 35, 5)",houghCircle,0.708333333,55455110.79,44983477
"(np.float64(1.5), 270, 120, 35, 5)",houghCircle,0.708333333,43894996.63,34694043
"(np.float64(1.5), 270, 290, 35, 5)",houghCircle,0.708333333,42106696.17,31344609
"(np.float64(1.5), 280, 110, 35, 5)",houghCircle,0.708333333,47113428.94,35968835
"(np.float64(1.5), 280, 160, 35, 5)",houghCircle,0.708333333,42013206.17,32517865.5
"(np.float64(1.5), 280, 180, 35, 5)",houghCircle,0.708333333,42343741.33,33361959
"(np.float64(1.0), 100, 160, 35, 10)",houghCircle,0.70625,46158887.71,34280622
"(np.float64(1.0), 100, 170, 35, 10)",houghCircle,0.70625,49578709.39,37907536
"(np.float64(1.0), 100, 180, 35, 10)",houghCircle,0.70625,45887486.06,34915562.5
"(np.float64(1.0), 100, 260, 35, 10)",houghCircle,0.70625,43570683.09,32591213
"(np.float64(1.0), 110, 130, 35, 10)",houghCircle,0.70625,45825965.5,34219031
"(np.float64(1.0), 110, 170, 35, 10)",houghCircle,0.70625,44194794.05,34154595.5
"(np.float64(1.0), 110, 180, 35, 10)",houghCircle,0.70625,40815340.19,32645429
"(np.float64(1.0), 110, 260, 35, 10)",houghCircle,0.70625,41830534.58,31907931
"(np.float64(1.0), 120, 130, 35, 10)",houghCircle,0.70625,46095783.13,35352643
"(np.float64(1.0), 120, 170, 35, 10)",houghCircle,0.70625,41554724.16,32223005.5
"(np.float64(1.0), 120, 180, 35, 10)",houghCircle,0.70625,46250090.08,33937272.5
"(np.float64(1.0), 120, 260, 35, 10)",houghCircle,0.70625,40649180.18,30794502.5
"(np.float64(1.0), 130, 130, 35, 10)",houghCircle,0.70625,45076636.1,34339438
"(np.float64(1.0), 130, 170, 35, 10)",houghCircle,0.70625,42648368.85,33256592.5
"(np.float64(1.0), 130, 180, 35, 10)",houghCircle,0.70625,42610769.17,32061729.5
"(np.float64(1.0), 130, 260, 35, 10)",houghCircle,0.70625,42979960.68,32057200.5
"(np.float64(1.0), 140, 130, 35, 10)",houghCircle,0.70625,45711785.69,35545245.5
"(np.float64(1.0), 140, 170, 35, 10)",houghCircle,0.70625,40757709.76,32443861
"(np.float64(1.0), 140, 180, 30, 10)",houghCircle,0.70625,45772258.1,32848796.5
"(np.float64(1.0), 140, 180, 35, 10)",houghCircle,0.70625,43293818.24,33892364.5
"(np.float64(1.0), 140, 260, 35, 10)",houghCircle,0.70625,40640558.39,31569351
"(np.float64(1.0), 150, 130, 35, 10)",houghCircle,0.70625,43320810.76,33934467.5
"(np.float64(1.0), 150, 170, 35, 10)",houghCircle,0.70625,51960376.59,41635765.5
"(np.float64(1.0), 150, 180, 30, 10)",houghCircle,0.70625,43020590.05,32396337
"(np.float64(1.0), 150, 180, 35, 10)",houghCircle,0.70625,42449531.63,32288896
"(np.float64(1.0), 150, 240, 35, 10)",houghCircle,0.70625,40901787.01,31369776
"(np.float64(1.0), 150, 250, 35, 10)",houghCircle,0.70625,39738183.51,31857531
"(np.float64(1.0), 160, 210, 35, 10)",houghCircle,0.70625,41876860.8,32267184.5
"(np.float64(1.0), 160, 240, 35, 10)",houghCircle,0.70625,40952602.04,31809887
"(np.float64(1.0), 160, 250, 35, 10)",houghCircle,0.70625,44046677.76,32452651.5
"(np.float64(1.0), 170, 210, 35, 10)",houghCircle,0.70625,42083629.1,32010012
"(np.float64(1.0), 180, 200, 35, 10)",houghCircle,0.70625,42759678.48,32667300
"(np.float64(1.0), 180, 230, 35, 10)",houghCircle,0.70625,45684900.07,33155481
"(np.float64(1.0), 180, 270, 30, 10)",houghCircle,0.70625,38353917.7,30670158.5
"(np.float64(1.0), 180, 280, 30, 10)",houghCircle,0.70625,40991467.35,31216338
"(np.float64(1.0), 190, 200, 35, 10)",houghCircle,0.70625,39805870.81,32350205
"(np.float64(1.0), 190, 230, 35, 10)",houghCircle,0.70625,42130466.67,31882538.5
"(np.float64(1.0), 190, 270, 30, 10)",houghCircle,0.70625,38430233.1,30067954
"(np.float64(1.0), 190, 280, 30, 10)",houghCircle,0.70625,40780042.65,31765559
"(np.float64(1.0), 200, 270, 30, 10)",houghCircle,0.70625,45581854.32,32536680.5
"(np.float64(1.0), 200, 280, 30, 10)",houghCircle,0.70625,41935441.89,30816793.5
"(np.float64(1.0), 210, 270, 30, 10)",houghCircle,0.70625,46378637.05,32543332
"(np.float64(1.0), 220, 260, 30, 10)",houghCircle,0.70625,40984057.38,31808439
"(np.float64(1.0), 230, 210, 30, 10)",houghCircle,0.70625,44538849.65,32859841
"(np.float64(1.0), 230, 260, 30, 10)",houghCircle,0.70625,41484121.83,32000620
"(np.float64(1.0), 240, 120, 30, 10)",houghCircle,0.70625,42117445.2,33753489
"(np.float64(1.0), 240, 250, 30, 10)",houghCircle,0.70625,40792521.2,31676026
"(np.float64(1.0), 240, 290, 35, 5)",houghCircle,0.70625,39840860.46,30972871
"(np.float64(1.0), 250, 100, 35, 5)",houghCircle,0.70625,46012234.83,37358706.5
"(np.float64(1.0), 250, 180, 35, 5)",houghCircle,0.70625,44731880.62,33486988.5
"(np.float64(1.0), 250, 230, 30, 10)",houghCircle,0.70625,40903530.49,31728118
"(np.float64(1.0), 250, 240, 30, 10)",houghCircle,0.70625,41580634.98,32351687.5
"(np.float64(1.0), 260, 110, 35, 5)",houghCircle,0.70625,45662321.92,36196952.5
"(np.float64(1.0), 260, 180, 35, 5)",houghCircle,0.70625,41966934.75,31880653.5
"(np.float64(1.0), 270, 110, 35, 5)",houghCircle,0.70625,44802074.88,36513441
"(np.float64(1.0), 270, 180, 35, 5)",houghCircle,0.70625,43323133.81,33009252.5
"(np.float64(1.0), 280, 110, 30, 10)",houghCircle,0.70625,45331067.44,36227439.5
"(np.float64(1.0), 280, 130, 35, 5)",houghCircle,0.70625,42907441.91,34837007.5
"(np.float64(1.0), 280, 170, 35, 5)",houghCircle,0.70625,43882417.27,33942697.5
"(np.float64(1.5), 100, 160, 35, 10)",houghCircle,0.70625,43570169.37,32600845.5
"(np.float64(1.5), 100, 170, 35, 10)",houghCircle,0.70625,43930754.19,33819957
"(np.float64(1.5), 100, 180, 35, 10)",houghCircle,0.70625,44619322.27,34090190
"(np.float64(1.5), 100, 260, 35, 10)",houghCircle,0.70625,38195298.15,29667667.5
"(np.float64(1.5), 110, 130, 35, 10)",houghCircle,0.70625,40561096.99,32235325.5
"(np.float64(1.5), 110, 170, 35, 10)",houghCircle,0.70625,42625198.72,32495283
"(np.float64(1.5), 110, 180, 35, 10)",houghCircle,0.70625,44070843.42,33484107.5
"(np.float64(1.5), 110, 260, 35, 10)",houghCircle,0.70625,39561617.37,31999723
"(np.float64(1.5), 120, 130, 35, 10)",houghCircle,0.70625,43164491.88,34707057.5
"(np.float64(1.5), 120, 170, 35, 10)",houghCircle,0.70625,44090555.46,32478812.5
"(np.float64(1.5), 120, 180, 35, 10)",houghCircle,0.70625,40387815.41,32440551.5
"(np.float64(1.5), 120, 260, 35, 10)",houghCircle,0.70625,41368746.41,31200984.5
"(np.float64(1.5), 130, 130, 35, 10)",houghCircle,0.70625,42616383.82,33159419.5
"(np.float64(1.5), 130, 170, 35, 10)",houghCircle,0.70625,42680294.18,32678336
"(np.float64(1.5), 130, 180, 35, 10)",houghCircle,0.70625,41933179.88,32254952.5
"(np.float64(1.5), 130, 260, 35, 10)",houghCircle,0.70625,42640887.47,31221648
"(np.float64(1.5), 140, 130, 35, 10)",houghCircle,0.70625,46694430.87,34944367.5
"(np.float64(1.5), 140, 170, 35, 10)",houghCircle,0.70625,42593314.7,32387295.5
"(np.float64(1.5), 140, 180, 30, 10)",houghCircle,0.70625,41412752.8,32762760
"(np.float64(1.5), 140, 180, 35, 10)",houghCircle,0.70625,45944823.04,33473357.5
"(np.float64(1.5), 140, 260, 35, 10)",houghCircle,0.70625,42416590.5,32165417.5
"(np.float64(1.5), 150, 130, 35, 10)",houghCircle,0.70625,44624393.84,34009638
"(np.float64(1.5), 150, 170, 35, 10)",houghCircle,0.70625,43301035.94,33519199.5
"(np.float64(1.5), 150, 180, 30, 10)",houghCircle,0.70625,42475250.19,33175769
"(np.float64(1.5), 150, 180, 35, 10)",houghCircle,0.70625,42298972.55,33254607
"(np.float64(1.5), 150, 240, 35, 10)",houghCircle,0.70625,42011127.9,31396386
"(np.float64(1.5), 150, 250, 35, 10)",houghCircle,0.70625,41619209.49,31650498
"(np.float64(1.5), 160, 210, 35, 10)",houghCircle,0.70625,42708698.86,31544759.5
"(np.float64(1.5), 160, 240, 35, 10)",houghCircle,0.70625,43526556.34,30944814
"(np.float64(1.5), 160, 250, 35, 10)",houghCircle,0.70625,40661629.43,31767031.5
"(np.float64(1.5), 170, 210, 35, 10)",houghCircle,0.70625,49945853.14,39684439.5
"(np.float64(1.5), 180, 200, 35, 10)",houghCircle,0.70625,40897757.71,31819795.5
"(np.float64(1.5), 180, 230, 35, 10)",houghCircle,0.70625,44622770.98,33160470.5
"(np.float64(1.5), 180, 270, 30, 10)",houghCircle,0.70625,42096158.76,31821689
"(np.float64(1.5), 180, 280, 30, 10)",houghCircle,0.70625,42781006.35,30815751.5
"(np.float64(1.5), 190, 200, 35, 10)",houghCircle,0.70625,49729476,39242325
"(np.float64(1.5), 190, 230, 35, 10)",houghCircle,0.70625,43490110.13,31892542
"(np.float64(1.5), 190, 270, 30, 10)",houghCircle,0.70625,38536074.86,30978932.5
"(np.float64(1.5), 190, 280, 30, 10)",houghCircle,0.70625,40753276.64,30865725.5
"(np.float64(1.5), 200, 270, 30, 10)",houghCircle,0.70625,40983298.09,30502874.5
"(np.float64(1.5), 200, 280, 30, 10)",houghCircle,0.70625,46516617.36,32147445.5
"(np.float64(1.5), 210, 270, 30, 10)",houghCircle,0.70625,42439482.93,31205534
"(np.float64(1.5), 220, 260, 30, 10)",houghCircle,0.70625,40063589.95,31400980
"(np.float64(1.5), 230, 210, 30, 10)",houghCircle,0.70625,39544031.08,31576760
"(np.float64(1.5), 230, 260, 30, 10)",houghCircle,0.70625,38977556.94,29781401.5
"(np.float64(1.5), 240, 120, 30, 10)",houghCircle,0.70625,53939809.24,42100327.5
"(np.float64(1.5), 240, 250, 30, 10)",houghCircle,0.70625,43277054.56,32132425.5
"(np.float64(1.5), 240, 290, 35, 5)",houghCircle,0.70625,39576448.85,31028255.5
"(np.float64(1.5), 250, 100, 35, 5)",houghCircle,0.70625,46870722.8,36342641
"(np.float64(1.5), 250, 180, 35, 5)",houghCircle,0.70625,42942456.31,33292295
"(np.float64(1.5), 250, 230, 30, 10)",houghCircle,0.70625,38436258.81,31238216
"(np.float64(1.5), 250, 240, 30, 10)",houghCircle,0.70625,40692804.31,32148316
"(np.float64(1.5), 260, 110, 35, 5)",houghCircle,0.70625,55055234.74,43973000
"(np.float64(1.5), 260, 180, 35, 5)",houghCircle,0.70625,44658119.32,32878030.5
"(np.float64(1.5), 270, 110, 35, 5)",houghCircle,0.70625,46476990,37442913
"(np.float64(1.5), 270, 180, 35, 5)",houghCircle,0.70625,42130157.57,32931835
"(np.float64(1.5), 280, 110, 30, 10)",houghCircle,0.70625,50636921.5,42383498.5
"(np.float64(1.5), 280, 130, 35, 5)",houghCircle,0.70625,43248884.39,35371708
"(np.float64(1.5), 280, 170, 35, 5)",houghCircle,0.70625,45725532.75,33102422.5
"(np.float64(1.0), 100, 130, 35, 10)",houghCircle,0.704166667,42883717.46,35496403.5
"(np.float64(1.0), 100, 240, 35, 10)",houghCircle,0.704166667,42121722.74,33435255.5
"(np.float64(1.0), 100, 250, 35, 10)",houghCircle,0.704166667,44965536.82,32407493.5
"(np.float64(1.0), 110, 140, 35, 10)",houghCircle,0.704166667,39772511.25,33361433
"(np.float64(1.0), 110, 150, 35, 10)",houghCircle,0.704166667,43569203.83,33917226.5
"(np.float64(1.0), 110, 180, 30, 10)",houghCircle,0.704166667,43273628.7,34177989.5
"(np.float64(1.0), 110, 240, 35, 10)",houghCircle,0.704166667,50272685.84,38913788.5
"(np.float64(1.0), 110, 250, 35, 10)",houghCircle,0.704166667,54720699.04,42133860
"(np.float64(1.0), 120, 140, 35, 10)",houghCircle,0.704166667,53810578.13,42841628
"(np.float64(1.0), 120, 150, 35, 10)",houghCircle,0.704166667,58415496.8,44420339.5
"(np.float64(1.0), 120, 180, 30, 10)",houghCircle,0.704166667,40115677.23,32693414.5
"(np.float64(1.0), 120, 240, 35, 10)",houghCircle,0.704166667,42055204.83,31711021.5
"(np.float64(1.0), 120, 250, 35, 10)",houghCircle,0.704166667,39931964.28,30524255
"(np.float64(1.0), 130, 140, 35, 10)",houghCircle,0.704166667,41962960.95,33909946.5
"(np.float64(1.0), 130, 150, 35, 10)",houghCircle,0.704166667,44455795.13,33349034.5
"(np.float64(1.0), 130, 180, 30, 10)",houghCircle,0.704166667,40111826.9,32548085.5
"(np.float64(1.0), 130, 240, 35, 10)",houghCircle,0.704166667,40275338.04,31264874.5
"(np.float64(1.0), 130, 250, 35, 10)",houghCircle,0.704166667,40528018.82,31706693
"(np.float64(1.0), 140, 140, 35, 10)",houghCircle,0.704166667,44327657.73,34718092
"(np.float64(1.0), 140, 150, 35, 10)",houghCircle,0.704166667,57368765.47,44628845.5
"(np.float64(1.0), 140, 240, 35, 10)",houghCircle,0.704166667,44127704.63,31687072
"(np.float64(1.0), 140, 250, 35, 10)",houghCircle,0.704166667,40855648,30780930.5
"(np.float64(1.0), 150, 140, 35, 10)",houghCircle,0.704166667,43321368.44,33260553.5
"(np.float64(1.0), 150, 150, 35, 10)",houghCircle,0.704166667,44107263.25,34570317
"(np.float64(1.0), 150, 210, 35, 10)",houghCircle,0.704166667,55338415.49,41557773.5
"(np.float64(1.0), 160, 170, 30, 10)",houghCircle,0.704166667,41602941.99,32788502
"(np.float64(1.0), 170, 160, 30, 10)",houghCircle,0.704166667,43318355.22,32810619
"(np.float64(1.0), 170, 190, 30, 10)",houghCircle,0.704166667,44900117.39,33130919.5
"(np.float64(1.0), 170, 200, 35, 10)",houghCircle,0.704166667,42705467.42,32477067.5
"(np.float64(1.0), 170, 230, 35, 10)",houghCircle,0.704166667,41806721.03,31623412
"(np.float64(1.0), 180, 150, 30, 10)",houghCircle,0.704166667,43262147.48,33805802
"(np.float64(1.0), 180, 190, 35, 10)",houghCircle,0.704166667,43290353.88,32648951
"(np.float64(1.0), 180, 220, 35, 10)",houghCircle,0.704166667,41706456.85,31774455.5
"(np.float64(1.0), 180, 260, 30, 10)",houghCircle,0.704166667,43206745.26,31907179.5
"(np.float64(1.0), 190, 140, 30, 10)",houghCircle,0.704166667,43652522.56,34296966
"(np.float64(1.0), 190, 190, 35, 10)",houghCircle,0.704166667,42116891.99,32118636.5
"(np.float64(1.0), 190, 200, 30, 10)",houghCircle,0.704166667,40341415.62,31384737.5
"(np.float64(1.0), 190, 220, 35, 10)",houghCircle,0.704166667,40030701.78,29984997.5
"(np.float64(1.0), 190, 260, 30, 10)",houghCircle,0.704166667,42056288.87,31552408.5
"(np.float64(1.0), 200, 260, 30, 10)",houghCircle,0.704166667,41412982.01,31697040
"(np.float64(1.0), 210, 210, 30, 10)",houghCircle,0.704166667,43391370.86,32284743.5
"(np.float64(1.0), 210, 260, 30, 10)",houghCircle,0.704166667,42608256.98,32241720
"(np.float64(1.0), 220, 210, 30, 10)",houghCircle,0.704166667,42445284.48,31894435
"(np.float64(1.0), 220, 250, 30, 10)",houghCircle,0.704166667,40588053.68,30981548
"(np.float64(1.0), 230, 250, 30, 10)",houghCircle,0.704166667,42156011.08,31154502.5
"(np.float64(1.0), 230, 290, 35, 5)",houghCircle,0.704166667,39961496.53,31192408.5
"(np.float64(1.0), 240, 180, 35, 5)",houghCircle,0.704166667,38616644.23,31968515
"(np.float64(1.0), 240, 220, 30, 10)",houghCircle,0.704166667,44383543.22,32622731.5
"(np.float64(1.0), 250, 110, 35, 5)",houghCircle,0.704166667,45773563.92,36856690
"(np.float64(1.0), 280, 150, 35, 5)",houghCircle,0.704166667,44932010.19,34808547.5
"(np.float64(1.0), 280, 280, 30, 5)",houghCircle,0.704166667,44649006.81,32139811
"(np.float64(1.0), 280, 280, 35, 5)",houghCircle,0.704166667,41868121.66,31083423
"(np.float64(1.5), 100, 130, 35, 10)",houghCircle,0.704166667,45939659.89,35451608
"(np.float64(1.5), 100, 240, 35, 10)",houghCircle,0.704166667,40688283.65,31067063
"(np.float64(1.5), 100, 250, 35, 10)",houghCircle,0.704166667,41843096.47,31685443
"(np.float64(1.5), 110, 140, 35, 10)",houghCircle,0.704166667,42962029.85,33678828
"(np.float64(1.5), 110, 150, 35, 10)",houghCircle,0.704166667,43190362.39,34006182.5
"(np.float64(1.5), 110, 180, 30, 10)",houghCircle,0.704166667,42787317.11,32040875
"(np.float64(1.5), 110, 240, 35, 10)",houghCircle,0.704166667,43881449.49,31669754
"(np.float64(1.5), 110, 250, 35, 10)",houghCircle,0.704166667,38164782.35,30338941.5
"(np.float64(1.5), 120, 140, 35, 10)",houghCircle,0.704166667,43566381.43,34732148.5
"(np.float64(1.5), 120, 150, 35, 10)",houghCircle,0.704166667,47790817.13,34577759.5
"(np.float64(1.5), 120, 180, 30, 10)",houghCircle,0.704166667,42365743.28,33300213
"(np.float64(1.5), 120, 240, 35, 10)",houghCircle,0.704166667,48614764.47,37665823
"(np.float64(1.5), 120, 250, 35, 10)",houghCircle,0.704166667,43453067.63,31451269.5
"(np.float64(1.5), 130, 140, 35, 10)",houghCircle,0.704166667,44104755.55,34253145
"(np.float64(1.5), 130, 150, 35, 10)",houghCircle,0.704166667,45037360.73,34287159.5
"(np.float64(1.5), 130, 180, 30, 10)",houghCircle,0.704166667,40356345.33,32315720.5
"(np.float64(1.5), 130, 240, 35, 10)",houghCircle,0.704166667,42051521.62,31799201
"(np.float64(1.5), 130, 250, 35, 10)",houghCircle,0.704166667,42117136.11,31451525.5
"(np.float64(1.5), 140, 140, 35, 10)",houghCircle,0.704166667,43829516.94,34136827
"(np.float64(1.5), 140, 150, 35, 10)",houghCircle,0.704166667,44178150.97,34567479.5
"(np.float64(1.5), 140, 240, 35, 10)",houghCircle,0.704166667,41671972.44,30902801
"(np.float64(1.5), 140, 250, 35, 10)",houghCircle,0.704166667,43829537.39,31490067.5
"(np.float64(1.5), 150, 140, 35, 10)",houghCircle,0.704166667,54875478.11,42584089.5
"(np.float64(1.5), 150, 150, 35, 10)",houghCircle,0.704166667,44549915.88,34120832.5
"(np.float64(1.5), 150, 210, 35, 10)",houghCircle,0.704166667,41576012.26,32564723
"(np.float64(1.5), 160, 170, 30, 10)",houghCircle,0.704166667,45405644.32,34268153
"(np.float64(1.5), 170, 160, 30, 10)",houghCircle,0.704166667,40402674.14,31530502.5
"(np.float64(1.5), 170, 190, 30, 10)",houghCircle,0.704166667,42471845.22,31803921
"(np.float64(1.5), 170, 200, 35, 10)",houghCircle,0.704166667,51531333.41,40640593.5
"(np.float64(1.5), 170, 230, 35, 10)",houghCircle,0.704166667,40126822.41,31090181.5
"(np.float64(1.5), 180, 150, 30, 10)",houghCircle,0.704166667,44749669.22,34084364
"(np.float64(1.5), 180, 190, 35, 10)",houghCircle,0.704166667,41932533.24,32802368.5
"(np.float64(1.5), 180, 220, 35, 10)",houghCircle,0.704166667,42085138.04,32447474
"(np.float64(1.5), 180, 260, 30, 10)",houghCircle,0.704166667,51672896.58,39889721
"(np.float64(1.5), 190, 140, 30, 10)",houghCircle,0.704166667,47089368.97,34927520
"(np.float64(1.5), 190, 190, 35, 10)",houghCircle,0.704166667,40603432.89,31640844.5
"(np.float64(1.5), 190, 200, 30, 10)",houghCircle,0.704166667,40544006.45,32377240
"(np.float64(1.5), 190, 220, 35, 10)",houghCircle,0.704166667,44321484.48,32644493
"(np.float64(1.5), 190, 260, 30, 10)",houghCircle,0.704166667,41723752.4,30979930
"(np.float64(1.5), 200, 260, 30, 10)",houghCircle,0.704166667,41544742.84,31983948.5
"(np.float64(1.5), 210, 210, 30, 10)",houghCircle,0.704166667,41675278.13,32172922.5
"(np.float64(1.5), 210, 260, 30, 10)",houghCircle,0.704166667,41461807.4,31631577
"(np.float64(1.5), 220, 210, 30, 10)",houghCircle,0.704166667,40876467.79,31913090.5
"(np.float64(1.5), 220, 250, 30, 10)",houghCircle,0.704166667,42333990.32,32349915.5
"(np.float64(1.5), 230, 250, 30, 10)",houghCircle,0.704166667,44061868.6,32514789.5
"(np.float64(1.5), 230, 290, 35, 5)",houghCircle,0.704166667,47373507.97,36618067
"(np.float64(1.5), 240, 180, 35, 5)",houghCircle,0.704166667,42533035.4,32981359
"(np.float64(1.5), 240, 220, 30, 10)",houghCircle,0.704166667,40518023.85,31672002.5
"(np.float64(1.5), 250, 110, 35, 5)",houghCircle,0.704166667,52407131.47,43631765.5
"(np.float64(1.5), 280, 150, 35, 5)",houghCircle,0.704166667,43639389.46,34127421.5
"(np.float64(1.5), 280, 280, 30, 5)",houghCircle,0.704166667,43749002.61,32293659
"(np.float64(1.5), 280, 280, 35, 5)",houghCircle,0.704166667,42979856.13,32400765.5
"(np.float64(1.0), 100, 140, 35, 10)",houghCircle,0.702083333,43867236.34,33852319
"(np.float64(1.0), 100, 150, 35, 10)",houghCircle,0.702083333,46664502.66,35524015
"(np.float64(1.0), 100, 180, 30, 10)",houghCircle,0.702083333,50191490.13,39511645.5
"(np.float64(1.0), 100, 210, 35, 10)",houghCircle,0.702083333,43080010.91,34118413
"(np.float64(1.0), 110, 210, 35, 10)",houghCircle,0.702083333,42421311.76,32451390.5
"(np.float64(1.0), 120, 210, 35, 10)",houghCircle,0.702083333,41668818.52,31610107
"(np.float64(1.0), 130, 210, 35, 10)",houghCircle,0.702083333,40656798.38,31509974
"(np.float64(1.0), 140, 170, 30, 10)",houghCircle,0.702083333,43896558.84,33676634
"(np.float64(1.0), 140, 210, 35, 10)",houghCircle,0.702083333,42624400.27,31819420
"(np.float64(1.0), 140, 270, 30, 10)",houghCircle,0.702083333,38853811.76,30330396.5
"(np.float64(1.0), 140, 280, 30, 10)",houghCircle,0.702083333,38237629.13,30962637
"(np.float64(1.0), 150, 170, 30, 10)",houghCircle,0.702083333,45918626.93,33905704.5
"(np.float64(1.0), 150, 230, 35, 10)",houghCircle,0.702083333,42957855.01,31827530
"(np.float64(1.0), 150, 270, 30, 10)",houghCircle,0.702083333,40402786.37,30909182
"(np.float64(1.0), 150, 280, 30, 10)",houghCircle,0.702083333,38675210.46,31280259
"(np.float64(1.0), 160, 200, 35, 10)",houghCircle,0.702083333,41598664.66,31192483.5
"(np.float64(1.0), 160, 230, 35, 10)",houghCircle,0.702083333,43347956.89,31884857
"(np.float64(1.0), 160, 270, 30, 10)",houghCircle,0.702083333,38142951.11,30537920
"(np.float64(1.0), 160, 280, 30, 10)",houghCircle,0.702083333,39732106.58,31144809
"(np.float64(1.0), 170, 150, 30, 10)",houghCircle,0.702083333,42571002.04,32417016
"(np.float64(1.0), 170, 190, 35, 10)",houghCircle,0.702083333,40217187.65,32055573
"(np.float64(1.0), 170, 220, 35, 10)",houghCircle,0.702083333,39075280.98,30460981
"(np.float64(1.0), 170, 270, 30, 10)",houghCircle,0.702083333,43953822.2,31454616
"(np.float64(1.0), 170, 280, 30, 10)",houghCircle,0.702083333,36514357.15,29654202.5
"(np.float64(1.0), 180, 200, 30, 10)",houghCircle,0.702083333,41508939.22,32326606
"(np.float64(1.0), 180, 250, 30, 10)",houghCircle,0.702083333,40346895.87,31390224
"(np.float64(1.0), 190, 250, 30, 10)",houghCircle,0.702083333,43334008.91,32201541.5
"(np.float64(1.0), 200, 210, 30, 10)",houghCircle,0.702083333,39514789.12,31128934.5
"(np.float64(1.0), 200, 250, 30, 10)",houghCircle,0.702083333,38630241.85,31741228
"(np.float64(1.0), 210, 250, 30, 10)",houghCircle,0.702083333,44103095.79,31796842.5
"(np.float64(1.0), 230, 130, 30, 10)",houghCircle,0.702083333,45022666.41,35203113
"(np.float64(1.0), 230, 180, 35, 5)",houghCircle,0.702083333,41378343.24,33722594.5
"(np.float64(1.0), 240, 100, 35, 5)",houghCircle,0.702083333,48881315.95,38690304.5
"(np.float64(1.0), 240, 120, 35, 5)",houghCircle,0.702083333,48069179.6,36385757
"(np.float64(1.0), 250, 130, 35, 5)",houghCircle,0.702083333,44204228.59,34782635
"(np.float64(1.0), 250, 170, 35, 5)",houghCircle,0.702083333,41823393.14,32599913.5
"(np.float64(1.0), 250, 290, 30, 5)",houghCircle,0.702083333,42530060.37,32553461.5
"(np.float64(1.0), 260, 130, 35, 5)",houghCircle,0.702083333,43029593.17,35293221.5
"(np.float64(1.0), 260, 160, 35, 5)",houghCircle,0.702083333,40707014.55,32969291.5
"(np.float64(1.0), 260, 170, 35, 5)",houghCircle,0.702083333,45407448.08,33714805.5
"(np.float64(1.0), 260, 290, 30, 5)",houghCircle,0.702083333,40602908.19,30511335.5
"(np.float64(1.0), 270, 110, 30, 10)",houghCircle,0.702083333,45686407.72,35511473.5
"(np.float64(1.0), 270, 130, 35, 5)",houghCircle,0.702083333,43651359.71,34618154.5
"(np.float64(1.0), 270, 160, 35, 5)",houghCircle,0.702083333,42777514.06,33396678
"(np.float64(1.0), 270, 170, 35, 5)",houghCircle,0.702083333,41807409.6,33424631.5
"(np.float64(1.0), 270, 290, 30, 5)",houghCircle,0.702083333,40698157.93,31248373
"(np.float64(1.0), 280, 140, 35, 5)",houghCircle,0.702083333,46931733.43,35050174.5
"(np.float64(1.0), 280, 240, 35, 5)",houghCircle,0.702083333,43209546.28,32630506
"(np.float64(1.0), 280, 250, 35, 5)",houghCircle,0.702083333,38732564.93,31638194.5
"(np.float64(1.0), 280, 260, 35, 5)",houghCircle,0.702083333,41143268.84,31081545
"(np.float64(1.0), 280, 270, 35, 5)",houghCircle,0.702083333,42295767.41,32964934
"(np.float64(1.5), 100, 140, 35, 10)",houghCircle,0.702083333,44947874.69,34386050
"(np.float64(1.5), 100, 150, 35, 10)",houghCircle,0.702083333,45861538.23,34721133.5
"(np.float64(1.5), 100, 180, 30, 10)",houghCircle,0.702083333,42744704.56,32764813.5
"(np.float64(1.5), 100, 210, 35, 10)",houghCircle,0.702083333,38869948.15,30949843.5
"(np.float64(1.5), 110, 210, 35, 10)",houghCircle,0.702083333,43494425.53,32650698
"(np.float64(1.5), 120, 210, 35, 10)",houghCircle,0.702083333,40395204.8,31893494
"(np.float64(1.5), 130, 210, 35, 10)",houghCircle,0.702083333,41374930.23,32011389.5
"(np.float64(1.5), 140, 170, 30, 10)",houghCircle,0.702083333,42458773.45,33350782.5
"(np.float64(1.5), 140, 210, 35, 10)",houghCircle,0.702083333,43549443.79,31461368
"(np.float64(1.5), 140, 270, 30, 10)",houghCircle,0.702083333,44828770.02,32472119.5
"(np.float64(1.5), 140, 280, 30, 10)",houghCircle,0.702083333,42596708.12,32181718.5
"(np.float64(1.5), 150, 170, 30, 10)",houghCircle,0.702083333,42990964.78,32667562
"(np.float64(1.5), 150, 230, 35, 10)",houghCircle,0.702083333,41956190.59,31623783
"(np.float64(1.5), 150, 270, 30, 10)",houghCircle,0.702083333,50449729.95,39668160.5
"(np.float64(1.5), 150, 280, 30, 10)",houghCircle,0.702083333,39661711.61,30603575
"(np.float64(1.5), 160, 200, 35, 10)",houghCircle,0.702083333,42155947.04,32199973
"(np.float64(1.5), 160, 230, 35, 10)",houghCircle,0.702083333,40786793.87,30781157.5
"(np.float64(1.5), 160, 270, 30, 10)",houghCircle,0.702083333,46473136.18,35481130
"(np.float64(1.5), 160, 280, 30, 10)",houghCircle,0.702083333,40458946.36,31455967.5
"(np.float64(1.5), 170, 150, 30, 10)",houghCircle,0.702083333,43672417.07,34117542
"(np.float64(1.5), 170, 190, 35, 10)",houghCircle,0.702083333,50389160.71,40101361.5
"(np.float64(1.5), 170, 220, 35, 10)",houghCircle,0.702083333,40472870.84,32002082.5
"(np.float64(1.5), 170, 270, 30, 10)",houghCircle,0.702083333,51354415.62,39555993.5
"(np.float64(1.5), 170, 280, 30, 10)",houghCircle,0.702083333,43205352.41,31858227
"(np.float64(1.5), 180, 200, 30, 10)",houghCircle,0.702083333,40331292.83,32486747
"(np.float64(1.5), 180, 250, 30, 10)",houghCircle,0.702083333,43962523.13,32362257.5
"(np.float64(1.5), 190, 250, 30, 10)",houghCircle,0.702083333,42271003.61,31593050
"(np.float64(1.5), 200, 210, 30, 10)",houghCircle,0.702083333,41821397.54,31173758.5
"(np.float64(1.5), 200, 250, 30, 10)",houghCircle,0.702083333,40042119.68,30160954.5
"(np.float64(1.5), 210, 250, 30, 10)",houghCircle,0.702083333,37721763.44,30907214
"(np.float64(1.5), 230, 130, 30, 10)",houghCircle,0.702083333,44521324.28,34403587
"(np.float64(1.5), 230, 180, 35, 5)",houghCircle,0.702083333,41826496.67,33070682
"(np.float64(1.5), 240, 100, 35, 5)",houghCircle,0.702083333,47109996.07,37654375.5
"(np.float64(1.5), 240, 120, 35, 5)",houghCircle,0.702083333,44991053.49,36105031
"(np.float64(1.5), 250, 130, 35, 5)",houghCircle,0.702083333,43431580.98,34379808
"(np.float64(1.5), 250, 170, 35, 5)",houghCircle,0.702083333,46364976.13,34422363.5
"(np.float64(1.5), 250, 290, 30, 5)",houghCircle,0.702083333,44176568.62,32376945.5
"(np.float64(1.5), 260, 130, 35, 5)",houghCircle,0.702083333,44954301.27,35421461.5
"(np.float64(1.5), 260, 160, 35, 5)",houghCircle,0.702083333,43351760.71,34325626.5
"(np.float64(1.5), 260, 170, 35, 5)",houghCircle,0.702083333,44638100.22,33430137
"(np.float64(1.5), 260, 290, 30, 5)",houghCircle,0.702083333,45259256.54,32528000
"(np.float64(1.5), 270, 110, 30, 10)",houghCircle,0.702083333,44705167.32,35685503
"(np.float64(1.5), 270, 130, 35, 5)",houghCircle,0.702083333,44995858.55,34147347
"(np.float64(1.5), 270, 160, 35, 5)",houghCircle,0.702083333,43984937.72,33548489
"(np.float64(1.5), 270, 170, 35, 5)",houghCircle,0.702083333,44293303.7,33557745.5
"(np.float64(1.5), 270, 290, 30, 5)",houghCircle,0.702083333,39946382.65,30619785.5
"(np.float64(1.5), 280, 140, 35, 5)",houghCircle,0.702083333,41042489.03,33339536.5
"(np.float64(1.5), 280, 240, 35, 5)",houghCircle,0.702083333,41225626.94,31894756.5
"(np.float64(1.5), 280, 250, 35, 5)",houghCircle,0.702083333,41718926.18,31300100.5
"(np.float64(1.5), 280, 260, 35, 5)",houghCircle,0.702083333,43845895.52,32543022.5
"(np.float64(1.5), 280, 270, 35, 5)",houghCircle,0.702083333,44969326.3,33143333
"(np.float64(1.0), 100, 200, 35, 10)",houghCircle,0.7,43683803.44,32422090.5
"(np.float64(1.0), 100, 230, 35, 10)",houghCircle,0.7,41931433.14,32528761
"(np.float64(1.0), 100, 270, 30, 10)",houghCircle,0.7,54890159.28,42719784.5
"(np.float64(1.0), 100, 280, 30, 10)",houghCircle,0.7,50679786.98,40228827
"(np.float64(1.0), 110, 170, 30, 10)",houghCircle,0.7,44730087.1,33276382.5
"(np.float64(1.0), 110, 200, 35, 10)",houghCircle,0.7,53028629.33,42015367.5
"(np.float64(1.0), 110, 230, 35, 10)",houghCircle,0.7,40182651.55,30731088
"(np.float64(1.0), 110, 270, 30, 10)",houghCircle,0.7,39625884.68,31212140
"(np.float64(1.0), 110, 280, 30, 10)",houghCircle,0.7,40620825.05,31502304
"(np.float64(1.0), 120, 170, 30, 10)",houghCircle,0.7,40887817.72,32920901.5
"(np.float64(1.0), 120, 200, 35, 10)",houghCircle,0.7,54562290.69,42352435
"(np.float64(1.0), 120, 230, 35, 10)",houghCircle,0.7,42304104.01,31701142.5
"(np.float64(1.0), 120, 270, 30, 10)",houghCircle,0.7,41261248.76,30787935
"(np.float64(1.0), 120, 280, 30, 10)",houghCircle,0.7,38790543.87,31009409.5
"(np.float64(1.0), 130, 170, 30, 10)",houghCircle,0.7,41986511.41,33455969
"(np.float64(1.0), 130, 200, 35, 10)",houghCircle,0.7,41430294.67,32617566
"(np.float64(1.0), 130, 230, 35, 10)",houghCircle,0.7,41671528.4,31153856
"(np.float64(1.0), 130, 270, 30, 10)",houghCircle,0.7,38281192.3,29442991.5
"(np.float64(1.0), 130, 280, 30, 10)",houghCircle,0.7,38206876.21,30698707
"(np.float64(1.0), 140, 190, 30, 10)",houghCircle,0.7,40211186.6,31869899.5
"(np.float64(1.0), 140, 200, 35, 10)",houghCircle,0.7,41680095.5,31055797
"(np.float64(1.0), 140, 230, 35, 10)",houghCircle,0.7,42669553.72,31839156.5
"(np.float64(1.0), 140, 260, 30, 10)",houghCircle,0.7,40180414.97,30336167.5
"(np.float64(1.0), 150, 190, 30, 10)",houghCircle,0.7,42592069.42,32813294.5
"(np.float64(1.0), 150, 200, 35, 10)",houghCircle,0.7,40742508.99,31255538
"(np.float64(1.0), 150, 260, 30, 10)",houghCircle,0.7,41671914.96,31296979.5
"(np.float64(1.0), 160, 190, 30, 10)",houghCircle,0.7,39782688.63,31836256
"(np.float64(1.0), 160, 190, 35, 10)",houghCircle,0.7,39958707.94,32417222
"(np.float64(1.0), 160, 220, 35, 10)",houghCircle,0.7,40128212.99,31612051
"(np.float64(1.0), 160, 260, 30, 10)",houghCircle,0.7,39886458.53,31065740.5
"(np.float64(1.0), 170, 260, 30, 10)",houghCircle,0.7,41293775.85,31062259
"(np.float64(1.0), 180, 210, 30, 10)",houghCircle,0.7,42400035.58,32079899
"(np.float64(1.0), 190, 210, 30, 10)",houghCircle,0.7,42497395.66,31708917.5
"(np.float64(1.0), 210, 180, 35, 5)",houghCircle,0.7,44772873.41,33192991.5
"(np.float64(1.0), 210, 290, 35, 5)",houghCircle,0.7,39947217.3,30487200.5
"(np.float64(1.0), 220, 130, 30, 10)",houghCircle,0.7,43179621.41,33332350
"(np.float64(1.0), 220, 180, 35, 5)",houghCircle,0.7,40307262.61,32570959.5
"(np.float64(1.0), 220, 290, 35, 5)",houghCircle,0.7,40440536.84,31604623.5
"(np.float64(1.0), 230, 220, 30, 10)",houghCircle,0.7,39758610.76,30980420.5
"(np.float64(1.0), 240, 110, 35, 5)",houghCircle,0.7,43724357.16,35974724.5
"(np.float64(1.0), 240, 170, 35, 5)",houghCircle,0.7,40799930.13,32727063.5
"(np.float64(1.0), 240, 230, 30, 10)",houghCircle,0.7,42837115.4,32268737
"(np.float64(1.0), 240, 240, 30, 10)",houghCircle,0.7,44481693.86,31734726
"(np.float64(1.0), 250, 160, 35, 5)",houghCircle,0.7,45406660.9,34337278
"(np.float64(1.0), 250, 280, 35, 5)",houghCircle,0.7,43660361.81,31286465
"(np.float64(1.0), 260, 150, 35, 5)",houghCircle,0.7,43630151.14,33568618
"(np.float64(1.0), 260, 280, 35, 5)",houghCircle,0.7,43249537.27,32106428.5
"(np.float64(1.0), 270, 150, 35, 5)",houghCircle,0.7,42906571.29,33632061
"(np.float64(1.0), 270, 280, 35, 5)",houghCircle,0.7,39907705.06,30770651.5
"(np.float64(1.0), 280, 190, 35, 5)",houghCircle,0.7,47759960.86,34192662
"(np.float64(1.0), 280, 270, 30, 5)",houghCircle,0.7,40955304.81,31570932
"(np.float64(1.5), 100, 200, 35, 10)",houghCircle,0.7,40246436.57,31308155
"(np.float64(1.5), 100, 230, 35, 10)",houghCircle,0.7,43870438.73,31704228.5
"(np.float64(1.5), 100, 270, 30, 10)",houghCircle,0.7,39378619.12,29870973.5
"(np.float64(1.5), 100, 280, 30, 10)",houghCircle,0.7,48261213.79,37115796
"(np.float64(1.5), 110, 170, 30, 10)",houghCircle,0.7,42782877.9,32832929.5
"(np.float64(1.5), 110, 200, 35, 10)",houghCircle,0.7,43815123.24,32925684.5
"(np.float64(1.5), 110, 230, 35, 10)",houghCircle,0.7,46124062.45,31899319.5
"(np.float64(1.5), 110, 270, 30, 10)",houghCircle,0.7,40812422.3,31311641.5
"(np.float64(1.5), 110, 280, 30, 10)",houghCircle,0.7,40221733.56,31216694.5
"(np.float64(1.5), 120, 170, 30, 10)",houghCircle,0.7,44453360.18,33529456.5
"(np.float64(1.5), 120, 200, 35, 10)",houghCircle,0.7,42835616.55,32725680.5
"(np.float64(1.5), 120, 230, 35, 10)",houghCircle,0.7,42833575.31,32404718
"(np.float64(1.5), 120, 270, 30, 10)",houghCircle,0.7,39150187.27,30656332
"(np.float64(1.5), 120, 280, 30, 10)",houghCircle,0.7,42519304.17,32176283.5
"(np.float64(1.5), 130, 170, 30, 10)",houghCircle,0.7,45088067.52,33675141
"(np.float64(1.5), 130, 200, 35, 10)",houghCircle,0.7,42322884.97,32812057.5
"(np.float64(1.5), 130, 230, 35, 10)",houghCircle,0.7,40972127.58,30977991
"(np.float64(1.5), 130, 270, 30, 10)",houghCircle,0.7,40684471.77,30691159
"(np.float64(1.5), 130, 280, 30, 10)",houghCircle,0.7,42247892.9,31993932
"(np.float64(1.5), 140, 190, 30, 10)",houghCircle,0.7,42866449.61,32483486.5
"(np.float64(1.5), 140, 200, 35, 10)",houghCircle,0.7,41035010.05,31869734
"(np.float64(1.5), 140, 230, 35, 10)",houghCircle,0.7,45422247.81,32043650.5
"(np.float64(1.5), 140, 260, 30, 10)",houghCircle,0.7,39220600.88,30582043.5
"(np.float64(1.5), 150, 190, 30, 10)",houghCircle,0.7,41345610.68,32529980.5
"(np.float64(1.5), 150, 200, 35, 10)",houghCircle,0.7,49803602.34,39758824
"(np.float64(1.5), 150, 260, 30, 10)",houghCircle,0.7,41279008.83,31347338
"(np.float64(1.5), 160, 190, 30, 10)",houghCircle,0.7,42873283.99,32411679.5
"(np.float64(1.5), 160, 190, 35, 10)",houghCircle,0.7,47681749.18,33348974
"(np.float64(1.5), 160, 220, 35, 10)",houghCircle,0.7,40989263.77,31414179.5
"(np.float64(1.5), 160, 260, 30, 10)",houghCircle,0.7,43823702.88,32097562
"(np.float64(1.5), 170, 260, 30, 10)",houghCircle,0.7,37982921.35,30790223.5
"(np.float64(1.5), 180, 210, 30, 10)",houghCircle,0.7,43443432.16,31284341
"(np.float64(1.5), 190, 210, 30, 10)",houghCircle,0.7,42234700.63,31993019.5
"(np.float64(1.5), 210, 180, 35, 5)",houghCircle,0.7,45497726.06,33923256
"(np.float64(1.5), 210, 290, 35, 5)",houghCircle,0.7,41740047.88,31356611.5
"(np.float64(1.5), 220, 130, 30, 10)",houghCircle,0.7,42859886.57,34251111
"(np.float64(1.5), 220, 180, 35, 5)",houghCircle,0.7,43129084.14,32977822.5
"(np.float64(1.5), 220, 290, 35, 5)",houghCircle,0.7,40361255.87,31401675.5
"(np.float64(1.5), 230, 220, 30, 10)",houghCircle,0.7,42144178.8,31590500
"(np.float64(1.5), 240, 110, 35, 5)",houghCircle,0.7,44221213.25,35008673
"(np.float64(1.5), 240, 170, 35, 5)",houghCircle,0.7,42123710.14,32562102.5
"(np.float64(1.5), 240, 230, 30, 10)",houghCircle,0.7,40361226.07,31317548.5
"(np.float64(1.5), 240, 240, 30, 10)",houghCircle,0.7,43324056.55,31813409
"(np.float64(1.5), 250, 160, 35, 5)",houghCircle,0.7,45301742.29,34441249
"(np.float64(1.5), 250, 280, 35, 5)",houghCircle,0.7,43068992.88,31346102
"(np.float64(1.5), 260, 150, 35, 5)",houghCircle,0.7,44761645.23,34412063
"(np.float64(1.5), 260, 280, 35, 5)",houghCircle,0.7,41735479.59,30935312
"(np.float64(1.5), 270, 150, 35, 5)",houghCircle,0.7,43270139.62,33701085
"(np.float64(1.5), 270, 280, 35, 5)",houghCircle,0.7,43624951.84,31420596.5
"(np.float64(1.5), 280, 190, 35, 5)",houghCircle,0.7,42967708.21,32043760.5
"(np.float64(1.5), 280, 270, 30, 5)",houghCircle,0.7,42156104.35,31724391.5
"(np.float64(1.0), 100, 170, 30, 10)",houghCircle,0.697916667,44344383.57,35376012
"(np.float64(1.0), 100, 190, 30, 10)",houghCircle,0.697916667,49414221.53,35577415
"(np.float64(1.0), 100, 190, 35, 10)",houghCircle,0.697916667,44257258.39,33642254.5
"(np.float64(1.0), 100, 260, 30, 10)",houghCircle,0.697916667,41084256.41,33148678.5
"(np.float64(1.0), 110, 190, 30, 10)",houghCircle,0.697916667,41006747.65,32076677
"(np.float64(1.0), 110, 190, 35, 10)",houghCircle,0.697916667,43330339.48,32707224
"(np.float64(1.0), 110, 260, 30, 10)",houghCircle,0.697916667,39092964.12,30465952
"(np.float64(1.0), 120, 190, 30, 10)",houghCircle,0.697916667,44111774.07,32948663.5
"(np.float64(1.0), 120, 190, 35, 10)",houghCircle,0.697916667,42068762.24,32915256
"(np.float64(1.0), 120, 260, 30, 10)",houghCircle,0.697916667,40263328.44,30561123
"(np.float64(1.0), 130, 190, 30, 10)",houghCircle,0.697916667,41916763.52,32459596
"(np.float64(1.0), 130, 190, 35, 10)",houghCircle,0.697916667,44814007.25,33724523
"(np.float64(1.0), 130, 260, 30, 10)",houghCircle,0.697916667,40418966.7,31294109
"(np.float64(1.0), 140, 190, 35, 10)",houghCircle,0.697916667,43459037.24,33164096.5
"(np.float64(1.0), 150, 190, 35, 10)",houghCircle,0.697916667,42851399.52,32883461
"(np.float64(1.0), 150, 220, 35, 10)",houghCircle,0.697916667,40672639,30796951.5
"(np.float64(1.0), 160, 160, 30, 10)",houghCircle,0.697916667,42272737.01,33266860
"(np.float64(1.0), 170, 200, 30, 10)",houghCircle,0.697916667,40686113.75,31001234.5
"(np.float64(1.0), 170, 250, 30, 10)",houghCircle,0.697916667,40876993.66,31676060.5
"(np.float64(1.0), 180, 140, 30, 10)",houghCircle,0.697916667,45602549.38,34351736
"(np.float64(1.0), 200, 130, 30, 10)",houghCircle,0.697916667,42738965.23,34161944
"(np.float64(1.0), 200, 180, 35, 5)",houghCircle,0.697916667,43499254.05,34169333
"(np.float64(1.0), 210, 130, 30, 10)",houghCircle,0.697916667,43705113.65,34700219.5
"(np.float64(1.0), 210, 220, 30, 10)",houghCircle,0.697916667,38790266.29,30626917
"(np.float64(1.0), 220, 220, 30, 10)",houghCircle,0.697916667,44178676.32,33028086
"(np.float64(1.0), 230, 170, 35, 5)",houghCircle,0.697916667,42744314.27,32696028
"(np.float64(1.0), 240, 280, 35, 5)",houghCircle,0.697916667,41871682.38,32461148.5
"(np.float64(1.0), 240, 290, 30, 5)",houghCircle,0.697916667,41616040.51,32472574.5
"(np.float64(1.0), 250, 110, 30, 10)",houghCircle,0.697916667,46309413.37,35680618.5
"(np.float64(1.0), 250, 140, 35, 5)",houghCircle,0.697916667,44368068,33724483
"(np.float64(1.0), 250, 150, 35, 5)",houghCircle,0.697916667,45322646.46,35356450
"(np.float64(1.0), 250, 240, 35, 5)",houghCircle,0.697916667,40779593.83,32138433.5
"(np.float64(1.0), 250, 250, 35, 5)",houghCircle,0.697916667,41454729.86,30599921.5
"(np.float64(1.0), 250, 260, 35, 5)",houghCircle,0.697916667,44583964.95,31486434.5
"(np.float64(1.0), 250, 270, 35, 5)",houghCircle,0.697916667,43297411.4,31892121.5
"(np.float64(1.0), 250, 280, 30, 5)",houghCircle,0.697916667,43608523.79,31814871
"(np.float64(1.0), 260, 110, 30, 10)",houghCircle,0.697916667,43556645.4,35677723.5
"(np.float64(1.0), 260, 140, 35, 5)",houghCircle,0.697916667,41858695.28,34293390.5
"(np.float64(1.0), 260, 240, 35, 5)",houghCircle,0.697916667,44206882.56,32270955.5
"(np.float64(1.0), 260, 250, 35, 5)",houghCircle,0.697916667,39302830.38,30989888.5
"(np.float64(1.0), 260, 260, 35, 5)",houghCircle,0.697916667,51298156.25,40822976.5
"(np.float64(1.0), 260, 270, 35, 5)",houghCircle,0.697916667,42488145.97,31585114.5
"(np.float64(1.0), 260, 280, 30, 5)",houghCircle,0.697916667,39054248.73,31090737.5
"(np.float64(1.0), 270, 140, 35, 5)",houghCircle,0.697916667,42288366.86,34320346.5
"(np.float64(1.0), 270, 240, 35, 5)",houghCircle,0.697916667,43507585.77,31765138
"(np.float64(1.0), 270, 250, 35, 5)",houghCircle,0.697916667,40886152.66,31444070.5
"(np.float64(1.0), 270, 260, 35, 5)",houghCircle,0.697916667,40727495.51,31842186.5
"(np.float64(1.0), 270, 270, 35, 5)",houghCircle,0.697916667,41321318.97,31779434
"(np.float64(1.0), 270, 280, 30, 5)",houghCircle,0.697916667,39934104.36,31010273.5
"(np.float64(1.0), 280, 200, 35, 5)",houghCircle,0.697916667,40192712.92,31382805
"(np.float64(1.0), 280, 210, 35, 5)",houghCircle,0.697916667,43872375.43,32526411
"(np.float64(1.5), 100, 170, 30, 10)",houghCircle,0.697916667,41571678.26,32860924.5
"(np.float64(1.5), 100, 190, 30, 10)",houghCircle,0.697916667,40633080.13,32385567.5
"(np.float64(1.5), 100, 190, 35, 10)",houghCircle,0.697916667,39551208.58,32475866
"(np.float64(1.5), 100, 260, 30, 10)",houghCircle,0.697916667,40358176.53,31453313
"(np.float64(1.5), 110, 190, 30, 10)",houghCircle,0.697916667,41863168.32,32061113
"(np.float64(1.5), 110, 190, 35, 10)",houghCircle,0.697916667,42466368.3,32354614
"(np.float64(1.5), 110, 260, 30, 10)",houghCircle,0.697916667,44545218.24,32098563.5
"(np.float64(1.5), 120, 190, 30, 10)",houghCircle,0.697916667,44797196.8,33480341
"(np.float64(1.5), 120, 190, 35, 10)",houghCircle,0.697916667,43763546.48,32010623.5
"(np.float64(1.5), 120, 260, 30, 10)",houghCircle,0.697916667,40081167.76,31162402.5
"(np.float64(1.5), 130, 190, 30, 10)",houghCircle,0.697916667,41029480.76,32231017
"(np.float64(1.5), 130, 190, 35, 10)",houghCircle,0.697916667,42091356.36,32642999.5
"(np.float64(1.5), 130, 260, 30, 10)",houghCircle,0.697916667,40920489.19,30548916
"(np.float64(1.5), 140, 190, 35, 10)",houghCircle,0.697916667,38766499.14,30819479
"(np.float64(1.5), 150, 190, 35, 10)",houghCircle,0.697916667,41384299.6,32066989
"(np.float64(1.5), 150, 220, 35, 10)",houghCircle,0.697916667,43509461.57,31725478.5
"(np.float64(1.5), 160, 160, 30, 10)",houghCircle,0.697916667,44500559.46,33602245
"(np.float64(1.5), 170, 200, 30, 10)",houghCircle,0.697916667,45255386.29,32406912.5
"(np.float64(1.5), 170, 250, 30, 10)",houghCircle,0.697916667,39996839.57,30331794
"(np.float64(1.5), 180, 140, 30, 10)",houghCircle,0.697916667,43988275.09,33714625
"(np.float64(1.5), 200, 130, 30, 10)",houghCircle,0.697916667,45333939.11,35189792
"(np.float64(1.5), 200, 180, 35, 5)",houghCircle,0.697916667,41800891.03,32345402
"(np.float64(1.5), 210, 130, 30, 10)",houghCircle,0.697916667,48992868.82,38243572
"(np.float64(1.5), 210, 220, 30, 10)",houghCircle,0.697916667,40595369.14,32128344
"(np.float64(1.5), 220, 220, 30, 10)",houghCircle,0.697916667,39374753.4,30478362.5
"(np.float64(1.5), 230, 170, 35, 5)",houghCircle,0.697916667,41670913.19,33183007.5
"(np.float64(1.5), 240, 280, 35, 5)",houghCircle,0.697916667,43355704.3,32466554.5
"(np.float64(1.5), 240, 290, 30, 5)",houghCircle,0.697916667,42206428.91,32165784.5
"(np.float64(1.5), 250, 110, 30, 10)",houghCircle,0.697916667,48143833.64,36613694.5
"(np.float64(1.5), 250, 140, 35, 5)",houghCircle,0.697916667,40301683.35,31927547.5
"(np.float64(1.5), 250, 150, 35, 5)",houghCircle,0.697916667,46042684.8,34999976.5
"(np.float64(1.5), 250, 240, 35, 5)",houghCircle,0.697916667,44096600.16,31227810.5
"(np.float64(1.5), 250, 250, 35, 5)",houghCircle,0.697916667,43722331.32,32475024.5
"(np.float64(1.5), 250, 260, 35, 5)",houghCircle,0.697916667,48727736.86,38951800
"(np.float64(1.5), 250, 270, 35, 5)",houghCircle,0.697916667,42982533.11,31553160.5
"(np.float64(1.5), 250, 280, 30, 5)",houghCircle,0.697916667,41429374.43,31181482
"(np.float64(1.5), 260, 110, 30, 10)",houghCircle,0.697916667,47016446.1,37956878.5
"(np.float64(1.5), 260, 140, 35, 5)",houghCircle,0.697916667,45058725.4,35221442.5
"(np.float64(1.5), 260, 240, 35, 5)",houghCircle,0.697916667,42935936.83,32229113
"(np.float64(1.5), 260, 250, 35, 5)",houghCircle,0.697916667,41846216.97,32715701
"(np.float64(1.5), 260, 260, 35, 5)",houghCircle,0.697916667,48975626.88,39147348
"(np.float64(1.5), 260, 270, 35, 5)",houghCircle,0.697916667,50402514.63,38368141.5
"(np.float64(1.5), 260, 280, 30, 5)",houghCircle,0.697916667,41243651.55,32226754
"(np.float64(1.5), 270, 140, 35, 5)",houghCircle,0.697916667,43666553.28,33516864.5
"(np.float64(1.5), 270, 240, 35, 5)",houghCircle,0.697916667,39899953.39,31392664
"(np.float64(1.5), 270, 250, 35, 5)",houghCircle,0.697916667,40582895.94,31844451.5
"(np.float64(1.5), 270, 260, 35, 5)",houghCircle,0.697916667,41788727.6,31341203
"(np.float64(1.5), 270, 270, 35, 5)",houghCircle,0.697916667,44583898.58,33342927
"(np.float64(1.5), 270, 280, 30, 5)",houghCircle,0.697916667,43265752.71,31522337
"(np.float64(1.5), 280, 200, 35, 5)",houghCircle,0.697916667,42860033.69,33233338
"(np.float64(1.5), 280, 210, 35, 5)",houghCircle,0.697916667,39947730.16,31245363
"(np.float64(1.0), 100, 220, 35, 10)",houghCircle,0.695833333,43174253.45,33249962.5
"(np.float64(1.0), 110, 220, 35, 10)",houghCircle,0.695833333,48055859.24,38610931
"(np.float64(1.0), 120, 220, 35, 10)",houghCircle,0.695833333,40476917.08,30830108.5
"(np.float64(1.0), 130, 220, 35, 10)",houghCircle,0.695833333,40769260.64,31588135.5
"(np.float64(1.0), 140, 160, 30, 10)",houghCircle,0.695833333,40578128.74,32841492.5
"(np.float64(1.0), 140, 220, 35, 10)",houghCircle,0.695833333,41324671.99,31383696.5
"(np.float64(1.0), 140, 250, 30, 10)",houghCircle,0.695833333,43325879.25,32239277
"(np.float64(1.0), 150, 160, 30, 10)",houghCircle,0.695833333,42219998.64,32201827
"(np.float64(1.0), 150, 250, 30, 10)",houghCircle,0.695833333,39695993,30585394.5
"(np.float64(1.0), 160, 150, 30, 10)",houghCircle,0.695833333,43726359.9,33925646
"(np.float64(1.0), 160, 250, 30, 10)",houghCircle,0.695833333,41907188.01,30462975
"(np.float64(1.0), 170, 140, 30, 10)",houghCircle,0.695833333,42841885.6,33936365.5
"(np.float64(1.0), 170, 210, 30, 10)",houghCircle,0.695833333,41474611.36,31806090.5
"(np.float64(1.0), 200, 220, 30, 10)",houghCircle,0.695833333,41602004.59,31361560.5
"(np.float64(1.0), 200, 240, 30, 10)",houghCircle,0.695833333,39945715.18,31639982
"(np.float64(1.0), 210, 240, 30, 10)",houghCircle,0.695833333,42723339.06,32143597.5
"(np.float64(1.0), 220, 240, 30, 10)",houghCircle,0.695833333,42727192.44,31919501.5
"(np.float64(1.0), 230, 100, 35, 5)",houghCircle,0.695833333,58319372.06,47532884.5
"(np.float64(1.0), 230, 120, 30, 10)",houghCircle,0.695833333,42690766.91,34707648
"(np.float64(1.0), 230, 120, 35, 5)",houghCircle,0.695833333,46707762.49,36630044.5
"(np.float64(1.0), 230, 160, 35, 5)",houghCircle,0.695833333,40501683.35,33137157
"(np.float64(1.0), 230, 230, 30, 10)",houghCircle,0.695833333,41643702.01,31313295
"(np.float64(1.0), 230, 240, 30, 10)",houghCircle,0.695833333,40979637.06,32090247.5
"(np.float64(1.0), 230, 280, 35, 5)",houghCircle,0.695833333,41623428.41,31717018
"(np.float64(1.0), 230, 290, 30, 5)",houghCircle,0.695833333,41655313.32,31696318.5
"(np.float64(1.0), 240, 130, 35, 5)",houghCircle,0.695833333,45262189.06,35013246.5
"(np.float64(1.0), 240, 160, 35, 5)",houghCircle,0.695833333,45321308.43,34044609.5
"(np.float64(1.0), 240, 250, 35, 5)",houghCircle,0.695833333,41157041.77,31794323
"(np.float64(1.0), 240, 260, 35, 5)",houghCircle,0.695833333,39887876.99,31240654
"(np.float64(1.0), 240, 270, 35, 5)",houghCircle,0.695833333,40980866.31,31529380.5
"(np.float64(1.0), 240, 280, 30, 5)",houghCircle,0.695833333,45393411.34,32358836.5
"(np.float64(1.0), 250, 190, 35, 5)",houghCircle,0.695833333,42861876.19,32751894
"(np.float64(1.0), 260, 190, 35, 5)",houghCircle,0.695833333,42463459.48,32447268.5
"(np.float64(1.0), 270, 190, 35, 5)",houghCircle,0.695833333,42005432.74,33519088.5
"(np.float64(1.0), 280, 100, 30, 10)",houghCircle,0.695833333,47969841.2,37304230
"(np.float64(1.0), 280, 230, 35, 5)",houghCircle,0.695833333,42446435.52,33318461.5
"(np.float64(1.5), 100, 220, 35, 10)",houghCircle,0.695833333,40219986.07,30900930.5
"(np.float64(1.5), 110, 220, 35, 10)",houghCircle,0.695833333,42370202.11,31503697.5
"(np.float64(1.5), 120, 220, 35, 10)",houghCircle,0.695833333,42107363.97,32326746.5
"(np.float64(1.5), 130, 220, 35, 10)",houghCircle,0.695833333,42845049.23,32426984.5
"(np.float64(1.5), 140, 160, 30, 10)",houghCircle,0.695833333,42434821.4,32338062.5
"(np.float64(1.5), 140, 220, 35, 10)",houghCircle,0.695833333,40163563.69,30955449
"(np.float64(1.5), 140, 250, 30, 10)",houghCircle,0.695833333,42176414.17,31112678.5
"(np.float64(1.5), 150, 160, 30, 10)",houghCircle,0.695833333,44201437.26,33848877.5
"(np.float64(1.5), 150, 250, 30, 10)",houghCircle,0.695833333,53671029.61,40600893.5
"(np.float64(1.5), 160, 150, 30, 10)",houghCircle,0.695833333,44345993.89,33321493
"(np.float64(1.5), 160, 250, 30, 10)",houghCircle,0.695833333,41018866.36,31211544.5
"(np.float64(1.5), 170, 140, 30, 10)",houghCircle,0.695833333,43736902.85,34783626
"(np.float64(1.5), 170, 210, 30, 10)",houghCircle,0.695833333,43674284.89,32379360
"(np.float64(1.5), 200, 220, 30, 10)",houghCircle,0.695833333,41932508.66,32744344.5
"(np.float64(1.5), 200, 240, 30, 10)",houghCircle,0.695833333,42075393.74,31534920.5
"(np.float64(1.5), 210, 240, 30, 10)",houghCircle,0.695833333,46722419.11,36456794.5
"(np.float64(1.5), 220, 240, 30, 10)",houghCircle,0.695833333,41541184.01,30912443
"(np.float64(1.5), 230, 100, 35, 5)",houghCircle,0.695833333,46356908.47,38087579
"(np.float64(1.5), 230, 120, 30, 10)",houghCircle,0.695833333,45257724.04,36179454
"(np.float64(1.5), 230, 120, 35, 5)",houghCircle,0.695833333,43548741.5,35164375
"(np.float64(1.5), 230, 160, 35, 5)",houghCircle,0.695833333,43701552.53,33180634
"(np.float64(1.5), 230, 230, 30, 10)",houghCircle,0.695833333,40433618.06,31592413.5
"(np.float64(1.5), 230, 240, 30, 10)",houghCircle,0.695833333,44986408.36,33336571
"(np.float64(1.5), 230, 280, 35, 5)",houghCircle,0.695833333,42786815.21,31856724.5
"(np.float64(1.5), 230, 290, 30, 5)",houghCircle,0.695833333,40804905.07,31215241
"(np.float64(1.5), 240, 130, 35, 5)",houghCircle,0.695833333,43335041.7,34608000.5
"(np.float64(1.5), 240, 160, 35, 5)",houghCircle,0.695833333,42486417.9,32492452.5
"(np.float64(1.5), 240, 250, 35, 5)",houghCircle,0.695833333,38573757.93,30333982.5
"(np.float64(1.5), 240, 260, 35, 5)",houghCircle,0.695833333,48343505.39,38569908
"(np.float64(1.5), 240, 270, 35, 5)",houghCircle,0.695833333,43056330.06,31645604
"(np.float64(1.5), 240, 280, 30, 5)",houghCircle,0.695833333,40223686,31558289.5
"(np.float64(1.5), 250, 190, 35, 5)",houghCircle,0.695833333,41097422.67,32639532.5
"(np.float64(1.5), 260, 190, 35, 5)",houghCircle,0.695833333,44169176.71,33461561
"(np.float64(1.5), 270, 190, 35, 5)",houghCircle,0.695833333,41906575.88,32656896
"(np.float64(1.5), 280, 100, 30, 10)",houghCircle,0.695833333,47110542.68,36683765.5
"(np.float64(1.5), 280, 230, 35, 5)",houghCircle,0.695833333,42450801.94,32830580.5
"(np.float64(1.0), 100, 250, 30, 10)",houghCircle,0.69375,42366416.09,32820617.5
"(np.float64(1.0), 110, 160, 30, 10)",houghCircle,0.69375,43344436.97,33650975.5
"(np.float64(1.0), 110, 250, 30, 10)",houghCircle,0.69375,39904577,31114512.5
"(np.float64(1.0), 120, 160, 30, 10)",houghCircle,0.69375,40221785.31,32273341.5
"(np.float64(1.0), 120, 250, 30, 10)",houghCircle,0.69375,43501969.85,32139515
"(np.float64(1.0), 130, 160, 30, 10)",houghCircle,0.69375,43760508.05,33679784
"(np.float64(1.0), 130, 250, 30, 10)",houghCircle,0.69375,40039257.81,30619999.5
"(np.float64(1.0), 140, 200, 30, 10)",houghCircle,0.69375,43546449.89,32810889.5
"(np.float64(1.0), 150, 200, 30, 10)",houghCircle,0.69375,42475261.78,31583623
"(np.float64(1.0), 160, 200, 30, 10)",houghCircle,0.69375,42443623.39,32133899.5
"(np.float64(1.0), 180, 220, 30, 10)",houghCircle,0.69375,42442805.79,31686385
"(np.float64(1.0), 180, 240, 30, 10)",houghCircle,0.69375,42708816.19,30705655
"(np.float64(1.0), 190, 220, 30, 10)",houghCircle,0.69375,37691401.19,30302153
"(np.float64(1.0), 190, 240, 30, 10)",houghCircle,0.69375,39649191.79,30705786
"(np.float64(1.0), 200, 160, 35, 5)",houghCircle,0.69375,42670713.2,33368166
"(np.float64(1.0), 200, 230, 30, 10)",houghCircle,0.69375,42740074.67,32098859.5
"(np.float64(1.0), 200, 290, 35, 5)",houghCircle,0.69375,43643308.21,31821628
"(np.float64(1.0), 210, 100, 35, 5)",houghCircle,0.69375,45837241.49,38265058
"(np.float64(1.0), 210, 160, 35, 5)",houghCircle,0.69375,42614980.31,34566968.5
"(np.float64(1.0), 210, 170, 35, 5)",houghCircle,0.69375,40290203.04,32855143
"(np.float64(1.0), 210, 230, 30, 10)",houghCircle,0.69375,42170601.32,30485988.5
"(np.float64(1.0), 210, 280, 35, 5)",houghCircle,0.69375,38893700.34,30692065
"(np.float64(1.0), 220, 100, 35, 5)",houghCircle,0.69375,47872137.27,37504140
"(np.float64(1.0), 220, 160, 35, 5)",houghCircle,0.69375,41645706.31,32284978
"(np.float64(1.0), 220, 170, 35, 5)",houghCircle,0.69375,47851238.61,33922670.5
"(np.float64(1.0), 220, 230, 30, 10)",houghCircle,0.69375,41791649.9,31753827
"(np.float64(1.0), 220, 280, 30, 5)",houghCircle,0.69375,39615474.7,30699304
"(np.float64(1.0), 220, 280, 35, 5)",houghCircle,0.69375,39555374.07,30806042
"(np.float64(1.0), 220, 290, 30, 5)",houghCircle,0.69375,42963121.18,31683485
"(np.float64(1.0), 230, 110, 35, 5)",houghCircle,0.69375,44036272.51,35984226.5
"(np.float64(1.0), 230, 150, 35, 5)",houghCircle,0.69375,55530769.65,43640385.5
"(np.float64(1.0), 230, 250, 35, 5)",houghCircle,0.69375,39876146.17,31786368
"(np.float64(1.0), 230, 260, 35, 5)",houghCircle,0.69375,41803631,31352720
"(np.float64(1.0), 230, 270, 35, 5)",houghCircle,0.69375,40553655.95,30752438
"(np.float64(1.0), 230, 280, 30, 5)",houghCircle,0.69375,40753831.58,32146613.5
"(np.float64(1.0), 240, 140, 35, 5)",houghCircle,0.69375,40211900.61,31889367.5
"(np.float64(1.0), 240, 150, 35, 5)",houghCircle,0.69375,43060790.57,33885164
"(np.float64(1.0), 240, 190, 35, 5)",houghCircle,0.69375,41291860.45,32336946
"(np.float64(1.0), 240, 240, 35, 5)",houghCircle,0.69375,42198103.3,32525734.5
"(np.float64(1.0), 250, 200, 35, 5)",houghCircle,0.69375,44646034.26,32927062
"(np.float64(1.0), 250, 210, 35, 5)",houghCircle,0.69375,40545400.21,30927100.5
"(np.float64(1.0), 250, 270, 30, 5)",houghCircle,0.69375,42349554.14,31672914.5
"(np.float64(1.0), 260, 200, 35, 5)",houghCircle,0.69375,40220394.19,32840821
"(np.float64(1.0), 260, 210, 35, 5)",houghCircle,0.69375,43156397.66,32275069.5
"(np.float64(1.0), 260, 270, 30, 5)",houghCircle,0.69375,43188571.29,32237744.5
"(np.float64(1.0), 270, 200, 35, 5)",houghCircle,0.69375,43432353.71,33045684.5
"(np.float64(1.0), 270, 210, 35, 5)",houghCircle,0.69375,41042975.38,31799512.5
"(np.float64(1.0), 270, 270, 30, 5)",houghCircle,0.69375,43649473.19,31841100.5
"(np.float64(1.0), 280, 220, 35, 5)",houghCircle,0.69375,42055469.41,32735944.5
"(np.float64(1.0), 280, 260, 30, 5)",houghCircle,0.69375,40603201.1,31790040
"(np.float64(1.5), 100, 250, 30, 10)",houghCircle,0.69375,51071894.03,38440700.5
"(np.float64(1.5), 110, 160, 30, 10)",houghCircle,0.69375,43277533.49,33153022
"(np.float64(1.5), 110, 250, 30, 10)",houghCircle,0.69375,41031663.36,31428286
"(np.float64(1.5), 120, 160, 30, 10)",houghCircle,0.69375,49235263.48,40071425.5
"(np.float64(1.5), 120, 250, 30, 10)",houghCircle,0.69375,46698701.79,32962344
"(np.float64(1.5), 130, 160, 30, 10)",houghCircle,0.69375,45979747.54,34953925
"(np.float64(1.5), 130, 250, 30, 10)",houghCircle,0.69375,38970008.09,31087927
"(np.float64(1.5), 140, 200, 30, 10)",houghCircle,0.69375,42683100.16,31470084
"(np.float64(1.5), 150, 200, 30, 10)",houghCircle,0.69375,43526622.43,32584090
"(np.float64(1.5), 160, 200, 30, 10)",houghCircle,0.69375,41556553.63,32271672.5
"(np.float64(1.5), 180, 220, 30, 10)",houghCircle,0.69375,54452472.66,40436601
"(np.float64(1.5), 180, 240, 30, 10)",houghCircle,0.69375,42896844.33,32273557.5
"(np.float64(1.5), 190, 220, 30, 10)",houghCircle,0.69375,40538820.74,31338306.5
"(np.float64(1.5), 190, 240, 30, 10)",houghCircle,0.69375,44072814.12,32068006.5
"(np.float64(1.5), 200, 160, 35, 5)",houghCircle,0.69375,53822818.08,40550715.5
"(np.float64(1.5), 200, 230, 30, 10)",houghCircle,0.69375,40538651.95,31545867
"(np.float64(1.5), 200, 290, 35, 5)",houghCircle,0.69375,45067070.12,32603059.5
"(np.float64(1.5), 210, 100, 35, 5)",houghCircle,0.69375,44094022.55,36884386
"(np.float64(1.5), 210, 160, 35, 5)",houghCircle,0.69375,43867580.85,33830099
"(np.float64(1.5), 210, 170, 35, 5)",houghCircle,0.69375,41848346.16,32783307.5
"(np.float64(1.5), 210, 230, 30, 10)",houghCircle,0.69375,40528226.93,30818076
"(np.float64(1.5), 210, 280, 35, 5)",houghCircle,0.69375,43518833.21,32492202.5
"(np.float64(1.5), 220, 100, 35, 5)",houghCircle,0.69375,45428526.98,37011780.5
"(np.float64(1.5), 220, 160, 35, 5)",houghCircle,0.69375,41785546.91,34501516
"(np.float64(1.5), 220, 170, 35, 5)",houghCircle,0.69375,46901741.71,34505383.5
"(np.float64(1.5), 220, 230, 30, 10)",houghCircle,0.69375,40994345.47,32124031
"(np.float64(1.5), 220, 280, 30, 5)",houghCircle,0.69375,43250668.45,31620435.5
"(np.float64(1.5), 220, 280, 35, 5)",houghCircle,0.69375,48907490.98,38574521.5
"(np.float64(1.5), 220, 290, 30, 5)",houghCircle,0.69375,45148655.86,32600504.5
"(np.float64(1.5), 230, 110, 35, 5)",houghCircle,0.69375,52345314.91,43316999
"(np.float64(1.5), 230, 150, 35, 5)",houghCircle,0.69375,44689097.69,34698771
"(np.float64(1.5), 230, 250, 35, 5)",houghCircle,0.69375,40063592.91,31295171
"(np.float64(1.5), 230, 260, 35, 5)",houghCircle,0.69375,42829310.12,31541612.5
"(np.float64(1.5), 230, 270, 35, 5)",houghCircle,0.69375,45635925.32,36096939.5
"(np.float64(1.5), 230, 280, 30, 5)",houghCircle,0.69375,45409327.81,32350391
"(np.float64(1.5), 240, 140, 35, 5)",houghCircle,0.69375,44060728.15,34670884
"(np.float64(1.5), 240, 150, 35, 5)",houghCircle,0.69375,45442197.2,34276759
"(np.float64(1.5), 240, 190, 35, 5)",houghCircle,0.69375,43804260.26,33113237
"(np.float64(1.5), 240, 240, 35, 5)",houghCircle,0.69375,41297802.73,31436091.5
"(np.float64(1.5), 250, 200, 35, 5)",houghCircle,0.69375,44220691.93,33507787
"(np.float64(1.5), 250, 210, 35, 5)",houghCircle,0.69375,43885287.42,31802874.5
"(np.float64(1.5), 250, 270, 30, 5)",houghCircle,0.69375,41778370.04,32190766.5
"(np.float64(1.5), 260, 200, 35, 5)",houghCircle,0.69375,41168377.25,31650217
"(np.float64(1.5), 260, 210, 35, 5)",houghCircle,0.69375,42968492.03,32774076
"(np.float64(1.5), 260, 270, 30, 5)",houghCircle,0.69375,41000918.79,30469387
"(np.float64(1.5), 270, 200, 35, 5)",houghCircle,0.69375,44780619.02,33124442.5
"(np.float64(1.5), 270, 210, 35, 5)",houghCircle,0.69375,44912194.4,32380041
"(np.float64(1.5), 270, 270, 30, 5)",houghCircle,0.69375,42961066.14,31712003
"(np.float64(1.5), 280, 220, 35, 5)",houghCircle,0.69375,42464417.41,32434077
"(np.float64(1.5), 280, 260, 30, 5)",houghCircle,0.69375,41635097.75,31878365.5
"(np.float64(1.0), 100, 160, 30, 10)",houghCircle,0.691666667,43735016.53,34769714.5
"(np.float64(1.0), 100, 200, 30, 10)",houghCircle,0.691666667,40964223.49,33279709.5
"(np.float64(1.0), 110, 200, 30, 10)",houghCircle,0.691666667,41379517.01,31431177
"(np.float64(1.0), 120, 200, 30, 10)",houghCircle,0.691666667,39884053.46,31665571.5
"(np.float64(1.0), 130, 200, 30, 10)",houghCircle,0.691666667,51843201.44,41934951.5
"(np.float64(1.0), 140, 150, 30, 10)",houghCircle,0.691666667,43411349.65,33986310
"(np.float64(1.0), 140, 210, 30, 10)",houghCircle,0.691666667,41018235.77,31110045
"(np.float64(1.0), 150, 150, 30, 10)",houghCircle,0.691666667,44055009.51,33861459
"(np.float64(1.0), 150, 210, 30, 10)",houghCircle,0.691666667,38847039.08,31555754
"(np.float64(1.0), 160, 210, 30, 10)",houghCircle,0.691666667,45058500.15,32371349.5
"(np.float64(1.0), 180, 230, 30, 10)",houghCircle,0.691666667,38777649.6,31085153
"(np.float64(1.0), 190, 130, 30, 10)",houghCircle,0.691666667,44448143.35,34521715
"(np.float64(1.0), 190, 180, 35, 5)",houghCircle,0.691666667,40263068.89,31757898.5
"(np.float64(1.0), 190, 230, 30, 10)",houghCircle,0.691666667,39515274.97,31142960.5
"(np.float64(1.0), 200, 100, 35, 5)",houghCircle,0.691666667,46553102.73,38193227
"(np.float64(1.0), 200, 120, 35, 5)",houghCircle,0.691666667,44371901.43,36489195.5
"(np.float64(1.0), 200, 150, 35, 5)",houghCircle,0.691666667,43051536.76,33630387.5
"(np.float64(1.0), 200, 170, 35, 5)",houghCircle,0.691666667,44519306.99,34578015
"(np.float64(1.0), 210, 110, 35, 5)",houghCircle,0.691666667,47320552.14,36369169
"(np.float64(1.0), 210, 120, 35, 5)",houghCircle,0.691666667,42303751.61,34685180.5
"(np.float64(1.0), 210, 150, 35, 5)",houghCircle,0.691666667,43592638.35,35412029
"(np.float64(1.0), 210, 250, 35, 5)",houghCircle,0.691666667,39498406.2,31785246
"(np.float64(1.0), 210, 260, 35, 5)",houghCircle,0.691666667,41521452.58,31575722
"(np.float64(1.0), 210, 270, 35, 5)",houghCircle,0.691666667,39392994.75,30471917
"(np.float64(1.0), 210, 280, 30, 5)",houghCircle,0.691666667,43539329.48,32171660
"(np.float64(1.0), 210, 290, 30, 5)",houghCircle,0.691666667,42418406.52,31901284
"(np.float64(1.0), 220, 110, 35, 5)",houghCircle,0.691666667,47066401.59,36172842.5
"(np.float64(1.0), 220, 120, 30, 10)",houghCircle,0.691666667,45187345.63,35300771
"(np.float64(1.0), 220, 120, 35, 5)",houghCircle,0.691666667,43268332.59,35740661
"(np.float64(1.0), 220, 150, 35, 5)",houghCircle,0.691666667,45839118.6,34282865.5
"(np.float64(1.0), 220, 250, 35, 5)",houghCircle,0.691666667,41503062.61,31368193
"(np.float64(1.0), 220, 260, 35, 5)",houghCircle,0.691666667,43111473.15,31631151.5
"(np.float64(1.0), 220, 270, 35, 5)",houghCircle,0.691666667,39725934.58,30389672.5
"(np.float64(1.0), 230, 130, 35, 5)",houghCircle,0.691666667,45936057.9,35369277.5
"(np.float64(1.0), 230, 140, 35, 5)",houghCircle,0.691666667,43331131.77,34189896.5
"(np.float64(1.0), 230, 190, 35, 5)",houghCircle,0.691666667,43583278.44,32800584.5
"(np.float64(1.0), 230, 240, 35, 5)",houghCircle,0.691666667,43683942.07,31126618
"(np.float64(1.0), 240, 200, 35, 5)",houghCircle,0.691666667,41063508.74,31929847
"(np.float64(1.0), 240, 210, 35, 5)",houghCircle,0.691666667,45724023.24,33700829.5
"(np.float64(1.0), 240, 270, 30, 5)",houghCircle,0.691666667,42860326.45,31872544
"(np.float64(1.0), 270, 100, 30, 10)",houghCircle,0.691666667,45561476.13,36985251
"(np.float64(1.0), 280, 100, 40, 10)",houghCircle,0.691666667,47597150.98,36844007
"(np.float64(1.5), 100, 160, 30, 10)",houghCircle,0.691666667,42875812.22,33172228.5
"(np.float64(1.5), 100, 200, 30, 10)",houghCircle,0.691666667,43074506.84,32173093
"(np.float64(1.5), 110, 200, 30, 10)",houghCircle,0.691666667,43448948.6,31670665.5
"(np.float64(1.5), 120, 200, 30, 10)",houghCircle,0.691666667,42842527.71,32312289
"(np.float64(1.5), 130, 200, 30, 10)",houghCircle,0.691666667,41003562.18,31382886
"(np.float64(1.5), 140, 150, 30, 10)",houghCircle,0.691666667,45967656.75,35023580
"(np.float64(1.5), 140, 210, 30, 10)",houghCircle,0.691666667,39264663.34,31652902.5
"(np.float64(1.5), 150, 150, 30, 10)",houghCircle,0.691666667,45278358.76,33498815
"(np.float64(1.5), 150, 210, 30, 10)",houghCircle,0.691666667,39949180.69,31959788
"(np.float64(1.5), 160, 210, 30, 10)",houghCircle,0.691666667,40545797.13,31870611.5
"(np.float64(1.5), 180, 230, 30, 10)",houghCircle,0.691666667,44492422.55,32978448.5
"(np.float64(1.5), 190, 130, 30, 10)",houghCircle,0.691666667,50819412.14,40378898
"(np.float64(1.5), 190, 180, 35, 5)",houghCircle,0.691666667,42156751.75,33547741.5
"(np.float64(1.5), 190, 230, 30, 10)",houghCircle,0.691666667,48902502.56,37572678.5
"(np.float64(1.5), 200, 100, 35, 5)",houghCircle,0.691666667,47020564.33,38929053
"(np.float64(1.5), 200, 120, 35, 5)",houghCircle,0.691666667,45025115.15,35784758.5
"(np.float64(1.5), 200, 150, 35, 5)",houghCircle,0.691666667,43680162.31,33746746
"(np.float64(1.5), 200, 170, 35, 5)",houghCircle,0.691666667,43424143.29,33618099
"(np.float64(1.5), 210, 110, 35, 5)",houghCircle,0.691666667,44956923.01,35424814
"(np.float64(1.5), 210, 120, 35, 5)",houghCircle,0.691666667,47849011.6,36292807.5
"(np.float64(1.5), 210, 150, 35, 5)",houghCircle,0.691666667,44422756.03,34745428.5
"(np.float64(1.5), 210, 250, 35, 5)",houghCircle,0.691666667,39212619.43,31370752.5
"(np.float64(1.5), 210, 260, 35, 5)",houghCircle,0.691666667,41951105.07,31930463
"(np.float64(1.5), 210, 270, 35, 5)",houghCircle,0.691666667,40157136.06,30994968
"(np.float64(1.5), 210, 280, 30, 5)",houghCircle,0.691666667,41112385.2,31590514
"(np.float64(1.5), 210, 290, 30, 5)",houghCircle,0.691666667,42967525.35,31539445
"(np.float64(1.5), 220, 110, 35, 5)",houghCircle,0.691666667,44980348.2,36211304
"(np.float64(1.5), 220, 120, 30, 10)",houghCircle,0.691666667,45903375.26,35196150
"(np.float64(1.5), 220, 120, 35, 5)",houghCircle,0.691666667,45167508.05,35995304.5
"(np.float64(1.5), 220, 150, 35, 5)",houghCircle,0.691666667,42641204.73,35369925.5
"(np.float64(1.5), 220, 250, 35, 5)",houghCircle,0.691666667,45517962.31,33226819.5
"(np.float64(1.5), 220, 260, 35, 5)",houghCircle,0.691666667,44242975.19,32324321.5
"(np.float64(1.5), 220, 270, 35, 5)",houghCircle,0.691666667,38245406.38,31015752
"(np.float64(1.5), 230, 130, 35, 5)",houghCircle,0.691666667,44192499.02,34306966
"(np.float64(1.5), 230, 140, 35, 5)",houghCircle,0.691666667,45257736.83,35825044.5
"(np.float64(1.5), 230, 190, 35, 5)",houghCircle,0.691666667,43138103.08,32364868.5
"(np.float64(1.5), 230, 240, 35, 5)",houghCircle,0.691666667,40116108.46,31835105.5
"(np.float64(1.5), 240, 200, 35, 5)",houghCircle,0.691666667,44201071.04,32131165.5
"(np.float64(1.5), 240, 210, 35, 5)",houghCircle,0.691666667,42814941.38,32696761.5
"(np.float64(1.5), 240, 270, 30, 5)",houghCircle,0.691666667,42364265.21,31938668.5
"(np.float64(1.5), 270, 100, 30, 10)",houghCircle,0.691666667,46796193.14,36803415.5
"(np.float64(1.5), 280, 100, 40, 10)",houghCircle,0.691666667,46387096.43,36236461
"(np.float64(1.0), 100, 210, 30, 10)",houghCircle,0.689583333,57274589.58,43297864
"(np.float64(1.0), 110, 150, 30, 10)",houghCircle,0.689583333,46239180.17,33947681.5
"(np.float64(1.0), 110, 210, 30, 10)",houghCircle,0.689583333,41954272.38,31732496.5
"(np.float64(1.0), 120, 150, 30, 10)",houghCircle,0.689583333,44464434.02,35045005.5
"(np.float64(1.0), 120, 210, 30, 10)",houghCircle,0.689583333,40817332.56,31394477.5
"(np.float64(1.0), 130, 150, 30, 10)",houghCircle,0.689583333,54093051.06,43163827
"(np.float64(1.0), 130, 210, 30, 10)",houghCircle,0.689583333,44827630.48,32801482
"(np.float64(1.0), 160, 140, 30, 10)",houghCircle,0.689583333,43254264.71,33972368.5
"(np.float64(1.0), 170, 220, 30, 10)",houghCircle,0.689583333,41792913.46,32685244
"(np.float64(1.0), 170, 240, 30, 10)",houghCircle,0.689583333,42123776.86,31437587.5
"(np.float64(1.0), 180, 180, 35, 5)",houghCircle,0.689583333,42931077.65,33702567.5
"(np.float64(1.0), 190, 280, 30, 5)",houghCircle,0.689583333,41981780.05,31962048
"(np.float64(1.0), 190, 290, 30, 5)",houghCircle,0.689583333,44580229.32,32054351
"(np.float64(1.0), 190, 290, 35, 5)",houghCircle,0.689583333,42308423.24,32622761.5
"(np.float64(1.0), 200, 110, 35, 5)",houghCircle,0.689583333,45443841.3,36553656.5
"(np.float64(1.0), 200, 120, 30, 10)",houghCircle,0.689583333,45071678.99,34638969.5
"(np.float64(1.0), 200, 130, 35, 5)",houghCircle,0.689583333,44121838.04,35016152
"(np.float64(1.0), 200, 250, 35, 5)",houghCircle,0.689583333,42373342.83,32723887
"(np.float64(1.0), 200, 260, 35, 5)",houghCircle,0.689583333,41764941.83,31980186
"(np.float64(1.0), 200, 270, 35, 5)",houghCircle,0.689583333,43520421.57,32164623
"(np.float64(1.0), 200, 280, 30, 5)",houghCircle,0.689583333,41719421.44,32066754
"(np.float64(1.0), 200, 280, 35, 5)",houghCircle,0.689583333,42137451.31,32196369
"(np.float64(1.0), 200, 290, 30, 5)",houghCircle,0.689583333,43207656.42,32458023
"(np.float64(1.0), 210, 120, 30, 10)",houghCircle,0.689583333,44886950.12,35774625
"(np.float64(1.0), 210, 130, 35, 5)",houghCircle,0.689583333,45143365.38,35281695
"(np.float64(1.0), 210, 240, 35, 5)",houghCircle,0.689583333,43836953.17,32961587
"(np.float64(1.0), 220, 130, 35, 5)",houghCircle,0.689583333,45964009.09,33992196.5
"(np.float64(1.0), 220, 240, 35, 5)",houghCircle,0.689583333,43090111.88,32924042.5
"(np.float64(1.0), 220, 270, 30, 5)",houghCircle,0.689583333,43712843.91,31457275.5
"(np.float64(1.0), 230, 200, 35, 5)",houghCircle,0.689583333,40995119.27,32083044
"(np.float64(1.0), 230, 210, 35, 5)",houghCircle,0.689583333,42351339.52,32727358.5
"(np.float64(1.0), 230, 270, 30, 5)",houghCircle,0.689583333,41136001.72,31420598
"(np.float64(1.0), 250, 100, 40, 10)",houghCircle,0.689583333,55202968.6,46759067.5
"(np.float64(1.0), 250, 230, 35, 5)",houghCircle,0.689583333,41737817.5,32067801
"(np.float64(1.0), 260, 100, 30, 10)",houghCircle,0.689583333,46769157.65,37462711.5
"(np.float64(1.0), 260, 100, 40, 10)",houghCircle,0.689583333,55931974.92,44953314
"(np.float64(1.0), 260, 230, 35, 5)",houghCircle,0.689583333,42904485.38,31799011.5
"(np.float64(1.0), 270, 100, 40, 10)",houghCircle,0.689583333,44526662.34,36854876
"(np.float64(1.0), 270, 230, 35, 5)",houghCircle,0.689583333,40665698.82,31978202.5
"(np.float64(1.0), 280, 170, 30, 5)",houghCircle,0.689583333,43043307.73,33222757.5
"(np.float64(1.0), 280, 190, 30, 5)",houghCircle,0.689583333,44203865.03,33077293.5
"(np.float64(1.5), 100, 210, 30, 10)",houghCircle,0.689583333,44095147.33,32902947.5
"(np.float64(1.5), 110, 150, 30, 10)",houghCircle,0.689583333,43962254.33,33384811.5
"(np.float64(1.5), 110, 210, 30, 10)",houghCircle,0.689583333,49114574.39,37915621
"(np.float64(1.5), 120, 150, 30, 10)",houghCircle,0.689583333,49099840.09,40042190.5
"(np.float64(1.5), 120, 210, 30, 10)",houghCircle,0.689583333,41104017.04,31527562.5
"(np.float64(1.5), 130, 150, 30, 10)",houghCircle,0.689583333,41187611.98,33198357
"(np.float64(1.5), 130, 210, 30, 10)",houghCircle,0.689583333,41163941.58,31806360
"(np.float64(1.5), 160, 140, 30, 10)",houghCircle,0.689583333,42932515.56,33472470.5
"(np.float64(1.5), 170, 220, 30, 10)",houghCircle,0.689583333,43836198.04,32242428
"(np.float64(1.5), 170, 240, 30, 10)",houghCircle,0.689583333,38913114.08,30299789.5
"(np.float64(1.5), 180, 180, 35, 5)",houghCircle,0.689583333,42768810.5,32377968.5
"(np.float64(1.5), 190, 280, 30, 5)",houghCircle,0.689583333,40683245.33,31229863.5
"(np.float64(1.5), 190, 290, 30, 5)",houghCircle,0.689583333,42668278.98,31485122.5
"(np.float64(1.5), 190, 290, 35, 5)",houghCircle,0.689583333,40542033.59,30626992.5
"(np.float64(1.5), 200, 110, 35, 5)",houghCircle,0.689583333,45242027.16,37014254
"(np.float64(1.5), 200, 120, 30, 10)",houghCircle,0.689583333,46871969.97,36534640.5
"(np.float64(1.5), 200, 130, 35, 5)",houghCircle,0.689583333,44619135.53,35103090
"(np.float64(1.5), 200, 250, 35, 5)",houghCircle,0.689583333,42502468.97,31683023.5
"(np.float64(1.5), 200, 260, 35, 5)",houghCircle,0.689583333,39419717.83,31240438.5
"(np.float64(1.5), 200, 270, 35, 5)",houghCircle,0.689583333,38535473.45,29711279
"(np.float64(1.5), 200, 280, 30, 5)",houghCircle,0.689583333,39747790.31,31619975.5
"(np.float64(1.5), 200, 280, 35, 5)",houghCircle,0.689583333,41420074.27,31450267.5
"(np.float64(1.5), 200, 290, 30, 5)",houghCircle,0.689583333,40727269.47,31474517
"(np.float64(1.5), 210, 120, 30, 10)",houghCircle,0.689583333,44435835.79,34554325
"(np.float64(1.5), 210, 130, 35, 5)",houghCircle,0.689583333,43145204.08,34805371.5
"(np.float64(1.5), 210, 240, 35, 5)",houghCircle,0.689583333,41271647.07,32321477
"(np.float64(1.5), 220, 130, 35, 5)",houghCircle,0.689583333,43160484.83,35051639.5
"(np.float64(1.5), 220, 240, 35, 5)",houghCircle,0.689583333,40886635.18,31360789.5
"(np.float64(1.5), 220, 270, 30, 5)",houghCircle,0.689583333,43736106.95,31952148.5
"(np.float64(1.5), 230, 200, 35, 5)",houghCircle,0.689583333,41371767.6,32582095
"(np.float64(1.5), 230, 210, 35, 5)",houghCircle,0.689583333,40122773.03,31364957.5
"(np.float64(1.5), 230, 270, 30, 5)",houghCircle,0.689583333,41921880.25,32340698
"(np.float64(1.5), 250, 100, 40, 10)",houghCircle,0.689583333,43857207.14,36069387.5
"(np.float64(1.5), 250, 230, 35, 5)",houghCircle,0.689583333,39512237.73,31011409.5
"(np.float64(1.5), 260, 100, 30, 10)",houghCircle,0.689583333,46280100,36646389.5
"(np.float64(1.5), 260, 100, 40, 10)",houghCircle,0.689583333,44356943.51,36872189
"(np.float64(1.5), 260, 230, 35, 5)",houghCircle,0.689583333,43146866.2,32399853
"(np.float64(1.5), 270, 100, 40, 10)",houghCircle,0.689583333,43104999.58,34984242
"(np.float64(1.5), 270, 230, 35, 5)",houghCircle,0.689583333,41161764.18,31892912
"(np.float64(1.5), 280, 170, 30, 5)",houghCircle,0.689583333,42308605.79,32420296.5
"(np.float64(1.5), 280, 190, 30, 5)",houghCircle,0.689583333,41517550.76,32218792
"(np.float64(1.0), 100, 150, 30, 10)",houghCircle,0.6875,41407405.91,33581886
"(np.float64(1.0), 140, 220, 30, 10)",houghCircle,0.6875,42492717.38,32360961.5
"(np.float64(1.0), 140, 240, 30, 10)",houghCircle,0.6875,41572164.81,31135171
"(np.float64(1.0), 150, 220, 30, 10)",houghCircle,0.6875,39988991.51,31119671.5
"(np.float64(1.0), 150, 240, 30, 10)",houghCircle,0.6875,38969635.6,30162431.5
"(np.float64(1.0), 160, 220, 30, 10)",houghCircle,0.6875,44831234.95,33307236
"(np.float64(1.0), 160, 240, 30, 10)",houghCircle,0.6875,39105001.38,30643439
"(np.float64(1.0), 170, 180, 35, 5)",houghCircle,0.6875,42251831.96,32642378.5
"(np.float64(1.0), 170, 230, 30, 10)",houghCircle,0.6875,40960867.44,31005857.5
"(np.float64(1.0), 180, 100, 35, 5)",houghCircle,0.6875,47584393.66,38408186
"(np.float64(1.0), 180, 120, 35, 5)",houghCircle,0.6875,43900135.79,34751380
"(np.float64(1.0), 180, 130, 30, 10)",houghCircle,0.6875,40592316.69,32945227
"(np.float64(1.0), 180, 290, 35, 5)",houghCircle,0.6875,40663557.39,32005653.5
"(np.float64(1.0), 190, 100, 35, 5)",houghCircle,0.6875,42310679.83,35809225
"(np.float64(1.0), 190, 120, 35, 5)",houghCircle,0.6875,43586811.55,35321607
"(np.float64(1.0), 190, 150, 35, 5)",houghCircle,0.6875,46956705.34,36007842
"(np.float64(1.0), 190, 160, 35, 5)",houghCircle,0.6875,41782075.2,33236799.5
"(np.float64(1.0), 200, 140, 35, 5)",houghCircle,0.6875,43067767.23,34160402
"(np.float64(1.0), 200, 240, 35, 5)",houghCircle,0.6875,43970516.87,32665902.5
"(np.float64(1.0), 210, 140, 35, 5)",houghCircle,0.6875,44137435.68,34198773
"(np.float64(1.0), 210, 190, 35, 5)",houghCircle,0.6875,41216005.1,32533308
"(np.float64(1.0), 210, 210, 35, 5)",houghCircle,0.6875,41253185.06,31904564.5
"(np.float64(1.0), 210, 270, 30, 5)",houghCircle,0.6875,40147495.44,31065731
"(np.float64(1.0), 220, 140, 35, 5)",houghCircle,0.6875,47542759.6,37074894.5
"(np.float64(1.0), 220, 190, 35, 5)",houghCircle,0.6875,40016164.15,31891685.5
"(np.float64(1.0), 220, 210, 35, 5)",houghCircle,0.6875,41265715.67,32232509.5
"(np.float64(1.0), 230, 230, 35, 5)",houghCircle,0.6875,41312649.8,31588721.5
"(np.float64(1.0), 240, 100, 40, 10)",houghCircle,0.6875,46261298.13,36151381.5
"(np.float64(1.0), 240, 110, 30, 10)",houghCircle,0.6875,43484651.03,35620040
"(np.float64(1.0), 240, 230, 35, 5)",houghCircle,0.6875,39976068.08,32085654.5
"(np.float64(1.0), 250, 100, 30, 10)",houghCircle,0.6875,47563215.98,37008560
"(np.float64(1.0), 250, 220, 35, 5)",houghCircle,0.6875,42525013.02,32526030.5
"(np.float64(1.0), 250, 260, 30, 5)",houghCircle,0.6875,43091859.5,32690193
"(np.float64(1.0), 260, 170, 30, 5)",houghCircle,0.6875,40702331.8,32992480
"(np.float64(1.0), 260, 220, 35, 5)",houghCircle,0.6875,39834647.05,31537856.5
"(np.float64(1.0), 260, 260, 30, 5)",houghCircle,0.6875,42720133.46,32458232.5
"(np.float64(1.0), 270, 170, 30, 5)",houghCircle,0.6875,42197817.73,32081121
"(np.float64(1.0), 270, 190, 30, 5)",houghCircle,0.6875,40505923.99,31728594
"(np.float64(1.0), 270, 220, 35, 5)",houghCircle,0.6875,40632648.47,31166400
"(np.float64(1.0), 270, 260, 30, 5)",houghCircle,0.6875,39466650.86,30786612.5
"(np.float64(1.0), 280, 180, 30, 5)",houghCircle,0.6875,42339648.07,33051722
"(np.float64(1.0), 280, 250, 30, 5)",houghCircle,0.6875,40700151.03,31728298.5
"(np.float64(1.5), 100, 150, 30, 10)",houghCircle,0.6875,44563706.03,34366247.5
"(np.float64(1.5), 140, 220, 30, 10)",houghCircle,0.6875,40181476.94,32640429.5
"(np.float64(1.5), 140, 240, 30, 10)",houghCircle,0.6875,40545730.32,31361300
"(np.float64(1.5), 150, 220, 30, 10)",houghCircle,0.6875,40961300.15,31494509.5
"(np.float64(1.5), 150, 240, 30, 10)",houghCircle,0.6875,49049236.86,38415388.5
"(np.float64(1.5), 160, 220, 30, 10)",houghCircle,0.6875,42099250.84,32088764.5
"(np.float64(1.5), 160, 240, 30, 10)",houghCircle,0.6875,40622382.12,31724061
"(np.float64(1.5), 170, 180, 35, 5)",houghCircle,0.6875,46218216.68,33725766
"(np.float64(1.5), 170, 230, 30, 10)",houghCircle,0.6875,51647912.41,39397661.5
"(np.float64(1.5), 180, 100, 35, 5)",houghCircle,0.6875,46974649.47,37364829
"(np.float64(1.5), 180, 120, 35, 5)",houghCircle,0.6875,43840055.15,34224898
"(np.float64(1.5), 180, 130, 30, 10)",houghCircle,0.6875,44185950.84,35005867.5
"(np.float64(1.5), 180, 290, 35, 5)",houghCircle,0.6875,50015171.88,39140744.5
"(np.float64(1.5), 190, 100, 35, 5)",houghCircle,0.6875,47453001.03,36788522.5
"(np.float64(1.5), 190, 120, 35, 5)",houghCircle,0.6875,43126106.92,34978722
"(np.float64(1.5), 190, 150, 35, 5)",houghCircle,0.6875,43948913.97,34302022
"(np.float64(1.5), 190, 160, 35, 5)",houghCircle,0.6875,42714900.2,33800751.5
"(np.float64(1.5), 200, 140, 35, 5)",houghCircle,0.6875,43314482.77,34649514.5
"(np.float64(1.5), 200, 240, 35, 5)",houghCircle,0.6875,42168172.4,31359161.5
"(np.float64(1.5), 210, 140, 35, 5)",houghCircle,0.6875,42211332.49,33791835.5
"(np.float64(1.5), 210, 190, 35, 5)",houghCircle,0.6875,45629219.02,32761648
"(np.float64(1.5), 210, 210, 35, 5)",houghCircle,0.6875,44664612.45,33771056
"(np.float64(1.5), 210, 270, 30, 5)",houghCircle,0.6875,50519086.18,38169122
"(np.float64(1.5), 220, 140, 35, 5)",houghCircle,0.6875,52528181.93,40955384
"(np.float64(1.5), 220, 190, 35, 5)",houghCircle,0.6875,45739048.77,34350970
"(np.float64(1.5), 220, 210, 35, 5)",houghCircle,0.6875,41994378.21,32176606.5
"(np.float64(1.5), 230, 230, 35, 5)",houghCircle,0.6875,41417206.43,31718700.5
"(np.float64(1.5), 240, 100, 40, 10)",houghCircle,0.6875,47490727.38,36738478.5
"(np.float64(1.5), 240, 110, 30, 10)",houghCircle,0.6875,45108466.73,35927189.5
"(np.float64(1.5), 240, 230, 35, 5)",houghCircle,0.6875,42671500.37,32826067.5
"(np.float64(1.5), 250, 100, 30, 10)",houghCircle,0.6875,59266086.18,47430787
"(np.float64(1.5), 250, 220, 35, 5)",houghCircle,0.6875,43634541.49,32589499
"(np.float64(1.5), 250, 260, 30, 5)",houghCircle,0.6875,39870707,31008603.5
"(np.float64(1.5), 260, 170, 30, 5)",houghCircle,0.6875,52664820.05,40449976.5
"(np.float64(1.5), 260, 220, 35, 5)",houghCircle,0.6875,44087839.11,31520139
"(np.float64(1.5), 260, 260, 30, 5)",houghCircle,0.6875,41839292.88,31018883
"(np.float64(1.5), 270, 170, 30, 5)",houghCircle,0.6875,49742008.98,41294240
"(np.float64(1.5), 270, 190, 30, 5)",houghCircle,0.6875,42082027.76,32754889.5
"(np.float64(1.5), 270, 220, 35, 5)",houghCircle,0.6875,41191470.7,32241170.5
"(np.float64(1.5), 270, 260, 30, 5)",houghCircle,0.6875,43307876.63,31457770.5
"(np.float64(1.5), 280, 180, 30, 5)",houghCircle,0.6875,41065053.79,32213795
"(np.float64(1.5), 280, 250, 30, 5)",houghCircle,0.6875,42499889.62,32031187
"(np.float64(1.0), 100, 110, 40, 15)",houghCircle,0.685416667,43785963.13,34728632
"(np.float64(1.0), 100, 220, 30, 10)",houghCircle,0.685416667,43650314.74,32753176
"(np.float64(1.0), 100, 240, 30, 10)",houghCircle,0.685416667,44864080.59,33695003
"(np.float64(1.0), 110, 110, 40, 15)",houghCircle,0.685416667,43592218.74,35592870.5
"(np.float64(1.0), 110, 220, 30, 10)",houghCircle,0.685416667,40851342.77,31268280.5
"(np.float64(1.0), 110, 240, 30, 10)",houghCircle,0.685416667,41978262.4,32453324
"(np.float64(1.0), 120, 110, 40, 15)",houghCircle,0.685416667,43456947.7,34366594
"(np.float64(1.0), 120, 220, 30, 10)",houghCircle,0.685416667,40836088.61,31775392
"(np.float64(1.0), 120, 240, 30, 10)",houghCircle,0.685416667,39859544.58,31338367
"(np.float64(1.0), 130, 110, 40, 15)",houghCircle,0.685416667,43134151.33,34400487.5
"(np.float64(1.0), 130, 180, 35, 5)",houghCircle,0.685416667,47594049.29,33487614
"(np.float64(1.0), 130, 220, 30, 10)",houghCircle,0.685416667,40731349.94,32057436
"(np.float64(1.0), 130, 240, 30, 10)",houghCircle,0.685416667,41290720.19,31059715
"(np.float64(1.0), 130, 290, 35, 5)",houghCircle,0.685416667,43765318.8,31796902.5
"(np.float64(1.0), 140, 110, 40, 15)",houghCircle,0.685416667,43562054.36,34324855
"(np.float64(1.0), 140, 140, 30, 10)",houghCircle,0.685416667,44873795.29,34495581
"(np.float64(1.0), 140, 180, 35, 5)",houghCircle,0.685416667,38550025.38,32408455.5
"(np.float64(1.0), 140, 230, 30, 10)",houghCircle,0.685416667,41411753.37,31233420
"(np.float64(1.0), 140, 290, 35, 5)",houghCircle,0.685416667,40304273.74,31367737.5
"(np.float64(1.0), 150, 110, 40, 15)",houghCircle,0.685416667,46517300.15,36214870.5
"(np.float64(1.0), 150, 140, 30, 10)",houghCircle,0.685416667,42952601.9,33850725.5
"(np.float64(1.0), 150, 180, 35, 5)",houghCircle,0.685416667,43425633.82,31656289
"(np.float64(1.0), 150, 230, 30, 10)",houghCircle,0.685416667,43364669.28,32969603
"(np.float64(1.0), 150, 290, 35, 5)",houghCircle,0.685416667,40551302.74,32103303.5
"(np.float64(1.0), 160, 110, 40, 15)",houghCircle,0.685416667,43143018.75,35177971.5
"(np.float64(1.0), 160, 180, 35, 5)",houghCircle,0.685416667,42870819.71,32883335.5
"(np.float64(1.0), 160, 230, 30, 10)",houghCircle,0.685416667,40156312.93,31991782.5
"(np.float64(1.0), 160, 290, 35, 5)",houghCircle,0.685416667,39221686.63,30430558.5
"(np.float64(1.0), 170, 110, 40, 15)",houghCircle,0.685416667,44175557.69,34174529
"(np.float64(1.0), 170, 130, 30, 10)",houghCircle,0.685416667,46283813,35487972.5
"(np.float64(1.0), 170, 290, 35, 5)",houghCircle,0.685416667,42399231.52,31175061
"(np.float64(1.0), 180, 110, 35, 5)",houghCircle,0.685416667,44793291.4,36328343.5
"(np.float64(1.0), 180, 110, 40, 15)",houghCircle,0.685416667,46748475.57,35380385
"(np.float64(1.0), 180, 150, 35, 5)",houghCircle,0.685416667,47014914.3,35515399.5
"(np.float64(1.0), 180, 160, 35, 5)",houghCircle,0.685416667,44501038.39,33829821
"(np.float64(1.0), 180, 280, 30, 5)",houghCircle,0.685416667,41591817.6,31440037
"(np.float64(1.0), 180, 290, 30, 5)",houghCircle,0.685416667,41115147.22,30487360.5
"(np.float64(1.0), 190, 110, 35, 5)",houghCircle,0.685416667,46844243.61,36671196.5
"(np.float64(1.0), 190, 110, 40, 15)",houghCircle,0.685416667,51920971.09,38809768
"(np.float64(1.0), 190, 130, 35, 5)",houghCircle,0.685416667,44673672.98,35461853.5
"(np.float64(1.0), 190, 170, 35, 5)",houghCircle,0.685416667,43003484.08,32811592
"(np.float64(1.0), 190, 250, 35, 5)",houghCircle,0.685416667,41017381.36,32267444.5
"(np.float64(1.0), 190, 260, 35, 5)",houghCircle,0.685416667,41279829.05,32042689
"(np.float64(1.0), 190, 270, 30, 5)",houghCircle,0.685416667,39331759.61,31222981.5
"(np.float64(1.0), 190, 270, 35, 5)",houghCircle,0.685416667,39443306.61,31009785.5
"(np.float64(1.0), 190, 280, 35, 5)",houghCircle,0.685416667,43482832.24,31769902
"(np.float64(1.0), 200, 110, 40, 15)",houghCircle,0.685416667,44925449.27,35917267
"(np.float64(1.0), 200, 190, 35, 5)",houghCircle,0.685416667,40670580.07,32141424
"(np.float64(1.0), 200, 210, 35, 5)",houghCircle,0.685416667,44994470.18,32571455.5
"(np.float64(1.0), 200, 270, 30, 5)",houghCircle,0.685416667,40591122.55,31701362.5
"(np.float64(1.0), 210, 110, 40, 15)",houghCircle,0.685416667,54811856.71,45743453
"(np.float64(1.0), 210, 200, 35, 5)",houghCircle,0.685416667,44611351.4,33325570
"(np.float64(1.0), 210, 230, 35, 5)",houghCircle,0.685416667,42216299.22,31872694.5
"(np.float64(1.0), 220, 110, 40, 15)",houghCircle,0.685416667,55034538.21,45428576.5
"(np.float64(1.0), 220, 200, 35, 5)",houghCircle,0.685416667,42411849.24,32359087
"(np.float64(1.0), 220, 230, 35, 5)",houghCircle,0.685416667,43818448.33,32213975
"(np.float64(1.0), 220, 260, 30, 5)",houghCircle,0.685416667,40721312.26,31817585.5
"(np.float64(1.0), 230, 100, 40, 10)",houghCircle,0.685416667,45405136.11,36082902.5
"(np.float64(1.0), 230, 110, 40, 15)",houghCircle,0.685416667,41501518.39,34696963
"(np.float64(1.0), 230, 220, 35, 5)",houghCircle,0.685416667,45717073.84,34528882
"(np.float64(1.0), 230, 260, 30, 5)",houghCircle,0.685416667,40383410.64,31486565.5
"(np.float64(1.0), 240, 110, 40, 15)",houghCircle,0.685416667,47350098.27,37372282.5
"(np.float64(1.0), 240, 220, 35, 5)",houghCircle,0.685416667,40232386.47,31207892
"(np.float64(1.0), 240, 260, 30, 5)",houghCircle,0.685416667,43614671.36,31451795
"(np.float64(1.0), 250, 110, 40, 15)",houghCircle,0.685416667,46801354.27,35801911
"(np.float64(1.0), 250, 170, 30, 5)",houghCircle,0.685416667,42037103.56,32566486
"(np.float64(1.0), 260, 110, 40, 15)",houghCircle,0.685416667,45306447.85,34944847.5
"(np.float64(1.0), 260, 180, 30, 5)",houghCircle,0.685416667,43264696.02,32730574.5
"(np.float64(1.0), 260, 190, 30, 5)",houghCircle,0.685416667,42225518.73,33064781.5
"(np.float64(1.0), 270, 110, 40, 15)",houghCircle,0.685416667,44900304.9,35144398
"(np.float64(1.0), 270, 180, 30, 5)",houghCircle,0.685416667,45319425.98,33433583
"(np.float64(1.0), 280, 110, 40, 15)",houghCircle,0.685416667,55229328.66,44260730.5
"(np.float64(1.5), 100, 110, 40, 15)",houghCircle,0.685416667,43621456.93,34946572
"(np.float64(1.5), 100, 220, 30, 10)",houghCircle,0.685416667,40667109.4,31681736.5
"(np.float64(1.5), 100, 240, 30, 10)",houghCircle,0.685416667,47718369.9,37807379.5
"(np.float64(1.5), 110, 110, 40, 15)",houghCircle,0.685416667,45500911.89,35056092
"(np.float64(1.5), 110, 220, 30, 10)",houghCircle,0.685416667,51983859.96,39409664
"(np.float64(1.5), 110, 240, 30, 10)",houghCircle,0.685416667,42622779.46,32489647
"(np.float64(1.5), 120, 110, 40, 15)",houghCircle,0.685416667,45385267.06,35445492.5
"(np.float64(1.5), 120, 220, 30, 10)",houghCircle,0.685416667,42491769.49,31576484
"(np.float64(1.5), 120, 240, 30, 10)",houghCircle,0.685416667,42676317.54,31109052
"(np.float64(1.5), 130, 110, 40, 15)",houghCircle,0.685416667,44577375.25,34616672
"(np.float64(1.5), 130, 180, 35, 5)",houghCircle,0.685416667,43484701.06,33124982.5
"(np.float64(1.5), 130, 220, 30, 10)",houghCircle,0.685416667,40193805.19,31333918.5
"(np.float64(1.5), 130, 240, 30, 10)",houghCircle,0.685416667,39891184.99,31147710.5
"(np.float64(1.5), 130, 290, 35, 5)",houghCircle,0.685416667,39499878.32,31425229.5
"(np.float64(1.5), 140, 110, 40, 15)",houghCircle,0.685416667,45500285.97,35174909.5
"(np.float64(1.5), 140, 140, 30, 10)",houghCircle,0.685416667,47387307.28,35296783
"(np.float64(1.5), 140, 180, 35, 5)",houghCircle,0.685416667,43314674.66,34080441
"(np.float64(1.5), 140, 230, 30, 10)",houghCircle,0.685416667,41378772.12,31044981
"(np.float64(1.5), 140, 290, 35, 5)",houghCircle,0.685416667,43342109.03,32325529.5
"(np.float64(1.5), 150, 110, 40, 15)",houghCircle,0.685416667,44034134.32,35012831.5
"(np.float64(1.5), 150, 140, 30, 10)",houghCircle,0.685416667,44672933.95,33985758.5
"(np.float64(1.5), 150, 180, 35, 5)",houghCircle,0.685416667,44366349.82,33330294.5
"(np.float64(1.5), 150, 230, 30, 10)",houghCircle,0.685416667,41478573.46,31178192
"(np.float64(1.5), 150, 290, 35, 5)",houghCircle,0.685416667,42337183.89,31650402.5
"(np.float64(1.5), 160, 110, 40, 15)",houghCircle,0.685416667,44645402.21,34712027
"(np.float64(1.5), 160, 180, 35, 5)",houghCircle,0.685416667,43995500.9,32873883
"(np.float64(1.5), 160, 230, 30, 10)",houghCircle,0.685416667,40116980.06,31697892
"(np.float64(1.5), 160, 290, 35, 5)",houghCircle,0.685416667,42511381.67,31587690
"(np.float64(1.5), 170, 110, 40, 15)",houghCircle,0.685416667,43578731.18,35080526
"(np.float64(1.5), 170, 130, 30, 10)",houghCircle,0.685416667,46004462.18,35141191.5
"(np.float64(1.5), 170, 290, 35, 5)",houghCircle,0.685416667,41388283.04,31533212.5
"(np.float64(1.5), 180, 110, 35, 5)",houghCircle,0.685416667,43609170.15,35798438.5
"(np.float64(1.5), 180, 110, 40, 15)",houghCircle,0.685416667,51788059.38,42895449
"(np.float64(1.5), 180, 150, 35, 5)",houghCircle,0.685416667,44938694.23,34554266
"(np.float64(1.5), 180, 160, 35, 5)",houghCircle,0.685416667,44498338.76,34181876.5
"(np.float64(1.5), 180, 280, 30, 5)",houghCircle,0.685416667,41549349.65,30711501.5
"(np.float64(1.5), 180, 290, 30, 5)",houghCircle,0.685416667,42751793.02,32355770.5
"(np.float64(1.5), 190, 110, 35, 5)",houghCircle,0.685416667,42696402.95,35654604
"(np.float64(1.5), 190, 110, 40, 15)",houghCircle,0.685416667,46831194.93,36251970.5
"(np.float64(1.5), 190, 130, 35, 5)",houghCircle,0.685416667,49184029.03,35387282.5
"(np.float64(1.5), 190, 170, 35, 5)",houghCircle,0.685416667,45622333.11,34192626
"(np.float64(1.5), 190, 250, 35, 5)",houghCircle,0.685416667,37939390.1,31231386
"(np.float64(1.5), 190, 260, 35, 5)",houghCircle,0.685416667,42543945.44,31993095.5
"(np.float64(1.5), 190, 270, 30, 5)",houghCircle,0.685416667,42139355.12,32002453.5
"(np.float64(1.5), 190, 270, 35, 5)",houghCircle,0.685416667,43102582.14,31900030.5
"(np.float64(1.5), 190, 280, 35, 5)",houghCircle,0.685416667,41432245.41,31528063
"(np.float64(1.5), 200, 110, 40, 15)",houghCircle,0.685416667,50846221.86,40635679
"(np.float64(1.5), 200, 190, 35, 5)",houghCircle,0.685416667,42973337,33401006
"(np.float64(1.5), 200, 210, 35, 5)",houghCircle,0.685416667,43075765.39,32460346.5
"(np.float64(1.5), 200, 270, 30, 5)",houghCircle,0.685416667,39532773.91,31070610
"(np.float64(1.5), 210, 110, 40, 15)",houghCircle,0.685416667,45024950.15,34179989
"(np.float64(1.5), 210, 200, 35, 5)",houghCircle,0.685416667,41729837.94,32146122
"(np.float64(1.5), 210, 230, 35, 5)",houghCircle,0.685416667,41794054.91,31243289
"(np.float64(1.5), 220, 110, 40, 15)",houghCircle,0.685416667,44576669.36,34792859
"(np.float64(1.5), 220, 200, 35, 5)",houghCircle,0.685416667,44357012.58,32543638
"(np.float64(1.5), 220, 230, 35, 5)",houghCircle,0.685416667,44132007.6,32648810
"(np.float64(1.5), 220, 260, 30, 5)",houghCircle,0.685416667,40166564.77,31598895.5
"(np.float64(1.5), 230, 100, 40, 10)",houghCircle,0.685416667,48293415.27,37324813.5
"(np.float64(1.5), 230, 110, 40, 15)",houghCircle,0.685416667,45856140.21,34562320
"(np.float64(1.5), 230, 220, 35, 5)",houghCircle,0.685416667,45105212.29,32902531
"(np.float64(1.5), 230, 260, 30, 5)",houghCircle,0.685416667,41462964.65,31390906
"(np.float64(1.5), 240, 110, 40, 15)",houghCircle,0.685416667,46446087.57,35014573.5
"(np.float64(1.5), 240, 220, 35, 5)",houghCircle,0.685416667,40365598.6,31700687
"(np.float64(1.5), 240, 260, 30, 5)",houghCircle,0.685416667,42946333.62,31735602.5
"(np.float64(1.5), 250, 110, 40, 15)",houghCircle,0.685416667,47981050.69,35778115.5
"(np.float64(1.5), 250, 170, 30, 5)",houghCircle,0.685416667,44481201.4,33267551.5
"(np.float64(1.5), 260, 110, 40, 15)",houghCircle,0.685416667,45330415.52,35922202
"(np.float64(1.5), 260, 180, 30, 5)",houghCircle,0.685416667,49673658.83,40837754
"(np.float64(1.5), 260, 190, 30, 5)",houghCircle,0.685416667,50398667.9,39711026
"(np.float64(1.5), 270, 110, 40, 15)",houghCircle,0.685416667,45715827.74,35741943
"(np.float64(1.5), 270, 180, 30, 5)",houghCircle,0.685416667,42987533.4,33053881
"(np.float64(1.5), 280, 110, 40, 15)",houghCircle,0.685416667,44507794.64,35425440
"(np.float64(1.0), 100, 120, 40, 15)",houghCircle,0.683333333,44288947.46,35230745
"(np.float64(1.0), 100, 230, 30, 10)",houghCircle,0.683333333,46297489.74,33704446
"(np.float64(1.0), 100, 290, 35, 5)",houghCircle,0.683333333,41940628.33,31079156
"(np.float64(1.0), 110, 120, 40, 15)",houghCircle,0.683333333,44004917.17,34598007
"(np.float64(1.0), 110, 140, 30, 10)",houghCircle,0.683333333,57683480.61,44658607
"(np.float64(1.0), 110, 180, 35, 5)",houghCircle,0.683333333,45184666.58,34005255.5
"(np.float64(1.0), 110, 230, 30, 10)",houghCircle,0.683333333,41974841.62,31392782.5
"(np.float64(1.0), 110, 290, 35, 5)",houghCircle,0.683333333,39433418.51,30800443
"(np.float64(1.0), 120, 120, 40, 15)",houghCircle,0.683333333,43721758.61,33961058
"(np.float64(1.0), 120, 140, 30, 10)",houghCircle,0.683333333,44514120.45,34004313
"(np.float64(1.0), 120, 180, 35, 5)",houghCircle,0.683333333,41320798.04,32149178
"(np.float64(1.0), 120, 230, 30, 10)",houghCircle,0.683333333,42767350.39,32307204
"(np.float64(1.0), 120, 290, 35, 5)",houghCircle,0.683333333,47042867.48,37454185.5
"(np.float64(1.0), 130, 120, 40, 15)",houghCircle,0.683333333,43439945.48,34152842
"(np.float64(1.0), 130, 140, 30, 10)",houghCircle,0.683333333,45200674.05,33696811.5
"(np.float64(1.0), 130, 230, 30, 10)",houghCircle,0.683333333,41901912.8,31469127.5
"(np.float64(1.0), 140, 120, 40, 15)",houghCircle,0.683333333,43382332.41,34383174
"(np.float64(1.0), 150, 120, 40, 15)",houghCircle,0.683333333,42555296.46,33610614.5
"(np.float64(1.0), 160, 120, 35, 5)",houghCircle,0.683333333,46864251.57,36125554
"(np.float64(1.0), 160, 120, 40, 15)",houghCircle,0.683333333,55604860.53,44288336.5
"(np.float64(1.0), 170, 100, 35, 5)",houghCircle,0.683333333,45938804.77,36097886.5
"(np.float64(1.0), 170, 120, 35, 5)",houghCircle,0.683333333,43608617.71,35119406
"(np.float64(1.0), 170, 120, 40, 15)",houghCircle,0.683333333,45144873.4,35100414.5
"(np.float64(1.0), 170, 160, 35, 5)",houghCircle,0.683333333,41904698,32699075
"(np.float64(1.0), 180, 120, 40, 15)",houghCircle,0.683333333,55859042.81,43648375
"(np.float64(1.0), 180, 130, 35, 5)",houghCircle,0.683333333,42827497.53,33875212.5
"(np.float64(1.0), 180, 170, 35, 5)",houghCircle,0.683333333,43520731.88,34084128.5
"(np.float64(1.0), 180, 250, 35, 5)",houghCircle,0.683333333,42377640.06,31778162
"(np.float64(1.0), 180, 260, 35, 5)",houghCircle,0.683333333,38832443.86,31301819
"(np.float64(1.0), 180, 270, 35, 5)",houghCircle,0.683333333,43922777.03,32364643
"(np.float64(1.0), 180, 280, 35, 5)",houghCircle,0.683333333,43192500.59,31321893
"(np.float64(1.0), 190, 120, 30, 10)",houghCircle,0.683333333,46433333.24,36229483.5
"(np.float64(1.0), 190, 120, 40, 15)",houghCircle,0.683333333,45513714.08,34788364.5
"(np.float64(1.0), 190, 140, 35, 5)",houghCircle,0.683333333,42778731.17,34426921.5
"(np.float64(1.0), 190, 240, 35, 5)",houghCircle,0.683333333,43527019.56,32432970
"(np.float64(1.0), 200, 120, 40, 15)",houghCircle,0.683333333,59099348.41,46707170
"(np.float64(1.0), 200, 200, 35, 5)",houghCircle,0.683333333,44260289.59,32953557.5
"(np.float64(1.0), 200, 230, 35, 5)",houghCircle,0.683333333,40805607.81,32613579.5
"(np.float64(1.0), 210, 120, 40, 15)",houghCircle,0.683333333,43407131.99,33829661.5
"(np.float64(1.0), 210, 220, 35, 5)",houghCircle,0.683333333,44505380,33072550
"(np.float64(1.0), 210, 260, 30, 5)",houghCircle,0.683333333,43932728.57,32546804
"(np.float64(1.0), 220, 120, 40, 15)",houghCircle,0.683333333,53587288.54,42414251.5
"(np.float64(1.0), 220, 220, 35, 5)",houghCircle,0.683333333,43881480.55,31985802
"(np.float64(1.0), 230, 120, 40, 15)",houghCircle,0.683333333,45051063.36,35462984.5
"(np.float64(1.0), 240, 120, 40, 15)",houghCircle,0.683333333,42589635.6,33820769.5
"(np.float64(1.0), 250, 120, 40, 15)",houghCircle,0.683333333,45308447.04,34467858.5
"(np.float64(1.0), 250, 180, 30, 5)",houghCircle,0.683333333,41789079.69,32384886.5
"(np.float64(1.0), 250, 190, 30, 5)",houghCircle,0.683333333,45020791.63,34062212.5
"(np.float64(1.0), 260, 120, 40, 15)",houghCircle,0.683333333,45999979.75,35072504
"(np.float64(1.0), 270, 120, 40, 15)",houghCircle,0.683333333,43481119.37,33802630
"(np.float64(1.0), 270, 150, 30, 5)",houghCircle,0.683333333,43211205.4,33824866.5
"(np.float64(1.0), 280, 120, 40, 15)",houghCircle,0.683333333,43626052.62,33996043
"(np.float64(1.0), 280, 150, 30, 5)",houghCircle,0.683333333,43670347.23,33976382
"(np.float64(1.0), 280, 200, 30, 5)",houghCircle,0.683333333,50217951.3,40117807.5
"(np.float64(1.0), 280, 230, 30, 5)",houghCircle,0.683333333,42086328.36,32496915.5
"(np.float64(1.0), 280, 240, 30, 5)",houghCircle,0.683333333,40288204.33,31585626
"(np.float64(1.0), 290, 100, 35, 10)",houghCircle,0.683333333,44591737.42,36971787
"(np.float64(1.5), 100, 120, 40, 15)",houghCircle,0.683333333,42671510.49,35187047.5
"(np.float64(1.5), 100, 230, 30, 10)",houghCircle,0.683333333,39484078.12,31208964.5
"(np.float64(1.5), 100, 290, 35, 5)",houghCircle,0.683333333,42048267.01,32119542.5
"(np.float64(1.5), 110, 120, 40, 15)",houghCircle,0.683333333,44127301.18,34886648.5
"(np.float64(1.5), 110, 140, 30, 10)",houghCircle,0.683333333,46550473.48,35487401
"(np.float64(1.5), 110, 180, 35, 5)",houghCircle,0.683333333,44249777.22,33295147
"(np.float64(1.5), 110, 230, 30, 10)",houghCircle,0.683333333,43901151.4,32520079
"(np.float64(1.5), 110, 290, 35, 5)",houghCircle,0.683333333,41823985.95,30603178
"(np.float64(1.5), 120, 120, 40, 15)",houghCircle,0.683333333,42825076.79,34732921.5
"(np.float64(1.5), 120, 140, 30, 10)",houghCircle,0.683333333,41739641.61,33970391
"(np.float64(1.5), 120, 180, 35, 5)",houghCircle,0.683333333,45147356.87,33327157.5
"(np.float64(1.5), 120, 230, 30, 10)",houghCircle,0.683333333,43484335.09,32126025.5
"(np.float64(1.5), 120, 290, 35, 5)",houghCircle,0.683333333,39439289.45,31811094
"(np.float64(1.5), 130, 120, 40, 15)",houghCircle,0.683333333,44616859.94,34895260
"(np.float64(1.5), 130, 140, 30, 10)",houghCircle,0.683333333,46588766.22,35157441
"(np.float64(1.5), 130, 230, 30, 10)",houghCircle,0.683333333,43333076.96,31638019.5
"(np.float64(1.5), 140, 120, 40, 15)",houghCircle,0.683333333,43048708.19,33654883
"(np.float64(1.5), 150, 120, 40, 15)",houghCircle,0.683333333,43577727.68,35118754.5
"(np.float64(1.5), 160, 120, 35, 5)",houghCircle,0.683333333,45332510.98,35646509
"(np.float64(1.5), 160, 120, 40, 15)",houghCircle,0.683333333,40830900.23,34094978.5
"(np.float64(1.5), 170, 100, 35, 5)",houghCircle,0.683333333,46745670.24,37243575
"(np.float64(1.5), 170, 120, 35, 5)",houghCircle,0.683333333,46770352.57,36765689.5
"(np.float64(1.5), 170, 120, 40, 15)",houghCircle,0.683333333,43453190.53,33468274
"(np.float64(1.5), 170, 160, 35, 5)",houghCircle,0.683333333,47178427.92,37424270
"(np.float64(1.5), 180, 120, 40, 15)",houghCircle,0.683333333,42586430.66,34541015
"(np.float64(1.5), 180, 130, 35, 5)",houghCircle,0.683333333,44293288.17,34607239
"(np.float64(1.5), 180, 170, 35, 5)",houghCircle,0.683333333,44411128.57,33377227.5
"(np.float64(1.5), 180, 250, 35, 5)",houghCircle,0.683333333,41671174.87,31789223
"(np.float64(1.5), 180, 260, 35, 5)",houghCircle,0.683333333,41206820.99,32012522
"(np.float64(1.5), 180, 270, 35, 5)",houghCircle,0.683333333,41722873.94,31354492.5
"(np.float64(1.5), 180, 280, 35, 5)",houghCircle,0.683333333,48236888.1,39348170.5
"(np.float64(1.5), 190, 120, 30, 10)",houghCircle,0.683333333,42426701.56,34196160
"(np.float64(1.5), 190, 120, 40, 15)",houghCircle,0.683333333,47820252.14,34937409.5
"(np.float64(1.5), 190, 140, 35, 5)",houghCircle,0.683333333,42854219.82,35109541.5
"(np.float64(1.5), 190, 240, 35, 5)",houghCircle,0.683333333,40276883.81,31071076
"(np.float64(1.5), 200, 120, 40, 15)",houghCircle,0.683333333,46247654.39,35076500.5
"(np.float64(1.5), 200, 200, 35, 5)",houghCircle,0.683333333,46460287.15,34057083
"(np.float64(1.5), 200, 230, 35, 5)",houghCircle,0.683333333,40422973.48,32485855.5
"(np.float64(1.5), 210, 120, 40, 15)",houghCircle,0.683333333,44340448.38,34046053.5
"(np.float64(1.5), 210, 220, 35, 5)",houghCircle,0.683333333,40756479.8,31974983
"(np.float64(1.5), 210, 260, 30, 5)",houghCircle,0.683333333,43608179.16,32149778.5
"(np.float64(1.5), 220, 120, 40, 15)",houghCircle,0.683333333,45631294.84,35179298.5
"(np.float64(1.5), 220, 220, 35, 5)",houghCircle,0.683333333,43214399.18,32016565.5
"(np.float64(1.5), 230, 120, 40, 15)",houghCircle,0.683333333,41968453.34,33568275
"(np.float64(1.5), 240, 120, 40, 15)",houghCircle,0.683333333,42936408.45,33779271
"(np.float64(1.5), 250, 120, 40, 15)",houghCircle,0.683333333,44213019.41,34486544
"(np.float64(1.5), 250, 180, 30, 5)",houghCircle,0.683333333,39191774.12,32122493
"(np.float64(1.5), 250, 190, 30, 5)",houghCircle,0.683333333,43866778.89,33115081
"(np.float64(1.5), 260, 120, 40, 15)",houghCircle,0.683333333,44977439.27,35679121
"(np.float64(1.5), 270, 120, 40, 15)",houghCircle,0.683333333,42976558.89,35000187
"(np.float64(1.5), 270, 150, 30, 5)",houghCircle,0.683333333,42630482.95,34145278.5
"(np.float64(1.5), 280, 120, 40, 15)",houghCircle,0.683333333,44993548.06,35013698
"(np.float64(1.5), 280, 150, 30, 5)",houghCircle,0.683333333,54948928.35,42976606.5
"(np.float64(1.5), 280, 200, 30, 5)",houghCircle,0.683333333,44315007.09,33399203
"(np.float64(1.5), 280, 230, 30, 5)",houghCircle,0.683333333,44330539.52,33439013
"(np.float64(1.5), 280, 240, 30, 5)",houghCircle,0.683333333,41846915.03,32160294.5
"(np.float64(1.5), 290, 100, 35, 10)",houghCircle,0.683333333,44057650.26,36004887
"(np.float64(1.0), 100, 140, 30, 10)",houghCircle,0.68125,53725236.81,43348359
"(np.float64(1.0), 100, 180, 35, 5)",houghCircle,0.68125,44050760.45,34563147.5
"(np.float64(1.0), 130, 120, 35, 5)",houghCircle,0.68125,53718819.23,45935097
"(np.float64(1.0), 130, 250, 35, 5)",houghCircle,0.68125,42942422.06,32163459
"(np.float64(1.0), 130, 260, 35, 5)",houghCircle,0.68125,42000044.84,32034891
"(np.float64(1.0), 130, 270, 35, 5)",houghCircle,0.68125,42048022.63,31138793
"(np.float64(1.0), 130, 280, 30, 5)",houghCircle,0.68125,40789715.84,31957719
"(np.float64(1.0), 130, 280, 35, 5)",houghCircle,0.68125,43289176.43,32199247
"(np.float64(1.0), 130, 290, 30, 5)",houghCircle,0.68125,36716163.13,29361569
"(np.float64(1.0), 140, 120, 35, 5)",houghCircle,0.68125,44743372.29,36351697.5
"(np.float64(1.0), 140, 250, 35, 5)",houghCircle,0.68125,41096858.8,31117718.5
"(np.float64(1.0), 140, 260, 35, 5)",houghCircle,0.68125,42902149.5,31377135
"(np.float64(1.0), 140, 270, 35, 5)",houghCircle,0.68125,42639375.41,31680649
"(np.float64(1.0), 140, 280, 30, 5)",houghCircle,0.68125,40907374.19,31441609.5
"(np.float64(1.0), 140, 280, 35, 5)",houghCircle,0.68125,40778990.23,31500791
"(np.float64(1.0), 140, 290, 30, 5)",houghCircle,0.68125,37646771.29,30326860
"(np.float64(1.0), 150, 120, 35, 5)",houghCircle,0.68125,47045588.88,36075995
"(np.float64(1.0), 150, 250, 35, 5)",houghCircle,0.68125,43146413.54,32955852
"(np.float64(1.0), 150, 260, 35, 5)",houghCircle,0.68125,40419737.36,30995769.5
"(np.float64(1.0), 150, 270, 35, 5)",houghCircle,0.68125,41689281.59,31601286
"(np.float64(1.0), 150, 280, 30, 5)",houghCircle,0.68125,39095286.63,31309043
"(np.float64(1.0), 150, 280, 35, 5)",houghCircle,0.68125,42340296.58,31994669
"(np.float64(1.0), 150, 290, 30, 5)",houghCircle,0.68125,42380447.76,32368500
"(np.float64(1.0), 160, 100, 35, 5)",houghCircle,0.68125,46281533.79,37684217
"(np.float64(1.0), 160, 160, 35, 5)",houghCircle,0.68125,43449218.1,33069645
"(np.float64(1.0), 160, 170, 35, 5)",houghCircle,0.68125,43595534.73,33688607
"(np.float64(1.0), 160, 250, 35, 5)",houghCircle,0.68125,40994811.49,31882749
"(np.float64(1.0), 160, 260, 35, 5)",houghCircle,0.68125,40215471.03,31302985.5
"(np.float64(1.0), 160, 270, 35, 5)",houghCircle,0.68125,42191885.67,32091626
"(np.float64(1.0), 160, 280, 30, 5)",houghCircle,0.68125,40264285.93,31333954.5
"(np.float64(1.0), 160, 280, 35, 5)",houghCircle,0.68125,42652830.03,31854801.5
"(np.float64(1.0), 160, 290, 30, 5)",houghCircle,0.68125,39597488.8,30958795
"(np.float64(1.0), 170, 110, 35, 5)",houghCircle,0.68125,43359258.53,34951609.5
"(np.float64(1.0), 170, 130, 35, 5)",houghCircle,0.68125,40780514.65,33743555
"(np.float64(1.0), 170, 150, 35, 5)",houghCircle,0.68125,43371954.21,34555723
"(np.float64(1.0), 170, 170, 35, 5)",houghCircle,0.68125,43673176.74,32896455.5
"(np.float64(1.0), 170, 250, 35, 5)",houghCircle,0.68125,41428863.48,32202743.5
"(np.float64(1.0), 170, 260, 35, 5)",houghCircle,0.68125,40733367.71,31255351.5
"(np.float64(1.0), 170, 270, 35, 5)",houghCircle,0.68125,41183524.37,32118636.5
"(np.float64(1.0), 170, 280, 30, 5)",houghCircle,0.68125,40914042.63,31172771
"(np.float64(1.0), 170, 280, 35, 5)",houghCircle,0.68125,46155383.09,32578573
"(np.float64(1.0), 170, 290, 30, 5)",houghCircle,0.68125,38073380.15,31221153.5
"(np.float64(1.0), 180, 120, 30, 10)",houghCircle,0.68125,43486434.17,34325407
"(np.float64(1.0), 180, 140, 35, 5)",houghCircle,0.68125,41289502.11,33042574
"(np.float64(1.0), 180, 240, 35, 5)",houghCircle,0.68125,41055479.18,32738844.5
"(np.float64(1.0), 180, 270, 30, 5)",houghCircle,0.68125,40910293.91,31554177
"(np.float64(1.0), 190, 260, 30, 5)",houghCircle,0.68125,44387763.86,31862605.5
"(np.float64(1.0), 200, 220, 35, 5)",houghCircle,0.68125,45079595.48,32611631.5
"(np.float64(1.0), 200, 260, 30, 5)",houghCircle,0.68125,41830690.64,31333863.5
"(np.float64(1.0), 260, 200, 30, 5)",houghCircle,0.68125,40629266.7,31844102
"(np.float64(1.0), 260, 250, 30, 5)",houghCircle,0.68125,43664164.02,32747120.5
"(np.float64(1.0), 270, 160, 30, 5)",houghCircle,0.68125,44839512.08,33828689.5
"(np.float64(1.0), 270, 200, 30, 5)",houghCircle,0.68125,47459194.34,34112997
"(np.float64(1.0), 270, 250, 30, 5)",houghCircle,0.68125,41605902.14,31387293
"(np.float64(1.0), 280, 160, 30, 5)",houghCircle,0.68125,43525813.78,32720054.5
"(np.float64(1.0), 280, 220, 30, 5)",houghCircle,0.68125,39515659.47,31646816
"(np.float64(1.5), 100, 140, 30, 10)",houghCircle,0.68125,42750894.6,34250766.5
"(np.float64(1.5), 100, 180, 35, 5)",houghCircle,0.68125,44496845.34,34089032.5
"(np.float64(1.5), 130, 120, 35, 5)",houghCircle,0.68125,45206134.12,36992930
"(np.float64(1.5), 130, 250, 35, 5)",houghCircle,0.68125,51540763.88,39079966
"(np.float64(1.5), 130, 260, 35, 5)",houghCircle,0.68125,50761345.44,39718649
"(np.float64(1.5), 130, 270, 35, 5)",houghCircle,0.68125,41828911.3,31516250.5
"(np.float64(1.5), 130, 280, 30, 5)",houghCircle,0.68125,41651968.87,31165394
"(np.float64(1.5), 130, 280, 35, 5)",houghCircle,0.68125,42895619.47,31944719
"(np.float64(1.5), 130, 290, 30, 5)",houghCircle,0.68125,41817040.3,32076983
"(np.float64(1.5), 140, 120, 35, 5)",houghCircle,0.68125,43863669.56,35341021.5
"(np.float64(1.5), 140, 250, 35, 5)",houghCircle,0.68125,39415626.19,31365808.5
"(np.float64(1.5), 140, 260, 35, 5)",houghCircle,0.68125,41499083.33,30911961.5
"(np.float64(1.5), 140, 270, 35, 5)",houghCircle,0.68125,39535361.86,31313120.5
"(np.float64(1.5), 140, 280, 30, 5)",houghCircle,0.68125,38609374.44,30631316.5
"(np.float64(1.5), 140, 280, 35, 5)",houghCircle,0.68125,41678210.06,31702716
"(np.float64(1.5), 140, 290, 30, 5)",houghCircle,0.68125,40670461.11,31910004
"(np.float64(1.5), 150, 120, 35, 5)",houghCircle,0.68125,44132147.16,35994402.5
"(np.float64(1.5), 150, 250, 35, 5)",houghCircle,0.68125,42657856.16,31993782
"(np.float64(1.5), 150, 260, 35, 5)",houghCircle,0.68125,41108794.52,31879923.5
"(np.float64(1.5), 150, 270, 35, 5)",houghCircle,0.68125,44250851.43,31934049.5
"(np.float64(1.5), 150, 280, 30, 5)",houghCircle,0.68125,53414322.47,41206575.5
"(np.float64(1.5), 150, 280, 35, 5)",houghCircle,0.68125,44881593.87,31995615
"(np.float64(1.5), 150, 290, 30, 5)",houghCircle,0.68125,51546188.28,39808011
"(np.float64(1.5), 160, 100, 35, 5)",houghCircle,0.68125,54146584.47,45245317.5
"(np.float64(1.5), 160, 160, 35, 5)",houghCircle,0.68125,43200777,33213320
"(np.float64(1.5), 160, 170, 35, 5)",houghCircle,0.68125,44859691.22,33958714.5
"(np.float64(1.5), 160, 250, 35, 5)",houghCircle,0.68125,43221493.64,31806491
"(np.float64(1.5), 160, 260, 35, 5)",houghCircle,0.68125,40386274.16,30858687.5
"(np.float64(1.5), 160, 270, 35, 5)",houghCircle,0.68125,40928889.39,32395780.5
"(np.float64(1.5), 160, 280, 30, 5)",houghCircle,0.68125,40627347.93,31431878
"(np.float64(1.5), 160, 280, 35, 5)",houghCircle,0.68125,42261096.45,31733353
"(np.float64(1.5), 160, 290, 30, 5)",houghCircle,0.68125,42717927.45,31491119
"(np.float64(1.5), 170, 110, 35, 5)",houghCircle,0.68125,45964675.02,35292554
"(np.float64(1.5), 170, 130, 35, 5)",houghCircle,0.68125,43790175.61,35450918
"(np.float64(1.5), 170, 150, 35, 5)",houghCircle,0.68125,42734550.46,33609993.5
"(np.float64(1.5), 170, 170, 35, 5)",houghCircle,0.68125,42613623.85,33102562
"(np.float64(1.5), 170, 250, 35, 5)",houghCircle,0.68125,41904284.53,32572238
"(np.float64(1.5), 170, 260, 35, 5)",houghCircle,0.68125,48482675.74,38177498
"(np.float64(1.5), 170, 270, 35, 5)",houghCircle,0.68125,40451336.78,32120744
"(np.float64(1.5), 170, 280, 30, 5)",houghCircle,0.68125,42793751.31,31563715.5
"(np.float64(1.5), 170, 280, 35, 5)",houghCircle,0.68125,42928121.65,31608624.5
"(np.float64(1.5), 170, 290, 30, 5)",houghCircle,0.68125,41777066.49,30617835.5
"(np.float64(1.5), 180, 120, 30, 10)",houghCircle,0.68125,43057671.55,33644128
"(np.float64(1.5), 180, 140, 35, 5)",houghCircle,0.68125,43875792.72,34065894.5
"(np.float64(1.5), 180, 240, 35, 5)",houghCircle,0.68125,40581256.04,31553095
"(np.float64(1.5), 180, 270, 30, 5)",houghCircle,0.68125,40901771.51,31511927
"(np.float64(1.5), 190, 260, 30, 5)",houghCircle,0.68125,40746903.49,31861163.5
"(np.float64(1.5), 200, 220, 35, 5)",houghCircle,0.68125,41788709.41,31884792
"(np.float64(1.5), 200, 260, 30, 5)",houghCircle,0.68125,44423491,33192155
"(np.float64(1.5), 260, 200, 30, 5)",houghCircle,0.68125,42194622.41,32736145
"(np.float64(1.5), 260, 250, 30, 5)",houghCircle,0.68125,42432869.08,31818191.5
"(np.float64(1.5), 270, 160, 30, 5)",houghCircle,0.68125,52330207.79,41548215.5
"(np.float64(1.5), 270, 200, 30, 5)",houghCircle,0.68125,43075860.7,31978162
"(np.float64(1.5), 270, 250, 30, 5)",houghCircle,0.68125,38077194.2,30911922.5
"(np.float64(1.5), 280, 160, 30, 5)",houghCircle,0.68125,53696374.05,41485575
"(np.float64(1.5), 280, 220, 30, 5)",houghCircle,0.68125,43193832.89,32426137.5
"(np.float64(1.0), 100, 140, 40, 15)",houghCircle,0.679166667,44998956.56,33974237.5
"(np.float64(1.0), 100, 250, 35, 5)",houghCircle,0.679166667,45171544.62,33783829.5
"(np.float64(1.0), 100, 260, 35, 5)",houghCircle,0.679166667,55466297.13,42492267
"(np.float64(1.0), 100, 270, 35, 5)",houghCircle,0.679166667,41368632.15,32878146.5
"(np.float64(1.0), 100, 280, 30, 5)",houghCircle,0.679166667,42206232.58,31560865
"(np.float64(1.0), 100, 280, 35, 5)",houghCircle,0.679166667,40650731.28,30280392.5
"(np.float64(1.0), 100, 290, 30, 5)",houghCircle,0.679166667,41942916.88,31472790
"(np.float64(1.0), 110, 140, 40, 15)",houghCircle,0.679166667,42320948.04,32687528.5
"(np.float64(1.0), 110, 160, 35, 5)",houghCircle,0.679166667,41112886.49,33399549.5
"(np.float64(1.0), 110, 170, 35, 5)",houghCircle,0.679166667,56657936.79,44414373.5
"(np.float64(1.0), 110, 250, 35, 5)",houghCircle,0.679166667,41725720.06,31481966.5
"(np.float64(1.0), 110, 260, 35, 5)",houghCircle,0.679166667,51713203.65,40953792
"(np.float64(1.0), 110, 270, 35, 5)",houghCircle,0.679166667,41703641.27,31319928.5
"(np.float64(1.0), 110, 280, 30, 5)",houghCircle,0.679166667,40611770.76,31953556.5
"(np.float64(1.0), 110, 280, 35, 5)",houghCircle,0.679166667,49483413.66,40667674
"(np.float64(1.0), 110, 290, 30, 5)",houghCircle,0.679166667,41172523.07,31213427.5
"(np.float64(1.0), 120, 120, 35, 5)",houghCircle,0.679166667,58730218.38,45466968.5
"(np.float64(1.0), 120, 140, 40, 15)",houghCircle,0.679166667,43427633.89,32976710.5
"(np.float64(1.0), 120, 160, 35, 5)",houghCircle,0.679166667,40657892.17,32310706
"(np.float64(1.0), 120, 170, 35, 5)",houghCircle,0.679166667,41370249.25,32955655.5
"(np.float64(1.0), 120, 250, 35, 5)",houghCircle,0.679166667,42149515.47,32027365
"(np.float64(1.0), 120, 260, 35, 5)",houghCircle,0.679166667,43851076.35,32744335
"(np.float64(1.0), 120, 270, 35, 5)",houghCircle,0.679166667,40100111.04,31934030.5
"(np.float64(1.0), 120, 280, 30, 5)",houghCircle,0.679166667,41785597.05,31598261
"(np.float64(1.0), 120, 280, 35, 5)",houghCircle,0.679166667,43180905.93,31963701.5
"(np.float64(1.0), 120, 290, 30, 5)",houghCircle,0.679166667,40976483.8,31449266
"(np.float64(1.0), 130, 140, 40, 15)",houghCircle,0.679166667,41018837.44,33025527.5
"(np.float64(1.0), 130, 160, 35, 5)",houghCircle,0.679166667,44560010.05,33913394
"(np.float64(1.0), 130, 170, 35, 5)",houghCircle,0.679166667,53921663.45,43544401.5
"(np.float64(1.0), 130, 240, 35, 5)",houghCircle,0.679166667,42395399.86,31647166
"(np.float64(1.0), 140, 140, 40, 15)",houghCircle,0.679166667,41664322.32,33280451.5
"(np.float64(1.0), 140, 160, 35, 5)",houghCircle,0.679166667,45331383.35,34054522
"(np.float64(1.0), 140, 170, 35, 5)",houghCircle,0.679166667,44623139.1,33655334
"(np.float64(1.0), 140, 240, 35, 5)",houghCircle,0.679166667,43640489.98,31731484.5
"(np.float64(1.0), 150, 140, 40, 15)",houghCircle,0.679166667,51737029.91,42515501.5
"(np.float64(1.0), 150, 160, 35, 5)",houghCircle,0.679166667,44735918.43,32861344
"(np.float64(1.0), 150, 170, 35, 5)",houghCircle,0.679166667,41499036.06,32583803.5
"(np.float64(1.0), 150, 240, 35, 5)",houghCircle,0.679166667,39434589.47,31623692.5
"(np.float64(1.0), 160, 110, 35, 5)",houghCircle,0.679166667,45208030.45,36229172
"(np.float64(1.0), 160, 130, 30, 10)",houghCircle,0.679166667,42692098.3,35207686.5
"(np.float64(1.0), 160, 130, 35, 5)",houghCircle,0.679166667,42155351.49,34505518
"(np.float64(1.0), 160, 140, 40, 15)",houghCircle,0.679166667,43910555.03,33509700.5
"(np.float64(1.0), 160, 150, 35, 5)",houghCircle,0.679166667,44136758.76,34219983.5
"(np.float64(1.0), 160, 240, 35, 5)",houghCircle,0.679166667,41843955.51,32322113
"(np.float64(1.0), 170, 140, 35, 5)",houghCircle,0.679166667,45777315.78,34858246.5
"(np.float64(1.0), 170, 140, 40, 15)",houghCircle,0.679166667,54422309.74,43455268.5
"(np.float64(1.0), 170, 240, 35, 5)",houghCircle,0.679166667,39810264.41,32091896
"(np.float64(1.0), 180, 140, 40, 15)",houghCircle,0.679166667,42183597.66,32826695
"(np.float64(1.0), 190, 140, 40, 15)",houghCircle,0.679166667,53844867.71,43450771.5
"(np.float64(1.0), 190, 190, 35, 5)",houghCircle,0.679166667,44020838.51,33515245.5
"(np.float64(1.0), 190, 210, 35, 5)",houghCircle,0.679166667,46449966.62,35635895
"(np.float64(1.0), 190, 230, 35, 5)",houghCircle,0.679166667,42157972.27,32738123.5
"(np.float64(1.0), 200, 100, 40, 10)",houghCircle,0.679166667,55444577.92,45543567
"(np.float64(1.0), 200, 140, 40, 15)",houghCircle,0.679166667,43102799.17,33752336.5
"(np.float64(1.0), 210, 100, 40, 10)",houghCircle,0.679166667,46379739.9,37011168.5
"(np.float64(1.0), 210, 140, 40, 15)",houghCircle,0.679166667,53969928.35,43616395.5
"(np.float64(1.0), 220, 100, 40, 10)",houghCircle,0.679166667,57805413.56,46773745
"(np.float64(1.0), 220, 140, 40, 15)",houghCircle,0.679166667,43486817.66,33572353
"(np.float64(1.0), 230, 140, 40, 15)",houghCircle,0.679166667,43168349.28,32426138
"(np.float64(1.0), 230, 190, 30, 5)",houghCircle,0.679166667,46504797.22,34361718.5
"(np.float64(1.0), 240, 140, 40, 15)",houghCircle,0.679166667,56102788.32,44094203
"(np.float64(1.0), 240, 170, 30, 5)",houghCircle,0.679166667,43348342.03,33531958
"(np.float64(1.0), 240, 190, 30, 5)",houghCircle,0.679166667,42558557.63,32763711.5
"(np.float64(1.0), 250, 140, 40, 15)",houghCircle,0.679166667,43428397.19,33425373
"(np.float64(1.0), 250, 200, 30, 5)",houghCircle,0.679166667,43566631.9,31879398
"(np.float64(1.0), 250, 250, 30, 5)",houghCircle,0.679166667,38012577.65,31235896.5
"(np.float64(1.0), 260, 140, 40, 15)",houghCircle,0.679166667,42078274.34,33113036.5
"(np.float64(1.0), 260, 150, 30, 5)",houghCircle,0.679166667,45189737.39,34709081.5
"(np.float64(1.0), 260, 160, 30, 5)",houghCircle,0.679166667,45051289.94,34070507.5
"(np.float64(1.0), 260, 220, 30, 5)",houghCircle,0.679166667,42098335.56,32530709
"(np.float64(1.0), 260, 230, 30, 5)",houghCircle,0.679166667,40528373.49,31869844.5
"(np.float64(1.0), 260, 240, 30, 5)",houghCircle,0.679166667,45775359.16,33479049.5
"(np.float64(1.0), 270, 140, 40, 15)",houghCircle,0.679166667,43289946.33,33737883
"(np.float64(1.0), 270, 220, 30, 5)",houghCircle,0.679166667,41698434.57,32718155.5
"(np.float64(1.0), 270, 230, 30, 5)",houghCircle,0.679166667,41284476.97,32257341.5
"(np.float64(1.0), 270, 240, 30, 5)",houghCircle,0.679166667,41179137.38,32262054.5
"(np.float64(1.0), 280, 140, 40, 15)",houghCircle,0.679166667,49174045.63,37874740
"(np.float64(1.0), 280, 210, 30, 5)",houghCircle,0.679166667,42749376.77,33000651
"(np.float64(1.0), 290, 120, 35, 10)",houghCircle,0.679166667,46338961.59,36677217.5
"(np.float64(1.5), 100, 140, 40, 15)",houghCircle,0.679166667,43069986,33292908.5
"(np.float64(1.5), 100, 250, 35, 5)",houghCircle,0.679166667,43778746.81,32412888
"(np.float64(1.5), 100, 260, 35, 5)",houghCircle,0.679166667,47548563.3,37040405
"(np.float64(1.5), 100, 270, 35, 5)",houghCircle,0.679166667,42411151.04,31264393.5
"(np.float64(1.5), 100, 280, 30, 5)",houghCircle,0.679166667,39514171.47,31788562
"(np.float64(1.5), 100, 280, 35, 5)",houghCircle,0.679166667,43642974.53,31915044.5
"(np.float64(1.5), 100, 290, 30, 5)",houghCircle,0.679166667,46898473.44,38017102.5
"(np.float64(1.5), 110, 140, 40, 15)",houghCircle,0.679166667,44139665.68,33631739.5
"(np.float64(1.5), 110, 160, 35, 5)",houghCircle,0.679166667,42859229.28,33765625.5
"(np.float64(1.5), 110, 170, 35, 5)",houghCircle,0.679166667,41867312.83,33094342.5
"(np.float64(1.5), 110, 250, 35, 5)",houghCircle,0.679166667,39982831.44,31136027.5
"(np.float64(1.5), 110, 260, 35, 5)",houghCircle,0.679166667,42264244.37,32100176
"(np.float64(1.5), 110, 270, 35, 5)",houghCircle,0.679166667,43454695.72,33434434.5
"(np.float64(1.5), 110, 280, 30, 5)",houghCircle,0.679166667,42459200.6,31202362
"(np.float64(1.5), 110, 280, 35, 5)",houghCircle,0.679166667,46496539.47,31442668
"(np.float64(1.5), 110, 290, 30, 5)",houghCircle,0.679166667,41366303.75,30747218
"(np.float64(1.5), 120, 120, 35, 5)",houghCircle,0.679166667,51729552.49,43526907.5
"(np.float64(1.5), 120, 140, 40, 15)",houghCircle,0.679166667,43463405.6,33721918.5
"(np.float64(1.5), 120, 160, 35, 5)",houghCircle,0.679166667,43113180.36,33749315.5
"(np.float64(1.5), 120, 170, 35, 5)",houghCircle,0.679166667,41299809.59,32940498
"(np.float64(1.5), 120, 250, 35, 5)",houghCircle,0.679166667,43408890.85,31861244
"(np.float64(1.5), 120, 260, 35, 5)",houghCircle,0.679166667,40926705.83,32106292.5
"(np.float64(1.5), 120, 270, 35, 5)",houghCircle,0.679166667,40494876.2,31132896.5
"(np.float64(1.5), 120, 280, 30, 5)",houghCircle,0.679166667,39064383.15,30456969
"(np.float64(1.5), 120, 280, 35, 5)",houghCircle,0.679166667,41312493.31,31713876.5
"(np.float64(1.5), 120, 290, 30, 5)",houghCircle,0.679166667,49331818.18,38481443.5
"(np.float64(1.5), 130, 140, 40, 15)",houghCircle,0.679166667,42298443.33,33700814
"(np.float64(1.5), 130, 160, 35, 5)",houghCircle,0.679166667,42218286.19,34415814.5
"(np.float64(1.5), 130, 170, 35, 5)",houghCircle,0.679166667,43140809.23,32663678
"(np.float64(1.5), 130, 240, 35, 5)",houghCircle,0.679166667,47307653.06,37620479.5
"(np.float64(1.5), 140, 140, 40, 15)",houghCircle,0.679166667,42355978.67,33213475
"(np.float64(1.5), 140, 160, 35, 5)",houghCircle,0.679166667,45014000.63,34634105
"(np.float64(1.5), 140, 170, 35, 5)",houghCircle,0.679166667,44056592.29,33709185.5
"(np.float64(1.5), 140, 240, 35, 5)",houghCircle,0.679166667,41991238.13,31475074
"(np.float64(1.5), 150, 140, 40, 15)",houghCircle,0.679166667,45539022.23,34217368.5
"(np.float64(1.5), 150, 160, 35, 5)",houghCircle,0.679166667,50608559.84,41329040
"(np.float64(1.5), 150, 170, 35, 5)",houghCircle,0.679166667,52884915.99,40964912.5
"(np.float64(1.5), 150, 240, 35, 5)",houghCircle,0.679166667,42129126.67,32287774
"(np.float64(1.5), 160, 110, 35, 5)",houghCircle,0.679166667,46788910.68,36361866
"(np.float64(1.5), 160, 130, 30, 10)",houghCircle,0.679166667,45915994,35038243
"(np.float64(1.5), 160, 130, 35, 5)",houghCircle,0.679166667,42841317.93,33578079
"(np.float64(1.5), 160, 140, 40, 15)",houghCircle,0.679166667,43026416.43,32216540
"(np.float64(1.5), 160, 150, 35, 5)",houghCircle,0.679166667,44780172.66,34923828
"(np.float64(1.5), 160, 240, 35, 5)",houghCircle,0.679166667,40680318.53,31409430.5
"(np.float64(1.5), 170, 140, 35, 5)",houghCircle,0.679166667,45933138.92,34905584
"(np.float64(1.5), 170, 140, 40, 15)",houghCircle,0.679166667,40523976.71,32903204
"(np.float64(1.5), 170, 240, 35, 5)",houghCircle,0.679166667,41718390.05,32037358.5
"(np.float64(1.5), 180, 140, 40, 15)",houghCircle,0.679166667,41459569.2,33647535
"(np.float64(1.5), 190, 140, 40, 15)",houghCircle,0.679166667,47676415.47,34334548
"(np.float64(1.5), 190, 190, 35, 5)",houghCircle,0.679166667,41567816.85,32514318.5
"(np.float64(1.5), 190, 210, 35, 5)",houghCircle,0.679166667,42553627.81,32347450.5
"(np.float64(1.5), 190, 230, 35, 5)",houghCircle,0.679166667,43423398.39,32417140
"(np.float64(1.5), 200, 100, 40, 10)",houghCircle,0.679166667,42282126.81,34884309.5
"(np.float64(1.5), 200, 140, 40, 15)",houghCircle,0.679166667,42886195.4,31958099.5
"(np.float64(1.5), 210, 100, 40, 10)",houghCircle,0.679166667,45781011.02,36296333.5
"(np.float64(1.5), 210, 140, 40, 15)",houghCircle,0.679166667,43689988.36,33741592
"(np.float64(1.5), 220, 100, 40, 10)",houghCircle,0.679166667,52298589.16,42363299.5
"(np.float64(1.5), 220, 140, 40, 15)",houghCircle,0.679166667,41516855.74,33155931.5
"(np.float64(1.5), 230, 140, 40, 15)",houghCircle,0.679166667,41009383.65,32957910.5
"(np.float64(1.5), 230, 190, 30, 5)",houghCircle,0.679166667,42562982.15,33067897.5
"(np.float64(1.5), 240, 140, 40, 15)",houghCircle,0.679166667,43696081.99,33543237
"(np.float64(1.5), 240, 170, 30, 5)",houghCircle,0.679166667,40708583.87,32342126.5
"(np.float64(1.5), 240, 190, 30, 5)",houghCircle,0.679166667,43078693.04,33681968
"(np.float64(1.5), 250, 140, 40, 15)",houghCircle,0.679166667,42987959.39,33035435.5
"(np.float64(1.5), 250, 200, 30, 5)",houghCircle,0.679166667,42937015.76,33090089.5
"(np.float64(1.5), 250, 250, 30, 5)",houghCircle,0.679166667,40589430.18,31504439
"(np.float64(1.5), 260, 140, 40, 15)",houghCircle,0.679166667,41979869.6,33197484.5
"(np.float64(1.5), 260, 150, 30, 5)",houghCircle,0.679166667,41435037.37,33113963
"(np.float64(1.5), 260, 160, 30, 5)",houghCircle,0.679166667,43919500.36,34348075
"(np.float64(1.5), 260, 220, 30, 5)",houghCircle,0.679166667,42114995.88,32523354.5
"(np.float64(1.5), 260, 230, 30, 5)",houghCircle,0.679166667,41215666.2,32527127.5
"(np.float64(1.5), 260, 240, 30, 5)",houghCircle,0.679166667,43436818.64,32586499
"(np.float64(1.5), 270, 140, 40, 15)",houghCircle,0.679166667,42893114.94,33075270.5
"(np.float64(1.5), 270, 220, 30, 5)",houghCircle,0.679166667,44029364.85,33110666.5
"(np.float64(1.5), 270, 230, 30, 5)",houghCircle,0.679166667,42457982.3,31679887.5
"(np.float64(1.5), 270, 240, 30, 5)",houghCircle,0.679166667,43093633.2,32900162
"(np.float64(1.5), 280, 140, 40, 15)",houghCircle,0.679166667,40967150.01,31903488
"(np.float64(1.5), 280, 210, 30, 5)",houghCircle,0.679166667,45002479.41,32790296
"(np.float64(1.5), 290, 120, 35, 10)",houghCircle,0.679166667,45608999.24,34998098
"(np.float64(1.0), 100, 130, 40, 15)",houghCircle,0.677083333,42268665.69,34212363.5
"(np.float64(1.0), 100, 160, 35, 5)",houghCircle,0.677083333,41615716.79,33025252
"(np.float64(1.0), 100, 160, 40, 15)",houghCircle,0.677083333,47293145.18,35781548.5
"(np.float64(1.0), 100, 170, 35, 5)",houghCircle,0.677083333,53476193.4,43198777.5
"(np.float64(1.0), 100, 240, 35, 5)",houghCircle,0.677083333,44929468.84,33112956
"(np.float64(1.0), 110, 120, 35, 5)",houghCircle,0.677083333,43247205.39,35112979
"(np.float64(1.0), 110, 130, 40, 15)",houghCircle,0.677083333,40351403.19,33233448.5
"(np.float64(1.0), 110, 150, 35, 5)",houghCircle,0.677083333,54627407.91,43414382
"(np.float64(1.0), 110, 160, 40, 15)",houghCircle,0.677083333,44431682.17,33777668
"(np.float64(1.0), 110, 240, 35, 5)",houghCircle,0.677083333,41483299.43,32110946
"(np.float64(1.0), 120, 130, 40, 15)",houghCircle,0.677083333,43168401.76,33712605.5
"(np.float64(1.0), 120, 150, 35, 5)",houghCircle,0.677083333,42769021.49,33462062
"(np.float64(1.0), 120, 160, 40, 15)",houghCircle,0.677083333,42941764.38,32349274
"(np.float64(1.0), 120, 240, 35, 5)",houghCircle,0.677083333,42998282.35,32164773
"(np.float64(1.0), 130, 130, 35, 5)",houghCircle,0.677083333,53612342.83,43966928
"(np.float64(1.0), 130, 130, 40, 15)",houghCircle,0.677083333,43445780.25,33576746
"(np.float64(1.0), 130, 140, 35, 5)",houghCircle,0.677083333,45642000.37,34412464.5
"(np.float64(1.0), 130, 150, 35, 5)",houghCircle,0.677083333,43400240.13,34037285
"(np.float64(1.0), 130, 160, 40, 15)",houghCircle,0.677083333,39046463.83,32245684.5
"(np.float64(1.0), 130, 270, 30, 5)",houghCircle,0.677083333,41228846.03,31206876
"(np.float64(1.0), 140, 130, 35, 5)",houghCircle,0.677083333,44964058.07,35294433
"(np.float64(1.0), 140, 130, 40, 15)",houghCircle,0.677083333,43813535.94,33173179.5
"(np.float64(1.0), 140, 140, 35, 5)",houghCircle,0.677083333,45420281.6,34771333
"(np.float64(1.0), 140, 150, 35, 5)",houghCircle,0.677083333,44256154.85,34324564
"(np.float64(1.0), 140, 160, 40, 15)",houghCircle,0.677083333,41399564.03,31935001.5
"(np.float64(1.0), 140, 270, 30, 5)",houghCircle,0.677083333,39602293.14,31755194.5
"(np.float64(1.0), 150, 130, 35, 5)",houghCircle,0.677083333,43860335,35655857
"(np.float64(1.0), 150, 130, 40, 15)",houghCircle,0.677083333,42258169.79,33037500
"(np.float64(1.0), 150, 140, 35, 5)",houghCircle,0.677083333,44236912.69,34481910
"(np.float64(1.0), 150, 150, 35, 5)",houghCircle,0.677083333,42180295.3,33571276
"(np.float64(1.0), 150, 160, 40, 15)",houghCircle,0.677083333,43738945.54,33335608.5
"(np.float64(1.0), 150, 270, 30, 5)",houghCircle,0.677083333,40558279.5,31536789
"(np.float64(1.0), 160, 130, 40, 15)",houghCircle,0.677083333,42681846.15,33489332.5
"(np.float64(1.0), 160, 140, 35, 5)",houghCircle,0.677083333,44553641.05,34629732
"(np.float64(1.0), 160, 160, 40, 15)",houghCircle,0.677083333,55827029.15,43731837.5
"(np.float64(1.0), 160, 270, 30, 5)",houghCircle,0.677083333,42434640.09,32131996.5
"(np.float64(1.0), 170, 120, 30, 10)",houghCircle,0.677083333,44715735.29,34695871
"(np.float64(1.0), 170, 130, 40, 15)",houghCircle,0.677083333,41828610.35,33916457.5
"(np.float64(1.0), 170, 160, 40, 15)",houghCircle,0.677083333,40945487.01,33233217
"(np.float64(1.0), 170, 270, 30, 5)",houghCircle,0.677083333,40258304.49,31164131
"(np.float64(1.0), 180, 130, 40, 15)",houghCircle,0.677083333,55697883.88,44004449.5
"(np.float64(1.0), 180, 160, 40, 15)",houghCircle,0.677083333,41587859.3,32689822
"(np.float64(1.0), 180, 190, 35, 5)",houghCircle,0.677083333,40189352.72,32551462.5
"(np.float64(1.0), 180, 210, 35, 5)",houghCircle,0.677083333,41774246.95,31095065.5
"(np.float64(1.0), 180, 230, 35, 5)",houghCircle,0.677083333,41219868.28,31779846
"(np.float64(1.0), 180, 260, 30, 5)",houghCircle,0.677083333,43939543.72,33094977.5
"(np.float64(1.0), 190, 130, 40, 15)",houghCircle,0.677083333,55655741.51,43870888.5
"(np.float64(1.0), 190, 160, 40, 15)",houghCircle,0.677083333,43009521.35,31788451
"(np.float64(1.0), 190, 200, 35, 5)",houghCircle,0.677083333,43817286.54,33415573.5
"(np.float64(1.0), 200, 130, 40, 15)",houghCircle,0.677083333,52661737.3,43508940
"(np.float64(1.0), 200, 160, 40, 15)",houghCircle,0.677083333,51237949.14,42220101.5
"(np.float64(1.0), 210, 130, 40, 15)",houghCircle,0.677083333,54147394.16,42732763.5
"(np.float64(1.0), 210, 160, 40, 15)",houghCircle,0.677083333,57040144.45,43338574.5
"(np.float64(1.0), 220, 130, 40, 15)",houghCircle,0.677083333,43957962.69,34175053.5
"(np.float64(1.0), 220, 160, 40, 15)",houghCircle,0.677083333,53280738.78,42513137.5
"(np.float64(1.0), 220, 250, 30, 5)",houghCircle,0.677083333,41998341.06,31281224.5
"(np.float64(1.0), 230, 110, 30, 10)",houghCircle,0.677083333,44990380.26,35477763
"(np.float64(1.0), 230, 130, 40, 15)",houghCircle,0.677083333,44461503.54,33443486.5
"(np.float64(1.0), 230, 160, 40, 15)",houghCircle,0.677083333,41921020.71,32544870
"(np.float64(1.0), 230, 200, 30, 5)",houghCircle,0.677083333,40927035.12,31928750.5
"(np.float64(1.0), 230, 250, 30, 5)",houghCircle,0.677083333,39891650.21,31999623
"(np.float64(1.0), 240, 100, 30, 10)",houghCircle,0.677083333,45194447.86,35812245.5
"(np.float64(1.0), 240, 130, 40, 15)",houghCircle,0.677083333,43254099.57,34109886
"(np.float64(1.0), 240, 160, 40, 15)",houghCircle,0.677083333,42632270.93,31845768.5
"(np.float64(1.0), 240, 180, 30, 5)",houghCircle,0.677083333,41459820.74,32422958
"(np.float64(1.0), 240, 200, 30, 5)",houghCircle,0.677083333,42611260.43,33188503
"(np.float64(1.0), 240, 250, 30, 5)",houghCircle,0.677083333,39983264.15,32116292
"(np.float64(1.0), 250, 130, 40, 15)",houghCircle,0.677083333,57821617.03,45197142
"(np.float64(1.0), 250, 160, 40, 15)",houghCircle,0.677083333,49451547.13,41291768
"(np.float64(1.0), 250, 220, 30, 5)",houghCircle,0.677083333,40273006.36,32093734.5
"(np.float64(1.0), 250, 230, 30, 5)",houghCircle,0.677083333,39643580.07,31274261
"(np.float64(1.0), 250, 240, 30, 5)",houghCircle,0.677083333,38972502.76,31211974.5
"(np.float64(1.0), 260, 130, 40, 15)",houghCircle,0.677083333,54285317.73,43586379.5
"(np.float64(1.0), 260, 160, 40, 15)",houghCircle,0.677083333,43731467.35,33379742
"(np.float64(1.0), 260, 210, 30, 5)",houghCircle,0.677083333,42405231.8,32202412.5
"(np.float64(1.0), 270, 130, 40, 15)",houghCircle,0.677083333,43599486.69,33432712
"(np.float64(1.0), 270, 160, 40, 15)",houghCircle,0.677083333,40906812.03,31469593.5
"(np.float64(1.0), 270, 210, 30, 5)",houghCircle,0.677083333,41095232.79,32083520
"(np.float64(1.0), 280, 130, 40, 15)",houghCircle,0.677083333,50359756.44,40801325
"(np.float64(1.0), 280, 160, 40, 15)",houghCircle,0.677083333,42339687.49,32800900.5
"(np.float64(1.0), 290, 110, 35, 10)",houghCircle,0.677083333,52986387.16,43393383
"(np.float64(1.0), 290, 170, 30, 10)",houghCircle,0.677083333,43029818.58,33473748.5
"(np.float64(1.0), 290, 180, 30, 10)",houghCircle,0.677083333,41149538.36,32909785
"(np.float64(1.5), 100, 130, 40, 15)",houghCircle,0.677083333,50253436,39638589
"(np.float64(1.5), 100, 160, 35, 5)",houghCircle,0.677083333,43214116.64,33254237
"(np.float64(1.5), 100, 160, 40, 15)",houghCircle,0.677083333,48657986.42,39622478
"(np.float64(1.5), 100, 170, 35, 5)",houghCircle,0.677083333,43931993.91,33548955
"(np.float64(1.5), 100, 240, 35, 5)",houghCircle,0.677083333,39645453.39,31051990
"(np.float64(1.5), 110, 120, 35, 5)",houghCircle,0.677083333,47530657.6,35635799
"(np.float64(1.5), 110, 130, 40, 15)",houghCircle,0.677083333,45633197.15,33882010
"(np.float64(1.5), 110, 150, 35, 5)",houghCircle,0.677083333,40964408,33189154
"(np.float64(1.5), 110, 160, 40, 15)",houghCircle,0.677083333,45140879.77,33996544
"(np.float64(1.5), 110, 240, 35, 5)",houghCircle,0.677083333,41214633.19,31902529.5
"(np.float64(1.5), 120, 130, 40, 15)",houghCircle,0.677083333,43958072.41,33940158
"(np.float64(1.5), 120, 150, 35, 5)",houghCircle,0.677083333,44229004.73,33657733.5
"(np.float64(1.5), 120, 160, 40, 15)",houghCircle,0.677083333,41874861.72,32950807.5
"(np.float64(1.5), 120, 240, 35, 5)",houghCircle,0.677083333,40623914.96,31564707.5
"(np.float64(1.5), 130, 130, 35, 5)",houghCircle,0.677083333,49146086.87,36101393
"(np.float64(1.5), 130, 130, 40, 15)",houghCircle,0.677083333,43876499.31,33570933.5
"(np.float64(1.5), 130, 140, 35, 5)",houghCircle,0.677083333,42353403.07,34544816.5
"(np.float64(1.5), 130, 150, 35, 5)",houghCircle,0.677083333,44184075.94,34686093
"(np.float64(1.5), 130, 160, 40, 15)",houghCircle,0.677083333,42164298.71,32260912.5
"(np.float64(1.5), 130, 270, 30, 5)",houghCircle,0.677083333,43542327.63,32389564
"(np.float64(1.5), 140, 130, 35, 5)",houghCircle,0.677083333,44589434.56,35138887
"(np.float64(1.5), 140, 130, 40, 15)",houghCircle,0.677083333,43295076.24,33801709.5
"(np.float64(1.5), 140, 140, 35, 5)",houghCircle,0.677083333,43371675.5,34437381
"(np.float64(1.5), 140, 150, 35, 5)",houghCircle,0.677083333,42571838.5,32247147
"(np.float64(1.5), 140, 160, 40, 15)",houghCircle,0.677083333,51609126.66,40689120
"(np.float64(1.5), 140, 270, 30, 5)",houghCircle,0.677083333,40880068.94,31856934.5
"(np.float64(1.5), 150, 130, 35, 5)",houghCircle,0.677083333,42755389.15,33783023.5
"(np.float64(1.5), 150, 130, 40, 15)",houghCircle,0.677083333,42990572.22,34150833.5
"(np.float64(1.5), 150, 140, 35, 5)",houghCircle,0.677083333,46595431.99,35642397
"(np.float64(1.5), 150, 150, 35, 5)",houghCircle,0.677083333,43898797.87,34203237.5
"(np.float64(1.5), 150, 160, 40, 15)",houghCircle,0.677083333,42804439.69,31926450
"(np.float64(1.5), 150, 270, 30, 5)",houghCircle,0.677083333,43666198.38,32681351
"(np.float64(1.5), 160, 130, 40, 15)",houghCircle,0.677083333,42911900.75,34178675.5
"(np.float64(1.5), 160, 140, 35, 5)",houghCircle,0.677083333,46773703.55,34435151
"(np.float64(1.5), 160, 160, 40, 15)",houghCircle,0.677083333,45617734.56,32638546
"(np.float64(1.5), 160, 270, 30, 5)",houghCircle,0.677083333,41784091.84,32370438.5
"(np.float64(1.5), 170, 120, 30, 10)",houghCircle,0.677083333,43305520.67,35826753
"(np.float64(1.5), 170, 130, 40, 15)",houghCircle,0.677083333,43245229.78,34488667.5
"(np.float64(1.5), 170, 160, 40, 15)",houghCircle,0.677083333,42996309.29,33837826
"(np.float64(1.5), 170, 270, 30, 5)",houghCircle,0.677083333,39492595.94,30218596.5
"(np.float64(1.5), 180, 130, 40, 15)",houghCircle,0.677083333,53684059.83,41696364.5
"(np.float64(1.5), 180, 160, 40, 15)",houghCircle,0.677083333,44259680.27,33353145.5
"(np.float64(1.5), 180, 190, 35, 5)",houghCircle,0.677083333,43950086.44,33656842
"(np.float64(1.5), 180, 210, 35, 5)",houghCircle,0.677083333,43867631.43,32375352.5
"(np.float64(1.5), 180, 230, 35, 5)",houghCircle,0.677083333,41186162.65,31882573.5
"(np.float64(1.5), 180, 260, 30, 5)",houghCircle,0.677083333,44612683.02,32195104
"(np.float64(1.5), 190, 130, 40, 15)",houghCircle,0.677083333,47094968.01,34799827
"(np.float64(1.5), 190, 160, 40, 15)",houghCircle,0.677083333,40144111.01,31572150.5
"(np.float64(1.5), 190, 200, 35, 5)",houghCircle,0.677083333,45446327.21,32821494.5
"(np.float64(1.5), 200, 130, 40, 15)",houghCircle,0.677083333,43374718.06,33313297
"(np.float64(1.5), 200, 160, 40, 15)",houghCircle,0.677083333,41961348.39,32237203
"(np.float64(1.5), 210, 130, 40, 15)",houghCircle,0.677083333,45175954.82,34780219.5
"(np.float64(1.5), 210, 160, 40, 15)",houghCircle,0.677083333,43294560.9,32621754.5
"(np.float64(1.5), 220, 130, 40, 15)",houghCircle,0.677083333,44753809.34,33351273
"(np.float64(1.5), 220, 160, 40, 15)",houghCircle,0.677083333,46393576.81,33258915.5
"(np.float64(1.5), 220, 250, 30, 5)",houghCircle,0.677083333,41767389.43,32077388.5
"(np.float64(1.5), 230, 110, 30, 10)",houghCircle,0.677083333,47623797.12,36591918.5
"(np.float64(1.5), 230, 130, 40, 15)",houghCircle,0.677083333,42273918.35,34212078.5
"(np.float64(1.5), 230, 160, 40, 15)",houghCircle,0.677083333,43599785.82,33738635.5
"(np.float64(1.5), 230, 200, 30, 5)",houghCircle,0.677083333,44178069.62,32244577
"(np.float64(1.5), 230, 250, 30, 5)",houghCircle,0.677083333,45624814.3,32376624.5
"(np.float64(1.5), 240, 100, 30, 10)",houghCircle,0.677083333,51762306.92,42964824
"(np.float64(1.5), 240, 130, 40, 15)",houghCircle,0.677083333,44468947.92,33940504.5
"(np.float64(1.5), 240, 160, 40, 15)",houghCircle,0.677083333,40071018.05,32459676
"(np.float64(1.5), 240, 180, 30, 5)",houghCircle,0.677083333,42427684.06,33586951
"(np.float64(1.5), 240, 200, 30, 5)",houghCircle,0.677083333,39732975.28,31855958
"(np.float64(1.5), 240, 250, 30, 5)",houghCircle,0.677083333,43700361.66,32186233
"(np.float64(1.5), 250, 130, 40, 15)",houghCircle,0.677083333,43029745.94,34372375
"(np.float64(1.5), 250, 160, 40, 15)",houghCircle,0.677083333,40530500.35,32062786.5
"(np.float64(1.5), 250, 220, 30, 5)",houghCircle,0.677083333,44551115.15,32677334.5
"(np.float64(1.5), 250, 230, 30, 5)",houghCircle,0.677083333,42839354.78,33183438.5
"(np.float64(1.5), 250, 240, 30, 5)",houghCircle,0.677083333,40719935.03,31570472.5
"(np.float64(1.5), 260, 130, 40, 15)",houghCircle,0.677083333,42269270.57,32661053
"(np.float64(1.5), 260, 160, 40, 15)",houghCircle,0.677083333,42487193.46,33000334.5
"(np.float64(1.5), 260, 210, 30, 5)",houghCircle,0.677083333,44559113.56,33618911
"(np.float64(1.5), 270, 130, 40, 15)",houghCircle,0.677083333,43159251.58,34203432
"(np.float64(1.5), 270, 160, 40, 15)",houghCircle,0.677083333,44771056.27,32821124
"(np.float64(1.5), 270, 210, 30, 5)",houghCircle,0.677083333,45848845.41,32883426
"(np.float64(1.5), 280, 130, 40, 15)",houghCircle,0.677083333,44981183.65,34417093
"(np.float64(1.5), 280, 160, 40, 15)",houghCircle,0.677083333,42683880.9,33207323.5
"(np.float64(1.5), 290, 110, 35, 10)",houghCircle,0.677083333,44699910.35,36084822
"(np.float64(1.5), 290, 170, 30, 10)",houghCircle,0.677083333,45090460.84,33748874.5
"(np.float64(1.5), 290, 180, 30, 10)",houghCircle,0.677083333,42092534.65,32282774
"(np.float64(1.0), 100, 120, 35, 5)",houghCircle,0.675,43902419.98,35394181.5
"(np.float64(1.0), 100, 150, 35, 5)",houghCircle,0.675,46474331,35576292.5
"(np.float64(1.0), 100, 150, 40, 15)",houghCircle,0.675,47044863.29,35294544.5
"(np.float64(1.0), 100, 270, 30, 5)",houghCircle,0.675,44744137.96,33249451.5
"(np.float64(1.0), 110, 140, 35, 5)",houghCircle,0.675,46648865.55,36002136.5
"(np.float64(1.0), 110, 150, 40, 15)",houghCircle,0.675,45559949.35,34467166.5
"(np.float64(1.0), 110, 270, 30, 5)",houghCircle,0.675,43562762.43,31460956.5
"(np.float64(1.0), 120, 100, 35, 5)",houghCircle,0.675,61107241.09,47384685
"(np.float64(1.0), 120, 110, 35, 5)",houghCircle,0.675,45732354.06,35306316
"(np.float64(1.0), 120, 130, 35, 5)",houghCircle,0.675,44119360.35,34801895
"(np.float64(1.0), 120, 140, 35, 5)",houghCircle,0.675,43261868.15,34409534
"(np.float64(1.0), 120, 150, 40, 15)",houghCircle,0.675,40437864.5,32871323
"(np.float64(1.0), 120, 270, 30, 5)",houghCircle,0.675,43524288.25,32526095.5
"(np.float64(1.0), 130, 100, 35, 5)",houghCircle,0.675,46483292.36,38010419
"(np.float64(1.0), 130, 110, 35, 5)",houghCircle,0.675,54339057.81,45866025.5
"(np.float64(1.0), 130, 150, 40, 15)",houghCircle,0.675,42454788.08,33250835
"(np.float64(1.0), 130, 190, 35, 5)",houghCircle,0.675,42277434.2,31965088.5
"(np.float64(1.0), 130, 210, 35, 5)",houghCircle,0.675,41084189.77,31805378
"(np.float64(1.0), 130, 230, 35, 5)",houghCircle,0.675,55693433.84,42118457.5
"(np.float64(1.0), 140, 100, 35, 5)",houghCircle,0.675,45511662.57,37850325
"(np.float64(1.0), 140, 110, 35, 5)",houghCircle,0.675,45092663.89,35812496
"(np.float64(1.0), 140, 150, 40, 15)",houghCircle,0.675,44416877,33445024.5
"(np.float64(1.0), 140, 190, 35, 5)",houghCircle,0.675,40508554.29,32718642.5
"(np.float64(1.0), 140, 210, 35, 5)",houghCircle,0.675,43024301.43,32286587
"(np.float64(1.0), 140, 230, 35, 5)",houghCircle,0.675,41702954.8,31123660
"(np.float64(1.0), 150, 100, 35, 5)",houghCircle,0.675,48464447.88,38083070.5
"(np.float64(1.0), 150, 110, 35, 5)",houghCircle,0.675,44004591.46,36096047.5
"(np.float64(1.0), 150, 150, 40, 15)",houghCircle,0.675,47081015.75,34755492.5
"(np.float64(1.0), 150, 190, 35, 5)",houghCircle,0.675,41022705.68,32887769
"(np.float64(1.0), 150, 210, 35, 5)",houghCircle,0.675,42577147.65,32338348
"(np.float64(1.0), 150, 230, 35, 5)",houghCircle,0.675,43046293.32,32151177
"(np.float64(1.0), 160, 150, 40, 15)",houghCircle,0.675,40043663.69,32983929
"(np.float64(1.0), 160, 190, 35, 5)",houghCircle,0.675,42252251.29,32919708.5
"(np.float64(1.0), 160, 210, 35, 5)",houghCircle,0.675,42620057.53,32292478.5
"(np.float64(1.0), 160, 230, 35, 5)",houghCircle,0.675,40548819.46,31621999.5
"(np.float64(1.0), 170, 150, 40, 15)",houghCircle,0.675,42585742.19,32177061
"(np.float64(1.0), 170, 190, 35, 5)",houghCircle,0.675,40784516.64,31752569.5
"(np.float64(1.0), 170, 210, 35, 5)",houghCircle,0.675,45384252.79,33114604
"(np.float64(1.0), 170, 230, 35, 5)",houghCircle,0.675,41149120.94,32001065.5
"(np.float64(1.0), 180, 150, 40, 15)",houghCircle,0.675,46088735.65,33494592.5
"(np.float64(1.0), 180, 200, 35, 5)",houghCircle,0.675,44957713.28,32931010.5
"(np.float64(1.0), 190, 150, 40, 15)",houghCircle,0.675,40629391.82,32015993.5
"(np.float64(1.0), 190, 220, 35, 5)",houghCircle,0.675,42959951.36,32925323.5
"(np.float64(1.0), 200, 150, 40, 15)",houghCircle,0.675,43224569.71,32720560.5
"(np.float64(1.0), 210, 150, 40, 15)",houghCircle,0.675,43768784.71,33252407.5
"(np.float64(1.0), 210, 250, 30, 5)",houghCircle,0.675,41536138.61,31719282
"(np.float64(1.0), 220, 150, 40, 15)",houghCircle,0.675,41618606.7,33049266.5
"(np.float64(1.0), 220, 190, 30, 5)",houghCircle,0.675,41981233.29,32479382.5
"(np.float64(1.0), 220, 240, 30, 5)",houghCircle,0.675,42516461.38,32250323.5
"(np.float64(1.0), 230, 150, 40, 15)",houghCircle,0.675,45171762.96,34517560.5
"(np.float64(1.0), 230, 170, 30, 5)",houghCircle,0.675,42989051.02,32973705.5
"(np.float64(1.0), 230, 180, 30, 5)",houghCircle,0.675,45783623.82,33884414
"(np.float64(1.0), 230, 220, 30, 5)",houghCircle,0.675,42532650.31,32567162.5
"(np.float64(1.0), 230, 230, 30, 5)",houghCircle,0.675,39225233.91,31472213
"(np.float64(1.0), 230, 240, 30, 5)",houghCircle,0.675,42737506.54,32186519
"(np.float64(1.0), 240, 150, 40, 15)",houghCircle,0.675,42605330.36,33096475.5
"(np.float64(1.0), 240, 220, 30, 5)",houghCircle,0.675,41562217.16,31675605
"(np.float64(1.0), 240, 230, 30, 5)",houghCircle,0.675,42513478.08,33223954.5
"(np.float64(1.0), 240, 240, 30, 5)",houghCircle,0.675,42692098.74,32027289.5
"(np.float64(1.0), 250, 150, 40, 15)",houghCircle,0.675,53019421.34,41801862
"(np.float64(1.0), 250, 160, 30, 5)",houghCircle,0.675,44673626.93,33909365.5
"(np.float64(1.0), 250, 210, 30, 5)",houghCircle,0.675,43635909.64,32551113
"(np.float64(1.0), 260, 150, 40, 15)",houghCircle,0.675,42232822.87,34007313.5
"(np.float64(1.0), 270, 150, 40, 15)",houghCircle,0.675,43437547.25,33946745
"(np.float64(1.0), 280, 150, 40, 15)",houghCircle,0.675,41044434.73,32154789
"(np.float64(1.0), 290, 150, 30, 10)",houghCircle,0.675,43963434.32,34245710
"(np.float64(1.0), 290, 280, 35, 10)",houghCircle,0.675,40907188.51,30333607
"(np.float64(1.0), 290, 290, 35, 10)",houghCircle,0.675,42002150.04,31750615
"(np.float64(1.5), 100, 120, 35, 5)",houghCircle,0.675,45285901.63,36060506.5
"(np.float64(1.5), 100, 150, 35, 5)",houghCircle,0.675,41573465.21,32715215.5
"(np.float64(1.5), 100, 150, 40, 15)",houghCircle,0.675,43533994.73,33377316.5
"(np.float64(1.5), 100, 270, 30, 5)",houghCircle,0.675,42650966.45,32234393.5
"(np.float64(1.5), 110, 140, 35, 5)",houghCircle,0.675,44149759.75,34376747
"(np.float64(1.5), 110, 150, 40, 15)",houghCircle,0.675,42130720.08,32943172.5
"(np.float64(1.5), 110, 270, 30, 5)",houghCircle,0.675,43164951.83,32904074.5
"(np.float64(1.5), 120, 100, 35, 5)",houghCircle,0.675,46082359.27,36454241
"(np.float64(1.5), 120, 110, 35, 5)",houghCircle,0.675,52469601.13,43761017.5
"(np.float64(1.5), 120, 130, 35, 5)",houghCircle,0.675,52195385.56,42166055.5
"(np.float64(1.5), 120, 140, 35, 5)",houghCircle,0.675,47427495.23,40260200
"(np.float64(1.5), 120, 150, 40, 15)",houghCircle,0.675,41467442.3,32849726
"(np.float64(1.5), 120, 270, 30, 5)",houghCircle,0.675,43200453.45,32347180
"(np.float64(1.5), 130, 100, 35, 5)",houghCircle,0.675,46782825.37,37573940.5
"(np.float64(1.5), 130, 110, 35, 5)",houghCircle,0.675,45703146.61,36362282
"(np.float64(1.5), 130, 150, 40, 15)",houghCircle,0.675,41949655.03,32842485.5
"(np.float64(1.5), 130, 190, 35, 5)",houghCircle,0.675,39709040.72,31221472.5
"(np.float64(1.5), 130, 210, 35, 5)",houghCircle,0.675,42606311.87,32932618.5
"(np.float64(1.5), 130, 230, 35, 5)",houghCircle,0.675,42499965.13,32129562
"(np.float64(1.5), 140, 100, 35, 5)",houghCircle,0.675,46792796.74,37532403
"(np.float64(1.5), 140, 110, 35, 5)",houghCircle,0.675,46136541.24,37052783
"(np.float64(1.5), 140, 150, 40, 15)",houghCircle,0.675,42698923.8,33192280
"(np.float64(1.5), 140, 190, 35, 5)",houghCircle,0.675,45679066.8,33019025.5
"(np.float64(1.5), 140, 210, 35, 5)",houghCircle,0.675,40644680.54,31764516.5
"(np.float64(1.5), 140, 230, 35, 5)",houghCircle,0.675,41852855.21,32697577
"(np.float64(1.5), 150, 100, 35, 5)",houghCircle,0.675,48314507.48,37190345.5
"(np.float64(1.5), 150, 110, 35, 5)",houghCircle,0.675,44380933.94,36076947.5
"(np.float64(1.5), 150, 150, 40, 15)",houghCircle,0.675,40237640.01,31023115.5
"(np.float64(1.5), 150, 190, 35, 5)",houghCircle,0.675,46179654.48,33939452
"(np.float64(1.5), 150, 210, 35, 5)",houghCircle,0.675,40338316.66,31236170.5
"(np.float64(1.5), 150, 230, 35, 5)",houghCircle,0.675,40466414.91,31742194.5
"(np.float64(1.5), 160, 150, 40, 15)",houghCircle,0.675,45148582.61,33617242.5
"(np.float64(1.5), 160, 190, 35, 5)",houghCircle,0.675,44302317.33,32108928.5
"(np.float64(1.5), 160, 210, 35, 5)",houghCircle,0.675,43386546.77,32412783
"(np.float64(1.5), 160, 230, 35, 5)",houghCircle,0.675,43221741.31,33274776
"(np.float64(1.5), 170, 150, 40, 15)",houghCircle,0.675,50445808.49,40377300.5
"(np.float64(1.5), 170, 190, 35, 5)",houghCircle,0.675,42054184.49,31982434
"(np.float64(1.5), 170, 210, 35, 5)",houghCircle,0.675,40975324.02,32357745.5
"(np.float64(1.5), 170, 230, 35, 5)",houghCircle,0.675,42081306.17,32153762
"(np.float64(1.5), 180, 150, 40, 15)",houghCircle,0.675,44342856.29,33687183
"(np.float64(1.5), 180, 200, 35, 5)",houghCircle,0.675,50247721.08,39358457.5
"(np.float64(1.5), 190, 150, 40, 15)",houghCircle,0.675,51026973.22,39187301.5
"(np.float64(1.5), 190, 220, 35, 5)",houghCircle,0.675,46817658.78,36934160
"(np.float64(1.5), 200, 150, 40, 15)",houghCircle,0.675,41750429.5,34084434
"(np.float64(1.5), 210, 150, 40, 15)",houghCircle,0.675,45119788.34,33035642
"(np.float64(1.5), 210, 250, 30, 5)",houghCircle,0.675,44444382.2,32271473.5
"(np.float64(1.5), 220, 150, 40, 15)",houghCircle,0.675,43530473.35,34015760.5
"(np.float64(1.5), 220, 190, 30, 5)",houghCircle,0.675,48581283.23,39222747
"(np.float64(1.5), 220, 240, 30, 5)",houghCircle,0.675,43838139,33197479.5
"(np.float64(1.5), 230, 150, 40, 15)",houghCircle,0.675,45283630.1,34585214
"(np.float64(1.5), 230, 170, 30, 5)",houghCircle,0.675,43580738.28,33488175
"(np.float64(1.5), 230, 180, 30, 5)",houghCircle,0.675,45628456.59,34022482.5
"(np.float64(1.5), 230, 220, 30, 5)",houghCircle,0.675,41433611.2,31751778.5
"(np.float64(1.5), 230, 230, 30, 5)",houghCircle,0.675,40817165.44,32027194.5
"(np.float64(1.5), 230, 240, 30, 5)",houghCircle,0.675,40492188.66,31568082.5
"(np.float64(1.5), 240, 150, 40, 15)",houghCircle,0.675,39781500.29,32256109.5
"(np.float64(1.5), 240, 220, 30, 5)",houghCircle,0.675,38458482.92,30095265.5
"(np.float64(1.5), 240, 230, 30, 5)",houghCircle,0.675,42609031.71,31621268.5
"(np.float64(1.5), 240, 240, 30, 5)",houghCircle,0.675,42030977.86,31411499.5
"(np.float64(1.5), 250, 150, 40, 15)",houghCircle,0.675,44421029.16,33403485.5
"(np.float64(1.5), 250, 160, 30, 5)",houghCircle,0.675,42692804.34,33389590
"(np.float64(1.5), 250, 210, 30, 5)",houghCircle,0.675,43550118.24,32462421
"(np.float64(1.5), 260, 150, 40, 15)",houghCircle,0.675,44069390.56,33303715
"(np.float64(1.5), 270, 150, 40, 15)",houghCircle,0.675,43129831.1,32934036.5
"(np.float64(1.5), 280, 150, 40, 15)",houghCircle,0.675,43474923.75,32594329
"(np.float64(1.5), 290, 150, 30, 10)",houghCircle,0.675,43082110.4,33478983
"(np.float64(1.5), 290, 280, 35, 10)",houghCircle,0.675,38047019.5,31221574
"(np.float64(1.5), 290, 290, 35, 10)",houghCircle,0.675,43021168.05,31272849
"(np.float64(1.0), 100, 140, 35, 5)",houghCircle,0.672916667,43835759.68,33722375.5
"(np.float64(1.0), 100, 170, 40, 15)",houghCircle,0.672916667,47447753.12,35349201
"(np.float64(1.0), 100, 180, 40, 15)",houghCircle,0.672916667,43157057.78,33518291.5
"(np.float64(1.0), 100, 190, 35, 5)",houghCircle,0.672916667,42960935.52,34473373.5
"(np.float64(1.0), 100, 210, 35, 5)",houghCircle,0.672916667,44550290.68,34739652.5
"(np.float64(1.0), 100, 230, 35, 5)",houghCircle,0.672916667,47545879.5,33817229
"(np.float64(1.0), 110, 100, 35, 5)",houghCircle,0.672916667,47972541.06,38320100
"(np.float64(1.0), 110, 110, 35, 5)",houghCircle,0.672916667,45828780.88,36285128
"(np.float64(1.0), 110, 130, 35, 5)",houghCircle,0.672916667,44498830.42,34779072.5
"(np.float64(1.0), 110, 170, 40, 15)",houghCircle,0.672916667,44291401.18,33042424
"(np.float64(1.0), 110, 180, 40, 15)",houghCircle,0.672916667,41835613.09,31858387.5
"(np.float64(1.0), 110, 190, 35, 5)",houghCircle,0.672916667,55840870.6,42953547.5
"(np.float64(1.0), 110, 210, 35, 5)",houghCircle,0.672916667,55256920.73,41726055
"(np.float64(1.0), 110, 230, 35, 5)",houghCircle,0.672916667,53111010.31,42261915.5
"(np.float64(1.0), 120, 170, 40, 15)",houghCircle,0.672916667,40054895.76,31947084.5
"(np.float64(1.0), 120, 180, 40, 15)",houghCircle,0.672916667,41397148.81,31300681.5
"(np.float64(1.0), 120, 190, 35, 5)",houghCircle,0.672916667,42090310.39,32027971
"(np.float64(1.0), 120, 210, 35, 5)",houghCircle,0.672916667,42152549.53,31242157
"(np.float64(1.0), 120, 230, 35, 5)",houghCircle,0.672916667,42870344.2,32113256.5
"(np.float64(1.0), 130, 170, 40, 15)",houghCircle,0.672916667,43302271.7,33434568.5
"(np.float64(1.0), 130, 180, 40, 15)",houghCircle,0.672916667,41855927.95,31939500
"(np.float64(1.0), 130, 200, 35, 5)",houghCircle,0.672916667,41302467.35,31731479.5
"(np.float64(1.0), 140, 170, 40, 15)",houghCircle,0.672916667,44338136.91,32261614
"(np.float64(1.0), 140, 180, 40, 15)",houghCircle,0.672916667,40890403.02,31388561.5
"(np.float64(1.0), 140, 200, 35, 5)",houghCircle,0.672916667,42579012.78,31914142.5
"(np.float64(1.0), 150, 170, 40, 15)",houghCircle,0.672916667,41373721.9,31808674
"(np.float64(1.0), 150, 180, 40, 15)",houghCircle,0.672916667,38279687.06,30603735
"(np.float64(1.0), 150, 200, 35, 5)",houghCircle,0.672916667,41994682.87,32335663
"(np.float64(1.0), 160, 120, 30, 10)",houghCircle,0.672916667,46119363.3,34886619
"(np.float64(1.0), 160, 170, 40, 15)",houghCircle,0.672916667,48951618.95,38618695
"(np.float64(1.0), 160, 180, 40, 15)",houghCircle,0.672916667,40145387.35,31654805.5
"(np.float64(1.0), 160, 200, 35, 5)",houghCircle,0.672916667,42332455.31,31978518
"(np.float64(1.0), 170, 170, 40, 15)",houghCircle,0.672916667,41284031.44,32909630.5
"(np.float64(1.0), 170, 180, 40, 15)",houghCircle,0.672916667,42853563.65,31847352.5
"(np.float64(1.0), 170, 200, 35, 5)",houghCircle,0.672916667,42219122.9,32012462.5
"(np.float64(1.0), 170, 260, 30, 5)",houghCircle,0.672916667,43717616.79,32384740.5
"(np.float64(1.0), 180, 100, 40, 10)",houghCircle,0.672916667,45233978.13,36400358.5
"(np.float64(1.0), 180, 170, 40, 15)",houghCircle,0.672916667,43290098.53,32483906.5
"(np.float64(1.0), 180, 180, 40, 15)",houghCircle,0.672916667,42581640.56,32062681.5
"(np.float64(1.0), 180, 220, 35, 5)",houghCircle,0.672916667,41703031.95,31768940
"(np.float64(1.0), 190, 100, 40, 10)",houghCircle,0.672916667,47010118.5,37002744
"(np.float64(1.0), 190, 170, 40, 15)",houghCircle,0.672916667,39349364.67,31923530.5
"(np.float64(1.0), 190, 180, 40, 15)",houghCircle,0.672916667,56789986.76,42091300
"(np.float64(1.0), 190, 250, 30, 5)",houghCircle,0.672916667,41776810.06,31394532.5
"(np.float64(1.0), 200, 170, 40, 15)",houghCircle,0.672916667,41783803.51,31957614
"(np.float64(1.0), 200, 180, 40, 15)",houghCircle,0.672916667,42154432.7,32164847.5
"(np.float64(1.0), 200, 250, 30, 5)",houghCircle,0.672916667,39881034.76,31169811.5
"(np.float64(1.0), 210, 170, 40, 15)",houghCircle,0.672916667,41459421.7,32909520
"(np.float64(1.0), 210, 180, 40, 15)",houghCircle,0.672916667,44774938.26,32228096.5
"(np.float64(1.0), 210, 190, 30, 5)",houghCircle,0.672916667,41937738.43,32717960.5
"(np.float64(1.0), 220, 110, 30, 10)",houghCircle,0.672916667,45256127.64,35438884
"(np.float64(1.0), 220, 170, 40, 15)",houghCircle,0.672916667,40262877.69,31129736
"(np.float64(1.0), 220, 180, 30, 5)",houghCircle,0.672916667,44504547.7,32982336.5
"(np.float64(1.0), 220, 180, 40, 15)",houghCircle,0.672916667,42732742.93,31352674
"(np.float64(1.0), 220, 200, 30, 5)",houghCircle,0.672916667,42755173.31,32719077
"(np.float64(1.0), 220, 220, 30, 5)",houghCircle,0.672916667,41495308.79,32368840.5
"(np.float64(1.0), 220, 230, 30, 5)",houghCircle,0.672916667,44100424.77,32426544
"(np.float64(1.0), 230, 170, 40, 15)",houghCircle,0.672916667,40819264.12,31316396
"(np.float64(1.0), 230, 180, 40, 15)",houghCircle,0.672916667,44868190.08,33112174.5
"(np.float64(1.0), 230, 210, 30, 5)",houghCircle,0.672916667,41286578.38,32220612.5
"(np.float64(1.0), 240, 170, 40, 15)",houghCircle,0.672916667,53698009.14,42630633
"(np.float64(1.0), 240, 180, 40, 15)",houghCircle,0.672916667,43979468.88,32961292.5
"(np.float64(1.0), 240, 210, 30, 5)",houghCircle,0.672916667,45648694.41,34238748
"(np.float64(1.0), 250, 150, 30, 5)",houghCircle,0.672916667,44260273.22,33898866
"(np.float64(1.0), 250, 170, 40, 15)",houghCircle,0.672916667,54700550.26,42920669.5
"(np.float64(1.0), 250, 180, 40, 15)",houghCircle,0.672916667,40086273.16,30801134.5
"(np.float64(1.0), 260, 170, 40, 15)",houghCircle,0.672916667,42633591.59,32262191
"(np.float64(1.0), 260, 180, 40, 15)",houghCircle,0.672916667,40271317.96,31667825.5
"(np.float64(1.0), 270, 170, 40, 15)",houghCircle,0.672916667,43524778.08,31928059
"(np.float64(1.0), 270, 180, 40, 15)",houghCircle,0.672916667,40019140.51,31950831.5
"(np.float64(1.0), 280, 170, 40, 15)",houghCircle,0.672916667,41020306.98,31670520.5
"(np.float64(1.0), 280, 180, 40, 15)",houghCircle,0.672916667,40657704.5,30735015
"(np.float64(1.0), 290, 130, 35, 10)",houghCircle,0.672916667,43249203.5,35335310
"(np.float64(1.0), 290, 160, 30, 10)",houghCircle,0.672916667,43836392.7,33368514.5
"(np.float64(1.5), 100, 140, 35, 5)",houghCircle,0.672916667,45159464.46,34563317
"(np.float64(1.5), 100, 170, 40, 15)",houghCircle,0.672916667,41102773.94,32659120.5
"(np.float64(1.5), 100, 180, 40, 15)",houghCircle,0.672916667,39745909.52,30864939
"(np.float64(1.5), 100, 190, 35, 5)",houghCircle,0.672916667,44847748.06,33104150
"(np.float64(1.5), 100, 210, 35, 5)",houghCircle,0.672916667,45013098.86,33877020
"(np.float64(1.5), 100, 230, 35, 5)",houghCircle,0.672916667,49929078.64,39393149
"(np.float64(1.5), 110, 100, 35, 5)",houghCircle,0.672916667,47616131.93,36939215
"(np.float64(1.5), 110, 110, 35, 5)",houghCircle,0.672916667,46031299.48,36853554.5
"(np.float64(1.5), 110, 130, 35, 5)",houghCircle,0.672916667,44455344.64,34933202
"(np.float64(1.5), 110, 170, 40, 15)",houghCircle,0.672916667,39254617.54,31492011
"(np.float64(1.5), 110, 180, 40, 15)",houghCircle,0.672916667,42552779.79,32256539.5
"(np.float64(1.5), 110, 190, 35, 5)",houghCircle,0.672916667,42595480.14,32380592
"(np.float64(1.5), 110, 210, 35, 5)",houghCircle,0.672916667,45006590.23,33934668
"(np.float64(1.5), 110, 230, 35, 5)",houghCircle,0.672916667,44347971.94,32474418.5
"(np.float64(1.5), 120, 170, 40, 15)",houghCircle,0.672916667,42090171.21,32332327.5
"(np.float64(1.5), 120, 180, 40, 15)",houghCircle,0.672916667,43119561.9,32416065
"(np.float64(1.5), 120, 190, 35, 5)",houghCircle,0.672916667,43192816.49,32487613
"(np.float64(1.5), 120, 210, 35, 5)",houghCircle,0.672916667,38587303.47,31571133.5
"(np.float64(1.5), 120, 230, 35, 5)",houghCircle,0.672916667,43916849.96,32368921
"(np.float64(1.5), 130, 170, 40, 15)",houghCircle,0.672916667,50430019.15,39928456.5
"(np.float64(1.5), 130, 180, 40, 15)",houghCircle,0.672916667,41395963.89,31772943
"(np.float64(1.5), 130, 200, 35, 5)",houghCircle,0.672916667,43934278.1,32836352.5
"(np.float64(1.5), 140, 170, 40, 15)",houghCircle,0.672916667,42591554.52,32441336
"(np.float64(1.5), 140, 180, 40, 15)",houghCircle,0.672916667,43249541.26,31357909
"(np.float64(1.5), 140, 200, 35, 5)",houghCircle,0.672916667,43071366.85,32572361.5
"(np.float64(1.5), 150, 170, 40, 15)",houghCircle,0.672916667,44813162.57,32802930.5
"(np.float64(1.5), 150, 180, 40, 15)",houghCircle,0.672916667,43063022.17,32032875.5
"(np.float64(1.5), 150, 200, 35, 5)",houghCircle,0.672916667,43644129.28,33914054
"(np.float64(1.5), 160, 120, 30, 10)",houghCircle,0.672916667,45563030.85,35372229.5
"(np.float64(1.5), 160, 170, 40, 15)",houghCircle,0.672916667,39746406.53,31545446
"(np.float64(1.5), 160, 180, 40, 15)",houghCircle,0.672916667,41321557,32520470
"(np.float64(1.5), 160, 200, 35, 5)",houghCircle,0.672916667,44577968.27,34170040.5
"(np.float64(1.5), 170, 170, 40, 15)",houghCircle,0.672916667,41459541.51,31701142.5
"(np.float64(1.5), 170, 180, 40, 15)",houghCircle,0.672916667,43513237.92,32813159
"(np.float64(1.5), 170, 200, 35, 5)",houghCircle,0.672916667,40868756.92,31991994.5
"(np.float64(1.5), 170, 260, 30, 5)",houghCircle,0.672916667,43386470.44,32511624.5
"(np.float64(1.5), 180, 100, 40, 10)",houghCircle,0.672916667,46986974.55,36867774
"(np.float64(1.5), 180, 170, 40, 15)",houghCircle,0.672916667,39917875.38,31227238
"(np.float64(1.5), 180, 180, 40, 15)",houghCircle,0.672916667,42725237.44,31946533
"(np.float64(1.5), 180, 220, 35, 5)",houghCircle,0.672916667,38193987.19,31000698.5
"(np.float64(1.5), 190, 100, 40, 10)",houghCircle,0.672916667,44136567.8,36467835
"(np.float64(1.5), 190, 170, 40, 15)",houghCircle,0.672916667,44267249.82,32939191
"(np.float64(1.5), 190, 180, 40, 15)",houghCircle,0.672916667,42344787.54,32372308
"(np.float64(1.5), 190, 250, 30, 5)",houghCircle,0.672916667,42274423.31,31847322.5
"(np.float64(1.5), 200, 170, 40, 15)",houghCircle,0.672916667,39021703.67,31870735.5
"(np.float64(1.5), 200, 180, 40, 15)",houghCircle,0.672916667,44425373,32028778
"(np.float64(1.5), 200, 250, 30, 5)",houghCircle,0.672916667,42168266.42,31456077.5
"(np.float64(1.5), 210, 170, 40, 15)",houghCircle,0.672916667,40883420.12,32060145
"(np.float64(1.5), 210, 180, 40, 15)",houghCircle,0.672916667,44247409.28,32713958
"(np.float64(1.5), 210, 190, 30, 5)",houghCircle,0.672916667,41873827.73,33304311
"(np.float64(1.5), 220, 110, 30, 10)",houghCircle,0.672916667,46082067.3,36209496
"(np.float64(1.5), 220, 170, 40, 15)",houghCircle,0.672916667,43851115.13,32423137.5
"(np.float64(1.5), 220, 180, 30, 5)",houghCircle,0.672916667,50940575.9,40150814.5
"(np.float64(1.5), 220, 180, 40, 15)",houghCircle,0.672916667,43891915.74,32684768.5
"(np.float64(1.5), 220, 200, 30, 5)",houghCircle,0.672916667,44968412.4,32886246
"(np.float64(1.5), 220, 220, 30, 5)",houghCircle,0.672916667,44077142.56,31965604
"(np.float64(1.5), 220, 230, 30, 5)",houghCircle,0.672916667,44243672.27,33546630
"(np.float64(1.5), 230, 170, 40, 15)",houghCircle,0.672916667,41570988.25,32617086.5
"(np.float64(1.5), 230, 180, 40, 15)",houghCircle,0.672916667,43549258.94,32373975.5
"(np.float64(1.5), 230, 210, 30, 5)",houghCircle,0.672916667,40876746.75,32452081
"(np.float64(1.5), 240, 170, 40, 15)",houghCircle,0.672916667,41980319.38,32165243.5
"(np.float64(1.5), 240, 180, 40, 15)",houghCircle,0.672916667,39888340.09,31796586
"(np.float64(1.5), 240, 210, 30, 5)",houghCircle,0.672916667,42990524.63,31794798.5
"(np.float64(1.5), 250, 150, 30, 5)",houghCircle,0.672916667,45723400.77,34761310.5
"(np.float64(1.5), 250, 170, 40, 15)",houghCircle,0.672916667,53897962.25,41252486.5
"(np.float64(1.5), 250, 180, 40, 15)",houghCircle,0.672916667,38740709.05,30958344
"(np.float64(1.5), 260, 170, 40, 15)",houghCircle,0.672916667,42296087.45,32567302.5
"(np.float64(1.5), 260, 180, 40, 15)",houghCircle,0.672916667,44276828.73,33209191.5
"(np.float64(1.5), 270, 170, 40, 15)",houghCircle,0.672916667,44487546.11,32356723
"(np.float64(1.5), 270, 180, 40, 15)",houghCircle,0.672916667,41485121.79,31637272
"(np.float64(1.5), 280, 170, 40, 15)",houghCircle,0.672916667,44046553.77,31492691.5
"(np.float64(1.5), 280, 180, 40, 15)",houghCircle,0.672916667,39863399.26,31553520
"(np.float64(1.5), 290, 130, 35, 10)",houghCircle,0.672916667,43149959.96,34241498
"(np.float64(1.5), 290, 160, 30, 10)",houghCircle,0.672916667,41454440.64,33163867.5
"(np.float64(1.0), 100, 100, 35, 5)",houghCircle,0.670833333,48507663.1,39602430
"(np.float64(1.0), 100, 110, 35, 5)",houghCircle,0.670833333,45887608.49,36613163
"(np.float64(1.0), 100, 130, 35, 5)",houghCircle,0.670833333,55614352.85,44769650
"(np.float64(1.0), 100, 200, 35, 5)",houghCircle,0.670833333,43599167.76,33347893
"(np.float64(1.0), 110, 130, 30, 10)",houghCircle,0.670833333,42394238.76,34730947.5
"(np.float64(1.0), 110, 200, 35, 5)",houghCircle,0.670833333,42345949.09,33015693
"(np.float64(1.0), 120, 130, 30, 10)",houghCircle,0.670833333,43326819.18,35364480.5
"(np.float64(1.0), 120, 200, 35, 5)",houghCircle,0.670833333,42804069.35,32517374.5
"(np.float64(1.0), 130, 130, 30, 10)",houghCircle,0.670833333,44546340.45,34125701
"(np.float64(1.0), 130, 220, 35, 5)",houghCircle,0.670833333,52298609.5,41773954.5
"(np.float64(1.0), 140, 130, 30, 10)",houghCircle,0.670833333,41678253.49,33656466
"(np.float64(1.0), 140, 220, 35, 5)",houghCircle,0.670833333,44315799.68,33047971
"(np.float64(1.0), 150, 130, 30, 10)",houghCircle,0.670833333,41807455.98,33674975.5
"(np.float64(1.0), 150, 220, 35, 5)",houghCircle,0.670833333,40837331.94,31360789
"(np.float64(1.0), 160, 220, 35, 5)",houghCircle,0.670833333,43512422.01,33450530
"(np.float64(1.0), 170, 220, 35, 5)",houghCircle,0.670833333,42837486.3,32737872
"(np.float64(1.0), 200, 190, 30, 5)",houghCircle,0.670833333,40720395.86,32733179
"(np.float64(1.0), 210, 200, 30, 5)",houghCircle,0.670833333,45518792.65,33727585
"(np.float64(1.0), 210, 240, 30, 5)",houghCircle,0.670833333,40728070.22,31011618.5
"(np.float64(1.0), 220, 210, 30, 5)",houghCircle,0.670833333,41102927.94,32257190.5
"(np.float64(1.0), 290, 160, 35, 10)",houghCircle,0.670833333,41292805.98,32515465.5
"(np.float64(1.0), 290, 270, 35, 10)",houghCircle,0.670833333,43619129.89,31055170.5
"(np.float64(1.5), 100, 100, 35, 5)",houghCircle,0.670833333,48881827.58,37420227
"(np.float64(1.5), 100, 110, 35, 5)",houghCircle,0.670833333,44826699.79,35678079.5
"(np.float64(1.5), 100, 130, 35, 5)",houghCircle,0.670833333,43369545.95,35109782.5
"(np.float64(1.5), 100, 200, 35, 5)",houghCircle,0.670833333,41450083.6,32027785
"(np.float64(1.5), 110, 130, 30, 10)",houghCircle,0.670833333,45706187.23,35223341
"(np.float64(1.5), 110, 200, 35, 5)",houghCircle,0.670833333,43633594.85,32469183.5
"(np.float64(1.5), 120, 130, 30, 10)",houghCircle,0.670833333,46553078.92,35291384
"(np.float64(1.5), 120, 200, 35, 5)",houghCircle,0.670833333,43130870.69,32468186.5
"(np.float64(1.5), 130, 130, 30, 10)",houghCircle,0.670833333,41596745.89,34166223.5
"(np.float64(1.5), 130, 220, 35, 5)",houghCircle,0.670833333,42010627.44,32632545.5
"(np.float64(1.5), 140, 130, 30, 10)",houghCircle,0.670833333,43129119.23,34543339.5
"(np.float64(1.5), 140, 220, 35, 5)",houghCircle,0.670833333,46077025.05,33319845.5
"(np.float64(1.5), 150, 130, 30, 10)",houghCircle,0.670833333,48154976.21,36016263
"(np.float64(1.5), 150, 220, 35, 5)",houghCircle,0.670833333,40728600.57,32412101
"(np.float64(1.5), 160, 220, 35, 5)",houghCircle,0.670833333,42597057.04,32116968.5
"(np.float64(1.5), 170, 220, 35, 5)",houghCircle,0.670833333,51328515.25,39619118
"(np.float64(1.5), 200, 190, 30, 5)",houghCircle,0.670833333,43275443.99,32740246.5
"(np.float64(1.5), 210, 200, 30, 5)",houghCircle,0.670833333,43126696.14,33231393.5
"(np.float64(1.5), 210, 240, 30, 5)",houghCircle,0.670833333,44352595.15,32683682
"(np.float64(1.5), 220, 210, 30, 5)",houghCircle,0.670833333,41106539.75,31526106
"(np.float64(1.5), 290, 160, 35, 10)",houghCircle,0.670833333,42301709.77,33657893.5
"(np.float64(1.5), 290, 270, 35, 10)",houghCircle,0.670833333,40264857.39,30813077
"(np.float64(1.0), 100, 130, 30, 10)",houghCircle,0.66875,46894920.84,36165483
"(np.float64(1.0), 100, 220, 35, 5)",houghCircle,0.66875,45204358.91,34079077.5
"(np.float64(1.0), 100, 240, 40, 15)",houghCircle,0.66875,43343226.73,32443516
"(np.float64(1.0), 100, 250, 40, 15)",houghCircle,0.66875,43517867.3,32439529
"(np.float64(1.0), 110, 220, 35, 5)",houghCircle,0.66875,45473763.05,32543944.5
"(np.float64(1.0), 110, 240, 40, 15)",houghCircle,0.66875,40551444.23,30359561
"(np.float64(1.0), 110, 250, 40, 15)",houghCircle,0.66875,38626417.71,30764636
"(np.float64(1.0), 120, 220, 35, 5)",houghCircle,0.66875,42756899.1,32040966
"(np.float64(1.0), 120, 240, 40, 15)",houghCircle,0.66875,42411247.28,30927816.5
"(np.float64(1.0), 120, 250, 40, 15)",houghCircle,0.66875,41977604.03,30943807.5
"(np.float64(1.0), 130, 240, 40, 15)",houghCircle,0.66875,43372752.65,31132546
"(np.float64(1.0), 130, 250, 40, 15)",houghCircle,0.66875,43534942.51,30619944.5
"(np.float64(1.0), 130, 260, 30, 5)",houghCircle,0.66875,42229001.55,31061287.5
"(np.float64(1.0), 140, 240, 40, 15)",houghCircle,0.66875,40527126.53,31257235
"(np.float64(1.0), 140, 250, 40, 15)",houghCircle,0.66875,40323908.11,30836100.5
"(np.float64(1.0), 140, 260, 30, 5)",houghCircle,0.66875,41088340.81,32230305
"(np.float64(1.0), 150, 240, 40, 15)",houghCircle,0.66875,40814766.22,30408502
"(np.float64(1.0), 150, 250, 40, 15)",houghCircle,0.66875,41446927.66,31162617.5
"(np.float64(1.0), 150, 260, 30, 5)",houghCircle,0.66875,42749208.71,31704093.5
"(np.float64(1.0), 160, 240, 40, 15)",houghCircle,0.66875,43070713.25,31595795.5
"(np.float64(1.0), 160, 250, 40, 15)",houghCircle,0.66875,51666185.05,40822961
"(np.float64(1.0), 160, 260, 30, 5)",houghCircle,0.66875,38604018.75,30297850
"(np.float64(1.0), 170, 100, 40, 10)",houghCircle,0.66875,46435198.73,37352499.5
"(np.float64(1.0), 170, 240, 40, 15)",houghCircle,0.66875,52753586.6,40446805
"(np.float64(1.0), 170, 250, 40, 15)",houghCircle,0.66875,40635186.69,30793124.5
"(np.float64(1.0), 180, 240, 40, 15)",houghCircle,0.66875,40136281.83,29714872.5
"(np.float64(1.0), 180, 250, 30, 5)",houghCircle,0.66875,41803770.32,31081391
"(np.float64(1.0), 180, 250, 40, 15)",houghCircle,0.66875,42912825.56,31269643.5
"(np.float64(1.0), 190, 240, 40, 15)",houghCircle,0.66875,41880043.43,31301013
"(np.float64(1.0), 190, 250, 40, 15)",houghCircle,0.66875,40454153.95,31303306
"(np.float64(1.0), 200, 110, 30, 10)",houghCircle,0.66875,47287840.28,36574811.5
"(np.float64(1.0), 200, 180, 30, 5)",houghCircle,0.66875,42953183.11,33840747
"(np.float64(1.0), 200, 240, 30, 5)",houghCircle,0.66875,44084760.44,32443385
"(np.float64(1.0), 200, 240, 40, 15)",houghCircle,0.66875,44086866.7,31574426
"(np.float64(1.0), 200, 250, 40, 15)",houghCircle,0.66875,39684679.38,31244650
"(np.float64(1.0), 210, 110, 30, 10)",houghCircle,0.66875,44561082.55,36363995.5
"(np.float64(1.0), 210, 180, 30, 5)",houghCircle,0.66875,41287831.6,32828863.5
"(np.float64(1.0), 210, 210, 30, 5)",houghCircle,0.66875,42074714.06,31991287
"(np.float64(1.0), 210, 220, 30, 5)",houghCircle,0.66875,45095023.29,33837361
"(np.float64(1.0), 210, 230, 30, 5)",houghCircle,0.66875,40965961.81,32907240.5
"(np.float64(1.0), 210, 240, 40, 15)",houghCircle,0.66875,53872067.54,41239281
"(np.float64(1.0), 210, 250, 40, 15)",houghCircle,0.66875,53480587.3,40659413.5
"(np.float64(1.0), 220, 170, 30, 5)",houghCircle,0.66875,44087621.92,33362850
"(np.float64(1.0), 220, 240, 40, 15)",houghCircle,0.66875,44262549.06,30963353.5
"(np.float64(1.0), 220, 250, 40, 15)",houghCircle,0.66875,39435952.4,30083163
"(np.float64(1.0), 230, 240, 40, 15)",houghCircle,0.66875,51549811.37,39951851.5
"(np.float64(1.0), 230, 250, 40, 15)",houghCircle,0.66875,37819312.25,30163167
"(np.float64(1.0), 240, 240, 40, 15)",houghCircle,0.66875,53478153.49,41351592.5
"(np.float64(1.0), 240, 250, 40, 15)",houghCircle,0.66875,39626903.44,30916661.5
"(np.float64(1.0), 240, 280, 40, 15)",houghCircle,0.66875,40210277.73,30651363.5
"(np.float64(1.0), 240, 290, 40, 15)",houghCircle,0.66875,42049785.9,30633329
"(np.float64(1.0), 250, 240, 40, 15)",houghCircle,0.66875,52301993.72,38892048.5
"(np.float64(1.0), 250, 250, 40, 15)",houghCircle,0.66875,51007439.72,40017049.5
"(np.float64(1.0), 250, 280, 40, 15)",houghCircle,0.66875,40669453.63,30942319
"(np.float64(1.0), 250, 290, 40, 15)",houghCircle,0.66875,40253976.35,30906722
"(np.float64(1.0), 260, 240, 40, 15)",houghCircle,0.66875,42151210.22,30911245.5
"(np.float64(1.0), 260, 250, 40, 15)",houghCircle,0.66875,41842536.16,31028495.5
"(np.float64(1.0), 260, 280, 40, 15)",houghCircle,0.66875,39124124.36,30471009.5
"(np.float64(1.0), 260, 290, 40, 15)",houghCircle,0.66875,39617683.16,30097590
"(np.float64(1.0), 270, 240, 40, 15)",houghCircle,0.66875,41156824.06,31352173
"(np.float64(1.0), 270, 250, 40, 15)",houghCircle,0.66875,51449795.96,40419589
"(np.float64(1.0), 270, 280, 40, 15)",houghCircle,0.66875,40088615.62,30496092
"(np.float64(1.0), 270, 290, 40, 15)",houghCircle,0.66875,42426656.7,30605737
"(np.float64(1.0), 280, 140, 30, 5)",houghCircle,0.66875,43956625.56,35044209.5
"(np.float64(1.0), 280, 240, 40, 15)",houghCircle,0.66875,39202063.88,30796520.5
"(np.float64(1.0), 280, 250, 40, 15)",houghCircle,0.66875,45614009.1,34274656
"(np.float64(1.0), 280, 280, 40, 15)",houghCircle,0.66875,41742764.56,31658473
"(np.float64(1.0), 280, 290, 40, 15)",houghCircle,0.66875,44095976.97,35844420.5
"(np.float64(1.0), 290, 100, 40, 15)",houghCircle,0.66875,47102095.85,38220388.5
"(np.float64(1.0), 290, 140, 30, 10)",houghCircle,0.66875,45880631.1,35056368
"(np.float64(1.0), 290, 140, 35, 10)",houghCircle,0.66875,47987337.39,39731908
"(np.float64(1.0), 290, 150, 35, 10)",houghCircle,0.66875,44103007.04,34497183
"(np.float64(1.0), 290, 190, 30, 10)",houghCircle,0.66875,41535234.84,31680543.5
"(np.float64(1.5), 100, 130, 30, 10)",houghCircle,0.66875,44883667.16,34490556.5
"(np.float64(1.5), 100, 220, 35, 5)",houghCircle,0.66875,43958403.49,32114768
"(np.float64(1.5), 100, 240, 40, 15)",houghCircle,0.66875,43038446.19,32121291
"(np.float64(1.5), 100, 250, 40, 15)",houghCircle,0.66875,41137046.81,31015366.5
"(np.float64(1.5), 110, 220, 35, 5)",houghCircle,0.66875,41825720.56,32063107.5
"(np.float64(1.5), 110, 240, 40, 15)",houghCircle,0.66875,44225988.8,31482392
"(np.float64(1.5), 110, 250, 40, 15)",houghCircle,0.66875,48333127.39,37771440.5
"(np.float64(1.5), 120, 220, 35, 5)",houghCircle,0.66875,42194790.32,31644687.5
"(np.float64(1.5), 120, 240, 40, 15)",houghCircle,0.66875,41433121.63,31483584.5
"(np.float64(1.5), 120, 250, 40, 15)",houghCircle,0.66875,41865484.76,31434697.5
"(np.float64(1.5), 130, 240, 40, 15)",houghCircle,0.66875,43984635.46,30701907.5
"(np.float64(1.5), 130, 250, 40, 15)",houghCircle,0.66875,41595878.11,30329705.5
"(np.float64(1.5), 130, 260, 30, 5)",houghCircle,0.66875,40750100.84,31210317
"(np.float64(1.5), 140, 240, 40, 15)",houghCircle,0.66875,44213703.28,32267625.5
"(np.float64(1.5), 140, 250, 40, 15)",houghCircle,0.66875,39657164.48,30779174
"(np.float64(1.5), 140, 260, 30, 5)",houghCircle,0.66875,41811887.64,31557819
"(np.float64(1.5), 150, 240, 40, 15)",houghCircle,0.66875,41258380.04,29997000.5
"(np.float64(1.5), 150, 250, 40, 15)",houghCircle,0.66875,41728142,31591782.5
"(np.float64(1.5), 150, 260, 30, 5)",houghCircle,0.66875,41310513.94,31970202.5
"(np.float64(1.5), 160, 240, 40, 15)",houghCircle,0.66875,41150044.58,30323357.5
"(np.float64(1.5), 160, 250, 40, 15)",houghCircle,0.66875,41130726.4,31298081.5
"(np.float64(1.5), 160, 260, 30, 5)",houghCircle,0.66875,44145616.46,32646150
"(np.float64(1.5), 170, 100, 40, 10)",houghCircle,0.66875,45430830.59,37117264
"(np.float64(1.5), 170, 240, 40, 15)",houghCircle,0.66875,48034446.55,35240488
"(np.float64(1.5), 170, 250, 40, 15)",houghCircle,0.66875,45200331.37,34520417.5
"(np.float64(1.5), 180, 240, 40, 15)",houghCircle,0.66875,39943139.76,30945310
"(np.float64(1.5), 180, 250, 30, 5)",houghCircle,0.66875,45320623.15,32545422.5
"(np.float64(1.5), 180, 250, 40, 15)",houghCircle,0.66875,40169199.5,31068080
"(np.float64(1.5), 190, 240, 40, 15)",houghCircle,0.66875,43423943.73,31545936.5
"(np.float64(1.5), 190, 250, 40, 15)",houghCircle,0.66875,38826177.16,29959060
"(np.float64(1.5), 200, 110, 30, 10)",houghCircle,0.66875,46207939.2,36600209
"(np.float64(1.5), 200, 180, 30, 5)",houghCircle,0.66875,43645281.66,32510396.5
"(np.float64(1.5), 200, 240, 30, 5)",houghCircle,0.66875,43682003.36,33271865
"(np.float64(1.5), 200, 240, 40, 15)",houghCircle,0.66875,41066310.69,30336813.5
"(np.float64(1.5), 200, 250, 40, 15)",houghCircle,0.66875,40973362.51,31396295.5
"(np.float64(1.5), 210, 110, 30, 10)",houghCircle,0.66875,44427149.84,35211193
"(np.float64(1.5), 210, 180, 30, 5)",houghCircle,0.66875,45364475.62,34072902
"(np.float64(1.5), 210, 210, 30, 5)",houghCircle,0.66875,40236144.61,32144960
"(np.float64(1.5), 210, 220, 30, 5)",houghCircle,0.66875,42106269.75,32957399.5
"(np.float64(1.5), 210, 230, 30, 5)",houghCircle,0.66875,43537003.93,32037955
"(np.float64(1.5), 210, 240, 40, 15)",houghCircle,0.66875,41902041.57,30097288.5
"(np.float64(1.5), 210, 250, 40, 15)",houghCircle,0.66875,41727692.3,31508465.5
"(np.float64(1.5), 220, 170, 30, 5)",houghCircle,0.66875,43114289.89,32538789
"(np.float64(1.5), 220, 240, 40, 15)",houghCircle,0.66875,39476173.02,29845170.5
"(np.float64(1.5), 220, 250, 40, 15)",houghCircle,0.66875,42407004.68,31116451
"(np.float64(1.5), 230, 240, 40, 15)",houghCircle,0.66875,42548287.42,31853304
"(np.float64(1.5), 230, 250, 40, 15)",houghCircle,0.66875,40246012.19,31389894.5
"(np.float64(1.5), 240, 240, 40, 15)",houghCircle,0.66875,41450915.79,31366410
"(np.float64(1.5), 240, 250, 40, 15)",houghCircle,0.66875,39078877.83,31383918.5
"(np.float64(1.5), 240, 280, 40, 15)",houghCircle,0.66875,41294155.73,30572581
"(np.float64(1.5), 240, 290, 40, 15)",houghCircle,0.66875,41700461.13,30492686.5
"(np.float64(1.5), 250, 240, 40, 15)",houghCircle,0.66875,38984614.68,31010662
"(np.float64(1.5), 250, 250, 40, 15)",houghCircle,0.66875,39870111.62,30960653.5
"(np.float64(1.5), 250, 280, 40, 15)",houghCircle,0.66875,40895384.79,30433584.5
"(np.float64(1.5), 250, 290, 40, 15)",houghCircle,0.66875,40146755.85,30360853.5
"(np.float64(1.5), 260, 240, 40, 15)",houghCircle,0.66875,42577758.54,30821402.5
"(np.float64(1.5), 260, 250, 40, 15)",houghCircle,0.66875,41486572.99,30107047.5
"(np.float64(1.5), 260, 280, 40, 15)",houghCircle,0.66875,39815541.51,30487661.5
"(np.float64(1.5), 260, 290, 40, 15)",houghCircle,0.66875,40724218.05,29881689
"(np.float64(1.5), 270, 240, 40, 15)",houghCircle,0.66875,41879323.66,31151140.5
"(np.float64(1.5), 270, 250, 40, 15)",houghCircle,0.66875,42268648.94,30873119.5
"(np.float64(1.5), 270, 280, 40, 15)",houghCircle,0.66875,40811370.86,30730442
"(np.float64(1.5), 270, 290, 40, 15)",houghCircle,0.66875,40866326.88,30637197.5
"(np.float64(1.5), 280, 140, 30, 5)",houghCircle,0.66875,46815083,35342169
"(np.float64(1.5), 280, 240, 40, 15)",houghCircle,0.66875,42354820.86,31475655
"(np.float64(1.5), 280, 250, 40, 15)",houghCircle,0.66875,39560615.64,30831410.5
"(np.float64(1.5), 280, 280, 40, 15)",houghCircle,0.66875,42306908.12,31095016
"(np.float64(1.5), 280, 290, 40, 15)",houghCircle,0.66875,40892798.9,29903311.5
"(np.float64(1.5), 290, 100, 40, 15)",houghCircle,0.66875,45170284.83,36096844
"(np.float64(1.5), 290, 140, 30, 10)",houghCircle,0.66875,43473265.47,34132489
"(np.float64(1.5), 290, 140, 35, 10)",houghCircle,0.66875,41976276.99,33434639.5
"(np.float64(1.5), 290, 150, 35, 10)",houghCircle,0.66875,43021419.03,33331746
"(np.float64(1.5), 290, 190, 30, 10)",houghCircle,0.66875,42110092.76,32963721
"(np.float64(1.0), 100, 100, 40, 10)",houghCircle,0.666666667,49133706.95,38007934.5
"(np.float64(1.0), 100, 190, 40, 15)",houghCircle,0.666666667,43139225.04,33521488
"(np.float64(1.0), 100, 200, 40, 15)",houghCircle,0.666666667,43817176.68,33273643
"(np.float64(1.0), 100, 210, 40, 15)",houghCircle,0.666666667,41140136.18,33046321.5
"(np.float64(1.0), 100, 220, 40, 15)",houghCircle,0.666666667,44644867.03,32857392
"(np.float64(1.0), 100, 230, 40, 15)",houghCircle,0.666666667,43453967.17,33312815.5
"(np.float64(1.0), 100, 260, 30, 5)",houghCircle,0.666666667,46114558.86,34216747
"(np.float64(1.0), 100, 260, 40, 15)",houghCircle,0.666666667,45270952.14,32274818
"(np.float64(1.0), 100, 270, 40, 15)",houghCircle,0.666666667,40850031.67,30790719.5
"(np.float64(1.0), 100, 280, 40, 15)",houghCircle,0.666666667,37750977.45,30040432.5
"(np.float64(1.0), 100, 290, 40, 15)",houghCircle,0.666666667,42832272.95,31530787.5
"(np.float64(1.0), 110, 100, 40, 10)",houghCircle,0.666666667,47447586.16,37656741
"(np.float64(1.0), 110, 120, 30, 10)",houghCircle,0.666666667,43565712.26,36122031.5
"(np.float64(1.0), 110, 190, 40, 15)",houghCircle,0.666666667,42850773.33,31555003
"(np.float64(1.0), 110, 200, 40, 15)",houghCircle,0.666666667,39190613.35,29945539
"(np.float64(1.0), 110, 210, 40, 15)",houghCircle,0.666666667,40160595.22,31154522
"(np.float64(1.0), 110, 220, 40, 15)",houghCircle,0.666666667,39971500.11,30480773
"(np.float64(1.0), 110, 230, 40, 15)",houghCircle,0.666666667,41176522.95,31114687.5
"(np.float64(1.0), 110, 260, 30, 5)",houghCircle,0.666666667,41824019.95,31869768
"(np.float64(1.0), 110, 260, 40, 15)",houghCircle,0.666666667,39536534.32,30591846.5
"(np.float64(1.0), 110, 270, 40, 15)",houghCircle,0.666666667,40772241.14,30390724
"(np.float64(1.0), 110, 280, 40, 15)",houghCircle,0.666666667,39289560.56,30294138.5
"(np.float64(1.0), 110, 290, 40, 15)",houghCircle,0.666666667,38776648.45,29997461.5
"(np.float64(1.0), 120, 100, 40, 10)",houghCircle,0.666666667,44238234.67,36427244.5
"(np.float64(1.0), 120, 120, 30, 10)",houghCircle,0.666666667,47413291.66,34508540.5
"(np.float64(1.0), 120, 190, 40, 15)",houghCircle,0.666666667,41495748.58,31078645.5
"(np.float64(1.0), 120, 200, 40, 15)",houghCircle,0.666666667,42366585.82,31523995.5
"(np.float64(1.0), 120, 210, 40, 15)",houghCircle,0.666666667,43269360.21,31564642
"(np.float64(1.0), 120, 220, 40, 15)",houghCircle,0.666666667,51912220.05,40583292
"(np.float64(1.0), 120, 230, 40, 15)",houghCircle,0.666666667,42716246.83,31727777.5
"(np.float64(1.0), 120, 260, 30, 5)",houghCircle,0.666666667,42136536.57,32011330
"(np.float64(1.0), 120, 260, 40, 15)",houghCircle,0.666666667,41499324.18,30683308
"(np.float64(1.0), 120, 270, 40, 15)",houghCircle,0.666666667,38241676.66,30069296
"(np.float64(1.0), 120, 280, 40, 15)",houghCircle,0.666666667,39908046.59,31161120
"(np.float64(1.0), 120, 290, 40, 15)",houghCircle,0.666666667,41863149.33,31205303
"(np.float64(1.0), 130, 100, 40, 10)",houghCircle,0.666666667,44217806.3,37473196
"(np.float64(1.0), 130, 120, 30, 10)",houghCircle,0.666666667,43454686.9,35498733.5
"(np.float64(1.0), 130, 190, 40, 15)",houghCircle,0.666666667,39612113.32,31215341.5
"(np.float64(1.0), 130, 200, 40, 15)",houghCircle,0.666666667,41439413.61,32001992.5
"(np.float64(1.0), 130, 210, 40, 15)",houghCircle,0.666666667,42535436.93,31329530.5
"(np.float64(1.0), 130, 220, 40, 15)",houghCircle,0.666666667,41550481.61,31567057
"(np.float64(1.0), 130, 230, 40, 15)",houghCircle,0.666666667,41272936.56,30599832
"(np.float64(1.0), 130, 260, 40, 15)",houghCircle,0.666666667,42953773.76,31053693
"(np.float64(1.0), 130, 270, 40, 15)",houghCircle,0.666666667,38952220.19,30516204.5
"(np.float64(1.0), 130, 280, 40, 15)",houghCircle,0.666666667,40261412.72,30478509
"(np.float64(1.0), 130, 290, 40, 15)",houghCircle,0.666666667,41120937.46,30324245
"(np.float64(1.0), 140, 100, 40, 10)",houghCircle,0.666666667,43717630.49,36029107.5
"(np.float64(1.0), 140, 120, 30, 10)",houghCircle,0.666666667,43247025.4,34098280
"(np.float64(1.0), 140, 190, 40, 15)",houghCircle,0.666666667,42459404.17,32338578.5
"(np.float64(1.0), 140, 200, 40, 15)",houghCircle,0.666666667,40428696.7,30690703
"(np.float64(1.0), 140, 210, 40, 15)",houghCircle,0.666666667,42177612.98,32103186.5
"(np.float64(1.0), 140, 220, 40, 15)",houghCircle,0.666666667,40490929.32,31633791.5
"(np.float64(1.0), 140, 230, 40, 15)",houghCircle,0.666666667,39114326.24,30396370
"(np.float64(1.0), 140, 260, 40, 15)",houghCircle,0.666666667,52995982.4,40424743.5
"(np.float64(1.0), 140, 270, 40, 15)",houghCircle,0.666666667,42545679.72,31022906
"(np.float64(1.0), 140, 280, 40, 15)",houghCircle,0.666666667,42653181.51,31091926
"(np.float64(1.0), 140, 290, 40, 15)",houghCircle,0.666666667,39224665.89,29585158.5
"(np.float64(1.0), 150, 100, 40, 10)",houghCircle,0.666666667,46101055.41,37038811
"(np.float64(1.0), 150, 120, 30, 10)",houghCircle,0.666666667,44986504.21,35179548
"(np.float64(1.0), 150, 190, 40, 15)",houghCircle,0.666666667,39536339.32,31235088.5
"(np.float64(1.0), 150, 200, 40, 15)",houghCircle,0.666666667,41031686.74,31834719
"(np.float64(1.0), 150, 210, 40, 15)",houghCircle,0.666666667,41497274.82,30884796.5
"(np.float64(1.0), 150, 220, 40, 15)",houghCircle,0.666666667,41802329.65,30642461.5
"(np.float64(1.0), 150, 230, 40, 15)",houghCircle,0.666666667,50820244.6,38942172.5
"(np.float64(1.0), 150, 260, 40, 15)",houghCircle,0.666666667,41476181.35,31018517
"(np.float64(1.0), 150, 270, 40, 15)",houghCircle,0.666666667,53860090.71,40234441.5
"(np.float64(1.0), 150, 280, 40, 15)",houghCircle,0.666666667,39872133.05,30317276
"(np.float64(1.0), 150, 290, 40, 15)",houghCircle,0.666666667,40369442.39,30312758
"(np.float64(1.0), 160, 100, 40, 10)",houghCircle,0.666666667,44635108.72,35587759
"(np.float64(1.0), 160, 190, 40, 15)",houghCircle,0.666666667,41843923.75,31539389.5
"(np.float64(1.0), 160, 200, 40, 15)",houghCircle,0.666666667,40611096.75,31523160
"(np.float64(1.0), 160, 210, 40, 15)",houghCircle,0.666666667,40103669.08,30861496.5
"(np.float64(1.0), 160, 220, 40, 15)",houghCircle,0.666666667,41371934.85,31944048
"(np.float64(1.0), 160, 230, 40, 15)",houghCircle,0.666666667,52104839.69,41003024
"(np.float64(1.0), 160, 260, 40, 15)",houghCircle,0.666666667,40110048.03,30494013
"(np.float64(1.0), 160, 270, 40, 15)",houghCircle,0.666666667,40311174.3,30052720
"(np.float64(1.0), 160, 280, 40, 15)",houghCircle,0.666666667,41147550.89,30619469
"(np.float64(1.0), 160, 290, 40, 15)",houghCircle,0.666666667,51792354.46,39902212.5
"(np.float64(1.0), 170, 190, 40, 15)",houghCircle,0.666666667,44170903.76,32218623.5
"(np.float64(1.0), 170, 200, 40, 15)",houghCircle,0.666666667,52608182.27,40020009.5
"(np.float64(1.0), 170, 210, 40, 15)",houghCircle,0.666666667,39374598.54,30910810
"(np.float64(1.0), 170, 220, 40, 15)",houghCircle,0.666666667,40101370.34,31309007.5
"(np.float64(1.0), 170, 230, 40, 15)",houghCircle,0.666666667,43462236.42,32365514.5
"(np.float64(1.0), 170, 260, 40, 15)",houghCircle,0.666666667,42396012,30918469.5
"(np.float64(1.0), 170, 270, 40, 15)",houghCircle,0.666666667,39543245.64,30816868
"(np.float64(1.0), 170, 280, 40, 15)",houghCircle,0.666666667,42002227.98,30459959
"(np.float64(1.0), 170, 290, 40, 15)",houghCircle,0.666666667,51353654.35,39885748.5
"(np.float64(1.0), 180, 190, 40, 15)",houghCircle,0.666666667,57106502.66,42053454
"(np.float64(1.0), 180, 200, 40, 15)",houghCircle,0.666666667,53313579.6,40585966.5
"(np.float64(1.0), 180, 210, 40, 15)",houghCircle,0.666666667,41766578.23,32321702
"(np.float64(1.0), 180, 220, 40, 15)",houghCircle,0.666666667,41365690.91,30813757
"(np.float64(1.0), 180, 230, 40, 15)",houghCircle,0.666666667,39852713.94,30661132.5
"(np.float64(1.0), 180, 260, 40, 15)",houghCircle,0.666666667,42084204.92,31010672
"(np.float64(1.0), 180, 270, 40, 15)",houghCircle,0.666666667,37854742.97,28928245
"(np.float64(1.0), 180, 280, 40, 15)",houghCircle,0.666666667,39678961.2,30102563.5
"(np.float64(1.0), 180, 290, 40, 15)",houghCircle,0.666666667,50883617.28,39157927
"(np.float64(1.0), 190, 190, 40, 15)",houghCircle,0.666666667,40885651.5,31508506.5
"(np.float64(1.0), 190, 200, 40, 15)",houghCircle,0.666666667,43127642.51,31568238.5
"(np.float64(1.0), 190, 210, 40, 15)",houghCircle,0.666666667,40257723.35,31213739.5
"(np.float64(1.0), 190, 220, 40, 15)",houghCircle,0.666666667,40542520.11,30858406
"(np.float64(1.0), 190, 230, 40, 15)",houghCircle,0.666666667,40128064.46,30733262.5
"(np.float64(1.0), 190, 240, 30, 5)",houghCircle,0.666666667,41333955.94,31950502
"(np.float64(1.0), 190, 260, 40, 15)",houghCircle,0.666666667,41567151.68,30840183
"(np.float64(1.0), 190, 270, 40, 15)",houghCircle,0.666666667,37229791.79,30181331.5
"(np.float64(1.0), 190, 280, 40, 15)",houghCircle,0.666666667,41114953.85,30965117
"(np.float64(1.0), 190, 290, 40, 15)",houghCircle,0.666666667,49801763.44,37622501.5
"(np.float64(1.0), 200, 190, 40, 15)",houghCircle,0.666666667,42436560.5,32368474.5
"(np.float64(1.0), 200, 200, 30, 5)",houghCircle,0.666666667,42742614.96,33493329.5
"(np.float64(1.0), 200, 200, 40, 15)",houghCircle,0.666666667,42301283.42,32209346.5
"(np.float64(1.0), 200, 210, 40, 15)",houghCircle,0.666666667,40823919.52,31554358
"(np.float64(1.0), 200, 220, 30, 5)",houghCircle,0.666666667,42205627.06,32547651.5
"(np.float64(1.0), 200, 220, 40, 15)",houghCircle,0.666666667,41216912.52,30655526.5
"(np.float64(1.0), 200, 230, 30, 5)",houghCircle,0.666666667,40877678.26,31628571.5
"(np.float64(1.0), 200, 230, 40, 15)",houghCircle,0.666666667,41936376.51,31498958
"(np.float64(1.0), 200, 260, 40, 15)",houghCircle,0.666666667,42615700.46,30916873
"(np.float64(1.0), 200, 270, 40, 15)",houghCircle,0.666666667,36410022.87,30580025
"(np.float64(1.0), 200, 280, 40, 15)",houghCircle,0.666666667,36868179.38,29335469.5
"(np.float64(1.0), 200, 290, 40, 15)",houghCircle,0.666666667,50996786.97,40063120.5
"(np.float64(1.0), 210, 190, 40, 15)",houghCircle,0.666666667,40174718.28,31894661
"(np.float64(1.0), 210, 200, 40, 15)",houghCircle,0.666666667,51113946.83,40412286
"(np.float64(1.0), 210, 210, 40, 15)",houghCircle,0.666666667,42786125.96,31514006.5
"(np.float64(1.0), 210, 220, 40, 15)",houghCircle,0.666666667,39843235.8,31005137
"(np.float64(1.0), 210, 230, 40, 15)",houghCircle,0.666666667,55307801.18,41532217.5
"(np.float64(1.0), 210, 260, 40, 15)",houghCircle,0.666666667,40715627.34,30344793
"(np.float64(1.0), 210, 270, 40, 15)",houghCircle,0.666666667,41824048.4,30795293.5
"(np.float64(1.0), 210, 280, 40, 15)",houghCircle,0.666666667,40895894.74,30872773.5
"(np.float64(1.0), 210, 290, 40, 15)",houghCircle,0.666666667,42374579,30883779.5
"(np.float64(1.0), 220, 190, 40, 15)",houghCircle,0.666666667,40195225.55,31629498.5
"(np.float64(1.0), 220, 200, 40, 15)",houghCircle,0.666666667,39867650,31242768
"(np.float64(1.0), 220, 210, 40, 15)",houghCircle,0.666666667,40073162.36,31176702.5
"(np.float64(1.0), 220, 220, 40, 15)",houghCircle,0.666666667,49252631.48,39662789.5
"(np.float64(1.0), 220, 230, 40, 15)",houghCircle,0.666666667,40115157.52,31180515.5
"(np.float64(1.0), 220, 260, 40, 15)",houghCircle,0.666666667,47314772.44,38708434
"(np.float64(1.0), 220, 270, 40, 15)",houghCircle,0.666666667,41946241.41,30729885
"(np.float64(1.0), 220, 280, 40, 15)",houghCircle,0.666666667,43868848.08,30655576
"(np.float64(1.0), 220, 290, 40, 15)",houghCircle,0.666666667,44427999.15,31158099.5
"(np.float64(1.0), 230, 190, 40, 15)",houghCircle,0.666666667,42031492.62,32944846
"(np.float64(1.0), 230, 200, 40, 15)",houghCircle,0.666666667,40619022.5,32021834
"(np.float64(1.0), 230, 210, 40, 15)",houghCircle,0.666666667,42071017.38,30985530
"(np.float64(1.0), 230, 220, 40, 15)",houghCircle,0.666666667,42591762.39,31820436.5
"(np.float64(1.0), 230, 230, 40, 15)",houghCircle,0.666666667,42796284.43,31047045.5
"(np.float64(1.0), 230, 260, 40, 15)",houghCircle,0.666666667,41234446.43,30592392
"(np.float64(1.0), 230, 270, 40, 15)",houghCircle,0.666666667,42541328.96,31064499
"(np.float64(1.0), 230, 280, 40, 15)",houghCircle,0.666666667,39640807.02,30763379.5
"(np.float64(1.0), 230, 290, 40, 15)",houghCircle,0.666666667,39312304.99,29697183
"(np.float64(1.0), 240, 150, 30, 5)",houghCircle,0.666666667,44954797.43,34845647
"(np.float64(1.0), 240, 160, 30, 5)",houghCircle,0.666666667,42949080.06,33506755
"(np.float64(1.0), 240, 190, 40, 15)",houghCircle,0.666666667,41148115.73,31619355.5
"(np.float64(1.0), 240, 200, 40, 15)",houghCircle,0.666666667,41975224.61,32011285
"(np.float64(1.0), 240, 210, 40, 15)",houghCircle,0.666666667,45591021.4,37902763
"(np.float64(1.0), 240, 220, 40, 15)",houghCircle,0.666666667,43298599.16,31319431.5
"(np.float64(1.0), 240, 230, 40, 15)",houghCircle,0.666666667,42913745.81,31041195.5
"(np.float64(1.0), 240, 260, 40, 15)",houghCircle,0.666666667,53785137.01,39909437
"(np.float64(1.0), 240, 270, 40, 15)",houghCircle,0.666666667,43312878.05,31806775.5
"(np.float64(1.0), 250, 190, 40, 15)",houghCircle,0.666666667,40998519.78,31091423.5
"(np.float64(1.0), 250, 200, 40, 15)",houghCircle,0.666666667,52048426.76,41290402.5
"(np.float64(1.0), 250, 210, 40, 15)",houghCircle,0.666666667,50826971.68,40756935.5
"(np.float64(1.0), 250, 220, 40, 15)",houghCircle,0.666666667,43544402.43,31249726
"(np.float64(1.0), 250, 230, 40, 15)",houghCircle,0.666666667,51243742.35,40997082
"(np.float64(1.0), 250, 260, 40, 15)",houghCircle,0.666666667,41287506.18,30890722.5
"(np.float64(1.0), 250, 270, 40, 15)",houghCircle,0.666666667,52639621.04,40478059
"(np.float64(1.0), 260, 190, 40, 15)",houghCircle,0.666666667,43592954.08,31730443.5
"(np.float64(1.0), 260, 200, 40, 15)",houghCircle,0.666666667,44137187.47,32121872
"(np.float64(1.0), 260, 210, 40, 15)",houghCircle,0.666666667,52363956.07,41007412
"(np.float64(1.0), 260, 220, 40, 15)",houghCircle,0.666666667,40329281.3,31407426
"(np.float64(1.0), 260, 230, 40, 15)",houghCircle,0.666666667,49453265.6,40905991
"(np.float64(1.0), 260, 260, 40, 15)",houghCircle,0.666666667,40989356.99,31519041
"(np.float64(1.0), 260, 270, 40, 15)",houghCircle,0.666666667,37064759.89,29898572
"(np.float64(1.0), 270, 140, 30, 5)",houghCircle,0.666666667,43092505.95,33819267
"(np.float64(1.0), 270, 190, 40, 15)",houghCircle,0.666666667,39559136.37,31056157
"(np.float64(1.0), 270, 200, 40, 15)",houghCircle,0.666666667,43852093.04,32236347
"(np.float64(1.0), 270, 210, 40, 15)",houghCircle,0.666666667,44796379.86,32759243
"(np.float64(1.0), 270, 220, 40, 15)",houghCircle,0.666666667,42761956.59,31074348.5
"(np.float64(1.0), 270, 230, 40, 15)",houghCircle,0.666666667,39340358.54,30495660.5
"(np.float64(1.0), 270, 260, 40, 15)",houghCircle,0.666666667,39820286.24,30393034
"(np.float64(1.0), 270, 270, 40, 15)",houghCircle,0.666666667,41801599.86,31208789
"(np.float64(1.0), 280, 190, 40, 15)",houghCircle,0.666666667,40528167.15,32128307
"(np.float64(1.0), 280, 200, 40, 15)",houghCircle,0.666666667,42629013.18,31272904
"(np.float64(1.0), 280, 210, 40, 15)",houghCircle,0.666666667,42265747.12,31627399
"(np.float64(1.0), 280, 220, 40, 15)",houghCircle,0.666666667,39901958.74,30932716
"(np.float64(1.0), 280, 230, 40, 15)",houghCircle,0.666666667,38808778.12,29859557.5
"(np.float64(1.0), 280, 260, 40, 15)",houghCircle,0.666666667,41822303.21,31000087.5
"(np.float64(1.0), 280, 270, 40, 15)",houghCircle,0.666666667,39050546.5,30335326
"(np.float64(1.0), 290, 170, 35, 10)",houghCircle,0.666666667,44024786.4,33059797.5
"(np.float64(1.0), 290, 180, 35, 10)",houghCircle,0.666666667,40584537.51,31150258.5
"(np.float64(1.0), 290, 240, 35, 10)",houghCircle,0.666666667,47073536.61,37722549.5
"(np.float64(1.0), 290, 250, 35, 10)",houghCircle,0.666666667,39248595.75,31447477.5
"(np.float64(1.0), 290, 260, 35, 10)",houghCircle,0.666666667,41377395.43,31318704.5
"(np.float64(1.0), 290, 290, 30, 10)",houghCircle,0.666666667,40521722.34,30726388.5
"(np.float64(1.5), 100, 100, 40, 10)",houghCircle,0.666666667,46086996.53,37226132.5
"(np.float64(1.5), 100, 190, 40, 15)",houghCircle,0.666666667,42690776.57,31585140.5
"(np.float64(1.5), 100, 200, 40, 15)",houghCircle,0.666666667,41661148.94,31923955.5
"(np.float64(1.5), 100, 210, 40, 15)",houghCircle,0.666666667,43710277.83,32153075.5
"(np.float64(1.5), 100, 220, 40, 15)",houghCircle,0.666666667,42376324.38,31855577
"(np.float64(1.5), 100, 230, 40, 15)",houghCircle,0.666666667,41130000.65,30903316
"(np.float64(1.5), 100, 260, 30, 5)",houghCircle,0.666666667,41663675.38,31937300.5
"(np.float64(1.5), 100, 260, 40, 15)",houghCircle,0.666666667,43466384.87,31519852.5
"(np.float64(1.5), 100, 270, 40, 15)",houghCircle,0.666666667,42667458.68,30671626.5
"(np.float64(1.5), 100, 280, 40, 15)",houghCircle,0.666666667,42954489.16,31871006
"(np.float64(1.5), 100, 290, 40, 15)",houghCircle,0.666666667,37208416.79,30101861
"(np.float64(1.5), 110, 100, 40, 10)",houghCircle,0.666666667,46288686.73,36743221.5
"(np.float64(1.5), 110, 120, 30, 10)",houghCircle,0.666666667,45033450,35158319
"(np.float64(1.5), 110, 190, 40, 15)",houghCircle,0.666666667,39896427.91,31022219.5
"(np.float64(1.5), 110, 200, 40, 15)",houghCircle,0.666666667,41993554.56,31839297
"(np.float64(1.5), 110, 210, 40, 15)",houghCircle,0.666666667,42449423.1,31827615
"(np.float64(1.5), 110, 220, 40, 15)",houghCircle,0.666666667,42554135.38,31165132
"(np.float64(1.5), 110, 230, 40, 15)",houghCircle,0.666666667,42264703.13,31227764.5
"(np.float64(1.5), 110, 260, 30, 5)",houghCircle,0.666666667,40973832.5,31006404.5
"(np.float64(1.5), 110, 260, 40, 15)",houghCircle,0.666666667,41708302.55,30948145.5
"(np.float64(1.5), 110, 270, 40, 15)",houghCircle,0.666666667,41634171.4,31019103
"(np.float64(1.5), 110, 280, 40, 15)",houghCircle,0.666666667,48071531.69,38112446.5
"(np.float64(1.5), 110, 290, 40, 15)",houghCircle,0.666666667,40546180.46,30157537.5
"(np.float64(1.5), 120, 100, 40, 10)",houghCircle,0.666666667,44449794.83,36309939.5
"(np.float64(1.5), 120, 120, 30, 10)",houghCircle,0.666666667,44917789.16,34918975
"(np.float64(1.5), 120, 190, 40, 15)",houghCircle,0.666666667,48900921.45,37627240.5
"(np.float64(1.5), 120, 200, 40, 15)",houghCircle,0.666666667,40615504.28,30404996.5
"(np.float64(1.5), 120, 210, 40, 15)",houghCircle,0.666666667,51258015.19,38058915
"(np.float64(1.5), 120, 220, 40, 15)",houghCircle,0.666666667,40412376.52,31055727
"(np.float64(1.5), 120, 230, 40, 15)",houghCircle,0.666666667,43919529.83,31346177
"(np.float64(1.5), 120, 260, 30, 5)",houghCircle,0.666666667,50477077.05,38676218
"(np.float64(1.5), 120, 260, 40, 15)",houghCircle,0.666666667,42158438.75,31286905.5
"(np.float64(1.5), 120, 270, 40, 15)",houghCircle,0.666666667,40744394,30407803
"(np.float64(1.5), 120, 280, 40, 15)",houghCircle,0.666666667,42837447.11,30733962.5
"(np.float64(1.5), 120, 290, 40, 15)",houghCircle,0.666666667,42548069.15,31660361
"(np.float64(1.5), 130, 100, 40, 10)",houghCircle,0.666666667,46959920.47,36702971.5
"(np.float64(1.5), 130, 120, 30, 10)",houghCircle,0.666666667,46586023.18,35429027.5
"(np.float64(1.5), 130, 190, 40, 15)",houghCircle,0.666666667,42842529.54,32255949
"(np.float64(1.5), 130, 200, 40, 15)",houghCircle,0.666666667,41173115.94,31396972.5
"(np.float64(1.5), 130, 210, 40, 15)",houghCircle,0.666666667,41551774.29,31893122
"(np.float64(1.5), 130, 220, 40, 15)",houghCircle,0.666666667,41868821.88,32176480
"(np.float64(1.5), 130, 230, 40, 15)",houghCircle,0.666666667,40292066.58,30931964.5
"(np.float64(1.5), 130, 260, 40, 15)",houghCircle,0.666666667,40299236.7,30547338
"(np.float64(1.5), 130, 270, 40, 15)",houghCircle,0.666666667,41366305.69,31483614.5
"(np.float64(1.5), 130, 280, 40, 15)",houghCircle,0.666666667,41769307.68,31342660
"(np.float64(1.5), 130, 290, 40, 15)",houghCircle,0.666666667,38790272.9,30328682.5
"(np.float64(1.5), 140, 100, 40, 10)",houghCircle,0.666666667,46260236.65,36554518
"(np.float64(1.5), 140, 120, 30, 10)",houghCircle,0.666666667,45244833.2,36210757
"(np.float64(1.5), 140, 190, 40, 15)",houghCircle,0.666666667,39612448.29,31641354.5
"(np.float64(1.5), 140, 200, 40, 15)",houghCircle,0.666666667,53044990.98,40455397
"(np.float64(1.5), 140, 210, 40, 15)",houghCircle,0.666666667,41259648.61,30293241
"(np.float64(1.5), 140, 220, 40, 15)",houghCircle,0.666666667,40527258.69,31257115
"(np.float64(1.5), 140, 230, 40, 15)",houghCircle,0.666666667,45759347.45,31547865.5
"(np.float64(1.5), 140, 260, 40, 15)",houghCircle,0.666666667,43421513.27,31394092
"(np.float64(1.5), 140, 270, 40, 15)",houghCircle,0.666666667,42827250.52,31159086
"(np.float64(1.5), 140, 280, 40, 15)",houghCircle,0.666666667,41498654.11,30726944.5
"(np.float64(1.5), 140, 290, 40, 15)",houghCircle,0.666666667,36711094.77,28933586
"(np.float64(1.5), 150, 100, 40, 10)",houghCircle,0.666666667,51071457.86,42653209
"(np.float64(1.5), 150, 120, 30, 10)",houghCircle,0.666666667,44094038.23,35755022.5
"(np.float64(1.5), 150, 190, 40, 15)",houghCircle,0.666666667,42792435.09,32094115
"(np.float64(1.5), 150, 200, 40, 15)",houghCircle,0.666666667,39210068.95,30895371.5
"(np.float64(1.5), 150, 210, 40, 15)",houghCircle,0.666666667,39173026.67,31699295.5
"(np.float64(1.5), 150, 220, 40, 15)",houghCircle,0.666666667,42015921.2,31987009
"(np.float64(1.5), 150, 230, 40, 15)",houghCircle,0.666666667,41957204.07,30822078
"(np.float64(1.5), 150, 260, 40, 15)",houghCircle,0.666666667,43691092.12,30973948.5
"(np.float64(1.5), 150, 270, 40, 15)",houghCircle,0.666666667,41918515.93,30914527
"(np.float64(1.5), 150, 280, 40, 15)",houghCircle,0.666666667,41426869.41,30316860
"(np.float64(1.5), 150, 290, 40, 15)",houghCircle,0.666666667,45251867.99,31310625.5
"(np.float64(1.5), 160, 100, 40, 10)",houghCircle,0.666666667,43661748.29,35837873.5
"(np.float64(1.5), 160, 190, 40, 15)",houghCircle,0.666666667,45147395.93,33498945
"(np.float64(1.5), 160, 200, 40, 15)",houghCircle,0.666666667,43691876.22,32962674.5
"(np.float64(1.5), 160, 210, 40, 15)",houghCircle,0.666666667,44493011.2,32319067.5
"(np.float64(1.5), 160, 220, 40, 15)",houghCircle,0.666666667,40747493.88,30527610.5
"(np.float64(1.5), 160, 230, 40, 15)",houghCircle,0.666666667,41331303.97,31323880
"(np.float64(1.5), 160, 260, 40, 15)",houghCircle,0.666666667,51695600.74,39092124.5
"(np.float64(1.5), 160, 270, 40, 15)",houghCircle,0.666666667,41512246.76,31045433
"(np.float64(1.5), 160, 280, 40, 15)",houghCircle,0.666666667,43032146.19,30898376
"(np.float64(1.5), 160, 290, 40, 15)",houghCircle,0.666666667,45469034.71,32671398.5
"(np.float64(1.5), 170, 190, 40, 15)",houghCircle,0.666666667,42733190.61,32279126.5
"(np.float64(1.5), 170, 200, 40, 15)",houghCircle,0.666666667,42158457.75,30824899
"(np.float64(1.5), 170, 210, 40, 15)",houghCircle,0.666666667,39088898.52,30524269.5
"(np.float64(1.5), 170, 220, 40, 15)",houghCircle,0.666666667,43191969.27,31657491.5
"(np.float64(1.5), 170, 230, 40, 15)",houghCircle,0.666666667,43140649.5,32091319.5
"(np.float64(1.5), 170, 260, 40, 15)",houghCircle,0.666666667,41294183.23,31520695
"(np.float64(1.5), 170, 270, 40, 15)",houghCircle,0.666666667,45069759.33,33662584
"(np.float64(1.5), 170, 280, 40, 15)",houghCircle,0.666666667,41520417.7,30282396
"(np.float64(1.5), 170, 290, 40, 15)",houghCircle,0.666666667,42799466.87,30325481
"(np.float64(1.5), 180, 190, 40, 15)",houghCircle,0.666666667,39460512.26,31299844.5
"(np.float64(1.5), 180, 200, 40, 15)",houghCircle,0.666666667,42313165.62,31838240.5
"(np.float64(1.5), 180, 210, 40, 15)",houghCircle,0.666666667,41561713.26,31786012.5
"(np.float64(1.5), 180, 220, 40, 15)",houghCircle,0.666666667,43074844.16,31421257.5
"(np.float64(1.5), 180, 230, 40, 15)",houghCircle,0.666666667,39303892.73,30197411.5
"(np.float64(1.5), 180, 260, 40, 15)",houghCircle,0.666666667,41284871.31,31377199.5
"(np.float64(1.5), 180, 270, 40, 15)",houghCircle,0.666666667,38837747.96,30028650
"(np.float64(1.5), 180, 280, 40, 15)",houghCircle,0.666666667,39152314.98,31067599.5
"(np.float64(1.5), 180, 290, 40, 15)",houghCircle,0.666666667,40392054.54,29688111
"(np.float64(1.5), 190, 190, 40, 15)",houghCircle,0.666666667,42779478.37,31900877
"(np.float64(1.5), 190, 200, 40, 15)",houghCircle,0.666666667,42215102.33,31843014.5
"(np.float64(1.5), 190, 210, 40, 15)",houghCircle,0.666666667,42539657.81,31212616.5
"(np.float64(1.5), 190, 220, 40, 15)",houghCircle,0.666666667,41587347.88,31245658
"(np.float64(1.5), 190, 230, 40, 15)",houghCircle,0.666666667,39928544.05,30615882.5
"(np.float64(1.5), 190, 240, 30, 5)",houghCircle,0.666666667,47230139.97,37923752
"(np.float64(1.5), 190, 260, 40, 15)",houghCircle,0.666666667,40606071.6,30206258
"(np.float64(1.5), 190, 270, 40, 15)",houghCircle,0.666666667,39585233.62,29759009
"(np.float64(1.5), 190, 280, 40, 15)",houghCircle,0.666666667,41877639.35,29905955.5
"(np.float64(1.5), 190, 290, 40, 15)",houghCircle,0.666666667,46633577.51,35954847
"(np.float64(1.5), 200, 190, 40, 15)",houghCircle,0.666666667,44866497.26,32592124
"(np.float64(1.5), 200, 200, 30, 5)",houghCircle,0.666666667,41828264.62,32989917
"(np.float64(1.5), 200, 200, 40, 15)",houghCircle,0.666666667,42179908.57,31706828
"(np.float64(1.5), 200, 210, 40, 15)",houghCircle,0.666666667,54195310.51,41378072.5
"(np.float64(1.5), 200, 220, 30, 5)",houghCircle,0.666666667,42292326.39,32530275
"(np.float64(1.5), 200, 220, 40, 15)",houghCircle,0.666666667,52230730.19,41265661.5
"(np.float64(1.5), 200, 230, 30, 5)",houghCircle,0.666666667,43491040.56,32542145.5
"(np.float64(1.5), 200, 230, 40, 15)",houghCircle,0.666666667,39642828.04,30945760
"(np.float64(1.5), 200, 260, 40, 15)",houghCircle,0.666666667,38198486.02,30923243.5
"(np.float64(1.5), 200, 270, 40, 15)",houghCircle,0.666666667,40531622.9,31050236.5
"(np.float64(1.5), 200, 280, 40, 15)",houghCircle,0.666666667,39926995.44,30089713.5
"(np.float64(1.5), 200, 290, 40, 15)",houghCircle,0.666666667,41176439.63,31209721.5
"(np.float64(1.5), 210, 190, 40, 15)",houghCircle,0.666666667,44751743.5,32082769.5
"(np.float64(1.5), 210, 200, 40, 15)",houghCircle,0.666666667,41195617.33,31501808
"(np.float64(1.5), 210, 210, 40, 15)",houghCircle,0.666666667,40893771.61,31501439
"(np.float64(1.5), 210, 220, 40, 15)",houghCircle,0.666666667,41886094.92,31308205
"(np.float64(1.5), 210, 230, 40, 15)",houghCircle,0.666666667,38836253.25,31214956
"(np.float64(1.5), 210, 260, 40, 15)",houghCircle,0.666666667,40589432.13,30431085.5
"(np.float64(1.5), 210, 270, 40, 15)",houghCircle,0.666666667,44288461.65,31325974
"(np.float64(1.5), 210, 280, 40, 15)",houghCircle,0.666666667,47168380.95,37241202
"(np.float64(1.5), 210, 290, 40, 15)",houghCircle,0.666666667,46812084.15,37507024.5
"(np.float64(1.5), 220, 190, 40, 15)",houghCircle,0.666666667,42508913.9,32130723.5
"(np.float64(1.5), 220, 200, 40, 15)",houghCircle,0.666666667,42568277.19,33022656.5
"(np.float64(1.5), 220, 210, 40, 15)",houghCircle,0.666666667,49988449.23,38420182.5
"(np.float64(1.5), 220, 220, 40, 15)",houghCircle,0.666666667,47079098.39,35047451
"(np.float64(1.5), 220, 230, 40, 15)",houghCircle,0.666666667,41442074.38,31291740
"(np.float64(1.5), 220, 260, 40, 15)",houghCircle,0.666666667,42144155.49,31447019.5
"(np.float64(1.5), 220, 270, 40, 15)",houghCircle,0.666666667,40614377.83,30683439
"(np.float64(1.5), 220, 280, 40, 15)",houghCircle,0.666666667,41697958.88,31068466.5
"(np.float64(1.5), 220, 290, 40, 15)",houghCircle,0.666666667,39185709.85,30293356.5
"(np.float64(1.5), 230, 190, 40, 15)",houghCircle,0.666666667,48536931.84,38486212
"(np.float64(1.5), 230, 200, 40, 15)",houghCircle,0.666666667,40236342.65,32014595.5
"(np.float64(1.5), 230, 210, 40, 15)",houghCircle,0.666666667,43453552.61,32033391.5
"(np.float64(1.5), 230, 220, 40, 15)",houghCircle,0.666666667,42977298.74,31654664.5
"(np.float64(1.5), 230, 230, 40, 15)",houghCircle,0.666666667,41646209.28,32447168
"(np.float64(1.5), 230, 260, 40, 15)",houghCircle,0.666666667,41207345.04,30503351
"(np.float64(1.5), 230, 270, 40, 15)",houghCircle,0.666666667,42616230.07,31242502
"(np.float64(1.5), 230, 280, 40, 15)",houghCircle,0.666666667,40617733.89,30776211.5
"(np.float64(1.5), 230, 290, 40, 15)",houghCircle,0.666666667,39709050.23,30151305
"(np.float64(1.5), 240, 150, 30, 5)",houghCircle,0.666666667,41552598.79,32387435
"(np.float64(1.5), 240, 160, 30, 5)",houghCircle,0.666666667,44815951.11,34066244.5
"(np.float64(1.5), 240, 190, 40, 15)",houghCircle,0.666666667,41405969.17,31617761
"(np.float64(1.5), 240, 200, 40, 15)",houghCircle,0.666666667,42515426.4,34348515
"(np.float64(1.5), 240, 210, 40, 15)",houghCircle,0.666666667,50483511.81,38880973
"(np.float64(1.5), 240, 220, 40, 15)",houghCircle,0.666666667,41651220.74,30797298
"(np.float64(1.5), 240, 230, 40, 15)",houghCircle,0.666666667,47628695.33,37910617.5
"(np.float64(1.5), 240, 260, 40, 15)",houghCircle,0.666666667,41809382.25,31653899
"(np.float64(1.5), 240, 270, 40, 15)",houghCircle,0.666666667,41706004.88,30349116
"(np.float64(1.5), 250, 190, 40, 15)",houghCircle,0.666666667,42268076.18,32524032
"(np.float64(1.5), 250, 200, 40, 15)",houghCircle,0.666666667,50641283.11,39895811
"(np.float64(1.5), 250, 210, 40, 15)",houghCircle,0.666666667,41768135.95,30453567
"(np.float64(1.5), 250, 220, 40, 15)",houghCircle,0.666666667,43389374.97,32242444
"(np.float64(1.5), 250, 230, 40, 15)",houghCircle,0.666666667,40639710.76,30957572
"(np.float64(1.5), 250, 260, 40, 15)",houghCircle,0.666666667,42435424.13,30038323
"(np.float64(1.5), 250, 270, 40, 15)",houghCircle,0.666666667,41361511.55,29793128.5
"(np.float64(1.5), 260, 190, 40, 15)",houghCircle,0.666666667,38414480.72,32029268
"(np.float64(1.5), 260, 200, 40, 15)",houghCircle,0.666666667,47248102.16,37067304.5
"(np.float64(1.5), 260, 210, 40, 15)",houghCircle,0.666666667,42038767.66,32085409
"(np.float64(1.5), 260, 220, 40, 15)",houghCircle,0.666666667,39628215.75,30196134.5
"(np.float64(1.5), 260, 230, 40, 15)",houghCircle,0.666666667,43979508.84,31659069
"(np.float64(1.5), 260, 260, 40, 15)",houghCircle,0.666666667,40873793.21,31027143.5
"(np.float64(1.5), 260, 270, 40, 15)",houghCircle,0.666666667,41339972.22,30569239.5
"(np.float64(1.5), 270, 140, 30, 5)",houghCircle,0.666666667,45582879.11,35648012
"(np.float64(1.5), 270, 190, 40, 15)",houghCircle,0.666666667,53049719.56,39391009
"(np.float64(1.5), 270, 200, 40, 15)",houghCircle,0.666666667,38343091.13,30456021.5
"(np.float64(1.5), 270, 210, 40, 15)",houghCircle,0.666666667,41523578.25,31322993.5
"(np.float64(1.5), 270, 220, 40, 15)",houghCircle,0.666666667,42412484.37,31846616.5
"(np.float64(1.5), 270, 230, 40, 15)",houghCircle,0.666666667,39136134.25,30840624
"(np.float64(1.5), 270, 260, 40, 15)",houghCircle,0.666666667,41644848.94,30571504
"(np.float64(1.5), 270, 270, 40, 15)",houghCircle,0.666666667,40732837.26,30641853.5
"(np.float64(1.5), 280, 190, 40, 15)",houghCircle,0.666666667,41392547.85,32093083.5
"(np.float64(1.5), 280, 200, 40, 15)",houghCircle,0.666666667,40868107.94,31376313.5
"(np.float64(1.5), 280, 210, 40, 15)",houghCircle,0.666666667,50004048.91,38745033
"(np.float64(1.5), 280, 220, 40, 15)",houghCircle,0.666666667,40534559.35,31354727.5
"(np.float64(1.5), 280, 230, 40, 15)",houghCircle,0.666666667,43441250.1,31118956
"(np.float64(1.5), 280, 260, 40, 15)",houghCircle,0.666666667,41908680.57,30342624
"(np.float64(1.5), 280, 270, 40, 15)",houghCircle,0.666666667,42641138.59,31509809
"(np.float64(1.5), 290, 170, 35, 10)",houghCircle,0.666666667,44407443.07,33159158.5
"(np.float64(1.5), 290, 180, 35, 10)",houghCircle,0.666666667,42490886.85,32814671.5
"(np.float64(1.5), 290, 240, 35, 10)",houghCircle,0.666666667,42584860.78,31323158
"(np.float64(1.5), 290, 250, 35, 10)",houghCircle,0.666666667,39499491.08,31065906
"(np.float64(1.5), 290, 260, 35, 10)",houghCircle,0.666666667,41511740.16,32100466.5
"(np.float64(1.5), 290, 290, 30, 10)",houghCircle,0.666666667,41359088.18,30180956
"(np.float64(1.0), 100, 120, 30, 10)",houghCircle,0.664583333,47134242.72,36871843
"(np.float64(1.0), 170, 250, 30, 5)",houghCircle,0.664583333,41345362.82,31698297.5
"(np.float64(1.0), 180, 240, 30, 5)",houghCircle,0.664583333,41605289.91,31889410.5
"(np.float64(1.0), 190, 220, 30, 5)",houghCircle,0.664583333,41257156.66,31836692
"(np.float64(1.0), 190, 230, 30, 5)",houghCircle,0.664583333,45502118.64,33533050.5
"(np.float64(1.0), 200, 170, 30, 5)",houghCircle,0.664583333,43057468.27,32714889
"(np.float64(1.0), 200, 210, 30, 5)",houghCircle,0.664583333,40008657.44,32085934
"(np.float64(1.0), 210, 170, 30, 5)",houghCircle,0.664583333,40811792.06,32541350
"(np.float64(1.0), 230, 100, 30, 10)",houghCircle,0.664583333,46580675.49,37551318
"(np.float64(1.0), 280, 130, 30, 5)",houghCircle,0.664583333,44692295.69,34839485.5
"(np.float64(1.0), 290, 130, 30, 10)",houghCircle,0.664583333,53784787.28,41727453
"(np.float64(1.0), 290, 270, 30, 10)",houghCircle,0.664583333,42024227.54,30905329
"(np.float64(1.0), 290, 280, 30, 10)",houghCircle,0.664583333,45427368.42,33968406
"(np.float64(1.5), 100, 120, 30, 10)",houghCircle,0.664583333,43986089.77,35166945
"(np.float64(1.5), 170, 250, 30, 5)",houghCircle,0.664583333,41024178.39,31070579.5
"(np.float64(1.5), 180, 240, 30, 5)",houghCircle,0.664583333,45038781.28,32751418.5
"(np.float64(1.5), 190, 220, 30, 5)",houghCircle,0.664583333,42231735.97,32265136.5
"(np.float64(1.5), 190, 230, 30, 5)",houghCircle,0.664583333,42217713.38,32077994.5
"(np.float64(1.5), 200, 170, 30, 5)",houghCircle,0.664583333,42683899.74,33423583.5
"(np.float64(1.5), 200, 210, 30, 5)",houghCircle,0.664583333,42831017.66,32009632
"(np.float64(1.5), 210, 170, 30, 5)",houghCircle,0.664583333,41894687.14,33529222.5
"(np.float64(1.5), 230, 100, 30, 10)",houghCircle,0.664583333,46575552.35,37747234.5
"(np.float64(1.5), 280, 130, 30, 5)",houghCircle,0.664583333,53129003.72,42037379
"(np.float64(1.5), 290, 130, 30, 10)",houghCircle,0.664583333,44413137.09,33822067
"(np.float64(1.5), 290, 270, 30, 10)",houghCircle,0.664583333,42187477.37,31489370
"(np.float64(1.5), 290, 280, 30, 10)",houghCircle,0.664583333,40435208.05,31943308
"(np.float64(1.0), 130, 250, 30, 5)",houghCircle,0.6625,40065975.73,32360139.5
"(np.float64(1.0), 140, 250, 30, 5)",houghCircle,0.6625,43026488.25,32143232
"(np.float64(1.0), 150, 250, 30, 5)",houghCircle,0.6625,40434283.73,32159097
"(np.float64(1.0), 160, 250, 30, 5)",houghCircle,0.6625,45794883.13,32661069
"(np.float64(1.0), 180, 110, 30, 10)",houghCircle,0.6625,43994680.08,35536393.5
"(np.float64(1.0), 180, 220, 30, 5)",houghCircle,0.6625,38637490.29,30920729
"(np.float64(1.0), 180, 230, 30, 5)",houghCircle,0.6625,43444193.94,32471377
"(np.float64(1.0), 190, 110, 30, 10)",houghCircle,0.6625,46286273.1,36137801
"(np.float64(1.0), 190, 190, 30, 5)",houghCircle,0.6625,42193637.34,33450073.5
"(np.float64(1.0), 260, 140, 30, 5)",houghCircle,0.6625,46058840.33,34362687
"(np.float64(1.0), 290, 100, 35, 5)",houghCircle,0.6625,45424986.93,37099335
"(np.float64(1.0), 290, 200, 30, 10)",houghCircle,0.6625,39088523.68,30920839.5
"(np.float64(1.0), 290, 210, 35, 10)",houghCircle,0.6625,42055037.83,32058834
"(np.float64(1.0), 290, 230, 35, 10)",houghCircle,0.6625,38751118.54,30908365.5
"(np.float64(1.0), 290, 260, 30, 10)",houghCircle,0.6625,40427515.55,31062484
"(np.float64(1.5), 130, 250, 30, 5)",houghCircle,0.6625,40378890.88,31047031
"(np.float64(1.5), 140, 250, 30, 5)",houghCircle,0.6625,39828789.05,31809210.5
"(np.float64(1.5), 150, 250, 30, 5)",houghCircle,0.6625,44313002.15,32784805.5
"(np.float64(1.5), 160, 250, 30, 5)",houghCircle,0.6625,52565705.72,39197666.5
"(np.float64(1.5), 180, 110, 30, 10)",houghCircle,0.6625,45775236.48,35811268.5
"(np.float64(1.5), 180, 220, 30, 5)",houghCircle,0.6625,44364973.05,32473627
"(np.float64(1.5), 180, 230, 30, 5)",houghCircle,0.6625,39227961.24,31073145.5
"(np.float64(1.5), 190, 110, 30, 10)",houghCircle,0.6625,47253105.73,36879568.5
"(np.float64(1.5), 190, 190, 30, 5)",houghCircle,0.6625,42263499,32132427.5
"(np.float64(1.5), 260, 140, 30, 5)",houghCircle,0.6625,54200968.25,43449358.5
"(np.float64(1.5), 290, 100, 35, 5)",houghCircle,0.6625,45926696.51,37403797
"(np.float64(1.5), 290, 200, 30, 10)",houghCircle,0.6625,42832405.31,32986404
"(np.float64(1.5), 290, 210, 35, 10)",houghCircle,0.6625,40057134.75,30207525.5
"(np.float64(1.5), 290, 230, 35, 10)",houghCircle,0.6625,45722064,32855527
"(np.float64(1.5), 290, 260, 30, 10)",houghCircle,0.6625,38726394.3,30528317.5
"(np.float64(1.0), 100, 250, 30, 5)",houghCircle,0.660416667,43280819.33,35097554.5
"(np.float64(1.0), 110, 250, 30, 5)",houghCircle,0.660416667,43702442.83,32042631
"(np.float64(1.0), 120, 250, 30, 5)",houghCircle,0.660416667,43157840.1,32211054.5
"(np.float64(1.0), 170, 240, 30, 5)",houghCircle,0.660416667,41819923.4,31299794.5
"(np.float64(1.0), 190, 200, 30, 5)",houghCircle,0.660416667,45438308.12,32290503
"(np.float64(1.0), 220, 100, 30, 10)",houghCircle,0.660416667,45663365.45,36482613
"(np.float64(1.0), 230, 150, 30, 5)",houghCircle,0.660416667,45879826.97,34024977
"(np.float64(1.0), 230, 160, 30, 5)",houghCircle,0.660416667,40781170.63,32646181
"(np.float64(1.0), 290, 120, 30, 10)",houghCircle,0.660416667,45412191.75,35657134.5
"(np.float64(1.0), 290, 200, 35, 10)",houghCircle,0.660416667,42750326.88,32259956.5
"(np.float64(1.0), 290, 210, 30, 10)",houghCircle,0.660416667,40467773.84,30760818.5
"(np.float64(1.0), 290, 220, 35, 10)",houghCircle,0.660416667,43212832.95,32015638
"(np.float64(1.5), 100, 250, 30, 5)",houghCircle,0.660416667,42294079.33,31769411
"(np.float64(1.5), 110, 250, 30, 5)",houghCircle,0.660416667,40039779.28,31611794.5
"(np.float64(1.5), 120, 250, 30, 5)",houghCircle,0.660416667,40672110.82,31240132.5
"(np.float64(1.5), 170, 240, 30, 5)",houghCircle,0.660416667,42640766.51,32687584
"(np.float64(1.5), 190, 200, 30, 5)",houghCircle,0.660416667,42219661.07,31888068.5
"(np.float64(1.5), 220, 100, 30, 10)",houghCircle,0.660416667,47252308.03,37205145.5
"(np.float64(1.5), 230, 150, 30, 5)",houghCircle,0.660416667,41798009.44,33435642.5
"(np.float64(1.5), 230, 160, 30, 5)",houghCircle,0.660416667,41495762.63,33395740.5
"(np.float64(1.5), 290, 120, 30, 10)",houghCircle,0.660416667,51867084.03,42897357.5
"(np.float64(1.5), 290, 200, 35, 10)",houghCircle,0.660416667,44620831.52,32866528
"(np.float64(1.5), 290, 210, 30, 10)",houghCircle,0.660416667,42596279.97,32018133.5
"(np.float64(1.5), 290, 220, 35, 10)",houghCircle,0.660416667,44086093.85,31919222.5
"(np.float64(1.0), 160, 220, 30, 5)",houghCircle,0.658333333,44814317.52,32841989.5
"(np.float64(1.0), 160, 230, 30, 5)",houghCircle,0.658333333,40575832.95,31293908.5
"(np.float64(1.0), 160, 240, 30, 5)",houghCircle,0.658333333,43586494.44,31852021.5
"(np.float64(1.0), 170, 220, 30, 5)",houghCircle,0.658333333,41559896.09,32679983
"(np.float64(1.0), 170, 230, 30, 5)",houghCircle,0.658333333,40693516.35,31614105
"(np.float64(1.0), 180, 190, 30, 5)",houghCircle,0.658333333,43444854.78,32955882
"(np.float64(1.0), 190, 180, 30, 5)",houghCircle,0.658333333,44490034.71,33134939.5
"(np.float64(1.0), 190, 210, 30, 5)",houghCircle,0.658333333,44837921.7,32781098.5
"(np.float64(1.0), 210, 100, 30, 10)",houghCircle,0.658333333,44296204.12,36749313
"(np.float64(1.0), 270, 130, 30, 5)",houghCircle,0.658333333,42950392.72,34685071.5
"(np.float64(1.0), 290, 220, 30, 10)",houghCircle,0.658333333,44535135.28,33044963.5
"(np.float64(1.0), 290, 250, 30, 10)",houghCircle,0.658333333,45940039.03,32672615.5
"(np.float64(1.5), 160, 220, 30, 5)",houghCircle,0.658333333,42235273.62,31644020.5
"(np.float64(1.5), 160, 230, 30, 5)",houghCircle,0.658333333,42197702.74,32325202
"(np.float64(1.5), 160, 240, 30, 5)",houghCircle,0.658333333,40009614.91,30833588.5
"(np.float64(1.5), 170, 220, 30, 5)",houghCircle,0.658333333,42766237.49,32408074
"(np.float64(1.5), 170, 230, 30, 5)",houghCircle,0.658333333,43616374.21,32383608
"(np.float64(1.5), 180, 190, 30, 5)",houghCircle,0.658333333,43419280.76,31940507
"(np.float64(1.5), 190, 180, 30, 5)",houghCircle,0.658333333,41328587.86,32398261
"(np.float64(1.5), 190, 210, 30, 5)",houghCircle,0.658333333,44180642.75,32539029.5
"(np.float64(1.5), 210, 100, 30, 10)",houghCircle,0.658333333,48006283.86,36993311
"(np.float64(1.5), 270, 130, 30, 5)",houghCircle,0.658333333,43991887.9,35461212
"(np.float64(1.5), 290, 220, 30, 10)",houghCircle,0.658333333,40476978.02,31838566
"(np.float64(1.5), 290, 250, 30, 10)",houghCircle,0.658333333,41236800.03,30808643
"(np.float64(1.0), 100, 220, 30, 5)",houghCircle,0.65625,46294195.36,34411117.5
"(np.float64(1.0), 100, 230, 30, 5)",houghCircle,0.65625,55514306.32,42842344
"(np.float64(1.0), 100, 240, 30, 5)",houghCircle,0.65625,54284555.79,44165632.5
"(np.float64(1.0), 110, 220, 30, 5)",houghCircle,0.65625,43614559.68,33048445.5
"(np.float64(1.0), 110, 230, 30, 5)",houghCircle,0.65625,44351309.38,32873151
"(np.float64(1.0), 110, 240, 30, 5)",houghCircle,0.65625,43319164.88,33131480
"(np.float64(1.0), 120, 220, 30, 5)",houghCircle,0.65625,44169249.53,32844253
"(np.float64(1.0), 120, 230, 30, 5)",houghCircle,0.65625,39598215.64,31418978.5
"(np.float64(1.0), 120, 240, 30, 5)",houghCircle,0.65625,41258969.4,31431050.5
"(np.float64(1.0), 130, 220, 30, 5)",houghCircle,0.65625,43788788.74,32871168.5
"(np.float64(1.0), 130, 230, 30, 5)",houghCircle,0.65625,40355795.29,32280610
"(np.float64(1.0), 130, 240, 30, 5)",houghCircle,0.65625,43055313.57,32121150.5
"(np.float64(1.0), 140, 220, 30, 5)",houghCircle,0.65625,40116844.54,31258938
"(np.float64(1.0), 140, 230, 30, 5)",houghCircle,0.65625,41988276.34,31460541
"(np.float64(1.0), 140, 240, 30, 5)",houghCircle,0.65625,43084880.9,33060993.5
"(np.float64(1.0), 150, 220, 30, 5)",houghCircle,0.65625,41415373.48,32347330.5
"(np.float64(1.0), 150, 230, 30, 5)",houghCircle,0.65625,46404905.88,35063347
"(np.float64(1.0), 150, 240, 30, 5)",houghCircle,0.65625,42112139.99,32016688.5
"(np.float64(1.0), 170, 110, 30, 10)",houghCircle,0.65625,44517793.13,36040188.5
"(np.float64(1.0), 180, 200, 30, 5)",houghCircle,0.65625,42611938.94,32757249
"(np.float64(1.0), 180, 210, 30, 5)",houghCircle,0.65625,43838593.19,32669590
"(np.float64(1.0), 190, 170, 30, 5)",houghCircle,0.65625,45545384.19,33264170
"(np.float64(1.0), 200, 100, 30, 10)",houghCircle,0.65625,46103869.54,36915360.5
"(np.float64(1.0), 290, 110, 35, 5)",houghCircle,0.65625,43580298.36,35377365
"(np.float64(1.0), 290, 120, 35, 5)",houghCircle,0.65625,51575509.19,42625968.5
"(np.float64(1.0), 290, 190, 35, 10)",houghCircle,0.65625,41838875.03,32711693
"(np.float64(1.0), 290, 240, 30, 10)",houghCircle,0.65625,42847976.35,31730071
"(np.float64(1.5), 100, 220, 30, 5)",houghCircle,0.65625,42823382.74,32907992
"(np.float64(1.5), 100, 230, 30, 5)",houghCircle,0.65625,40289222.46,32634178
"(np.float64(1.5), 100, 240, 30, 5)",houghCircle,0.65625,39538673.78,31549072.5
"(np.float64(1.5), 110, 220, 30, 5)",houghCircle,0.65625,44354494.43,32436026
"(np.float64(1.5), 110, 230, 30, 5)",houghCircle,0.65625,41655804.75,32529402
"(np.float64(1.5), 110, 240, 30, 5)",houghCircle,0.65625,41475655.21,32637389.5
"(np.float64(1.5), 120, 220, 30, 5)",houghCircle,0.65625,43430472.62,32999779
"(np.float64(1.5), 120, 230, 30, 5)",houghCircle,0.65625,45494256.1,33517365.5
"(np.float64(1.5), 120, 240, 30, 5)",houghCircle,0.65625,41757869.76,31694991.5
"(np.float64(1.5), 130, 220, 30, 5)",houghCircle,0.65625,42230134.53,33342111
"(np.float64(1.5), 130, 230, 30, 5)",houghCircle,0.65625,42622896.27,32174226
"(np.float64(1.5), 130, 240, 30, 5)",houghCircle,0.65625,42334204.84,32946113.5
"(np.float64(1.5), 140, 220, 30, 5)",houghCircle,0.65625,43678897.74,31950239.5
"(np.float64(1.5), 140, 230, 30, 5)",houghCircle,0.65625,44508144.96,33154344
"(np.float64(1.5), 140, 240, 30, 5)",houghCircle,0.65625,40118757.81,31620152
"(np.float64(1.5), 150, 220, 30, 5)",houghCircle,0.65625,44117471.95,32954532.5
"(np.float64(1.5), 150, 230, 30, 5)",houghCircle,0.65625,54474427.81,41222225
"(np.float64(1.5), 150, 240, 30, 5)",houghCircle,0.65625,43105159.84,31805404
"(np.float64(1.5), 170, 110, 30, 10)",houghCircle,0.65625,45834817.69,36210247
"(np.float64(1.5), 180, 200, 30, 5)",houghCircle,0.65625,42434943.83,32303097
"(np.float64(1.5), 180, 210, 30, 5)",houghCircle,0.65625,43457526.68,32396203
"(np.float64(1.5), 190, 170, 30, 5)",houghCircle,0.65625,45408686.57,33857127.5
"(np.float64(1.5), 200, 100, 30, 10)",houghCircle,0.65625,44869595.64,36483364
"(np.float64(1.5), 290, 110, 35, 5)",houghCircle,0.65625,45984734.38,36134790.5
"(np.float64(1.5), 290, 120, 35, 5)",houghCircle,0.65625,45039145.82,35472455
"(np.float64(1.5), 290, 190, 35, 10)",houghCircle,0.65625,41958263.15,33140878.5
"(np.float64(1.5), 290, 240, 30, 10)",houghCircle,0.65625,40862621.19,30778341.5
"(np.float64(1.0), 160, 110, 30, 10)",houghCircle,0.654166667,45359726.32,36173348.5
"(np.float64(1.0), 170, 190, 30, 5)",houghCircle,0.654166667,41035809.69,32915101
"(np.float64(1.0), 180, 170, 30, 5)",houghCircle,0.654166667,44275848.95,33659643
"(np.float64(1.0), 180, 180, 30, 5)",houghCircle,0.654166667,41582782.95,33819356.5
"(np.float64(1.0), 220, 160, 30, 5)",houghCircle,0.654166667,44018219.61,34044619.5
"(np.float64(1.0), 250, 140, 30, 5)",houghCircle,0.654166667,44154568.01,33684604
"(np.float64(1.0), 260, 130, 30, 5)",houghCircle,0.654166667,43846547.53,34697313.5
"(np.float64(1.0), 280, 120, 30, 5)",houghCircle,0.654166667,45328847.31,36415767.5
"(np.float64(1.0), 290, 110, 30, 10)",houghCircle,0.654166667,44836720.84,35465057.5
"(np.float64(1.0), 290, 230, 30, 10)",houghCircle,0.654166667,44345708.4,32463207.5
"(np.float64(1.5), 160, 110, 30, 10)",houghCircle,0.654166667,53695350.6,44431591
"(np.float64(1.5), 170, 190, 30, 5)",houghCircle,0.654166667,47227429.6,33442159.5
"(np.float64(1.5), 180, 170, 30, 5)",houghCircle,0.654166667,42029585.59,33041968.5
"(np.float64(1.5), 180, 180, 30, 5)",houghCircle,0.654166667,42014724.63,32063087
"(np.float64(1.5), 220, 160, 30, 5)",houghCircle,0.654166667,44853323.49,34153549
"(np.float64(1.5), 250, 140, 30, 5)",houghCircle,0.654166667,54389835.78,42349955
"(np.float64(1.5), 260, 130, 30, 5)",houghCircle,0.654166667,44470442.5,35038869.5
"(np.float64(1.5), 280, 120, 30, 5)",houghCircle,0.654166667,51135545.21,41944680
"(np.float64(1.5), 290, 110, 30, 10)",houghCircle,0.654166667,55024705.92,43544030.5
"(np.float64(1.5), 290, 230, 30, 10)",houghCircle,0.654166667,40722027.32,31588115.5
"(np.float64(1.0), 160, 190, 30, 5)",houghCircle,0.652083333,43375811.43,33300948
"(np.float64(1.0), 160, 200, 30, 5)",houghCircle,0.652083333,43643083.61,32352123
"(np.float64(1.0), 170, 200, 30, 5)",houghCircle,0.652083333,41930193.61,32554850
"(np.float64(1.0), 170, 210, 30, 5)",houghCircle,0.652083333,42517018.13,32305274.5
"(np.float64(1.0), 200, 160, 30, 5)",houghCircle,0.652083333,44535387.38,32764093
"(np.float64(1.0), 210, 160, 30, 5)",houghCircle,0.652083333,40845136.03,31789248.5
"(np.float64(1.0), 220, 150, 30, 5)",houghCircle,0.652083333,43900851.99,34131563
"(np.float64(1.0), 280, 100, 40, 5)",houghCircle,0.652083333,45551861.29,36526610.5
"(np.float64(1.0), 280, 110, 40, 10)",houghCircle,0.652083333,45508782.43,35490311
"(np.float64(1.0), 290, 100, 30, 10)",houghCircle,0.652083333,44689628.14,36041294
"(np.float64(1.0), 290, 130, 35, 5)",houghCircle,0.652083333,45066073.11,35370547
"(np.float64(1.0), 290, 290, 35, 5)",houghCircle,0.652083333,43059652.42,31046274
"(np.float64(1.5), 160, 190, 30, 5)",houghCircle,0.652083333,41381655.16,32649271
"(np.float64(1.5), 160, 200, 30, 5)",houghCircle,0.652083333,51039880.45,40815672.5
"(np.float64(1.5), 170, 200, 30, 5)",houghCircle,0.652083333,42907229.32,32727038
"(np.float64(1.5), 170, 210, 30, 5)",houghCircle,0.652083333,42551386.74,33241126.5
"(np.float64(1.5), 200, 160, 30, 5)",houghCircle,0.652083333,43694032.19,33836463
"(np.float64(1.5), 210, 160, 30, 5)",houghCircle,0.652083333,43231351.32,34714972
"(np.float64(1.5), 220, 150, 30, 5)",houghCircle,0.652083333,42560769.79,34376782.5
"(np.float64(1.5), 280, 100, 40, 5)",houghCircle,0.652083333,50046838.34,38051962.5
"(np.float64(1.5), 280, 110, 40, 10)",houghCircle,0.652083333,43408044.45,35273960.5
"(np.float64(1.5), 290, 100, 30, 10)",houghCircle,0.652083333,53260260.42,43271639.5
"(np.float64(1.5), 290, 130, 35, 5)",houghCircle,0.652083333,44518560.63,35768848.5
"(np.float64(1.5), 290, 290, 35, 5)",houghCircle,0.652083333,42410705.32,31410622
"(np.float64(1.0), 100, 200, 30, 5)",houghCircle,0.65,43698109.75,33117035
"(np.float64(1.0), 110, 200, 30, 5)",houghCircle,0.65,43253624.78,33412864
"(np.float64(1.0), 120, 200, 30, 5)",houghCircle,0.65,44229925.79,32220326.5
"(np.float64(1.0), 130, 200, 30, 5)",houghCircle,0.65,41494818.08,31996873
"(np.float64(1.0), 140, 110, 30, 10)",houghCircle,0.65,43227254.66,35516500.5
"(np.float64(1.0), 140, 200, 30, 5)",houghCircle,0.65,39512704.55,32325990
"(np.float64(1.0), 150, 110, 30, 10)",houghCircle,0.65,44410182.68,36998712
"(np.float64(1.0), 150, 200, 30, 5)",houghCircle,0.65,41128007.39,31955444.5
"(np.float64(1.0), 160, 210, 30, 5)",houghCircle,0.65,41679117.64,32453860.5
"(np.float64(1.0), 170, 180, 30, 5)",houghCircle,0.65,45312442.61,34187407.5
"(np.float64(1.0), 190, 100, 30, 10)",houghCircle,0.65,44786787.19,37702059.5
"(np.float64(1.0), 240, 140, 30, 5)",houghCircle,0.65,45876140.37,34902574
"(np.float64(1.0), 250, 110, 40, 10)",houghCircle,0.65,58358510.35,47451160.5
"(np.float64(1.0), 260, 110, 40, 10)",houghCircle,0.65,54463979.08,44610220
"(np.float64(1.0), 270, 110, 40, 10)",houghCircle,0.65,42193327.46,35049319.5
"(np.float64(1.0), 290, 150, 35, 5)",houghCircle,0.65,41661869.41,32375237.5
"(np.float64(1.0), 290, 160, 35, 5)",houghCircle,0.65,43094083.8,33858443.5
"(np.float64(1.0), 290, 180, 35, 5)",houghCircle,0.65,44020141.43,33290975.5
"(np.float64(1.0), 290, 290, 30, 5)",houghCircle,0.65,49996170.13,38241308
"(np.float64(1.5), 100, 200, 30, 5)",houghCircle,0.65,41483655.94,32025310.5
"(np.float64(1.5), 110, 200, 30, 5)",houghCircle,0.65,41257624.94,31580932
"(np.float64(1.5), 120, 200, 30, 5)",houghCircle,0.65,42880344.91,32442663.5
"(np.float64(1.5), 130, 200, 30, 5)",houghCircle,0.65,38748416.35,31649435.5
"(np.float64(1.5), 140, 110, 30, 10)",houghCircle,0.65,41881232.65,34692810
"(np.float64(1.5), 140, 200, 30, 5)",houghCircle,0.65,39259158.23,31761606
"(np.float64(1.5), 150, 110, 30, 10)",houghCircle,0.65,45325782.28,35699303.5
"(np.float64(1.5), 150, 200, 30, 5)",houghCircle,0.65,42799170.21,32610454
"(np.float64(1.5), 160, 210, 30, 5)",houghCircle,0.65,47322883.98,36528469
"(np.float64(1.5), 170, 180, 30, 5)",houghCircle,0.65,42583466.9,33349209.5
"(np.float64(1.5), 190, 100, 30, 10)",houghCircle,0.65,54824436.51,44856818.5
"(np.float64(1.5), 240, 140, 30, 5)",houghCircle,0.65,47459100.31,38640151
"(np.float64(1.5), 250, 110, 40, 10)",houghCircle,0.65,46465177.94,35556681
"(np.float64(1.5), 260, 110, 40, 10)",houghCircle,0.65,48852121.27,37081838
"(np.float64(1.5), 270, 110, 40, 10)",houghCircle,0.65,46038382.09,35841075
"(np.float64(1.5), 290, 150, 35, 5)",houghCircle,0.65,43600735.96,34103465
"(np.float64(1.5), 290, 160, 35, 5)",houghCircle,0.65,42933186.8,33257086
"(np.float64(1.5), 290, 180, 35, 5)",houghCircle,0.65,44029837.79,33346709.5
"(np.float64(1.5), 290, 290, 30, 5)",houghCircle,0.65,41660734.44,32206130.5
"(np.float64(1.0), 100, 110, 30, 10)",houghCircle,0.647916667,44669534.13,34499096.5
"(np.float64(1.0), 100, 190, 30, 5)",houghCircle,0.647916667,55631868.69,44938371
"(np.float64(1.0), 100, 210, 30, 5)",houghCircle,0.647916667,46354180,34988835
"(np.float64(1.0), 110, 110, 30, 10)",houghCircle,0.647916667,46997404.07,36335470.5
"(np.float64(1.0), 110, 190, 30, 5)",houghCircle,0.647916667,41337989.43,31504935
"(np.float64(1.0), 110, 210, 30, 5)",houghCircle,0.647916667,42168449.42,32459260
"(np.float64(1.0), 120, 110, 30, 10)",houghCircle,0.647916667,45745331.83,35373778
"(np.float64(1.0), 120, 190, 30, 5)",houghCircle,0.647916667,43524722.14,32696926.5
"(np.float64(1.0), 120, 210, 30, 5)",houghCircle,0.647916667,40123058.18,31427029
"(np.float64(1.0), 130, 110, 30, 10)",houghCircle,0.647916667,45991230.35,36622625.5
"(np.float64(1.0), 130, 190, 30, 5)",houghCircle,0.647916667,42141594.67,31951478
"(np.float64(1.0), 130, 210, 30, 5)",houghCircle,0.647916667,43000852.4,32585977
"(np.float64(1.0), 140, 190, 30, 5)",houghCircle,0.647916667,42999123.16,32250658.5
"(np.float64(1.0), 140, 210, 30, 5)",houghCircle,0.647916667,43982015.8,33262631.5
"(np.float64(1.0), 150, 190, 30, 5)",houghCircle,0.647916667,42320402.57,32824555.5
"(np.float64(1.0), 150, 210, 30, 5)",houghCircle,0.647916667,41573223.54,32317629.5
"(np.float64(1.0), 170, 170, 30, 5)",houghCircle,0.647916667,44225354.7,33741655.5
"(np.float64(1.0), 180, 100, 30, 10)",houghCircle,0.647916667,45868035.09,37044090.5
"(np.float64(1.0), 240, 110, 40, 10)",houghCircle,0.647916667,55504322.02,45130392.5
"(np.float64(1.0), 250, 100, 40, 5)",houghCircle,0.647916667,47279349.09,36436241
"(np.float64(1.0), 260, 100, 40, 5)",houghCircle,0.647916667,48893173.4,38805005
"(np.float64(1.0), 270, 100, 40, 5)",houghCircle,0.647916667,47639434.35,37386334
"(np.float64(1.0), 280, 120, 40, 10)",houghCircle,0.647916667,47349893.24,35388263.5
"(np.float64(1.0), 290, 140, 35, 5)",houghCircle,0.647916667,43253884.88,34586846.5
"(np.float64(1.0), 290, 170, 35, 5)",houghCircle,0.647916667,44525805.52,34711535
"(np.float64(1.5), 100, 110, 30, 10)",houghCircle,0.647916667,46459073.27,36035950.5
"(np.float64(1.5), 100, 190, 30, 5)",houghCircle,0.647916667,44541663.54,33110571.5
"(np.float64(1.5), 100, 210, 30, 5)",houghCircle,0.647916667,43854135.2,31576223.5
"(np.float64(1.5), 110, 110, 30, 10)",houghCircle,0.647916667,43533597.37,36218167
"(np.float64(1.5), 110, 190, 30, 5)",houghCircle,0.647916667,51722159.81,39436304
"(np.float64(1.5), 110, 210, 30, 5)",houghCircle,0.647916667,43584403.79,32567268.5
"(np.float64(1.5), 120, 110, 30, 10)",houghCircle,0.647916667,45044053.77,37157540
"(np.float64(1.5), 120, 190, 30, 5)",houghCircle,0.647916667,43624846.22,32653945.5
"(np.float64(1.5), 120, 210, 30, 5)",houghCircle,0.647916667,41411512.65,32291606
"(np.float64(1.5), 130, 110, 30, 10)",houghCircle,0.647916667,44774562.31,36044126
"(np.float64(1.5), 130, 190, 30, 5)",houghCircle,0.647916667,40780934.39,32662351
"(np.float64(1.5), 130, 210, 30, 5)",houghCircle,0.647916667,42586962.2,33036528
"(np.float64(1.5), 140, 190, 30, 5)",houghCircle,0.647916667,44123030.43,33951674
"(np.float64(1.5), 140, 210, 30, 5)",houghCircle,0.647916667,43404857.55,33225101
"(np.float64(1.5), 150, 190, 30, 5)",houghCircle,0.647916667,53039857.55,41777039.5
"(np.float64(1.5), 150, 210, 30, 5)",houghCircle,0.647916667,41394343.22,32716236.5
"(np.float64(1.5), 170, 170, 30, 5)",houghCircle,0.647916667,42551924.66,32575672.5
"(np.float64(1.5), 180, 100, 30, 10)",houghCircle,0.647916667,45992779.68,36717664
"(np.float64(1.5), 240, 110, 40, 10)",houghCircle,0.647916667,44212788.98,35606449
"(np.float64(1.5), 250, 100, 40, 5)",houghCircle,0.647916667,44624964.58,37111527.5
"(np.float64(1.5), 260, 100, 40, 5)",houghCircle,0.647916667,46920413.9,37088805
"(np.float64(1.5), 270, 100, 40, 5)",houghCircle,0.647916667,46458364.04,36723124.5
"(np.float64(1.5), 280, 120, 40, 10)",houghCircle,0.647916667,45591551.11,34646233
"(np.float64(1.5), 290, 140, 35, 5)",houghCircle,0.647916667,44160034,33800406.5
"(np.float64(1.5), 290, 170, 35, 5)",houghCircle,0.647916667,44964708.3,34853777
"(np.float64(1.0), 160, 180, 30, 5)",houghCircle,0.645833333,45689634.79,34005932
"(np.float64(1.0), 230, 110, 40, 10)",houghCircle,0.645833333,44325806.64,35276565.5
"(np.float64(1.0), 240, 100, 40, 5)",houghCircle,0.645833333,46950274.22,38608205.5
"(np.float64(1.0), 250, 120, 40, 10)",houghCircle,0.645833333,57775509.34,45919528
"(np.float64(1.0), 250, 130, 30, 5)",houghCircle,0.645833333,45550797.37,36138678
"(np.float64(1.0), 260, 120, 40, 10)",houghCircle,0.645833333,43366274.79,34085926.5
"(np.float64(1.0), 270, 120, 30, 5)",houghCircle,0.645833333,45074031.29,35497855.5
"(np.float64(1.0), 270, 120, 40, 10)",houghCircle,0.645833333,42780766.71,34018720.5
"(np.float64(1.0), 290, 280, 30, 5)",houghCircle,0.645833333,41235474.34,31853728.5
"(np.float64(1.5), 160, 180, 30, 5)",houghCircle,0.645833333,43508160.07,33277204.5
"(np.float64(1.5), 230, 110, 40, 10)",houghCircle,0.645833333,44787427.4,34637566.5
"(np.float64(1.5), 240, 100, 40, 5)",houghCircle,0.645833333,45100618.83,36613494
"(np.float64(1.5), 250, 120, 40, 10)",houghCircle,0.645833333,43533410.62,35181867
"(np.float64(1.5), 250, 130, 30, 5)",houghCircle,0.645833333,52282944.11,42694020.5
"(np.float64(1.5), 260, 120, 40, 10)",houghCircle,0.645833333,43735172.05,35647581.5
"(np.float64(1.5), 270, 120, 30, 5)",houghCircle,0.645833333,53631138.34,44098370.5
"(np.float64(1.5), 270, 120, 40, 10)",houghCircle,0.645833333,44445294.21,36110816
"(np.float64(1.5), 290, 280, 30, 5)",houghCircle,0.645833333,44756201.21,31733057.5
"(np.float64(1.0), 150, 180, 30, 5)",houghCircle,0.64375,44889382.75,32804127.5
"(np.float64(1.0), 160, 170, 30, 5)",houghCircle,0.64375,40850104.92,32463693.5
"(np.float64(1.0), 190, 160, 30, 5)",houghCircle,0.64375,44230238.03,32932824
"(np.float64(1.0), 200, 150, 30, 5)",houghCircle,0.64375,45998380.5,34403277.5
"(np.float64(1.0), 210, 150, 30, 5)",houghCircle,0.64375,41839765.54,33164959
"(np.float64(1.0), 240, 120, 40, 10)",houghCircle,0.64375,43772497.34,34360782
"(np.float64(1.0), 280, 140, 40, 10)",houghCircle,0.64375,45217792.83,35342558.5
"(np.float64(1.0), 290, 280, 35, 5)",houghCircle,0.64375,41114625.5,31293137
"(np.float64(1.5), 150, 180, 30, 5)",houghCircle,0.64375,44381459.88,34418140
"(np.float64(1.5), 160, 170, 30, 5)",houghCircle,0.64375,43846454.05,33997491
"(np.float64(1.5), 190, 160, 30, 5)",houghCircle,0.64375,41448853.18,32930960
"(np.float64(1.5), 200, 150, 30, 5)",houghCircle,0.64375,40998891.14,33283391.5
"(np.float64(1.5), 210, 150, 30, 5)",houghCircle,0.64375,47256522.72,35186005
"(np.float64(1.5), 240, 120, 40, 10)",houghCircle,0.64375,42907980.29,35493323
"(np.float64(1.5), 280, 140, 40, 10)",houghCircle,0.64375,44649681.49,33573153
"(np.float64(1.5), 290, 280, 35, 5)",houghCircle,0.64375,43096957.41,32016139.5
"(np.float64(1.0), 130, 180, 30, 5)",houghCircle,0.641666667,40573702.64,33126692.5
"(np.float64(1.0), 140, 180, 30, 5)",houghCircle,0.641666667,42466689.82,33373254.5
"(np.float64(1.0), 160, 100, 30, 10)",houghCircle,0.641666667,46071265.38,37293048
"(np.float64(1.0), 170, 100, 30, 10)",houghCircle,0.641666667,48187165.39,37497482.5
"(np.float64(1.0), 200, 110, 40, 10)",houghCircle,0.641666667,55254237.04,46168313.5
"(np.float64(1.0), 210, 110, 40, 10)",houghCircle,0.641666667,42809940.63,35687582
"(np.float64(1.0), 220, 110, 40, 10)",houghCircle,0.641666667,45347306.99,35631466.5
"(np.float64(1.0), 230, 120, 40, 10)",houghCircle,0.641666667,43764416.88,36450102.5
"(np.float64(1.0), 230, 140, 30, 5)",houghCircle,0.641666667,40889021.44,32917544
"(np.float64(1.0), 240, 130, 30, 5)",houghCircle,0.641666667,44849943.13,34794797
"(np.float64(1.0), 240, 140, 40, 10)",houghCircle,0.641666667,44010505.92,34214673.5
"(np.float64(1.0), 250, 140, 40, 10)",houghCircle,0.641666667,42606150.39,33575996
"(np.float64(1.0), 260, 120, 30, 5)",houghCircle,0.641666667,43776904.81,34766839
"(np.float64(1.0), 260, 140, 40, 10)",houghCircle,0.641666667,45928558.07,34776111
"(np.float64(1.0), 270, 140, 40, 10)",houghCircle,0.641666667,44916731.76,33595948.5
"(np.float64(1.0), 280, 130, 40, 10)",houghCircle,0.641666667,47218524.07,35695561
"(np.float64(1.0), 280, 160, 40, 10)",houghCircle,0.641666667,46156283.2,34247324.5
"(np.float64(1.0), 280, 180, 40, 10)",houghCircle,0.641666667,42837909.03,31757824
"(np.float64(1.0), 280, 240, 40, 10)",houghCircle,0.641666667,42589718.69,32616901
"(np.float64(1.0), 280, 250, 40, 10)",houghCircle,0.641666667,42544949.32,31806620
"(np.float64(1.0), 280, 280, 40, 10)",houghCircle,0.641666667,41875744.51,31000128
"(np.float64(1.0), 280, 290, 40, 10)",houghCircle,0.641666667,44088844.28,31456037.5
"(np.float64(1.0), 290, 190, 35, 5)",houghCircle,0.641666667,42115623.35,32733479.5
"(np.float64(1.0), 290, 240, 35, 5)",houghCircle,0.641666667,41449166.71,32142861.5
"(np.float64(1.0), 290, 250, 35, 5)",houghCircle,0.641666667,51088784.48,39489504.5
"(np.float64(1.0), 290, 260, 35, 5)",houghCircle,0.641666667,41776707.2,32436197
"(np.float64(1.0), 290, 270, 30, 5)",houghCircle,0.641666667,50953846.42,39452980
"(np.float64(1.0), 290, 270, 35, 5)",houghCircle,0.641666667,41114036.87,31517918.5
"(np.float64(1.5), 130, 180, 30, 5)",houghCircle,0.641666667,43284627.72,33959243.5
"(np.float64(1.5), 140, 180, 30, 5)",houghCircle,0.641666667,42987533.1,33514003.5
"(np.float64(1.5), 160, 100, 30, 10)",houghCircle,0.641666667,49294501.41,38574116.5
"(np.float64(1.5), 170, 100, 30, 10)",houghCircle,0.641666667,47830772.03,37668378
"(np.float64(1.5), 200, 110, 40, 10)",houghCircle,0.641666667,44958347.81,35374379.5
"(np.float64(1.5), 210, 110, 40, 10)",houghCircle,0.641666667,53168523.71,44608878.5
"(np.float64(1.5), 220, 110, 40, 10)",houghCircle,0.641666667,44911081.76,35730973
"(np.float64(1.5), 230, 120, 40, 10)",houghCircle,0.641666667,45285310.06,34811152.5
"(np.float64(1.5), 230, 140, 30, 5)",houghCircle,0.641666667,44419355.32,35184017.5
"(np.float64(1.5), 240, 130, 30, 5)",houghCircle,0.641666667,52734899.93,42083124.5
"(np.float64(1.5), 240, 140, 40, 10)",houghCircle,0.641666667,41653689.92,33654372.5
"(np.float64(1.5), 250, 140, 40, 10)",houghCircle,0.641666667,42549507.15,34198773.5
"(np.float64(1.5), 260, 120, 30, 5)",houghCircle,0.641666667,45445051.9,36057219.5
"(np.float64(1.5), 260, 140, 40, 10)",houghCircle,0.641666667,41879293.59,33373665.5
"(np.float64(1.5), 270, 140, 40, 10)",houghCircle,0.641666667,43783265.04,33822739
"(np.float64(1.5), 280, 130, 40, 10)",houghCircle,0.641666667,43360456.81,35342373
"(np.float64(1.5), 280, 160, 40, 10)",houghCircle,0.641666667,44337274.96,33631879.5
"(np.float64(1.5), 280, 180, 40, 10)",houghCircle,0.641666667,42402392.02,31456615
"(np.float64(1.5), 280, 240, 40, 10)",houghCircle,0.641666667,51676782.06,38361718.5
"(np.float64(1.5), 280, 250, 40, 10)",houghCircle,0.641666667,41334535.07,31614170
"(np.float64(1.5), 280, 280, 40, 10)",houghCircle,0.641666667,42197550.26,32101499.5
"(np.float64(1.5), 280, 290, 40, 10)",houghCircle,0.641666667,39133487.9,30034741.5
"(np.float64(1.5), 290, 190, 35, 5)",houghCircle,0.641666667,42581978.3,33381895.5
"(np.float64(1.5), 290, 240, 35, 5)",houghCircle,0.641666667,40905373.16,31701619
"(np.float64(1.5), 290, 250, 35, 5)",houghCircle,0.641666667,43940626.16,32824515.5
"(np.float64(1.5), 290, 260, 35, 5)",houghCircle,0.641666667,43876386.2,32328520
"(np.float64(1.5), 290, 270, 30, 5)",houghCircle,0.641666667,40517330.84,30382123.5
"(np.float64(1.5), 290, 270, 35, 5)",houghCircle,0.641666667,39376901.25,31373908
"(np.float64(1.0), 100, 180, 30, 5)",houghCircle,0.639583333,45941239.53,34950168.5
"(np.float64(1.0), 110, 180, 30, 5)",houghCircle,0.639583333,46938496.2,34700550
"(np.float64(1.0), 120, 180, 30, 5)",houghCircle,0.639583333,42651726.9,31879172
"(np.float64(1.0), 150, 170, 30, 5)",houghCircle,0.639583333,39879634.66,32060537
"(np.float64(1.0), 180, 160, 30, 5)",houghCircle,0.639583333,41898135.54,33624170.5
"(np.float64(1.0), 200, 120, 40, 10)",houghCircle,0.639583333,46605660.73,36483079
"(np.float64(1.0), 210, 120, 40, 10)",houghCircle,0.639583333,57532059.7,45980387
"(np.float64(1.0), 220, 120, 40, 10)",houghCircle,0.639583333,44660314.33,35225560
"(np.float64(1.0), 230, 140, 40, 10)",houghCircle,0.639583333,42829202.92,33285845.5
"(np.float64(1.0), 240, 160, 40, 10)",houghCircle,0.639583333,54675016.3,42345880
"(np.float64(1.0), 240, 180, 40, 10)",houghCircle,0.639583333,42630831.22,32907787.5
"(np.float64(1.0), 240, 240, 40, 10)",houghCircle,0.639583333,42319049.66,31735056.5
"(np.float64(1.0), 240, 250, 40, 10)",houghCircle,0.639583333,41624462.92,32649101.5
"(np.float64(1.0), 240, 280, 40, 10)",houghCircle,0.639583333,43261215.64,31807923
"(np.float64(1.0), 240, 290, 40, 10)",houghCircle,0.639583333,50309450.83,40448222.5
"(np.float64(1.0), 250, 130, 40, 10)",houghCircle,0.639583333,47592492.37,34959416
"(np.float64(1.0), 250, 160, 40, 10)",houghCircle,0.639583333,42373583.58,32700953.5
"(np.float64(1.0), 250, 180, 40, 10)",houghCircle,0.639583333,42594762.93,31901539
"(np.float64(1.0), 250, 240, 40, 10)",houghCircle,0.639583333,41729389.48,31837217.5
"(np.float64(1.0), 250, 250, 40, 10)",houghCircle,0.639583333,41675929.6,31629733.5
"(np.float64(1.0), 250, 280, 40, 10)",houghCircle,0.639583333,40163919.71,30711806.5
"(np.float64(1.0), 250, 290, 40, 10)",houghCircle,0.639583333,41724178.55,31809597.5
"(np.float64(1.0), 260, 130, 40, 10)",houghCircle,0.639583333,45206139.48,35011533
"(np.float64(1.0), 260, 160, 40, 10)",houghCircle,0.639583333,45213655.74,33750978
"(np.float64(1.0), 260, 180, 40, 10)",houghCircle,0.639583333,52889936,42007869
"(np.float64(1.0), 260, 240, 40, 10)",houghCircle,0.639583333,40060945.42,30560954
"(np.float64(1.0), 260, 250, 40, 10)",houghCircle,0.639583333,42281497.24,31404821.5
"(np.float64(1.0), 260, 280, 40, 10)",houghCircle,0.639583333,40605815.29,31317879
"(np.float64(1.0), 260, 290, 40, 10)",houghCircle,0.639583333,41525531.58,30654203.5
"(np.float64(1.0), 270, 130, 40, 10)",houghCircle,0.639583333,43178146.59,34197391
"(np.float64(1.0), 270, 160, 40, 10)",houghCircle,0.639583333,57369927.4,42721497.5
"(np.float64(1.0), 270, 180, 40, 10)",houghCircle,0.639583333,39991695.56,32322148
"(np.float64(1.0), 270, 240, 40, 10)",houghCircle,0.639583333,53313796.15,40642000.5
"(np.float64(1.0), 270, 250, 40, 10)",houghCircle,0.639583333,41798245.28,30812985.5
"(np.float64(1.0), 270, 280, 40, 10)",houghCircle,0.639583333,38088363.49,30411238
"(np.float64(1.0), 270, 290, 40, 10)",houghCircle,0.639583333,42210278.76,31434137
"(np.float64(1.0), 280, 150, 40, 10)",houghCircle,0.639583333,44422634.9,33970380.5
"(np.float64(1.0), 280, 170, 40, 10)",houghCircle,0.639583333,41139119.05,32229730
"(np.float64(1.0), 280, 260, 40, 10)",houghCircle,0.639583333,43314424.16,31690303
"(np.float64(1.0), 280, 270, 40, 10)",houghCircle,0.639583333,40403710.06,30881982
"(np.float64(1.0), 290, 200, 35, 5)",houghCircle,0.639583333,40779488.14,32181033
"(np.float64(1.0), 290, 210, 35, 5)",houghCircle,0.639583333,42736213.11,31704169
"(np.float64(1.5), 100, 180, 30, 5)",houghCircle,0.639583333,43609788.12,34143298
"(np.float64(1.5), 110, 180, 30, 5)",houghCircle,0.639583333,41620867.35,33487885
"(np.float64(1.5), 120, 180, 30, 5)",houghCircle,0.639583333,45143594.55,34004454.5
"(np.float64(1.5), 150, 170, 30, 5)",houghCircle,0.639583333,40802646.55,32987887.5
"(np.float64(1.5), 180, 160, 30, 5)",houghCircle,0.639583333,43457992.68,33956705.5
"(np.float64(1.5), 200, 120, 40, 10)",houghCircle,0.639583333,52622203.69,42630698
"(np.float64(1.5), 210, 120, 40, 10)",houghCircle,0.639583333,44446804.37,34632897.5
"(np.float64(1.5), 220, 120, 40, 10)",houghCircle,0.639583333,45570969.73,35233454.5
"(np.float64(1.5), 230, 140, 40, 10)",houghCircle,0.639583333,41628211.37,33636542.5
"(np.float64(1.5), 240, 160, 40, 10)",houghCircle,0.639583333,41923928.16,32072147.5
"(np.float64(1.5), 240, 180, 40, 10)",houghCircle,0.639583333,41427312.03,31685875
"(np.float64(1.5), 240, 240, 40, 10)",houghCircle,0.639583333,39257589.62,30380951
"(np.float64(1.5), 240, 250, 40, 10)",houghCircle,0.639583333,43607527.52,31094755.5
"(np.float64(1.5), 240, 280, 40, 10)",houghCircle,0.639583333,44209046.43,31710495.5
"(np.float64(1.5), 240, 290, 40, 10)",houghCircle,0.639583333,43635562.27,31203179.5
"(np.float64(1.5), 250, 130, 40, 10)",houghCircle,0.639583333,44079949.11,33667269
"(np.float64(1.5), 250, 160, 40, 10)",houghCircle,0.639583333,41118072.35,32246480
"(np.float64(1.5), 250, 180, 40, 10)",houghCircle,0.639583333,41302768.46,32319543
"(np.float64(1.5), 250, 240, 40, 10)",houghCircle,0.639583333,42460955.68,31532742
"(np.float64(1.5), 250, 250, 40, 10)",houghCircle,0.639583333,43708153.87,32154326
"(np.float64(1.5), 250, 280, 40, 10)",houghCircle,0.639583333,42668328.63,30547889.5
"(np.float64(1.5), 250, 290, 40, 10)",houghCircle,0.639583333,41608110.83,31174625
"(np.float64(1.5), 260, 130, 40, 10)",houghCircle,0.639583333,43391810.69,35070363.5
"(np.float64(1.5), 260, 160, 40, 10)",houghCircle,0.639583333,45279237.39,33693490.5
"(np.float64(1.5), 260, 180, 40, 10)",houghCircle,0.639583333,41930786.36,31710230.5
"(np.float64(1.5), 260, 240, 40, 10)",houghCircle,0.639583333,41348488.38,31223056
"(np.float64(1.5), 260, 250, 40, 10)",houghCircle,0.639583333,41142595.69,31532412
"(np.float64(1.5), 260, 280, 40, 10)",houghCircle,0.639583333,40317983.66,31005753.5
"(np.float64(1.5), 260, 290, 40, 10)",houghCircle,0.639583333,43552744.96,31088725
"(np.float64(1.5), 270, 130, 40, 10)",houghCircle,0.639583333,43327458.46,34188063.5
"(np.float64(1.5), 270, 160, 40, 10)",houghCircle,0.639583333,42077933.6,32638476
"(np.float64(1.5), 270, 180, 40, 10)",houghCircle,0.639583333,41978452.54,32592940.5
"(np.float64(1.5), 270, 240, 40, 10)",houghCircle,0.639583333,42596991.99,32292402.5
"(np.float64(1.5), 270, 250, 40, 10)",houghCircle,0.639583333,40166848.93,30360533.5
"(np.float64(1.5), 270, 280, 40, 10)",houghCircle,0.639583333,37413157.13,30441459.5
"(np.float64(1.5), 270, 290, 40, 10)",houghCircle,0.639583333,40681838.23,30804250.5
"(np.float64(1.5), 280, 150, 40, 10)",houghCircle,0.639583333,43968061.55,33639488.5
"(np.float64(1.5), 280, 170, 40, 10)",houghCircle,0.639583333,42658973.91,33280060.5
"(np.float64(1.5), 280, 260, 40, 10)",houghCircle,0.639583333,40886900.97,30796200.5
"(np.float64(1.5), 280, 270, 40, 10)",houghCircle,0.639583333,41943984.14,31389952.5
"(np.float64(1.5), 290, 200, 35, 5)",houghCircle,0.639583333,42687827.43,33573215
"(np.float64(1.5), 290, 210, 35, 5)",houghCircle,0.639583333,40804988.02,32411650.5
"(np.float64(1.0), 100, 170, 30, 5)",houghCircle,0.6375,45443168.8,36180906.5
"(np.float64(1.0), 110, 170, 30, 5)",houghCircle,0.6375,42484816.94,33323471
"(np.float64(1.0), 120, 170, 30, 5)",houghCircle,0.6375,44979061.01,33172643
"(np.float64(1.0), 130, 170, 30, 5)",houghCircle,0.6375,45213965.75,34136582
"(np.float64(1.0), 140, 100, 30, 10)",houghCircle,0.6375,47419419.84,38064558
"(np.float64(1.0), 140, 170, 30, 5)",houghCircle,0.6375,43850675.2,34551319.5
"(np.float64(1.0), 150, 100, 30, 10)",houghCircle,0.6375,44940824.95,37150982.5
"(np.float64(1.0), 190, 150, 30, 5)",houghCircle,0.6375,42448314.69,32864620.5
"(np.float64(1.0), 210, 140, 40, 10)",houghCircle,0.6375,43271547.18,34153008.5
"(np.float64(1.0), 210, 240, 40, 10)",houghCircle,0.6375,41511105.25,30987249
"(np.float64(1.0), 210, 250, 40, 10)",houghCircle,0.6375,41805753.86,31921256.5
"(np.float64(1.0), 210, 280, 40, 10)",houghCircle,0.6375,43489035.24,31684130.5
"(np.float64(1.0), 210, 290, 40, 10)",houghCircle,0.6375,42951075.83,31550159
"(np.float64(1.0), 220, 100, 40, 5)",houghCircle,0.6375,44969335.89,36729381.5
"(np.float64(1.0), 220, 140, 40, 10)",houghCircle,0.6375,41237856.1,33801629
"(np.float64(1.0), 220, 240, 40, 10)",houghCircle,0.6375,40252221.34,30537751
"(np.float64(1.0), 220, 250, 40, 10)",houghCircle,0.6375,42293080.65,31648464
"(np.float64(1.0), 220, 280, 40, 10)",houghCircle,0.6375,39184015.54,30335987
"(np.float64(1.0), 220, 290, 40, 10)",houghCircle,0.6375,39086339.24,30224843
"(np.float64(1.0), 230, 100, 40, 5)",houghCircle,0.6375,46969261.3,37110290.5
"(np.float64(1.0), 230, 160, 40, 10)",houghCircle,0.6375,42823056.23,32414661
"(np.float64(1.0), 230, 180, 40, 10)",houghCircle,0.6375,42692657,32791002.5
"(np.float64(1.0), 230, 240, 40, 10)",houghCircle,0.6375,43353702.88,31942686.5
"(np.float64(1.0), 230, 250, 40, 10)",houghCircle,0.6375,50883099.91,40769852.5
"(np.float64(1.0), 230, 280, 40, 10)",houghCircle,0.6375,40247250.91,31347404.5
"(np.float64(1.0), 230, 290, 40, 10)",houghCircle,0.6375,44104322.51,31318339.5
"(np.float64(1.0), 240, 130, 40, 10)",houghCircle,0.6375,41535415.97,34160456.5
"(np.float64(1.0), 240, 150, 40, 10)",houghCircle,0.6375,57346770.58,43892404
"(np.float64(1.0), 240, 170, 40, 10)",houghCircle,0.6375,43760846.81,33963777.5
"(np.float64(1.0), 240, 260, 40, 10)",houghCircle,0.6375,42904033.75,31318350
"(np.float64(1.0), 240, 270, 40, 10)",houghCircle,0.6375,40743881.45,31545737
"(np.float64(1.0), 250, 150, 40, 10)",houghCircle,0.6375,43371049.73,33252278.5
"(np.float64(1.0), 250, 170, 40, 10)",houghCircle,0.6375,43935987.77,33319779
"(np.float64(1.0), 250, 260, 40, 10)",houghCircle,0.6375,53044115.79,40707504.5
"(np.float64(1.0), 250, 270, 40, 10)",houghCircle,0.6375,39854115.11,31135026
"(np.float64(1.0), 260, 150, 40, 10)",houghCircle,0.6375,43396009.8,34003917.5
"(np.float64(1.0), 260, 170, 40, 10)",houghCircle,0.6375,52946152.97,42595060.5
"(np.float64(1.0), 260, 260, 40, 10)",houghCircle,0.6375,41908087.89,32008664
"(np.float64(1.0), 260, 270, 40, 10)",houghCircle,0.6375,40454403.61,30607361.5
"(np.float64(1.0), 270, 150, 40, 10)",houghCircle,0.6375,55221487.21,42918436.5
"(np.float64(1.0), 270, 170, 40, 10)",houghCircle,0.6375,51763966.72,42763087
"(np.float64(1.0), 270, 260, 40, 10)",houghCircle,0.6375,56597175.79,40443348
"(np.float64(1.0), 270, 270, 40, 10)",houghCircle,0.6375,42982466.16,32284055.5
"(np.float64(1.0), 290, 100, 40, 10)",houghCircle,0.6375,43688684.11,36533093.5
"(np.float64(1.0), 290, 190, 30, 5)",houghCircle,0.6375,45324722.32,33784626.5
"(np.float64(1.0), 290, 230, 35, 5)",houghCircle,0.6375,40572114.66,31398776
"(np.float64(1.5), 100, 170, 30, 5)",houghCircle,0.6375,42429919.56,33134427
"(np.float64(1.5), 110, 170, 30, 5)",houghCircle,0.6375,43785699.1,33621299.5
"(np.float64(1.5), 120, 170, 30, 5)",houghCircle,0.6375,45944271.4,34419457.5
"(np.float64(1.5), 130, 170, 30, 5)",houghCircle,0.6375,44956752.47,33612224.5
"(np.float64(1.5), 140, 100, 30, 10)",houghCircle,0.6375,52666848.55,43115069
"(np.float64(1.5), 140, 170, 30, 5)",houghCircle,0.6375,43335729.63,33584195.5
"(np.float64(1.5), 150, 100, 30, 10)",houghCircle,0.6375,46067420.74,37383633.5
"(np.float64(1.5), 190, 150, 30, 5)",houghCircle,0.6375,43117564.31,34327474
"(np.float64(1.5), 210, 140, 40, 10)",houghCircle,0.6375,52321934.74,42612648
"(np.float64(1.5), 210, 240, 40, 10)",houghCircle,0.6375,40631393.64,31296152
"(np.float64(1.5), 210, 250, 40, 10)",houghCircle,0.6375,43928961.05,31459334
"(np.float64(1.5), 210, 280, 40, 10)",houghCircle,0.6375,42843713.42,31623527.5
"(np.float64(1.5), 210, 290, 40, 10)",houghCircle,0.6375,41566268.1,30282000.5
"(np.float64(1.5), 220, 100, 40, 5)",houghCircle,0.6375,45168755.93,36995981.5
"(np.float64(1.5), 220, 140, 40, 10)",houghCircle,0.6375,44121685.47,35050691
"(np.float64(1.5), 220, 240, 40, 10)",houghCircle,0.6375,51356163.11,39242571
"(np.float64(1.5), 220, 250, 40, 10)",houghCircle,0.6375,49890463.8,37827065
"(np.float64(1.5), 220, 280, 40, 10)",houghCircle,0.6375,42608577.75,32098825
"(np.float64(1.5), 220, 290, 40, 10)",houghCircle,0.6375,40752192.49,31183181
"(np.float64(1.5), 230, 100, 40, 5)",houghCircle,0.6375,48370914.97,37903723.5
"(np.float64(1.5), 230, 160, 40, 10)",houghCircle,0.6375,42183295.03,32258524
"(np.float64(1.5), 230, 180, 40, 10)",houghCircle,0.6375,43279223.7,33379496.5
"(np.float64(1.5), 230, 240, 40, 10)",houghCircle,0.6375,39494964.26,30321139
"(np.float64(1.5), 230, 250, 40, 10)",houghCircle,0.6375,38826039.63,31230489.5
"(np.float64(1.5), 230, 280, 40, 10)",houghCircle,0.6375,41920232.8,30708730
"(np.float64(1.5), 230, 290, 40, 10)",houghCircle,0.6375,40101333.47,30979539
"(np.float64(1.5), 240, 130, 40, 10)",houghCircle,0.6375,43800477.33,34164853.5
"(np.float64(1.5), 240, 150, 40, 10)",houghCircle,0.6375,45763360.52,34680397
"(np.float64(1.5), 240, 170, 40, 10)",houghCircle,0.6375,40910430.66,32730852
"(np.float64(1.5), 240, 260, 40, 10)",houghCircle,0.6375,39796467.84,31754999.5
"(np.float64(1.5), 240, 270, 40, 10)",houghCircle,0.6375,40089066.28,30937104
"(np.float64(1.5), 250, 150, 40, 10)",houghCircle,0.6375,42665344.25,33739982.5
"(np.float64(1.5), 250, 170, 40, 10)",houghCircle,0.6375,41567162.32,32941910
"(np.float64(1.5), 250, 260, 40, 10)",houghCircle,0.6375,41281068.92,31155544.5
"(np.float64(1.5), 250, 270, 40, 10)",houghCircle,0.6375,41842550.42,30441650
"(np.float64(1.5), 260, 150, 40, 10)",houghCircle,0.6375,45538660.11,34838614
"(np.float64(1.5), 260, 170, 40, 10)",houghCircle,0.6375,44736423.43,33319979
"(np.float64(1.5), 260, 260, 40, 10)",houghCircle,0.6375,40794137.58,31336674.5
"(np.float64(1.5), 260, 270, 40, 10)",houghCircle,0.6375,39340238.77,30575184
"(np.float64(1.5), 270, 150, 40, 10)",houghCircle,0.6375,43745842.13,33681734
"(np.float64(1.5), 270, 170, 40, 10)",houghCircle,0.6375,44947379.61,33687720.5
"(np.float64(1.5), 270, 260, 40, 10)",houghCircle,0.6375,42817154.53,31339739.5
"(np.float64(1.5), 270, 270, 40, 10)",houghCircle,0.6375,42487105.09,31631697
"(np.float64(1.5), 290, 100, 40, 10)",houghCircle,0.6375,46163657.47,36976720
"(np.float64(1.5), 290, 190, 30, 5)",houghCircle,0.6375,44547686.44,34388044
"(np.float64(1.5), 290, 230, 35, 5)",houghCircle,0.6375,39471970.12,31434277
"(np.float64(1.0), 100, 100, 30, 10)",houghCircle,0.635416667,48671654.69,37608221
"(np.float64(1.0), 110, 100, 30, 10)",houghCircle,0.635416667,46447795.44,37513412
"(np.float64(1.0), 120, 100, 30, 10)",houghCircle,0.635416667,43657440.25,35925352.5
"(np.float64(1.0), 130, 100, 30, 10)",houghCircle,0.635416667,44536115.19,36381022
"(np.float64(1.0), 180, 110, 40, 10)",houghCircle,0.635416667,56823596.23,46012090.5
"(np.float64(1.0), 180, 150, 30, 5)",houghCircle,0.635416667,44021335.06,33756279
"(np.float64(1.0), 190, 110, 40, 10)",houghCircle,0.635416667,43430869.93,35267778.5
"(np.float64(1.0), 200, 140, 40, 10)",houghCircle,0.635416667,52630402.81,43473895
"(np.float64(1.0), 200, 240, 40, 10)",houghCircle,0.635416667,40462347.29,30811679.5
"(np.float64(1.0), 200, 250, 40, 10)",houghCircle,0.635416667,41184729.42,31145575.5
"(np.float64(1.0), 200, 280, 40, 10)",houghCircle,0.635416667,54357470.86,40703461
"(np.float64(1.0), 200, 290, 40, 10)",houghCircle,0.635416667,41387346.49,30743290.5
"(np.float64(1.0), 210, 100, 40, 5)",houghCircle,0.635416667,46667716.78,38013195
"(np.float64(1.0), 210, 160, 40, 10)",houghCircle,0.635416667,42306652.75,32139996
"(np.float64(1.0), 210, 180, 40, 10)",houghCircle,0.635416667,51740694.17,41025541
"(np.float64(1.0), 210, 260, 40, 10)",houghCircle,0.635416667,38852789.36,31548462
"(np.float64(1.0), 210, 270, 40, 10)",houghCircle,0.635416667,41141916.18,30937134.5
"(np.float64(1.0), 220, 160, 40, 10)",houghCircle,0.635416667,42981930.35,32337307
"(np.float64(1.0), 220, 180, 40, 10)",houghCircle,0.635416667,52423926.03,40663711.5
"(np.float64(1.0), 220, 260, 40, 10)",houghCircle,0.635416667,41275338.59,31214009
"(np.float64(1.0), 220, 270, 40, 10)",houghCircle,0.635416667,47505724.53,39092519.5
"(np.float64(1.0), 230, 130, 40, 10)",houghCircle,0.635416667,48579459.93,34806317.5
"(np.float64(1.0), 230, 150, 40, 10)",houghCircle,0.635416667,44452006.87,34167298.5
"(np.float64(1.0), 230, 170, 40, 10)",houghCircle,0.635416667,40279135.74,32551372
"(np.float64(1.0), 230, 260, 40, 10)",houghCircle,0.635416667,50152059.24,39542865.5
"(np.float64(1.0), 230, 270, 40, 10)",houghCircle,0.635416667,43832775.73,31237198
"(np.float64(1.0), 250, 120, 30, 5)",houghCircle,0.635416667,45278228.37,35944594.5
"(np.float64(1.0), 280, 190, 40, 10)",houghCircle,0.635416667,40611265.67,31690187
"(np.float64(1.0), 280, 200, 40, 10)",houghCircle,0.635416667,41888107.72,32196587
"(np.float64(1.0), 280, 210, 40, 10)",houghCircle,0.635416667,45690945.51,33660859.5
"(np.float64(1.0), 280, 220, 40, 10)",houghCircle,0.635416667,42931191.4,32548107.5
"(np.float64(1.0), 280, 230, 40, 10)",houghCircle,0.635416667,42335160.03,31847713.5
"(np.float64(1.0), 290, 110, 40, 15)",houghCircle,0.635416667,45827949.73,35139017.5
"(np.float64(1.0), 290, 170, 30, 5)",houghCircle,0.635416667,51870504.45,41640229
"(np.float64(1.0), 290, 220, 35, 5)",houghCircle,0.635416667,43957769.11,33254791.5
"(np.float64(1.0), 290, 260, 30, 5)",houghCircle,0.635416667,42304897.72,31578438
"(np.float64(1.5), 100, 100, 30, 10)",houghCircle,0.635416667,55021606.58,44036500
"(np.float64(1.5), 110, 100, 30, 10)",houghCircle,0.635416667,46510845.95,37782757.5
"(np.float64(1.5), 120, 100, 30, 10)",houghCircle,0.635416667,44631010.1,35816994
"(np.float64(1.5), 130, 100, 30, 10)",houghCircle,0.635416667,53195238.12,43257869
"(np.float64(1.5), 180, 110, 40, 10)",houghCircle,0.635416667,45993954.65,35165421.5
"(np.float64(1.5), 180, 150, 30, 5)",houghCircle,0.635416667,44545558.85,34621181
"(np.float64(1.5), 190, 110, 40, 10)",houghCircle,0.635416667,44637705.77,35943196
"(np.float64(1.5), 200, 140, 40, 10)",houghCircle,0.635416667,44045125.77,33610229.5
"(np.float64(1.5), 200, 240, 40, 10)",houghCircle,0.635416667,53875129.92,40105810.5
"(np.float64(1.5), 200, 250, 40, 10)",houghCircle,0.635416667,41186801.7,32489036.5
"(np.float64(1.5), 200, 280, 40, 10)",houghCircle,0.635416667,41628654.75,31785535.5
"(np.float64(1.5), 200, 290, 40, 10)",houghCircle,0.635416667,41688489.69,31628516
"(np.float64(1.5), 210, 100, 40, 5)",houghCircle,0.635416667,45997959.63,37708056.5
"(np.float64(1.5), 210, 160, 40, 10)",houghCircle,0.635416667,43249207.05,33795380.5
"(np.float64(1.5), 210, 180, 40, 10)",houghCircle,0.635416667,43109193.12,32784891
"(np.float64(1.5), 210, 260, 40, 10)",houghCircle,0.635416667,41255508.54,31256493
"(np.float64(1.5), 210, 270, 40, 10)",houghCircle,0.635416667,40046742.1,30466426
"(np.float64(1.5), 220, 160, 40, 10)",houghCircle,0.635416667,42197498.87,32485899
"(np.float64(1.5), 220, 180, 40, 10)",houghCircle,0.635416667,41177331.62,33062050
"(np.float64(1.5), 220, 260, 40, 10)",houghCircle,0.635416667,42333410.87,31323498.5
"(np.float64(1.5), 220, 270, 40, 10)",houghCircle,0.635416667,43193308.33,31563510.5
"(np.float64(1.5), 230, 130, 40, 10)",houghCircle,0.635416667,45721235.59,35845528.5
"(np.float64(1.5), 230, 150, 40, 10)",houghCircle,0.635416667,43263165.64,33599294
"(np.float64(1.5), 230, 170, 40, 10)",houghCircle,0.635416667,43393396.7,33781821
"(np.float64(1.5), 230, 260, 40, 10)",houghCircle,0.635416667,40834414.85,31125393
"(np.float64(1.5), 230, 270, 40, 10)",houghCircle,0.635416667,40328145.46,31449837
"(np.float64(1.5), 250, 120, 30, 5)",houghCircle,0.635416667,44315554.32,35569033.5
"(np.float64(1.5), 280, 190, 40, 10)",houghCircle,0.635416667,43638640.1,31962629.5
"(np.float64(1.5), 280, 200, 40, 10)",houghCircle,0.635416667,41774522.59,30820321
"(np.float64(1.5), 280, 210, 40, 10)",houghCircle,0.635416667,42748544.15,31682884
"(np.float64(1.5), 280, 220, 40, 10)",houghCircle,0.635416667,51347339.4,39905840
"(np.float64(1.5), 280, 230, 40, 10)",houghCircle,0.635416667,40824364.05,31764382.5
"(np.float64(1.5), 290, 110, 40, 15)",houghCircle,0.635416667,44649361.31,33762259
"(np.float64(1.5), 290, 170, 30, 5)",houghCircle,0.635416667,40218162.11,31282061.5
"(np.float64(1.5), 290, 220, 35, 5)",houghCircle,0.635416667,41886737.4,31819064.5
"(np.float64(1.5), 290, 260, 30, 5)",houghCircle,0.635416667,40631583.89,31683034.5
"(np.float64(1.0), 170, 110, 40, 10)",houghCircle,0.633333333,44439121.45,36835981
"(np.float64(1.0), 180, 120, 40, 10)",houghCircle,0.633333333,44432680.84,34467297.5
"(np.float64(1.0), 190, 120, 40, 10)",houghCircle,0.633333333,54060798.58,44462809.5
"(np.float64(1.0), 200, 100, 40, 5)",houghCircle,0.633333333,46479586.58,38034860.5
"(np.float64(1.0), 200, 130, 40, 10)",houghCircle,0.633333333,44110034.3,35003153
"(np.float64(1.0), 200, 160, 40, 10)",houghCircle,0.633333333,45344127.79,34163206.5
"(np.float64(1.0), 200, 180, 40, 10)",houghCircle,0.633333333,53687926.91,43000982
"(np.float64(1.0), 200, 260, 40, 10)",houghCircle,0.633333333,40587069.92,31471021
"(np.float64(1.0), 200, 270, 40, 10)",houghCircle,0.633333333,50826025.22,40643449.5
"(np.float64(1.0), 210, 130, 40, 10)",houghCircle,0.633333333,43817969.76,34058846.5
"(np.float64(1.0), 210, 150, 40, 10)",houghCircle,0.633333333,41514442.34,32822041
"(np.float64(1.0), 210, 170, 40, 10)",houghCircle,0.633333333,42439900.02,33198066
"(np.float64(1.0), 220, 130, 40, 10)",houghCircle,0.633333333,54942147.14,43463339.5
"(np.float64(1.0), 220, 140, 30, 5)",houghCircle,0.633333333,43021454.42,34207646.5
"(np.float64(1.0), 220, 150, 40, 10)",houghCircle,0.633333333,52521004.66,41448053.5
"(np.float64(1.0), 220, 170, 40, 10)",houghCircle,0.633333333,51692009.24,40907420.5
"(np.float64(1.0), 240, 190, 40, 10)",houghCircle,0.633333333,41506832.34,31889327
"(np.float64(1.0), 240, 200, 40, 10)",houghCircle,0.633333333,42759603.72,31924997
"(np.float64(1.0), 240, 210, 40, 10)",houghCircle,0.633333333,42525071.69,31671543
"(np.float64(1.0), 240, 220, 40, 10)",houghCircle,0.633333333,43135537.97,32892031.5
"(np.float64(1.0), 240, 230, 40, 10)",houghCircle,0.633333333,42514170.03,32345040.5
"(np.float64(1.0), 250, 190, 40, 10)",houghCircle,0.633333333,41348689.56,31893412.5
"(np.float64(1.0), 250, 200, 40, 10)",houghCircle,0.633333333,41121143.99,32004502
"(np.float64(1.0), 250, 210, 40, 10)",houghCircle,0.633333333,43357645.77,31821564
"(np.float64(1.0), 250, 220, 40, 10)",houghCircle,0.633333333,51789279.44,39644289
"(np.float64(1.0), 250, 230, 40, 10)",houghCircle,0.633333333,40755759.71,30555854
"(np.float64(1.0), 260, 190, 40, 10)",houghCircle,0.633333333,43775778.25,31898073
"(np.float64(1.0), 260, 200, 40, 10)",houghCircle,0.633333333,42496837.1,31550765
"(np.float64(1.0), 260, 210, 40, 10)",houghCircle,0.633333333,40989728.3,31202647.5
"(np.float64(1.0), 260, 220, 40, 10)",houghCircle,0.633333333,41209000.22,31265574.5
"(np.float64(1.0), 260, 230, 40, 10)",houghCircle,0.633333333,42203937.37,32070005
"(np.float64(1.0), 270, 190, 40, 10)",houghCircle,0.633333333,42094176.29,32210324
"(np.float64(1.0), 270, 200, 40, 10)",houghCircle,0.633333333,42897611.32,31942125.5
"(np.float64(1.0), 270, 210, 40, 10)",houghCircle,0.633333333,40698943.94,30909582.5
"(np.float64(1.0), 270, 220, 40, 10)",houghCircle,0.633333333,37033101.87,31348772
"(np.float64(1.0), 270, 230, 40, 10)",houghCircle,0.633333333,54882786.73,42008339.5
"(np.float64(1.0), 280, 110, 30, 5)",houghCircle,0.633333333,45981659.96,36982616
"(np.float64(1.0), 290, 120, 40, 15)",houghCircle,0.633333333,43392886.67,33731922.5
"(np.float64(1.0), 290, 180, 30, 5)",houghCircle,0.633333333,43720800.38,33662612
"(np.float64(1.5), 170, 110, 40, 10)",houghCircle,0.633333333,52129941,42848221
"(np.float64(1.5), 180, 120, 40, 10)",houghCircle,0.633333333,45131006.98,34142699
"(np.float64(1.5), 190, 120, 40, 10)",houghCircle,0.633333333,44845548.29,35735216
"(np.float64(1.5), 200, 100, 40, 5)",houghCircle,0.633333333,48304342.08,38237280.5
"(np.float64(1.5), 200, 130, 40, 10)",houghCircle,0.633333333,46410809.33,35059623.5
"(np.float64(1.5), 200, 160, 40, 10)",houghCircle,0.633333333,45278516.17,34119590.5
"(np.float64(1.5), 200, 180, 40, 10)",houghCircle,0.633333333,42347125.93,32598256
"(np.float64(1.5), 200, 260, 40, 10)",houghCircle,0.633333333,43213702.39,30751767
"(np.float64(1.5), 200, 270, 40, 10)",houghCircle,0.633333333,56041440.31,40988476
"(np.float64(1.5), 210, 130, 40, 10)",houghCircle,0.633333333,54539109.81,43136371
"(np.float64(1.5), 210, 150, 40, 10)",houghCircle,0.633333333,44789950.57,34626746.5
"(np.float64(1.5), 210, 170, 40, 10)",houghCircle,0.633333333,40419921.75,32468788.5
"(np.float64(1.5), 220, 130, 40, 10)",houghCircle,0.633333333,44050344.95,34089839.5
"(np.float64(1.5), 220, 140, 30, 5)",houghCircle,0.633333333,45123336.76,34465259
"(np.float64(1.5), 220, 150, 40, 10)",houghCircle,0.633333333,44093718.3,33775984.5
"(np.float64(1.5), 220, 170, 40, 10)",houghCircle,0.633333333,43245815.36,33326177
"(np.float64(1.5), 240, 190, 40, 10)",houghCircle,0.633333333,49549792.2,39284980.5
"(np.float64(1.5), 240, 200, 40, 10)",houghCircle,0.633333333,51139966.49,40070780
"(np.float64(1.5), 240, 210, 40, 10)",houghCircle,0.633333333,43362257.82,32567402.5
"(np.float64(1.5), 240, 220, 40, 10)",houghCircle,0.633333333,44449122.75,31778059
"(np.float64(1.5), 240, 230, 40, 10)",houghCircle,0.633333333,39911334.18,31573087.5
"(np.float64(1.5), 250, 190, 40, 10)",houghCircle,0.633333333,43310550.27,32873307
"(np.float64(1.5), 250, 200, 40, 10)",houghCircle,0.633333333,41491479,32179590
"(np.float64(1.5), 250, 210, 40, 10)",houghCircle,0.633333333,51335232.27,39369013
"(np.float64(1.5), 250, 220, 40, 10)",houghCircle,0.633333333,46434827.41,37946820.5
"(np.float64(1.5), 250, 230, 40, 10)",houghCircle,0.633333333,40459353.59,31931043.5
"(np.float64(1.5), 260, 190, 40, 10)",houghCircle,0.633333333,40681258.23,32552290
"(np.float64(1.5), 260, 200, 40, 10)",houghCircle,0.633333333,43626711.43,30887370
"(np.float64(1.5), 260, 210, 40, 10)",houghCircle,0.633333333,47346864.85,38247008.5
"(np.float64(1.5), 260, 220, 40, 10)",houghCircle,0.633333333,44806761.8,32028296
"(np.float64(1.5), 260, 230, 40, 10)",houghCircle,0.633333333,41992085.7,31901293.5
"(np.float64(1.5), 270, 190, 40, 10)",houghCircle,0.633333333,45644269.43,32918487
"(np.float64(1.5), 270, 200, 40, 10)",houghCircle,0.633333333,47606624.96,39667688.5
"(np.float64(1.5), 270, 210, 40, 10)",houghCircle,0.633333333,37525008.1,30076745
"(np.float64(1.5), 270, 220, 40, 10)",houghCircle,0.633333333,40010044.46,31871192
"(np.float64(1.5), 270, 230, 40, 10)",houghCircle,0.633333333,41902939.68,31743046
"(np.float64(1.5), 280, 110, 30, 5)",houghCircle,0.633333333,46037305.84,36995630.5
"(np.float64(1.5), 290, 120, 40, 15)",houghCircle,0.633333333,45052790.31,34912897.5
"(np.float64(1.5), 290, 180, 30, 5)",houghCircle,0.633333333,43991914.24,33563361.5
"(np.float64(1.0), 100, 110, 40, 10)",houghCircle,0.63125,55484847.89,45210511.5
"(np.float64(1.0), 110, 110, 40, 10)",houghCircle,0.63125,46877966.75,36976945
"(np.float64(1.0), 120, 110, 40, 10)",houghCircle,0.63125,45569079.14,35733266.5
"(np.float64(1.0), 130, 110, 40, 10)",houghCircle,0.63125,48180691.08,36248628.5
"(np.float64(1.0), 140, 110, 40, 10)",houghCircle,0.63125,43730462.83,35232788
"(np.float64(1.0), 150, 110, 40, 10)",houghCircle,0.63125,56826329.3,45711101.5
"(np.float64(1.0), 160, 110, 40, 10)",houghCircle,0.63125,44410254.64,36360649.5
"(np.float64(1.0), 170, 120, 40, 10)",houghCircle,0.63125,44016458.6,34596558.5
"(np.float64(1.0), 170, 160, 30, 5)",houghCircle,0.63125,45185170.17,34460093.5
"(np.float64(1.0), 180, 280, 40, 10)",houghCircle,0.63125,42414620.05,31863903.5
"(np.float64(1.0), 180, 290, 40, 10)",houghCircle,0.63125,42429740.95,31231992
"(np.float64(1.0), 190, 240, 40, 10)",houghCircle,0.63125,41712444.44,31579039.5
"(np.float64(1.0), 190, 250, 40, 10)",houghCircle,0.63125,37990388.6,30703320
"(np.float64(1.0), 190, 280, 40, 10)",houghCircle,0.63125,37797571.74,30671220.5
"(np.float64(1.0), 190, 290, 40, 10)",houghCircle,0.63125,43202469.92,29841939.5
"(np.float64(1.0), 200, 150, 40, 10)",houghCircle,0.63125,48081702.11,35098576.5
"(np.float64(1.0), 200, 170, 40, 10)",houghCircle,0.63125,51853872.65,41823467
"(np.float64(1.0), 210, 190, 40, 10)",houghCircle,0.63125,39482003.18,31660982
"(np.float64(1.0), 210, 200, 40, 10)",houghCircle,0.63125,41490709.06,31665325
"(np.float64(1.0), 210, 210, 40, 10)",houghCircle,0.63125,52857061.37,42304515
"(np.float64(1.0), 210, 220, 40, 10)",houghCircle,0.63125,52625747.44,41675765.5
"(np.float64(1.0), 210, 230, 40, 10)",houghCircle,0.63125,36710008.53,28660624.5
"(np.float64(1.0), 220, 190, 40, 10)",houghCircle,0.63125,50253675.41,40531144
"(np.float64(1.0), 220, 200, 40, 10)",houghCircle,0.63125,41374562.89,31817160.5
"(np.float64(1.0), 220, 210, 40, 10)",houghCircle,0.63125,54584653.25,42014906.5
"(np.float64(1.0), 220, 220, 40, 10)",houghCircle,0.63125,40192909.17,31055988
"(np.float64(1.0), 220, 230, 40, 10)",houghCircle,0.63125,39707015.2,30864909
"(np.float64(1.0), 230, 130, 30, 5)",houghCircle,0.63125,44996281.64,34717471.5
"(np.float64(1.0), 230, 190, 40, 10)",houghCircle,0.63125,39615210.3,30841741
"(np.float64(1.0), 230, 200, 40, 10)",houghCircle,0.63125,53482391.21,41390900.5
"(np.float64(1.0), 230, 210, 40, 10)",houghCircle,0.63125,53981004.99,41955685.5
"(np.float64(1.0), 230, 220, 40, 10)",houghCircle,0.63125,53982731.59,41427390.5
"(np.float64(1.0), 230, 230, 40, 10)",houghCircle,0.63125,42117985.06,31417876
"(np.float64(1.0), 240, 120, 30, 5)",houghCircle,0.63125,44936181.51,35396961
"(np.float64(1.0), 290, 150, 30, 5)",houghCircle,0.63125,44104446.72,35214929.5
"(np.float64(1.0), 290, 200, 30, 5)",houghCircle,0.63125,41304246.8,32787085
"(np.float64(1.5), 100, 110, 40, 10)",houghCircle,0.63125,43682589.49,36569606.5
"(np.float64(1.5), 110, 110, 40, 10)",houghCircle,0.63125,53166682.3,43575931
"(np.float64(1.5), 120, 110, 40, 10)",houghCircle,0.63125,45050969.2,36224945
"(np.float64(1.5), 130, 110, 40, 10)",houghCircle,0.63125,44567989.71,36137420.5
"(np.float64(1.5), 140, 110, 40, 10)",houghCircle,0.63125,42857986.57,35092045
"(np.float64(1.5), 150, 110, 40, 10)",houghCircle,0.63125,46864700.03,36682568
"(np.float64(1.5), 160, 110, 40, 10)",houghCircle,0.63125,44668238.99,35358419
"(np.float64(1.5), 170, 120, 40, 10)",houghCircle,0.63125,44902392.59,34255926.5
"(np.float64(1.5), 170, 160, 30, 5)",houghCircle,0.63125,43015971.34,32197148
"(np.float64(1.5), 180, 280, 40, 10)",houghCircle,0.63125,43258553.76,31095175
"(np.float64(1.5), 180, 290, 40, 10)",houghCircle,0.63125,40074802.38,30630725
"(np.float64(1.5), 190, 240, 40, 10)",houghCircle,0.63125,41643571.84,30875914.5
"(np.float64(1.5), 190, 250, 40, 10)",houghCircle,0.63125,44781122.18,32141514.5
"(np.float64(1.5), 190, 280, 40, 10)",houghCircle,0.63125,38698356.13,30828886.5
"(np.float64(1.5), 190, 290, 40, 10)",houghCircle,0.63125,39022714.9,30705193.5
"(np.float64(1.5), 200, 150, 40, 10)",houghCircle,0.63125,43146483,32981304.5
"(np.float64(1.5), 200, 170, 40, 10)",houghCircle,0.63125,44456951.17,33812573.5
"(np.float64(1.5), 210, 190, 40, 10)",houghCircle,0.63125,42492862.15,32226062
"(np.float64(1.5), 210, 200, 40, 10)",houghCircle,0.63125,41920016.2,31057966.5
"(np.float64(1.5), 210, 210, 40, 10)",houghCircle,0.63125,43534660.34,32188987.5
"(np.float64(1.5), 210, 220, 40, 10)",houghCircle,0.63125,42089417.65,32179179.5
"(np.float64(1.5), 210, 230, 40, 10)",houghCircle,0.63125,40662026.69,31778892.5
"(np.float64(1.5), 220, 190, 40, 10)",houghCircle,0.63125,44004561.07,33209488
"(np.float64(1.5), 220, 200, 40, 10)",houghCircle,0.63125,38920340.97,31412751
"(np.float64(1.5), 220, 210, 40, 10)",houghCircle,0.63125,43828043.36,32222481.5
"(np.float64(1.5), 220, 220, 40, 10)",houghCircle,0.63125,43362338.28,32007698
"(np.float64(1.5), 220, 230, 40, 10)",houghCircle,0.63125,49420712.63,39168231.5
"(np.float64(1.5), 230, 130, 30, 5)",houghCircle,0.63125,53617077.01,42994334.5
"(np.float64(1.5), 230, 190, 40, 10)",houghCircle,0.63125,43042220.77,32909074
"(np.float64(1.5), 230, 200, 40, 10)",houghCircle,0.63125,48678558.93,38309551.5
"(np.float64(1.5), 230, 210, 40, 10)",houghCircle,0.63125,49348850.02,38765985.5
"(np.float64(1.5), 230, 220, 40, 10)",houghCircle,0.63125,40670639.4,31017385.5
"(np.float64(1.5), 230, 230, 40, 10)",houghCircle,0.63125,44872694.07,32661705.5
"(np.float64(1.5), 240, 120, 30, 5)",houghCircle,0.63125,46093796.75,35556920.5
"(np.float64(1.5), 290, 150, 30, 5)",houghCircle,0.63125,42734097.22,33116658
"(np.float64(1.5), 290, 200, 30, 5)",houghCircle,0.63125,41740335.84,32347646
"(np.float64(1.0), 100, 120, 40, 10)",houghCircle,0.629166667,45210163.23,35448653.5
"(np.float64(1.0), 100, 280, 40, 10)",houghCircle,0.629166667,39609095.01,30797447.5
"(np.float64(1.0), 100, 290, 40, 10)",houghCircle,0.629166667,41467496.21,31589934.5
"(np.float64(1.0), 110, 120, 40, 10)",houghCircle,0.629166667,44847026.49,36214128.5
"(np.float64(1.0), 110, 280, 40, 10)",houghCircle,0.629166667,39986652.98,31575176
"(np.float64(1.0), 110, 290, 40, 10)",houghCircle,0.629166667,41403661.32,30770521.5
"(np.float64(1.0), 120, 120, 40, 10)",houghCircle,0.629166667,44029087.88,35170260
"(np.float64(1.0), 120, 280, 40, 10)",houghCircle,0.629166667,39944881.91,30774814
"(np.float64(1.0), 120, 290, 40, 10)",houghCircle,0.629166667,41486775.05,31393431
"(np.float64(1.0), 130, 120, 40, 10)",houghCircle,0.629166667,43601217.13,34881469
"(np.float64(1.0), 130, 280, 40, 10)",houghCircle,0.629166667,41735699.99,31232985
"(np.float64(1.0), 130, 290, 40, 10)",houghCircle,0.629166667,50150342.47,39809889.5
"(np.float64(1.0), 140, 120, 40, 10)",houghCircle,0.629166667,44787561.46,34947834.5
"(np.float64(1.0), 140, 280, 40, 10)",houghCircle,0.629166667,37701850.58,30170627
"(np.float64(1.0), 140, 290, 40, 10)",houghCircle,0.629166667,49566239.15,39357411.5
"(np.float64(1.0), 150, 120, 40, 10)",houghCircle,0.629166667,43645883.88,34584276.5
"(np.float64(1.0), 150, 280, 40, 10)",houghCircle,0.629166667,53020943.25,41852662
"(np.float64(1.0), 150, 290, 40, 10)",houghCircle,0.629166667,41850381.91,30980076
"(np.float64(1.0), 160, 120, 40, 10)",houghCircle,0.629166667,45113543.89,34960162
"(np.float64(1.0), 160, 280, 40, 10)",houghCircle,0.629166667,52501060.49,40768504
"(np.float64(1.0), 160, 290, 40, 10)",houghCircle,0.629166667,42516375.62,31782410
"(np.float64(1.0), 170, 150, 30, 5)",houghCircle,0.629166667,46566306.67,35108956
"(np.float64(1.0), 170, 280, 40, 10)",houghCircle,0.629166667,51411677.57,40450698
"(np.float64(1.0), 170, 290, 40, 10)",houghCircle,0.629166667,42019025.98,31161941
"(np.float64(1.0), 180, 140, 40, 10)",houghCircle,0.629166667,42795098.04,34310021.5
"(np.float64(1.0), 180, 160, 40, 10)",houghCircle,0.629166667,42448144.04,33529122
"(np.float64(1.0), 180, 180, 40, 10)",houghCircle,0.629166667,42505527.63,33437735.5
"(np.float64(1.0), 180, 240, 40, 10)",houghCircle,0.629166667,43266439.55,31511156.5
"(np.float64(1.0), 180, 250, 40, 10)",houghCircle,0.629166667,41087608.83,31156441
"(np.float64(1.0), 180, 270, 40, 10)",houghCircle,0.629166667,54840632.38,42319504
"(np.float64(1.0), 190, 100, 40, 5)",houghCircle,0.629166667,45498577.68,37535902.5
"(np.float64(1.0), 190, 140, 40, 10)",houghCircle,0.629166667,40975823.91,34476895
"(np.float64(1.0), 190, 160, 40, 10)",houghCircle,0.629166667,51506481.26,40839632.5
"(np.float64(1.0), 190, 180, 40, 10)",houghCircle,0.629166667,38857870.25,31275129
"(np.float64(1.0), 190, 260, 40, 10)",houghCircle,0.629166667,40835484.99,31016283.5
"(np.float64(1.0), 190, 270, 40, 10)",houghCircle,0.629166667,40315605.44,30862429.5
"(np.float64(1.0), 200, 190, 40, 10)",houghCircle,0.629166667,41296690.14,32489015
"(np.float64(1.0), 200, 200, 40, 10)",houghCircle,0.629166667,42636489.66,32101204
"(np.float64(1.0), 200, 210, 40, 10)",houghCircle,0.629166667,39301869.6,31469344
"(np.float64(1.0), 200, 220, 40, 10)",houghCircle,0.629166667,41886247.2,31602397.5
"(np.float64(1.0), 200, 230, 40, 10)",houghCircle,0.629166667,41973683.08,32345151
"(np.float64(1.0), 290, 140, 40, 15)",houghCircle,0.629166667,43231551.54,33054952
"(np.float64(1.0), 290, 250, 30, 5)",houghCircle,0.629166667,39801577.71,30619864.5
"(np.float64(1.5), 100, 120, 40, 10)",houghCircle,0.629166667,45038465.04,35838790
"(np.float64(1.5), 100, 280, 40, 10)",houghCircle,0.629166667,43813589.21,32240435
"(np.float64(1.5), 100, 290, 40, 10)",houghCircle,0.629166667,41850671.19,31445373
"(np.float64(1.5), 110, 120, 40, 10)",houghCircle,0.629166667,52987466.25,42903679
"(np.float64(1.5), 110, 280, 40, 10)",houghCircle,0.629166667,40291816.46,31041089.5
"(np.float64(1.5), 110, 290, 40, 10)",houghCircle,0.629166667,41372903.17,31265119.5
"(np.float64(1.5), 120, 120, 40, 10)",houghCircle,0.629166667,44853488.98,34391899.5
"(np.float64(1.5), 120, 280, 40, 10)",houghCircle,0.629166667,38337115.44,30079911.5
"(np.float64(1.5), 120, 290, 40, 10)",houghCircle,0.629166667,39229473.98,30757342
"(np.float64(1.5), 130, 120, 40, 10)",houghCircle,0.629166667,42718873.15,35404961.5
"(np.float64(1.5), 130, 280, 40, 10)",houghCircle,0.629166667,43954914.9,31484586.5
"(np.float64(1.5), 130, 290, 40, 10)",houghCircle,0.629166667,41134961.89,31036806.5
"(np.float64(1.5), 140, 120, 40, 10)",houghCircle,0.629166667,48270686.15,36910996.5
"(np.float64(1.5), 140, 280, 40, 10)",houghCircle,0.629166667,50026146.13,39199265
"(np.float64(1.5), 140, 290, 40, 10)",houghCircle,0.629166667,41552957.43,30288689
"(np.float64(1.5), 150, 120, 40, 10)",houghCircle,0.629166667,45253566.57,35365858
"(np.float64(1.5), 150, 280, 40, 10)",houghCircle,0.629166667,39604537.99,30261171
"(np.float64(1.5), 150, 290, 40, 10)",houghCircle,0.629166667,38889679.96,30484916.5
"(np.float64(1.5), 160, 120, 40, 10)",houghCircle,0.629166667,43167566.83,34365766.5
"(np.float64(1.5), 160, 280, 40, 10)",houghCircle,0.629166667,40451167.95,30501888.5
"(np.float64(1.5), 160, 290, 40, 10)",houghCircle,0.629166667,38772911.99,29870799
"(np.float64(1.5), 170, 150, 30, 5)",houghCircle,0.629166667,40789371.14,32503171.5
"(np.float64(1.5), 170, 280, 40, 10)",houghCircle,0.629166667,45598644.46,32817322
"(np.float64(1.5), 170, 290, 40, 10)",houghCircle,0.629166667,49274087.65,38606903.5
"(np.float64(1.5), 180, 140, 40, 10)",houghCircle,0.629166667,43380265.37,34980546.5
"(np.float64(1.5), 180, 160, 40, 10)",houghCircle,0.629166667,43675523.75,32560099
"(np.float64(1.5), 180, 180, 40, 10)",houghCircle,0.629166667,50813622.39,40510639.5
"(np.float64(1.5), 180, 240, 40, 10)",houghCircle,0.629166667,40779916.63,31125484
"(np.float64(1.5), 180, 250, 40, 10)",houghCircle,0.629166667,40521083.75,31471497
"(np.float64(1.5), 180, 270, 40, 10)",houghCircle,0.629166667,39279170.46,31208574
"(np.float64(1.5), 190, 100, 40, 5)",houghCircle,0.629166667,47936553.79,38251562
"(np.float64(1.5), 190, 140, 40, 10)",houghCircle,0.629166667,45465876.34,34410501
"(np.float64(1.5), 190, 160, 40, 10)",houghCircle,0.629166667,50002192.73,40065625
"(np.float64(1.5), 190, 180, 40, 10)",houghCircle,0.629166667,41326182.45,32809532.5
"(np.float64(1.5), 190, 260, 40, 10)",houghCircle,0.629166667,40805003.84,31262279
"(np.float64(1.5), 190, 270, 40, 10)",houghCircle,0.629166667,39605318.66,31253353
"(np.float64(1.5), 200, 190, 40, 10)",houghCircle,0.629166667,42996734.86,32413203.5
"(np.float64(1.5), 200, 200, 40, 10)",houghCircle,0.629166667,42548051.64,32608921
"(np.float64(1.5), 200, 210, 40, 10)",houghCircle,0.629166667,42123464.74,31229006
"(np.float64(1.5), 200, 220, 40, 10)",houghCircle,0.629166667,40345052.23,31547340
"(np.float64(1.5), 200, 230, 40, 10)",houghCircle,0.629166667,51603240.17,40845483.5
"(np.float64(1.5), 290, 140, 40, 15)",houghCircle,0.629166667,48066528.29,34500139
"(np.float64(1.5), 290, 250, 30, 5)",houghCircle,0.629166667,43633498.02,32439763.5
"(np.float64(1.0), 100, 180, 40, 10)",houghCircle,0.627083333,47864869.21,34646779
"(np.float64(1.0), 100, 240, 40, 10)",houghCircle,0.627083333,41798204.08,31535277
"(np.float64(1.0), 100, 250, 40, 10)",houghCircle,0.627083333,45883477.46,33419029.5
"(np.float64(1.0), 100, 270, 40, 10)",houghCircle,0.627083333,42903614.98,31759926.5
"(np.float64(1.0), 110, 180, 40, 10)",houghCircle,0.627083333,43305213.58,32501359.5
"(np.float64(1.0), 110, 240, 40, 10)",houghCircle,0.627083333,40163318.96,30895971.5
"(np.float64(1.0), 110, 250, 40, 10)",houghCircle,0.627083333,43473321.25,32186352.5
"(np.float64(1.0), 110, 270, 40, 10)",houghCircle,0.627083333,41438530.76,31004180
"(np.float64(1.0), 120, 180, 40, 10)",houghCircle,0.627083333,41805581.26,32710101.5
"(np.float64(1.0), 120, 240, 40, 10)",houghCircle,0.627083333,38513137.45,30636801
"(np.float64(1.0), 120, 250, 40, 10)",houghCircle,0.627083333,41273441.09,31851990.5
"(np.float64(1.0), 120, 270, 40, 10)",houghCircle,0.627083333,41714418.19,30672849.5
"(np.float64(1.0), 130, 180, 40, 10)",houghCircle,0.627083333,44292831.54,32239453
"(np.float64(1.0), 130, 240, 40, 10)",houghCircle,0.627083333,40380416.7,31383416.5
"(np.float64(1.0), 130, 250, 40, 10)",houghCircle,0.627083333,39828352.72,30976744.5
"(np.float64(1.0), 130, 270, 40, 10)",houghCircle,0.627083333,43568168.04,31526530.5
"(np.float64(1.0), 140, 180, 40, 10)",houghCircle,0.627083333,54968772.84,42788657.5
"(np.float64(1.0), 140, 240, 40, 10)",houghCircle,0.627083333,39409705.36,30599520.5
"(np.float64(1.0), 140, 250, 40, 10)",houghCircle,0.627083333,44069342.55,32009055.5
"(np.float64(1.0), 140, 270, 40, 10)",houghCircle,0.627083333,51560170.09,40369390.5
"(np.float64(1.0), 150, 180, 40, 10)",houghCircle,0.627083333,41388682.7,32638932.5
"(np.float64(1.0), 150, 240, 40, 10)",houghCircle,0.627083333,55743136.5,41924538
"(np.float64(1.0), 150, 250, 40, 10)",houghCircle,0.627083333,40442835.95,30616443
"(np.float64(1.0), 150, 270, 40, 10)",houghCircle,0.627083333,40776804.89,30851484
"(np.float64(1.0), 160, 160, 30, 5)",houghCircle,0.627083333,40941729.79,33284082.5
"(np.float64(1.0), 160, 180, 40, 10)",houghCircle,0.627083333,45391153.37,33332052
"(np.float64(1.0), 160, 240, 40, 10)",houghCircle,0.627083333,44115401.96,32001966.5
"(np.float64(1.0), 160, 250, 40, 10)",houghCircle,0.627083333,38390889.13,31209705.5
"(np.float64(1.0), 160, 270, 40, 10)",houghCircle,0.627083333,37841441.84,30663115
"(np.float64(1.0), 170, 140, 40, 10)",houghCircle,0.627083333,47390165.62,35961275
"(np.float64(1.0), 170, 160, 40, 10)",houghCircle,0.627083333,50389372.05,40697340
"(np.float64(1.0), 170, 180, 40, 10)",houghCircle,0.627083333,43972845.04,32965815
"(np.float64(1.0), 170, 240, 40, 10)",houghCircle,0.627083333,42115717.75,30931955
"(np.float64(1.0), 170, 250, 40, 10)",houghCircle,0.627083333,41396125.01,30808583.5
"(np.float64(1.0), 170, 270, 40, 10)",houghCircle,0.627083333,40014185.37,30116260
"(np.float64(1.0), 180, 100, 40, 5)",houghCircle,0.627083333,44629312.71,37001231.5
"(np.float64(1.0), 180, 130, 40, 10)",houghCircle,0.627083333,42812858.09,33843250.5
"(np.float64(1.0), 180, 170, 40, 10)",houghCircle,0.627083333,54203550.98,43179130.5
"(np.float64(1.0), 180, 260, 40, 10)",houghCircle,0.627083333,51167159.83,41775434
"(np.float64(1.0), 190, 130, 40, 10)",houghCircle,0.627083333,44712898.59,34146444.5
"(np.float64(1.0), 190, 170, 40, 10)",houghCircle,0.627083333,55943363.08,42958167
"(np.float64(1.0), 280, 120, 40, 5)",houghCircle,0.627083333,53959638.6,42899922
"(np.float64(1.0), 290, 160, 30, 5)",houghCircle,0.627083333,42594617.44,33114564.5
"(np.float64(1.0), 290, 160, 40, 15)",houghCircle,0.627083333,42835155.98,32174055
"(np.float64(1.0), 290, 220, 30, 5)",houghCircle,0.627083333,38935949.51,31281886.5
"(np.float64(1.0), 290, 230, 30, 5)",houghCircle,0.627083333,42723514.51,32361151.5
"(np.float64(1.5), 100, 180, 40, 10)",houghCircle,0.627083333,41573072.59,31947395.5
"(np.float64(1.5), 100, 240, 40, 10)",houghCircle,0.627083333,41248223.89,30958900
"(np.float64(1.5), 100, 250, 40, 10)",houghCircle,0.627083333,39005979.05,31432159
"(np.float64(1.5), 100, 270, 40, 10)",houghCircle,0.627083333,43571078.89,31833946
"(np.float64(1.5), 110, 180, 40, 10)",houghCircle,0.627083333,42964738.33,32106553.5
"(np.float64(1.5), 110, 240, 40, 10)",houghCircle,0.627083333,42060328.43,32186623.5
"(np.float64(1.5), 110, 250, 40, 10)",houghCircle,0.627083333,44403906.83,32531000.5
"(np.float64(1.5), 110, 270, 40, 10)",houghCircle,0.627083333,42266765.1,31235620
"(np.float64(1.5), 120, 180, 40, 10)",houghCircle,0.627083333,50125805.92,37926276
"(np.float64(1.5), 120, 240, 40, 10)",houghCircle,0.627083333,37889856.44,30242116
"(np.float64(1.5), 120, 250, 40, 10)",houghCircle,0.627083333,41180818.14,31340871.5
"(np.float64(1.5), 120, 270, 40, 10)",houghCircle,0.627083333,42769704.65,31482322.5
"(np.float64(1.5), 130, 180, 40, 10)",houghCircle,0.627083333,51765890.24,40377950.5
"(np.float64(1.5), 130, 240, 40, 10)",houghCircle,0.627083333,43297150,31696588.5
"(np.float64(1.5), 130, 250, 40, 10)",houghCircle,0.627083333,41795528.48,31300712
"(np.float64(1.5), 130, 270, 40, 10)",houghCircle,0.627083333,39928351.18,31346742.5
"(np.float64(1.5), 140, 180, 40, 10)",houghCircle,0.627083333,43605054.23,33597861
"(np.float64(1.5), 140, 240, 40, 10)",houghCircle,0.627083333,50299732.35,39032752.5
"(np.float64(1.5), 140, 250, 40, 10)",houghCircle,0.627083333,50176663.19,39296156.5
"(np.float64(1.5), 140, 270, 40, 10)",houghCircle,0.627083333,41229520.53,31198294
"(np.float64(1.5), 150, 180, 40, 10)",houghCircle,0.627083333,42229856.06,32125063.5
"(np.float64(1.5), 150, 240, 40, 10)",houghCircle,0.627083333,42469537.18,31602393.5
"(np.float64(1.5), 150, 250, 40, 10)",houghCircle,0.627083333,41030347.06,31977942
"(np.float64(1.5), 150, 270, 40, 10)",houghCircle,0.627083333,40906472.93,30593840
"(np.float64(1.5), 160, 160, 30, 5)",houghCircle,0.627083333,53210395.43,42040670
"(np.float64(1.5), 160, 180, 40, 10)",houghCircle,0.627083333,42465463.08,33230657.5
"(np.float64(1.5), 160, 240, 40, 10)",houghCircle,0.627083333,40373095.38,31379793.5
"(np.float64(1.5), 160, 250, 40, 10)",houghCircle,0.627083333,41344879.37,31138867.5
"(np.float64(1.5), 160, 270, 40, 10)",houghCircle,0.627083333,52018174.23,40327075.5
"(np.float64(1.5), 170, 140, 40, 10)",houghCircle,0.627083333,44559011.83,34308195.5
"(np.float64(1.5), 170, 160, 40, 10)",houghCircle,0.627083333,44365440.3,32933880.5
"(np.float64(1.5), 170, 180, 40, 10)",houghCircle,0.627083333,42240194.74,33506504.5
"(np.float64(1.5), 170, 240, 40, 10)",houghCircle,0.627083333,39473544.27,31527623
"(np.float64(1.5), 170, 250, 40, 10)",houghCircle,0.627083333,39440121.7,30437016.5
"(np.float64(1.5), 170, 270, 40, 10)",houghCircle,0.627083333,41962745.44,31322226.5
"(np.float64(1.5), 180, 100, 40, 5)",houghCircle,0.627083333,46052216.5,36734886.5
"(np.float64(1.5), 180, 130, 40, 10)",houghCircle,0.627083333,42774699.18,34598769
"(np.float64(1.5), 180, 170, 40, 10)",houghCircle,0.627083333,42851762.66,33728250
"(np.float64(1.5), 180, 260, 40, 10)",houghCircle,0.627083333,40565498.41,31278099
"(np.float64(1.5), 190, 130, 40, 10)",houghCircle,0.627083333,43530731.18,34547311.5
"(np.float64(1.5), 190, 170, 40, 10)",houghCircle,0.627083333,43036654.17,32717609.5
"(np.float64(1.5), 280, 120, 40, 5)",houghCircle,0.627083333,45619028.61,35623230
"(np.float64(1.5), 290, 160, 30, 5)",houghCircle,0.627083333,45944388.23,34006893
"(np.float64(1.5), 290, 160, 40, 15)",houghCircle,0.627083333,41858782.49,32468467.5
"(np.float64(1.5), 290, 220, 30, 5)",houghCircle,0.627083333,39910573.54,32406305.5
"(np.float64(1.5), 290, 230, 30, 5)",houghCircle,0.627083333,43874094.06,32641726.5
"(np.float64(1.0), 100, 140, 40, 10)",houghCircle,0.625,44322380.57,34115061
"(np.float64(1.0), 100, 160, 40, 10)",houghCircle,0.625,46760853.12,35803098
"(np.float64(1.0), 100, 260, 40, 10)",houghCircle,0.625,42328073.15,32304174
"(np.float64(1.0), 110, 140, 40, 10)",houghCircle,0.625,44483404.57,34368836.5
"(np.float64(1.0), 110, 160, 40, 10)",houghCircle,0.625,41250711.23,32282269
"(np.float64(1.0), 110, 260, 40, 10)",houghCircle,0.625,40776223.08,31340191
"(np.float64(1.0), 120, 140, 40, 10)",houghCircle,0.625,43503054.89,33721232.5
"(np.float64(1.0), 120, 160, 40, 10)",houghCircle,0.625,43184573.31,32802549.5
"(np.float64(1.0), 120, 260, 40, 10)",houghCircle,0.625,48431787.44,37688485
"(np.float64(1.0), 130, 140, 40, 10)",houghCircle,0.625,42846975.84,34092865
"(np.float64(1.0), 130, 160, 40, 10)",houghCircle,0.625,41092058.03,32513677
"(np.float64(1.0), 130, 260, 40, 10)",houghCircle,0.625,40357708.78,30293442
"(np.float64(1.0), 140, 140, 40, 10)",houghCircle,0.625,46347402.13,34909072
"(np.float64(1.0), 140, 160, 40, 10)",houghCircle,0.625,42232579.95,32105346
"(np.float64(1.0), 140, 260, 40, 10)",houghCircle,0.625,39569042.13,31119776
"(np.float64(1.0), 150, 140, 40, 10)",houghCircle,0.625,45721499.46,35140188.5
"(np.float64(1.0), 150, 160, 30, 5)",houghCircle,0.625,42493742.61,32392003.5
"(np.float64(1.0), 150, 160, 40, 10)",houghCircle,0.625,43086354.46,32609662
"(np.float64(1.0), 150, 260, 40, 10)",houghCircle,0.625,43437770.49,31819760.5
"(np.float64(1.0), 160, 140, 40, 10)",houghCircle,0.625,43370196.02,33923396.5
"(np.float64(1.0), 160, 150, 30, 5)",houghCircle,0.625,44634635.19,34984291
"(np.float64(1.0), 160, 160, 40, 10)",houghCircle,0.625,40446645.98,33045980.5
"(np.float64(1.0), 160, 260, 40, 10)",houghCircle,0.625,51400628.25,40416532
"(np.float64(1.0), 170, 130, 40, 10)",houghCircle,0.625,55286979.19,44459036.5
"(np.float64(1.0), 170, 170, 40, 10)",houghCircle,0.625,41255479.44,32204597.5
"(np.float64(1.0), 170, 260, 40, 10)",houghCircle,0.625,39732828.46,29292843.5
"(np.float64(1.0), 180, 150, 40, 10)",houghCircle,0.625,51990234.58,42598047.5
"(np.float64(1.0), 180, 190, 40, 10)",houghCircle,0.625,41359678.73,31847356.5
"(np.float64(1.0), 180, 200, 40, 10)",houghCircle,0.625,45395485.97,32772407.5
"(np.float64(1.0), 180, 210, 40, 10)",houghCircle,0.625,37185160.21,30425669.5
"(np.float64(1.0), 180, 220, 40, 10)",houghCircle,0.625,40036545.32,30787169.5
"(np.float64(1.0), 180, 230, 40, 10)",houghCircle,0.625,40356087.95,31565583
"(np.float64(1.0), 190, 150, 40, 10)",houghCircle,0.625,41259729.69,32357826.5
"(np.float64(1.0), 190, 190, 40, 10)",houghCircle,0.625,41825569.35,31439667.5
"(np.float64(1.0), 190, 200, 40, 10)",houghCircle,0.625,41297450.33,31444150
"(np.float64(1.0), 190, 210, 40, 10)",houghCircle,0.625,43284014.13,32120795
"(np.float64(1.0), 190, 220, 40, 10)",houghCircle,0.625,41195850.08,31575813
"(np.float64(1.0), 190, 230, 40, 10)",houghCircle,0.625,44757458.63,32275521
"(np.float64(1.0), 280, 110, 40, 5)",houghCircle,0.625,47047407.81,37369307
"(np.float64(1.0), 280, 140, 40, 5)",houghCircle,0.625,45217760.01,34714982.5
"(np.float64(1.0), 280, 160, 40, 5)",houghCircle,0.625,49949049.72,39810421
"(np.float64(1.0), 280, 180, 40, 5)",houghCircle,0.625,43115254.44,31993471
"(np.float64(1.0), 290, 130, 40, 15)",houghCircle,0.625,45629439.17,34267803
"(np.float64(1.0), 290, 150, 40, 15)",houghCircle,0.625,43396675.42,33225300.5
"(np.float64(1.0), 290, 240, 30, 5)",houghCircle,0.625,41405275.14,32214610.5
"(np.float64(1.5), 100, 140, 40, 10)",houghCircle,0.625,43360578.86,34262157
"(np.float64(1.5), 100, 160, 40, 10)",houghCircle,0.625,41369147.64,32859676.5
"(np.float64(1.5), 100, 260, 40, 10)",houghCircle,0.625,39991576.6,30865670.5
"(np.float64(1.5), 110, 140, 40, 10)",houghCircle,0.625,43135291.19,33487084
"(np.float64(1.5), 110, 160, 40, 10)",houghCircle,0.625,43801827.14,33456676
"(np.float64(1.5), 110, 260, 40, 10)",houghCircle,0.625,40910660.16,31162646.5
"(np.float64(1.5), 120, 140, 40, 10)",houghCircle,0.625,45053043.53,34444565
"(np.float64(1.5), 120, 160, 40, 10)",houghCircle,0.625,44630245.21,33547622
"(np.float64(1.5), 120, 260, 40, 10)",houghCircle,0.625,41509518.35,31870524
"(np.float64(1.5), 130, 140, 40, 10)",houghCircle,0.625,44546190.05,33896341.5
"(np.float64(1.5), 130, 160, 40, 10)",houghCircle,0.625,41385036.84,32494104.5
"(np.float64(1.5), 130, 260, 40, 10)",houghCircle,0.625,39284239.74,30130621
"(np.float64(1.5), 140, 140, 40, 10)",houghCircle,0.625,43979381.43,34020729
"(np.float64(1.5), 140, 160, 40, 10)",houghCircle,0.625,42832764.4,32611856
"(np.float64(1.5), 140, 260, 40, 10)",houghCircle,0.625,52316026.47,40182779.5
"(np.float64(1.5), 150, 140, 40, 10)",houghCircle,0.625,43984776.67,34055655
"(np.float64(1.5), 150, 160, 30, 5)",houghCircle,0.625,42570468.97,34171949
"(np.float64(1.5), 150, 160, 40, 10)",houghCircle,0.625,45705420.76,33807394
"(np.float64(1.5), 150, 260, 40, 10)",houghCircle,0.625,39911847.48,31079131
"(np.float64(1.5), 160, 140, 40, 10)",houghCircle,0.625,47046378.37,34810411.5
"(np.float64(1.5), 160, 150, 30, 5)",houghCircle,0.625,43459908.86,33716358.5
"(np.float64(1.5), 160, 160, 40, 10)",houghCircle,0.625,46449674.71,33797936.5
"(np.float64(1.5), 160, 260, 40, 10)",houghCircle,0.625,42515192.34,32009856.5
"(np.float64(1.5), 170, 130, 40, 10)",houghCircle,0.625,42290135.39,34313083.5
"(np.float64(1.5), 170, 170, 40, 10)",houghCircle,0.625,42997425.29,33372268
"(np.float64(1.5), 170, 260, 40, 10)",houghCircle,0.625,44093909.91,31973349
"(np.float64(1.5), 180, 150, 40, 10)",houghCircle,0.625,43023779.3,33520576.5
"(np.float64(1.5), 180, 190, 40, 10)",houghCircle,0.625,44054939.35,33371430
"(np.float64(1.5), 180, 200, 40, 10)",houghCircle,0.625,41224333.84,31893409
"(np.float64(1.5), 180, 210, 40, 10)",houghCircle,0.625,40008568.62,30771484
"(np.float64(1.5), 180, 220, 40, 10)",houghCircle,0.625,43187677.89,32496835
"(np.float64(1.5), 180, 230, 40, 10)",houghCircle,0.625,42200654.81,31914839
"(np.float64(1.5), 190, 150, 40, 10)",houghCircle,0.625,43050056.99,34546736
"(np.float64(1.5), 190, 190, 40, 10)",houghCircle,0.625,43309283.83,32898479.5
"(np.float64(1.5), 190, 200, 40, 10)",houghCircle,0.625,44743498.46,33622507
"(np.float64(1.5), 190, 210, 40, 10)",houghCircle,0.625,42397087.3,31478413.5
"(np.float64(1.5), 190, 220, 40, 10)",houghCircle,0.625,43005163.15,32165038
"(np.float64(1.5), 190, 230, 40, 10)",houghCircle,0.625,41246325.29,31761967.5
"(np.float64(1.5), 280, 110, 40, 5)",houghCircle,0.625,44882810.94,36200374
"(np.float64(1.5), 280, 140, 40, 5)",houghCircle,0.625,43089844.33,33798798
"(np.float64(1.5), 280, 160, 40, 5)",houghCircle,0.625,42625591.9,33770830.5
"(np.float64(1.5), 280, 180, 40, 5)",houghCircle,0.625,43268429.29,33468609.5
"(np.float64(1.5), 290, 130, 40, 15)",houghCircle,0.625,45549106.99,33820604.5
"(np.float64(1.5), 290, 150, 40, 15)",houghCircle,0.625,45574927,34213836
"(np.float64(1.5), 290, 240, 30, 5)",houghCircle,0.625,41161689.44,31772422
"(np.float64(1.0), 100, 130, 40, 10)",houghCircle,0.622916667,46956951.15,35728503.5
"(np.float64(1.0), 100, 160, 30, 5)",houghCircle,0.622916667,43976660.54,33469731.5
"(np.float64(1.0), 100, 170, 40, 10)",houghCircle,0.622916667,43104798.59,34083978
"(np.float64(1.0), 100, 190, 40, 10)",houghCircle,0.622916667,46699348.83,34686519
"(np.float64(1.0), 100, 200, 40, 10)",houghCircle,0.622916667,44590353.19,33406091
"(np.float64(1.0), 100, 220, 40, 10)",houghCircle,0.622916667,42301594.84,33115125
"(np.float64(1.0), 100, 230, 40, 10)",houghCircle,0.622916667,39924100.47,32491764
"(np.float64(1.0), 110, 130, 40, 10)",houghCircle,0.622916667,45217281.94,35202858
"(np.float64(1.0), 110, 160, 30, 5)",houghCircle,0.622916667,44723435.32,35018361
"(np.float64(1.0), 110, 170, 40, 10)",houghCircle,0.622916667,44331732.77,34529429.5
"(np.float64(1.0), 110, 190, 40, 10)",houghCircle,0.622916667,42523501.88,32358496
"(np.float64(1.0), 110, 200, 40, 10)",houghCircle,0.622916667,40848288.65,31596201
"(np.float64(1.0), 110, 220, 40, 10)",houghCircle,0.622916667,39926452.63,31433130
"(np.float64(1.0), 110, 230, 40, 10)",houghCircle,0.622916667,41554789.17,31243534.5
"(np.float64(1.0), 120, 130, 40, 10)",houghCircle,0.622916667,42527811.34,34309632
"(np.float64(1.0), 120, 160, 30, 5)",houghCircle,0.622916667,42536881.89,33108182.5
"(np.float64(1.0), 120, 170, 40, 10)",houghCircle,0.622916667,45428181.24,33387581.5
"(np.float64(1.0), 120, 190, 40, 10)",houghCircle,0.622916667,41685206.81,31641876
"(np.float64(1.0), 120, 200, 40, 10)",houghCircle,0.622916667,42030740.06,32610734.5
"(np.float64(1.0), 120, 220, 40, 10)",houghCircle,0.622916667,39466570.39,30737003.5
"(np.float64(1.0), 120, 230, 40, 10)",houghCircle,0.622916667,41756415.91,32138107.5
"(np.float64(1.0), 130, 130, 40, 10)",houghCircle,0.622916667,45366470.69,35079826.5
"(np.float64(1.0), 130, 160, 30, 5)",houghCircle,0.622916667,41022907.92,33232455.5
"(np.float64(1.0), 130, 170, 40, 10)",houghCircle,0.622916667,44401735.25,33456025.5
"(np.float64(1.0), 130, 190, 40, 10)",houghCircle,0.622916667,39745129.51,32432961
"(np.float64(1.0), 130, 200, 40, 10)",houghCircle,0.622916667,38309658.35,30694469.5
"(np.float64(1.0), 130, 220, 40, 10)",houghCircle,0.622916667,42933104.01,31643789.5
"(np.float64(1.0), 130, 230, 40, 10)",houghCircle,0.622916667,40682577.34,31299084
"(np.float64(1.0), 140, 130, 40, 10)",houghCircle,0.622916667,54270548.14,43911059
"(np.float64(1.0), 140, 160, 30, 5)",houghCircle,0.622916667,43254881.08,33411371
"(np.float64(1.0), 140, 170, 40, 10)",houghCircle,0.622916667,40352189.52,32579811
"(np.float64(1.0), 140, 190, 40, 10)",houghCircle,0.622916667,44326826.94,33010533.5
"(np.float64(1.0), 140, 200, 40, 10)",houghCircle,0.622916667,43639440.23,32494902
"(np.float64(1.0), 140, 220, 40, 10)",houghCircle,0.622916667,51989581.59,41288738.5
"(np.float64(1.0), 140, 230, 40, 10)",houghCircle,0.622916667,41639207.94,31538622
"(np.float64(1.0), 150, 130, 40, 10)",houghCircle,0.622916667,44189679.23,34626295.5
"(np.float64(1.0), 150, 170, 40, 10)",houghCircle,0.622916667,43917703.71,33009201.5
"(np.float64(1.0), 150, 190, 40, 10)",houghCircle,0.622916667,42664907.54,33183264.5
"(np.float64(1.0), 150, 200, 40, 10)",houghCircle,0.622916667,44142402.5,31596015.5
"(np.float64(1.0), 150, 210, 40, 10)",houghCircle,0.622916667,42171090.41,32034002
"(np.float64(1.0), 150, 220, 40, 10)",houghCircle,0.622916667,40106133.52,31016628.5
"(np.float64(1.0), 150, 230, 40, 10)",houghCircle,0.622916667,40850727.24,31934210.5
"(np.float64(1.0), 160, 130, 40, 10)",houghCircle,0.622916667,53873588.04,43277747
"(np.float64(1.0), 160, 170, 40, 10)",houghCircle,0.622916667,42419481.8,33517771.5
"(np.float64(1.0), 160, 190, 40, 10)",houghCircle,0.622916667,41851942.85,32825992.5
"(np.float64(1.0), 160, 200, 40, 10)",houghCircle,0.622916667,42069806.01,31755439.5
"(np.float64(1.0), 160, 210, 40, 10)",houghCircle,0.622916667,53428446.8,40715018
"(np.float64(1.0), 160, 220, 40, 10)",houghCircle,0.622916667,54416291.73,41365328.5
"(np.float64(1.0), 160, 230, 40, 10)",houghCircle,0.622916667,41912027.45,30874262
"(np.float64(1.0), 170, 100, 40, 5)",houghCircle,0.622916667,45275480.49,36928805
"(np.float64(1.0), 170, 150, 40, 10)",houghCircle,0.622916667,55007017.64,43338695.5
"(np.float64(1.0), 170, 190, 40, 10)",houghCircle,0.622916667,40973379.29,32338913.5
"(np.float64(1.0), 170, 200, 40, 10)",houghCircle,0.622916667,43483973.69,32808104.5
"(np.float64(1.0), 170, 210, 40, 10)",houghCircle,0.622916667,42115380.04,31152613
"(np.float64(1.0), 170, 220, 40, 10)",houghCircle,0.622916667,42990737.6,32407346.5
"(np.float64(1.0), 170, 230, 40, 10)",houghCircle,0.622916667,41536770.23,31708937.5
"(np.float64(1.0), 200, 140, 30, 5)",houghCircle,0.622916667,44424304.11,34577349
"(np.float64(1.0), 210, 140, 30, 5)",houghCircle,0.622916667,43784674.23,34485626.5
"(np.float64(1.0), 250, 120, 40, 5)",houghCircle,0.622916667,44323227,35595379.5
"(np.float64(1.0), 260, 120, 40, 5)",houghCircle,0.622916667,54878479.24,43700593.5
"(np.float64(1.0), 270, 110, 30, 5)",houghCircle,0.622916667,46496660.05,36631723
"(np.float64(1.0), 270, 120, 40, 5)",houghCircle,0.622916667,56122273.28,46119467.5
"(np.float64(1.0), 280, 170, 40, 5)",houghCircle,0.622916667,45195692.06,34527964
"(np.float64(1.0), 280, 250, 40, 5)",houghCircle,0.622916667,42109137.91,32567619
"(np.float64(1.0), 280, 260, 40, 5)",houghCircle,0.622916667,50876052.01,38740759.5
"(np.float64(1.0), 290, 140, 30, 5)",houghCircle,0.622916667,44371870.95,35597313
"(np.float64(1.0), 290, 170, 40, 15)",houghCircle,0.622916667,42069125.46,32255723
"(np.float64(1.0), 290, 180, 40, 15)",houghCircle,0.622916667,41896253.93,32119472
"(np.float64(1.0), 290, 210, 30, 5)",houghCircle,0.622916667,43255787.79,32227104
"(np.float64(1.5), 100, 130, 40, 10)",houghCircle,0.622916667,47368932.29,35465504.5
"(np.float64(1.5), 100, 160, 30, 5)",houghCircle,0.622916667,45829873.01,34216627
"(np.float64(1.5), 100, 170, 40, 10)",houghCircle,0.622916667,42338766.09,32731836
"(np.float64(1.5), 100, 190, 40, 10)",houghCircle,0.622916667,40473286.28,31915600
"(np.float64(1.5), 100, 200, 40, 10)",houghCircle,0.622916667,39750367.08,31927442.5
"(np.float64(1.5), 100, 220, 40, 10)",houghCircle,0.622916667,44434786.69,32361806
"(np.float64(1.5), 100, 230, 40, 10)",houghCircle,0.622916667,40644286.81,31733693
"(np.float64(1.5), 110, 130, 40, 10)",houghCircle,0.622916667,44015625.72,34179863.5
"(np.float64(1.5), 110, 160, 30, 5)",houghCircle,0.622916667,44032263.36,33644649
"(np.float64(1.5), 110, 170, 40, 10)",houghCircle,0.622916667,42492069.01,32713161.5
"(np.float64(1.5), 110, 190, 40, 10)",houghCircle,0.622916667,43408570.03,32798396.5
"(np.float64(1.5), 110, 200, 40, 10)",houghCircle,0.622916667,43054652.47,31372456
"(np.float64(1.5), 110, 220, 40, 10)",houghCircle,0.622916667,42358173.98,30959927
"(np.float64(1.5), 110, 230, 40, 10)",houghCircle,0.622916667,40821133.23,31292480.5
"(np.float64(1.5), 120, 130, 40, 10)",houghCircle,0.622916667,44090498.88,34129263
"(np.float64(1.5), 120, 160, 30, 5)",houghCircle,0.622916667,43466429.82,34829141
"(np.float64(1.5), 120, 170, 40, 10)",houghCircle,0.622916667,44483963.73,33380515
"(np.float64(1.5), 120, 190, 40, 10)",houghCircle,0.622916667,40379331.3,31172211
"(np.float64(1.5), 120, 200, 40, 10)",houghCircle,0.622916667,50003431.77,38417768.5
"(np.float64(1.5), 120, 220, 40, 10)",houghCircle,0.622916667,43990598.94,33895097.5
"(np.float64(1.5), 120, 230, 40, 10)",houghCircle,0.622916667,41263317.72,31856374.5
"(np.float64(1.5), 130, 130, 40, 10)",houghCircle,0.622916667,43766924.93,34747974
"(np.float64(1.5), 130, 160, 30, 5)",houghCircle,0.622916667,42907531.14,34359250
"(np.float64(1.5), 130, 170, 40, 10)",houghCircle,0.622916667,43885231.19,33307046
"(np.float64(1.5), 130, 190, 40, 10)",houghCircle,0.622916667,50499133.08,40213568
"(np.float64(1.5), 130, 200, 40, 10)",houghCircle,0.622916667,49385579.41,38901956.5
"(np.float64(1.5), 130, 220, 40, 10)",houghCircle,0.622916667,48914320.9,38937940
"(np.float64(1.5), 130, 230, 40, 10)",houghCircle,0.622916667,41443948.71,32840305
"(np.float64(1.5), 140, 130, 40, 10)",houghCircle,0.622916667,43982788.64,34329854.5
"(np.float64(1.5), 140, 160, 30, 5)",houghCircle,0.622916667,42742514.8,32843792
"(np.float64(1.5), 140, 170, 40, 10)",houghCircle,0.622916667,52033774.36,40005140.5
"(np.float64(1.5), 140, 190, 40, 10)",houghCircle,0.622916667,44714858.05,32920955.5
"(np.float64(1.5), 140, 200, 40, 10)",houghCircle,0.622916667,41610813.89,31999679.5
"(np.float64(1.5), 140, 220, 40, 10)",houghCircle,0.622916667,50651757.7,40039306
"(np.float64(1.5), 140, 230, 40, 10)",houghCircle,0.622916667,42287265.16,30819489.5
"(np.float64(1.5), 150, 130, 40, 10)",houghCircle,0.622916667,43097642.48,35321139
"(np.float64(1.5), 150, 170, 40, 10)",houghCircle,0.622916667,42726526.34,32572567.5
"(np.float64(1.5), 150, 190, 40, 10)",houghCircle,0.622916667,41819165.98,32815473.5
"(np.float64(1.5), 150, 200, 40, 10)",houghCircle,0.622916667,41423277.6,32881045
"(np.float64(1.5), 150, 210, 40, 10)",houghCircle,0.622916667,43912872.26,32685318.5
"(np.float64(1.5), 150, 220, 40, 10)",houghCircle,0.622916667,43692441.66,31744034
"(np.float64(1.5), 150, 230, 40, 10)",houghCircle,0.622916667,42476088.02,32101198
"(np.float64(1.5), 160, 130, 40, 10)",houghCircle,0.622916667,44486740.46,34973522
"(np.float64(1.5), 160, 170, 40, 10)",houghCircle,0.622916667,43001975.03,32498879.5
"(np.float64(1.5), 160, 190, 40, 10)",houghCircle,0.622916667,38019120.21,31275750
"(np.float64(1.5), 160, 200, 40, 10)",houghCircle,0.622916667,40295213.58,31039761.5
"(np.float64(1.5), 160, 210, 40, 10)",houghCircle,0.622916667,41172368.12,31199827.5
"(np.float64(1.5), 160, 220, 40, 10)",houghCircle,0.622916667,44850405.28,34218836.5
"(np.float64(1.5), 160, 230, 40, 10)",houghCircle,0.622916667,42352770.28,31480819.5
"(np.float64(1.5), 170, 100, 40, 5)",houghCircle,0.622916667,45251337.41,36472989
"(np.float64(1.5), 170, 150, 40, 10)",houghCircle,0.622916667,41574992.69,33084712.5
"(np.float64(1.5), 170, 190, 40, 10)",houghCircle,0.622916667,43180980.15,32695830
"(np.float64(1.5), 170, 200, 40, 10)",houghCircle,0.622916667,42711198.94,33295755
"(np.float64(1.5), 170, 210, 40, 10)",houghCircle,0.622916667,45838313.86,32987430.5
"(np.float64(1.5), 170, 220, 40, 10)",houghCircle,0.622916667,40843727.41,31524169.5
"(np.float64(1.5), 170, 230, 40, 10)",houghCircle,0.622916667,39253565.57,31377751.5
"(np.float64(1.5), 200, 140, 30, 5)",houghCircle,0.622916667,41482431.1,33039863.5
"(np.float64(1.5), 210, 140, 30, 5)",houghCircle,0.622916667,45200152.41,34609971
"(np.float64(1.5), 250, 120, 40, 5)",houghCircle,0.622916667,44010757.18,34506545.5
"(np.float64(1.5), 260, 120, 40, 5)",houghCircle,0.622916667,44713290.4,35642582
"(np.float64(1.5), 270, 110, 30, 5)",houghCircle,0.622916667,47640908.17,37500673
"(np.float64(1.5), 270, 120, 40, 5)",houghCircle,0.622916667,44480382.85,33798312.5
"(np.float64(1.5), 280, 170, 40, 5)",houghCircle,0.622916667,42950354.19,33272826.5
"(np.float64(1.5), 280, 250, 40, 5)",houghCircle,0.622916667,45496994.44,33216231
"(np.float64(1.5), 280, 260, 40, 5)",houghCircle,0.622916667,45787796,37907396.5
"(np.float64(1.5), 290, 140, 30, 5)",houghCircle,0.622916667,42831832.67,34251783
"(np.float64(1.5), 290, 170, 40, 15)",houghCircle,0.622916667,45287542.53,32549589
"(np.float64(1.5), 290, 180, 40, 15)",houghCircle,0.622916667,39803043.27,31619576
"(np.float64(1.5), 290, 210, 30, 5)",houghCircle,0.622916667,42599724.03,32828157
"(np.float64(1.0), 100, 150, 40, 10)",houghCircle,0.620833333,42046901.01,33704466
"(np.float64(1.0), 100, 210, 40, 10)",houghCircle,0.620833333,44888336.09,33330881.5
"(np.float64(1.0), 110, 150, 40, 10)",houghCircle,0.620833333,43121334.74,33281661.5
"(np.float64(1.0), 110, 210, 40, 10)",houghCircle,0.620833333,42293794.4,31776857.5
"(np.float64(1.0), 120, 100, 40, 5)",houghCircle,0.620833333,45209269.21,36703397
"(np.float64(1.0), 120, 150, 40, 10)",houghCircle,0.620833333,43626392.83,33223628.5
"(np.float64(1.0), 120, 210, 40, 10)",houghCircle,0.620833333,41681962.6,31690632.5
"(np.float64(1.0), 130, 100, 40, 5)",houghCircle,0.620833333,45412655.85,36255026
"(np.float64(1.0), 130, 150, 40, 10)",houghCircle,0.620833333,43434231.14,33928316
"(np.float64(1.0), 130, 210, 40, 10)",houghCircle,0.620833333,44849410.5,32783303
"(np.float64(1.0), 140, 100, 40, 5)",houghCircle,0.620833333,54258339.29,44802441
"(np.float64(1.0), 140, 150, 40, 10)",houghCircle,0.620833333,44630302.12,34689815.5
"(np.float64(1.0), 140, 210, 40, 10)",houghCircle,0.620833333,40018220.09,31994423
"(np.float64(1.0), 150, 100, 40, 5)",houghCircle,0.620833333,43428668.31,35706823
"(np.float64(1.0), 150, 150, 30, 5)",houghCircle,0.620833333,43268334.45,33745958.5
"(np.float64(1.0), 150, 150, 40, 10)",houghCircle,0.620833333,49988210.79,38377798.5
"(np.float64(1.0), 160, 100, 40, 5)",houghCircle,0.620833333,47914792.3,36910995.5
"(np.float64(1.0), 160, 150, 40, 10)",houghCircle,0.620833333,39212351.46,31609010
"(np.float64(1.0), 220, 130, 30, 5)",houghCircle,0.620833333,43997755.62,34793905.5
"(np.float64(1.0), 240, 120, 40, 5)",houghCircle,0.620833333,42241242.08,34412649
"(np.float64(1.0), 240, 140, 40, 5)",houghCircle,0.620833333,42083744.28,34315634
"(np.float64(1.0), 250, 110, 40, 5)",houghCircle,0.620833333,46130112.31,37482036.5
"(np.float64(1.0), 250, 140, 40, 5)",houghCircle,0.620833333,43753549.02,33965597
"(np.float64(1.0), 250, 160, 40, 5)",houghCircle,0.620833333,45003065.93,34133517
"(np.float64(1.0), 250, 180, 40, 5)",houghCircle,0.620833333,56844832.59,43729007
"(np.float64(1.0), 260, 110, 40, 5)",houghCircle,0.620833333,45870834.35,36856164
"(np.float64(1.0), 260, 140, 40, 5)",houghCircle,0.620833333,53684858.7,43256240
"(np.float64(1.0), 260, 160, 40, 5)",houghCircle,0.620833333,52224729.53,41907525.5
"(np.float64(1.0), 260, 180, 40, 5)",houghCircle,0.620833333,42059743.59,32380091.5
"(np.float64(1.0), 270, 110, 40, 5)",houghCircle,0.620833333,58493456.66,46388818.5
"(np.float64(1.0), 270, 140, 40, 5)",houghCircle,0.620833333,42764286.19,34129318
"(np.float64(1.0), 270, 160, 40, 5)",houghCircle,0.620833333,42121954.44,33033227
"(np.float64(1.0), 270, 180, 40, 5)",houghCircle,0.620833333,42832148.04,33317825
"(np.float64(1.0), 280, 150, 40, 5)",houghCircle,0.620833333,49593258.41,39744402.5
"(np.float64(1.0), 280, 230, 40, 5)",houghCircle,0.620833333,41493349.7,32200173.5
"(np.float64(1.0), 280, 240, 40, 5)",houghCircle,0.620833333,43040083.92,31931825
"(np.float64(1.0), 280, 270, 40, 5)",houghCircle,0.620833333,39414489.91,30601720
"(np.float64(1.0), 280, 280, 40, 5)",houghCircle,0.620833333,44464381.64,32040710
"(np.float64(1.0), 280, 290, 40, 5)",houghCircle,0.620833333,43074005.64,32319873.5
"(np.float64(1.0), 290, 130, 30, 5)",houghCircle,0.620833333,46393907.35,35459754
"(np.float64(1.5), 100, 150, 40, 10)",houghCircle,0.620833333,43334365.03,32882579.5
"(np.float64(1.5), 100, 210, 40, 10)",houghCircle,0.620833333,42519215.85,32032563.5
"(np.float64(1.5), 110, 150, 40, 10)",houghCircle,0.620833333,41202881.07,33958377.5
"(np.float64(1.5), 110, 210, 40, 10)",houghCircle,0.620833333,44664318.5,32618014
"(np.float64(1.5), 120, 100, 40, 5)",houghCircle,0.620833333,47694903.89,38369904
"(np.float64(1.5), 120, 150, 40, 10)",houghCircle,0.620833333,43889977.53,34204003
"(np.float64(1.5), 120, 210, 40, 10)",houghCircle,0.620833333,44902337.41,32808540.5
"(np.float64(1.5), 130, 100, 40, 5)",houghCircle,0.620833333,44027241.65,36884993
"(np.float64(1.5), 130, 150, 40, 10)",houghCircle,0.620833333,42491770.61,33043521.5
"(np.float64(1.5), 130, 210, 40, 10)",houghCircle,0.620833333,54217344.39,40418507
"(np.float64(1.5), 140, 100, 40, 5)",houghCircle,0.620833333,46713246.48,37650770.5
"(np.float64(1.5), 140, 150, 40, 10)",houghCircle,0.620833333,41178794.73,33233166
"(np.float64(1.5), 140, 210, 40, 10)",houghCircle,0.620833333,53739045.45,40414805.5
"(np.float64(1.5), 150, 100, 40, 5)",houghCircle,0.620833333,45883053.16,36507294
"(np.float64(1.5), 150, 150, 30, 5)",houghCircle,0.620833333,45536228.82,33948463.5
"(np.float64(1.5), 150, 150, 40, 10)",houghCircle,0.620833333,44775540.94,34365386.5
"(np.float64(1.5), 160, 100, 40, 5)",houghCircle,0.620833333,46583612.14,38249452.5
"(np.float64(1.5), 160, 150, 40, 10)",houghCircle,0.620833333,43171688.92,33328180
"(np.float64(1.5), 220, 130, 30, 5)",houghCircle,0.620833333,45079865.14,35045285.5
"(np.float64(1.5), 240, 120, 40, 5)",houghCircle,0.620833333,42042757.05,34691974
"(np.float64(1.5), 240, 140, 40, 5)",houghCircle,0.620833333,47129923.19,35341738
"(np.float64(1.5), 250, 110, 40, 5)",houghCircle,0.620833333,45436457.38,36226042
"(np.float64(1.5), 250, 140, 40, 5)",houghCircle,0.620833333,45453676.45,35014989.5
"(np.float64(1.5), 250, 160, 40, 5)",houghCircle,0.620833333,45150033.33,33882709.5
"(np.float64(1.5), 250, 180, 40, 5)",houghCircle,0.620833333,43646862.33,33441581.5
"(np.float64(1.5), 260, 110, 40, 5)",houghCircle,0.620833333,44673905.3,36719216.5
"(np.float64(1.5), 260, 140, 40, 5)",houghCircle,0.620833333,45976485.51,34499492
"(np.float64(1.5), 260, 160, 40, 5)",houghCircle,0.620833333,39377266.14,30733447.5
"(np.float64(1.5), 260, 180, 40, 5)",houghCircle,0.620833333,44187853.27,33840196
"(np.float64(1.5), 270, 110, 40, 5)",houghCircle,0.620833333,44733206.37,36114342.5
"(np.float64(1.5), 270, 140, 40, 5)",houghCircle,0.620833333,42553632.16,33375959.5
"(np.float64(1.5), 270, 160, 40, 5)",houghCircle,0.620833333,42922607.39,34016240.5
"(np.float64(1.5), 270, 180, 40, 5)",houghCircle,0.620833333,42572054.01,33549515.5
"(np.float64(1.5), 280, 150, 40, 5)",houghCircle,0.620833333,43465297.22,32698408.5
"(np.float64(1.5), 280, 230, 40, 5)",houghCircle,0.620833333,46174450.53,36336754.5
"(np.float64(1.5), 280, 240, 40, 5)",houghCircle,0.620833333,38751859.29,31534465
"(np.float64(1.5), 280, 270, 40, 5)",houghCircle,0.620833333,39847722.29,31328699
"(np.float64(1.5), 280, 280, 40, 5)",houghCircle,0.620833333,44402564.63,32328399.5
"(np.float64(1.5), 280, 290, 40, 5)",houghCircle,0.620833333,40867323.7,31798870.5
"(np.float64(1.5), 290, 130, 30, 5)",houghCircle,0.620833333,43870022.39,35545098.5
"(np.float64(1.0), 110, 100, 40, 5)",houghCircle,0.61875,45854879.19,37793281.5
"(np.float64(1.0), 120, 150, 30, 5)",houghCircle,0.61875,42644489.87,34504843.5
"(np.float64(1.0), 130, 150, 30, 5)",houghCircle,0.61875,43621211.02,34124278.5
"(np.float64(1.0), 140, 150, 30, 5)",houghCircle,0.61875,43308285.14,33342412
"(np.float64(1.0), 230, 120, 30, 5)",houghCircle,0.61875,44126245.44,35715434
"(np.float64(1.0), 240, 110, 40, 5)",houghCircle,0.61875,45350930.84,35850011
"(np.float64(1.0), 240, 160, 40, 5)",houghCircle,0.61875,43672533.67,34426180.5
"(np.float64(1.0), 250, 170, 40, 5)",houghCircle,0.61875,40743624.36,33021184.5
"(np.float64(1.0), 250, 250, 40, 5)",houghCircle,0.61875,42029521.2,31913391.5
"(np.float64(1.0), 250, 260, 40, 5)",houghCircle,0.61875,39560062.95,30817109.5
"(np.float64(1.0), 260, 110, 30, 5)",houghCircle,0.61875,43865990.97,35858628
"(np.float64(1.0), 260, 170, 40, 5)",houghCircle,0.61875,45847862.95,34571909
"(np.float64(1.0), 260, 250, 40, 5)",houghCircle,0.61875,41684309.03,31734770.5
"(np.float64(1.0), 260, 260, 40, 5)",houghCircle,0.61875,42681058,31426307.5
"(np.float64(1.0), 270, 170, 40, 5)",houghCircle,0.61875,41317341.64,32934812.5
"(np.float64(1.0), 270, 250, 40, 5)",houghCircle,0.61875,40704301.94,31638124.5
"(np.float64(1.0), 270, 260, 40, 5)",houghCircle,0.61875,40821308.34,31777515.5
"(np.float64(1.0), 280, 130, 40, 5)",houghCircle,0.61875,44433721.12,35383470.5
"(np.float64(1.0), 280, 190, 40, 5)",houghCircle,0.61875,43553098.23,33758474
"(np.float64(1.0), 280, 220, 40, 5)",houghCircle,0.61875,41416038.38,31550149.5
"(np.float64(1.0), 290, 240, 40, 15)",houghCircle,0.61875,42778686.75,31925248.5
"(np.float64(1.0), 290, 250, 40, 15)",houghCircle,0.61875,39647564.29,30440582.5
"(np.float64(1.0), 290, 280, 40, 15)",houghCircle,0.61875,41666607.71,31031972
"(np.float64(1.0), 290, 290, 40, 15)",houghCircle,0.61875,41898909.76,31326941
"(np.float64(1.5), 110, 100, 40, 5)",houghCircle,0.61875,45853332.31,36070209
"(np.float64(1.5), 120, 150, 30, 5)",houghCircle,0.61875,41731568.51,33672215
"(np.float64(1.5), 130, 150, 30, 5)",houghCircle,0.61875,44414878.08,34400477.5
"(np.float64(1.5), 140, 150, 30, 5)",houghCircle,0.61875,43558845.4,33602566
"(np.float64(1.5), 230, 120, 30, 5)",houghCircle,0.61875,45905106.53,36722198
"(np.float64(1.5), 240, 110, 40, 5)",houghCircle,0.61875,46991963.75,36741504
"(np.float64(1.5), 240, 160, 40, 5)",houghCircle,0.61875,41232666.37,33859496.5
"(np.float64(1.5), 250, 170, 40, 5)",houghCircle,0.61875,42018243.38,32734841.5
"(np.float64(1.5), 250, 250, 40, 5)",houghCircle,0.61875,45666535.64,31828822.5
"(np.float64(1.5), 250, 260, 40, 5)",houghCircle,0.61875,41538644.52,30452094
"(np.float64(1.5), 260, 110, 30, 5)",houghCircle,0.61875,43767801.91,36191430.5
"(np.float64(1.5), 260, 170, 40, 5)",houghCircle,0.61875,42995207.79,33490996
"(np.float64(1.5), 260, 250, 40, 5)",houghCircle,0.61875,43145265.8,31592694.5
"(np.float64(1.5), 260, 260, 40, 5)",houghCircle,0.61875,46086886.47,33244288
"(np.float64(1.5), 270, 170, 40, 5)",houghCircle,0.61875,43707249.43,34025403.5
"(np.float64(1.5), 270, 250, 40, 5)",houghCircle,0.61875,43980860.7,32845860.5
"(np.float64(1.5), 270, 260, 40, 5)",houghCircle,0.61875,37021240.88,30700174.5
"(np.float64(1.5), 280, 130, 40, 5)",houghCircle,0.61875,45195202.99,34548867
"(np.float64(1.5), 280, 190, 40, 5)",houghCircle,0.61875,43536255.3,33763366.5
"(np.float64(1.5), 280, 220, 40, 5)",houghCircle,0.61875,37983350.53,30494359
"(np.float64(1.5), 290, 240, 40, 15)",houghCircle,0.61875,38837680.39,31068535.5
"(np.float64(1.5), 290, 250, 40, 15)",houghCircle,0.61875,40545860.55,30444570.5
"(np.float64(1.5), 290, 280, 40, 15)",houghCircle,0.61875,51731020.31,39308704.5
"(np.float64(1.5), 290, 290, 40, 15)",houghCircle,0.61875,46253723.97,31688093.5
"(np.float64(1.0), 100, 100, 40, 5)",houghCircle,0.616666667,48089015.8,38265858
"(np.float64(1.0), 100, 150, 30, 5)",houghCircle,0.616666667,45464910.52,34614749.5
"(np.float64(1.0), 110, 150, 30, 5)",houghCircle,0.616666667,43863706.52,34247485
"(np.float64(1.0), 190, 140, 30, 5)",houghCircle,0.616666667,43481960.29,33941777
"(np.float64(1.0), 230, 120, 40, 5)",houghCircle,0.616666667,43753461.44,35880353
"(np.float64(1.0), 230, 140, 40, 5)",houghCircle,0.616666667,43635140.4,33828118
"(np.float64(1.0), 240, 150, 40, 5)",houghCircle,0.616666667,41058764.09,33676172.5
"(np.float64(1.0), 240, 170, 40, 5)",houghCircle,0.616666667,46807155.78,34483766.5
"(np.float64(1.0), 240, 180, 40, 5)",houghCircle,0.616666667,43258546.6,33077960.5
"(np.float64(1.0), 240, 250, 40, 5)",houghCircle,0.616666667,55120630.61,42537978.5
"(np.float64(1.0), 240, 260, 40, 5)",houghCircle,0.616666667,41654263.49,31440860
"(np.float64(1.0), 250, 150, 40, 5)",houghCircle,0.616666667,44270717.39,33794776
"(np.float64(1.0), 250, 230, 40, 5)",houghCircle,0.616666667,42159534.23,32170223
"(np.float64(1.0), 250, 240, 40, 5)",houghCircle,0.616666667,40786238.33,31468345
"(np.float64(1.0), 250, 270, 40, 5)",houghCircle,0.616666667,41241379.22,31211344
"(np.float64(1.0), 250, 280, 40, 5)",houghCircle,0.616666667,39734473.17,30629962.5
"(np.float64(1.0), 250, 290, 40, 5)",houghCircle,0.616666667,41739413.81,31466142
"(np.float64(1.0), 260, 150, 40, 5)",houghCircle,0.616666667,55825467.25,44309371.5
"(np.float64(1.0), 260, 230, 40, 5)",houghCircle,0.616666667,41511595.83,31785490.5
"(np.float64(1.0), 260, 240, 40, 5)",houghCircle,0.616666667,44498609.75,36394598
"(np.float64(1.0), 260, 270, 40, 5)",houghCircle,0.616666667,52036382.35,41693308.5
"(np.float64(1.0), 260, 280, 40, 5)",houghCircle,0.616666667,52529407.81,40629041
"(np.float64(1.0), 260, 290, 40, 5)",houghCircle,0.616666667,41675869.38,31112773
"(np.float64(1.0), 270, 150, 40, 5)",houghCircle,0.616666667,44582074.86,33506405.5
"(np.float64(1.0), 270, 230, 40, 5)",houghCircle,0.616666667,41356339.11,31726044.5
"(np.float64(1.0), 270, 240, 40, 5)",houghCircle,0.616666667,41609277.39,31567847.5
"(np.float64(1.0), 270, 270, 40, 5)",houghCircle,0.616666667,39767679.97,30863241
"(np.float64(1.0), 270, 280, 40, 5)",houghCircle,0.616666667,40702721.98,30801234.5
"(np.float64(1.0), 270, 290, 40, 5)",houghCircle,0.616666667,40523426.01,31067774
"(np.float64(1.0), 280, 200, 40, 5)",houghCircle,0.616666667,40731674,31717013
"(np.float64(1.0), 280, 210, 40, 5)",houghCircle,0.616666667,42415802.82,31988772
"(np.float64(1.0), 290, 120, 30, 5)",houghCircle,0.616666667,44445028.75,35938768
"(np.float64(1.0), 290, 190, 40, 15)",houghCircle,0.616666667,51961504.25,38501620.5
"(np.float64(1.0), 290, 200, 40, 15)",houghCircle,0.616666667,51499048.3,39396175
"(np.float64(1.0), 290, 210, 40, 15)",houghCircle,0.616666667,42848287.33,31819033.5
"(np.float64(1.0), 290, 220, 40, 15)",houghCircle,0.616666667,46005190.78,37609006
"(np.float64(1.0), 290, 230, 40, 15)",houghCircle,0.616666667,41157844.07,31858823.5
"(np.float64(1.0), 290, 260, 40, 15)",houghCircle,0.616666667,40325036.49,31520293
"(np.float64(1.0), 290, 270, 40, 15)",houghCircle,0.616666667,38591919.49,31037402
"(np.float64(1.5), 100, 100, 40, 5)",houghCircle,0.616666667,47127894.6,36778914.5
"(np.float64(1.5), 100, 150, 30, 5)",houghCircle,0.616666667,43517545.53,32552279
"(np.float64(1.5), 110, 150, 30, 5)",houghCircle,0.616666667,44015074.56,33759414
"(np.float64(1.5), 190, 140, 30, 5)",houghCircle,0.616666667,45110048.14,35450422
"(np.float64(1.5), 230, 120, 40, 5)",houghCircle,0.616666667,44655357.7,35301576.5
"(np.float64(1.5), 230, 140, 40, 5)",houghCircle,0.616666667,44497050.63,34586737
"(np.float64(1.5), 240, 150, 40, 5)",houghCircle,0.616666667,44578952.61,34059978
"(np.float64(1.5), 240, 170, 40, 5)",houghCircle,0.616666667,45156026.4,34470618
"(np.float64(1.5), 240, 180, 40, 5)",houghCircle,0.616666667,43442425.69,33721839
"(np.float64(1.5), 240, 250, 40, 5)",houghCircle,0.616666667,41546169.6,31934995.5
"(np.float64(1.5), 240, 260, 40, 5)",houghCircle,0.616666667,42605993.11,32785251.5
"(np.float64(1.5), 250, 150, 40, 5)",houghCircle,0.616666667,45154985.31,33938741
"(np.float64(1.5), 250, 230, 40, 5)",houghCircle,0.616666667,39972637.09,32145877
"(np.float64(1.5), 250, 240, 40, 5)",houghCircle,0.616666667,49441802.77,38961984
"(np.float64(1.5), 250, 270, 40, 5)",houghCircle,0.616666667,40918732.69,31234416
"(np.float64(1.5), 250, 280, 40, 5)",houghCircle,0.616666667,38799719.56,31101789
"(np.float64(1.5), 250, 290, 40, 5)",houghCircle,0.616666667,40714846.55,31562843
"(np.float64(1.5), 260, 150, 40, 5)",houghCircle,0.616666667,43018151.99,34122680
"(np.float64(1.5), 260, 230, 40, 5)",houghCircle,0.616666667,45109896,33349305
"(np.float64(1.5), 260, 240, 40, 5)",houghCircle,0.616666667,40271050.18,31918111
"(np.float64(1.5), 260, 270, 40, 5)",houghCircle,0.616666667,42634968.14,33275295.5
"(np.float64(1.5), 260, 280, 40, 5)",houghCircle,0.616666667,39975904.63,32380136.5
"(np.float64(1.5), 260, 290, 40, 5)",houghCircle,0.616666667,40099482.49,31550275
"(np.float64(1.5), 270, 150, 40, 5)",houghCircle,0.616666667,47330710.29,35518420.5
"(np.float64(1.5), 270, 230, 40, 5)",houghCircle,0.616666667,41586949.89,32046856
"(np.float64(1.5), 270, 240, 40, 5)",houghCircle,0.616666667,49763685.74,39959049.5
"(np.float64(1.5), 270, 270, 40, 5)",houghCircle,0.616666667,41393633.62,31925865.5
"(np.float64(1.5), 270, 280, 40, 5)",houghCircle,0.616666667,40940248.57,31748446.5
"(np.float64(1.5), 270, 290, 40, 5)",houghCircle,0.616666667,42760325.87,31700671.5
"(np.float64(1.5), 280, 200, 40, 5)",houghCircle,0.616666667,43999634.72,33021870
"(np.float64(1.5), 280, 210, 40, 5)",houghCircle,0.616666667,43350729,33303458.5
"(np.float64(1.5), 290, 120, 30, 5)",houghCircle,0.616666667,43808251.72,36030130
"(np.float64(1.5), 290, 190, 40, 15)",houghCircle,0.616666667,46364987.87,33633292
"(np.float64(1.5), 290, 200, 40, 15)",houghCircle,0.616666667,43465184.49,32306583.5
"(np.float64(1.5), 290, 210, 40, 15)",houghCircle,0.616666667,41668739.52,31357244
"(np.float64(1.5), 290, 220, 40, 15)",houghCircle,0.616666667,41381221.67,31422481.5
"(np.float64(1.5), 290, 230, 40, 15)",houghCircle,0.616666667,50225742.59,38144335
"(np.float64(1.5), 290, 260, 40, 15)",houghCircle,0.616666667,40821203.95,30050496.5
"(np.float64(1.5), 290, 270, 40, 15)",houghCircle,0.616666667,41553965.14,30496212.5
"(np.float64(1.0), 180, 140, 30, 5)",houghCircle,0.614583333,45320494.28,35836055
"(np.float64(1.0), 220, 120, 40, 5)",houghCircle,0.614583333,47041496.44,36045688.5
"(np.float64(1.0), 220, 140, 40, 5)",houghCircle,0.614583333,55312108.46,44226311
"(np.float64(1.0), 230, 160, 40, 5)",houghCircle,0.614583333,53730004.04,42409317
"(np.float64(1.0), 240, 130, 40, 5)",houghCircle,0.614583333,53100479.65,42846607.5
"(np.float64(1.0), 240, 240, 40, 5)",houghCircle,0.614583333,42883992.9,33296501
"(np.float64(1.0), 240, 270, 40, 5)",houghCircle,0.614583333,41692063.9,31950481.5
"(np.float64(1.0), 240, 280, 40, 5)",houghCircle,0.614583333,43034560.72,32700363
"(np.float64(1.0), 240, 290, 40, 5)",houghCircle,0.614583333,40658190.55,31155950
"(np.float64(1.0), 250, 130, 40, 5)",houghCircle,0.614583333,43350216.98,34304637
"(np.float64(1.0), 250, 190, 40, 5)",houghCircle,0.614583333,43528171.8,33377111.5
"(np.float64(1.0), 250, 220, 40, 5)",houghCircle,0.614583333,40345011.23,31538698.5
"(np.float64(1.0), 260, 130, 40, 5)",houghCircle,0.614583333,45416039.35,34837701.5
"(np.float64(1.0), 260, 190, 40, 5)",houghCircle,0.614583333,55179606.05,41677103.5
"(np.float64(1.0), 260, 220, 40, 5)",houghCircle,0.614583333,40425109.08,31181653.5
"(np.float64(1.0), 270, 130, 40, 5)",houghCircle,0.614583333,53943301.52,44808965
"(np.float64(1.0), 270, 190, 40, 5)",houghCircle,0.614583333,52137330.31,41111457.5
"(np.float64(1.0), 270, 220, 40, 5)",houghCircle,0.614583333,43847142.7,33831343.5
"(np.float64(1.5), 180, 140, 30, 5)",houghCircle,0.614583333,46025459.31,34866090.5
"(np.float64(1.5), 220, 120, 40, 5)",houghCircle,0.614583333,49261486.8,42283615.5
"(np.float64(1.5), 220, 140, 40, 5)",houghCircle,0.614583333,44926582.36,34107216.5
"(np.float64(1.5), 230, 160, 40, 5)",houghCircle,0.614583333,45224524.24,34001580
"(np.float64(1.5), 240, 130, 40, 5)",houghCircle,0.614583333,45973825.22,35539975
"(np.float64(1.5), 240, 240, 40, 5)",houghCircle,0.614583333,49084657.34,39286423
"(np.float64(1.5), 240, 270, 40, 5)",houghCircle,0.614583333,43188379.17,31193996.5
"(np.float64(1.5), 240, 280, 40, 5)",houghCircle,0.614583333,41395142.33,31494154
"(np.float64(1.5), 240, 290, 40, 5)",houghCircle,0.614583333,42797800.99,31623407.5
"(np.float64(1.5), 250, 130, 40, 5)",houghCircle,0.614583333,45403787.74,35309026.5
"(np.float64(1.5), 250, 190, 40, 5)",houghCircle,0.614583333,43902505.21,32811175
"(np.float64(1.5), 250, 220, 40, 5)",houghCircle,0.614583333,42276413.81,32674469
"(np.float64(1.5), 260, 130, 40, 5)",houghCircle,0.614583333,43762103.88,34478918
"(np.float64(1.5), 260, 190, 40, 5)",houghCircle,0.614583333,45712574.31,33729704
"(np.float64(1.5), 260, 220, 40, 5)",houghCircle,0.614583333,41140249.05,31129140.5
"(np.float64(1.5), 270, 130, 40, 5)",houghCircle,0.614583333,47194007.35,36252982
"(np.float64(1.5), 270, 190, 40, 5)",houghCircle,0.614583333,41042631.3,32076738
"(np.float64(1.5), 270, 220, 40, 5)",houghCircle,0.614583333,44384573.48,33067369.5
"(np.float64(1.0), 210, 120, 40, 5)",houghCircle,0.6125,46167101.79,35314841
"(np.float64(1.0), 210, 140, 40, 5)",houghCircle,0.6125,44366118.31,34740374.5
"(np.float64(1.0), 220, 160, 40, 5)",houghCircle,0.6125,43537718.98,32563274.5
"(np.float64(1.0), 230, 110, 40, 5)",houghCircle,0.6125,54263647.82,44409064
"(np.float64(1.0), 230, 150, 40, 5)",houghCircle,0.6125,46773255.69,33923263
"(np.float64(1.0), 240, 230, 40, 5)",houghCircle,0.6125,54934229.18,42570329.5
"(np.float64(1.0), 250, 200, 40, 5)",houghCircle,0.6125,41986070.69,32533620
"(np.float64(1.0), 250, 210, 40, 5)",houghCircle,0.6125,41708180.7,32221177.5
"(np.float64(1.0), 260, 200, 40, 5)",houghCircle,0.6125,54149231.35,41349799
"(np.float64(1.0), 260, 210, 40, 5)",houghCircle,0.6125,42245308.64,32597995
"(np.float64(1.0), 270, 200, 40, 5)",houghCircle,0.6125,51384623.79,41824726.5
"(np.float64(1.0), 270, 210, 40, 5)",houghCircle,0.6125,51988238.11,41298216.5
"(np.float64(1.5), 210, 120, 40, 5)",houghCircle,0.6125,55846514.79,43984291.5
"(np.float64(1.5), 210, 140, 40, 5)",houghCircle,0.6125,41865416.65,34058165
"(np.float64(1.5), 220, 160, 40, 5)",houghCircle,0.6125,41350218.03,32377426.5
"(np.float64(1.5), 230, 110, 40, 5)",houghCircle,0.6125,45472897.09,35868771.5
"(np.float64(1.5), 230, 150, 40, 5)",houghCircle,0.6125,43062626.68,33269224
"(np.float64(1.5), 240, 230, 40, 5)",houghCircle,0.6125,40994828.29,32234378
"(np.float64(1.5), 250, 200, 40, 5)",houghCircle,0.6125,44385762.67,33024025.5
"(np.float64(1.5), 250, 210, 40, 5)",houghCircle,0.6125,42022599.57,32471949
"(np.float64(1.5), 260, 200, 40, 5)",houghCircle,0.6125,42978779.91,32730939
"(np.float64(1.5), 260, 210, 40, 5)",houghCircle,0.6125,41652580.57,32413083
"(np.float64(1.5), 270, 200, 40, 5)",houghCircle,0.6125,41279355.36,32325049
"(np.float64(1.5), 270, 210, 40, 5)",houghCircle,0.6125,48481973.27,37218488.5
"(np.float64(1.0), 200, 120, 40, 5)",houghCircle,0.610416667,43915578.61,35931874.5
"(np.float64(1.0), 200, 130, 30, 5)",houghCircle,0.610416667,45912192.71,35836415.5
"(np.float64(1.0), 200, 140, 40, 5)",houghCircle,0.610416667,44772265.27,34939293
"(np.float64(1.0), 210, 130, 30, 5)",houghCircle,0.610416667,43117661.68,34696491.5
"(np.float64(1.0), 210, 160, 40, 5)",houghCircle,0.610416667,44312827.8,34006949.5
"(np.float64(1.0), 220, 110, 40, 5)",houghCircle,0.610416667,46350141.64,37298694.5
"(np.float64(1.0), 220, 120, 30, 5)",houghCircle,0.610416667,45945552.32,37010202.5
"(np.float64(1.0), 220, 150, 40, 5)",houghCircle,0.610416667,45041094.65,34786832.5
"(np.float64(1.0), 230, 130, 40, 5)",houghCircle,0.610416667,43746153.3,34338822
"(np.float64(1.0), 230, 170, 40, 5)",houghCircle,0.610416667,56042251.8,43476683.5
"(np.float64(1.0), 230, 180, 40, 5)",houghCircle,0.610416667,52841039.37,40831565
"(np.float64(1.0), 230, 250, 40, 5)",houghCircle,0.610416667,42326803.06,31535802
"(np.float64(1.0), 230, 260, 40, 5)",houghCircle,0.610416667,40244248.74,31895888
"(np.float64(1.0), 240, 190, 40, 5)",houghCircle,0.610416667,43080482.12,32641088
"(np.float64(1.0), 240, 220, 40, 5)",houghCircle,0.610416667,50493389.77,41677183
"(np.float64(1.5), 200, 120, 40, 5)",houghCircle,0.610416667,42504412.46,34482777.5
"(np.float64(1.5), 200, 130, 30, 5)",houghCircle,0.610416667,46499680.15,35733844.5
"(np.float64(1.5), 200, 140, 40, 5)",houghCircle,0.610416667,52042882.2,41594587.5
"(np.float64(1.5), 210, 130, 30, 5)",houghCircle,0.610416667,44473644.51,36130776.5
"(np.float64(1.5), 210, 160, 40, 5)",houghCircle,0.610416667,44105149.33,32981054
"(np.float64(1.5), 220, 110, 40, 5)",houghCircle,0.610416667,51901071.82,43483271.5
"(np.float64(1.5), 220, 120, 30, 5)",houghCircle,0.610416667,44867207.78,35948571.5
"(np.float64(1.5), 220, 150, 40, 5)",houghCircle,0.610416667,46326040.97,35146827
"(np.float64(1.5), 230, 130, 40, 5)",houghCircle,0.610416667,45228986.34,35215245.5
"(np.float64(1.5), 230, 170, 40, 5)",houghCircle,0.610416667,43275434.2,33243355.5
"(np.float64(1.5), 230, 180, 40, 5)",houghCircle,0.610416667,41812813.84,33567493.5
"(np.float64(1.5), 230, 250, 40, 5)",houghCircle,0.610416667,51121254.51,37899246.5
"(np.float64(1.5), 230, 260, 40, 5)",houghCircle,0.610416667,43933625.84,31871943.5
"(np.float64(1.5), 240, 190, 40, 5)",houghCircle,0.610416667,44191593.23,32957560
"(np.float64(1.5), 240, 220, 40, 5)",houghCircle,0.610416667,52837881,40508891.5
"(np.float64(1.0), 170, 140, 30, 5)",houghCircle,0.608333333,42440581.32,34690596.5
"(np.float64(1.0), 200, 160, 40, 5)",houghCircle,0.608333333,44834305.4,34212549.5
"(np.float64(1.0), 210, 110, 40, 5)",houghCircle,0.608333333,46437766.8,36255426.5
"(np.float64(1.0), 210, 150, 40, 5)",houghCircle,0.608333333,43633344.84,33715533
"(np.float64(1.0), 220, 130, 40, 5)",houghCircle,0.608333333,42521012.73,34379979
"(np.float64(1.0), 220, 180, 40, 5)",houghCircle,0.608333333,40329167.34,31970293.5
"(np.float64(1.0), 220, 250, 40, 5)",houghCircle,0.608333333,38394028.07,30470284
"(np.float64(1.0), 220, 260, 40, 5)",houghCircle,0.608333333,40848148.68,32008810
"(np.float64(1.0), 230, 240, 40, 5)",houghCircle,0.608333333,39704384.94,30954772.5
"(np.float64(1.0), 230, 270, 40, 5)",houghCircle,0.608333333,51365774.12,41649441.5
"(np.float64(1.0), 230, 280, 40, 5)",houghCircle,0.608333333,56767542.2,41753381
"(np.float64(1.0), 230, 290, 40, 5)",houghCircle,0.608333333,42376865.38,31284390
"(np.float64(1.0), 240, 200, 40, 5)",houghCircle,0.608333333,42615407.83,32433626
"(np.float64(1.0), 240, 210, 40, 5)",houghCircle,0.608333333,44001095.76,33761198
"(np.float64(1.0), 250, 110, 30, 5)",houghCircle,0.608333333,45848158.35,36298970.5
"(np.float64(1.5), 170, 140, 30, 5)",houghCircle,0.608333333,43906560.88,36174655.5
"(np.float64(1.5), 200, 160, 40, 5)",houghCircle,0.608333333,41870541.54,33065623
"(np.float64(1.5), 210, 110, 40, 5)",houghCircle,0.608333333,47209837.13,36779200.5
"(np.float64(1.5), 210, 150, 40, 5)",houghCircle,0.608333333,51996393.33,40675254
"(np.float64(1.5), 220, 130, 40, 5)",houghCircle,0.608333333,48518094.41,35460455.5
"(np.float64(1.5), 220, 180, 40, 5)",houghCircle,0.608333333,42647275.72,32703012.5
"(np.float64(1.5), 220, 250, 40, 5)",houghCircle,0.608333333,41425979.29,31683099
"(np.float64(1.5), 220, 260, 40, 5)",houghCircle,0.608333333,44306082.63,32440068.5
"(np.float64(1.5), 230, 240, 40, 5)",houghCircle,0.608333333,50636159.33,40379724
"(np.float64(1.5), 230, 270, 40, 5)",houghCircle,0.608333333,41722097.84,31197904
"(np.float64(1.5), 230, 280, 40, 5)",houghCircle,0.608333333,42122522.6,31352869.5
"(np.float64(1.5), 230, 290, 40, 5)",houghCircle,0.608333333,41667566.35,31814571
"(np.float64(1.5), 240, 200, 40, 5)",houghCircle,0.608333333,43959934.42,32511272
"(np.float64(1.5), 240, 210, 40, 5)",houghCircle,0.608333333,43032951.03,31440824
"(np.float64(1.5), 250, 110, 30, 5)",houghCircle,0.608333333,47803194.97,36563554.5
"(np.float64(1.0), 190, 120, 40, 5)",houghCircle,0.60625,44287827.95,35250756.5
"(np.float64(1.0), 190, 140, 40, 5)",houghCircle,0.60625,43689655.93,33655980.5
"(np.float64(1.0), 200, 110, 40, 5)",houghCircle,0.60625,43809347.71,35182744.5
"(np.float64(1.0), 200, 150, 40, 5)",houghCircle,0.60625,52982152.71,43164999.5
"(np.float64(1.0), 210, 130, 40, 5)",houghCircle,0.60625,45742033.51,35261977.5
"(np.float64(1.0), 210, 180, 40, 5)",houghCircle,0.60625,44877501.58,33238612.5
"(np.float64(1.0), 210, 250, 40, 5)",houghCircle,0.60625,40878939.84,31374673.5
"(np.float64(1.0), 210, 260, 40, 5)",houghCircle,0.60625,42340242.01,31592187.5
"(np.float64(1.0), 220, 170, 40, 5)",houghCircle,0.60625,45328187.46,33330940
"(np.float64(1.0), 220, 240, 40, 5)",houghCircle,0.60625,51995149.66,40659418.5
"(np.float64(1.0), 220, 270, 40, 5)",houghCircle,0.60625,44801608.92,32118780
"(np.float64(1.0), 220, 280, 40, 5)",houghCircle,0.60625,51450104.35,41440629
"(np.float64(1.0), 220, 290, 40, 5)",houghCircle,0.60625,40231739.4,30778381.5
"(np.float64(1.0), 230, 220, 40, 5)",houghCircle,0.60625,41250570.15,31883360.5
"(np.float64(1.0), 230, 230, 40, 5)",houghCircle,0.60625,52289775.28,40899179
"(np.float64(1.5), 190, 120, 40, 5)",houghCircle,0.60625,49179703.74,36874183.5
"(np.float64(1.5), 190, 140, 40, 5)",houghCircle,0.60625,45845196.13,35244528
"(np.float64(1.5), 200, 110, 40, 5)",houghCircle,0.60625,44695855.09,35868321
"(np.float64(1.5), 200, 150, 40, 5)",houghCircle,0.60625,42884925.49,34752592.5
"(np.float64(1.5), 210, 130, 40, 5)",houghCircle,0.60625,45120589.56,34327280
"(np.float64(1.5), 210, 180, 40, 5)",houghCircle,0.60625,41114577.6,31466277.5
"(np.float64(1.5), 210, 250, 40, 5)",houghCircle,0.60625,42951787.36,32079332.5
"(np.float64(1.5), 210, 260, 40, 5)",houghCircle,0.60625,40357149.55,31440703.5
"(np.float64(1.5), 220, 170, 40, 5)",houghCircle,0.60625,41992222.93,33000545.5
"(np.float64(1.5), 220, 240, 40, 5)",houghCircle,0.60625,43943251.76,32439718.5
"(np.float64(1.5), 220, 270, 40, 5)",houghCircle,0.60625,40138258.39,31011639
"(np.float64(1.5), 220, 280, 40, 5)",houghCircle,0.60625,42141998.85,30932034.5
"(np.float64(1.5), 220, 290, 40, 5)",houghCircle,0.60625,41601048.49,31119497
"(np.float64(1.5), 230, 220, 40, 5)",houghCircle,0.60625,52629709.93,40225645.5
"(np.float64(1.5), 230, 230, 40, 5)",houghCircle,0.60625,49038779.05,39069917
"(np.float64(1.0), 160, 140, 30, 5)",houghCircle,0.604166667,42025087.96,33365545
"(np.float64(1.0), 180, 120, 40, 5)",houghCircle,0.604166667,42905533.59,35291598.5
"(np.float64(1.0), 180, 140, 40, 5)",houghCircle,0.604166667,45084043.67,34900063.5
"(np.float64(1.0), 200, 130, 40, 5)",houghCircle,0.604166667,44163567.9,34577288.5
"(np.float64(1.0), 200, 180, 40, 5)",houghCircle,0.604166667,44264587.73,32963015.5
"(np.float64(1.0), 210, 170, 40, 5)",houghCircle,0.604166667,43088405.89,33644343
"(np.float64(1.0), 210, 240, 40, 5)",houghCircle,0.604166667,39815318.58,31198038
"(np.float64(1.0), 210, 270, 40, 5)",houghCircle,0.604166667,39309257.51,31163108.5
"(np.float64(1.0), 210, 280, 40, 5)",houghCircle,0.604166667,42164469.06,31271542.5
"(np.float64(1.0), 210, 290, 40, 5)",houghCircle,0.604166667,40256963,31013392.5
"(np.float64(1.0), 220, 220, 40, 5)",houghCircle,0.604166667,40498430.46,32006412
"(np.float64(1.0), 220, 230, 40, 5)",houghCircle,0.604166667,53495755.96,41960249
"(np.float64(1.0), 230, 190, 40, 5)",houghCircle,0.604166667,43507606.17,32696537
"(np.float64(1.0), 230, 200, 40, 5)",houghCircle,0.604166667,42432825.07,32932933
"(np.float64(1.0), 230, 210, 40, 5)",houghCircle,0.604166667,42699754.7,32928838
"(np.float64(1.0), 290, 100, 40, 5)",houghCircle,0.604166667,47449004.25,37503337
"(np.float64(1.5), 160, 140, 30, 5)",houghCircle,0.604166667,45240158.99,34512347.5
"(np.float64(1.5), 180, 120, 40, 5)",houghCircle,0.604166667,45245009.03,35136612.5
"(np.float64(1.5), 180, 140, 40, 5)",houghCircle,0.604166667,51945450.82,42450153.5
"(np.float64(1.5), 200, 130, 40, 5)",houghCircle,0.604166667,44208279.75,35474105
"(np.float64(1.5), 200, 180, 40, 5)",houghCircle,0.604166667,42968653.72,32760900.5
"(np.float64(1.5), 210, 170, 40, 5)",houghCircle,0.604166667,44957769.2,33528376
"(np.float64(1.5), 210, 240, 40, 5)",houghCircle,0.604166667,42501915.51,31732376
"(np.float64(1.5), 210, 270, 40, 5)",houghCircle,0.604166667,42176569.29,31296954
"(np.float64(1.5), 210, 280, 40, 5)",houghCircle,0.604166667,41963399.47,31001230
"(np.float64(1.5), 210, 290, 40, 5)",houghCircle,0.604166667,41748989.8,31849431
"(np.float64(1.5), 220, 220, 40, 5)",houghCircle,0.604166667,51028272.74,39363002
"(np.float64(1.5), 220, 230, 40, 5)",houghCircle,0.604166667,42355360.56,31714803.5
"(np.float64(1.5), 230, 190, 40, 5)",houghCircle,0.604166667,45216232.07,33606381.5
"(np.float64(1.5), 230, 200, 40, 5)",houghCircle,0.604166667,43824531,32834673
"(np.float64(1.5), 230, 210, 40, 5)",houghCircle,0.604166667,43091896.66,33339791
"(np.float64(1.5), 290, 100, 40, 5)",houghCircle,0.604166667,48460155.8,38107596.5
"(np.float64(1.0), 110, 120, 40, 5)",houghCircle,0.602083333,46893594.24,36748521.5
"(np.float64(1.0), 110, 140, 40, 5)",houghCircle,0.602083333,44929772.63,34276518.5
"(np.float64(1.0), 120, 120, 40, 5)",houghCircle,0.602083333,45201204.46,34471745.5
"(np.float64(1.0), 120, 140, 40, 5)",houghCircle,0.602083333,43268210.26,33982297.5
"(np.float64(1.0), 130, 120, 40, 5)",houghCircle,0.602083333,43710816.03,35075087
"(np.float64(1.0), 130, 140, 40, 5)",houghCircle,0.602083333,42377020.48,34615235
"(np.float64(1.0), 140, 120, 40, 5)",houghCircle,0.602083333,42471938.74,34846273.5
"(np.float64(1.0), 140, 140, 40, 5)",houghCircle,0.602083333,49873230.71,42091556
"(np.float64(1.0), 150, 120, 40, 5)",houghCircle,0.602083333,46055429.48,36559317.5
"(np.float64(1.0), 150, 140, 40, 5)",houghCircle,0.602083333,42287817.75,33545598
"(np.float64(1.0), 160, 120, 40, 5)",houghCircle,0.602083333,43758535.15,35208322.5
"(np.float64(1.0), 160, 140, 40, 5)",houghCircle,0.602083333,56065382.85,43952116
"(np.float64(1.0), 170, 120, 40, 5)",houghCircle,0.602083333,56627182.02,45792733.5
"(np.float64(1.0), 170, 140, 40, 5)",houghCircle,0.602083333,42932792.61,33403941.5
"(np.float64(1.0), 190, 110, 40, 5)",houghCircle,0.602083333,44276781.77,35872187
"(np.float64(1.0), 190, 130, 30, 5)",houghCircle,0.602083333,42649145.85,34463475.5
"(np.float64(1.0), 190, 150, 40, 5)",houghCircle,0.602083333,45394800.38,33859732.5
"(np.float64(1.0), 190, 160, 40, 5)",houghCircle,0.602083333,41873604.4,33278321.5
"(np.float64(1.0), 200, 170, 40, 5)",houghCircle,0.602083333,38402297.29,31917894
"(np.float64(1.0), 200, 250, 40, 5)",houghCircle,0.602083333,55768082.91,42123049.5
"(np.float64(1.0), 200, 260, 40, 5)",houghCircle,0.602083333,39803038.48,30985636
"(np.float64(1.0), 210, 220, 40, 5)",houghCircle,0.602083333,43903450.57,32841656.5
"(np.float64(1.0), 210, 230, 40, 5)",houghCircle,0.602083333,43691482.68,31557583
"(np.float64(1.0), 220, 210, 40, 5)",houghCircle,0.602083333,42473597.91,31658362
"(np.float64(1.0), 280, 100, 30, 5)",houghCircle,0.602083333,44164193.11,36530217.5
"(np.float64(1.0), 290, 110, 40, 10)",houghCircle,0.602083333,44981932.11,36285272.5
"(np.float64(1.5), 110, 120, 40, 5)",houghCircle,0.602083333,43298170.41,34120060
"(np.float64(1.5), 110, 140, 40, 5)",houghCircle,0.602083333,44120299.49,34641964.5
"(np.float64(1.5), 120, 120, 40, 5)",houghCircle,0.602083333,45436389.4,36205613.5
"(np.float64(1.5), 120, 140, 40, 5)",houghCircle,0.602083333,44964329.28,34641665
"(np.float64(1.5), 130, 120, 40, 5)",houghCircle,0.602083333,45610048.37,35311500.5
"(np.float64(1.5), 130, 140, 40, 5)",houghCircle,0.602083333,44045535.47,34157405.5
"(np.float64(1.5), 140, 120, 40, 5)",houghCircle,0.602083333,46178432.84,36672579.5
"(np.float64(1.5), 140, 140, 40, 5)",houghCircle,0.602083333,44157999.73,34556309
"(np.float64(1.5), 150, 120, 40, 5)",houghCircle,0.602083333,44359582.51,35371814
"(np.float64(1.5), 150, 140, 40, 5)",houghCircle,0.602083333,44033882.98,35364810.5
"(np.float64(1.5), 160, 120, 40, 5)",houghCircle,0.602083333,43762408.84,34637221
"(np.float64(1.5), 160, 140, 40, 5)",houghCircle,0.602083333,46760840.21,35067062.5
"(np.float64(1.5), 170, 120, 40, 5)",houghCircle,0.602083333,46760706.65,36245913.5
"(np.float64(1.5), 170, 140, 40, 5)",houghCircle,0.602083333,55286489.05,42475281
"(np.float64(1.5), 190, 110, 40, 5)",houghCircle,0.602083333,48172132.77,37045884
"(np.float64(1.5), 190, 130, 30, 5)",houghCircle,0.602083333,47296414.5,35810873
"(np.float64(1.5), 190, 150, 40, 5)",houghCircle,0.602083333,43235335.89,33600415
"(np.float64(1.5), 190, 160, 40, 5)",houghCircle,0.602083333,43325033.74,34454403
"(np.float64(1.5), 200, 170, 40, 5)",houghCircle,0.602083333,44925542.38,34102007
"(np.float64(1.5), 200, 250, 40, 5)",houghCircle,0.602083333,40651221.99,31275605
"(np.float64(1.5), 200, 260, 40, 5)",houghCircle,0.602083333,44235799.97,31340570.5
"(np.float64(1.5), 210, 220, 40, 5)",houghCircle,0.602083333,40871948.88,32427625.5
"(np.float64(1.5), 210, 230, 40, 5)",houghCircle,0.602083333,40053779.09,31424714
"(np.float64(1.5), 220, 210, 40, 5)",houghCircle,0.602083333,40047113.31,32115445
"(np.float64(1.5), 280, 100, 30, 5)",houghCircle,0.602083333,47067333.42,37498684.5
"(np.float64(1.5), 290, 110, 40, 10)",houghCircle,0.602083333,44225721.73,35370361.5
"(np.float64(1.0), 100, 120, 40, 5)",houghCircle,0.6,48526173.5,36753581.5
"(np.float64(1.0), 100, 140, 40, 5)",houghCircle,0.6,44348777.72,34866976.5
"(np.float64(1.0), 140, 140, 30, 5)",houghCircle,0.6,40449397.88,32430680.5
"(np.float64(1.0), 150, 140, 30, 5)",houghCircle,0.6,44221859.67,34590173
"(np.float64(1.0), 180, 110, 40, 5)",houghCircle,0.6,45326144.69,35879983.5
"(np.float64(1.0), 180, 130, 30, 5)",houghCircle,0.6,43056488.67,34532535
"(np.float64(1.0), 180, 150, 40, 5)",houghCircle,0.6,45078462.1,34674110
"(np.float64(1.0), 180, 160, 40, 5)",houghCircle,0.6,43320832.32,33656787
"(np.float64(1.0), 190, 130, 40, 5)",houghCircle,0.6,45540292.03,35872453
"(np.float64(1.0), 200, 240, 40, 5)",houghCircle,0.6,51902424.07,40181237
"(np.float64(1.0), 200, 270, 40, 5)",houghCircle,0.6,42109659.12,32220527
"(np.float64(1.0), 200, 280, 40, 5)",houghCircle,0.6,41072553.55,31751207
"(np.float64(1.0), 200, 290, 40, 5)",houghCircle,0.6,39981493.74,31461813.5
"(np.float64(1.0), 210, 210, 40, 5)",houghCircle,0.6,42098073.5,31619760
"(np.float64(1.0), 220, 190, 40, 5)",houghCircle,0.6,45918350.99,33484088
"(np.float64(1.0), 220, 200, 40, 5)",houghCircle,0.6,54462730.65,41668652.5
"(np.float64(1.0), 240, 110, 30, 5)",houghCircle,0.6,45874731.38,36673746.5
"(np.float64(1.5), 100, 120, 40, 5)",houghCircle,0.6,46612743.69,36584259
"(np.float64(1.5), 100, 140, 40, 5)",houghCircle,0.6,43993078.19,34664999
"(np.float64(1.5), 140, 140, 30, 5)",houghCircle,0.6,55131533.04,43209843
"(np.float64(1.5), 150, 140, 30, 5)",houghCircle,0.6,41903177.71,32832966.5
"(np.float64(1.5), 180, 110, 40, 5)",houghCircle,0.6,46142869.93,36336769.5
"(np.float64(1.5), 180, 130, 30, 5)",houghCircle,0.6,44001943.39,35572921.5
"(np.float64(1.5), 180, 150, 40, 5)",houghCircle,0.6,45904078.78,34691007.5
"(np.float64(1.5), 180, 160, 40, 5)",houghCircle,0.6,44029357.93,33679109.5
"(np.float64(1.5), 190, 130, 40, 5)",houghCircle,0.6,42934428.93,35224788
"(np.float64(1.5), 200, 240, 40, 5)",houghCircle,0.6,42977647.07,32406561.5
"(np.float64(1.5), 200, 270, 40, 5)",houghCircle,0.6,38690798.01,31519432
"(np.float64(1.5), 200, 280, 40, 5)",houghCircle,0.6,40982441.55,31995064
"(np.float64(1.5), 200, 290, 40, 5)",houghCircle,0.6,41685970.93,30725282.5
"(np.float64(1.5), 210, 210, 40, 5)",houghCircle,0.6,40015644.31,32144349
"(np.float64(1.5), 220, 190, 40, 5)",houghCircle,0.6,45085212.8,33504902
"(np.float64(1.5), 220, 200, 40, 5)",houghCircle,0.6,43140961.92,32754194
"(np.float64(1.5), 240, 110, 30, 5)",houghCircle,0.6,44889784.77,35867724.5
"(np.float64(1.0), 110, 150, 40, 5)",houghCircle,0.597916667,45396162.95,34383314.5
"(np.float64(1.0), 110, 160, 40, 5)",houghCircle,0.597916667,42142303.14,33820579
"(np.float64(1.0), 120, 140, 30, 5)",houghCircle,0.597916667,45074710.7,34927686.5
"(np.float64(1.0), 120, 150, 40, 5)",houghCircle,0.597916667,45204650.94,32715817
"(np.float64(1.0), 120, 160, 40, 5)",houghCircle,0.597916667,43778582.6,33929863.5
"(np.float64(1.0), 130, 140, 30, 5)",houghCircle,0.597916667,43737692.91,33799930
"(np.float64(1.0), 130, 150, 40, 5)",houghCircle,0.597916667,44889262.46,34697335
"(np.float64(1.0), 130, 160, 40, 5)",houghCircle,0.597916667,44415877.88,33795787
"(np.float64(1.0), 140, 150, 40, 5)",houghCircle,0.597916667,44426653.46,33438485.5
"(np.float64(1.0), 140, 160, 40, 5)",houghCircle,0.597916667,45446110.75,33899537
"(np.float64(1.0), 150, 150, 40, 5)",houghCircle,0.597916667,43413295.04,34733637.5
"(np.float64(1.0), 150, 160, 40, 5)",houghCircle,0.597916667,44462928,33912456.5
"(np.float64(1.0), 160, 150, 40, 5)",houghCircle,0.597916667,40279745.23,33477330.5
"(np.float64(1.0), 160, 160, 40, 5)",houghCircle,0.597916667,43377270.33,33149855
"(np.float64(1.0), 170, 150, 40, 5)",houghCircle,0.597916667,45598519.74,34371306.5
"(np.float64(1.0), 170, 160, 40, 5)",houghCircle,0.597916667,41683740.26,33106864.5
"(np.float64(1.0), 180, 130, 40, 5)",houghCircle,0.597916667,43498838.68,35072262
"(np.float64(1.0), 190, 180, 40, 5)",houghCircle,0.597916667,42086249.15,32916690
"(np.float64(1.0), 190, 250, 40, 5)",houghCircle,0.597916667,42908646.17,31597789.5
"(np.float64(1.0), 190, 260, 40, 5)",houghCircle,0.597916667,44036856.11,32236386.5
"(np.float64(1.0), 200, 210, 40, 5)",houghCircle,0.597916667,47599254.35,39016777
"(np.float64(1.0), 200, 220, 40, 5)",houghCircle,0.597916667,52811973.45,41303146
"(np.float64(1.0), 200, 230, 40, 5)",houghCircle,0.597916667,56950168.26,43331147
"(np.float64(1.0), 210, 120, 30, 5)",houghCircle,0.597916667,42938289.24,35746352
"(np.float64(1.0), 210, 190, 40, 5)",houghCircle,0.597916667,43328134.05,32732838
"(np.float64(1.0), 210, 200, 40, 5)",houghCircle,0.597916667,43057888.64,32425462
"(np.float64(1.0), 290, 110, 30, 5)",houghCircle,0.597916667,48459806.7,38685951.5
"(np.float64(1.5), 110, 150, 40, 5)",houghCircle,0.597916667,50115091.83,40462599
"(np.float64(1.5), 110, 160, 40, 5)",houghCircle,0.597916667,43067468.42,33655931
"(np.float64(1.5), 120, 140, 30, 5)",houghCircle,0.597916667,42482425.8,34295094
"(np.float64(1.5), 120, 150, 40, 5)",houghCircle,0.597916667,44586871.61,34156259
"(np.float64(1.5), 120, 160, 40, 5)",houghCircle,0.597916667,41342477.14,32789213
"(np.float64(1.5), 130, 140, 30, 5)",houghCircle,0.597916667,44349781.69,34694979
"(np.float64(1.5), 130, 150, 40, 5)",houghCircle,0.597916667,41875041.24,34044414
"(np.float64(1.5), 130, 160, 40, 5)",houghCircle,0.597916667,44619820.09,34411683
"(np.float64(1.5), 140, 150, 40, 5)",houghCircle,0.597916667,42220044.9,33348523.5
"(np.float64(1.5), 140, 160, 40, 5)",houghCircle,0.597916667,43437510.65,33515171
"(np.float64(1.5), 150, 150, 40, 5)",houghCircle,0.597916667,45819106.89,33772834
"(np.float64(1.5), 150, 160, 40, 5)",houghCircle,0.597916667,43888393.23,33172528
"(np.float64(1.5), 160, 150, 40, 5)",houghCircle,0.597916667,43481314.56,33758137
"(np.float64(1.5), 160, 160, 40, 5)",houghCircle,0.597916667,41681511.81,33783880.5
"(np.float64(1.5), 170, 150, 40, 5)",houghCircle,0.597916667,43433074.94,33526961
"(np.float64(1.5), 170, 160, 40, 5)",houghCircle,0.597916667,52464953.24,39901332.5
"(np.float64(1.5), 180, 130, 40, 5)",houghCircle,0.597916667,45051802.14,34969975.5
"(np.float64(1.5), 190, 180, 40, 5)",houghCircle,0.597916667,48707441.23,39067177
"(np.float64(1.5), 190, 250, 40, 5)",houghCircle,0.597916667,40006755.6,31143586
"(np.float64(1.5), 190, 260, 40, 5)",houghCircle,0.597916667,42479841.15,32119753
"(np.float64(1.5), 200, 210, 40, 5)",houghCircle,0.597916667,42028309.73,33368546
"(np.float64(1.5), 200, 220, 40, 5)",houghCircle,0.597916667,43638335.82,32767694
"(np.float64(1.5), 200, 230, 40, 5)",houghCircle,0.597916667,43630984.63,32283465
"(np.float64(1.5), 210, 120, 30, 5)",houghCircle,0.597916667,47742368.86,36879242.5
"(np.float64(1.5), 210, 190, 40, 5)",houghCircle,0.597916667,50263738.67,39530576
"(np.float64(1.5), 210, 200, 40, 5)",houghCircle,0.597916667,42876414.79,33709309.5
"(np.float64(1.5), 290, 110, 30, 5)",houghCircle,0.597916667,46059317.13,36044064.5
"(np.float64(1.0), 100, 140, 30, 5)",houghCircle,0.595833333,47129822.44,36803720
"(np.float64(1.0), 100, 150, 40, 5)",houghCircle,0.595833333,44384946.68,35154993
"(np.float64(1.0), 100, 160, 40, 5)",houghCircle,0.595833333,47342997.04,36860382
"(np.float64(1.0), 110, 130, 40, 5)",houghCircle,0.595833333,43199832.21,34731137
"(np.float64(1.0), 110, 140, 30, 5)",houghCircle,0.595833333,43421074.24,34427122.5
"(np.float64(1.0), 120, 130, 40, 5)",houghCircle,0.595833333,50838960.33,44006061.5
"(np.float64(1.0), 130, 130, 40, 5)",houghCircle,0.595833333,45119546.86,34954932
"(np.float64(1.0), 140, 130, 40, 5)",houghCircle,0.595833333,42587520.38,33806939
"(np.float64(1.0), 150, 130, 40, 5)",houghCircle,0.595833333,56562843.75,45523163
"(np.float64(1.0), 160, 130, 40, 5)",houghCircle,0.595833333,42700646.05,34298896
"(np.float64(1.0), 170, 110, 40, 5)",houghCircle,0.595833333,56873845.53,46003824.5
"(np.float64(1.0), 170, 130, 40, 5)",houghCircle,0.595833333,46394628.57,36103017
"(np.float64(1.0), 180, 180, 40, 5)",houghCircle,0.595833333,56524807.61,44584497.5
"(np.float64(1.0), 190, 170, 40, 5)",houghCircle,0.595833333,44098347.55,32842340.5
"(np.float64(1.0), 190, 240, 40, 5)",houghCircle,0.595833333,43054996.28,31361030
"(np.float64(1.0), 190, 270, 40, 5)",houghCircle,0.595833333,39979521.39,31492636.5
"(np.float64(1.0), 190, 280, 40, 5)",houghCircle,0.595833333,40762605.36,31405728
"(np.float64(1.0), 190, 290, 40, 5)",houghCircle,0.595833333,42397778.41,30960393.5
"(np.float64(1.0), 200, 190, 40, 5)",houghCircle,0.595833333,54508457.15,42192790
"(np.float64(1.0), 200, 200, 40, 5)",houghCircle,0.595833333,40402855.32,31902927
"(np.float64(1.0), 290, 120, 40, 10)",houghCircle,0.595833333,42764943.23,34210470
"(np.float64(1.5), 100, 140, 30, 5)",houghCircle,0.595833333,42214045.33,33831238.5
"(np.float64(1.5), 100, 150, 40, 5)",houghCircle,0.595833333,42219679.66,31842974.5
"(np.float64(1.5), 100, 160, 40, 5)",houghCircle,0.595833333,44586746.59,33657543
"(np.float64(1.5), 110, 130, 40, 5)",houghCircle,0.595833333,50505673.06,41746849
"(np.float64(1.5), 110, 140, 30, 5)",houghCircle,0.595833333,46288362.24,34755318
"(np.float64(1.5), 120, 130, 40, 5)",houghCircle,0.595833333,47256714.59,36169186
"(np.float64(1.5), 130, 130, 40, 5)",houghCircle,0.595833333,45750218.53,35415382
"(np.float64(1.5), 140, 130, 40, 5)",houghCircle,0.595833333,44780172.62,35477247.5
"(np.float64(1.5), 150, 130, 40, 5)",houghCircle,0.595833333,42343115.62,34759737
"(np.float64(1.5), 160, 130, 40, 5)",houghCircle,0.595833333,43980184.9,35194862
"(np.float64(1.5), 170, 110, 40, 5)",houghCircle,0.595833333,45242628.17,36467937.5
"(np.float64(1.5), 170, 130, 40, 5)",houghCircle,0.595833333,44109241.23,34439334.5
"(np.float64(1.5), 180, 180, 40, 5)",houghCircle,0.595833333,40947513.9,31275013
"(np.float64(1.5), 190, 170, 40, 5)",houghCircle,0.595833333,50400764.35,39436995.5
"(np.float64(1.5), 190, 240, 40, 5)",houghCircle,0.595833333,41984127.96,31592995.5
"(np.float64(1.5), 190, 270, 40, 5)",houghCircle,0.595833333,44113587.37,31920830.5
"(np.float64(1.5), 190, 280, 40, 5)",houghCircle,0.595833333,40682560.53,30641459.5
"(np.float64(1.5), 190, 290, 40, 5)",houghCircle,0.595833333,39075964.12,31414289.5
"(np.float64(1.5), 200, 190, 40, 5)",houghCircle,0.595833333,43183106.49,32850353.5
"(np.float64(1.5), 200, 200, 40, 5)",houghCircle,0.595833333,42421575.1,32651571.5
"(np.float64(1.5), 290, 120, 40, 10)",houghCircle,0.595833333,46305554.78,34963923.5
"(np.float64(1.0), 100, 130, 40, 5)",houghCircle,0.59375,46931813.82,35839807.5
"(np.float64(1.0), 100, 180, 40, 5)",houghCircle,0.59375,45602607.79,34490621
"(np.float64(1.0), 110, 110, 40, 5)",houghCircle,0.59375,44429916.98,36957835
"(np.float64(1.0), 110, 180, 40, 5)",houghCircle,0.59375,44536653.94,33353412
"(np.float64(1.0), 120, 110, 40, 5)",houghCircle,0.59375,48024784.28,37276988
"(np.float64(1.0), 120, 180, 40, 5)",houghCircle,0.59375,55548719.21,42940107.5
"(np.float64(1.0), 130, 110, 40, 5)",houghCircle,0.59375,46481706.16,37022196.5
"(np.float64(1.0), 130, 180, 40, 5)",houghCircle,0.59375,41219186.2,32877039
"(np.float64(1.0), 140, 110, 40, 5)",houghCircle,0.59375,47002104.94,36392349.5
"(np.float64(1.0), 140, 180, 40, 5)",houghCircle,0.59375,39961914.92,31790215.5
"(np.float64(1.0), 150, 110, 40, 5)",houghCircle,0.59375,47582562.09,36373603.5
"(np.float64(1.0), 150, 180, 40, 5)",houghCircle,0.59375,42956949.48,33012567.5
"(np.float64(1.0), 160, 110, 40, 5)",houghCircle,0.59375,44408976.86,35753575.5
"(np.float64(1.0), 160, 180, 40, 5)",houghCircle,0.59375,54980022.52,43704543
"(np.float64(1.0), 170, 130, 30, 5)",houghCircle,0.59375,43991857.61,34633419
"(np.float64(1.0), 170, 180, 40, 5)",houghCircle,0.59375,40955721.29,32262401
"(np.float64(1.0), 180, 170, 40, 5)",houghCircle,0.59375,43528238.97,33354008.5
"(np.float64(1.0), 180, 240, 40, 5)",houghCircle,0.59375,43968309.98,33333064.5
"(np.float64(1.0), 180, 250, 40, 5)",houghCircle,0.59375,40402747.2,30302624
"(np.float64(1.0), 180, 260, 40, 5)",houghCircle,0.59375,41851513.76,31627239.5
"(np.float64(1.0), 180, 270, 40, 5)",houghCircle,0.59375,39965941.22,30950429.5
"(np.float64(1.0), 180, 280, 40, 5)",houghCircle,0.59375,43210851.17,31371324.5
"(np.float64(1.0), 180, 290, 40, 5)",houghCircle,0.59375,40301763.17,30586937.5
"(np.float64(1.0), 190, 210, 40, 5)",houghCircle,0.59375,43326929.62,32561262
"(np.float64(1.0), 190, 220, 40, 5)",houghCircle,0.59375,45723894.37,32693053.5
"(np.float64(1.0), 190, 230, 40, 5)",houghCircle,0.59375,40667450.2,31481820.5
"(np.float64(1.0), 200, 120, 30, 5)",houghCircle,0.59375,44368739.9,36047747
"(np.float64(1.0), 290, 140, 40, 10)",houghCircle,0.59375,46164953.02,34629821.5
"(np.float64(1.5), 100, 130, 40, 5)",houghCircle,0.59375,44845096.59,35095064.5
"(np.float64(1.5), 100, 180, 40, 5)",houghCircle,0.59375,49615720.58,40070293.5
"(np.float64(1.5), 110, 110, 40, 5)",houghCircle,0.59375,46377446.15,35041850.5
"(np.float64(1.5), 110, 180, 40, 5)",houghCircle,0.59375,39836796.66,32594343
"(np.float64(1.5), 120, 110, 40, 5)",houghCircle,0.59375,45285028.48,36293049.5
"(np.float64(1.5), 120, 180, 40, 5)",houghCircle,0.59375,44212140.6,33618872
"(np.float64(1.5), 130, 110, 40, 5)",houghCircle,0.59375,43229461.4,35498346.5
"(np.float64(1.5), 130, 180, 40, 5)",houghCircle,0.59375,44154583.9,34294843.5
"(np.float64(1.5), 140, 110, 40, 5)",houghCircle,0.59375,44621490.21,36692857.5
"(np.float64(1.5), 140, 180, 40, 5)",houghCircle,0.59375,43431763.56,34254573.5
"(np.float64(1.5), 150, 110, 40, 5)",houghCircle,0.59375,45456222.86,36821658.5
"(np.float64(1.5), 150, 180, 40, 5)",houghCircle,0.59375,41421668.73,32252978
"(np.float64(1.5), 160, 110, 40, 5)",houghCircle,0.59375,42560367.36,34696277
"(np.float64(1.5), 160, 180, 40, 5)",houghCircle,0.59375,43377634.61,33006487
"(np.float64(1.5), 170, 130, 30, 5)",houghCircle,0.59375,43709441.19,35130782
"(np.float64(1.5), 170, 180, 40, 5)",houghCircle,0.59375,43662394.99,33244844.5
"(np.float64(1.5), 180, 170, 40, 5)",houghCircle,0.59375,54068436.34,42474319
"(np.float64(1.5), 180, 240, 40, 5)",houghCircle,0.59375,42440198.11,31793135.5
"(np.float64(1.5), 180, 250, 40, 5)",houghCircle,0.59375,43047466.18,32749553
"(np.float64(1.5), 180, 260, 40, 5)",houghCircle,0.59375,40099484.45,31101136.5
"(np.float64(1.5), 180, 270, 40, 5)",houghCircle,0.59375,42726513.51,31922543.5
"(np.float64(1.5), 180, 280, 40, 5)",houghCircle,0.59375,40754785.43,31778413
"(np.float64(1.5), 180, 290, 40, 5)",houghCircle,0.59375,40716720.89,30951777
"(np.float64(1.5), 190, 210, 40, 5)",houghCircle,0.59375,41012773.68,31712575
"(np.float64(1.5), 190, 220, 40, 5)",houghCircle,0.59375,42255474.06,31917589
"(np.float64(1.5), 190, 230, 40, 5)",houghCircle,0.59375,40476689.58,31475088.5
"(np.float64(1.5), 200, 120, 30, 5)",houghCircle,0.59375,46370259.47,36199908.5
"(np.float64(1.5), 290, 140, 40, 10)",houghCircle,0.59375,42898111.64,33527479
"(np.float64(1.0), 100, 110, 40, 5)",houghCircle,0.591666667,45950796.5,36997044
"(np.float64(1.0), 100, 240, 40, 5)",houghCircle,0.591666667,44420069.58,33692784
"(np.float64(1.0), 100, 250, 40, 5)",houghCircle,0.591666667,43539859.78,32836163
"(np.float64(1.0), 100, 260, 40, 5)",houghCircle,0.591666667,43822604.97,32715119.5
"(np.float64(1.0), 100, 270, 40, 5)",houghCircle,0.591666667,43213061.5,32331870
"(np.float64(1.0), 100, 280, 40, 5)",houghCircle,0.591666667,41471357.61,32169235.5
"(np.float64(1.0), 100, 290, 40, 5)",houghCircle,0.591666667,40991523.09,31582034
"(np.float64(1.0), 110, 170, 40, 5)",houghCircle,0.591666667,42630362.96,34071365
"(np.float64(1.0), 110, 240, 40, 5)",houghCircle,0.591666667,41525745.84,31808765
"(np.float64(1.0), 110, 250, 40, 5)",houghCircle,0.591666667,41420613.03,31855653.5
"(np.float64(1.0), 110, 260, 40, 5)",houghCircle,0.591666667,40406034.35,31975898.5
"(np.float64(1.0), 110, 270, 40, 5)",houghCircle,0.591666667,41065447.12,31429678
"(np.float64(1.0), 110, 280, 40, 5)",houghCircle,0.591666667,42233020.7,31563870.5
"(np.float64(1.0), 110, 290, 40, 5)",houghCircle,0.591666667,43633537.01,32024974.5
"(np.float64(1.0), 120, 170, 40, 5)",houghCircle,0.591666667,44186634.36,33018574
"(np.float64(1.0), 120, 240, 40, 5)",houghCircle,0.591666667,40401890.13,31711271
"(np.float64(1.0), 120, 250, 40, 5)",houghCircle,0.591666667,44761068.96,35752247.5
"(np.float64(1.0), 120, 260, 40, 5)",houghCircle,0.591666667,43650986.22,32123280
"(np.float64(1.0), 120, 270, 40, 5)",houghCircle,0.591666667,50928778.84,40028656
"(np.float64(1.0), 120, 280, 40, 5)",houghCircle,0.591666667,40842213.6,31600754
"(np.float64(1.0), 120, 290, 40, 5)",houghCircle,0.591666667,39478199.03,30800047.5
"(np.float64(1.0), 130, 170, 40, 5)",houghCircle,0.591666667,41891758.58,31911221.5
"(np.float64(1.0), 130, 240, 40, 5)",houghCircle,0.591666667,53196838.98,42638476.5
"(np.float64(1.0), 130, 250, 40, 5)",houghCircle,0.591666667,54514166.81,40797733.5
"(np.float64(1.0), 130, 260, 40, 5)",houghCircle,0.591666667,41741605.25,31743467.5
"(np.float64(1.0), 130, 270, 40, 5)",houghCircle,0.591666667,42409038.82,31775167
"(np.float64(1.0), 130, 280, 40, 5)",houghCircle,0.591666667,42993212.59,31496093.5
"(np.float64(1.0), 130, 290, 40, 5)",houghCircle,0.591666667,39926328.95,31038059.5
"(np.float64(1.0), 140, 170, 40, 5)",houghCircle,0.591666667,53345767.44,42447449
"(np.float64(1.0), 140, 240, 40, 5)",houghCircle,0.591666667,54127211.07,41837915
"(np.float64(1.0), 140, 250, 40, 5)",houghCircle,0.591666667,42862768.52,31969201
"(np.float64(1.0), 140, 260, 40, 5)",houghCircle,0.591666667,42605490.24,31689546.5
"(np.float64(1.0), 140, 270, 40, 5)",houghCircle,0.591666667,41541533.19,32271016.5
"(np.float64(1.0), 140, 280, 40, 5)",houghCircle,0.591666667,50676507.63,40759802
"(np.float64(1.0), 140, 290, 40, 5)",houghCircle,0.591666667,41992357.31,31024258
"(np.float64(1.0), 150, 170, 40, 5)",houghCircle,0.591666667,42594838.37,33252286.5
"(np.float64(1.0), 150, 240, 40, 5)",houghCircle,0.591666667,45128209.15,33092117.5
"(np.float64(1.0), 150, 250, 40, 5)",houghCircle,0.591666667,43768433.44,33013108.5
"(np.float64(1.0), 150, 260, 40, 5)",houghCircle,0.591666667,41871093.16,31870516
"(np.float64(1.0), 150, 270, 40, 5)",houghCircle,0.591666667,43071313.83,32032178.5
"(np.float64(1.0), 150, 280, 40, 5)",houghCircle,0.591666667,39659770.69,31234606
"(np.float64(1.0), 150, 290, 40, 5)",houghCircle,0.591666667,54710195.22,40635709
"(np.float64(1.0), 160, 170, 40, 5)",houghCircle,0.591666667,42250500.49,33074454.5
"(np.float64(1.0), 160, 240, 40, 5)",houghCircle,0.591666667,42332203.63,32760480
"(np.float64(1.0), 160, 250, 40, 5)",houghCircle,0.591666667,43955217.19,31841506.5
"(np.float64(1.0), 160, 260, 40, 5)",houghCircle,0.591666667,41994213.76,31364561.5
"(np.float64(1.0), 160, 270, 40, 5)",houghCircle,0.591666667,51685402.05,40427799.5
"(np.float64(1.0), 160, 280, 40, 5)",houghCircle,0.591666667,40257163.78,31937316
"(np.float64(1.0), 160, 290, 40, 5)",houghCircle,0.591666667,41431564.91,31548045.5
"(np.float64(1.0), 170, 170, 40, 5)",houghCircle,0.591666667,56784910.95,43447930.5
"(np.float64(1.0), 170, 240, 40, 5)",houghCircle,0.591666667,40799998.22,32139045
"(np.float64(1.0), 170, 250, 40, 5)",houghCircle,0.591666667,39975727.88,31366148.5
"(np.float64(1.0), 170, 260, 40, 5)",houghCircle,0.591666667,42071118.86,32422626.5
"(np.float64(1.0), 170, 270, 40, 5)",houghCircle,0.591666667,43023806.05,32427701
"(np.float64(1.0), 170, 280, 40, 5)",houghCircle,0.591666667,39778284.79,31020981.5
"(np.float64(1.0), 170, 290, 40, 5)",houghCircle,0.591666667,40816274.39,30956683
"(np.float64(1.0), 180, 210, 40, 5)",houghCircle,0.591666667,44434760.16,32477569.5
"(np.float64(1.0), 180, 220, 40, 5)",houghCircle,0.591666667,42360142.71,31977011
"(np.float64(1.0), 180, 230, 40, 5)",houghCircle,0.591666667,39909301.43,31696083
"(np.float64(1.0), 270, 100, 30, 5)",houghCircle,0.591666667,47447471.66,37618308
"(np.float64(1.0), 290, 160, 40, 10)",houghCircle,0.591666667,42226215.33,31953812
"(np.float64(1.0), 290, 180, 40, 10)",houghCircle,0.591666667,46848735.1,34052438
"(np.float64(1.0), 290, 240, 40, 10)",houghCircle,0.591666667,39980342.56,31241390
"(np.float64(1.0), 290, 250, 40, 10)",houghCircle,0.591666667,40688912.76,31001160
"(np.float64(1.0), 290, 280, 40, 10)",houghCircle,0.591666667,40212891.28,30995854.5
"(np.float64(1.0), 290, 290, 40, 10)",houghCircle,0.591666667,42009579.36,31112949.5
"(np.float64(1.5), 100, 110, 40, 5)",houghCircle,0.591666667,46093302.34,36277232.5
"(np.float64(1.5), 100, 240, 40, 5)",houghCircle,0.591666667,42378393.72,32102150
"(np.float64(1.5), 100, 250, 40, 5)",houghCircle,0.591666667,40759042.6,31283068
"(np.float64(1.5), 100, 260, 40, 5)",houghCircle,0.591666667,41403721.33,31909904
"(np.float64(1.5), 100, 270, 40, 5)",houghCircle,0.591666667,43053907.86,32388892.5
"(np.float64(1.5), 100, 280, 40, 5)",houghCircle,0.591666667,40343361.88,31368914
"(np.float64(1.5), 100, 290, 40, 5)",houghCircle,0.591666667,42548128.08,31663036.5
"(np.float64(1.5), 110, 170, 40, 5)",houghCircle,0.591666667,44531491.28,33825758.5
"(np.float64(1.5), 110, 240, 40, 5)",houghCircle,0.591666667,40579285.16,31720825
"(np.float64(1.5), 110, 250, 40, 5)",houghCircle,0.591666667,41929466.43,31855522
"(np.float64(1.5), 110, 260, 40, 5)",houghCircle,0.591666667,41316768.43,32243756
"(np.float64(1.5), 110, 270, 40, 5)",houghCircle,0.591666667,39739725.44,30965067
"(np.float64(1.5), 110, 280, 40, 5)",houghCircle,0.591666667,39287148.84,30545570
"(np.float64(1.5), 110, 290, 40, 5)",houghCircle,0.591666667,46859568.09,35223781
"(np.float64(1.5), 120, 170, 40, 5)",houghCircle,0.591666667,42226850.01,32501263.5
"(np.float64(1.5), 120, 240, 40, 5)",houghCircle,0.591666667,43577538.85,31939921
"(np.float64(1.5), 120, 250, 40, 5)",houghCircle,0.591666667,42023493.45,32242083.5
"(np.float64(1.5), 120, 260, 40, 5)",houghCircle,0.591666667,39686343.43,31200739
"(np.float64(1.5), 120, 270, 40, 5)",houghCircle,0.591666667,39878774.05,30570532.5
"(np.float64(1.5), 120, 280, 40, 5)",houghCircle,0.591666667,44595085.93,32411514.5
"(np.float64(1.5), 120, 290, 40, 5)",houghCircle,0.591666667,39289976.21,30585600.5
"(np.float64(1.5), 130, 170, 40, 5)",houghCircle,0.591666667,41277843.81,31884006.5
"(np.float64(1.5), 130, 240, 40, 5)",houghCircle,0.591666667,42385162.3,31420802
"(np.float64(1.5), 130, 250, 40, 5)",houghCircle,0.591666667,42238075.88,31670415
"(np.float64(1.5), 130, 260, 40, 5)",houghCircle,0.591666667,43954798.56,32825096
"(np.float64(1.5), 130, 270, 40, 5)",houghCircle,0.591666667,41970022.19,30714741.5
"(np.float64(1.5), 130, 280, 40, 5)",houghCircle,0.591666667,42087529.56,31331855
"(np.float64(1.5), 130, 290, 40, 5)",houghCircle,0.591666667,42399674.12,31147744
"(np.float64(1.5), 140, 170, 40, 5)",houghCircle,0.591666667,39813813.9,30742353.5
"(np.float64(1.5), 140, 240, 40, 5)",houghCircle,0.591666667,40649882.5,31857511
"(np.float64(1.5), 140, 250, 40, 5)",houghCircle,0.591666667,42526178.48,31503435.5
"(np.float64(1.5), 140, 260, 40, 5)",houghCircle,0.591666667,42510693.27,31691525
"(np.float64(1.5), 140, 270, 40, 5)",houghCircle,0.591666667,42687798.61,32035011
"(np.float64(1.5), 140, 280, 40, 5)",houghCircle,0.591666667,39615942.26,30719581
"(np.float64(1.5), 140, 290, 40, 5)",houghCircle,0.591666667,54298784.14,40511776
"(np.float64(1.5), 150, 170, 40, 5)",houghCircle,0.591666667,43005622.13,32734306
"(np.float64(1.5), 150, 240, 40, 5)",houghCircle,0.591666667,40499056.16,31680930.5
"(np.float64(1.5), 150, 250, 40, 5)",houghCircle,0.591666667,44781193.05,32593116
"(np.float64(1.5), 150, 260, 40, 5)",houghCircle,0.591666667,42206408.4,32023306.5
"(np.float64(1.5), 150, 270, 40, 5)",houghCircle,0.591666667,42364187.88,31991551.5
"(np.float64(1.5), 150, 280, 40, 5)",houghCircle,0.591666667,42448691.27,31657145.5
"(np.float64(1.5), 150, 290, 40, 5)",houghCircle,0.591666667,43881645.41,32654362
"(np.float64(1.5), 160, 170, 40, 5)",houghCircle,0.591666667,44640377.11,34661531.5
"(np.float64(1.5), 160, 240, 40, 5)",houghCircle,0.591666667,44694829.32,33743089.5
"(np.float64(1.5), 160, 250, 40, 5)",houghCircle,0.591666667,41314788.59,32115987.5
"(np.float64(1.5), 160, 260, 40, 5)",houghCircle,0.591666667,38712196.14,31103396
"(np.float64(1.5), 160, 270, 40, 5)",houghCircle,0.591666667,39459164.44,30922292
"(np.float64(1.5), 160, 280, 40, 5)",houghCircle,0.591666667,43840597.23,32023321.5
"(np.float64(1.5), 160, 290, 40, 5)",houghCircle,0.591666667,41942653.39,30773713
"(np.float64(1.5), 170, 170, 40, 5)",houghCircle,0.591666667,42090319.77,32256369.5
"(np.float64(1.5), 170, 240, 40, 5)",houghCircle,0.591666667,42148589.59,32714809
"(np.float64(1.5), 170, 250, 40, 5)",houghCircle,0.591666667,43073115.08,30850256
"(np.float64(1.5), 170, 260, 40, 5)",houghCircle,0.591666667,47086627.36,35740375
"(np.float64(1.5), 170, 270, 40, 5)",houghCircle,0.591666667,40077605.89,31102480
"(np.float64(1.5), 170, 280, 40, 5)",houghCircle,0.591666667,40734836.45,31358039
"(np.float64(1.5), 170, 290, 40, 5)",houghCircle,0.591666667,42008967.87,33362154
"(np.float64(1.5), 180, 210, 40, 5)",houghCircle,0.591666667,42925993.01,32751979
"(np.float64(1.5), 180, 220, 40, 5)",houghCircle,0.591666667,43386404.43,32141114.5
"(np.float64(1.5), 180, 230, 40, 5)",houghCircle,0.591666667,39170007.64,30746297
"(np.float64(1.5), 270, 100, 30, 5)",houghCircle,0.591666667,47514529.23,38683607.5
"(np.float64(1.5), 290, 160, 40, 10)",houghCircle,0.591666667,45166122.13,34676579
"(np.float64(1.5), 290, 180, 40, 10)",houghCircle,0.591666667,41273610.08,33270040.5
"(np.float64(1.5), 290, 240, 40, 10)",houghCircle,0.591666667,36735389.65,30196870
"(np.float64(1.5), 290, 250, 40, 10)",houghCircle,0.591666667,39302730.91,30028204.5
"(np.float64(1.5), 290, 280, 40, 10)",houghCircle,0.591666667,39948025.71,30242912
"(np.float64(1.5), 290, 290, 40, 10)",houghCircle,0.591666667,51141552.08,39253225
"(np.float64(1.0), 100, 170, 40, 5)",houghCircle,0.589583333,44608740.31,34804941
"(np.float64(1.0), 100, 210, 40, 5)",houghCircle,0.589583333,44647958.68,34249272.5
"(np.float64(1.0), 100, 220, 40, 5)",houghCircle,0.589583333,41763896.7,33427667.5
"(np.float64(1.0), 100, 230, 40, 5)",houghCircle,0.589583333,40565696.46,32837439.5
"(np.float64(1.0), 110, 210, 40, 5)",houghCircle,0.589583333,40916453.52,32345787
"(np.float64(1.0), 110, 220, 40, 5)",houghCircle,0.589583333,44446018.76,33124147.5
"(np.float64(1.0), 110, 230, 40, 5)",houghCircle,0.589583333,42053777.75,31902014
"(np.float64(1.0), 120, 210, 40, 5)",houghCircle,0.589583333,41850763.54,31638415.5
"(np.float64(1.0), 120, 220, 40, 5)",houghCircle,0.589583333,41516017.22,32230252
"(np.float64(1.0), 120, 230, 40, 5)",houghCircle,0.589583333,52427390.05,41202433
"(np.float64(1.0), 130, 210, 40, 5)",houghCircle,0.589583333,41528609.06,32389108
"(np.float64(1.0), 130, 220, 40, 5)",houghCircle,0.589583333,42575329.87,32145627
"(np.float64(1.0), 130, 230, 40, 5)",houghCircle,0.589583333,40918063.72,32108677
"(np.float64(1.0), 140, 210, 40, 5)",houghCircle,0.589583333,42435926.46,32518356.5
"(np.float64(1.0), 140, 220, 40, 5)",houghCircle,0.589583333,42435339.91,32003844.5
"(np.float64(1.0), 140, 230, 40, 5)",houghCircle,0.589583333,53449939.41,41740667.5
"(np.float64(1.0), 150, 210, 40, 5)",houghCircle,0.589583333,43049490.53,32287037
"(np.float64(1.0), 150, 220, 40, 5)",houghCircle,0.589583333,40429418.08,31497845.5
"(np.float64(1.0), 150, 230, 40, 5)",houghCircle,0.589583333,41199545.14,32511849
"(np.float64(1.0), 160, 130, 30, 5)",houghCircle,0.589583333,43663688.25,34685054.5
"(np.float64(1.0), 160, 210, 40, 5)",houghCircle,0.589583333,40206134.35,31843179.5
"(np.float64(1.0), 160, 220, 40, 5)",houghCircle,0.589583333,40872615.98,31351837.5
"(np.float64(1.0), 160, 230, 40, 5)",houghCircle,0.589583333,39650513.42,31122051
"(np.float64(1.0), 170, 210, 40, 5)",houghCircle,0.589583333,44929023.95,33036533
"(np.float64(1.0), 170, 220, 40, 5)",houghCircle,0.589583333,40711367.12,31836407
"(np.float64(1.0), 170, 230, 40, 5)",houghCircle,0.589583333,42388195.2,32186653.5
"(np.float64(1.0), 190, 190, 40, 5)",houghCircle,0.589583333,46968788.03,34673724
"(np.float64(1.0), 190, 200, 40, 5)",houghCircle,0.589583333,43813316.77,32438521
"(np.float64(1.0), 230, 110, 30, 5)",houghCircle,0.589583333,43999712.62,35657215
"(np.float64(1.0), 290, 130, 40, 10)",houghCircle,0.589583333,43689092.66,34647068
"(np.float64(1.0), 290, 150, 40, 10)",houghCircle,0.589583333,44376019.83,33594034
"(np.float64(1.0), 290, 170, 40, 10)",houghCircle,0.589583333,42240185.08,32440684.5
"(np.float64(1.0), 290, 260, 40, 10)",houghCircle,0.589583333,39690344.54,31073680
"(np.float64(1.0), 290, 270, 40, 10)",houghCircle,0.589583333,41468012.91,31474107
"(np.float64(1.5), 100, 170, 40, 5)",houghCircle,0.589583333,51502175.95,40009470
"(np.float64(1.5), 100, 210, 40, 5)",houghCircle,0.589583333,48224789.43,38140307.5
"(np.float64(1.5), 100, 220, 40, 5)",houghCircle,0.589583333,45286979.02,32725959
"(np.float64(1.5), 100, 230, 40, 5)",houghCircle,0.589583333,40992430.61,31770107
"(np.float64(1.5), 110, 210, 40, 5)",houghCircle,0.589583333,41956396.7,31823061.5
"(np.float64(1.5), 110, 220, 40, 5)",houghCircle,0.589583333,43135928.75,32307721.5
"(np.float64(1.5), 110, 230, 40, 5)",houghCircle,0.589583333,40756903.2,31406876
"(np.float64(1.5), 120, 210, 40, 5)",houghCircle,0.589583333,42770361.41,33201213
"(np.float64(1.5), 120, 220, 40, 5)",houghCircle,0.589583333,43063110.72,32412798
"(np.float64(1.5), 120, 230, 40, 5)",houghCircle,0.589583333,49693949.21,39114521.5
"(np.float64(1.5), 130, 210, 40, 5)",houghCircle,0.589583333,41306921.36,31895302
"(np.float64(1.5), 130, 220, 40, 5)",houghCircle,0.589583333,44414327.98,33529428
"(np.float64(1.5), 130, 230, 40, 5)",houghCircle,0.589583333,44077580.14,33227718
"(np.float64(1.5), 140, 210, 40, 5)",houghCircle,0.589583333,42218461.36,32570999.5
"(np.float64(1.5), 140, 220, 40, 5)",houghCircle,0.589583333,43697914.3,32761456.5
"(np.float64(1.5), 140, 230, 40, 5)",houghCircle,0.589583333,41526176.98,31258157
"(np.float64(1.5), 150, 210, 40, 5)",houghCircle,0.589583333,44333904.69,33143389
"(np.float64(1.5), 150, 220, 40, 5)",houghCircle,0.589583333,39913305.08,30730209.5
"(np.float64(1.5), 150, 230, 40, 5)",houghCircle,0.589583333,42173691.09,32621384
"(np.float64(1.5), 160, 130, 30, 5)",houghCircle,0.589583333,47037169.15,36108005.5
"(np.float64(1.5), 160, 210, 40, 5)",houghCircle,0.589583333,44572779.8,32861695
"(np.float64(1.5), 160, 220, 40, 5)",houghCircle,0.589583333,39490811.73,30450291.5
"(np.float64(1.5), 160, 230, 40, 5)",houghCircle,0.589583333,46890488.61,35268846
"(np.float64(1.5), 170, 210, 40, 5)",houghCircle,0.589583333,40841179.05,31494556
"(np.float64(1.5), 170, 220, 40, 5)",houghCircle,0.589583333,41648462.54,32121486
"(np.float64(1.5), 170, 230, 40, 5)",houghCircle,0.589583333,42572140.75,31753951.5
"(np.float64(1.5), 190, 190, 40, 5)",houghCircle,0.589583333,43177944.94,33465468.5
"(np.float64(1.5), 190, 200, 40, 5)",houghCircle,0.589583333,40285357.97,32060758
"(np.float64(1.5), 230, 110, 30, 5)",houghCircle,0.589583333,44572910.07,36079317
"(np.float64(1.5), 290, 130, 40, 10)",houghCircle,0.589583333,44271128.8,35307518.5
"(np.float64(1.5), 290, 150, 40, 10)",houghCircle,0.589583333,44179131.93,33438867
"(np.float64(1.5), 290, 170, 40, 10)",houghCircle,0.589583333,39706330.28,32836650
"(np.float64(1.5), 290, 260, 40, 10)",houghCircle,0.589583333,40625110.25,31706898
"(np.float64(1.5), 290, 270, 40, 10)",houghCircle,0.589583333,42976491.4,31771163.5
"(np.float64(1.0), 180, 190, 40, 5)",houghCircle,0.5875,42975882.05,33485490
"(np.float64(1.0), 180, 200, 40, 5)",houghCircle,0.5875,39525666.35,31600895.5
"(np.float64(1.0), 190, 120, 30, 5)",houghCircle,0.5875,46315551,37137722.5
"(np.float64(1.0), 260, 100, 30, 5)",houghCircle,0.5875,45632296.71,37715285
"(np.float64(1.5), 180, 190, 40, 5)",houghCircle,0.5875,45477661.45,33291937
"(np.float64(1.5), 180, 200, 40, 5)",houghCircle,0.5875,42939520.65,32677449
"(np.float64(1.5), 190, 120, 30, 5)",houghCircle,0.5875,47406085.54,37247252.5
"(np.float64(1.5), 260, 100, 30, 5)",houghCircle,0.5875,45412983.6,37430175.5
"(np.float64(1.0), 100, 190, 40, 5)",houghCircle,0.585416667,43417068.13,34251521.5
"(np.float64(1.0), 100, 200, 40, 5)",houghCircle,0.585416667,44526732.94,33197845.5
"(np.float64(1.0), 110, 190, 40, 5)",houghCircle,0.585416667,43837261.44,33348037.5
"(np.float64(1.0), 110, 200, 40, 5)",houghCircle,0.585416667,42507546.62,32742190.5
"(np.float64(1.0), 120, 190, 40, 5)",houghCircle,0.585416667,45483482.91,33909996
"(np.float64(1.0), 120, 200, 40, 5)",houghCircle,0.585416667,43156318.01,32642654
"(np.float64(1.0), 130, 190, 40, 5)",houghCircle,0.585416667,39579612.88,31805784.5
"(np.float64(1.0), 130, 200, 40, 5)",houghCircle,0.585416667,42565814,31617090.5
"(np.float64(1.0), 140, 130, 30, 5)",houghCircle,0.585416667,42777686.84,33873089
"(np.float64(1.0), 140, 190, 40, 5)",houghCircle,0.585416667,45017749.56,32851602
"(np.float64(1.0), 140, 200, 40, 5)",houghCircle,0.585416667,55563680.4,43341459.5
"(np.float64(1.0), 150, 130, 30, 5)",houghCircle,0.585416667,47345996.76,35213968
"(np.float64(1.0), 150, 190, 40, 5)",houghCircle,0.585416667,52923834.94,41589197.5
"(np.float64(1.0), 150, 200, 40, 5)",houghCircle,0.585416667,53963890.25,41782997
"(np.float64(1.0), 160, 190, 40, 5)",houghCircle,0.585416667,43827131.31,32568955
"(np.float64(1.0), 160, 200, 40, 5)",houghCircle,0.585416667,43933529.63,33642219
"(np.float64(1.0), 170, 190, 40, 5)",houghCircle,0.585416667,42017165.67,31924562.5
"(np.float64(1.0), 170, 200, 40, 5)",houghCircle,0.585416667,43248242.46,32987836
"(np.float64(1.0), 180, 120, 30, 5)",houghCircle,0.585416667,43064109.56,34826015
"(np.float64(1.0), 290, 190, 40, 10)",houghCircle,0.585416667,41924709.69,31871642.5
"(np.float64(1.0), 290, 200, 40, 10)",houghCircle,0.585416667,41973563.74,31518825.5
"(np.float64(1.0), 290, 210, 40, 10)",houghCircle,0.585416667,41285314.79,31915100
"(np.float64(1.0), 290, 220, 40, 10)",houghCircle,0.585416667,42242199.46,31583107
"(np.float64(1.0), 290, 230, 40, 10)",houghCircle,0.585416667,42564168.33,31324777
"(np.float64(1.5), 100, 190, 40, 5)",houghCircle,0.585416667,51497325.24,38946616.5
"(np.float64(1.5), 100, 200, 40, 5)",houghCircle,0.585416667,50697075.35,39686754.5
"(np.float64(1.5), 110, 190, 40, 5)",houghCircle,0.585416667,42520814.35,33066729.5
"(np.float64(1.5), 110, 200, 40, 5)",houghCircle,0.585416667,43084456.56,32536185
"(np.float64(1.5), 120, 190, 40, 5)",houghCircle,0.585416667,45053547.41,32505797
"(np.float64(1.5), 120, 200, 40, 5)",houghCircle,0.585416667,42835815.89,32520304.5
"(np.float64(1.5), 130, 190, 40, 5)",houghCircle,0.585416667,45678745.07,33522109
"(np.float64(1.5), 130, 200, 40, 5)",houghCircle,0.585416667,44070101.95,32663323
"(np.float64(1.5), 140, 130, 30, 5)",houghCircle,0.585416667,43241623.54,34750668.5
"(np.float64(1.5), 140, 190, 40, 5)",houghCircle,0.585416667,42780949.96,32950220.5
"(np.float64(1.5), 140, 200, 40, 5)",houghCircle,0.585416667,42616139.16,31771790.5
"(np.float64(1.5), 150, 130, 30, 5)",houghCircle,0.585416667,49885900.6,36874739
"(np.float64(1.5), 150, 190, 40, 5)",houghCircle,0.585416667,38579942.03,31417555.5
"(np.float64(1.5), 150, 200, 40, 5)",houghCircle,0.585416667,43315789.77,33028007.5
"(np.float64(1.5), 160, 190, 40, 5)",houghCircle,0.585416667,41712944.89,32490183.5
"(np.float64(1.5), 160, 200, 40, 5)",houghCircle,0.585416667,41781110.93,32419215
"(np.float64(1.5), 170, 190, 40, 5)",houghCircle,0.585416667,40538727.78,32802639.5
"(np.float64(1.5), 170, 200, 40, 5)",houghCircle,0.585416667,42564968.54,32659401
"(np.float64(1.5), 180, 120, 30, 5)",houghCircle,0.585416667,45833244.04,35869648
"(np.float64(1.5), 290, 190, 40, 10)",houghCircle,0.585416667,47071419.65,32926651
"(np.float64(1.5), 290, 200, 40, 10)",houghCircle,0.585416667,41132100.68,31661669
"(np.float64(1.5), 290, 210, 40, 10)",houghCircle,0.585416667,42307207.54,31760368
"(np.float64(1.5), 290, 220, 40, 10)",houghCircle,0.585416667,42338498.2,32080594.5
"(np.float64(1.5), 290, 230, 40, 10)",houghCircle,0.585416667,40369986.07,30940405.5
"(np.float64(1.0), 130, 130, 30, 5)",houghCircle,0.583333333,44473505.93,35947640
"(np.float64(1.5), 130, 130, 30, 5)",houghCircle,0.583333333,45496184.88,35346742.5
"(np.float64(1.0), 100, 130, 30, 5)",houghCircle,0.58125,46354933.78,36119267
"(np.float64(1.0), 110, 130, 30, 5)",houghCircle,0.58125,45739356.98,36061423.5
"(np.float64(1.0), 120, 130, 30, 5)",houghCircle,0.58125,45130826.81,35672593.5
"(np.float64(1.0), 220, 110, 30, 5)",houghCircle,0.58125,42569354.89,36574510
"(np.float64(1.5), 100, 130, 30, 5)",houghCircle,0.58125,46046013.64,36202251
"(np.float64(1.5), 110, 130, 30, 5)",houghCircle,0.58125,45244402.52,34760417
"(np.float64(1.5), 120, 130, 30, 5)",houghCircle,0.58125,43695216.65,34473268
"(np.float64(1.5), 220, 110, 30, 5)",houghCircle,0.58125,47246421.87,37359078.5
"(np.float64(1.0), 250, 100, 30, 5)",houghCircle,0.579166667,47717133.51,37708348
"(np.float64(1.0), 290, 110, 40, 5)",houghCircle,0.579166667,47643804.08,36541509
"(np.float64(1.5), 250, 100, 30, 5)",houghCircle,0.579166667,48533833.92,37459274.5
"(np.float64(1.5), 290, 110, 40, 5)",houghCircle,0.579166667,47777687.91,37383288
"(np.float64(1.0), 290, 120, 40, 5)",houghCircle,0.577083333,46592769.53,36177896
"(np.float64(1.0), 290, 140, 40, 5)",houghCircle,0.577083333,44368493.66,35147963.5
"(np.float64(1.5), 290, 120, 40, 5)",houghCircle,0.577083333,42991225.58,34307928.5
"(np.float64(1.5), 290, 140, 40, 5)",houghCircle,0.577083333,45306164.41,34912342
"(np.float64(1.0), 170, 120, 30, 5)",houghCircle,0.575,48890817.51,35989848.5
"(np.float64(1.0), 290, 160, 40, 5)",houghCircle,0.575,43060630.27,34327294.5
"(np.float64(1.0), 290, 180, 40, 5)",houghCircle,0.575,42060320.51,33750146.5
"(np.float64(1.5), 170, 120, 30, 5)",houghCircle,0.575,44117856.61,36069763.5
"(np.float64(1.5), 290, 160, 40, 5)",houghCircle,0.575,45059419.82,34390242.5
"(np.float64(1.5), 290, 180, 40, 5)",houghCircle,0.575,41956335.57,32980658.5
"(np.float64(1.0), 290, 150, 40, 5)",houghCircle,0.572916667,46551084.26,34383851.5
"(np.float64(1.0), 290, 170, 40, 5)",houghCircle,0.572916667,44857436.47,34184252
"(np.float64(1.0), 290, 250, 40, 5)",houghCircle,0.572916667,40302898.14,30740575
"(np.float64(1.0), 290, 260, 40, 5)",houghCircle,0.572916667,38660893.09,30671751.5
"(np.float64(1.5), 290, 150, 40, 5)",houghCircle,0.572916667,42475827,33024421
"(np.float64(1.5), 290, 170, 40, 5)",houghCircle,0.572916667,42059987.33,32710036
"(np.float64(1.5), 290, 250, 40, 5)",houghCircle,0.572916667,43642784.99,31911142
"(np.float64(1.5), 290, 260, 40, 5)",houghCircle,0.572916667,39639793.01,31271691.5
"(np.float64(1.0), 160, 120, 30, 5)",houghCircle,0.570833333,47925664.01,36857171
"(np.float64(1.0), 210, 110, 30, 5)",houghCircle,0.570833333,44236984.86,35359135
"(np.float64(1.0), 240, 100, 30, 5)",houghCircle,0.570833333,49604463.48,38156959.5
"(np.float64(1.0), 290, 100, 30, 5)",houghCircle,0.570833333,48007571.94,37775207
"(np.float64(1.0), 290, 230, 40, 5)",houghCircle,0.570833333,46266632.43,38761007
"(np.float64(1.0), 290, 240, 40, 5)",houghCircle,0.570833333,41983041.88,31885834
"(np.float64(1.0), 290, 270, 40, 5)",houghCircle,0.570833333,42857384.31,31906287.5
"(np.float64(1.0), 290, 280, 40, 5)",houghCircle,0.570833333,43604380.78,31723645
"(np.float64(1.0), 290, 290, 40, 5)",houghCircle,0.570833333,41674758.11,30747223
"(np.float64(1.5), 160, 120, 30, 5)",houghCircle,0.570833333,54659906.71,44555744.5
"(np.float64(1.5), 210, 110, 30, 5)",houghCircle,0.570833333,46472476.16,37486702
"(np.float64(1.5), 240, 100, 30, 5)",houghCircle,0.570833333,46745514.84,38261891
"(np.float64(1.5), 290, 100, 30, 5)",houghCircle,0.570833333,46578458.94,37114689
"(np.float64(1.5), 290, 230, 40, 5)",houghCircle,0.570833333,41448660.22,32543353
"(np.float64(1.5), 290, 240, 40, 5)",houghCircle,0.570833333,53230063.8,40798043.5
"(np.float64(1.5), 290, 270, 40, 5)",houghCircle,0.570833333,44652243.46,32234738.5
"(np.float64(1.5), 290, 280, 40, 5)",houghCircle,0.570833333,40453972.06,31206891
"(np.float64(1.5), 290, 290, 40, 5)",houghCircle,0.570833333,45849429.39,31657662
"(np.float64(1.0), 290, 130, 40, 5)",houghCircle,0.56875,44147994.52,34939123.5
"(np.float64(1.0), 290, 190, 40, 5)",houghCircle,0.56875,43302472.58,33403130.5
"(np.float64(1.0), 290, 220, 40, 5)",houghCircle,0.56875,41630386.47,32472865
"(np.float64(1.5), 290, 130, 40, 5)",houghCircle,0.56875,44740875.37,35531008
"(np.float64(1.5), 290, 190, 40, 5)",houghCircle,0.56875,42227742.55,32315546
"(np.float64(1.5), 290, 220, 40, 5)",houghCircle,0.56875,42667058.94,32072219
"(np.float64(1.0), 290, 200, 40, 5)",houghCircle,0.566666667,44179504.93,33174026
"(np.float64(1.0), 290, 210, 40, 5)",houghCircle,0.566666667,40826827.85,32094009
"(np.float64(1.5), 290, 200, 40, 5)",houghCircle,0.566666667,43394796.03,32770513.5
"(np.float64(1.5), 290, 210, 40, 5)",houghCircle,0.566666667,41929417.95,32159382.5
"(np.float64(1.0), 140, 120, 30, 5)",houghCircle,0.564583333,45091568.35,35307308
"(np.float64(1.0), 150, 120, 30, 5)",houghCircle,0.564583333,42990299.98,35712237.5
"(np.float64(1.5), 140, 120, 30, 5)",houghCircle,0.564583333,42147746.58,34639966
"(np.float64(1.5), 150, 120, 30, 5)",houghCircle,0.564583333,43386964.12,35305334.5
"(np.float64(1.0), 100, 120, 30, 5)",houghCircle,0.5625,44876448.03,36011153.5
"(np.float64(1.0), 110, 120, 30, 5)",houghCircle,0.5625,58526879.63,47173295
"(np.float64(1.0), 120, 120, 30, 5)",houghCircle,0.5625,43561306.67,34384482
"(np.float64(1.0), 130, 120, 30, 5)",houghCircle,0.5625,45418806.74,35621493
"(np.float64(1.5), 100, 120, 30, 5)",houghCircle,0.5625,44201935.28,35474180.5
"(np.float64(1.5), 110, 120, 30, 5)",houghCircle,0.5625,46605613.74,36540832.5
"(np.float64(1.5), 120, 120, 30, 5)",houghCircle,0.5625,46501428.85,35788260
"(np.float64(1.5), 130, 120, 30, 5)",houghCircle,0.5625,40913664.91,33853430.5
"(np.float64(1.0), 200, 110, 30, 5)",houghCircle,0.560416667,43312895.18,36295587
"(np.float64(1.5), 200, 110, 30, 5)",houghCircle,0.560416667,47719835.48,37223803.5
"(np.float64(1.0), 230, 100, 30, 5)",houghCircle,0.558333333,46177034.48,37510197
"(np.float64(1.5), 230, 100, 30, 5)",houghCircle,0.558333333,45218081.68,37143242.5
"(np.float64(1.0), 190, 110, 30, 5)",houghCircle,0.552083333,44334926.21,34882401
"(np.float64(1.0), 220, 100, 30, 5)",houghCircle,0.552083333,44023763.67,36561421
"(np.float64(1.5), 190, 110, 30, 5)",houghCircle,0.552083333,46860289.95,37249957
"(np.float64(1.5), 220, 100, 30, 5)",houghCircle,0.552083333,44781726.2,36515224
"(np.float64(1.0), 180, 110, 30, 5)",houghCircle,0.55,45459144.14,36157824.5
"(np.float64(1.5), 180, 110, 30, 5)",houghCircle,0.55,46365704.98,37128590.5
"(np.float64(1.0), 210, 100, 30, 5)",houghCircle,0.541666667,47965991.92,38466298.5
"(np.float64(1.5), 210, 100, 30, 5)",houghCircle,0.541666667,47247988.89,37449968
"(np.float64(1.0), 170, 110, 30, 5)",houghCircle,0.539583333,45202620.44,36803360
"(np.float64(1.5), 170, 110, 30, 5)",houghCircle,0.539583333,44843701.88,36665952
"(np.float64(1.0), 160, 110, 30, 5)",houghCircle,0.533333333,48047338.26,36670616
"(np.float64(1.5), 160, 110, 30, 5)",houghCircle,0.533333333,46506509.9,36838250.5
"(np.float64(1.0), 200, 100, 30, 5)",houghCircle,0.53125,46851758.05,36850367.5
"(np.float64(1.5), 200, 100, 30, 5)",houghCircle,0.53125,47588199.06,38244789
"(np.float64(1.0), 140, 110, 30, 5)",houghCircle,0.525,46153541.35,37397293.5
"(np.float64(1.0), 150, 110, 30, 5)",houghCircle,0.525,46532205.27,37673412.5
"(np.float64(1.5), 140, 110, 30, 5)",houghCircle,0.525,46678494.9,37208295
"(np.float64(1.5), 150, 110, 30, 5)",houghCircle,0.525,45964488.29,36501288
"(np.float64(1.0), 100, 110, 30, 5)",houghCircle,0.520833333,49330560.94,38712426.5
"(np.float64(1.0), 110, 110, 30, 5)",houghCircle,0.520833333,48885394.65,36522426
"(np.float64(1.0), 120, 110, 30, 5)",houghCircle,0.520833333,46867822.93,36874135.5
"(np.float64(1.0), 130, 110, 30, 5)",houghCircle,0.520833333,46240204.47,35473600
"(np.float64(1.0), 190, 100, 30, 5)",houghCircle,0.520833333,43254066.89,36449225.5
"(np.float64(1.5), 100, 110, 30, 5)",houghCircle,0.520833333,44041113.17,35990795.5
"(np.float64(1.5), 110, 110, 30, 5)",houghCircle,0.520833333,45606372.08,36895152.5
"(np.float64(1.5), 120, 110, 30, 5)",houghCircle,0.520833333,46054865.36,36131463.5
"(np.float64(1.5), 130, 110, 30, 5)",houghCircle,0.520833333,54105213.93,44135876
"(np.float64(1.5), 190, 100, 30, 5)",houghCircle,0.520833333,50868558.19,40347158
"(np.float64(1.0), 180, 100, 30, 5)",houghCircle,0.51875,49253065.15,38850850.5
"(np.float64(1.5), 180, 100, 30, 5)",houghCircle,0.51875,48554856.9,38430127.5
"(np.float64(1.0), 170, 100, 30, 5)",houghCircle,0.50625,47495149.46,37589540
"(np.float64(1.5), 170, 100, 30, 5)",houghCircle,0.50625,45538389.62,37215939
"(np.float64(1.0), 160, 100, 30, 5)",houghCircle,0.502083333,47029620.07,37532367.5
"(np.float64(1.5), 160, 100, 30, 5)",houghCircle,0.502083333,43750507.76,37211080.5
"(np.float64(1.0), 150, 100, 30, 5)",houghCircle,0.495833333,45456582.3,37601442
"(np.float64(1.5), 150, 100, 30, 5)",houghCircle,0.495833333,45726329.44,36959903.5
"(np.float64(1.0), 140, 100, 30, 5)",houghCircle,0.491666667,47178074.78,38721187.5
"(np.float64(1.5), 140, 100, 30, 5)",houghCircle,0.491666667,47073793.83,37396719
"(np.float64(1.0), 110, 100, 30, 5)",houghCircle,0.4875,48746548.65,37841858.5
"(np.float64(1.0), 120, 100, 30, 5)",houghCircle,0.4875,47397471.82,37719478.5
"(np.float64(1.0), 130, 100, 30, 5)",houghCircle,0.4875,46577969.21,37921709
"(np.float64(1.5), 110, 100, 30, 5)",houghCircle,0.4875,45872480.98,37033366.5
"(np.float64(1.5), 120, 100, 30, 5)",houghCircle,0.4875,50419494.13,38358732.5
"(np.float64(1.5), 130, 100, 30, 5)",houghCircle,0.4875,47476930.79,37555480.5
"(np.float64(1.0), 100, 100, 30, 5)",houghCircle,0.483333333,57388010.97,46801326
"(np.float64(1.5), 100, 100, 30, 5)",houghCircle,0.483333333,47805337.75,37319929
"(np.float64(1.0), 100, 100, 45, 15)",houghCircle,0.395833333,45121380.48,35959923
"(np.float64(1.0), 110, 100, 45, 15)",houghCircle,0.395833333,46396933.59,36227387
"(np.float64(1.0), 120, 100, 45, 15)",houghCircle,0.395833333,46198925.63,36269709
"(np.float64(1.0), 130, 100, 45, 15)",houghCircle,0.395833333,44684347.93,36388742.5
"(np.float64(1.0), 140, 100, 45, 15)",houghCircle,0.395833333,42721135.24,34483113
"(np.float64(1.0), 150, 100, 45, 15)",houghCircle,0.395833333,43001837.17,35914458
"(np.float64(1.0), 160, 100, 45, 15)",houghCircle,0.395833333,43919951.73,35645086.5
"(np.float64(1.0), 170, 100, 45, 15)",houghCircle,0.395833333,48226836.3,36743417.5
"(np.float64(1.0), 180, 100, 45, 15)",houghCircle,0.395833333,46377580.2,36151927.5
"(np.float64(1.0), 190, 100, 45, 15)",houghCircle,0.395833333,49217220.89,36347179
"(np.float64(1.0), 200, 100, 45, 15)",houghCircle,0.395833333,44640694.96,35839907.5
"(np.float64(1.0), 210, 100, 45, 15)",houghCircle,0.395833333,44683361.69,36203679.5
"(np.float64(1.0), 220, 100, 45, 15)",houghCircle,0.395833333,42160850.3,34791665.5
"(np.float64(1.0), 230, 100, 45, 15)",houghCircle,0.395833333,44842294.31,34830323
"(np.float64(1.0), 240, 100, 45, 15)",houghCircle,0.395833333,43088708.4,35387719
"(np.float64(1.0), 250, 100, 45, 15)",houghCircle,0.395833333,45177089.15,35804726
"(np.float64(1.0), 260, 100, 45, 15)",houghCircle,0.395833333,47937371.89,37772993.5
"(np.float64(1.0), 270, 100, 45, 15)",houghCircle,0.395833333,46007070.65,36225124
"(np.float64(1.0), 280, 100, 45, 15)",houghCircle,0.395833333,44410074.8,36926004.5
"(np.float64(1.5), 100, 100, 45, 15)",houghCircle,0.395833333,53438548.22,43673808.5
"(np.float64(1.5), 110, 100, 45, 15)",houghCircle,0.395833333,44300917.91,36111235
"(np.float64(1.5), 120, 100, 45, 15)",houghCircle,0.395833333,42250288.92,34687851.5
"(np.float64(1.5), 130, 100, 45, 15)",houghCircle,0.395833333,42866936.84,35138100
"(np.float64(1.5), 140, 100, 45, 15)",houghCircle,0.395833333,52314931.2,43573918
"(np.float64(1.5), 150, 100, 45, 15)",houghCircle,0.395833333,45908242.49,34958469.5
"(np.float64(1.5), 160, 100, 45, 15)",houghCircle,0.395833333,42474754.88,34973566
"(np.float64(1.5), 170, 100, 45, 15)",houghCircle,0.395833333,46970500.17,35502233.5
"(np.float64(1.5), 180, 100, 45, 15)",houghCircle,0.395833333,44912329.05,36095783
"(np.float64(1.5), 190, 100, 45, 15)",houghCircle,0.395833333,49592646.78,41307105
"(np.float64(1.5), 200, 100, 45, 15)",houghCircle,0.395833333,45122721,36145756.5
"(np.float64(1.5), 210, 100, 45, 15)",houghCircle,0.395833333,45661509.24,35415698
"(np.float64(1.5), 220, 100, 45, 15)",houghCircle,0.395833333,44910083.35,36677689.5
"(np.float64(1.5), 230, 100, 45, 15)",houghCircle,0.395833333,43597446.31,34958228
"(np.float64(1.5), 240, 100, 45, 15)",houghCircle,0.395833333,46704572.83,36947695
"(np.float64(1.5), 250, 100, 45, 15)",houghCircle,0.395833333,44619886.84,35091228
"(np.float64(1.5), 260, 100, 45, 15)",houghCircle,0.395833333,47432738.65,37244091.5
"(np.float64(1.5), 270, 100, 45, 15)",houghCircle,0.395833333,43968659.19,35298907.5
"(np.float64(1.5), 280, 100, 45, 15)",houghCircle,0.395833333,44286074.51,36480864.5
"(np.float64(1.0), 280, 100, 45, 10)",houghCircle,0.3875,44699123.54,35416529
"(np.float64(1.5), 280, 100, 45, 10)",houghCircle,0.3875,44148701.88,35919743
"(np.float64(1.0), 200, 100, 45, 10)",houghCircle,0.385416667,45332718.71,37005759.5
"(np.float64(1.0), 210, 100, 45, 10)",houghCircle,0.385416667,45708425.52,36354822.5
"(np.float64(1.0), 220, 100, 45, 10)",houghCircle,0.385416667,44424425.76,35031456
"(np.float64(1.0), 230, 100, 45, 10)",houghCircle,0.385416667,43036697.89,35351496.5
"(np.float64(1.0), 240, 100, 45, 10)",houghCircle,0.385416667,46943691.02,37268717.5
"(np.float64(1.0), 250, 100, 45, 10)",houghCircle,0.385416667,44866812.43,35916225.5
"(np.float64(1.0), 260, 100, 45, 10)",houghCircle,0.385416667,45848990.44,37318867
"(np.float64(1.0), 270, 100, 45, 10)",houghCircle,0.385416667,45973205.63,36389538
"(np.float64(1.5), 200, 100, 45, 10)",houghCircle,0.385416667,45995078,36539385.5
"(np.float64(1.5), 210, 100, 45, 10)",houghCircle,0.385416667,46731931.72,37422917.5
"(np.float64(1.5), 220, 100, 45, 10)",houghCircle,0.385416667,45181588.67,36724442
"(np.float64(1.5), 230, 100, 45, 10)",houghCircle,0.385416667,45986386.9,36421047.5
"(np.float64(1.5), 240, 100, 45, 10)",houghCircle,0.385416667,49413211.55,37429139
"(np.float64(1.5), 250, 100, 45, 10)",houghCircle,0.385416667,47170329.69,37172457.5
"(np.float64(1.5), 260, 100, 45, 10)",houghCircle,0.385416667,45729274.97,35472802.5
"(np.float64(1.5), 270, 100, 45, 10)",houghCircle,0.385416667,46972163.34,38350318
"(np.float64(1.0), 170, 100, 45, 10)",houghCircle,0.38125,43242529.57,35950174
"(np.float64(1.0), 180, 100, 45, 10)",houghCircle,0.38125,45332202.04,36617720.5
"(np.float64(1.0), 190, 100, 45, 10)",houghCircle,0.38125,46638142.71,36232764.5
"(np.float64(1.5), 170, 100, 45, 10)",houghCircle,0.38125,45414900.79,37215217
"(np.float64(1.5), 180, 100, 45, 10)",houghCircle,0.38125,47086233.74,37025901
"(np.float64(1.5), 190, 100, 45, 10)",houghCircle,0.38125,52493403.26,40628371
"(np.float64(1.0), 100, 100, 45, 10)",houghCircle,0.379166667,46549664.8,36591562
"(np.float64(1.0), 110, 100, 45, 10)",houghCircle,0.379166667,45357637.63,36058728
"(np.float64(1.0), 120, 100, 45, 10)",houghCircle,0.379166667,43925022.44,36172365.5
"(np.float64(1.0), 130, 100, 45, 10)",houghCircle,0.379166667,44660439.56,36365633.5
"(np.float64(1.0), 140, 100, 45, 10)",houghCircle,0.379166667,44518597.52,35859795
"(np.float64(1.0), 150, 100, 45, 10)",houghCircle,0.379166667,46766611.83,38300323.5
"(np.float64(1.0), 160, 100, 45, 10)",houghCircle,0.379166667,43273441.66,36842449
"(np.float64(1.5), 100, 100, 45, 10)",houghCircle,0.379166667,44150547.72,36443099
"(np.float64(1.5), 110, 100, 45, 10)",houghCircle,0.379166667,46035494.2,36539549.5
"(np.float64(1.5), 120, 100, 45, 10)",houghCircle,0.379166667,46242223.62,35653794
"(np.float64(1.5), 130, 100, 45, 10)",houghCircle,0.379166667,46581006.08,37627025
"(np.float64(1.5), 140, 100, 45, 10)",houghCircle,0.379166667,43463304.14,36189407.5
"(np.float64(1.5), 150, 100, 45, 10)",houghCircle,0.379166667,46430795.94,36773404
"(np.float64(1.5), 160, 100, 45, 10)",houghCircle,0.379166667,44779252.24,35449178
"(np.float64(1.0), 280, 100, 45, 5)",houghCircle,0.375,56177766.61,44777039
"(np.float64(1.0), 290, 100, 45, 15)",houghCircle,0.375,44811163.45,36111928
"(np.float64(1.5), 280, 100, 45, 5)",houghCircle,0.375,45266637.43,36343502.5
"(np.float64(1.5), 290, 100, 45, 15)",houghCircle,0.375,45053691.85,35443249
"(np.float64(1.0), 270, 100, 45, 5)",houghCircle,0.372916667,45860019.91,36659770
"(np.float64(1.5), 270, 100, 45, 5)",houghCircle,0.372916667,45709434.13,37165112
"(np.float64(1.0), 230, 100, 45, 5)",houghCircle,0.370833333,46612379.99,37596603
"(np.float64(1.0), 240, 100, 45, 5)",houghCircle,0.370833333,53983197.96,44095621
"(np.float64(1.0), 250, 100, 45, 5)",houghCircle,0.370833333,46284382.6,38143404
"(np.float64(1.0), 260, 100, 45, 5)",houghCircle,0.370833333,44311372.33,36647777
"(np.float64(1.5), 230, 100, 45, 5)",houghCircle,0.370833333,44881875.28,35788926.5
"(np.float64(1.5), 240, 100, 45, 5)",houghCircle,0.370833333,43725282.14,35884721.5
"(np.float64(1.5), 250, 100, 45, 5)",houghCircle,0.370833333,46175017.47,37420468
"(np.float64(1.5), 260, 100, 45, 5)",houghCircle,0.370833333,47024236.13,37349560.5
"(np.float64(1.0), 220, 100, 45, 5)",houghCircle,0.366666667,46168573.88,36078815
"(np.float64(1.5), 220, 100, 45, 5)",houghCircle,0.366666667,45822395.68,37837895
"(np.float64(1.0), 200, 100, 45, 5)",houghCircle,0.364583333,48858436.31,37934447
"(np.float64(1.0), 210, 100, 45, 5)",houghCircle,0.364583333,55740973.68,47475350.5
"(np.float64(1.0), 290, 100, 45, 10)",houghCircle,0.364583333,46116834.64,36341834
"(np.float64(1.5), 200, 100, 45, 5)",houghCircle,0.364583333,54172849.99,44848785.5
"(np.float64(1.5), 210, 100, 45, 5)",houghCircle,0.364583333,46936582.18,37649797
"(np.float64(1.5), 290, 100, 45, 10)",houghCircle,0.364583333,46427918.29,37546038
"(np.float64(1.0), 180, 100, 45, 5)",houghCircle,0.3625,43713183.97,36392548.5
"(np.float64(1.0), 190, 100, 45, 5)",houghCircle,0.3625,46568421.18,36766581
"(np.float64(1.5), 180, 100, 45, 5)",houghCircle,0.3625,55153740.1,46310375
"(np.float64(1.5), 190, 100, 45, 5)",houghCircle,0.3625,48570862.55,36934230.5
"(np.float64(1.0), 160, 100, 45, 5)",houghCircle,0.360416667,56466103.96,46940532.5
"(np.float64(1.0), 170, 100, 45, 5)",houghCircle,0.360416667,47358346.28,37471277
"(np.float64(1.5), 160, 100, 45, 5)",houghCircle,0.360416667,45392026.49,37017006
"(np.float64(1.5), 170, 100, 45, 5)",houghCircle,0.360416667,52722954.62,43183580
"(np.float64(1.0), 100, 100, 45, 5)",houghCircle,0.358333333,43228806.94,36996181
"(np.float64(1.0), 110, 100, 45, 5)",houghCircle,0.358333333,45287375.82,37121176.5
"(np.float64(1.0), 120, 100, 45, 5)",houghCircle,0.358333333,46506195.74,37207918.5
"(np.float64(1.0), 130, 100, 45, 5)",houghCircle,0.358333333,47227938.6,37052582
"(np.float64(1.0), 140, 100, 45, 5)",houghCircle,0.358333333,46644192.13,37290283.5
"(np.float64(1.0), 150, 100, 45, 5)",houghCircle,0.358333333,46415199.52,37308887.5
"(np.float64(1.5), 100, 100, 45, 5)",houghCircle,0.358333333,45682511.54,37109303.5
"(np.float64(1.5), 110, 100, 45, 5)",houghCircle,0.358333333,52952605.59,42556363
"(np.float64(1.5), 120, 100, 45, 5)",houghCircle,0.358333333,47303976.34,37649141.5
"(np.float64(1.5), 130, 100, 45, 5)",houghCircle,0.358333333,44879293.27,36560960
"(np.float64(1.5), 140, 100, 45, 5)",houghCircle,0.358333333,42646210.3,35760874
"(np.float64(1.5), 150, 100, 45, 5)",houghCircle,0.358333333,48090485.07,37992295.5
"(np.float64(1.0), 290, 100, 45, 5)",houghCircle,0.352083333,48219398.13,38037164.5
"(np.float64(1.5), 290, 100, 45, 5)",houghCircle,0.352083333,44035029.56,36687823.5
"(np.float64(1.0), 100, 110, 45, 15)",houghCircle,0.335416667,43831549.22,34989206.5
"(np.float64(1.0), 110, 110, 45, 15)",houghCircle,0.335416667,42623730.49,35575887.5
"(np.float64(1.0), 120, 110, 45, 15)",houghCircle,0.335416667,43601545.93,33748198.5
"(np.float64(1.0), 130, 110, 45, 15)",houghCircle,0.335416667,48541475.38,37642384
"(np.float64(1.0), 140, 110, 45, 15)",houghCircle,0.335416667,41664083.15,33559679.5
"(np.float64(1.0), 150, 110, 45, 15)",houghCircle,0.335416667,47122006.68,35189737.5
"(np.float64(1.0), 160, 110, 45, 15)",houghCircle,0.335416667,41872647.19,34374213
"(np.float64(1.0), 170, 110, 45, 15)",houghCircle,0.335416667,41774074.49,34398157.5
"(np.float64(1.0), 180, 110, 45, 15)",houghCircle,0.335416667,44984818.86,35686805.5
"(np.float64(1.0), 190, 110, 45, 15)",houghCircle,0.335416667,42416984.8,34588860
"(np.float64(1.0), 200, 110, 45, 15)",houghCircle,0.335416667,46258682.68,34862603.5
"(np.float64(1.0), 210, 110, 45, 15)",houghCircle,0.335416667,45113776.78,36436241
"(np.float64(1.0), 220, 110, 45, 15)",houghCircle,0.335416667,45614443.95,36161827
"(np.float64(1.0), 230, 110, 45, 15)",houghCircle,0.335416667,47344375.01,36070851.5
"(np.float64(1.0), 240, 110, 45, 15)",houghCircle,0.335416667,45775565.01,35289804.5
"(np.float64(1.0), 250, 110, 45, 15)",houghCircle,0.335416667,45238336.14,34578581
"(np.float64(1.0), 260, 110, 45, 15)",houghCircle,0.335416667,44619704.13,34635267
"(np.float64(1.0), 270, 110, 45, 15)",houghCircle,0.335416667,45486701.17,35597806.5
"(np.float64(1.0), 280, 110, 45, 15)",houghCircle,0.335416667,45707372.04,35307378.5
"(np.float64(1.5), 100, 110, 45, 15)",houghCircle,0.335416667,44685849.73,35351315.5
"(np.float64(1.5), 110, 110, 45, 15)",houghCircle,0.335416667,46218160.23,35572580.5
"(np.float64(1.5), 120, 110, 45, 15)",houghCircle,0.335416667,45821172.01,35918223.5
"(np.float64(1.5), 130, 110, 45, 15)",houghCircle,0.335416667,43394933.62,35055225.5
"(np.float64(1.5), 140, 110, 45, 15)",houghCircle,0.335416667,43263612.56,35700195
"(np.float64(1.5), 150, 110, 45, 15)",houghCircle,0.335416667,43839776.39,35096312
"(np.float64(1.5), 160, 110, 45, 15)",houghCircle,0.335416667,44328793.34,35442972
"(np.float64(1.5), 170, 110, 45, 15)",houghCircle,0.335416667,43214830.88,34534964
"(np.float64(1.5), 180, 110, 45, 15)",houghCircle,0.335416667,43855124.17,34930821.5
"(np.float64(1.5), 190, 110, 45, 15)",houghCircle,0.335416667,44377966.76,35814890
"(np.float64(1.5), 200, 110, 45, 15)",houghCircle,0.335416667,45449983.6,36066823.5
"(np.float64(1.5), 210, 110, 45, 15)",houghCircle,0.335416667,44587013.21,35553400
"(np.float64(1.5), 220, 110, 45, 15)",houghCircle,0.335416667,46392582.19,36207111
"(np.float64(1.5), 230, 110, 45, 15)",houghCircle,0.335416667,44793976.85,36184223
"(np.float64(1.5), 240, 110, 45, 15)",houghCircle,0.335416667,44965836.08,35712258.5
"(np.float64(1.5), 250, 110, 45, 15)",houghCircle,0.335416667,44957085.3,35891945
"(np.float64(1.5), 260, 110, 45, 15)",houghCircle,0.335416667,45725871,35280858.5
"(np.float64(1.5), 270, 110, 45, 15)",houghCircle,0.335416667,46689251.9,35681029
"(np.float64(1.5), 280, 110, 45, 15)",houghCircle,0.335416667,43784736.34,35930583
"(np.float64(1.0), 280, 110, 45, 10)",houghCircle,0.325,46703161.25,36336514
"(np.float64(1.5), 280, 110, 45, 10)",houghCircle,0.325,46350669.84,36575627.5
"(np.float64(1.0), 200, 110, 45, 10)",houghCircle,0.322916667,45253917.95,35809936
"(np.float64(1.0), 210, 110, 45, 10)",houghCircle,0.322916667,43586882.12,35260756.5
"(np.float64(1.0), 220, 110, 45, 10)",houghCircle,0.322916667,44246368.4,35524290
"(np.float64(1.0), 230, 110, 45, 10)",houghCircle,0.322916667,45842929.88,35531302.5
"(np.float64(1.0), 240, 110, 45, 10)",houghCircle,0.322916667,42685990.57,34628535
"(np.float64(1.0), 250, 110, 45, 10)",houghCircle,0.322916667,47423250.12,36827997.5
"(np.float64(1.0), 260, 110, 45, 10)",houghCircle,0.322916667,45457499.39,35538992.5
"(np.float64(1.0), 270, 110, 45, 10)",houghCircle,0.322916667,43748531.91,34718849
"(np.float64(1.5), 200, 110, 45, 10)",houghCircle,0.322916667,46227482.35,36810498.5
"(np.float64(1.5), 210, 110, 45, 10)",houghCircle,0.322916667,45910316.33,35284790
"(np.float64(1.5), 220, 110, 45, 10)",houghCircle,0.322916667,43336771.03,35079901.5
"(np.float64(1.5), 230, 110, 45, 10)",houghCircle,0.322916667,45444080.38,36057135
"(np.float64(1.5), 240, 110, 45, 10)",houghCircle,0.322916667,44902555.38,36273050
"(np.float64(1.5), 250, 110, 45, 10)",houghCircle,0.322916667,44743337.53,35169630
"(np.float64(1.5), 260, 110, 45, 10)",houghCircle,0.322916667,43236270.88,35159199.5
"(np.float64(1.5), 270, 110, 45, 10)",houghCircle,0.322916667,46698914.03,36898107
"(np.float64(1.0), 100, 110, 45, 10)",houghCircle,0.31875,46838025.51,35553912
"(np.float64(1.0), 110, 110, 45, 10)",houghCircle,0.31875,45434187.31,37084762
"(np.float64(1.0), 120, 110, 45, 10)",houghCircle,0.31875,44937632.07,36035950.5
"(np.float64(1.0), 130, 110, 45, 10)",houghCircle,0.31875,47314701.29,36075910.5
"(np.float64(1.0), 140, 110, 45, 10)",houghCircle,0.31875,46243537.27,35726595.5
"(np.float64(1.0), 150, 110, 45, 10)",houghCircle,0.31875,43322422.24,35444541
"(np.float64(1.0), 160, 110, 45, 10)",houghCircle,0.31875,44759451.24,35772811.5
"(np.float64(1.0), 170, 110, 45, 10)",houghCircle,0.31875,46361184.01,36172682
"(np.float64(1.0), 180, 110, 45, 10)",houghCircle,0.31875,44917568.14,36135432.5
"(np.float64(1.0), 190, 110, 45, 10)",houghCircle,0.31875,44350451.13,35941438
"(np.float64(1.5), 100, 110, 45, 10)",houghCircle,0.31875,51161913.61,42917385
"(np.float64(1.5), 110, 110, 45, 10)",houghCircle,0.31875,48294947.87,36747765.5
"(np.float64(1.5), 120, 110, 45, 10)",houghCircle,0.31875,43753808.43,35910083
"(np.float64(1.5), 130, 110, 45, 10)",houghCircle,0.31875,53688104.9,42642294.5
"(np.float64(1.5), 140, 110, 45, 10)",houghCircle,0.31875,52496007.54,41054965.5
"(np.float64(1.5), 150, 110, 45, 10)",houghCircle,0.31875,45097701.75,36916066
"(np.float64(1.5), 160, 110, 45, 10)",houghCircle,0.31875,45297932.59,36012406.5
"(np.float64(1.5), 170, 110, 45, 10)",houghCircle,0.31875,47081226.5,36694776
"(np.float64(1.5), 180, 110, 45, 10)",houghCircle,0.31875,44146105.18,35089359.5
"(np.float64(1.5), 190, 110, 45, 10)",houghCircle,0.31875,45363043.46,36091884.5
"(np.float64(1.0), 290, 110, 45, 15)",houghCircle,0.316666667,43979323.53,34693216.5
"(np.float64(1.5), 290, 110, 45, 15)",houghCircle,0.316666667,44080262.41,35576930
"(np.float64(1.0), 280, 110, 45, 5)",houghCircle,0.310416667,48271246.85,38135509
"(np.float64(1.5), 280, 110, 45, 5)",houghCircle,0.310416667,46438294.86,36553426
"(np.float64(1.0), 230, 110, 45, 5)",houghCircle,0.308333333,46582474.66,35929731
"(np.float64(1.0), 240, 110, 45, 5)",houghCircle,0.308333333,45103656.34,36128809.5
"(np.float64(1.0), 250, 110, 45, 5)",houghCircle,0.308333333,43337873.53,35402887
"(np.float64(1.0), 260, 110, 45, 5)",houghCircle,0.308333333,47463321.18,36720845.5
"(np.float64(1.0), 270, 110, 45, 5)",houghCircle,0.308333333,45520163.2,36729701.5
"(np.float64(1.5), 230, 110, 45, 5)",houghCircle,0.308333333,46851804.89,37020067.5
"(np.float64(1.5), 240, 110, 45, 5)",houghCircle,0.308333333,45228537.56,35970408
"(np.float64(1.5), 250, 110, 45, 5)",houghCircle,0.308333333,45894236.14,35551461.5
"(np.float64(1.5), 260, 110, 45, 5)",houghCircle,0.308333333,46083726.1,36281369.5
"(np.float64(1.5), 270, 110, 45, 5)",houghCircle,0.308333333,47026835.2,37156859
"(np.float64(1.0), 290, 110, 45, 10)",houghCircle,0.30625,42597525.95,34385634.5
"(np.float64(1.5), 290, 110, 45, 10)",houghCircle,0.30625,45493707.15,36337132
"(np.float64(1.0), 100, 120, 45, 15)",houghCircle,0.304166667,49443238.47,35646384.5
"(np.float64(1.0), 110, 120, 45, 15)",houghCircle,0.304166667,45934731.44,34942994.5
"(np.float64(1.0), 120, 120, 45, 15)",houghCircle,0.304166667,41830002.27,32276973.5
"(np.float64(1.0), 130, 120, 45, 15)",houghCircle,0.304166667,45230051.8,33964688
"(np.float64(1.0), 140, 120, 45, 15)",houghCircle,0.304166667,46471671.2,35447556
"(np.float64(1.0), 150, 120, 45, 15)",houghCircle,0.304166667,45864334.03,34415436.5
"(np.float64(1.0), 160, 120, 45, 15)",houghCircle,0.304166667,44863570.38,33949376
"(np.float64(1.0), 170, 120, 45, 15)",houghCircle,0.304166667,43191875.93,33763942.5
"(np.float64(1.0), 180, 120, 45, 15)",houghCircle,0.304166667,44636003.18,34763228
"(np.float64(1.0), 190, 120, 45, 15)",houghCircle,0.304166667,43030453.97,33212628
"(np.float64(1.0), 200, 120, 45, 15)",houghCircle,0.304166667,43701355.14,35020837
"(np.float64(1.0), 210, 120, 45, 15)",houghCircle,0.304166667,44181014.28,33791228.5
"(np.float64(1.0), 220, 110, 45, 5)",houghCircle,0.304166667,44517501.62,36889587.5
"(np.float64(1.0), 220, 120, 45, 15)",houghCircle,0.304166667,43589589.98,34457589
"(np.float64(1.0), 230, 120, 45, 15)",houghCircle,0.304166667,43875669.01,34764139
"(np.float64(1.0), 240, 120, 45, 15)",houghCircle,0.304166667,44418619.92,34959635.5
"(np.float64(1.0), 250, 120, 45, 15)",houghCircle,0.304166667,44568553.63,34105063
"(np.float64(1.0), 260, 120, 45, 15)",houghCircle,0.304166667,42583516.45,33224491.5
"(np.float64(1.0), 270, 120, 45, 15)",houghCircle,0.304166667,42611669.01,34656817
"(np.float64(1.0), 280, 120, 45, 15)",houghCircle,0.304166667,41210966.6,33608475.5
"(np.float64(1.5), 100, 120, 45, 15)",houghCircle,0.304166667,45739951.34,35288207
"(np.float64(1.5), 110, 120, 45, 15)",houghCircle,0.304166667,45047293.62,35111936.5
"(np.float64(1.5), 120, 120, 45, 15)",houghCircle,0.304166667,43566097.1,34888227.5
"(np.float64(1.5), 130, 120, 45, 15)",houghCircle,0.304166667,51402570.17,42380823
"(np.float64(1.5), 140, 120, 45, 15)",houghCircle,0.304166667,42600863.38,34039214
"(np.float64(1.5), 150, 120, 45, 15)",houghCircle,0.304166667,44997065.8,36054014.5
"(np.float64(1.5), 160, 120, 45, 15)",houghCircle,0.304166667,56077162.41,43638617.5
"(np.float64(1.5), 170, 120, 45, 15)",houghCircle,0.304166667,45280125.78,34493495
"(np.float64(1.5), 180, 120, 45, 15)",houghCircle,0.304166667,43982138.24,34355206.5
"(np.float64(1.5), 190, 120, 45, 15)",houghCircle,0.304166667,43068106.92,33839213.5
"(np.float64(1.5), 200, 120, 45, 15)",houghCircle,0.304166667,45717792.1,35167160
"(np.float64(1.5), 210, 120, 45, 15)",houghCircle,0.304166667,45120369.62,34686949.5
"(np.float64(1.5), 220, 110, 45, 5)",houghCircle,0.304166667,46811317.14,36780041.5
"(np.float64(1.5), 220, 120, 45, 15)",houghCircle,0.304166667,43778791.26,35228250.5
"(np.float64(1.5), 230, 120, 45, 15)",houghCircle,0.304166667,46290075.12,35919371
"(np.float64(1.5), 240, 120, 45, 15)",houghCircle,0.304166667,41661840.33,33261279.5
"(np.float64(1.5), 250, 120, 45, 15)",houghCircle,0.304166667,44059318.03,34941817
"(np.float64(1.5), 260, 120, 45, 15)",houghCircle,0.304166667,46027990.83,35465024
"(np.float64(1.5), 270, 120, 45, 15)",houghCircle,0.304166667,45188835.34,34601488.5
"(np.float64(1.5), 280, 120, 45, 15)",houghCircle,0.304166667,42908584.07,33760386
"(np.float64(1.0), 200, 110, 45, 5)",houghCircle,0.302083333,46353115.12,37085288
"(np.float64(1.0), 210, 110, 45, 5)",houghCircle,0.302083333,44471330.25,35404876
"(np.float64(1.5), 200, 110, 45, 5)",houghCircle,0.302083333,44942767.88,36348457
"(np.float64(1.5), 210, 110, 45, 5)",houghCircle,0.302083333,43479302.66,35435359
"(np.float64(1.0), 190, 110, 45, 5)",houghCircle,0.3,47915286.8,37465872.5
"(np.float64(1.5), 190, 110, 45, 5)",houghCircle,0.3,53877135.94,43552452
"(np.float64(1.0), 160, 110, 45, 5)",houghCircle,0.297916667,54215756.98,43516027.5
"(np.float64(1.0), 170, 110, 45, 5)",houghCircle,0.297916667,43282364.58,35353034
"(np.float64(1.0), 180, 110, 45, 5)",houghCircle,0.297916667,46537443.28,36184408.5
"(np.float64(1.5), 160, 110, 45, 5)",houghCircle,0.297916667,45529439.91,36755545.5
"(np.float64(1.5), 170, 110, 45, 5)",houghCircle,0.297916667,44955348.52,36104719
"(np.float64(1.5), 180, 110, 45, 5)",houghCircle,0.297916667,46448653.01,37300788
"(np.float64(1.0), 100, 110, 45, 5)",houghCircle,0.295833333,45146782.56,36151476.5
"(np.float64(1.0), 110, 110, 45, 5)",houghCircle,0.295833333,47827676.35,37485995.5
"(np.float64(1.0), 120, 110, 45, 5)",houghCircle,0.295833333,43775344.78,35379668.5
"(np.float64(1.0), 130, 110, 45, 5)",houghCircle,0.295833333,44943129.36,36176599
"(np.float64(1.0), 140, 110, 45, 5)",houghCircle,0.295833333,45086166.62,36480648.5
"(np.float64(1.0), 150, 110, 45, 5)",houghCircle,0.295833333,49226532.05,35817454.5
"(np.float64(1.5), 100, 110, 45, 5)",houghCircle,0.295833333,45948036.59,35647076
"(np.float64(1.5), 110, 110, 45, 5)",houghCircle,0.295833333,45499895.08,36102685.5
"(np.float64(1.5), 120, 110, 45, 5)",houghCircle,0.295833333,46215210.13,36515255
"(np.float64(1.5), 130, 110, 45, 5)",houghCircle,0.295833333,46193445.71,36585336
"(np.float64(1.5), 140, 110, 45, 5)",houghCircle,0.295833333,49256831.99,36870289.5
"(np.float64(1.5), 150, 110, 45, 5)",houghCircle,0.295833333,45472292.66,36570839
"(np.float64(1.0), 280, 120, 45, 10)",houghCircle,0.29375,46444167.5,35434790.5
"(np.float64(1.5), 280, 120, 45, 10)",houghCircle,0.29375,45239906.43,35227579
"(np.float64(1.0), 200, 120, 45, 10)",houghCircle,0.291666667,44693996.59,35364971
"(np.float64(1.0), 210, 120, 45, 10)",houghCircle,0.291666667,43169857.87,34719216
"(np.float64(1.0), 220, 120, 45, 10)",houghCircle,0.291666667,44159985.72,35125507
"(np.float64(1.0), 230, 120, 45, 10)",houghCircle,0.291666667,46690186.22,34661907
"(np.float64(1.0), 240, 120, 45, 10)",houghCircle,0.291666667,46497462.18,36200238.5
"(np.float64(1.0), 250, 120, 45, 10)",houghCircle,0.291666667,49624530.84,38427952.5
"(np.float64(1.0), 260, 120, 45, 10)",houghCircle,0.291666667,45080760.95,35688263
"(np.float64(1.0), 270, 120, 45, 10)",houghCircle,0.291666667,42329166.24,34680181.5
"(np.float64(1.0), 290, 110, 45, 5)",houghCircle,0.291666667,46415524.4,36552098.5
"(np.float64(1.5), 200, 120, 45, 10)",houghCircle,0.291666667,44765267.37,36336764.5
"(np.float64(1.5), 210, 120, 45, 10)",houghCircle,0.291666667,42393626.93,34780038.5
"(np.float64(1.5), 220, 120, 45, 10)",houghCircle,0.291666667,48304652.56,36185761.5
"(np.float64(1.5), 230, 120, 45, 10)",houghCircle,0.291666667,44505185.24,33898660
"(np.float64(1.5), 240, 120, 45, 10)",houghCircle,0.291666667,46508739.01,35469132
"(np.float64(1.5), 250, 120, 45, 10)",houghCircle,0.291666667,45117283.67,35772425.5
"(np.float64(1.5), 260, 120, 45, 10)",houghCircle,0.291666667,44381132.48,34850561.5
"(np.float64(1.5), 270, 120, 45, 10)",houghCircle,0.291666667,40791545.68,34333346
"(np.float64(1.5), 290, 110, 45, 5)",houghCircle,0.291666667,47463700.27,36019500
"(np.float64(1.0), 100, 120, 45, 10)",houghCircle,0.2875,45388945.88,35766164
"(np.float64(1.0), 110, 120, 45, 10)",houghCircle,0.2875,42987565.37,35416713.5
"(np.float64(1.0), 120, 120, 45, 10)",houghCircle,0.2875,44538261.97,33491798.5
"(np.float64(1.0), 130, 120, 45, 10)",houghCircle,0.2875,42730419.2,34162300.5
"(np.float64(1.0), 140, 120, 45, 10)",houghCircle,0.2875,46515394.01,35793145.5
"(np.float64(1.0), 150, 120, 45, 10)",houghCircle,0.2875,42759558.46,34837837
"(np.float64(1.0), 160, 120, 45, 10)",houghCircle,0.2875,45463420.38,35431522
"(np.float64(1.0), 170, 120, 45, 10)",houghCircle,0.2875,47213445.44,36069819
"(np.float64(1.0), 180, 120, 45, 10)",houghCircle,0.2875,44560218.69,35666101
"(np.float64(1.0), 190, 120, 45, 10)",houghCircle,0.2875,40857732.62,34466235.5
"(np.float64(1.0), 290, 120, 45, 15)",houghCircle,0.2875,44889194.36,34614012.5
"(np.float64(1.5), 100, 120, 45, 10)",houghCircle,0.2875,43236763.66,34135629.5
"(np.float64(1.5), 110, 120, 45, 10)",houghCircle,0.2875,47052138.72,36049776.5
"(np.float64(1.5), 120, 120, 45, 10)",houghCircle,0.2875,43541641.31,34890356.5
"(np.float64(1.5), 130, 120, 45, 10)",houghCircle,0.2875,45730199.4,34975019.5
"(np.float64(1.5), 140, 120, 45, 10)",houghCircle,0.2875,42442572.69,34685812.5
"(np.float64(1.5), 150, 120, 45, 10)",houghCircle,0.2875,43666748.21,35316475.5
"(np.float64(1.5), 160, 120, 45, 10)",houghCircle,0.2875,45300870.76,34764325
"(np.float64(1.5), 170, 120, 45, 10)",houghCircle,0.2875,43073084.8,34188254
"(np.float64(1.5), 180, 120, 45, 10)",houghCircle,0.2875,46235646.76,37472571
"(np.float64(1.5), 190, 120, 45, 10)",houghCircle,0.2875,44580042.94,34046708.5
"(np.float64(1.5), 290, 120, 45, 15)",houghCircle,0.2875,53538274.84,42607969
"(np.float64(1.0), 230, 120, 45, 5)",houghCircle,0.28125,44957607.51,35589307
"(np.float64(1.0), 240, 120, 45, 5)",houghCircle,0.28125,45715229.74,36353000
"(np.float64(1.0), 250, 120, 45, 5)",houghCircle,0.28125,43642621.66,35914351.5
"(np.float64(1.0), 260, 120, 45, 5)",houghCircle,0.28125,42570299.61,35288177.5
"(np.float64(1.0), 270, 120, 45, 5)",houghCircle,0.28125,45602749.43,35906627.5
"(np.float64(1.0), 280, 120, 45, 5)",houghCircle,0.28125,44097245.05,35746969
"(np.float64(1.5), 230, 120, 45, 5)",houghCircle,0.28125,41398553.36,34103164.5
"(np.float64(1.5), 240, 120, 45, 5)",houghCircle,0.28125,46301535.87,35427423
"(np.float64(1.5), 250, 120, 45, 5)",houghCircle,0.28125,45444110.22,35979485
"(np.float64(1.5), 260, 120, 45, 5)",houghCircle,0.28125,45368953.31,36001525.5
"(np.float64(1.5), 270, 120, 45, 5)",houghCircle,0.28125,46258554.64,36164070.5
"(np.float64(1.5), 280, 120, 45, 5)",houghCircle,0.28125,46631235.01,36255422
"(np.float64(1.0), 220, 120, 45, 5)",houghCircle,0.277083333,43765773.12,34842636.5
"(np.float64(1.5), 220, 120, 45, 5)",houghCircle,0.277083333,44439660.66,35120783.5
"(np.float64(1.0), 200, 120, 45, 5)",houghCircle,0.275,44815828.76,36213588
"(np.float64(1.0), 210, 120, 45, 5)",houghCircle,0.275,45192140.62,35546903
"(np.float64(1.0), 290, 120, 45, 10)",houghCircle,0.275,46072392.19,35629517.5
"(np.float64(1.5), 200, 120, 45, 5)",houghCircle,0.275,47557350.84,37074459
"(np.float64(1.5), 210, 120, 45, 5)",houghCircle,0.275,41860227.34,34014307.5
"(np.float64(1.5), 290, 120, 45, 10)",houghCircle,0.275,45928866.41,35131122.5
"(np.float64(1.0), 190, 120, 45, 5)",houghCircle,0.270833333,47441769.36,35875724
"(np.float64(1.5), 190, 120, 45, 5)",houghCircle,0.270833333,43656103.44,34798142
"(np.float64(1.0), 160, 120, 45, 5)",houghCircle,0.26875,44613089.8,35072612.5
"(np.float64(1.0), 170, 120, 45, 5)",houghCircle,0.26875,43732636.73,35038303.5
"(np.float64(1.0), 180, 120, 45, 5)",houghCircle,0.26875,46851462.48,35674983
"(np.float64(1.5), 160, 120, 45, 5)",houghCircle,0.26875,45017962.55,35910826
"(np.float64(1.5), 170, 120, 45, 5)",houghCircle,0.26875,47019274.43,36402247
"(np.float64(1.5), 180, 120, 45, 5)",houghCircle,0.26875,54949953.05,44222734
"(np.float64(1.0), 100, 120, 45, 5)",houghCircle,0.266666667,44973986.21,35711998
"(np.float64(1.0), 110, 120, 45, 5)",houghCircle,0.266666667,46027684.81,36497366.5
"(np.float64(1.0), 120, 120, 45, 5)",houghCircle,0.266666667,45428123.46,36377796.5
"(np.float64(1.0), 130, 120, 45, 5)",houghCircle,0.266666667,47217967,36024704
"(np.float64(1.0), 140, 120, 45, 5)",houghCircle,0.266666667,43697473.66,35429957
"(np.float64(1.0), 150, 120, 45, 5)",houghCircle,0.266666667,44337334.69,35639176
"(np.float64(1.5), 100, 120, 45, 5)",houghCircle,0.266666667,54186232.48,42716724
"(np.float64(1.5), 110, 120, 45, 5)",houghCircle,0.266666667,45341859.34,35977896
"(np.float64(1.5), 120, 120, 45, 5)",houghCircle,0.266666667,44038345.18,35302765.5
"(np.float64(1.5), 130, 120, 45, 5)",houghCircle,0.266666667,44926960.93,34649921
"(np.float64(1.5), 140, 120, 45, 5)",houghCircle,0.266666667,54552182.11,43356279
"(np.float64(1.5), 150, 120, 45, 5)",houghCircle,0.266666667,44838596.94,35938201.5
"(np.float64(1.0), 100, 130, 45, 15)",houghCircle,0.2625,46764787.68,35872864.5
"(np.float64(1.0), 110, 130, 45, 15)",houghCircle,0.2625,47181215.93,34762235
"(np.float64(1.0), 120, 130, 45, 15)",houghCircle,0.2625,41217391.09,33083196
"(np.float64(1.0), 130, 130, 45, 15)",houghCircle,0.2625,43346599.63,35016622.5
"(np.float64(1.0), 140, 130, 45, 15)",houghCircle,0.2625,42797826.2,33909636
"(np.float64(1.0), 150, 130, 45, 15)",houghCircle,0.2625,44261694.32,33244978.5
"(np.float64(1.0), 160, 130, 45, 15)",houghCircle,0.2625,43549186.36,34498661
"(np.float64(1.0), 170, 130, 45, 15)",houghCircle,0.2625,42519111.79,34203572
"(np.float64(1.0), 180, 130, 45, 15)",houghCircle,0.2625,47073342.89,35670966
"(np.float64(1.0), 190, 130, 45, 15)",houghCircle,0.2625,44112659.39,34028774.5
"(np.float64(1.0), 200, 130, 45, 15)",houghCircle,0.2625,44081748.61,33865362.5
"(np.float64(1.0), 210, 130, 45, 15)",houghCircle,0.2625,41288340.15,32480785.5
"(np.float64(1.0), 220, 130, 45, 15)",houghCircle,0.2625,43458865.61,33860508.5
"(np.float64(1.0), 230, 130, 45, 15)",houghCircle,0.2625,40531913.29,33705433.5
"(np.float64(1.0), 240, 130, 45, 15)",houghCircle,0.2625,44763758.06,35403198
"(np.float64(1.0), 250, 130, 45, 15)",houghCircle,0.2625,43253479.96,33830973.5
"(np.float64(1.0), 260, 130, 45, 15)",houghCircle,0.2625,44561646.5,34349230
"(np.float64(1.0), 270, 130, 45, 15)",houghCircle,0.2625,41648493.72,34414127.5
"(np.float64(1.0), 280, 130, 45, 15)",houghCircle,0.2625,45308603.24,33746861
"(np.float64(1.0), 290, 120, 45, 5)",houghCircle,0.2625,45299528.42,35203948
"(np.float64(1.5), 100, 130, 45, 15)",houghCircle,0.2625,43588687.15,34857695
"(np.float64(1.5), 110, 130, 45, 15)",houghCircle,0.2625,45958499.29,34851588.5
"(np.float64(1.5), 120, 130, 45, 15)",houghCircle,0.2625,42748977.54,33418770
"(np.float64(1.5), 130, 130, 45, 15)",houghCircle,0.2625,51750966.55,41129636
"(np.float64(1.5), 140, 130, 45, 15)",houghCircle,0.2625,41513982.3,33859722.5
"(np.float64(1.5), 150, 130, 45, 15)",houghCircle,0.2625,44085266.22,34205548
"(np.float64(1.5), 160, 130, 45, 15)",houghCircle,0.2625,43637978.12,35219584
"(np.float64(1.5), 170, 130, 45, 15)",houghCircle,0.2625,43908827.2,35278203
"(np.float64(1.5), 180, 130, 45, 15)",houghCircle,0.2625,43673514.05,34179753
"(np.float64(1.5), 190, 130, 45, 15)",houghCircle,0.2625,51377692.12,40997237.5
"(np.float64(1.5), 200, 130, 45, 15)",houghCircle,0.2625,44629917.34,34175810.5
"(np.float64(1.5), 210, 130, 45, 15)",houghCircle,0.2625,41419462.73,33543003
"(np.float64(1.5), 220, 130, 45, 15)",houghCircle,0.2625,43539626.79,33428027.5
"(np.float64(1.5), 230, 130, 45, 15)",houghCircle,0.2625,51783326.88,40732631.5
"(np.float64(1.5), 240, 130, 45, 15)",houghCircle,0.2625,45134761.05,34181826.5
"(np.float64(1.5), 250, 130, 45, 15)",houghCircle,0.2625,45327255.77,33906184.5
"(np.float64(1.5), 260, 130, 45, 15)",houghCircle,0.2625,44938656.86,34778823.5
"(np.float64(1.5), 270, 130, 45, 15)",houghCircle,0.2625,46851541.02,35015055
"(np.float64(1.5), 280, 130, 45, 15)",houghCircle,0.2625,42289133.22,33031308
"(np.float64(1.5), 290, 120, 45, 5)",houghCircle,0.2625,43862843.01,34819388
"(np.float64(1.0), 280, 130, 45, 10)",houghCircle,0.25625,44757861.02,34989281
"(np.float64(1.5), 280, 130, 45, 10)",houghCircle,0.25625,45203040.22,34057082.5
"(np.float64(1.0), 200, 130, 45, 10)",houghCircle,0.254166667,42415476.98,33785066.5
"(np.float64(1.0), 210, 130, 45, 10)",houghCircle,0.254166667,43523331.57,34765306.5
"(np.float64(1.0), 220, 130, 45, 10)",houghCircle,0.254166667,46672292.71,34531036.5
"(np.float64(1.0), 230, 130, 45, 10)",houghCircle,0.254166667,44423872.35,34672437
"(np.float64(1.0), 240, 130, 45, 10)",houghCircle,0.254166667,41467951.96,34239434.5
"(np.float64(1.0), 250, 130, 45, 10)",houghCircle,0.254166667,46800144.16,35187984.5
"(np.float64(1.0), 260, 130, 45, 10)",houghCircle,0.254166667,46282440.58,34698084.5
"(np.float64(1.0), 270, 130, 45, 10)",houghCircle,0.254166667,46189496.71,35243733.5
"(np.float64(1.5), 200, 130, 45, 10)",houghCircle,0.254166667,43199079.87,34507041.5
"(np.float64(1.5), 210, 130, 45, 10)",houghCircle,0.254166667,44798063.33,33738731
"(np.float64(1.5), 220, 130, 45, 10)",houghCircle,0.254166667,44216079.45,33632345
"(np.float64(1.5), 230, 130, 45, 10)",houghCircle,0.254166667,42870841.76,34510212.5
"(np.float64(1.5), 240, 130, 45, 10)",houghCircle,0.254166667,55252223.84,43468269
"(np.float64(1.5), 250, 130, 45, 10)",houghCircle,0.254166667,44016157.45,34164158.5
"(np.float64(1.5), 260, 130, 45, 10)",houghCircle,0.254166667,43798272.47,33884213.5
"(np.float64(1.5), 270, 130, 45, 10)",houghCircle,0.254166667,41668437.82,34627006
"(np.float64(1.0), 100, 140, 45, 15)",houghCircle,0.252083333,43829963.77,33026198.5
"(np.float64(1.0), 110, 140, 45, 15)",houghCircle,0.252083333,43785207.34,33687134
"(np.float64(1.0), 120, 140, 45, 15)",houghCircle,0.252083333,42319188.48,33086416.5
"(np.float64(1.0), 130, 140, 45, 15)",houghCircle,0.252083333,43483916.18,32310300.5
"(np.float64(1.0), 140, 140, 45, 15)",houghCircle,0.252083333,45058573.67,34215890
"(np.float64(1.0), 150, 140, 45, 15)",houghCircle,0.252083333,44560220.75,35615847
"(np.float64(1.0), 160, 140, 45, 15)",houghCircle,0.252083333,43761429.74,33951740
"(np.float64(1.0), 170, 140, 45, 15)",houghCircle,0.252083333,43377018.72,32914790.5
"(np.float64(1.0), 180, 140, 45, 15)",houghCircle,0.252083333,45118252.28,33451813
"(np.float64(1.0), 190, 140, 45, 15)",houghCircle,0.252083333,40770436.61,33039818.5
"(np.float64(1.0), 200, 140, 45, 15)",houghCircle,0.252083333,44079682.83,34070602.5
"(np.float64(1.0), 210, 140, 45, 15)",houghCircle,0.252083333,46889745.35,34079985
"(np.float64(1.0), 220, 140, 45, 15)",houghCircle,0.252083333,44529813.69,34036850.5
"(np.float64(1.0), 230, 140, 45, 15)",houghCircle,0.252083333,44283512.79,33856784.5
"(np.float64(1.0), 240, 140, 45, 15)",houghCircle,0.252083333,40220905.58,32236351
"(np.float64(1.0), 250, 140, 45, 15)",houghCircle,0.252083333,43761404.2,33173299.5
"(np.float64(1.0), 260, 140, 45, 15)",houghCircle,0.252083333,42583166.17,34679520.5
"(np.float64(1.0), 270, 140, 45, 15)",houghCircle,0.252083333,42599683.5,33077990.5
"(np.float64(1.0), 280, 140, 45, 15)",houghCircle,0.252083333,40985701.85,33146825.5
"(np.float64(1.5), 100, 140, 45, 15)",houghCircle,0.252083333,53795299.31,41491765.5
"(np.float64(1.5), 110, 140, 45, 15)",houghCircle,0.252083333,42872470.9,33243312
"(np.float64(1.5), 120, 140, 45, 15)",houghCircle,0.252083333,43840189.74,33232200
"(np.float64(1.5), 130, 140, 45, 15)",houghCircle,0.252083333,44380574.84,33149785.5
"(np.float64(1.5), 140, 140, 45, 15)",houghCircle,0.252083333,52317540.49,40571093
"(np.float64(1.5), 150, 140, 45, 15)",houghCircle,0.252083333,42888984.23,34107498
"(np.float64(1.5), 160, 140, 45, 15)",houghCircle,0.252083333,43637043.01,33284242.5
"(np.float64(1.5), 170, 140, 45, 15)",houghCircle,0.252083333,44364168.62,33816797
"(np.float64(1.5), 180, 140, 45, 15)",houghCircle,0.252083333,42833906.4,32350261
"(np.float64(1.5), 190, 140, 45, 15)",houghCircle,0.252083333,42980490.82,33717584
"(np.float64(1.5), 200, 140, 45, 15)",houghCircle,0.252083333,44043854.33,33903545
"(np.float64(1.5), 210, 140, 45, 15)",houghCircle,0.252083333,40997223.98,33412275.5
"(np.float64(1.5), 220, 140, 45, 15)",houghCircle,0.252083333,44445077.95,33437214.5
"(np.float64(1.5), 230, 140, 45, 15)",houghCircle,0.252083333,41798030.92,32400945.5
"(np.float64(1.5), 240, 140, 45, 15)",houghCircle,0.252083333,53281706.25,41340186.5
"(np.float64(1.5), 250, 140, 45, 15)",houghCircle,0.252083333,50935308.26,41055431.5
"(np.float64(1.5), 260, 140, 45, 15)",houghCircle,0.252083333,52465841.6,41895042
"(np.float64(1.5), 270, 140, 45, 15)",houghCircle,0.252083333,51398889.69,40215582
"(np.float64(1.5), 280, 140, 45, 15)",houghCircle,0.252083333,43341886.66,33632310.5
"(np.float64(1.0), 100, 130, 45, 10)",houghCircle,0.25,47826449.6,36000729.5
"(np.float64(1.0), 110, 130, 45, 10)",houghCircle,0.25,44460007.34,34253992.5
"(np.float64(1.0), 120, 130, 45, 10)",houghCircle,0.25,44568240.4,34961794.5
"(np.float64(1.0), 130, 130, 45, 10)",houghCircle,0.25,43020332.36,34744632
"(np.float64(1.0), 140, 130, 45, 10)",houghCircle,0.25,42203197.18,33611161
"(np.float64(1.0), 150, 130, 45, 10)",houghCircle,0.25,41063171.71,33847924
"(np.float64(1.0), 160, 130, 45, 10)",houghCircle,0.25,43300908.38,34086552.5
"(np.float64(1.0), 170, 130, 45, 10)",houghCircle,0.25,46061758.89,35018055.5
"(np.float64(1.0), 180, 130, 45, 10)",houghCircle,0.25,44128729.3,35026310
"(np.float64(1.0), 190, 130, 45, 10)",houghCircle,0.25,44822483.46,34120858
"(np.float64(1.5), 100, 130, 45, 10)",houghCircle,0.25,45559480.1,35137985
"(np.float64(1.5), 110, 130, 45, 10)",houghCircle,0.25,43925620.6,34720662.5
"(np.float64(1.5), 120, 130, 45, 10)",houghCircle,0.25,46808006.96,35272663
"(np.float64(1.5), 130, 130, 45, 10)",houghCircle,0.25,44096871.98,33995192.5
"(np.float64(1.5), 140, 130, 45, 10)",houghCircle,0.25,43181546.24,34800753
"(np.float64(1.5), 150, 130, 45, 10)",houghCircle,0.25,43033695.93,34468093.5
"(np.float64(1.5), 160, 130, 45, 10)",houghCircle,0.25,44650760.6,35194126.5
"(np.float64(1.5), 170, 130, 45, 10)",houghCircle,0.25,45601511.3,35063720.5
"(np.float64(1.5), 180, 130, 45, 10)",houghCircle,0.25,46142860.64,35700946.5
"(np.float64(1.5), 190, 130, 45, 10)",houghCircle,0.25,42615867.82,34956419.5
"(np.float64(1.0), 200, 140, 45, 10)",houghCircle,0.247916667,46453738.6,34987158
"(np.float64(1.0), 210, 140, 45, 10)",houghCircle,0.247916667,42333289.77,33956063
"(np.float64(1.0), 220, 140, 45, 10)",houghCircle,0.247916667,44258140.16,35093727.5
"(np.float64(1.0), 230, 140, 45, 10)",houghCircle,0.247916667,45235959.71,35094498.5
"(np.float64(1.0), 240, 140, 45, 10)",houghCircle,0.247916667,44355399.87,35196189
"(np.float64(1.0), 250, 140, 45, 10)",houghCircle,0.247916667,45197025.66,33762475.5
"(np.float64(1.0), 260, 140, 45, 10)",houghCircle,0.247916667,45238662.97,33907426.5
"(np.float64(1.0), 270, 140, 45, 10)",houghCircle,0.247916667,43497328.17,33133910.5
"(np.float64(1.0), 280, 140, 45, 10)",houghCircle,0.247916667,42824384.3,33394159
"(np.float64(1.5), 200, 140, 45, 10)",houghCircle,0.247916667,42837719.92,34489032.5
"(np.float64(1.5), 210, 140, 45, 10)",houghCircle,0.247916667,45153881.99,35018702.5
"(np.float64(1.5), 220, 140, 45, 10)",houghCircle,0.247916667,46055875.68,35317121.5
"(np.float64(1.5), 230, 140, 45, 10)",houghCircle,0.247916667,52513748.07,40127331
"(np.float64(1.5), 240, 140, 45, 10)",houghCircle,0.247916667,47181240.24,36063426
"(np.float64(1.5), 250, 140, 45, 10)",houghCircle,0.247916667,44941254.79,33877044.5
"(np.float64(1.5), 260, 140, 45, 10)",houghCircle,0.247916667,41742276.76,33817438
"(np.float64(1.5), 270, 140, 45, 10)",houghCircle,0.247916667,46062809.49,34821186
"(np.float64(1.5), 280, 140, 45, 10)",houghCircle,0.247916667,46298553.38,35153279
"(np.float64(1.0), 290, 130, 45, 15)",houghCircle,0.245833333,42898682.34,33560957
"(np.float64(1.5), 290, 130, 45, 15)",houghCircle,0.245833333,43634732.39,33220333
"(np.float64(1.0), 100, 140, 45, 10)",houghCircle,0.24375,48370572.07,37947672
"(np.float64(1.0), 100, 150, 45, 15)",houghCircle,0.24375,42282856.88,33127915
"(np.float64(1.0), 110, 140, 45, 10)",houghCircle,0.24375,48486255.07,36681279.5
"(np.float64(1.0), 110, 150, 45, 15)",houghCircle,0.24375,43323031.38,33666915
"(np.float64(1.0), 120, 140, 45, 10)",houghCircle,0.24375,43712901.28,35305208.5
"(np.float64(1.0), 120, 150, 45, 15)",houghCircle,0.24375,42200991.04,32555150
"(np.float64(1.0), 130, 140, 45, 10)",houghCircle,0.24375,41610120.77,33790587.5
"(np.float64(1.0), 130, 150, 45, 15)",houghCircle,0.24375,40340257.94,32079581.5
"(np.float64(1.0), 140, 140, 45, 10)",houghCircle,0.24375,40311617.9,32174992.5
"(np.float64(1.0), 140, 150, 45, 15)",houghCircle,0.24375,42700681.2,32921762
"(np.float64(1.0), 150, 140, 45, 10)",houghCircle,0.24375,45228516.82,34213140.5
"(np.float64(1.0), 150, 150, 45, 15)",houghCircle,0.24375,43523197.29,33693255
"(np.float64(1.0), 160, 140, 45, 10)",houghCircle,0.24375,41711221.37,33425262.5
"(np.float64(1.0), 160, 150, 45, 15)",houghCircle,0.24375,43747597.21,33402694.5
"(np.float64(1.0), 170, 140, 45, 10)",houghCircle,0.24375,40778545.05,33210474.5
"(np.float64(1.0), 170, 150, 45, 15)",houghCircle,0.24375,39840692.32,31902731
"(np.float64(1.0), 180, 140, 45, 10)",houghCircle,0.24375,43264619.17,34013852
"(np.float64(1.0), 180, 150, 45, 15)",houghCircle,0.24375,44482117.73,33219041.5
"(np.float64(1.0), 190, 140, 45, 10)",houghCircle,0.24375,44881722.26,34449257
"(np.float64(1.0), 190, 150, 45, 15)",houghCircle,0.24375,43088103.03,32541530.5
"(np.float64(1.0), 200, 150, 45, 15)",houghCircle,0.24375,42289187.5,33624571
"(np.float64(1.0), 210, 150, 45, 15)",houghCircle,0.24375,44242915.36,32828532.5
"(np.float64(1.0), 220, 150, 45, 15)",houghCircle,0.24375,45077480.14,33218654.5
"(np.float64(1.0), 230, 150, 45, 15)",houghCircle,0.24375,45785295.77,33636088
"(np.float64(1.0), 240, 150, 45, 15)",houghCircle,0.24375,43131002.19,33219366.5
"(np.float64(1.0), 250, 150, 45, 15)",houghCircle,0.24375,40855217.7,32383912.5
"(np.float64(1.0), 260, 150, 45, 15)",houghCircle,0.24375,42629813.44,33730931
"(np.float64(1.0), 270, 150, 45, 15)",houghCircle,0.24375,41506469.82,32728826
"(np.float64(1.0), 280, 150, 45, 15)",houghCircle,0.24375,48183820.96,34257189
"(np.float64(1.5), 100, 140, 45, 10)",houghCircle,0.24375,43993991.21,34362029.5
"(np.float64(1.5), 100, 150, 45, 15)",houghCircle,0.24375,44257777.72,33949564.5
"(np.float64(1.5), 110, 140, 45, 10)",houghCircle,0.24375,41759488.65,33468428
"(np.float64(1.5), 110, 150, 45, 15)",houghCircle,0.24375,43336482.8,33239529.5
"(np.float64(1.5), 120, 140, 45, 10)",houghCircle,0.24375,43292354.77,33872645.5
"(np.float64(1.5), 120, 150, 45, 15)",houghCircle,0.24375,45414355.53,32925665
"(np.float64(1.5), 130, 140, 45, 10)",houghCircle,0.24375,51781137.11,41161420.5
"(np.float64(1.5), 130, 150, 45, 15)",houghCircle,0.24375,43334882.48,33392875.5
"(np.float64(1.5), 140, 140, 45, 10)",houghCircle,0.24375,45555100.64,35103485.5
"(np.float64(1.5), 140, 150, 45, 15)",houghCircle,0.24375,45475481.99,34168752
"(np.float64(1.5), 150, 140, 45, 10)",houghCircle,0.24375,43608769.89,34145920
"(np.float64(1.5), 150, 150, 45, 15)",houghCircle,0.24375,43910568.1,33918292.5
"(np.float64(1.5), 160, 140, 45, 10)",houghCircle,0.24375,43475878.77,33993272
"(np.float64(1.5), 160, 150, 45, 15)",houghCircle,0.24375,41372788.36,32100467.5
"(np.float64(1.5), 170, 140, 45, 10)",houghCircle,0.24375,43939169.64,35434342
"(np.float64(1.5), 170, 150, 45, 15)",houghCircle,0.24375,44677896.13,33488986.5
"(np.float64(1.5), 180, 140, 45, 10)",houghCircle,0.24375,45458926.92,34677361
"(np.float64(1.5), 180, 150, 45, 15)",houghCircle,0.24375,42634542.85,32898773.5
"(np.float64(1.5), 190, 140, 45, 10)",houghCircle,0.24375,42336789.66,33349665
"(np.float64(1.5), 190, 150, 45, 15)",houghCircle,0.24375,42709304.91,32901714
"(np.float64(1.5), 200, 150, 45, 15)",houghCircle,0.24375,44555949.74,33249833.5
"(np.float64(1.5), 210, 150, 45, 15)",houghCircle,0.24375,44889953.06,33764719
"(np.float64(1.5), 220, 150, 45, 15)",houghCircle,0.24375,48501936.46,34128246
"(np.float64(1.5), 230, 150, 45, 15)",houghCircle,0.24375,42651395.46,33145688
"(np.float64(1.5), 240, 150, 45, 15)",houghCircle,0.24375,46650997.52,34497945
"(np.float64(1.5), 250, 150, 45, 15)",houghCircle,0.24375,42675112.19,32052135.5
"(np.float64(1.5), 260, 150, 45, 15)",houghCircle,0.24375,51448412.06,39862474
"(np.float64(1.5), 270, 150, 45, 15)",houghCircle,0.24375,42162325.45,32099724
"(np.float64(1.5), 280, 150, 45, 15)",houghCircle,0.24375,44436893.81,34039309
"(np.float64(1.0), 230, 130, 45, 5)",houghCircle,0.241666667,45120194.9,35134097.5
"(np.float64(1.0), 240, 130, 45, 5)",houghCircle,0.241666667,43838549.49,35642192
"(np.float64(1.0), 250, 130, 45, 5)",houghCircle,0.241666667,45232740.37,35353560
"(np.float64(1.0), 260, 130, 45, 5)",houghCircle,0.241666667,44096218.67,34258691
"(np.float64(1.0), 270, 130, 45, 5)",houghCircle,0.241666667,42639753.05,34288947.5
"(np.float64(1.0), 280, 130, 45, 5)",houghCircle,0.241666667,45833644.52,34841784.5
"(np.float64(1.5), 230, 130, 45, 5)",houghCircle,0.241666667,46801094.76,35596710.5
"(np.float64(1.5), 240, 130, 45, 5)",houghCircle,0.241666667,46218346.05,35548009.5
"(np.float64(1.5), 250, 130, 45, 5)",houghCircle,0.241666667,44308968.09,35533977.5
"(np.float64(1.5), 260, 130, 45, 5)",houghCircle,0.241666667,44543563.03,35205116.5
"(np.float64(1.5), 270, 130, 45, 5)",houghCircle,0.241666667,48055396.7,36291154
"(np.float64(1.5), 280, 130, 45, 5)",houghCircle,0.241666667,44479697.92,36285503
"(np.float64(1.0), 200, 150, 45, 10)",houghCircle,0.239583333,43193237.54,33465163
"(np.float64(1.0), 210, 150, 45, 10)",houghCircle,0.239583333,45240038.89,34116568.5
"(np.float64(1.0), 220, 150, 45, 10)",houghCircle,0.239583333,42540017.52,32924268
"(np.float64(1.0), 230, 150, 45, 10)",houghCircle,0.239583333,43645999.68,33188187
"(np.float64(1.0), 240, 150, 45, 10)",houghCircle,0.239583333,43286758.07,33465919
"(np.float64(1.0), 250, 150, 45, 10)",houghCircle,0.239583333,43330183.09,33463924.5
"(np.float64(1.0), 260, 150, 45, 10)",houghCircle,0.239583333,43049976.37,33416766.5
"(np.float64(1.0), 270, 150, 45, 10)",houghCircle,0.239583333,43038768.97,33868593.5
"(np.float64(1.0), 280, 150, 45, 10)",houghCircle,0.239583333,42026092.27,32616445
"(np.float64(1.0), 290, 130, 45, 10)",houghCircle,0.239583333,46222681.66,34993604
"(np.float64(1.5), 200, 150, 45, 10)",houghCircle,0.239583333,43435024.54,33329383
"(np.float64(1.5), 210, 150, 45, 10)",houghCircle,0.239583333,45915930.11,34248977
"(np.float64(1.5), 220, 150, 45, 10)",houghCircle,0.239583333,43597589.39,33183859.5
"(np.float64(1.5), 230, 150, 45, 10)",houghCircle,0.239583333,51476226.59,39322489.5
"(np.float64(1.5), 240, 150, 45, 10)",houghCircle,0.239583333,49882891.22,40494815.5
"(np.float64(1.5), 250, 150, 45, 10)",houghCircle,0.239583333,42757952.15,32762438.5
"(np.float64(1.5), 260, 150, 45, 10)",houghCircle,0.239583333,44895819.98,32924433
"(np.float64(1.5), 270, 150, 45, 10)",houghCircle,0.239583333,43131854.38,33310727.5
"(np.float64(1.5), 280, 150, 45, 10)",houghCircle,0.239583333,46387463.39,34265919.5
"(np.float64(1.5), 290, 130, 45, 10)",houghCircle,0.239583333,46656648.87,35991602
"(np.float64(1.0), 100, 160, 45, 15)",houghCircle,0.2375,45765678.87,34839911.5
"(np.float64(1.0), 100, 170, 45, 15)",houghCircle,0.2375,43704205.74,33062138
"(np.float64(1.0), 100, 180, 45, 15)",houghCircle,0.2375,47178073.91,34631580
"(np.float64(1.0), 100, 190, 45, 15)",houghCircle,0.2375,53383120.88,41940477
"(np.float64(1.0), 100, 200, 45, 15)",houghCircle,0.2375,43680577.65,33057136.5
"(np.float64(1.0), 100, 210, 45, 15)",houghCircle,0.2375,40211982.41,32081636.5
"(np.float64(1.0), 100, 220, 45, 15)",houghCircle,0.2375,48042205.92,33595411
"(np.float64(1.0), 100, 230, 45, 15)",houghCircle,0.2375,42174717.24,32202092.5
"(np.float64(1.0), 100, 240, 45, 15)",houghCircle,0.2375,43306119.78,32780418
"(np.float64(1.0), 100, 250, 45, 15)",houghCircle,0.2375,42149130.38,32711128.5
"(np.float64(1.0), 100, 260, 45, 15)",houghCircle,0.2375,44040181.06,33289528.5
"(np.float64(1.0), 100, 270, 45, 15)",houghCircle,0.2375,40406721.29,30576117
"(np.float64(1.0), 100, 280, 45, 15)",houghCircle,0.2375,40482921.08,30609400.5
"(np.float64(1.0), 100, 290, 45, 15)",houghCircle,0.2375,38895408.47,30404160
"(np.float64(1.0), 110, 160, 45, 15)",houghCircle,0.2375,43400868.26,33685585.5
"(np.float64(1.0), 110, 170, 45, 15)",houghCircle,0.2375,40820755.74,32523216
"(np.float64(1.0), 110, 180, 45, 15)",houghCircle,0.2375,42827019.4,32240103
"(np.float64(1.0), 110, 190, 45, 15)",houghCircle,0.2375,41225372.3,30975751.5
"(np.float64(1.0), 110, 200, 45, 15)",houghCircle,0.2375,43749686.87,31814225.5
"(np.float64(1.0), 110, 210, 45, 15)",houghCircle,0.2375,40375220.32,31019684.5
"(np.float64(1.0), 110, 220, 45, 15)",houghCircle,0.2375,43425225.21,30547554
"(np.float64(1.0), 110, 230, 45, 15)",houghCircle,0.2375,43737040.01,32132923.5
"(np.float64(1.0), 110, 240, 45, 15)",houghCircle,0.2375,39917641.34,30902169.5
"(np.float64(1.0), 110, 250, 45, 15)",houghCircle,0.2375,41634649.3,30527795
"(np.float64(1.0), 110, 260, 45, 15)",houghCircle,0.2375,41440787.33,30630880
"(np.float64(1.0), 110, 270, 45, 15)",houghCircle,0.2375,40683280.47,30384778.5
"(np.float64(1.0), 110, 280, 45, 15)",houghCircle,0.2375,41239620.85,31404335.5
"(np.float64(1.0), 110, 290, 45, 15)",houghCircle,0.2375,39656452.61,29743225.5
"(np.float64(1.0), 120, 160, 45, 15)",houghCircle,0.2375,39728156.85,32619861.5
"(np.float64(1.0), 120, 170, 45, 15)",houghCircle,0.2375,42646564.18,32009716
"(np.float64(1.0), 120, 180, 45, 15)",houghCircle,0.2375,40736724.26,32174020
"(np.float64(1.0), 120, 190, 45, 15)",houghCircle,0.2375,39597483.96,31014690
"(np.float64(1.0), 120, 200, 45, 15)",houghCircle,0.2375,39382399.34,30629142
"(np.float64(1.0), 120, 210, 45, 15)",houghCircle,0.2375,43010100.52,32241944
"(np.float64(1.0), 120, 220, 45, 15)",houghCircle,0.2375,39776386.38,31098963
"(np.float64(1.0), 120, 230, 45, 15)",houghCircle,0.2375,41806500.15,31546022
"(np.float64(1.0), 120, 240, 45, 15)",houghCircle,0.2375,40231875.29,30719416
"(np.float64(1.0), 120, 250, 45, 15)",houghCircle,0.2375,42276681.47,31097189.5
"(np.float64(1.0), 120, 260, 45, 15)",houghCircle,0.2375,42049283.06,31112724
"(np.float64(1.0), 120, 270, 45, 15)",houghCircle,0.2375,39342298.99,30166128.5
"(np.float64(1.0), 120, 280, 45, 15)",houghCircle,0.2375,41935805.09,30310198
"(np.float64(1.0), 120, 290, 45, 15)",houghCircle,0.2375,40755420.66,30851483.5
"(np.float64(1.0), 130, 160, 45, 15)",houghCircle,0.2375,42365256.29,33097332
"(np.float64(1.0), 130, 170, 45, 15)",houghCircle,0.2375,40715783.07,32276062
"(np.float64(1.0), 130, 180, 45, 15)",houghCircle,0.2375,40402591.83,31528479
"(np.float64(1.0), 130, 190, 45, 15)",houghCircle,0.2375,43475082.4,32549544
"(np.float64(1.0), 130, 200, 45, 15)",houghCircle,0.2375,42220021.03,31865772.5
"(np.float64(1.0), 130, 210, 45, 15)",houghCircle,0.2375,42328262.91,31854159
"(np.float64(1.0), 130, 220, 45, 15)",houghCircle,0.2375,39746661.26,31560679
"(np.float64(1.0), 130, 230, 45, 15)",houghCircle,0.2375,42774176.18,31487452.5
"(np.float64(1.0), 130, 240, 45, 15)",houghCircle,0.2375,41059939.24,31041406
"(np.float64(1.0), 130, 250, 45, 15)",houghCircle,0.2375,41235426.76,30403338
"(np.float64(1.0), 130, 260, 45, 15)",houghCircle,0.2375,41239738.84,30377569.5
"(np.float64(1.0), 130, 270, 45, 15)",houghCircle,0.2375,39745636.78,30350404.5
"(np.float64(1.0), 130, 280, 45, 15)",houghCircle,0.2375,42721063.13,30461166.5
"(np.float64(1.0), 130, 290, 45, 15)",houghCircle,0.2375,40381590.7,30524846.5
"(np.float64(1.0), 140, 160, 45, 15)",houghCircle,0.2375,41608812.55,32334656.5
"(np.float64(1.0), 140, 170, 45, 15)",houghCircle,0.2375,42466040.85,32296950.5
"(np.float64(1.0), 140, 180, 45, 15)",houghCircle,0.2375,42909841.79,32580979
"(np.float64(1.0), 140, 190, 45, 15)",houghCircle,0.2375,40554218.4,30659007.5
"(np.float64(1.0), 140, 200, 45, 15)",houghCircle,0.2375,41769086.57,31369786.5
"(np.float64(1.0), 140, 210, 45, 15)",houghCircle,0.2375,42146788.47,30294122
"(np.float64(1.0), 140, 220, 45, 15)",houghCircle,0.2375,42315813.03,30769220
"(np.float64(1.0), 140, 230, 45, 15)",houghCircle,0.2375,43047083.78,30988816
"(np.float64(1.0), 140, 240, 45, 15)",houghCircle,0.2375,41589623.64,30754331.5
"(np.float64(1.0), 140, 250, 45, 15)",houghCircle,0.2375,41341977.38,31030965.5
"(np.float64(1.0), 140, 260, 45, 15)",houghCircle,0.2375,39884009.42,30525807
"(np.float64(1.0), 140, 270, 45, 15)",houghCircle,0.2375,40623389.99,30444300
"(np.float64(1.0), 140, 280, 45, 15)",houghCircle,0.2375,41037791,30461923
"(np.float64(1.0), 140, 290, 45, 15)",houghCircle,0.2375,40114209.93,31318019
"(np.float64(1.0), 150, 160, 45, 15)",houghCircle,0.2375,45147941.62,33015645
"(np.float64(1.0), 150, 170, 45, 15)",houghCircle,0.2375,45022307.13,31533297.5
"(np.float64(1.0), 150, 180, 45, 15)",houghCircle,0.2375,42904914.53,32583037.5
"(np.float64(1.0), 150, 190, 45, 15)",houghCircle,0.2375,41408696.93,30685468
"(np.float64(1.0), 150, 200, 45, 15)",houghCircle,0.2375,39982282.73,30840918
"(np.float64(1.0), 150, 210, 45, 15)",houghCircle,0.2375,40358939.24,31228005.5
"(np.float64(1.0), 150, 220, 45, 15)",houghCircle,0.2375,42513708.93,31171123.5
"(np.float64(1.0), 150, 230, 45, 15)",houghCircle,0.2375,40723910.1,31068054
"(np.float64(1.0), 150, 240, 45, 15)",houghCircle,0.2375,41571568.25,31557568
"(np.float64(1.0), 150, 250, 45, 15)",houghCircle,0.2375,39657751.17,30462223.5
"(np.float64(1.0), 150, 260, 45, 15)",houghCircle,0.2375,42230970.7,31181187.5
"(np.float64(1.0), 150, 270, 45, 15)",houghCircle,0.2375,40798631.39,30735230
"(np.float64(1.0), 150, 280, 45, 15)",houghCircle,0.2375,41086824.69,30379378.5
"(np.float64(1.0), 150, 290, 45, 15)",houghCircle,0.2375,36774169.97,29925255.5
"(np.float64(1.0), 160, 160, 45, 15)",houghCircle,0.2375,42001381.05,31701864.5
"(np.float64(1.0), 160, 170, 45, 15)",houghCircle,0.2375,44082343.36,33309032.5
"(np.float64(1.0), 160, 180, 45, 15)",houghCircle,0.2375,39283301.24,32053157.5
"(np.float64(1.0), 160, 190, 45, 15)",houghCircle,0.2375,42949552.16,32636768
"(np.float64(1.0), 160, 200, 45, 15)",houghCircle,0.2375,40957732.96,32120970
"(np.float64(1.0), 160, 210, 45, 15)",houghCircle,0.2375,41105467.29,31176011.5
"(np.float64(1.0), 160, 220, 45, 15)",houghCircle,0.2375,41331754.51,31658704.5
"(np.float64(1.0), 160, 230, 45, 15)",houghCircle,0.2375,42133207.7,30511621
"(np.float64(1.0), 160, 240, 45, 15)",houghCircle,0.2375,43118625.44,30646460
"(np.float64(1.0), 160, 250, 45, 15)",houghCircle,0.2375,41589378.04,30547528.5
"(np.float64(1.0), 160, 260, 45, 15)",houghCircle,0.2375,39497706.05,29879155.5
"(np.float64(1.0), 160, 270, 45, 15)",houghCircle,0.2375,41407943.49,31682092
"(np.float64(1.0), 160, 280, 45, 15)",houghCircle,0.2375,40648823.73,30749383
"(np.float64(1.0), 160, 290, 45, 15)",houghCircle,0.2375,39691775.76,30202882
"(np.float64(1.0), 170, 160, 45, 15)",houghCircle,0.2375,43545304.38,33116913.5
"(np.float64(1.0), 170, 170, 45, 15)",houghCircle,0.2375,39929244.79,31763865
"(np.float64(1.0), 170, 180, 45, 15)",houghCircle,0.2375,40693109.66,31411439.5
"(np.float64(1.0), 170, 190, 45, 15)",houghCircle,0.2375,44241339.23,32295186.5
"(np.float64(1.0), 170, 200, 45, 15)",houghCircle,0.2375,39721545.18,31146988
"(np.float64(1.0), 170, 210, 45, 15)",houghCircle,0.2375,39489910.25,30921449.5
"(np.float64(1.0), 170, 220, 45, 15)",houghCircle,0.2375,38580185.23,30580425
"(np.float64(1.0), 170, 230, 45, 15)",houghCircle,0.2375,41347324.36,30937545.5
"(np.float64(1.0), 170, 240, 45, 15)",houghCircle,0.2375,37931971.47,30315252.5
"(np.float64(1.0), 170, 250, 45, 15)",houghCircle,0.2375,38013932.74,31224854
"(np.float64(1.0), 170, 260, 45, 15)",houghCircle,0.2375,42586945.91,31030900.5
"(np.float64(1.0), 170, 270, 45, 15)",houghCircle,0.2375,41016422.16,30714872.5
"(np.float64(1.0), 170, 280, 45, 15)",houghCircle,0.2375,40414045.43,29993238
"(np.float64(1.0), 170, 290, 45, 15)",houghCircle,0.2375,38799553.48,29527545
"(np.float64(1.0), 180, 160, 45, 15)",houghCircle,0.2375,44230130.46,33255679
"(np.float64(1.0), 180, 170, 45, 15)",houghCircle,0.2375,43659844.9,32904845.5
"(np.float64(1.0), 180, 180, 45, 15)",houghCircle,0.2375,39578673.6,31055902.5
"(np.float64(1.0), 180, 190, 45, 15)",houghCircle,0.2375,40066200.57,31773934.5
"(np.float64(1.0), 180, 200, 45, 15)",houghCircle,0.2375,38555182.67,31011744
"(np.float64(1.0), 180, 210, 45, 15)",houghCircle,0.2375,41079868.7,31250322.5
"(np.float64(1.0), 180, 220, 45, 15)",houghCircle,0.2375,40777672.68,31294294
"(np.float64(1.0), 180, 230, 45, 15)",houghCircle,0.2375,39658727.88,30172108.5
"(np.float64(1.0), 180, 240, 45, 15)",houghCircle,0.2375,39967566.73,29904432
"(np.float64(1.0), 180, 250, 45, 15)",houghCircle,0.2375,40537359.2,31402562.5
"(np.float64(1.0), 180, 260, 45, 15)",houghCircle,0.2375,41222720.65,30018591
"(np.float64(1.0), 180, 270, 45, 15)",houghCircle,0.2375,42154896.55,30951005
"(np.float64(1.0), 180, 280, 45, 15)",houghCircle,0.2375,43819464.83,31086454
"(np.float64(1.0), 180, 290, 45, 15)",houghCircle,0.2375,41819392.23,29902107
"(np.float64(1.0), 190, 160, 45, 15)",houghCircle,0.2375,41158482.02,32683321
"(np.float64(1.0), 190, 170, 45, 15)",houghCircle,0.2375,42571435.8,31490437.5
"(np.float64(1.0), 190, 180, 45, 15)",houghCircle,0.2375,42374379.53,32705532
"(np.float64(1.0), 190, 190, 45, 15)",houghCircle,0.2375,42110875.09,31987400.5
"(np.float64(1.0), 190, 200, 45, 15)",houghCircle,0.2375,41522256.98,31053423
"(np.float64(1.0), 190, 210, 45, 15)",houghCircle,0.2375,43845509.38,31850943.5
"(np.float64(1.0), 190, 220, 45, 15)",houghCircle,0.2375,41321408.79,30635633.5
"(np.float64(1.0), 190, 230, 45, 15)",houghCircle,0.2375,42023633.98,30992940
"(np.float64(1.0), 190, 240, 45, 15)",houghCircle,0.2375,41557662.39,31356987.5
"(np.float64(1.0), 190, 250, 45, 15)",houghCircle,0.2375,39781049.37,30139333
"(np.float64(1.0), 190, 260, 45, 15)",houghCircle,0.2375,41310496.12,30198048
"(np.float64(1.0), 190, 270, 45, 15)",houghCircle,0.2375,43272934.56,31399056.5
"(np.float64(1.0), 190, 280, 45, 15)",houghCircle,0.2375,45268221.86,36388150.5
"(np.float64(1.0), 190, 290, 45, 15)",houghCircle,0.2375,41317357.83,30286785
"(np.float64(1.0), 200, 130, 45, 5)",houghCircle,0.2375,47212798.18,36102740
"(np.float64(1.0), 200, 160, 45, 15)",houghCircle,0.2375,41877534.49,32187985.5
"(np.float64(1.0), 200, 170, 45, 15)",houghCircle,0.2375,44561574.15,33144070.5
"(np.float64(1.0), 200, 180, 45, 15)",houghCircle,0.2375,39626177.78,31046389
"(np.float64(1.0), 200, 190, 45, 15)",houghCircle,0.2375,42376373.82,32355666
"(np.float64(1.0), 200, 200, 45, 15)",houghCircle,0.2375,41423413.35,32174891.5
"(np.float64(1.0), 200, 210, 45, 15)",houghCircle,0.2375,42358495.89,31250592
"(np.float64(1.0), 200, 220, 45, 15)",houghCircle,0.2375,42331010.25,31457305
"(np.float64(1.0), 200, 230, 45, 15)",houghCircle,0.2375,42771028.1,31792889
"(np.float64(1.0), 200, 240, 45, 15)",houghCircle,0.2375,39380830.16,30091083
"(np.float64(1.0), 200, 250, 45, 15)",houghCircle,0.2375,39535139.05,29699368.5
"(np.float64(1.0), 200, 260, 45, 15)",houghCircle,0.2375,37894581.73,31261498.5
"(np.float64(1.0), 200, 270, 45, 15)",houghCircle,0.2375,40488028.63,30678224
"(np.float64(1.0), 200, 280, 45, 15)",houghCircle,0.2375,42249364.08,31417460.5
"(np.float64(1.0), 200, 290, 45, 15)",houghCircle,0.2375,37749447.22,29834953
"(np.float64(1.0), 210, 130, 45, 5)",houghCircle,0.2375,47469460.33,35759321
"(np.float64(1.0), 210, 160, 45, 15)",houghCircle,0.2375,42416339.45,32181834.5
"(np.float64(1.0), 210, 170, 45, 15)",houghCircle,0.2375,44350174.22,32575468.5
"(np.float64(1.0), 210, 180, 45, 15)",houghCircle,0.2375,42693602.78,32777742
"(np.float64(1.0), 210, 190, 45, 15)",houghCircle,0.2375,44798400.05,32642399
"(np.float64(1.0), 210, 200, 45, 15)",houghCircle,0.2375,40692653.19,31574681
"(np.float64(1.0), 210, 210, 45, 15)",houghCircle,0.2375,40480601.55,30423220.5
"(np.float64(1.0), 210, 220, 45, 15)",houghCircle,0.2375,38904674.59,31520242.5
"(np.float64(1.0), 210, 230, 45, 15)",houghCircle,0.2375,41376439.32,30853480
"(np.float64(1.0), 210, 240, 45, 15)",houghCircle,0.2375,39681390.95,30531924
"(np.float64(1.0), 210, 250, 45, 15)",houghCircle,0.2375,41942730.51,31608408.5
"(np.float64(1.0), 210, 260, 45, 15)",houghCircle,0.2375,41404946.7,30977139.5
"(np.float64(1.0), 210, 270, 45, 15)",houghCircle,0.2375,40276570.73,31097985.5
"(np.float64(1.0), 210, 280, 45, 15)",houghCircle,0.2375,41436805.39,30853492.5
"(np.float64(1.0), 210, 290, 45, 15)",houghCircle,0.2375,41696123.03,30521349
"(np.float64(1.0), 220, 130, 45, 5)",houghCircle,0.2375,44167404.23,34804874
"(np.float64(1.0), 220, 160, 45, 15)",houghCircle,0.2375,40730291.14,30329804.5
"(np.float64(1.0), 220, 170, 45, 15)",houghCircle,0.2375,43665405.94,31934751
"(np.float64(1.0), 220, 180, 45, 15)",houghCircle,0.2375,42253797.97,32087342.5
"(np.float64(1.0), 220, 190, 45, 15)",houghCircle,0.2375,40457953.92,32030832
"(np.float64(1.0), 220, 200, 45, 15)",houghCircle,0.2375,41345358.59,30690857.5
"(np.float64(1.0), 220, 210, 45, 15)",houghCircle,0.2375,39240902.67,30302448.5
"(np.float64(1.0), 220, 220, 45, 15)",houghCircle,0.2375,38195496.75,29726468
"(np.float64(1.0), 220, 230, 45, 15)",houghCircle,0.2375,41350872.14,31065988.5
"(np.float64(1.0), 220, 240, 45, 15)",houghCircle,0.2375,39477665.29,31024298
"(np.float64(1.0), 220, 250, 45, 15)",houghCircle,0.2375,42846015.94,31404718.5
"(np.float64(1.0), 220, 260, 45, 15)",houghCircle,0.2375,38882926.39,30136161.5
"(np.float64(1.0), 220, 270, 45, 15)",houghCircle,0.2375,40327289.18,29752757
"(np.float64(1.0), 220, 280, 45, 15)",houghCircle,0.2375,39128020.51,30425044.5
"(np.float64(1.0), 220, 290, 45, 15)",houghCircle,0.2375,37777771.15,29403382.5
"(np.float64(1.0), 230, 160, 45, 15)",houghCircle,0.2375,42643376.97,33055635.5
"(np.float64(1.0), 230, 170, 45, 15)",houghCircle,0.2375,42564552.14,32452327
"(np.float64(1.0), 230, 180, 45, 15)",houghCircle,0.2375,40067062.95,32307434.5
"(np.float64(1.0), 230, 190, 45, 15)",houghCircle,0.2375,44736916.04,32582751
"(np.float64(1.0), 230, 200, 45, 15)",houghCircle,0.2375,39918648.26,31485728.5
"(np.float64(1.0), 230, 210, 45, 15)",houghCircle,0.2375,45384478.81,31724833
"(np.float64(1.0), 230, 220, 45, 15)",houghCircle,0.2375,42428591.4,30921510.5
"(np.float64(1.0), 230, 230, 45, 15)",houghCircle,0.2375,41470677.52,31524261
"(np.float64(1.0), 230, 240, 45, 15)",houghCircle,0.2375,40094787.33,30352046
"(np.float64(1.0), 230, 250, 45, 15)",houghCircle,0.2375,42867963.79,31610507
"(np.float64(1.0), 230, 260, 45, 15)",houghCircle,0.2375,40092337.42,30444360.5
"(np.float64(1.0), 230, 270, 45, 15)",houghCircle,0.2375,38810153,30714427
"(np.float64(1.0), 230, 280, 45, 15)",houghCircle,0.2375,38096421.83,30793885.5
"(np.float64(1.0), 230, 290, 45, 15)",houghCircle,0.2375,40926405.22,29899957.5
"(np.float64(1.0), 240, 160, 45, 15)",houghCircle,0.2375,43177970.43,32836807.5
"(np.float64(1.0), 240, 170, 45, 15)",houghCircle,0.2375,41523626.08,32733365.5
"(np.float64(1.0), 240, 180, 45, 15)",houghCircle,0.2375,40061718.04,31171874.5
"(np.float64(1.0), 240, 190, 45, 15)",houghCircle,0.2375,41988434.89,32612892.5
"(np.float64(1.0), 240, 200, 45, 15)",houghCircle,0.2375,41868022.73,31626823.5
"(np.float64(1.0), 240, 210, 45, 15)",houghCircle,0.2375,42424917.14,32100241.5
"(np.float64(1.0), 240, 220, 45, 15)",houghCircle,0.2375,42417220.27,31279637
"(np.float64(1.0), 240, 230, 45, 15)",houghCircle,0.2375,40852971.78,31037332.5
"(np.float64(1.0), 240, 240, 45, 15)",houghCircle,0.2375,44039954.86,31887332.5
"(np.float64(1.0), 240, 250, 45, 15)",houghCircle,0.2375,44232288.91,31507569
"(np.float64(1.0), 240, 260, 45, 15)",houghCircle,0.2375,40282987.26,30519596
"(np.float64(1.0), 240, 270, 45, 15)",houghCircle,0.2375,42924326.95,31503767.5
"(np.float64(1.0), 240, 280, 45, 15)",houghCircle,0.2375,44956256.47,31736774
"(np.float64(1.0), 240, 290, 45, 15)",houghCircle,0.2375,40549314.92,30756205.5
"(np.float64(1.0), 250, 160, 45, 15)",houghCircle,0.2375,42431585.54,33132788.5
"(np.float64(1.0), 250, 170, 45, 15)",houghCircle,0.2375,42374897.5,32546404
"(np.float64(1.0), 250, 180, 45, 15)",houghCircle,0.2375,40800144.88,31994228.5
"(np.float64(1.0), 250, 190, 45, 15)",houghCircle,0.2375,39298678.86,30572324.5
"(np.float64(1.0), 250, 200, 45, 15)",houghCircle,0.2375,40909076.29,31992850.5
"(np.float64(1.0), 250, 210, 45, 15)",houghCircle,0.2375,40970338.38,31193520.5
"(np.float64(1.0), 250, 220, 45, 15)",houghCircle,0.2375,41264604.09,31031170.5
"(np.float64(1.0), 250, 230, 45, 15)",houghCircle,0.2375,41671317.65,30706426.5
"(np.float64(1.0), 250, 240, 45, 15)",houghCircle,0.2375,42827078.74,31172231.5
"(np.float64(1.0), 250, 250, 45, 15)",houghCircle,0.2375,41294519.23,30484534.5
"(np.float64(1.0), 250, 260, 45, 15)",houghCircle,0.2375,41117041.48,30604020
"(np.float64(1.0), 250, 270, 45, 15)",houghCircle,0.2375,39771891.32,30514156.5
"(np.float64(1.0), 250, 280, 45, 15)",houghCircle,0.2375,39806397.77,30229827.5
"(np.float64(1.0), 250, 290, 45, 15)",houghCircle,0.2375,41773602.21,31131398
"(np.float64(1.0), 260, 160, 45, 15)",houghCircle,0.2375,41624236.19,32159122
"(np.float64(1.0), 260, 170, 45, 15)",houghCircle,0.2375,40008052.24,30766880
"(np.float64(1.0), 260, 180, 45, 15)",houghCircle,0.2375,42688077.39,33015934
"(np.float64(1.0), 260, 190, 45, 15)",houghCircle,0.2375,45775880.67,35626492
"(np.float64(1.0), 260, 200, 45, 15)",houghCircle,0.2375,45024176.85,35068550.5
"(np.float64(1.0), 260, 210, 45, 15)",houghCircle,0.2375,39399030.29,30889083.5
"(np.float64(1.0), 260, 220, 45, 15)",houghCircle,0.2375,43109694.73,31376794.5
"(np.float64(1.0), 260, 230, 45, 15)",houghCircle,0.2375,43283092.71,31859274.5
"(np.float64(1.0), 260, 240, 45, 15)",houghCircle,0.2375,42727943.67,32530238.5
"(np.float64(1.0), 260, 250, 45, 15)",houghCircle,0.2375,41070745.45,31156666.5
"(np.float64(1.0), 260, 260, 45, 15)",houghCircle,0.2375,41425517.68,30981787.5
"(np.float64(1.0), 260, 270, 45, 15)",houghCircle,0.2375,41421150.69,31436205.5
"(np.float64(1.0), 260, 280, 45, 15)",houghCircle,0.2375,40504877.35,30724570
"(np.float64(1.0), 260, 290, 45, 15)",houghCircle,0.2375,41074968.9,30588570.5
"(np.float64(1.0), 270, 160, 45, 15)",houghCircle,0.2375,41809546.34,32790691.5
"(np.float64(1.0), 270, 170, 45, 15)",houghCircle,0.2375,42965725.05,33139277
"(np.float64(1.0), 270, 180, 45, 15)",houghCircle,0.2375,42887911.44,31549999
"(np.float64(1.0), 270, 190, 45, 15)",houghCircle,0.2375,41281234.01,31628096
"(np.float64(1.0), 270, 200, 45, 15)",houghCircle,0.2375,42924600.96,31878891.5
"(np.float64(1.0), 270, 210, 45, 15)",houghCircle,0.2375,41597814.86,31127065.5
"(np.float64(1.0), 270, 220, 45, 15)",houghCircle,0.2375,41016632.5,31271767
"(np.float64(1.0), 270, 230, 45, 15)",houghCircle,0.2375,39220681.96,31164055.5
"(np.float64(1.0), 270, 240, 45, 15)",houghCircle,0.2375,39401863.34,30742925
"(np.float64(1.0), 270, 250, 45, 15)",houghCircle,0.2375,43213412.45,31459234
"(np.float64(1.0), 270, 260, 45, 15)",houghCircle,0.2375,43125240.74,31441271
"(np.float64(1.0), 270, 270, 45, 15)",houghCircle,0.2375,41876550.59,29839876.5
"(np.float64(1.0), 270, 280, 45, 15)",houghCircle,0.2375,38844962.01,29578861.5
"(np.float64(1.0), 270, 290, 45, 15)",houghCircle,0.2375,39808853.76,30443308.5
"(np.float64(1.0), 280, 160, 45, 15)",houghCircle,0.2375,46168944.54,32816160
"(np.float64(1.0), 280, 170, 45, 15)",houghCircle,0.2375,43755698.69,32720840.5
"(np.float64(1.0), 280, 180, 45, 15)",houghCircle,0.2375,39785398.41,31354071
"(np.float64(1.0), 280, 190, 45, 15)",houghCircle,0.2375,40880954.76,31126159
"(np.float64(1.0), 280, 200, 45, 15)",houghCircle,0.2375,42904189.14,32745111.5
"(np.float64(1.0), 280, 210, 45, 15)",houghCircle,0.2375,40422078.07,31296623.5
"(np.float64(1.0), 280, 220, 45, 15)",houghCircle,0.2375,38176844.53,29938616
"(np.float64(1.0), 280, 230, 45, 15)",houghCircle,0.2375,49663752.73,38982723.5
"(np.float64(1.0), 280, 240, 45, 15)",houghCircle,0.2375,40674855.33,31040058
"(np.float64(1.0), 280, 250, 45, 15)",houghCircle,0.2375,39886408.4,31044385
"(np.float64(1.0), 280, 260, 45, 15)",houghCircle,0.2375,38199444.03,30279546.5
"(np.float64(1.0), 280, 270, 45, 15)",houghCircle,0.2375,42423786.47,30983891
"(np.float64(1.0), 280, 280, 45, 15)",houghCircle,0.2375,39909386.67,30174559
"(np.float64(1.0), 280, 290, 45, 15)",houghCircle,0.2375,39760424.08,30719617
"(np.float64(1.5), 100, 160, 45, 15)",houghCircle,0.2375,46278921.95,32456754.5
"(np.float64(1.5), 100, 170, 45, 15)",houghCircle,0.2375,42246477.58,32522328.5
"(np.float64(1.5), 100, 180, 45, 15)",houghCircle,0.2375,40786465.58,31426272.5
"(np.float64(1.5), 100, 190, 45, 15)",houghCircle,0.2375,40722083.41,30896002
"(np.float64(1.5), 100, 200, 45, 15)",houghCircle,0.2375,40606945.14,31185465
"(np.float64(1.5), 100, 210, 45, 15)",houghCircle,0.2375,43490140,32641195.5
"(np.float64(1.5), 100, 220, 45, 15)",houghCircle,0.2375,42175514.98,31562021
"(np.float64(1.5), 100, 230, 45, 15)",houghCircle,0.2375,39308994.34,29837796.5
"(np.float64(1.5), 100, 240, 45, 15)",houghCircle,0.2375,41966354.3,31560985
"(np.float64(1.5), 100, 250, 45, 15)",houghCircle,0.2375,39076227.94,30879987
"(np.float64(1.5), 100, 260, 45, 15)",houghCircle,0.2375,42651377.74,31284722
"(np.float64(1.5), 100, 270, 45, 15)",houghCircle,0.2375,40016070.3,30981653
"(np.float64(1.5), 100, 280, 45, 15)",houghCircle,0.2375,38183196.03,30057269
"(np.float64(1.5), 100, 290, 45, 15)",houghCircle,0.2375,40564338.78,30145574
"(np.float64(1.5), 110, 160, 45, 15)",houghCircle,0.2375,42958466.45,32154859.5
"(np.float64(1.5), 110, 170, 45, 15)",houghCircle,0.2375,43797256.99,32872050
"(np.float64(1.5), 110, 180, 45, 15)",houghCircle,0.2375,40710507.93,31551041
"(np.float64(1.5), 110, 190, 45, 15)",houghCircle,0.2375,43796369.89,32181499
"(np.float64(1.5), 110, 200, 45, 15)",houghCircle,0.2375,41917418.16,31611440.5
"(np.float64(1.5), 110, 210, 45, 15)",houghCircle,0.2375,39698669.22,31272725
"(np.float64(1.5), 110, 220, 45, 15)",houghCircle,0.2375,48320871.74,37294968
"(np.float64(1.5), 110, 230, 45, 15)",houghCircle,0.2375,42673202.24,32366463
"(np.float64(1.5), 110, 240, 45, 15)",houghCircle,0.2375,43271806.68,31745069
"(np.float64(1.5), 110, 250, 45, 15)",houghCircle,0.2375,41530833.12,31400183.5
"(np.float64(1.5), 110, 260, 45, 15)",houghCircle,0.2375,39192915.55,30362030.5
"(np.float64(1.5), 110, 270, 45, 15)",houghCircle,0.2375,42401895.37,30655246
"(np.float64(1.5), 110, 280, 45, 15)",houghCircle,0.2375,42442427.38,30571899.5
"(np.float64(1.5), 110, 290, 45, 15)",houghCircle,0.2375,42142907.83,31133322.5
"(np.float64(1.5), 120, 160, 45, 15)",houghCircle,0.2375,50444252.75,39783996.5
"(np.float64(1.5), 120, 170, 45, 15)",houghCircle,0.2375,42868577.8,32552409
"(np.float64(1.5), 120, 180, 45, 15)",houghCircle,0.2375,42793050.81,32799112.5
"(np.float64(1.5), 120, 190, 45, 15)",houghCircle,0.2375,40815921.39,30854439
"(np.float64(1.5), 120, 200, 45, 15)",houghCircle,0.2375,39111360.15,30848188
"(np.float64(1.5), 120, 210, 45, 15)",houghCircle,0.2375,46043475.41,32246245.5
"(np.float64(1.5), 120, 220, 45, 15)",houghCircle,0.2375,40633340.94,30916986
"(np.float64(1.5), 120, 230, 45, 15)",houghCircle,0.2375,41657828.7,31388251
"(np.float64(1.5), 120, 240, 45, 15)",houghCircle,0.2375,43524116.1,32037523.5
"(np.float64(1.5), 120, 250, 45, 15)",houghCircle,0.2375,39689271.98,30602627.5
"(np.float64(1.5), 120, 260, 45, 15)",houghCircle,0.2375,41662348.16,30508234.5
"(np.float64(1.5), 120, 270, 45, 15)",houghCircle,0.2375,44605683.01,31674096.5
"(np.float64(1.5), 120, 280, 45, 15)",houghCircle,0.2375,39151900.43,30731854
"(np.float64(1.5), 120, 290, 45, 15)",houghCircle,0.2375,37841108.93,29461309
"(np.float64(1.5), 130, 160, 45, 15)",houghCircle,0.2375,42637556.69,32739321
"(np.float64(1.5), 130, 170, 45, 15)",houghCircle,0.2375,44086082.68,32990663
"(np.float64(1.5), 130, 180, 45, 15)",houghCircle,0.2375,41735650.26,32136429
"(np.float64(1.5), 130, 190, 45, 15)",houghCircle,0.2375,44606981.5,32695578
"(np.float64(1.5), 130, 200, 45, 15)",houghCircle,0.2375,41373651.44,30830069
"(np.float64(1.5), 130, 210, 45, 15)",houghCircle,0.2375,41555335.45,30724546.5
"(np.float64(1.5), 130, 220, 45, 15)",houghCircle,0.2375,40827933.27,30936593.5
"(np.float64(1.5), 130, 230, 45, 15)",houghCircle,0.2375,42400479.07,31570197
"(np.float64(1.5), 130, 240, 45, 15)",houghCircle,0.2375,40908794.19,31014655
"(np.float64(1.5), 130, 250, 45, 15)",houghCircle,0.2375,43472463.07,31467334
"(np.float64(1.5), 130, 260, 45, 15)",houghCircle,0.2375,41384532.81,30855652.5
"(np.float64(1.5), 130, 270, 45, 15)",houghCircle,0.2375,41053759.28,31324751
"(np.float64(1.5), 130, 280, 45, 15)",houghCircle,0.2375,40405323.23,31148110
"(np.float64(1.5), 130, 290, 45, 15)",houghCircle,0.2375,39085972.26,29665804
"(np.float64(1.5), 140, 160, 45, 15)",houghCircle,0.2375,44528238.6,33240349.5
"(np.float64(1.5), 140, 170, 45, 15)",houghCircle,0.2375,42003350.16,32305446.5
"(np.float64(1.5), 140, 180, 45, 15)",houghCircle,0.2375,41285624.14,32440355.5
"(np.float64(1.5), 140, 190, 45, 15)",houghCircle,0.2375,43161066.21,31577265.5
"(np.float64(1.5), 140, 200, 45, 15)",houghCircle,0.2375,43476046,32183337.5
"(np.float64(1.5), 140, 210, 45, 15)",houghCircle,0.2375,43337624.73,31892231.5
"(np.float64(1.5), 140, 220, 45, 15)",houghCircle,0.2375,42804822.55,31363319.5
"(np.float64(1.5), 140, 230, 45, 15)",houghCircle,0.2375,39256686.25,30340610.5
"(np.float64(1.5), 140, 240, 45, 15)",houghCircle,0.2375,40963655.91,30570277
"(np.float64(1.5), 140, 250, 45, 15)",houghCircle,0.2375,41042259.58,31001310
"(np.float64(1.5), 140, 260, 45, 15)",houghCircle,0.2375,43557902.68,30754646.5
"(np.float64(1.5), 140, 270, 45, 15)",houghCircle,0.2375,42938766.6,31567056.5
"(np.float64(1.5), 140, 280, 45, 15)",houghCircle,0.2375,39619813.3,30565673
"(np.float64(1.5), 140, 290, 45, 15)",houghCircle,0.2375,39407716.61,30050771
"(np.float64(1.5), 150, 160, 45, 15)",houghCircle,0.2375,42718972.95,32268647
"(np.float64(1.5), 150, 170, 45, 15)",houghCircle,0.2375,43108393.35,32550562
"(np.float64(1.5), 150, 180, 45, 15)",houghCircle,0.2375,45253262.61,33167193
"(np.float64(1.5), 150, 190, 45, 15)",houghCircle,0.2375,42044707.16,32636126
"(np.float64(1.5), 150, 200, 45, 15)",houghCircle,0.2375,40159338.39,30685913.5
"(np.float64(1.5), 150, 210, 45, 15)",houghCircle,0.2375,41421862.65,31328629.5
"(np.float64(1.5), 150, 220, 45, 15)",houghCircle,0.2375,41359917.58,31663336.5
"(np.float64(1.5), 150, 230, 45, 15)",houghCircle,0.2375,39212285.24,30508811.5
"(np.float64(1.5), 150, 240, 45, 15)",houghCircle,0.2375,43312678.16,31531574.5
"(np.float64(1.5), 150, 250, 45, 15)",houghCircle,0.2375,42648370.15,31265305
"(np.float64(1.5), 150, 260, 45, 15)",houghCircle,0.2375,41326458.4,31455692
"(np.float64(1.5), 150, 270, 45, 15)",houghCircle,0.2375,41244096.01,31202998
"(np.float64(1.5), 150, 280, 45, 15)",houghCircle,0.2375,42865941.48,30793585
"(np.float64(1.5), 150, 290, 45, 15)",houghCircle,0.2375,40291761.92,29859668
"(np.float64(1.5), 160, 160, 45, 15)",houghCircle,0.2375,50977503.87,40872208.5
"(np.float64(1.5), 160, 170, 45, 15)",houghCircle,0.2375,40747529.63,31589779
"(np.float64(1.5), 160, 180, 45, 15)",houghCircle,0.2375,39008836.75,31658382.5
"(np.float64(1.5), 160, 190, 45, 15)",houghCircle,0.2375,43152247.51,31942090
"(np.float64(1.5), 160, 200, 45, 15)",houghCircle,0.2375,52540713,39398772
"(np.float64(1.5), 160, 210, 45, 15)",houghCircle,0.2375,41705004.01,31768484.5
"(np.float64(1.5), 160, 220, 45, 15)",houghCircle,0.2375,46323307.05,31422190
"(np.float64(1.5), 160, 230, 45, 15)",houghCircle,0.2375,41646566.59,30873641.5
"(np.float64(1.5), 160, 240, 45, 15)",houghCircle,0.2375,45100708.74,31953527.5
"(np.float64(1.5), 160, 250, 45, 15)",houghCircle,0.2375,40908242.49,31308927.5
"(np.float64(1.5), 160, 260, 45, 15)",houghCircle,0.2375,39280546.24,30514300.5
"(np.float64(1.5), 160, 270, 45, 15)",houghCircle,0.2375,41698527.64,30335731.5
"(np.float64(1.5), 160, 280, 45, 15)",houghCircle,0.2375,53170656.85,40085759
"(np.float64(1.5), 160, 290, 45, 15)",houghCircle,0.2375,47931694.67,37055668
"(np.float64(1.5), 170, 160, 45, 15)",houghCircle,0.2375,40505944.39,30772711
"(np.float64(1.5), 170, 170, 45, 15)",houghCircle,0.2375,46405271.12,33094462
"(np.float64(1.5), 170, 180, 45, 15)",houghCircle,0.2375,45746030.03,35714222
"(np.float64(1.5), 170, 190, 45, 15)",houghCircle,0.2375,42185182.41,31847211.5
"(np.float64(1.5), 170, 200, 45, 15)",houghCircle,0.2375,41574778.27,31421578
"(np.float64(1.5), 170, 210, 45, 15)",houghCircle,0.2375,39617362.15,30733733
"(np.float64(1.5), 170, 220, 45, 15)",houghCircle,0.2375,40414562.91,30356737.5
"(np.float64(1.5), 170, 230, 45, 15)",houghCircle,0.2375,41778102.76,30392963.5
"(np.float64(1.5), 170, 240, 45, 15)",houghCircle,0.2375,39368966.56,29739513
"(np.float64(1.5), 170, 250, 45, 15)",houghCircle,0.2375,41928362.53,31452462
"(np.float64(1.5), 170, 260, 45, 15)",houghCircle,0.2375,42269836.56,31272533.5
"(np.float64(1.5), 170, 270, 45, 15)",houghCircle,0.2375,45510453.08,34692891
"(np.float64(1.5), 170, 280, 45, 15)",houghCircle,0.2375,40701547.51,30034090
"(np.float64(1.5), 170, 290, 45, 15)",houghCircle,0.2375,40696168.01,30029461.5
"(np.float64(1.5), 180, 160, 45, 15)",houghCircle,0.2375,43653061.81,32306518.5
"(np.float64(1.5), 180, 170, 45, 15)",houghCircle,0.2375,42533387.77,32035355
"(np.float64(1.5), 180, 180, 45, 15)",houghCircle,0.2375,40930643.4,31423732
"(np.float64(1.5), 180, 190, 45, 15)",houghCircle,0.2375,41797209.66,31375352
"(np.float64(1.5), 180, 200, 45, 15)",houghCircle,0.2375,40061269.3,31467439.5
"(np.float64(1.5), 180, 210, 45, 15)",houghCircle,0.2375,41001523.85,31390551
"(np.float64(1.5), 180, 220, 45, 15)",houghCircle,0.2375,41831122.59,31181392
"(np.float64(1.5), 180, 230, 45, 15)",houghCircle,0.2375,40481290.55,31658703.5
"(np.float64(1.5), 180, 240, 45, 15)",houghCircle,0.2375,41055529.59,30557858
"(np.float64(1.5), 180, 250, 45, 15)",houghCircle,0.2375,40697110.64,30619484
"(np.float64(1.5), 180, 260, 45, 15)",houghCircle,0.2375,42240127.65,31096397.5
"(np.float64(1.5), 180, 270, 45, 15)",houghCircle,0.2375,44797115.55,31315234.5
"(np.float64(1.5), 180, 280, 45, 15)",houghCircle,0.2375,38833937.64,30686079
"(np.float64(1.5), 180, 290, 45, 15)",houghCircle,0.2375,41150340.84,30000818
"(np.float64(1.5), 190, 160, 45, 15)",houghCircle,0.2375,42297589.65,32575713
"(np.float64(1.5), 190, 170, 45, 15)",houghCircle,0.2375,42705449.7,33056781.5
"(np.float64(1.5), 190, 180, 45, 15)",houghCircle,0.2375,43189795.28,32865516.5
"(np.float64(1.5), 190, 190, 45, 15)",houghCircle,0.2375,44318276.73,32687969.5
"(np.float64(1.5), 190, 200, 45, 15)",houghCircle,0.2375,42894070.61,32370758.5
"(np.float64(1.5), 190, 210, 45, 15)",houghCircle,0.2375,44821926.62,32650854
"(np.float64(1.5), 190, 220, 45, 15)",houghCircle,0.2375,40933667.7,31588276.5
"(np.float64(1.5), 190, 230, 45, 15)",houghCircle,0.2375,41749487.99,32247372
"(np.float64(1.5), 190, 240, 45, 15)",houghCircle,0.2375,47435619.61,38259635.5
"(np.float64(1.5), 190, 250, 45, 15)",houghCircle,0.2375,53469256.35,37964659
"(np.float64(1.5), 190, 260, 45, 15)",houghCircle,0.2375,49003366.33,36961009.5
"(np.float64(1.5), 190, 270, 45, 15)",houghCircle,0.2375,49832080.96,37993132
"(np.float64(1.5), 190, 280, 45, 15)",houghCircle,0.2375,41275169.71,30442251
"(np.float64(1.5), 190, 290, 45, 15)",houghCircle,0.2375,40848597.85,30345154
"(np.float64(1.5), 200, 130, 45, 5)",houghCircle,0.2375,43880921.39,35031236
"(np.float64(1.5), 200, 160, 45, 15)",houghCircle,0.2375,41962962.75,32627125.5
"(np.float64(1.5), 200, 170, 45, 15)",houghCircle,0.2375,45827331.73,32962159.5
"(np.float64(1.5), 200, 180, 45, 15)",houghCircle,0.2375,41976118.51,32188963
"(np.float64(1.5), 200, 190, 45, 15)",houghCircle,0.2375,39997102.41,31871092
"(np.float64(1.5), 200, 200, 45, 15)",houghCircle,0.2375,44606887.38,32082569
"(np.float64(1.5), 200, 210, 45, 15)",houghCircle,0.2375,39815185.9,30042010.5
"(np.float64(1.5), 200, 220, 45, 15)",houghCircle,0.2375,40696642.6,31166995.5
"(np.float64(1.5), 200, 230, 45, 15)",houghCircle,0.2375,45598312.29,32075184
"(np.float64(1.5), 200, 240, 45, 15)",houghCircle,0.2375,41116358.72,31303657.5
"(np.float64(1.5), 200, 250, 45, 15)",houghCircle,0.2375,40998963.2,30995032.5
"(np.float64(1.5), 200, 260, 45, 15)",houghCircle,0.2375,41249420.36,31557924.5
"(np.float64(1.5), 200, 270, 45, 15)",houghCircle,0.2375,41757244.59,30775975.5
"(np.float64(1.5), 200, 280, 45, 15)",houghCircle,0.2375,39526058.49,30302183
"(np.float64(1.5), 200, 290, 45, 15)",houghCircle,0.2375,41025110.39,30175095.5
"(np.float64(1.5), 210, 130, 45, 5)",houghCircle,0.2375,41243901.2,33948563.5
"(np.float64(1.5), 210, 160, 45, 15)",houghCircle,0.2375,42162814.15,32231983
"(np.float64(1.5), 210, 170, 45, 15)",houghCircle,0.2375,42070015.35,33223784
"(np.float64(1.5), 210, 180, 45, 15)",houghCircle,0.2375,40637726.56,31971414.5
"(np.float64(1.5), 210, 190, 45, 15)",houghCircle,0.2375,41767973.39,30950069.5
"(np.float64(1.5), 210, 200, 45, 15)",houghCircle,0.2375,42626720.3,31916140.5
"(np.float64(1.5), 210, 210, 45, 15)",houghCircle,0.2375,42422372.93,31719978
"(np.float64(1.5), 210, 220, 45, 15)",houghCircle,0.2375,41801474.19,30878970
"(np.float64(1.5), 210, 230, 45, 15)",houghCircle,0.2375,44143769.5,31515244
"(np.float64(1.5), 210, 240, 45, 15)",houghCircle,0.2375,44619866,31619865
"(np.float64(1.5), 210, 250, 45, 15)",houghCircle,0.2375,40886621.82,31536279
"(np.float64(1.5), 210, 260, 45, 15)",houghCircle,0.2375,43469790.6,30778161.5
"(np.float64(1.5), 210, 270, 45, 15)",houghCircle,0.2375,42519492.04,31333954
"(np.float64(1.5), 210, 280, 45, 15)",houghCircle,0.2375,39188581.19,29958679.5
"(np.float64(1.5), 210, 290, 45, 15)",houghCircle,0.2375,39830577.37,30141703
"(np.float64(1.5), 220, 130, 45, 5)",houghCircle,0.2375,44948465.83,34309340.5
"(np.float64(1.5), 220, 160, 45, 15)",houghCircle,0.2375,42117119.65,31773132
"(np.float64(1.5), 220, 170, 45, 15)",houghCircle,0.2375,44077912.73,33092978.5
"(np.float64(1.5), 220, 180, 45, 15)",houghCircle,0.2375,39969568.81,30837653
"(np.float64(1.5), 220, 190, 45, 15)",houghCircle,0.2375,41503033.78,31592097
"(np.float64(1.5), 220, 200, 45, 15)",houghCircle,0.2375,40949968.04,32342696.5
"(np.float64(1.5), 220, 210, 45, 15)",houghCircle,0.2375,44453279.04,31769736.5
"(np.float64(1.5), 220, 220, 45, 15)",houghCircle,0.2375,39962343.15,31522262
"(np.float64(1.5), 220, 230, 45, 15)",houghCircle,0.2375,42215704.08,31752434
"(np.float64(1.5), 220, 240, 45, 15)",houghCircle,0.2375,40483753.34,31340155.5
"(np.float64(1.5), 220, 250, 45, 15)",houghCircle,0.2375,43498439.9,31272148.5
"(np.float64(1.5), 220, 260, 45, 15)",houghCircle,0.2375,41579311.46,31531380
"(np.float64(1.5), 220, 270, 45, 15)",houghCircle,0.2375,39653091.29,31551942.5
"(np.float64(1.5), 220, 280, 45, 15)",houghCircle,0.2375,40799969.18,30309357.5
"(np.float64(1.5), 220, 290, 45, 15)",houghCircle,0.2375,37014970.62,29686096
"(np.float64(1.5), 230, 160, 45, 15)",houghCircle,0.2375,41685073.45,33790082
"(np.float64(1.5), 230, 170, 45, 15)",houghCircle,0.2375,41345842.38,31738413.5
"(np.float64(1.5), 230, 180, 45, 15)",houghCircle,0.2375,40961984.6,31141723
"(np.float64(1.5), 230, 190, 45, 15)",houghCircle,0.2375,41959674.9,32375292.5
"(np.float64(1.5), 230, 200, 45, 15)",houghCircle,0.2375,40973353.66,32233841.5
"(np.float64(1.5), 230, 210, 45, 15)",houghCircle,0.2375,42848131.14,31390039
"(np.float64(1.5), 230, 220, 45, 15)",houghCircle,0.2375,38719633.61,30780651
"(np.float64(1.5), 230, 230, 45, 15)",houghCircle,0.2375,44527635.24,32020507.5
"(np.float64(1.5), 230, 240, 45, 15)",houghCircle,0.2375,41583444.98,31619169.5
"(np.float64(1.5), 230, 250, 45, 15)",houghCircle,0.2375,42050077.31,31201215.5
"(np.float64(1.5), 230, 260, 45, 15)",houghCircle,0.2375,40526797.11,30184963.5
"(np.float64(1.5), 230, 270, 45, 15)",houghCircle,0.2375,41100498.71,30116525
"(np.float64(1.5), 230, 280, 45, 15)",houghCircle,0.2375,41799947.71,30606098.5
"(np.float64(1.5), 230, 290, 45, 15)",houghCircle,0.2375,41332638.75,30936068
"(np.float64(1.5), 240, 160, 45, 15)",houghCircle,0.2375,45115168.58,34464476
"(np.float64(1.5), 240, 170, 45, 15)",houghCircle,0.2375,41133854.09,32597790
"(np.float64(1.5), 240, 180, 45, 15)",houghCircle,0.2375,43511917.34,32413624
"(np.float64(1.5), 240, 190, 45, 15)",houghCircle,0.2375,41369311.49,31599732.5
"(np.float64(1.5), 240, 200, 45, 15)",houghCircle,0.2375,42850400.82,32502767.5
"(np.float64(1.5), 240, 210, 45, 15)",houghCircle,0.2375,39931028.83,31237754
"(np.float64(1.5), 240, 220, 45, 15)",houghCircle,0.2375,40043713.24,30562922.5
"(np.float64(1.5), 240, 230, 45, 15)",houghCircle,0.2375,42885145.41,31870686
"(np.float64(1.5), 240, 240, 45, 15)",houghCircle,0.2375,42821355.39,30585910
"(np.float64(1.5), 240, 250, 45, 15)",houghCircle,0.2375,40771679.48,30164249.5
"(np.float64(1.5), 240, 260, 45, 15)",houghCircle,0.2375,42823817.78,31223146
"(np.float64(1.5), 240, 270, 45, 15)",houghCircle,0.2375,40711982.72,30425730.5
"(np.float64(1.5), 240, 280, 45, 15)",houghCircle,0.2375,41947934.33,30501442.5
"(np.float64(1.5), 240, 290, 45, 15)",houghCircle,0.2375,38228911.14,29300649.5
"(np.float64(1.5), 250, 160, 45, 15)",houghCircle,0.2375,42557849.2,32527333
"(np.float64(1.5), 250, 170, 45, 15)",houghCircle,0.2375,44655971.86,32874028.5
"(np.float64(1.5), 250, 180, 45, 15)",houghCircle,0.2375,51195298.94,40110539.5
"(np.float64(1.5), 250, 190, 45, 15)",houghCircle,0.2375,43086436.19,32039754
"(np.float64(1.5), 250, 200, 45, 15)",houghCircle,0.2375,42231401.66,32452468
"(np.float64(1.5), 250, 210, 45, 15)",houghCircle,0.2375,43445029.48,31800629
"(np.float64(1.5), 250, 220, 45, 15)",houghCircle,0.2375,41086610.99,30809664
"(np.float64(1.5), 250, 230, 45, 15)",houghCircle,0.2375,43491854.46,30906814
"(np.float64(1.5), 250, 240, 45, 15)",houghCircle,0.2375,41721842.89,30933297
"(np.float64(1.5), 250, 250, 45, 15)",houghCircle,0.2375,42199380.11,30848137.5
"(np.float64(1.5), 250, 260, 45, 15)",houghCircle,0.2375,41973886.27,31504093
"(np.float64(1.5), 250, 270, 45, 15)",houghCircle,0.2375,38291258.25,29133255.5
"(np.float64(1.5), 250, 280, 45, 15)",houghCircle,0.2375,38771703.88,29378876
"(np.float64(1.5), 250, 290, 45, 15)",houghCircle,0.2375,43262891.36,30307578.5
"(np.float64(1.5), 260, 160, 45, 15)",houghCircle,0.2375,42440765.13,32979981
"(np.float64(1.5), 260, 170, 45, 15)",houghCircle,0.2375,42029424.63,31849341
"(np.float64(1.5), 260, 180, 45, 15)",houghCircle,0.2375,41550933.39,31696915
"(np.float64(1.5), 260, 190, 45, 15)",houghCircle,0.2375,38561014.8,31047992.5
"(np.float64(1.5), 260, 200, 45, 15)",houghCircle,0.2375,42229927.16,32211650
"(np.float64(1.5), 260, 210, 45, 15)",houghCircle,0.2375,44321416.95,32367407
"(np.float64(1.5), 260, 220, 45, 15)",houghCircle,0.2375,39772180.02,31706238
"(np.float64(1.5), 260, 230, 45, 15)",houghCircle,0.2375,43396085.13,32634768.5
"(np.float64(1.5), 260, 240, 45, 15)",houghCircle,0.2375,40802913.59,31330843.5
"(np.float64(1.5), 260, 250, 45, 15)",houghCircle,0.2375,41109669.55,30514086
"(np.float64(1.5), 260, 260, 45, 15)",houghCircle,0.2375,43548259.49,30937169
"(np.float64(1.5), 260, 270, 45, 15)",houghCircle,0.2375,41154157.54,30192757.5
"(np.float64(1.5), 260, 280, 45, 15)",houghCircle,0.2375,39567493,30859273.5
"(np.float64(1.5), 260, 290, 45, 15)",houghCircle,0.2375,39235557.88,29740875.5
"(np.float64(1.5), 270, 160, 45, 15)",houghCircle,0.2375,41135642.64,31545084.5
"(np.float64(1.5), 270, 170, 45, 15)",houghCircle,0.2375,48845546.46,38553575
"(np.float64(1.5), 270, 180, 45, 15)",houghCircle,0.2375,41628508.28,32000388.5
"(np.float64(1.5), 270, 190, 45, 15)",houghCircle,0.2375,41266342.01,31726376
"(np.float64(1.5), 270, 200, 45, 15)",houghCircle,0.2375,42861374.69,31520664.5
"(np.float64(1.5), 270, 210, 45, 15)",houghCircle,0.2375,40943367.9,31021173
"(np.float64(1.5), 270, 220, 45, 15)",houghCircle,0.2375,42799920.98,31688604
"(np.float64(1.5), 270, 230, 45, 15)",houghCircle,0.2375,42091812.83,31685277
"(np.float64(1.5), 270, 240, 45, 15)",houghCircle,0.2375,39134545.61,30116215
"(np.float64(1.5), 270, 250, 45, 15)",houghCircle,0.2375,41435985.31,30354215.5
"(np.float64(1.5), 270, 260, 45, 15)",houghCircle,0.2375,40479331.52,31697375.5
"(np.float64(1.5), 270, 270, 45, 15)",houghCircle,0.2375,41310309.41,30268964.5
"(np.float64(1.5), 270, 280, 45, 15)",houghCircle,0.2375,40312049.61,30744743.5
"(np.float64(1.5), 270, 290, 45, 15)",houghCircle,0.2375,39712144.81,29588248
"(np.float64(1.5), 280, 160, 45, 15)",houghCircle,0.2375,49837870.46,40484877.5
"(np.float64(1.5), 280, 170, 45, 15)",houghCircle,0.2375,44079337.87,33392671
"(np.float64(1.5), 280, 180, 45, 15)",houghCircle,0.2375,40080594.53,30772886.5
"(np.float64(1.5), 280, 190, 45, 15)",houghCircle,0.2375,39919285.91,31410883.5
"(np.float64(1.5), 280, 200, 45, 15)",houghCircle,0.2375,38546213.05,30458747.5
"(np.float64(1.5), 280, 210, 45, 15)",houghCircle,0.2375,40756983.4,31471792.5
"(np.float64(1.5), 280, 220, 45, 15)",houghCircle,0.2375,41243387.92,31794328
"(np.float64(1.5), 280, 230, 45, 15)",houghCircle,0.2375,40918758.01,30524761
"(np.float64(1.5), 280, 240, 45, 15)",houghCircle,0.2375,44286763.31,31060797
"(np.float64(1.5), 280, 250, 45, 15)",houghCircle,0.2375,39501621.54,31131634.5
"(np.float64(1.5), 280, 260, 45, 15)",houghCircle,0.2375,42029909.91,31469859.5
"(np.float64(1.5), 280, 270, 45, 15)",houghCircle,0.2375,41615598.73,31449161
"(np.float64(1.5), 280, 280, 45, 15)",houghCircle,0.2375,41043845.81,31779004
"(np.float64(1.5), 280, 290, 45, 15)",houghCircle,0.2375,40380948.75,29417263.5
"(np.float64(1.0), 100, 150, 45, 10)",houghCircle,0.235416667,45042314.25,34129789
"(np.float64(1.0), 110, 150, 45, 10)",houghCircle,0.235416667,42686101.65,33505077
"(np.float64(1.0), 120, 150, 45, 10)",houghCircle,0.235416667,43615932.91,33487173.5
"(np.float64(1.0), 130, 150, 45, 10)",houghCircle,0.235416667,43676812.46,34148043.5
"(np.float64(1.0), 140, 150, 45, 10)",houghCircle,0.235416667,40752471.81,32884668
"(np.float64(1.0), 150, 150, 45, 10)",houghCircle,0.235416667,40083206.07,33398547.5
"(np.float64(1.0), 160, 150, 45, 10)",houghCircle,0.235416667,50068014.38,41363599
"(np.float64(1.0), 170, 150, 45, 10)",houghCircle,0.235416667,45589583.79,33880937
"(np.float64(1.0), 180, 150, 45, 10)",houghCircle,0.235416667,41693370.6,33498695.5
"(np.float64(1.0), 190, 150, 45, 10)",houghCircle,0.235416667,43065938.31,33395341.5
"(np.float64(1.0), 200, 160, 45, 10)",houghCircle,0.235416667,43585077.1,34085842
"(np.float64(1.0), 200, 170, 45, 10)",houghCircle,0.235416667,42585890.84,32342611.5
"(np.float64(1.0), 200, 180, 45, 10)",houghCircle,0.235416667,41399199.67,32188466.5
"(np.float64(1.0), 200, 190, 45, 10)",houghCircle,0.235416667,41604117.74,32325308.5
"(np.float64(1.0), 200, 200, 45, 10)",houghCircle,0.235416667,41731051.92,31927687.5
"(np.float64(1.0), 200, 210, 45, 10)",houghCircle,0.235416667,42380851.99,31267600
"(np.float64(1.0), 200, 220, 45, 10)",houghCircle,0.235416667,39116202.76,31289956.5
"(np.float64(1.0), 200, 230, 45, 10)",houghCircle,0.235416667,42640199.76,32331561
"(np.float64(1.0), 200, 240, 45, 10)",houghCircle,0.235416667,42602650.51,32290533
"(np.float64(1.0), 200, 250, 45, 10)",houghCircle,0.235416667,42148970.37,30829111.5
"(np.float64(1.0), 200, 260, 45, 10)",houghCircle,0.235416667,40718226.44,30717687.5
"(np.float64(1.0), 200, 270, 45, 10)",houghCircle,0.235416667,43137265.19,31999387.5
"(np.float64(1.0), 200, 280, 45, 10)",houghCircle,0.235416667,40378693.62,31095712
"(np.float64(1.0), 200, 290, 45, 10)",houghCircle,0.235416667,40936948.2,30824894.5
"(np.float64(1.0), 210, 160, 45, 10)",houghCircle,0.235416667,46208582.9,34250315
"(np.float64(1.0), 210, 170, 45, 10)",houghCircle,0.235416667,42128715.79,32944996
"(np.float64(1.0), 210, 180, 45, 10)",houghCircle,0.235416667,41708112.65,32709058.5
"(np.float64(1.0), 210, 190, 45, 10)",houghCircle,0.235416667,41580546.52,31469633.5
"(np.float64(1.0), 210, 200, 45, 10)",houghCircle,0.235416667,40605175.92,31218697.5
"(np.float64(1.0), 210, 210, 45, 10)",houghCircle,0.235416667,40632840.2,31594508
"(np.float64(1.0), 210, 220, 45, 10)",houghCircle,0.235416667,42142451.08,31845993
"(np.float64(1.0), 210, 230, 45, 10)",houghCircle,0.235416667,39738489.8,30975721.5
"(np.float64(1.0), 210, 240, 45, 10)",houghCircle,0.235416667,39784040.04,31248458
"(np.float64(1.0), 210, 250, 45, 10)",houghCircle,0.235416667,44369488.94,32204407.5
"(np.float64(1.0), 210, 260, 45, 10)",houghCircle,0.235416667,39024279.16,30294775
"(np.float64(1.0), 210, 270, 45, 10)",houghCircle,0.235416667,47679851.15,39549181.5
"(np.float64(1.0), 210, 280, 45, 10)",houghCircle,0.235416667,40156797.78,30596244.5
"(np.float64(1.0), 210, 290, 45, 10)",houghCircle,0.235416667,39199799.15,30805743
"(np.float64(1.0), 220, 160, 45, 10)",houghCircle,0.235416667,42877338.8,33257397.5
"(np.float64(1.0), 220, 170, 45, 10)",houghCircle,0.235416667,42220127.96,31925864.5
"(np.float64(1.0), 220, 180, 45, 10)",houghCircle,0.235416667,42788809.61,32179184.5
"(np.float64(1.0), 220, 190, 45, 10)",houghCircle,0.235416667,40636665.31,31691167.5
"(np.float64(1.0), 220, 200, 45, 10)",houghCircle,0.235416667,43521239.39,32300733
"(np.float64(1.0), 220, 210, 45, 10)",houghCircle,0.235416667,40280117.84,30613061.5
"(np.float64(1.0), 220, 220, 45, 10)",houghCircle,0.235416667,44625216.12,32311172
"(np.float64(1.0), 220, 230, 45, 10)",houghCircle,0.235416667,42012647.34,31945191
"(np.float64(1.0), 220, 240, 45, 10)",houghCircle,0.235416667,41532116.78,31011093.5
"(np.float64(1.0), 220, 250, 45, 10)",houghCircle,0.235416667,41067439.38,31414941
"(np.float64(1.0), 220, 260, 45, 10)",houghCircle,0.235416667,39715014.69,31378061
"(np.float64(1.0), 220, 270, 45, 10)",houghCircle,0.235416667,42931493.03,32157137.5
"(np.float64(1.0), 220, 280, 45, 10)",houghCircle,0.235416667,39530285.81,30368837.5
"(np.float64(1.0), 220, 290, 45, 10)",houghCircle,0.235416667,41430686.17,30822910
"(np.float64(1.0), 230, 160, 45, 10)",houghCircle,0.235416667,40658244.35,32543352.5
"(np.float64(1.0), 230, 170, 45, 10)",houghCircle,0.235416667,45304210.44,32672215
"(np.float64(1.0), 230, 180, 45, 10)",houghCircle,0.235416667,42811654.66,34138966
"(np.float64(1.0), 230, 190, 45, 10)",houghCircle,0.235416667,42381283.24,32754308.5
"(np.float64(1.0), 230, 200, 45, 10)",houghCircle,0.235416667,44482631.42,32662160
"(np.float64(1.0), 230, 210, 45, 10)",houghCircle,0.235416667,40364804.27,30309061
"(np.float64(1.0), 230, 220, 45, 10)",houghCircle,0.235416667,41052313.97,31442623.5
"(np.float64(1.0), 230, 230, 45, 10)",houghCircle,0.235416667,42184151.9,32097020.5
"(np.float64(1.0), 230, 240, 45, 10)",houghCircle,0.235416667,41426993.9,31229493
"(np.float64(1.0), 230, 250, 45, 10)",houghCircle,0.235416667,43874879.19,32170432
"(np.float64(1.0), 230, 260, 45, 10)",houghCircle,0.235416667,41897025.69,31512434
"(np.float64(1.0), 230, 270, 45, 10)",houghCircle,0.235416667,42221976.04,30601350
"(np.float64(1.0), 230, 280, 45, 10)",houghCircle,0.235416667,39173286.96,30928347.5
"(np.float64(1.0), 230, 290, 45, 10)",houghCircle,0.235416667,37103539.25,30783426.5
"(np.float64(1.0), 240, 160, 45, 10)",houghCircle,0.235416667,41614718.75,33603857.5
"(np.float64(1.0), 240, 170, 45, 10)",houghCircle,0.235416667,40814621.07,32602357.5
"(np.float64(1.0), 240, 180, 45, 10)",houghCircle,0.235416667,55440473.36,43516720
"(np.float64(1.0), 240, 190, 45, 10)",houghCircle,0.235416667,43507698.79,33021204.5
"(np.float64(1.0), 240, 200, 45, 10)",houghCircle,0.235416667,39439671.25,30683854
"(np.float64(1.0), 240, 210, 45, 10)",houghCircle,0.235416667,41582630.03,31749338
"(np.float64(1.0), 240, 220, 45, 10)",houghCircle,0.235416667,41987769.39,31316572
"(np.float64(1.0), 240, 230, 45, 10)",houghCircle,0.235416667,40261575.27,31369590
"(np.float64(1.0), 240, 240, 45, 10)",houghCircle,0.235416667,42213098.86,32314974
"(np.float64(1.0), 240, 250, 45, 10)",houghCircle,0.235416667,42329559.41,31893438.5
"(np.float64(1.0), 240, 260, 45, 10)",houghCircle,0.235416667,40678519.71,31694761
"(np.float64(1.0), 240, 270, 45, 10)",houghCircle,0.235416667,39386479.79,30834491.5
"(np.float64(1.0), 240, 280, 45, 10)",houghCircle,0.235416667,41344643.12,30779734.5
"(np.float64(1.0), 240, 290, 45, 10)",houghCircle,0.235416667,42211020.15,31067082.5
"(np.float64(1.0), 250, 160, 45, 10)",houghCircle,0.235416667,41492441.86,32491289.5
"(np.float64(1.0), 250, 170, 45, 10)",houghCircle,0.235416667,39993810.12,32122849
"(np.float64(1.0), 250, 180, 45, 10)",houghCircle,0.235416667,40808364.56,32441191.5
"(np.float64(1.0), 250, 190, 45, 10)",houghCircle,0.235416667,41175078.3,32794213.5
"(np.float64(1.0), 250, 200, 45, 10)",houghCircle,0.235416667,41711072.25,32608164
"(np.float64(1.0), 250, 210, 45, 10)",houghCircle,0.235416667,41180227.82,31727672.5
"(np.float64(1.0), 250, 220, 45, 10)",houghCircle,0.235416667,44571757.31,32110049.5
"(np.float64(1.0), 250, 230, 45, 10)",houghCircle,0.235416667,42725183.04,31857201
"(np.float64(1.0), 250, 240, 45, 10)",houghCircle,0.235416667,40522351.73,31248800
"(np.float64(1.0), 250, 250, 45, 10)",houghCircle,0.235416667,42142769.5,31096508.5
"(np.float64(1.0), 250, 260, 45, 10)",houghCircle,0.235416667,37444179.77,29981031.5
"(np.float64(1.0), 250, 270, 45, 10)",houghCircle,0.235416667,38709867.13,30975332
"(np.float64(1.0), 250, 280, 45, 10)",houghCircle,0.235416667,40753868.11,31112568.5
"(np.float64(1.0), 250, 290, 45, 10)",houghCircle,0.235416667,39038922.13,30255486
"(np.float64(1.0), 260, 160, 45, 10)",houghCircle,0.235416667,42594204.22,33031608.5
"(np.float64(1.0), 260, 170, 45, 10)",houghCircle,0.235416667,45776417.44,32922173.5
"(np.float64(1.0), 260, 180, 45, 10)",houghCircle,0.235416667,45436902.88,33186757
"(np.float64(1.0), 260, 190, 45, 10)",houghCircle,0.235416667,42583638.93,31774882
"(np.float64(1.0), 260, 200, 45, 10)",houghCircle,0.235416667,42364022.36,32434088.5
"(np.float64(1.0), 260, 210, 45, 10)",houghCircle,0.235416667,41992607.56,31569771.5
"(np.float64(1.0), 260, 220, 45, 10)",houghCircle,0.235416667,40829173.75,31461051.5
"(np.float64(1.0), 260, 230, 45, 10)",houghCircle,0.235416667,39829038.59,31611945.5
"(np.float64(1.0), 260, 240, 45, 10)",houghCircle,0.235416667,39695910.45,32380096.5
"(np.float64(1.0), 260, 250, 45, 10)",houghCircle,0.235416667,39999524.58,31096037.5
"(np.float64(1.0), 260, 260, 45, 10)",houghCircle,0.235416667,40569193.4,30941979.5
"(np.float64(1.0), 260, 270, 45, 10)",houghCircle,0.235416667,42396322.37,31191040.5
"(np.float64(1.0), 260, 280, 45, 10)",houghCircle,0.235416667,41256499.99,31263020.5
"(np.float64(1.0), 260, 290, 45, 10)",houghCircle,0.235416667,38875005.96,30053311
"(np.float64(1.0), 270, 160, 45, 10)",houghCircle,0.235416667,41608162.12,32410403
"(np.float64(1.0), 270, 170, 45, 10)",houghCircle,0.235416667,43705705.9,32506674
"(np.float64(1.0), 270, 180, 45, 10)",houghCircle,0.235416667,46316161.51,33929934.5
"(np.float64(1.0), 270, 190, 45, 10)",houghCircle,0.235416667,42996517.28,32388392
"(np.float64(1.0), 270, 200, 45, 10)",houghCircle,0.235416667,44176054.11,32138724
"(np.float64(1.0), 270, 210, 45, 10)",houghCircle,0.235416667,39875750.23,31832960
"(np.float64(1.0), 270, 220, 45, 10)",houghCircle,0.235416667,41368482.49,31856910
"(np.float64(1.0), 270, 230, 45, 10)",houghCircle,0.235416667,43446876.78,32038140
"(np.float64(1.0), 270, 240, 45, 10)",houghCircle,0.235416667,39671571.18,30525021.5
"(np.float64(1.0), 270, 250, 45, 10)",houghCircle,0.235416667,40920871.86,30766228.5
"(np.float64(1.0), 270, 260, 45, 10)",houghCircle,0.235416667,41387208.33,31234021.5
"(np.float64(1.0), 270, 270, 45, 10)",houghCircle,0.235416667,40768610.4,31580982.5
"(np.float64(1.0), 270, 280, 45, 10)",houghCircle,0.235416667,51531481.03,40494032
"(np.float64(1.0), 270, 290, 45, 10)",houghCircle,0.235416667,45855202.83,36274547.5
"(np.float64(1.0), 280, 160, 45, 10)",houghCircle,0.235416667,40077176.19,32291655.5
"(np.float64(1.0), 280, 170, 45, 10)",houghCircle,0.235416667,44423494.25,33620975
"(np.float64(1.0), 280, 180, 45, 10)",houghCircle,0.235416667,44801123.32,33087855
"(np.float64(1.0), 280, 190, 45, 10)",houghCircle,0.235416667,44920372.88,32983414
"(np.float64(1.0), 280, 200, 45, 10)",houghCircle,0.235416667,43074030.11,32692802.5
"(np.float64(1.0), 280, 210, 45, 10)",houghCircle,0.235416667,40442514.61,31651324
"(np.float64(1.0), 280, 220, 45, 10)",houghCircle,0.235416667,39126070.76,30387072
"(np.float64(1.0), 280, 230, 45, 10)",houghCircle,0.235416667,41204459.12,31583843
"(np.float64(1.0), 280, 240, 45, 10)",houghCircle,0.235416667,47442428.69,36024322.5
"(np.float64(1.0), 280, 250, 45, 10)",houghCircle,0.235416667,42026936.93,31219138
"(np.float64(1.0), 280, 260, 45, 10)",houghCircle,0.235416667,42935499.58,31442412.5
"(np.float64(1.0), 280, 270, 45, 10)",houghCircle,0.235416667,42086059.5,31322011.5
"(np.float64(1.0), 280, 280, 45, 10)",houghCircle,0.235416667,44288906.82,31642548
"(np.float64(1.0), 280, 290, 45, 10)",houghCircle,0.235416667,40122928.32,31057996
"(np.float64(1.0), 290, 140, 45, 15)",houghCircle,0.235416667,43307261.86,33842374
"(np.float64(1.5), 100, 150, 45, 10)",houghCircle,0.235416667,45473280.31,33678407.5
"(np.float64(1.5), 110, 150, 45, 10)",houghCircle,0.235416667,44103265.32,33343504
"(np.float64(1.5), 120, 150, 45, 10)",houghCircle,0.235416667,45718004.74,33932373.5
"(np.float64(1.5), 130, 150, 45, 10)",houghCircle,0.235416667,46429643.43,34458431.5
"(np.float64(1.5), 140, 150, 45, 10)",houghCircle,0.235416667,50222770.13,41235019.5
"(np.float64(1.5), 150, 150, 45, 10)",houghCircle,0.235416667,43418346.79,32445163.5
"(np.float64(1.5), 160, 150, 45, 10)",houghCircle,0.235416667,42976982.02,33765776.5
"(np.float64(1.5), 170, 150, 45, 10)",houghCircle,0.235416667,45342569.46,33796323.5
"(np.float64(1.5), 180, 150, 45, 10)",houghCircle,0.235416667,42393264.23,32654881.5
"(np.float64(1.5), 190, 150, 45, 10)",houghCircle,0.235416667,40903394.11,32520970
"(np.float64(1.5), 200, 160, 45, 10)",houghCircle,0.235416667,44039175.05,34145508
"(np.float64(1.5), 200, 170, 45, 10)",houghCircle,0.235416667,42024668.65,33563741.5
"(np.float64(1.5), 200, 180, 45, 10)",houghCircle,0.235416667,44040472.06,33602660
"(np.float64(1.5), 200, 190, 45, 10)",houghCircle,0.235416667,43647142.64,32488599
"(np.float64(1.5), 200, 200, 45, 10)",houghCircle,0.235416667,40035125.65,31821724
"(np.float64(1.5), 200, 210, 45, 10)",houghCircle,0.235416667,42784419.93,31074311.5
"(np.float64(1.5), 200, 220, 45, 10)",houghCircle,0.235416667,44565367.45,31611173.5
"(np.float64(1.5), 200, 230, 45, 10)",houghCircle,0.235416667,40770919.47,32001566.5
"(np.float64(1.5), 200, 240, 45, 10)",houghCircle,0.235416667,44020404.22,32950491.5
"(np.float64(1.5), 200, 250, 45, 10)",houghCircle,0.235416667,40341302.05,30867659.5
"(np.float64(1.5), 200, 260, 45, 10)",houghCircle,0.235416667,40675943.72,31211093
"(np.float64(1.5), 200, 270, 45, 10)",houghCircle,0.235416667,40336287.15,30630183.5
"(np.float64(1.5), 200, 280, 45, 10)",houghCircle,0.235416667,47194226.14,37598071
"(np.float64(1.5), 200, 290, 45, 10)",houghCircle,0.235416667,38987854.52,31007150.5
"(np.float64(1.5), 210, 160, 45, 10)",houghCircle,0.235416667,41879977.89,32654466.5
"(np.float64(1.5), 210, 170, 45, 10)",houghCircle,0.235416667,41987542,32815944
"(np.float64(1.5), 210, 180, 45, 10)",houghCircle,0.235416667,42690830.24,32223167
"(np.float64(1.5), 210, 190, 45, 10)",houghCircle,0.235416667,43589192.65,32733610.5
"(np.float64(1.5), 210, 200, 45, 10)",houghCircle,0.235416667,41015218.03,31653979
"(np.float64(1.5), 210, 210, 45, 10)",houghCircle,0.235416667,39912789.75,31714142
"(np.float64(1.5), 210, 220, 45, 10)",houghCircle,0.235416667,43125074.82,32003654
"(np.float64(1.5), 210, 230, 45, 10)",houghCircle,0.235416667,42276569.77,31863116.5
"(np.float64(1.5), 210, 240, 45, 10)",houghCircle,0.235416667,40970409.23,31581217.5
"(np.float64(1.5), 210, 250, 45, 10)",houghCircle,0.235416667,42207921.93,32060638.5
"(np.float64(1.5), 210, 260, 45, 10)",houghCircle,0.235416667,41938507.49,31425802
"(np.float64(1.5), 210, 270, 45, 10)",houghCircle,0.235416667,47197546.34,37036202.5
"(np.float64(1.5), 210, 280, 45, 10)",houghCircle,0.235416667,38338411.81,30845433
"(np.float64(1.5), 210, 290, 45, 10)",houghCircle,0.235416667,38662422.42,30048302
"(np.float64(1.5), 220, 160, 45, 10)",houghCircle,0.235416667,44976854.25,33907237
"(np.float64(1.5), 220, 170, 45, 10)",houghCircle,0.235416667,39620002.7,32831213.5
"(np.float64(1.5), 220, 180, 45, 10)",houghCircle,0.235416667,46388600.81,33428738.5
"(np.float64(1.5), 220, 190, 45, 10)",houghCircle,0.235416667,46970623.82,38093785.5
"(np.float64(1.5), 220, 200, 45, 10)",houghCircle,0.235416667,41399897.42,32056309
"(np.float64(1.5), 220, 210, 45, 10)",houghCircle,0.235416667,46608324.19,35420686
"(np.float64(1.5), 220, 220, 45, 10)",houghCircle,0.235416667,37371348.83,30941623
"(np.float64(1.5), 220, 230, 45, 10)",houghCircle,0.235416667,41016054.79,31683650.5
"(np.float64(1.5), 220, 240, 45, 10)",houghCircle,0.235416667,42028533.53,31144258
"(np.float64(1.5), 220, 250, 45, 10)",houghCircle,0.235416667,41101520.85,30387423.5
"(np.float64(1.5), 220, 260, 45, 10)",houghCircle,0.235416667,42062355,31471246.5
"(np.float64(1.5), 220, 270, 45, 10)",houghCircle,0.235416667,43412612.85,31469398.5
"(np.float64(1.5), 220, 280, 45, 10)",houghCircle,0.235416667,40040920.54,31549172.5
"(np.float64(1.5), 220, 290, 45, 10)",houghCircle,0.235416667,42371058.47,31251490
"(np.float64(1.5), 230, 160, 45, 10)",houghCircle,0.235416667,47723684.88,39350519.5
"(np.float64(1.5), 230, 170, 45, 10)",houghCircle,0.235416667,42219931.75,33087174
"(np.float64(1.5), 230, 180, 45, 10)",houghCircle,0.235416667,42593533.24,32462425
"(np.float64(1.5), 230, 190, 45, 10)",houghCircle,0.235416667,44255792.7,32489076
"(np.float64(1.5), 230, 200, 45, 10)",houghCircle,0.235416667,40379429.92,31769786
"(np.float64(1.5), 230, 210, 45, 10)",houghCircle,0.235416667,42537644.89,31661854
"(np.float64(1.5), 230, 220, 45, 10)",houghCircle,0.235416667,43652349.45,31788462.5
"(np.float64(1.5), 230, 230, 45, 10)",houghCircle,0.235416667,41014319.46,31898818.5
"(np.float64(1.5), 230, 240, 45, 10)",houghCircle,0.235416667,44492637.53,32023923.5
"(np.float64(1.5), 230, 250, 45, 10)",houghCircle,0.235416667,38863360.2,31240889.5
"(np.float64(1.5), 230, 260, 45, 10)",houghCircle,0.235416667,41662672.29,31557142.5
"(np.float64(1.5), 230, 270, 45, 10)",houghCircle,0.235416667,41353789.15,31096022.5
"(np.float64(1.5), 230, 280, 45, 10)",houghCircle,0.235416667,40126406.93,30460706
"(np.float64(1.5), 230, 290, 45, 10)",houghCircle,0.235416667,40501310.66,31276395.5
"(np.float64(1.5), 240, 160, 45, 10)",houghCircle,0.235416667,52430969.09,41389254
"(np.float64(1.5), 240, 170, 45, 10)",houghCircle,0.235416667,48011797.9,38054807
"(np.float64(1.5), 240, 180, 45, 10)",houghCircle,0.235416667,44458079.6,32667100
"(np.float64(1.5), 240, 190, 45, 10)",houghCircle,0.235416667,42723833.65,32768841
"(np.float64(1.5), 240, 200, 45, 10)",houghCircle,0.235416667,40519119.48,31637945
"(np.float64(1.5), 240, 210, 45, 10)",houghCircle,0.235416667,44177406.95,31813734
"(np.float64(1.5), 240, 220, 45, 10)",houghCircle,0.235416667,39964111.79,31787845
"(np.float64(1.5), 240, 230, 45, 10)",houghCircle,0.235416667,42751505.09,31845764
"(np.float64(1.5), 240, 240, 45, 10)",houghCircle,0.235416667,40059919.36,31244060
"(np.float64(1.5), 240, 250, 45, 10)",houghCircle,0.235416667,43254260.05,32523847
"(np.float64(1.5), 240, 260, 45, 10)",houghCircle,0.235416667,45463112.76,32538198
"(np.float64(1.5), 240, 270, 45, 10)",houghCircle,0.235416667,38792172.16,30645858
"(np.float64(1.5), 240, 280, 45, 10)",houghCircle,0.235416667,39222641.01,30648885
"(np.float64(1.5), 240, 290, 45, 10)",houghCircle,0.235416667,41845719.34,31782691
"(np.float64(1.5), 250, 160, 45, 10)",houghCircle,0.235416667,51124144.46,40444396
"(np.float64(1.5), 250, 170, 45, 10)",houghCircle,0.235416667,42307589.84,33094081.5
"(np.float64(1.5), 250, 180, 45, 10)",houghCircle,0.235416667,41268716.43,32353668
"(np.float64(1.5), 250, 190, 45, 10)",houghCircle,0.235416667,42367596.17,33109615
"(np.float64(1.5), 250, 200, 45, 10)",houghCircle,0.235416667,41402679.5,32236873.5
"(np.float64(1.5), 250, 210, 45, 10)",houghCircle,0.235416667,43009746.44,31924011
"(np.float64(1.5), 250, 220, 45, 10)",houghCircle,0.235416667,47511308.57,33582363
"(np.float64(1.5), 250, 230, 45, 10)",houghCircle,0.235416667,42414963.57,31583352
"(np.float64(1.5), 250, 240, 45, 10)",houghCircle,0.235416667,41476747.93,31565974
"(np.float64(1.5), 250, 250, 45, 10)",houghCircle,0.235416667,42534548.89,31182094
"(np.float64(1.5), 250, 260, 45, 10)",houghCircle,0.235416667,44318814.21,32135789
"(np.float64(1.5), 250, 270, 45, 10)",houghCircle,0.235416667,40345001.58,31760108.5
"(np.float64(1.5), 250, 280, 45, 10)",houghCircle,0.235416667,39996802,31228926
"(np.float64(1.5), 250, 290, 45, 10)",houghCircle,0.235416667,38975698.72,29555222
"(np.float64(1.5), 260, 160, 45, 10)",houghCircle,0.235416667,42577615.61,33144531
"(np.float64(1.5), 260, 170, 45, 10)",houghCircle,0.235416667,46058783.46,34352998.5
"(np.float64(1.5), 260, 180, 45, 10)",houghCircle,0.235416667,44013952.51,32832455.5
"(np.float64(1.5), 260, 190, 45, 10)",houghCircle,0.235416667,45407426.65,36561255.5
"(np.float64(1.5), 260, 200, 45, 10)",houghCircle,0.235416667,41542553.29,32978990.5
"(np.float64(1.5), 260, 210, 45, 10)",houghCircle,0.235416667,41864176.85,31595170
"(np.float64(1.5), 260, 220, 45, 10)",houghCircle,0.235416667,43152926.67,32472655.5
"(np.float64(1.5), 260, 230, 45, 10)",houghCircle,0.235416667,42855544.11,32339650.5
"(np.float64(1.5), 260, 240, 45, 10)",houghCircle,0.235416667,44374494.13,31466006.5
"(np.float64(1.5), 260, 250, 45, 10)",houghCircle,0.235416667,43320479.23,31756941.5
"(np.float64(1.5), 260, 260, 45, 10)",houghCircle,0.235416667,40039636.14,31231467
"(np.float64(1.5), 260, 270, 45, 10)",houghCircle,0.235416667,44143190.55,31892317
"(np.float64(1.5), 260, 280, 45, 10)",houghCircle,0.235416667,41243474.09,31440840
"(np.float64(1.5), 260, 290, 45, 10)",houghCircle,0.235416667,39913784.73,30390429
"(np.float64(1.5), 270, 160, 45, 10)",houghCircle,0.235416667,41949222.26,32846677
"(np.float64(1.5), 270, 170, 45, 10)",houghCircle,0.235416667,44176635.85,34145939
"(np.float64(1.5), 270, 180, 45, 10)",houghCircle,0.235416667,40522622.68,32250598.5
"(np.float64(1.5), 270, 190, 45, 10)",houghCircle,0.235416667,42859461.28,32757159
"(np.float64(1.5), 270, 200, 45, 10)",houghCircle,0.235416667,44536582.98,32954564.5
"(np.float64(1.5), 270, 210, 45, 10)",houghCircle,0.235416667,41604042.01,31634388
"(np.float64(1.5), 270, 220, 45, 10)",houghCircle,0.235416667,40250188.39,31193400
"(np.float64(1.5), 270, 230, 45, 10)",houghCircle,0.235416667,41010158.88,31564401.5
"(np.float64(1.5), 270, 240, 45, 10)",houghCircle,0.235416667,42183491.86,31790325.5
"(np.float64(1.5), 270, 250, 45, 10)",houghCircle,0.235416667,42393299.06,31375386.5
"(np.float64(1.5), 270, 260, 45, 10)",houghCircle,0.235416667,40762372.4,30912809
"(np.float64(1.5), 270, 270, 45, 10)",houghCircle,0.235416667,43342588.4,31672298
"(np.float64(1.5), 270, 280, 45, 10)",houghCircle,0.235416667,38648073.18,29943159.5
"(np.float64(1.5), 270, 290, 45, 10)",houghCircle,0.235416667,42020681.46,31113321
"(np.float64(1.5), 280, 160, 45, 10)",houghCircle,0.235416667,42741618.16,33888846.5
"(np.float64(1.5), 280, 170, 45, 10)",houghCircle,0.235416667,51776408.02,42192785.5
"(np.float64(1.5), 280, 180, 45, 10)",houghCircle,0.235416667,49430077.87,39959571
"(np.float64(1.5), 280, 190, 45, 10)",houghCircle,0.235416667,42779365.93,32831490
"(np.float64(1.5), 280, 200, 45, 10)",houghCircle,0.235416667,44527813,33475737
"(np.float64(1.5), 280, 210, 45, 10)",houghCircle,0.235416667,41799130.79,31683245
"(np.float64(1.5), 280, 220, 45, 10)",houghCircle,0.235416667,42600931.5,32122268
"(np.float64(1.5), 280, 230, 45, 10)",houghCircle,0.235416667,40899756.72,31539600.5
"(np.float64(1.5), 280, 240, 45, 10)",houghCircle,0.235416667,41710445.14,31867691.5
"(np.float64(1.5), 280, 250, 45, 10)",houghCircle,0.235416667,47446621.4,32626833.5
"(np.float64(1.5), 280, 260, 45, 10)",houghCircle,0.235416667,39083190.41,30514496.5
"(np.float64(1.5), 280, 270, 45, 10)",houghCircle,0.235416667,40503230.24,31283784
"(np.float64(1.5), 280, 280, 45, 10)",houghCircle,0.235416667,45061219.13,32329611.5
"(np.float64(1.5), 280, 290, 45, 10)",houghCircle,0.235416667,42779900.35,31202986.5
"(np.float64(1.5), 290, 140, 45, 15)",houghCircle,0.235416667,51261407.79,40614604.5
"(np.float64(1.0), 100, 130, 45, 5)",houghCircle,0.233333333,46385604.41,35935767
"(np.float64(1.0), 110, 130, 45, 5)",houghCircle,0.233333333,43431032.76,35584268
"(np.float64(1.0), 120, 130, 45, 5)",houghCircle,0.233333333,46506947.63,34893376.5
"(np.float64(1.0), 130, 130, 45, 5)",houghCircle,0.233333333,45323949.74,34193693.5
"(np.float64(1.0), 140, 130, 45, 5)",houghCircle,0.233333333,44301416.31,34773642
"(np.float64(1.0), 150, 130, 45, 5)",houghCircle,0.233333333,45632248.37,35825555.5
"(np.float64(1.0), 160, 130, 45, 5)",houghCircle,0.233333333,44470397.11,34814138
"(np.float64(1.0), 170, 130, 45, 5)",houghCircle,0.233333333,42929645.38,35082777
"(np.float64(1.0), 180, 130, 45, 5)",houghCircle,0.233333333,44823191.82,34826184
"(np.float64(1.0), 190, 130, 45, 5)",houghCircle,0.233333333,43728468.21,34103610.5
"(np.float64(1.0), 230, 140, 45, 5)",houghCircle,0.233333333,45121310.05,34839150
"(np.float64(1.0), 240, 140, 45, 5)",houghCircle,0.233333333,45106759.63,35388420
"(np.float64(1.0), 250, 140, 45, 5)",houghCircle,0.233333333,52834179.66,43028643.5
"(np.float64(1.0), 260, 140, 45, 5)",houghCircle,0.233333333,43015038.04,34578891.5
"(np.float64(1.0), 270, 140, 45, 5)",houghCircle,0.233333333,44301491,34895717
"(np.float64(1.0), 280, 140, 45, 5)",houghCircle,0.233333333,43538460.7,33823250.5
"(np.float64(1.5), 100, 130, 45, 5)",houghCircle,0.233333333,44680448.19,35134515
"(np.float64(1.5), 110, 130, 45, 5)",houghCircle,0.233333333,45930377.21,34922641.5
"(np.float64(1.5), 120, 130, 45, 5)",houghCircle,0.233333333,43789364.67,34359875.5
"(np.float64(1.5), 130, 130, 45, 5)",houghCircle,0.233333333,46734847.25,37280325
"(np.float64(1.5), 140, 130, 45, 5)",houghCircle,0.233333333,46015088.36,35265010
"(np.float64(1.5), 150, 130, 45, 5)",houghCircle,0.233333333,42002855.93,33183203.5
"(np.float64(1.5), 160, 130, 45, 5)",houghCircle,0.233333333,46958248.23,35583145.5
"(np.float64(1.5), 170, 130, 45, 5)",houghCircle,0.233333333,46251793.87,36297996.5
"(np.float64(1.5), 180, 130, 45, 5)",houghCircle,0.233333333,46615312.44,35239161
"(np.float64(1.5), 190, 130, 45, 5)",houghCircle,0.233333333,46522619.96,35781608
"(np.float64(1.5), 230, 140, 45, 5)",houghCircle,0.233333333,45563761.53,35066971.5
"(np.float64(1.5), 240, 140, 45, 5)",houghCircle,0.233333333,43276804.4,34619379
"(np.float64(1.5), 250, 140, 45, 5)",houghCircle,0.233333333,43563963.2,34522125
"(np.float64(1.5), 260, 140, 45, 5)",houghCircle,0.233333333,45027080.11,34542007
"(np.float64(1.5), 270, 140, 45, 5)",houghCircle,0.233333333,42483621.64,34006332.5
"(np.float64(1.5), 280, 140, 45, 5)",houghCircle,0.233333333,47177937.35,35013346
"(np.float64(1.0), 100, 160, 45, 10)",houghCircle,0.23125,47301631.38,34828600.5
"(np.float64(1.0), 100, 170, 45, 10)",houghCircle,0.23125,45643731.26,35199852.5
"(np.float64(1.0), 100, 180, 45, 10)",houghCircle,0.23125,45511467.2,34647876
"(np.float64(1.0), 100, 190, 45, 10)",houghCircle,0.23125,43865910.85,33975489
"(np.float64(1.0), 100, 200, 45, 10)",houghCircle,0.23125,47702148.52,34984778
"(np.float64(1.0), 100, 210, 45, 10)",houghCircle,0.23125,43392001.04,33913969
"(np.float64(1.0), 100, 220, 45, 10)",houghCircle,0.23125,44749239.21,33995432
"(np.float64(1.0), 100, 230, 45, 10)",houghCircle,0.23125,46224677.13,33922500
"(np.float64(1.0), 100, 240, 45, 10)",houghCircle,0.23125,43614555.43,33245063
"(np.float64(1.0), 100, 250, 45, 10)",houghCircle,0.23125,45987275.94,34162300.5
"(np.float64(1.0), 100, 260, 45, 10)",houghCircle,0.23125,42833633.68,32136119
"(np.float64(1.0), 100, 270, 45, 10)",houghCircle,0.23125,43264605.81,31930634.5
"(np.float64(1.0), 100, 280, 45, 10)",houghCircle,0.23125,40779610.51,31554442
"(np.float64(1.0), 100, 290, 45, 10)",houghCircle,0.23125,40421819.46,30690777
"(np.float64(1.0), 110, 160, 45, 10)",houghCircle,0.23125,41869630.22,32641817.5
"(np.float64(1.0), 110, 170, 45, 10)",houghCircle,0.23125,43890010.76,33263183.5
"(np.float64(1.0), 110, 180, 45, 10)",houghCircle,0.23125,41150674.93,32666884.5
"(np.float64(1.0), 110, 190, 45, 10)",houghCircle,0.23125,41235349.01,32287022.5
"(np.float64(1.0), 110, 200, 45, 10)",houghCircle,0.23125,41802110.83,32594749.5
"(np.float64(1.0), 110, 210, 45, 10)",houghCircle,0.23125,42387523.2,30863972
"(np.float64(1.0), 110, 220, 45, 10)",houghCircle,0.23125,39833213.07,30906117.5
"(np.float64(1.0), 110, 230, 45, 10)",houghCircle,0.23125,42831527.01,32274664.5
"(np.float64(1.0), 110, 240, 45, 10)",houghCircle,0.23125,41661893.15,31381553.5
"(np.float64(1.0), 110, 250, 45, 10)",houghCircle,0.23125,42395720.1,31566921
"(np.float64(1.0), 110, 260, 45, 10)",houghCircle,0.23125,41880064.03,31562853
"(np.float64(1.0), 110, 270, 45, 10)",houghCircle,0.23125,39362135.29,30484241.5
"(np.float64(1.0), 110, 280, 45, 10)",houghCircle,0.23125,44276122.51,31438920.5
"(np.float64(1.0), 110, 290, 45, 10)",houghCircle,0.23125,38015397.01,29433318.5
"(np.float64(1.0), 120, 160, 45, 10)",houghCircle,0.23125,39582209.06,32544179.5
"(np.float64(1.0), 120, 170, 45, 10)",houghCircle,0.23125,40356810.43,32059365
"(np.float64(1.0), 120, 180, 45, 10)",houghCircle,0.23125,43938026.5,32620332.5
"(np.float64(1.0), 120, 190, 45, 10)",houghCircle,0.23125,43010878.48,32267555
"(np.float64(1.0), 120, 200, 45, 10)",houghCircle,0.23125,43184688.44,32137336
"(np.float64(1.0), 120, 210, 45, 10)",houghCircle,0.23125,41482989.18,31354642
"(np.float64(1.0), 120, 220, 45, 10)",houghCircle,0.23125,41289722.13,31801150
"(np.float64(1.0), 120, 230, 45, 10)",houghCircle,0.23125,44698109.11,31738598
"(np.float64(1.0), 120, 240, 45, 10)",houghCircle,0.23125,39999508.22,31383035.5
"(np.float64(1.0), 120, 250, 45, 10)",houghCircle,0.23125,39850262.17,31108019.5
"(np.float64(1.0), 120, 260, 45, 10)",houghCircle,0.23125,41842045.88,30658342
"(np.float64(1.0), 120, 270, 45, 10)",houghCircle,0.23125,39837797.88,30996300.5
"(np.float64(1.0), 120, 280, 45, 10)",houghCircle,0.23125,40602064.66,30884916
"(np.float64(1.0), 120, 290, 45, 10)",houghCircle,0.23125,39671462.41,30129880.5
"(np.float64(1.0), 130, 160, 45, 10)",houghCircle,0.23125,42949942.05,33582317
"(np.float64(1.0), 130, 170, 45, 10)",houghCircle,0.23125,41208218.57,32938934.5
"(np.float64(1.0), 130, 180, 45, 10)",houghCircle,0.23125,44822377.29,33609934
"(np.float64(1.0), 130, 190, 45, 10)",houghCircle,0.23125,40510791.58,31162607
"(np.float64(1.0), 130, 200, 45, 10)",houghCircle,0.23125,43316808.13,31989138.5
"(np.float64(1.0), 130, 210, 45, 10)",houghCircle,0.23125,43043028.14,32098658.5
"(np.float64(1.0), 130, 220, 45, 10)",houghCircle,0.23125,42498155.85,31499950
"(np.float64(1.0), 130, 230, 45, 10)",houghCircle,0.23125,41561408.14,31693532
"(np.float64(1.0), 130, 240, 45, 10)",houghCircle,0.23125,40445010.57,31344354
"(np.float64(1.0), 130, 250, 45, 10)",houghCircle,0.23125,41521167.07,30700636
"(np.float64(1.0), 130, 260, 45, 10)",houghCircle,0.23125,40880792.98,32072319.5
"(np.float64(1.0), 130, 270, 45, 10)",houghCircle,0.23125,39128827.9,31484716
"(np.float64(1.0), 130, 280, 45, 10)",houghCircle,0.23125,39280150.44,31011173.5
"(np.float64(1.0), 130, 290, 45, 10)",houghCircle,0.23125,39629662.79,30143145
"(np.float64(1.0), 140, 160, 45, 10)",houghCircle,0.23125,42736826.08,33250519.5
"(np.float64(1.0), 140, 170, 45, 10)",houghCircle,0.23125,44353594.53,33170198.5
"(np.float64(1.0), 140, 180, 45, 10)",houghCircle,0.23125,44001748,33262286.5
"(np.float64(1.0), 140, 190, 45, 10)",houghCircle,0.23125,41578677.21,31983127
"(np.float64(1.0), 140, 200, 45, 10)",houghCircle,0.23125,36931071.93,30367801.5
"(np.float64(1.0), 140, 210, 45, 10)",houghCircle,0.23125,43419740.43,32524863.5
"(np.float64(1.0), 140, 220, 45, 10)",houghCircle,0.23125,42019289.35,31372335.5
"(np.float64(1.0), 140, 230, 45, 10)",houghCircle,0.23125,41526313.94,31373648
"(np.float64(1.0), 140, 240, 45, 10)",houghCircle,0.23125,40862795.85,31839778
"(np.float64(1.0), 140, 250, 45, 10)",houghCircle,0.23125,43484674.5,31542540
"(np.float64(1.0), 140, 260, 45, 10)",houghCircle,0.23125,38418162.13,31169130.5
"(np.float64(1.0), 140, 270, 45, 10)",houghCircle,0.23125,40868074.22,31137521.5
"(np.float64(1.0), 140, 280, 45, 10)",houghCircle,0.23125,43230264.99,30897851.5
"(np.float64(1.0), 140, 290, 45, 10)",houghCircle,0.23125,40784953.22,30953154.5
"(np.float64(1.0), 150, 160, 45, 10)",houghCircle,0.23125,42145560.15,33181551
"(np.float64(1.0), 150, 170, 45, 10)",houghCircle,0.23125,42816409.17,33381440
"(np.float64(1.0), 150, 180, 45, 10)",houghCircle,0.23125,43032648.56,33209297
"(np.float64(1.0), 150, 190, 45, 10)",houghCircle,0.23125,43334440.54,32135442.5
"(np.float64(1.0), 150, 200, 45, 10)",houghCircle,0.23125,45352979.75,33346419.5
"(np.float64(1.0), 150, 210, 45, 10)",houghCircle,0.23125,42173253.59,32076172
"(np.float64(1.0), 150, 220, 45, 10)",houghCircle,0.23125,43733895.48,31972546.5
"(np.float64(1.0), 150, 230, 45, 10)",houghCircle,0.23125,40388669.78,30408773
"(np.float64(1.0), 150, 240, 45, 10)",houghCircle,0.23125,44629993.11,31766490
"(np.float64(1.0), 150, 250, 45, 10)",houghCircle,0.23125,41680220.43,31710155
"(np.float64(1.0), 150, 260, 45, 10)",houghCircle,0.23125,41007632.93,31813268
"(np.float64(1.0), 150, 270, 45, 10)",houghCircle,0.23125,41605230.22,31344573.5
"(np.float64(1.0), 150, 280, 45, 10)",houghCircle,0.23125,42188022.87,31713160.5
"(np.float64(1.0), 150, 290, 45, 10)",houghCircle,0.23125,41024033.42,30746240.5
"(np.float64(1.0), 160, 160, 45, 10)",houghCircle,0.23125,42888049.9,33738064
"(np.float64(1.0), 160, 170, 45, 10)",houghCircle,0.23125,41918463.12,32942386.5
"(np.float64(1.0), 160, 180, 45, 10)",houghCircle,0.23125,43970839,33055739
"(np.float64(1.0), 160, 190, 45, 10)",houghCircle,0.23125,40194201.09,31504558.5
"(np.float64(1.0), 160, 200, 45, 10)",houghCircle,0.23125,42388189.8,32795410.5
"(np.float64(1.0), 160, 210, 45, 10)",houghCircle,0.23125,42556140.77,31673040
"(np.float64(1.0), 160, 220, 45, 10)",houghCircle,0.23125,41655734.12,32190553
"(np.float64(1.0), 160, 230, 45, 10)",houghCircle,0.23125,42360396.66,32241280.5
"(np.float64(1.0), 160, 240, 45, 10)",houghCircle,0.23125,39655308.56,30921480.5
"(np.float64(1.0), 160, 250, 45, 10)",houghCircle,0.23125,42217511.13,32108692
"(np.float64(1.0), 160, 260, 45, 10)",houghCircle,0.23125,41076813.16,31639632
"(np.float64(1.0), 160, 270, 45, 10)",houghCircle,0.23125,42584374.5,30613161.5
"(np.float64(1.0), 160, 280, 45, 10)",houghCircle,0.23125,39718098.51,31269432.5
"(np.float64(1.0), 160, 290, 45, 10)",houghCircle,0.23125,39505387.02,30490872
"(np.float64(1.0), 170, 160, 45, 10)",houghCircle,0.23125,43457160.5,32896170.5
"(np.float64(1.0), 170, 170, 45, 10)",houghCircle,0.23125,43035524.96,33499982.5
"(np.float64(1.0), 170, 180, 45, 10)",houghCircle,0.23125,42137247.04,32481016
"(np.float64(1.0), 170, 190, 45, 10)",houghCircle,0.23125,42858773.32,32491947
"(np.float64(1.0), 170, 200, 45, 10)",houghCircle,0.23125,39227053.85,31457631
"(np.float64(1.0), 170, 210, 45, 10)",houghCircle,0.23125,42374721.78,31792399
"(np.float64(1.0), 170, 220, 45, 10)",houghCircle,0.23125,50564810.36,40439129.5
"(np.float64(1.0), 170, 230, 45, 10)",houghCircle,0.23125,45534517.24,34836399
"(np.float64(1.0), 170, 240, 45, 10)",houghCircle,0.23125,40512381.11,31087190.5
"(np.float64(1.0), 170, 250, 45, 10)",houghCircle,0.23125,41954616.19,32055207
"(np.float64(1.0), 170, 260, 45, 10)",houghCircle,0.23125,39989467.84,31098972
"(np.float64(1.0), 170, 270, 45, 10)",houghCircle,0.23125,41312236.38,31612887.5
"(np.float64(1.0), 170, 280, 45, 10)",houghCircle,0.23125,38791719.06,30126865
"(np.float64(1.0), 170, 290, 45, 10)",houghCircle,0.23125,39088048.51,29980369.5
"(np.float64(1.0), 180, 160, 45, 10)",houghCircle,0.23125,43177702.94,33401266.5
"(np.float64(1.0), 180, 170, 45, 10)",houghCircle,0.23125,44651742.41,32680159.5
"(np.float64(1.0), 180, 180, 45, 10)",houghCircle,0.23125,42020051.31,32035209
"(np.float64(1.0), 180, 190, 45, 10)",houghCircle,0.23125,42586353.98,30919666.5
"(np.float64(1.0), 180, 200, 45, 10)",houghCircle,0.23125,42602061.81,32767718.5
"(np.float64(1.0), 180, 210, 45, 10)",houghCircle,0.23125,44408065.3,32577347
"(np.float64(1.0), 180, 220, 45, 10)",houghCircle,0.23125,43459371.85,31545375.5
"(np.float64(1.0), 180, 230, 45, 10)",houghCircle,0.23125,53849800.16,41085297
"(np.float64(1.0), 180, 240, 45, 10)",houghCircle,0.23125,41848906.86,31101844
"(np.float64(1.0), 180, 250, 45, 10)",houghCircle,0.23125,43584189.95,31444101
"(np.float64(1.0), 180, 260, 45, 10)",houghCircle,0.23125,42522077.33,30568227
"(np.float64(1.0), 180, 270, 45, 10)",houghCircle,0.23125,40982675.72,31914458
"(np.float64(1.0), 180, 280, 45, 10)",houghCircle,0.23125,52665258.08,41030270
"(np.float64(1.0), 180, 290, 45, 10)",houghCircle,0.23125,42773403.27,31225935
"(np.float64(1.0), 190, 160, 45, 10)",houghCircle,0.23125,45219304.14,34092714
"(np.float64(1.0), 190, 170, 45, 10)",houghCircle,0.23125,47575047.18,35461748
"(np.float64(1.0), 190, 180, 45, 10)",houghCircle,0.23125,41613305.92,32026553.5
"(np.float64(1.0), 190, 190, 45, 10)",houghCircle,0.23125,55248969.31,42127985
"(np.float64(1.0), 190, 200, 45, 10)",houghCircle,0.23125,40680235.33,31989769.5
"(np.float64(1.0), 190, 210, 45, 10)",houghCircle,0.23125,41249118.73,31828517.5
"(np.float64(1.0), 190, 220, 45, 10)",houghCircle,0.23125,44449708.72,32523105
"(np.float64(1.0), 190, 230, 45, 10)",houghCircle,0.23125,39531670.96,31009215
"(np.float64(1.0), 190, 240, 45, 10)",houghCircle,0.23125,44429353.43,32146217.5
"(np.float64(1.0), 190, 250, 45, 10)",houghCircle,0.23125,40909369.01,31630800.5
"(np.float64(1.0), 190, 260, 45, 10)",houghCircle,0.23125,39616641.94,31123228.5
"(np.float64(1.0), 190, 270, 45, 10)",houghCircle,0.23125,54443675.43,41562307
"(np.float64(1.0), 190, 280, 45, 10)",houghCircle,0.23125,48467888.86,34337269
"(np.float64(1.0), 190, 290, 45, 10)",houghCircle,0.23125,40908264,30650582
"(np.float64(1.0), 290, 140, 45, 10)",houghCircle,0.23125,42028496.72,33584436
"(np.float64(1.5), 100, 160, 45, 10)",houghCircle,0.23125,43260575.63,32869293.5
"(np.float64(1.5), 100, 170, 45, 10)",houghCircle,0.23125,40489787.25,32123499.5
"(np.float64(1.5), 100, 180, 45, 10)",houghCircle,0.23125,43988295.46,32438196
"(np.float64(1.5), 100, 190, 45, 10)",houghCircle,0.23125,46213837.34,34016250
"(np.float64(1.5), 100, 200, 45, 10)",houghCircle,0.23125,40435261.93,31839998.5
"(np.float64(1.5), 100, 210, 45, 10)",houghCircle,0.23125,41318706.68,31389698
"(np.float64(1.5), 100, 220, 45, 10)",houghCircle,0.23125,44318097.11,32424244.5
"(np.float64(1.5), 100, 230, 45, 10)",houghCircle,0.23125,44485711.4,32364146.5
"(np.float64(1.5), 100, 240, 45, 10)",houghCircle,0.23125,44032204.81,32515756
"(np.float64(1.5), 100, 250, 45, 10)",houghCircle,0.23125,43955704.12,31811580
"(np.float64(1.5), 100, 260, 45, 10)",houghCircle,0.23125,40845465.67,30996190.5
"(np.float64(1.5), 100, 270, 45, 10)",houghCircle,0.23125,40366546.38,31313818.5
"(np.float64(1.5), 100, 280, 45, 10)",houghCircle,0.23125,44683645.14,31205804
"(np.float64(1.5), 100, 290, 45, 10)",houghCircle,0.23125,48587008.39,36527312
"(np.float64(1.5), 110, 160, 45, 10)",houghCircle,0.23125,43491791.98,32375503
"(np.float64(1.5), 110, 170, 45, 10)",houghCircle,0.23125,42488086.53,32623773.5
"(np.float64(1.5), 110, 180, 45, 10)",houghCircle,0.23125,43737287.04,33358282
"(np.float64(1.5), 110, 190, 45, 10)",houghCircle,0.23125,38826819.61,31749337.5
"(np.float64(1.5), 110, 200, 45, 10)",houghCircle,0.23125,41370913.43,32460923
"(np.float64(1.5), 110, 210, 45, 10)",houghCircle,0.23125,43007224.97,31608284
"(np.float64(1.5), 110, 220, 45, 10)",houghCircle,0.23125,43913526.09,32307710.5
"(np.float64(1.5), 110, 230, 45, 10)",houghCircle,0.23125,48899665.58,39092795
"(np.float64(1.5), 110, 240, 45, 10)",houghCircle,0.23125,49085496.19,37294561
"(np.float64(1.5), 110, 250, 45, 10)",houghCircle,0.23125,39755150.42,30064913
"(np.float64(1.5), 110, 260, 45, 10)",houghCircle,0.23125,43116806.24,31394116.5
"(np.float64(1.5), 110, 270, 45, 10)",houghCircle,0.23125,38330822.02,30532856.5
"(np.float64(1.5), 110, 280, 45, 10)",houghCircle,0.23125,44499038.43,31635004
"(np.float64(1.5), 110, 290, 45, 10)",houghCircle,0.23125,38792516.14,30025178.5
"(np.float64(1.5), 120, 160, 45, 10)",houghCircle,0.23125,44467068.63,32651506
"(np.float64(1.5), 120, 170, 45, 10)",houghCircle,0.23125,45826213,33070261
"(np.float64(1.5), 120, 180, 45, 10)",houghCircle,0.23125,41067238.69,32672555.5
"(np.float64(1.5), 120, 190, 45, 10)",houghCircle,0.23125,45206492.68,34004649.5
"(np.float64(1.5), 120, 200, 45, 10)",houghCircle,0.23125,41889262.86,32762945
"(np.float64(1.5), 120, 210, 45, 10)",houghCircle,0.23125,42080789.26,32676647.5
"(np.float64(1.5), 120, 220, 45, 10)",houghCircle,0.23125,44289673.21,32503458
"(np.float64(1.5), 120, 230, 45, 10)",houghCircle,0.23125,44113085.18,32051350
"(np.float64(1.5), 120, 240, 45, 10)",houghCircle,0.23125,42674312.48,32071983.5
"(np.float64(1.5), 120, 250, 45, 10)",houghCircle,0.23125,42591059.55,31957934.5
"(np.float64(1.5), 120, 260, 45, 10)",houghCircle,0.23125,40641134.95,31521165
"(np.float64(1.5), 120, 270, 45, 10)",houghCircle,0.23125,42048072.8,31129415.5
"(np.float64(1.5), 120, 280, 45, 10)",houghCircle,0.23125,41012877.7,31541223
"(np.float64(1.5), 120, 290, 45, 10)",houghCircle,0.23125,41830968.18,29765602
"(np.float64(1.5), 130, 160, 45, 10)",houghCircle,0.23125,40569635.64,32180557
"(np.float64(1.5), 130, 170, 45, 10)",houghCircle,0.23125,47377916.62,33064053.5
"(np.float64(1.5), 130, 180, 45, 10)",houghCircle,0.23125,44103024.35,33483717
"(np.float64(1.5), 130, 190, 45, 10)",houghCircle,0.23125,42818132.66,32157779.5
"(np.float64(1.5), 130, 200, 45, 10)",houghCircle,0.23125,40505132.36,30774939.5
"(np.float64(1.5), 130, 210, 45, 10)",houghCircle,0.23125,44818733.8,34235503.5
"(np.float64(1.5), 130, 220, 45, 10)",houghCircle,0.23125,40658107.92,31585556.5
"(np.float64(1.5), 130, 230, 45, 10)",houghCircle,0.23125,40738054.45,31797994.5
"(np.float64(1.5), 130, 240, 45, 10)",houghCircle,0.23125,44804784.51,32406195
"(np.float64(1.5), 130, 250, 45, 10)",houghCircle,0.23125,42779298.33,31578682.5
"(np.float64(1.5), 130, 260, 45, 10)",houghCircle,0.23125,41417625.24,31685198.5
"(np.float64(1.5), 130, 270, 45, 10)",houghCircle,0.23125,41701234.34,32161822
"(np.float64(1.5), 130, 280, 45, 10)",houghCircle,0.23125,43217392.73,32054294.5
"(np.float64(1.5), 130, 290, 45, 10)",houghCircle,0.23125,43516274.37,31307073.5
"(np.float64(1.5), 140, 160, 45, 10)",houghCircle,0.23125,42223435,32973599.5
"(np.float64(1.5), 140, 170, 45, 10)",houghCircle,0.23125,43496576.72,33289407
"(np.float64(1.5), 140, 180, 45, 10)",houghCircle,0.23125,52891822.6,40045837.5
"(np.float64(1.5), 140, 190, 45, 10)",houghCircle,0.23125,42598058.21,32538704
"(np.float64(1.5), 140, 200, 45, 10)",houghCircle,0.23125,40056087.93,32598115.5
"(np.float64(1.5), 140, 210, 45, 10)",houghCircle,0.23125,42424949.25,31749403
"(np.float64(1.5), 140, 220, 45, 10)",houghCircle,0.23125,38042805.61,30986387
"(np.float64(1.5), 140, 230, 45, 10)",houghCircle,0.23125,44944369.36,32181473.5
"(np.float64(1.5), 140, 240, 45, 10)",houghCircle,0.23125,42469035.48,31454485
"(np.float64(1.5), 140, 250, 45, 10)",houghCircle,0.23125,41390889.1,31603620
"(np.float64(1.5), 140, 260, 45, 10)",houghCircle,0.23125,41358738.17,31672815.5
"(np.float64(1.5), 140, 270, 45, 10)",houghCircle,0.23125,39515700.61,30597522.5
"(np.float64(1.5), 140, 280, 45, 10)",houghCircle,0.23125,40924324.48,31505280
"(np.float64(1.5), 140, 290, 45, 10)",houghCircle,0.23125,39733455.82,29600226
"(np.float64(1.5), 150, 160, 45, 10)",houghCircle,0.23125,43556474.75,32104258.5
"(np.float64(1.5), 150, 170, 45, 10)",houghCircle,0.23125,44414847.05,32211569.5
"(np.float64(1.5), 150, 180, 45, 10)",houghCircle,0.23125,42981390.58,32830945.5
"(np.float64(1.5), 150, 190, 45, 10)",houghCircle,0.23125,42604087.29,31853853.5
"(np.float64(1.5), 150, 200, 45, 10)",houghCircle,0.23125,42640741.06,32544910.5
"(np.float64(1.5), 150, 210, 45, 10)",houghCircle,0.23125,45121208.33,32489041.5
"(np.float64(1.5), 150, 220, 45, 10)",houghCircle,0.23125,38707315.89,30646093
"(np.float64(1.5), 150, 230, 45, 10)",houghCircle,0.23125,40802349.91,31537931.5
"(np.float64(1.5), 150, 240, 45, 10)",houghCircle,0.23125,41465161.61,31577395.5
"(np.float64(1.5), 150, 250, 45, 10)",houghCircle,0.23125,41914298.67,32627059.5
"(np.float64(1.5), 150, 260, 45, 10)",houghCircle,0.23125,39959781.41,30876079.5
"(np.float64(1.5), 150, 270, 45, 10)",houghCircle,0.23125,42706819.5,32032524
"(np.float64(1.5), 150, 280, 45, 10)",houghCircle,0.23125,42808281.49,31169155
"(np.float64(1.5), 150, 290, 45, 10)",houghCircle,0.23125,39385735.8,30356108.5
"(np.float64(1.5), 160, 160, 45, 10)",houghCircle,0.23125,45001997.91,34446908.5
"(np.float64(1.5), 160, 170, 45, 10)",houghCircle,0.23125,43388942.29,32327041.5
"(np.float64(1.5), 160, 180, 45, 10)",houghCircle,0.23125,54416316.51,42259025
"(np.float64(1.5), 160, 190, 45, 10)",houghCircle,0.23125,40781916.71,32207102
"(np.float64(1.5), 160, 200, 45, 10)",houghCircle,0.23125,39467385.78,30855141
"(np.float64(1.5), 160, 210, 45, 10)",houghCircle,0.23125,43779363.9,33829816.5
"(np.float64(1.5), 160, 220, 45, 10)",houghCircle,0.23125,42430974.05,30933023
"(np.float64(1.5), 160, 230, 45, 10)",houghCircle,0.23125,50607073.47,39174818.5
"(np.float64(1.5), 160, 240, 45, 10)",houghCircle,0.23125,39328826.52,31713430
"(np.float64(1.5), 160, 250, 45, 10)",houghCircle,0.23125,49263965.84,38272080
"(np.float64(1.5), 160, 260, 45, 10)",houghCircle,0.23125,39753849.6,30172004
"(np.float64(1.5), 160, 270, 45, 10)",houghCircle,0.23125,41903045.73,31594312
"(np.float64(1.5), 160, 280, 45, 10)",houghCircle,0.23125,41631998.67,31407873.5
"(np.float64(1.5), 160, 290, 45, 10)",houghCircle,0.23125,40110466.55,31086019.5
"(np.float64(1.5), 170, 160, 45, 10)",houghCircle,0.23125,45484839.59,33729132.5
"(np.float64(1.5), 170, 170, 45, 10)",houghCircle,0.23125,44986754.34,34781120.5
"(np.float64(1.5), 170, 180, 45, 10)",houghCircle,0.23125,40213914.6,30951005
"(np.float64(1.5), 170, 190, 45, 10)",houghCircle,0.23125,43583255.56,32687234.5
"(np.float64(1.5), 170, 200, 45, 10)",houghCircle,0.23125,40515430.75,31497125
"(np.float64(1.5), 170, 210, 45, 10)",houghCircle,0.23125,41084153.65,31193611
"(np.float64(1.5), 170, 220, 45, 10)",houghCircle,0.23125,40994196.99,32023067.5
"(np.float64(1.5), 170, 230, 45, 10)",houghCircle,0.23125,45719271,36207952.5
"(np.float64(1.5), 170, 240, 45, 10)",houghCircle,0.23125,44086651.01,31408068.5
"(np.float64(1.5), 170, 250, 45, 10)",houghCircle,0.23125,43147425.38,30827949
"(np.float64(1.5), 170, 260, 45, 10)",houghCircle,0.23125,42140439.82,31701885
"(np.float64(1.5), 170, 270, 45, 10)",houghCircle,0.23125,40195102.6,31508827.5
"(np.float64(1.5), 170, 280, 45, 10)",houghCircle,0.23125,44285328.92,31480614
"(np.float64(1.5), 170, 290, 45, 10)",houghCircle,0.23125,42974601.96,31014605.5
"(np.float64(1.5), 180, 160, 45, 10)",houghCircle,0.23125,45972583.14,34157942.5
"(np.float64(1.5), 180, 170, 45, 10)",houghCircle,0.23125,45159707.75,34329830
"(np.float64(1.5), 180, 180, 45, 10)",houghCircle,0.23125,41927004.14,32791758.5
"(np.float64(1.5), 180, 190, 45, 10)",houghCircle,0.23125,44193076.45,32398877
"(np.float64(1.5), 180, 200, 45, 10)",houghCircle,0.23125,40658505.89,31996792
"(np.float64(1.5), 180, 210, 45, 10)",houghCircle,0.23125,43297784.25,32318159.5
"(np.float64(1.5), 180, 220, 45, 10)",houghCircle,0.23125,40317031.76,31323204
"(np.float64(1.5), 180, 230, 45, 10)",houghCircle,0.23125,41861993.54,31853107
"(np.float64(1.5), 180, 240, 45, 10)",houghCircle,0.23125,41528295.37,31089274.5
"(np.float64(1.5), 180, 250, 45, 10)",houghCircle,0.23125,42613493.21,31180851.5
"(np.float64(1.5), 180, 260, 45, 10)",houghCircle,0.23125,43201310.54,31929712.5
"(np.float64(1.5), 180, 270, 45, 10)",houghCircle,0.23125,41354599.28,30824653.5
"(np.float64(1.5), 180, 280, 45, 10)",houghCircle,0.23125,39304153.09,31145540
"(np.float64(1.5), 180, 290, 45, 10)",houghCircle,0.23125,44619711.6,31620561
"(np.float64(1.5), 190, 160, 45, 10)",houghCircle,0.23125,41374151.89,33086792.5
"(np.float64(1.5), 190, 170, 45, 10)",houghCircle,0.23125,42430351.31,33036123
"(np.float64(1.5), 190, 180, 45, 10)",houghCircle,0.23125,44559655.38,32517153.5
"(np.float64(1.5), 190, 190, 45, 10)",houghCircle,0.23125,43430078.44,32568375.5
"(np.float64(1.5), 190, 200, 45, 10)",houghCircle,0.23125,42181725.87,31899444.5
"(np.float64(1.5), 190, 210, 45, 10)",houghCircle,0.23125,44143137.69,32840961.5
"(np.float64(1.5), 190, 220, 45, 10)",houghCircle,0.23125,44853880.51,33072696.5
"(np.float64(1.5), 190, 230, 45, 10)",houghCircle,0.23125,40708022.49,31469047.5
"(np.float64(1.5), 190, 240, 45, 10)",houghCircle,0.23125,44529479.46,31778137
"(np.float64(1.5), 190, 250, 45, 10)",houghCircle,0.23125,40021651.72,31335436.5
"(np.float64(1.5), 190, 260, 45, 10)",houghCircle,0.23125,43890610.51,31845408.5
"(np.float64(1.5), 190, 270, 45, 10)",houghCircle,0.23125,41246098.88,30698391
"(np.float64(1.5), 190, 280, 45, 10)",houghCircle,0.23125,52868099.04,38988138
"(np.float64(1.5), 190, 290, 45, 10)",houghCircle,0.23125,41634510.94,30440949
"(np.float64(1.5), 290, 140, 45, 10)",houghCircle,0.23125,41375772.38,33820538.5
"(np.float64(1.0), 200, 140, 45, 5)",houghCircle,0.229166667,44970669.33,34251382
"(np.float64(1.0), 210, 140, 45, 5)",houghCircle,0.229166667,44134360.99,34176371.5
"(np.float64(1.0), 220, 140, 45, 5)",houghCircle,0.229166667,45323994.01,34618891
"(np.float64(1.5), 200, 140, 45, 5)",houghCircle,0.229166667,45556009.89,34630437
"(np.float64(1.5), 210, 140, 45, 5)",houghCircle,0.229166667,43921129.61,35319080
"(np.float64(1.5), 220, 140, 45, 5)",houghCircle,0.229166667,44468075.93,34353419
"(np.float64(1.0), 230, 150, 45, 5)",houghCircle,0.227083333,40514351.8,32149258.5
"(np.float64(1.0), 240, 150, 45, 5)",houghCircle,0.227083333,42197259.95,33429745.5
"(np.float64(1.0), 250, 150, 45, 5)",houghCircle,0.227083333,43897604.83,34274816
"(np.float64(1.0), 260, 150, 45, 5)",houghCircle,0.227083333,44858867.81,34428139.5
"(np.float64(1.0), 270, 150, 45, 5)",houghCircle,0.227083333,42487909.04,33477776
"(np.float64(1.0), 280, 150, 45, 5)",houghCircle,0.227083333,44950362.39,34248772.5
"(np.float64(1.0), 290, 150, 45, 15)",houghCircle,0.227083333,43269273.72,33177042.5
"(np.float64(1.5), 230, 150, 45, 5)",houghCircle,0.227083333,45620532.22,34795382.5
"(np.float64(1.5), 240, 150, 45, 5)",houghCircle,0.227083333,45310953.78,34867127
"(np.float64(1.5), 250, 150, 45, 5)",houghCircle,0.227083333,51349642.99,39147231.5
"(np.float64(1.5), 260, 150, 45, 5)",houghCircle,0.227083333,42206309,33465312.5
"(np.float64(1.5), 270, 150, 45, 5)",houghCircle,0.227083333,45109852.55,35261266.5
"(np.float64(1.5), 280, 150, 45, 5)",houghCircle,0.227083333,43512830.98,33998072
"(np.float64(1.5), 290, 150, 45, 15)",houghCircle,0.227083333,44801055.91,33921910
"(np.float64(1.0), 100, 140, 45, 5)",houghCircle,0.225,41034527.48,33303052
"(np.float64(1.0), 110, 140, 45, 5)",houghCircle,0.225,42651943.8,33910887.5
"(np.float64(1.0), 120, 140, 45, 5)",houghCircle,0.225,45013843.55,35329705.5
"(np.float64(1.0), 130, 140, 45, 5)",houghCircle,0.225,44171933.93,34484044
"(np.float64(1.0), 140, 140, 45, 5)",houghCircle,0.225,44977489.1,34168676
"(np.float64(1.0), 150, 140, 45, 5)",houghCircle,0.225,42286706.19,32894226.5
"(np.float64(1.0), 160, 140, 45, 5)",houghCircle,0.225,42615040.36,33191950
"(np.float64(1.0), 170, 140, 45, 5)",houghCircle,0.225,41578050.61,32878477
"(np.float64(1.0), 180, 140, 45, 5)",houghCircle,0.225,46972325.44,38825207.5
"(np.float64(1.0), 190, 140, 45, 5)",houghCircle,0.225,43475403.29,34241638.5
"(np.float64(1.0), 230, 290, 45, 5)",houghCircle,0.225,51400895.01,39834960.5
"(np.float64(1.0), 240, 290, 45, 5)",houghCircle,0.225,39986075.01,31703191.5
"(np.float64(1.0), 250, 290, 45, 5)",houghCircle,0.225,46712948.46,36947295.5
"(np.float64(1.0), 260, 290, 45, 5)",houghCircle,0.225,43216575.82,31396607
"(np.float64(1.0), 270, 240, 45, 5)",houghCircle,0.225,40520754.68,31482372.5
"(np.float64(1.0), 270, 250, 45, 5)",houghCircle,0.225,41039147.18,31767041
"(np.float64(1.0), 270, 260, 45, 5)",houghCircle,0.225,39853087.64,31397624
"(np.float64(1.0), 270, 270, 45, 5)",houghCircle,0.225,54072643.75,41104944.5
"(np.float64(1.0), 270, 280, 45, 5)",houghCircle,0.225,39834124.57,31113511
"(np.float64(1.0), 270, 290, 45, 5)",houghCircle,0.225,39971816.13,30390458.5
"(np.float64(1.0), 280, 240, 45, 5)",houghCircle,0.225,42482960.11,31458868.5
"(np.float64(1.0), 280, 250, 45, 5)",houghCircle,0.225,42957644.63,31500967.5
"(np.float64(1.0), 280, 260, 45, 5)",houghCircle,0.225,41004258.54,32122177.5
"(np.float64(1.0), 280, 270, 45, 5)",houghCircle,0.225,49956236.24,39038979
"(np.float64(1.0), 280, 280, 45, 5)",houghCircle,0.225,49566641.59,38768633
"(np.float64(1.0), 280, 290, 45, 5)",houghCircle,0.225,45184341.47,31278760.5
"(np.float64(1.0), 290, 130, 45, 5)",houghCircle,0.225,49384167.82,36722814
"(np.float64(1.5), 100, 140, 45, 5)",houghCircle,0.225,41865155,33414658
"(np.float64(1.5), 110, 140, 45, 5)",houghCircle,0.225,47159875.91,35380716
"(np.float64(1.5), 120, 140, 45, 5)",houghCircle,0.225,43514957.3,34083326.5
"(np.float64(1.5), 130, 140, 45, 5)",houghCircle,0.225,49051951.74,36008790
"(np.float64(1.5), 140, 140, 45, 5)",houghCircle,0.225,42365095.33,34121243.5
"(np.float64(1.5), 150, 140, 45, 5)",houghCircle,0.225,41962292.43,34706421
"(np.float64(1.5), 160, 140, 45, 5)",houghCircle,0.225,45138649.66,34179983
"(np.float64(1.5), 170, 140, 45, 5)",houghCircle,0.225,42950473.65,33586149
"(np.float64(1.5), 180, 140, 45, 5)",houghCircle,0.225,43434757.11,33821320
"(np.float64(1.5), 190, 140, 45, 5)",houghCircle,0.225,52038490.6,40813643
"(np.float64(1.5), 230, 290, 45, 5)",houghCircle,0.225,43307324.6,31905947
"(np.float64(1.5), 240, 290, 45, 5)",houghCircle,0.225,42497973.48,30947487
"(np.float64(1.5), 250, 290, 45, 5)",houghCircle,0.225,42225181.82,31753817
"(np.float64(1.5), 260, 290, 45, 5)",houghCircle,0.225,40706864.41,30588085
"(np.float64(1.5), 270, 240, 45, 5)",houghCircle,0.225,40645398.55,31348536.5
"(np.float64(1.5), 270, 250, 45, 5)",houghCircle,0.225,42346431.15,32454020.5
"(np.float64(1.5), 270, 260, 45, 5)",houghCircle,0.225,40666280.21,31474146.5
"(np.float64(1.5), 270, 270, 45, 5)",houghCircle,0.225,43008819.93,32060120.5
"(np.float64(1.5), 270, 280, 45, 5)",houghCircle,0.225,40115110.48,31217771
"(np.float64(1.5), 270, 290, 45, 5)",houghCircle,0.225,41014314.77,30792067.5
"(np.float64(1.5), 280, 240, 45, 5)",houghCircle,0.225,41576019.64,32145401
"(np.float64(1.5), 280, 250, 45, 5)",houghCircle,0.225,40807385.01,31386687.5
"(np.float64(1.5), 280, 260, 45, 5)",houghCircle,0.225,41438092.86,31653274.5
"(np.float64(1.5), 280, 270, 45, 5)",houghCircle,0.225,39103230.56,30459109
"(np.float64(1.5), 280, 280, 45, 5)",houghCircle,0.225,38099698.89,30771474.5
"(np.float64(1.5), 280, 290, 45, 5)",houghCircle,0.225,41834282.6,31831707.5
"(np.float64(1.5), 290, 130, 45, 5)",houghCircle,0.225,54170238.1,43763633
"(np.float64(1.0), 200, 150, 45, 5)",houghCircle,0.222916667,42617012.52,33786084
"(np.float64(1.0), 210, 150, 45, 5)",houghCircle,0.222916667,53460589.45,43709225.5
"(np.float64(1.0), 220, 150, 45, 5)",houghCircle,0.222916667,42289610.88,33385253
"(np.float64(1.0), 230, 170, 45, 5)",houghCircle,0.222916667,44604423.08,33288441
"(np.float64(1.0), 230, 180, 45, 5)",houghCircle,0.222916667,42713086.84,32440585
"(np.float64(1.0), 230, 190, 45, 5)",houghCircle,0.222916667,42626501.44,32708157.5
"(np.float64(1.0), 230, 200, 45, 5)",houghCircle,0.222916667,41158664.25,31941980
"(np.float64(1.0), 230, 210, 45, 5)",houghCircle,0.222916667,41143603.41,32307319.5
"(np.float64(1.0), 230, 220, 45, 5)",houghCircle,0.222916667,43936615.87,31790841
"(np.float64(1.0), 230, 230, 45, 5)",houghCircle,0.222916667,40138817.5,30960197.5
"(np.float64(1.0), 230, 240, 45, 5)",houghCircle,0.222916667,41936738.83,31001199.5
"(np.float64(1.0), 230, 250, 45, 5)",houghCircle,0.222916667,40696529.65,31265094
"(np.float64(1.0), 230, 260, 45, 5)",houghCircle,0.222916667,41896830.05,32054790
"(np.float64(1.0), 230, 270, 45, 5)",houghCircle,0.222916667,40076381.99,30928137.5
"(np.float64(1.0), 230, 280, 45, 5)",houghCircle,0.222916667,41010426.13,31349548.5
"(np.float64(1.0), 240, 170, 45, 5)",houghCircle,0.222916667,44647730.18,34497618
"(np.float64(1.0), 240, 180, 45, 5)",houghCircle,0.222916667,42377272.65,32765896
"(np.float64(1.0), 240, 190, 45, 5)",houghCircle,0.222916667,53337127.73,42039964
"(np.float64(1.0), 240, 200, 45, 5)",houghCircle,0.222916667,51719463.85,42084573.5
"(np.float64(1.0), 240, 210, 45, 5)",houghCircle,0.222916667,43771005.74,32775509.5
"(np.float64(1.0), 240, 220, 45, 5)",houghCircle,0.222916667,40517547.52,31253252
"(np.float64(1.0), 240, 230, 45, 5)",houghCircle,0.222916667,41428602.81,32492787.5
"(np.float64(1.0), 240, 240, 45, 5)",houghCircle,0.222916667,42284818.55,32684848.5
"(np.float64(1.0), 240, 250, 45, 5)",houghCircle,0.222916667,40345694.24,32042087
"(np.float64(1.0), 240, 260, 45, 5)",houghCircle,0.222916667,43491297.82,32055507
"(np.float64(1.0), 240, 270, 45, 5)",houghCircle,0.222916667,50025719.88,40977140
"(np.float64(1.0), 240, 280, 45, 5)",houghCircle,0.222916667,51567751.61,40069156
"(np.float64(1.0), 250, 170, 45, 5)",houghCircle,0.222916667,42563815.53,32657622.5
"(np.float64(1.0), 250, 180, 45, 5)",houghCircle,0.222916667,40889590.5,32388086.5
"(np.float64(1.0), 250, 190, 45, 5)",houghCircle,0.222916667,51561058.09,41069003
"(np.float64(1.0), 250, 200, 45, 5)",houghCircle,0.222916667,39914710.2,32261895
"(np.float64(1.0), 250, 210, 45, 5)",houghCircle,0.222916667,41987265.32,32576595
"(np.float64(1.0), 250, 220, 45, 5)",houghCircle,0.222916667,43833497.99,33317254.5
"(np.float64(1.0), 250, 230, 45, 5)",houghCircle,0.222916667,40188091.34,31741427.5
"(np.float64(1.0), 250, 240, 45, 5)",houghCircle,0.222916667,39294638.04,30783155.5
"(np.float64(1.0), 250, 250, 45, 5)",houghCircle,0.222916667,41680133.74,32216559.5
"(np.float64(1.0), 250, 260, 45, 5)",houghCircle,0.222916667,41214083.61,31562652.5
"(np.float64(1.0), 250, 270, 45, 5)",houghCircle,0.222916667,42378038.24,30957332
"(np.float64(1.0), 250, 280, 45, 5)",houghCircle,0.222916667,49699346.98,39359479.5
"(np.float64(1.0), 260, 170, 45, 5)",houghCircle,0.222916667,41031038.7,33163031
"(np.float64(1.0), 260, 180, 45, 5)",houghCircle,0.222916667,43684213.9,33179751
"(np.float64(1.0), 260, 190, 45, 5)",houghCircle,0.222916667,42623589.11,32561793.5
"(np.float64(1.0), 260, 200, 45, 5)",houghCircle,0.222916667,44665797.96,32755767
"(np.float64(1.0), 260, 210, 45, 5)",houghCircle,0.222916667,44376322.55,33571316
"(np.float64(1.0), 260, 220, 45, 5)",houghCircle,0.222916667,54176080.59,42431779.5
"(np.float64(1.0), 260, 230, 45, 5)",houghCircle,0.222916667,41381642.68,32396362
"(np.float64(1.0), 260, 240, 45, 5)",houghCircle,0.222916667,41977798.81,31100265.5
"(np.float64(1.0), 260, 250, 45, 5)",houghCircle,0.222916667,40816134.06,31342645
"(np.float64(1.0), 260, 260, 45, 5)",houghCircle,0.222916667,41145272.07,32160805.5
"(np.float64(1.0), 260, 270, 45, 5)",houghCircle,0.222916667,41714660.16,31356642
"(np.float64(1.0), 260, 280, 45, 5)",houghCircle,0.222916667,39737756.88,31753887.5
"(np.float64(1.0), 270, 170, 45, 5)",houghCircle,0.222916667,42359040.3,32909044
"(np.float64(1.0), 270, 180, 45, 5)",houghCircle,0.222916667,43521557.65,32725173.5
"(np.float64(1.0), 270, 190, 45, 5)",houghCircle,0.222916667,45495715.13,32662045
"(np.float64(1.0), 270, 200, 45, 5)",houghCircle,0.222916667,43761002.25,33371747.5
"(np.float64(1.0), 270, 210, 45, 5)",houghCircle,0.222916667,41969588.76,32183160.5
"(np.float64(1.0), 270, 220, 45, 5)",houghCircle,0.222916667,40046016.98,31450988.5
"(np.float64(1.0), 270, 230, 45, 5)",houghCircle,0.222916667,40989407.28,32335342.5
"(np.float64(1.0), 280, 170, 45, 5)",houghCircle,0.222916667,41906966.71,32991753.5
"(np.float64(1.0), 280, 180, 45, 5)",houghCircle,0.222916667,43589236.17,32784685.5
"(np.float64(1.0), 280, 190, 45, 5)",houghCircle,0.222916667,42947835.8,32894461
"(np.float64(1.0), 280, 200, 45, 5)",houghCircle,0.222916667,42244155.37,32773945
"(np.float64(1.0), 280, 210, 45, 5)",houghCircle,0.222916667,45727200.18,33338459.5
"(np.float64(1.0), 280, 220, 45, 5)",houghCircle,0.222916667,42365551.41,32454030.5
"(np.float64(1.0), 280, 230, 45, 5)",houghCircle,0.222916667,45052477.84,33183388
"(np.float64(1.0), 290, 150, 45, 10)",houghCircle,0.222916667,45127538.2,34270533.5
"(np.float64(1.5), 200, 150, 45, 5)",houghCircle,0.222916667,43299036.28,34760157
"(np.float64(1.5), 210, 150, 45, 5)",houghCircle,0.222916667,44427083.56,34709982.5
"(np.float64(1.5), 220, 150, 45, 5)",houghCircle,0.222916667,50117016.79,35782588.5
"(np.float64(1.5), 230, 170, 45, 5)",houghCircle,0.222916667,52076026.34,39953814.5
"(np.float64(1.5), 230, 180, 45, 5)",houghCircle,0.222916667,53538750.55,41181594
"(np.float64(1.5), 230, 190, 45, 5)",houghCircle,0.222916667,40751175.59,30956781.5
"(np.float64(1.5), 230, 200, 45, 5)",houghCircle,0.222916667,41105986.05,32039142
"(np.float64(1.5), 230, 210, 45, 5)",houghCircle,0.222916667,45455341.3,33504484.5
"(np.float64(1.5), 230, 220, 45, 5)",houghCircle,0.222916667,44940427.43,32991628
"(np.float64(1.5), 230, 230, 45, 5)",houghCircle,0.222916667,42044448.33,32255979
"(np.float64(1.5), 230, 240, 45, 5)",houghCircle,0.222916667,41979317.58,32726727
"(np.float64(1.5), 230, 250, 45, 5)",houghCircle,0.222916667,42143399.36,31225315
"(np.float64(1.5), 230, 260, 45, 5)",houghCircle,0.222916667,42755015.95,32303267.5
"(np.float64(1.5), 230, 270, 45, 5)",houghCircle,0.222916667,42397363.66,32201877
"(np.float64(1.5), 230, 280, 45, 5)",houghCircle,0.222916667,43130380.63,31635429.5
"(np.float64(1.5), 240, 170, 45, 5)",houghCircle,0.222916667,41849940.11,33472020.5
"(np.float64(1.5), 240, 180, 45, 5)",houghCircle,0.222916667,50362277.18,40434918
"(np.float64(1.5), 240, 190, 45, 5)",houghCircle,0.222916667,41822563.91,32709916
"(np.float64(1.5), 240, 200, 45, 5)",houghCircle,0.222916667,44585653.34,33127975
"(np.float64(1.5), 240, 210, 45, 5)",houghCircle,0.222916667,43790260.88,32220807
"(np.float64(1.5), 240, 220, 45, 5)",houghCircle,0.222916667,42113090.29,32656610.5
"(np.float64(1.5), 240, 230, 45, 5)",houghCircle,0.222916667,43122916.18,31680054
"(np.float64(1.5), 240, 240, 45, 5)",houghCircle,0.222916667,40139792.18,31776264
"(np.float64(1.5), 240, 250, 45, 5)",houghCircle,0.222916667,41178149.02,31994532.5
"(np.float64(1.5), 240, 260, 45, 5)",houghCircle,0.222916667,41842833.09,32411886.5
"(np.float64(1.5), 240, 270, 45, 5)",houghCircle,0.222916667,43947835.09,31394457
"(np.float64(1.5), 240, 280, 45, 5)",houghCircle,0.222916667,42115587.14,30822038.5
"(np.float64(1.5), 250, 170, 45, 5)",houghCircle,0.222916667,46272754.75,33578580
"(np.float64(1.5), 250, 180, 45, 5)",houghCircle,0.222916667,46295412.29,34433358.5
"(np.float64(1.5), 250, 190, 45, 5)",houghCircle,0.222916667,48782575.89,38674214.5
"(np.float64(1.5), 250, 200, 45, 5)",houghCircle,0.222916667,44490710.62,33324127
"(np.float64(1.5), 250, 210, 45, 5)",houghCircle,0.222916667,42108819.87,32271297.5
"(np.float64(1.5), 250, 220, 45, 5)",houghCircle,0.222916667,41436138.44,32213434
"(np.float64(1.5), 250, 230, 45, 5)",houghCircle,0.222916667,42901195.19,32788702.5
"(np.float64(1.5), 250, 240, 45, 5)",houghCircle,0.222916667,43325658.49,31898027.5
"(np.float64(1.5), 250, 250, 45, 5)",houghCircle,0.222916667,44881797.05,32837405.5
"(np.float64(1.5), 250, 260, 45, 5)",houghCircle,0.222916667,42469113.04,32894697
"(np.float64(1.5), 250, 270, 45, 5)",houghCircle,0.222916667,38686916.43,31161466
"(np.float64(1.5), 250, 280, 45, 5)",houghCircle,0.222916667,42584145.71,31366976
"(np.float64(1.5), 260, 170, 45, 5)",houghCircle,0.222916667,42970991.2,32612723
"(np.float64(1.5), 260, 180, 45, 5)",houghCircle,0.222916667,43227367.99,32248414.5
"(np.float64(1.5), 260, 190, 45, 5)",houghCircle,0.222916667,45349759.58,33998893
"(np.float64(1.5), 260, 200, 45, 5)",houghCircle,0.222916667,41811177.11,31931094.5
"(np.float64(1.5), 260, 210, 45, 5)",houghCircle,0.222916667,41994130.96,32521923
"(np.float64(1.5), 260, 220, 45, 5)",houghCircle,0.222916667,41198130.48,31594197.5
"(np.float64(1.5), 260, 230, 45, 5)",houghCircle,0.222916667,41592005.06,32136279.5
"(np.float64(1.5), 260, 240, 45, 5)",houghCircle,0.222916667,44487932.25,32297401.5
"(np.float64(1.5), 260, 250, 45, 5)",houghCircle,0.222916667,44885721.26,32015231.5
"(np.float64(1.5), 260, 260, 45, 5)",houghCircle,0.222916667,41370751.11,31026732
"(np.float64(1.5), 260, 270, 45, 5)",houghCircle,0.222916667,38592652.33,31583426.5
"(np.float64(1.5), 260, 280, 45, 5)",houghCircle,0.222916667,43209487.39,31107535
"(np.float64(1.5), 270, 170, 45, 5)",houghCircle,0.222916667,41244906.18,32406445.5
"(np.float64(1.5), 270, 180, 45, 5)",houghCircle,0.222916667,44893169.16,36030590
"(np.float64(1.5), 270, 190, 45, 5)",houghCircle,0.222916667,41836383.86,32035034
"(np.float64(1.5), 270, 200, 45, 5)",houghCircle,0.222916667,43167225.38,32833672
"(np.float64(1.5), 270, 210, 45, 5)",houghCircle,0.222916667,42647678.86,32421975.5
"(np.float64(1.5), 270, 220, 45, 5)",houghCircle,0.222916667,41755102.17,30865134.5
"(np.float64(1.5), 270, 230, 45, 5)",houghCircle,0.222916667,43840593.65,33065267
"(np.float64(1.5), 280, 170, 45, 5)",houghCircle,0.222916667,44774177.22,34355157
"(np.float64(1.5), 280, 180, 45, 5)",houghCircle,0.222916667,44258011.58,33025121.5
"(np.float64(1.5), 280, 190, 45, 5)",houghCircle,0.222916667,51977165.86,40208668.5
"(np.float64(1.5), 280, 200, 45, 5)",houghCircle,0.222916667,49995336.8,39840973.5
"(np.float64(1.5), 280, 210, 45, 5)",houghCircle,0.222916667,43271091.99,32162342.5
"(np.float64(1.5), 280, 220, 45, 5)",houghCircle,0.222916667,42741689.8,31841141
"(np.float64(1.5), 280, 230, 45, 5)",houghCircle,0.222916667,43207067.71,33105712.5
"(np.float64(1.5), 290, 150, 45, 10)",houghCircle,0.222916667,56517100.14,42388057
"(np.float64(1.0), 210, 290, 45, 5)",houghCircle,0.220833333,45026924.37,36683364.5
"(np.float64(1.0), 220, 290, 45, 5)",houghCircle,0.220833333,40266719.16,30779723.5
"(np.float64(1.0), 230, 160, 45, 5)",houghCircle,0.220833333,45815116.45,35109558
"(np.float64(1.0), 240, 160, 45, 5)",houghCircle,0.220833333,43540609.22,32727738.5
"(np.float64(1.0), 250, 160, 45, 5)",houghCircle,0.220833333,40641515.89,31576138.5
"(np.float64(1.0), 260, 160, 45, 5)",houghCircle,0.220833333,44036824.55,33792806.5
"(np.float64(1.0), 270, 160, 45, 5)",houghCircle,0.220833333,43044310.42,33431543.5
"(np.float64(1.0), 280, 160, 45, 5)",houghCircle,0.220833333,44570387.16,34012689.5
"(np.float64(1.0), 290, 160, 45, 15)",houghCircle,0.220833333,41959543.06,33281678.5
"(np.float64(1.0), 290, 170, 45, 15)",houghCircle,0.220833333,40857761.56,32180387
"(np.float64(1.0), 290, 180, 45, 15)",houghCircle,0.220833333,42312598.8,33214927.5
"(np.float64(1.0), 290, 190, 45, 15)",houghCircle,0.220833333,41555136.45,32205443
"(np.float64(1.0), 290, 200, 45, 15)",houghCircle,0.220833333,39550385.55,31764842.5
"(np.float64(1.0), 290, 210, 45, 15)",houghCircle,0.220833333,43731793.87,32101218
"(np.float64(1.0), 290, 220, 45, 15)",houghCircle,0.220833333,43116771.96,32232709.5
"(np.float64(1.0), 290, 230, 45, 15)",houghCircle,0.220833333,40600082.79,31864109
"(np.float64(1.0), 290, 240, 45, 15)",houghCircle,0.220833333,42169036.26,31308686
"(np.float64(1.0), 290, 250, 45, 15)",houghCircle,0.220833333,40047519.21,30322086.5
"(np.float64(1.0), 290, 260, 45, 15)",houghCircle,0.220833333,42186088.29,31525824
"(np.float64(1.0), 290, 270, 45, 15)",houghCircle,0.220833333,39932159.01,31153831
"(np.float64(1.0), 290, 280, 45, 15)",houghCircle,0.220833333,39231761.92,31674668.5
"(np.float64(1.0), 290, 290, 45, 15)",houghCircle,0.220833333,39147966.91,30703251.5
"(np.float64(1.5), 210, 290, 45, 5)",houghCircle,0.220833333,40366271.33,31371398.5
"(np.float64(1.5), 220, 290, 45, 5)",houghCircle,0.220833333,43204482.77,31340036
"(np.float64(1.5), 230, 160, 45, 5)",houghCircle,0.220833333,41426663.99,32197027.5
"(np.float64(1.5), 240, 160, 45, 5)",houghCircle,0.220833333,42530288.36,33401282.5
"(np.float64(1.5), 250, 160, 45, 5)",houghCircle,0.220833333,44040463.8,33203941.5
"(np.float64(1.5), 260, 160, 45, 5)",houghCircle,0.220833333,45071558.89,33999535.5
"(np.float64(1.5), 270, 160, 45, 5)",houghCircle,0.220833333,41724807.8,33269551.5
"(np.float64(1.5), 280, 160, 45, 5)",houghCircle,0.220833333,42552066.12,34063885
"(np.float64(1.5), 290, 160, 45, 15)",houghCircle,0.220833333,51431565.5,40283103
"(np.float64(1.5), 290, 170, 45, 15)",houghCircle,0.220833333,40151357.91,32000205
"(np.float64(1.5), 290, 180, 45, 15)",houghCircle,0.220833333,44133487.02,32427093
"(np.float64(1.5), 290, 190, 45, 15)",houghCircle,0.220833333,41913942.53,32660983
"(np.float64(1.5), 290, 200, 45, 15)",houghCircle,0.220833333,42068114.24,32094300.5
"(np.float64(1.5), 290, 210, 45, 15)",houghCircle,0.220833333,44656548.51,32563550.5
"(np.float64(1.5), 290, 220, 45, 15)",houghCircle,0.220833333,41697050.69,30702715
"(np.float64(1.5), 290, 230, 45, 15)",houghCircle,0.220833333,41323690.34,31176905
"(np.float64(1.5), 290, 240, 45, 15)",houghCircle,0.220833333,40323788.67,30588380.5
"(np.float64(1.5), 290, 250, 45, 15)",houghCircle,0.220833333,42357915.24,31952970
"(np.float64(1.5), 290, 260, 45, 15)",houghCircle,0.220833333,41654725.14,31257712
"(np.float64(1.5), 290, 270, 45, 15)",houghCircle,0.220833333,42043568.42,32154021.5
"(np.float64(1.5), 290, 280, 45, 15)",houghCircle,0.220833333,41424677.75,30585445
"(np.float64(1.5), 290, 290, 45, 15)",houghCircle,0.220833333,39894750.7,27013606
"(np.float64(1.0), 100, 150, 45, 5)",houghCircle,0.21875,45484181.89,34111434
"(np.float64(1.0), 110, 150, 45, 5)",houghCircle,0.21875,45181035.79,34703225
"(np.float64(1.0), 120, 150, 45, 5)",houghCircle,0.21875,46548245.92,34824441.5
"(np.float64(1.0), 130, 150, 45, 5)",houghCircle,0.21875,43471526.5,33588794.5
"(np.float64(1.0), 140, 150, 45, 5)",houghCircle,0.21875,42407607.6,32464475
"(np.float64(1.0), 150, 150, 45, 5)",houghCircle,0.21875,40836494.23,33876584.5
"(np.float64(1.0), 160, 150, 45, 5)",houghCircle,0.21875,42463880.42,33574066
"(np.float64(1.0), 170, 150, 45, 5)",houghCircle,0.21875,45583641.97,34286051.5
"(np.float64(1.0), 180, 150, 45, 5)",houghCircle,0.21875,42720585.05,33172899
"(np.float64(1.0), 190, 150, 45, 5)",houghCircle,0.21875,56684524.95,44991716.5
"(np.float64(1.0), 200, 290, 45, 5)",houghCircle,0.21875,39789975.29,30810351.5
"(np.float64(1.0), 210, 170, 45, 5)",houghCircle,0.21875,47658533.71,37413950.5
"(np.float64(1.0), 210, 180, 45, 5)",houghCircle,0.21875,41678779.54,33443977.5
"(np.float64(1.0), 210, 190, 45, 5)",houghCircle,0.21875,52953516.59,41776524.5
"(np.float64(1.0), 210, 200, 45, 5)",houghCircle,0.21875,41037478.54,32395595.5
"(np.float64(1.0), 210, 210, 45, 5)",houghCircle,0.21875,40867815.46,31273761
"(np.float64(1.0), 210, 220, 45, 5)",houghCircle,0.21875,40978610.75,31624439
"(np.float64(1.0), 210, 230, 45, 5)",houghCircle,0.21875,42348540.85,31828667
"(np.float64(1.0), 210, 240, 45, 5)",houghCircle,0.21875,42327448.42,32839969.5
"(np.float64(1.0), 210, 250, 45, 5)",houghCircle,0.21875,41383424.36,31015170.5
"(np.float64(1.0), 210, 260, 45, 5)",houghCircle,0.21875,54551378.49,41786784.5
"(np.float64(1.0), 210, 270, 45, 5)",houghCircle,0.21875,40348477.82,31846711
"(np.float64(1.0), 210, 280, 45, 5)",houghCircle,0.21875,49526148.13,39858510.5
"(np.float64(1.0), 220, 170, 45, 5)",houghCircle,0.21875,40254969.19,33103844
"(np.float64(1.0), 220, 180, 45, 5)",houghCircle,0.21875,41057748.77,33024897
"(np.float64(1.0), 220, 190, 45, 5)",houghCircle,0.21875,43749651.43,32885940.5
"(np.float64(1.0), 220, 200, 45, 5)",houghCircle,0.21875,41770157.1,33136149.5
"(np.float64(1.0), 220, 210, 45, 5)",houghCircle,0.21875,44105491.4,32524803
"(np.float64(1.0), 220, 220, 45, 5)",houghCircle,0.21875,40667351.5,30692851
"(np.float64(1.0), 220, 230, 45, 5)",houghCircle,0.21875,42970015.99,32212332
"(np.float64(1.0), 220, 240, 45, 5)",houghCircle,0.21875,42013464.05,32035570
"(np.float64(1.0), 220, 250, 45, 5)",houghCircle,0.21875,45914849.45,34718152.5
"(np.float64(1.0), 220, 260, 45, 5)",houghCircle,0.21875,40601576.86,31270123.5
"(np.float64(1.0), 220, 270, 45, 5)",houghCircle,0.21875,43486087.54,32198095
"(np.float64(1.0), 220, 280, 45, 5)",houghCircle,0.21875,42848936.05,31896539
"(np.float64(1.0), 290, 160, 45, 10)",houghCircle,0.21875,45103550.84,33767129
"(np.float64(1.0), 290, 170, 45, 10)",houghCircle,0.21875,47774233.44,38849437.5
"(np.float64(1.0), 290, 180, 45, 10)",houghCircle,0.21875,40817761.35,31445915
"(np.float64(1.0), 290, 190, 45, 10)",houghCircle,0.21875,45808310.66,33768221
"(np.float64(1.0), 290, 200, 45, 10)",houghCircle,0.21875,42743580.6,33018359
"(np.float64(1.0), 290, 210, 45, 10)",houghCircle,0.21875,41706098.08,32311073
"(np.float64(1.0), 290, 220, 45, 10)",houghCircle,0.21875,41755308.62,31397844.5
"(np.float64(1.0), 290, 230, 45, 10)",houghCircle,0.21875,42189633.48,31884963.5
"(np.float64(1.0), 290, 240, 45, 10)",houghCircle,0.21875,40990872.01,31888398.5
"(np.float64(1.0), 290, 250, 45, 10)",houghCircle,0.21875,42550951.28,31439526.5
"(np.float64(1.0), 290, 260, 45, 10)",houghCircle,0.21875,46989836.83,32273310.5
"(np.float64(1.0), 290, 270, 45, 10)",houghCircle,0.21875,43367563.79,31328338.5
"(np.float64(1.0), 290, 280, 45, 10)",houghCircle,0.21875,41830317.41,32291215
"(np.float64(1.0), 290, 290, 45, 10)",houghCircle,0.21875,41610923.82,29976412
"(np.float64(1.5), 100, 150, 45, 5)",houghCircle,0.21875,51729039.92,41006399.5
"(np.float64(1.5), 110, 150, 45, 5)",houghCircle,0.21875,45177934.09,34712361
"(np.float64(1.5), 120, 150, 45, 5)",houghCircle,0.21875,46549610.53,34224937
"(np.float64(1.5), 130, 150, 45, 5)",houghCircle,0.21875,52253032.15,41876948
"(np.float64(1.5), 140, 150, 45, 5)",houghCircle,0.21875,43717123.71,33998172
"(np.float64(1.5), 150, 150, 45, 5)",houghCircle,0.21875,44326325.11,32868352.5
"(np.float64(1.5), 160, 150, 45, 5)",houghCircle,0.21875,43097238.49,34281153
"(np.float64(1.5), 170, 150, 45, 5)",houghCircle,0.21875,45917332.62,34583345
"(np.float64(1.5), 180, 150, 45, 5)",houghCircle,0.21875,41824778.09,33254402.5
"(np.float64(1.5), 190, 150, 45, 5)",houghCircle,0.21875,44725602.18,34470684
"(np.float64(1.5), 200, 290, 45, 5)",houghCircle,0.21875,48779357.06,38356624
"(np.float64(1.5), 210, 170, 45, 5)",houghCircle,0.21875,43653042.71,33504827
"(np.float64(1.5), 210, 180, 45, 5)",houghCircle,0.21875,41546976.3,32587425
"(np.float64(1.5), 210, 190, 45, 5)",houghCircle,0.21875,42352519.77,32619947
"(np.float64(1.5), 210, 200, 45, 5)",houghCircle,0.21875,42070975.14,31872909
"(np.float64(1.5), 210, 210, 45, 5)",houghCircle,0.21875,41293285.09,32293447
"(np.float64(1.5), 210, 220, 45, 5)",houghCircle,0.21875,44210377.03,32675512
"(np.float64(1.5), 210, 230, 45, 5)",houghCircle,0.21875,42623628.67,32412582.5
"(np.float64(1.5), 210, 240, 45, 5)",houghCircle,0.21875,44792683.2,32718938
"(np.float64(1.5), 210, 250, 45, 5)",houghCircle,0.21875,39686274.81,31391783.5
"(np.float64(1.5), 210, 260, 45, 5)",houghCircle,0.21875,40494900.05,31426021.5
"(np.float64(1.5), 210, 270, 45, 5)",houghCircle,0.21875,40686959.46,31372496.5
"(np.float64(1.5), 210, 280, 45, 5)",houghCircle,0.21875,40604034.82,31507328
"(np.float64(1.5), 220, 170, 45, 5)",houghCircle,0.21875,43888972.85,33312170
"(np.float64(1.5), 220, 180, 45, 5)",houghCircle,0.21875,41723083.39,33468143
"(np.float64(1.5), 220, 190, 45, 5)",houghCircle,0.21875,45264770.97,32832525
"(np.float64(1.5), 220, 200, 45, 5)",houghCircle,0.21875,49295043.93,39122239.5
"(np.float64(1.5), 220, 210, 45, 5)",houghCircle,0.21875,43991053.13,32549444.5
"(np.float64(1.5), 220, 220, 45, 5)",houghCircle,0.21875,40346160.02,31745681
"(np.float64(1.5), 220, 230, 45, 5)",houghCircle,0.21875,42465227.13,31613928.5
"(np.float64(1.5), 220, 240, 45, 5)",houghCircle,0.21875,39772753.12,30614709.5
"(np.float64(1.5), 220, 250, 45, 5)",houghCircle,0.21875,41161388.79,31374669
"(np.float64(1.5), 220, 260, 45, 5)",houghCircle,0.21875,40705719.52,31416033
"(np.float64(1.5), 220, 270, 45, 5)",houghCircle,0.21875,41120155.31,31181803
"(np.float64(1.5), 220, 280, 45, 5)",houghCircle,0.21875,41066619.64,31311747
"(np.float64(1.5), 290, 160, 45, 10)",houghCircle,0.21875,41477938,32522236.5
"(np.float64(1.5), 290, 170, 45, 10)",houghCircle,0.21875,53150096.04,42247558.5
"(np.float64(1.5), 290, 180, 45, 10)",houghCircle,0.21875,42769296.49,32543421.5
"(np.float64(1.5), 290, 190, 45, 10)",houghCircle,0.21875,42847554.18,32987993
"(np.float64(1.5), 290, 200, 45, 10)",houghCircle,0.21875,41667547.49,32338098
"(np.float64(1.5), 290, 210, 45, 10)",houghCircle,0.21875,49911050.82,39232802.5
"(np.float64(1.5), 290, 220, 45, 10)",houghCircle,0.21875,39898249.54,31073305
"(np.float64(1.5), 290, 230, 45, 10)",houghCircle,0.21875,40899115.13,31504809.5
"(np.float64(1.5), 290, 240, 45, 10)",houghCircle,0.21875,44378708.58,32438647
"(np.float64(1.5), 290, 250, 45, 10)",houghCircle,0.21875,41590783.23,32087979
"(np.float64(1.5), 290, 260, 45, 10)",houghCircle,0.21875,41358038.63,30261401
"(np.float64(1.5), 290, 270, 45, 10)",houghCircle,0.21875,40857834.18,30942794.5
"(np.float64(1.5), 290, 280, 45, 10)",houghCircle,0.21875,43467410.87,31800179
"(np.float64(1.5), 290, 290, 45, 10)",houghCircle,0.21875,45749342.04,31528884.5
"(np.float64(1.0), 200, 160, 45, 5)",houghCircle,0.216666667,44278471.83,33196989
"(np.float64(1.0), 200, 170, 45, 5)",houghCircle,0.216666667,41987822.14,32332720
"(np.float64(1.0), 200, 180, 45, 5)",houghCircle,0.216666667,42723889.51,32525064
"(np.float64(1.0), 200, 190, 45, 5)",houghCircle,0.216666667,45122610.66,34127384.5
"(np.float64(1.0), 200, 200, 45, 5)",houghCircle,0.216666667,42190105.58,32799101.5
"(np.float64(1.0), 200, 210, 45, 5)",houghCircle,0.216666667,44039251.43,32870732.5
"(np.float64(1.0), 200, 220, 45, 5)",houghCircle,0.216666667,39491281.27,31040704
"(np.float64(1.0), 200, 230, 45, 5)",houghCircle,0.216666667,41809011.79,31074306.5
"(np.float64(1.0), 200, 240, 45, 5)",houghCircle,0.216666667,39562100.47,30869132.5
"(np.float64(1.0), 200, 250, 45, 5)",houghCircle,0.216666667,40065725.32,30816748.5
"(np.float64(1.0), 200, 260, 45, 5)",houghCircle,0.216666667,53171769.95,41291104.5
"(np.float64(1.0), 200, 270, 45, 5)",houghCircle,0.216666667,39974769.36,30673755
"(np.float64(1.0), 200, 280, 45, 5)",houghCircle,0.216666667,41375647.72,31103872.5
"(np.float64(1.0), 210, 160, 45, 5)",houghCircle,0.216666667,42836313.18,34396900.5
"(np.float64(1.0), 220, 160, 45, 5)",houghCircle,0.216666667,41358694.76,32488470
"(np.float64(1.0), 290, 140, 45, 5)",houghCircle,0.216666667,42093633.97,33511549.5
"(np.float64(1.5), 200, 160, 45, 5)",houghCircle,0.216666667,43118540.05,32362753.5
"(np.float64(1.5), 200, 170, 45, 5)",houghCircle,0.216666667,44094200.57,33635402
"(np.float64(1.5), 200, 180, 45, 5)",houghCircle,0.216666667,44268238.8,33691447
"(np.float64(1.5), 200, 190, 45, 5)",houghCircle,0.216666667,43383280.71,33860568.5
"(np.float64(1.5), 200, 200, 45, 5)",houghCircle,0.216666667,52833206.45,41386196.5
"(np.float64(1.5), 200, 210, 45, 5)",houghCircle,0.216666667,44765580.9,32904871
"(np.float64(1.5), 200, 220, 45, 5)",houghCircle,0.216666667,43472369.71,32175407
"(np.float64(1.5), 200, 230, 45, 5)",houghCircle,0.216666667,44361021.81,32623973.5
"(np.float64(1.5), 200, 240, 45, 5)",houghCircle,0.216666667,42480070.52,32256474.5
"(np.float64(1.5), 200, 250, 45, 5)",houghCircle,0.216666667,54916993.96,41419609
"(np.float64(1.5), 200, 260, 45, 5)",houghCircle,0.216666667,49846366.64,39007750
"(np.float64(1.5), 200, 270, 45, 5)",houghCircle,0.216666667,41540840.04,30853522.5
"(np.float64(1.5), 200, 280, 45, 5)",houghCircle,0.216666667,45681239.34,31894430.5
"(np.float64(1.5), 210, 160, 45, 5)",houghCircle,0.216666667,43907322.15,33594078
"(np.float64(1.5), 220, 160, 45, 5)",houghCircle,0.216666667,43390696.84,34581872
"(np.float64(1.5), 290, 140, 45, 5)",houghCircle,0.216666667,43940281.08,35023831.5
"(np.float64(1.0), 100, 290, 45, 5)",houghCircle,0.214583333,40415451.01,32320495
"(np.float64(1.0), 110, 290, 45, 5)",houghCircle,0.214583333,42072165.9,31636355.5
"(np.float64(1.0), 120, 290, 45, 5)",houghCircle,0.214583333,40761120.22,30578692
"(np.float64(1.0), 130, 290, 45, 5)",houghCircle,0.214583333,42996604.87,31735733
"(np.float64(1.0), 140, 290, 45, 5)",houghCircle,0.214583333,41191440.24,30777860.5
"(np.float64(1.0), 150, 290, 45, 5)",houghCircle,0.214583333,41935782.21,31379925.5
"(np.float64(1.0), 160, 290, 45, 5)",houghCircle,0.214583333,41350352.84,30583270.5
"(np.float64(1.0), 170, 290, 45, 5)",houghCircle,0.214583333,41759909.22,30797813.5
"(np.float64(1.0), 180, 290, 45, 5)",houghCircle,0.214583333,41516714.48,31224889.5
"(np.float64(1.0), 190, 290, 45, 5)",houghCircle,0.214583333,43055593.09,31361180.5
"(np.float64(1.5), 100, 290, 45, 5)",houghCircle,0.214583333,43577302.2,31314271.5
"(np.float64(1.5), 110, 290, 45, 5)",houghCircle,0.214583333,39068536.01,31211284.5
"(np.float64(1.5), 120, 290, 45, 5)",houghCircle,0.214583333,40609169.36,31627610
"(np.float64(1.5), 130, 290, 45, 5)",houghCircle,0.214583333,37836548.43,29924203.5
"(np.float64(1.5), 140, 290, 45, 5)",houghCircle,0.214583333,41775896.37,31894651
"(np.float64(1.5), 150, 290, 45, 5)",houghCircle,0.214583333,40671053.94,31284772
"(np.float64(1.5), 160, 290, 45, 5)",houghCircle,0.214583333,40270100.38,31355472.5
"(np.float64(1.5), 170, 290, 45, 5)",houghCircle,0.214583333,43839768.56,32101478.5
"(np.float64(1.5), 180, 290, 45, 5)",houghCircle,0.214583333,35936342.56,30170234.5
"(np.float64(1.5), 190, 290, 45, 5)",houghCircle,0.214583333,42575667.65,31994683.5
"(np.float64(1.0), 100, 160, 45, 5)",houghCircle,0.2125,48631294.96,36825115.5
"(np.float64(1.0), 100, 170, 45, 5)",houghCircle,0.2125,43012407.35,35092966
"(np.float64(1.0), 100, 180, 45, 5)",houghCircle,0.2125,43368656.9,34768722.5
"(np.float64(1.0), 100, 190, 45, 5)",houghCircle,0.2125,45102035.06,35339249
"(np.float64(1.0), 100, 200, 45, 5)",houghCircle,0.2125,43886825.86,33348939
"(np.float64(1.0), 100, 210, 45, 5)",houghCircle,0.2125,46097571.49,33500202.5
"(np.float64(1.0), 100, 220, 45, 5)",houghCircle,0.2125,48529760.5,34080772.5
"(np.float64(1.0), 100, 230, 45, 5)",houghCircle,0.2125,44333148.63,33704346
"(np.float64(1.0), 100, 240, 45, 5)",houghCircle,0.2125,43234463.98,33262908.5
"(np.float64(1.0), 100, 250, 45, 5)",houghCircle,0.2125,43790257.83,33031252
"(np.float64(1.0), 100, 260, 45, 5)",houghCircle,0.2125,44143798.93,33889412
"(np.float64(1.0), 100, 270, 45, 5)",houghCircle,0.2125,42541909.56,31902897.5
"(np.float64(1.0), 100, 280, 45, 5)",houghCircle,0.2125,41703280.45,31792420
"(np.float64(1.0), 110, 160, 45, 5)",houghCircle,0.2125,42385257.01,33014096
"(np.float64(1.0), 110, 170, 45, 5)",houghCircle,0.2125,41504781.42,32529336
"(np.float64(1.0), 110, 180, 45, 5)",houghCircle,0.2125,41373638.14,33216235.5
"(np.float64(1.0), 110, 190, 45, 5)",houghCircle,0.2125,40883082.39,31877219
"(np.float64(1.0), 110, 200, 45, 5)",houghCircle,0.2125,44452533.38,32633437.5
"(np.float64(1.0), 110, 210, 45, 5)",houghCircle,0.2125,44480998.54,32759603
"(np.float64(1.0), 110, 220, 45, 5)",houghCircle,0.2125,41809721.29,31999392.5
"(np.float64(1.0), 110, 230, 45, 5)",houghCircle,0.2125,40879271.3,31979730.5
"(np.float64(1.0), 110, 240, 45, 5)",houghCircle,0.2125,43391871.56,31988498
"(np.float64(1.0), 110, 250, 45, 5)",houghCircle,0.2125,42801028.57,31521896.5
"(np.float64(1.0), 110, 260, 45, 5)",houghCircle,0.2125,41207745.35,31460782.5
"(np.float64(1.0), 110, 270, 45, 5)",houghCircle,0.2125,37843249.22,30472523.5
"(np.float64(1.0), 110, 280, 45, 5)",houghCircle,0.2125,39715223.19,31431778
"(np.float64(1.0), 120, 160, 45, 5)",houghCircle,0.2125,41621723.29,33663359
"(np.float64(1.0), 120, 170, 45, 5)",houghCircle,0.2125,42573087.62,32868078.5
"(np.float64(1.0), 120, 180, 45, 5)",houghCircle,0.2125,45870902.66,33797260
"(np.float64(1.0), 120, 190, 45, 5)",houghCircle,0.2125,41393496.92,32327738.5
"(np.float64(1.0), 120, 200, 45, 5)",houghCircle,0.2125,42097657.68,32180708
"(np.float64(1.0), 120, 210, 45, 5)",houghCircle,0.2125,41599031.96,31612532
"(np.float64(1.0), 120, 220, 45, 5)",houghCircle,0.2125,42617252.97,32201921.5
"(np.float64(1.0), 120, 230, 45, 5)",houghCircle,0.2125,42222557.54,31582745.5
"(np.float64(1.0), 120, 240, 45, 5)",houghCircle,0.2125,39350999.75,30769780
"(np.float64(1.0), 120, 250, 45, 5)",houghCircle,0.2125,40068723.83,31646760.5
"(np.float64(1.0), 120, 260, 45, 5)",houghCircle,0.2125,42323897.63,32132766.5
"(np.float64(1.0), 120, 270, 45, 5)",houghCircle,0.2125,41565212.3,31363834.5
"(np.float64(1.0), 120, 280, 45, 5)",houghCircle,0.2125,38473392.96,31389939
"(np.float64(1.0), 130, 160, 45, 5)",houghCircle,0.2125,45381989.51,33490961
"(np.float64(1.0), 130, 170, 45, 5)",houghCircle,0.2125,44225697.2,33359243.5
"(np.float64(1.0), 130, 180, 45, 5)",houghCircle,0.2125,41670054.53,33169132
"(np.float64(1.0), 130, 190, 45, 5)",houghCircle,0.2125,38876105.71,31974706.5
"(np.float64(1.0), 130, 200, 45, 5)",houghCircle,0.2125,41419202.21,32529291.5
"(np.float64(1.0), 130, 210, 45, 5)",houghCircle,0.2125,43797480.72,32332172.5
"(np.float64(1.0), 130, 220, 45, 5)",houghCircle,0.2125,40475126.31,32091234.5
"(np.float64(1.0), 130, 230, 45, 5)",houghCircle,0.2125,41844907.88,32237404
"(np.float64(1.0), 130, 240, 45, 5)",houghCircle,0.2125,39689428.91,30757907.5
"(np.float64(1.0), 130, 250, 45, 5)",houghCircle,0.2125,41227956.63,30661056.5
"(np.float64(1.0), 130, 260, 45, 5)",houghCircle,0.2125,41967180.69,31936183.5
"(np.float64(1.0), 130, 270, 45, 5)",houghCircle,0.2125,41497224.05,31464543.5
"(np.float64(1.0), 130, 280, 45, 5)",houghCircle,0.2125,50668648.83,39858722
"(np.float64(1.0), 140, 160, 45, 5)",houghCircle,0.2125,45398061.47,34834405
"(np.float64(1.0), 140, 170, 45, 5)",houghCircle,0.2125,42310303.84,33367804
"(np.float64(1.0), 140, 180, 45, 5)",houghCircle,0.2125,43545471.22,32771035
"(np.float64(1.0), 140, 190, 45, 5)",houghCircle,0.2125,42113435.26,32679117
"(np.float64(1.0), 140, 200, 45, 5)",houghCircle,0.2125,42649045.02,32659175
"(np.float64(1.0), 140, 210, 45, 5)",houghCircle,0.2125,49091142.8,39611834
"(np.float64(1.0), 140, 220, 45, 5)",houghCircle,0.2125,40432107.56,31713421
"(np.float64(1.0), 140, 230, 45, 5)",houghCircle,0.2125,41740730.91,32528755.5
"(np.float64(1.0), 140, 240, 45, 5)",houghCircle,0.2125,41259083.07,31301682.5
"(np.float64(1.0), 140, 250, 45, 5)",houghCircle,0.2125,50851022.12,40701687
"(np.float64(1.0), 140, 260, 45, 5)",houghCircle,0.2125,41865686.44,32487132.5
"(np.float64(1.0), 140, 270, 45, 5)",houghCircle,0.2125,42752059.34,31676967.5
"(np.float64(1.0), 140, 280, 45, 5)",houghCircle,0.2125,38810551.34,31262705.5
"(np.float64(1.0), 150, 160, 45, 5)",houghCircle,0.2125,40425748.73,30978207
"(np.float64(1.0), 150, 170, 45, 5)",houghCircle,0.2125,41167455.33,33255935
"(np.float64(1.0), 150, 180, 45, 5)",houghCircle,0.2125,43741992.53,32976019
"(np.float64(1.0), 150, 190, 45, 5)",houghCircle,0.2125,44335478.53,32221303.5
"(np.float64(1.0), 150, 200, 45, 5)",houghCircle,0.2125,43109273.82,33093114.5
"(np.float64(1.0), 150, 210, 45, 5)",houghCircle,0.2125,39955809.33,30576948
"(np.float64(1.0), 150, 220, 45, 5)",houghCircle,0.2125,52474036.39,42042388
"(np.float64(1.0), 150, 230, 45, 5)",houghCircle,0.2125,43127996.72,31881050.5
"(np.float64(1.0), 150, 240, 45, 5)",houghCircle,0.2125,41704501.84,31627755
"(np.float64(1.0), 150, 250, 45, 5)",houghCircle,0.2125,39186857.15,30998529.5
"(np.float64(1.0), 150, 260, 45, 5)",houghCircle,0.2125,48907641.24,38533755.5
"(np.float64(1.0), 150, 270, 45, 5)",houghCircle,0.2125,40684521.45,31334635
"(np.float64(1.0), 150, 280, 45, 5)",houghCircle,0.2125,42446223.43,31838545.5
"(np.float64(1.0), 160, 160, 45, 5)",houghCircle,0.2125,44440737.94,34168296.5
"(np.float64(1.0), 160, 170, 45, 5)",houghCircle,0.2125,44906869.15,33759053.5
"(np.float64(1.0), 160, 180, 45, 5)",houghCircle,0.2125,42585476.03,33740519
"(np.float64(1.0), 160, 190, 45, 5)",houghCircle,0.2125,53335694.91,42740674
"(np.float64(1.0), 160, 200, 45, 5)",houghCircle,0.2125,50554340.11,40768899
"(np.float64(1.0), 160, 210, 45, 5)",houghCircle,0.2125,39110308.77,32525729.5
"(np.float64(1.0), 160, 220, 45, 5)",houghCircle,0.2125,42233645.97,31379730
"(np.float64(1.0), 160, 230, 45, 5)",houghCircle,0.2125,45450004.71,32819986.5
"(np.float64(1.0), 160, 240, 45, 5)",houghCircle,0.2125,43326085.15,32592900.5
"(np.float64(1.0), 160, 250, 45, 5)",houghCircle,0.2125,42038031.68,31411384.5
"(np.float64(1.0), 160, 260, 45, 5)",houghCircle,0.2125,41847417.13,32094806
"(np.float64(1.0), 160, 270, 45, 5)",houghCircle,0.2125,38623329.45,30983753
"(np.float64(1.0), 160, 280, 45, 5)",houghCircle,0.2125,39719400.09,30361515
"(np.float64(1.0), 170, 160, 45, 5)",houghCircle,0.2125,40923888.18,34076368
"(np.float64(1.0), 170, 170, 45, 5)",houghCircle,0.2125,43618485.25,33362780.5
"(np.float64(1.0), 170, 180, 45, 5)",houghCircle,0.2125,55586732.62,42665958.5
"(np.float64(1.0), 170, 190, 45, 5)",houghCircle,0.2125,53319870.44,41658337.5
"(np.float64(1.0), 170, 200, 45, 5)",houghCircle,0.2125,40775934.94,32313275.5
"(np.float64(1.0), 170, 210, 45, 5)",houghCircle,0.2125,56416645.46,42610289
"(np.float64(1.0), 170, 220, 45, 5)",houghCircle,0.2125,42314701.82,33068236.5
"(np.float64(1.0), 170, 230, 45, 5)",houghCircle,0.2125,40040725.19,31453058
"(np.float64(1.0), 170, 240, 45, 5)",houghCircle,0.2125,42569277.42,31876992.5
"(np.float64(1.0), 170, 250, 45, 5)",houghCircle,0.2125,53923893.51,41713286.5
"(np.float64(1.0), 170, 260, 45, 5)",houghCircle,0.2125,50615817.69,41411144
"(np.float64(1.0), 170, 270, 45, 5)",houghCircle,0.2125,46089300.1,35141141
"(np.float64(1.0), 170, 280, 45, 5)",houghCircle,0.2125,40013526.35,30780776.5
"(np.float64(1.0), 180, 160, 45, 5)",houghCircle,0.2125,43111259.94,33938494.5
"(np.float64(1.0), 180, 170, 45, 5)",houghCircle,0.2125,45128968.35,33540273.5
"(np.float64(1.0), 180, 180, 45, 5)",houghCircle,0.2125,41399423.56,31571043.5
"(np.float64(1.0), 180, 190, 45, 5)",houghCircle,0.2125,41087940.7,31574088.5
"(np.float64(1.0), 180, 200, 45, 5)",houghCircle,0.2125,40676676.34,31781949
"(np.float64(1.0), 180, 210, 45, 5)",houghCircle,0.2125,55527148.5,42851677
"(np.float64(1.0), 180, 220, 45, 5)",houghCircle,0.2125,51213500.72,41117452.5
"(np.float64(1.0), 180, 230, 45, 5)",houghCircle,0.2125,43200997.7,32603601.5
"(np.float64(1.0), 180, 240, 45, 5)",houghCircle,0.2125,45664004.48,36034001.5
"(np.float64(1.0), 180, 250, 45, 5)",houghCircle,0.2125,48753792.1,41117673
"(np.float64(1.0), 180, 260, 45, 5)",houghCircle,0.2125,41326952.49,31077508
"(np.float64(1.0), 180, 270, 45, 5)",houghCircle,0.2125,39883970.98,30813642.5
"(np.float64(1.0), 180, 280, 45, 5)",houghCircle,0.2125,37514515.12,29893070.5
"(np.float64(1.0), 190, 160, 45, 5)",houghCircle,0.2125,43676196.06,33653290
"(np.float64(1.0), 190, 170, 45, 5)",houghCircle,0.2125,42829548.72,32883461.5
"(np.float64(1.0), 190, 180, 45, 5)",houghCircle,0.2125,44827215.71,34465545.5
"(np.float64(1.0), 190, 190, 45, 5)",houghCircle,0.2125,42022485.6,32242929.5
"(np.float64(1.0), 190, 200, 45, 5)",houghCircle,0.2125,50439132.89,41559548.5
"(np.float64(1.0), 190, 210, 45, 5)",houghCircle,0.2125,53287626.91,41572201.5
"(np.float64(1.0), 190, 220, 45, 5)",houghCircle,0.2125,48908719.04,38772108
"(np.float64(1.0), 190, 230, 45, 5)",houghCircle,0.2125,55031063.45,42085234
"(np.float64(1.0), 190, 240, 45, 5)",houghCircle,0.2125,52714182.62,41402483
"(np.float64(1.0), 190, 250, 45, 5)",houghCircle,0.2125,48723966.27,37750091
"(np.float64(1.0), 190, 260, 45, 5)",houghCircle,0.2125,52500057.68,41032308.5
"(np.float64(1.0), 190, 270, 45, 5)",houghCircle,0.2125,42836066.24,32020973
"(np.float64(1.0), 190, 280, 45, 5)",houghCircle,0.2125,41446764.65,31122787.5
"(np.float64(1.5), 100, 160, 45, 5)",houghCircle,0.2125,46038951.45,34101831.5
"(np.float64(1.5), 100, 170, 45, 5)",houghCircle,0.2125,45786388.18,33839580
"(np.float64(1.5), 100, 180, 45, 5)",houghCircle,0.2125,42306703.42,32651570.5
"(np.float64(1.5), 100, 190, 45, 5)",houghCircle,0.2125,44284516.8,32767763.5
"(np.float64(1.5), 100, 200, 45, 5)",houghCircle,0.2125,43850973.03,32464710
"(np.float64(1.5), 100, 210, 45, 5)",houghCircle,0.2125,41149540.71,32206265.5
"(np.float64(1.5), 100, 220, 45, 5)",houghCircle,0.2125,41566217.95,32030141
"(np.float64(1.5), 100, 230, 45, 5)",houghCircle,0.2125,44218840.23,32242256.5
"(np.float64(1.5), 100, 240, 45, 5)",houghCircle,0.2125,42903887.62,32002374
"(np.float64(1.5), 100, 250, 45, 5)",houghCircle,0.2125,38752184.33,30428675.5
"(np.float64(1.5), 100, 260, 45, 5)",houghCircle,0.2125,40888482.63,31832023.5
"(np.float64(1.5), 100, 270, 45, 5)",houghCircle,0.2125,46129063.47,32704885.5
"(np.float64(1.5), 100, 280, 45, 5)",houghCircle,0.2125,40531750.09,31140426
"(np.float64(1.5), 110, 160, 45, 5)",houghCircle,0.2125,45502322.49,34515433
"(np.float64(1.5), 110, 170, 45, 5)",houghCircle,0.2125,43342472.51,33379435.5
"(np.float64(1.5), 110, 180, 45, 5)",houghCircle,0.2125,41377680.98,32772703.5
"(np.float64(1.5), 110, 190, 45, 5)",houghCircle,0.2125,45881735.27,33396533.5
"(np.float64(1.5), 110, 200, 45, 5)",houghCircle,0.2125,43274892.24,32752902
"(np.float64(1.5), 110, 210, 45, 5)",houghCircle,0.2125,39746770.89,31766886
"(np.float64(1.5), 110, 220, 45, 5)",houghCircle,0.2125,40961094.18,32243635
"(np.float64(1.5), 110, 230, 45, 5)",houghCircle,0.2125,46060325.28,32955085.5
"(np.float64(1.5), 110, 240, 45, 5)",houghCircle,0.2125,46131294.82,33071814
"(np.float64(1.5), 110, 250, 45, 5)",houghCircle,0.2125,45730497.42,32770329
"(np.float64(1.5), 110, 260, 45, 5)",houghCircle,0.2125,48232036.41,37602985
"(np.float64(1.5), 110, 270, 45, 5)",houghCircle,0.2125,51186950.86,38569262.5
"(np.float64(1.5), 110, 280, 45, 5)",houghCircle,0.2125,42371461.11,31549999.5
"(np.float64(1.5), 120, 160, 45, 5)",houghCircle,0.2125,44487938.12,33782372.5
"(np.float64(1.5), 120, 170, 45, 5)",houghCircle,0.2125,49912178.42,40167245.5
"(np.float64(1.5), 120, 180, 45, 5)",houghCircle,0.2125,42848732.96,33007774.5
"(np.float64(1.5), 120, 190, 45, 5)",houghCircle,0.2125,41657221.39,33507031
"(np.float64(1.5), 120, 200, 45, 5)",houghCircle,0.2125,41534073.56,32073450
"(np.float64(1.5), 120, 210, 45, 5)",houghCircle,0.2125,42953031.01,32774611.5
"(np.float64(1.5), 120, 220, 45, 5)",houghCircle,0.2125,42837382.03,32742372
"(np.float64(1.5), 120, 230, 45, 5)",houghCircle,0.2125,45486784.22,33042564
"(np.float64(1.5), 120, 240, 45, 5)",houghCircle,0.2125,43698450.45,32559813.5
"(np.float64(1.5), 120, 250, 45, 5)",houghCircle,0.2125,43384155.04,31240102.5
"(np.float64(1.5), 120, 260, 45, 5)",houghCircle,0.2125,41366050.05,31021062
"(np.float64(1.5), 120, 270, 45, 5)",houghCircle,0.2125,40073312.84,31289151
"(np.float64(1.5), 120, 280, 45, 5)",houghCircle,0.2125,39207234.54,31111641.5
"(np.float64(1.5), 130, 160, 45, 5)",houghCircle,0.2125,51979142.26,41119743
"(np.float64(1.5), 130, 170, 45, 5)",houghCircle,0.2125,42868715.43,34577679.5
"(np.float64(1.5), 130, 180, 45, 5)",houghCircle,0.2125,40637365.93,32706758.5
"(np.float64(1.5), 130, 190, 45, 5)",houghCircle,0.2125,43728958.25,32573999.5
"(np.float64(1.5), 130, 200, 45, 5)",houghCircle,0.2125,43375778.6,31662435
"(np.float64(1.5), 130, 210, 45, 5)",houghCircle,0.2125,42219372.23,31798400
"(np.float64(1.5), 130, 220, 45, 5)",houghCircle,0.2125,41515147.9,31819188.5
"(np.float64(1.5), 130, 230, 45, 5)",houghCircle,0.2125,44502055.39,32478932.5
"(np.float64(1.5), 130, 240, 45, 5)",houghCircle,0.2125,42318571.73,32102499.5
"(np.float64(1.5), 130, 250, 45, 5)",houghCircle,0.2125,41074519.02,31564491.5
"(np.float64(1.5), 130, 260, 45, 5)",houghCircle,0.2125,39575435.25,31083594.5
"(np.float64(1.5), 130, 270, 45, 5)",houghCircle,0.2125,40705650.66,30762196
"(np.float64(1.5), 130, 280, 45, 5)",houghCircle,0.2125,41518319.64,31272067.5
"(np.float64(1.5), 140, 160, 45, 5)",houghCircle,0.2125,44178559.62,33972358.5
"(np.float64(1.5), 140, 170, 45, 5)",houghCircle,0.2125,44249076.27,33848110.5
"(np.float64(1.5), 140, 180, 45, 5)",houghCircle,0.2125,42875024.82,33012422.5
"(np.float64(1.5), 140, 190, 45, 5)",houghCircle,0.2125,48174734.19,40112578.5
"(np.float64(1.5), 140, 200, 45, 5)",houghCircle,0.2125,46258378.25,33311098.5
"(np.float64(1.5), 140, 210, 45, 5)",houghCircle,0.2125,39634029.97,31876692.5
"(np.float64(1.5), 140, 220, 45, 5)",houghCircle,0.2125,42945044.34,33046742.5
"(np.float64(1.5), 140, 230, 45, 5)",houghCircle,0.2125,49830425.74,39914370.5
"(np.float64(1.5), 140, 240, 45, 5)",houghCircle,0.2125,41644822.43,32026718
"(np.float64(1.5), 140, 250, 45, 5)",houghCircle,0.2125,41652128.36,31661523.5
"(np.float64(1.5), 140, 260, 45, 5)",houghCircle,0.2125,41204788.19,31242938
"(np.float64(1.5), 140, 270, 45, 5)",houghCircle,0.2125,40537962.84,30619813.5
"(np.float64(1.5), 140, 280, 45, 5)",houghCircle,0.2125,43277986.44,32021428.5
"(np.float64(1.5), 150, 160, 45, 5)",houghCircle,0.2125,44837227.93,34391339.5
"(np.float64(1.5), 150, 170, 45, 5)",houghCircle,0.2125,44348769.23,33379787.5
"(np.float64(1.5), 150, 180, 45, 5)",houghCircle,0.2125,40844236.68,32064479.5
"(np.float64(1.5), 150, 190, 45, 5)",houghCircle,0.2125,42767014.21,33034113
"(np.float64(1.5), 150, 200, 45, 5)",houghCircle,0.2125,44312606.27,33192131
"(np.float64(1.5), 150, 210, 45, 5)",houghCircle,0.2125,43214444.15,32294005
"(np.float64(1.5), 150, 220, 45, 5)",houghCircle,0.2125,42469422.5,30902339.5
"(np.float64(1.5), 150, 230, 45, 5)",houghCircle,0.2125,43168748.62,32818559
"(np.float64(1.5), 150, 240, 45, 5)",houghCircle,0.2125,41493567.24,32301955
"(np.float64(1.5), 150, 250, 45, 5)",houghCircle,0.2125,37920209.55,30883478
"(np.float64(1.5), 150, 260, 45, 5)",houghCircle,0.2125,41661185.47,31888128.5
"(np.float64(1.5), 150, 270, 45, 5)",houghCircle,0.2125,38354370.94,30789062
"(np.float64(1.5), 150, 280, 45, 5)",houghCircle,0.2125,41900543.04,31394142.5
"(np.float64(1.5), 160, 160, 45, 5)",houghCircle,0.2125,43975378.49,32610304
"(np.float64(1.5), 160, 170, 45, 5)",houghCircle,0.2125,51212616.75,41516837
"(np.float64(1.5), 160, 180, 45, 5)",houghCircle,0.2125,42764501.46,32702892
"(np.float64(1.5), 160, 190, 45, 5)",houghCircle,0.2125,44283883.98,32545922.5
"(np.float64(1.5), 160, 200, 45, 5)",houghCircle,0.2125,42263546.14,33143232.5
"(np.float64(1.5), 160, 210, 45, 5)",houghCircle,0.2125,52961609.37,40456754
"(np.float64(1.5), 160, 220, 45, 5)",houghCircle,0.2125,49701834,37443465
"(np.float64(1.5), 160, 230, 45, 5)",houghCircle,0.2125,41207106.79,32275289.5
"(np.float64(1.5), 160, 240, 45, 5)",houghCircle,0.2125,42323619.45,32762523.5
"(np.float64(1.5), 160, 250, 45, 5)",houghCircle,0.2125,40028831.63,31107414.5
"(np.float64(1.5), 160, 260, 45, 5)",houghCircle,0.2125,40845061.34,31103176
"(np.float64(1.5), 160, 270, 45, 5)",houghCircle,0.2125,43773052.25,31728870
"(np.float64(1.5), 160, 280, 45, 5)",houghCircle,0.2125,40162710.48,31000017
"(np.float64(1.5), 170, 160, 45, 5)",houghCircle,0.2125,43318383.15,33469498
"(np.float64(1.5), 170, 170, 45, 5)",houghCircle,0.2125,44211546.38,33207509
"(np.float64(1.5), 170, 180, 45, 5)",houghCircle,0.2125,43215867.67,32825896.5
"(np.float64(1.5), 170, 190, 45, 5)",houghCircle,0.2125,45884319.29,33668804.5
"(np.float64(1.5), 170, 200, 45, 5)",houghCircle,0.2125,43272053.07,32310431
"(np.float64(1.5), 170, 210, 45, 5)",houghCircle,0.2125,43953352.43,32260757
"(np.float64(1.5), 170, 220, 45, 5)",houghCircle,0.2125,42722407.8,32180076.5
"(np.float64(1.5), 170, 230, 45, 5)",houghCircle,0.2125,39842204.66,31025961
"(np.float64(1.5), 170, 240, 45, 5)",houghCircle,0.2125,43508176.54,31443199
"(np.float64(1.5), 170, 250, 45, 5)",houghCircle,0.2125,43212196.94,32432729.5
"(np.float64(1.5), 170, 260, 45, 5)",houghCircle,0.2125,38773704.9,31449606
"(np.float64(1.5), 170, 270, 45, 5)",houghCircle,0.2125,39095900.13,31710079
"(np.float64(1.5), 170, 280, 45, 5)",houghCircle,0.2125,50338767.4,38841974
"(np.float64(1.5), 180, 160, 45, 5)",houghCircle,0.2125,40413758.04,33064971.5
"(np.float64(1.5), 180, 170, 45, 5)",houghCircle,0.2125,42412828.81,32967418.5
"(np.float64(1.5), 180, 180, 45, 5)",houghCircle,0.2125,43121899.23,33488375
"(np.float64(1.5), 180, 190, 45, 5)",houghCircle,0.2125,43125460.94,32823147.5
"(np.float64(1.5), 180, 200, 45, 5)",houghCircle,0.2125,43027941.88,33027385.5
"(np.float64(1.5), 180, 210, 45, 5)",houghCircle,0.2125,39691226.94,30984553
"(np.float64(1.5), 180, 220, 45, 5)",houghCircle,0.2125,42989356.68,31896734.5
"(np.float64(1.5), 180, 230, 45, 5)",houghCircle,0.2125,43070613.66,32564517.5
"(np.float64(1.5), 180, 240, 45, 5)",houghCircle,0.2125,42298978.59,32147420
"(np.float64(1.5), 180, 250, 45, 5)",houghCircle,0.2125,40485402.25,32110195
"(np.float64(1.5), 180, 260, 45, 5)",houghCircle,0.2125,42511018.16,31750901
"(np.float64(1.5), 180, 270, 45, 5)",houghCircle,0.2125,43044733.72,31722082.5
"(np.float64(1.5), 180, 280, 45, 5)",houghCircle,0.2125,38735852.17,31319932.5
"(np.float64(1.5), 190, 160, 45, 5)",houghCircle,0.2125,45619403.39,34273814
"(np.float64(1.5), 190, 170, 45, 5)",houghCircle,0.2125,40327321.31,32330548.5
"(np.float64(1.5), 190, 180, 45, 5)",houghCircle,0.2125,44977191.48,33565956
"(np.float64(1.5), 190, 190, 45, 5)",houghCircle,0.2125,42274972.5,32809727
"(np.float64(1.5), 190, 200, 45, 5)",houghCircle,0.2125,42918455.94,32894256
"(np.float64(1.5), 190, 210, 45, 5)",houghCircle,0.2125,43728731.42,33189814.5
"(np.float64(1.5), 190, 220, 45, 5)",houghCircle,0.2125,41537452.61,31733703
"(np.float64(1.5), 190, 230, 45, 5)",houghCircle,0.2125,43020132.19,31792380
"(np.float64(1.5), 190, 240, 45, 5)",houghCircle,0.2125,45194296.8,32697156.5
"(np.float64(1.5), 190, 250, 45, 5)",houghCircle,0.2125,42318881.64,32448807
"(np.float64(1.5), 190, 260, 45, 5)",houghCircle,0.2125,41589253.66,31656794.5
"(np.float64(1.5), 190, 270, 45, 5)",houghCircle,0.2125,41145201.93,30387693
"(np.float64(1.5), 190, 280, 45, 5)",houghCircle,0.2125,42967037.31,32226413
"(np.float64(1.0), 290, 150, 45, 5)",houghCircle,0.210416667,41302120.52,33317801
"(np.float64(1.5), 290, 150, 45, 5)",houghCircle,0.210416667,42975605.98,33583017.5
"(np.float64(1.0), 290, 240, 45, 5)",houghCircle,0.208333333,43318348.99,32072344
"(np.float64(1.0), 290, 250, 45, 5)",houghCircle,0.208333333,44464571.68,32677150
"(np.float64(1.0), 290, 260, 45, 5)",houghCircle,0.208333333,43654170.49,33423699.5
"(np.float64(1.0), 290, 270, 45, 5)",houghCircle,0.208333333,40405285.11,31353665.5
"(np.float64(1.0), 290, 280, 45, 5)",houghCircle,0.208333333,39343873.1,31211183
"(np.float64(1.0), 290, 290, 45, 5)",houghCircle,0.208333333,42125750.24,31175817
"(np.float64(1.5), 290, 240, 45, 5)",houghCircle,0.208333333,41808040.3,32211700.5
"(np.float64(1.5), 290, 250, 45, 5)",houghCircle,0.208333333,54430648.34,40442772.5
"(np.float64(1.5), 290, 260, 45, 5)",houghCircle,0.208333333,51038393.25,40389142
"(np.float64(1.5), 290, 270, 45, 5)",houghCircle,0.208333333,49029781,39700455
"(np.float64(1.5), 290, 280, 45, 5)",houghCircle,0.208333333,41856158.79,32085820
"(np.float64(1.5), 290, 290, 45, 5)",houghCircle,0.208333333,43972953.92,31993191
"(np.float64(1.0), 290, 170, 45, 5)",houghCircle,0.20625,40894282.01,32297552
"(np.float64(1.0), 290, 180, 45, 5)",houghCircle,0.20625,45386534.48,38609758.5
"(np.float64(1.0), 290, 190, 45, 5)",houghCircle,0.20625,43202919.49,32226649
"(np.float64(1.0), 290, 200, 45, 5)",houghCircle,0.20625,44036384.84,33232636
"(np.float64(1.0), 290, 210, 45, 5)",houghCircle,0.20625,40449432.18,31776543.5
"(np.float64(1.0), 290, 220, 45, 5)",houghCircle,0.20625,42902989.76,33084784
"(np.float64(1.0), 290, 230, 45, 5)",houghCircle,0.20625,43484395.95,31889577
"(np.float64(1.5), 290, 170, 45, 5)",houghCircle,0.20625,41518744.05,33001527.5
"(np.float64(1.5), 290, 180, 45, 5)",houghCircle,0.20625,52425370.19,41541313.5
"(np.float64(1.5), 290, 190, 45, 5)",houghCircle,0.20625,50507761.5,40679437.5
"(np.float64(1.5), 290, 200, 45, 5)",houghCircle,0.20625,53186732.38,40922372.5
"(np.float64(1.5), 290, 210, 45, 5)",houghCircle,0.20625,42334633.71,32418272.5
"(np.float64(1.5), 290, 220, 45, 5)",houghCircle,0.20625,52335830.39,40278970
"(np.float64(1.5), 290, 230, 45, 5)",houghCircle,0.20625,45136518.36,32118084.5
"(np.float64(1.0), 290, 160, 45, 5)",houghCircle,0.204166667,41205166.44,33146754.5
"(np.float64(1.5), 290, 160, 45, 5)",houghCircle,0.204166667,44302135.7,33304736