,0,1,2,3,4
images/custom/davids/high/A/custom_davids_high_A_0.jpg,13,False,False,0.16744325193576515,"[0.0, 1.0, 1.0, 1.0, 482.8881858153086, 483.1076484594298, 483.97623908617663, 506.9250437688002, 508.26862976186123, 509.25141138734216, 530.9623338806624, 531.0489619611359, 885.641010793877]"
images/custom/davids/high/A/custom_davids_high_A_1.jpg,14,False,False,0.16069594398140907,"[1.0, 1.0, 1.0, 2.23606797749979, 501.414997781279, 502.19518117958876, 502.5236312851367, 503.16001430956334, 526.4104862177425, 526.5405967254567, 527.683617331446, 550.2726596879041, 551.4390265478133, 906.5208216031224]"
images/custom/davids/high/A/custom_davids_high_A_2.jpg,13,False,False,0.15007185901049525,"[0.0, 1.0, 1.4142135623730951, 1.4142135623730951, 169.29264603047588, 174.0028735394907, 193.08029417835473, 197.101496696499, 217.14741536569116, 220.7306050369998, 241.23847122712414, 244.468811916776, 762.1679604916491]"
images/custom/davids/high/A/custom_davids_high_A_3.jpg,12,False,False,0.16887568403035402,"[1.0, 1.4142135623730951, 2.0, 2.23606797749979, 301.14448359549937, 320.73197533142843, 325.3136947624554, 333.44414824674914, 343.0058308542291, 348.40206658399717, 374.54639232009697, 584.2302628245134]"
images/custom/davids/high/A/custom_davids_high_A_4.jpg,11,False,False,0.15412474691402167,"[1.0, 1.0, 1.4142135623730951, 2.0, 148.33745312630927, 158.5339080449353, 169.85876486069242, 180.06943105369106, 195.86985475054604, 203.03940504246953, 234.17301296263838]"
images/custom/davids/high/B/custom_davids_high_B_0.jpg,14,False,False,0.16646685707382858,"[1.0, 1.0, 1.4142135623730951, 2.23606797749979, 196.16319736382766, 210.23796041628637, 260.44769148525774, 274.5906043549196, 289.56001105124994, 289.836160614924, 291.2387336876742, 305.65994176535463, 307.8830946966722, 321.2864765283469]"
images/custom/davids/high/B/custom_davids_high_B_1.jpg,9,False,False,0.1692960400832817,"[0.0, 1.0, 1.4142135623730951, 2.23606797749979, 221.18318200080222, 237.39418695494632, 244.6630335788388, 264.2820463065927, 267.5761573832766]"
images/custom/davids/high/B/custom_davids_high_B_2.jpg,8,False,False,0.17091610399074852,"[1.0, 1.0, 1.4142135623730951, 2.0, 245.73359558676546, 248.1954874690513, 248.766959220874, 270.142554959414]"
images/custom/davids/high/B/custom_davids_high_B_3.jpg,13,False,False,0.1719828660134226,"[1.0, 1.0, 1.4142135623730951, 1.4142135623730951, 203.00246303924493, 212.08488866489287, 216.23366990364843, 247.52373623553763, 251.60286166894048, 270.8154353060401, 293.4109745732085, 305.9150208799823, 319.17550031291563]"
images/custom/davids/high/B/custom_davids_high_B_4.jpg,4,True,True,0.11695953994058073,"[1.0, 1.0, 2.0, 2.23606797749979]"
images/custom/davids/high/C/custom_davids_high_C_0.jpg,3,False,False,0.13081462599802762,"[0.0, 1.4142135623730951, 2.8284271247461903]"
images/custom/davids/high/C/custom_davids_high_C_1.jpg,3,False,False,0.16036454995628446,"[0.0, 1.0, 1.0]"
images/custom/davids/high/C/custom_davids_high_C_2.jpg,3,False,False,0.16116285102907568,"[0.0, 0.0, 1.0]"
images/custom/davids/high/C/custom_davids_high_C_3.jpg,18,False,False,0.13954916305374354,"[1.0, 1.0, 1.0, 179.10053042914194, 181.89282558693733, 183.30848316430968, 187.98404187589966, 192.50974001333023, 195.8187937865005, 203.08865059377396, 204.1984329028996, 206.6204249342257, 211.0213259365034, 218.87439320304236, 228.69411885748178, 231.23364807051763, 235.25518060183074, 242.33241632105268]"
images/custom/davids/high/C/custom_davids_high_C_4.jpg,3,False,False,0.12140605202876031,"[1.0, 1.4142135623730951, 2.23606797749979]"
images/custom/davids/high/D/custom_davids_high_D_0.jpg,4,True,True,0.13127233507111669,"[1.4142135623730951, 1.4142135623730951, 1.4142135623730951, 2.23606797749979]"
images/custom/davids/high/D/custom_davids_high_D_1.jpg,11,False,False,0.1733273850986734,"[0.0, 1.0, 1.0, 1.4142135623730951, 204.6191584383046, 266.9082239272518, 272.03860020225073, 283.0441661649291, 291.547594742265, 300.2399040767233, 318.0565987367657]"
images/custom/davids/high/D/custom_davids_high_D_2.jpg,12,False,False,0.17761441797483712,"[1.0, 1.4142135623730951, 2.23606797749979, 2.23606797749979, 220.04772209682153, 318.39912060180063, 326.1977927577071, 341.40005858230313, 349.32220084042757, 387.96391584785306, 395.55151371218386, 417.88515168644125]"
images/custom/davids/high/D/custom_davids_high_D_3.jpg,15,False,False,0.16631827899254858,"[0.0, 1.0, 1.0, 1.4142135623730951, 213.13845265460665, 215.19526017085042, 219.78398485785993, 227.75864418282788, 238.2120903732638, 239.8520377232597, 243.87086746883074, 251.46172671005024, 263.1900454044567, 264.76404589747455, 274.11676344215067]"
images/custom/davids/high/D/custom_davids_high_D_4.jpg,4,True,True,0.12387120700441301,"[1.0, 1.0, 2.0, 2.23606797749979]"
images/custom/davids/medium/A/custom_davids_medium_A_0.jpg,4,True,True,0.14591561199631542,"[1.0, 1.0, 1.0, 1.0]"
images/custom/davids/medium/A/custom_davids_medium_A_1.jpg,4,True,True,0.14269373705610633,"[1.0, 2.0, 2.0, 2.23606797749979]"
images/custom/davids/medium/A/custom_davids_medium_A_2.jpg,4,True,True,0.12497529096435755,"[1.4142135623730951, 1.4142135623730951, 2.23606797749979, 2.23606797749979]"
images/custom/davids/medium/A/custom_davids_medium_A_3.jpg,30,False,False,0.16828678001184016,"[1.0, 1.4142135623730951, 2.0, 109.65856099730654, 110.0272693471941, 117.74548823628021, 129.3213052826177, 138.61096637712328, 138.70832707519762, 144.9206679531943, 145.34441853748632, 154.74172029546526, 157.95252451290546, 166.50825805346713, 166.50825805346713, 170.98830369355676, 180.31361568112376, 182.04395073717774, 191.62724232217087, 210.87674124947966, 214.0840956259946, 230.63824487712353, 237.0232056149777, 252.17850820401011, 259.6247291765559, 273.1300056749533, 282.25697511310506, 295.16944286290885, 306.54363474063524, 318.5545479191908]"
images/custom/davids/medium/A/custom_davids_medium_A_4.jpg,4,True,True,0.1352290860377252,"[1.0, 1.0, 1.4142135623730951, 2.23606797749979]"
images/custom/davids/medium/B/custom_davids_medium_B_0.jpg,16,False,False,0.14858718705363572,"[0.0, 0.0, 2.23606797749979, 2.23606797749979, 226.50386310171402, 243.0740627874558, 250.1919263285688, 262.20793275566626, 265.2941763401526, 272.8387802347753, 282.6888749137468, 282.97879779234347, 287.6056327682057, 301.7614952242913, 303.22269044383864, 321.17596423144744]"
images/custom/davids/medium/B/custom_davids_medium_B_1.jpg,16,False,False,0.19018212403170764,"[0.0, 0.0, 1.4142135623730951, 2.23606797749979, 394.689751577109, 405.2419030653173, 418.0011961705373, 420.7291290129553, 431.4220671222092, 431.5599610714599, 442.7572698443245, 445.55807702251343, 455.692879031481, 456.1578674099571, 466.43863476345956, 479.2003756258962]"
images/custom/davids/medium/B/custom_davids_medium_B_2.jpg,16,False,False,0.18116262496914715,"[0.0, 1.0, 1.0, 1.0, 322.0139748520241, 331.1193138432127, 342.1768548572507, 348.6316107297214, 355.6304261448955, 357.0952253951318, 368.0230971012553, 374.0013368960063, 380.60084077679073, 382.5976999408125, 392.1683312048539, 404.02227661355505]"
images/custom/davids/medium/B/custom_davids_medium_B_3.jpg,25,False,False,0.20753223600331694,"[0.0, 1.0, 1.0, 1.0, 212.46176126540982, 218.92921230388603, 228.31995094603536, 235.0914715594762, 235.58013498595335, 239.00209204105306, 239.370006475331, 245.08773939142694, 252.7152547829276, 254.0649523251879, 274.0894014733149, 275.6174885597792, 294.2872746144488, 296.05742686174926, 296.952858211535, 315.03968004046726, 315.21738530734626, 318.2011942152323, 333.94610343586885, 336.02976058676705, 353.8163365363448]"
images/custom/davids/medium/B/custom_davids_medium_B_4.jpg,4,True,True,0.13244409998878837,"[0.0, 1.0, 1.0, 1.0]"
images/custom/davids/medium/C/custom_davids_medium_C_0.jpg,3,False,False,0.16691217198967934,"[1.0, 1.0, 1.4142135623730951]"
images/custom/davids/medium/C/custom_davids_medium_C_1.jpg,15,False,False,0.13706103200092912,"[1.0, 1.4142135623730951, 2.23606797749979, 96.87620966986684, 115.10864433221339, 121.40016474453401, 135.05924625881784, 135.14806694880988, 146.4923206178399, 153.68799562750502, 158.04113388608675, 158.24032355881985, 173.18487231857176, 173.65770930194836, 191.70028690641024]"
images/custom/davids/medium/C/custom_davids_medium_C_2.jpg,2,False,False,0.12567444797605276,"[0.0, 1.4142135623730951]"
images/custom/davids/medium/C/custom_davids_medium_C_3.jpg,3,False,False,0.1317444620653987,"[1.4142135623730951, 2.23606797749979, 2.23606797749979]"
images/custom/davids/medium/C/custom_davids_medium_C_4.jpg,4,True,True,0.12403215991798788,"[1.0, 1.0, 1.4142135623730951, 1.4142135623730951]"
images/custom/davids/medium/D/custom_davids_medium_D_0.jpg,4,True,True,0.13733516493812203,"[1.4142135623730951, 1.4142135623730951, 1.4142135623730951, 2.23606797749979]"
images/custom/davids/medium/D/custom_davids_medium_D_1.jpg,4,True,True,0.13953887298703194,"[1.0, 1.0, 2.23606797749979, 2.23606797749979]"
images/custom/davids/medium/D/custom_davids_medium_D_2.jpg,4,True,True,0.1425897649023682,"[1.0, 1.0, 1.0, 3.0]"
images/custom/davids/medium/D/custom_davids_medium_D_3.jpg,4,True,True,0.1706263810629025,"[1.0, 1.0, 1.0, 2.23606797749979]"
images/custom/davids/medium/D/custom_davids_medium_D_4.jpg,4,True,True,0.12285437295213342,"[0.0, 0.0, 1.0, 1.0]"
images/custom/davids/short/A/custom_davids_short_A_0.jpg,4,True,True,0.11452705808915198,"[1.0, 1.0, 1.4142135623730951, 2.23606797749979]"
images/custom/davids/short/A/custom_davids_short_A_1.jpg,4,True,True,0.11403331893961877,"[1.0, 1.0, 1.4142135623730951, 2.23606797749979]"
images/custom/davids/short/A/custom_davids_short_A_2.jpg,4,True,True,0.12725441600196064,"[1.0, 1.0, 1.0, 3.1622776601683795]"
images/custom/davids/short/A/custom_davids_short_A_3.jpg,4,True,True,0.11716670298483223,"[0.0, 1.0, 1.4142135623730951, 2.0]"
images/custom/davids/short/A/custom_davids_short_A_4.jpg,4,True,True,0.11658393091056496,"[1.0, 1.0, 2.23606797749979, 2.23606797749979]"
images/custom/davids/short/B/custom_davids_short_B_0.jpg,20,False,False,0.16358568402938545,"[1.0, 1.0, 1.4142135623730951, 2.0, 282.44645510255566, 286.6810073932349, 294.00680264238787, 303.3891889965758, 316.36213427020624, 318.7789202566569, 325.22146300636433, 334.4846782739084, 336.1681127055331, 346.3423162133094, 350.8746214818051, 356.6791275081849, 365.08766070630213, 375.9255245391034, 379.68539608470587, 411.4474450036116]"
images/custom/davids/short/B/custom_davids_short_B_1.jpg,3,False,False,0.18288363702595234,"[0.0, 1.0, 1.0]"
images/custom/davids/short/B/custom_davids_short_B_2.jpg,4,True,True,0.1694208310218528,"[1.0, 1.0, 1.0, 2.23606797749979]"
images/custom/davids/short/B/custom_davids_short_B_3.jpg,4,True,True,0.12308143405243754,"[0.0, 1.0, 1.4142135623730951, 2.0]"
images/custom/davids/short/B/custom_davids_short_B_4.jpg,4,True,True,0.12453898403327912,"[0.0, 1.0, 1.0, 2.23606797749979]"
images/custom/davids/short/C/custom_davids_short_C_0.jpg,3,False,False,0.11943192896433175,"[1.0, 1.4142135623730951, 2.0]"
images/custom/davids/short/C/custom_davids_short_C_1.jpg,3,False,False,0.11589759902562946,"[0.0, 0.0, 2.0]"
images/custom/davids/short/C/custom_davids_short_C_2.jpg,17,False,False,0.14494949590880424,"[1.0, 2.0, 3.0, 216.33307652783935, 245.70917768776974, 247.329739416836, 257.8003103178893, 271.7094035914105, 275.48684179103725, 288.1700886629284, 288.334874755032, 300.3747659175118, 301.77143668677456, 315.3696244092002, 329.21877224727024, 329.802971484491, 343.4020966738555]"
images/custom/davids/short/C/custom_davids_short_C_3.jpg,3,False,False,0.15792904200498015,"[1.0, 1.4142135623730951, 2.23606797749979]"
images/custom/davids/short/C/custom_davids_short_C_4.jpg,3,False,False,0.12564234505407512,"[0.0, 1.0, 2.23606797749979]"
images/custom/davids/short/D/custom_davids_short_D_0.jpg,4,True,True,0.12916294997557998,"[0.0, 0.0, 1.0, 1.4142135623730951]"
images/custom/davids/short/D/custom_davids_short_D_1.jpg,4,True,True,0.16388853103853762,"[0.0, 1.0, 1.4142135623730951, 2.23606797749979]"
images/custom/davids/short/D/custom_davids_short_D_2.jpg,4,True,True,0.11928135703783482,"[0.0, 0.0, 1.0, 1.0]"
images/custom/davids/short/D/custom_davids_short_D_3.jpg,25,False,False,0.15479218401014805,"[0.0, 1.0, 1.0, 2.0, 276.3277040037788, 278.3522947633089, 279.21676167450977, 282.3118842698621, 285.5801113523139, 290.423828223512, 299.81661061388843, 311.8236681203016, 312.52519898401795, 318.5545479191908, 326.58536403213174, 337.8579583197649, 338.92329515688357, 351.0056979594491, 359.3007097126305, 365.8742953529258, 368.9173349139343, 381.70800358389135, 389.5600082143956, 391.4945721207383, 398.5774705123209]"
images/custom/davids/short/D/custom_davids_short_D_4.jpg,4,True,True,0.1245714370161295,"[1.0, 1.0, 1.0, 1.4142135623730951]"
images/custom/jack_cole/high/A/custom_jack_cole_high_A_0.jpg,4,True,True,0.05686885805334896,"[0.0, 1.0, 1.4142135623730951, 2.23606797749979]"
images/custom/jack_cole/high/A/custom_jack_cole_high_A_1.jpg,4,True,True,0.06341764004901052,"[0.0, 1.0, 1.0, 2.23606797749979]"
images/custom/jack_cole/high/A/custom_jack_cole_high_A_2.jpg,4,True,True,0.06187202094588429,"[1.4142135623730951, 1.4142135623730951, 2.0, 2.23606797749979]"
images/custom/jack_cole/high/A/custom_jack_cole_high_A_3.jpg,4,True,True,0.0689085100311786,"[1.0, 1.0, 1.0, 1.4142135623730951]"
images/custom/jack_cole/high/A/custom_jack_cole_high_A_4.jpg,4,True,True,0.03531971503980458,"[0.0, 1.0, 2.23606797749979, 2.23606797749979]"
images/custom/jack_cole/high/B/custom_jack_cole_high_B_0.jpg,4,True,True,0.043642200995236635,"[1.0, 1.0, 1.4142135623730951, 1.4142135623730951]"
images/custom/jack_cole/high/B/custom_jack_cole_high_B_1.jpg,5,False,False,0.06702118692919612,"[1.0, 1.4142135623730951, 1.4142135623730951, 1.4142135623730951, 442.23523152277227]"
images/custom/jack_cole/high/B/custom_jack_cole_high_B_2.jpg,5,False,False,0.07595620094798505,"[1.0, 1.4142135623730951, 2.23606797749979, 2.23606797749979, 521.4374363238604]"
images/custom/jack_cole/high/B/custom_jack_cole_high_B_3.jpg,4,True,True,0.07234340801369399,"[0.0, 1.0, 1.4142135623730951, 1.4142135623730951]"
images/custom/jack_cole/high/B/custom_jack_cole_high_B_4.jpg,4,True,True,0.03941915405448526,"[0.0, 1.0, 1.0, 1.0]"
images/custom/jack_cole/high/C/custom_jack_cole_high_C_0.jpg,4,True,False,0.04553989495616406,"[1.4142135623730951, 2.23606797749979, 3.0, 203.22647465327935]"
images/custom/jack_cole/high/C/custom_jack_cole_high_C_1.jpg,3,False,False,0.05137698701582849,"[1.0, 1.0, 1.4142135623730951]"
images/custom/jack_cole/high/C/custom_jack_cole_high_C_2.jpg,3,False,False,0.060945951961912215,"[0.0, 1.0, 2.23606797749979]"
images/custom/jack_cole/high/C/custom_jack_cole_high_C_3.jpg,3,False,False,0.06636619404889643,"[0.0, 1.4142135623730951, 2.23606797749979]"
images/custom/jack_cole/high/C/custom_jack_cole_high_C_4.jpg,3,False,False,0.03782565996516496,"[0.0, 1.0, 1.4142135623730951]"
images/custom/jack_cole/high/D/custom_jack_cole_high_D_0.jpg,4,True,True,0.04285656602587551,"[1.4142135623730951, 2.0, 2.23606797749979, 2.23606797749979]"
images/custom/jack_cole/high/D/custom_jack_cole_high_D_1.jpg,4,True,True,0.05093892605509609,"[1.0, 1.0, 2.0, 2.23606797749979]"
images/custom/jack_cole/high/D/custom_jack_cole_high_D_2.jpg,4,True,True,0.06973605696111917,"[1.0, 1.4142135623730951, 1.4142135623730951, 2.23606797749979]"
images/custom/jack_cole/high/D/custom_jack_cole_high_D_3.jpg,4,True,True,0.05367688089609146,"[1.0, 1.4142135623730951, 1.4142135623730951, 2.23606797749979]"
images/custom/jack_cole/high/D/custom_jack_cole_high_D_4.jpg,4,True,True,0.038622617023065686,"[1.0, 1.0, 1.0, 2.0]"
images/custom/jack_cole/medium/A/custom_jack_cole_medium_A_0.jpg,4,True,True,0.05405683896970004,"[1.0, 1.0, 1.0, 1.4142135623730951]"
images/custom/jack_cole/medium/A/custom_jack_cole_medium_A_1.jpg,4,True,True,0.0570318439276889,"[1.0, 2.23606797749979, 2.23606797749979, 3.0]"
images/custom/jack_cole/medium/A/custom_jack_cole_medium_A_2.jpg,4,True,True,0.05348786397371441,"[1.0, 1.0, 1.0, 2.23606797749979]"
images/custom/jack_cole/medium/A/custom_jack_cole_medium_A_3.jpg,4,True,True,0.057933554984629154,"[0.0, 0.0, 1.4142135623730951, 2.23606797749979]"
images/custom/jack_cole/medium/A/custom_jack_cole_medium_A_4.jpg,4,True,True,0.03685739007778466,"[1.0, 1.4142135623730951, 2.0, 2.23606797749979]"
images/custom/jack_cole/medium/B/custom_jack_cole_medium_B_0.jpg,5,False,False,0.053323504980653524,"[1.0, 1.0, 1.4142135623730951, 1.4142135623730951, 232.44139046219803]"
images/custom/jack_cole/medium/B/custom_jack_cole_medium_B_1.jpg,5,False,False,0.05424531491007656,"[0.0, 1.0, 2.23606797749979, 2.23606797749979, 241.7457341919398]"
images/custom/jack_cole/medium/B/custom_jack_cole_medium_B_2.jpg,4,True,True,0.06771337997633964,"[1.0, 1.0, 2.0, 2.23606797749979]"
images/custom/jack_cole/medium/B/custom_jack_cole_medium_B_3.jpg,4,True,True,0.07241759297903627,"[2.0, 2.23606797749979, 2.23606797749979, 3.0]"
images/custom/jack_cole/medium/B/custom_jack_cole_medium_B_4.jpg,4,True,True,0.03689235798083246,"[1.0, 1.0, 2.23606797749979, 3.1622776601683795]"
images/custom/jack_cole/medium/C/custom_jack_cole_medium_C_0.jpg,3,False,False,0.052616243017837405,"[1.0, 1.4142135623730951, 2.8284271247461903]"
images/custom/jack_cole/medium/C/custom_jack_cole_medium_C_1.jpg,3,False,False,0.054684337112121284,"[0.0, 2.8284271247461903, 3.0]"
images/custom/jack_cole/medium/C/custom_jack_cole_medium_C_2.jpg,3,False,False,0.06818760093301535,"[1.0, 1.0, 2.0]"
images/custom/jack_cole/medium/C/custom_jack_cole_medium_C_3.jpg,4,True,False,0.06663309305440634,"[2.0, 2.23606797749979, 2.23606797749979, 609.3808333054134]"
images/custom/jack_cole/medium/C/custom_jack_cole_medium_C_4.jpg,4,True,True,0.038246857933700085,"[1.4142135623730951, 2.23606797749979, 2.23606797749979, 2.8284271247461903]"
images/custom/jack_cole/medium/D/custom_jack_cole_medium_D_0.jpg,4,True,True,0.06366663402877748,"[2.0, 2.0, 2.23606797749979, 3.0]"
images/custom/jack_cole/medium/D/custom_jack_cole_medium_D_1.jpg,4,True,True,0.0682150840293616,"[1.0, 1.0, 1.4142135623730951, 2.0]"
images/custom/jack_cole/medium/D/custom_jack_cole_medium_D_2.jpg,4,True,True,0.06870878196787089,"[1.0, 1.0, 2.0, 2.0]"
images/custom/jack_cole/medium/D/custom_jack_cole_medium_D_3.jpg,4,True,True,0.07144595601130277,"[1.0, 1.4142135623730951, 1.4142135623730951, 2.23606797749979]"
images/custom/jack_cole/medium/D/custom_jack_cole_medium_D_4.jpg,4,True,True,0.03751488705165684,"[1.0, 1.4142135623730951, 1.4142135623730951, 2.23606797749979]"
images/custom/jack_cole/short/A/custom_jack_cole_short_A_0.jpg,4,True,True,0.0510286110220477,"[1.0, 2.23606797749979, 3.605551275463989, 4.123105625617661]"
images/custom/jack_cole/short/A/custom_jack_cole_short_A_1.jpg,4,True,True,0.0578759319614619,"[2.0, 2.23606797749979, 3.0, 3.0]"
images/custom/jack_cole/short/A/custom_jack_cole_short_A_2.jpg,5,False,False,0.06096618203446269,"[1.0, 1.0, 1.0, 1.4142135623730951, 504.9683158377365]"
images/custom/jack_cole/short/A/custom_jack_cole_short_A_3.jpg,4,True,True,0.07028155599255115,"[1.4142135623730951, 1.4142135623730951, 2.8284271247461903, 3.1622776601683795]"
images/custom/jack_cole/short/A/custom_jack_cole_short_A_4.jpg,4,True,True,0.03571236692368984,"[1.4142135623730951, 2.23606797749979, 2.23606797749979, 3.605551275463989]"
images/custom/jack_cole/short/B/custom_jack_cole_short_B_0.jpg,4,True,True,0.0672762009780854,"[1.0, 1.0, 2.0, 2.23606797749979]"
images/custom/jack_cole/short/B/custom_jack_cole_short_B_1.jpg,4,True,True,0.07175975502468646,"[0.0, 1.0, 1.0, 2.0]"
images/custom/jack_cole/short/B/custom_jack_cole_short_B_2.jpg,4,True,True,0.07046343898400664,"[1.0, 1.0, 1.4142135623730951, 2.0]"
images/custom/jack_cole/short/B/custom_jack_cole_short_B_3.jpg,4,True,True,0.056958591914735734,"[0.0, 1.0, 1.4142135623730951, 2.0]"
images/custom/jack_cole/short/B/custom_jack_cole_short_B_4.jpg,4,True,True,0.031176262069493532,"[0.0, 1.0, 1.4142135623730951, 2.8284271247461903]"
images/custom/jack_cole/short/C/custom_jack_cole_short_C_0.jpg,3,False,False,0.055880689062178135,"[1.0, 1.0, 2.23606797749979]"
images/custom/jack_cole/short/C/custom_jack_cole_short_C_1.jpg,3,False,False,0.05276256601791829,"[1.0, 1.4142135623730951, 3.0]"
images/custom/jack_cole/short/C/custom_jack_cole_short_C_2.jpg,3,False,False,0.06199628103058785,"[1.0, 1.4142135623730951, 2.23606797749979]"
images/custom/jack_cole/short/C/custom_jack_cole_short_C_3.jpg,3,False,False,0.05499578104354441,"[2.0, 2.23606797749979, 3.1622776601683795]"
images/custom/jack_cole/short/C/custom_jack_cole_short_C_4.jpg,3,False,False,0.0305403369711712,"[1.0, 2.8284271247461903, 3.0]"
images/custom/jack_cole/short/D/custom_jack_cole_short_D_0.jpg,4,True,True,0.05193587194662541,"[0.0, 1.4142135623730951, 2.0, 2.23606797749979]"
images/custom/jack_cole/short/D/custom_jack_cole_short_D_1.jpg,4,True,True,0.05228960805106908,"[0.0, 1.4142135623730951, 2.0, 2.23606797749979]"
images/custom/jack_cole/short/D/custom_jack_cole_short_D_2.jpg,4,True,True,0.06547318096272647,"[1.0, 1.0, 1.4142135623730951, 1.4142135623730951]"
images/custom/jack_cole/short/D/custom_jack_cole_short_D_3.jpg,4,True,True,0.06517743598669767,"[0.0, 2.23606797749979, 2.23606797749979, 3.1622776601683795]"
images/custom/jack_cole/short/D/custom_jack_cole_short_D_4.jpg,4,True,True,0.030405957018956542,"[2.0, 2.23606797749979, 2.8284271247461903, 2.8284271247461903]"
images/custom/john_honey/high/A/custom_john_honey_high_A_0.jpg,22,False,False,0.16529359994456172,"[0.0, 0.0, 2.23606797749979, 3.0, 146.696966567138, 158.4960567332828, 164.34719346554112, 176.13914953808538, 180.22485955050706, 181.02486017119307, 186.51005334833832, 189.76301009416983, 198.70832896484234, 199.52944644838766, 204.55317157159897, 216.8340379184043, 217.45114393812693, 239.0585702291386, 247.83260479605988, 255.76551761330143, 265.2413994835648, 273.60007309940545]"
images/custom/john_honey/high/A/custom_john_honey_high_A_1.jpg,22,False,False,0.17288522701710463,"[1.4142135623730951, 1.4142135623730951, 1.4142135623730951, 2.23606797749979, 172.29045243425418, 175.60182231400674, 182.58422713914803, 198.9572818471342, 207.63429389192913, 212.04952251773642, 214.17049283222934, 219.89315587348324, 222.64994947226015, 237.53947040439405, 239.63513932643517, 244.65894629054543, 247.52373623553763, 259.40123361310367, 283.8045101826255, 300.74075214376916, 309.2975913258944, 338.11980125393427]"
images/custom/john_honey/high/A/custom_john_honey_high_A_2.jpg,22,False,False,0.1715474600205198,"[0.0, 1.0, 1.4142135623730951, 1.4142135623730951, 233.25951213187426, 233.34309503390068, 237.6930794112441, 248.62019226120793, 263.86549603917524, 270.55868125048215, 271.42770676554005, 276.7417568781408, 282.0655952079232, 288.2724405835563, 304.11346566701053, 304.2367499169027, 306.7800515027012, 322.051238159396, 344.2455518957362, 354.8534908944817, 367.41393550054687, 393.93527387122873]"
images/custom/john_honey/high/A/custom_john_honey_high_A_3.jpg,24,False,False,0.1639706710120663,"[0.0, 1.0, 2.23606797749979, 2.8284271247461903, 110.72488428533127, 113.29607230614837, 131.24404748406687, 142.68847185389575, 143.69411957348845, 149.60280746028798, 153.3883959105121, 156.31058825300352, 171.1286066091815, 178.04493814764857, 184.0244548966251, 191.48106956041372, 192.62658175859323, 194.67151820438448, 214.72307747422028, 220.51077071199947, 250.28184113115358, 280.0803456153252, 280.40149785619906, 313.12138221462936]"
images/custom/john_honey/high/A/custom_john_honey_high_A_4.jpg,23,False,False,0.15736621001269668,"[0.0, 1.0, 1.4142135623730951, 1.4142135623730951, 281.0871750898643, 283.5912551543154, 284.27099746544667, 290.3687310989253, 291.20439557122074, 302.15393427853957, 315.29351404683223, 317.71842880135233, 318.06445887587, 318.190194694934, 321.45450689016633, 322.02484376209236, 329.874218453034, 330.84739684634064, 334.55193916640206, 340.82400150224163, 342.31710445141357, 356.4393356519451, 356.8094729684177]"
images/custom/john_honey/high/B/custom_john_honey_high_B_0.jpg,21,False,False,0.16019426006823778,"[1.0, 1.0, 2.0, 2.0, 146.27713423498562, 147.49237268414933, 153.07514494521962, 157.17824276915684, 168.32409215557945, 181.22361876973983, 183.99184764548673, 185.53975315279473, 192.92485583770693, 196.65706191235543, 209.02152999152983, 213.62116000059544, 213.84573879317773, 228.60008748904713, 235.47823678633233, 259.0463279029448, 317.50275589355124]"
images/custom/john_honey/high/B/custom_john_honey_high_B_1.jpg,26,False,False,0.17495238000992686,"[0.0, 1.4142135623730951, 1.4142135623730951, 2.0, 141.0319112825179, 158.4455742518547, 181.7470770053813, 182.43903091169938, 199.6922632452244, 207.62466134830902, 210.67985190805504, 218.76928486421488, 221.82200071228283, 240.46829312822095, 247.7458375028731, 256.62813563598206, 272.15436796053814, 276.0163038662753, 304.5734722525913, 306.2025473440742, 306.68713699795103, 337.37960815674677, 365.5680511204446, 367.92662311933884, 370.32553247109496, 388.24734384152583]"
images/custom/john_honey/high/B/custom_john_honey_high_B_2.jpg,21,False,False,0.16747696802485734,"[1.0, 2.0, 2.0, 3.1622776601683795, 270.3035330882673, 276.8176294963888, 283.53483031190365, 305.26709616334347, 309.0453041222274, 326.0552100488505, 327.37745799000885, 327.70260908329675, 334.145178028952, 334.463749904231, 335.70373843613953, 335.8407360639861, 362.1988404178014, 362.7947077894053, 365.301245549478, 366.1174674882366, 366.6619696668854]"
images/custom/john_honey/high/B/custom_john_honey_high_B_3.jpg,21,False,False,0.16956249705981463,"[0.0, 1.4142135623730951, 2.0, 3.0, 163.37074401495514, 166.04818577750254, 169.64079697997178, 182.02472359545007, 199.12307751739877, 201.00995000248122, 201.10196418732463, 204.78281177872327, 209.34660255184463, 216.33538776631067, 222.27235545609355, 232.57256931977167, 235.76683396949622, 240.77582935170216, 253.40284134160768, 277.3157045679166, 285.3944638566067]"
images/custom/john_honey/high/B/custom_john_honey_high_B_4.jpg,19,False,False,0.1396709990222007,"[0.0, 1.0, 1.0, 1.4142135623730951, 166.14752480852673, 168.68906307167634, 170.51099671282202, 179.20379460268134, 195.68597292601225, 200.30227157973022, 202.2992832414391, 202.5487595617411, 207.3957569479183, 210.05237442123808, 219.69296757065302, 222.28135324403618, 235.8156059297179, 238.47222060441337, 256.62813563598206]"
images/custom/john_honey/high/C/custom_john_honey_high_C_0.jpg,16,False,False,0.15375507110729814,"[1.0, 1.4142135623730951, 2.0, 118.01694793545543, 122.80065146407001, 137.20058308913997, 154.30165261590687, 160.0312469488381, 162.5423021862309, 162.92636373527768, 177.67385851610248, 178.73443988218946, 198.71587757398754, 199.12307751739877, 206.0218435020908, 224.20749318432692]"
images/custom/john_honey/high/C/custom_john_honey_high_C_1.jpg,22,False,False,0.15372536308132112,"[1.0, 1.0, 1.4142135623730951, 264.76404589747455, 266.83515510516975, 269.45314991664134, 288.00173610587836, 290.11894112587686, 291.35888522576414, 296.86360504447157, 297.21541009846715, 306.64800667866734, 324.4456811239749, 325.55491088294156, 328.46917663610384, 329.19295253695816, 329.78932669205653, 335.3043393694749, 337.7706322343611, 350.2284968417048, 367.78934187928826, 368.7817782917155]"
images/custom/john_honey/high/C/custom_john_honey_high_C_2.jpg,17,False,False,0.1590029780054465,"[0.0, 0.0, 1.0, 2.0, 111.40017953306898, 115.52056094046635, 126.24579200908045, 143.68368035375485, 144.68241081762497, 149.21461054467824, 151.48927354766738, 155.24174696260025, 188.7882411592417, 205.9732992404598, 213.84573879317773, 242.03305559365234, 272.0073528417936]"
images/custom/john_honey/high/C/custom_john_honey_high_C_3.jpg,18,False,False,0.16759090893901885,"[0.0, 1.0, 1.0, 149.00335566691106, 153.05554547287727, 153.52524222420234, 165.4841382127, 183.43936327844142, 185.77943912069495, 186.07794065928394, 193.28993765843063, 205.29490982486632, 206.51876428063383, 223.27113561766106, 224.71537553091466, 224.95555116511352, 245.246814454337, 247.14570601165622]"
images/custom/john_honey/high/C/custom_john_honey_high_C_4.jpg,24,False,False,0.13548039400484413,"[1.0, 1.4142135623730951, 1.4142135623730951, 186.07794065928394, 186.68690366493306, 191.0863679072895, 195.05896544378575, 209.3895890439637, 220.02045359466015, 222.4454989429995, 224.43930137121706, 227.72132091659753, 229.2705825002414, 234.0939982143925, 242.39636960977776, 248.78102821557758, 261.4670151281037, 266.7002062241422, 271.48664792214, 275.7752708275345, 285.0771825313278, 288.8200131569833, 301.7830346457534, 313.53628179207584]"
images/custom/john_honey/high/D/custom_john_honey_high_D_0.jpg,23,False,False,0.16274979105219245,"[0.0, 1.0, 1.0, 1.4142135623730951, 139.29106216839614, 143.37712509323097, 145.15164484083533, 158.2940302096071, 175.13994404475525, 176.40011337864837, 177.89041570584965, 182.14829123546562, 183.87223825254318, 194.74342094150447, 197.73972792537162, 202.07176942858692, 211.0473880435387, 213.60009363293827, 216.14809737770074, 226.01991062736045, 239.7352706632881, 265.33940529065785, 278.3522947633089]"
images/custom/john_honey/high/D/custom_john_honey_high_D_1.jpg,27,False,False,0.16345642297528684,"[1.0, 1.0, 2.0, 2.23606797749979, 101.1236866416568, 103.74005976477939, 109.9317970379817, 117.88977903109328, 128.80993750483694, 135.83077707206124, 138.6001443000692, 139.38794782907166, 142.44297104455524, 149.30840565755165, 153.52198539622916, 157.54364474646383, 168.07438829280326, 174.14074767268, 175.41379649275024, 178.2806775845324, 185.22418848519757, 191.84629264074925, 201.37527157027003, 203.19940944796076, 218.3437656540713, 222.31958978011812, 246.56439321199645]"
images/custom/john_honey/high/D/custom_john_honey_high_D_2.jpg,23,False,False,0.16847713000606745,"[0.0, 1.0, 2.0, 2.23606797749979, 139.12943613772032, 140.24621207005913, 151.16877984557524, 167.80047675736802, 173.4877517290486, 176.50495743746123, 178.84350701101786, 185.62596801094398, 190.06577808748213, 190.24457942343588, 201.76471445721128, 207.03864373589778, 211.0213259365034, 216.40009242142204, 228.52789764052878, 233.20591759215716, 253.15805339747737, 272.5013761433142, 280.04463929880893]"
images/custom/john_honey/high/D/custom_john_honey_high_D_3.jpg,25,False,False,0.16085915104486048,"[0.0, 1.0, 1.4142135623730951, 2.23606797749979, 96.51942809610924, 101.39033484509261, 104.21612159354233, 116.81181447096864, 122.57650672131263, 132.1854757528224, 133.19534526401438, 139.47401191619892, 144.4506836259351, 147.4347313220328, 155.9134375222354, 161.64467204334326, 168.58232410309213, 178.22738285684386, 185.39687160251654, 187.17104476921637, 203.82345301755635, 206.4654934849889, 211.69081227110448, 228.40534144367115, 232.80034364235806]"
images/custom/john_honey/high/D/custom_john_honey_high_D_4.jpg,23,False,False,0.1586219579912722,"[1.0, 1.0, 2.0, 2.23606797749979, 161.15210206509875, 162.60688792299052, 170.84788555905513, 185.84133017173548, 195.4328529188478, 198.33809518093088, 200.09247861926244, 206.11889772653063, 207.56203891848818, 209.57099035887578, 221.41589825484527, 224.72205054244233, 229.53866776645717, 245.0652974209119, 252.23005372080465, 256.2225595063791, 267.30132809247317, 288.47530223573733, 336.02976058676705]"
images/custom/john_honey/medium/A/custom_john_honey_medium_A_0.jpg,29,False,False,0.16012867295648903,"[0.0, 1.0, 1.0, 1.0, 181.41664752717708, 183.35757415498276, 188.09572031282372, 192.87560758167425, 202.38824076511955, 222.94618184665106, 222.9910312097776, 225.06221362103412, 227.9758759167294, 233.54871012274933, 234.00213674238105, 239.57671005337727, 249.07227866625382, 256.8988127648705, 265.41476974727686, 267.9346935355703, 269.2452413692766, 279.69268849936, 290.4961273407961, 293.0801938036755, 304.8885042109656, 309.5109044928789, 311.1735849971845, 332.46954747766, 333.7139493638227]"
images/custom/john_honey/medium/A/custom_john_honey_medium_A_1.jpg,27,False,False,0.16172005294356495,"[0.0, 1.0, 1.0, 2.23606797749979, 195.57607215607945, 197.44872752185566, 201.71762441591463, 207.0869382650678, 215.18828964420902, 223.37636401374252, 234.72963170422264, 238.20999139414786, 243.18717071424635, 245.12241839538055, 248.50955716028307, 253.38705570727168, 261.87401551127596, 270.05369836386245, 281.15476165272395, 281.6895454219059, 287.020905161976, 290.9467305195231, 298.40241285887754, 313.4405844813336, 314.00636936215164, 334.43235489408016, 360.2721193764513]"
images/custom/john_honey/medium/A/custom_john_honey_medium_A_2.jpg,29,False,False,0.16368180105928332,"[0.0, 0.0, 1.0, 1.4142135623730951, 128.03515142334936, 130.60245020672468, 144.30869689661813, 166.50825805346713, 167.28717822953436, 168.62087652482418, 175.04570831642803, 177.88198334851114, 191.65855055279948, 198.03282556182447, 208.92582415776178, 214.85343841791317, 216.453228204155, 219.0091322296858, 228.12715752404404, 229.95651762887695, 234.43762496664223, 241.75400720567177, 264.4617174564213, 271.3300573102803, 303.9605237526742, 308.22881111278355, 338.1419820134731, 338.6812660895196, 370.7573330360439]"
images/custom/john_honey/medium/A/custom_john_honey_medium_A_3.jpg,23,False,False,0.16417076904326677,"[1.0, 1.0, 1.4142135623730951, 1.4142135623730951, 137.2953021774598, 141.40014144264495, 152.7776161615307, 175.30829986055994, 176.58992043715293, 178.0, 184.0108692441835, 199.46177578674065, 203.22647465327935, 221.10857061633772, 228.0350850198276, 233.82472067769052, 242.33035303073365, 242.39636960977776, 246.86838598735156, 266.8501452126268, 276.26798583983634, 307.23443817384793, 340.7359681630338]"
images/custom/john_honey/medium/A/custom_john_honey_medium_A_4.jpg,24,False,False,0.15161453397013247,"[1.0, 1.0, 1.4142135623730951, 1.4142135623730951, 130.09611831257686, 133.4053971921676, 146.75830470538966, 169.95587662684687, 170.48753620133056, 180.6931099959265, 193.3959668659096, 198.58751219550538, 213.59073013593076, 215.96759016111653, 230.21728866442677, 236.07837681583632, 242.53865671269807, 264.4919658515169, 271.8308297452664, 304.2367499169027, 338.2366035780279, 371.0862433451286, 372.90749523172633, 658.9210878398111]"
images/custom/john_honey/medium/B/custom_john_honey_medium_B_0.jpg,28,False,False,0.1561805090168491,"[1.0, 1.0, 1.0, 1.4142135623730951, 180.94197965093673, 181.2181006411887, 189.25115587493778, 190.04210059878838, 205.10485123467947, 206.32013958894075, 222.40728405337808, 225.85393509965684, 226.497240601293, 227.50164834567684, 228.11619846034608, 235.80076335754302, 237.30360300678117, 251.7339865810733, 252.79438284898657, 265.5899094468764, 266.5520587052368, 273.40263349134, 274.16965550549173, 295.9189078109069, 299.34762400927787, 326.8088126106761, 339.45839214843403, 583.4397998080008]"
images/custom/john_honey/medium/B/custom_john_honey_medium_B_1.jpg,24,False,False,0.16976948804222047,"[1.0, 1.0, 2.23606797749979, 2.23606797749979, 305.4995908344232, 305.60104711862493, 341.11874765248535, 368.4901626909462, 370.1297069947237, 372.1142297736006, 374.09223461601016, 377.58442764499705, 383.15793088490284, 395.9217094325594, 411.0048661512416, 412.24871133819204, 413.6145548696274, 420.0059523387734, 429.01048938225273, 442.35393069351153, 442.3867086610989, 453.8777368411013, 458.68616722111864, 502.04581464244876]"
images/custom/john_honey/medium/B/custom_john_honey_medium_B_2.jpg,25,False,False,0.14757250796537846,"[0.0, 1.4142135623730951, 2.23606797749979, 2.23606797749979, 303.4419219554213, 304.809776746088, 306.7784216661922, 314.1926160812822, 324.69370181757455, 327.11618730964693, 344.19325966671687, 345.418586645247, 346.13581149600805, 349.72131762304684, 351.4000569151917, 358.10194079340033, 361.01246515875323, 364.1387098345904, 371.22769293251815, 373.64287762514624, 387.713811979919, 390.69169430639295, 410.9939172299269, 417.306841544684, 433.84905209070126]"
images/custom/john_honey/medium/B/custom_john_honey_medium_B_3.jpg,24,False,False,0.14809969207271934,"[0.0, 1.0, 2.0, 2.8284271247461903, 221.37072977247917, 222.89459392277777, 242.44174558025273, 250.7369139157615, 266.9475603934226, 282.68179990936807, 294.5929394944828, 316.4253466459348, 323.9567872417554, 351.4498541755282, 357.49405589464004, 361.0664758739033, 387.40805360756247, 391.0626548265636, 424.062495394252, 459.795606764571, 460.4562954287844, 489.71828636472213, 495.9516105428029, 532.634959423431]"
images/custom/john_honey/medium/B/custom_john_honey_medium_B_4.jpg,26,False,False,0.15385299001354724,"[1.0, 1.0, 1.4142135623730951, 2.23606797749979, 221.37072977247917, 222.89459392277777, 242.72000329597887, 266.9475603934226, 283.30195904723286, 294.5929394944828, 317.0993535155819, 325.3459696999488, 352.1647341799005, 357.49405589464004, 361.56603822815, 388.1546083714581, 391.0626548265636, 391.9004975755964, 424.062495394252, 425.7158676864183, 460.5225293077419, 461.24722221385787, 496.70212401398084, 525.3808142671371, 532.634959423431, 561.0142600683159]"
images/custom/john_honey/medium/C/custom_john_honey_medium_C_0.jpg,25,False,False,0.15896390192210674,"[1.0, 1.4142135623730951, 1.4142135623730951, 197.34234213670416, 201.44478151592807, 202.20039564748632, 212.52999788265186, 213.0539837693724, 230.18470844085192, 230.38446128157167, 240.85265205099984, 240.9024698918631, 246.45689278249046, 247.45504642257754, 253.50542400508908, 259.02316498722655, 260.0192300580863, 277.5463925184401, 277.5626055505316, 286.6810073932349, 296.56196654325043, 299.6865028659115, 303.65934861288235, 310.77483810630486, 373.20905669610966]"
images/custom/john_honey/medium/C/custom_john_honey_medium_C_1.jpg,25,False,False,0.15864362998399884,"[1.0, 1.4142135623730951, 1.4142135623730951, 195.43796969882797, 199.69977466186586, 200.21238722916223, 211.51832071950648, 211.53250341259616, 228.23890991677996, 229.0785891348207, 238.9518780005715, 239.00209204105306, 244.7549795203358, 245.45875417267155, 252.41434190631878, 258.02713035648014, 275.61023203067043, 276.21006498677775, 281.1778796420515, 284.47847018711275, 298.52973051272465, 301.66372005927394, 309.2975913258944, 340.4115156689033, 371.24789561693143]"
images/custom/john_honey/medium/C/custom_john_honey_medium_C_2.jpg,22,False,False,0.17210045305546373,"[1.0, 1.4142135623730951, 2.0, 124.65151423067431, 129.0968628588627, 145.7840869230932, 168.12197952677099, 169.57889019568444, 198.58751219550538, 215.60380330597138, 221.00226243185838, 231.62469643800938, 235.9194777885031, 242.53865671269807, 256.51705596314645, 265.2112365643658, 272.6554602424092, 300.1466308323317, 305.0131144721486, 336.60956611480907, 338.2927726097618, 405.4528332617741]"
images/custom/john_honey/medium/C/custom_john_honey_medium_C_3.jpg,20,False,False,0.16135185793973505,"[0.0, 1.4142135623730951, 2.23606797749979, 163.11039206623224, 182.96447742663054, 194.4453650771856, 207.57649192526594, 208.153789300123, 224.96444163467257, 228.44911906155383, 264.76404589747455, 268.6428856307198, 300.1466308323317, 335.20292361493506, 346.5544690232691, 375.8683280086259, 377.76447689003265, 414.1074739726391, 443.4433447465414, 483.84501650838564]"
images/custom/john_honey/medium/C/custom_john_honey_medium_C_4.jpg,24,False,False,0.15097897103987634,"[1.0, 1.0, 1.0, 143.05593311708537, 158.90248582070703, 181.60396471443016, 182.7785545407338, 190.01052602421794, 206.11889772653063, 211.80415482232638, 223.0807028857494, 225.39964507514205, 234.00213674238105, 243.21389762922678, 255.37815098398687, 269.92035862453946, 277.5463925184401, 285.70089254323307, 311.8541325684173, 317.4161306550126, 347.8807266866045, 350.13711599886125, 385.42573863197043, 420.1737735746961]"
images/custom/john_honey/medium/D/custom_john_honey_medium_D_0.jpg,31,False,False,0.1497652049874887,"[0.0, 1.0, 1.4142135623730951, 2.23606797749979, 247.95160818191923, 250.08198655640913, 251.47763320025103, 258.0949437706985, 262.0019083899963, 277.18585822512665, 289.8706608127149, 290.84875794818174, 294.462221685567, 296.2735222729159, 296.3545174280291, 305.0, 307.8473647767673, 316.79646462673793, 319.15200140371985, 322.8327740487325, 323.154761685481, 327.365239449762, 336.3287082602376, 338.3725757209056, 343.14574163174456, 345.30131769224397, 349.0057306119772, 357.76249104678374, 358.50383540486706, 362.7905731961623, 375.50632484686594]"
images/custom/john_honey/medium/D/custom_john_honey_medium_D_1.jpg,29,False,False,0.16300391510594636,"[0.0, 1.0, 1.4142135623730951, 1.4142135623730951, 150.86417732516887, 153.18289721767243, 158.00316452527144, 166.24379687675568, 173.9798838946618, 186.46179233290664, 192.77188591700815, 194.48650338776724, 198.33809518093088, 204.08821622033938, 211.53250341259616, 212.24985276791125, 221.41589825484527, 231.63117234085743, 237.95167576632025, 242.6375898330677, 242.90327292978165, 248.0020161208372, 248.03225596683993, 257.26251184344756, 263.751777245197, 284.4802277839358, 285.5240795449659, 308.8899480397509, 336.7565886512096]"
images/custom/john_honey/medium/D/custom_john_honey_medium_D_2.jpg,27,False,False,0.1619016849435866,"[0.0, 1.4142135623730951, 1.4142135623730951, 1.4142135623730951, 141.05672617780408, 164.1584600317632, 172.23530416264836, 187.2591786802452, 193.27959023135372, 208.58571379651102, 209.65924735150605, 216.453228204155, 226.2056586383285, 230.25420734483876, 236.13555429032706, 259.8557292037257, 266.9082239272518, 290.27056344038743, 292.76953393411685, 299.4010688023675, 299.4077487307234, 303.22269044383864, 332.75817044814994, 336.57391461609143, 345.83377510011945, 358.235955761004, 389.9358921669048]"
images/custom/john_honey/medium/D/custom_john_honey_medium_D_3.jpg,25,False,False,0.16532690403982997,"[0.0, 1.0, 1.4142135623730951, 2.23606797749979, 236.23928547132036, 237.49105246303492, 241.54916683772686, 246.0081299469593, 252.01785651020842, 260.2152954766495, 278.1726082848561, 278.8207309365643, 279.89283663573815, 281.81021982887705, 286.4716390849188, 299.1070042643602, 302.3524433504714, 315.22848856028224, 322.4422428901027, 325.1538097577822, 330.32408328791286, 348.3733629312092, 357.89663312191135, 378.1071276768001, 400.7804885470349]"
images/custom/john_honey/medium/D/custom_john_honey_medium_D_4.jpg,23,False,False,0.14439682301599532,"[1.0, 1.4142135623730951, 2.23606797749979, 2.23606797749979, 187.40864441108366, 188.2153022471871, 197.0913493789111, 213.2650932525058, 229.31419493786248, 233.3109513074772, 234.38643305447522, 243.00205760445732, 259.50915205441214, 260.5379051117131, 272.32517327636094, 274.17147918775214, 280.9216972752372, 289.74644087546613, 302.6962173533062, 305.85290582239037, 333.17412864746865, 363.23546082396746, 394.14971774694953]"
images/custom/john_honey/short/A/custom_john_honey_short_A_0.jpg,24,False,False,0.1656584779266268,"[0.0, 1.0, 1.4142135623730951, 2.0, 262.36615635405417, 262.6670896781704, 270.4163456597992, 270.7397274136177, 283.8045101826255, 285.84786163272236, 306.13885738337757, 309.2733418838423, 312.6227758817326, 314.03343771006297, 324.2606975876047, 337.5574025258519, 339.3287491504367, 358.91224554199874, 359.94027282314494, 360.46913876225244, 386.50485119853283, 389.9358921669048, 396.7177838211945, 433.9700450491946]"
images/custom/john_honey/short/A/custom_john_honey_short_A_1.jpg,27,False,False,0.1633949528913945,"[1.4142135623730951, 2.0, 2.0, 2.23606797749979, 332.03915431767985, 345.71953951143695, 361.00554012369395, 369.82157860243905, 379.8697145074874, 389.0115679513914, 389.89357522277794, 390.7083311115851, 393.02926099719343, 395.47945585074325, 407.0012284993744, 409.1869988159448, 436.3312961500699, 437.7864776349311, 439.61460394304464, 444.08332551448046, 446.6855717392269, 454.63391866423694, 487.2832851637741, 491.6787569134953, 492.8823389004723, 493.98481758045966, 504.67018933160693]"
images/custom/john_honey/short/A/custom_john_honey_short_A_2.jpg,27,False,False,0.16778784105554223,"[1.0, 1.0, 1.4142135623730951, 2.0, 181.91481522954638, 182.0604295282201, 192.00260414900626, 193.4140636044856, 211.62466774929618, 214.80456233516085, 227.771815640127, 232.64780248263682, 245.13057744802055, 246.47920804806233, 264.95471311150516, 267.37239947309445, 278.61442891566116, 282.5668062600418, 290.6217472936256, 293.9557789872484, 295.0423698386386, 304.08551428833306, 313.69411852950003, 321.6364407215078, 325.9355764564525, 354.039545813741, 366.3836786757838]"
images/custom/john_honey/short/A/custom_john_honey_short_A_3.jpg,27,False,False,0.17130476899910718,"[1.0, 1.4142135623730951, 2.0, 2.0, 142.67795905464865, 149.164338901763, 151.02979838429235, 168.88161534045085, 192.3018460649819, 192.85486771144772, 197.48924021323288, 203.0, 203.83571816538927, 222.20036003571192, 223.1815404552984, 230.8679276123039, 239.92707225321615, 246.5866987491418, 249.30302846134862, 253.03161857759991, 262.497619036821, 267.8544380815819, 271.8124353299532, 280.43180989324304, 307.14817271147814, 352.23003846918, 391.90432505906335]"
images/custom/john_honey/short/A/custom_john_honey_short_A_4.jpg,28,False,False,0.16308046295307577,"[0.0, 1.4142135623730951, 2.23606797749979, 2.23606797749979, 172.75416058665562, 178.80995498014084, 179.49373248110922, 194.61243536834948, 221.75887806353998, 221.84679398179276, 222.40728405337808, 231.21634890292685, 231.40008643040736, 248.20354550247666, 248.3646512690564, 253.03161857759991, 269.2582403567252, 271.84002648616706, 272.03860020225073, 273.48126078398866, 275.0890764825096, 281.3485382936972, 301.08636634693374, 302.79035651750866, 307.4345458792814, 332.8618331981004, 346.96541614403014, 362.49137920783716]"
images/custom/john_honey/short/B/custom_john_honey_short_B_0.jpg,30,False,False,0.17548097600229084,"[1.0, 1.0, 2.0, 2.23606797749979, 262.9239433752658, 263.8560213449752, 268.9107658685312, 273.4264069178396, 283.21370023358685, 289.917229567337, 302.8530997034701, 310.517310306527, 312.488399784696, 315.67388235329196, 321.97204847626136, 326.01380338875225, 327.6858251435359, 336.48179742743883, 342.95334959728854, 356.2611401766968, 356.384623686264, 361.809342057388, 363.0110191165001, 370.00540536592166, 380.48915884687176, 383.98567681620625, 406.1625290447163, 407.191601092164, 428.08527187933015, 454.4282121523707]"
images/custom/john_honey/short/B/custom_john_honey_short_B_1.jpg,24,False,False,0.17689837701618671,"[0.0, 2.0, 2.23606797749979, 3.0, 238.30442715149042, 266.4432397340942, 285.5748588373984, 287.1167010119753, 290.93126335957777, 296.66479400158016, 319.23189063751136, 320.89406351629503, 334.970147923662, 341.6460156360674, 343.92586410446074, 350.70785562915466, 353.02266216207704, 370.06080581439585, 371.14013525890726, 385.0986886500654, 401.6876896296425, 418.1219917679528, 432.80711639251035, 446.23984582284896]"
images/custom/john_honey/short/B/custom_john_honey_short_B_2.jpg,23,False,False,0.16938261699397117,"[1.0, 1.0, 1.4142135623730951, 1.4142135623730951, 325.39975414864716, 330.71135450721977, 360.2846097184835, 363.2698721336522, 365.0342449688796, 403.18978161654843, 446.68669109343296, 478.65749759091835, 481.3584942638906, 486.2766702197423, 487.3817805375987, 492.66723049133276, 504.2866248474175, 528.4439421547, 544.4887510316444, 558.0725759253899, 573.9494751282555, 595.638313072623, 608.1389643823195]"
images/custom/john_honey/short/B/custom_john_honey_short_B_3.jpg,27,False,False,0.18589846894610673,"[1.0, 1.0, 1.0, 2.0, 168.6801707374047, 172.3629890666787, 182.17573932881405, 186.6815470259447, 195.72429588581997, 210.24033866030564, 216.5386801474508, 222.28360263411244, 223.00672635595546, 239.00209204105306, 240.75090861718465, 249.28096598015662, 262.8402556687236, 268.4660127464927, 275.7571395267945, 280.49242414011826, 291.30224853234483, 297.83384629689084, 299.1070042643602, 321.43584118763107, 322.6716597409819, 350.59520818174343, 350.6479716182599]"
images/custom/john_honey/short/B/custom_john_honey_short_B_4.jpg,21,False,False,0.16230207204353064,"[1.0, 1.0, 1.0, 1.4142135623730951, 170.20575783445165, 173.4156855650607, 178.10109488714548, 188.80942773071476, 212.46176126540982, 218.23381956058049, 220.04544985070697, 241.12444919584576, 242.98559628093184, 265.04716561397146, 266.31184727683444, 277.65446151646836, 293.0614270080592, 298.82603634890984, 305.9885618777277, 323.10988842807024, 323.6417772785213]"
images/custom/john_honey/short/C/custom_john_honey_short_C_0.jpg,18,False,False,0.17017132905311882,"[1.4142135623730951, 1.4142135623730951, 2.0, 168.6001186239203, 182.33211456021672, 200.80089641234176, 204.26698215815497, 219.69296757065302, 221.41589825484527, 233.02574965011914, 235.68835355188853, 242.98559628093184, 253.9389690457138, 274.69437562498433, 306.3494736408078, 316.6654385941099, 351.1936787586018, 393.30013984233466]"
images/custom/john_honey/short/C/custom_john_honey_short_C_1.jpg,25,False,False,0.17107123497407883,"[0.0, 1.0, 2.23606797749979, 182.84966502567076, 191.26160095534075, 208.62646045025065, 232.54461937443318, 233.77339455121918, 234.64867355261143, 261.9198350640898, 265.1980392084376, 280.5726287434325, 283.8045101826255, 285.1701246624548, 287.2525021649072, 299.5797055876783, 316.1898164078027, 334.463749904231, 346.2036972650639, 372.4258315423354, 383.3027524033711, 399.4608866960569, 421.2030389254095, 425.3292842022519, 459.7934318800128]"
images/custom/john_honey/short/C/custom_john_honey_short_C_2.jpg,24,False,False,0.16861263301689178,"[1.0, 1.4142135623730951, 2.23606797749979, 315.9952531289038, 320.9189928938454, 324.7799254880141, 332.0963715550051, 338.85099970340946, 366.824208579532, 372.13438432910226, 372.4902683292545, 381.4302033137911, 391.0319680026174, 391.1521443121589, 403.1935019317648, 406.5095324835569, 409.7377209874629, 414.2475105537751, 414.66371917494786, 415.07710127155894, 420.0059523387734, 435.01034470458285, 448.7059170548122, 449.3072445443096]"
images/custom/john_honey/short/C/custom_john_honey_short_C_3.jpg,23,False,False,0.1745628829812631,"[1.0, 1.4142135623730951, 2.0, 159.13830462839547, 172.9392957080605, 210.95023109728987, 227.27076362788065, 227.63567382991621, 250.13996082193665, 254.26167623139747, 262.1011255221923, 262.37377917772193, 276.65321252427196, 312.5699921617557, 341.0131962256006, 381.209915925596, 385.12984823303424, 423.0425510513097, 423.7924020083418, 424.27938908224144, 473.08033144488263, 505.75982442262057, 540.7032457827491]"
images/custom/john_honey/short/C/custom_john_honey_short_C_4.jpg,27,False,False,0.1535257250070572,"[0.0, 1.4142135623730951, 1.4142135623730951, 372.5184559186296, 373.48360071092816, 375.5649078388448, 381.18237105091833, 385.33102652135346, 394.65554601449605, 399.1252936109161, 417.3787249010184, 420.60194959129706, 424.062495394252, 427.4435635262274, 433.7787454451866, 437.71451883619306, 439.610054480104, 452.31957729021633, 470.83861353971383, 477.45994596405677, 478.99582461645736, 487.8626855991345, 490.02550954006466, 492.8823389004723, 520.1326753819644, 541.3169127230369, 566.35059812805]"
images/custom/john_honey/short/D/custom_john_honey_short_D_0.jpg,24,False,False,0.16879816201981157,"[0.0, 1.4142135623730951, 1.4142135623730951, 2.23606797749979, 253.57050301641948, 259.40894356209077, 273.4684625327023, 300.3281538584087, 302.7358584641073, 304.50779957170226, 311.64242329952447, 315.83065082414026, 320.6555784638714, 327.67361810191557, 347.71396290629457, 350.4083332342426, 351.52809276073515, 359.4495792180038, 373.2693397534815, 377.4784762075846, 401.8556954927975, 433.35205087780537, 447.532121752171, 467.5232614533741]"
images/custom/john_honey/short/D/custom_john_honey_short_D_1.jpg,23,False,False,0.18382622604258358,"[1.0, 1.0, 1.4142135623730951, 1.4142135623730951, 260.62233212063774, 298.60509037858014, 308.084404019418, 313.99681527047375, 335.9538658804211, 339.4775397577872, 339.6733725213091, 349.7570585420686, 361.46507438478756, 364.5490364820623, 383.6469731406726, 409.70477175644413, 423.64725893129537, 446.68669109343296, 457.93012567421243, 467.9529890918531, 494.0789410610414, 531.672831730191, 607.6026662219316]"
images/custom/john_honey/short/D/custom_john_honey_short_D_2.jpg,22,False,False,0.1880004300037399,"[1.0, 1.4142135623730951, 1.4142135623730951, 2.0, 284.0017605579233, 323.85490578343877, 324.2344830520036, 325.3013987058771, 337.0534082308025, 355.9845502265513, 367.21247255505904, 375.3571632458877, 387.73444520702566, 419.66296000481145, 428.1413318052813, 436.90387958909224, 454.875807226544, 503.7231382416337, 539.8008892174965, 545.4924380777427, 577.2183295772926, 616.0275967844298]"
images/custom/john_honey/short/D/custom_john_honey_short_D_3.jpg,22,False,False,0.17350433801766485,"[0.0, 1.4142135623730951, 1.4142135623730951, 2.0, 322.70419891907204, 358.1312608527773, 360.81019941237804, 370.2769233965303, 385.7680650339009, 401.15458367068425, 407.09949643791015, 412.378466945111, 441.2708918566916, 446.93176212929865, 483.5876342505048, 567.2124822321879, 569.2538976590323, 608.9072178911989, 611.6118049874447, 640.6777661195994, 693.7492342338116, 703.9580953437498]"
images/custom/john_honey/short/D/custom_john_honey_short_D_4.jpg,19,False,False,0.14382387010846287,"[0.0, 1.0, 1.0, 1.4142135623730951, 265.8589851782332, 290.1671931835162, 312.4387940061221, 316.46958779636316, 327.15286946624815, 361.4000553403389, 362.28303852098844, 365.9781414237741, 370.0283772901749, 392.4754769409167, 402.5046583581363, 421.3846224057067, 453.03531871146646, 496.9104547099004, 521.9731793876003]"
images/custom/michaels/high/A/custom_michaels_high_A_0.jpg,7,False,False,0.13556267402600497,"[0.0, 1.0, 1.4142135623730951, 2.23606797749979, 215.87033144922904, 257.1575392633862, 357.61012289922667]"
images/custom/michaels/high/A/custom_michaels_high_A_1.jpg,6,False,False,0.14255888492334634,"[1.0, 1.0, 1.0, 1.4142135623730951, 229.58440713602482, 284.9438541186667]"
images/custom/michaels/high/A/custom_michaels_high_A_2.jpg,8,False,False,0.14558281505014747,"[1.0, 1.0, 1.4142135623730951, 1.4142135623730951, 162.24980739587951, 202.38824076511955, 376.26054802490256, 422.24637357827004]"
images/custom/michaels/high/A/custom_michaels_high_A_3.jpg,5,False,False,0.13297312601935118,"[0.0, 1.0, 1.0, 1.0, 340.83720454199243]"
images/custom/michaels/high/A/custom_michaels_high_A_4.jpg,5,False,False,0.10698029806371778,"[0.0, 1.4142135623730951, 1.4142135623730951, 2.0, 475.14734556766706]"
images/custom/michaels/high/B/custom_michaels_high_B_0.jpg,5,False,False,0.13682797004003078,"[0.0, 1.0, 1.4142135623730951, 2.8284271247461903, 396.9811078628302]"
images/custom/michaels/high/B/custom_michaels_high_B_1.jpg,4,True,True,0.12870193494018167,"[1.0, 1.0, 1.4142135623730951, 2.0]"
images/custom/michaels/high/B/custom_michaels_high_B_2.jpg,5,False,False,0.12357044406235218,"[0.0, 1.0, 1.4142135623730951, 1.4142135623730951, 551.4526271584895]"
images/custom/michaels/high/B/custom_michaels_high_B_3.jpg,6,False,False,0.1357903960160911,"[0.0, 1.0, 1.0, 2.23606797749979, 192.09372712298546, 264.23663636975095]"
images/custom/michaels/high/B/custom_michaels_high_B_4.jpg,5,False,False,0.11054272309411317,"[0.0, 1.0, 1.0, 1.4142135623730951, 410.2157968679412]"
images/custom/michaels/high/C/custom_michaels_high_C_0.jpg,4,True,False,0.11969320697244257,"[1.4142135623730951, 2.23606797749979, 3.1622776601683795, 440.83216761030496]"
images/custom/michaels/high/C/custom_michaels_high_C_1.jpg,4,True,False,0.1249172689858824,"[0.0, 1.0, 2.23606797749979, 532.9024300939151]"
images/custom/michaels/high/C/custom_michaels_high_C_2.jpg,4,True,False,0.12439745909068733,"[0.0, 1.0, 1.4142135623730951, 628.7328526488814]"
images/custom/michaels/high/C/custom_michaels_high_C_3.jpg,5,False,False,0.12144272297155112,"[0.0, 1.0, 1.0, 243.24884377936928, 499.0561090699121]"
images/custom/michaels/high/C/custom_michaels_high_C_4.jpg,3,False,False,0.09995400696061552,"[1.0, 2.23606797749979, 2.23606797749979]"
images/custom/michaels/high/D/custom_michaels_high_D_0.jpg,5,False,False,0.12621585896704346,"[0.0, 0.0, 1.0, 1.4142135623730951, 483.9256141185337]"
images/custom/michaels/high/D/custom_michaels_high_D_1.jpg,4,True,True,0.12885419093072414,"[1.0, 1.0, 1.4142135623730951, 2.23606797749979]"
images/custom/michaels/high/D/custom_michaels_high_D_2.jpg,4,True,True,0.1152362150605768,"[1.0, 1.0, 1.0, 1.4142135623730951]"
images/custom/michaels/high/D/custom_michaels_high_D_3.jpg,6,False,False,0.13216150098014623,"[1.0, 1.0, 1.0, 1.4142135623730951, 208.40585404445815, 246.13004692641653]"
images/custom/michaels/high/D/custom_michaels_high_D_4.jpg,5,False,False,0.10790489194914699,"[1.0, 1.4142135623730951, 1.4142135623730951, 1.4142135623730951, 358.93314140658566]"
images/custom/michaels/medium/A/custom_michaels_medium_A_0.jpg,6,False,False,0.15354200697038323,"[0.0, 1.4142135623730951, 2.0, 2.23606797749979, 140.61649974309557, 190.70920271449933]"
images/custom/michaels/medium/A/custom_michaels_medium_A_1.jpg,6,False,False,0.15709701809100807,"[0.0, 0.0, 1.0, 2.0, 224.35685859808254, 257.25668115716644]"
images/custom/michaels/medium/A/custom_michaels_medium_A_2.jpg,4,True,True,0.08999253006186336,"[1.0, 1.4142135623730951, 1.4142135623730951, 3.0]"
images/custom/michaels/medium/A/custom_michaels_medium_A_3.jpg,6,False,False,0.15234824898652732,"[0.0, 1.0, 2.0, 2.23606797749979, 134.30189872075525, 179.06702655709677]"
images/custom/michaels/medium/A/custom_michaels_medium_A_4.jpg,6,False,False,0.14276936394162476,"[0.0, 1.0, 1.4142135623730951, 2.23606797749979, 192.39802493788756, 231.3114783144148]"
images/custom/michaels/medium/B/custom_michaels_medium_B_0.jpg,5,False,False,0.1374485839623958,"[1.0, 1.0, 1.0, 1.4142135623730951, 591.6764318442978]"
images/custom/michaels/medium/B/custom_michaels_medium_B_1.jpg,7,False,False,0.14800888497848064,"[0.0, 0.0, 1.4142135623730951, 2.23606797749979, 263.12924580897504, 293.7890399589474, 456.195133687329]"
images/custom/michaels/medium/B/custom_michaels_medium_B_2.jpg,7,False,False,0.15662302693817765,"[0.0, 1.4142135623730951, 2.23606797749979, 2.23606797749979, 121.33424908079334, 162.9846618550347, 449.9444410146657]"
images/custom/michaels/medium/B/custom_michaels_medium_B_3.jpg,6,False,False,0.16258495091460645,"[0.0, 1.0, 1.4142135623730951, 2.23606797749979, 290.2912330746487, 325.40590037674485]"
images/custom/michaels/medium/B/custom_michaels_medium_B_4.jpg,5,False,False,0.12315911496989429,"[1.0, 1.0, 1.4142135623730951, 2.0, 632.5345840347387]"
images/custom/michaels/medium/C/custom_michaels_medium_C_0.jpg,4,True,False,0.13491926493588835,"[1.0, 1.0, 2.0, 386.8074456367147]"
images/custom/michaels/medium/C/custom_michaels_medium_C_1.jpg,4,True,False,0.16246984794270247,"[1.0, 1.0, 1.4142135623730951, 460.2445002387318]"
images/custom/michaels/medium/C/custom_michaels_medium_C_2.jpg,4,True,False,0.1394326570443809,"[1.0, 1.4142135623730951, 2.23606797749979, 641.343901506828]"
images/custom/michaels/medium/C/custom_michaels_medium_C_3.jpg,5,False,False,0.14700918400194496,"[1.4142135623730951, 2.0, 2.0, 87.36131867136622, 133.8992158304148]"
images/custom/michaels/medium/C/custom_michaels_medium_C_4.jpg,4,True,False,0.1355181069811806,"[0.0, 0.0, 1.4142135623730951, 522.8278875500043]"
images/custom/michaels/medium/D/custom_michaels_medium_D_0.jpg,5,False,False,0.13155645702499896,"[0.0, 1.0, 1.0, 1.0, 556.138471965391]"
images/custom/michaels/medium/D/custom_michaels_medium_D_1.jpg,7,False,False,0.129967111046426,"[0.0, 0.0, 1.4142135623730951, 2.23606797749979, 262.20793275566626, 306.6349621292393, 484.4068537913146]"
images/custom/michaels/medium/D/custom_michaels_medium_D_2.jpg,7,False,False,0.13740876701194793,"[0.0, 0.0, 1.0, 1.4142135623730951, 262.20793275566626, 307.0439707924583, 488.80671026490626]"
images/custom/michaels/medium/D/custom_michaels_medium_D_3.jpg,7,False,False,0.14791614504065365,"[1.0, 1.0, 1.4142135623730951, 1.4142135623730951, 233.49732332512937, 282.766688278517, 428.22424032275427]"
images/custom/michaels/medium/D/custom_michaels_medium_D_4.jpg,5,False,False,0.12153968098573387,"[0.0, 1.0, 1.4142135623730951, 2.23606797749979, 687.7281439638776]"
images/custom/michaels/short/A/custom_michaels_short_A_0.jpg,26,False,False,0.14561256300657988,"[1.0, 1.0, 1.0, 2.23606797749979, 271.8124353299532, 282.24280327406046, 292.5816125459698, 302.9075766632456, 304.2137406495637, 304.8442225137291, 310.3111341863195, 311.7130090323469, 311.9246703933499, 338.0014792867037, 342.79439902075416, 343.70481521212355, 348.1063056021824, 351.0911562543266, 352.08237672453873, 356.45196029759745, 362.44171945293493, 376.2352987161093, 377.58442764499705, 382.47222121351507, 390.06281545412656, 403.71400768365714]"
images/custom/michaels/short/A/custom_michaels_short_A_1.jpg,7,False,False,0.1504519679583609,"[0.0, 1.0, 1.0, 1.4142135623730951, 153.8083222715858, 207.32824216685964, 216.3631207022121]"
images/custom/michaels/short/A/custom_michaels_short_A_2.jpg,6,False,False,0.1380793689750135,"[0.0, 1.4142135623730951, 1.4142135623730951, 2.0, 275.3343422096125, 323.24139586383427]"
images/custom/michaels/short/A/custom_michaels_short_A_3.jpg,6,False,False,0.13990084500983357,"[1.0, 2.23606797749979, 2.23606797749979, 2.23606797749979, 376.5979288312669, 416.293165929973]"
images/custom/michaels/short/A/custom_michaels_short_A_4.jpg,5,False,False,0.1364581419620663,"[1.0, 2.23606797749979, 2.23606797749979, 2.23606797749979, 597.3784395171958]"
images/custom/michaels/short/B/custom_michaels_short_B_0.jpg,4,True,True,0.13231975899543613,"[1.0, 1.4142135623730951, 1.4142135623730951, 2.23606797749979]"
images/custom/michaels/short/B/custom_michaels_short_B_1.jpg,4,True,True,0.13248933805152774,"[1.0, 1.0, 2.23606797749979, 2.8284271247461903]"
images/custom/michaels/short/B/custom_michaels_short_B_2.jpg,7,False,False,0.15619935491122305,"[0.0, 1.0, 1.4142135623730951, 2.0, 324.8199501262199, 379.2255265669757, 475.94642555649057]"
images/custom/michaels/short/B/custom_michaels_short_B_3.jpg,11,False,False,0.15761544299311936,"[1.0, 1.4142135623730951, 1.4142135623730951, 1.4142135623730951, 203.48218595248088, 209.69740103301234, 238.89118861942146, 254.37963754986365, 290.077575831018, 314.65854509293086, 588.2176467941097]"
images/custom/michaels/short/B/custom_michaels_short_B_4.jpg,5,False,False,0.12333625904284418,"[1.4142135623730951, 2.0, 2.0, 2.23606797749979, 586.655776414074]"
images/custom/michaels/short/C/custom_michaels_short_C_0.jpg,6,False,False,0.13240225904155523,"[0.0, 1.0, 1.0, 2.23606797749979, 293.33428030150174, 347.80023001717524]"
images/custom/michaels/short/C/custom_michaels_short_C_1.jpg,3,False,False,0.13751131703611463,"[1.0, 1.0, 154.1557653803451]"
images/custom/michaels/short/C/custom_michaels_short_C_2.jpg,5,False,False,0.1519556869752705,"[0.0, 0.0, 1.0, 323.81785003300854, 345.7354479945613]"
images/custom/michaels/short/C/custom_michaels_short_C_3.jpg,5,False,False,0.13206728803925216,"[1.4142135623730951, 1.4142135623730951, 2.23606797749979, 174.38463235044537, 179.71366113904642]"
images/custom/michaels/short/C/custom_michaels_short_C_4.jpg,3,False,False,0.13279145397245884,"[1.0, 1.4142135623730951, 2.8284271247461903]"
images/custom/michaels/short/D/custom_michaels_short_D_0.jpg,7,False,False,0.14182191400323063,"[1.4142135623730951, 2.0, 2.0, 2.23606797749979, 203.9730374338726, 257.9457307264456, 636.6804536029043]"
images/custom/michaels/short/D/custom_michaels_short_D_1.jpg,6,False,False,0.1321015249704942,"[1.0, 1.0, 1.4142135623730951, 2.23606797749979, 218.38727069131113, 255.44079548889601]"
images/custom/michaels/short/D/custom_michaels_short_D_2.jpg,7,False,False,0.13321649900171906,"[0.0, 2.0, 2.23606797749979, 2.23606797749979, 197.5854245636555, 251.2866888635369, 623.0]"
images/custom/michaels/short/D/custom_michaels_short_D_3.jpg,7,False,False,0.13286471599712968,"[1.4142135623730951, 1.4142135623730951, 1.4142135623730951, 3.0, 242.10121850168372, 297.0151511286924, 534.4791857500159]"
images/custom/michaels/short/D/custom_michaels_short_D_4.jpg,4,True,True,0.11705698899459094,"[1.0, 1.0, 2.0, 3.0]"
images/dark/davids/high/A/dark_davids_high_A_0.jpg,11,False,False,0.15855831396766007,"[1.0, 1.0, 1.0, 2.23606797749979, 251.46172671005024, 252.6697449240807, 268.71546289709494, 269.4327374318125, 272.5233934912744, 285.4277491765648, 287.6421387766403]"
images/dark/davids/high/A/dark_davids_high_A_1.jpg,8,False,False,0.16321668704040349,"[1.0, 1.0, 2.23606797749979, 240.24362634625712, 244.2396364229197, 259.12352266824405, 278.8207309365643, 299.0551788550066]"
images/dark/davids/high/A/dark_davids_high_A_2.jpg,14,False,False,0.13627568702213466,"[0.0, 1.0, 1.0, 1.0, 245.60537453402765, 261.444066675838, 265.7668150842012, 278.48518811599297, 280.47994580718245, 282.936388610585, 286.2516375499012, 296.438863848855, 314.40101781005734, 315.08728949292765]"
images/dark/davids/high/A/dark_davids_high_A_3.jpg,10,False,False,0.13283856492489576,"[1.0, 2.0, 2.23606797749979, 2.23606797749979, 249.15858403835898, 261.8110005328271, 271.53268679847736, 283.8626428398073, 295.6924077483221, 318.7287247801804]"
images/dark/davids/high/A/dark_davids_high_A_4.jpg,10,False,False,0.1255725099472329,"[1.0, 1.0, 1.0, 1.4142135623730951, 311.3727669530526, 324.77838598034816, 333.7813655673426, 340.7007484582328, 347.51978360950903, 356.52349151213025]"
images/dark/davids/high/B/dark_davids_high_B_0.jpg,8,False,False,0.1600058740004897,"[1.0, 1.0, 1.0, 1.0, 190.3943276465977, 195.25624189766637, 223.60679774997897, 230.3670983452281]"
images/dark/davids/high/B/dark_davids_high_B_1.jpg,17,False,False,0.15510389802511781,"[1.0, 2.0, 2.0, 2.23606797749979, 143.68368035375485, 150.86417732516887, 153.4177303964571, 161.38463371709216, 174.54512310574592, 174.64249196572982, 190.06577808748213, 195.49424543960367, 198.59506539690256, 206.72929158684795, 209.40152817016403, 217.63501556505102, 230.32585612562042]"
images/dark/davids/high/B/dark_davids_high_B_2.jpg,15,False,False,0.15490644506644458,"[1.0, 1.0, 1.4142135623730951, 2.23606797749979, 130.17296186228538, 140.0142849854971, 148.35430563350698, 152.31546211727817, 154.20765220960988, 162.8158468945821, 184.04347312523745, 184.83776670366908, 185.43192821086663, 187.1095935541521, 221.20578654275752]"
images/dark/davids/high/B/dark_davids_high_B_3.jpg,13,False,False,0.15705694002099335,"[1.0, 1.4142135623730951, 2.0, 2.23606797749979, 114.58621208504974, 155.92947123619703, 254.9078264785136, 267.64155133312164, 276.5248632582611, 281.2045518834999, 321.40939625343873, 332.00150602068055, 343.9127796404199]"
images/dark/davids/high/B/dark_davids_high_B_4.jpg,4,True,True,0.13498094503302127,"[1.0, 1.4142135623730951, 1.4142135623730951, 1.4142135623730951]"
images/dark/davids/high/C/dark_davids_high_C_0.jpg,10,False,False,0.1605147320078686,"[0.0, 1.4142135623730951, 1.4142135623730951, 2.23606797749979, 148.94629904767692, 160.1030917877603, 172.52536045462998, 173.62315513778685, 193.87109119205988, 208.08652046684813]"
images/dark/davids/high/C/dark_davids_high_C_1.jpg,10,False,False,0.18495756201446056,"[0.0, 0.0, 1.4142135623730951, 2.0, 160.22796260328596, 171.35343591536179, 185.33483212823216, 188.4728097100481, 195.0179478919825, 203.94361965994426]"
images/dark/davids/high/C/dark_davids_high_C_2.jpg,4,True,True,0.16759856406133622,"[0.0, 1.0, 1.0, 1.4142135623730951]"
images/dark/davids/high/C/dark_davids_high_C_3.jpg,12,False,False,0.1562902209116146,"[1.0, 1.0, 1.0, 2.0, 171.5488268686207, 171.56339936011994, 173.72679701186, 175.0028571195339, 196.98730923589977, 197.144616969371, 199.07787421006887, 221.6235547048192]"
images/dark/davids/high/C/dark_davids_high_C_4.jpg,4,True,True,0.1313756360905245,"[0.0, 0.0, 1.0, 2.0]"
images/dark/davids/high/D/dark_davids_high_D_0.jpg,5,False,False,0.13972735789138824,"[0.0, 0.0, 1.4142135623730951, 2.0, 206.65188119153427]"
images/dark/davids/high/D/dark_davids_high_D_1.jpg,4,True,True,0.16080218111164868,"[0.0, 0.0, 1.0, 1.4142135623730951]"
images/dark/davids/high/D/dark_davids_high_D_2.jpg,4,True,True,0.16591616696678102,"[1.0, 1.0, 1.4142135623730951, 1.4142135623730951]"
images/dark/davids/high/D/dark_davids_high_D_3.jpg,4,True,True,0.15934716595802456,"[0.0, 0.0, 1.0, 1.0]"
images/dark/davids/high/D/dark_davids_high_D_4.jpg,4,True,True,0.1347013310296461,"[0.0, 1.0, 1.4142135623730951, 2.23606797749979]"
images/dark/davids/medium/A/dark_davids_medium_A_0.jpg,4,True,True,0.1459679229883477,"[0.0, 1.0, 1.4142135623730951, 2.23606797749979]"
images/dark/davids/medium/A/dark_davids_medium_A_1.jpg,4,True,True,0.17202934506349266,"[0.0, 1.0, 1.0, 1.4142135623730951]"
images/dark/davids/medium/A/dark_davids_medium_A_2.jpg,4,True,True,0.20031694904901087,"[0.0, 1.0, 1.0, 2.0]"
images/dark/davids/medium/A/dark_davids_medium_A_3.jpg,5,False,False,0.20748265995644033,"[1.0, 1.4142135623730951, 2.23606797749979, 2.23606797749979, 86.28441342444185]"
images/dark/davids/medium/A/dark_davids_medium_A_4.jpg,4,True,True,0.1396882119588554,"[0.0, 1.4142135623730951, 1.4142135623730951, 2.23606797749979]"
images/dark/davids/medium/B/dark_davids_medium_B_0.jpg,18,False,False,0.16813209000974894,"[1.0, 1.0, 1.4142135623730951, 2.0, 150.11995203836165, 161.20794025109308, 175.84083712266613, 177.04519197086375, 186.4242473499625, 194.11594473406868, 199.12307751739877, 203.35437049643167, 211.463944917331, 215.4738963308549, 222.62299971027252, 237.36048533822978, 615.4421175057813, 671.8720116212611]"
images/dark/davids/medium/B/dark_davids_medium_B_1.jpg,18,False,False,0.18230623507406563,"[1.0, 1.4142135623730951, 2.0, 2.23606797749979, 99.64436762808022, 119.4026800369238, 122.78843593759146, 140.29255147726127, 142.36923825040296, 147.08500943332058, 159.5399636454766, 162.2004932174992, 166.20770138594662, 179.60233851484227, 181.23189564753773, 198.80643852752857, 474.911570716065, 543.111406619305]"
images/dark/davids/medium/B/dark_davids_medium_B_2.jpg,18,False,False,0.15182009292766452,"[1.4142135623730951, 1.4142135623730951, 2.23606797749979, 2.23606797749979, 98.79271228182775, 119.03780911962384, 122.78843593759146, 139.43098651304163, 141.40014144264495, 147.08500943332058, 158.61904047118682, 161.40012391568973, 165.22106403240477, 178.73443988218946, 180.27756377319946, 197.89138435010253, 470.8046303935423, 539.3922505932023]"
images/dark/davids/medium/B/dark_davids_medium_B_3.jpg,18,False,False,0.14740330004133284,"[1.0, 1.4142135623730951, 1.4142135623730951, 2.23606797749979, 97.94386147176351, 118.4736257569591, 122.0245876862528, 138.5712812959453, 140.4314779527724, 146.38647478507022, 157.69908052997647, 160.60199251565965, 164.23458831805192, 177.36967046256808, 179.32372960654146, 196.9771560359221, 470.73665674132496, 539.1567490071881]"
images/dark/davids/medium/B/dark_davids_medium_B_4.jpg,6,False,False,0.14175771898590028,"[1.0, 1.0, 1.4142135623730951, 2.23606797749979, 520.2547452931112, 589.6007123469238]"
images/dark/davids/medium/C/dark_davids_medium_C_0.jpg,4,True,True,0.1536589739844203,"[0.0, 1.0, 1.0, 1.0]"
images/dark/davids/medium/C/dark_davids_medium_C_1.jpg,4,True,True,0.15627426002174616,"[0.0, 1.0, 2.0, 2.23606797749979]"
images/dark/davids/medium/C/dark_davids_medium_C_2.jpg,4,True,True,0.14457256393507123,"[0.0, 1.0, 1.0, 2.23606797749979]"
images/dark/davids/medium/C/dark_davids_medium_C_3.jpg,4,True,True,0.13377614610362798,"[0.0, 0.0, 1.4142135623730951, 1.4142135623730951]"
images/dark/davids/medium/C/dark_davids_medium_C_4.jpg,4,True,True,0.1253835930256173,"[0.0, 1.0, 1.4142135623730951, 2.23606797749979]"
images/dark/davids/medium/D/dark_davids_medium_D_0.jpg,5,False,False,0.1396863890113309,"[1.4142135623730951, 1.4142135623730951, 2.23606797749979, 2.23606797749979, 590.0]"
images/dark/davids/medium/D/dark_davids_medium_D_1.jpg,5,False,False,0.15711097395978868,"[1.0, 1.0, 1.4142135623730951, 2.0, 586.8466579950848]"
images/dark/davids/medium/D/dark_davids_medium_D_2.jpg,5,False,False,0.15175586799159646,"[1.0, 2.0, 2.23606797749979, 3.1622776601683795, 431.6132528085763]"
images/dark/davids/medium/D/dark_davids_medium_D_3.jpg,17,False,False,0.1507529120426625,"[1.0, 1.0, 1.4142135623730951, 3.605551275463989, 219.73848092675985, 235.84104816592043, 243.01851781294363, 252.60443384865596, 257.6703320136022, 267.43971283263073, 273.6293112954093, 274.3027524469997, 280.9199174141983, 291.27478435319455, 295.0423698386386, 309.43335308269536, 435.15744277215344]"
images/dark/davids/medium/D/dark_davids_medium_D_4.jpg,5,False,False,0.12860063801053911,"[1.0, 2.0, 2.23606797749979, 2.23606797749979, 733.6163847679521]"
images/dark/davids/short/A/dark_davids_short_A_0.jpg,4,True,True,0.15368141699582338,"[1.4142135623730951, 2.0, 2.23606797749979, 3.605551275463989]"
images/dark/davids/short/A/dark_davids_short_A_1.jpg,17,False,False,0.15214217908214778,"[1.0, 1.4142135623730951, 2.0, 2.0, 210.304541082688, 230.32585612562042, 234.61031520374377, 251.07170290576354, 251.93848455525804, 259.1466766138435, 271.93565415369864, 275.4360179787676, 285.8950856520622, 293.8383909566617, 300.22158483360255, 310.446452709642, 317.3089976663126]"
images/dark/davids/short/A/dark_davids_short_A_2.jpg,4,True,True,0.15937124204356223,"[1.0, 1.4142135623730951, 2.23606797749979, 3.1622776601683795]"
images/dark/davids/short/A/dark_davids_short_A_3.jpg,4,True,True,0.19958641100674868,"[1.4142135623730951, 2.0, 3.1622776601683795, 4.0]"
images/dark/davids/short/A/dark_davids_short_A_4.jpg,4,True,True,0.11977717000991106,"[0.0, 1.0, 1.4142135623730951, 2.0]"
images/dark/davids/short/B/dark_davids_short_B_0.jpg,4,True,True,0.15115973202046007,"[1.4142135623730951, 1.4142135623730951, 2.0, 3.605551275463989]"
images/dark/davids/short/B/dark_davids_short_B_1.jpg,16,False,False,0.14966312691103667,"[1.0, 1.0, 1.4142135623730951, 1.4142135623730951, 216.390850083824, 230.62523712724936, 244.20073709962466, 248.82323042674292, 256.8443108188305, 267.67517628648346, 270.7027890510181, 272.72146963523056, 282.57742301889584, 290.0, 296.98484809834997, 312.8146416010606]"
images/dark/davids/short/B/dark_davids_short_B_2.jpg,4,True,True,0.131601694971323,"[1.0, 1.0, 1.4142135623730951, 2.0]"
images/dark/davids/short/B/dark_davids_short_B_3.jpg,4,True,True,0.12521808198653162,"[1.0, 1.4142135623730951, 3.0, 3.0]"
images/dark/davids/short/B/dark_davids_short_B_4.jpg,4,True,True,0.12110086996108294,"[0.0, 1.0, 1.0, 2.23606797749979]"
images/dark/davids/short/C/dark_davids_short_C_0.jpg,4,True,True,0.1462240000255406,"[1.4142135623730951, 1.4142135623730951, 1.4142135623730951, 2.23606797749979]"
images/dark/davids/short/C/dark_davids_short_C_1.jpg,4,True,True,0.13899746094830334,"[1.0, 1.0, 1.4142135623730951, 2.23606797749979]"
images/dark/davids/short/C/dark_davids_short_C_2.jpg,4,True,True,0.14274589798878878,"[2.23606797749979, 2.23606797749979, 2.23606797749979, 3.1622776601683795]"
images/dark/davids/short/C/dark_davids_short_C_3.jpg,16,False,False,0.21502342890016735,"[0.0, 1.0, 1.4142135623730951, 2.0, 149.40214188558343, 163.47782724271815, 177.55280904564702, 181.27603261324978, 189.42280749687984, 201.8142710513803, 204.65825172711703, 204.86336910243372, 216.1157097482735, 223.6604569431083, 229.89562849258357, 246.43457549621561]"
images/dark/davids/short/C/dark_davids_short_C_4.jpg,4,True,True,0.13731604802887887,"[1.0, 1.4142135623730951, 2.23606797749979, 3.0]"
images/dark/davids/short/D/dark_davids_short_D_0.jpg,16,False,False,0.1421341309323907,"[0.0, 1.0, 1.4142135623730951, 1.4142135623730951, 180.0999722376436, 180.36074961032958, 185.52627846210896, 194.20865068271289, 209.99523804124703, 210.2189334955346, 214.66718426438635, 222.0923231451281, 238.8053600738476, 239.42639787625757, 242.78797334299736, 250.3197954617253]"
images/dark/davids/short/D/dark_davids_short_D_1.jpg,4,True,True,0.14341484697069973,"[1.0, 1.0, 3.0, 3.605551275463989]"
images/dark/davids/short/D/dark_davids_short_D_2.jpg,4,True,True,0.13516312802676111,"[1.0, 1.0, 2.0, 2.0]"
images/dark/davids/short/D/dark_davids_short_D_3.jpg,24,False,False,0.16275880800094455,"[0.0, 1.0, 1.0, 2.23606797749979, 228.01973598791838, 233.97649454592656, 240.13329631685815, 243.1810025474852, 255.55625603768732, 258.49564793241683, 260.34592372457075, 262.9619744373699, 269.6738771182704, 271.1844390815963, 281.27744310555727, 282.3349075123372, 283.28254446753334, 287.4804341168282, 296.56871041969345, 302.00165562460086, 309.19573088902763, 321.49805598168086, 343.2462672775918, 365.0493117374692]"
images/dark/davids/short/D/dark_davids_short_D_4.jpg,4,True,True,0.1236102000111714,"[2.0, 2.23606797749979, 3.0, 3.1622776601683795]"
images/dark/jack_cole/high/A/dark_jack_cole_high_A_0.jpg,4,True,True,0.07109810994006693,"[0.0, 0.0, 1.4142135623730951, 2.0]"
images/dark/jack_cole/high/A/dark_jack_cole_high_A_1.jpg,4,True,True,0.06241889204829931,"[0.0, 1.0, 1.4142135623730951, 1.4142135623730951]"
images/dark/jack_cole/high/A/dark_jack_cole_high_A_2.jpg,4,True,True,0.044770661974325776,"[0.0, 1.0, 1.0, 3.1622776601683795]"
images/dark/jack_cole/high/A/dark_jack_cole_high_A_3.jpg,4,True,True,0.05042491795029491,"[0.0, 1.0, 1.0, 1.0]"
images/dark/jack_cole/high/A/dark_jack_cole_high_A_4.jpg,4,True,True,0.06402840709779412,"[1.4142135623730951, 1.4142135623730951, 1.4142135623730951, 2.23606797749979]"
images/dark/jack_cole/high/B/dark_jack_cole_high_B_0.jpg,4,True,True,0.04777628695592284,"[1.0, 1.0, 1.0, 1.0]"
images/dark/jack_cole/high/B/dark_jack_cole_high_B_1.jpg,4,True,True,0.058005162980407476,"[1.0, 1.0, 2.0, 2.23606797749979]"
images/dark/jack_cole/high/B/dark_jack_cole_high_B_2.jpg,4,True,True,0.06304469692986459,"[1.0, 1.0, 2.0, 2.23606797749979]"
images/dark/jack_cole/high/B/dark_jack_cole_high_B_3.jpg,4,True,True,0.06177953991573304,"[1.0, 1.0, 1.0, 3.0]"
images/dark/jack_cole/high/B/dark_jack_cole_high_B_4.jpg,4,True,True,0.03589725599158555,"[1.0, 1.0, 1.0, 1.4142135623730951]"
images/dark/jack_cole/high/C/dark_jack_cole_high_C_0.jpg,4,True,True,0.06495584698859602,"[1.0, 1.4142135623730951, 2.0, 2.23606797749979]"
images/dark/jack_cole/high/C/dark_jack_cole_high_C_1.jpg,4,True,True,0.07131016300991178,"[1.0, 1.0, 1.4142135623730951, 1.4142135623730951]"
images/dark/jack_cole/high/C/dark_jack_cole_high_C_2.jpg,5,False,False,0.07627137308008969,"[0.0, 0.0, 1.4142135623730951, 2.23606797749979, 329.460164511584]"
images/dark/jack_cole/high/C/dark_jack_cole_high_C_3.jpg,4,True,True,0.07775342103559524,"[1.0, 1.0, 1.4142135623730951, 2.23606797749979]"
images/dark/jack_cole/high/C/dark_jack_cole_high_C_4.jpg,4,True,True,0.036098195938393474,"[1.0, 1.4142135623730951, 2.23606797749979, 2.23606797749979]"
images/dark/jack_cole/high/D/dark_jack_cole_high_D_0.jpg,4,True,True,0.044355356018058956,"[1.4142135623730951, 1.4142135623730951, 2.0, 2.23606797749979]"
images/dark/jack_cole/high/D/dark_jack_cole_high_D_1.jpg,4,True,True,0.04794763901736587,"[1.0, 1.0, 1.4142135623730951, 2.0]"
images/dark/jack_cole/high/D/dark_jack_cole_high_D_2.jpg,4,True,True,0.05173489102162421,"[1.0, 1.0, 1.4142135623730951, 3.0]"
images/dark/jack_cole/high/D/dark_jack_cole_high_D_3.jpg,4,True,True,0.05871890892740339,"[1.0, 1.0, 1.4142135623730951, 2.23606797749979]"
images/dark/jack_cole/high/D/dark_jack_cole_high_D_4.jpg,4,True,True,0.0370222800411284,"[1.4142135623730951, 1.4142135623730951, 2.0, 2.23606797749979]"
images/dark/jack_cole/medium/A/dark_jack_cole_medium_A_0.jpg,4,True,True,0.05041855596937239,"[1.0, 1.0, 1.0, 2.23606797749979]"
images/dark/jack_cole/medium/A/dark_jack_cole_medium_A_1.jpg,4,True,True,0.051795318024232984,"[1.0, 1.4142135623730951, 2.23606797749979, 2.8284271247461903]"
images/dark/jack_cole/medium/A/dark_jack_cole_medium_A_2.jpg,4,True,True,0.04001995001453906,"[1.0, 1.0, 1.4142135623730951, 3.0]"
images/dark/jack_cole/medium/A/dark_jack_cole_medium_A_3.jpg,4,True,True,0.05460472300183028,"[0.0, 0.0, 2.23606797749979, 2.23606797749979]"
images/dark/jack_cole/medium/A/dark_jack_cole_medium_A_4.jpg,4,True,True,0.038996151997707784,"[0.0, 1.0, 1.4142135623730951, 2.23606797749979]"
images/dark/jack_cole/medium/B/dark_jack_cole_medium_B_0.jpg,4,True,True,0.04905911709647626,"[1.4142135623730951, 1.4142135623730951, 2.23606797749979, 3.0]"
images/dark/jack_cole/medium/B/dark_jack_cole_medium_B_1.jpg,4,True,True,0.04390840802807361,"[1.0, 1.4142135623730951, 2.0, 2.23606797749979]"
images/dark/jack_cole/medium/B/dark_jack_cole_medium_B_2.jpg,4,True,True,0.046741518075577915,"[1.0, 2.0, 2.0, 2.23606797749979]"
images/dark/jack_cole/medium/B/dark_jack_cole_medium_B_3.jpg,4,True,True,0.051043319050222635,"[0.0, 2.23606797749979, 2.23606797749979, 2.8284271247461903]"
images/dark/jack_cole/medium/B/dark_jack_cole_medium_B_4.jpg,4,True,True,0.0417564200470224,"[1.0, 1.4142135623730951, 2.0, 2.0]"
images/dark/jack_cole/medium/C/dark_jack_cole_medium_C_0.jpg,5,False,False,0.06644124002195895,"[0.0, 1.0, 1.0, 1.4142135623730951, 418.5235955116509]"
images/dark/jack_cole/medium/C/dark_jack_cole_medium_C_1.jpg,4,True,True,0.04579578200355172,"[1.0, 1.0, 1.4142135623730951, 1.4142135623730951]"
images/dark/jack_cole/medium/C/dark_jack_cole_medium_C_2.jpg,4,True,True,0.04999805008992553,"[1.0, 1.0, 2.23606797749979, 3.1622776601683795]"
images/dark/jack_cole/medium/C/dark_jack_cole_medium_C_3.jpg,5,False,False,0.06755110493395478,"[0.0, 2.0, 2.8284271247461903, 3.0, 298.1358750637031]"
images/dark/jack_cole/medium/C/dark_jack_cole_medium_C_4.jpg,4,True,True,0.04075952502898872,"[1.0, 2.0, 2.23606797749979, 3.0]"
images/dark/jack_cole/medium/D/dark_jack_cole_medium_D_0.jpg,4,True,True,0.06913265492767096,"[1.0, 2.0, 2.0, 3.1622776601683795]"
images/dark/jack_cole/medium/D/dark_jack_cole_medium_D_1.jpg,4,True,True,0.06787560507655144,"[0.0, 0.0, 0.0, 2.0]"
images/dark/jack_cole/medium/D/dark_jack_cole_medium_D_2.jpg,4,True,True,0.06767895305529237,"[1.0, 1.4142135623730951, 2.0, 2.0]"
images/dark/jack_cole/medium/D/dark_jack_cole_medium_D_3.jpg,4,True,True,0.06649225892033428,"[1.0, 1.0, 1.0, 1.0]"
images/dark/jack_cole/medium/D/dark_jack_cole_medium_D_4.jpg,4,True,True,0.040525650954805315,"[0.0, 1.0, 1.4142135623730951, 2.0]"
images/dark/jack_cole/short/A/dark_jack_cole_short_A_0.jpg,4,True,True,0.04977421509101987,"[0.0, 1.0, 1.4142135623730951, 2.0]"
images/dark/jack_cole/short/A/dark_jack_cole_short_A_1.jpg,4,True,True,0.04829278995748609,"[0.0, 1.0, 1.0, 2.23606797749979]"
images/dark/jack_cole/short/A/dark_jack_cole_short_A_2.jpg,4,True,True,0.04880191700067371,"[1.0, 1.4142135623730951, 3.605551275463989, 3.605551275463989]"
images/dark/jack_cole/short/A/dark_jack_cole_short_A_3.jpg,4,True,True,0.05810209107585251,"[0.0, 2.23606797749979, 2.23606797749979, 2.23606797749979]"
images/dark/jack_cole/short/A/dark_jack_cole_short_A_4.jpg,4,True,True,0.03383152699097991,"[1.4142135623730951, 2.23606797749979, 2.23606797749979, 2.23606797749979]"
images/dark/jack_cole/short/B/dark_jack_cole_short_B_0.jpg,4,True,True,0.062342022894881666,"[1.0, 1.4142135623730951, 2.23606797749979, 3.1622776601683795]"
images/dark/jack_cole/short/B/dark_jack_cole_short_B_1.jpg,4,True,True,0.07209675898775458,"[1.4142135623730951, 2.0, 2.23606797749979, 2.8284271247461903]"
images/dark/jack_cole/short/B/dark_jack_cole_short_B_2.jpg,4,True,True,0.05790125101339072,"[1.4142135623730951, 1.4142135623730951, 1.4142135623730951, 2.8284271247461903]"
images/dark/jack_cole/short/B/dark_jack_cole_short_B_3.jpg,4,True,True,0.06978701602201909,"[1.0, 1.0, 1.0, 1.4142135623730951]"
images/dark/jack_cole/short/B/dark_jack_cole_short_B_4.jpg,4,True,True,0.03650055802427232,"[1.0, 1.4142135623730951, 2.23606797749979, 2.23606797749979]"
images/dark/jack_cole/short/C/dark_jack_cole_short_C_0.jpg,4,True,True,0.06451068201567978,"[1.4142135623730951, 2.0, 2.23606797749979, 2.23606797749979]"
images/dark/jack_cole/short/C/dark_jack_cole_short_C_1.jpg,4,True,True,0.0592437480809167,"[1.0, 2.23606797749979, 2.8284271247461903, 4.123105625617661]"
images/dark/jack_cole/short/C/dark_jack_cole_short_C_2.jpg,4,True,True,0.0671836209949106,"[1.0, 1.4142135623730951, 1.4142135623730951, 2.0]"
images/dark/jack_cole/short/C/dark_jack_cole_short_C_3.jpg,4,True,True,0.0599136590026319,"[1.0, 1.0, 1.0, 2.0]"
images/dark/jack_cole/short/C/dark_jack_cole_short_C_4.jpg,4,True,True,0.03289686201605946,"[1.0, 1.0, 2.23606797749979, 4.123105625617661]"
images/dark/jack_cole/short/D/dark_jack_cole_short_D_0.jpg,4,True,True,0.054879034985788167,"[1.0, 1.0, 2.8284271247461903, 3.1622776601683795]"
images/dark/jack_cole/short/D/dark_jack_cole_short_D_1.jpg,4,True,True,0.07410533807706088,"[1.0, 2.23606797749979, 2.8284271247461903, 3.0]"
images/dark/jack_cole/short/D/dark_jack_cole_short_D_2.jpg,4,True,True,0.0741865059826523,"[1.0, 2.23606797749979, 3.0, 3.1622776601683795]"
images/dark/jack_cole/short/D/dark_jack_cole_short_D_3.jpg,4,True,True,0.07656491303350776,"[1.0, 1.0, 2.0, 2.23606797749979]"
images/dark/jack_cole/short/D/dark_jack_cole_short_D_4.jpg,4,True,True,0.03374123096000403,"[2.23606797749979, 2.23606797749979, 2.23606797749979, 2.23606797749979]"
images/dark/john_honey/high/A/dark_john_honey_high_A_0.jpg,11,False,False,0.18153956707101315,"[1.0, 1.0, 1.0, 2.23606797749979, 230.25420734483876, 259.35689695861186, 267.329384841996, 281.6558183315232, 290.7232360854564, 315.93986769637036, 316.9384798348096]"
images/dark/john_honey/high/A/dark_john_honey_high_A_1.jpg,15,False,False,0.17369303503073752,"[1.4142135623730951, 1.4142135623730951, 1.4142135623730951, 2.23606797749979, 181.12150617748296, 195.0179478919825, 215.61539833694624, 221.43396306799912, 231.78006816808042, 247.7357463104588, 279.78027092702587, 285.6711395993652, 289.4995682207488, 314.42805218364344, 315.67388235329196]"
images/dark/john_honey/high/A/dark_john_honey_high_A_2.jpg,14,False,False,0.1839857759186998,"[0.0, 1.0, 2.0, 2.8284271247461903, 300.0933188193299, 301.53772566629203, 358.8035674293108, 365.32998781923175, 398.19718733311015, 403.57527178953865, 420.7766628509713, 422.8001892147164, 431.52056729662377, 453.85570394124164]"
images/dark/john_honey/high/A/dark_john_honey_high_A_3.jpg,10,False,False,0.1796778329880908,"[1.0, 2.23606797749979, 2.23606797749979, 2.8284271247461903, 164.21023110634732, 201.8539075668341, 202.40553352119602, 207.5475849052453, 280.5316381444346, 550.7685539316856]"
images/dark/john_honey/high/A/dark_john_honey_high_A_4.jpg,17,False,False,0.1737449049251154,"[0.0, 1.0, 1.0, 2.0, 194.81273059017474, 255.98828098176682, 256.632032295269, 261.8472837361503, 264.04734423962685, 264.09278672466615, 274.0, 276.5248632582611, 277.6346520159182, 291.88011237492697, 311.4883625434504, 334.17510380038783, 651.8780560810434]"
images/dark/john_honey/high/B/dark_john_honey_high_B_0.jpg,20,False,False,0.19149810902308673,"[0.0, 1.0, 1.0, 1.0, 182.84966502567076, 185.64751546950473, 219.01826407859232, 222.9910312097776, 226.33824246026123, 233.36237914453991, 247.62067765031256, 248.4854120466632, 289.79475495598604, 309.0453041222274, 312.40518561637225, 315.0063491423625, 341.76014981270123, 342.7608495729931, 370.62379848034584, 576.3505877501991]"
images/dark/john_honey/high/B/dark_john_honey_high_B_1.jpg,15,False,False,0.18200550193432719,"[0.0, 1.0, 1.4142135623730951, 2.0, 203.42074623793906, 216.6679487141557, 226.38462845343543, 237.39418695494632, 253.06125740618614, 266.2930716334918, 273.64575640780544, 293.027302482209, 296.73051747334654, 321.6364407215078, 322.56007192459515]"
images/dark/john_honey/high/B/dark_john_honey_high_B_2.jpg,18,False,False,0.17936773097608238,"[1.4142135623730951, 2.0, 2.0, 2.23606797749979, 272.23886570436633, 300.1283058959951, 306.64800667866734, 420.21423107743504, 428.81347926575256, 433.9631320746038, 461.50406282068633, 484.0051652616943, 494.80198059425754, 528.9810960705496, 532.8883560371722, 549.0582847020888, 562.5531086039788, 581.9862541332054]"
images/dark/john_honey/high/B/dark_john_honey_high_B_3.jpg,12,False,False,0.18113789800554514,"[1.0, 1.4142135623730951, 2.23606797749979, 2.23606797749979, 192.50194804209124, 208.24024587000469, 216.7071757002984, 219.32852071721086, 227.8442450447235, 236.54386485385749, 242.78591392418136, 254.1692349597016]"
images/dark/john_honey/high/B/dark_john_honey_high_B_4.jpg,16,False,False,0.19031561398878694,"[1.4142135623730951, 1.4142135623730951, 2.0, 4.123105625617661, 189.39112967612817, 213.12203077110541, 221.41589825484527, 228.35498680782078, 244.468811916776, 248.3867951401604, 248.80916381837707, 249.0020080240318, 263.592488512097, 265.03584663211126, 285.40847920130193, 297.6743186773088]"
images/dark/john_honey/high/C/dark_john_honey_high_C_0.jpg,18,False,False,0.1963758390629664,"[0.0, 1.0, 1.0, 1.4142135623730951, 152.16109883935513, 184.97837711473198, 191.66898549321954, 203.85534086699815, 204.46271053666484, 206.92993983471797, 219.25555865245468, 221.35265979879256, 223.23082224459955, 228.63289352147035, 244.47699278255203, 276.8429157482633, 310.0612842649014, 571.8505049398838]"
images/dark/john_honey/high/C/dark_john_honey_high_C_1.jpg,16,False,False,0.18590519204735756,"[0.0, 1.0, 1.4142135623730951, 2.0, 192.66551326067673, 207.77150911518163, 220.4654167891191, 222.0495440211486, 224.1539649437413, 224.53952881397075, 229.63013739489858, 245.34873140083687, 277.74268667239465, 288.63991407980984, 560.8029957123981, 571.8505049398838]"
images/dark/john_honey/high/C/dark_john_honey_high_C_2.jpg,14,False,False,0.19077895395457745,"[1.0, 1.4142135623730951, 3.1622776601683795, 3.605551275463989, 138.2208377922808, 210.94312029549576, 223.55536227073597, 230.8679276123039, 300.9601302498389, 333.4936281250363, 334.1526597230673, 357.6548615634911, 371.33542788158525, 424.07782304666677]"
images/dark/john_honey/high/C/dark_john_honey_high_C_3.jpg,14,False,False,0.18798425793647766,"[1.0, 1.0, 2.23606797749979, 2.23606797749979, 192.37463450257678, 198.2447981663075, 219.8635940759634, 224.1093483101497, 229.42754847663784, 231.94827009486403, 240.05416055548798, 240.39342753078753, 255.21951336055793, 255.22539058643832]"
images/dark/john_honey/high/C/dark_john_honey_high_C_4.jpg,11,False,False,0.1790358469588682,"[1.0, 1.0, 1.4142135623730951, 1.4142135623730951, 168.14577009250038, 197.3854097951518, 202.41047403728888, 208.06249061279644, 219.73848092675985, 223.4323163734378, 230.9328906847182]"
images/dark/john_honey/high/D/dark_john_honey_high_D_0.jpg,16,False,False,0.1809235509717837,"[0.0, 1.0, 1.4142135623730951, 2.0, 181.61773041198373, 192.50974001333023, 193.49418595916518, 214.448128926321, 215.67104580819372, 223.61797781037194, 229.73027662891977, 234.36723320464404, 236.68122020980033, 254.07282420597446, 257.9379770409933, 298.6452745315084]"
images/dark/john_honey/high/D/dark_john_honey_high_D_1.jpg,14,False,False,0.19568344403523952,"[0.0, 2.0, 2.23606797749979, 2.8284271247461903, 182.53766734567415, 182.69373278796402, 189.16923639957952, 189.62067397834025, 218.1238180483736, 219.32852071721086, 222.64994947226015, 247.24279564832622, 296.5889411289639, 326.3326523656497]"
images/dark/john_honey/high/D/dark_john_honey_high_D_2.jpg,16,False,False,0.1872688690200448,"[0.0, 2.23606797749979, 2.23606797749979, 2.23606797749979, 181.79658962697843, 182.56231812726304, 190.07893097342483, 217.81643647805828, 218.51544567833184, 222.84748147555987, 233.23807579381202, 248.31633051412467, 298.7791826750987, 314.79675983084707, 328.6715685908959, 370.75328724098995]"
images/dark/john_honey/high/D/dark_john_honey_high_D_3.jpg,15,False,False,0.17338089901022613,"[1.0, 2.0, 2.23606797749979, 3.1622776601683795, 206.01456259206532, 209.1219739769114, 217.4971264177989, 222.05629916757596, 232.71012010653942, 235.68835355188853, 237.44683615495913, 244.98367292536048, 253.12645061312736, 259.5630944491146, 277.72108310317384]"
images/dark/john_honey/high/D/dark_john_honey_high_D_4.jpg,10,False,False,0.16290467197541147,"[1.0, 1.0, 1.0, 2.23606797749979, 198.45654436173174, 199.9199839935968, 206.1674077054858, 229.24441105510076, 250.0, 276.1340254296815]"
images/dark/john_honey/medium/A/dark_john_honey_medium_A_0.jpg,25,False,False,0.1568337370408699,"[1.4142135623730951, 1.4142135623730951, 2.23606797749979, 2.8284271247461903, 187.21645226849054, 207.36923590542548, 207.9663434308542, 216.1712284278368, 230.7552816296953, 233.95084953895764, 246.07315985291854, 246.14832926509982, 251.44581921360316, 251.46172671005024, 263.47295876427245, 276.21006498677775, 280.5084668953862, 301.0398644698074, 304.3057672802144, 321.97204847626136, 326.2529693351464, 331.621772505968, 342.96501279285036, 353.4543817807328, 637.7272144106757]"
images/dark/john_honey/medium/A/dark_john_honey_medium_A_1.jpg,28,False,False,0.1765978130279109,"[1.0, 2.0, 2.0, 2.23606797749979, 173.72679701186, 189.4887859478761, 205.62344224333955, 207.4246851269154, 210.02142747824567, 216.9446934128604, 232.99785406737118, 236.4571842850202, 245.93088459971838, 246.20316813558676, 252.81020549020565, 254.13579047430528, 265.36390108679063, 278.54802099458544, 282.68179990936807, 289.4995682207488, 303.64617567161946, 304.0148022712052, 305.49140740780257, 322.49030993194197, 328.5361471740971, 343.3496759864497, 356.0126402250347, 635.6138765005056]"
images/dark/john_honey/medium/A/dark_john_honey_medium_A_2.jpg,25,False,False,0.15483578795101494,"[0.0, 1.0, 2.0, 2.23606797749979, 144.55794685869054, 158.64425612041552, 178.89941307897016, 180.23595645708434, 182.0686683644388, 187.3846311734236, 202.19297712828703, 205.80087463370995, 219.79080963497995, 222.9910312097776, 223.27113561766106, 224.24317157942625, 235.23605165875404, 272.5013761433142, 297.55335655979417, 299.66648127543397, 319.4056981332675, 323.39449593337235, 325.41204648875555, 339.09438214160963, 356.2653505464712]"
images/dark/john_honey/medium/A/dark_john_honey_medium_A_3.jpg,24,False,False,0.157026179949753,"[1.0, 1.0, 1.4142135623730951, 3.0, 142.86357128393507, 145.8800877433243, 149.96666296213968, 166.4001201922643, 183.13383084509536, 184.81612483763422, 189.5521036549054, 193.65174928205528, 204.3624231604235, 210.41863035387337, 223.78784596130328, 224.0089283934906, 230.98268333362137, 242.24367896810023, 244.13111231467406, 260.40929322894755, 282.8745304901097, 308.8251932728287, 337.9363845459675, 368.72211758992705]"
images/dark/john_honey/medium/A/dark_john_honey_medium_A_4.jpg,26,False,False,0.1528630779357627,"[1.0, 1.0, 1.0, 1.4142135623730951, 145.0, 146.2942240828393, 157.15597347857954, 176.47946056127893, 184.43969204051496, 187.6006396577581, 188.4887264533346, 199.44924166313595, 201.1889659002203, 220.22715545545242, 224.72205054244233, 227.26416347501865, 228.96506283710622, 239.63305281200255, 250.49151682242655, 270.4163456597992, 294.24139749532185, 302.0149002946709, 321.26780106322514, 334.9820890734309, 350.5709628591621, 382.5232019106815]"
images/dark/john_honey/medium/B/dark_john_honey_medium_B_0.jpg,24,False,False,0.15363404504023492,"[1.0, 1.0, 2.0, 2.23606797749979, 147.49237268414933, 149.40548852033515, 154.77725931156684, 186.3866948041088, 188.04786624686813, 192.7615106809448, 198.56736892047493, 215.8008341040414, 226.71568097509268, 227.14092541856036, 233.07080469247967, 233.98504225697846, 246.16254792311523, 265.04716561397146, 287.08883642524313, 293.7515957403466, 313.94904045083496, 325.3013987058771, 342.6032691029086, 373.5264381539813]"
images/dark/john_honey/medium/B/dark_john_honey_medium_B_1.jpg,23,False,False,0.17355880502145737,"[0.0, 1.0, 1.4142135623730951, 2.23606797749979, 178.02527910383964, 208.12496246245908, 219.0091322296858, 223.6716343213864, 226.92069099136816, 238.6734170367534, 241.96074061715052, 249.26291340670798, 261.19724347703215, 271.4000736919576, 277.9370432310166, 285.3944638566067, 309.594896598765, 311.9054343867705, 340.898811966249, 341.4395993437199, 371.6517186829626, 375.04666376332426, 404.500927069395]"
images/dark/john_honey/medium/B/dark_john_honey_medium_B_2.jpg,23,False,False,0.15245560801122338,"[0.0, 1.0, 1.4142135623730951, 2.0, 285.2805636562014, 301.2507261402037, 305.8054937374409, 311.07876816009156, 315.41242841714404, 338.3031185194721, 339.4849039353591, 341.2696880767467, 342.0058479032193, 347.86779097812433, 348.5799764759875, 359.13507208291423, 379.71041597512175, 381.25057377006004, 382.0117799230804, 385.91449830240896, 389.27239819951274, 394.4616584663204, 400.1962018810274]"
images/dark/john_honey/medium/B/dark_john_honey_medium_B_3.jpg,22,False,False,0.16065718908794224,"[1.0, 1.0, 2.0, 2.23606797749979, 155.0129026887762, 163.24827717314508, 179.42686532400882, 193.75241933973368, 196.4306493396588, 197.9747458642137, 209.61870145576228, 229.0261993746567, 232.94849216082082, 235.762592452662, 237.68256141332708, 243.98770460824454, 247.42069436488129, 252.5173261382276, 258.8532402733255, 279.12183719659055, 301.9751645417219, 329.3706119252293]"
images/dark/john_honey/medium/B/dark_john_honey_medium_B_4.jpg,25,False,False,0.16139970999211073,"[0.0, 0.0, 1.0, 2.23606797749979, 182.3211452355431, 184.2199772011711, 195.0, 221.44299492194375, 223.37860237721964, 227.27076362788065, 231.10170921046864, 238.47222060441337, 244.9693858423946, 262.15453457836657, 267.54065111679756, 267.5761573832766, 278.1726082848561, 279.4011453090341, 288.62432329933665, 294.5522025040723, 296.0152023123137, 314.8745782053546, 315.65329081129505, 338.76392960290207, 366.0833238485468]"
images/dark/john_honey/medium/C/dark_john_honey_medium_C_0.jpg,23,False,False,0.16700234694872051,"[1.0, 1.0, 1.0, 1.0, 147.07821048680188, 162.04937519163718, 182.02472359545007, 182.6608879864543, 183.89671013914307, 190.4337155022713, 190.60167890131504, 206.69300907384363, 211.45448682872635, 220.95248357961492, 223.00896842952304, 231.65707414193074, 238.0693176366917, 255.80070367377803, 277.2435752186153, 302.9471901173536, 330.72798490602514, 362.03452874000845, 394.49207850095036]"
images/dark/john_honey/medium/C/dark_john_honey_medium_C_1.jpg,24,False,False,0.1842149009462446,"[1.0, 1.0, 1.4142135623730951, 2.23606797749979, 148.24641648282767, 164.40194646049662, 182.0988742414406, 183.35757415498276, 189.88944151795275, 191.88017094009479, 208.4346420343797, 213.90184664934523, 221.46105752479374, 223.0022421411946, 227.771815640127, 229.8194943863553, 231.14497615133234, 257.60628874311277, 279.32955446926843, 316.36213427020624, 333.75589882427545, 349.91427521608773, 364.6066373504465, 397.6153920561929]"
images/dark/john_honey/medium/C/dark_john_honey_medium_C_2.jpg,23,False,False,0.16996242303866893,"[1.0, 1.0, 2.0, 2.23606797749979, 210.3734774157617, 213.45959805077868, 223.37860237721964, 249.65776575143823, 250.1619475459847, 255.6501515743732, 256.2225595063791, 267.52943763257156, 267.7778930382417, 289.21445330411825, 291.04295215655026, 293.6800980659057, 296.952858211535, 302.27470949452584, 307.7823906593748, 323.9753077010654, 330.55256768024054, 356.11374587342175, 365.0342449688796]"
images/dark/john_honey/medium/C/dark_john_honey_medium_C_3.jpg,24,False,False,0.17457081901375204,"[0.0, 1.0, 1.0, 2.23606797749979, 217.00691233230336, 219.0091322296858, 226.73773395709856, 256.8598839834668, 258.07169546465184, 260.5551764981844, 266.101484400219, 270.85235830614437, 297.13464961192255, 297.4861341306515, 301.80291582421796, 302.00165562460086, 311.0401903291599, 312.694739322554, 318.39912060180063, 325.7299494980466, 327.75753233144775, 346.4390278245221, 356.8094729684177, 368.6475281349381]"
images/dark/john_honey/medium/C/dark_john_honey_medium_C_4.jpg,21,False,False,0.1584142850479111,"[0.0, 2.23606797749979, 2.23606797749979, 2.23606797749979, 193.49935400408964, 196.1249601657066, 199.6722314193939, 232.55106965997814, 234.53997527074142, 238.01890681204299, 248.60008045050992, 265.1735280905694, 273.26360899322106, 273.6073829413234, 278.31277369175854, 278.5982770944573, 289.6204412675321, 304.6653902234384, 305.6550343115585, 324.71064041697184, 325.3459696999488]"
images/dark/john_honey/medium/D/dark_john_honey_medium_D_0.jpg,22,False,False,0.15188896702602506,"[0.0, 1.0, 2.0, 2.23606797749979, 127.88275880665071, 133.9328189802634, 149.6262009141447, 168.34488409215172, 169.0, 176.6635219845908, 177.12425017484196, 193.60010330575756, 207.80038498520642, 209.0598000573042, 212.56528408938277, 215.6965461012299, 218.47654336335515, 265.8759109058209, 291.73275441746335, 338.7742611238345, 352.38898961233167, 385.9663197741482]"
images/dark/john_honey/medium/D/dark_john_honey_medium_D_1.jpg,25,False,False,0.15111701900605112,"[0.0, 1.0, 1.0, 1.4142135623730951, 133.9328189802634, 149.6262009141447, 168.34488409215172, 169.0, 172.246915792417, 176.6635219845908, 177.12425017484196, 193.60010330575756, 206.81392603013947, 209.0598000573042, 212.56528408938277, 218.47654336335515, 220.7306050369998, 224.37914341578184, 247.24481794367298, 264.4617174564213, 291.73275441746335, 320.89406351629503, 338.7742611238345, 352.38898961233167, 385.9663197741482]"
images/dark/john_honey/medium/D/dark_john_honey_medium_D_2.jpg,24,False,False,0.15413137094583362,"[0.0, 1.0, 1.4142135623730951, 2.0, 153.07514494521962, 167.0478973228936, 178.16004041310723, 178.36199146679206, 196.33135256499406, 203.19448811422026, 207.1955597979841, 207.48011952955878, 207.8942038634074, 207.9663434308542, 217.83020910791964, 220.87100307645636, 235.5674001214939, 235.80076335754302, 247.81444671366518, 251.88290930509754, 256.5618833731932, 258.11818998280614, 282.6057324259365, 310.7104761671225]"
images/dark/john_honey/medium/D/dark_john_honey_medium_D_3.jpg,23,False,False,0.1624449590453878,"[1.4142135623730951, 2.0, 2.23606797749979, 2.23606797749979, 152.029602380589, 190.53870997778904, 194.82556300444764, 219.93862780330335, 233.45235059857504, 242.00206610688264, 262.24606765402604, 265.0018867857359, 297.80026863654774, 298.0067113338221, 307.3271872125862, 327.79414271765137, 332.54323027239633, 333.6240399012038, 359.3563690822802, 366.836475830853, 393.49841168675636, 402.3157963590294, 427.9836445473121]"
images/dark/john_honey/medium/D/dark_john_honey_medium_D_4.jpg,22,False,False,0.13984756194986403,"[1.0, 2.0, 2.23606797749979, 2.23606797749979, 150.4027925272666, 154.3243337908834, 157.33403954643762, 190.24720760105785, 192.04166214652486, 197.39554199626699, 200.44949488586894, 210.83880098312076, 216.33538776631067, 229.9652147608416, 232.13789005675054, 241.61539686038222, 244.1823089414956, 255.88473967784793, 259.6247291765559, 313.8470965295043, 332.6048706799105, 361.7070637961056]"
images/dark/john_honey/short/A/dark_john_honey_short_A_0.jpg,4,True,True,0.11357915797270834,"[1.4142135623730951, 1.4142135623730951, 2.0, 3.1622776601683795]"
images/dark/john_honey/short/A/dark_john_honey_short_A_1.jpg,4,True,True,0.13179646304342896,"[0.0, 1.4142135623730951, 1.4142135623730951, 3.605551275463989]"
images/dark/john_honey/short/A/dark_john_honey_short_A_2.jpg,5,False,False,0.13497605500742793,"[0.0, 1.0, 1.0, 1.4142135623730951, 257.97868128975307]"
images/dark/john_honey/short/A/dark_john_honey_short_A_3.jpg,5,False,False,0.11964397097472101,"[0.0, 2.0, 2.23606797749979, 3.0, 349.54255821001254]"
images/dark/john_honey/short/A/dark_john_honey_short_A_4.jpg,4,True,True,0.11057978495955467,"[1.0, 1.4142135623730951, 1.4142135623730951, 2.23606797749979]"
images/dark/john_honey/short/B/dark_john_honey_short_B_0.jpg,4,True,True,0.12067574402317405,"[0.0, 1.0, 1.4142135623730951, 2.23606797749979]"
images/dark/john_honey/short/B/dark_john_honey_short_B_1.jpg,4,True,True,0.11612211505416781,"[1.4142135623730951, 1.4142135623730951, 2.23606797749979, 2.23606797749979]"
images/dark/john_honey/short/B/dark_john_honey_short_B_2.jpg,4,True,True,0.11947500298265368,"[0.0, 1.4142135623730951, 2.23606797749979, 2.23606797749979]"
images/dark/john_honey/short/B/dark_john_honey_short_B_3.jpg,9,False,False,0.14577788393944502,"[1.0, 1.4142135623730951, 2.23606797749979, 3.0, 119.60351165413162, 144.51643505151932, 198.6454127333425, 282.8462479864281, 445.1539059696096]"
images/dark/john_honey/short/B/dark_john_honey_short_B_4.jpg,7,False,False,0.10040780901908875,"[1.0, 1.0, 1.0, 1.4142135623730951, 296.6513104639856, 321.0763149159402, 330.056055845064]"
images/dark/john_honey/short/C/dark_john_honey_short_C_0.jpg,6,False,False,0.11936097196303308,"[1.0, 1.4142135623730951, 1.4142135623730951, 2.23606797749979, 190.67249408344142, 254.0019684963091]"
images/dark/john_honey/short/C/dark_john_honey_short_C_1.jpg,4,True,True,0.11872264300473034,"[0.0, 0.0, 1.0, 1.0]"
images/dark/john_honey/short/C/dark_john_honey_short_C_2.jpg,4,True,True,0.12355598493013531,"[0.0, 1.4142135623730951, 1.4142135623730951, 2.23606797749979]"
images/dark/john_honey/short/C/dark_john_honey_short_C_3.jpg,5,False,False,0.15335126605350524,"[1.4142135623730951, 1.4142135623730951, 2.23606797749979, 2.23606797749979, 367.78934187928826]"
images/dark/john_honey/short/C/dark_john_honey_short_C_4.jpg,4,True,True,0.14282089401967824,"[1.0, 2.0, 2.8284271247461903, 4.0]"
images/dark/john_honey/short/D/dark_john_honey_short_D_0.jpg,5,False,False,0.1567966639995575,"[0.0, 1.0, 1.0, 2.8284271247461903, 360.2846097184835]"
images/dark/john_honey/short/D/dark_john_honey_short_D_1.jpg,5,False,False,0.18253648199606687,"[0.0, 0.0, 1.4142135623730951, 2.23606797749979, 310.82149217838844]"
images/dark/john_honey/short/D/dark_john_honey_short_D_2.jpg,4,True,True,0.16547087393701077,"[0.0, 2.0, 2.23606797749979, 3.1622776601683795]"
images/dark/john_honey/short/D/dark_john_honey_short_D_3.jpg,5,False,False,0.16715513297822326,"[1.0, 1.0, 2.0, 2.8284271247461903, 502.5146764025903]"
images/dark/john_honey/short/D/dark_john_honey_short_D_4.jpg,4,True,True,0.14698076900094748,"[1.0, 1.4142135623730951, 2.23606797749979, 4.47213595499958]"
images/dark/michaels/high/A/dark_michaels_high_A_0.jpg,6,False,False,0.13681394304148853,"[1.0, 1.0, 1.4142135623730951, 3.1622776601683795, 322.1816257951406, 377.1604433129222]"
images/dark/michaels/high/A/dark_michaels_high_A_1.jpg,6,False,False,0.14230934099759907,"[0.0, 1.0, 2.0, 2.23606797749979, 310.00645154577023, 353.3624201864143]"
images/dark/michaels/high/A/dark_michaels_high_A_2.jpg,6,False,False,0.13757481891661882,"[0.0, 1.0, 1.4142135623730951, 2.0, 241.93387526346947, 467.4056054434949]"
images/dark/michaels/high/A/dark_michaels_high_A_3.jpg,5,False,False,0.13857263699173927,"[1.0, 1.4142135623730951, 2.0, 2.0, 261.16852796613915]"
images/dark/michaels/high/A/dark_michaels_high_A_4.jpg,5,False,False,0.12464209401514381,"[1.0, 1.0, 1.4142135623730951, 1.4142135623730951, 419.36261159049457]"
images/dark/michaels/high/B/dark_michaels_high_B_0.jpg,5,False,False,0.1353589480277151,"[1.0, 1.0, 2.23606797749979, 3.1622776601683795, 522.5514328752721]"
images/dark/michaels/high/B/dark_michaels_high_B_1.jpg,8,False,False,0.1620566250057891,"[0.0, 1.0, 1.0, 2.23606797749979, 135.15176654413364, 247.58836806279893, 575.9183969973524, 601.6992604283306]"
images/dark/michaels/high/B/dark_michaels_high_B_2.jpg,7,False,False,0.17496721795760095,"[1.0, 2.0, 2.0, 2.23606797749979, 258.6058777367599, 595.0210080324896, 606.6934975751759]"
images/dark/michaels/high/B/dark_michaels_high_B_3.jpg,7,False,False,0.15860926394816488,"[1.0, 1.0, 2.23606797749979, 3.1622776601683795, 128.70120434556935, 538.3623315203247, 549.4770240874499]"
images/dark/michaels/high/B/dark_michaels_high_B_4.jpg,7,False,False,0.13838574406690896,"[0.0, 1.4142135623730951, 2.0, 2.23606797749979, 487.6412615847843, 501.60143540464475, 551.3302095840568]"
images/dark/michaels/high/C/dark_michaels_high_C_0.jpg,7,False,False,0.1470155658898875,"[0.0, 1.0, 1.0, 3.0, 228.95414388038492, 258.11818998280614, 508.86245685843244]"
images/dark/michaels/high/C/dark_michaels_high_C_1.jpg,7,False,False,0.1450446710223332,"[1.0, 1.4142135623730951, 2.23606797749979, 2.23606797749979, 236.47621444872632, 276.06520968785617, 448.3056992722711]"
images/dark/michaels/high/C/dark_michaels_high_C_2.jpg,7,False,False,0.16140296694356948,"[1.0, 1.4142135623730951, 2.0, 2.23606797749979, 158.60012610335465, 203.00246303924493, 476.9318609612908]"
images/dark/michaels/high/C/dark_michaels_high_C_3.jpg,7,False,False,0.15828488394618034,"[1.0, 1.0, 1.4142135623730951, 2.0, 202.35612172603032, 247.00809703327542, 456.31677593531447]"
images/dark/michaels/high/C/dark_michaels_high_C_4.jpg,5,False,False,0.12434700096491724,"[0.0, 1.4142135623730951, 2.0, 2.0, 458.2630249103674]"
images/dark/michaels/high/D/dark_michaels_high_D_0.jpg,7,False,False,0.17062891693785787,"[1.0, 1.4142135623730951, 1.4142135623730951, 3.1622776601683795, 176.13914953808538, 215.5736533067063, 613.8705075176686]"
images/dark/michaels/high/D/dark_michaels_high_D_1.jpg,6,False,False,0.17578667891211808,"[1.0, 1.4142135623730951, 2.0, 2.23606797749979, 287.862814548875, 662.9223182243904]"
images/dark/michaels/high/D/dark_michaels_high_D_2.jpg,8,False,False,0.17254178004805,"[0.0, 1.4142135623730951, 2.23606797749979, 3.0, 230.4951192541829, 271.1180554666177, 558.4630695041526, 563.4935669552937]"
images/dark/michaels/high/D/dark_michaels_high_D_3.jpg,7,False,False,0.14848552003968507,"[2.0, 2.23606797749979, 2.23606797749979, 2.23606797749979, 313.53628179207584, 325.0, 339.29927792437167]"
images/dark/michaels/high/D/dark_michaels_high_D_4.jpg,5,False,False,0.11733025999274105,"[1.0, 1.4142135623730951, 1.4142135623730951, 2.23606797749979, 473.0169130168603]"
images/dark/michaels/medium/A/dark_michaels_medium_A_0.jpg,6,False,False,0.17997705400921404,"[0.0, 0.0, 1.0, 2.23606797749979, 167.29913329123974, 564.1817083174533]"
images/dark/michaels/medium/A/dark_michaels_medium_A_1.jpg,9,False,False,0.18755628704093397,"[1.4142135623730951, 1.4142135623730951, 2.0, 2.23606797749979, 200.89798406156294, 218.908656749796, 238.8493248891443, 366.4560000873229, 563.8528176749674]"
images/dark/michaels/medium/A/dark_michaels_medium_A_2.jpg,8,False,False,0.18829242698848248,"[1.0, 2.0, 3.0, 3.1622776601683795, 142.87407042567241, 176.8530463407402, 304.9458968407347, 527.5016587651645]"
images/dark/michaels/medium/A/dark_michaels_medium_A_3.jpg,6,False,False,0.17858649394474924,"[1.0, 2.23606797749979, 2.23606797749979, 2.23606797749979, 523.9169781558907, 538.5805417948183]"
images/dark/michaels/medium/A/dark_michaels_medium_A_4.jpg,4,True,True,0.13619769597426057,"[1.4142135623730951, 2.23606797749979, 2.23606797749979, 3.1622776601683795]"
images/dark/michaels/medium/B/dark_michaels_medium_B_0.jpg,6,False,False,0.17688483197707683,"[0.0, 1.4142135623730951, 2.0, 2.23606797749979, 278.2804340948174, 577.8797452757797]"
images/dark/michaels/medium/B/dark_michaels_medium_B_1.jpg,7,False,False,0.1695950690191239,"[0.0, 0.0, 1.0, 2.0, 327.88565079917726, 372.3237838226293, 589.9093150646123]"
images/dark/michaels/medium/B/dark_michaels_medium_B_2.jpg,6,False,False,0.17294599500019103,"[1.0, 2.23606797749979, 2.8284271247461903, 2.8284271247461903, 191.09421759959145, 591.1429607125505]"
images/dark/michaels/medium/B/dark_michaels_medium_B_3.jpg,6,False,False,0.1795327819418162,"[1.0, 1.0, 1.0, 2.23606797749979, 208.1465829649865, 238.88281646028875]"
images/dark/michaels/medium/B/dark_michaels_medium_B_4.jpg,4,True,True,0.14300596294924617,"[1.0, 1.4142135623730951, 2.0, 2.0]"
images/dark/michaels/medium/C/dark_michaels_medium_C_0.jpg,7,False,False,0.17564829101320356,"[1.0, 1.0, 1.0, 2.0, 197.12178976460214, 217.63501556505102, 419.71061459057717]"
images/dark/michaels/medium/C/dark_michaels_medium_C_1.jpg,5,False,False,0.17338933504652232,"[0.0, 0.0, 2.0, 2.23606797749979, 419.5473751556551]"
images/dark/michaels/medium/C/dark_michaels_medium_C_2.jpg,6,False,False,0.17323145794216543,"[0.0, 1.0, 2.23606797749979, 2.23606797749979, 636.9552574553412, 667.3027798533436]"
images/dark/michaels/medium/C/dark_michaels_medium_C_3.jpg,7,False,False,0.1726850379491225,"[1.0, 1.4142135623730951, 1.4142135623730951, 2.0, 476.7661900764357, 527.3755777432247, 560.6826196699876]"
images/dark/michaels/medium/C/dark_michaels_medium_C_4.jpg,5,False,False,0.14929005200974643,"[1.0, 1.4142135623730951, 2.0, 2.0, 478.5916840063145]"
images/dark/michaels/medium/D/dark_michaels_medium_D_0.jpg,6,False,False,0.1705508950399235,"[1.4142135623730951, 2.0, 2.23606797749979, 2.8284271247461903, 290.66303514551004, 319.10499839394555]"
images/dark/michaels/medium/D/dark_michaels_medium_D_1.jpg,6,False,False,0.1555109079927206,"[1.0, 1.0, 1.4142135623730951, 3.1622776601683795, 470.00531911883724, 494.5806304335017]"
images/dark/michaels/medium/D/dark_michaels_medium_D_2.jpg,7,False,False,0.1830877229804173,"[1.0, 1.0, 1.4142135623730951, 2.0, 186.11824198610947, 233.34952324785237, 235.00851048419503]"
images/dark/michaels/medium/D/dark_michaels_medium_D_3.jpg,7,False,False,0.18193609698209912,"[1.0, 1.0, 1.4142135623730951, 2.0, 183.41483037093812, 218.4055860091495, 632.2475780894696]"
images/dark/michaels/medium/D/dark_michaels_medium_D_4.jpg,4,True,True,0.15010313095990568,"[0.0, 1.0, 2.0, 2.23606797749979]"
images/dark/michaels/short/A/dark_michaels_short_A_0.jpg,4,True,True,0.15550913498736918,"[0.0, 1.0, 1.0, 2.8284271247461903]"
images/dark/michaels/short/A/dark_michaels_short_A_1.jpg,4,True,True,0.15145932394079864,"[1.4142135623730951, 1.4142135623730951, 1.4142135623730951, 2.0]"
images/dark/michaels/short/A/dark_michaels_short_A_2.jpg,7,False,False,0.15598350600339472,"[0.0, 1.0, 2.0, 2.0, 330.08180804158235, 337.0237380363585, 361.08309293014537]"
images/dark/michaels/short/A/dark_michaels_short_A_3.jpg,9,False,False,0.15242415596731007,"[1.0, 1.4142135623730951, 3.1622776601683795, 3.1622776601683795, 232.34887561595818, 241.53053637169774, 257.390753524675, 269.14122686797725, 292.32345099221857]"
images/dark/michaels/short/A/dark_michaels_short_A_4.jpg,5,False,False,0.1352506980765611,"[1.4142135623730951, 1.4142135623730951, 2.23606797749979, 2.8284271247461903, 529.0907294595135]"
images/dark/michaels/short/B/dark_michaels_short_B_0.jpg,5,False,False,0.16337799991015345,"[1.0, 2.23606797749979, 2.8284271247461903, 3.1622776601683795, 658.5931976569451]"
images/dark/michaels/short/B/dark_michaels_short_B_1.jpg,5,False,False,0.16854432004038244,"[1.4142135623730951, 2.0, 2.23606797749979, 3.1622776601683795, 206.95168518279817]"
images/dark/michaels/short/B/dark_michaels_short_B_2.jpg,6,False,False,0.1660050810314715,"[1.4142135623730951, 1.4142135623730951, 1.4142135623730951, 1.4142135623730951, 211.1492363235065, 255.12545933324648]"
images/dark/michaels/short/B/dark_michaels_short_B_3.jpg,6,False,False,0.16162788297515363,"[0.0, 1.0, 1.4142135623730951, 3.0, 233.09440147716975, 280.8558349046713]"
images/dark/michaels/short/B/dark_michaels_short_B_4.jpg,4,True,True,0.13630804000422359,"[0.0, 1.4142135623730951, 2.0, 2.23606797749979]"
images/dark/michaels/short/C/dark_michaels_short_C_0.jpg,4,True,True,0.1433321670629084,"[1.4142135623730951, 2.0, 3.0, 3.0]"
images/dark/michaels/short/C/dark_michaels_short_C_1.jpg,4,True,True,0.13871746801305562,"[1.0, 2.23606797749979, 2.8284271247461903, 3.0]"
images/dark/michaels/short/C/dark_michaels_short_C_2.jpg,4,True,True,0.1601877580396831,"[0.0, 1.4142135623730951, 2.0, 2.23606797749979]"
images/dark/michaels/short/C/dark_michaels_short_C_3.jpg,6,False,False,0.18890244094654918,"[1.0, 1.0, 1.4142135623730951, 2.23606797749979, 607.7869692581439, 656.4937166492913]"
images/dark/michaels/short/C/dark_michaels_short_C_4.jpg,4,True,True,0.1482832879992202,"[0.0, 0.0, 1.0, 1.0]"
images/dark/michaels/short/D/dark_michaels_short_D_0.jpg,6,False,False,0.15693345002364367,"[1.0, 1.0, 1.4142135623730951, 1.4142135623730951, 288.334874755032, 336.09076155110245]"
images/dark/michaels/short/D/dark_michaels_short_D_1.jpg,7,False,False,0.17925774795003235,"[1.0, 1.4142135623730951, 2.23606797749979, 2.23606797749979, 157.17824276915684, 202.76587484091104, 642.4398804557513]"
images/dark/michaels/short/D/dark_michaels_short_D_2.jpg,6,False,False,0.16847801092080772,"[1.0, 1.4142135623730951, 1.4142135623730951, 2.23606797749979, 335.77373333838966, 370.912388577141]"
images/dark/michaels/short/D/dark_michaels_short_D_3.jpg,7,False,False,0.17279932007659227,"[2.0, 2.0, 2.23606797749979, 3.1622776601683795, 211.00947846009194, 264.43902888945877, 522.4327707944823]"
images/dark/michaels/short/D/dark_michaels_short_D_4.jpg,4,True,True,0.1476299490313977,"[1.4142135623730951, 1.4142135623730951, 2.23606797749979, 2.8284271247461903]"
