,0,1,2,3
"(1, 300, np.float64(0.1), 120)",0.0,0.5270833333333333,58345852.62291667,57245002.0
"(1, 300, np.float64(0.1), 130)",0.0,0.61875,67123471.68333334,66000430.0
"(1, 300, np.float64(0.1), 140)",0.0,0.6854166666666667,61205053.81041667,59728671.5
"(1, 300, np.float64(0.1), 150)",0.0,0.73125,50604863.69583333,48218037.0
"(1, 300, np.float64(0.1), 160)",0.0,0.775,38926859.795833334,38053143.0
"(1, 300, np.float64(0.1), 170)",0.0,0.80625,33815744.06666667,32964554.5
"(1, 300, np.float64(0.1), 180)",0.0,0.8020833333333334,31989063.889583334,31301282.0
"(1, 300, np.float64(0.1), 190)",0.0,0.4895833333333333,27156002.375,24883440.0
"(1, 300, np.float64(0.1), 200)",0.0,0.15,22526159.94375,20291595.0
"(1, 300, np.float64(0.1), 210)",0.0,0.035416666666666666,19348424.764583334,17674521.0
"(1, 300, np.float64(0.2), 120)",0.0,0.5270833333333333,58768534.39791667,59248014.5
"(1, 300, np.float64(0.2), 130)",0.0,0.61875,63662842.53541667,63276893.0
"(1, 300, np.float64(0.2), 140)",0.0,0.6854166666666667,60333218.15833333,58966091.0
"(1, 300, np.float64(0.2), 150)",0.0,0.73125,50442209.87916667,49729575.0
"(1, 300, np.float64(0.2), 160)",0.0,0.775,39511709.072916664,38432150.5
"(1, 300, np.float64(0.2), 170)",0.0,0.80625,31158796.335416667,29868211.0
"(1, 300, np.float64(0.2), 180)",0.0,0.8020833333333334,30488412.535416666,28821626.0
"(1, 300, np.float64(0.2), 190)",0.0,0.4895833333333333,27919575.435416665,25863727.5
"(1, 300, np.float64(0.2), 200)",0.0,0.15,22995064.5875,21094469.5
"(1, 300, np.float64(0.2), 210)",0.0,0.035416666666666666,18886290.0625,17056877.5
"(1, 300, np.float64(0.30000000000000004), 120)",0.0,0.5270833333333333,56817258.891666666,56044334.5
"(1, 300, np.float64(0.30000000000000004), 130)",0.0,0.61875,65816419.764583334,64841066.5
"(1, 300, np.float64(0.30000000000000004), 140)",0.0,0.6854166666666667,62006710.327083334,60852763.5
"(1, 300, np.float64(0.30000000000000004), 150)",0.0,0.73125,50127881.139583334,48571887.0
"(1, 300, np.float64(0.30000000000000004), 160)",0.0,0.775,39514303.025,38320048.5
"(1, 300, np.float64(0.30000000000000004), 170)",0.0,0.8041666666666667,32874477.020833332,32185598.0
"(1, 300, np.float64(0.30000000000000004), 180)",0.0,0.8020833333333334,30594296.983333334,29094827.5
"(1, 300, np.float64(0.30000000000000004), 190)",0.0,0.4895833333333333,29556361.33125,27033950.0
"(1, 300, np.float64(0.30000000000000004), 200)",0.0,0.15,23358838.252083335,21557695.5
"(1, 300, np.float64(0.30000000000000004), 210)",0.0,0.035416666666666666,18156969.139583334,16446398.5
"(1, 300, np.float64(0.4), 120)",0.0,0.5270833333333333,57516095.635416664,57147550.5
"(1, 300, np.float64(0.4), 130)",0.0,0.61875,64598034.69166667,63507166.5
"(1, 300, np.float64(0.4), 140)",0.0,0.6854166666666667,61858075.51875,61432181.5
"(1, 300, np.float64(0.4), 150)",0.0,0.73125,49403799.770833336,48058980.0
"(1, 300, np.float64(0.4), 160)",0.0,0.775,39069976.2,37957945.5
"(1, 300, np.float64(0.4), 170)",0.0,0.8,32356277.591666665,31405354.0
"(1, 300, np.float64(0.4), 180)",0.0,0.8020833333333334,30373494.88125,29137062.0
"(1, 300, np.float64(0.4), 190)",0.0,0.4895833333333333,26672330.214583334,24356666.5
"(1, 300, np.float64(0.4), 200)",0.0,0.15,24041403.114583332,22058533.0
"(1, 300, np.float64(0.4), 210)",0.0,0.035416666666666666,18348377.80625,16483417.0
"(1, 300, np.float64(0.5), 120)",0.0,0.5270833333333333,56788135.2625,55531531.0
"(1, 300, np.float64(0.5), 130)",0.0,0.61875,64534741.485416666,64064101.5
"(1, 300, np.float64(0.5), 140)",0.0,0.6854166666666667,58788165.96875,58235170.5
"(1, 300, np.float64(0.5), 150)",0.0,0.73125,49440937.24375,48486143.0
"(1, 300, np.float64(0.5), 160)",0.0,0.775,39807021.59166667,38456067.0
"(1, 300, np.float64(0.5), 170)",0.0,0.7979166666666667,33045406.94375,32498799.5
"(1, 300, np.float64(0.5), 180)",0.0,0.8,32347295.829166666,30895320.0
"(1, 300, np.float64(0.5), 190)",0.0,0.4895833333333333,27013819.55625,24900320.5
"(1, 300, np.float64(0.5), 200)",0.0,0.15,23427190.841666665,21525222.5
"(1, 300, np.float64(0.5), 210)",0.0,0.035416666666666666,19406525.3,17664452.5
"(1, 300, np.float64(0.6), 120)",0.0,0.53125,56070770.65416667,54303935.0
"(1, 300, np.float64(0.6), 130)",0.0,0.6229166666666667,65212842.03541667,64527076.0
"(1, 300, np.float64(0.6), 140)",0.0,0.6854166666666667,60199156.422916666,59569280.0
"(1, 300, np.float64(0.6), 150)",0.0,0.7333333333333333,52159667.03958333,51360745.5
"(1, 300, np.float64(0.6), 160)",0.0,0.775,39693861.666666664,38887717.0
"(1, 300, np.float64(0.6), 170)",0.0,0.7979166666666667,32553501.125,32038190.0
"(1, 300, np.float64(0.6), 180)",0.0,0.8,30271472.522916667,28925743.0
"(1, 300, np.float64(0.6), 190)",0.0,0.4895833333333333,27665812.214583334,25527883.5
"(1, 300, np.float64(0.6), 200)",0.0,0.15208333333333332,22109311.30625,20181846.5
"(1, 300, np.float64(0.6), 210)",0.0,0.035416666666666666,17794966.38125,16000694.0
"(1, 300, np.float64(0.7000000000000001), 120)",0.0,0.5395833333333333,57059929.16041667,55519434.5
"(1, 300, np.float64(0.7000000000000001), 130)",0.0,0.6375,63200375.59375,62232941.0
"(1, 300, np.float64(0.7000000000000001), 140)",0.0,0.7020833333333333,58365953.5,57519800.0
"(1, 300, np.float64(0.7000000000000001), 150)",0.0,0.7479166666666667,50554131.33125,49546154.0
"(1, 300, np.float64(0.7000000000000001), 160)",0.0,0.7875,38972978.68333333,37849120.0
"(1, 300, np.float64(0.7000000000000001), 170)",0.0,0.8083333333333333,31848170.866666667,30994634.5
"(1, 300, np.float64(0.7000000000000001), 180)",0.0,0.8020833333333334,30638005.154166665,29686151.5
"(1, 300, np.float64(0.7000000000000001), 190)",0.0,0.49375,29065320.879166666,27107367.0
"(1, 300, np.float64(0.7000000000000001), 200)",0.0,0.16041666666666668,23523620.429166667,21637712.0
"(1, 300, np.float64(0.7000000000000001), 210)",0.0,0.0375,18753641.76875,17219717.5
"(1, 300, np.float64(0.8), 120)",0.0,0.5416666666666666,56523878.5625,54716815.0
"(1, 300, np.float64(0.8), 130)",0.0,0.6541666666666667,64223904.479166664,63547583.0
"(1, 300, np.float64(0.8), 140)",0.0,0.7208333333333333,60586124.360416666,60002712.5
"(1, 300, np.float64(0.8), 150)",0.0,0.7666666666666667,49485226.6625,48413157.0
"(1, 300, np.float64(0.8), 160)",0.0,0.8083333333333333,39404094.00416667,38790578.0
"(1, 300, np.float64(0.8), 170)",0.0,0.85,32607956.952083334,31910760.0
"(1, 300, np.float64(0.8), 180)",0.0,0.8166666666666667,31626401.460416667,30597718.0
"(1, 300, np.float64(0.8), 190)",0.0,0.49583333333333335,28122623.3125,25956986.0
"(1, 300, np.float64(0.8), 200)",0.0,0.16666666666666666,22157835.689583335,20433084.5
"(1, 300, np.float64(0.8), 210)",0.0,0.03958333333333333,16930306.3,15219265.0
"(1, 300, np.float64(0.9), 120)",0.0,0.0020833333333333333,56730979.17916667,55326990.0
"(1, 300, np.float64(0.9), 130)",0.0,0.010416666666666666,63651091.7875,63010802.5
"(1, 300, np.float64(0.9), 140)",0.0,0.0125,58563894.69166667,57831852.0
"(1, 300, np.float64(0.9), 150)",0.0,0.014583333333333334,48629279.81875,47121858.0
"(1, 300, np.float64(0.9), 160)",0.0,0.016666666666666666,39196173.235416666,38112218.0
"(1, 300, np.float64(0.9), 170)",0.0,0.010416666666666666,32050873.695833333,31184642.5
"(1, 300, np.float64(0.9), 180)",0.0,0.00625,30568118.377083335,29222858.5
"(1, 300, np.float64(0.9), 190)",0.0,0.0,26616321.620833334,24496419.0
"(1, 300, np.float64(0.9), 200)",0.0,0.0020833333333333333,23696353.860416666,22031517.5
"(1, 300, np.float64(0.9), 210)",0.0,0.0,17645798.029166665,16078115.0
"(1, 310, np.float64(0.1), 120)",0.0,0.5270833333333333,59179509.291666664,58423236.0
"(1, 310, np.float64(0.1), 130)",0.0,0.61875,65177649.52916667,63966504.0
"(1, 310, np.float64(0.1), 140)",0.0,0.6854166666666667,62215883.84583333,60895672.5
"(1, 310, np.float64(0.1), 150)",0.0,0.73125,51510749.77708333,50521263.5
"(1, 310, np.float64(0.1), 160)",0.0,0.7770833333333333,40164692.125,38468978.0
"(1, 310, np.float64(0.1), 170)",0.0,0.8083333333333333,34159118.65625,33636867.0
"(1, 310, np.float64(0.1), 180)",0.0,0.80625,30886510.914583333,29608314.5
"(1, 310, np.float64(0.1), 190)",0.0,0.49166666666666664,28635558.79375,26344055.0
"(1, 310, np.float64(0.1), 200)",0.0,0.15,23123386.7125,21401075.0
"(1, 310, np.float64(0.1), 210)",0.0,0.035416666666666666,18104530.939583335,16289630.5
"(1, 310, np.float64(0.2), 120)",0.0,0.5270833333333333,56757271.31458333,55673034.5
"(1, 310, np.float64(0.2), 130)",0.0,0.61875,65022274.204166666,63965343.0
"(1, 310, np.float64(0.2), 140)",0.0,0.6854166666666667,61057845.114583336,59978593.0
"(1, 310, np.float64(0.2), 150)",0.0,0.73125,52006890.56041667,50456595.0
"(1, 310, np.float64(0.2), 160)",0.0,0.7770833333333333,39316506.19583333,38095298.0
"(1, 310, np.float64(0.2), 170)",0.0,0.8083333333333333,32586772.802083332,31461439.5
"(1, 310, np.float64(0.2), 180)",0.0,0.80625,31252344.514583334,29603950.0
"(1, 310, np.float64(0.2), 190)",0.0,0.49166666666666664,28213530.53125,26001691.0
"(1, 310, np.float64(0.2), 200)",0.0,0.15,24085629.197916668,22357644.0
"(1, 310, np.float64(0.2), 210)",0.0,0.035416666666666666,17523221.770833332,15731382.5
"(1, 310, np.float64(0.30000000000000004), 120)",0.0,0.5270833333333333,57793854.05833333,57504866.0
"(1, 310, np.float64(0.30000000000000004), 130)",0.0,0.61875,64700232.204166666,64113729.5
"(1, 310, np.float64(0.30000000000000004), 140)",0.0,0.6854166666666667,59359024.87916667,58308273.0
"(1, 310, np.float64(0.30000000000000004), 150)",0.0,0.73125,51296772.49583333,50866771.0
"(1, 310, np.float64(0.30000000000000004), 160)",0.0,0.7770833333333333,39115324.025,38012915.0
"(1, 310, np.float64(0.30000000000000004), 170)",0.0,0.80625,33634195.802083336,32477196.5
"(1, 310, np.float64(0.30000000000000004), 180)",0.0,0.80625,32336283.2625,31144713.5
"(1, 310, np.float64(0.30000000000000004), 190)",0.0,0.49166666666666664,26708390.80625,24397622.5
"(1, 310, np.float64(0.30000000000000004), 200)",0.0,0.15,23613135.072916668,22032071.0
"(1, 310, np.float64(0.30000000000000004), 210)",0.0,0.035416666666666666,18292657.202083334,16672787.0
"(1, 310, np.float64(0.4), 120)",0.0,0.5270833333333333,58211438.43958333,57562164.5
"(1, 310, np.float64(0.4), 130)",0.0,0.61875,63490737.74166667,62365164.0
"(1, 310, np.float64(0.4), 140)",0.0,0.6854166666666667,60490407.01875,59831341.5
"(1, 310, np.float64(0.4), 150)",0.0,0.73125,50222504.10625,48971913.0
"(1, 310, np.float64(0.4), 160)",0.0,0.7770833333333333,39885773.1,38802315.0
"(1, 310, np.float64(0.4), 170)",0.0,0.8020833333333334,33377575.8375,32419556.5
"(1, 310, np.float64(0.4), 180)",0.0,0.80625,31352097.614583332,30263860.0
"(1, 310, np.float64(0.4), 190)",0.0,0.49166666666666664,28190399.6875,26063947.0
"(1, 310, np.float64(0.4), 200)",0.0,0.15,22720305.108333334,20950221.5
"(1, 310, np.float64(0.4), 210)",0.0,0.035416666666666666,17637184.422916666,16013158.5
"(1, 310, np.float64(0.5), 120)",0.0,0.5270833333333333,58378131.17916667,57460648.0
"(1, 310, np.float64(0.5), 130)",0.0,0.61875,64789629.541666664,64515431.5
"(1, 310, np.float64(0.5), 140)",0.0,0.6854166666666667,59546089.2625,58171151.5
"(1, 310, np.float64(0.5), 150)",0.0,0.73125,49746804.46666667,48679143.0
"(1, 310, np.float64(0.5), 160)",0.0,0.7770833333333333,39266847.57083333,38038137.0
"(1, 310, np.float64(0.5), 170)",0.0,0.8,32828334.6375,31556595.5
"(1, 310, np.float64(0.5), 180)",0.0,0.8041666666666667,31037772.279166665,30032239.0
"(1, 310, np.float64(0.5), 190)",0.0,0.49166666666666664,28740320.964583334,26800104.5
"(1, 310, np.float64(0.5), 200)",0.0,0.15,23620827.26875,21574826.0
"(1, 310, np.float64(0.5), 210)",0.0,0.035416666666666666,16837007.39375,14966377.0
"(1, 310, np.float64(0.6), 120)",0.0,0.53125,57764409.93958333,56923481.5
"(1, 310, np.float64(0.6), 130)",0.0,0.6229166666666667,62990543.920833334,61517218.0
"(1, 310, np.float64(0.6), 140)",0.0,0.6854166666666667,59970801.760416664,59192526.0
"(1, 310, np.float64(0.6), 150)",0.0,0.7333333333333333,50020932.52916667,49281605.0
"(1, 310, np.float64(0.6), 160)",0.0,0.7770833333333333,39773811.22083333,39173411.0
"(1, 310, np.float64(0.6), 170)",0.0,0.8,33434964.820833333,32596750.5
"(1, 310, np.float64(0.6), 180)",0.0,0.8041666666666667,30875117.045833334,29291533.0
"(1, 310, np.float64(0.6), 190)",0.0,0.49166666666666664,29457330.21875,27164862.0
"(1, 310, np.float64(0.6), 200)",0.0,0.15208333333333332,22910052.935416665,21055283.5
"(1, 310, np.float64(0.6), 210)",0.0,0.035416666666666666,18286889.0625,16822146.0
"(1, 310, np.float64(0.7000000000000001), 120)",0.0,0.5395833333333333,57787212.03333333,56436145.0
"(1, 310, np.float64(0.7000000000000001), 130)",0.0,0.6375,63247571.489583336,62626544.5
"(1, 310, np.float64(0.7000000000000001), 140)",0.0,0.7020833333333333,60026698.072916664,59291882.5
"(1, 310, np.float64(0.7000000000000001), 150)",0.0,0.7479166666666667,49743486.09791667,48458684.0
"(1, 310, np.float64(0.7000000000000001), 160)",0.0,0.7895833333333333,40796979.425,39888706.0
"(1, 310, np.float64(0.7000000000000001), 170)",0.0,0.8104166666666667,32648555.575,31647780.5
"(1, 310, np.float64(0.7000000000000001), 180)",0.0,0.80625,30880717.779166665,29478200.5
"(1, 310, np.float64(0.7000000000000001), 190)",0.0,0.49583333333333335,28129100.85,26347653.5
"(1, 310, np.float64(0.7000000000000001), 200)",0.0,0.16041666666666668,23143560.50625,21123000.0
"(1, 310, np.float64(0.7000000000000001), 210)",0.0,0.0375,16945211.29375,15053413.5
"(1, 310, np.float64(0.8), 120)",0.0,0.5416666666666666,56935471.9375,55498776.5
"(1, 310, np.float64(0.8), 130)",0.0,0.6541666666666667,62613613.822916664,61908218.0
"(1, 310, np.float64(0.8), 140)",0.0,0.7208333333333333,60254729.48125,59576080.0
"(1, 310, np.float64(0.8), 150)",0.0,0.7666666666666667,49602390.74375,48468506.5
"(1, 310, np.float64(0.8), 160)",0.0,0.8104166666666667,39043396.22083333,38275593.0
"(1, 310, np.float64(0.8), 170)",0.0,0.8520833333333333,34032589.12083333,33365856.5
"(1, 310, np.float64(0.8), 180)",0.0,0.8208333333333333,31093481.364583332,29760012.0
"(1, 310, np.float64(0.8), 190)",0.0,0.4979166666666667,28701833.29375,26694262.5
"(1, 310, np.float64(0.8), 200)",0.0,0.16666666666666666,23511990.154166665,21489325.5
"(1, 310, np.float64(0.8), 210)",0.0,0.03958333333333333,17508864.297916666,15750753.0
"(1, 310, np.float64(0.9), 120)",0.0,0.0020833333333333333,57902672.572916664,56300905.0
"(1, 310, np.float64(0.9), 130)",0.0,0.010416666666666666,62325295.69583333,61599973.5
"(1, 310, np.float64(0.9), 140)",0.0,0.0125,59192578.139583334,58754090.5
"(1, 310, np.float64(0.9), 150)",0.0,0.014583333333333334,49584068.12708333,48116626.5
"(1, 310, np.float64(0.9), 160)",0.0,0.016666666666666666,39730394.8875,38798910.5
"(1, 310, np.float64(0.9), 170)",0.0,0.010416666666666666,32528291.44375,31614111.5
"(1, 310, np.float64(0.9), 180)",0.0,0.00625,30341759.175,29259978.0
"(1, 310, np.float64(0.9), 190)",0.0,0.0,27642051.454166666,25551016.5
"(1, 310, np.float64(0.9), 200)",0.0,0.0020833333333333333,23447146.20625,21385476.5
"(1, 310, np.float64(0.9), 210)",0.0,0.0,16918730.354166668,15174079.5
"(1, 320, np.float64(0.1), 120)",0.0,0.5270833333333333,58921658.64375,58220853.0
"(1, 320, np.float64(0.1), 130)",0.0,0.61875,64708248.68125,63502365.0
"(1, 320, np.float64(0.1), 140)",0.0,0.6854166666666667,61393254.86666667,60673745.0
"(1, 320, np.float64(0.1), 150)",0.0,0.73125,51126445.920833334,49292010.0
"(1, 320, np.float64(0.1), 160)",0.0,0.7770833333333333,40522179.94583333,39821593.5
"(1, 320, np.float64(0.1), 170)",0.0,0.8166666666666667,34008341.05625,32347244.5
"(1, 320, np.float64(0.1), 180)",0.0,0.8125,31520363.016666666,30125947.5
"(1, 320, np.float64(0.1), 190)",0.0,0.49166666666666664,29807525.8875,27457258.5
"(1, 320, np.float64(0.1), 200)",0.0,0.15,23413145.089583334,21395253.0
"(1, 320, np.float64(0.1), 210)",0.0,0.035416666666666666,17321663.397916667,15401878.0
"(1, 320, np.float64(0.2), 120)",0.0,0.5270833333333333,58824274.61875,57954771.5
"(1, 320, np.float64(0.2), 130)",0.0,0.61875,64304450.645833336,63231922.0
"(1, 320, np.float64(0.2), 140)",0.0,0.6854166666666667,60387571.18541667,58777389.0
"(1, 320, np.float64(0.2), 150)",0.0,0.73125,51659833.735416666,50341191.0
"(1, 320, np.float64(0.2), 160)",0.0,0.7770833333333333,39848243.297916666,38790733.5
"(1, 320, np.float64(0.2), 170)",0.0,0.8166666666666667,34440739.65,33563197.5
"(1, 320, np.float64(0.2), 180)",0.0,0.8125,31118171.777083334,30028782.5
"(1, 320, np.float64(0.2), 190)",0.0,0.49166666666666664,28252151.854166668,26230630.0
"(1, 320, np.float64(0.2), 200)",0.0,0.15,23474963.641666666,21349138.5
"(1, 320, np.float64(0.2), 210)",0.0,0.035416666666666666,16843820.377083335,14822786.0
"(1, 320, np.float64(0.30000000000000004), 120)",0.0,0.5270833333333333,56379216.00625,55350900.0
"(1, 320, np.float64(0.30000000000000004), 130)",0.0,0.61875,65950800.59583333,65158275.5
"(1, 320, np.float64(0.30000000000000004), 140)",0.0,0.6854166666666667,60764315.93958333,59586583.5
"(1, 320, np.float64(0.30000000000000004), 150)",0.0,0.73125,50145121.71666667,49396144.0
"(1, 320, np.float64(0.30000000000000004), 160)",0.0,0.7770833333333333,39461005.458333336,38414450.0
"(1, 320, np.float64(0.30000000000000004), 170)",0.0,0.8145833333333333,32881169.166666668,31572444.0
"(1, 320, np.float64(0.30000000000000004), 180)",0.0,0.8125,32007944.033333335,30417641.0
"(1, 320, np.float64(0.30000000000000004), 190)",0.0,0.49166666666666664,28871460.427083332,26825185.5
"(1, 320, np.float64(0.30000000000000004), 200)",0.0,0.15,22631291.160416666,20767579.0
"(1, 320, np.float64(0.30000000000000004), 210)",0.0,0.035416666666666666,17573344.764583334,15769954.0
"(1, 320, np.float64(0.4), 120)",0.0,0.5270833333333333,57901856.24375,57090537.0
"(1, 320, np.float64(0.4), 130)",0.0,0.61875,64312276.975,63776178.0
"(1, 320, np.float64(0.4), 140)",0.0,0.6854166666666667,60257906.577083334,59224062.5
"(1, 320, np.float64(0.4), 150)",0.0,0.73125,51534005.864583336,50729573.0
"(1, 320, np.float64(0.4), 160)",0.0,0.7770833333333333,38761239.270833336,37899209.0
"(1, 320, np.float64(0.4), 170)",0.0,0.8104166666666667,32877276.708333332,31843140.5
"(1, 320, np.float64(0.4), 180)",0.0,0.8125,30862454.454166666,29762554.5
"(1, 320, np.float64(0.4), 190)",0.0,0.49166666666666664,26669893.770833332,24473298.0
"(1, 320, np.float64(0.4), 200)",0.0,0.15,23475296.135416668,21420990.0
"(1, 320, np.float64(0.4), 210)",0.0,0.035416666666666666,18764634.802083332,17047163.0
"(1, 320, np.float64(0.5), 120)",0.0,0.5270833333333333,57451059.822916664,56835936.0
"(1, 320, np.float64(0.5), 130)",0.0,0.61875,63354335.55625,62600300.0
"(1, 320, np.float64(0.5), 140)",0.0,0.6854166666666667,59017364.09583333,58227787.0
"(1, 320, np.float64(0.5), 150)",0.0,0.73125,50080979.775,49186549.5
"(1, 320, np.float64(0.5), 160)",0.0,0.7770833333333333,40329731.108333334,38992611.0
"(1, 320, np.float64(0.5), 170)",0.0,0.8083333333333333,33048159.002083335,31882755.0
"(1, 320, np.float64(0.5), 180)",0.0,0.8104166666666667,32276734.827083334,31122902.0
"(1, 320, np.float64(0.5), 190)",0.0,0.49166666666666664,28812296.633333333,26997566.0
"(1, 320, np.float64(0.5), 200)",0.0,0.15,23221896.48125,21613376.0
"(1, 320, np.float64(0.5), 210)",0.0,0.035416666666666666,17740515.7125,16082736.0
"(1, 320, np.float64(0.6), 120)",0.0,0.53125,57334897.50625,56320778.0
"(1, 320, np.float64(0.6), 130)",0.0,0.6229166666666667,63846191.020833336,63179904.0
"(1, 320, np.float64(0.6), 140)",0.0,0.6854166666666667,61104172.28541667,60341414.0
"(1, 320, np.float64(0.6), 150)",0.0,0.7333333333333333,51598701.19583333,50924426.5
"(1, 320, np.float64(0.6), 160)",0.0,0.7770833333333333,39273669.358333334,38565883.0
"(1, 320, np.float64(0.6), 170)",0.0,0.8083333333333333,33314824.183333334,32476990.0
"(1, 320, np.float64(0.6), 180)",0.0,0.8104166666666667,30970152.679166667,29636241.0
"(1, 320, np.float64(0.6), 190)",0.0,0.49166666666666664,28289747.647916667,26266469.0
"(1, 320, np.float64(0.6), 200)",0.0,0.15208333333333332,22646344.552083332,21046463.5
"(1, 320, np.float64(0.6), 210)",0.0,0.035416666666666666,16962766.622916665,14994475.5
"(1, 320, np.float64(0.7000000000000001), 120)",0.0,0.5395833333333333,55596574.21875,54814853.5
"(1, 320, np.float64(0.7000000000000001), 130)",0.0,0.6375,64930364.09583333,63825123.5
"(1, 320, np.float64(0.7000000000000001), 140)",0.0,0.7020833333333333,60120159.614583336,58946326.5
"(1, 320, np.float64(0.7000000000000001), 150)",0.0,0.7479166666666667,49566923.822916664,47862710.5
"(1, 320, np.float64(0.7000000000000001), 160)",0.0,0.7895833333333333,38268048.452083334,37265231.5
"(1, 320, np.float64(0.7000000000000001), 170)",0.0,0.81875,32147673.4875,31358711.0
"(1, 320, np.float64(0.7000000000000001), 180)",0.0,0.8125,32346876.708333332,31278373.0
"(1, 320, np.float64(0.7000000000000001), 190)",0.0,0.49583333333333335,28044242.314583335,25700745.0
"(1, 320, np.float64(0.7000000000000001), 200)",0.0,0.16041666666666668,24027256.3375,21880354.5
"(1, 320, np.float64(0.7000000000000001), 210)",0.0,0.0375,17615471.5375,15822710.0
"(1, 320, np.float64(0.8), 120)",0.0,0.5416666666666666,56630821.27916667,54927078.5
"(1, 320, np.float64(0.8), 130)",0.0,0.6541666666666667,63777394.49583333,63442727.0
"(1, 320, np.float64(0.8), 140)",0.0,0.7208333333333333,58689808.666666664,58258802.5
"(1, 320, np.float64(0.8), 150)",0.0,0.7666666666666667,50613077.270833336,49660420.5
"(1, 320, np.float64(0.8), 160)",0.0,0.8104166666666667,39193663.22291667,38449619.0
"(1, 320, np.float64(0.8), 170)",0.0,0.8604166666666667,33430105.989583332,32808126.5
"(1, 320, np.float64(0.8), 180)",0.0,0.8270833333333333,30765726.40625,29559958.5
"(1, 320, np.float64(0.8), 190)",0.0,0.4979166666666667,26539112.185416665,24173513.0
"(1, 320, np.float64(0.8), 200)",0.0,0.16666666666666666,23905332.025,21953086.5
"(1, 320, np.float64(0.8), 210)",0.0,0.03958333333333333,18577438.10625,16946366.0
"(1, 320, np.float64(0.9), 120)",0.0,0.0020833333333333333,55148550.71875,53689318.5
"(1, 320, np.float64(0.9), 130)",0.0,0.010416666666666666,64766218.260416664,63997295.0
"(1, 320, np.float64(0.9), 140)",0.0,0.0125,59870367.545833334,59509148.0
"(1, 320, np.float64(0.9), 150)",0.0,0.014583333333333334,49241755.68958333,48207371.5
"(1, 320, np.float64(0.9), 160)",0.0,0.016666666666666666,39158555.666666664,38609840.0
"(1, 320, np.float64(0.9), 170)",0.0,0.010416666666666666,33041260.04375,32195846.0
"(1, 320, np.float64(0.9), 180)",0.0,0.00625,31067895.98125,29980385.5
"(1, 320, np.float64(0.9), 190)",0.0,0.0,27657063.3875,25177520.0
"(1, 320, np.float64(0.9), 200)",0.0,0.0020833333333333333,22552619.15,20464724.0
"(1, 320, np.float64(0.9), 210)",0.0,0.0,17565097.177083332,15866479.5
"(1, 330, np.float64(0.1), 120)",0.0,0.5270833333333333,59431748.37708333,58793830.0
"(1, 330, np.float64(0.1), 130)",0.0,0.61875,66150282.38125,65406996.5
"(1, 330, np.float64(0.1), 140)",0.0,0.6854166666666667,60412602.81458333,58764257.0
"(1, 330, np.float64(0.1), 150)",0.0,0.7333333333333333,51311140.15208333,49467664.0
"(1, 330, np.float64(0.1), 160)",0.0,0.7854166666666667,40220173.925,39228235.5
"(1, 330, np.float64(0.1), 170)",0.0,0.8270833333333333,33304373.622916665,31899251.0
"(1, 330, np.float64(0.1), 180)",0.0,0.8145833333333333,31299903.020833332,29506466.5
"(1, 330, np.float64(0.1), 190)",0.0,0.49375,26984295.075,24714166.5
"(1, 330, np.float64(0.1), 200)",0.0,0.15,23769524.141666666,21808862.5
"(1, 330, np.float64(0.1), 210)",0.0,0.035416666666666666,18104875.670833334,16325966.5
"(1, 330, np.float64(0.2), 120)",0.0,0.5270833333333333,59123809.04375,57973994.0
"(1, 330, np.float64(0.2), 130)",0.0,0.61875,64053925.68125,63462109.5
"(1, 330, np.float64(0.2), 140)",0.0,0.6854166666666667,60916918.920833334,59863453.0
"(1, 330, np.float64(0.2), 150)",0.0,0.7333333333333333,50649945.8375,49400280.5
"(1, 330, np.float64(0.2), 160)",0.0,0.7854166666666667,40669909.1125,39049515.0
"(1, 330, np.float64(0.2), 170)",0.0,0.8270833333333333,32948239.720833335,31747049.5
"(1, 330, np.float64(0.2), 180)",0.0,0.8145833333333333,31314234.295833334,29920288.5
"(1, 330, np.float64(0.2), 190)",0.0,0.49375,28794297.379166666,26706258.0
"(1, 330, np.float64(0.2), 200)",0.0,0.15,22714772.797916666,20728523.0
"(1, 330, np.float64(0.2), 210)",0.0,0.035416666666666666,18019775.814583335,16257955.5
"(1, 330, np.float64(0.30000000000000004), 120)",0.0,0.5270833333333333,58210149.354166664,57267870.5
"(1, 330, np.float64(0.30000000000000004), 130)",0.0,0.61875,66052568.28541667,65068241.5
"(1, 330, np.float64(0.30000000000000004), 140)",0.0,0.6854166666666667,60933550.91458333,59466470.0
"(1, 330, np.float64(0.30000000000000004), 150)",0.0,0.7333333333333333,50714814.3125,49444047.0
"(1, 330, np.float64(0.30000000000000004), 160)",0.0,0.7854166666666667,38767104.60625,37446219.0
"(1, 330, np.float64(0.30000000000000004), 170)",0.0,0.825,33538321.122916665,32477253.5
"(1, 330, np.float64(0.30000000000000004), 180)",0.0,0.8145833333333333,30970434.2875,29778235.0
"(1, 330, np.float64(0.30000000000000004), 190)",0.0,0.49375,28734421.347916666,26618778.5
"(1, 330, np.float64(0.30000000000000004), 200)",0.0,0.15,23292440.141666666,21115128.5
"(1, 330, np.float64(0.30000000000000004), 210)",0.0,0.035416666666666666,16923183.94375,14994064.5
"(1, 330, np.float64(0.4), 120)",0.0,0.5270833333333333,58141529.947916664,56944018.0
"(1, 330, np.float64(0.4), 130)",0.0,0.61875,63521637.66458333,62378274.0
"(1, 330, np.float64(0.4), 140)",0.0,0.6854166666666667,59258191.9,58797838.0
"(1, 330, np.float64(0.4), 150)",0.0,0.7333333333333333,50211643.18541667,49431669.5
"(1, 330, np.float64(0.4), 160)",0.0,0.7854166666666667,40333566.59375,39121223.5
"(1, 330, np.float64(0.4), 170)",0.0,0.8208333333333333,32366800.777083334,30963401.5
"(1, 330, np.float64(0.4), 180)",0.0,0.8145833333333333,31088308.672916666,29994598.0
"(1, 330, np.float64(0.4), 190)",0.0,0.49375,27986933.302083332,25940910.0
"(1, 330, np.float64(0.4), 200)",0.0,0.15,23451268.435416665,21333102.0
"(1, 330, np.float64(0.4), 210)",0.0,0.035416666666666666,18728827.902083334,17262332.5
"(1, 330, np.float64(0.5), 120)",0.0,0.5270833333333333,57362563.764583334,56100916.0
"(1, 330, np.float64(0.5), 130)",0.0,0.61875,65092058.572916664,64010877.5
"(1, 330, np.float64(0.5), 140)",0.0,0.6854166666666667,60654891.44166667,59853880.0
"(1, 330, np.float64(0.5), 150)",0.0,0.7333333333333333,50293667.985416666,49562637.5
"(1, 330, np.float64(0.5), 160)",0.0,0.7854166666666667,39660170.99583333,39495192.0
"(1, 330, np.float64(0.5), 170)",0.0,0.81875,33835925.28125,32918799.0
"(1, 330, np.float64(0.5), 180)",0.0,0.8125,30971603.533333335,29693827.5
"(1, 330, np.float64(0.5), 190)",0.0,0.49375,28650736.61875,26397152.5
"(1, 330, np.float64(0.5), 200)",0.0,0.15,22714417.46875,20868624.5
"(1, 330, np.float64(0.5), 210)",0.0,0.035416666666666666,16939925.4625,15125024.0
"(1, 330, np.float64(0.6), 120)",0.0,0.53125,55660437.895833336,55002144.5
"(1, 330, np.float64(0.6), 130)",0.0,0.6229166666666667,65350108.24375,64615321.5
"(1, 330, np.float64(0.6), 140)",0.0,0.6854166666666667,59155246.14375,58142858.5
"(1, 330, np.float64(0.6), 150)",0.0,0.7354166666666667,49829964.0875,48956578.5
"(1, 330, np.float64(0.6), 160)",0.0,0.7854166666666667,39362295.7375,38196623.5
"(1, 330, np.float64(0.6), 170)",0.0,0.81875,33264791.164583333,32312235.0
"(1, 330, np.float64(0.6), 180)",0.0,0.8125,31199263.547916666,30032259.5
"(1, 330, np.float64(0.6), 190)",0.0,0.49375,27399051.05625,25279705.0
"(1, 330, np.float64(0.6), 200)",0.0,0.15208333333333332,23987101.9375,22186992.5
"(1, 330, np.float64(0.6), 210)",0.0,0.035416666666666666,17933135.697916668,16097720.0
"(1, 330, np.float64(0.7000000000000001), 120)",0.0,0.5395833333333333,57769348.74791667,56075388.0
"(1, 330, np.float64(0.7000000000000001), 130)",0.0,0.6375,63993762.68333333,63119654.0
"(1, 330, np.float64(0.7000000000000001), 140)",0.0,0.7020833333333333,60217211.76875,59513569.0
"(1, 330, np.float64(0.7000000000000001), 150)",0.0,0.75,50729584.00208333,49768785.5
"(1, 330, np.float64(0.7000000000000001), 160)",0.0,0.7979166666666667,39167231.889583334,38676837.0
"(1, 330, np.float64(0.7000000000000001), 170)",0.0,0.8291666666666667,33281186.5,32345743.0
"(1, 330, np.float64(0.7000000000000001), 180)",0.0,0.8145833333333333,30897961.785416666,29979532.5
"(1, 330, np.float64(0.7000000000000001), 190)",0.0,0.49583333333333335,26706063.852083333,24625719.0
"(1, 330, np.float64(0.7000000000000001), 200)",0.0,0.16041666666666668,22722757.495833334,20637236.5
"(1, 330, np.float64(0.7000000000000001), 210)",0.0,0.0375,18948829.597916666,17336385.5
"(1, 330, np.float64(0.8), 120)",0.0,0.5416666666666666,55507877.33125,54165744.5
"(1, 330, np.float64(0.8), 130)",0.0,0.6541666666666667,64577763.18125,63795937.5
"(1, 330, np.float64(0.8), 140)",0.0,0.7208333333333333,58898342.60208333,58443494.0
"(1, 330, np.float64(0.8), 150)",0.0,0.76875,51276548.96041667,50320001.0
"(1, 330, np.float64(0.8), 160)",0.0,0.81875,39024764.860416666,37982105.5
"(1, 330, np.float64(0.8), 170)",0.0,0.86875,31532685.8625,30288128.0
"(1, 330, np.float64(0.8), 180)",0.0,0.8291666666666667,31648296.420833334,30560421.5
"(1, 330, np.float64(0.8), 190)",0.0,0.4979166666666667,28353434.9625,26629868.5
"(1, 330, np.float64(0.8), 200)",0.0,0.16666666666666666,23527539.835416667,21624334.5
"(1, 330, np.float64(0.8), 210)",0.0,0.03958333333333333,17611831.658333335,16038644.5
"(1, 330, np.float64(0.9), 120)",0.0,0.0020833333333333333,55525852.62916667,54711715.5
"(1, 330, np.float64(0.9), 130)",0.0,0.010416666666666666,63261487.53125,62226388.5
"(1, 330, np.float64(0.9), 140)",0.0,0.0125,59485785.56666667,58962899.5
"(1, 330, np.float64(0.9), 150)",0.0,0.014583333333333334,50808703.74166667,50061327.5
"(1, 330, np.float64(0.9), 160)",0.0,0.016666666666666666,38996786.78958333,37853192.0
"(1, 330, np.float64(0.9), 170)",0.0,0.010416666666666666,31941496.564583335,30960091.5
"(1, 330, np.float64(0.9), 180)",0.0,0.00625,31848550.5625,31008606.5
"(1, 330, np.float64(0.9), 190)",0.0,0.0,26267841.685416665,24173206.5
"(1, 330, np.float64(0.9), 200)",0.0,0.0020833333333333333,22566253.054166667,20485106.5
"(1, 330, np.float64(0.9), 210)",0.0,0.0,18898530.9125,17473790.0
"(1, 340, np.float64(0.1), 120)",0.0,0.5270833333333333,59437248.427083336,58301391.5
"(1, 340, np.float64(0.1), 130)",0.0,0.6229166666666667,65069532.264583334,64193335.5
"(1, 340, np.float64(0.1), 140)",0.0,0.6875,62072381.739583336,60837790.5
"(1, 340, np.float64(0.1), 150)",0.0,0.7416666666666667,51972081.03958333,50445638.5
"(1, 340, np.float64(0.1), 160)",0.0,0.79375,39594346.68333333,38684320.5
"(1, 340, np.float64(0.1), 170)",0.0,0.83125,34124712.37708333,32593432.5
"(1, 340, np.float64(0.1), 180)",0.0,0.8166666666666667,31372566.81875,29767218.5
"(1, 340, np.float64(0.1), 190)",0.0,0.49375,28916775.86875,26674170.5
"(1, 340, np.float64(0.1), 200)",0.0,0.15,23380638.852083333,21819583.0
"(1, 340, np.float64(0.1), 210)",0.0,0.035416666666666666,17720720.291666668,16009889.0
"(1, 340, np.float64(0.2), 120)",0.0,0.5270833333333333,58868303.375,58569444.5
"(1, 340, np.float64(0.2), 130)",0.0,0.6229166666666667,64261771.635416664,63737874.5
"(1, 340, np.float64(0.2), 140)",0.0,0.6875,60191424.8125,59114626.0
"(1, 340, np.float64(0.2), 150)",0.0,0.7416666666666667,51856636.30625,50621112.5
"(1, 340, np.float64(0.2), 160)",0.0,0.79375,39154236.3,37538578.5
"(1, 340, np.float64(0.2), 170)",0.0,0.83125,32639208.65,31399945.5
"(1, 340, np.float64(0.2), 180)",0.0,0.8166666666666667,31700680.316666666,30630396.5
"(1, 340, np.float64(0.2), 190)",0.0,0.49375,28323880.416666668,26036914.5
"(1, 340, np.float64(0.2), 200)",0.0,0.15,24161529.066666666,21970202.0
"(1, 340, np.float64(0.2), 210)",0.0,0.035416666666666666,16791580.316666666,14980432.0
"(1, 340, np.float64(0.30000000000000004), 120)",0.0,0.5270833333333333,57868812.895833336,56711485.5
"(1, 340, np.float64(0.30000000000000004), 130)",0.0,0.6229166666666667,63674476.19375,62962989.5
"(1, 340, np.float64(0.30000000000000004), 140)",0.0,0.6875,59738918.40416667,58686130.5
"(1, 340, np.float64(0.30000000000000004), 150)",0.0,0.7416666666666667,51398931.360416666,50262835.5
"(1, 340, np.float64(0.30000000000000004), 160)",0.0,0.79375,39943492.15833333,38670471.5
"(1, 340, np.float64(0.30000000000000004), 170)",0.0,0.8291666666666667,33667599.860416666,32605470.5
"(1, 340, np.float64(0.30000000000000004), 180)",0.0,0.8166666666666667,32375776.58125,31149821.0
"(1, 340, np.float64(0.30000000000000004), 190)",0.0,0.49375,28914661.270833332,26684011.0
"(1, 340, np.float64(0.30000000000000004), 200)",0.0,0.15,23053684.1,21218497.5
"(1, 340, np.float64(0.30000000000000004), 210)",0.0,0.035416666666666666,17460642.441666666,15744912.5
"(1, 340, np.float64(0.4), 120)",0.0,0.5270833333333333,57717084.82083333,57212792.5
"(1, 340, np.float64(0.4), 130)",0.0,0.6229166666666667,63585054.10625,62812870.0
"(1, 340, np.float64(0.4), 140)",0.0,0.6875,59540838.614583336,58298305.5
"(1, 340, np.float64(0.4), 150)",0.0,0.7416666666666667,51015341.96041667,50194719.5
"(1, 340, np.float64(0.4), 160)",0.0,0.79375,40114653.7875,39176627.0
"(1, 340, np.float64(0.4), 170)",0.0,0.825,33582327.775,32123283.0
"(1, 340, np.float64(0.4), 180)",0.0,0.8166666666666667,31337311.94375,30327444.0
"(1, 340, np.float64(0.4), 190)",0.0,0.49375,28178097.722916666,26126793.0
"(1, 340, np.float64(0.4), 200)",0.0,0.15,22719932.864583332,21103998.5
"(1, 340, np.float64(0.4), 210)",0.0,0.035416666666666666,16820909.09375,15071764.5
"(1, 340, np.float64(0.5), 120)",0.0,0.5270833333333333,58075550.18541667,56690604.5
"(1, 340, np.float64(0.5), 130)",0.0,0.6229166666666667,63191072.28125,62284607.0
"(1, 340, np.float64(0.5), 140)",0.0,0.6875,59203856.0375,58117071.0
"(1, 340, np.float64(0.5), 150)",0.0,0.7416666666666667,50967303.75833333,49859387.0
"(1, 340, np.float64(0.5), 160)",0.0,0.79375,39251939.697916664,38272581.0
"(1, 340, np.float64(0.5), 170)",0.0,0.8229166666666666,33228222.958333332,32223398.5
"(1, 340, np.float64(0.5), 180)",0.0,0.8145833333333333,31682346.21875,30587178.0
"(1, 340, np.float64(0.5), 190)",0.0,0.49375,28688296.064583335,26802133.5
"(1, 340, np.float64(0.5), 200)",0.0,0.15,22937529.495833334,21105416.0
"(1, 340, np.float64(0.5), 210)",0.0,0.035416666666666666,17561905.53125,15697351.5
"(1, 340, np.float64(0.6), 120)",0.0,0.53125,57867321.90208333,56039433.0
"(1, 340, np.float64(0.6), 130)",0.0,0.6270833333333333,63559094.625,62755652.5
"(1, 340, np.float64(0.6), 140)",0.0,0.6875,60001101.90208333,58963015.0
"(1, 340, np.float64(0.6), 150)",0.0,0.74375,50228184.0875,48985372.5
"(1, 340, np.float64(0.6), 160)",0.0,0.79375,39324080.67916667,38745963.0
"(1, 340, np.float64(0.6), 170)",0.0,0.8229166666666666,33259798.19375,32525844.0
"(1, 340, np.float64(0.6), 180)",0.0,0.8145833333333333,31881956.897916667,30868884.0
"(1, 340, np.float64(0.6), 190)",0.0,0.49375,28752979.941666666,26597961.0
"(1, 340, np.float64(0.6), 200)",0.0,0.15208333333333332,22724227.64375,20751847.0
"(1, 340, np.float64(0.6), 210)",0.0,0.035416666666666666,16781146.620833334,14804899.0
"(1, 340, np.float64(0.7000000000000001), 120)",0.0,0.5395833333333333,55654542.59791667,54031533.0
"(1, 340, np.float64(0.7000000000000001), 130)",0.0,0.6416666666666667,64229801.02291667,62993647.0
"(1, 340, np.float64(0.7000000000000001), 140)",0.0,0.7041666666666667,59056422.920833334,58049190.5
"(1, 340, np.float64(0.7000000000000001), 150)",0.0,0.7583333333333333,50649706.197916664,49789456.5
"(1, 340, np.float64(0.7000000000000001), 160)",0.0,0.80625,40180954.702083334,39456155.0
"(1, 340, np.float64(0.7000000000000001), 170)",0.0,0.8333333333333334,32296162.38125,31109993.0
"(1, 340, np.float64(0.7000000000000001), 180)",0.0,0.8145833333333333,32082846.170833334,31048384.5
"(1, 340, np.float64(0.7000000000000001), 190)",0.0,0.49583333333333335,27378299.81875,25057483.0
"(1, 340, np.float64(0.7000000000000001), 200)",0.0,0.16041666666666668,23112006.43125,21333900.0
"(1, 340, np.float64(0.7000000000000001), 210)",0.0,0.0375,17433109.514583334,15637546.5
"(1, 340, np.float64(0.8), 120)",0.0,0.5416666666666666,56629513.420833334,55293162.0
"(1, 340, np.float64(0.8), 130)",0.0,0.65625,62967851.854166664,62118029.5
"(1, 340, np.float64(0.8), 140)",0.0,0.7229166666666667,59456876.766666666,58181621.0
"(1, 340, np.float64(0.8), 150)",0.0,0.7770833333333333,51276011.24583333,49889900.0
"(1, 340, np.float64(0.8), 160)",0.0,0.8270833333333333,39048385.60208333,38412588.5
"(1, 340, np.float64(0.8), 170)",0.0,0.8729166666666667,33208378.791666668,32600423.0
"(1, 340, np.float64(0.8), 180)",0.0,0.8291666666666667,30380275.554166667,29307311.0
"(1, 340, np.float64(0.8), 190)",0.0,0.4979166666666667,27990305.539583333,25934111.5
"(1, 340, np.float64(0.8), 200)",0.0,0.16666666666666666,22699903.420833334,20948791.5
"(1, 340, np.float64(0.8), 210)",0.0,0.03958333333333333,18315769.73125,16696311.5
"(1, 340, np.float64(0.9), 120)",0.0,0.0020833333333333333,56939147.48125,55826070.0
"(1, 340, np.float64(0.9), 130)",0.0,0.010416666666666666,63813642.50208333,62349439.0
"(1, 340, np.float64(0.9), 140)",0.0,0.0125,59568036.37083333,58928066.5
"(1, 340, np.float64(0.9), 150)",0.0,0.014583333333333334,48924929.24375,48322011.0
"(1, 340, np.float64(0.9), 160)",0.0,0.016666666666666666,38784123.19583333,38019098.5
"(1, 340, np.float64(0.9), 170)",0.0,0.010416666666666666,31489830.452083334,30674896.0
"(1, 340, np.float64(0.9), 180)",0.0,0.00625,30842677.016666666,29564003.0
"(1, 340, np.float64(0.9), 190)",0.0,0.0,28385313.070833333,26343820.5
"(1, 340, np.float64(0.9), 200)",0.0,0.0020833333333333333,22872237.6,20897217.5
"(1, 340, np.float64(0.9), 210)",0.0,0.0,17292305.820833333,15659613.5
"(1, 350, np.float64(0.1), 120)",0.0,0.5291666666666667,58321021.2,57594077.5
"(1, 350, np.float64(0.1), 130)",0.0,0.625,65015998.4125,64384187.5
"(1, 350, np.float64(0.1), 140)",0.0,0.69375,61415452.8625,59543514.0
"(1, 350, np.float64(0.1), 150)",0.0,0.74375,51657424.229166664,49999666.0
"(1, 350, np.float64(0.1), 160)",0.0,0.79375,39806836.60208333,38402554.5
"(1, 350, np.float64(0.1), 170)",0.0,0.8333333333333334,34007570.15833333,32261762.0
"(1, 350, np.float64(0.1), 180)",0.0,0.8166666666666667,30688952.420833334,29391953.0
"(1, 350, np.float64(0.1), 190)",0.0,0.49375,28813360.2,26665093.0
"(1, 350, np.float64(0.1), 200)",0.0,0.15,23638104.114583332,21862591.5
"(1, 350, np.float64(0.1), 210)",0.0,0.035416666666666666,18274358.433333334,16550686.0
"(1, 350, np.float64(0.2), 120)",0.0,0.5291666666666667,59035194.96458333,58119267.5
"(1, 350, np.float64(0.2), 130)",0.0,0.625,65133854.358333334,64858572.0
"(1, 350, np.float64(0.2), 140)",0.0,0.69375,59621408.84375,58366110.5
"(1, 350, np.float64(0.2), 150)",0.0,0.74375,50998130.98125,49818227.0
"(1, 350, np.float64(0.2), 160)",0.0,0.79375,40456344.275,39145967.5
"(1, 350, np.float64(0.2), 170)",0.0,0.8333333333333334,33173413.716666665,31709116.0
"(1, 350, np.float64(0.2), 180)",0.0,0.8166666666666667,31283967.666666668,29714724.0
"(1, 350, np.float64(0.2), 190)",0.0,0.49375,28723773.079166666,26372157.5
"(1, 350, np.float64(0.2), 200)",0.0,0.15,23205681.2125,21405488.0
"(1, 350, np.float64(0.2), 210)",0.0,0.035416666666666666,17519519.59375,15735590.5
"(1, 350, np.float64(0.30000000000000004), 120)",0.0,0.5291666666666667,58409198.239583336,57487402.5
"(1, 350, np.float64(0.30000000000000004), 130)",0.0,0.625,64030153.93958333,63288865.5
"(1, 350, np.float64(0.30000000000000004), 140)",0.0,0.69375,61052958.385416664,60690317.0
"(1, 350, np.float64(0.30000000000000004), 150)",0.0,0.74375,50593684.98125,49584790.5
"(1, 350, np.float64(0.30000000000000004), 160)",0.0,0.79375,40293403.93333333,39189057.5
"(1, 350, np.float64(0.30000000000000004), 170)",0.0,0.83125,32597326.970833335,31559487.0
"(1, 350, np.float64(0.30000000000000004), 180)",0.0,0.8166666666666667,31204064.179166667,29681424.0
"(1, 350, np.float64(0.30000000000000004), 190)",0.0,0.49375,28821750.760416668,26705151.0
"(1, 350, np.float64(0.30000000000000004), 200)",0.0,0.15,22151967.1375,20451187.0
"(1, 350, np.float64(0.30000000000000004), 210)",0.0,0.035416666666666666,18057200.625,16567981.0
"(1, 350, np.float64(0.4), 120)",0.0,0.5291666666666667,57488012.74791667,55906541.0
"(1, 350, np.float64(0.4), 130)",0.0,0.625,63479150.15833333,62785057.5
"(1, 350, np.float64(0.4), 140)",0.0,0.69375,60414928.15208333,59583414.0
"(1, 350, np.float64(0.4), 150)",0.0,0.74375,51375392.354166664,50473069.0
"(1, 350, np.float64(0.4), 160)",0.0,0.79375,40293851.42916667,39424862.5
"(1, 350, np.float64(0.4), 170)",0.0,0.8270833333333333,32063530.170833334,30953635.5
"(1, 350, np.float64(0.4), 180)",0.0,0.8166666666666667,30928891.802083332,29981609.0
"(1, 350, np.float64(0.4), 190)",0.0,0.49375,28035290.404166665,25964026.5
"(1, 350, np.float64(0.4), 200)",0.0,0.15,24024394.65,21751993.5
"(1, 350, np.float64(0.4), 210)",0.0,0.035416666666666666,17307084.55625,15588745.0
"(1, 350, np.float64(0.5), 120)",0.0,0.5291666666666667,57075275.10625,56455301.0
"(1, 350, np.float64(0.5), 130)",0.0,0.625,63582984.74375,62858268.5
"(1, 350, np.float64(0.5), 140)",0.0,0.69375,60680534.65625,59863452.0
"(1, 350, np.float64(0.5), 150)",0.0,0.74375,51602047.225,50840784.5
"(1, 350, np.float64(0.5), 160)",0.0,0.79375,38970940.70625,37227135.0
"(1, 350, np.float64(0.5), 170)",0.0,0.825,33367129.497916665,32517466.0
"(1, 350, np.float64(0.5), 180)",0.0,0.8145833333333333,32223753.595833335,31342244.0
"(1, 350, np.float64(0.5), 190)",0.0,0.49375,27789385.889583334,25545040.5
"(1, 350, np.float64(0.5), 200)",0.0,0.15,23569072.216666665,21609080.0
"(1, 350, np.float64(0.5), 210)",0.0,0.035416666666666666,17376003.779166665,15566934.0
"(1, 350, np.float64(0.6), 120)",0.0,0.5333333333333333,57679293.55833333,56406161.0
"(1, 350, np.float64(0.6), 130)",0.0,0.6291666666666667,63475063.36666667,62748244.5
"(1, 350, np.float64(0.6), 140)",0.0,0.69375,60100994.12916667,59635422.0
"(1, 350, np.float64(0.6), 150)",0.0,0.7458333333333333,49863489.02916667,48616159.0
"(1, 350, np.float64(0.6), 160)",0.0,0.79375,39826334.829166666,39148420.5
"(1, 350, np.float64(0.6), 170)",0.0,0.825,33184853.33125,32129147.0
"(1, 350, np.float64(0.6), 180)",0.0,0.8145833333333333,31202888.391666666,29784912.0
"(1, 350, np.float64(0.6), 190)",0.0,0.49375,28772903.120833334,26945852.0
"(1, 350, np.float64(0.6), 200)",0.0,0.15208333333333332,23571796.202083334,21780826.5
"(1, 350, np.float64(0.6), 210)",0.0,0.035416666666666666,17413053.416666668,15667692.5
"(1, 350, np.float64(0.7000000000000001), 120)",0.0,0.5416666666666666,57668293.43333333,56112666.0
"(1, 350, np.float64(0.7000000000000001), 130)",0.0,0.64375,63241761.27291667,62359368.0
"(1, 350, np.float64(0.7000000000000001), 140)",0.0,0.7104166666666667,59459487.1625,59074079.5
"(1, 350, np.float64(0.7000000000000001), 150)",0.0,0.7604166666666666,51421506.8,50532090.0
"(1, 350, np.float64(0.7000000000000001), 160)",0.0,0.80625,39606357.547916666,38791796.5
"(1, 350, np.float64(0.7000000000000001), 170)",0.0,0.8333333333333334,32844083.235416666,31862156.5
"(1, 350, np.float64(0.7000000000000001), 180)",0.0,0.8145833333333333,31108933.258333333,30122214.0
"(1, 350, np.float64(0.7000000000000001), 190)",0.0,0.49583333333333335,28729464.95,26920726.0
"(1, 350, np.float64(0.7000000000000001), 200)",0.0,0.16041666666666668,23175004.345833335,21438737.5
"(1, 350, np.float64(0.7000000000000001), 210)",0.0,0.0375,17280926.170833334,15520366.0
"(1, 350, np.float64(0.8), 120)",0.0,0.54375,56745537.19166667,55023023.5
"(1, 350, np.float64(0.8), 130)",0.0,0.6583333333333333,63194965.4125,62225960.5
"(1, 350, np.float64(0.8), 140)",0.0,0.7291666666666666,59153766.645833336,58458257.0
"(1, 350, np.float64(0.8), 150)",0.0,0.7791666666666667,50767440.09166667,50315380.5
"(1, 350, np.float64(0.8), 160)",0.0,0.8270833333333333,39004079.041666664,37906497.0
"(1, 350, np.float64(0.8), 170)",0.0,0.8729166666666667,33160625.602083333,32383020.0
"(1, 350, np.float64(0.8), 180)",0.0,0.8291666666666667,32273814.520833332,31247543.5
"(1, 350, np.float64(0.8), 190)",0.0,0.4979166666666667,28614367.725,26771993.5
"(1, 350, np.float64(0.8), 200)",0.0,0.16666666666666666,22882259.610416666,21133163.5
"(1, 350, np.float64(0.8), 210)",0.0,0.03958333333333333,17448384.614583332,15638737.5
"(1, 350, np.float64(0.9), 120)",0.0,0.0020833333333333333,56976183.233333334,55402413.0
"(1, 350, np.float64(0.9), 130)",0.0,0.010416666666666666,62493550.50625,61656252.5
"(1, 350, np.float64(0.9), 140)",0.0,0.0125,59364142.54375,58675077.5
"(1, 350, np.float64(0.9), 150)",0.0,0.014583333333333334,50641238.56458333,49586476.0
"(1, 350, np.float64(0.9), 160)",0.0,0.016666666666666666,38483155.91458333,37643212.5
"(1, 350, np.float64(0.9), 170)",0.0,0.010416666666666666,33200620.460416667,32281205.0
"(1, 350, np.float64(0.9), 180)",0.0,0.00625,31240538.097916666,30343890.0
"(1, 350, np.float64(0.9), 190)",0.0,0.0,27721377.5625,25648870.0
"(1, 350, np.float64(0.9), 200)",0.0,0.0020833333333333333,22706959.38125,20969379.5
"(1, 350, np.float64(0.9), 210)",0.0,0.0,17264997.7625,15546675.5
"(1, 360, np.float64(0.1), 120)",0.0,0.5354166666666667,59548264.733333334,59703922.5
"(1, 360, np.float64(0.1), 130)",0.0,0.6291666666666667,65176587.2625,63936985.5
"(1, 360, np.float64(0.1), 140)",0.0,0.69375,61854410.37916667,60258614.0
"(1, 360, np.float64(0.1), 150)",0.0,0.7458333333333333,51287505.108333334,49980879.0
"(1, 360, np.float64(0.1), 160)",0.0,0.79375,39464960.3375,37956945.0
"(1, 360, np.float64(0.1), 170)",0.0,0.8354166666666667,33328667.989583332,31909572.0
"(1, 360, np.float64(0.1), 180)",0.0,0.8208333333333333,32585961.11875,31732774.0
"(1, 360, np.float64(0.1), 190)",0.0,0.49583333333333335,28880374.522916667,26554042.5
"(1, 360, np.float64(0.1), 200)",0.0,0.15,23276560.85,21394990.5
"(1, 360, np.float64(0.1), 210)",0.0,0.035416666666666666,17341375.454166666,15609951.5
"(1, 360, np.float64(0.2), 120)",0.0,0.5354166666666667,58435962.31875,58279954.5
"(1, 360, np.float64(0.2), 130)",0.0,0.6291666666666667,64403828.572916664,63667386.5
"(1, 360, np.float64(0.2), 140)",0.0,0.69375,60075223.858333334,59207604.0
"(1, 360, np.float64(0.2), 150)",0.0,0.7458333333333333,51975221.15,51624134.0
"(1, 360, np.float64(0.2), 160)",0.0,0.79375,39772468.229166664,38546657.0
"(1, 360, np.float64(0.2), 170)",0.0,0.8354166666666667,33636235.61666667,31899593.5
"(1, 360, np.float64(0.2), 180)",0.0,0.8208333333333333,31386896.783333335,29807912.0
"(1, 360, np.float64(0.2), 190)",0.0,0.49583333333333335,29018119.722916666,26851399.5
"(1, 360, np.float64(0.2), 200)",0.0,0.15,23734807.164583333,21653743.5
"(1, 360, np.float64(0.2), 210)",0.0,0.035416666666666666,17313137.225,15394296.0
"(1, 360, np.float64(0.30000000000000004), 120)",0.0,0.5354166666666667,58396648.41041667,57708757.0
"(1, 360, np.float64(0.30000000000000004), 130)",0.0,0.6291666666666667,64110343.854166664,64074710.0
"(1, 360, np.float64(0.30000000000000004), 140)",0.0,0.69375,60274758.15416667,58803512.5
"(1, 360, np.float64(0.30000000000000004), 150)",0.0,0.7458333333333333,50601510.44375,49238795.0
"(1, 360, np.float64(0.30000000000000004), 160)",0.0,0.79375,40451306.68541667,39731901.5
"(1, 360, np.float64(0.30000000000000004), 170)",0.0,0.8333333333333334,32736723.33125,31851402.0
"(1, 360, np.float64(0.30000000000000004), 180)",0.0,0.8208333333333333,32312210.916666668,30980888.0
"(1, 360, np.float64(0.30000000000000004), 190)",0.0,0.49583333333333335,28034658.254166666,25789493.0
"(1, 360, np.float64(0.30000000000000004), 200)",0.0,0.15,22773028.847916666,20898622.5
"(1, 360, np.float64(0.30000000000000004), 210)",0.0,0.035416666666666666,17434138.214583334,15708869.0
"(1, 360, np.float64(0.4), 120)",0.0,0.5354166666666667,57808013.072916664,56791470.0
"(1, 360, np.float64(0.4), 130)",0.0,0.6291666666666667,63636021.83125,63100720.0
"(1, 360, np.float64(0.4), 140)",0.0,0.69375,60718928.114583336,60109253.0
"(1, 360, np.float64(0.4), 150)",0.0,0.7458333333333333,50146865.702083334,49189173.0
"(1, 360, np.float64(0.4), 160)",0.0,0.79375,40295616.34791667,39199042.5
"(1, 360, np.float64(0.4), 170)",0.0,0.8291666666666667,33454953.416666668,32342676.5
"(1, 360, np.float64(0.4), 180)",0.0,0.8208333333333333,31318653.714583334,29855269.5
"(1, 360, np.float64(0.4), 190)",0.0,0.49583333333333335,28536624.179166667,26365415.0
"(1, 360, np.float64(0.4), 200)",0.0,0.15,23202670.875,21563243.5
"(1, 360, np.float64(0.4), 210)",0.0,0.035416666666666666,17220429.527083334,15419634.0
"(1, 360, np.float64(0.5), 120)",0.0,0.5354166666666667,58406797.97083333,57256830.5
"(1, 360, np.float64(0.5), 130)",0.0,0.6291666666666667,63796062.625,62729750.5
"(1, 360, np.float64(0.5), 140)",0.0,0.69375,59624697.14375,58428366.5
"(1, 360, np.float64(0.5), 150)",0.0,0.7458333333333333,50517644.94166667,49375516.0
"(1, 360, np.float64(0.5), 160)",0.0,0.79375,40044440.25625,39490059.0
"(1, 360, np.float64(0.5), 170)",0.0,0.8270833333333333,32443035.739583332,31415810.0
"(1, 360, np.float64(0.5), 180)",0.0,0.81875,30950454.910416666,29585694.5
"(1, 360, np.float64(0.5), 190)",0.0,0.49583333333333335,28182333.541666668,26022056.0
"(1, 360, np.float64(0.5), 200)",0.0,0.15,23820017.895833332,21829457.0
"(1, 360, np.float64(0.5), 210)",0.0,0.035416666666666666,17499270.627083335,15779793.5
"(1, 360, np.float64(0.6), 120)",0.0,0.5395833333333333,57183036.28541667,56495744.5
"(1, 360, np.float64(0.6), 130)",0.0,0.6333333333333333,63510260.52916667,62827829.0
"(1, 360, np.float64(0.6), 140)",0.0,0.69375,60669601.75833333,60198477.0
"(1, 360, np.float64(0.6), 150)",0.0,0.7458333333333333,49808489.94166667,48565808.0
"(1, 360, np.float64(0.6), 160)",0.0,0.79375,39570050.09583333,39059234.0
"(1, 360, np.float64(0.6), 170)",0.0,0.8270833333333333,33143999.3,31857143.5
"(1, 360, np.float64(0.6), 180)",0.0,0.81875,31218040.441666666,30259964.0
"(1, 360, np.float64(0.6), 190)",0.0,0.49583333333333335,28799410.804166667,26646196.0
"(1, 360, np.float64(0.6), 200)",0.0,0.15208333333333332,22990902.01875,21118763.5
"(1, 360, np.float64(0.6), 210)",0.0,0.035416666666666666,17259487.972916666,15533944.0
"(1, 360, np.float64(0.7000000000000001), 120)",0.0,0.5479166666666667,57815173.7875,56100773.0
"(1, 360, np.float64(0.7000000000000001), 130)",0.0,0.6479166666666667,64596434.49583333,63612927.5
"(1, 360, np.float64(0.7000000000000001), 140)",0.0,0.7104166666666667,59123427.16041667,58347931.5
"(1, 360, np.float64(0.7000000000000001), 150)",0.0,0.7604166666666666,51499645.6,50727900.5
"(1, 360, np.float64(0.7000000000000001), 160)",0.0,0.80625,39047684.172916666,38456811.5
"(1, 360, np.float64(0.7000000000000001), 170)",0.0,0.8354166666666667,32132006.6625,30939168.5
"(1, 360, np.float64(0.7000000000000001), 180)",0.0,0.81875,30936511.316666666,29949516.0
"(1, 360, np.float64(0.7000000000000001), 190)",0.0,0.4979166666666667,27709265.104166668,25465877.0
"(1, 360, np.float64(0.7000000000000001), 200)",0.0,0.16041666666666668,22685968.770833332,20895207.5
"(1, 360, np.float64(0.7000000000000001), 210)",0.0,0.0375,18481633.708333332,16614675.0
"(1, 360, np.float64(0.8), 120)",0.0,0.55,56384845.56666667,55313184.5
"(1, 360, np.float64(0.8), 130)",0.0,0.6625,64645851.02916667,63904175.5
"(1, 360, np.float64(0.8), 140)",0.0,0.7291666666666666,59674615.00625,59243564.0
"(1, 360, np.float64(0.8), 150)",0.0,0.7791666666666667,49518369.55,48326332.0
"(1, 360, np.float64(0.8), 160)",0.0,0.8270833333333333,38805473.979166664,37765363.5
"(1, 360, np.float64(0.8), 170)",0.0,0.8729166666666667,31522412.76875,30764602.0
"(1, 360, np.float64(0.8), 180)",0.0,0.8333333333333334,32112230.9125,31616648.5
"(1, 360, np.float64(0.8), 190)",0.0,0.5,28681738.197916668,26578750.5
"(1, 360, np.float64(0.8), 200)",0.0,0.16666666666666666,22510654.933333334,20613180.5
"(1, 360, np.float64(0.8), 210)",0.0,0.03958333333333333,18072723.277083334,16423570.5
"(1, 360, np.float64(0.9), 120)",0.0,0.0020833333333333333,55616010.13333333,54806433.5
"(1, 360, np.float64(0.9), 130)",0.0,0.010416666666666666,63505627.50416667,62029782.5
"(1, 360, np.float64(0.9), 140)",0.0,0.0125,60316904.24583333,60266339.0
"(1, 360, np.float64(0.9), 150)",0.0,0.014583333333333334,49254948.3875,47394222.0
"(1, 360, np.float64(0.9), 160)",0.0,0.016666666666666666,39258478.1,39144796.5
"(1, 360, np.float64(0.9), 170)",0.0,0.010416666666666666,32737186.65,32048117.5
"(1, 360, np.float64(0.9), 180)",0.0,0.00625,30398637.677083332,29485316.0
"(1, 360, np.float64(0.9), 190)",0.0,0.0,26895461.335416667,24675781.5
"(1, 360, np.float64(0.9), 200)",0.0,0.0020833333333333333,22998531.391666666,21277160.5
"(1, 360, np.float64(0.9), 210)",0.0,0.0,18443927.497916665,16855875.5
"(1, 370, np.float64(0.1), 120)",0.0,0.5375,59344384.54375,58712682.5
"(1, 370, np.float64(0.1), 130)",0.0,0.6291666666666667,65721325.02916667,64433084.5
"(1, 370, np.float64(0.1), 140)",0.0,0.69375,60472168.63333333,59051901.0
"(1, 370, np.float64(0.1), 150)",0.0,0.7458333333333333,52027430.12916667,50619868.0
"(1, 370, np.float64(0.1), 160)",0.0,0.7958333333333333,40136252.45625,39217835.0
"(1, 370, np.float64(0.1), 170)",0.0,0.8395833333333333,33480003.985416666,32266796.5
"(1, 370, np.float64(0.1), 180)",0.0,0.8208333333333333,31290379.03125,29942054.5
"(1, 370, np.float64(0.1), 190)",0.0,0.49583333333333335,27355535.629166666,25450894.0
"(1, 370, np.float64(0.1), 200)",0.0,0.15,24261782.554166667,22158732.5
"(1, 370, np.float64(0.1), 210)",0.0,0.035416666666666666,17870360.354166668,16284324.5
"(1, 370, np.float64(0.2), 120)",0.0,0.5375,58613141.95625,58154673.0
"(1, 370, np.float64(0.2), 130)",0.0,0.6291666666666667,64457538.86875,63933615.5
"(1, 370, np.float64(0.2), 140)",0.0,0.69375,60022045.28333333,59311693.5
"(1, 370, np.float64(0.2), 150)",0.0,0.7458333333333333,51128684.5125,50119662.5
"(1, 370, np.float64(0.2), 160)",0.0,0.7958333333333333,39845758.360416666,38418518.5
"(1, 370, np.float64(0.2), 170)",0.0,0.8395833333333333,33851036.74583333,32989889.0
"(1, 370, np.float64(0.2), 180)",0.0,0.8208333333333333,32244105.675,31187882.0
"(1, 370, np.float64(0.2), 190)",0.0,0.49583333333333335,28909834.820833333,26821673.5
"(1, 370, np.float64(0.2), 200)",0.0,0.15,22880877.43125,20965980.0
"(1, 370, np.float64(0.2), 210)",0.0,0.035416666666666666,17721225.329166666,15984037.0
"(1, 370, np.float64(0.30000000000000004), 120)",0.0,0.5375,58769765.87916667,58169700.0
"(1, 370, np.float64(0.30000000000000004), 130)",0.0,0.6291666666666667,64517636.60208333,63506445.0
"(1, 370, np.float64(0.30000000000000004), 140)",0.0,0.69375,60446939.09583333,59662238.0
"(1, 370, np.float64(0.30000000000000004), 150)",0.0,0.7458333333333333,50360933.514583334,49659964.5
"(1, 370, np.float64(0.30000000000000004), 160)",0.0,0.7958333333333333,40309769.96041667,39508810.0
"(1, 370, np.float64(0.30000000000000004), 170)",0.0,0.8375,33439833.014583334,32221416.5
"(1, 370, np.float64(0.30000000000000004), 180)",0.0,0.8208333333333333,31626311.170833334,30234604.0
"(1, 370, np.float64(0.30000000000000004), 190)",0.0,0.49583333333333335,28431812.464583334,26244513.0
"(1, 370, np.float64(0.30000000000000004), 200)",0.0,0.15,23037189.89375,21284265.5
"(1, 370, np.float64(0.30000000000000004), 210)",0.0,0.035416666666666666,17360807.352083333,15566117.0
"(1, 370, np.float64(0.4), 120)",0.0,0.5375,57882218.954166666,56755861.5
"(1, 370, np.float64(0.4), 130)",0.0,0.6291666666666667,63950346.225,63198435.5
"(1, 370, np.float64(0.4), 140)",0.0,0.69375,60796285.3,60034598.0
"(1, 370, np.float64(0.4), 150)",0.0,0.7458333333333333,50069849.24791667,48818287.0
"(1, 370, np.float64(0.4), 160)",0.0,0.7958333333333333,39181105.583333336,38151035.5
"(1, 370, np.float64(0.4), 170)",0.0,0.8333333333333334,33372259.064583335,32183900.5
"(1, 370, np.float64(0.4), 180)",0.0,0.8208333333333333,30970481.254166666,29982052.5
"(1, 370, np.float64(0.4), 190)",0.0,0.49583333333333335,28802385.920833334,27070433.5
"(1, 370, np.float64(0.4), 200)",0.0,0.15,23354011.333333332,21230170.0
"(1, 370, np.float64(0.4), 210)",0.0,0.035416666666666666,17566459.66875,15850108.5
"(1, 370, np.float64(0.5), 120)",0.0,0.5375,58086966.61666667,56349174.5
"(1, 370, np.float64(0.5), 130)",0.0,0.6291666666666667,64496784.56458333,63637093.5
"(1, 370, np.float64(0.5), 140)",0.0,0.69375,59852316.35,58858741.5
"(1, 370, np.float64(0.5), 150)",0.0,0.7458333333333333,50063046.827083334,49835376.5
"(1, 370, np.float64(0.5), 160)",0.0,0.7958333333333333,39430968.016666666,38495568.0
"(1, 370, np.float64(0.5), 170)",0.0,0.83125,33735679.9625,32933406.5
"(1, 370, np.float64(0.5), 180)",0.0,0.81875,30817612.354166668,29820861.5
"(1, 370, np.float64(0.5), 190)",0.0,0.49583333333333335,28336418.9,26412971.0
"(1, 370, np.float64(0.5), 200)",0.0,0.15,23653580.99375,21482501.5
"(1, 370, np.float64(0.5), 210)",0.0,0.035416666666666666,17299869.61875,15429315.5
"(1, 370, np.float64(0.6), 120)",0.0,0.5395833333333333,58032832.21041667,56979729.5
"(1, 370, np.float64(0.6), 130)",0.0,0.6333333333333333,63697621.00416667,62976039.0
"(1, 370, np.float64(0.6), 140)",0.0,0.69375,59126990.56041667,58972136.0
"(1, 370, np.float64(0.6), 150)",0.0,0.7458333333333333,50602371.7125,50227893.0
"(1, 370, np.float64(0.6), 160)",0.0,0.7958333333333333,39504304.9875,38240062.0
"(1, 370, np.float64(0.6), 170)",0.0,0.83125,32812019.395833332,31875713.0
"(1, 370, np.float64(0.6), 180)",0.0,0.81875,30950859.947916668,29414889.5
"(1, 370, np.float64(0.6), 190)",0.0,0.49583333333333335,28161717.614583332,26090701.5
"(1, 370, np.float64(0.6), 200)",0.0,0.15208333333333332,23028589.20625,21112082.0
"(1, 370, np.float64(0.6), 210)",0.0,0.035416666666666666,17882900.53125,16142064.0
"(1, 370, np.float64(0.7000000000000001), 120)",0.0,0.5479166666666667,57255067.42916667,55680644.0
"(1, 370, np.float64(0.7000000000000001), 130)",0.0,0.6479166666666667,64127348.041666664,63227264.0
"(1, 370, np.float64(0.7000000000000001), 140)",0.0,0.7104166666666667,60526974.84583333,59785488.0
"(1, 370, np.float64(0.7000000000000001), 150)",0.0,0.7604166666666666,50922176.12708333,49744615.5
"(1, 370, np.float64(0.7000000000000001), 160)",0.0,0.8083333333333333,38651338.014583334,37306207.5
"(1, 370, np.float64(0.7000000000000001), 170)",0.0,0.8395833333333333,32220412.104166668,31713815.5
"(1, 370, np.float64(0.7000000000000001), 180)",0.0,0.81875,31356558.13125,30182399.0
"(1, 370, np.float64(0.7000000000000001), 190)",0.0,0.4979166666666667,28809087.185416665,26711592.5
"(1, 370, np.float64(0.7000000000000001), 200)",0.0,0.16041666666666668,22706752.985416666,20854688.5
"(1, 370, np.float64(0.7000000000000001), 210)",0.0,0.0375,17307703.652083334,15363667.5
"(1, 370, np.float64(0.8), 120)",0.0,0.55,56426428.389583334,55545481.5
"(1, 370, np.float64(0.8), 130)",0.0,0.6625,63466346.43333333,62810681.0
"(1, 370, np.float64(0.8), 140)",0.0,0.7291666666666666,59013984.020833336,58538556.0
"(1, 370, np.float64(0.8), 150)",0.0,0.7791666666666667,49378534.60208333,47966131.5
"(1, 370, np.float64(0.8), 160)",0.0,0.8291666666666667,38975604.9,38223267.0
"(1, 370, np.float64(0.8), 170)",0.0,0.875,33348383.391666666,32128232.5
"(1, 370, np.float64(0.8), 180)",0.0,0.8333333333333334,31631209.175,30100708.5
"(1, 370, np.float64(0.8), 190)",0.0,0.5,27932429.727083333,25780996.5
"(1, 370, np.float64(0.8), 200)",0.0,0.16666666666666666,23576066.9875,21532441.5
"(1, 370, np.float64(0.8), 210)",0.0,0.03958333333333333,17853545.575,16215293.0
"(1, 370, np.float64(0.9), 120)",0.0,0.0020833333333333333,57410367.889583334,56100645.5
"(1, 370, np.float64(0.9), 130)",0.0,0.010416666666666666,63876424.1125,62971793.0
"(1, 370, np.float64(0.9), 140)",0.0,0.0125,59257150.46666667,58620059.5
"(1, 370, np.float64(0.9), 150)",0.0,0.014583333333333334,49561343.639583334,48924274.5
"(1, 370, np.float64(0.9), 160)",0.0,0.016666666666666666,39479848.854166664,38728026.0
"(1, 370, np.float64(0.9), 170)",0.0,0.010416666666666666,32403582.872916665,31255734.5
"(1, 370, np.float64(0.9), 180)",0.0,0.00625,30649851.375,29332066.0
"(1, 370, np.float64(0.9), 190)",0.0,0.0,26817347.183333334,24511902.0
"(1, 370, np.float64(0.9), 200)",0.0,0.0020833333333333333,22425433.741666667,20493460.5
"(1, 370, np.float64(0.9), 210)",0.0,0.0,17299399.63125,15685068.0
"(1, 380, np.float64(0.1), 120)",0.0,0.5375,58873276.48125,57938263.5
"(1, 380, np.float64(0.1), 130)",0.0,0.6291666666666667,65144973.733333334,64280287.5
"(1, 380, np.float64(0.1), 140)",0.0,0.69375,60617597.575,59360431.5
"(1, 380, np.float64(0.1), 150)",0.0,0.7479166666666667,51513499.875,50381729.0
"(1, 380, np.float64(0.1), 160)",0.0,0.7979166666666667,39358322.177083336,37749210.0
"(1, 380, np.float64(0.1), 170)",0.0,0.84375,33399526.8125,32191765.5
"(1, 380, np.float64(0.1), 180)",0.0,0.8270833333333333,31791969.533333335,30598797.0
"(1, 380, np.float64(0.1), 190)",0.0,0.49583333333333335,29096749.645833332,27141815.5
"(1, 380, np.float64(0.1), 200)",0.0,0.15,23375120.85,21751556.5
"(1, 380, np.float64(0.1), 210)",0.0,0.035416666666666666,18192813.279166665,16752127.0
"(1, 380, np.float64(0.2), 120)",0.0,0.5375,58789149.47708333,57363426.0
"(1, 380, np.float64(0.2), 130)",0.0,0.6291666666666667,64539550.9,63906092.0
"(1, 380, np.float64(0.2), 140)",0.0,0.69375,61238204.197916664,59889708.0
"(1, 380, np.float64(0.2), 150)",0.0,0.7479166666666667,51041814.47291667,49452443.5
"(1, 380, np.float64(0.2), 160)",0.0,0.7979166666666667,39607030.639583334,38300818.5
"(1, 380, np.float64(0.2), 170)",0.0,0.84375,33752781.93958333,32417186.5
"(1, 380, np.float64(0.2), 180)",0.0,0.8270833333333333,31437700.4875,30092580.5
"(1, 380, np.float64(0.2), 190)",0.0,0.49583333333333335,28201780.275,26157935.5
"(1, 380, np.float64(0.2), 200)",0.0,0.15,22782718.591666665,21069459.0
"(1, 380, np.float64(0.2), 210)",0.0,0.035416666666666666,17472437.947916668,15741776.0
"(1, 380, np.float64(0.30000000000000004), 120)",0.0,0.5375,58848964.29375,57951298.0
"(1, 380, np.float64(0.30000000000000004), 130)",0.0,0.6291666666666667,64108324.1125,63625012.0
"(1, 380, np.float64(0.30000000000000004), 140)",0.0,0.69375,60436225.202083334,59923270.5
"(1, 380, np.float64(0.30000000000000004), 150)",0.0,0.7479166666666667,50533536.4875,49318059.0
"(1, 380, np.float64(0.30000000000000004), 160)",0.0,0.7979166666666667,39762150.52291667,38546583.5
"(1, 380, np.float64(0.30000000000000004), 170)",0.0,0.8416666666666667,32198060.747916665,30954964.0
"(1, 380, np.float64(0.30000000000000004), 180)",0.0,0.8270833333333333,31365752.7125,30103531.5
"(1, 380, np.float64(0.30000000000000004), 190)",0.0,0.49583333333333335,28059556.9875,25725633.5
"(1, 380, np.float64(0.30000000000000004), 200)",0.0,0.15,23548013.23125,21509327.5
"(1, 380, np.float64(0.30000000000000004), 210)",0.0,0.035416666666666666,17239536.820833333,15470075.5
"(1, 380, np.float64(0.4), 120)",0.0,0.5375,57462508.38125,57012090.5
"(1, 380, np.float64(0.4), 130)",0.0,0.6291666666666667,65147038.75208333,64493077.0
"(1, 380, np.float64(0.4), 140)",0.0,0.69375,59798766.75833333,58710483.5
"(1, 380, np.float64(0.4), 150)",0.0,0.7479166666666667,51293221.12916667,50319752.0
"(1, 380, np.float64(0.4), 160)",0.0,0.7979166666666667,39178010.86875,38022433.5
"(1, 380, np.float64(0.4), 170)",0.0,0.8375,33030690.225,32111936.5
"(1, 380, np.float64(0.4), 180)",0.0,0.8270833333333333,31044094.177083332,29880231.0
"(1, 380, np.float64(0.4), 190)",0.0,0.49583333333333335,28818723.5,26757955.0
"(1, 380, np.float64(0.4), 200)",0.0,0.15,23180900.845833335,21198631.0
"(1, 380, np.float64(0.4), 210)",0.0,0.035416666666666666,17472530.366666667,15624917.5
"(1, 380, np.float64(0.5), 120)",0.0,0.5375,57908253.44375,57134687.0
"(1, 380, np.float64(0.5), 130)",0.0,0.6291666666666667,64073483.44583333,62957286.5
"(1, 380, np.float64(0.5), 140)",0.0,0.69375,60041410.25833333,59743494.5
"(1, 380, np.float64(0.5), 150)",0.0,0.7479166666666667,50521500.46458333,49675688.0
"(1, 380, np.float64(0.5), 160)",0.0,0.7979166666666667,40708824.666666664,39506310.5
"(1, 380, np.float64(0.5), 170)",0.0,0.8354166666666667,32560482.283333335,31422867.5
"(1, 380, np.float64(0.5), 180)",0.0,0.825,31475857.602083333,30379409.0
"(1, 380, np.float64(0.5), 190)",0.0,0.49583333333333335,28240172.791666668,26264850.0
"(1, 380, np.float64(0.5), 200)",0.0,0.15,22818425.183333334,20628631.0
"(1, 380, np.float64(0.5), 210)",0.0,0.035416666666666666,18423855.927083332,16555026.0
"(1, 380, np.float64(0.6), 120)",0.0,0.5395833333333333,57735385.89375,56185887.0
"(1, 380, np.float64(0.6), 130)",0.0,0.6333333333333333,65100164.28541667,64147675.0
"(1, 380, np.float64(0.6), 140)",0.0,0.69375,59712369.18333333,59026169.5
"(1, 380, np.float64(0.6), 150)",0.0,0.7479166666666667,51288172.170833334,50084245.5
"(1, 380, np.float64(0.6), 160)",0.0,0.7979166666666667,38741365.62708333,37655226.0
"(1, 380, np.float64(0.6), 170)",0.0,0.8354166666666667,33694721.83541667,32798633.5
"(1, 380, np.float64(0.6), 180)",0.0,0.825,31026839.03125,29876383.5
"(1, 380, np.float64(0.6), 190)",0.0,0.49583333333333335,28258685.53125,26185122.5
"(1, 380, np.float64(0.6), 200)",0.0,0.15208333333333332,22929081.802083332,21222433.0
"(1, 380, np.float64(0.6), 210)",0.0,0.035416666666666666,17653627.460416667,15909046.5
"(1, 380, np.float64(0.7000000000000001), 120)",0.0,0.5479166666666667,57961059.53333333,56419496.0
"(1, 380, np.float64(0.7000000000000001), 130)",0.0,0.6479166666666667,63609496.33541667,62037587.5
"(1, 380, np.float64(0.7000000000000001), 140)",0.0,0.7104166666666667,59262284.88333333,58455044.5
"(1, 380, np.float64(0.7000000000000001), 150)",0.0,0.7625,50979354.264583334,50409772.5
"(1, 380, np.float64(0.7000000000000001), 160)",0.0,0.8104166666666667,38774056.389583334,37717304.5
"(1, 380, np.float64(0.7000000000000001), 170)",0.0,0.84375,31772909.577083334,30811794.5
"(1, 380, np.float64(0.7000000000000001), 180)",0.0,0.825,31953161.852083333,30944843.0
"(1, 380, np.float64(0.7000000000000001), 190)",0.0,0.4979166666666667,27687543.30625,25583116.5
"(1, 380, np.float64(0.7000000000000001), 200)",0.0,0.16041666666666668,22734598.897916667,20984871.5
"(1, 380, np.float64(0.7000000000000001), 210)",0.0,0.0375,18310777.664583333,16706958.5
"(1, 380, np.float64(0.8), 120)",0.0,0.55,56298273.75833333,54769511.5
"(1, 380, np.float64(0.8), 130)",0.0,0.6625,64367156.166666664,63498235.5
"(1, 380, np.float64(0.8), 140)",0.0,0.7291666666666666,59231578.27708333,58606024.0
"(1, 380, np.float64(0.8), 150)",0.0,0.78125,50845509.49791667,49563798.5
"(1, 380, np.float64(0.8), 160)",0.0,0.83125,38499806.202083334,37552468.0
"(1, 380, np.float64(0.8), 170)",0.0,0.8791666666666667,32750463.477083333,31652262.5
"(1, 380, np.float64(0.8), 180)",0.0,0.8395833333333333,31726125.420833334,30739432.0
"(1, 380, np.float64(0.8), 190)",0.0,0.5,28793679.266666666,26875868.5
"(1, 380, np.float64(0.8), 200)",0.0,0.16666666666666666,22572412.995833334,20936725.0
"(1, 380, np.float64(0.8), 210)",0.0,0.03958333333333333,17454523.3875,15703781.0
"(1, 380, np.float64(0.9), 120)",0.0,0.0020833333333333333,56606239.4375,55000138.0
"(1, 380, np.float64(0.9), 130)",0.0,0.010416666666666666,63004755.09375,62431533.5
"(1, 380, np.float64(0.9), 140)",0.0,0.0125,58634679.791666664,57917194.0
"(1, 380, np.float64(0.9), 150)",0.0,0.014583333333333334,51037797.50833333,50019573.5
"(1, 380, np.float64(0.9), 160)",0.0,0.016666666666666666,37944946.2625,37080023.5
"(1, 380, np.float64(0.9), 170)",0.0,0.010416666666666666,32296455.108333334,31568117.5
"(1, 380, np.float64(0.9), 180)",0.0,0.00625,30428111.6375,29108926.5
"(1, 380, np.float64(0.9), 190)",0.0,0.0,27747950.254166666,25825523.0
"(1, 380, np.float64(0.9), 200)",0.0,0.0020833333333333333,22760708.25625,20900956.5
"(1, 380, np.float64(0.9), 210)",0.0,0.0,17848208.291666668,16240124.5
"(1, 390, np.float64(0.1), 120)",0.0,0.5375,59035774.19375,58524804.5
"(1, 390, np.float64(0.1), 130)",0.0,0.63125,66201524.78333333,65124513.0
"(1, 390, np.float64(0.1), 140)",0.0,0.6958333333333333,60568513.15625,59529783.5
"(1, 390, np.float64(0.1), 150)",0.0,0.75,51166538.0625,50082853.0
"(1, 390, np.float64(0.1), 160)",0.0,0.8,39913816.68125,38447172.5
"(1, 390, np.float64(0.1), 170)",0.0,0.85,32684350.341666665,31235949.0
"(1, 390, np.float64(0.1), 180)",0.0,0.8270833333333333,32521404.70625,31273215.0
"(1, 390, np.float64(0.1), 190)",0.0,0.49583333333333335,28960020.835416667,26797975.0
"(1, 390, np.float64(0.1), 200)",0.0,0.15,22912405.51875,21140181.0
"(1, 390, np.float64(0.1), 210)",0.0,0.035416666666666666,17565818.747916665,15801217.5
"(1, 390, np.float64(0.2), 120)",0.0,0.5375,57709624.7,57428344.5
"(1, 390, np.float64(0.2), 130)",0.0,0.63125,64515166.71041667,63065862.0
"(1, 390, np.float64(0.2), 140)",0.0,0.6958333333333333,60952240.166666664,59535748.0
"(1, 390, np.float64(0.2), 150)",0.0,0.75,52288018.25833333,51984075.5
"(1, 390, np.float64(0.2), 160)",0.0,0.8,38982600.12083333,37245527.5
"(1, 390, np.float64(0.2), 170)",0.0,0.85,33546379.227083333,32620946.0
"(1, 390, np.float64(0.2), 180)",0.0,0.8270833333333333,31226028.070833333,30009297.0
"(1, 390, np.float64(0.2), 190)",0.0,0.49583333333333335,28337755.541666668,25969348.5
"(1, 390, np.float64(0.2), 200)",0.0,0.15,22788005.483333334,20797047.0
"(1, 390, np.float64(0.2), 210)",0.0,0.035416666666666666,18176211.741666667,16543866.5
"(1, 390, np.float64(0.30000000000000004), 120)",0.0,0.5375,58332182.67916667,56963402.5
"(1, 390, np.float64(0.30000000000000004), 130)",0.0,0.63125,64429822.264583334,63833448.0
"(1, 390, np.float64(0.30000000000000004), 140)",0.0,0.6958333333333333,59706655.9625,58199992.5
"(1, 390, np.float64(0.30000000000000004), 150)",0.0,0.75,51420900.17916667,50026611.0
"(1, 390, np.float64(0.30000000000000004), 160)",0.0,0.8,38692184.41875,37792441.0
"(1, 390, np.float64(0.30000000000000004), 170)",0.0,0.8479166666666667,33151895.625,31699372.5
"(1, 390, np.float64(0.30000000000000004), 180)",0.0,0.8270833333333333,31175450.377083335,30057546.5
"(1, 390, np.float64(0.30000000000000004), 190)",0.0,0.49583333333333335,28735033.852083333,26595917.5
"(1, 390, np.float64(0.30000000000000004), 200)",0.0,0.15,23314115.579166666,21118740.0
"(1, 390, np.float64(0.30000000000000004), 210)",0.0,0.035416666666666666,17552257.1375,15831455.0
"(1, 390, np.float64(0.4), 120)",0.0,0.5375,57930626.30833333,56842339.5
"(1, 390, np.float64(0.4), 130)",0.0,0.63125,63971664.3125,62963769.0
"(1, 390, np.float64(0.4), 140)",0.0,0.6958333333333333,60571196.922916666,59807129.5
"(1, 390, np.float64(0.4), 150)",0.0,0.75,49830941.83125,48851675.5
"(1, 390, np.float64(0.4), 160)",0.0,0.8,39325248.545833334,37866958.5
"(1, 390, np.float64(0.4), 170)",0.0,0.84375,32627566.541666668,31734380.0
"(1, 390, np.float64(0.4), 180)",0.0,0.8270833333333333,31938538.439583335,30678640.0
"(1, 390, np.float64(0.4), 190)",0.0,0.49583333333333335,28294824.470833335,26381010.5
"(1, 390, np.float64(0.4), 200)",0.0,0.15,22882640.691666666,21026186.5
"(1, 390, np.float64(0.4), 210)",0.0,0.035416666666666666,17558596.385416668,15898555.0
"(1, 390, np.float64(0.5), 120)",0.0,0.5375,57424556.62916667,56490619.5
"(1, 390, np.float64(0.5), 130)",0.0,0.63125,64054518.31458333,63035192.0
"(1, 390, np.float64(0.5), 140)",0.0,0.6958333333333333,59692481.90208333,58627373.5
"(1, 390, np.float64(0.5), 150)",0.0,0.75,50840339.34166667,49848753.5
"(1, 390, np.float64(0.5), 160)",0.0,0.8,38797006.6,38099603.5
"(1, 390, np.float64(0.5), 170)",0.0,0.8416666666666667,33035390.608333334,32404708.0
"(1, 390, np.float64(0.5), 180)",0.0,0.825,30808433.564583335,29436313.0
"(1, 390, np.float64(0.5), 190)",0.0,0.49583333333333335,28473560.41875,26556513.0
"(1, 390, np.float64(0.5), 200)",0.0,0.15,23438564.372916665,21677843.0
"(1, 390, np.float64(0.5), 210)",0.0,0.035416666666666666,17513311.608333334,15642044.0
"(1, 390, np.float64(0.6), 120)",0.0,0.5395833333333333,57417200.075,56117766.5
"(1, 390, np.float64(0.6), 130)",0.0,0.6354166666666666,63636405.08958333,63330125.5
"(1, 390, np.float64(0.6), 140)",0.0,0.6958333333333333,59148600.81041667,58445399.0
"(1, 390, np.float64(0.6), 150)",0.0,0.75,50782077.22708333,49950920.0
"(1, 390, np.float64(0.6), 160)",0.0,0.8,38625333.7625,37277373.5
"(1, 390, np.float64(0.6), 170)",0.0,0.8416666666666667,32631467.633333333,31982985.0
"(1, 390, np.float64(0.6), 180)",0.0,0.825,31894137.0375,30842935.5
"(1, 390, np.float64(0.6), 190)",0.0,0.49583333333333335,27795962.483333334,25599582.0
"(1, 390, np.float64(0.6), 200)",0.0,0.15208333333333332,22802706.147916667,21110264.0
"(1, 390, np.float64(0.6), 210)",0.0,0.035416666666666666,17519839.710416667,15810930.0
"(1, 390, np.float64(0.7000000000000001), 120)",0.0,0.5479166666666667,57726436.579166666,55793781.5
"(1, 390, np.float64(0.7000000000000001), 130)",0.0,0.65,63642181.21666667,62456083.5
"(1, 390, np.float64(0.7000000000000001), 140)",0.0,0.7125,59494309.275,58916674.0
"(1, 390, np.float64(0.7000000000000001), 150)",0.0,0.7645833333333333,50720013.641666666,49965740.5
"(1, 390, np.float64(0.7000000000000001), 160)",0.0,0.8125,38633712.15,37618865.0
"(1, 390, np.float64(0.7000000000000001), 170)",0.0,0.85,32900406.814583335,32078604.0
"(1, 390, np.float64(0.7000000000000001), 180)",0.0,0.825,31462597.864583332,30329209.5
"(1, 390, np.float64(0.7000000000000001), 190)",0.0,0.4979166666666667,28345108.239583332,26239626.5
"(1, 390, np.float64(0.7000000000000001), 200)",0.0,0.16041666666666668,22445710.579166666,20856002.5
"(1, 390, np.float64(0.7000000000000001), 210)",0.0,0.0375,17526441.33125,15705433.5
"(1, 390, np.float64(0.8), 120)",0.0,0.55,57419441.09375,56105103.5
"(1, 390, np.float64(0.8), 130)",0.0,0.6645833333333333,63174498.50208333,62876646.5
"(1, 390, np.float64(0.8), 140)",0.0,0.73125,59133777.06041667,58672851.0
"(1, 390, np.float64(0.8), 150)",0.0,0.7833333333333333,49584346.37708333,48368776.0
"(1, 390, np.float64(0.8), 160)",0.0,0.8333333333333334,39208588.40208333,38716936.5
"(1, 390, np.float64(0.8), 170)",0.0,0.8833333333333333,32913891.43125,31922490.5
"(1, 390, np.float64(0.8), 180)",0.0,0.8395833333333333,31358514.772916667,30430992.5
"(1, 390, np.float64(0.8), 190)",0.0,0.5,28572792.714583334,26559525.5
"(1, 390, np.float64(0.8), 200)",0.0,0.16666666666666666,22827592.49375,21153469.5
"(1, 390, np.float64(0.8), 210)",0.0,0.03958333333333333,17375721.772916667,15791446.5
"(1, 390, np.float64(0.9), 120)",0.0,0.0020833333333333333,57136489.795833334,54567692.0
"(1, 390, np.float64(0.9), 130)",0.0,0.010416666666666666,63061317.21875,61961460.0
"(1, 390, np.float64(0.9), 140)",0.0,0.0125,59848688.420833334,59199343.0
"(1, 390, np.float64(0.9), 150)",0.0,0.014583333333333334,50868860.020833336,49975536.5
"(1, 390, np.float64(0.9), 160)",0.0,0.016666666666666666,38312327.65208333,37185408.5
"(1, 390, np.float64(0.9), 170)",0.0,0.010416666666666666,32048893.847916666,31060417.5
"(1, 390, np.float64(0.9), 180)",0.0,0.00625,30082324.28125,28899918.0
"(1, 390, np.float64(0.9), 190)",0.0,0.0,27687195.1875,25809094.0
"(1, 390, np.float64(0.9), 200)",0.0,0.0020833333333333333,22646771.483333334,20906950.0
"(1, 390, np.float64(0.9), 210)",0.0,0.0,17447752.308333334,15818471.5
"(1, 400, np.float64(0.1), 120)",0.0,0.5395833333333333,58664199.03333333,57955206.0
"(1, 400, np.float64(0.1), 130)",0.0,0.63125,65093350.68958333,64313117.5
"(1, 400, np.float64(0.1), 140)",0.0,0.6979166666666666,60978754.010416664,59148285.0
"(1, 400, np.float64(0.1), 150)",0.0,0.7541666666666667,52128913.59791667,51021736.5
"(1, 400, np.float64(0.1), 160)",0.0,0.8041666666666667,39234597.55625,37824146.5
"(1, 400, np.float64(0.1), 170)",0.0,0.85,32313130.070833333,30871674.5
"(1, 400, np.float64(0.1), 180)",0.0,0.8270833333333333,32530287.022916667,31156611.0
"(1, 400, np.float64(0.1), 190)",0.0,0.49583333333333335,28384248.902083334,26321702.0
"(1, 400, np.float64(0.1), 200)",0.0,0.15,23695198.779166665,21868253.0
"(1, 400, np.float64(0.1), 210)",0.0,0.035416666666666666,17414780.277083334,15561068.0
"(1, 400, np.float64(0.2), 120)",0.0,0.5395833333333333,57356656.172916666,57639425.0
"(1, 400, np.float64(0.2), 130)",0.0,0.63125,64720681.92916667,63822314.5
"(1, 400, np.float64(0.2), 140)",0.0,0.6979166666666666,60019735.47083333,58789507.0
"(1, 400, np.float64(0.2), 150)",0.0,0.7541666666666667,51652661.87083333,50602929.5
"(1, 400, np.float64(0.2), 160)",0.0,0.8041666666666667,39895473.87916667,38701674.5
"(1, 400, np.float64(0.2), 170)",0.0,0.85,33610383.60208333,32229674.0
"(1, 400, np.float64(0.2), 180)",0.0,0.8270833333333333,31680070.845833335,30536405.5
"(1, 400, np.float64(0.2), 190)",0.0,0.49583333333333335,28653999.804166667,26401743.5
"(1, 400, np.float64(0.2), 200)",0.0,0.15,23164504.21875,21426106.5
"(1, 400, np.float64(0.2), 210)",0.0,0.035416666666666666,17478208.69375,15685024.5
"(1, 400, np.float64(0.30000000000000004), 120)",0.0,0.5395833333333333,58288226.65833333,57159442.0
"(1, 400, np.float64(0.30000000000000004), 130)",0.0,0.63125,64215087.81875,63227228.0
"(1, 400, np.float64(0.30000000000000004), 140)",0.0,0.6979166666666666,60966483.510416664,60359508.5
"(1, 400, np.float64(0.30000000000000004), 150)",0.0,0.7541666666666667,50802752.64791667,49235174.0
"(1, 400, np.float64(0.30000000000000004), 160)",0.0,0.8041666666666667,39384541.00625,38231853.0
"(1, 400, np.float64(0.30000000000000004), 170)",0.0,0.8479166666666667,33079925.241666667,31512073.5
"(1, 400, np.float64(0.30000000000000004), 180)",0.0,0.8270833333333333,31128988.74375,29844268.5
"(1, 400, np.float64(0.30000000000000004), 190)",0.0,0.49583333333333335,28388116.035416666,26355724.0
"(1, 400, np.float64(0.30000000000000004), 200)",0.0,0.15,22493623.252083335,20503773.5
"(1, 400, np.float64(0.30000000000000004), 210)",0.0,0.035416666666666666,17493146.245833334,15706610.5
"(1, 400, np.float64(0.4), 120)",0.0,0.5395833333333333,57954434.87916667,56040172.0
"(1, 400, np.float64(0.4), 130)",0.0,0.63125,65170349.79375,64226864.5
"(1, 400, np.float64(0.4), 140)",0.0,0.6979166666666666,59526439.48125,58838961.5
"(1, 400, np.float64(0.4), 150)",0.0,0.7541666666666667,50239897.82083333,49041214.0
"(1, 400, np.float64(0.4), 160)",0.0,0.8041666666666667,38405653.12083333,37416550.5
"(1, 400, np.float64(0.4), 170)",0.0,0.84375,32490618.55,31485571.5
"(1, 400, np.float64(0.4), 180)",0.0,0.8270833333333333,31437733.38125,30311442.0
"(1, 400, np.float64(0.4), 190)",0.0,0.49583333333333335,28285608.447916668,26089405.0
"(1, 400, np.float64(0.4), 200)",0.0,0.15,23528951.34375,21722982.0
"(1, 400, np.float64(0.4), 210)",0.0,0.035416666666666666,17395479.964583334,15746736.0
"(1, 400, np.float64(0.5), 120)",0.0,0.5395833333333333,57565036.641666666,56897916.5
"(1, 400, np.float64(0.5), 130)",0.0,0.63125,63470960.04375,62709643.5
"(1, 400, np.float64(0.5), 140)",0.0,0.6979166666666666,59323009.24791667,58445531.0
"(1, 400, np.float64(0.5), 150)",0.0,0.7541666666666667,51518976.8875,50027063.5
"(1, 400, np.float64(0.5), 160)",0.0,0.8041666666666667,39197023.3625,37810527.0
"(1, 400, np.float64(0.5), 170)",0.0,0.8416666666666667,32766354.679166667,31796555.0
"(1, 400, np.float64(0.5), 180)",0.0,0.825,30982880.84375,29832523.0
"(1, 400, np.float64(0.5), 190)",0.0,0.49583333333333335,28334206.425,26334228.5
"(1, 400, np.float64(0.5), 200)",0.0,0.15,22723731.797916666,20757581.5
"(1, 400, np.float64(0.5), 210)",0.0,0.035416666666666666,18265496.070833333,16678297.0
"(1, 400, np.float64(0.6), 120)",0.0,0.5416666666666666,57380178.045833334,56129046.0
"(1, 400, np.float64(0.6), 130)",0.0,0.6354166666666666,63805767.485416666,62737475.0
"(1, 400, np.float64(0.6), 140)",0.0,0.6979166666666666,60380178.0625,59233716.5
"(1, 400, np.float64(0.6), 150)",0.0,0.7541666666666667,49888941.235416666,48827293.5
"(1, 400, np.float64(0.6), 160)",0.0,0.8041666666666667,39633590.87083333,38716044.0
"(1, 400, np.float64(0.6), 170)",0.0,0.8416666666666667,32248952.4125,30976445.5
"(1, 400, np.float64(0.6), 180)",0.0,0.825,31341248.975,30350640.5
"(1, 400, np.float64(0.6), 190)",0.0,0.49583333333333335,28592535.3375,26653621.0
"(1, 400, np.float64(0.6), 200)",0.0,0.15208333333333332,22683029.4625,20847996.5
"(1, 400, np.float64(0.6), 210)",0.0,0.035416666666666666,17017307.835416667,15224045.0
"(1, 400, np.float64(0.7000000000000001), 120)",0.0,0.55,56790045.764583334,55885506.0
"(1, 400, np.float64(0.7000000000000001), 130)",0.0,0.65,63399999.34375,62844257.0
"(1, 400, np.float64(0.7000000000000001), 140)",0.0,0.7145833333333333,60153146.447916664,59755958.0
"(1, 400, np.float64(0.7000000000000001), 150)",0.0,0.76875,49803436.15416667,48468930.0
"(1, 400, np.float64(0.7000000000000001), 160)",0.0,0.8166666666666667,40090599.925,39030842.0
"(1, 400, np.float64(0.7000000000000001), 170)",0.0,0.85,32343575.04375,31585861.5
"(1, 400, np.float64(0.7000000000000001), 180)",0.0,0.825,30900009.327083334,29871158.0
"(1, 400, np.float64(0.7000000000000001), 190)",0.0,0.4979166666666667,28297845.53125,26239539.0
"(1, 400, np.float64(0.7000000000000001), 200)",0.0,0.16041666666666668,23568741.922916666,21644011.0
"(1, 400, np.float64(0.7000000000000001), 210)",0.0,0.0375,17305655.833333332,15490334.0
"(1, 400, np.float64(0.8), 120)",0.0,0.5520833333333334,57059229.09375,55507625.0
"(1, 400, np.float64(0.8), 130)",0.0,0.6645833333333333,63694507.525,62809391.0
"(1, 400, np.float64(0.8), 140)",0.0,0.7333333333333333,60004805.95,59918309.5
"(1, 400, np.float64(0.8), 150)",0.0,0.7875,49819690.66041667,48922011.0
"(1, 400, np.float64(0.8), 160)",0.0,0.8375,39845809.90833333,38665379.0
"(1, 400, np.float64(0.8), 170)",0.0,0.8833333333333333,32792149.25,31989650.5
"(1, 400, np.float64(0.8), 180)",0.0,0.8395833333333333,31299026.029166665,29949069.0
"(1, 400, np.float64(0.8), 190)",0.0,0.5,27141204.53125,24790228.0
"(1, 400, np.float64(0.8), 200)",0.0,0.16666666666666666,23479034.095833335,21275796.0
"(1, 400, np.float64(0.8), 210)",0.0,0.03958333333333333,17114108.589583334,15266831.0
"(1, 400, np.float64(0.9), 120)",0.0,0.0020833333333333333,57202762.8375,56194433.5
"(1, 400, np.float64(0.9), 130)",0.0,0.010416666666666666,64041657.391666666,63807660.0
"(1, 400, np.float64(0.9), 140)",0.0,0.0125,58978387.84166667,57738454.5
"(1, 400, np.float64(0.9), 150)",0.0,0.014583333333333334,51137399.36666667,49768932.5
"(1, 400, np.float64(0.9), 160)",0.0,0.016666666666666666,39214991.291666664,38044403.5
"(1, 400, np.float64(0.9), 170)",0.0,0.010416666666666666,32402046.260416668,31742418.5
"(1, 400, np.float64(0.9), 180)",0.0,0.00625,30471214.1625,29381339.5
"(1, 400, np.float64(0.9), 190)",0.0,0.0,27235128.785416666,24910823.5
"(1, 400, np.float64(0.9), 200)",0.0,0.0020833333333333333,23198804.8,21430960.0
"(1, 400, np.float64(0.9), 210)",0.0,0.0,17401100.59375,15729728.5
"(3, 300, np.float64(0.1), 120)",0.0,0.4979166666666667,42374468.645833336,42277598.5
"(3, 300, np.float64(0.1), 130)",0.0,0.6,45972022.8875,44933238.0
"(3, 300, np.float64(0.1), 140)",0.0,0.6520833333333333,43016586.01875,42017922.5
"(3, 300, np.float64(0.1), 150)",0.0,0.7208333333333333,35637083.725,33938986.5
"(3, 300, np.float64(0.1), 160)",0.0,0.7520833333333333,28727644.5,27183280.5
"(3, 300, np.float64(0.1), 170)",0.0,0.7833333333333333,26076441.822916668,24825475.5
"(3, 300, np.float64(0.1), 180)",0.0,0.6333333333333333,26071303.697916668,25091374.0
"(3, 300, np.float64(0.1), 190)",0.0,0.2375,22933513.9875,21495938.0
"(3, 300, np.float64(0.1), 200)",0.0,0.09375,18537355.779166665,17304547.0
"(3, 300, np.float64(0.1), 210)",0.0,0.035416666666666666,16092371.352083333,15340299.5
"(3, 300, np.float64(0.2), 120)",0.0,0.4979166666666667,43032673.28125,42089460.0
"(3, 300, np.float64(0.2), 130)",0.0,0.6,45189786.6875,43991810.0
"(3, 300, np.float64(0.2), 140)",0.0,0.6520833333333333,43754761.833333336,42127058.0
"(3, 300, np.float64(0.2), 150)",0.0,0.7208333333333333,35813738.514583334,33862001.0
"(3, 300, np.float64(0.2), 160)",0.0,0.7520833333333333,28882343.777083334,27328967.5
"(3, 300, np.float64(0.2), 170)",0.0,0.7833333333333333,25439646.81875,24628120.0
"(3, 300, np.float64(0.2), 180)",0.0,0.6333333333333333,26156468.627083335,25264516.5
"(3, 300, np.float64(0.2), 190)",0.0,0.2375,23124330.725,22012691.5
"(3, 300, np.float64(0.2), 200)",0.0,0.09375,19461137.227083333,18223840.5
"(3, 300, np.float64(0.2), 210)",0.0,0.035416666666666666,16720166.05,16064842.5
"(3, 300, np.float64(0.30000000000000004), 120)",0.0,0.4979166666666667,41709393.327083334,41486644.5
"(3, 300, np.float64(0.30000000000000004), 130)",0.0,0.6,45440292.672916666,44365524.5
"(3, 300, np.float64(0.30000000000000004), 140)",0.0,0.6520833333333333,43323694.40833333,42495823.0
"(3, 300, np.float64(0.30000000000000004), 150)",0.0,0.7208333333333333,35374131.41458333,33670263.5
"(3, 300, np.float64(0.30000000000000004), 160)",0.0,0.7520833333333333,30477020.95,28993715.5
"(3, 300, np.float64(0.30000000000000004), 170)",0.0,0.7833333333333333,24831037.285416666,23814814.0
"(3, 300, np.float64(0.30000000000000004), 180)",0.0,0.6333333333333333,25760940.495833334,25067275.5
"(3, 300, np.float64(0.30000000000000004), 190)",0.0,0.2375,21891365.052083332,20560064.0
"(3, 300, np.float64(0.30000000000000004), 200)",0.0,0.09375,18972069.152083334,17906027.0
"(3, 300, np.float64(0.30000000000000004), 210)",0.0,0.035416666666666666,17180825.6875,16609502.5
"(3, 300, np.float64(0.4), 120)",0.0,0.4979166666666667,40291065.00416667,39430116.5
"(3, 300, np.float64(0.4), 130)",0.0,0.6,44771085.56041667,43706145.0
"(3, 300, np.float64(0.4), 140)",0.0,0.6520833333333333,41727027.41041667,41002711.0
"(3, 300, np.float64(0.4), 150)",0.0,0.7208333333333333,37685605.25,36368488.5
"(3, 300, np.float64(0.4), 160)",0.0,0.7520833333333333,29668953.5375,28522098.5
"(3, 300, np.float64(0.4), 170)",0.0,0.7833333333333333,26321288.166666668,25612214.0
"(3, 300, np.float64(0.4), 180)",0.0,0.6333333333333333,24308072.410416666,23263607.5
"(3, 300, np.float64(0.4), 190)",0.0,0.2375,22272766.1875,21005428.0
"(3, 300, np.float64(0.4), 200)",0.0,0.09375,19851423.516666666,18464150.5
"(3, 300, np.float64(0.4), 210)",0.0,0.035416666666666666,16185887.475,15465051.0
"(3, 300, np.float64(0.5), 120)",0.0,0.4979166666666667,40373448.65,40028949.5
"(3, 300, np.float64(0.5), 130)",0.0,0.6020833333333333,44064757.85,43506464.5
"(3, 300, np.float64(0.5), 140)",0.0,0.6520833333333333,42984841.27708333,41988613.5
"(3, 300, np.float64(0.5), 150)",0.0,0.7208333333333333,35916173.604166664,34112742.5
"(3, 300, np.float64(0.5), 160)",0.0,0.7520833333333333,29571429.133333333,28238738.5
"(3, 300, np.float64(0.5), 170)",0.0,0.7833333333333333,26002660.372916665,25169652.0
"(3, 300, np.float64(0.5), 180)",0.0,0.6333333333333333,24038864.56875,23074094.5
"(3, 300, np.float64(0.5), 190)",0.0,0.2375,24062753.583333332,22789074.0
"(3, 300, np.float64(0.5), 200)",0.0,0.09166666666666666,18895217.879166666,17754976.0
"(3, 300, np.float64(0.5), 210)",0.0,0.035416666666666666,16255162.0,15633192.5
"(3, 300, np.float64(0.6), 120)",0.0,0.4979166666666667,41670500.010416664,41298738.0
"(3, 300, np.float64(0.6), 130)",0.0,0.6041666666666666,43870223.08958333,42560818.0
"(3, 300, np.float64(0.6), 140)",0.0,0.6520833333333333,41526554.82083333,40629057.5
"(3, 300, np.float64(0.6), 150)",0.0,0.725,36219330.13125,35177341.5
"(3, 300, np.float64(0.6), 160)",0.0,0.7583333333333333,28055368.275,26974663.0
"(3, 300, np.float64(0.6), 170)",0.0,0.78125,27372541.9,26656041.5
"(3, 300, np.float64(0.6), 180)",0.0,0.6333333333333333,24883457.435416665,23869580.0
"(3, 300, np.float64(0.6), 190)",0.0,0.2375,21827208.879166666,20714947.0
"(3, 300, np.float64(0.6), 200)",0.0,0.09166666666666666,19804805.81875,18454277.5
"(3, 300, np.float64(0.6), 210)",0.0,0.035416666666666666,16204334.364583334,15458868.5
"(3, 300, np.float64(0.7000000000000001), 120)",0.0,0.5083333333333333,39841396.327083334,38765636.0
"(3, 300, np.float64(0.7000000000000001), 130)",0.0,0.6145833333333334,43690620.68125,42901407.0
"(3, 300, np.float64(0.7000000000000001), 140)",0.0,0.68125,43742481.53541667,43016023.5
"(3, 300, np.float64(0.7000000000000001), 150)",0.0,0.7458333333333333,34345404.37291667,32763201.5
"(3, 300, np.float64(0.7000000000000001), 160)",0.0,0.7875,28945796.8375,27987155.5
"(3, 300, np.float64(0.7000000000000001), 170)",0.0,0.8020833333333334,25875480.70625,25390114.5
"(3, 300, np.float64(0.7000000000000001), 180)",0.0,0.6375,25386601.5625,24622541.5
"(3, 300, np.float64(0.7000000000000001), 190)",0.0,0.24166666666666667,22782502.172916666,21836064.5
"(3, 300, np.float64(0.7000000000000001), 200)",0.0,0.09166666666666666,18929783.5375,17718815.5
"(3, 300, np.float64(0.7000000000000001), 210)",0.0,0.035416666666666666,15874062.564583333,15225647.5
"(3, 300, np.float64(0.8), 120)",0.0,0.5145833333333333,41393377.95,40264216.5
"(3, 300, np.float64(0.8), 130)",0.0,0.6270833333333333,44597893.94166667,43671434.5
"(3, 300, np.float64(0.8), 140)",0.0,0.6916666666666667,40830505.65208333,39728159.5
"(3, 300, np.float64(0.8), 150)",0.0,0.7604166666666666,34761404.01875,33760401.0
"(3, 300, np.float64(0.8), 160)",0.0,0.8,29317394.214583334,28518732.5
"(3, 300, np.float64(0.8), 170)",0.0,0.8145833333333333,25834945.65,25051981.0
"(3, 300, np.float64(0.8), 180)",0.0,0.6416666666666667,23989733.864583332,23382093.5
"(3, 300, np.float64(0.8), 190)",0.0,0.24375,21575446.710416667,20201532.5
"(3, 300, np.float64(0.8), 200)",0.0,0.09583333333333334,18493302.260416668,17273864.0
"(3, 300, np.float64(0.8), 210)",0.0,0.035416666666666666,18540304.88125,18049954.5
"(3, 300, np.float64(0.9), 120)",0.0,0.05625,40794932.614583336,39365092.0
"(3, 300, np.float64(0.9), 130)",0.0,0.075,43298123.50625,42616993.0
"(3, 300, np.float64(0.9), 140)",0.0,0.09583333333333334,41379458.075,41038767.5
"(3, 300, np.float64(0.9), 150)",0.0,0.09791666666666667,34190865.083333336,32470936.0
"(3, 300, np.float64(0.9), 160)",0.0,0.10416666666666667,29173799.552083332,28292477.5
"(3, 300, np.float64(0.9), 170)",0.0,0.10416666666666667,26990098.391666666,26515060.0
"(3, 300, np.float64(0.9), 180)",0.0,0.09166666666666666,23998290.904166665,23308493.0
"(3, 300, np.float64(0.9), 190)",0.0,0.03125,23087688.152083334,21845904.5
"(3, 300, np.float64(0.9), 200)",0.0,0.00625,18600894.420833334,17320697.0
"(3, 300, np.float64(0.9), 210)",0.0,0.0020833333333333333,16859091.791666668,16271395.0
"(3, 310, np.float64(0.1), 120)",0.0,0.4979166666666667,41525666.385416664,41144685.0
"(3, 310, np.float64(0.1), 130)",0.0,0.6,48093563.197916664,47325909.0
"(3, 310, np.float64(0.1), 140)",0.0,0.6520833333333333,42639455.71458333,41194527.5
"(3, 310, np.float64(0.1), 150)",0.0,0.7208333333333333,37320173.50833333,35911652.0
"(3, 310, np.float64(0.1), 160)",0.0,0.7541666666666667,29930778.172916666,28624158.0
"(3, 310, np.float64(0.1), 170)",0.0,0.7895833333333333,26890077.504166666,26177038.5
"(3, 310, np.float64(0.1), 180)",0.0,0.6333333333333333,24445499.433333334,23421720.0
"(3, 310, np.float64(0.1), 190)",0.0,0.23958333333333334,23135498.541666668,21580388.0
"(3, 310, np.float64(0.1), 200)",0.0,0.09375,19241207.79375,18111471.5
"(3, 310, np.float64(0.1), 210)",0.0,0.035416666666666666,16291079.245833334,15621215.5
"(3, 310, np.float64(0.2), 120)",0.0,0.4979166666666667,41039934.60625,40552719.0
"(3, 310, np.float64(0.2), 130)",0.0,0.6,46602235.37916667,45688183.5
"(3, 310, np.float64(0.2), 140)",0.0,0.6520833333333333,42505847.86875,40928354.0
"(3, 310, np.float64(0.2), 150)",0.0,0.7208333333333333,35475501.891666666,33526670.0
"(3, 310, np.float64(0.2), 160)",0.0,0.7541666666666667,29560834.847916666,28129257.5
"(3, 310, np.float64(0.2), 170)",0.0,0.7895833333333333,26419142.8,25346419.0
"(3, 310, np.float64(0.2), 180)",0.0,0.6333333333333333,25592359.441666666,24813023.0
"(3, 310, np.float64(0.2), 190)",0.0,0.23958333333333334,21539294.291666668,20280568.5
"(3, 310, np.float64(0.2), 200)",0.0,0.09375,18994497.797916666,17741066.0
"(3, 310, np.float64(0.2), 210)",0.0,0.035416666666666666,18387962.1375,17936974.0
"(3, 310, np.float64(0.30000000000000004), 120)",0.0,0.4979166666666667,42388824.9,41858686.5
"(3, 310, np.float64(0.30000000000000004), 130)",0.0,0.6,45786922.32083333,44559454.0
"(3, 310, np.float64(0.30000000000000004), 140)",0.0,0.6520833333333333,42220811.2625,41234476.5
"(3, 310, np.float64(0.30000000000000004), 150)",0.0,0.7208333333333333,35349906.49375,33521325.0
"(3, 310, np.float64(0.30000000000000004), 160)",0.0,0.7541666666666667,30201175.610416666,28530315.0
"(3, 310, np.float64(0.30000000000000004), 170)",0.0,0.7895833333333333,27627889.06875,26999918.5
"(3, 310, np.float64(0.30000000000000004), 180)",0.0,0.6333333333333333,24206961.19375,23151106.0
"(3, 310, np.float64(0.30000000000000004), 190)",0.0,0.23958333333333334,21882325.127083335,20501610.5
"(3, 310, np.float64(0.30000000000000004), 200)",0.0,0.09375,18573963.029166665,17495115.0
"(3, 310, np.float64(0.30000000000000004), 210)",0.0,0.035416666666666666,17349524.083333332,16588374.0
"(3, 310, np.float64(0.4), 120)",0.0,0.4979166666666667,40388487.322916664,39522592.5
"(3, 310, np.float64(0.4), 130)",0.0,0.6,44512760.547916666,43673557.5
"(3, 310, np.float64(0.4), 140)",0.0,0.6520833333333333,41718614.96875,40978994.5
"(3, 310, np.float64(0.4), 150)",0.0,0.7208333333333333,36755030.97083333,35274693.0
"(3, 310, np.float64(0.4), 160)",0.0,0.7541666666666667,30487498.7875,29344347.0
"(3, 310, np.float64(0.4), 170)",0.0,0.7895833333333333,26237800.55625,25601896.5
"(3, 310, np.float64(0.4), 180)",0.0,0.6333333333333333,24134767.975,23114444.5
"(3, 310, np.float64(0.4), 190)",0.0,0.23958333333333334,22883835.320833333,21556419.5
"(3, 310, np.float64(0.4), 200)",0.0,0.09375,18920805.45,17678504.0
"(3, 310, np.float64(0.4), 210)",0.0,0.035416666666666666,16761006.825,16091942.5
"(3, 310, np.float64(0.5), 120)",0.0,0.4979166666666667,41791715.510416664,41393373.0
"(3, 310, np.float64(0.5), 130)",0.0,0.6020833333333333,44440389.170833334,43833007.5
"(3, 310, np.float64(0.5), 140)",0.0,0.6520833333333333,41635421.09583333,40792878.0
"(3, 310, np.float64(0.5), 150)",0.0,0.7208333333333333,35743977.79375,34089297.0
"(3, 310, np.float64(0.5), 160)",0.0,0.7541666666666667,29617654.170833334,28407501.0
"(3, 310, np.float64(0.5), 170)",0.0,0.7895833333333333,26697296.19375,25989331.0
"(3, 310, np.float64(0.5), 180)",0.0,0.6333333333333333,25427195.247916665,24514297.0
"(3, 310, np.float64(0.5), 190)",0.0,0.23958333333333334,21456446.283333335,20126615.5
"(3, 310, np.float64(0.5), 200)",0.0,0.09166666666666666,20291347.2,19100931.5
"(3, 310, np.float64(0.5), 210)",0.0,0.035416666666666666,16206434.675,15449281.0
"(3, 310, np.float64(0.6), 120)",0.0,0.4979166666666667,41483150.40416667,40969872.0
"(3, 310, np.float64(0.6), 130)",0.0,0.6041666666666666,44147158.90625,43079757.5
"(3, 310, np.float64(0.6), 140)",0.0,0.6520833333333333,42966695.175,42136743.0
"(3, 310, np.float64(0.6), 150)",0.0,0.725,34592796.62083333,33068569.5
"(3, 310, np.float64(0.6), 160)",0.0,0.7604166666666666,29549714.520833332,28057714.5
"(3, 310, np.float64(0.6), 170)",0.0,0.7875,26271080.45625,25629035.5
"(3, 310, np.float64(0.6), 180)",0.0,0.6333333333333333,24723038.166666668,23617627.0
"(3, 310, np.float64(0.6), 190)",0.0,0.23958333333333334,22843351.327083334,21699034.5
"(3, 310, np.float64(0.6), 200)",0.0,0.09166666666666666,18833250.26875,17511328.5
"(3, 310, np.float64(0.6), 210)",0.0,0.035416666666666666,16186253.058333334,15587513.5
"(3, 310, np.float64(0.7000000000000001), 120)",0.0,0.5083333333333333,41016774.77916667,39849300.5
"(3, 310, np.float64(0.7000000000000001), 130)",0.0,0.6145833333333334,44078133.33125,43463619.5
"(3, 310, np.float64(0.7000000000000001), 140)",0.0,0.68125,41196855.03541667,40594520.5
"(3, 310, np.float64(0.7000000000000001), 150)",0.0,0.7458333333333333,35934927.09791667,34628781.5
"(3, 310, np.float64(0.7000000000000001), 160)",0.0,0.7895833333333333,28758017.566666666,27730089.0
"(3, 310, np.float64(0.7000000000000001), 170)",0.0,0.8083333333333333,25948550.127083335,25318844.0
"(3, 310, np.float64(0.7000000000000001), 180)",0.0,0.6375,23754699.902083334,22879594.0
"(3, 310, np.float64(0.7000000000000001), 190)",0.0,0.24375,22885985.841666665,21709463.0
"(3, 310, np.float64(0.7000000000000001), 200)",0.0,0.09166666666666666,20241851.229166668,18926318.5
"(3, 310, np.float64(0.7000000000000001), 210)",0.0,0.035416666666666666,16263227.477083333,15646364.0
"(3, 310, np.float64(0.8), 120)",0.0,0.5145833333333333,39475797.675,37855012.0
"(3, 310, np.float64(0.8), 130)",0.0,0.6270833333333333,45102110.96875,44193825.0
"(3, 310, np.float64(0.8), 140)",0.0,0.6916666666666667,41046357.6625,40619914.0
"(3, 310, np.float64(0.8), 150)",0.0,0.7604166666666666,35235294.75833333,33532046.0
"(3, 310, np.float64(0.8), 160)",0.0,0.8020833333333334,29450558.629166666,28683180.5
"(3, 310, np.float64(0.8), 170)",0.0,0.81875,26108669.5125,25285920.0
"(3, 310, np.float64(0.8), 180)",0.0,0.6416666666666667,25307140.05625,24703759.0
"(3, 310, np.float64(0.8), 190)",0.0,0.24583333333333332,22715984.904166665,21505114.0
"(3, 310, np.float64(0.8), 200)",0.0,0.09583333333333334,19003847.341666665,17767261.5
"(3, 310, np.float64(0.8), 210)",0.0,0.035416666666666666,15979122.789583333,15339779.5
"(3, 310, np.float64(0.9), 120)",0.0,0.05625,41028750.97291667,39989733.5
"(3, 310, np.float64(0.9), 130)",0.0,0.075,43400728.391666666,42805354.5
"(3, 310, np.float64(0.9), 140)",0.0,0.09583333333333334,40832396.03125,40403310.0
"(3, 310, np.float64(0.9), 150)",0.0,0.09791666666666667,35702983.6625,34115602.0
"(3, 310, np.float64(0.9), 160)",0.0,0.10625,29158834.591666665,27989691.5
"(3, 310, np.float64(0.9), 170)",0.0,0.10416666666666667,25381610.15,24845197.5
"(3, 310, np.float64(0.9), 180)",0.0,0.09166666666666666,24509207.45625,23741742.5
"(3, 310, np.float64(0.9), 190)",0.0,0.03125,21348042.214583334,20227879.5
"(3, 310, np.float64(0.9), 200)",0.0,0.00625,18780216.0875,17711750.5
"(3, 310, np.float64(0.9), 210)",0.0,0.0020833333333333333,17249995.21875,16726947.5
"(3, 320, np.float64(0.1), 120)",0.0,0.4979166666666667,42695713.385416664,42163120.0
"(3, 320, np.float64(0.1), 130)",0.0,0.6,45358150.2375,44373232.5
"(3, 320, np.float64(0.1), 140)",0.0,0.6541666666666667,43160681.045833334,42482979.5
"(3, 320, np.float64(0.1), 150)",0.0,0.7208333333333333,35726884.425,33651788.5
"(3, 320, np.float64(0.1), 160)",0.0,0.7583333333333333,30181755.464583334,28679829.5
"(3, 320, np.float64(0.1), 170)",0.0,0.7958333333333333,26391335.254166666,25800900.0
"(3, 320, np.float64(0.1), 180)",0.0,0.6354166666666666,25661779.466666665,24612606.0
"(3, 320, np.float64(0.1), 190)",0.0,0.23958333333333334,23303905.575,22111545.5
"(3, 320, np.float64(0.1), 200)",0.0,0.09375,18925412.3875,17628329.0
"(3, 320, np.float64(0.1), 210)",0.0,0.035416666666666666,16230577.95625,15479962.0
"(3, 320, np.float64(0.2), 120)",0.0,0.4979166666666667,42440043.6125,42678508.0
"(3, 320, np.float64(0.2), 130)",0.0,0.6,45154319.041666664,44128806.0
"(3, 320, np.float64(0.2), 140)",0.0,0.6541666666666667,41950291.55833333,41074979.5
"(3, 320, np.float64(0.2), 150)",0.0,0.7208333333333333,36799678.952083334,34824609.0
"(3, 320, np.float64(0.2), 160)",0.0,0.7583333333333333,30372850.9375,29004050.0
"(3, 320, np.float64(0.2), 170)",0.0,0.7958333333333333,26300647.204166666,25259905.0
"(3, 320, np.float64(0.2), 180)",0.0,0.6354166666666666,24080502.597916666,23127052.5
"(3, 320, np.float64(0.2), 190)",0.0,0.23958333333333334,23097893.5125,21836620.5
"(3, 320, np.float64(0.2), 200)",0.0,0.09375,19344795.80625,18080271.0
"(3, 320, np.float64(0.2), 210)",0.0,0.035416666666666666,16107870.745833334,15336882.5
"(3, 320, np.float64(0.30000000000000004), 120)",0.0,0.4979166666666667,42028485.59791667,41458701.0
"(3, 320, np.float64(0.30000000000000004), 130)",0.0,0.6,44331849.97708333,43733655.0
"(3, 320, np.float64(0.30000000000000004), 140)",0.0,0.6541666666666667,41814469.28958333,40707211.0
"(3, 320, np.float64(0.30000000000000004), 150)",0.0,0.7208333333333333,36048109.2375,34217273.0
"(3, 320, np.float64(0.30000000000000004), 160)",0.0,0.7583333333333333,30292327.822916668,28989864.0
"(3, 320, np.float64(0.30000000000000004), 170)",0.0,0.7958333333333333,26834496.770833332,25850202.0
"(3, 320, np.float64(0.30000000000000004), 180)",0.0,0.6354166666666666,25616403.58125,24656489.5
"(3, 320, np.float64(0.30000000000000004), 190)",0.0,0.23958333333333334,23089130.0,22033584.5
"(3, 320, np.float64(0.30000000000000004), 200)",0.0,0.09375,19005241.235416666,17659131.5
"(3, 320, np.float64(0.30000000000000004), 210)",0.0,0.035416666666666666,16319067.210416667,15763458.5
"(3, 320, np.float64(0.4), 120)",0.0,0.4979166666666667,41825241.44166667,40832125.0
"(3, 320, np.float64(0.4), 130)",0.0,0.6,44520541.76875,43561088.5
"(3, 320, np.float64(0.4), 140)",0.0,0.6541666666666667,41859835.81458333,41068445.5
"(3, 320, np.float64(0.4), 150)",0.0,0.7208333333333333,36407220.639583334,35105616.0
"(3, 320, np.float64(0.4), 160)",0.0,0.7583333333333333,29892514.63125,28665086.5
"(3, 320, np.float64(0.4), 170)",0.0,0.7958333333333333,26472729.072916668,25226352.5
"(3, 320, np.float64(0.4), 180)",0.0,0.6354166666666666,24763716.279166665,23981956.0
"(3, 320, np.float64(0.4), 190)",0.0,0.23958333333333334,22878977.508333333,21683633.5
"(3, 320, np.float64(0.4), 200)",0.0,0.09375,18972006.660416666,17727970.5
"(3, 320, np.float64(0.4), 210)",0.0,0.035416666666666666,15930049.30625,15288777.0
"(3, 320, np.float64(0.5), 120)",0.0,0.4979166666666667,41862683.3,41367084.0
"(3, 320, np.float64(0.5), 130)",0.0,0.6020833333333333,43701718.952083334,43448706.5
"(3, 320, np.float64(0.5), 140)",0.0,0.6541666666666667,41488377.46875,40397976.0
"(3, 320, np.float64(0.5), 150)",0.0,0.7208333333333333,35617818.764583334,34209239.5
"(3, 320, np.float64(0.5), 160)",0.0,0.7583333333333333,29788583.1125,28598251.0
"(3, 320, np.float64(0.5), 170)",0.0,0.7958333333333333,25919133.59375,25073837.0
"(3, 320, np.float64(0.5), 180)",0.0,0.6354166666666666,25470172.633333333,24720320.0
"(3, 320, np.float64(0.5), 190)",0.0,0.23958333333333334,23026796.695833333,21722818.5
"(3, 320, np.float64(0.5), 200)",0.0,0.09166666666666666,18915431.233333334,17745665.0
"(3, 320, np.float64(0.5), 210)",0.0,0.035416666666666666,16171199.454166668,15401327.5
"(3, 320, np.float64(0.6), 120)",0.0,0.4979166666666667,41619475.052083336,41092093.5
"(3, 320, np.float64(0.6), 130)",0.0,0.6041666666666666,44075120.15,43070583.0
"(3, 320, np.float64(0.6), 140)",0.0,0.6541666666666667,41354880.87291667,40337868.0
"(3, 320, np.float64(0.6), 150)",0.0,0.725,36223357.01875,34871661.0
"(3, 320, np.float64(0.6), 160)",0.0,0.7645833333333333,29597612.154166665,28446297.5
"(3, 320, np.float64(0.6), 170)",0.0,0.79375,26151824.25,25418979.5
"(3, 320, np.float64(0.6), 180)",0.0,0.6354166666666666,24887133.220833335,23874447.0
"(3, 320, np.float64(0.6), 190)",0.0,0.23958333333333334,23168838.364583332,21970107.0
"(3, 320, np.float64(0.6), 200)",0.0,0.09166666666666666,18934321.141666666,17640684.5
"(3, 320, np.float64(0.6), 210)",0.0,0.035416666666666666,15917248.69375,15219462.5
"(3, 320, np.float64(0.7000000000000001), 120)",0.0,0.5083333333333333,39568649.69375,38829355.0
"(3, 320, np.float64(0.7000000000000001), 130)",0.0,0.6145833333333334,45276623.239583336,44531381.5
"(3, 320, np.float64(0.7000000000000001), 140)",0.0,0.6833333333333333,41121330.50416667,40751818.5
"(3, 320, np.float64(0.7000000000000001), 150)",0.0,0.7458333333333333,35273258.33541667,33616055.0
"(3, 320, np.float64(0.7000000000000001), 160)",0.0,0.79375,29560526.622916665,28561343.5
"(3, 320, np.float64(0.7000000000000001), 170)",0.0,0.8145833333333333,26194636.189583335,25452001.5
"(3, 320, np.float64(0.7000000000000001), 180)",0.0,0.6395833333333333,25219898.527083334,24457333.0
"(3, 320, np.float64(0.7000000000000001), 190)",0.0,0.24375,22851273.064583335,21888478.0
"(3, 320, np.float64(0.7000000000000001), 200)",0.0,0.09166666666666666,18851831.697916668,17654641.0
"(3, 320, np.float64(0.7000000000000001), 210)",0.0,0.035416666666666666,16336893.041666666,15691066.0
"(3, 320, np.float64(0.8), 120)",0.0,0.5145833333333333,41368215.90416667,40543455.0
"(3, 320, np.float64(0.8), 130)",0.0,0.6270833333333333,43833527.458333336,43016860.0
"(3, 320, np.float64(0.8), 140)",0.0,0.69375,41087117.12916667,40108491.5
"(3, 320, np.float64(0.8), 150)",0.0,0.7604166666666666,35905509.90625,35132038.0
"(3, 320, np.float64(0.8), 160)",0.0,0.80625,29056759.50625,27880951.0
"(3, 320, np.float64(0.8), 170)",0.0,0.825,25892788.89375,25476070.5
"(3, 320, np.float64(0.8), 180)",0.0,0.64375,24573142.102083333,23856805.0
"(3, 320, np.float64(0.8), 190)",0.0,0.24583333333333332,21388412.354166668,20239226.0
"(3, 320, np.float64(0.8), 200)",0.0,0.09583333333333334,18758009.897916667,17580613.5
"(3, 320, np.float64(0.8), 210)",0.0,0.035416666666666666,17269923.39375,16649412.5
"(3, 320, np.float64(0.9), 120)",0.0,0.05625,40559578.37291667,39866263.5
"(3, 320, np.float64(0.9), 130)",0.0,0.075,42980781.7625,42147306.5
"(3, 320, np.float64(0.9), 140)",0.0,0.09583333333333334,40561010.85208333,39722937.0
"(3, 320, np.float64(0.9), 150)",0.0,0.09791666666666667,35781445.952083334,34869359.0
"(3, 320, np.float64(0.9), 160)",0.0,0.10625,28340856.329166666,27409598.5
"(3, 320, np.float64(0.9), 170)",0.0,0.10416666666666667,25523313.4,24889412.5
"(3, 320, np.float64(0.9), 180)",0.0,0.09166666666666666,25073090.8125,24335117.0
"(3, 320, np.float64(0.9), 190)",0.0,0.03125,23012382.004166666,22014275.0
"(3, 320, np.float64(0.9), 200)",0.0,0.00625,18152051.510416668,17132260.0
"(3, 320, np.float64(0.9), 210)",0.0,0.0020833333333333333,16150707.102083333,15480242.0
"(3, 330, np.float64(0.1), 120)",0.0,0.4979166666666667,42931129.42916667,42815017.5
"(3, 330, np.float64(0.1), 130)",0.0,0.6,44910074.295833334,43750510.0
"(3, 330, np.float64(0.1), 140)",0.0,0.6541666666666667,42481577.21666667,41421401.5
"(3, 330, np.float64(0.1), 150)",0.0,0.725,36497762.704166666,34436575.5
"(3, 330, np.float64(0.1), 160)",0.0,0.7666666666666667,30445814.270833332,29102332.0
"(3, 330, np.float64(0.1), 170)",0.0,0.8020833333333334,26894272.91875,25781094.0
"(3, 330, np.float64(0.1), 180)",0.0,0.6354166666666666,25742912.785416666,24909253.5
"(3, 330, np.float64(0.1), 190)",0.0,0.23958333333333334,23023837.695833333,21887314.5
"(3, 330, np.float64(0.1), 200)",0.0,0.09375,18955079.516666666,17615373.5
"(3, 330, np.float64(0.1), 210)",0.0,0.035416666666666666,15884533.114583334,15107796.0
"(3, 330, np.float64(0.2), 120)",0.0,0.4979166666666667,40755167.24583333,40513854.5
"(3, 330, np.float64(0.2), 130)",0.0,0.6,44720495.516666666,43709504.0
"(3, 330, np.float64(0.2), 140)",0.0,0.6541666666666667,43720550.141666666,42667396.5
"(3, 330, np.float64(0.2), 150)",0.0,0.725,36847215.33541667,35145600.0
"(3, 330, np.float64(0.2), 160)",0.0,0.7666666666666667,30214783.947916668,28948383.5
"(3, 330, np.float64(0.2), 170)",0.0,0.8020833333333334,26436025.127083335,25372876.0
"(3, 330, np.float64(0.2), 180)",0.0,0.6354166666666666,24792698.2875,23955790.5
"(3, 330, np.float64(0.2), 190)",0.0,0.23958333333333334,23194420.420833334,22003809.5
"(3, 330, np.float64(0.2), 200)",0.0,0.09375,18987172.6625,17760248.0
"(3, 330, np.float64(0.2), 210)",0.0,0.035416666666666666,15596919.24375,14890179.0
"(3, 330, np.float64(0.30000000000000004), 120)",0.0,0.4979166666666667,40393063.833333336,39971756.0
"(3, 330, np.float64(0.30000000000000004), 130)",0.0,0.6,46170591.975,45691169.5
"(3, 330, np.float64(0.30000000000000004), 140)",0.0,0.6541666666666667,42059829.229166664,41075771.5
"(3, 330, np.float64(0.30000000000000004), 150)",0.0,0.725,36170141.24791667,34383549.0
"(3, 330, np.float64(0.30000000000000004), 160)",0.0,0.7666666666666667,30119706.414583333,28924931.0
"(3, 330, np.float64(0.30000000000000004), 170)",0.0,0.8020833333333334,25943998.1375,25033850.0
"(3, 330, np.float64(0.30000000000000004), 180)",0.0,0.6354166666666666,24118350.34375,23233154.0
"(3, 330, np.float64(0.30000000000000004), 190)",0.0,0.23958333333333334,22941558.379166666,21758966.5
"(3, 330, np.float64(0.30000000000000004), 200)",0.0,0.09375,18765750.352083333,17572445.0
"(3, 330, np.float64(0.30000000000000004), 210)",0.0,0.035416666666666666,17775058.104166668,17466425.5
"(3, 330, np.float64(0.4), 120)",0.0,0.4979166666666667,41717321.06458333,41396823.5
"(3, 330, np.float64(0.4), 130)",0.0,0.6,46065102.797916666,45134345.5
"(3, 330, np.float64(0.4), 140)",0.0,0.6541666666666667,41671640.42916667,40554404.5
"(3, 330, np.float64(0.4), 150)",0.0,0.725,36529425.166666664,35151078.5
"(3, 330, np.float64(0.4), 160)",0.0,0.7666666666666667,30004463.104166668,28840509.5
"(3, 330, np.float64(0.4), 170)",0.0,0.8020833333333334,24663582.152083334,23753306.5
"(3, 330, np.float64(0.4), 180)",0.0,0.6354166666666666,24793762.939583335,24010346.0
"(3, 330, np.float64(0.4), 190)",0.0,0.23958333333333334,22055987.65,20726895.5
"(3, 330, np.float64(0.4), 200)",0.0,0.09375,18874502.560416665,17396224.0
"(3, 330, np.float64(0.4), 210)",0.0,0.035416666666666666,16899206.502083335,16275702.5
"(3, 330, np.float64(0.5), 120)",0.0,0.4979166666666667,40012961.48125,39290408.5
"(3, 330, np.float64(0.5), 130)",0.0,0.6020833333333333,44329413.58958333,43197154.5
"(3, 330, np.float64(0.5), 140)",0.0,0.6541666666666667,41617494.27291667,40833572.5
"(3, 330, np.float64(0.5), 150)",0.0,0.725,36298115.427083336,35175406.0
"(3, 330, np.float64(0.5), 160)",0.0,0.7666666666666667,28901312.475,27477239.0
"(3, 330, np.float64(0.5), 170)",0.0,0.8020833333333334,26179534.85625,25362305.0
"(3, 330, np.float64(0.5), 180)",0.0,0.6354166666666666,25340779.891666666,24395985.0
"(3, 330, np.float64(0.5), 190)",0.0,0.23958333333333334,22826473.714583334,21985765.0
"(3, 330, np.float64(0.5), 200)",0.0,0.09166666666666666,18739558.6125,17640429.0
"(3, 330, np.float64(0.5), 210)",0.0,0.035416666666666666,17546168.358333334,17060088.0
"(3, 330, np.float64(0.6), 120)",0.0,0.4979166666666667,41837239.09166667,40849746.5
"(3, 330, np.float64(0.6), 130)",0.0,0.6041666666666666,44954540.427083336,43897201.0
"(3, 330, np.float64(0.6), 140)",0.0,0.6541666666666667,41316091.79375,40125819.5
"(3, 330, np.float64(0.6), 150)",0.0,0.7291666666666666,36262374.545833334,34786606.5
"(3, 330, np.float64(0.6), 160)",0.0,0.7729166666666667,30049038.641666666,28680895.0
"(3, 330, np.float64(0.6), 170)",0.0,0.8,26178758.53125,25145422.0
"(3, 330, np.float64(0.6), 180)",0.0,0.6354166666666666,25119733.40625,24246995.5
"(3, 330, np.float64(0.6), 190)",0.0,0.23958333333333334,21418121.285416666,20110270.5
"(3, 330, np.float64(0.6), 200)",0.0,0.09166666666666666,18984898.320833333,17890735.5
"(3, 330, np.float64(0.6), 210)",0.0,0.035416666666666666,16270826.260416666,15642139.5
"(3, 330, np.float64(0.7000000000000001), 120)",0.0,0.5083333333333333,39624290.358333334,38820470.0
"(3, 330, np.float64(0.7000000000000001), 130)",0.0,0.6145833333333334,45190641.31458333,44174657.5
"(3, 330, np.float64(0.7000000000000001), 140)",0.0,0.6833333333333333,41347035.68125,40458596.0
"(3, 330, np.float64(0.7000000000000001), 150)",0.0,0.75,34780572.270833336,33428282.0
"(3, 330, np.float64(0.7000000000000001), 160)",0.0,0.8020833333333334,29375602.702083334,28396258.0
"(3, 330, np.float64(0.7000000000000001), 170)",0.0,0.8208333333333333,26234844.377083335,25189426.0
"(3, 330, np.float64(0.7000000000000001), 180)",0.0,0.6395833333333333,25238228.51875,24460123.5
"(3, 330, np.float64(0.7000000000000001), 190)",0.0,0.24375,22998951.554166667,21960696.5
"(3, 330, np.float64(0.7000000000000001), 200)",0.0,0.09166666666666666,18674935.541666668,17509746.5
"(3, 330, np.float64(0.7000000000000001), 210)",0.0,0.035416666666666666,16695364.154166667,16167179.0
"(3, 330, np.float64(0.8), 120)",0.0,0.5145833333333333,41267862.36666667,40214258.5
"(3, 330, np.float64(0.8), 130)",0.0,0.6270833333333333,43642082.302083336,42969434.0
"(3, 330, np.float64(0.8), 140)",0.0,0.69375,41624097.45,40941464.5
"(3, 330, np.float64(0.8), 150)",0.0,0.7625,35834378.75833333,34556159.0
"(3, 330, np.float64(0.8), 160)",0.0,0.8145833333333333,29513345.254166666,28427071.0
"(3, 330, np.float64(0.8), 170)",0.0,0.8291666666666667,25915432.5,25591597.5
"(3, 330, np.float64(0.8), 180)",0.0,0.64375,24312948.154166665,23260591.0
"(3, 330, np.float64(0.8), 190)",0.0,0.24583333333333332,21454820.3875,20286310.0
"(3, 330, np.float64(0.8), 200)",0.0,0.09583333333333334,18939808.13125,17776171.5
"(3, 330, np.float64(0.8), 210)",0.0,0.035416666666666666,17305052.0375,16757451.5
"(3, 330, np.float64(0.9), 120)",0.0,0.05625,41072858.697916664,39606940.0
"(3, 330, np.float64(0.9), 130)",0.0,0.075,43056047.2625,42164902.5
"(3, 330, np.float64(0.9), 140)",0.0,0.09583333333333334,40656737.68958333,39619074.0
"(3, 330, np.float64(0.9), 150)",0.0,0.09791666666666667,34470927.41875,33370849.5
"(3, 330, np.float64(0.9), 160)",0.0,0.10625,29271913.391666666,28128032.0
"(3, 330, np.float64(0.9), 170)",0.0,0.10416666666666667,25443921.275,24805312.0
"(3, 330, np.float64(0.9), 180)",0.0,0.09166666666666666,25017168.929166667,24348305.0
"(3, 330, np.float64(0.9), 190)",0.0,0.03125,22980882.74375,21838879.5
"(3, 330, np.float64(0.9), 200)",0.0,0.00625,19249521.560416665,18081589.5
"(3, 330, np.float64(0.9), 210)",0.0,0.0020833333333333333,16162667.05,15580353.0
"(3, 340, np.float64(0.1), 120)",0.0,0.4979166666666667,42794580.69375,41916362.0
"(3, 340, np.float64(0.1), 130)",0.0,0.6041666666666666,45281494.28958333,44529492.0
"(3, 340, np.float64(0.1), 140)",0.0,0.65625,44079160.07083333,42412544.5
"(3, 340, np.float64(0.1), 150)",0.0,0.7333333333333333,36667393.55833333,34896036.5
"(3, 340, np.float64(0.1), 160)",0.0,0.775,30403205.964583334,28976296.0
"(3, 340, np.float64(0.1), 170)",0.0,0.8020833333333334,26869463.485416666,25699717.0
"(3, 340, np.float64(0.1), 180)",0.0,0.6375,24671165.98125,23706455.0
"(3, 340, np.float64(0.1), 190)",0.0,0.23958333333333334,23450485.808333334,21902251.0
"(3, 340, np.float64(0.1), 200)",0.0,0.09375,19013103.333333332,17808366.5
"(3, 340, np.float64(0.1), 210)",0.0,0.035416666666666666,15940873.79375,15201869.0
"(3, 340, np.float64(0.2), 120)",0.0,0.4979166666666667,41055740.829166666,40568106.5
"(3, 340, np.float64(0.2), 130)",0.0,0.6041666666666666,44629932.06875,43583125.0
"(3, 340, np.float64(0.2), 140)",0.0,0.65625,42149922.145833336,41344971.5
"(3, 340, np.float64(0.2), 150)",0.0,0.7333333333333333,36997882.675,35045914.5
"(3, 340, np.float64(0.2), 160)",0.0,0.775,29951881.072916668,28467218.0
"(3, 340, np.float64(0.2), 170)",0.0,0.8020833333333334,26554688.625,25612546.5
"(3, 340, np.float64(0.2), 180)",0.0,0.6375,25025956.28125,24265234.5
"(3, 340, np.float64(0.2), 190)",0.0,0.23958333333333334,22944953.508333333,21760845.5
"(3, 340, np.float64(0.2), 200)",0.0,0.09375,20301242.4875,19072278.5
"(3, 340, np.float64(0.2), 210)",0.0,0.035416666666666666,16222942.68125,15507276.5
"(3, 340, np.float64(0.30000000000000004), 120)",0.0,0.4979166666666667,42406763.74791667,41505492.5
"(3, 340, np.float64(0.30000000000000004), 130)",0.0,0.6041666666666666,44645863.05625,43805206.5
"(3, 340, np.float64(0.30000000000000004), 140)",0.0,0.65625,43084709.15625,41740403.0
"(3, 340, np.float64(0.30000000000000004), 150)",0.0,0.7333333333333333,36752092.45625,34987754.5
"(3, 340, np.float64(0.30000000000000004), 160)",0.0,0.775,29462138.920833334,28386880.5
"(3, 340, np.float64(0.30000000000000004), 170)",0.0,0.8020833333333334,26751262.225,25608547.0
"(3, 340, np.float64(0.30000000000000004), 180)",0.0,0.6375,25998673.0375,25318221.0
"(3, 340, np.float64(0.30000000000000004), 190)",0.0,0.23958333333333334,21915261.345833335,20610082.5
"(3, 340, np.float64(0.30000000000000004), 200)",0.0,0.09375,18938807.470833335,17737754.0
"(3, 340, np.float64(0.30000000000000004), 210)",0.0,0.035416666666666666,15923434.8375,15354818.5
"(3, 340, np.float64(0.4), 120)",0.0,0.4979166666666667,40234206.45625,39312877.5
"(3, 340, np.float64(0.4), 130)",0.0,0.6041666666666666,44400900.041666664,43693134.5
"(3, 340, np.float64(0.4), 140)",0.0,0.65625,43228700.28333333,42185820.0
"(3, 340, np.float64(0.4), 150)",0.0,0.7333333333333333,35429031.55625,34013637.5
"(3, 340, np.float64(0.4), 160)",0.0,0.775,29927907.558333334,28547270.5
"(3, 340, np.float64(0.4), 170)",0.0,0.8020833333333334,25329388.589583334,24250082.5
"(3, 340, np.float64(0.4), 180)",0.0,0.6375,25406153.602083333,24562702.0
"(3, 340, np.float64(0.4), 190)",0.0,0.23958333333333334,23336012.364583332,22062776.0
"(3, 340, np.float64(0.4), 200)",0.0,0.09375,19963839.216666665,19008665.0
"(3, 340, np.float64(0.4), 210)",0.0,0.035416666666666666,16192801.579166668,15506374.5
"(3, 340, np.float64(0.5), 120)",0.0,0.4979166666666667,41043344.97708333,40658560.5
"(3, 340, np.float64(0.5), 130)",0.0,0.60625,46150195.59583333,45479402.5
"(3, 340, np.float64(0.5), 140)",0.0,0.65625,41549645.65,40936319.5
"(3, 340, np.float64(0.5), 150)",0.0,0.7333333333333333,36495232.81041667,34933241.0
"(3, 340, np.float64(0.5), 160)",0.0,0.775,29499366.79375,28220442.0
"(3, 340, np.float64(0.5), 170)",0.0,0.8020833333333334,26571209.0,25651825.5
"(3, 340, np.float64(0.5), 180)",0.0,0.6375,24305491.220833335,23313772.0
"(3, 340, np.float64(0.5), 190)",0.0,0.23958333333333334,21401951.222916666,20116056.0
"(3, 340, np.float64(0.5), 200)",0.0,0.09166666666666666,20203336.322916668,19055891.5
"(3, 340, np.float64(0.5), 210)",0.0,0.035416666666666666,16205121.316666666,15554059.0
"(3, 340, np.float64(0.6), 120)",0.0,0.4979166666666667,40021068.25625,39105778.0
"(3, 340, np.float64(0.6), 130)",0.0,0.6083333333333333,44225850.68958333,43743236.5
"(3, 340, np.float64(0.6), 140)",0.0,0.65625,41020143.2625,39909988.0
"(3, 340, np.float64(0.6), 150)",0.0,0.7375,36437586.85208333,35134794.0
"(3, 340, np.float64(0.6), 160)",0.0,0.78125,29762879.714583334,28456821.5
"(3, 340, np.float64(0.6), 170)",0.0,0.8,25982893.258333333,24991907.0
"(3, 340, np.float64(0.6), 180)",0.0,0.6375,24817346.127083335,23742670.0
"(3, 340, np.float64(0.6), 190)",0.0,0.23958333333333334,22913637.254166666,21673105.0
"(3, 340, np.float64(0.6), 200)",0.0,0.09166666666666666,18867343.591666665,17859869.5
"(3, 340, np.float64(0.6), 210)",0.0,0.035416666666666666,17509560.883333333,17184947.0
"(3, 340, np.float64(0.7000000000000001), 120)",0.0,0.5083333333333333,41122058.395833336,40299936.5
"(3, 340, np.float64(0.7000000000000001), 130)",0.0,0.61875,43921396.27916667,43170116.0
"(3, 340, np.float64(0.7000000000000001), 140)",0.0,0.6854166666666667,41918382.11875,41404224.0
"(3, 340, np.float64(0.7000000000000001), 150)",0.0,0.7583333333333333,36172916.82083333,35349804.0
"(3, 340, np.float64(0.7000000000000001), 160)",0.0,0.8104166666666667,29723512.610416666,28689655.0
"(3, 340, np.float64(0.7000000000000001), 170)",0.0,0.8208333333333333,26520278.604166668,25694644.5
"(3, 340, np.float64(0.7000000000000001), 180)",0.0,0.6395833333333333,25453467.9,24764818.5
"(3, 340, np.float64(0.7000000000000001), 190)",0.0,0.24375,21914939.175,20564230.5
"(3, 340, np.float64(0.7000000000000001), 200)",0.0,0.09166666666666666,18594130.15625,17331213.5
"(3, 340, np.float64(0.7000000000000001), 210)",0.0,0.035416666666666666,16480596.95625,15812283.5
"(3, 340, np.float64(0.8), 120)",0.0,0.5145833333333333,39374462.572916664,38353452.5
"(3, 340, np.float64(0.8), 130)",0.0,0.6291666666666667,45179688.458333336,44045976.5
"(3, 340, np.float64(0.8), 140)",0.0,0.6958333333333333,41418976.514583334,40736150.5
"(3, 340, np.float64(0.8), 150)",0.0,0.7708333333333334,34601525.21875,33443149.0
"(3, 340, np.float64(0.8), 160)",0.0,0.8229166666666666,29570071.56875,28341192.5
"(3, 340, np.float64(0.8), 170)",0.0,0.8291666666666667,26062707.904166665,25381887.0
"(3, 340, np.float64(0.8), 180)",0.0,0.64375,25305852.1625,24646593.5
"(3, 340, np.float64(0.8), 190)",0.0,0.24583333333333332,22736851.208333332,21814432.5
"(3, 340, np.float64(0.8), 200)",0.0,0.09583333333333334,19347228.966666665,18141992.5
"(3, 340, np.float64(0.8), 210)",0.0,0.035416666666666666,16286893.85625,15574187.5
"(3, 340, np.float64(0.9), 120)",0.0,0.05625,41230635.13333333,39518561.5
"(3, 340, np.float64(0.9), 130)",0.0,0.075,43285218.239583336,42766882.0
"(3, 340, np.float64(0.9), 140)",0.0,0.09583333333333334,42150078.80833333,40889715.0
"(3, 340, np.float64(0.9), 150)",0.0,0.1,35627091.827083334,34625660.0
"(3, 340, np.float64(0.9), 160)",0.0,0.10625,28540872.041666668,27897822.0
"(3, 340, np.float64(0.9), 170)",0.0,0.10416666666666667,25805799.497916665,24997664.5
"(3, 340, np.float64(0.9), 180)",0.0,0.09166666666666666,24092955.522916667,23263311.5
"(3, 340, np.float64(0.9), 190)",0.0,0.03125,21392398.020833332,20174080.5
"(3, 340, np.float64(0.9), 200)",0.0,0.00625,19091150.74375,18098511.0
"(3, 340, np.float64(0.9), 210)",0.0,0.0020833333333333333,17633387.135416668,17218561.5
"(3, 350, np.float64(0.1), 120)",0.0,0.5,42703637.99791667,42302078.0
"(3, 350, np.float64(0.1), 130)",0.0,0.60625,45300773.27916667,44721273.0
"(3, 350, np.float64(0.1), 140)",0.0,0.6625,42677141.172916666,41767864.5
"(3, 350, np.float64(0.1), 150)",0.0,0.7375,35475817.35,33266940.5
"(3, 350, np.float64(0.1), 160)",0.0,0.7770833333333333,29480955.4625,28131871.0
"(3, 350, np.float64(0.1), 170)",0.0,0.80625,26658822.0625,25907369.5
"(3, 350, np.float64(0.1), 180)",0.0,0.6375,25580995.31875,24668918.5
"(3, 350, np.float64(0.1), 190)",0.0,0.23958333333333334,23043465.95,21835604.5
"(3, 350, np.float64(0.1), 200)",0.0,0.09375,20315906.904166665,19014088.0
"(3, 350, np.float64(0.1), 210)",0.0,0.035416666666666666,16172738.333333334,15367892.5
"(3, 350, np.float64(0.2), 120)",0.0,0.5,42555619.52291667,41957194.5
"(3, 350, np.float64(0.2), 130)",0.0,0.60625,44791908.72083333,43390402.0
"(3, 350, np.float64(0.2), 140)",0.0,0.6625,42596770.983333334,41559994.5
"(3, 350, np.float64(0.2), 150)",0.0,0.7375,37006982.2,35390704.0
"(3, 350, np.float64(0.2), 160)",0.0,0.7770833333333333,30799455.945833333,29568954.0
"(3, 350, np.float64(0.2), 170)",0.0,0.80625,26441960.98125,25476796.5
"(3, 350, np.float64(0.2), 180)",0.0,0.6375,24150990.3375,23186662.0
"(3, 350, np.float64(0.2), 190)",0.0,0.23958333333333334,22960906.060416665,21580078.5
"(3, 350, np.float64(0.2), 200)",0.0,0.09375,19135512.002083335,17810030.5
"(3, 350, np.float64(0.2), 210)",0.0,0.035416666666666666,16291298.129166666,15568019.5
"(3, 350, np.float64(0.30000000000000004), 120)",0.0,0.5,40429857.885416664,40205073.5
"(3, 350, np.float64(0.30000000000000004), 130)",0.0,0.60625,46069743.13125,45272437.5
"(3, 350, np.float64(0.30000000000000004), 140)",0.0,0.6625,41912762.9375,40992095.0
"(3, 350, np.float64(0.30000000000000004), 150)",0.0,0.7375,35629856.97083333,34011727.5
"(3, 350, np.float64(0.30000000000000004), 160)",0.0,0.7770833333333333,30764906.472916666,29656622.5
"(3, 350, np.float64(0.30000000000000004), 170)",0.0,0.80625,26270180.2375,25446160.0
"(3, 350, np.float64(0.30000000000000004), 180)",0.0,0.6375,25580845.729166668,24664926.0
"(3, 350, np.float64(0.30000000000000004), 190)",0.0,0.23958333333333334,23332432.175,22197136.0
"(3, 350, np.float64(0.30000000000000004), 200)",0.0,0.09375,19323209.860416666,18257361.0
"(3, 350, np.float64(0.30000000000000004), 210)",0.0,0.035416666666666666,16168259.254166666,15431141.0
"(3, 350, np.float64(0.4), 120)",0.0,0.5,40447343.68333333,39473170.5
"(3, 350, np.float64(0.4), 130)",0.0,0.60625,45692055.97083333,44658775.0
"(3, 350, np.float64(0.4), 140)",0.0,0.6625,42215113.55625,40954061.0
"(3, 350, np.float64(0.4), 150)",0.0,0.7375,36738369.00208333,35307218.0
"(3, 350, np.float64(0.4), 160)",0.0,0.7770833333333333,29879103.3625,28562099.0
"(3, 350, np.float64(0.4), 170)",0.0,0.80625,27063580.770833332,26232815.5
"(3, 350, np.float64(0.4), 180)",0.0,0.6375,24410374.73125,23961808.0
"(3, 350, np.float64(0.4), 190)",0.0,0.23958333333333334,21438101.78125,20292363.0
"(3, 350, np.float64(0.4), 200)",0.0,0.09375,18911799.510416668,17600425.0
"(3, 350, np.float64(0.4), 210)",0.0,0.035416666666666666,17208882.725,16882987.0
"(3, 350, np.float64(0.5), 120)",0.0,0.5,40333800.4875,39675410.5
"(3, 350, np.float64(0.5), 130)",0.0,0.6083333333333333,44636735.46458333,43590746.0
"(3, 350, np.float64(0.5), 140)",0.0,0.6625,43229932.952083334,41852479.0
"(3, 350, np.float64(0.5), 150)",0.0,0.7375,34712142.6,33310449.0
"(3, 350, np.float64(0.5), 160)",0.0,0.7770833333333333,29553676.085416667,28437812.5
"(3, 350, np.float64(0.5), 170)",0.0,0.80625,26496161.491666667,25661075.0
"(3, 350, np.float64(0.5), 180)",0.0,0.6375,25625430.4875,24871073.5
"(3, 350, np.float64(0.5), 190)",0.0,0.23958333333333334,21652759.145833332,20368288.0
"(3, 350, np.float64(0.5), 200)",0.0,0.09166666666666666,19256745.76875,17906288.0
"(3, 350, np.float64(0.5), 210)",0.0,0.035416666666666666,17404445.445833333,16872332.0
"(3, 350, np.float64(0.6), 120)",0.0,0.5,41694063.19583333,40937674.0
"(3, 350, np.float64(0.6), 130)",0.0,0.6104166666666667,43841462.44375,43087353.0
"(3, 350, np.float64(0.6), 140)",0.0,0.6625,42636266.83125,41908297.5
"(3, 350, np.float64(0.6), 150)",0.0,0.7416666666666667,36047577.29375,34697239.0
"(3, 350, np.float64(0.6), 160)",0.0,0.7833333333333333,28817177.466666665,27724001.5
"(3, 350, np.float64(0.6), 170)",0.0,0.8041666666666667,26380988.039583333,25246602.0
"(3, 350, np.float64(0.6), 180)",0.0,0.6375,23881524.34375,22977073.0
"(3, 350, np.float64(0.6), 190)",0.0,0.23958333333333334,21721506.06875,20372910.0
"(3, 350, np.float64(0.6), 200)",0.0,0.09166666666666666,20743427.064583335,19733114.5
"(3, 350, np.float64(0.6), 210)",0.0,0.035416666666666666,16337143.814583333,15638062.5
"(3, 350, np.float64(0.7000000000000001), 120)",0.0,0.5104166666666666,39369509.802083336,38309247.5
"(3, 350, np.float64(0.7000000000000001), 130)",0.0,0.6208333333333333,45575157.99166667,44859173.5
"(3, 350, np.float64(0.7000000000000001), 140)",0.0,0.6916666666666667,41797996.09791667,41310162.0
"(3, 350, np.float64(0.7000000000000001), 150)",0.0,0.7604166666666666,34951111.41041667,33463569.0
"(3, 350, np.float64(0.7000000000000001), 160)",0.0,0.8104166666666667,28270053.55,27107396.0
"(3, 350, np.float64(0.7000000000000001), 170)",0.0,0.8229166666666666,26549327.63125,25936132.5
"(3, 350, np.float64(0.7000000000000001), 180)",0.0,0.6395833333333333,25241306.939583335,24487873.0
"(3, 350, np.float64(0.7000000000000001), 190)",0.0,0.24375,22845768.335416667,21564854.5
"(3, 350, np.float64(0.7000000000000001), 200)",0.0,0.09166666666666666,19952821.64375,18755161.5
"(3, 350, np.float64(0.7000000000000001), 210)",0.0,0.035416666666666666,16303723.320833333,15633269.0
"(3, 350, np.float64(0.8), 120)",0.0,0.5166666666666667,39633735.572916664,38077738.0
"(3, 350, np.float64(0.8), 130)",0.0,0.63125,43364440.672916666,42467864.0
"(3, 350, np.float64(0.8), 140)",0.0,0.7020833333333333,42256409.24166667,41514996.0
"(3, 350, np.float64(0.8), 150)",0.0,0.7729166666666667,35934032.92916667,34646388.5
"(3, 350, np.float64(0.8), 160)",0.0,0.8229166666666666,29344179.641666666,28302280.5
"(3, 350, np.float64(0.8), 170)",0.0,0.8291666666666667,26025303.741666667,25625497.5
"(3, 350, np.float64(0.8), 180)",0.0,0.64375,24243500.010416668,23529825.5
"(3, 350, np.float64(0.8), 190)",0.0,0.24583333333333332,21268031.354166668,20068821.0
"(3, 350, np.float64(0.8), 200)",0.0,0.09583333333333334,19302291.927083332,18103863.5
"(3, 350, np.float64(0.8), 210)",0.0,0.035416666666666666,17479227.579166666,17104864.5
"(3, 350, np.float64(0.9), 120)",0.0,0.05625,39171839.41875,37861887.0
"(3, 350, np.float64(0.9), 130)",0.0,0.075,45249539.88333333,43879591.5
"(3, 350, np.float64(0.9), 140)",0.0,0.09583333333333334,40986480.6125,40327654.0
"(3, 350, np.float64(0.9), 150)",0.0,0.1,34937358.56666667,33870170.5
"(3, 350, np.float64(0.9), 160)",0.0,0.10625,29213693.664583333,28381686.5
"(3, 350, np.float64(0.9), 170)",0.0,0.10416666666666667,26060300.48125,25417203.0
"(3, 350, np.float64(0.9), 180)",0.0,0.09375,24916288.64375,24077559.5
"(3, 350, np.float64(0.9), 190)",0.0,0.03125,21631988.802083332,20288092.5
"(3, 350, np.float64(0.9), 200)",0.0,0.00625,20156830.627083335,18954189.0
"(3, 350, np.float64(0.9), 210)",0.0,0.0020833333333333333,16279593.679166667,15560391.5
"(3, 360, np.float64(0.1), 120)",0.0,0.5041666666666667,42985120.610416666,42508818.5
"(3, 360, np.float64(0.1), 130)",0.0,0.6104166666666667,45230503.0125,44384393.5
"(3, 360, np.float64(0.1), 140)",0.0,0.6625,42426436.14791667,41286912.5
"(3, 360, np.float64(0.1), 150)",0.0,0.7375,37087159.53958333,35591378.0
"(3, 360, np.float64(0.1), 160)",0.0,0.7770833333333333,30384968.041666668,29070663.5
"(3, 360, np.float64(0.1), 170)",0.0,0.8083333333333333,26469565.160416666,25568094.5
"(3, 360, np.float64(0.1), 180)",0.0,0.6416666666666667,25141360.335416667,24157063.5
"(3, 360, np.float64(0.1), 190)",0.0,0.23958333333333334,21647760.75,20338110.5
"(3, 360, np.float64(0.1), 200)",0.0,0.09375,19055158.90625,18110866.0
"(3, 360, np.float64(0.1), 210)",0.0,0.035416666666666666,17526822.24375,16886874.0
"(3, 360, np.float64(0.2), 120)",0.0,0.5041666666666667,41293474.239583336,41196005.0
"(3, 360, np.float64(0.2), 130)",0.0,0.6104166666666667,46341587.514583334,45627821.0
"(3, 360, np.float64(0.2), 140)",0.0,0.6625,41707459.34791667,40427048.0
"(3, 360, np.float64(0.2), 150)",0.0,0.7375,36051531.74166667,34062416.5
"(3, 360, np.float64(0.2), 160)",0.0,0.7770833333333333,30298488.089583334,28781841.5
"(3, 360, np.float64(0.2), 170)",0.0,0.8083333333333333,26280853.133333333,25457506.5
"(3, 360, np.float64(0.2), 180)",0.0,0.6416666666666667,25385096.529166665,24423594.0
"(3, 360, np.float64(0.2), 190)",0.0,0.23958333333333334,23271484.5625,22188767.5
"(3, 360, np.float64(0.2), 200)",0.0,0.09375,18869954.370833334,17707950.5
"(3, 360, np.float64(0.2), 210)",0.0,0.035416666666666666,16265638.345833333,15544801.5
"(3, 360, np.float64(0.30000000000000004), 120)",0.0,0.5041666666666667,42146826.104166664,41772895.0
"(3, 360, np.float64(0.30000000000000004), 130)",0.0,0.6104166666666667,44576315.62708333,43672192.5
"(3, 360, np.float64(0.30000000000000004), 140)",0.0,0.6625,42004685.860416666,40900357.5
"(3, 360, np.float64(0.30000000000000004), 150)",0.0,0.7375,36945023.44375,35177145.0
"(3, 360, np.float64(0.30000000000000004), 160)",0.0,0.7770833333333333,29998116.208333332,28731474.0
"(3, 360, np.float64(0.30000000000000004), 170)",0.0,0.8083333333333333,26571763.95,25278922.5
"(3, 360, np.float64(0.30000000000000004), 180)",0.0,0.6416666666666667,24943266.9625,23887394.5
"(3, 360, np.float64(0.30000000000000004), 190)",0.0,0.23958333333333334,22087020.602083333,20866852.0
"(3, 360, np.float64(0.30000000000000004), 200)",0.0,0.09375,18631622.297916666,17320552.5
"(3, 360, np.float64(0.30000000000000004), 210)",0.0,0.035416666666666666,17354921.570833333,16685736.5
"(3, 360, np.float64(0.4), 120)",0.0,0.5041666666666667,40271176.74791667,39754257.5
"(3, 360, np.float64(0.4), 130)",0.0,0.6104166666666667,45872244.17916667,44908847.5
"(3, 360, np.float64(0.4), 140)",0.0,0.6625,42414569.82083333,41566245.5
"(3, 360, np.float64(0.4), 150)",0.0,0.7375,35527825.84583333,33731758.0
"(3, 360, np.float64(0.4), 160)",0.0,0.7770833333333333,29835722.485416666,28721162.5
"(3, 360, np.float64(0.4), 170)",0.0,0.8083333333333333,26065847.88125,25150616.0
"(3, 360, np.float64(0.4), 180)",0.0,0.6416666666666667,25750153.0,24763486.0
"(3, 360, np.float64(0.4), 190)",0.0,0.23958333333333334,23034220.427083332,21808298.0
"(3, 360, np.float64(0.4), 200)",0.0,0.09375,19023689.585416667,17841661.5
"(3, 360, np.float64(0.4), 210)",0.0,0.035416666666666666,16224920.427083334,15541578.5
"(3, 360, np.float64(0.5), 120)",0.0,0.5041666666666667,41475760.489583336,41022091.5
"(3, 360, np.float64(0.5), 130)",0.0,0.6125,44107012.90416667,43276002.5
"(3, 360, np.float64(0.5), 140)",0.0,0.6625,41548209.03958333,41051634.0
"(3, 360, np.float64(0.5), 150)",0.0,0.7375,36465430.3,34794815.0
"(3, 360, np.float64(0.5), 160)",0.0,0.7770833333333333,29770544.014583334,28489288.5
"(3, 360, np.float64(0.5), 170)",0.0,0.8083333333333333,26384086.695833333,25680695.5
"(3, 360, np.float64(0.5), 180)",0.0,0.6416666666666667,24477211.677083332,23674265.0
"(3, 360, np.float64(0.5), 190)",0.0,0.23958333333333334,21403206.016666666,20202175.5
"(3, 360, np.float64(0.5), 200)",0.0,0.09166666666666666,19369308.760416668,18160404.5
"(3, 360, np.float64(0.5), 210)",0.0,0.035416666666666666,17536948.822916668,17195863.5
"(3, 360, np.float64(0.6), 120)",0.0,0.5041666666666667,41968172.85208333,41355370.0
"(3, 360, np.float64(0.6), 130)",0.0,0.6145833333333334,44474791.58125,43519288.5
"(3, 360, np.float64(0.6), 140)",0.0,0.6625,41169209.108333334,40169886.0
"(3, 360, np.float64(0.6), 150)",0.0,0.7416666666666667,35577320.858333334,34231199.0
"(3, 360, np.float64(0.6), 160)",0.0,0.7833333333333333,28813478.4625,27498413.5
"(3, 360, np.float64(0.6), 170)",0.0,0.80625,26348503.252083335,25314704.5
"(3, 360, np.float64(0.6), 180)",0.0,0.6416666666666667,25456808.422916666,24770695.0
"(3, 360, np.float64(0.6), 190)",0.0,0.23958333333333334,22849006.3875,21851821.0
"(3, 360, np.float64(0.6), 200)",0.0,0.09166666666666666,18898349.125,17810515.5
"(3, 360, np.float64(0.6), 210)",0.0,0.035416666666666666,16302675.95625,15735369.5
"(3, 360, np.float64(0.7000000000000001), 120)",0.0,0.5145833333333333,41494695.25833333,40702200.0
"(3, 360, np.float64(0.7000000000000001), 130)",0.0,0.625,43675341.795833334,42896997.0
"(3, 360, np.float64(0.7000000000000001), 140)",0.0,0.6916666666666667,41927679.327083334,40897857.5
"(3, 360, np.float64(0.7000000000000001), 150)",0.0,0.7604166666666666,34857773.93541667,33578094.0
"(3, 360, np.float64(0.7000000000000001), 160)",0.0,0.8104166666666667,29449363.30625,28424033.0
"(3, 360, np.float64(0.7000000000000001), 170)",0.0,0.825,25819402.73125,25111852.5
"(3, 360, np.float64(0.7000000000000001), 180)",0.0,0.64375,24578756.022916667,23793264.5
"(3, 360, np.float64(0.7000000000000001), 190)",0.0,0.24375,23125590.3625,21867400.5
"(3, 360, np.float64(0.7000000000000001), 200)",0.0,0.09166666666666666,18552601.816666666,17507578.0
"(3, 360, np.float64(0.7000000000000001), 210)",0.0,0.035416666666666666,16354549.79375,15640101.5
"(3, 360, np.float64(0.8), 120)",0.0,0.5208333333333334,40756012.39791667,39478060.0
"(3, 360, np.float64(0.8), 130)",0.0,0.6354166666666666,43181147.15208333,42324001.5
"(3, 360, np.float64(0.8), 140)",0.0,0.7020833333333333,41205636.735416666,40715367.5
"(3, 360, np.float64(0.8), 150)",0.0,0.7729166666666667,35201296.90625,34180610.5
"(3, 360, np.float64(0.8), 160)",0.0,0.8229166666666666,29165685.76875,28151968.5
"(3, 360, np.float64(0.8), 170)",0.0,0.8291666666666667,26211788.745833334,26021229.5
"(3, 360, np.float64(0.8), 180)",0.0,0.6479166666666667,24068901.545833334,23108330.5
"(3, 360, np.float64(0.8), 190)",0.0,0.24583333333333332,23180741.677083332,22094160.0
"(3, 360, np.float64(0.8), 200)",0.0,0.09583333333333334,20231331.610416666,19263021.5
"(3, 360, np.float64(0.8), 210)",0.0,0.035416666666666666,16207857.09375,15500633.5
"(3, 360, np.float64(0.9), 120)",0.0,0.05625,39406666.16458333,38108872.0
"(3, 360, np.float64(0.9), 130)",0.0,0.07708333333333334,43500406.43958333,42525295.0
"(3, 360, np.float64(0.9), 140)",0.0,0.09583333333333334,42344805.454166666,41847133.5
"(3, 360, np.float64(0.9), 150)",0.0,0.1,35714756.03541667,34322437.5
"(3, 360, np.float64(0.9), 160)",0.0,0.10625,29279972.291666668,28415413.5
"(3, 360, np.float64(0.9), 170)",0.0,0.10416666666666667,25976216.93125,25266645.0
"(3, 360, np.float64(0.9), 180)",0.0,0.09375,24500636.672916666,23673586.0
"(3, 360, np.float64(0.9), 190)",0.0,0.03125,22588473.366666667,21696521.5
"(3, 360, np.float64(0.9), 200)",0.0,0.00625,19103520.297916666,18122841.0
"(3, 360, np.float64(0.9), 210)",0.0,0.0020833333333333333,15822197.34375,15171986.5
"(3, 370, np.float64(0.1), 120)",0.0,0.50625,42967442.641666666,42187400.5
"(3, 370, np.float64(0.1), 130)",0.0,0.6104166666666667,45101668.33958333,44137049.0
"(3, 370, np.float64(0.1), 140)",0.0,0.6645833333333333,43227340.03958333,42109470.5
"(3, 370, np.float64(0.1), 150)",0.0,0.7375,37029520.68958333,35107667.0
"(3, 370, np.float64(0.1), 160)",0.0,0.7791666666666667,29319115.272916667,28064980.5
"(3, 370, np.float64(0.1), 170)",0.0,0.8145833333333333,26591671.416666668,25355544.0
"(3, 370, np.float64(0.1), 180)",0.0,0.6458333333333334,25664951.985416666,24771614.5
"(3, 370, np.float64(0.1), 190)",0.0,0.23958333333333334,21915643.297916666,20576949.5
"(3, 370, np.float64(0.1), 200)",0.0,0.09375,20340630.758333333,19073674.0
"(3, 370, np.float64(0.1), 210)",0.0,0.035416666666666666,16272578.189583333,15499003.0
"(3, 370, np.float64(0.2), 120)",0.0,0.50625,42221543.82083333,41664249.5
"(3, 370, np.float64(0.2), 130)",0.0,0.6104166666666667,45046856.5625,43991083.5
"(3, 370, np.float64(0.2), 140)",0.0,0.6645833333333333,42045524.10625,40960833.0
"(3, 370, np.float64(0.2), 150)",0.0,0.7375,36086552.954166666,34081543.5
"(3, 370, np.float64(0.2), 160)",0.0,0.7791666666666667,29925463.66875,28576862.5
"(3, 370, np.float64(0.2), 170)",0.0,0.8145833333333333,26489850.725,25340285.5
"(3, 370, np.float64(0.2), 180)",0.0,0.6458333333333334,25662621.329166666,24882880.0
"(3, 370, np.float64(0.2), 190)",0.0,0.23958333333333334,23324848.758333333,22112908.5
"(3, 370, np.float64(0.2), 200)",0.0,0.09375,19443771.535416666,18160578.5
"(3, 370, np.float64(0.2), 210)",0.0,0.035416666666666666,15919509.725,15112652.5
"(3, 370, np.float64(0.30000000000000004), 120)",0.0,0.50625,42808910.34166667,41805398.5
"(3, 370, np.float64(0.30000000000000004), 130)",0.0,0.6104166666666667,44362066.1625,43329662.0
"(3, 370, np.float64(0.30000000000000004), 140)",0.0,0.6645833333333333,43133875.49166667,41960452.0
"(3, 370, np.float64(0.30000000000000004), 150)",0.0,0.7375,36023451.50625,34192539.5
"(3, 370, np.float64(0.30000000000000004), 160)",0.0,0.7791666666666667,30002471.758333333,28802666.5
"(3, 370, np.float64(0.30000000000000004), 170)",0.0,0.8145833333333333,26676506.072916668,25902776.5
"(3, 370, np.float64(0.30000000000000004), 180)",0.0,0.6458333333333334,24757771.66875,23699905.0
"(3, 370, np.float64(0.30000000000000004), 190)",0.0,0.23958333333333334,22912562.095833335,21897274.5
"(3, 370, np.float64(0.30000000000000004), 200)",0.0,0.09375,18947391.310416665,17779667.0
"(3, 370, np.float64(0.30000000000000004), 210)",0.0,0.035416666666666666,16257980.535416666,15498855.5
"(3, 370, np.float64(0.4), 120)",0.0,0.50625,40478731.74791667,39770373.0
"(3, 370, np.float64(0.4), 130)",0.0,0.6104166666666667,46059500.670833334,45492044.0
"(3, 370, np.float64(0.4), 140)",0.0,0.6645833333333333,41551862.55416667,40652237.0
"(3, 370, np.float64(0.4), 150)",0.0,0.7375,35410469.74375,33731731.5
"(3, 370, np.float64(0.4), 160)",0.0,0.7791666666666667,29852435.314583335,28747777.5
"(3, 370, np.float64(0.4), 170)",0.0,0.8145833333333333,26098064.695833333,25057601.5
"(3, 370, np.float64(0.4), 180)",0.0,0.6458333333333334,24683573.89375,24019219.0
"(3, 370, np.float64(0.4), 190)",0.0,0.23958333333333334,23257757.722916666,21865073.5
"(3, 370, np.float64(0.4), 200)",0.0,0.09375,19973077.1125,18865395.0
"(3, 370, np.float64(0.4), 210)",0.0,0.035416666666666666,15817952.854166666,15077304.0
"(3, 370, np.float64(0.5), 120)",0.0,0.50625,41675390.572916664,40599422.5
"(3, 370, np.float64(0.5), 130)",0.0,0.6125,43950725.88125,42895925.5
"(3, 370, np.float64(0.5), 140)",0.0,0.6645833333333333,43027956.62291667,42003377.0
"(3, 370, np.float64(0.5), 150)",0.0,0.7375,35632801.34791667,34211836.0
"(3, 370, np.float64(0.5), 160)",0.0,0.7791666666666667,29612868.610416666,28387531.0
"(3, 370, np.float64(0.5), 170)",0.0,0.8145833333333333,26432059.927083332,25688365.5
"(3, 370, np.float64(0.5), 180)",0.0,0.6458333333333334,24479358.258333333,23296024.0
"(3, 370, np.float64(0.5), 190)",0.0,0.23958333333333334,21751112.058333334,20305352.5
"(3, 370, np.float64(0.5), 200)",0.0,0.09166666666666666,18826238.3875,17715648.5
"(3, 370, np.float64(0.5), 210)",0.0,0.035416666666666666,17595057.041666668,17177729.0
"(3, 370, np.float64(0.6), 120)",0.0,0.50625,40105448.16458333,39400143.0
"(3, 370, np.float64(0.6), 130)",0.0,0.6145833333333334,44512158.975,43779561.0
"(3, 370, np.float64(0.6), 140)",0.0,0.6645833333333333,42904683.2875,42136473.0
"(3, 370, np.float64(0.6), 150)",0.0,0.7416666666666667,35078182.791666664,33648080.5
"(3, 370, np.float64(0.6), 160)",0.0,0.7854166666666667,29914683.210416667,28615417.5
"(3, 370, np.float64(0.6), 170)",0.0,0.8125,26178971.88125,25238243.5
"(3, 370, np.float64(0.6), 180)",0.0,0.6458333333333334,24601108.01875,23651570.0
"(3, 370, np.float64(0.6), 190)",0.0,0.23958333333333334,22893259.083333332,21911682.0
"(3, 370, np.float64(0.6), 200)",0.0,0.09166666666666666,18619479.25625,17364369.5
"(3, 370, np.float64(0.6), 210)",0.0,0.035416666666666666,17512002.225,17110236.5
"(3, 370, np.float64(0.7000000000000001), 120)",0.0,0.5166666666666667,41404385.67916667,40614329.0
"(3, 370, np.float64(0.7000000000000001), 130)",0.0,0.625,43652450.21458333,42772273.0
"(3, 370, np.float64(0.7000000000000001), 140)",0.0,0.6916666666666667,42229320.96458333,41341138.0
"(3, 370, np.float64(0.7000000000000001), 150)",0.0,0.7604166666666666,36291878.02708333,35384518.0
"(3, 370, np.float64(0.7000000000000001), 160)",0.0,0.8125,28842915.772916667,28053916.5
"(3, 370, np.float64(0.7000000000000001), 170)",0.0,0.83125,26041773.764583334,25175038.0
"(3, 370, np.float64(0.7000000000000001), 180)",0.0,0.6479166666666667,24286185.535416666,23288841.0
"(3, 370, np.float64(0.7000000000000001), 190)",0.0,0.24375,21785394.135416668,20681381.5
"(3, 370, np.float64(0.7000000000000001), 200)",0.0,0.09166666666666666,20209067.783333335,19170652.5
"(3, 370, np.float64(0.7000000000000001), 210)",0.0,0.035416666666666666,16354068.495833334,15688376.5
"(3, 370, np.float64(0.8), 120)",0.0,0.5229166666666667,40939447.4,40409965.0
"(3, 370, np.float64(0.8), 130)",0.0,0.6354166666666666,43661138.858333334,43027862.0
"(3, 370, np.float64(0.8), 140)",0.0,0.7020833333333333,41282447.65833333,40596967.0
"(3, 370, np.float64(0.8), 150)",0.0,0.7729166666666667,34495491.09791667,33237244.5
"(3, 370, np.float64(0.8), 160)",0.0,0.825,28432810.89375,27638587.0
"(3, 370, np.float64(0.8), 170)",0.0,0.8333333333333334,26018390.289583333,25327069.5
"(3, 370, np.float64(0.8), 180)",0.0,0.6520833333333333,25487199.927083332,24818240.0
"(3, 370, np.float64(0.8), 190)",0.0,0.24583333333333332,22962883.3375,21719061.0
"(3, 370, np.float64(0.8), 200)",0.0,0.09583333333333334,20138273.614583332,19089720.5
"(3, 370, np.float64(0.8), 210)",0.0,0.035416666666666666,15850079.50625,15094487.0
"(3, 370, np.float64(0.9), 120)",0.0,0.05625,41218473.3375,39760999.0
"(3, 370, np.float64(0.9), 130)",0.0,0.07708333333333334,44114139.84375,43385073.5
"(3, 370, np.float64(0.9), 140)",0.0,0.09583333333333334,40439633.739583336,39880308.0
"(3, 370, np.float64(0.9), 150)",0.0,0.1,35777102.42916667,34717698.0
"(3, 370, np.float64(0.9), 160)",0.0,0.10625,29486727.575,28528295.0
"(3, 370, np.float64(0.9), 170)",0.0,0.10416666666666667,25935325.177083332,25424855.0
"(3, 370, np.float64(0.9), 180)",0.0,0.09375,24080839.2,23098458.5
"(3, 370, np.float64(0.9), 190)",0.0,0.03125,22596630.852083333,21517308.5
"(3, 370, np.float64(0.9), 200)",0.0,0.00625,19049513.097916666,17859041.0
"(3, 370, np.float64(0.9), 210)",0.0,0.0020833333333333333,16203012.73125,15592252.5
"(3, 380, np.float64(0.1), 120)",0.0,0.50625,41512331.93541667,41144455.0
"(3, 380, np.float64(0.1), 130)",0.0,0.6104166666666667,44846040.075,44066875.5
"(3, 380, np.float64(0.1), 140)",0.0,0.6645833333333333,43652855.264583334,42356623.0
"(3, 380, np.float64(0.1), 150)",0.0,0.7395833333333334,36055953.56875,33622589.5
"(3, 380, np.float64(0.1), 160)",0.0,0.78125,30146760.26875,28828678.0
"(3, 380, np.float64(0.1), 170)",0.0,0.8166666666666667,26675462.808333334,25729037.0
"(3, 380, np.float64(0.1), 180)",0.0,0.6458333333333334,25616327.85,24712363.0
"(3, 380, np.float64(0.1), 190)",0.0,0.23958333333333334,23103332.208333332,21810130.0
"(3, 380, np.float64(0.1), 200)",0.0,0.09375,18689294.927083332,17351388.5
"(3, 380, np.float64(0.1), 210)",0.0,0.035416666666666666,16742931.15,16092514.5
"(3, 380, np.float64(0.2), 120)",0.0,0.50625,42472460.975,42202205.0
"(3, 380, np.float64(0.2), 130)",0.0,0.6104166666666667,45586111.72708333,44515968.0
"(3, 380, np.float64(0.2), 140)",0.0,0.6645833333333333,41881521.3375,41183918.0
"(3, 380, np.float64(0.2), 150)",0.0,0.7395833333333334,36966393.89791667,35329662.0
"(3, 380, np.float64(0.2), 160)",0.0,0.78125,30264098.033333335,29237187.0
"(3, 380, np.float64(0.2), 170)",0.0,0.8166666666666667,26250138.34375,25240175.5
"(3, 380, np.float64(0.2), 180)",0.0,0.6458333333333334,24521204.65,23536711.5
"(3, 380, np.float64(0.2), 190)",0.0,0.23958333333333334,21939600.86875,20474683.0
"(3, 380, np.float64(0.2), 200)",0.0,0.09375,20104551.945833333,18892048.0
"(3, 380, np.float64(0.2), 210)",0.0,0.035416666666666666,16300625.95,15622783.5
"(3, 380, np.float64(0.30000000000000004), 120)",0.0,0.50625,40627361.06875,39861911.5
"(3, 380, np.float64(0.30000000000000004), 130)",0.0,0.6104166666666667,46028829.15833333,44760591.5
"(3, 380, np.float64(0.30000000000000004), 140)",0.0,0.6645833333333333,42163818.64791667,40978086.0
"(3, 380, np.float64(0.30000000000000004), 150)",0.0,0.7395833333333334,35202268.139583334,33580330.0
"(3, 380, np.float64(0.30000000000000004), 160)",0.0,0.78125,30103090.077083334,28772425.0
"(3, 380, np.float64(0.30000000000000004), 170)",0.0,0.8166666666666667,26306324.620833334,25402301.5
"(3, 380, np.float64(0.30000000000000004), 180)",0.0,0.6458333333333334,25406933.1625,24375471.5
"(3, 380, np.float64(0.30000000000000004), 190)",0.0,0.23958333333333334,23183043.2875,22061012.0
"(3, 380, np.float64(0.30000000000000004), 200)",0.0,0.09375,18571197.114583332,17344740.5
"(3, 380, np.float64(0.30000000000000004), 210)",0.0,0.035416666666666666,16657942.625,16051237.5
"(3, 380, np.float64(0.4), 120)",0.0,0.50625,41788160.610416666,40896886.0
"(3, 380, np.float64(0.4), 130)",0.0,0.6104166666666667,43936636.735416666,43177387.0
"(3, 380, np.float64(0.4), 140)",0.0,0.6645833333333333,42378933.31666667,41169587.5
"(3, 380, np.float64(0.4), 150)",0.0,0.7395833333333334,36601955.770833336,34520632.5
"(3, 380, np.float64(0.4), 160)",0.0,0.78125,29936466.416666668,28951348.5
"(3, 380, np.float64(0.4), 170)",0.0,0.8166666666666667,26153091.741666667,25238870.0
"(3, 380, np.float64(0.4), 180)",0.0,0.6458333333333334,24227311.45,23360264.5
"(3, 380, np.float64(0.4), 190)",0.0,0.23958333333333334,21800600.077083334,20464085.5
"(3, 380, np.float64(0.4), 200)",0.0,0.09375,18992321.360416666,18038609.0
"(3, 380, np.float64(0.4), 210)",0.0,0.035416666666666666,17403330.683333334,16859648.0
"(3, 380, np.float64(0.5), 120)",0.0,0.50625,41494162.05833333,40762353.5
"(3, 380, np.float64(0.5), 130)",0.0,0.6125,44013452.68333333,43085408.0
"(3, 380, np.float64(0.5), 140)",0.0,0.6645833333333333,41634300.225,40617496.0
"(3, 380, np.float64(0.5), 150)",0.0,0.7395833333333334,34884413.5,33445962.0
"(3, 380, np.float64(0.5), 160)",0.0,0.78125,29764042.425,28790540.5
"(3, 380, np.float64(0.5), 170)",0.0,0.8166666666666667,26143600.9625,25304069.0
"(3, 380, np.float64(0.5), 180)",0.0,0.6458333333333334,25534826.8125,24516793.5
"(3, 380, np.float64(0.5), 190)",0.0,0.23958333333333334,22920952.079166666,21807857.5
"(3, 380, np.float64(0.5), 200)",0.0,0.09166666666666666,19367080.670833334,18317091.0
"(3, 380, np.float64(0.5), 210)",0.0,0.035416666666666666,15842762.185416667,15131902.0
"(3, 380, np.float64(0.6), 120)",0.0,0.50625,41637214.12083333,40638901.0
"(3, 380, np.float64(0.6), 130)",0.0,0.6145833333333334,43830854.93125,43037280.0
"(3, 380, np.float64(0.6), 140)",0.0,0.6645833333333333,42962075.295833334,42133442.0
"(3, 380, np.float64(0.6), 150)",0.0,0.74375,35539842.766666666,34012020.0
"(3, 380, np.float64(0.6), 160)",0.0,0.7875,29707550.566666666,28639265.0
"(3, 380, np.float64(0.6), 170)",0.0,0.8145833333333333,26481272.804166667,25915390.5
"(3, 380, np.float64(0.6), 180)",0.0,0.6458333333333334,24244140.172916666,23463636.5
"(3, 380, np.float64(0.6), 190)",0.0,0.23958333333333334,22794636.94375,21595365.5
"(3, 380, np.float64(0.6), 200)",0.0,0.09166666666666666,18993418.033333335,17787669.5
"(3, 380, np.float64(0.6), 210)",0.0,0.035416666666666666,16312556.858333332,15704636.5
"(3, 380, np.float64(0.7000000000000001), 120)",0.0,0.5166666666666667,39878337.2125,38937665.5
"(3, 380, np.float64(0.7000000000000001), 130)",0.0,0.625,43785958.94583333,42726852.0
"(3, 380, np.float64(0.7000000000000001), 140)",0.0,0.6916666666666667,42792169.99583333,41677721.5
"(3, 380, np.float64(0.7000000000000001), 150)",0.0,0.7625,34945497.12291667,33813958.0
"(3, 380, np.float64(0.7000000000000001), 160)",0.0,0.8145833333333333,29615728.9125,28479337.0
"(3, 380, np.float64(0.7000000000000001), 170)",0.0,0.8333333333333334,25820570.725,25002002.0
"(3, 380, np.float64(0.7000000000000001), 180)",0.0,0.6479166666666667,24603905.147916667,23497764.0
"(3, 380, np.float64(0.7000000000000001), 190)",0.0,0.24375,23117834.179166667,22043084.5
"(3, 380, np.float64(0.7000000000000001), 200)",0.0,0.09166666666666666,18491718.3625,17322235.5
"(3, 380, np.float64(0.7000000000000001), 210)",0.0,0.035416666666666666,17470001.958333332,16893020.5
"(3, 380, np.float64(0.8), 120)",0.0,0.5229166666666667,41103548.8,40321368.0
"(3, 380, np.float64(0.8), 130)",0.0,0.6354166666666666,43487342.18333333,42551413.0
"(3, 380, np.float64(0.8), 140)",0.0,0.7020833333333333,42206753.90416667,41168037.5
"(3, 380, np.float64(0.8), 150)",0.0,0.775,35231250.170833334,34064215.5
"(3, 380, np.float64(0.8), 160)",0.0,0.8270833333333333,29591928.297916666,28686390.0
"(3, 380, np.float64(0.8), 170)",0.0,0.8354166666666667,26179529.710416667,25218418.0
"(3, 380, np.float64(0.8), 180)",0.0,0.6520833333333333,24490301.525,23616191.0
"(3, 380, np.float64(0.8), 190)",0.0,0.24583333333333332,21643353.00625,20313461.0
"(3, 380, np.float64(0.8), 200)",0.0,0.09583333333333334,20200084.764583334,19019129.5
"(3, 380, np.float64(0.8), 210)",0.0,0.035416666666666666,16298656.14375,15604929.0
"(3, 380, np.float64(0.9), 120)",0.0,0.05625,40897667.0875,39921557.0
"(3, 380, np.float64(0.9), 130)",0.0,0.07708333333333334,43217276.2625,42465664.0
"(3, 380, np.float64(0.9), 140)",0.0,0.09583333333333334,40937145.80625,40277414.0
"(3, 380, np.float64(0.9), 150)",0.0,0.1,34314579.025,33283569.0
"(3, 380, np.float64(0.9), 160)",0.0,0.10625,28899973.183333334,27833072.5
"(3, 380, np.float64(0.9), 170)",0.0,0.10416666666666667,25773332.247916665,25120694.0
"(3, 380, np.float64(0.9), 180)",0.0,0.09375,24341920.614583332,23308008.0
"(3, 380, np.float64(0.9), 190)",0.0,0.03125,22635643.9875,21595558.5
"(3, 380, np.float64(0.9), 200)",0.0,0.00625,20062603.308333334,18916661.5
"(3, 380, np.float64(0.9), 210)",0.0,0.0020833333333333333,15977522.1,15291873.0
"(3, 390, np.float64(0.1), 120)",0.0,0.50625,42796353.24166667,42647884.0
"(3, 390, np.float64(0.1), 130)",0.0,0.6125,46992560.53125,46438573.0
"(3, 390, np.float64(0.1), 140)",0.0,0.6666666666666666,43258450.59166667,41658397.5
"(3, 390, np.float64(0.1), 150)",0.0,0.74375,35595746.31875,33421290.0
"(3, 390, np.float64(0.1), 160)",0.0,0.7833333333333333,30241579.258333333,28625813.0
"(3, 390, np.float64(0.1), 170)",0.0,0.8229166666666666,26458723.275,25681729.0
"(3, 390, np.float64(0.1), 180)",0.0,0.6458333333333334,24669365.21875,23572877.0
"(3, 390, np.float64(0.1), 190)",0.0,0.23958333333333334,23366963.1125,21963313.0
"(3, 390, np.float64(0.1), 200)",0.0,0.09375,19274881.610416666,17912903.5
"(3, 390, np.float64(0.1), 210)",0.0,0.035416666666666666,16347687.685416667,15630747.0
"(3, 390, np.float64(0.2), 120)",0.0,0.50625,41039069.260416664,40520014.0
"(3, 390, np.float64(0.2), 130)",0.0,0.6125,45461974.3375,44881806.0
"(3, 390, np.float64(0.2), 140)",0.0,0.6666666666666666,42142217.9125,41138679.5
"(3, 390, np.float64(0.2), 150)",0.0,0.74375,36376522.58125,34732163.5
"(3, 390, np.float64(0.2), 160)",0.0,0.7833333333333333,30265262.9,28796346.0
"(3, 390, np.float64(0.2), 170)",0.0,0.8229166666666666,26225603.677083332,25211851.5
"(3, 390, np.float64(0.2), 180)",0.0,0.6458333333333334,24213177.022916667,22914386.0
"(3, 390, np.float64(0.2), 190)",0.0,0.23958333333333334,22850797.8,21560496.0
"(3, 390, np.float64(0.2), 200)",0.0,0.09375,19383152.179166667,17978831.0
"(3, 390, np.float64(0.2), 210)",0.0,0.035416666666666666,17187561.19375,16567859.5
"(3, 390, np.float64(0.30000000000000004), 120)",0.0,0.50625,42071971.22083333,41628552.5
"(3, 390, np.float64(0.30000000000000004), 130)",0.0,0.6125,44442563.1125,43554908.5
"(3, 390, np.float64(0.30000000000000004), 140)",0.0,0.6666666666666666,43540769.729166664,42091730.0
"(3, 390, np.float64(0.30000000000000004), 150)",0.0,0.74375,36067768.53958333,34802652.5
"(3, 390, np.float64(0.30000000000000004), 160)",0.0,0.7833333333333333,29671578.339583334,28145682.0
"(3, 390, np.float64(0.30000000000000004), 170)",0.0,0.8229166666666666,26087591.597916666,24901114.0
"(3, 390, np.float64(0.30000000000000004), 180)",0.0,0.6458333333333334,25478717.333333332,24414040.0
"(3, 390, np.float64(0.30000000000000004), 190)",0.0,0.23958333333333334,21904608.485416666,20801275.0
"(3, 390, np.float64(0.30000000000000004), 200)",0.0,0.09375,18901478.989583332,17628416.0
"(3, 390, np.float64(0.30000000000000004), 210)",0.0,0.035416666666666666,16390285.28125,15781309.5
"(3, 390, np.float64(0.4), 120)",0.0,0.50625,41553695.114583336,41113326.5
"(3, 390, np.float64(0.4), 130)",0.0,0.6125,44433829.083333336,43336791.5
"(3, 390, np.float64(0.4), 140)",0.0,0.6666666666666666,41983941.385416664,40968245.5
"(3, 390, np.float64(0.4), 150)",0.0,0.74375,35010573.454166666,33552216.0
"(3, 390, np.float64(0.4), 160)",0.0,0.7833333333333333,29706747.308333334,28515943.0
"(3, 390, np.float64(0.4), 170)",0.0,0.8229166666666666,25838012.329166666,25119147.5
"(3, 390, np.float64(0.4), 180)",0.0,0.6458333333333334,24713379.191666666,23770471.0
"(3, 390, np.float64(0.4), 190)",0.0,0.23958333333333334,22860911.147916667,21715822.5
"(3, 390, np.float64(0.4), 200)",0.0,0.09375,18653361.620833334,17412945.0
"(3, 390, np.float64(0.4), 210)",0.0,0.035416666666666666,17488382.714583334,17062208.0
"(3, 390, np.float64(0.5), 120)",0.0,0.50625,41937756.56041667,41118261.0
"(3, 390, np.float64(0.5), 130)",0.0,0.6145833333333334,45701967.704166666,44373028.5
"(3, 390, np.float64(0.5), 140)",0.0,0.6666666666666666,42977014.952083334,41829254.5
"(3, 390, np.float64(0.5), 150)",0.0,0.74375,34825104.2625,33260253.5
"(3, 390, np.float64(0.5), 160)",0.0,0.7833333333333333,29784420.825,28382704.5
"(3, 390, np.float64(0.5), 170)",0.0,0.8229166666666666,25383853.797916666,24157348.0
"(3, 390, np.float64(0.5), 180)",0.0,0.6458333333333334,24358426.24375,23414672.0
"(3, 390, np.float64(0.5), 190)",0.0,0.23958333333333334,22724067.491666667,21414762.5
"(3, 390, np.float64(0.5), 200)",0.0,0.09166666666666666,19051977.595833335,17885596.0
"(3, 390, np.float64(0.5), 210)",0.0,0.035416666666666666,16403339.1,15623700.0
"(3, 390, np.float64(0.6), 120)",0.0,0.50625,40854174.202083334,40158995.5
"(3, 390, np.float64(0.6), 130)",0.0,0.6166666666666667,44095279.28541667,43098565.5
"(3, 390, np.float64(0.6), 140)",0.0,0.6666666666666666,41498325.9875,40627180.0
"(3, 390, np.float64(0.6), 150)",0.0,0.7479166666666667,34899054.266666666,33370507.5
"(3, 390, np.float64(0.6), 160)",0.0,0.7895833333333333,29426589.01875,28309886.0
"(3, 390, np.float64(0.6), 170)",0.0,0.8208333333333333,25830695.4375,24869639.5
"(3, 390, np.float64(0.6), 180)",0.0,0.6458333333333334,23959457.752083335,23113180.5
"(3, 390, np.float64(0.6), 190)",0.0,0.23958333333333334,22897639.285416666,21802041.5
"(3, 390, np.float64(0.6), 200)",0.0,0.09166666666666666,19969543.704166666,18803655.0
"(3, 390, np.float64(0.6), 210)",0.0,0.035416666666666666,17572252.004166666,17156910.5
"(3, 390, np.float64(0.7000000000000001), 120)",0.0,0.5166666666666667,41097353.541666664,39887035.5
"(3, 390, np.float64(0.7000000000000001), 130)",0.0,0.625,45362948.90625,44339353.0
"(3, 390, np.float64(0.7000000000000001), 140)",0.0,0.69375,40991095.3125,39889476.5
"(3, 390, np.float64(0.7000000000000001), 150)",0.0,0.7666666666666667,36160702.50833333,35011778.5
"(3, 390, np.float64(0.7000000000000001), 160)",0.0,0.8166666666666667,29531577.0625,28668352.5
"(3, 390, np.float64(0.7000000000000001), 170)",0.0,0.8395833333333333,25945690.5,25234075.0
"(3, 390, np.float64(0.7000000000000001), 180)",0.0,0.6479166666666667,24352534.591666665,23430755.0
"(3, 390, np.float64(0.7000000000000001), 190)",0.0,0.24375,22269681.460416667,21161347.0
"(3, 390, np.float64(0.7000000000000001), 200)",0.0,0.09166666666666666,18921815.302083332,17770251.0
"(3, 390, np.float64(0.7000000000000001), 210)",0.0,0.035416666666666666,16416183.25625,15847516.5
"(3, 390, np.float64(0.8), 120)",0.0,0.5229166666666667,39652133.6625,38591061.0
"(3, 390, np.float64(0.8), 130)",0.0,0.6354166666666666,43477271.525,42745919.5
"(3, 390, np.float64(0.8), 140)",0.0,0.7041666666666667,41011931.81875,40685418.0
"(3, 390, np.float64(0.8), 150)",0.0,0.7770833333333333,35799763.99166667,34609093.0
"(3, 390, np.float64(0.8), 160)",0.0,0.8291666666666667,28463545.36875,27156728.0
"(3, 390, np.float64(0.8), 170)",0.0,0.8395833333333333,25333578.604166668,24768675.5
"(3, 390, np.float64(0.8), 180)",0.0,0.6520833333333333,25085897.079166666,24380685.5
"(3, 390, np.float64(0.8), 190)",0.0,0.24583333333333332,22743193.977083333,21429991.0
"(3, 390, np.float64(0.8), 200)",0.0,0.09583333333333334,18511769.902083334,17479825.0
"(3, 390, np.float64(0.8), 210)",0.0,0.035416666666666666,17548369.795833334,16963239.0
"(3, 390, np.float64(0.9), 120)",0.0,0.05625,40784004.641666666,39685119.0
"(3, 390, np.float64(0.9), 130)",0.0,0.07708333333333334,43570880.87708333,42475743.5
"(3, 390, np.float64(0.9), 140)",0.0,0.09583333333333334,40479988.833333336,39614506.5
"(3, 390, np.float64(0.9), 150)",0.0,0.1,35713591.53333333,34315865.0
"(3, 390, np.float64(0.9), 160)",0.0,0.10625,29120749.222916666,28136862.0
"(3, 390, np.float64(0.9), 170)",0.0,0.10416666666666667,25694880.604166668,25028017.5
"(3, 390, np.float64(0.9), 180)",0.0,0.09375,25193008.71875,24493907.0
"(3, 390, np.float64(0.9), 190)",0.0,0.03125,21695988.654166665,20426109.0
"(3, 390, np.float64(0.9), 200)",0.0,0.00625,18913236.80625,17706668.0
"(3, 390, np.float64(0.9), 210)",0.0,0.0020833333333333333,16098979.9375,15532983.5
"(3, 400, np.float64(0.1), 120)",0.0,0.5083333333333333,41475239.5875,40878476.0
"(3, 400, np.float64(0.1), 130)",0.0,0.6145833333333334,46954107.89375,45787232.0
"(3, 400, np.float64(0.1), 140)",0.0,0.66875,42441622.09166667,41402520.0
"(3, 400, np.float64(0.1), 150)",0.0,0.7479166666666667,35970115.854166664,34177203.0
"(3, 400, np.float64(0.1), 160)",0.0,0.7875,30334204.160416666,28760577.5
"(3, 400, np.float64(0.1), 170)",0.0,0.8229166666666666,26463979.883333333,25406876.0
"(3, 400, np.float64(0.1), 180)",0.0,0.6458333333333334,25891138.470833335,25115813.5
"(3, 400, np.float64(0.1), 190)",0.0,0.23958333333333334,23050828.802083332,21710285.5
"(3, 400, np.float64(0.1), 200)",0.0,0.09375,18728030.189583335,17589666.0
"(3, 400, np.float64(0.1), 210)",0.0,0.035416666666666666,16370344.910416666,15644432.5
"(3, 400, np.float64(0.2), 120)",0.0,0.5083333333333333,42193836.520833336,41839225.0
"(3, 400, np.float64(0.2), 130)",0.0,0.6145833333333334,45129926.920833334,44436337.0
"(3, 400, np.float64(0.2), 140)",0.0,0.66875,41790603.729166664,40640126.5
"(3, 400, np.float64(0.2), 150)",0.0,0.7479166666666667,36602035.65208333,34849870.5
"(3, 400, np.float64(0.2), 160)",0.0,0.7875,30053190.075,28788237.0
"(3, 400, np.float64(0.2), 170)",0.0,0.8229166666666666,26579409.258333333,25742876.5
"(3, 400, np.float64(0.2), 180)",0.0,0.6458333333333334,24490295.997916665,23398614.0
"(3, 400, np.float64(0.2), 190)",0.0,0.23958333333333334,22093554.779166665,20782950.0
"(3, 400, np.float64(0.2), 200)",0.0,0.09375,18949446.566666666,17571522.5
"(3, 400, np.float64(0.2), 210)",0.0,0.035416666666666666,16818009.902083334,16136146.5
"(3, 400, np.float64(0.30000000000000004), 120)",0.0,0.5083333333333333,41745676.385416664,41032599.5
"(3, 400, np.float64(0.30000000000000004), 130)",0.0,0.6145833333333334,44665961.84583333,43933195.5
"(3, 400, np.float64(0.30000000000000004), 140)",0.0,0.66875,41979162.34166667,40863488.5
"(3, 400, np.float64(0.30000000000000004), 150)",0.0,0.7479166666666667,36640105.083333336,35079452.0
"(3, 400, np.float64(0.30000000000000004), 160)",0.0,0.7875,28901143.883333333,27345231.5
"(3, 400, np.float64(0.30000000000000004), 170)",0.0,0.8229166666666666,26397234.49375,25329355.0
"(3, 400, np.float64(0.30000000000000004), 180)",0.0,0.6458333333333334,25462061.2125,24588265.5
"(3, 400, np.float64(0.30000000000000004), 190)",0.0,0.23958333333333334,22996766.185416665,22002280.5
"(3, 400, np.float64(0.30000000000000004), 200)",0.0,0.09375,18551527.20625,17305578.5
"(3, 400, np.float64(0.30000000000000004), 210)",0.0,0.035416666666666666,16129334.916666666,15434855.5
"(3, 400, np.float64(0.4), 120)",0.0,0.5083333333333333,41681819.139583334,40892908.5
"(3, 400, np.float64(0.4), 130)",0.0,0.6145833333333334,44542871.333333336,44099543.5
"(3, 400, np.float64(0.4), 140)",0.0,0.66875,41629373.92916667,40403205.0
"(3, 400, np.float64(0.4), 150)",0.0,0.7479166666666667,34846546.63333333,33091353.5
"(3, 400, np.float64(0.4), 160)",0.0,0.7875,29672789.660416666,28735952.5
"(3, 400, np.float64(0.4), 170)",0.0,0.8229166666666666,26094986.65625,25200107.0
"(3, 400, np.float64(0.4), 180)",0.0,0.6458333333333334,25390041.391666666,24273241.0
"(3, 400, np.float64(0.4), 190)",0.0,0.23958333333333334,22430026.2375,21054603.5
"(3, 400, np.float64(0.4), 200)",0.0,0.09375,19004780.572916668,17660718.5
"(3, 400, np.float64(0.4), 210)",0.0,0.035416666666666666,16274734.733333332,15691848.5
"(3, 400, np.float64(0.5), 120)",0.0,0.5083333333333333,41611501.45625,41085601.0
"(3, 400, np.float64(0.5), 130)",0.0,0.6166666666666667,44296783.295833334,43144038.0
"(3, 400, np.float64(0.5), 140)",0.0,0.66875,41702221.93333333,40992607.0
"(3, 400, np.float64(0.5), 150)",0.0,0.7479166666666667,36076702.422916666,34274567.0
"(3, 400, np.float64(0.5), 160)",0.0,0.7875,29499259.885416668,28520577.0
"(3, 400, np.float64(0.5), 170)",0.0,0.8229166666666666,26128074.435416665,25533111.0
"(3, 400, np.float64(0.5), 180)",0.0,0.6458333333333334,23993232.947916668,22941678.0
"(3, 400, np.float64(0.5), 190)",0.0,0.23958333333333334,22788151.5625,21586011.5
"(3, 400, np.float64(0.5), 200)",0.0,0.09166666666666666,18912443.65,17805153.0
"(3, 400, np.float64(0.5), 210)",0.0,0.035416666666666666,16254476.4375,15654196.0
"(3, 400, np.float64(0.6), 120)",0.0,0.5083333333333333,39832221.270833336,38497195.5
"(3, 400, np.float64(0.6), 130)",0.0,0.61875,44277038.68125,43590211.0
"(3, 400, np.float64(0.6), 140)",0.0,0.66875,42828373.9,41645993.5
"(3, 400, np.float64(0.6), 150)",0.0,0.7520833333333333,34822433.99166667,33301557.5
"(3, 400, np.float64(0.6), 160)",0.0,0.79375,29469280.570833333,28243279.5
"(3, 400, np.float64(0.6), 170)",0.0,0.8208333333333333,25504042.083333332,24805325.0
"(3, 400, np.float64(0.6), 180)",0.0,0.6458333333333334,25070364.197916668,24166577.0
"(3, 400, np.float64(0.6), 190)",0.0,0.23958333333333334,22999959.079166666,21847341.0
"(3, 400, np.float64(0.6), 200)",0.0,0.09166666666666666,18924376.6125,17808908.0
"(3, 400, np.float64(0.6), 210)",0.0,0.035416666666666666,16206253.079166668,15649081.0
"(3, 400, np.float64(0.7000000000000001), 120)",0.0,0.51875,41380536.02708333,40122780.0
"(3, 400, np.float64(0.7000000000000001), 130)",0.0,0.6270833333333333,44227812.19375,43317160.5
"(3, 400, np.float64(0.7000000000000001), 140)",0.0,0.6958333333333333,41340117.63125,40473314.0
"(3, 400, np.float64(0.7000000000000001), 150)",0.0,0.7708333333333334,35930002.891666666,34753449.0
"(3, 400, np.float64(0.7000000000000001), 160)",0.0,0.8208333333333333,29041168.279166665,27903628.5
"(3, 400, np.float64(0.7000000000000001), 170)",0.0,0.8395833333333333,26063615.7875,25456932.5
"(3, 400, np.float64(0.7000000000000001), 180)",0.0,0.6479166666666667,24186227.35625,23230004.5
"(3, 400, np.float64(0.7000000000000001), 190)",0.0,0.24375,21443415.077083334,20209045.5
"(3, 400, np.float64(0.7000000000000001), 200)",0.0,0.09166666666666666,20158064.610416666,18933026.0
"(3, 400, np.float64(0.7000000000000001), 210)",0.0,0.035416666666666666,16467804.395833334,15796316.0
"(3, 400, np.float64(0.8), 120)",0.0,0.525,39811218.77291667,39220314.0
"(3, 400, np.float64(0.8), 130)",0.0,0.6375,43366370.62916667,42920781.5
"(3, 400, np.float64(0.8), 140)",0.0,0.70625,41298657.46666667,40938514.0
"(3, 400, np.float64(0.8), 150)",0.0,0.78125,34421207.391666666,32897656.0
"(3, 400, np.float64(0.8), 160)",0.0,0.8333333333333334,28954487.89375,28134540.5
"(3, 400, np.float64(0.8), 170)",0.0,0.8395833333333333,26072090.820833333,25311753.5
"(3, 400, np.float64(0.8), 180)",0.0,0.6520833333333333,25259035.74375,24749866.5
"(3, 400, np.float64(0.8), 190)",0.0,0.24583333333333332,22678575.84375,21301261.0
"(3, 400, np.float64(0.8), 200)",0.0,0.09583333333333334,18930366.1,17883664.5
"(3, 400, np.float64(0.8), 210)",0.0,0.035416666666666666,16324735.0875,15648796.0
"(3, 400, np.float64(0.9), 120)",0.0,0.05625,41057494.675,39967173.0
"(3, 400, np.float64(0.9), 130)",0.0,0.07708333333333334,44342267.202083334,43534403.0
"(3, 400, np.float64(0.9), 140)",0.0,0.09583333333333334,40915736.44583333,40067598.5
"(3, 400, np.float64(0.9), 150)",0.0,0.1,35696083.86666667,34217661.5
"(3, 400, np.float64(0.9), 160)",0.0,0.10625,28058557.4875,27060676.0
"(3, 400, np.float64(0.9), 170)",0.0,0.10416666666666667,25951927.9875,25015196.5
"(3, 400, np.float64(0.9), 180)",0.0,0.09375,23735399.916666668,22774594.0
"(3, 400, np.float64(0.9), 190)",0.0,0.03125,21915638.447916668,20598968.0
"(3, 400, np.float64(0.9), 200)",0.0,0.00625,18991059.575,17750908.0
"(3, 400, np.float64(0.9), 210)",0.0,0.0020833333333333333,15837132.460416667,15107777.0
"(5, 300, np.float64(0.1), 120)",0.0,0.4708333333333333,36859859.702083334,36055743.0
"(5, 300, np.float64(0.1), 130)",0.0,0.5791666666666667,38810870.0125,38068774.0
"(5, 300, np.float64(0.1), 140)",0.0,0.6416666666666667,35975515.84375,35352954.5
"(5, 300, np.float64(0.1), 150)",0.0,0.7041666666666667,31951276.908333335,30626850.5
"(5, 300, np.float64(0.1), 160)",0.0,0.7458333333333333,27150392.483333334,25881353.0
"(5, 300, np.float64(0.1), 170)",0.0,0.7770833333333333,24447220.297916666,23557949.0
"(5, 300, np.float64(0.1), 180)",0.0,0.5833333333333334,25537235.183333334,24714027.0
"(5, 300, np.float64(0.1), 190)",0.0,0.22708333333333333,22959554.65,22107990.0
"(5, 300, np.float64(0.1), 200)",0.0,0.07708333333333334,19808916.029166665,18872954.0
"(5, 300, np.float64(0.1), 210)",0.0,0.035416666666666666,18743052.033333335,18456103.0
"(5, 300, np.float64(0.2), 120)",0.0,0.4708333333333333,35726990.858333334,35309516.5
"(5, 300, np.float64(0.2), 130)",0.0,0.5791666666666667,38364025.13125,37009822.5
"(5, 300, np.float64(0.2), 140)",0.0,0.6416666666666667,36561543.139583334,35415494.0
"(5, 300, np.float64(0.2), 150)",0.0,0.7041666666666667,31945135.86875,30445561.5
"(5, 300, np.float64(0.2), 160)",0.0,0.7458333333333333,29178288.210416667,27840427.5
"(5, 300, np.float64(0.2), 170)",0.0,0.7770833333333333,25795977.83125,24778874.5
"(5, 300, np.float64(0.2), 180)",0.0,0.5833333333333334,24698413.425,23944421.0
"(5, 300, np.float64(0.2), 190)",0.0,0.22708333333333333,21362152.720833335,20441410.0
"(5, 300, np.float64(0.2), 200)",0.0,0.07708333333333334,20958586.825,20225561.0
"(5, 300, np.float64(0.2), 210)",0.0,0.035416666666666666,19170236.152083334,18817238.5
"(5, 300, np.float64(0.30000000000000004), 120)",0.0,0.4708333333333333,36466848.43125,35969228.5
"(5, 300, np.float64(0.30000000000000004), 130)",0.0,0.5791666666666667,39150859.25416667,38100714.5
"(5, 300, np.float64(0.30000000000000004), 140)",0.0,0.6416666666666667,35811982.77291667,34841607.0
"(5, 300, np.float64(0.30000000000000004), 150)",0.0,0.7041666666666667,32390770.0375,31149937.0
"(5, 300, np.float64(0.30000000000000004), 160)",0.0,0.7458333333333333,28255207.529166665,26959346.5
"(5, 300, np.float64(0.30000000000000004), 170)",0.0,0.7770833333333333,24579458.2625,23883837.5
"(5, 300, np.float64(0.30000000000000004), 180)",0.0,0.5833333333333334,26127144.595833335,25317223.5
"(5, 300, np.float64(0.30000000000000004), 190)",0.0,0.22708333333333333,21928889.3125,20955854.5
"(5, 300, np.float64(0.30000000000000004), 200)",0.0,0.07708333333333334,19993408.997916665,19160428.5
"(5, 300, np.float64(0.30000000000000004), 210)",0.0,0.035416666666666666,18095043.791666668,17688281.0
"(5, 300, np.float64(0.4), 120)",0.0,0.4708333333333333,35163265.61875,34484715.0
"(5, 300, np.float64(0.4), 130)",0.0,0.5791666666666667,37785276.860416666,36777558.0
"(5, 300, np.float64(0.4), 140)",0.0,0.6416666666666667,36170075.10625,34843466.5
"(5, 300, np.float64(0.4), 150)",0.0,0.7041666666666667,31355150.327083334,29534317.0
"(5, 300, np.float64(0.4), 160)",0.0,0.7458333333333333,28112696.1875,26735027.0
"(5, 300, np.float64(0.4), 170)",0.0,0.7770833333333333,26310695.575,25529023.0
"(5, 300, np.float64(0.4), 180)",0.0,0.5833333333333334,24603556.16875,23889129.0
"(5, 300, np.float64(0.4), 190)",0.0,0.22708333333333333,22889791.941666666,22157780.0
"(5, 300, np.float64(0.4), 200)",0.0,0.07708333333333334,19378978.620833334,18683865.5
"(5, 300, np.float64(0.4), 210)",0.0,0.035416666666666666,19217542.922916666,19045261.5
"(5, 300, np.float64(0.5), 120)",0.0,0.4708333333333333,34599040.610416666,34068235.5
"(5, 300, np.float64(0.5), 130)",0.0,0.5770833333333333,39738073.77708333,38875934.0
"(5, 300, np.float64(0.5), 140)",0.0,0.6416666666666667,36699942.62916667,36020939.0
"(5, 300, np.float64(0.5), 150)",0.0,0.7041666666666667,32539663.152083334,30961474.0
"(5, 300, np.float64(0.5), 160)",0.0,0.7458333333333333,27801158.629166666,26846158.5
"(5, 300, np.float64(0.5), 170)",0.0,0.7770833333333333,25654300.504166666,24839176.5
"(5, 300, np.float64(0.5), 180)",0.0,0.5833333333333334,23789219.177083332,22832722.5
"(5, 300, np.float64(0.5), 190)",0.0,0.22708333333333333,21759453.75,20767841.0
"(5, 300, np.float64(0.5), 200)",0.0,0.07708333333333334,19984944.052083332,19217524.5
"(5, 300, np.float64(0.5), 210)",0.0,0.035416666666666666,18014377.116666667,17601438.5
"(5, 300, np.float64(0.6), 120)",0.0,0.4666666666666667,34616374.62083333,34316510.0
"(5, 300, np.float64(0.6), 130)",0.0,0.5791666666666667,38619691.7125,37743981.0
"(5, 300, np.float64(0.6), 140)",0.0,0.64375,35461191.9,34857022.0
"(5, 300, np.float64(0.6), 150)",0.0,0.7104166666666667,31157058.89375,29883133.5
"(5, 300, np.float64(0.6), 160)",0.0,0.75,25998090.795833334,24843156.0
"(5, 300, np.float64(0.6), 170)",0.0,0.7770833333333333,25058785.852083333,24237084.0
"(5, 300, np.float64(0.6), 180)",0.0,0.5854166666666667,23061879.25,22310465.0
"(5, 300, np.float64(0.6), 190)",0.0,0.22708333333333333,22684716.210416667,21904473.5
"(5, 300, np.float64(0.6), 200)",0.0,0.07708333333333334,20493478.616666667,19820435.5
"(5, 300, np.float64(0.6), 210)",0.0,0.035416666666666666,19807230.6125,19754291.0
"(5, 300, np.float64(0.7000000000000001), 120)",0.0,0.46875,34044375.20625,33388708.0
"(5, 300, np.float64(0.7000000000000001), 130)",0.0,0.5833333333333334,38133991.9875,37055897.0
"(5, 300, np.float64(0.7000000000000001), 140)",0.0,0.6604166666666667,34853230.8125,33883947.5
"(5, 300, np.float64(0.7000000000000001), 150)",0.0,0.7354166666666667,32109560.558333334,31057517.0
"(5, 300, np.float64(0.7000000000000001), 160)",0.0,0.7666666666666667,27239809.745833334,26358731.5
"(5, 300, np.float64(0.7000000000000001), 170)",0.0,0.7833333333333333,24247708.722916666,23720257.0
"(5, 300, np.float64(0.7000000000000001), 180)",0.0,0.5875,25452624.66875,24848077.0
"(5, 300, np.float64(0.7000000000000001), 190)",0.0,0.225,21662157.022916667,20845878.5
"(5, 300, np.float64(0.7000000000000001), 200)",0.0,0.075,19704684.94375,18828629.0
"(5, 300, np.float64(0.7000000000000001), 210)",0.0,0.035416666666666666,19219444.004166666,18837045.5
"(5, 300, np.float64(0.8), 120)",0.0,0.475,34271001.69166667,33871963.0
"(5, 300, np.float64(0.8), 130)",0.0,0.59375,37102397.28541667,35789852.0
"(5, 300, np.float64(0.8), 140)",0.0,0.6770833333333334,35451903.09375,34654620.5
"(5, 300, np.float64(0.8), 150)",0.0,0.7416666666666667,32759483.58125,32023322.5
"(5, 300, np.float64(0.8), 160)",0.0,0.78125,27622420.70625,26296484.5
"(5, 300, np.float64(0.8), 170)",0.0,0.78125,24914148.777083334,24397813.5
"(5, 300, np.float64(0.8), 180)",0.0,0.5854166666666667,23090602.2875,22306517.5
"(5, 300, np.float64(0.8), 190)",0.0,0.22916666666666666,22807700.1125,22156722.0
"(5, 300, np.float64(0.8), 200)",0.0,0.07916666666666666,19363947.670833334,18514696.0
"(5, 300, np.float64(0.8), 210)",0.0,0.035416666666666666,19061674.745833334,18798912.5
"(5, 300, np.float64(0.9), 120)",0.0,0.07916666666666666,35250526.65,34464979.5
"(5, 300, np.float64(0.9), 130)",0.0,0.13333333333333333,36330391.514583334,35138841.5
"(5, 300, np.float64(0.9), 140)",0.0,0.1875,34775232.822916664,34240528.0
"(5, 300, np.float64(0.9), 150)",0.0,0.16666666666666666,31755224.458333332,30580024.5
"(5, 300, np.float64(0.9), 160)",0.0,0.17708333333333334,27360284.8875,26431152.0
"(5, 300, np.float64(0.9), 170)",0.0,0.18541666666666667,24966995.10625,24142621.5
"(5, 300, np.float64(0.9), 180)",0.0,0.0875,23247804.0,22418302.5
"(5, 300, np.float64(0.9), 190)",0.0,0.04583333333333333,23352654.65625,22603896.0
"(5, 300, np.float64(0.9), 200)",0.0,0.010416666666666666,19699943.472916666,19099589.0
"(5, 300, np.float64(0.9), 210)",0.0,0.0020833333333333333,18223501.08125,17891121.5
"(5, 310, np.float64(0.1), 120)",0.0,0.4708333333333333,37279839.2375,36509150.0
"(5, 310, np.float64(0.1), 130)",0.0,0.5791666666666667,38493254.1875,37515309.0
"(5, 310, np.float64(0.1), 140)",0.0,0.6458333333333334,36690361.87708333,35649209.0
"(5, 310, np.float64(0.1), 150)",0.0,0.70625,33026485.697916668,31290416.0
"(5, 310, np.float64(0.1), 160)",0.0,0.75,27156850.683333334,25793385.5
"(5, 310, np.float64(0.1), 170)",0.0,0.7833333333333333,26498715.008333333,25736249.5
"(5, 310, np.float64(0.1), 180)",0.0,0.5854166666666667,25089778.316666666,24285424.5
"(5, 310, np.float64(0.1), 190)",0.0,0.22708333333333333,22869451.854166668,21911907.5
"(5, 310, np.float64(0.1), 200)",0.0,0.07708333333333334,19514336.5,18674481.0
"(5, 310, np.float64(0.1), 210)",0.0,0.035416666666666666,17595964.66875,17255129.0
"(5, 310, np.float64(0.2), 120)",0.0,0.4708333333333333,35119123.72083333,34432712.0
"(5, 310, np.float64(0.2), 130)",0.0,0.5791666666666667,37814712.64375,36792321.5
"(5, 310, np.float64(0.2), 140)",0.0,0.6458333333333334,36230157.675,35415257.0
"(5, 310, np.float64(0.2), 150)",0.0,0.70625,33733590.889583334,32356573.5
"(5, 310, np.float64(0.2), 160)",0.0,0.75,27981092.064583335,26892983.5
"(5, 310, np.float64(0.2), 170)",0.0,0.7833333333333333,25725896.639583334,25007061.5
"(5, 310, np.float64(0.2), 180)",0.0,0.5854166666666667,25021629.116666667,24164626.0
"(5, 310, np.float64(0.2), 190)",0.0,0.22708333333333333,23120180.235416666,22243974.5
"(5, 310, np.float64(0.2), 200)",0.0,0.07708333333333334,19886692.404166665,19222624.5
"(5, 310, np.float64(0.2), 210)",0.0,0.035416666666666666,17954822.091666665,17528536.5
"(5, 310, np.float64(0.30000000000000004), 120)",0.0,0.4708333333333333,36718182.87083333,35877536.5
"(5, 310, np.float64(0.30000000000000004), 130)",0.0,0.5791666666666667,38200608.00208333,37076457.5
"(5, 310, np.float64(0.30000000000000004), 140)",0.0,0.6458333333333334,36405213.952083334,35309564.0
"(5, 310, np.float64(0.30000000000000004), 150)",0.0,0.70625,32691325.845833335,31219090.5
"(5, 310, np.float64(0.30000000000000004), 160)",0.0,0.75,28168101.704166666,26970155.0
"(5, 310, np.float64(0.30000000000000004), 170)",0.0,0.7833333333333333,25831342.566666666,24970403.5
"(5, 310, np.float64(0.30000000000000004), 180)",0.0,0.5854166666666667,23357637.99375,22603886.5
"(5, 310, np.float64(0.30000000000000004), 190)",0.0,0.22708333333333333,23845368.61875,22982059.5
"(5, 310, np.float64(0.30000000000000004), 200)",0.0,0.07708333333333334,19504227.985416666,18681013.0
"(5, 310, np.float64(0.30000000000000004), 210)",0.0,0.035416666666666666,18040391.425,17679809.0
"(5, 310, np.float64(0.4), 120)",0.0,0.4708333333333333,35027000.172916666,34345296.0
"(5, 310, np.float64(0.4), 130)",0.0,0.5791666666666667,37088634.97083333,36233549.5
"(5, 310, np.float64(0.4), 140)",0.0,0.6458333333333334,35409285.9,34490748.0
"(5, 310, np.float64(0.4), 150)",0.0,0.70625,32551894.58125,31074781.0
"(5, 310, np.float64(0.4), 160)",0.0,0.75,28658829.197916668,27558918.0
"(5, 310, np.float64(0.4), 170)",0.0,0.7833333333333333,25276175.414583333,24464795.5
"(5, 310, np.float64(0.4), 180)",0.0,0.5854166666666667,24817338.108333334,24015896.0
"(5, 310, np.float64(0.4), 190)",0.0,0.22708333333333333,23020754.74375,22121355.5
"(5, 310, np.float64(0.4), 200)",0.0,0.07708333333333334,19815923.835416667,18948960.0
"(5, 310, np.float64(0.4), 210)",0.0,0.035416666666666666,18108390.11875,17639722.0
"(5, 310, np.float64(0.5), 120)",0.0,0.4708333333333333,35051285.3875,34261966.0
"(5, 310, np.float64(0.5), 130)",0.0,0.5770833333333333,37452748.47708333,36800054.0
"(5, 310, np.float64(0.5), 140)",0.0,0.6458333333333334,36944715.2875,36414362.5
"(5, 310, np.float64(0.5), 150)",0.0,0.70625,32286882.285416666,31107543.0
"(5, 310, np.float64(0.5), 160)",0.0,0.75,27936709.74375,27061648.5
"(5, 310, np.float64(0.5), 170)",0.0,0.7833333333333333,26059125.139583334,25428796.5
"(5, 310, np.float64(0.5), 180)",0.0,0.5854166666666667,24936700.58125,24236699.5
"(5, 310, np.float64(0.5), 190)",0.0,0.22708333333333333,21677124.672916666,20870249.0
"(5, 310, np.float64(0.5), 200)",0.0,0.07708333333333334,19318169.585416667,18541577.0
"(5, 310, np.float64(0.5), 210)",0.0,0.035416666666666666,17765976.89375,17414112.0
"(5, 310, np.float64(0.6), 120)",0.0,0.4666666666666667,34070710.52916667,33306114.5
"(5, 310, np.float64(0.6), 130)",0.0,0.5791666666666667,37174723.9625,36242533.0
"(5, 310, np.float64(0.6), 140)",0.0,0.6479166666666667,35049865.7375,34318708.0
"(5, 310, np.float64(0.6), 150)",0.0,0.7125,32739401.31875,31890325.0
"(5, 310, np.float64(0.6), 160)",0.0,0.7541666666666667,27713310.385416668,26633704.5
"(5, 310, np.float64(0.6), 170)",0.0,0.7833333333333333,25246581.347916666,24571781.5
"(5, 310, np.float64(0.6), 180)",0.0,0.5875,23718365.15625,22856854.0
"(5, 310, np.float64(0.6), 190)",0.0,0.22708333333333333,22771633.2375,21912609.5
"(5, 310, np.float64(0.6), 200)",0.0,0.07708333333333334,20746547.45,20203182.0
"(5, 310, np.float64(0.6), 210)",0.0,0.035416666666666666,18083650.710416667,17697068.0
"(5, 310, np.float64(0.7000000000000001), 120)",0.0,0.46875,34643169.427083336,33771716.0
"(5, 310, np.float64(0.7000000000000001), 130)",0.0,0.5833333333333334,38323966.59375,37209405.0
"(5, 310, np.float64(0.7000000000000001), 140)",0.0,0.6645833333333333,36586562.577083334,35834019.5
"(5, 310, np.float64(0.7000000000000001), 150)",0.0,0.7375,32085401.541666668,31074280.5
"(5, 310, np.float64(0.7000000000000001), 160)",0.0,0.7708333333333334,27761102.570833333,26662679.0
"(5, 310, np.float64(0.7000000000000001), 170)",0.0,0.7895833333333333,24216761.320833333,23430031.5
"(5, 310, np.float64(0.7000000000000001), 180)",0.0,0.5895833333333333,23267552.747916665,22587373.0
"(5, 310, np.float64(0.7000000000000001), 190)",0.0,0.225,23509529.191666666,22576954.5
"(5, 310, np.float64(0.7000000000000001), 200)",0.0,0.075,19392826.11875,18615074.0
"(5, 310, np.float64(0.7000000000000001), 210)",0.0,0.035416666666666666,17935177.41875,17570184.0
"(5, 310, np.float64(0.8), 120)",0.0,0.475,34288142.97708333,33660384.5
"(5, 310, np.float64(0.8), 130)",0.0,0.59375,36426303.489583336,35111463.5
"(5, 310, np.float64(0.8), 140)",0.0,0.6791666666666667,35314174.8375,34484506.5
"(5, 310, np.float64(0.8), 150)",0.0,0.7416666666666667,30167841.59375,29139419.0
"(5, 310, np.float64(0.8), 160)",0.0,0.7854166666666667,27975942.958333332,27143914.0
"(5, 310, np.float64(0.8), 170)",0.0,0.7875,25132385.666666668,24405605.5
"(5, 310, np.float64(0.8), 180)",0.0,0.5875,23521645.629166666,22794187.5
"(5, 310, np.float64(0.8), 190)",0.0,0.22916666666666666,22623664.2375,21927992.0
"(5, 310, np.float64(0.8), 200)",0.0,0.07916666666666666,20666586.28125,20049800.5
"(5, 310, np.float64(0.8), 210)",0.0,0.035416666666666666,19333759.0625,19198097.0
"(5, 310, np.float64(0.9), 120)",0.0,0.07916666666666666,35639923.389583334,34542670.0
"(5, 310, np.float64(0.9), 130)",0.0,0.13333333333333333,37956864.75833333,36986513.0
"(5, 310, np.float64(0.9), 140)",0.0,0.1875,36295226.12083333,35355749.0
"(5, 310, np.float64(0.9), 150)",0.0,0.16666666666666666,32530038.545833334,31524380.0
"(5, 310, np.float64(0.9), 160)",0.0,0.17708333333333334,26335670.1375,25454816.0
"(5, 310, np.float64(0.9), 170)",0.0,0.18541666666666667,23494520.65,22774630.5
"(5, 310, np.float64(0.9), 180)",0.0,0.0875,24676060.329166666,24008049.0
"(5, 310, np.float64(0.9), 190)",0.0,0.04583333333333333,21490453.927083332,20737818.5
"(5, 310, np.float64(0.9), 200)",0.0,0.010416666666666666,19908672.120833334,19285695.0
"(5, 310, np.float64(0.9), 210)",0.0,0.0020833333333333333,17572222.125,17238903.5
"(5, 320, np.float64(0.1), 120)",0.0,0.4708333333333333,35294192.90625,34864778.5
"(5, 320, np.float64(0.1), 130)",0.0,0.5791666666666667,38536640.895833336,37584889.0
"(5, 320, np.float64(0.1), 140)",0.0,0.6458333333333334,35932461.364583336,34896960.5
"(5, 320, np.float64(0.1), 150)",0.0,0.70625,31838539.010416668,30351154.5
"(5, 320, np.float64(0.1), 160)",0.0,0.7583333333333333,28123522.2875,26941327.5
"(5, 320, np.float64(0.1), 170)",0.0,0.7875,24459243.033333335,23739624.5
"(5, 320, np.float64(0.1), 180)",0.0,0.5854166666666667,25607785.34375,25044459.5
"(5, 320, np.float64(0.1), 190)",0.0,0.22708333333333333,22904775.43125,21873869.5
"(5, 320, np.float64(0.1), 200)",0.0,0.07708333333333334,21133046.108333334,20203953.5
"(5, 320, np.float64(0.1), 210)",0.0,0.035416666666666666,19120807.372916665,18860054.5
"(5, 320, np.float64(0.2), 120)",0.0,0.4708333333333333,35687001.3125,35166153.5
"(5, 320, np.float64(0.2), 130)",0.0,0.5791666666666667,39210707.60625,38009804.0
"(5, 320, np.float64(0.2), 140)",0.0,0.6458333333333334,36353351.91041667,35416615.0
"(5, 320, np.float64(0.2), 150)",0.0,0.70625,33042512.1125,31570761.0
"(5, 320, np.float64(0.2), 160)",0.0,0.7583333333333333,28057938.475,26585334.5
"(5, 320, np.float64(0.2), 170)",0.0,0.7875,25885776.30625,24890988.5
"(5, 320, np.float64(0.2), 180)",0.0,0.5854166666666667,25691864.48125,24947766.0
"(5, 320, np.float64(0.2), 190)",0.0,0.22708333333333333,21509711.539583333,20348381.0
"(5, 320, np.float64(0.2), 200)",0.0,0.07708333333333334,19398421.345833335,18452983.0
"(5, 320, np.float64(0.2), 210)",0.0,0.035416666666666666,18143046.0625,17807023.5
"(5, 320, np.float64(0.30000000000000004), 120)",0.0,0.4708333333333333,34503896.041666664,34153570.0
"(5, 320, np.float64(0.30000000000000004), 130)",0.0,0.5791666666666667,37291063.077083334,35993060.0
"(5, 320, np.float64(0.30000000000000004), 140)",0.0,0.6458333333333334,36140245.4625,35071183.5
"(5, 320, np.float64(0.30000000000000004), 150)",0.0,0.70625,32779646.172916666,31463470.5
"(5, 320, np.float64(0.30000000000000004), 160)",0.0,0.7583333333333333,28619614.239583332,27628364.5
"(5, 320, np.float64(0.30000000000000004), 170)",0.0,0.7875,25335207.9,24530152.0
"(5, 320, np.float64(0.30000000000000004), 180)",0.0,0.5854166666666667,23718587.125,22833096.5
"(5, 320, np.float64(0.30000000000000004), 190)",0.0,0.22708333333333333,23045098.120833334,22160859.0
"(5, 320, np.float64(0.30000000000000004), 200)",0.0,0.07708333333333334,19658699.622916665,18705418.5
"(5, 320, np.float64(0.30000000000000004), 210)",0.0,0.035416666666666666,18933078.102083333,18674451.0
"(5, 320, np.float64(0.4), 120)",0.0,0.4708333333333333,35169436.46875,34579532.5
"(5, 320, np.float64(0.4), 130)",0.0,0.5791666666666667,38809918.78958333,37864246.5
"(5, 320, np.float64(0.4), 140)",0.0,0.6458333333333334,36975952.16875,36098613.5
"(5, 320, np.float64(0.4), 150)",0.0,0.70625,31355316.914583333,29569248.0
"(5, 320, np.float64(0.4), 160)",0.0,0.7583333333333333,28192232.18125,26672402.5
"(5, 320, np.float64(0.4), 170)",0.0,0.7875,26157658.241666667,25229069.5
"(5, 320, np.float64(0.4), 180)",0.0,0.5854166666666667,23127313.545833334,22316922.0
"(5, 320, np.float64(0.4), 190)",0.0,0.22708333333333333,23153102.372916665,22228921.5
"(5, 320, np.float64(0.4), 200)",0.0,0.07708333333333334,19871373.739583332,19254408.5
"(5, 320, np.float64(0.4), 210)",0.0,0.035416666666666666,17647097.883333333,17280740.0
"(5, 320, np.float64(0.5), 120)",0.0,0.4708333333333333,34379481.91041667,33896996.0
"(5, 320, np.float64(0.5), 130)",0.0,0.5770833333333333,37562955.47708333,36622795.5
"(5, 320, np.float64(0.5), 140)",0.0,0.6458333333333334,34913309.93125,34132031.5
"(5, 320, np.float64(0.5), 150)",0.0,0.70625,33002173.220833335,31712574.0
"(5, 320, np.float64(0.5), 160)",0.0,0.7583333333333333,27964472.44375,26989499.0
"(5, 320, np.float64(0.5), 170)",0.0,0.7875,25535698.1125,24748615.5
"(5, 320, np.float64(0.5), 180)",0.0,0.5854166666666667,23615067.095833335,22803364.5
"(5, 320, np.float64(0.5), 190)",0.0,0.22708333333333333,21838776.8,20892625.0
"(5, 320, np.float64(0.5), 200)",0.0,0.07708333333333334,20865086.983333334,20109926.5
"(5, 320, np.float64(0.5), 210)",0.0,0.035416666666666666,19165827.120833334,18960888.0
"(5, 320, np.float64(0.6), 120)",0.0,0.4666666666666667,36344404.69375,35841159.5
"(5, 320, np.float64(0.6), 130)",0.0,0.5791666666666667,37316322.135416664,36339173.5
"(5, 320, np.float64(0.6), 140)",0.0,0.6479166666666667,36795596.4625,35554789.0
"(5, 320, np.float64(0.6), 150)",0.0,0.7125,31091400.889583334,29615624.5
"(5, 320, np.float64(0.6), 160)",0.0,0.7625,27668969.283333335,26671563.0
"(5, 320, np.float64(0.6), 170)",0.0,0.7875,25317440.422916666,24664397.0
"(5, 320, np.float64(0.6), 180)",0.0,0.5875,23253692.9,22552208.0
"(5, 320, np.float64(0.6), 190)",0.0,0.22708333333333333,23460073.783333335,22702209.0
"(5, 320, np.float64(0.6), 200)",0.0,0.07708333333333334,19274052.422916666,18424262.5
"(5, 320, np.float64(0.6), 210)",0.0,0.035416666666666666,18248941.60625,17931523.0
"(5, 320, np.float64(0.7000000000000001), 120)",0.0,0.46875,33788307.37708333,33019356.0
"(5, 320, np.float64(0.7000000000000001), 130)",0.0,0.5833333333333334,37140350.73125,36159518.0
"(5, 320, np.float64(0.7000000000000001), 140)",0.0,0.6645833333333333,34985611.49583333,34361041.0
"(5, 320, np.float64(0.7000000000000001), 150)",0.0,0.7375,31935415.35,30843161.0
"(5, 320, np.float64(0.7000000000000001), 160)",0.0,0.7791666666666667,28170992.2,27388492.0
"(5, 320, np.float64(0.7000000000000001), 170)",0.0,0.79375,25048199.552083332,24410553.0
"(5, 320, np.float64(0.7000000000000001), 180)",0.0,0.5895833333333333,23467845.3875,22680400.5
"(5, 320, np.float64(0.7000000000000001), 190)",0.0,0.225,22880475.752083335,22173863.5
"(5, 320, np.float64(0.7000000000000001), 200)",0.0,0.075,20866136.566666666,20111908.5
"(5, 320, np.float64(0.7000000000000001), 210)",0.0,0.035416666666666666,17880295.329166666,17523898.0
"(5, 320, np.float64(0.8), 120)",0.0,0.475,35641467.145833336,34758540.5
"(5, 320, np.float64(0.8), 130)",0.0,0.59375,37001857.71458333,36087842.0
"(5, 320, np.float64(0.8), 140)",0.0,0.6791666666666667,35358627.266666666,34694970.0
"(5, 320, np.float64(0.8), 150)",0.0,0.7416666666666667,32654316.966666665,31847595.5
"(5, 320, np.float64(0.8), 160)",0.0,0.7916666666666666,27621500.091666665,26616894.0
"(5, 320, np.float64(0.8), 170)",0.0,0.7916666666666666,25155531.925,24304543.0
"(5, 320, np.float64(0.8), 180)",0.0,0.5875,23017671.210416667,22431577.0
"(5, 320, np.float64(0.8), 190)",0.0,0.22916666666666666,22714355.991666667,22063194.5
"(5, 320, np.float64(0.8), 200)",0.0,0.07916666666666666,19368256.689583335,18524494.0
"(5, 320, np.float64(0.8), 210)",0.0,0.035416666666666666,18216755.229166668,17869162.5
"(5, 320, np.float64(0.9), 120)",0.0,0.07916666666666666,34338521.32083333,33661020.5
"(5, 320, np.float64(0.9), 130)",0.0,0.13333333333333333,36127672.97708333,35058778.5
"(5, 320, np.float64(0.9), 140)",0.0,0.1875,34274637.53125,33441916.0
"(5, 320, np.float64(0.9), 150)",0.0,0.16666666666666666,31583953.941666666,30770116.5
"(5, 320, np.float64(0.9), 160)",0.0,0.17708333333333334,27201369.535416666,26159436.0
"(5, 320, np.float64(0.9), 170)",0.0,0.18541666666666667,24982069.552083332,24425336.5
"(5, 320, np.float64(0.9), 180)",0.0,0.0875,25034156.354166668,24352949.0
"(5, 320, np.float64(0.9), 190)",0.0,0.04583333333333333,22522749.360416666,21837010.0
"(5, 320, np.float64(0.9), 200)",0.0,0.010416666666666666,19690801.677083332,18977137.0
"(5, 320, np.float64(0.9), 210)",0.0,0.0020833333333333333,17940315.083333332,17533296.0
"(5, 330, np.float64(0.1), 120)",0.0,0.4708333333333333,35732602.1875,34885926.5
"(5, 330, np.float64(0.1), 130)",0.0,0.5791666666666667,39460228.175,38236614.0
"(5, 330, np.float64(0.1), 140)",0.0,0.6479166666666667,36605424.60625,35747813.5
"(5, 330, np.float64(0.1), 150)",0.0,0.7125,33237563.745833334,31747183.0
"(5, 330, np.float64(0.1), 160)",0.0,0.7645833333333333,28236868.954166666,26983767.5
"(5, 330, np.float64(0.1), 170)",0.0,0.7895833333333333,25573365.591666665,24834922.5
"(5, 330, np.float64(0.1), 180)",0.0,0.5875,25738890.575,24911434.0
"(5, 330, np.float64(0.1), 190)",0.0,0.22708333333333333,22003206.15,21052297.5
"(5, 330, np.float64(0.1), 200)",0.0,0.07708333333333334,19367166.583333332,18432735.5
"(5, 330, np.float64(0.1), 210)",0.0,0.035416666666666666,17600106.61875,17143390.5
"(5, 330, np.float64(0.2), 120)",0.0,0.4708333333333333,34978705.25625,34531179.0
"(5, 330, np.float64(0.2), 130)",0.0,0.5791666666666667,37276011.135416664,36391036.5
"(5, 330, np.float64(0.2), 140)",0.0,0.6479166666666667,36398852.91458333,35665146.0
"(5, 330, np.float64(0.2), 150)",0.0,0.7125,32757947.43125,31264483.5
"(5, 330, np.float64(0.2), 160)",0.0,0.7645833333333333,28780175.5375,27640941.0
"(5, 330, np.float64(0.2), 170)",0.0,0.7895833333333333,25500587.214583334,24526989.5
"(5, 330, np.float64(0.2), 180)",0.0,0.5875,25078152.2125,24344229.0
"(5, 330, np.float64(0.2), 190)",0.0,0.22708333333333333,21667986.48125,20703585.5
"(5, 330, np.float64(0.2), 200)",0.0,0.07708333333333334,19642730.9375,18741313.0
"(5, 330, np.float64(0.2), 210)",0.0,0.035416666666666666,18716213.03125,18440175.5
"(5, 330, np.float64(0.30000000000000004), 120)",0.0,0.4708333333333333,35351153.13333333,34848104.5
"(5, 330, np.float64(0.30000000000000004), 130)",0.0,0.5791666666666667,39034789.983333334,37891590.0
"(5, 330, np.float64(0.30000000000000004), 140)",0.0,0.6479166666666667,36081670.39791667,34786329.0
"(5, 330, np.float64(0.30000000000000004), 150)",0.0,0.7125,32870031.210416667,31371613.5
"(5, 330, np.float64(0.30000000000000004), 160)",0.0,0.7645833333333333,28419859.102083333,27201097.0
"(5, 330, np.float64(0.30000000000000004), 170)",0.0,0.7895833333333333,26281443.277083334,25342356.5
"(5, 330, np.float64(0.30000000000000004), 180)",0.0,0.5875,23420491.452083334,22577839.0
"(5, 330, np.float64(0.30000000000000004), 190)",0.0,0.22708333333333333,22863633.795833334,22040958.5
"(5, 330, np.float64(0.30000000000000004), 200)",0.0,0.07708333333333334,19320422.85,18393418.5
"(5, 330, np.float64(0.30000000000000004), 210)",0.0,0.035416666666666666,18058288.65625,17631768.0
"(5, 330, np.float64(0.4), 120)",0.0,0.4708333333333333,35194221.858333334,34261623.0
"(5, 330, np.float64(0.4), 130)",0.0,0.5791666666666667,36895210.135416664,35829113.0
"(5, 330, np.float64(0.4), 140)",0.0,0.6479166666666667,35417908.725,34400345.0
"(5, 330, np.float64(0.4), 150)",0.0,0.7125,32419233.05625,31130822.0
"(5, 330, np.float64(0.4), 160)",0.0,0.7645833333333333,28593542.247916665,27519915.0
"(5, 330, np.float64(0.4), 170)",0.0,0.7895833333333333,25875566.65625,25127431.5
"(5, 330, np.float64(0.4), 180)",0.0,0.5875,24508923.7375,23885938.0
"(5, 330, np.float64(0.4), 190)",0.0,0.22708333333333333,21844234.733333334,20920132.0
"(5, 330, np.float64(0.4), 200)",0.0,0.07708333333333334,19628122.5875,18922697.0
"(5, 330, np.float64(0.4), 210)",0.0,0.035416666666666666,19057329.422916666,18928079.5
"(5, 330, np.float64(0.5), 120)",0.0,0.4708333333333333,34980932.52916667,34204370.0
"(5, 330, np.float64(0.5), 130)",0.0,0.5770833333333333,37540999.64791667,36302871.5
"(5, 330, np.float64(0.5), 140)",0.0,0.6479166666666667,37234018.18125,36154252.0
"(5, 330, np.float64(0.5), 150)",0.0,0.7125,32283888.477083333,31294222.0
"(5, 330, np.float64(0.5), 160)",0.0,0.7645833333333333,28564189.947916668,27594785.5
"(5, 330, np.float64(0.5), 170)",0.0,0.7895833333333333,25314319.039583333,24379399.0
"(5, 330, np.float64(0.5), 180)",0.0,0.5875,23883780.379166666,23093893.5
"(5, 330, np.float64(0.5), 190)",0.0,0.22708333333333333,22924236.572916668,22167052.0
"(5, 330, np.float64(0.5), 200)",0.0,0.07708333333333334,19653251.122916665,18946869.0
"(5, 330, np.float64(0.5), 210)",0.0,0.035416666666666666,17695360.358333334,17334589.0
"(5, 330, np.float64(0.6), 120)",0.0,0.4666666666666667,34216552.891666666,33476638.0
"(5, 330, np.float64(0.6), 130)",0.0,0.5791666666666667,37056235.670833334,36158300.0
"(5, 330, np.float64(0.6), 140)",0.0,0.65,35719082.1375,34906200.5
"(5, 330, np.float64(0.6), 150)",0.0,0.71875,31920570.141666666,30980369.5
"(5, 330, np.float64(0.6), 160)",0.0,0.76875,27163733.583333332,26194217.0
"(5, 330, np.float64(0.6), 170)",0.0,0.7895833333333333,25888271.895833332,25379165.0
"(5, 330, np.float64(0.6), 180)",0.0,0.5895833333333333,24329657.36875,23813044.5
"(5, 330, np.float64(0.6), 190)",0.0,0.22708333333333333,21621609.96875,20723779.0
"(5, 330, np.float64(0.6), 200)",0.0,0.07708333333333334,21057713.864583332,20312584.0
"(5, 330, np.float64(0.6), 210)",0.0,0.035416666666666666,18040744.679166667,17635955.0
"(5, 330, np.float64(0.7000000000000001), 120)",0.0,0.46875,35602640.86666667,34833921.0
"(5, 330, np.float64(0.7000000000000001), 130)",0.0,0.5833333333333334,37535789.77916667,36211973.0
"(5, 330, np.float64(0.7000000000000001), 140)",0.0,0.6666666666666666,35611753.2375,35054940.0
"(5, 330, np.float64(0.7000000000000001), 150)",0.0,0.74375,32919956.602083333,32075953.0
"(5, 330, np.float64(0.7000000000000001), 160)",0.0,0.7854166666666667,26182484.9375,25070301.0
"(5, 330, np.float64(0.7000000000000001), 170)",0.0,0.7958333333333333,24596507.522916667,23798807.0
"(5, 330, np.float64(0.7000000000000001), 180)",0.0,0.5916666666666667,25053728.314583335,24360579.0
"(5, 330, np.float64(0.7000000000000001), 190)",0.0,0.225,22987357.65625,22226203.0
"(5, 330, np.float64(0.7000000000000001), 200)",0.0,0.075,19346003.960416667,18618010.5
"(5, 330, np.float64(0.7000000000000001), 210)",0.0,0.035416666666666666,18176700.364583332,17847059.0
"(5, 330, np.float64(0.8), 120)",0.0,0.475,34457892.3125,33671907.0
"(5, 330, np.float64(0.8), 130)",0.0,0.59375,36575121.25208333,35681040.0
"(5, 330, np.float64(0.8), 140)",0.0,0.68125,36183820.8375,35518360.0
"(5, 330, np.float64(0.8), 150)",0.0,0.7479166666666667,31309239.9625,30545102.5
"(5, 330, np.float64(0.8), 160)",0.0,0.7979166666666667,27768106.347916666,26838826.5
"(5, 330, np.float64(0.8), 170)",0.0,0.79375,23516459.939583335,22996212.5
"(5, 330, np.float64(0.8), 180)",0.0,0.5875,25229990.858333334,24632168.0
"(5, 330, np.float64(0.8), 190)",0.0,0.22916666666666666,22732678.427083332,21967952.0
"(5, 330, np.float64(0.8), 200)",0.0,0.07916666666666666,19637502.2125,18850250.0
"(5, 330, np.float64(0.8), 210)",0.0,0.035416666666666666,18155482.035416666,17773899.5
"(5, 330, np.float64(0.9), 120)",0.0,0.07916666666666666,33729555.49166667,33013146.0
"(5, 330, np.float64(0.9), 130)",0.0,0.13333333333333333,36701253.177083336,35720139.0
"(5, 330, np.float64(0.9), 140)",0.0,0.1875,35131905.8125,34382901.0
"(5, 330, np.float64(0.9), 150)",0.0,0.16666666666666666,32171226.63125,31231887.5
"(5, 330, np.float64(0.9), 160)",0.0,0.17708333333333334,27557255.01875,26432113.0
"(5, 330, np.float64(0.9), 170)",0.0,0.18541666666666667,24556970.895833332,23844928.0
"(5, 330, np.float64(0.9), 180)",0.0,0.0875,24877947.88125,24278340.0
"(5, 330, np.float64(0.9), 190)",0.0,0.04583333333333333,21552420.66875,20573774.0
"(5, 330, np.float64(0.9), 200)",0.0,0.010416666666666666,20707487.527083334,20057751.5
"(5, 330, np.float64(0.9), 210)",0.0,0.0020833333333333333,17786379.054166667,17344572.0
"(5, 340, np.float64(0.1), 120)",0.0,0.47291666666666665,35450928.635416664,34865450.5
"(5, 340, np.float64(0.1), 130)",0.0,0.58125,38708995.30416667,37506632.5
"(5, 340, np.float64(0.1), 140)",0.0,0.6520833333333333,37748115.72708333,36679909.0
"(5, 340, np.float64(0.1), 150)",0.0,0.7208333333333333,32501152.8375,30762100.0
"(5, 340, np.float64(0.1), 160)",0.0,0.7666666666666667,28604450.70625,27057518.0
"(5, 340, np.float64(0.1), 170)",0.0,0.7895833333333333,25850961.954166666,24893664.0
"(5, 340, np.float64(0.1), 180)",0.0,0.5916666666666667,23475841.629166666,22568926.5
"(5, 340, np.float64(0.1), 190)",0.0,0.22708333333333333,23282355.177083332,22429113.5
"(5, 340, np.float64(0.1), 200)",0.0,0.07708333333333334,19930329.61875,19136427.0
"(5, 340, np.float64(0.1), 210)",0.0,0.035416666666666666,17874333.847916666,17547447.5
"(5, 340, np.float64(0.2), 120)",0.0,0.47291666666666665,35007617.39375,34282238.5
"(5, 340, np.float64(0.2), 130)",0.0,0.58125,38050832.025,36782623.0
"(5, 340, np.float64(0.2), 140)",0.0,0.6520833333333333,36331039.885416664,35216353.0
"(5, 340, np.float64(0.2), 150)",0.0,0.7208333333333333,32994357.1,31635842.5
"(5, 340, np.float64(0.2), 160)",0.0,0.7666666666666667,28444292.135416668,27194072.0
"(5, 340, np.float64(0.2), 170)",0.0,0.7895833333333333,25833901.570833333,25043704.5
"(5, 340, np.float64(0.2), 180)",0.0,0.5916666666666667,23536173.683333334,22851815.0
"(5, 340, np.float64(0.2), 190)",0.0,0.22708333333333333,22433261.839583334,21549794.5
"(5, 340, np.float64(0.2), 200)",0.0,0.07708333333333334,19927622.175,18970190.0
"(5, 340, np.float64(0.2), 210)",0.0,0.035416666666666666,19113114.595833335,18929099.0
"(5, 340, np.float64(0.30000000000000004), 120)",0.0,0.47291666666666665,36889788.760416664,36369972.0
"(5, 340, np.float64(0.30000000000000004), 130)",0.0,0.58125,38491622.89791667,37263753.5
"(5, 340, np.float64(0.30000000000000004), 140)",0.0,0.6520833333333333,37351519.0125,36367732.0
"(5, 340, np.float64(0.30000000000000004), 150)",0.0,0.7208333333333333,31297909.410416666,29771463.5
"(5, 340, np.float64(0.30000000000000004), 160)",0.0,0.7666666666666667,27968977.329166666,26922994.5
"(5, 340, np.float64(0.30000000000000004), 170)",0.0,0.7895833333333333,25558266.1,24718115.5
"(5, 340, np.float64(0.30000000000000004), 180)",0.0,0.5916666666666667,25090895.147916667,24220227.0
"(5, 340, np.float64(0.30000000000000004), 190)",0.0,0.22708333333333333,21322459.71875,20520752.0
"(5, 340, np.float64(0.30000000000000004), 200)",0.0,0.07708333333333334,19830598.38125,18975423.0
"(5, 340, np.float64(0.30000000000000004), 210)",0.0,0.035416666666666666,17978931.152083334,17588124.5
"(5, 340, np.float64(0.4), 120)",0.0,0.47291666666666665,36484542.52916667,35827429.5
"(5, 340, np.float64(0.4), 130)",0.0,0.58125,37558872.95,36406852.0
"(5, 340, np.float64(0.4), 140)",0.0,0.6520833333333333,36004209.139583334,35232210.5
"(5, 340, np.float64(0.4), 150)",0.0,0.7208333333333333,30756142.364583332,29211476.5
"(5, 340, np.float64(0.4), 160)",0.0,0.7666666666666667,27775190.379166666,26733404.5
"(5, 340, np.float64(0.4), 170)",0.0,0.7895833333333333,25417664.475,24751049.0
"(5, 340, np.float64(0.4), 180)",0.0,0.5916666666666667,23315409.1875,22708555.0
"(5, 340, np.float64(0.4), 190)",0.0,0.22708333333333333,23057427.504166666,22139610.5
"(5, 340, np.float64(0.4), 200)",0.0,0.07708333333333334,21019292.83125,20444392.5
"(5, 340, np.float64(0.4), 210)",0.0,0.035416666666666666,18606549.675,18294324.5
"(5, 340, np.float64(0.5), 120)",0.0,0.47291666666666665,34844993.177083336,34179564.5
"(5, 340, np.float64(0.5), 130)",0.0,0.5791666666666667,38778970.62916667,37716859.0
"(5, 340, np.float64(0.5), 140)",0.0,0.6520833333333333,36887575.21458333,35853808.5
"(5, 340, np.float64(0.5), 150)",0.0,0.7208333333333333,31025913.429166667,29692975.5
"(5, 340, np.float64(0.5), 160)",0.0,0.7666666666666667,26308238.166666668,25151665.0
"(5, 340, np.float64(0.5), 170)",0.0,0.7895833333333333,25558013.652083334,24773177.5
"(5, 340, np.float64(0.5), 180)",0.0,0.5916666666666667,25213654.3375,24445034.0
"(5, 340, np.float64(0.5), 190)",0.0,0.22708333333333333,23069352.995833334,22185490.5
"(5, 340, np.float64(0.5), 200)",0.0,0.07708333333333334,19933690.914583333,19269133.0
"(5, 340, np.float64(0.5), 210)",0.0,0.035416666666666666,18130217.21875,17810360.0
"(5, 340, np.float64(0.6), 120)",0.0,0.46875,34637849.7625,34063627.5
"(5, 340, np.float64(0.6), 130)",0.0,0.58125,37402144.63125,36090382.5
"(5, 340, np.float64(0.6), 140)",0.0,0.6541666666666667,36922533.635416664,36392107.5
"(5, 340, np.float64(0.6), 150)",0.0,0.725,32695688.235416666,31612646.5
"(5, 340, np.float64(0.6), 160)",0.0,0.7708333333333334,26156956.4625,24934040.5
"(5, 340, np.float64(0.6), 170)",0.0,0.7895833333333333,25408787.83125,24739771.5
"(5, 340, np.float64(0.6), 180)",0.0,0.59375,24177833.0875,23444326.5
"(5, 340, np.float64(0.6), 190)",0.0,0.22708333333333333,21542218.841666665,20610983.0
"(5, 340, np.float64(0.6), 200)",0.0,0.07708333333333334,20812637.933333334,20165248.0
"(5, 340, np.float64(0.6), 210)",0.0,0.035416666666666666,19264042.095833335,18922491.0
"(5, 340, np.float64(0.7000000000000001), 120)",0.0,0.4708333333333333,34004885.90625,33428434.0
"(5, 340, np.float64(0.7000000000000001), 130)",0.0,0.5854166666666667,36927372.041666664,35838023.0
"(5, 340, np.float64(0.7000000000000001), 140)",0.0,0.6708333333333333,36800607.020833336,36250992.5
"(5, 340, np.float64(0.7000000000000001), 150)",0.0,0.75,31506956.183333334,30488365.5
"(5, 340, np.float64(0.7000000000000001), 160)",0.0,0.7854166666666667,27654459.247916665,26707622.0
"(5, 340, np.float64(0.7000000000000001), 170)",0.0,0.7958333333333333,25121363.258333333,24415491.5
"(5, 340, np.float64(0.7000000000000001), 180)",0.0,0.5958333333333333,23548997.327083334,22888850.5
"(5, 340, np.float64(0.7000000000000001), 190)",0.0,0.225,23083232.40625,22174568.5
"(5, 340, np.float64(0.7000000000000001), 200)",0.0,0.075,19759611.920833334,19085131.5
"(5, 340, np.float64(0.7000000000000001), 210)",0.0,0.035416666666666666,19150630.977083333,18828217.5
"(5, 340, np.float64(0.8), 120)",0.0,0.47708333333333336,35412932.61666667,34305850.0
"(5, 340, np.float64(0.8), 130)",0.0,0.5958333333333333,37133416.18958333,35835092.5
"(5, 340, np.float64(0.8), 140)",0.0,0.6854166666666667,36750513.76875,35739572.0
"(5, 340, np.float64(0.8), 150)",0.0,0.7541666666666667,32037820.129166666,31185424.0
"(5, 340, np.float64(0.8), 160)",0.0,0.7979166666666667,26298481.952083334,25390205.0
"(5, 340, np.float64(0.8), 170)",0.0,0.79375,25322686.34375,24871077.0
"(5, 340, np.float64(0.8), 180)",0.0,0.5916666666666667,24212276.879166666,23514032.5
"(5, 340, np.float64(0.8), 190)",0.0,0.22916666666666666,21200835.372916665,20455830.0
"(5, 340, np.float64(0.8), 200)",0.0,0.07916666666666666,19420444.254166666,19005558.0
"(5, 340, np.float64(0.8), 210)",0.0,0.035416666666666666,19372929.114583332,19044214.5
"(5, 340, np.float64(0.9), 120)",0.0,0.08125,35292842.266666666,34700261.5
"(5, 340, np.float64(0.9), 130)",0.0,0.13333333333333333,36313509.177083336,35282111.0
"(5, 340, np.float64(0.9), 140)",0.0,0.1875,34980309.81458333,33986929.0
"(5, 340, np.float64(0.9), 150)",0.0,0.16666666666666666,31200340.622916665,30430305.5
"(5, 340, np.float64(0.9), 160)",0.0,0.17708333333333334,27399468.3875,26416159.0
"(5, 340, np.float64(0.9), 170)",0.0,0.18541666666666667,23408375.36875,22612676.0
"(5, 340, np.float64(0.9), 180)",0.0,0.0875,24565847.2125,23880858.5
"(5, 340, np.float64(0.9), 190)",0.0,0.04583333333333333,22618658.558333334,21938086.0
"(5, 340, np.float64(0.9), 200)",0.0,0.010416666666666666,20978236.395833332,20315766.5
"(5, 340, np.float64(0.9), 210)",0.0,0.0020833333333333333,18093716.872916665,17844464.0
"(5, 350, np.float64(0.1), 120)",0.0,0.47291666666666665,35485163.66875,34491628.0
"(5, 350, np.float64(0.1), 130)",0.0,0.5854166666666667,39758215.80416667,38615406.5
"(5, 350, np.float64(0.1), 140)",0.0,0.6541666666666667,36602607.95625,35490064.5
"(5, 350, np.float64(0.1), 150)",0.0,0.7208333333333333,33057058.622916665,31465901.0
"(5, 350, np.float64(0.1), 160)",0.0,0.7666666666666667,28290387.810416665,26857512.5
"(5, 350, np.float64(0.1), 170)",0.0,0.7958333333333333,26005993.11875,25059901.5
"(5, 350, np.float64(0.1), 180)",0.0,0.5916666666666667,24657011.08125,23761816.0
"(5, 350, np.float64(0.1), 190)",0.0,0.22708333333333333,23121210.847916666,22229954.0
"(5, 350, np.float64(0.1), 200)",0.0,0.07708333333333334,19692200.945833333,18742292.5
"(5, 350, np.float64(0.1), 210)",0.0,0.035416666666666666,17489801.839583334,17020289.5
"(5, 350, np.float64(0.2), 120)",0.0,0.47291666666666665,34934881.25,34297030.0
"(5, 350, np.float64(0.2), 130)",0.0,0.5854166666666667,38011260.697916664,36854550.5
"(5, 350, np.float64(0.2), 140)",0.0,0.6541666666666667,36804567.9875,36121724.0
"(5, 350, np.float64(0.2), 150)",0.0,0.7208333333333333,33051807.070833333,31879710.5
"(5, 350, np.float64(0.2), 160)",0.0,0.7666666666666667,28159171.125,26894811.0
"(5, 350, np.float64(0.2), 170)",0.0,0.7958333333333333,25574776.85,24644775.5
"(5, 350, np.float64(0.2), 180)",0.0,0.5916666666666667,23583304.63125,22655240.0
"(5, 350, np.float64(0.2), 190)",0.0,0.22708333333333333,22881236.20625,22097760.5
"(5, 350, np.float64(0.2), 200)",0.0,0.07708333333333334,19698220.6,18900369.0
"(5, 350, np.float64(0.2), 210)",0.0,0.035416666666666666,18958348.320833333,18601806.0
"(5, 350, np.float64(0.30000000000000004), 120)",0.0,0.47291666666666665,34895191.8375,34067775.0
"(5, 350, np.float64(0.30000000000000004), 130)",0.0,0.5854166666666667,39099984.71458333,38228711.0
"(5, 350, np.float64(0.30000000000000004), 140)",0.0,0.6541666666666667,36164123.75833333,35046967.0
"(5, 350, np.float64(0.30000000000000004), 150)",0.0,0.7208333333333333,32686032.641666666,31322422.0
"(5, 350, np.float64(0.30000000000000004), 160)",0.0,0.7666666666666667,28167187.60625,26964587.5
"(5, 350, np.float64(0.30000000000000004), 170)",0.0,0.7958333333333333,25540941.485416666,24618490.0
"(5, 350, np.float64(0.30000000000000004), 180)",0.0,0.5916666666666667,23405506.447916668,22543746.5
"(5, 350, np.float64(0.30000000000000004), 190)",0.0,0.22708333333333333,23263694.01875,22309925.5
"(5, 350, np.float64(0.30000000000000004), 200)",0.0,0.07708333333333334,19594689.689583335,18800116.0
"(5, 350, np.float64(0.30000000000000004), 210)",0.0,0.035416666666666666,18625561.672916666,18435466.5
"(5, 350, np.float64(0.4), 120)",0.0,0.47291666666666665,35602028.84791667,34917735.5
"(5, 350, np.float64(0.4), 130)",0.0,0.5854166666666667,37546692.2875,36443065.5
"(5, 350, np.float64(0.4), 140)",0.0,0.6541666666666667,35303844.385416664,34526669.5
"(5, 350, np.float64(0.4), 150)",0.0,0.7208333333333333,32457846.516666666,31363075.0
"(5, 350, np.float64(0.4), 160)",0.0,0.7666666666666667,28223987.822916668,27108089.0
"(5, 350, np.float64(0.4), 170)",0.0,0.7958333333333333,25474899.089583334,24553926.5
"(5, 350, np.float64(0.4), 180)",0.0,0.5916666666666667,23479454.220833335,22598044.0
"(5, 350, np.float64(0.4), 190)",0.0,0.22708333333333333,22795377.083333332,21972862.0
"(5, 350, np.float64(0.4), 200)",0.0,0.07708333333333334,19860003.954166666,19009982.0
"(5, 350, np.float64(0.4), 210)",0.0,0.035416666666666666,19141730.4375,18783370.5
"(5, 350, np.float64(0.5), 120)",0.0,0.47291666666666665,36208537.52708333,35687572.0
"(5, 350, np.float64(0.5), 130)",0.0,0.5833333333333334,37502915.63333333,36416493.5
"(5, 350, np.float64(0.5), 140)",0.0,0.6541666666666667,36871655.864583336,35909118.5
"(5, 350, np.float64(0.5), 150)",0.0,0.7208333333333333,30888544.902083334,29701440.5
"(5, 350, np.float64(0.5), 160)",0.0,0.7666666666666667,28080455.397916667,26945507.0
"(5, 350, np.float64(0.5), 170)",0.0,0.7958333333333333,25480813.029166665,24562132.5
"(5, 350, np.float64(0.5), 180)",0.0,0.5916666666666667,24847206.685416665,24241224.0
"(5, 350, np.float64(0.5), 190)",0.0,0.22708333333333333,22436137.629166666,21634462.5
"(5, 350, np.float64(0.5), 200)",0.0,0.07708333333333334,19253267.977083333,18459528.0
"(5, 350, np.float64(0.5), 210)",0.0,0.035416666666666666,17909283.76875,17623058.5
"(5, 350, np.float64(0.6), 120)",0.0,0.46875,34191523.88333333,33361892.0
"(5, 350, np.float64(0.6), 130)",0.0,0.5854166666666667,37244542.735416666,36194862.0
"(5, 350, np.float64(0.6), 140)",0.0,0.65625,36867203.733333334,36200208.0
"(5, 350, np.float64(0.6), 150)",0.0,0.725,32482815.814583335,31335158.5
"(5, 350, np.float64(0.6), 160)",0.0,0.7708333333333334,27288504.31875,26277514.5
"(5, 350, np.float64(0.6), 170)",0.0,0.7958333333333333,25690771.8125,25147961.0
"(5, 350, np.float64(0.6), 180)",0.0,0.59375,23235155.925,22416035.5
"(5, 350, np.float64(0.6), 190)",0.0,0.22708333333333333,22940527.89375,22110095.5
"(5, 350, np.float64(0.6), 200)",0.0,0.07708333333333334,19474383.116666667,18663477.0
"(5, 350, np.float64(0.6), 210)",0.0,0.035416666666666666,19151914.35,18902158.5
"(5, 350, np.float64(0.7000000000000001), 120)",0.0,0.4708333333333333,33681999.047916666,32821128.0
"(5, 350, np.float64(0.7000000000000001), 130)",0.0,0.5895833333333333,38590032.53333333,37661763.5
"(5, 350, np.float64(0.7000000000000001), 140)",0.0,0.6729166666666667,36398268.74791667,35457764.0
"(5, 350, np.float64(0.7000000000000001), 150)",0.0,0.75,31533664.870833334,30534553.5
"(5, 350, np.float64(0.7000000000000001), 160)",0.0,0.7854166666666667,26126058.50625,25272973.5
"(5, 350, np.float64(0.7000000000000001), 170)",0.0,0.8020833333333334,25334730.083333332,24659309.5
"(5, 350, np.float64(0.7000000000000001), 180)",0.0,0.5958333333333333,23061261.9,22350975.0
"(5, 350, np.float64(0.7000000000000001), 190)",0.0,0.225,22768979.60625,21987420.5
"(5, 350, np.float64(0.7000000000000001), 200)",0.0,0.075,19667096.197916668,18957807.0
"(5, 350, np.float64(0.7000000000000001), 210)",0.0,0.035416666666666666,19273614.170833334,18974555.0
"(5, 350, np.float64(0.8), 120)",0.0,0.47708333333333336,34055916.74791667,33455160.5
"(5, 350, np.float64(0.8), 130)",0.0,0.6,38211783.71875,37128840.5
"(5, 350, np.float64(0.8), 140)",0.0,0.6875,35074732.06041667,34365887.0
"(5, 350, np.float64(0.8), 150)",0.0,0.7541666666666667,31866462.4125,31065128.0
"(5, 350, np.float64(0.8), 160)",0.0,0.7979166666666667,25774763.314583335,24732341.0
"(5, 350, np.float64(0.8), 170)",0.0,0.7958333333333333,25138416.495833334,24448139.5
"(5, 350, np.float64(0.8), 180)",0.0,0.5916666666666667,24181790.158333335,23492245.5
"(5, 350, np.float64(0.8), 190)",0.0,0.22916666666666666,20843331.75,20207013.0
"(5, 350, np.float64(0.8), 200)",0.0,0.07916666666666666,20784331.008333333,20193801.0
"(5, 350, np.float64(0.8), 210)",0.0,0.035416666666666666,19323457.2875,18890857.0
"(5, 350, np.float64(0.9), 120)",0.0,0.08125,33337939.747916665,32245422.5
"(5, 350, np.float64(0.9), 130)",0.0,0.13333333333333333,38041079.797916666,36942046.5
"(5, 350, np.float64(0.9), 140)",0.0,0.1875,34418612.733333334,33784783.5
"(5, 350, np.float64(0.9), 150)",0.0,0.16666666666666666,31166735.46875,30225714.0
"(5, 350, np.float64(0.9), 160)",0.0,0.17708333333333334,27560736.845833335,26605374.5
"(5, 350, np.float64(0.9), 170)",0.0,0.18541666666666667,24850275.927083332,24275805.5
"(5, 350, np.float64(0.9), 180)",0.0,0.0875,24688624.485416666,24002867.5
"(5, 350, np.float64(0.9), 190)",0.0,0.04583333333333333,21315730.152083334,20470124.5
"(5, 350, np.float64(0.9), 200)",0.0,0.010416666666666666,19628156.120833334,18875837.5
"(5, 350, np.float64(0.9), 210)",0.0,0.0020833333333333333,19165894.514583334,18754579.0
"(5, 360, np.float64(0.1), 120)",0.0,0.4791666666666667,35763451.15416667,35158658.0
"(5, 360, np.float64(0.1), 130)",0.0,0.5875,38286773.239583336,37368115.5
"(5, 360, np.float64(0.1), 140)",0.0,0.6541666666666667,37558209.94583333,36527173.0
"(5, 360, np.float64(0.1), 150)",0.0,0.7208333333333333,33064481.383333333,31684414.0
"(5, 360, np.float64(0.1), 160)",0.0,0.76875,28311257.241666667,26822532.5
"(5, 360, np.float64(0.1), 170)",0.0,0.8020833333333334,26021079.258333333,25231402.0
"(5, 360, np.float64(0.1), 180)",0.0,0.59375,23217638.127083335,22244391.0
"(5, 360, np.float64(0.1), 190)",0.0,0.22708333333333333,22528126.44375,21625019.0
"(5, 360, np.float64(0.1), 200)",0.0,0.07708333333333334,19317706.566666666,18480157.5
"(5, 360, np.float64(0.1), 210)",0.0,0.035416666666666666,19203541.641666666,18651332.0
"(5, 360, np.float64(0.2), 120)",0.0,0.4791666666666667,34811644.291666664,34224313.5
"(5, 360, np.float64(0.2), 130)",0.0,0.5875,37107282.510416664,35998115.0
"(5, 360, np.float64(0.2), 140)",0.0,0.6541666666666667,37287390.46666667,36273081.5
"(5, 360, np.float64(0.2), 150)",0.0,0.7208333333333333,32770765.147916667,31255560.0
"(5, 360, np.float64(0.2), 160)",0.0,0.76875,28340213.233333334,27112054.5
"(5, 360, np.float64(0.2), 170)",0.0,0.8020833333333334,25591271.966666665,24878651.5
"(5, 360, np.float64(0.2), 180)",0.0,0.59375,25093549.535416666,24400097.0
"(5, 360, np.float64(0.2), 190)",0.0,0.22708333333333333,21793510.910416666,20812176.0
"(5, 360, np.float64(0.2), 200)",0.0,0.07708333333333334,20863887.670833334,20146362.0
"(5, 360, np.float64(0.2), 210)",0.0,0.035416666666666666,17924706.310416665,17581523.0
"(5, 360, np.float64(0.30000000000000004), 120)",0.0,0.4791666666666667,35290276.95,34909290.0
"(5, 360, np.float64(0.30000000000000004), 130)",0.0,0.5875,39072877.00416667,38297737.5
"(5, 360, np.float64(0.30000000000000004), 140)",0.0,0.6541666666666667,37723277.7125,36390456.0
"(5, 360, np.float64(0.30000000000000004), 150)",0.0,0.7208333333333333,31470252.31875,29874323.5
"(5, 360, np.float64(0.30000000000000004), 160)",0.0,0.76875,28021133.960416667,27000921.5
"(5, 360, np.float64(0.30000000000000004), 170)",0.0,0.8020833333333334,25629124.139583334,24965545.0
"(5, 360, np.float64(0.30000000000000004), 180)",0.0,0.59375,23274776.2625,22526822.5
"(5, 360, np.float64(0.30000000000000004), 190)",0.0,0.22708333333333333,22937557.61875,22102730.5
"(5, 360, np.float64(0.30000000000000004), 200)",0.0,0.07708333333333334,19073769.927083332,18186371.5
"(5, 360, np.float64(0.30000000000000004), 210)",0.0,0.035416666666666666,19147059.664583333,19091299.0
"(5, 360, np.float64(0.4), 120)",0.0,0.4791666666666667,34149281.427083336,33861239.5
"(5, 360, np.float64(0.4), 130)",0.0,0.5875,37025376.422916666,35890400.5
"(5, 360, np.float64(0.4), 140)",0.0,0.6541666666666667,36794028.64375,36131107.0
"(5, 360, np.float64(0.4), 150)",0.0,0.7208333333333333,32504834.877083335,31119000.0
"(5, 360, np.float64(0.4), 160)",0.0,0.76875,28029489.24375,27157262.5
"(5, 360, np.float64(0.4), 170)",0.0,0.8020833333333334,25265108.683333334,24628948.0
"(5, 360, np.float64(0.4), 180)",0.0,0.59375,23770500.033333335,23061121.5
"(5, 360, np.float64(0.4), 190)",0.0,0.22708333333333333,21582333.895833332,20541738.0
"(5, 360, np.float64(0.4), 200)",0.0,0.07708333333333334,21044156.783333335,20477172.0
"(5, 360, np.float64(0.4), 210)",0.0,0.035416666666666666,19133523.104166668,18753460.5
"(5, 360, np.float64(0.5), 120)",0.0,0.4791666666666667,36046111.71041667,35464418.5
"(5, 360, np.float64(0.5), 130)",0.0,0.5854166666666667,37533680.204166666,36729474.0
"(5, 360, np.float64(0.5), 140)",0.0,0.6541666666666667,35732551.34583333,34662164.5
"(5, 360, np.float64(0.5), 150)",0.0,0.7208333333333333,32556637.847916666,31234866.0
"(5, 360, np.float64(0.5), 160)",0.0,0.76875,28061497.872916665,26731415.5
"(5, 360, np.float64(0.5), 170)",0.0,0.8020833333333334,25810239.483333334,25178359.5
"(5, 360, np.float64(0.5), 180)",0.0,0.59375,25046296.377083335,24470805.5
"(5, 360, np.float64(0.5), 190)",0.0,0.22708333333333333,21005672.45625,19964421.0
"(5, 360, np.float64(0.5), 200)",0.0,0.07708333333333334,20487416.158333335,19780505.0
"(5, 360, np.float64(0.5), 210)",0.0,0.035416666666666666,17494104.889583334,17059873.0
"(5, 360, np.float64(0.6), 120)",0.0,0.475,33766294.03125,33028796.0
"(5, 360, np.float64(0.6), 130)",0.0,0.5875,36682336.63333333,35455540.5
"(5, 360, np.float64(0.6), 140)",0.0,0.65625,36816385.62083333,36054757.5
"(5, 360, np.float64(0.6), 150)",0.0,0.725,32472603.047916666,31169616.0
"(5, 360, np.float64(0.6), 160)",0.0,0.7729166666666667,27872993.916666668,26818104.5
"(5, 360, np.float64(0.6), 170)",0.0,0.8020833333333334,25415235.085416667,24655111.0
"(5, 360, np.float64(0.6), 180)",0.0,0.5958333333333333,24780941.989583332,24030623.5
"(5, 360, np.float64(0.6), 190)",0.0,0.22708333333333333,22710415.73125,22109771.5
"(5, 360, np.float64(0.6), 200)",0.0,0.07708333333333334,19755863.754166666,18827824.0
"(5, 360, np.float64(0.6), 210)",0.0,0.035416666666666666,17987631.266666666,17497752.5
"(5, 360, np.float64(0.7000000000000001), 120)",0.0,0.47708333333333336,34656695.875,34101859.0
"(5, 360, np.float64(0.7000000000000001), 130)",0.0,0.5916666666666667,37038038.86666667,35759679.5
"(5, 360, np.float64(0.7000000000000001), 140)",0.0,0.6729166666666667,36705571.97708333,35796875.0
"(5, 360, np.float64(0.7000000000000001), 150)",0.0,0.75,32272725.839583334,30751799.0
"(5, 360, np.float64(0.7000000000000001), 160)",0.0,0.7875,27600764.620833334,26615493.5
"(5, 360, np.float64(0.7000000000000001), 170)",0.0,0.8083333333333333,25309123.633333333,24487550.0
"(5, 360, np.float64(0.7000000000000001), 180)",0.0,0.5979166666666667,22717998.935416665,22023811.0
"(5, 360, np.float64(0.7000000000000001), 190)",0.0,0.225,23054343.672916666,22200355.0
"(5, 360, np.float64(0.7000000000000001), 200)",0.0,0.075,19188379.477083333,18322953.0
"(5, 360, np.float64(0.7000000000000001), 210)",0.0,0.035416666666666666,18701797.222916666,18445282.0
"(5, 360, np.float64(0.8), 120)",0.0,0.48333333333333334,33549694.170833334,33067385.5
"(5, 360, np.float64(0.8), 130)",0.0,0.6020833333333333,36286990.95625,34958422.0
"(5, 360, np.float64(0.8), 140)",0.0,0.6875,36450441.3875,35624332.5
"(5, 360, np.float64(0.8), 150)",0.0,0.7541666666666667,31695672.1375,31234608.0
"(5, 360, np.float64(0.8), 160)",0.0,0.8,27808569.90625,26889196.0
"(5, 360, np.float64(0.8), 170)",0.0,0.8020833333333334,25084389.789583333,24353662.0
"(5, 360, np.float64(0.8), 180)",0.0,0.59375,24924559.814583335,24175653.5
"(5, 360, np.float64(0.8), 190)",0.0,0.22916666666666666,21708833.429166667,20958864.5
"(5, 360, np.float64(0.8), 200)",0.0,0.07916666666666666,20885708.022916667,20298146.0
"(5, 360, np.float64(0.8), 210)",0.0,0.035416666666666666,18013170.672916666,17548600.0
"(5, 360, np.float64(0.9), 120)",0.0,0.08125,35398483.30833333,34585675.5
"(5, 360, np.float64(0.9), 130)",0.0,0.13541666666666666,36538153.110416666,35401355.0
"(5, 360, np.float64(0.9), 140)",0.0,0.1875,34943014.760416664,34161142.5
"(5, 360, np.float64(0.9), 150)",0.0,0.16666666666666666,32104600.460416667,31292599.0
"(5, 360, np.float64(0.9), 160)",0.0,0.17708333333333334,27479761.30625,26504246.0
"(5, 360, np.float64(0.9), 170)",0.0,0.18541666666666667,25288549.172916666,24543383.0
"(5, 360, np.float64(0.9), 180)",0.0,0.0875,22490971.760416668,21891273.5
"(5, 360, np.float64(0.9), 190)",0.0,0.04583333333333333,22780445.608333334,22226884.0
"(5, 360, np.float64(0.9), 200)",0.0,0.010416666666666666,19154884.722916666,18361516.5
"(5, 360, np.float64(0.9), 210)",0.0,0.0020833333333333333,19292638.816666666,19144597.5
"(5, 370, np.float64(0.1), 120)",0.0,0.48125,34889431.46458333,34115750.0
"(5, 370, np.float64(0.1), 130)",0.0,0.5875,37818072.041666664,36747982.5
"(5, 370, np.float64(0.1), 140)",0.0,0.6541666666666667,37460281.9125,36493179.5
"(5, 370, np.float64(0.1), 150)",0.0,0.7229166666666667,33099859.102083333,31777145.0
"(5, 370, np.float64(0.1), 160)",0.0,0.7708333333333334,28562523.2875,27132278.0
"(5, 370, np.float64(0.1), 170)",0.0,0.8041666666666667,25710528.654166665,24747619.5
"(5, 370, np.float64(0.1), 180)",0.0,0.59375,25372749.497916665,24526382.0
"(5, 370, np.float64(0.1), 190)",0.0,0.22708333333333333,22912696.214583334,21943929.0
"(5, 370, np.float64(0.1), 200)",0.0,0.07708333333333334,19875764.664583333,19159608.0
"(5, 370, np.float64(0.1), 210)",0.0,0.035416666666666666,17980993.64375,17585699.0
"(5, 370, np.float64(0.2), 120)",0.0,0.48125,35432211.00416667,35022883.0
"(5, 370, np.float64(0.2), 130)",0.0,0.5875,38061150.05625,37208326.5
"(5, 370, np.float64(0.2), 140)",0.0,0.6541666666666667,38039985.2625,37033505.0
"(5, 370, np.float64(0.2), 150)",0.0,0.7229166666666667,32817076.675,31224383.0
"(5, 370, np.float64(0.2), 160)",0.0,0.7708333333333334,28059209.13125,26733296.5
"(5, 370, np.float64(0.2), 170)",0.0,0.8041666666666667,25784840.866666667,25133578.0
"(5, 370, np.float64(0.2), 180)",0.0,0.59375,22993620.158333335,22222208.0
"(5, 370, np.float64(0.2), 190)",0.0,0.22708333333333333,23134767.270833332,22432358.5
"(5, 370, np.float64(0.2), 200)",0.0,0.07708333333333334,19373269.49375,18438027.5
"(5, 370, np.float64(0.2), 210)",0.0,0.035416666666666666,18779341.439583335,18621314.0
"(5, 370, np.float64(0.30000000000000004), 120)",0.0,0.48125,34466904.76875,34022531.5
"(5, 370, np.float64(0.30000000000000004), 130)",0.0,0.5875,38767866.78958333,37649913.0
"(5, 370, np.float64(0.30000000000000004), 140)",0.0,0.6541666666666667,35404243.225,34366555.0
"(5, 370, np.float64(0.30000000000000004), 150)",0.0,0.7229166666666667,32713606.84375,31056676.5
"(5, 370, np.float64(0.30000000000000004), 160)",0.0,0.7708333333333334,28361984.083333332,27153958.0
"(5, 370, np.float64(0.30000000000000004), 170)",0.0,0.8041666666666667,25364078.864583332,24343548.0
"(5, 370, np.float64(0.30000000000000004), 180)",0.0,0.59375,23664205.397916667,22845579.0
"(5, 370, np.float64(0.30000000000000004), 190)",0.0,0.22708333333333333,23189641.402083334,22396356.0
"(5, 370, np.float64(0.30000000000000004), 200)",0.0,0.07708333333333334,19900813.777083334,19080683.0
"(5, 370, np.float64(0.30000000000000004), 210)",0.0,0.035416666666666666,19543725.691666666,19342754.0
"(5, 370, np.float64(0.4), 120)",0.0,0.48125,36213667.07083333,35515957.0
"(5, 370, np.float64(0.4), 130)",0.0,0.5875,39145505.1875,38181077.0
"(5, 370, np.float64(0.4), 140)",0.0,0.6541666666666667,35859305.89375,35126108.0
"(5, 370, np.float64(0.4), 150)",0.0,0.7229166666666667,33103098.745833334,31662863.5
"(5, 370, np.float64(0.4), 160)",0.0,0.7708333333333334,26777009.189583335,25486798.5
"(5, 370, np.float64(0.4), 170)",0.0,0.8041666666666667,25791672.441666666,25107517.0
"(5, 370, np.float64(0.4), 180)",0.0,0.59375,24995520.104166668,24164205.0
"(5, 370, np.float64(0.4), 190)",0.0,0.22708333333333333,20957025.002083335,20160787.0
"(5, 370, np.float64(0.4), 200)",0.0,0.07708333333333334,19285149.658333335,18459258.0
"(5, 370, np.float64(0.4), 210)",0.0,0.035416666666666666,18626079.68125,18303680.5
"(5, 370, np.float64(0.5), 120)",0.0,0.48125,34031917.54375,33553880.0
"(5, 370, np.float64(0.5), 130)",0.0,0.5854166666666667,36702459.302083336,35373428.0
"(5, 370, np.float64(0.5), 140)",0.0,0.6541666666666667,37145498.775,36218233.5
"(5, 370, np.float64(0.5), 150)",0.0,0.7229166666666667,31033120.99375,29927559.0
"(5, 370, np.float64(0.5), 160)",0.0,0.7708333333333334,27338457.414583333,26234417.5
"(5, 370, np.float64(0.5), 170)",0.0,0.8041666666666667,25368622.145833332,24596232.0
"(5, 370, np.float64(0.5), 180)",0.0,0.59375,25354631.6875,24659583.5
"(5, 370, np.float64(0.5), 190)",0.0,0.22708333333333333,22742644.11875,21868651.5
"(5, 370, np.float64(0.5), 200)",0.0,0.07708333333333334,19837017.34375,19115628.5
"(5, 370, np.float64(0.5), 210)",0.0,0.035416666666666666,19065120.76875,18648413.0
"(5, 370, np.float64(0.6), 120)",0.0,0.47708333333333336,35784691.952083334,35094807.5
"(5, 370, np.float64(0.6), 130)",0.0,0.5875,37267601.36666667,36330993.0
"(5, 370, np.float64(0.6), 140)",0.0,0.65625,36253684.63333333,35521323.5
"(5, 370, np.float64(0.6), 150)",0.0,0.7270833333333333,32141547.545833334,31226867.0
"(5, 370, np.float64(0.6), 160)",0.0,0.775,27802277.727083333,26609832.5
"(5, 370, np.float64(0.6), 170)",0.0,0.8041666666666667,24055732.758333333,23356647.0
"(5, 370, np.float64(0.6), 180)",0.0,0.5958333333333333,25352116.09375,24592279.0
"(5, 370, np.float64(0.6), 190)",0.0,0.22708333333333333,20772460.697916668,19897681.5
"(5, 370, np.float64(0.6), 200)",0.0,0.07708333333333334,19260907.629166666,18536209.0
"(5, 370, np.float64(0.6), 210)",0.0,0.035416666666666666,19428379.145833332,18954952.5
"(5, 370, np.float64(0.7000000000000001), 120)",0.0,0.4791666666666667,33592920.48125,32858166.0
"(5, 370, np.float64(0.7000000000000001), 130)",0.0,0.5916666666666667,36938569.54375,35930187.5
"(5, 370, np.float64(0.7000000000000001), 140)",0.0,0.6729166666666667,34682506.920833334,33684170.0
"(5, 370, np.float64(0.7000000000000001), 150)",0.0,0.75,32302556.25,31348688.5
"(5, 370, np.float64(0.7000000000000001), 160)",0.0,0.7895833333333333,27960241.697916668,26881128.0
"(5, 370, np.float64(0.7000000000000001), 170)",0.0,0.8104166666666667,25196975.502083335,24412242.5
"(5, 370, np.float64(0.7000000000000001), 180)",0.0,0.5979166666666667,24683840.204166666,23932907.0
"(5, 370, np.float64(0.7000000000000001), 190)",0.0,0.225,22920739.497916665,22148765.5
"(5, 370, np.float64(0.7000000000000001), 200)",0.0,0.075,20342888.527083334,19664557.5
"(5, 370, np.float64(0.7000000000000001), 210)",0.0,0.035416666666666666,18000890.385416668,17689414.5
"(5, 370, np.float64(0.8), 120)",0.0,0.48333333333333334,34501555.322916664,34032235.5
"(5, 370, np.float64(0.8), 130)",0.0,0.6020833333333333,38301846.333333336,37337518.5
"(5, 370, np.float64(0.8), 140)",0.0,0.6875,36970740.989583336,36054254.0
"(5, 370, np.float64(0.8), 150)",0.0,0.7541666666666667,31401238.01875,30524867.0
"(5, 370, np.float64(0.8), 160)",0.0,0.8020833333333334,25595003.554166667,24724718.5
"(5, 370, np.float64(0.8), 170)",0.0,0.8041666666666667,25246577.070833333,24571340.0
"(5, 370, np.float64(0.8), 180)",0.0,0.59375,24844748.497916665,24335052.0
"(5, 370, np.float64(0.8), 190)",0.0,0.22916666666666666,23030620.127083335,22383490.5
"(5, 370, np.float64(0.8), 200)",0.0,0.07916666666666666,19265392.61875,18402190.0
"(5, 370, np.float64(0.8), 210)",0.0,0.035416666666666666,17824648.452083334,17504276.0
"(5, 370, np.float64(0.9), 120)",0.0,0.08125,33575566.34166667,32964310.0
"(5, 370, np.float64(0.9), 130)",0.0,0.13541666666666666,36501830.172916666,35520864.0
"(5, 370, np.float64(0.9), 140)",0.0,0.1875,36277974.43333333,35431712.0
"(5, 370, np.float64(0.9), 150)",0.0,0.16666666666666666,32087229.7125,31105672.5
"(5, 370, np.float64(0.9), 160)",0.0,0.17708333333333334,25272135.089583334,24089963.0
"(5, 370, np.float64(0.9), 170)",0.0,0.18541666666666667,24786455.425,24024929.0
"(5, 370, np.float64(0.9), 180)",0.0,0.0875,23997670.075,23501099.5
"(5, 370, np.float64(0.9), 190)",0.0,0.04583333333333333,21553910.364583332,21067301.0
"(5, 370, np.float64(0.9), 200)",0.0,0.010416666666666666,19306807.03125,18542309.5
"(5, 370, np.float64(0.9), 210)",0.0,0.0020833333333333333,19295356.304166667,19073049.5
"(5, 380, np.float64(0.1), 120)",0.0,0.48125,36935594.53958333,36059387.0
"(5, 380, np.float64(0.1), 130)",0.0,0.5875,37518576.11875,36483212.0
"(5, 380, np.float64(0.1), 140)",0.0,0.65625,36576288.61875,35618021.0
"(5, 380, np.float64(0.1), 150)",0.0,0.7291666666666666,32613468.175,31175368.0
"(5, 380, np.float64(0.1), 160)",0.0,0.7708333333333334,29078761.558333334,27514395.5
"(5, 380, np.float64(0.1), 170)",0.0,0.8104166666666667,25709585.89375,24707314.0
"(5, 380, np.float64(0.1), 180)",0.0,0.59375,23390367.91875,22623566.0
"(5, 380, np.float64(0.1), 190)",0.0,0.22708333333333333,23226657.645833332,22091299.0
"(5, 380, np.float64(0.1), 200)",0.0,0.07708333333333334,19649578.222916666,18875874.5
"(5, 380, np.float64(0.1), 210)",0.0,0.035416666666666666,19316921.39375,19077933.5
"(5, 380, np.float64(0.2), 120)",0.0,0.48125,35481780.702083334,35061036.0
"(5, 380, np.float64(0.2), 130)",0.0,0.5875,37416562.4,36557656.0
"(5, 380, np.float64(0.2), 140)",0.0,0.65625,37633563.72708333,36311503.0
"(5, 380, np.float64(0.2), 150)",0.0,0.7291666666666666,32970531.602083333,31812577.0
"(5, 380, np.float64(0.2), 160)",0.0,0.7708333333333334,28420929.027083334,27359693.5
"(5, 380, np.float64(0.2), 170)",0.0,0.8104166666666667,24199271.054166667,23222890.5
"(5, 380, np.float64(0.2), 180)",0.0,0.59375,24964213.933333334,24205669.0
"(5, 380, np.float64(0.2), 190)",0.0,0.22708333333333333,22994690.316666666,22207961.0
"(5, 380, np.float64(0.2), 200)",0.0,0.07708333333333334,19076405.191666666,18142013.0
"(5, 380, np.float64(0.2), 210)",0.0,0.035416666666666666,18170630.21875,17744454.0
"(5, 380, np.float64(0.30000000000000004), 120)",0.0,0.48125,34412615.55416667,34029457.5
"(5, 380, np.float64(0.30000000000000004), 130)",0.0,0.5875,37896372.40833333,36865775.0
"(5, 380, np.float64(0.30000000000000004), 140)",0.0,0.65625,37797342.53333333,36933299.0
"(5, 380, np.float64(0.30000000000000004), 150)",0.0,0.7291666666666666,32844234.235416666,31138410.0
"(5, 380, np.float64(0.30000000000000004), 160)",0.0,0.7708333333333334,28033968.516666666,26768260.5
"(5, 380, np.float64(0.30000000000000004), 170)",0.0,0.8104166666666667,25114754.175,24306408.0
"(5, 380, np.float64(0.30000000000000004), 180)",0.0,0.59375,25008399.135416668,24260740.0
"(5, 380, np.float64(0.30000000000000004), 190)",0.0,0.22708333333333333,21747546.504166666,20785204.5
"(5, 380, np.float64(0.30000000000000004), 200)",0.0,0.07708333333333334,19321051.0625,18386696.0
"(5, 380, np.float64(0.30000000000000004), 210)",0.0,0.035416666666666666,19393035.727083333,19094898.0
"(5, 380, np.float64(0.4), 120)",0.0,0.48125,34926128.4125,34186069.5
"(5, 380, np.float64(0.4), 130)",0.0,0.5875,38939154.8875,37788479.0
"(5, 380, np.float64(0.4), 140)",0.0,0.65625,35277893.96875,34286999.0
"(5, 380, np.float64(0.4), 150)",0.0,0.7291666666666666,32795700.325,31646254.0
"(5, 380, np.float64(0.4), 160)",0.0,0.7708333333333334,27925904.970833335,26785495.0
"(5, 380, np.float64(0.4), 170)",0.0,0.8104166666666667,25595420.564583335,24747048.5
"(5, 380, np.float64(0.4), 180)",0.0,0.59375,22917931.466666665,22010254.0
"(5, 380, np.float64(0.4), 190)",0.0,0.22708333333333333,22961395.84375,21975371.0
"(5, 380, np.float64(0.4), 200)",0.0,0.07708333333333334,21283932.504166666,20620332.5
"(5, 380, np.float64(0.4), 210)",0.0,0.035416666666666666,18035816.70625,17738170.5
"(5, 380, np.float64(0.5), 120)",0.0,0.48125,34839918.61666667,34200376.5
"(5, 380, np.float64(0.5), 130)",0.0,0.5854166666666667,36396030.041666664,35382262.0
"(5, 380, np.float64(0.5), 140)",0.0,0.65625,36831026.13125,35781228.0
"(5, 380, np.float64(0.5), 150)",0.0,0.7291666666666666,32461621.304166667,31171507.0
"(5, 380, np.float64(0.5), 160)",0.0,0.7708333333333334,27728909.53125,26757877.5
"(5, 380, np.float64(0.5), 170)",0.0,0.8104166666666667,25737065.864583332,24987316.5
"(5, 380, np.float64(0.5), 180)",0.0,0.59375,24917470.754166666,24328942.0
"(5, 380, np.float64(0.5), 190)",0.0,0.22708333333333333,21562937.322916668,20620347.0
"(5, 380, np.float64(0.5), 200)",0.0,0.07708333333333334,19209307.220833335,18453531.5
"(5, 380, np.float64(0.5), 210)",0.0,0.035416666666666666,19205592.43125,18961610.5
"(5, 380, np.float64(0.6), 120)",0.0,0.47708333333333336,33973287.14791667,33440068.5
"(5, 380, np.float64(0.6), 130)",0.0,0.5875,38847762.32083333,37786204.0
"(5, 380, np.float64(0.6), 140)",0.0,0.6583333333333333,35399177.0875,34586255.5
"(5, 380, np.float64(0.6), 150)",0.0,0.7333333333333333,32085508.75,31193568.5
"(5, 380, np.float64(0.6), 160)",0.0,0.775,27721239.072916668,26612423.5
"(5, 380, np.float64(0.6), 170)",0.0,0.8104166666666667,25610974.527083334,24989777.5
"(5, 380, np.float64(0.6), 180)",0.0,0.5958333333333333,24863132.31875,24132695.0
"(5, 380, np.float64(0.6), 190)",0.0,0.22708333333333333,21738657.58125,20919388.0
"(5, 380, np.float64(0.6), 200)",0.0,0.07708333333333334,18954186.972916666,18121537.5
"(5, 380, np.float64(0.6), 210)",0.0,0.035416666666666666,19289630.304166667,19111616.0
"(5, 380, np.float64(0.7000000000000001), 120)",0.0,0.4791666666666667,33659903.202083334,33310450.0
"(5, 380, np.float64(0.7000000000000001), 130)",0.0,0.59375,37297204.63125,36041660.0
"(5, 380, np.float64(0.7000000000000001), 140)",0.0,0.675,36617266.5125,35867557.0
"(5, 380, np.float64(0.7000000000000001), 150)",0.0,0.7541666666666667,32350959.74375,31327249.5
"(5, 380, np.float64(0.7000000000000001), 160)",0.0,0.7895833333333333,27585427.25,26592350.5
"(5, 380, np.float64(0.7000000000000001), 170)",0.0,0.8166666666666667,25231957.772916667,24543707.5
"(5, 380, np.float64(0.7000000000000001), 180)",0.0,0.5979166666666667,24636780.995833334,23961378.5
"(5, 380, np.float64(0.7000000000000001), 190)",0.0,0.225,21146803.525,20322892.0
"(5, 380, np.float64(0.7000000000000001), 200)",0.0,0.075,19536532.595833335,18804915.0
"(5, 380, np.float64(0.7000000000000001), 210)",0.0,0.035416666666666666,19628091.125,19450330.0
"(5, 380, np.float64(0.8), 120)",0.0,0.48333333333333334,33790586.891666666,33152955.0
"(5, 380, np.float64(0.8), 130)",0.0,0.6020833333333333,36763196.35208333,35751253.0
"(5, 380, np.float64(0.8), 140)",0.0,0.6895833333333333,36571279.6625,36246213.0
"(5, 380, np.float64(0.8), 150)",0.0,0.7583333333333333,32065786.80625,31079683.5
"(5, 380, np.float64(0.8), 160)",0.0,0.8020833333333334,27328546.177083332,26584577.0
"(5, 380, np.float64(0.8), 170)",0.0,0.8104166666666667,24968780.595833335,24436423.5
"(5, 380, np.float64(0.8), 180)",0.0,0.59375,22766743.397916667,22151941.0
"(5, 380, np.float64(0.8), 190)",0.0,0.22916666666666666,23112392.908333335,22454881.0
"(5, 380, np.float64(0.8), 200)",0.0,0.07916666666666666,20970867.94375,20380908.5
"(5, 380, np.float64(0.8), 210)",0.0,0.035416666666666666,17862585.20625,17509987.5
"(5, 380, np.float64(0.9), 120)",0.0,0.08125,33325230.604166668,32670598.0
"(5, 380, np.float64(0.9), 130)",0.0,0.13541666666666666,36694762.47083333,35577385.0
"(5, 380, np.float64(0.9), 140)",0.0,0.1875,35984838.36875,35441009.5
"(5, 380, np.float64(0.9), 150)",0.0,0.16666666666666666,31918268.49375,31125164.0
"(5, 380, np.float64(0.9), 160)",0.0,0.17708333333333334,27387154.714583334,26678374.0
"(5, 380, np.float64(0.9), 170)",0.0,0.18541666666666667,24950480.86875,24117161.5
"(5, 380, np.float64(0.9), 180)",0.0,0.0875,22885482.6875,22286360.0
"(5, 380, np.float64(0.9), 190)",0.0,0.04583333333333333,22655507.75625,21860417.0
"(5, 380, np.float64(0.9), 200)",0.0,0.010416666666666666,20905764.064583335,20324859.5
"(5, 380, np.float64(0.9), 210)",0.0,0.0020833333333333333,17243796.9625,16923914.5
"(5, 390, np.float64(0.1), 120)",0.0,0.48541666666666666,35539224.925,34875079.5
"(5, 390, np.float64(0.1), 130)",0.0,0.5895833333333333,39339193.71458333,38484470.5
"(5, 390, np.float64(0.1), 140)",0.0,0.6583333333333333,35741913.1625,34488719.0
"(5, 390, np.float64(0.1), 150)",0.0,0.7291666666666666,33133768.127083335,31357961.0
"(5, 390, np.float64(0.1), 160)",0.0,0.7770833333333333,28269940.6,27182392.5
"(5, 390, np.float64(0.1), 170)",0.0,0.8125,25753493.627083335,24865140.5
"(5, 390, np.float64(0.1), 180)",0.0,0.59375,23132196.754166666,22243495.0
"(5, 390, np.float64(0.1), 190)",0.0,0.22708333333333333,23249701.745833334,22226332.0
"(5, 390, np.float64(0.1), 200)",0.0,0.07708333333333334,19848510.170833334,18980371.0
"(5, 390, np.float64(0.1), 210)",0.0,0.035416666666666666,19650306.785416666,19330245.5
"(5, 390, np.float64(0.2), 120)",0.0,0.48541666666666666,34593475.12291667,34095901.5
"(5, 390, np.float64(0.2), 130)",0.0,0.5895833333333333,39420361.74166667,38560733.5
"(5, 390, np.float64(0.2), 140)",0.0,0.6583333333333333,38012418.3875,36997701.0
"(5, 390, np.float64(0.2), 150)",0.0,0.7291666666666666,31793078.48125,30447436.5
"(5, 390, np.float64(0.2), 160)",0.0,0.7770833333333333,28260693.839583334,26936267.5
"(5, 390, np.float64(0.2), 170)",0.0,0.8125,25659222.425,24794398.5
"(5, 390, np.float64(0.2), 180)",0.0,0.59375,23884010.354166668,23180103.5
"(5, 390, np.float64(0.2), 190)",0.0,0.22708333333333333,23087916.41875,22265555.5
"(5, 390, np.float64(0.2), 200)",0.0,0.07708333333333334,19327987.9875,18508554.0
"(5, 390, np.float64(0.2), 210)",0.0,0.035416666666666666,19175214.308333334,18924726.5
"(5, 390, np.float64(0.30000000000000004), 120)",0.0,0.48541666666666666,36467139.422916666,35685032.0
"(5, 390, np.float64(0.30000000000000004), 130)",0.0,0.5895833333333333,37226032.225,36147037.0
"(5, 390, np.float64(0.30000000000000004), 140)",0.0,0.6583333333333333,37598945.35208333,36386286.5
"(5, 390, np.float64(0.30000000000000004), 150)",0.0,0.7291666666666666,32873194.83125,31337272.5
"(5, 390, np.float64(0.30000000000000004), 160)",0.0,0.7770833333333333,27864860.3875,26781179.0
"(5, 390, np.float64(0.30000000000000004), 170)",0.0,0.8125,24093361.0625,23605393.0
"(5, 390, np.float64(0.30000000000000004), 180)",0.0,0.59375,23753647.097916666,22926831.0
"(5, 390, np.float64(0.30000000000000004), 190)",0.0,0.22708333333333333,20991538.18125,20135660.0
"(5, 390, np.float64(0.30000000000000004), 200)",0.0,0.07708333333333334,21393454.020833332,20560521.0
"(5, 390, np.float64(0.30000000000000004), 210)",0.0,0.035416666666666666,19269597.522916667,19109061.0
"(5, 390, np.float64(0.4), 120)",0.0,0.48541666666666666,34809516.9875,34250677.0
"(5, 390, np.float64(0.4), 130)",0.0,0.5895833333333333,36729922.89791667,35499826.0
"(5, 390, np.float64(0.4), 140)",0.0,0.6583333333333333,35967678.010416664,35070245.5
"(5, 390, np.float64(0.4), 150)",0.0,0.7291666666666666,32384107.166666668,31256590.5
"(5, 390, np.float64(0.4), 160)",0.0,0.7770833333333333,28080162.8875,27058799.5
"(5, 390, np.float64(0.4), 170)",0.0,0.8125,25881304.73125,25406102.5
"(5, 390, np.float64(0.4), 180)",0.0,0.59375,24862478.072916668,24143334.0
"(5, 390, np.float64(0.4), 190)",0.0,0.22708333333333333,23117365.433333334,22183665.0
"(5, 390, np.float64(0.4), 200)",0.0,0.07708333333333334,19163789.847916666,18274630.5
"(5, 390, np.float64(0.4), 210)",0.0,0.035416666666666666,19197335.929166667,18854547.5
"(5, 390, np.float64(0.5), 120)",0.0,0.48541666666666666,34334050.24583333,33706136.0
"(5, 390, np.float64(0.5), 130)",0.0,0.5875,38776383.725,37634328.0
"(5, 390, np.float64(0.5), 140)",0.0,0.6583333333333333,37188911.90416667,36202004.0
"(5, 390, np.float64(0.5), 150)",0.0,0.7291666666666666,32605024.172916666,31305579.0
"(5, 390, np.float64(0.5), 160)",0.0,0.7770833333333333,28064791.53125,26576656.5
"(5, 390, np.float64(0.5), 170)",0.0,0.8125,25605047.925,24683014.5
"(5, 390, np.float64(0.5), 180)",0.0,0.59375,23853694.679166667,22966504.5
"(5, 390, np.float64(0.5), 190)",0.0,0.22708333333333333,22966010.754166666,22167638.0
"(5, 390, np.float64(0.5), 200)",0.0,0.07708333333333334,19040893.56875,18168209.5
"(5, 390, np.float64(0.5), 210)",0.0,0.035416666666666666,18269720.641666666,17885052.5
"(5, 390, np.float64(0.6), 120)",0.0,0.48125,34625524.05833333,34124424.0
"(5, 390, np.float64(0.6), 130)",0.0,0.5895833333333333,36240389.916666664,35325925.5
"(5, 390, np.float64(0.6), 140)",0.0,0.6604166666666667,35269347.15416667,34359476.5
"(5, 390, np.float64(0.6), 150)",0.0,0.7333333333333333,31986720.65,31052549.0
"(5, 390, np.float64(0.6), 160)",0.0,0.78125,27828616.0875,26890312.0
"(5, 390, np.float64(0.6), 170)",0.0,0.8125,25335641.522916667,24495998.5
"(5, 390, np.float64(0.6), 180)",0.0,0.5958333333333333,24859699.466666665,24213277.0
"(5, 390, np.float64(0.6), 190)",0.0,0.22708333333333333,21166022.1625,20274847.5
"(5, 390, np.float64(0.6), 200)",0.0,0.07708333333333334,21150485.389583334,20376523.0
"(5, 390, np.float64(0.6), 210)",0.0,0.035416666666666666,19248634.777083334,18910718.5
"(5, 390, np.float64(0.7000000000000001), 120)",0.0,0.48333333333333334,35728713.770833336,34949838.0
"(5, 390, np.float64(0.7000000000000001), 130)",0.0,0.5958333333333333,36393927.73125,35296369.0
"(5, 390, np.float64(0.7000000000000001), 140)",0.0,0.6770833333333334,36437566.74791667,35564793.0
"(5, 390, np.float64(0.7000000000000001), 150)",0.0,0.7541666666666667,32605311.320833333,31595765.5
"(5, 390, np.float64(0.7000000000000001), 160)",0.0,0.7958333333333333,27692559.40625,26518146.0
"(5, 390, np.float64(0.7000000000000001), 170)",0.0,0.81875,24125098.608333334,23368089.0
"(5, 390, np.float64(0.7000000000000001), 180)",0.0,0.5979166666666667,25090358.422916666,24294924.0
"(5, 390, np.float64(0.7000000000000001), 190)",0.0,0.225,22756535.502083335,22037915.0
"(5, 390, np.float64(0.7000000000000001), 200)",0.0,0.075,18926154.320833333,18151765.5
"(5, 390, np.float64(0.7000000000000001), 210)",0.0,0.035416666666666666,17974429.964583334,17557373.5
"(5, 390, np.float64(0.8), 120)",0.0,0.4875,33440238.633333333,32789349.0
"(5, 390, np.float64(0.8), 130)",0.0,0.6041666666666666,36782411.01875,35937775.5
"(5, 390, np.float64(0.8), 140)",0.0,0.6916666666666667,36034594.28333333,35082239.0
"(5, 390, np.float64(0.8), 150)",0.0,0.7583333333333333,30705539.679166667,29684478.5
"(5, 390, np.float64(0.8), 160)",0.0,0.8083333333333333,27604246.758333333,26602747.0
"(5, 390, np.float64(0.8), 170)",0.0,0.8125,25091040.939583335,24608012.5
"(5, 390, np.float64(0.8), 180)",0.0,0.59375,25198242.302083332,24491653.5
"(5, 390, np.float64(0.8), 190)",0.0,0.22916666666666666,22759452.64375,21990539.0
"(5, 390, np.float64(0.8), 200)",0.0,0.07916666666666666,20733646.902083334,20118748.5
"(5, 390, np.float64(0.8), 210)",0.0,0.035416666666666666,17454311.30625,17109602.0
"(5, 390, np.float64(0.9), 120)",0.0,0.08125,33765298.00625,32926725.0
"(5, 390, np.float64(0.9), 130)",0.0,0.1375,37990668.99791667,36682462.0
"(5, 390, np.float64(0.9), 140)",0.0,0.1875,36477128.30833333,35388964.5
"(5, 390, np.float64(0.9), 150)",0.0,0.16875,29653734.479166668,28420928.5
"(5, 390, np.float64(0.9), 160)",0.0,0.17708333333333334,27312404.347916666,26298449.0
"(5, 390, np.float64(0.9), 170)",0.0,0.18541666666666667,23884036.39375,23112167.5
"(5, 390, np.float64(0.9), 180)",0.0,0.0875,24824902.9625,24065311.0
"(5, 390, np.float64(0.9), 190)",0.0,0.04583333333333333,23247092.85625,22811894.5
"(5, 390, np.float64(0.9), 200)",0.0,0.010416666666666666,19637602.389583334,18930703.0
"(5, 390, np.float64(0.9), 210)",0.0,0.0020833333333333333,19112506.7625,18767877.0
"(5, 400, np.float64(0.1), 120)",0.0,0.48541666666666666,35385366.358333334,35125689.5
"(5, 400, np.float64(0.1), 130)",0.0,0.5895833333333333,39268612.8125,38410888.0
"(5, 400, np.float64(0.1), 140)",0.0,0.6625,36285065.677083336,35167026.0
"(5, 400, np.float64(0.1), 150)",0.0,0.73125,33123588.304166667,31322952.5
"(5, 400, np.float64(0.1), 160)",0.0,0.7770833333333333,28743112.51875,27271921.0
"(5, 400, np.float64(0.1), 170)",0.0,0.8145833333333333,25609926.252083335,24633940.5
"(5, 400, np.float64(0.1), 180)",0.0,0.59375,23061306.452083334,22223717.0
"(5, 400, np.float64(0.1), 190)",0.0,0.22708333333333333,21318403.71875,20391811.5
"(5, 400, np.float64(0.1), 200)",0.0,0.07708333333333334,20967903.708333332,20044045.5
"(5, 400, np.float64(0.1), 210)",0.0,0.035416666666666666,19184457.002083335,18859407.5
"(5, 400, np.float64(0.2), 120)",0.0,0.48541666666666666,34819597.958333336,34222049.0
"(5, 400, np.float64(0.2), 130)",0.0,0.5895833333333333,37042277.6125,36073662.0
"(5, 400, np.float64(0.2), 140)",0.0,0.6625,37476479.7125,36542530.5
"(5, 400, np.float64(0.2), 150)",0.0,0.73125,32892977.454166666,31222841.5
"(5, 400, np.float64(0.2), 160)",0.0,0.7770833333333333,28269517.38125,26932029.5
"(5, 400, np.float64(0.2), 170)",0.0,0.8145833333333333,25815542.90625,25028683.5
"(5, 400, np.float64(0.2), 180)",0.0,0.59375,25021509.29375,23999306.0
"(5, 400, np.float64(0.2), 190)",0.0,0.22708333333333333,21758838.616666667,20748172.0
"(5, 400, np.float64(0.2), 200)",0.0,0.07708333333333334,19957332.279166665,19058620.0
"(5, 400, np.float64(0.2), 210)",0.0,0.035416666666666666,19129294.4375,18869171.0
"(5, 400, np.float64(0.30000000000000004), 120)",0.0,0.48541666666666666,35245322.8125,34721724.0
"(5, 400, np.float64(0.30000000000000004), 130)",0.0,0.5895833333333333,37761224.00625,36270366.0
"(5, 400, np.float64(0.30000000000000004), 140)",0.0,0.6625,37038247.4625,35928943.0
"(5, 400, np.float64(0.30000000000000004), 150)",0.0,0.73125,33185443.845833335,31851061.0
"(5, 400, np.float64(0.30000000000000004), 160)",0.0,0.7770833333333333,28184786.94375,26893134.5
"(5, 400, np.float64(0.30000000000000004), 170)",0.0,0.8145833333333333,25448635.40625,24639160.5
"(5, 400, np.float64(0.30000000000000004), 180)",0.0,0.59375,23305430.189583335,22350623.0
"(5, 400, np.float64(0.30000000000000004), 190)",0.0,0.22708333333333333,23815901.239583332,23095649.0
"(5, 400, np.float64(0.30000000000000004), 200)",0.0,0.07708333333333334,19054044.227083333,18161054.5
"(5, 400, np.float64(0.30000000000000004), 210)",0.0,0.035416666666666666,19352260.270833332,19102959.5
"(5, 400, np.float64(0.4), 120)",0.0,0.48541666666666666,34105419.264583334,33649258.5
"(5, 400, np.float64(0.4), 130)",0.0,0.5895833333333333,38360309.770833336,37339936.0
"(5, 400, np.float64(0.4), 140)",0.0,0.6625,37131796.56458333,36467687.5
"(5, 400, np.float64(0.4), 150)",0.0,0.73125,30858987.595833335,29213535.5
"(5, 400, np.float64(0.4), 160)",0.0,0.7770833333333333,28172072.35625,27028001.0
"(5, 400, np.float64(0.4), 170)",0.0,0.8145833333333333,25749525.970833335,24645735.5
"(5, 400, np.float64(0.4), 180)",0.0,0.59375,25183430.108333334,24449912.0
"(5, 400, np.float64(0.4), 190)",0.0,0.22708333333333333,21737747.047916666,20806874.5
"(5, 400, np.float64(0.4), 200)",0.0,0.07708333333333334,19668038.416666668,18791265.0
"(5, 400, np.float64(0.4), 210)",0.0,0.035416666666666666,19183821.091666665,18885837.5
"(5, 400, np.float64(0.5), 120)",0.0,0.48541666666666666,34706197.22708333,33863274.0
"(5, 400, np.float64(0.5), 130)",0.0,0.5875,38836697.577083334,37832458.5
"(5, 400, np.float64(0.5), 140)",0.0,0.6625,36984452.9625,36086771.5
"(5, 400, np.float64(0.5), 150)",0.0,0.73125,31231662.86875,29686940.5
"(5, 400, np.float64(0.5), 160)",0.0,0.7770833333333333,28118466.14375,26874167.5
"(5, 400, np.float64(0.5), 170)",0.0,0.8145833333333333,25691314.7125,25074003.0
"(5, 400, np.float64(0.5), 180)",0.0,0.59375,23244983.689583335,22591863.5
"(5, 400, np.float64(0.5), 190)",0.0,0.22708333333333333,20928959.160416666,20033260.0
"(5, 400, np.float64(0.5), 200)",0.0,0.07708333333333334,21034569.325,20208898.0
"(5, 400, np.float64(0.5), 210)",0.0,0.035416666666666666,18777857.254166666,18451695.5
"(5, 400, np.float64(0.6), 120)",0.0,0.48125,33827053.21458333,33460586.5
"(5, 400, np.float64(0.6), 130)",0.0,0.5895833333333333,36716968.74375,35450284.5
"(5, 400, np.float64(0.6), 140)",0.0,0.6645833333333333,36457379.9625,35839507.0
"(5, 400, np.float64(0.6), 150)",0.0,0.7354166666666667,32470447.44375,31583482.5
"(5, 400, np.float64(0.6), 160)",0.0,0.78125,28012988.239583332,26989793.0
"(5, 400, np.float64(0.6), 170)",0.0,0.8145833333333333,25447102.6875,24566329.0
"(5, 400, np.float64(0.6), 180)",0.0,0.5958333333333333,23442998.58125,22596445.5
"(5, 400, np.float64(0.6), 190)",0.0,0.22708333333333333,21325063.864583332,20424457.5
"(5, 400, np.float64(0.6), 200)",0.0,0.07708333333333334,20776308.85,20092320.5
"(5, 400, np.float64(0.6), 210)",0.0,0.035416666666666666,19201804.145833332,18920172.0
"(5, 400, np.float64(0.7000000000000001), 120)",0.0,0.48333333333333334,35651622.03541667,34820131.5
"(5, 400, np.float64(0.7000000000000001), 130)",0.0,0.5958333333333333,37078069.46666667,35808063.0
"(5, 400, np.float64(0.7000000000000001), 140)",0.0,0.68125,35603431.854166664,35046284.5
"(5, 400, np.float64(0.7000000000000001), 150)",0.0,0.7583333333333333,32366862.589583334,31281426.5
"(5, 400, np.float64(0.7000000000000001), 160)",0.0,0.7958333333333333,27786926.76875,26920648.0
"(5, 400, np.float64(0.7000000000000001), 170)",0.0,0.8208333333333333,23283544.98125,22604256.0
"(5, 400, np.float64(0.7000000000000001), 180)",0.0,0.5979166666666667,24651716.479166668,23843725.0
"(5, 400, np.float64(0.7000000000000001), 190)",0.0,0.225,22975652.235416666,22384886.5
"(5, 400, np.float64(0.7000000000000001), 200)",0.0,0.075,19079931.25625,18247677.5
"(5, 400, np.float64(0.7000000000000001), 210)",0.0,0.035416666666666666,18699535.897916667,18420271.0
"(5, 400, np.float64(0.8), 120)",0.0,0.4875,33382716.225,32692731.5
"(5, 400, np.float64(0.8), 130)",0.0,0.6041666666666666,36243884.670833334,35162796.5
"(5, 400, np.float64(0.8), 140)",0.0,0.6958333333333333,36342044.8125,35510762.0
"(5, 400, np.float64(0.8), 150)",0.0,0.7645833333333333,31321792.772916667,30428069.5
"(5, 400, np.float64(0.8), 160)",0.0,0.8083333333333333,27697844.772916667,26806810.5
"(5, 400, np.float64(0.8), 170)",0.0,0.8125,25303690.954166666,24440054.0
"(5, 400, np.float64(0.8), 180)",0.0,0.59375,25005931.872916665,24478450.5
"(5, 400, np.float64(0.8), 190)",0.0,0.22916666666666666,22826865.677083332,21962106.5
"(5, 400, np.float64(0.8), 200)",0.0,0.07916666666666666,19894335.1625,19259292.0
"(5, 400, np.float64(0.8), 210)",0.0,0.035416666666666666,17884944.947916668,17558728.0
"(5, 400, np.float64(0.9), 120)",0.0,0.08125,33246498.839583334,31483738.0
"(5, 400, np.float64(0.9), 130)",0.0,0.1375,36094551.30625,34788412.0
"(5, 400, np.float64(0.9), 140)",0.0,0.18958333333333333,33407172.25,32568134.0
"(5, 400, np.float64(0.9), 150)",0.0,0.16875,31164379.272916667,30377133.0
"(5, 400, np.float64(0.9), 160)",0.0,0.17708333333333334,26976590.789583333,25911968.5
"(5, 400, np.float64(0.9), 170)",0.0,0.18541666666666667,25134469.60625,24456249.0
"(5, 400, np.float64(0.9), 180)",0.0,0.0875,22602002.964583334,21917925.5
"(5, 400, np.float64(0.9), 190)",0.0,0.04583333333333333,22191841.414583333,21514611.5
"(5, 400, np.float64(0.9), 200)",0.0,0.010416666666666666,19094642.245833334,18311841.5
"(5, 400, np.float64(0.9), 210)",0.0,0.0020833333333333333,19109022.902083334,18927052.5
"(7, 300, np.float64(0.1), 120)",0.0,0.45625,109784479.0,108569117.0
"(7, 300, np.float64(0.1), 130)",0.0,0.58125,108862989.50208333,107926244.5
"(7, 300, np.float64(0.1), 140)",0.0,0.6270833333333333,109055424.26666667,108442736.5
"(7, 300, np.float64(0.1), 150)",0.0,0.7354166666666667,104543932.90208334,104134967.5
"(7, 300, np.float64(0.1), 160)",0.0,0.7833333333333333,103594005.60208334,102893641.0
"(7, 300, np.float64(0.1), 170)",0.0,0.8041666666666667,100891429.75,100028392.0
"(7, 300, np.float64(0.1), 180)",0.0,0.575,99706686.07708333,99072157.0
"(7, 300, np.float64(0.1), 190)",0.0,0.23333333333333334,99488236.7,98564795.0
"(7, 300, np.float64(0.1), 200)",0.0,0.075,96715056.39166667,96221472.5
"(7, 300, np.float64(0.1), 210)",0.0,0.03333333333333333,96281097.48958333,95936008.5
"(7, 300, np.float64(0.2), 120)",0.0,0.45625,106729674.88541667,106314602.0
"(7, 300, np.float64(0.2), 130)",0.0,0.58125,109319080.77916667,108812123.5
"(7, 300, np.float64(0.2), 140)",0.0,0.6270833333333333,106686424.10625,106508150.0
"(7, 300, np.float64(0.2), 150)",0.0,0.7354166666666667,105035289.24166666,105009492.5
"(7, 300, np.float64(0.2), 160)",0.0,0.7833333333333333,102511114.9875,101942493.5
"(7, 300, np.float64(0.2), 170)",0.0,0.8041666666666667,99933969.69375,99476321.5
"(7, 300, np.float64(0.2), 180)",0.0,0.575,101001304.69791667,100492276.0
"(7, 300, np.float64(0.2), 190)",0.0,0.23333333333333334,97480642.74791667,96773614.5
"(7, 300, np.float64(0.2), 200)",0.0,0.075,98476812.05208333,98081042.0
"(7, 300, np.float64(0.2), 210)",0.0,0.03333333333333333,96240784.56666666,96088730.0
"(7, 300, np.float64(0.30000000000000004), 120)",0.0,0.45625,106906620.22083333,106872720.5
"(7, 300, np.float64(0.30000000000000004), 130)",0.0,0.58125,107430038.85625,106919195.0
"(7, 300, np.float64(0.30000000000000004), 140)",0.0,0.6270833333333333,107664936.12708333,107004498.5
"(7, 300, np.float64(0.30000000000000004), 150)",0.0,0.7354166666666667,105247658.67916666,104852911.0
"(7, 300, np.float64(0.30000000000000004), 160)",0.0,0.7833333333333333,103138150.08541666,102678803.5
"(7, 300, np.float64(0.30000000000000004), 170)",0.0,0.8041666666666667,101503547.12916666,100796937.5
"(7, 300, np.float64(0.30000000000000004), 180)",0.0,0.575,98500092.66041666,97860721.5
"(7, 300, np.float64(0.30000000000000004), 190)",0.0,0.23333333333333334,98756863.63125,98125288.5
"(7, 300, np.float64(0.30000000000000004), 200)",0.0,0.075,95389080.625,94754288.5
"(7, 300, np.float64(0.30000000000000004), 210)",0.0,0.03333333333333333,95931392.45208333,95627118.0
"(7, 300, np.float64(0.4), 120)",0.0,0.45625,105742588.82291667,105711971.5
"(7, 300, np.float64(0.4), 130)",0.0,0.58125,108042883.10208334,107799921.0
"(7, 300, np.float64(0.4), 140)",0.0,0.6270833333333333,107340258.41041666,106744687.0
"(7, 300, np.float64(0.4), 150)",0.0,0.7354166666666667,105185849.10625,104877543.0
"(7, 300, np.float64(0.4), 160)",0.0,0.7833333333333333,102840882.05,102044078.0
"(7, 300, np.float64(0.4), 170)",0.0,0.8041666666666667,101062414.80625,100465912.0
"(7, 300, np.float64(0.4), 180)",0.0,0.575,100566208.65,100105626.5
"(7, 300, np.float64(0.4), 190)",0.0,0.23333333333333334,97853443.13958333,97518575.5
"(7, 300, np.float64(0.4), 200)",0.0,0.075,95747975.16875,95021821.5
"(7, 300, np.float64(0.4), 210)",0.0,0.03333333333333333,96124065.81458333,95914278.5
"(7, 300, np.float64(0.5), 120)",0.0,0.45625,106097074.00625,106217131.5
"(7, 300, np.float64(0.5), 130)",0.0,0.58125,108007367.69166666,107501459.0
"(7, 300, np.float64(0.5), 140)",0.0,0.6270833333333333,106658352.34583333,106519841.5
"(7, 300, np.float64(0.5), 150)",0.0,0.7354166666666667,105184019.0875,105220745.0
"(7, 300, np.float64(0.5), 160)",0.0,0.7833333333333333,102470230.24791667,102013987.0
"(7, 300, np.float64(0.5), 170)",0.0,0.8041666666666667,98760046.49791667,98351094.0
"(7, 300, np.float64(0.5), 180)",0.0,0.575,99891277.42916666,99419239.5
"(7, 300, np.float64(0.5), 190)",0.0,0.23333333333333334,98626587.27708334,98131240.5
"(7, 300, np.float64(0.5), 200)",0.0,0.075,97043548.59375,96424993.5
"(7, 300, np.float64(0.5), 210)",0.0,0.03333333333333333,95176485.13333334,95073733.5
"(7, 300, np.float64(0.6), 120)",0.0,0.46041666666666664,105916829.375,105905384.5
"(7, 300, np.float64(0.6), 130)",0.0,0.5833333333333334,107019379.37083334,107037658.5
"(7, 300, np.float64(0.6), 140)",0.0,0.6333333333333333,107481617.8375,107127611.5
"(7, 300, np.float64(0.6), 150)",0.0,0.7395833333333334,104769131.57083334,104576822.0
"(7, 300, np.float64(0.6), 160)",0.0,0.7875,101668309.21041666,101317572.5
"(7, 300, np.float64(0.6), 170)",0.0,0.8041666666666667,99280973.17083333,98682586.5
"(7, 300, np.float64(0.6), 180)",0.0,0.575,100542810.99375,99950477.5
"(7, 300, np.float64(0.6), 190)",0.0,0.23333333333333334,98157022.77916667,97348643.0
"(7, 300, np.float64(0.6), 200)",0.0,0.075,96767845.70625,96550480.5
"(7, 300, np.float64(0.6), 210)",0.0,0.03333333333333333,95632072.83333333,95232143.0
"(7, 300, np.float64(0.7000000000000001), 120)",0.0,0.46041666666666664,106620708.39583333,106460636.5
"(7, 300, np.float64(0.7000000000000001), 130)",0.0,0.5875,109070978.1125,108434054.5
"(7, 300, np.float64(0.7000000000000001), 140)",0.0,0.64375,105996024.78333333,105860345.5
"(7, 300, np.float64(0.7000000000000001), 150)",0.0,0.7458333333333333,104567207.80625,104738219.0
"(7, 300, np.float64(0.7000000000000001), 160)",0.0,0.7916666666666666,101146754.25625,100611335.5
"(7, 300, np.float64(0.7000000000000001), 170)",0.0,0.8104166666666667,100720974.41666667,100095229.5
"(7, 300, np.float64(0.7000000000000001), 180)",0.0,0.5770833333333333,98210012.49166666,97784849.0
"(7, 300, np.float64(0.7000000000000001), 190)",0.0,0.23333333333333334,98679666.61041667,98214378.5
"(7, 300, np.float64(0.7000000000000001), 200)",0.0,0.075,96138055.02291666,95466703.5
"(7, 300, np.float64(0.7000000000000001), 210)",0.0,0.03333333333333333,96212396.5875,95838164.5
"(7, 300, np.float64(0.8), 120)",0.0,0.4875,105401233.85208334,105281749.0
"(7, 300, np.float64(0.8), 130)",0.0,0.6020833333333333,106647441.44375,106525889.0
"(7, 300, np.float64(0.8), 140)",0.0,0.6833333333333333,106852562.86458333,106465760.5
"(7, 300, np.float64(0.8), 150)",0.0,0.7541666666666667,105415648.45416667,105170043.0
"(7, 300, np.float64(0.8), 160)",0.0,0.7958333333333333,101929688.87291667,101545931.0
"(7, 300, np.float64(0.8), 170)",0.0,0.80625,100490843.58333333,99961990.0
"(7, 300, np.float64(0.8), 180)",0.0,0.5854166666666667,99095741.73541667,98850032.5
"(7, 300, np.float64(0.8), 190)",0.0,0.22916666666666666,97682748.79375,96996909.0
"(7, 300, np.float64(0.8), 200)",0.0,0.07083333333333333,96095314.225,95712834.0
"(7, 300, np.float64(0.8), 210)",0.0,0.03333333333333333,95974434.58125,95862335.0
"(7, 300, np.float64(0.9), 120)",0.0,0.05625,105090915.925,104882322.5
"(7, 300, np.float64(0.9), 130)",0.0,0.0875,107433657.17291667,107026651.5
"(7, 300, np.float64(0.9), 140)",0.0,0.10625,107283248.3375,106946648.0
"(7, 300, np.float64(0.9), 150)",0.0,0.11458333333333333,104064580.86041667,103620194.5
"(7, 300, np.float64(0.9), 160)",0.0,0.12083333333333333,101499318.84583333,101346132.0
"(7, 300, np.float64(0.9), 170)",0.0,0.12916666666666668,99876527.26666667,99268668.0
"(7, 300, np.float64(0.9), 180)",0.0,0.07291666666666667,98492278.65625,98181775.5
"(7, 300, np.float64(0.9), 190)",0.0,0.016666666666666666,98899312.97291666,98242388.5
"(7, 300, np.float64(0.9), 200)",0.0,0.0125,95479793.93333334,95005613.0
"(7, 300, np.float64(0.9), 210)",0.0,0.0020833333333333333,95283727.71666667,95255854.0
"(7, 310, np.float64(0.1), 120)",0.0,0.45625,106133850.68958333,105665105.0
"(7, 310, np.float64(0.1), 130)",0.0,0.58125,108345284.4125,107434027.0
"(7, 310, np.float64(0.1), 140)",0.0,0.6291666666666667,106976313.14166667,106675269.5
"(7, 310, np.float64(0.1), 150)",0.0,0.7458333333333333,105712738.78541666,105558250.0
"(7, 310, np.float64(0.1), 160)",0.0,0.7875,102643025.47708334,102080273.5
"(7, 310, np.float64(0.1), 170)",0.0,0.80625,100809997.89375,99803923.0
"(7, 310, np.float64(0.1), 180)",0.0,0.5770833333333333,99091118.13333334,98422963.5
"(7, 310, np.float64(0.1), 190)",0.0,0.23333333333333334,98282108.32083334,97623554.0
"(7, 310, np.float64(0.1), 200)",0.0,0.075,96550378.1375,96030756.0
"(7, 310, np.float64(0.1), 210)",0.0,0.03333333333333333,96897118.78333333,96653709.0
"(7, 310, np.float64(0.2), 120)",0.0,0.45625,106534987.48541667,106667393.0
"(7, 310, np.float64(0.2), 130)",0.0,0.58125,108248894.69375,107506235.0
"(7, 310, np.float64(0.2), 140)",0.0,0.6291666666666667,107044957.15,106428426.0
"(7, 310, np.float64(0.2), 150)",0.0,0.7458333333333333,105491762.61875,105152004.0
"(7, 310, np.float64(0.2), 160)",0.0,0.7875,101519751.46666667,100596669.5
"(7, 310, np.float64(0.2), 170)",0.0,0.80625,100513301.625,100092782.5
"(7, 310, np.float64(0.2), 180)",0.0,0.5770833333333333,98250602.68333334,97974216.5
"(7, 310, np.float64(0.2), 190)",0.0,0.23333333333333334,98453107.05208333,98003740.5
"(7, 310, np.float64(0.2), 200)",0.0,0.075,96110047.96666667,95736702.0
"(7, 310, np.float64(0.2), 210)",0.0,0.03333333333333333,95267047.05625,94905250.5
"(7, 310, np.float64(0.30000000000000004), 120)",0.0,0.45625,106676345.69791667,106656366.5
"(7, 310, np.float64(0.30000000000000004), 130)",0.0,0.58125,107155723.06041667,106780652.5
"(7, 310, np.float64(0.30000000000000004), 140)",0.0,0.6291666666666667,108054311.92916666,107382254.5
"(7, 310, np.float64(0.30000000000000004), 150)",0.0,0.7458333333333333,105575758.11041667,105104204.0
"(7, 310, np.float64(0.30000000000000004), 160)",0.0,0.7875,101839284.475,101060036.5
"(7, 310, np.float64(0.30000000000000004), 170)",0.0,0.80625,99453420.48541667,98658216.0
"(7, 310, np.float64(0.30000000000000004), 180)",0.0,0.5770833333333333,98379721.38333334,97735962.5
"(7, 310, np.float64(0.30000000000000004), 190)",0.0,0.23333333333333334,98793802.6875,97880529.0
"(7, 310, np.float64(0.30000000000000004), 200)",0.0,0.075,96421144.95416667,95757487.0
"(7, 310, np.float64(0.30000000000000004), 210)",0.0,0.03333333333333333,95468268.57916667,95302790.5
"(7, 310, np.float64(0.4), 120)",0.0,0.45625,106043569.08958334,105825215.0
"(7, 310, np.float64(0.4), 130)",0.0,0.58125,108079956.58333333,107406783.5
"(7, 310, np.float64(0.4), 140)",0.0,0.6291666666666667,106975927.10625,106805749.5
"(7, 310, np.float64(0.4), 150)",0.0,0.7458333333333333,105391384.55625,104631611.5
"(7, 310, np.float64(0.4), 160)",0.0,0.7875,100462022.20208333,99701405.5
"(7, 310, np.float64(0.4), 170)",0.0,0.80625,101018758.0875,100457816.0
"(7, 310, np.float64(0.4), 180)",0.0,0.5770833333333333,98567919.54583333,98166300.5
"(7, 310, np.float64(0.4), 190)",0.0,0.23333333333333334,98269281.57083334,97559437.5
"(7, 310, np.float64(0.4), 200)",0.0,0.075,95568866.69375,94670285.0
"(7, 310, np.float64(0.4), 210)",0.0,0.03333333333333333,95263804.00625,94673281.0
"(7, 310, np.float64(0.5), 120)",0.0,0.45625,105833458.05625,105796049.5
"(7, 310, np.float64(0.5), 130)",0.0,0.58125,107689853.66666667,106981577.0
"(7, 310, np.float64(0.5), 140)",0.0,0.6291666666666667,106481954.96458334,105496556.5
"(7, 310, np.float64(0.5), 150)",0.0,0.7458333333333333,105222604.35208334,104962658.0
"(7, 310, np.float64(0.5), 160)",0.0,0.7875,101055838.95833333,100518412.0
"(7, 310, np.float64(0.5), 170)",0.0,0.80625,100985495.33333333,100233419.0
"(7, 310, np.float64(0.5), 180)",0.0,0.5770833333333333,99083179.28958334,98071518.0
"(7, 310, np.float64(0.5), 190)",0.0,0.23333333333333334,99254731.11041667,98465577.0
"(7, 310, np.float64(0.5), 200)",0.0,0.075,96489893.70416667,95810366.0
"(7, 310, np.float64(0.5), 210)",0.0,0.03333333333333333,95424456.025,95233128.5
"(7, 310, np.float64(0.6), 120)",0.0,0.46041666666666664,106321025.8375,106005608.0
"(7, 310, np.float64(0.6), 130)",0.0,0.5833333333333334,108079026.50416666,107388976.5
"(7, 310, np.float64(0.6), 140)",0.0,0.6354166666666666,106678182.5375,106295470.5
"(7, 310, np.float64(0.6), 150)",0.0,0.75,104976830.59375,104563352.5
"(7, 310, np.float64(0.6), 160)",0.0,0.7916666666666666,101021616.67291667,100309474.5
"(7, 310, np.float64(0.6), 170)",0.0,0.80625,99929434.0625,99292983.5
"(7, 310, np.float64(0.6), 180)",0.0,0.5770833333333333,98565096.27916667,98320876.5
"(7, 310, np.float64(0.6), 190)",0.0,0.23333333333333334,97218066.27291666,96484262.0
"(7, 310, np.float64(0.6), 200)",0.0,0.075,97797782.94583334,97058267.5
"(7, 310, np.float64(0.6), 210)",0.0,0.03333333333333333,95413008.91458334,95241981.5
"(7, 310, np.float64(0.7000000000000001), 120)",0.0,0.46041666666666664,106340899.13333334,106230784.0
"(7, 310, np.float64(0.7000000000000001), 130)",0.0,0.5875,106758307.1875,106517524.5
"(7, 310, np.float64(0.7000000000000001), 140)",0.0,0.6458333333333334,106005134.91875,105473393.0
"(7, 310, np.float64(0.7000000000000001), 150)",0.0,0.75625,104868400.37083334,104762680.5
"(7, 310, np.float64(0.7000000000000001), 160)",0.0,0.7958333333333333,101076164.6625,100429811.5
"(7, 310, np.float64(0.7000000000000001), 170)",0.0,0.8125,99925292.22083333,99210003.0
"(7, 310, np.float64(0.7000000000000001), 180)",0.0,0.5791666666666667,100211403.77083333,99588649.0
"(7, 310, np.float64(0.7000000000000001), 190)",0.0,0.23333333333333334,97693465.27708334,97153327.0
"(7, 310, np.float64(0.7000000000000001), 200)",0.0,0.075,96252367.89583333,95823801.5
"(7, 310, np.float64(0.7000000000000001), 210)",0.0,0.03333333333333333,95317105.86458333,94990480.5
"(7, 310, np.float64(0.8), 120)",0.0,0.4875,107171567.22916667,106973426.5
"(7, 310, np.float64(0.8), 130)",0.0,0.6020833333333333,107699470.48333333,107177625.0
"(7, 310, np.float64(0.8), 140)",0.0,0.6833333333333333,106433821.7,106248539.0
"(7, 310, np.float64(0.8), 150)",0.0,0.7625,103622961.8625,103282525.5
"(7, 310, np.float64(0.8), 160)",0.0,0.7979166666666667,100934532.47708334,100482074.5
"(7, 310, np.float64(0.8), 170)",0.0,0.8083333333333333,100259213.65208334,99719821.0
"(7, 310, np.float64(0.8), 180)",0.0,0.5854166666666667,100135422.15833333,99541050.0
"(7, 310, np.float64(0.8), 190)",0.0,0.22916666666666666,97665033.90416667,97109295.0
"(7, 310, np.float64(0.8), 200)",0.0,0.07083333333333333,96593415.39583333,96117255.5
"(7, 310, np.float64(0.8), 210)",0.0,0.03333333333333333,94844094.46875,94563188.5
"(7, 310, np.float64(0.9), 120)",0.0,0.05625,105358303.38125,105093400.0
"(7, 310, np.float64(0.9), 130)",0.0,0.0875,106429908.35208334,105804320.0
"(7, 310, np.float64(0.9), 140)",0.0,0.10625,106891611.80833334,106672307.0
"(7, 310, np.float64(0.9), 150)",0.0,0.11458333333333333,103525411.58125,103210799.5
"(7, 310, np.float64(0.9), 160)",0.0,0.12083333333333333,102258282.01041667,101770584.5
"(7, 310, np.float64(0.9), 170)",0.0,0.12916666666666668,100529357.64791666,100132779.5
"(7, 310, np.float64(0.9), 180)",0.0,0.07291666666666667,99526476.29583333,98969818.0
"(7, 310, np.float64(0.9), 190)",0.0,0.016666666666666666,97395582.55833334,97136654.5
"(7, 310, np.float64(0.9), 200)",0.0,0.0125,96083700.68541667,95482658.0
"(7, 310, np.float64(0.9), 210)",0.0,0.0020833333333333333,95354708.28333333,95318402.0
"(7, 320, np.float64(0.1), 120)",0.0,0.46041666666666664,106915780.2375,106582445.5
"(7, 320, np.float64(0.1), 130)",0.0,0.5833333333333334,108943537.04791667,108330702.0
"(7, 320, np.float64(0.1), 140)",0.0,0.63125,107522375.95208333,107422348.5
"(7, 320, np.float64(0.1), 150)",0.0,0.7479166666666667,105539866.325,105098963.0
"(7, 320, np.float64(0.1), 160)",0.0,0.7916666666666666,102284748.78541666,101522569.0
"(7, 320, np.float64(0.1), 170)",0.0,0.80625,99257864.11458333,98320956.5
"(7, 320, np.float64(0.1), 180)",0.0,0.5791666666666667,99222954.45625,98801218.0
"(7, 320, np.float64(0.1), 190)",0.0,0.23333333333333334,99185060.0125,98545009.0
"(7, 320, np.float64(0.1), 200)",0.0,0.075,95735295.75208333,95285765.5
"(7, 320, np.float64(0.1), 210)",0.0,0.03333333333333333,95402403.26041667,94824944.0
"(7, 320, np.float64(0.2), 120)",0.0,0.46041666666666664,106283308.58333333,106226222.0
"(7, 320, np.float64(0.2), 130)",0.0,0.5833333333333334,108224181.47708334,107309971.0
"(7, 320, np.float64(0.2), 140)",0.0,0.63125,106191765.92291667,105553940.5
"(7, 320, np.float64(0.2), 150)",0.0,0.7479166666666667,104198388.15833333,104003811.0
"(7, 320, np.float64(0.2), 160)",0.0,0.7916666666666666,102464174.59166667,101774576.5
"(7, 320, np.float64(0.2), 170)",0.0,0.80625,100936268.44791667,100302837.5
"(7, 320, np.float64(0.2), 180)",0.0,0.5791666666666667,100335218.11458333,99858235.5
"(7, 320, np.float64(0.2), 190)",0.0,0.23333333333333334,97761279.18541667,96897131.5
"(7, 320, np.float64(0.2), 200)",0.0,0.075,96873815.73958333,96111542.0
"(7, 320, np.float64(0.2), 210)",0.0,0.03333333333333333,95270443.46875,95141742.0
"(7, 320, np.float64(0.30000000000000004), 120)",0.0,0.46041666666666664,106618698.39375,106093398.5
"(7, 320, np.float64(0.30000000000000004), 130)",0.0,0.5833333333333334,108312114.16458334,107811654.5
"(7, 320, np.float64(0.30000000000000004), 140)",0.0,0.63125,108239485.56458333,108076925.0
"(7, 320, np.float64(0.30000000000000004), 150)",0.0,0.7479166666666667,105646495.84583333,104884638.5
"(7, 320, np.float64(0.30000000000000004), 160)",0.0,0.7916666666666666,101139517.40625,100689904.5
"(7, 320, np.float64(0.30000000000000004), 170)",0.0,0.80625,99642855.58958334,99080289.5
"(7, 320, np.float64(0.30000000000000004), 180)",0.0,0.5791666666666667,98312766.28125,97894753.0
"(7, 320, np.float64(0.30000000000000004), 190)",0.0,0.23333333333333334,98515932.72916667,98061569.0
"(7, 320, np.float64(0.30000000000000004), 200)",0.0,0.075,95895662.80208333,95551522.5
"(7, 320, np.float64(0.30000000000000004), 210)",0.0,0.03333333333333333,95627672.46666667,95259716.0
"(7, 320, np.float64(0.4), 120)",0.0,0.46041666666666664,106135867.48125,106150378.5
"(7, 320, np.float64(0.4), 130)",0.0,0.5833333333333334,107612102.2125,107420830.0
"(7, 320, np.float64(0.4), 140)",0.0,0.63125,106991317.76041667,106565201.5
"(7, 320, np.float64(0.4), 150)",0.0,0.7479166666666667,105363579.1375,105076280.5
"(7, 320, np.float64(0.4), 160)",0.0,0.7916666666666666,101434157.56875,101119975.0
"(7, 320, np.float64(0.4), 170)",0.0,0.80625,98868368.49583334,98593519.0
"(7, 320, np.float64(0.4), 180)",0.0,0.5791666666666667,100725504.08333333,100141926.5
"(7, 320, np.float64(0.4), 190)",0.0,0.23333333333333334,97763545.59791666,96976264.5
"(7, 320, np.float64(0.4), 200)",0.0,0.075,96798560.5625,96240192.0
"(7, 320, np.float64(0.4), 210)",0.0,0.03333333333333333,95602763.78541666,95435881.5
"(7, 320, np.float64(0.5), 120)",0.0,0.46041666666666664,106324007.19166666,106286595.0
"(7, 320, np.float64(0.5), 130)",0.0,0.5833333333333334,107843436.82708333,107402866.5
"(7, 320, np.float64(0.5), 140)",0.0,0.63125,106554112.04166667,106265061.5
"(7, 320, np.float64(0.5), 150)",0.0,0.7479166666666667,103851583.80625,103756164.5
"(7, 320, np.float64(0.5), 160)",0.0,0.7916666666666666,100829154.14583333,100256137.0
"(7, 320, np.float64(0.5), 170)",0.0,0.80625,100570818.10625,99934067.5
"(7, 320, np.float64(0.5), 180)",0.0,0.5791666666666667,100247983.56875,99962551.5
"(7, 320, np.float64(0.5), 190)",0.0,0.23333333333333334,99377301.63125,98695094.0
"(7, 320, np.float64(0.5), 200)",0.0,0.075,96641203.36458333,95963038.0
"(7, 320, np.float64(0.5), 210)",0.0,0.03333333333333333,94721646.26458333,94397046.5
"(7, 320, np.float64(0.6), 120)",0.0,0.46458333333333335,105637700.25208333,105683449.5
"(7, 320, np.float64(0.6), 130)",0.0,0.5854166666666667,107486886.94583334,107140755.0
"(7, 320, np.float64(0.6), 140)",0.0,0.6375,106588203.56041667,106138672.5
"(7, 320, np.float64(0.6), 150)",0.0,0.7520833333333333,104799544.25,104477442.0
"(7, 320, np.float64(0.6), 160)",0.0,0.7958333333333333,101734306.7875,101499498.0
"(7, 320, np.float64(0.6), 170)",0.0,0.80625,101356859.25208333,101092801.0
"(7, 320, np.float64(0.6), 180)",0.0,0.5791666666666667,99485722.0625,99004185.0
"(7, 320, np.float64(0.6), 190)",0.0,0.23333333333333334,98042738.3375,97159511.5
"(7, 320, np.float64(0.6), 200)",0.0,0.075,96365721.25208333,96056129.0
"(7, 320, np.float64(0.6), 210)",0.0,0.03333333333333333,95125994.12708333,94949980.5
"(7, 320, np.float64(0.7000000000000001), 120)",0.0,0.46458333333333335,105448527.125,105209456.5
"(7, 320, np.float64(0.7000000000000001), 130)",0.0,0.5895833333333333,107074048.54583333,106593157.0
"(7, 320, np.float64(0.7000000000000001), 140)",0.0,0.6479166666666667,106239040.66875,105596540.5
"(7, 320, np.float64(0.7000000000000001), 150)",0.0,0.7583333333333333,103900316.44583334,103195817.5
"(7, 320, np.float64(0.7000000000000001), 160)",0.0,0.8,102306293.62916666,101483007.5
"(7, 320, np.float64(0.7000000000000001), 170)",0.0,0.8125,100182167.51458333,99609485.5
"(7, 320, np.float64(0.7000000000000001), 180)",0.0,0.58125,98687164.13541667,98013021.5
"(7, 320, np.float64(0.7000000000000001), 190)",0.0,0.23333333333333334,98847429.83333333,98336076.5
"(7, 320, np.float64(0.7000000000000001), 200)",0.0,0.075,96583662.5,95911211.0
"(7, 320, np.float64(0.7000000000000001), 210)",0.0,0.03333333333333333,94747204.8625,94500341.0
"(7, 320, np.float64(0.8), 120)",0.0,0.4895833333333333,104886310.60625,104614417.0
"(7, 320, np.float64(0.8), 130)",0.0,0.6041666666666666,106863510.05208333,105894160.0
"(7, 320, np.float64(0.8), 140)",0.0,0.6854166666666667,107725023.32083334,106922426.0
"(7, 320, np.float64(0.8), 150)",0.0,0.7645833333333333,103827045.3125,103775763.0
"(7, 320, np.float64(0.8), 160)",0.0,0.8,100960958.4375,100582334.5
"(7, 320, np.float64(0.8), 170)",0.0,0.8083333333333333,101226445.58958334,100711109.0
"(7, 320, np.float64(0.8), 180)",0.0,0.5854166666666667,98826358.20416667,98372062.0
"(7, 320, np.float64(0.8), 190)",0.0,0.22916666666666666,97375023.38333334,96913455.5
"(7, 320, np.float64(0.8), 200)",0.0,0.07083333333333333,96078357.52916667,95478264.0
"(7, 320, np.float64(0.8), 210)",0.0,0.03333333333333333,95042099.55416666,94784335.0
"(7, 320, np.float64(0.9), 120)",0.0,0.05625,105847890.175,105636429.5
"(7, 320, np.float64(0.9), 130)",0.0,0.0875,107163436.01458333,106833820.0
"(7, 320, np.float64(0.9), 140)",0.0,0.10625,106287722.90625,105904046.0
"(7, 320, np.float64(0.9), 150)",0.0,0.11458333333333333,103588286.03125,103546647.0
"(7, 320, np.float64(0.9), 160)",0.0,0.12083333333333333,100965057.82291667,100236383.0
"(7, 320, np.float64(0.9), 170)",0.0,0.12916666666666668,98338882.6375,97589724.5
"(7, 320, np.float64(0.9), 180)",0.0,0.07291666666666667,99713431.01666667,99428043.5
"(7, 320, np.float64(0.9), 190)",0.0,0.016666666666666666,97853288.46041666,97225451.5
"(7, 320, np.float64(0.9), 200)",0.0,0.0125,96072679.35208334,95282593.5
"(7, 320, np.float64(0.9), 210)",0.0,0.0020833333333333333,96147701.25833334,95904505.5
"(7, 330, np.float64(0.1), 120)",0.0,0.4625,106019558.90208334,106021260.5
"(7, 330, np.float64(0.1), 130)",0.0,0.5895833333333333,107800870.04583333,107146598.5
"(7, 330, np.float64(0.1), 140)",0.0,0.6395833333333333,107222426.12916666,107071085.5
"(7, 330, np.float64(0.1), 150)",0.0,0.7479166666666667,105110141.46666667,104806172.5
"(7, 330, np.float64(0.1), 160)",0.0,0.7916666666666666,102718982.74583334,101956835.5
"(7, 330, np.float64(0.1), 170)",0.0,0.8083333333333333,100699366.85833333,100062558.5
"(7, 330, np.float64(0.1), 180)",0.0,0.5791666666666667,99021622.53958334,98439308.5
"(7, 330, np.float64(0.1), 190)",0.0,0.23333333333333334,98207242.27291666,97592335.5
"(7, 330, np.float64(0.1), 200)",0.0,0.07708333333333334,96490075.51041667,95946838.0
"(7, 330, np.float64(0.1), 210)",0.0,0.03333333333333333,95200943.04375,94757347.0
"(7, 330, np.float64(0.2), 120)",0.0,0.4625,106602594.43958333,106769347.5
"(7, 330, np.float64(0.2), 130)",0.0,0.5895833333333333,108812748.42916666,108678154.5
"(7, 330, np.float64(0.2), 140)",0.0,0.6395833333333333,107201982.57291667,106912927.0
"(7, 330, np.float64(0.2), 150)",0.0,0.7479166666666667,104556852.525,104153048.5
"(7, 330, np.float64(0.2), 160)",0.0,0.7916666666666666,102209578.28333333,101507066.0
"(7, 330, np.float64(0.2), 170)",0.0,0.8083333333333333,100991060.6,100450287.5
"(7, 330, np.float64(0.2), 180)",0.0,0.5791666666666667,98222086.51458333,97669990.0
"(7, 330, np.float64(0.2), 190)",0.0,0.23333333333333334,99157228.46041666,98768131.0
"(7, 330, np.float64(0.2), 200)",0.0,0.07708333333333334,96674736.72916667,96053408.0
"(7, 330, np.float64(0.2), 210)",0.0,0.03333333333333333,94974064.01458333,94533358.0
"(7, 330, np.float64(0.30000000000000004), 120)",0.0,0.4625,105817514.01666667,105300933.5
"(7, 330, np.float64(0.30000000000000004), 130)",0.0,0.5895833333333333,107779399.84583333,107583382.0
"(7, 330, np.float64(0.30000000000000004), 140)",0.0,0.6395833333333333,107126258.8875,106479922.5
"(7, 330, np.float64(0.30000000000000004), 150)",0.0,0.7479166666666667,105212704.91666667,104945808.5
"(7, 330, np.float64(0.30000000000000004), 160)",0.0,0.7916666666666666,102652397.99166666,101716088.0
"(7, 330, np.float64(0.30000000000000004), 170)",0.0,0.8083333333333333,101199721.20416667,100593233.5
"(7, 330, np.float64(0.30000000000000004), 180)",0.0,0.5791666666666667,99476615.4625,98734811.0
"(7, 330, np.float64(0.30000000000000004), 190)",0.0,0.23333333333333334,97298902.14166667,96621022.0
"(7, 330, np.float64(0.30000000000000004), 200)",0.0,0.07708333333333334,96866899.02083333,96406687.0
"(7, 330, np.float64(0.30000000000000004), 210)",0.0,0.03333333333333333,95624500.41041666,95206075.5
"(7, 330, np.float64(0.4), 120)",0.0,0.4625,105984762.88333334,105853423.5
"(7, 330, np.float64(0.4), 130)",0.0,0.5895833333333333,108216505.48958333,107343214.0
"(7, 330, np.float64(0.4), 140)",0.0,0.6395833333333333,106715808.675,106543728.0
"(7, 330, np.float64(0.4), 150)",0.0,0.7479166666666667,103792105.72916667,103328593.5
"(7, 330, np.float64(0.4), 160)",0.0,0.7916666666666666,102734836.43958333,102173212.0
"(7, 330, np.float64(0.4), 170)",0.0,0.8083333333333333,100941080.3375,100404062.0
"(7, 330, np.float64(0.4), 180)",0.0,0.5791666666666667,98247361.45208333,97659896.5
"(7, 330, np.float64(0.4), 190)",0.0,0.23333333333333334,98977836.41458334,98070496.5
"(7, 330, np.float64(0.4), 200)",0.0,0.07708333333333334,96535954.23541667,96190732.0
"(7, 330, np.float64(0.4), 210)",0.0,0.03333333333333333,94898125.79375,94609786.5
"(7, 330, np.float64(0.5), 120)",0.0,0.4625,105615027.13541667,105511378.5
"(7, 330, np.float64(0.5), 130)",0.0,0.5895833333333333,106999179.08958334,106506890.5
"(7, 330, np.float64(0.5), 140)",0.0,0.6395833333333333,106927923.525,106719710.5
"(7, 330, np.float64(0.5), 150)",0.0,0.7479166666666667,104919538.11666666,104371965.0
"(7, 330, np.float64(0.5), 160)",0.0,0.7916666666666666,102288797.66041666,101752637.0
"(7, 330, np.float64(0.5), 170)",0.0,0.8083333333333333,100890597.79375,100464065.5
"(7, 330, np.float64(0.5), 180)",0.0,0.5791666666666667,99146098.87083334,98516462.0
"(7, 330, np.float64(0.5), 190)",0.0,0.23333333333333334,97551992.5125,96885685.5
"(7, 330, np.float64(0.5), 200)",0.0,0.07708333333333334,96459595.66875,95780232.0
"(7, 330, np.float64(0.5), 210)",0.0,0.03333333333333333,95186325.69375,94880419.0
"(7, 330, np.float64(0.6), 120)",0.0,0.4666666666666667,105860232.73125,105368055.5
"(7, 330, np.float64(0.6), 130)",0.0,0.5916666666666667,107734462.68958333,106789061.0
"(7, 330, np.float64(0.6), 140)",0.0,0.6458333333333334,106426100.55,106183057.5
"(7, 330, np.float64(0.6), 150)",0.0,0.7520833333333333,104037931.125,103563611.0
"(7, 330, np.float64(0.6), 160)",0.0,0.7958333333333333,102084060.79583333,101651137.0
"(7, 330, np.float64(0.6), 170)",0.0,0.8083333333333333,100389049.0625,100014043.5
"(7, 330, np.float64(0.6), 180)",0.0,0.5791666666666667,98207804.06458333,97581796.5
"(7, 330, np.float64(0.6), 190)",0.0,0.23333333333333334,97160530.84791666,96404367.5
"(7, 330, np.float64(0.6), 200)",0.0,0.07708333333333334,97674145.29583333,97209305.0
"(7, 330, np.float64(0.6), 210)",0.0,0.03333333333333333,95359082.51875,94857812.0
"(7, 330, np.float64(0.7000000000000001), 120)",0.0,0.4666666666666667,106018809.99791667,106028712.0
"(7, 330, np.float64(0.7000000000000001), 130)",0.0,0.5958333333333333,106899022.8,106372495.0
"(7, 330, np.float64(0.7000000000000001), 140)",0.0,0.65625,105966934.67708333,105296735.5
"(7, 330, np.float64(0.7000000000000001), 150)",0.0,0.7583333333333333,104598738.08125,104068934.0
"(7, 330, np.float64(0.7000000000000001), 160)",0.0,0.8,102157048.48958333,101836354.0
"(7, 330, np.float64(0.7000000000000001), 170)",0.0,0.8145833333333333,100636343.86666666,100206852.0
"(7, 330, np.float64(0.7000000000000001), 180)",0.0,0.58125,98911508.83541666,98482672.5
"(7, 330, np.float64(0.7000000000000001), 190)",0.0,0.23333333333333334,97177432.8375,96441725.0
"(7, 330, np.float64(0.7000000000000001), 200)",0.0,0.07708333333333334,96505781.37708333,96200138.5
"(7, 330, np.float64(0.7000000000000001), 210)",0.0,0.03333333333333333,95444859.7125,95189667.0
"(7, 330, np.float64(0.8), 120)",0.0,0.4979166666666667,105446570.94791667,105194950.0
"(7, 330, np.float64(0.8), 130)",0.0,0.6104166666666667,107492150.26041667,106992294.0
"(7, 330, np.float64(0.8), 140)",0.0,0.6916666666666667,106327314.84583333,105894032.5
"(7, 330, np.float64(0.8), 150)",0.0,0.7645833333333333,102927524.2875,102842609.5
"(7, 330, np.float64(0.8), 160)",0.0,0.8,101625553.01458333,100740512.5
"(7, 330, np.float64(0.8), 170)",0.0,0.8104166666666667,100268208.63333334,99747261.0
"(7, 330, np.float64(0.8), 180)",0.0,0.5854166666666667,98991157.49791667,98749251.5
"(7, 330, np.float64(0.8), 190)",0.0,0.22916666666666666,97382278.24375,96855978.5
"(7, 330, np.float64(0.8), 200)",0.0,0.07291666666666667,97067631.96875,96287031.5
"(7, 330, np.float64(0.8), 210)",0.0,0.03333333333333333,94694903.9,94420040.5
"(7, 330, np.float64(0.9), 120)",0.0,0.05625,105687827.96458334,105579509.5
"(7, 330, np.float64(0.9), 130)",0.0,0.0875,107940811.78541666,107598421.0
"(7, 330, np.float64(0.9), 140)",0.0,0.10625,105550455.69166666,104919670.5
"(7, 330, np.float64(0.9), 150)",0.0,0.11458333333333333,104763042.22708334,104469578.5
"(7, 330, np.float64(0.9), 160)",0.0,0.12083333333333333,101875258.02083333,101514217.5
"(7, 330, np.float64(0.9), 170)",0.0,0.12916666666666668,99443160.20833333,98893847.0
"(7, 330, np.float64(0.9), 180)",0.0,0.07291666666666667,99026926.4875,98430172.0
"(7, 330, np.float64(0.9), 190)",0.0,0.016666666666666666,97414068.56875,97145194.0
"(7, 330, np.float64(0.9), 200)",0.0,0.0125,96443908.81875,96163424.0
"(7, 330, np.float64(0.9), 210)",0.0,0.0020833333333333333,95861530.83958334,95661248.0
"(7, 340, np.float64(0.1), 120)",0.0,0.46458333333333335,106428917.975,106321876.5
"(7, 340, np.float64(0.1), 130)",0.0,0.5916666666666667,108934390.97708334,108131118.0
"(7, 340, np.float64(0.1), 140)",0.0,0.6395833333333333,107819604.13333334,107496097.0
"(7, 340, np.float64(0.1), 150)",0.0,0.75,104709941.83541666,104228666.0
"(7, 340, np.float64(0.1), 160)",0.0,0.7916666666666666,100926886.83125,100311610.0
"(7, 340, np.float64(0.1), 170)",0.0,0.81875,100346707.72708334,99756999.5
"(7, 340, np.float64(0.1), 180)",0.0,0.5791666666666667,98747326.3125,97884587.5
"(7, 340, np.float64(0.1), 190)",0.0,0.23333333333333334,97057197.71666667,96493703.5
"(7, 340, np.float64(0.1), 200)",0.0,0.07708333333333334,98023124.27291666,97405610.5
"(7, 340, np.float64(0.1), 210)",0.0,0.03333333333333333,96204130.325,95836928.0
"(7, 340, np.float64(0.2), 120)",0.0,0.46458333333333335,106126125.29791667,105680939.0
"(7, 340, np.float64(0.2), 130)",0.0,0.5916666666666667,108030171.97916667,107079031.5
"(7, 340, np.float64(0.2), 140)",0.0,0.6395833333333333,107121226.67708333,106649048.5
"(7, 340, np.float64(0.2), 150)",0.0,0.75,105154323.775,104597647.5
"(7, 340, np.float64(0.2), 160)",0.0,0.7916666666666666,102646237.94583334,101841623.0
"(7, 340, np.float64(0.2), 170)",0.0,0.81875,100544826.47708334,99982471.0
"(7, 340, np.float64(0.2), 180)",0.0,0.5791666666666667,99386227.83541666,99009292.0
"(7, 340, np.float64(0.2), 190)",0.0,0.23333333333333334,97539979.77916667,96943604.0
"(7, 340, np.float64(0.2), 200)",0.0,0.07708333333333334,96572864.90416667,96298398.0
"(7, 340, np.float64(0.2), 210)",0.0,0.03333333333333333,95319756.78541666,95121331.0
"(7, 340, np.float64(0.30000000000000004), 120)",0.0,0.46458333333333335,106426400.36041667,106366013.0
"(7, 340, np.float64(0.30000000000000004), 130)",0.0,0.5916666666666667,109305225.85208334,108910979.0
"(7, 340, np.float64(0.30000000000000004), 140)",0.0,0.6395833333333333,106922395.28541666,106959791.5
"(7, 340, np.float64(0.30000000000000004), 150)",0.0,0.75,104388183.85208334,103761888.5
"(7, 340, np.float64(0.30000000000000004), 160)",0.0,0.7916666666666666,101206606.49583334,100693816.0
"(7, 340, np.float64(0.30000000000000004), 170)",0.0,0.81875,100492629.44583334,99929572.5
"(7, 340, np.float64(0.30000000000000004), 180)",0.0,0.5791666666666667,99838124.875,98932026.0
"(7, 340, np.float64(0.30000000000000004), 190)",0.0,0.23333333333333334,97223788.3125,96403224.5
"(7, 340, np.float64(0.30000000000000004), 200)",0.0,0.07708333333333334,96065128.75833334,95611134.0
"(7, 340, np.float64(0.30000000000000004), 210)",0.0,0.03333333333333333,95731210.49166666,95131715.0
"(7, 340, np.float64(0.4), 120)",0.0,0.46458333333333335,106226931.39583333,106184128.0
"(7, 340, np.float64(0.4), 130)",0.0,0.5916666666666667,107271357.83958334,106464322.0
"(7, 340, np.float64(0.4), 140)",0.0,0.6395833333333333,106957768.22083333,106446887.5
"(7, 340, np.float64(0.4), 150)",0.0,0.75,104346906.64375,103880704.5
"(7, 340, np.float64(0.4), 160)",0.0,0.7916666666666666,102423039.07291667,101564052.0
"(7, 340, np.float64(0.4), 170)",0.0,0.81875,100272436.35833333,99740725.0
"(7, 340, np.float64(0.4), 180)",0.0,0.5791666666666667,99143456.47083333,98610677.5
"(7, 340, np.float64(0.4), 190)",0.0,0.23333333333333334,97652999.98125,96926401.0
"(7, 340, np.float64(0.4), 200)",0.0,0.07708333333333334,96160475.42708333,95590811.0
"(7, 340, np.float64(0.4), 210)",0.0,0.03333333333333333,96341392.76041667,96036453.0
"(7, 340, np.float64(0.5), 120)",0.0,0.46458333333333335,106464438.30416666,106136461.5
"(7, 340, np.float64(0.5), 130)",0.0,0.5916666666666667,107547223.31458333,106487547.0
"(7, 340, np.float64(0.5), 140)",0.0,0.6395833333333333,107949804.43958333,107700947.5
"(7, 340, np.float64(0.5), 150)",0.0,0.75,104539245.33541666,104166224.0
"(7, 340, np.float64(0.5), 160)",0.0,0.7916666666666666,102090400.1125,101729977.0
"(7, 340, np.float64(0.5), 170)",0.0,0.81875,100412932.18125,99945301.5
"(7, 340, np.float64(0.5), 180)",0.0,0.5791666666666667,99061605.94375,98477915.0
"(7, 340, np.float64(0.5), 190)",0.0,0.23333333333333334,97037259.7875,96241621.0
"(7, 340, np.float64(0.5), 200)",0.0,0.07708333333333334,95768880.79583333,95094899.0
"(7, 340, np.float64(0.5), 210)",0.0,0.03333333333333333,95376642.15416667,94949120.0
"(7, 340, np.float64(0.6), 120)",0.0,0.46875,106286850.88125,105988328.0
"(7, 340, np.float64(0.6), 130)",0.0,0.59375,107047889.5,106639772.0
"(7, 340, np.float64(0.6), 140)",0.0,0.6458333333333334,105923058.12916666,105436169.0
"(7, 340, np.float64(0.6), 150)",0.0,0.7541666666666667,104015373.65208334,103756057.0
"(7, 340, np.float64(0.6), 160)",0.0,0.7958333333333333,102282421.7875,101559240.5
"(7, 340, np.float64(0.6), 170)",0.0,0.81875,100963049.2375,100507425.5
"(7, 340, np.float64(0.6), 180)",0.0,0.5791666666666667,98963154.59583333,98335857.0
"(7, 340, np.float64(0.6), 190)",0.0,0.23333333333333334,97583752.79375,96824146.5
"(7, 340, np.float64(0.6), 200)",0.0,0.07708333333333334,95867791.18541667,95409676.0
"(7, 340, np.float64(0.6), 210)",0.0,0.03333333333333333,95630647.06875,95195855.5
"(7, 340, np.float64(0.7000000000000001), 120)",0.0,0.46875,106029213.99791667,105800513.0
"(7, 340, np.float64(0.7000000000000001), 130)",0.0,0.5979166666666667,108648467.51041667,107765717.5
"(7, 340, np.float64(0.7000000000000001), 140)",0.0,0.65625,106365587.66666667,106605282.5
"(7, 340, np.float64(0.7000000000000001), 150)",0.0,0.7604166666666666,104380229.40833333,104163914.0
"(7, 340, np.float64(0.7000000000000001), 160)",0.0,0.8,102303634.82708333,101687069.5
"(7, 340, np.float64(0.7000000000000001), 170)",0.0,0.825,100589095.76041667,99967359.5
"(7, 340, np.float64(0.7000000000000001), 180)",0.0,0.58125,98779801.55416666,98156372.0
"(7, 340, np.float64(0.7000000000000001), 190)",0.0,0.23333333333333334,97245960.01041667,96705328.0
"(7, 340, np.float64(0.7000000000000001), 200)",0.0,0.07708333333333334,96419796.62083334,96093914.5
"(7, 340, np.float64(0.7000000000000001), 210)",0.0,0.03333333333333333,94682610.37291667,94223089.5
"(7, 340, np.float64(0.8), 120)",0.0,0.5,105183065.82083334,104944452.0
"(7, 340, np.float64(0.8), 130)",0.0,0.6104166666666667,107607344.13333334,106859699.0
"(7, 340, np.float64(0.8), 140)",0.0,0.6916666666666667,106027738.55833334,105909293.0
"(7, 340, np.float64(0.8), 150)",0.0,0.7666666666666667,103631549.25625,103298600.5
"(7, 340, np.float64(0.8), 160)",0.0,0.8,101370455.47708334,100917106.5
"(7, 340, np.float64(0.8), 170)",0.0,0.8229166666666666,100766118.10416667,100318621.0
"(7, 340, np.float64(0.8), 180)",0.0,0.5854166666666667,99232456.70208333,98586943.5
"(7, 340, np.float64(0.8), 190)",0.0,0.22916666666666666,97113384.20208333,96549094.5
"(7, 340, np.float64(0.8), 200)",0.0,0.07291666666666667,96562635.18333334,96271601.5
"(7, 340, np.float64(0.8), 210)",0.0,0.03333333333333333,95637349.89166667,95561465.5
"(7, 340, np.float64(0.9), 120)",0.0,0.05625,105884613.25625,105740234.5
"(7, 340, np.float64(0.9), 130)",0.0,0.0875,108365950.20416667,107779510.0
"(7, 340, np.float64(0.9), 140)",0.0,0.10625,106528090.23125,106317007.5
"(7, 340, np.float64(0.9), 150)",0.0,0.11458333333333333,102976547.60625,102383616.5
"(7, 340, np.float64(0.9), 160)",0.0,0.12083333333333333,100836285.28541666,100334173.5
"(7, 340, np.float64(0.9), 170)",0.0,0.12916666666666668,99817088.90208334,99554320.5
"(7, 340, np.float64(0.9), 180)",0.0,0.07291666666666667,100588828.29375,99890960.0
"(7, 340, np.float64(0.9), 190)",0.0,0.016666666666666666,97798366.42291667,97421284.0
"(7, 340, np.float64(0.9), 200)",0.0,0.0125,95760516.4,95135321.5
"(7, 340, np.float64(0.9), 210)",0.0,0.0020833333333333333,95683159.41875,95220694.0
"(7, 350, np.float64(0.1), 120)",0.0,0.46875,106336357.40208334,106256263.0
"(7, 350, np.float64(0.1), 130)",0.0,0.59375,108148084.86041667,107407942.0
"(7, 350, np.float64(0.1), 140)",0.0,0.6416666666666667,107445569.66458334,106907714.0
"(7, 350, np.float64(0.1), 150)",0.0,0.75,105743618.66041666,105103921.5
"(7, 350, np.float64(0.1), 160)",0.0,0.7958333333333333,102074837.8625,101366042.5
"(7, 350, np.float64(0.1), 170)",0.0,0.8229166666666666,101124322.62708333,100558026.5
"(7, 350, np.float64(0.1), 180)",0.0,0.5791666666666667,98583645.35208334,98204965.5
"(7, 350, np.float64(0.1), 190)",0.0,0.23333333333333334,97599552.65833333,96831208.5
"(7, 350, np.float64(0.1), 200)",0.0,0.07708333333333334,96394956.79791667,95617254.0
"(7, 350, np.float64(0.1), 210)",0.0,0.035416666666666666,95943041.70208333,95661377.0
"(7, 350, np.float64(0.2), 120)",0.0,0.46875,106294903.56458333,105863078.5
"(7, 350, np.float64(0.2), 130)",0.0,0.59375,108061961.3125,107118278.0
"(7, 350, np.float64(0.2), 140)",0.0,0.6416666666666667,107539453.24375,107336559.0
"(7, 350, np.float64(0.2), 150)",0.0,0.75,105292151.38333334,104805563.0
"(7, 350, np.float64(0.2), 160)",0.0,0.7958333333333333,101700859.06041667,101233113.0
"(7, 350, np.float64(0.2), 170)",0.0,0.8229166666666666,100882507.23125,100300657.5
"(7, 350, np.float64(0.2), 180)",0.0,0.5791666666666667,98448769.95833333,97706116.5
"(7, 350, np.float64(0.2), 190)",0.0,0.23333333333333334,98866622.10416667,98077633.0
"(7, 350, np.float64(0.2), 200)",0.0,0.07708333333333334,96268953.98333333,95776503.5
"(7, 350, np.float64(0.2), 210)",0.0,0.035416666666666666,95343228.34375,94931555.0
"(7, 350, np.float64(0.30000000000000004), 120)",0.0,0.46875,106899112.95833333,107069176.5
"(7, 350, np.float64(0.30000000000000004), 130)",0.0,0.59375,107678827.35833333,106983239.0
"(7, 350, np.float64(0.30000000000000004), 140)",0.0,0.6416666666666667,107106705.15,106539846.0
"(7, 350, np.float64(0.30000000000000004), 150)",0.0,0.75,105307560.125,104935829.0
"(7, 350, np.float64(0.30000000000000004), 160)",0.0,0.7958333333333333,101066127.39583333,100596332.5
"(7, 350, np.float64(0.30000000000000004), 170)",0.0,0.8229166666666666,100365009.38958333,100010583.5
"(7, 350, np.float64(0.30000000000000004), 180)",0.0,0.5791666666666667,98374853.46458334,97669379.5
"(7, 350, np.float64(0.30000000000000004), 190)",0.0,0.23333333333333334,99239078.4,98582094.5
"(7, 350, np.float64(0.30000000000000004), 200)",0.0,0.07708333333333334,96923047.08333333,96283805.0
"(7, 350, np.float64(0.30000000000000004), 210)",0.0,0.035416666666666666,94975110.70833333,94656494.5
"(7, 350, np.float64(0.4), 120)",0.0,0.46875,105763264.80208333,105673045.0
"(7, 350, np.float64(0.4), 130)",0.0,0.59375,109345911.25833334,108884705.5
"(7, 350, np.float64(0.4), 140)",0.0,0.6416666666666667,106837364.83125,106124325.0
"(7, 350, np.float64(0.4), 150)",0.0,0.75,103597675.43958333,102968667.0
"(7, 350, np.float64(0.4), 160)",0.0,0.7958333333333333,101459127.82291667,100843155.0
"(7, 350, np.float64(0.4), 170)",0.0,0.8229166666666666,100965295.725,100186776.0
"(7, 350, np.float64(0.4), 180)",0.0,0.5791666666666667,98990769.93541667,98420001.0
"(7, 350, np.float64(0.4), 190)",0.0,0.23333333333333334,98942196.22083333,98309859.5
"(7, 350, np.float64(0.4), 200)",0.0,0.07708333333333334,95507486.38958333,95106924.5
"(7, 350, np.float64(0.4), 210)",0.0,0.035416666666666666,95336420.56666666,94963680.5
"(7, 350, np.float64(0.5), 120)",0.0,0.46875,105919803.11666666,105933037.0
"(7, 350, np.float64(0.5), 130)",0.0,0.59375,108225657.83541666,108155553.5
"(7, 350, np.float64(0.5), 140)",0.0,0.6416666666666667,108097587.22916667,107951040.5
"(7, 350, np.float64(0.5), 150)",0.0,0.75,104197875.12083334,104083672.5
"(7, 350, np.float64(0.5), 160)",0.0,0.7958333333333333,101257855.30625,100715736.0
"(7, 350, np.float64(0.5), 170)",0.0,0.8229166666666666,100482640.79583333,99811821.5
"(7, 350, np.float64(0.5), 180)",0.0,0.5791666666666667,98558844.64166667,98066802.5
"(7, 350, np.float64(0.5), 190)",0.0,0.23333333333333334,97301195.14791666,96651080.0
"(7, 350, np.float64(0.5), 200)",0.0,0.07708333333333334,96734127.58958334,96289407.0
"(7, 350, np.float64(0.5), 210)",0.0,0.035416666666666666,95425649.15416667,95149784.0
"(7, 350, np.float64(0.6), 120)",0.0,0.47291666666666665,105398400.09583333,105374815.0
"(7, 350, np.float64(0.6), 130)",0.0,0.5958333333333333,107123638.6625,106431530.5
"(7, 350, np.float64(0.6), 140)",0.0,0.6479166666666667,107520857.26458333,107505177.5
"(7, 350, np.float64(0.6), 150)",0.0,0.7541666666666667,103655594.49375,103053462.0
"(7, 350, np.float64(0.6), 160)",0.0,0.8,100877894.90833333,100697309.0
"(7, 350, np.float64(0.6), 170)",0.0,0.8229166666666666,100676827.62708333,100106058.0
"(7, 350, np.float64(0.6), 180)",0.0,0.5791666666666667,98228275.96458334,97581014.5
"(7, 350, np.float64(0.6), 190)",0.0,0.23333333333333334,97702477.76875,97455108.0
"(7, 350, np.float64(0.6), 200)",0.0,0.07708333333333334,97108654.8875,96500617.5
"(7, 350, np.float64(0.6), 210)",0.0,0.035416666666666666,96685369.8625,96503532.0
"(7, 350, np.float64(0.7000000000000001), 120)",0.0,0.47291666666666665,105446926.21666667,105359161.0
"(7, 350, np.float64(0.7000000000000001), 130)",0.0,0.6,107289112.1375,106426743.5
"(7, 350, np.float64(0.7000000000000001), 140)",0.0,0.6583333333333333,107933042.73958333,107708740.5
"(7, 350, np.float64(0.7000000000000001), 150)",0.0,0.7604166666666666,103755729.15833333,103436606.0
"(7, 350, np.float64(0.7000000000000001), 160)",0.0,0.8041666666666667,101357201.33958334,100733736.0
"(7, 350, np.float64(0.7000000000000001), 170)",0.0,0.8291666666666667,99491251.06458333,98901394.5
"(7, 350, np.float64(0.7000000000000001), 180)",0.0,0.58125,100214630.42083333,99450113.5
"(7, 350, np.float64(0.7000000000000001), 190)",0.0,0.23333333333333334,97132250.95416667,96516222.0
"(7, 350, np.float64(0.7000000000000001), 200)",0.0,0.07708333333333334,95947632.8125,95340156.5
"(7, 350, np.float64(0.7000000000000001), 210)",0.0,0.035416666666666666,96333535.52916667,95857029.0
"(7, 350, np.float64(0.8), 120)",0.0,0.5020833333333333,105353257.29791667,105361365.0
"(7, 350, np.float64(0.8), 130)",0.0,0.6104166666666667,107579390.5,107501252.5
"(7, 350, np.float64(0.8), 140)",0.0,0.6916666666666667,106198842.41666667,106135881.0
"(7, 350, np.float64(0.8), 150)",0.0,0.7666666666666667,104062446.89791666,103995605.5
"(7, 350, np.float64(0.8), 160)",0.0,0.8041666666666667,101227318.74375,100739459.5
"(7, 350, np.float64(0.8), 170)",0.0,0.8229166666666666,100481054.89791666,99872307.0
"(7, 350, np.float64(0.8), 180)",0.0,0.5854166666666667,99027131.94791667,98384486.0
"(7, 350, np.float64(0.8), 190)",0.0,0.22916666666666666,96815906.85208334,96253398.5
"(7, 350, np.float64(0.8), 200)",0.0,0.07291666666666667,96723257.025,96016759.5
"(7, 350, np.float64(0.8), 210)",0.0,0.035416666666666666,95780402.49166666,95638747.5
"(7, 350, np.float64(0.9), 120)",0.0,0.05625,105184014.15,104644816.0
"(7, 350, np.float64(0.9), 130)",0.0,0.0875,107770389.45625,107488762.0
"(7, 350, np.float64(0.9), 140)",0.0,0.10625,106998491.13333334,106476465.5
"(7, 350, np.float64(0.9), 150)",0.0,0.11458333333333333,103581614.13333334,103052789.0
"(7, 350, np.float64(0.9), 160)",0.0,0.12083333333333333,100785041.47708334,100255689.0
"(7, 350, np.float64(0.9), 170)",0.0,0.12916666666666668,98927407.69791667,98433829.0
"(7, 350, np.float64(0.9), 180)",0.0,0.07291666666666667,98028105.22083333,97512615.0
"(7, 350, np.float64(0.9), 190)",0.0,0.016666666666666666,98510178.15416667,97992399.5
"(7, 350, np.float64(0.9), 200)",0.0,0.0125,96044442.32291667,95548116.5
"(7, 350, np.float64(0.9), 210)",0.0,0.0020833333333333333,94935909.84583333,94584713.5
"(7, 360, np.float64(0.1), 120)",0.0,0.46875,106718570.88541667,106593758.0
"(7, 360, np.float64(0.1), 130)",0.0,0.59375,108185083.23125,107824782.0
"(7, 360, np.float64(0.1), 140)",0.0,0.6458333333333334,107053445.8625,106532664.5
"(7, 360, np.float64(0.1), 150)",0.0,0.7520833333333333,104921200.30208333,104553470.0
"(7, 360, np.float64(0.1), 160)",0.0,0.7979166666666667,102366479.62708333,101686117.0
"(7, 360, np.float64(0.1), 170)",0.0,0.8270833333333333,100648326.34791666,100185797.0
"(7, 360, np.float64(0.1), 180)",0.0,0.5791666666666667,98457255.83541666,97803695.0
"(7, 360, np.float64(0.1), 190)",0.0,0.23333333333333334,97433821.58541666,96808358.0
"(7, 360, np.float64(0.1), 200)",0.0,0.07708333333333334,97828398.48958333,97312789.0
"(7, 360, np.float64(0.1), 210)",0.0,0.035416666666666666,95063599.175,95101243.5
"(7, 360, np.float64(0.2), 120)",0.0,0.46875,106442502.29791667,106764438.0
"(7, 360, np.float64(0.2), 130)",0.0,0.59375,107651144.91875,107442336.0
"(7, 360, np.float64(0.2), 140)",0.0,0.6458333333333334,107759331.03958334,107438781.5
"(7, 360, np.float64(0.2), 150)",0.0,0.7520833333333333,104143073.34583333,103230082.0
"(7, 360, np.float64(0.2), 160)",0.0,0.7979166666666667,102195244.50833334,101463724.5
"(7, 360, np.float64(0.2), 170)",0.0,0.8270833333333333,100792257.32083334,99956959.0
"(7, 360, np.float64(0.2), 180)",0.0,0.5791666666666667,99006679.06875,98409542.0
"(7, 360, np.float64(0.2), 190)",0.0,0.23333333333333334,97545709.96458334,96782400.5
"(7, 360, np.float64(0.2), 200)",0.0,0.07708333333333334,95979238.92916666,95586337.5
"(7, 360, np.float64(0.2), 210)",0.0,0.035416666666666666,94872221.47291666,94545401.0
"(7, 360, np.float64(0.30000000000000004), 120)",0.0,0.46875,106560044.70833333,106164221.0
"(7, 360, np.float64(0.30000000000000004), 130)",0.0,0.59375,107429354.31875,106905671.0
"(7, 360, np.float64(0.30000000000000004), 140)",0.0,0.6458333333333334,106895505.78958334,106415095.0
"(7, 360, np.float64(0.30000000000000004), 150)",0.0,0.7520833333333333,104192997.99791667,103862842.5
"(7, 360, np.float64(0.30000000000000004), 160)",0.0,0.7979166666666667,102728779.63125,101919229.0
"(7, 360, np.float64(0.30000000000000004), 170)",0.0,0.8270833333333333,100967934.53958334,100081704.0
"(7, 360, np.float64(0.30000000000000004), 180)",0.0,0.5791666666666667,99095562.825,98649051.5
"(7, 360, np.float64(0.30000000000000004), 190)",0.0,0.23333333333333334,97626516.44791667,96593672.5
"(7, 360, np.float64(0.30000000000000004), 200)",0.0,0.07708333333333334,95797943.475,95223663.0
"(7, 360, np.float64(0.30000000000000004), 210)",0.0,0.035416666666666666,96620449.5,96323138.0
"(7, 360, np.float64(0.4), 120)",0.0,0.46875,106134343.15625,106170978.0
"(7, 360, np.float64(0.4), 130)",0.0,0.59375,108025168.03125,107550832.0
"(7, 360, np.float64(0.4), 140)",0.0,0.6458333333333334,106650988.90208334,106590179.5
"(7, 360, np.float64(0.4), 150)",0.0,0.7520833333333333,104957712.98541667,104461698.0
"(7, 360, np.float64(0.4), 160)",0.0,0.7979166666666667,102636272.76875,102026520.5
"(7, 360, np.float64(0.4), 170)",0.0,0.8270833333333333,99312002.83333333,98670629.5
"(7, 360, np.float64(0.4), 180)",0.0,0.5791666666666667,100231076.50208333,99746540.5
"(7, 360, np.float64(0.4), 190)",0.0,0.23333333333333334,97392366.15625,96968413.5
"(7, 360, np.float64(0.4), 200)",0.0,0.07708333333333334,95624303.07291667,94989037.5
"(7, 360, np.float64(0.4), 210)",0.0,0.035416666666666666,95344009.06458333,95158665.5
"(7, 360, np.float64(0.5), 120)",0.0,0.46875,105474266.66458334,105577954.5
"(7, 360, np.float64(0.5), 130)",0.0,0.59375,107736192.31458333,107127631.0
"(7, 360, np.float64(0.5), 140)",0.0,0.6458333333333334,106570333.91875,106335812.0
"(7, 360, np.float64(0.5), 150)",0.0,0.7520833333333333,104266467.26875,104589272.5
"(7, 360, np.float64(0.5), 160)",0.0,0.7979166666666667,102576856.91875,102136611.5
"(7, 360, np.float64(0.5), 170)",0.0,0.8270833333333333,101008523.50625,100716891.5
"(7, 360, np.float64(0.5), 180)",0.0,0.5791666666666667,98264514.38333334,97440260.5
"(7, 360, np.float64(0.5), 190)",0.0,0.23333333333333334,98718188.90833333,98023685.0
"(7, 360, np.float64(0.5), 200)",0.0,0.07708333333333334,96443425.63333334,95896350.0
"(7, 360, np.float64(0.5), 210)",0.0,0.035416666666666666,95442515.70833333,95033057.0
"(7, 360, np.float64(0.6), 120)",0.0,0.47291666666666665,106460759.04375,105911955.0
"(7, 360, np.float64(0.6), 130)",0.0,0.5958333333333333,107242010.74583334,107033440.0
"(7, 360, np.float64(0.6), 140)",0.0,0.6520833333333333,106332189.33125,105950820.5
"(7, 360, np.float64(0.6), 150)",0.0,0.75625,104579015.78125,104060094.5
"(7, 360, np.float64(0.6), 160)",0.0,0.8020833333333334,100703488.14791666,100508438.5
"(7, 360, np.float64(0.6), 170)",0.0,0.8270833333333333,100785858.31666666,100219561.5
"(7, 360, np.float64(0.6), 180)",0.0,0.5791666666666667,99243477.37291667,98762573.5
"(7, 360, np.float64(0.6), 190)",0.0,0.23333333333333334,98041297.09791666,97305141.0
"(7, 360, np.float64(0.6), 200)",0.0,0.07708333333333334,96070473.9375,95755674.5
"(7, 360, np.float64(0.6), 210)",0.0,0.035416666666666666,95107842.08541666,94863202.5
"(7, 360, np.float64(0.7000000000000001), 120)",0.0,0.47291666666666665,105722631.4,106001193.0
"(7, 360, np.float64(0.7000000000000001), 130)",0.0,0.6,106961051.52083333,106761697.5
"(7, 360, np.float64(0.7000000000000001), 140)",0.0,0.6625,106661362.01666667,106262794.0
"(7, 360, np.float64(0.7000000000000001), 150)",0.0,0.7625,104337561.4125,104195007.0
"(7, 360, np.float64(0.7000000000000001), 160)",0.0,0.80625,100124160.00208333,99561567.5
"(7, 360, np.float64(0.7000000000000001), 170)",0.0,0.8333333333333334,100277627.30833334,99585002.0
"(7, 360, np.float64(0.7000000000000001), 180)",0.0,0.58125,99948020.53333333,99323612.5
"(7, 360, np.float64(0.7000000000000001), 190)",0.0,0.23333333333333334,97876996.83958334,97635560.0
"(7, 360, np.float64(0.7000000000000001), 200)",0.0,0.07708333333333334,96259346.93958333,95654392.5
"(7, 360, np.float64(0.7000000000000001), 210)",0.0,0.035416666666666666,94566200.69583334,94496844.5
"(7, 360, np.float64(0.8), 120)",0.0,0.5020833333333333,105361443.81041667,104905011.5
"(7, 360, np.float64(0.8), 130)",0.0,0.6104166666666667,107087050.00833334,106442277.0
"(7, 360, np.float64(0.8), 140)",0.0,0.69375,106238457.3875,105819815.5
"(7, 360, np.float64(0.8), 150)",0.0,0.76875,104922590.35625,104467155.0
"(7, 360, np.float64(0.8), 160)",0.0,0.80625,100275666.37291667,99587122.5
"(7, 360, np.float64(0.8), 170)",0.0,0.8270833333333333,99341664.53125,98830898.0
"(7, 360, np.float64(0.8), 180)",0.0,0.5854166666666667,99878942.2,98931427.5
"(7, 360, np.float64(0.8), 190)",0.0,0.22916666666666666,98233739.44375,97646863.0
"(7, 360, np.float64(0.8), 200)",0.0,0.07291666666666667,95570305.95,95227634.0
"(7, 360, np.float64(0.8), 210)",0.0,0.035416666666666666,95512510.11666666,95337768.0
"(7, 360, np.float64(0.9), 120)",0.0,0.05625,105405491.48333333,105171289.5
"(7, 360, np.float64(0.9), 130)",0.0,0.0875,107378165.16666667,106598736.5
"(7, 360, np.float64(0.9), 140)",0.0,0.10625,107387382.81875,106795059.0
"(7, 360, np.float64(0.9), 150)",0.0,0.11458333333333333,103145933.43541667,103005645.5
"(7, 360, np.float64(0.9), 160)",0.0,0.12083333333333333,100665569.33333333,100252663.0
"(7, 360, np.float64(0.9), 170)",0.0,0.12916666666666668,99802622.92708333,99250723.5
"(7, 360, np.float64(0.9), 180)",0.0,0.07291666666666667,98217028.925,97797123.5
"(7, 360, np.float64(0.9), 190)",0.0,0.016666666666666666,98896506.39583333,98468683.0
"(7, 360, np.float64(0.9), 200)",0.0,0.0125,96633366.71875,96031116.5
"(7, 360, np.float64(0.9), 210)",0.0,0.0020833333333333333,94664765.42708333,94517873.0
"(7, 370, np.float64(0.1), 120)",0.0,0.4708333333333333,106418400.03958334,106161538.5
"(7, 370, np.float64(0.1), 130)",0.0,0.5958333333333333,109809775.88541667,108580292.0
"(7, 370, np.float64(0.1), 140)",0.0,0.6479166666666667,106708837.76875,105941472.0
"(7, 370, np.float64(0.1), 150)",0.0,0.75625,104239197.49583334,104164025.0
"(7, 370, np.float64(0.1), 160)",0.0,0.8,101767500.29583333,100811571.0
"(7, 370, np.float64(0.1), 170)",0.0,0.8291666666666667,101146155.75208333,100359714.0
"(7, 370, np.float64(0.1), 180)",0.0,0.5791666666666667,99261806.39166667,98939866.5
"(7, 370, np.float64(0.1), 190)",0.0,0.23333333333333334,97463635.42291667,96645004.0
"(7, 370, np.float64(0.1), 200)",0.0,0.07708333333333334,96635001.06666666,96123725.0
"(7, 370, np.float64(0.1), 210)",0.0,0.035416666666666666,95936117.40833333,95817500.5
"(7, 370, np.float64(0.2), 120)",0.0,0.4708333333333333,106240701.73125,106171603.0
"(7, 370, np.float64(0.2), 130)",0.0,0.5958333333333333,108297287.70416667,108015453.0
"(7, 370, np.float64(0.2), 140)",0.0,0.6479166666666667,106815883.08125,106588395.5
"(7, 370, np.float64(0.2), 150)",0.0,0.75625,105174548.89583333,104855056.5
"(7, 370, np.float64(0.2), 160)",0.0,0.8,101230615.84166667,100631314.5
"(7, 370, np.float64(0.2), 170)",0.0,0.8291666666666667,101151144.88958333,100681073.0
"(7, 370, np.float64(0.2), 180)",0.0,0.5791666666666667,99161469.25833334,98719412.5
"(7, 370, np.float64(0.2), 190)",0.0,0.23333333333333334,97424733.5375,96838887.0
"(7, 370, np.float64(0.2), 200)",0.0,0.07708333333333334,96064112.94583334,95305214.5
"(7, 370, np.float64(0.2), 210)",0.0,0.035416666666666666,96196101.67708333,95860290.5
"(7, 370, np.float64(0.30000000000000004), 120)",0.0,0.4708333333333333,106148933.00416666,106311220.5
"(7, 370, np.float64(0.30000000000000004), 130)",0.0,0.5958333333333333,107495324.48333333,106784800.5
"(7, 370, np.float64(0.30000000000000004), 140)",0.0,0.6479166666666667,106940766.90625,106564286.0
"(7, 370, np.float64(0.30000000000000004), 150)",0.0,0.75625,104299463.5125,103829554.0
"(7, 370, np.float64(0.30000000000000004), 160)",0.0,0.8,102272576.71666667,101664460.5
"(7, 370, np.float64(0.30000000000000004), 170)",0.0,0.8291666666666667,100898631.11875,100379794.5
"(7, 370, np.float64(0.30000000000000004), 180)",0.0,0.5791666666666667,98760671.53333333,98174982.0
"(7, 370, np.float64(0.30000000000000004), 190)",0.0,0.23333333333333334,98652833.04166667,98025177.0
"(7, 370, np.float64(0.30000000000000004), 200)",0.0,0.07708333333333334,96242168.34583333,95982235.5
"(7, 370, np.float64(0.30000000000000004), 210)",0.0,0.035416666666666666,95462074.825,95149829.5
"(7, 370, np.float64(0.4), 120)",0.0,0.4708333333333333,106763992.00208333,106192246.5
"(7, 370, np.float64(0.4), 130)",0.0,0.5958333333333333,107652247.75416666,107511695.5
"(7, 370, np.float64(0.4), 140)",0.0,0.6479166666666667,106988343.14375,106675964.5
"(7, 370, np.float64(0.4), 150)",0.0,0.75625,105476373.25625,104982164.5
"(7, 370, np.float64(0.4), 160)",0.0,0.8,102061136.04791667,100973400.0
"(7, 370, np.float64(0.4), 170)",0.0,0.8291666666666667,100779461.95625,99937822.0
"(7, 370, np.float64(0.4), 180)",0.0,0.5791666666666667,99298878.16041666,98834142.5
"(7, 370, np.float64(0.4), 190)",0.0,0.23333333333333334,96840481.27291666,96255663.5
"(7, 370, np.float64(0.4), 200)",0.0,0.07708333333333334,95932225.56666666,95424890.5
"(7, 370, np.float64(0.4), 210)",0.0,0.035416666666666666,95417374.4,94877078.0
"(7, 370, np.float64(0.5), 120)",0.0,0.4708333333333333,105848343.95208333,105803751.0
"(7, 370, np.float64(0.5), 130)",0.0,0.5958333333333333,107940703.10208334,107261303.0
"(7, 370, np.float64(0.5), 140)",0.0,0.6479166666666667,106101155.13958333,105597362.5
"(7, 370, np.float64(0.5), 150)",0.0,0.75625,104092364.07291667,103676889.5
"(7, 370, np.float64(0.5), 160)",0.0,0.8,102589120.3625,101917394.5
"(7, 370, np.float64(0.5), 170)",0.0,0.8291666666666667,100340298.77291666,99877941.5
"(7, 370, np.float64(0.5), 180)",0.0,0.5791666666666667,100069348.41666667,99440759.5
"(7, 370, np.float64(0.5), 190)",0.0,0.23333333333333334,97700833.53958334,96993621.0
"(7, 370, np.float64(0.5), 200)",0.0,0.07708333333333334,96562994.59791666,95995455.5
"(7, 370, np.float64(0.5), 210)",0.0,0.035416666666666666,94903474.24791667,94911047.5
"(7, 370, np.float64(0.6), 120)",0.0,0.475,105824620.57291667,105470506.5
"(7, 370, np.float64(0.6), 130)",0.0,0.5979166666666667,107628726.82708333,107014248.5
"(7, 370, np.float64(0.6), 140)",0.0,0.6541666666666667,107464320.18333334,107167506.0
"(7, 370, np.float64(0.6), 150)",0.0,0.7604166666666666,103956529.86875,103586332.5
"(7, 370, np.float64(0.6), 160)",0.0,0.8041666666666667,102339976.22291666,101975442.5
"(7, 370, np.float64(0.6), 170)",0.0,0.8291666666666667,100344558.73333333,99733071.5
"(7, 370, np.float64(0.6), 180)",0.0,0.5791666666666667,98530072.45,97961448.0
"(7, 370, np.float64(0.6), 190)",0.0,0.23333333333333334,97376612.79791667,96887492.5
"(7, 370, np.float64(0.6), 200)",0.0,0.07708333333333334,95970105.04791667,95323885.5
"(7, 370, np.float64(0.6), 210)",0.0,0.035416666666666666,95659390.48333333,95455693.0
"(7, 370, np.float64(0.7000000000000001), 120)",0.0,0.475,105243091.2875,104926439.5
"(7, 370, np.float64(0.7000000000000001), 130)",0.0,0.6020833333333333,107418695.23333333,107121595.5
"(7, 370, np.float64(0.7000000000000001), 140)",0.0,0.6645833333333333,106435469.91875,105836319.0
"(7, 370, np.float64(0.7000000000000001), 150)",0.0,0.7666666666666667,103389302.45833333,102894753.0
"(7, 370, np.float64(0.7000000000000001), 160)",0.0,0.8083333333333333,101884735.5375,101183963.0
"(7, 370, np.float64(0.7000000000000001), 170)",0.0,0.8354166666666667,101019974.33333333,100542757.5
"(7, 370, np.float64(0.7000000000000001), 180)",0.0,0.58125,98666317.67083333,98388587.5
"(7, 370, np.float64(0.7000000000000001), 190)",0.0,0.23333333333333334,98023697.44583334,97567661.5
"(7, 370, np.float64(0.7000000000000001), 200)",0.0,0.07708333333333334,96308738.5375,95846565.5
"(7, 370, np.float64(0.7000000000000001), 210)",0.0,0.035416666666666666,96029984.975,95964191.0
"(7, 370, np.float64(0.8), 120)",0.0,0.5041666666666667,106084615.21875,106146562.0
"(7, 370, np.float64(0.8), 130)",0.0,0.6104166666666667,106852599.55,105942007.5
"(7, 370, np.float64(0.8), 140)",0.0,0.6958333333333333,106507033.47708334,105830841.0
"(7, 370, np.float64(0.8), 150)",0.0,0.7729166666666667,104810392.98958333,104661646.5
"(7, 370, np.float64(0.8), 160)",0.0,0.8083333333333333,99946890.56041667,99200675.5
"(7, 370, np.float64(0.8), 170)",0.0,0.8291666666666667,98713072.53333333,98362407.5
"(7, 370, np.float64(0.8), 180)",0.0,0.5854166666666667,100232767.27916667,99657211.5
"(7, 370, np.float64(0.8), 190)",0.0,0.22916666666666666,99174111.1125,98827516.5
"(7, 370, np.float64(0.8), 200)",0.0,0.07291666666666667,96117524.3375,95685137.5
"(7, 370, np.float64(0.8), 210)",0.0,0.035416666666666666,95499236.15208334,95324085.0
"(7, 370, np.float64(0.9), 120)",0.0,0.05625,106014797.49583334,105995810.0
"(7, 370, np.float64(0.9), 130)",0.0,0.0875,106898747.85,106130797.5
"(7, 370, np.float64(0.9), 140)",0.0,0.10625,106349695.12708333,105909470.5
"(7, 370, np.float64(0.9), 150)",0.0,0.11458333333333333,104273211.09375,104074560.5
"(7, 370, np.float64(0.9), 160)",0.0,0.12083333333333333,100126638.5,99735280.5
"(7, 370, np.float64(0.9), 170)",0.0,0.12916666666666668,100030153.18958333,99684524.0
"(7, 370, np.float64(0.9), 180)",0.0,0.07291666666666667,99806670.49375,99373672.5
"(7, 370, np.float64(0.9), 190)",0.0,0.016666666666666666,97838674.42083333,97256659.0
"(7, 370, np.float64(0.9), 200)",0.0,0.0125,96167779.93333334,95484576.5
"(7, 370, np.float64(0.9), 210)",0.0,0.0020833333333333333,95631431.21875,95582420.0
"(7, 380, np.float64(0.1), 120)",0.0,0.47291666666666665,106075153.65625,106012202.0
"(7, 380, np.float64(0.1), 130)",0.0,0.6,109482261.025,108686069.0
"(7, 380, np.float64(0.1), 140)",0.0,0.6520833333333333,107429537.23333333,107368893.5
"(7, 380, np.float64(0.1), 150)",0.0,0.7583333333333333,104305029.80416666,103590422.0
"(7, 380, np.float64(0.1), 160)",0.0,0.8020833333333334,101588176.14791666,101022506.0
"(7, 380, np.float64(0.1), 170)",0.0,0.8291666666666667,100236632.60208334,99706458.5
"(7, 380, np.float64(0.1), 180)",0.0,0.5791666666666667,100745670.025,100018519.0
"(7, 380, np.float64(0.1), 190)",0.0,0.23333333333333334,97818201.37708333,97417718.0
"(7, 380, np.float64(0.1), 200)",0.0,0.07708333333333334,96264090.92916666,95810633.5
"(7, 380, np.float64(0.1), 210)",0.0,0.035416666666666666,94739169.93958333,94464076.5
"(7, 380, np.float64(0.2), 120)",0.0,0.47291666666666665,105889648.05416666,105588167.5
"(7, 380, np.float64(0.2), 130)",0.0,0.6,107828457.11875,107503083.5
"(7, 380, np.float64(0.2), 140)",0.0,0.6520833333333333,107096226.25,106749637.5
"(7, 380, np.float64(0.2), 150)",0.0,0.7583333333333333,104225044.18333334,103646718.5
"(7, 380, np.float64(0.2), 160)",0.0,0.8020833333333334,102433948.41458334,101474489.5
"(7, 380, np.float64(0.2), 170)",0.0,0.8291666666666667,100948971.50208333,100390631.5
"(7, 380, np.float64(0.2), 180)",0.0,0.5791666666666667,98890200.22916667,98431292.0
"(7, 380, np.float64(0.2), 190)",0.0,0.23333333333333334,96496683.02916667,95902580.0
"(7, 380, np.float64(0.2), 200)",0.0,0.07708333333333334,96821573.76875,96099803.0
"(7, 380, np.float64(0.2), 210)",0.0,0.035416666666666666,95868595.26875,95686005.0
"(7, 380, np.float64(0.30000000000000004), 120)",0.0,0.47291666666666665,106142443.50625,106216173.0
"(7, 380, np.float64(0.30000000000000004), 130)",0.0,0.6,107663839.05,107060852.5
"(7, 380, np.float64(0.30000000000000004), 140)",0.0,0.6520833333333333,107514149.41458334,107089416.5
"(7, 380, np.float64(0.30000000000000004), 150)",0.0,0.7583333333333333,104828379.47708334,104363071.5
"(7, 380, np.float64(0.30000000000000004), 160)",0.0,0.8020833333333334,102358898.09375,101234929.0
"(7, 380, np.float64(0.30000000000000004), 170)",0.0,0.8291666666666667,99030383.08333333,98365915.5
"(7, 380, np.float64(0.30000000000000004), 180)",0.0,0.5791666666666667,100094335.57291667,99828636.5
"(7, 380, np.float64(0.30000000000000004), 190)",0.0,0.23333333333333334,97878576.125,97177102.0
"(7, 380, np.float64(0.30000000000000004), 200)",0.0,0.07708333333333334,96111289.07291667,95622681.0
"(7, 380, np.float64(0.30000000000000004), 210)",0.0,0.035416666666666666,96139928.97708334,95658963.5
"(7, 380, np.float64(0.4), 120)",0.0,0.47291666666666665,105915043.19166666,105399990.0
"(7, 380, np.float64(0.4), 130)",0.0,0.6,107840094.84166667,107482237.0
"(7, 380, np.float64(0.4), 140)",0.0,0.6520833333333333,106498869.01041667,105763325.0
"(7, 380, np.float64(0.4), 150)",0.0,0.7583333333333333,103991009.90208334,103812437.0
"(7, 380, np.float64(0.4), 160)",0.0,0.8020833333333334,102583017.0125,102190811.0
"(7, 380, np.float64(0.4), 170)",0.0,0.8291666666666667,100889467.82291667,100132787.5
"(7, 380, np.float64(0.4), 180)",0.0,0.5791666666666667,98495566.34583333,97567419.0
"(7, 380, np.float64(0.4), 190)",0.0,0.23333333333333334,98437181.03541666,97924352.5
"(7, 380, np.float64(0.4), 200)",0.0,0.07708333333333334,96153511.66666667,95800277.0
"(7, 380, np.float64(0.4), 210)",0.0,0.035416666666666666,95829622.98958333,95665540.0
"(7, 380, np.float64(0.5), 120)",0.0,0.47291666666666665,105977629.63125,105326015.5
"(7, 380, np.float64(0.5), 130)",0.0,0.6,108295996.25625,107444518.0
"(7, 380, np.float64(0.5), 140)",0.0,0.6520833333333333,106360910.26458333,105427058.0
"(7, 380, np.float64(0.5), 150)",0.0,0.7583333333333333,105521683.41458334,105138311.0
"(7, 380, np.float64(0.5), 160)",0.0,0.8020833333333334,102249997.3625,101726411.0
"(7, 380, np.float64(0.5), 170)",0.0,0.8291666666666667,100867546.74791667,100095058.0
"(7, 380, np.float64(0.5), 180)",0.0,0.5791666666666667,98959063.81458333,98583703.5
"(7, 380, np.float64(0.5), 190)",0.0,0.23333333333333334,97135114.21041666,96350736.5
"(7, 380, np.float64(0.5), 200)",0.0,0.07708333333333334,96316969.22291666,95623837.5
"(7, 380, np.float64(0.5), 210)",0.0,0.035416666666666666,95142679.35,95062360.0
"(7, 380, np.float64(0.6), 120)",0.0,0.47708333333333336,105096809.32083334,104712785.0
"(7, 380, np.float64(0.6), 130)",0.0,0.6020833333333333,107788623.85625,106975946.5
"(7, 380, np.float64(0.6), 140)",0.0,0.6583333333333333,106814998.93958333,106229142.5
"(7, 380, np.float64(0.6), 150)",0.0,0.7625,103608166.95,103207886.5
"(7, 380, np.float64(0.6), 160)",0.0,0.80625,102360938.04583333,101794565.5
"(7, 380, np.float64(0.6), 170)",0.0,0.8291666666666667,100253210.68333334,99593798.0
"(7, 380, np.float64(0.6), 180)",0.0,0.5791666666666667,98291109.80208333,97880439.5
"(7, 380, np.float64(0.6), 190)",0.0,0.23333333333333334,98370874.76875,97748021.0
"(7, 380, np.float64(0.6), 200)",0.0,0.07708333333333334,95935033.43125,95257932.0
"(7, 380, np.float64(0.6), 210)",0.0,0.035416666666666666,94577569.98125,94478835.0
"(7, 380, np.float64(0.7000000000000001), 120)",0.0,0.47708333333333336,105836811.70833333,105520680.0
"(7, 380, np.float64(0.7000000000000001), 130)",0.0,0.60625,107759432.28125,107246004.0
"(7, 380, np.float64(0.7000000000000001), 140)",0.0,0.66875,105626520.92291667,105204076.0
"(7, 380, np.float64(0.7000000000000001), 150)",0.0,0.76875,105162254.36875,104793504.0
"(7, 380, np.float64(0.7000000000000001), 160)",0.0,0.8104166666666667,101020178.36041667,100662940.0
"(7, 380, np.float64(0.7000000000000001), 170)",0.0,0.8354166666666667,100328235.17083333,99648631.5
"(7, 380, np.float64(0.7000000000000001), 180)",0.0,0.58125,100050051.85,99652699.5
"(7, 380, np.float64(0.7000000000000001), 190)",0.0,0.23333333333333334,97477350.36666666,96650703.0
"(7, 380, np.float64(0.7000000000000001), 200)",0.0,0.07708333333333334,96670501.92708333,96026588.5
"(7, 380, np.float64(0.7000000000000001), 210)",0.0,0.035416666666666666,95638395.94166666,95365908.5
"(7, 380, np.float64(0.8), 120)",0.0,0.50625,105706792.49583334,105617113.0
"(7, 380, np.float64(0.8), 130)",0.0,0.6145833333333334,107167956.40833333,107102254.0
"(7, 380, np.float64(0.8), 140)",0.0,0.7,106629040.89583333,106332189.5
"(7, 380, np.float64(0.8), 150)",0.0,0.775,105075721.17916666,104780557.0
"(7, 380, np.float64(0.8), 160)",0.0,0.8104166666666667,101946913.81666666,101501253.5
"(7, 380, np.float64(0.8), 170)",0.0,0.8291666666666667,99426622.61875,98980998.5
"(7, 380, np.float64(0.8), 180)",0.0,0.5854166666666667,98405560.15416667,98005461.0
"(7, 380, np.float64(0.8), 190)",0.0,0.22916666666666666,98585166.92291667,98213343.5
"(7, 380, np.float64(0.8), 200)",0.0,0.07291666666666667,95542110.76458333,95135198.0
"(7, 380, np.float64(0.8), 210)",0.0,0.035416666666666666,95080253.825,94909994.5
"(7, 380, np.float64(0.9), 120)",0.0,0.05625,104986720.13333334,104856563.0
"(7, 380, np.float64(0.9), 130)",0.0,0.0875,107480791.86666666,106942856.5
"(7, 380, np.float64(0.9), 140)",0.0,0.10625,106468438.95416667,106154156.0
"(7, 380, np.float64(0.9), 150)",0.0,0.11458333333333333,103231052.63333334,102528871.5
"(7, 380, np.float64(0.9), 160)",0.0,0.12083333333333333,102570888.70625,101897511.5
"(7, 380, np.float64(0.9), 170)",0.0,0.12916666666666668,100190705.56666666,99743348.5
"(7, 380, np.float64(0.9), 180)",0.0,0.07291666666666667,98169673.50416666,97871398.5
"(7, 380, np.float64(0.9), 190)",0.0,0.016666666666666666,98740610.4125,98121867.5
"(7, 380, np.float64(0.9), 200)",0.0,0.0125,96569027.55625,96140911.5
"(7, 380, np.float64(0.9), 210)",0.0,0.0020833333333333333,96022888.16875,95599100.0
"(7, 390, np.float64(0.1), 120)",0.0,0.47708333333333336,106261825.53125,106422332.5
"(7, 390, np.float64(0.1), 130)",0.0,0.6041666666666666,108296447.2375,107602773.0
"(7, 390, np.float64(0.1), 140)",0.0,0.6541666666666667,107226393.91041666,106968146.0
"(7, 390, np.float64(0.1), 150)",0.0,0.7604166666666666,105461271.41666667,105376343.5
"(7, 390, np.float64(0.1), 160)",0.0,0.8041666666666667,102496134.89791666,101706063.5
"(7, 390, np.float64(0.1), 170)",0.0,0.83125,98853608.88541667,98307781.5
"(7, 390, np.float64(0.1), 180)",0.0,0.58125,100463879.3125,99632896.0
"(7, 390, np.float64(0.1), 190)",0.0,0.23333333333333334,97578286.54791667,96847472.0
"(7, 390, np.float64(0.1), 200)",0.0,0.07708333333333334,96413171.49583334,95873071.0
"(7, 390, np.float64(0.1), 210)",0.0,0.035416666666666666,95149861.5375,94687737.0
"(7, 390, np.float64(0.2), 120)",0.0,0.47708333333333336,106601926.55,106757113.0
"(7, 390, np.float64(0.2), 130)",0.0,0.6041666666666666,108313322.56666666,107567587.0
"(7, 390, np.float64(0.2), 140)",0.0,0.6541666666666667,106878159.0375,106664011.0
"(7, 390, np.float64(0.2), 150)",0.0,0.7604166666666666,104496508.2625,104402655.0
"(7, 390, np.float64(0.2), 160)",0.0,0.8041666666666667,102542234.05208333,101950770.0
"(7, 390, np.float64(0.2), 170)",0.0,0.83125,100960925.45625,100620346.0
"(7, 390, np.float64(0.2), 180)",0.0,0.58125,98689853.31666666,98200491.0
"(7, 390, np.float64(0.2), 190)",0.0,0.23333333333333334,98705011.4125,97991734.0
"(7, 390, np.float64(0.2), 200)",0.0,0.07708333333333334,96724065.30416666,96165934.0
"(7, 390, np.float64(0.2), 210)",0.0,0.035416666666666666,95733218.88125,95420077.0
"(7, 390, np.float64(0.30000000000000004), 120)",0.0,0.47708333333333336,105891012.99166666,105495647.5
"(7, 390, np.float64(0.30000000000000004), 130)",0.0,0.6041666666666666,108275342.90208334,107877955.5
"(7, 390, np.float64(0.30000000000000004), 140)",0.0,0.6541666666666667,106724531.31666666,106748669.0
"(7, 390, np.float64(0.30000000000000004), 150)",0.0,0.7604166666666666,105410390.99791667,104856932.5
"(7, 390, np.float64(0.30000000000000004), 160)",0.0,0.8041666666666667,102614780.05416666,101580308.0
"(7, 390, np.float64(0.30000000000000004), 170)",0.0,0.83125,100598292.49583334,99818812.5
"(7, 390, np.float64(0.30000000000000004), 180)",0.0,0.58125,99150801.39583333,98669529.0
"(7, 390, np.float64(0.30000000000000004), 190)",0.0,0.23333333333333334,98020495.08125,97401847.0
"(7, 390, np.float64(0.30000000000000004), 200)",0.0,0.07708333333333334,95686993.42291667,95151653.0
"(7, 390, np.float64(0.30000000000000004), 210)",0.0,0.035416666666666666,95205310.40833333,94860486.0
"(7, 390, np.float64(0.4), 120)",0.0,0.47708333333333336,106086207.98333333,106241034.0
"(7, 390, np.float64(0.4), 130)",0.0,0.6041666666666666,107554823.55416666,107097329.0
"(7, 390, np.float64(0.4), 140)",0.0,0.6541666666666667,106736339.31875,106290883.0
"(7, 390, np.float64(0.4), 150)",0.0,0.7604166666666666,104284356.85,104471205.5
"(7, 390, np.float64(0.4), 160)",0.0,0.8041666666666667,102577110.42708333,102110026.5
"(7, 390, np.float64(0.4), 170)",0.0,0.83125,100853860.9,100223893.5
"(7, 390, np.float64(0.4), 180)",0.0,0.58125,98492474.90416667,97847618.0
"(7, 390, np.float64(0.4), 190)",0.0,0.23333333333333334,98558864.52708334,98121267.0
"(7, 390, np.float64(0.4), 200)",0.0,0.07708333333333334,96380904.00833334,95996444.5
"(7, 390, np.float64(0.4), 210)",0.0,0.035416666666666666,95217285.975,95205213.0
"(7, 390, np.float64(0.5), 120)",0.0,0.47708333333333336,106764570.32291667,106271668.0
"(7, 390, np.float64(0.5), 130)",0.0,0.6041666666666666,107650917.36875,106854655.0
"(7, 390, np.float64(0.5), 140)",0.0,0.6541666666666667,106016051.51041667,105542476.5
"(7, 390, np.float64(0.5), 150)",0.0,0.7604166666666666,105252866.60625,104789241.0
"(7, 390, np.float64(0.5), 160)",0.0,0.8041666666666667,101910893.77708334,101158959.5
"(7, 390, np.float64(0.5), 170)",0.0,0.83125,101117538.27708334,100817619.0
"(7, 390, np.float64(0.5), 180)",0.0,0.58125,99315643.95833333,98796949.5
"(7, 390, np.float64(0.5), 190)",0.0,0.23333333333333334,97136814.05208333,96550276.5
"(7, 390, np.float64(0.5), 200)",0.0,0.07708333333333334,96210507.52291666,95836563.0
"(7, 390, np.float64(0.5), 210)",0.0,0.035416666666666666,95729186.97083333,95580386.0
"(7, 390, np.float64(0.6), 120)",0.0,0.48125,105556821.19166666,105587843.0
"(7, 390, np.float64(0.6), 130)",0.0,0.60625,107316837.31458333,106876356.0
"(7, 390, np.float64(0.6), 140)",0.0,0.6604166666666667,106194174.1375,105756938.0
"(7, 390, np.float64(0.6), 150)",0.0,0.7645833333333333,104016919.80208333,103857939.0
"(7, 390, np.float64(0.6), 160)",0.0,0.8083333333333333,102178865.75625,101769067.5
"(7, 390, np.float64(0.6), 170)",0.0,0.83125,100573771.20625,100121549.0
"(7, 390, np.float64(0.6), 180)",0.0,0.58125,100269344.52291666,99793594.0
"(7, 390, np.float64(0.6), 190)",0.0,0.23333333333333334,97686533.8875,97011854.5
"(7, 390, np.float64(0.6), 200)",0.0,0.07708333333333334,95924708.67083333,95279702.0
"(7, 390, np.float64(0.6), 210)",0.0,0.035416666666666666,95490890.52083333,95351803.0
"(7, 390, np.float64(0.7000000000000001), 120)",0.0,0.48125,105733320.79375,105747394.0
"(7, 390, np.float64(0.7000000000000001), 130)",0.0,0.6083333333333333,107161010.14375,106637558.0
"(7, 390, np.float64(0.7000000000000001), 140)",0.0,0.6708333333333333,107559584.1625,107413961.0
"(7, 390, np.float64(0.7000000000000001), 150)",0.0,0.7708333333333334,103293996.45208333,102955064.0
"(7, 390, np.float64(0.7000000000000001), 160)",0.0,0.8125,100732224.80208333,100442427.0
"(7, 390, np.float64(0.7000000000000001), 170)",0.0,0.8375,99608903.60416667,98964241.5
"(7, 390, np.float64(0.7000000000000001), 180)",0.0,0.5833333333333334,100584531.78958334,100181411.5
"(7, 390, np.float64(0.7000000000000001), 190)",0.0,0.23333333333333334,97236926.2,96620198.5
"(7, 390, np.float64(0.7000000000000001), 200)",0.0,0.07708333333333334,97399935.84791666,96917774.0
"(7, 390, np.float64(0.7000000000000001), 210)",0.0,0.035416666666666666,94824807.63125,94226076.5
"(7, 390, np.float64(0.8), 120)",0.0,0.5083333333333333,106233240.06666666,105776949.5
"(7, 390, np.float64(0.8), 130)",0.0,0.6166666666666667,107193945.55625,106385228.5
"(7, 390, np.float64(0.8), 140)",0.0,0.7020833333333333,107555520.46666667,107371765.0
"(7, 390, np.float64(0.8), 150)",0.0,0.7770833333333333,103402791.45208333,103345391.0
"(7, 390, np.float64(0.8), 160)",0.0,0.8125,100809604.88333334,100249266.5
"(7, 390, np.float64(0.8), 170)",0.0,0.8291666666666667,100540573.97708334,99805125.5
"(7, 390, np.float64(0.8), 180)",0.0,0.5875,98560475.01666667,97827484.5
"(7, 390, np.float64(0.8), 190)",0.0,0.22916666666666666,97354137.72291666,97065408.5
"(7, 390, np.float64(0.8), 200)",0.0,0.07291666666666667,96906383.44791667,96143631.0
"(7, 390, np.float64(0.8), 210)",0.0,0.035416666666666666,96349262.37083334,96018113.0
"(7, 390, np.float64(0.9), 120)",0.0,0.05625,105639119.45,105211587.5
"(7, 390, np.float64(0.9), 130)",0.0,0.0875,107217645.34791666,106406139.0
"(7, 390, np.float64(0.9), 140)",0.0,0.10625,108191511.89583333,108106580.5
"(7, 390, np.float64(0.9), 150)",0.0,0.11458333333333333,103371550.89791666,103046318.0
"(7, 390, np.float64(0.9), 160)",0.0,0.12083333333333333,101684925.875,101174922.5
"(7, 390, np.float64(0.9), 170)",0.0,0.12916666666666668,99132140.63958333,98587486.0
"(7, 390, np.float64(0.9), 180)",0.0,0.07291666666666667,99130461.32916667,98335993.0
"(7, 390, np.float64(0.9), 190)",0.0,0.016666666666666666,97223505.42708333,96669819.5
"(7, 390, np.float64(0.9), 200)",0.0,0.0125,95877671.79375,95596257.0
"(7, 390, np.float64(0.9), 210)",0.0,0.0020833333333333333,95890349.01875,95477629.0
"(7, 400, np.float64(0.1), 120)",0.0,0.4895833333333333,106934265.99166666,107040644.0
"(7, 400, np.float64(0.1), 130)",0.0,0.6083333333333333,108225740.87291667,107967778.0
"(7, 400, np.float64(0.1), 140)",0.0,0.6583333333333333,107564500.39791666,107464275.0
"(7, 400, np.float64(0.1), 150)",0.0,0.7604166666666666,104769441.1,104279019.5
"(7, 400, np.float64(0.1), 160)",0.0,0.8041666666666667,102913991.93333334,102095856.0
"(7, 400, np.float64(0.1), 170)",0.0,0.8333333333333334,100568046.09166667,99684018.5
"(7, 400, np.float64(0.1), 180)",0.0,0.58125,99075664.47291666,98430971.0
"(7, 400, np.float64(0.1), 190)",0.0,0.23333333333333334,97211325.29583333,96619685.0
"(7, 400, np.float64(0.1), 200)",0.0,0.07708333333333334,96032456.05416666,95789253.5
"(7, 400, np.float64(0.1), 210)",0.0,0.035416666666666666,96195098.26041667,95546383.0
"(7, 400, np.float64(0.2), 120)",0.0,0.4895833333333333,106199178.11666666,106398585.0
"(7, 400, np.float64(0.2), 130)",0.0,0.6083333333333333,108152929.44791667,107694954.0
"(7, 400, np.float64(0.2), 140)",0.0,0.6583333333333333,106516755.64375,106098914.0
"(7, 400, np.float64(0.2), 150)",0.0,0.7604166666666666,105874454.27916667,105625441.0
"(7, 400, np.float64(0.2), 160)",0.0,0.8041666666666667,102206767.17916666,101519274.0
"(7, 400, np.float64(0.2), 170)",0.0,0.8333333333333334,101159913.1,100703863.0
"(7, 400, np.float64(0.2), 180)",0.0,0.58125,99432729.26875,98946849.5
"(7, 400, np.float64(0.2), 190)",0.0,0.23333333333333334,98030061.24166666,97258985.0
"(7, 400, np.float64(0.2), 200)",0.0,0.07708333333333334,96426871.89166667,95905622.0
"(7, 400, np.float64(0.2), 210)",0.0,0.035416666666666666,94961680.3875,94511764.0
"(7, 400, np.float64(0.30000000000000004), 120)",0.0,0.4895833333333333,106251459.25208333,106394263.5
"(7, 400, np.float64(0.30000000000000004), 130)",0.0,0.6083333333333333,107908219.68125,107344638.5
"(7, 400, np.float64(0.30000000000000004), 140)",0.0,0.6583333333333333,107097879.53541666,106293870.0
"(7, 400, np.float64(0.30000000000000004), 150)",0.0,0.7604166666666666,104641347.34375,104151199.5
"(7, 400, np.float64(0.30000000000000004), 160)",0.0,0.8041666666666667,102686953.12291667,102180003.0
"(7, 400, np.float64(0.30000000000000004), 170)",0.0,0.8333333333333334,100906195.78333333,100469872.0
"(7, 400, np.float64(0.30000000000000004), 180)",0.0,0.58125,98533663.5,97781985.0
"(7, 400, np.float64(0.30000000000000004), 190)",0.0,0.23333333333333334,98845622.01041667,98088180.5
"(7, 400, np.float64(0.30000000000000004), 200)",0.0,0.07708333333333334,95947596.63333334,95402448.5
"(7, 400, np.float64(0.30000000000000004), 210)",0.0,0.035416666666666666,95224214.61041667,94950555.0
"(7, 400, np.float64(0.4), 120)",0.0,0.4895833333333333,105947038.82291667,105654480.0
"(7, 400, np.float64(0.4), 130)",0.0,0.6083333333333333,107810537.35416667,107322680.5
"(7, 400, np.float64(0.4), 140)",0.0,0.6583333333333333,106384080.17083333,106074250.5
"(7, 400, np.float64(0.4), 150)",0.0,0.7604166666666666,105813084.0875,105160994.0
"(7, 400, np.float64(0.4), 160)",0.0,0.8041666666666667,102268830.03541666,102008253.0
"(7, 400, np.float64(0.4), 170)",0.0,0.8333333333333334,100426888.83541666,99604348.5
"(7, 400, np.float64(0.4), 180)",0.0,0.58125,99331464.29791667,98881631.5
"(7, 400, np.float64(0.4), 190)",0.0,0.23333333333333334,97108144.85625,96607296.5
"(7, 400, np.float64(0.4), 200)",0.0,0.07708333333333334,96779220.03333333,96153127.5
"(7, 400, np.float64(0.4), 210)",0.0,0.035416666666666666,95603577.875,95526886.5
"(7, 400, np.float64(0.5), 120)",0.0,0.4895833333333333,105851273.3375,105579920.0
"(7, 400, np.float64(0.5), 130)",0.0,0.6083333333333333,107793337.05833334,107602560.0
"(7, 400, np.float64(0.5), 140)",0.0,0.6583333333333333,106886557.55625,106755539.5
"(7, 400, np.float64(0.5), 150)",0.0,0.7604166666666666,104083915.06458333,103996704.0
"(7, 400, np.float64(0.5), 160)",0.0,0.8041666666666667,102406888.61458333,101862085.5
"(7, 400, np.float64(0.5), 170)",0.0,0.8333333333333334,100740524.25,100015787.5
"(7, 400, np.float64(0.5), 180)",0.0,0.58125,98517250.07708333,97981508.5
"(7, 400, np.float64(0.5), 190)",0.0,0.23333333333333334,97841397.26666667,97373172.5
"(7, 400, np.float64(0.5), 200)",0.0,0.07708333333333334,95752546.95833333,95093543.0
"(7, 400, np.float64(0.5), 210)",0.0,0.035416666666666666,96173186.84375,95990149.5
"(7, 400, np.float64(0.6), 120)",0.0,0.49375,105510565.52708334,104967736.0
"(7, 400, np.float64(0.6), 130)",0.0,0.6104166666666667,107153761.83125,106425267.5
"(7, 400, np.float64(0.6), 140)",0.0,0.6645833333333333,107495021.38333334,107595058.5
"(7, 400, np.float64(0.6), 150)",0.0,0.7645833333333333,104816244.06875,104685436.0
"(7, 400, np.float64(0.6), 160)",0.0,0.8083333333333333,101926924.8875,101609688.5
"(7, 400, np.float64(0.6), 170)",0.0,0.8333333333333334,100292197.16041666,99817272.0
"(7, 400, np.float64(0.6), 180)",0.0,0.58125,98761541.47916667,98023081.0
"(7, 400, np.float64(0.6), 190)",0.0,0.23333333333333334,97776522.63541667,97301317.5
"(7, 400, np.float64(0.6), 200)",0.0,0.07708333333333334,96229265.64375,95488229.5
"(7, 400, np.float64(0.6), 210)",0.0,0.035416666666666666,95302798.86458333,95026122.5
"(7, 400, np.float64(0.7000000000000001), 120)",0.0,0.49375,105984264.5125,105680091.0
"(7, 400, np.float64(0.7000000000000001), 130)",0.0,0.6125,107762453.92083333,106894964.0
"(7, 400, np.float64(0.7000000000000001), 140)",0.0,0.675,106227447.85833333,105902258.0
"(7, 400, np.float64(0.7000000000000001), 150)",0.0,0.7708333333333334,103450818.73333333,103091420.0
"(7, 400, np.float64(0.7000000000000001), 160)",0.0,0.8125,102089560.39375,101609552.0
"(7, 400, np.float64(0.7000000000000001), 170)",0.0,0.8395833333333333,100557841.68958333,99879068.5
"(7, 400, np.float64(0.7000000000000001), 180)",0.0,0.5833333333333334,98051949.88958333,97452897.5
"(7, 400, np.float64(0.7000000000000001), 190)",0.0,0.23333333333333334,98750321.09583333,98408453.5
"(7, 400, np.float64(0.7000000000000001), 200)",0.0,0.07708333333333334,95717237.84583333,94902338.5
"(7, 400, np.float64(0.7000000000000001), 210)",0.0,0.035416666666666666,96029327.77083333,95565163.0
"(7, 400, np.float64(0.8), 120)",0.0,0.5104166666666666,104970288.20625,104711854.0
"(7, 400, np.float64(0.8), 130)",0.0,0.61875,107076835.90833333,106597420.5
"(7, 400, np.float64(0.8), 140)",0.0,0.70625,107443687.51041667,106868015.0
"(7, 400, np.float64(0.8), 150)",0.0,0.7770833333333333,104156641.65416667,103959626.0
"(7, 400, np.float64(0.8), 160)",0.0,0.8125,102313623.22083333,101867971.0
"(7, 400, np.float64(0.8), 170)",0.0,0.83125,99876619.075,99495362.0
"(7, 400, np.float64(0.8), 180)",0.0,0.5875,99118969.93958333,98634745.0
"(7, 400, np.float64(0.8), 190)",0.0,0.22916666666666666,97934084.24583334,97114863.0
"(7, 400, np.float64(0.8), 200)",0.0,0.07291666666666667,96036085.5375,95744670.0
"(7, 400, np.float64(0.8), 210)",0.0,0.035416666666666666,95370369.91666667,95165683.5
"(7, 400, np.float64(0.9), 120)",0.0,0.05625,105233790.78125,105188594.0
"(7, 400, np.float64(0.9), 130)",0.0,0.0875,107206207.48958333,106728979.5
"(7, 400, np.float64(0.9), 140)",0.0,0.10625,106368340.72291666,105918002.5
"(7, 400, np.float64(0.9), 150)",0.0,0.11458333333333333,103630759.21041666,103580484.0
"(7, 400, np.float64(0.9), 160)",0.0,0.12083333333333333,101552870.23958333,101247413.5
"(7, 400, np.float64(0.9), 170)",0.0,0.12916666666666668,100797056.05833334,100407651.0
"(7, 400, np.float64(0.9), 180)",0.0,0.07291666666666667,98183047.43125,97766432.0
"(7, 400, np.float64(0.9), 190)",0.0,0.016666666666666666,97735732.50416666,97234603.5
"(7, 400, np.float64(0.9), 200)",0.0,0.0125,95863873.32916667,95227165.0
"(7, 400, np.float64(0.9), 210)",0.0,0.0020833333333333333,96670586.35416667,96531059.0
"(9, 300, np.float64(0.1), 120)",0.0,0.4270833333333333,111627788.4,111102621.5
"(9, 300, np.float64(0.1), 130)",0.0,0.55625,112144885.69166666,111363912.0
"(9, 300, np.float64(0.1), 140)",0.0,0.6208333333333333,112758497.69791667,112207999.5
"(9, 300, np.float64(0.1), 150)",0.0,0.71875,109744315.8875,109239492.0
"(9, 300, np.float64(0.1), 160)",0.0,0.7979166666666667,108044238.94375,107620977.0
"(9, 300, np.float64(0.1), 170)",0.0,0.7958333333333333,106315262.95833333,105960183.0
"(9, 300, np.float64(0.1), 180)",0.0,0.5854166666666667,105057721.94791667,104602982.0
"(9, 300, np.float64(0.1), 190)",0.0,0.23333333333333334,103664352.77916667,103180705.5
"(9, 300, np.float64(0.1), 200)",0.0,0.07916666666666666,103183399.25,102763155.0
"(9, 300, np.float64(0.1), 210)",0.0,0.035416666666666666,102377933.78541666,101912275.0
"(9, 300, np.float64(0.2), 120)",0.0,0.4270833333333333,111273618.27916667,110772421.5
"(9, 300, np.float64(0.2), 130)",0.0,0.55625,113276336.5625,112425696.0
"(9, 300, np.float64(0.2), 140)",0.0,0.6208333333333333,112225355.0625,112002235.0
"(9, 300, np.float64(0.2), 150)",0.0,0.71875,109606366.09583333,109318690.0
"(9, 300, np.float64(0.2), 160)",0.0,0.7979166666666667,107740109.0875,107440278.5
"(9, 300, np.float64(0.2), 170)",0.0,0.7958333333333333,106690914.68958333,105886518.0
"(9, 300, np.float64(0.2), 180)",0.0,0.5854166666666667,105438860.425,104809103.5
"(9, 300, np.float64(0.2), 190)",0.0,0.23333333333333334,103858288.55208333,103098069.0
"(9, 300, np.float64(0.2), 200)",0.0,0.07916666666666666,102288406.6875,101637185.0
"(9, 300, np.float64(0.2), 210)",0.0,0.035416666666666666,102236724.7,101953864.0
"(9, 300, np.float64(0.30000000000000004), 120)",0.0,0.4270833333333333,110938468.57708333,110523236.5
"(9, 300, np.float64(0.30000000000000004), 130)",0.0,0.55625,112600315.79791667,112346098.0
"(9, 300, np.float64(0.30000000000000004), 140)",0.0,0.6208333333333333,112236874.76041667,111453539.5
"(9, 300, np.float64(0.30000000000000004), 150)",0.0,0.71875,109762971.23125,109787805.5
"(9, 300, np.float64(0.30000000000000004), 160)",0.0,0.7979166666666667,107798066.86041667,107113780.0
"(9, 300, np.float64(0.30000000000000004), 170)",0.0,0.7958333333333333,106478086.17083333,105836761.5
"(9, 300, np.float64(0.30000000000000004), 180)",0.0,0.5854166666666667,105101647.31041667,104779181.0
"(9, 300, np.float64(0.30000000000000004), 190)",0.0,0.23333333333333334,103948176.25,103286233.5
"(9, 300, np.float64(0.30000000000000004), 200)",0.0,0.07916666666666666,103026517.92916666,102436770.5
"(9, 300, np.float64(0.30000000000000004), 210)",0.0,0.035416666666666666,102080001.47708334,101803877.0
"(9, 300, np.float64(0.4), 120)",0.0,0.4270833333333333,111235471.1375,110864779.5
"(9, 300, np.float64(0.4), 130)",0.0,0.55625,112663290.425,112051917.0
"(9, 300, np.float64(0.4), 140)",0.0,0.6208333333333333,111664506.7375,111187390.5
"(9, 300, np.float64(0.4), 150)",0.0,0.71875,109952803.62916666,109376505.5
"(9, 300, np.float64(0.4), 160)",0.0,0.7979166666666667,108225494.40625,107420035.5
"(9, 300, np.float64(0.4), 170)",0.0,0.7958333333333333,106288825.38333334,105765866.5
"(9, 300, np.float64(0.4), 180)",0.0,0.5854166666666667,104624442.65208334,104041137.0
"(9, 300, np.float64(0.4), 190)",0.0,0.23333333333333334,103770253.875,103435828.5
"(9, 300, np.float64(0.4), 200)",0.0,0.07916666666666666,103557853.06041667,102959530.5
"(9, 300, np.float64(0.4), 210)",0.0,0.035416666666666666,101729154.36875,101324613.5
"(9, 300, np.float64(0.5), 120)",0.0,0.4270833333333333,110816437.45625,110472930.0
"(9, 300, np.float64(0.5), 130)",0.0,0.55625,112200750.1625,111735232.5
"(9, 300, np.float64(0.5), 140)",0.0,0.6208333333333333,110721644.61041667,110314209.0
"(9, 300, np.float64(0.5), 150)",0.0,0.71875,110319907.23333333,110510055.5
"(9, 300, np.float64(0.5), 160)",0.0,0.7979166666666667,107673840.82083334,107114723.0
"(9, 300, np.float64(0.5), 170)",0.0,0.7958333333333333,105965462.97291666,105413775.5
"(9, 300, np.float64(0.5), 180)",0.0,0.5833333333333334,105137300.80625,104293769.5
"(9, 300, np.float64(0.5), 190)",0.0,0.23333333333333334,103641387.97083333,103006085.5
"(9, 300, np.float64(0.5), 200)",0.0,0.07916666666666666,102493455.50625,101574307.5
"(9, 300, np.float64(0.5), 210)",0.0,0.035416666666666666,101806183.80416666,101595006.0
"(9, 300, np.float64(0.6), 120)",0.0,0.43125,110975396.16875,110686045.5
"(9, 300, np.float64(0.6), 130)",0.0,0.5583333333333333,112217633.27083333,111449902.5
"(9, 300, np.float64(0.6), 140)",0.0,0.6229166666666667,111540950.69583334,111467443.5
"(9, 300, np.float64(0.6), 150)",0.0,0.7229166666666667,109423812.66041666,109255196.0
"(9, 300, np.float64(0.6), 160)",0.0,0.8020833333333334,107682149.0125,107039360.5
"(9, 300, np.float64(0.6), 170)",0.0,0.7958333333333333,105872833.59791666,105142006.5
"(9, 300, np.float64(0.6), 180)",0.0,0.5833333333333334,104622083.7125,103918962.0
"(9, 300, np.float64(0.6), 190)",0.0,0.23333333333333334,103186488.86666666,102486653.0
"(9, 300, np.float64(0.6), 200)",0.0,0.07916666666666666,103081249.65,102270939.5
"(9, 300, np.float64(0.6), 210)",0.0,0.035416666666666666,102260287.66458334,101915287.0
"(9, 300, np.float64(0.7000000000000001), 120)",0.0,0.45416666666666666,110374324.58333333,110154952.0
"(9, 300, np.float64(0.7000000000000001), 130)",0.0,0.5770833333333333,112119609.97916667,111504951.5
"(9, 300, np.float64(0.7000000000000001), 140)",0.0,0.6375,111437556.41875,111135627.0
"(9, 300, np.float64(0.7000000000000001), 150)",0.0,0.7354166666666667,109397256.17083333,108830429.5
"(9, 300, np.float64(0.7000000000000001), 160)",0.0,0.8083333333333333,106305444.49375,105950558.0
"(9, 300, np.float64(0.7000000000000001), 170)",0.0,0.7958333333333333,105831288.5625,105585608.0
"(9, 300, np.float64(0.7000000000000001), 180)",0.0,0.5833333333333334,105218468.79583333,104454819.0
"(9, 300, np.float64(0.7000000000000001), 190)",0.0,0.23333333333333334,103420232.36875,102762824.0
"(9, 300, np.float64(0.7000000000000001), 200)",0.0,0.07916666666666666,102637123.56666666,102186379.5
"(9, 300, np.float64(0.7000000000000001), 210)",0.0,0.035416666666666666,102202535.52916667,101925111.0
"(9, 300, np.float64(0.8), 120)",0.0,0.4875,110447550.32083334,110374266.5
"(9, 300, np.float64(0.8), 130)",0.0,0.6104166666666667,112330000.34166667,111903994.5
"(9, 300, np.float64(0.8), 140)",0.0,0.6791666666666667,111410920.05833334,111521076.5
"(9, 300, np.float64(0.8), 150)",0.0,0.75625,108905928.96875,108576308.5
"(9, 300, np.float64(0.8), 160)",0.0,0.8083333333333333,107437087.60416667,106610543.0
"(9, 300, np.float64(0.8), 170)",0.0,0.7958333333333333,105571316.22916667,105114402.5
"(9, 300, np.float64(0.8), 180)",0.0,0.5791666666666667,105521445.06458333,104754815.5
"(9, 300, np.float64(0.8), 190)",0.0,0.22916666666666666,103223535.9125,102842710.0
"(9, 300, np.float64(0.8), 200)",0.0,0.07916666666666666,103083349.81041667,102601333.5
"(9, 300, np.float64(0.8), 210)",0.0,0.03333333333333333,102585422.80208333,102370035.5
"(9, 300, np.float64(0.9), 120)",0.0,0.029166666666666667,109915973.77916667,109640633.5
"(9, 300, np.float64(0.9), 130)",0.0,0.041666666666666664,112090917.46875,111736491.0
"(9, 300, np.float64(0.9), 140)",0.0,0.04791666666666667,111605502.30208333,111297971.0
"(9, 300, np.float64(0.9), 150)",0.0,0.052083333333333336,108804702.95,108779492.5
"(9, 300, np.float64(0.9), 160)",0.0,0.0625,107372612.43958333,107300258.5
"(9, 300, np.float64(0.9), 170)",0.0,0.07291666666666667,105074086.93125,104685342.0
"(9, 300, np.float64(0.9), 180)",0.0,0.052083333333333336,105190098.77291666,104585147.5
"(9, 300, np.float64(0.9), 190)",0.0,0.016666666666666666,103657827.73958333,103000050.5
"(9, 300, np.float64(0.9), 200)",0.0,0.004166666666666667,102346837.84583333,101659535.0
"(9, 300, np.float64(0.9), 210)",0.0,0.0020833333333333333,101743310.85,101509732.0
"(9, 310, np.float64(0.1), 120)",0.0,0.4354166666666667,112284612.48541667,111855489.0
"(9, 310, np.float64(0.1), 130)",0.0,0.5583333333333333,112827387.66666667,111906624.0
"(9, 310, np.float64(0.1), 140)",0.0,0.6229166666666667,111802891.675,111626908.5
"(9, 310, np.float64(0.1), 150)",0.0,0.7208333333333333,109841986.05625,109347800.0
"(9, 310, np.float64(0.1), 160)",0.0,0.8,106952589.92708333,106088211.5
"(9, 310, np.float64(0.1), 170)",0.0,0.8020833333333334,105984178.46041666,105203978.0
"(9, 310, np.float64(0.1), 180)",0.0,0.5875,104367959.86458333,103795126.5
"(9, 310, np.float64(0.1), 190)",0.0,0.23333333333333334,104230856.88125,103349707.5
"(9, 310, np.float64(0.1), 200)",0.0,0.07916666666666666,103517548.91458334,102982593.5
"(9, 310, np.float64(0.1), 210)",0.0,0.035416666666666666,102084143.5125,101703280.0
"(9, 310, np.float64(0.2), 120)",0.0,0.4354166666666667,111106479.39583333,110810735.5
"(9, 310, np.float64(0.2), 130)",0.0,0.5583333333333333,112880476.34583333,112555398.0
"(9, 310, np.float64(0.2), 140)",0.0,0.6229166666666667,111253104.11041667,111344809.0
"(9, 310, np.float64(0.2), 150)",0.0,0.7208333333333333,110055861.24375,109773141.5
"(9, 310, np.float64(0.2), 160)",0.0,0.8,108157167.98125,107312237.0
"(9, 310, np.float64(0.2), 170)",0.0,0.8020833333333334,106507720.91666667,105534721.5
"(9, 310, np.float64(0.2), 180)",0.0,0.5875,104712292.84583333,104062969.5
"(9, 310, np.float64(0.2), 190)",0.0,0.23333333333333334,103725292.34375,102890956.0
"(9, 310, np.float64(0.2), 200)",0.0,0.07916666666666666,103148927.10833333,102537644.0
"(9, 310, np.float64(0.2), 210)",0.0,0.035416666666666666,101368831.05625,100970845.5
"(9, 310, np.float64(0.30000000000000004), 120)",0.0,0.4354166666666667,111188157.7,110576574.5
"(9, 310, np.float64(0.30000000000000004), 130)",0.0,0.5583333333333333,112769039.21041666,112840984.0
"(9, 310, np.float64(0.30000000000000004), 140)",0.0,0.6229166666666667,112552059.30208333,112499407.5
"(9, 310, np.float64(0.30000000000000004), 150)",0.0,0.7208333333333333,110073484.60208334,109692964.5
"(9, 310, np.float64(0.30000000000000004), 160)",0.0,0.8,106371278.28125,105396509.5
"(9, 310, np.float64(0.30000000000000004), 170)",0.0,0.8020833333333334,106406519.42708333,105864522.0
"(9, 310, np.float64(0.30000000000000004), 180)",0.0,0.5875,104568740.4625,104124481.5
"(9, 310, np.float64(0.30000000000000004), 190)",0.0,0.23333333333333334,104324250.82083334,103749080.5
"(9, 310, np.float64(0.30000000000000004), 200)",0.0,0.07916666666666666,103072699.51458333,102485851.5
"(9, 310, np.float64(0.30000000000000004), 210)",0.0,0.035416666666666666,101877962.13125,101777198.0
"(9, 310, np.float64(0.4), 120)",0.0,0.4354166666666667,111020947.65208334,110819222.5
"(9, 310, np.float64(0.4), 130)",0.0,0.5583333333333333,112386276.80833334,112248601.0
"(9, 310, np.float64(0.4), 140)",0.0,0.6229166666666667,112059660.18541667,111663091.0
"(9, 310, np.float64(0.4), 150)",0.0,0.7208333333333333,109895763.275,109343739.0
"(9, 310, np.float64(0.4), 160)",0.0,0.8,106038868.7125,105494264.0
"(9, 310, np.float64(0.4), 170)",0.0,0.8020833333333334,106293205.16041666,105671336.5
"(9, 310, np.float64(0.4), 180)",0.0,0.5875,104768158.34375,104228485.0
"(9, 310, np.float64(0.4), 190)",0.0,0.23333333333333334,104636221.85,103918411.5
"(9, 310, np.float64(0.4), 200)",0.0,0.07916666666666666,103096857.88333334,102520571.5
"(9, 310, np.float64(0.4), 210)",0.0,0.035416666666666666,102108758.80833334,101732399.0
"(9, 310, np.float64(0.5), 120)",0.0,0.4354166666666667,110892177.475,110567538.0
"(9, 310, np.float64(0.5), 130)",0.0,0.5583333333333333,113171571.43958333,112985379.0
"(9, 310, np.float64(0.5), 140)",0.0,0.6229166666666667,112191017.85416667,112252199.5
"(9, 310, np.float64(0.5), 150)",0.0,0.7208333333333333,109710296.075,109378082.0
"(9, 310, np.float64(0.5), 160)",0.0,0.8,106687053.40625,106291128.0
"(9, 310, np.float64(0.5), 170)",0.0,0.8020833333333334,105177532.84791666,104759712.0
"(9, 310, np.float64(0.5), 180)",0.0,0.5854166666666667,104911923.425,104422449.5
"(9, 310, np.float64(0.5), 190)",0.0,0.23333333333333334,103819419.71875,103205762.0
"(9, 310, np.float64(0.5), 200)",0.0,0.07916666666666666,103266389.19375,102560667.0
"(9, 310, np.float64(0.5), 210)",0.0,0.035416666666666666,101850680.7875,101825783.5
"(9, 310, np.float64(0.6), 120)",0.0,0.4395833333333333,110655006.23958333,110274147.0
"(9, 310, np.float64(0.6), 130)",0.0,0.5604166666666667,112035081.29583333,111525938.0
"(9, 310, np.float64(0.6), 140)",0.0,0.625,111772001.52083333,111170897.0
"(9, 310, np.float64(0.6), 150)",0.0,0.725,108999177.71875,108854125.0
"(9, 310, np.float64(0.6), 160)",0.0,0.8041666666666667,106977932.98541667,106961131.0
"(9, 310, np.float64(0.6), 170)",0.0,0.8020833333333334,105378045.61666666,104755011.0
"(9, 310, np.float64(0.6), 180)",0.0,0.5854166666666667,104894804.75,104300589.5
"(9, 310, np.float64(0.6), 190)",0.0,0.23333333333333334,104809659.0375,104333631.5
"(9, 310, np.float64(0.6), 200)",0.0,0.07916666666666666,103622969.47291666,103249959.5
"(9, 310, np.float64(0.6), 210)",0.0,0.035416666666666666,102712633.97083333,102391294.5
"(9, 310, np.float64(0.7000000000000001), 120)",0.0,0.46041666666666664,111557787.63958333,111388883.0
"(9, 310, np.float64(0.7000000000000001), 130)",0.0,0.5770833333333333,111782098.15625,111206602.0
"(9, 310, np.float64(0.7000000000000001), 140)",0.0,0.6375,111568047.44791667,111289543.0
"(9, 310, np.float64(0.7000000000000001), 150)",0.0,0.7354166666666667,109497220.18958333,109170536.5
"(9, 310, np.float64(0.7000000000000001), 160)",0.0,0.8104166666666667,107557564.35208334,106937162.5
"(9, 310, np.float64(0.7000000000000001), 170)",0.0,0.8020833333333334,106116543.41666667,105812490.0
"(9, 310, np.float64(0.7000000000000001), 180)",0.0,0.5854166666666667,104618233.55208333,104216454.0
"(9, 310, np.float64(0.7000000000000001), 190)",0.0,0.23333333333333334,103992728.30625,103604781.0
"(9, 310, np.float64(0.7000000000000001), 200)",0.0,0.07916666666666666,102508261.46875,101952536.0
"(9, 310, np.float64(0.7000000000000001), 210)",0.0,0.035416666666666666,101683741.91875,101449537.0
"(9, 310, np.float64(0.8), 120)",0.0,0.49166666666666664,110771644.74375,110399983.5
"(9, 310, np.float64(0.8), 130)",0.0,0.6104166666666667,111781181.09166667,111156519.0
"(9, 310, np.float64(0.8), 140)",0.0,0.6791666666666667,110609625.1625,110224379.0
"(9, 310, np.float64(0.8), 150)",0.0,0.75625,108108533.64375,107951363.5
"(9, 310, np.float64(0.8), 160)",0.0,0.8104166666666667,107286723.47083333,106897915.5
"(9, 310, np.float64(0.8), 170)",0.0,0.8020833333333334,105819201.58958334,105249494.0
"(9, 310, np.float64(0.8), 180)",0.0,0.58125,105468052.69375,104499874.5
"(9, 310, np.float64(0.8), 190)",0.0,0.22916666666666666,104197454.78541666,103679935.0
"(9, 310, np.float64(0.8), 200)",0.0,0.07916666666666666,101987844.34375,101484700.5
"(9, 310, np.float64(0.8), 210)",0.0,0.03333333333333333,101671290.72916667,101485841.0
"(9, 310, np.float64(0.9), 120)",0.0,0.029166666666666667,109882994.50625,109247747.5
"(9, 310, np.float64(0.9), 130)",0.0,0.041666666666666664,111971097.22291666,111228315.0
"(9, 310, np.float64(0.9), 140)",0.0,0.04791666666666667,111510854.38125,111352660.5
"(9, 310, np.float64(0.9), 150)",0.0,0.052083333333333336,108766421.54791667,107971988.5
"(9, 310, np.float64(0.9), 160)",0.0,0.0625,107445251.99166666,107030824.0
"(9, 310, np.float64(0.9), 170)",0.0,0.07291666666666667,105482804.20833333,105061393.5
"(9, 310, np.float64(0.9), 180)",0.0,0.052083333333333336,104913074.21666667,104529374.5
"(9, 310, np.float64(0.9), 190)",0.0,0.016666666666666666,103532331.70208333,103048360.0
"(9, 310, np.float64(0.9), 200)",0.0,0.004166666666666667,102949474.63958333,102325069.5
"(9, 310, np.float64(0.9), 210)",0.0,0.0020833333333333333,102218772.66458334,101876253.0
"(9, 320, np.float64(0.1), 120)",0.0,0.44166666666666665,111717906.25416666,111187723.0
"(9, 320, np.float64(0.1), 130)",0.0,0.5645833333333333,113105507.42708333,112329523.5
"(9, 320, np.float64(0.1), 140)",0.0,0.63125,112985086.98958333,112358932.0
"(9, 320, np.float64(0.1), 150)",0.0,0.7229166666666667,109133151.85625,108657997.0
"(9, 320, np.float64(0.1), 160)",0.0,0.8020833333333334,107552091.02083333,106841600.5
"(9, 320, np.float64(0.1), 170)",0.0,0.8104166666666667,106391475.4375,105775208.5
"(9, 320, np.float64(0.1), 180)",0.0,0.5875,104544587.19166666,104119669.0
"(9, 320, np.float64(0.1), 190)",0.0,0.23333333333333334,103477467.9625,102663586.0
"(9, 320, np.float64(0.1), 200)",0.0,0.07916666666666666,103135068.03333333,102506180.0
"(9, 320, np.float64(0.1), 210)",0.0,0.035416666666666666,102114870.15208334,101694546.5
"(9, 320, np.float64(0.2), 120)",0.0,0.44166666666666665,111554952.27708334,111952534.5
"(9, 320, np.float64(0.2), 130)",0.0,0.5645833333333333,113688019.72083333,113355564.0
"(9, 320, np.float64(0.2), 140)",0.0,0.63125,111598604.59583333,110910793.0
"(9, 320, np.float64(0.2), 150)",0.0,0.7229166666666667,109708216.97291666,109305057.0
"(9, 320, np.float64(0.2), 160)",0.0,0.8020833333333334,106934193.85625,106366653.0
"(9, 320, np.float64(0.2), 170)",0.0,0.8104166666666667,106174960.90208334,105804630.0
"(9, 320, np.float64(0.2), 180)",0.0,0.5875,104311497.01666667,103816045.0
"(9, 320, np.float64(0.2), 190)",0.0,0.23333333333333334,103909234.60833333,103354551.0
"(9, 320, np.float64(0.2), 200)",0.0,0.07916666666666666,103157661.36666666,102289600.0
"(9, 320, np.float64(0.2), 210)",0.0,0.035416666666666666,102594603.70625,102140163.5
"(9, 320, np.float64(0.30000000000000004), 120)",0.0,0.44166666666666665,110614930.41875,110103218.0
"(9, 320, np.float64(0.30000000000000004), 130)",0.0,0.5645833333333333,113670076.56875,113238793.0
"(9, 320, np.float64(0.30000000000000004), 140)",0.0,0.63125,111777063.93958333,111391081.5
"(9, 320, np.float64(0.30000000000000004), 150)",0.0,0.7229166666666667,109503485.9625,108949028.0
"(9, 320, np.float64(0.30000000000000004), 160)",0.0,0.8020833333333334,107675843.15208334,107252375.0
"(9, 320, np.float64(0.30000000000000004), 170)",0.0,0.8104166666666667,105536250.70416667,104655235.5
"(9, 320, np.float64(0.30000000000000004), 180)",0.0,0.5875,104860928.35416667,104201749.5
"(9, 320, np.float64(0.30000000000000004), 190)",0.0,0.23333333333333334,103669946.03958334,103281532.5
"(9, 320, np.float64(0.30000000000000004), 200)",0.0,0.07916666666666666,101930782.09166667,101539225.5
"(9, 320, np.float64(0.30000000000000004), 210)",0.0,0.035416666666666666,102319833.38125,102085315.5
"(9, 320, np.float64(0.4), 120)",0.0,0.44166666666666665,110286191.17083333,109956686.5
"(9, 320, np.float64(0.4), 130)",0.0,0.5645833333333333,112129977.27291666,111701941.5
"(9, 320, np.float64(0.4), 140)",0.0,0.63125,111544593.92916666,111100294.0
"(9, 320, np.float64(0.4), 150)",0.0,0.7229166666666667,110054356.83541666,109392513.5
"(9, 320, np.float64(0.4), 160)",0.0,0.8020833333333334,107304187.9,106669423.0
"(9, 320, np.float64(0.4), 170)",0.0,0.8104166666666667,106341309.66041666,105869201.5
"(9, 320, np.float64(0.4), 180)",0.0,0.5875,104552797.55416666,103873157.0
"(9, 320, np.float64(0.4), 190)",0.0,0.23333333333333334,103583999.45625,103067793.0
"(9, 320, np.float64(0.4), 200)",0.0,0.07916666666666666,102797578.20208333,102271233.5
"(9, 320, np.float64(0.4), 210)",0.0,0.035416666666666666,102970669.67708333,102452343.5
"(9, 320, np.float64(0.5), 120)",0.0,0.44166666666666665,111052695.34583333,110788483.0
"(9, 320, np.float64(0.5), 130)",0.0,0.5645833333333333,113310814.63125,112496936.5
"(9, 320, np.float64(0.5), 140)",0.0,0.63125,110796952.14583333,110703650.0
"(9, 320, np.float64(0.5), 150)",0.0,0.7229166666666667,110124666.975,109952588.5
"(9, 320, np.float64(0.5), 160)",0.0,0.8020833333333334,107494513.51875,106783176.0
"(9, 320, np.float64(0.5), 170)",0.0,0.8104166666666667,104950987.47916667,104293271.0
"(9, 320, np.float64(0.5), 180)",0.0,0.5854166666666667,105734927.42916666,105021957.0
"(9, 320, np.float64(0.5), 190)",0.0,0.23333333333333334,103851298.01666667,103384325.0
"(9, 320, np.float64(0.5), 200)",0.0,0.07916666666666666,102280992.50833334,101938085.0
"(9, 320, np.float64(0.5), 210)",0.0,0.035416666666666666,101882684.49583334,101408076.5
"(9, 320, np.float64(0.6), 120)",0.0,0.44375,110735324.71041666,110495041.5
"(9, 320, np.float64(0.6), 130)",0.0,0.5645833333333333,111968622.59791666,111675906.0
"(9, 320, np.float64(0.6), 140)",0.0,0.6333333333333333,110812271.38125,110423001.5
"(9, 320, np.float64(0.6), 150)",0.0,0.7270833333333333,109479571.07291667,108957508.0
"(9, 320, np.float64(0.6), 160)",0.0,0.80625,108148423.25208333,107762637.0
"(9, 320, np.float64(0.6), 170)",0.0,0.8104166666666667,106035063.47083333,105580691.0
"(9, 320, np.float64(0.6), 180)",0.0,0.5854166666666667,104785321.30833334,104197972.5
"(9, 320, np.float64(0.6), 190)",0.0,0.23333333333333334,104961287.18333334,104344880.0
"(9, 320, np.float64(0.6), 200)",0.0,0.07916666666666666,103023634.88958333,102660768.5
"(9, 320, np.float64(0.6), 210)",0.0,0.035416666666666666,102272816.04583333,102135479.5
"(9, 320, np.float64(0.7000000000000001), 120)",0.0,0.4625,111348393.62291667,111106667.0
"(9, 320, np.float64(0.7000000000000001), 130)",0.0,0.5791666666666667,112280810.12708333,111790122.0
"(9, 320, np.float64(0.7000000000000001), 140)",0.0,0.6458333333333334,110918061.46666667,110774503.0
"(9, 320, np.float64(0.7000000000000001), 150)",0.0,0.7375,109039962.94791667,108719148.0
"(9, 320, np.float64(0.7000000000000001), 160)",0.0,0.8125,107583877.99583334,106868972.0
"(9, 320, np.float64(0.7000000000000001), 170)",0.0,0.8104166666666667,105602277.13333334,105120013.0
"(9, 320, np.float64(0.7000000000000001), 180)",0.0,0.5854166666666667,105439147.12916666,104860941.0
"(9, 320, np.float64(0.7000000000000001), 190)",0.0,0.23333333333333334,103526553.33125,102978785.5
"(9, 320, np.float64(0.7000000000000001), 200)",0.0,0.07916666666666666,102531678.95,101901272.5
"(9, 320, np.float64(0.7000000000000001), 210)",0.0,0.035416666666666666,101550927.12916666,101392556.0
"(9, 320, np.float64(0.8), 120)",0.0,0.49375,110894197.90833333,110450137.0
"(9, 320, np.float64(0.8), 130)",0.0,0.6104166666666667,111598245.32916667,111234144.5
"(9, 320, np.float64(0.8), 140)",0.0,0.6791666666666667,110582537.10625,110529825.0
"(9, 320, np.float64(0.8), 150)",0.0,0.7583333333333333,108873172.8,108634488.5
"(9, 320, np.float64(0.8), 160)",0.0,0.8125,107663887.17083333,107169781.5
"(9, 320, np.float64(0.8), 170)",0.0,0.8104166666666667,105687344.825,105422714.5
"(9, 320, np.float64(0.8), 180)",0.0,0.58125,104826587.3125,104378405.5
"(9, 320, np.float64(0.8), 190)",0.0,0.22916666666666666,104140450.54375,104024793.0
"(9, 320, np.float64(0.8), 200)",0.0,0.07916666666666666,102399750.54583333,102056747.0
"(9, 320, np.float64(0.8), 210)",0.0,0.03333333333333333,102501267.87916666,102457915.0
"(9, 320, np.float64(0.9), 120)",0.0,0.029166666666666667,110265785.99166666,109962642.0
"(9, 320, np.float64(0.9), 130)",0.0,0.041666666666666664,112814160.01458333,112213908.0
"(9, 320, np.float64(0.9), 140)",0.0,0.04791666666666667,111249188.2,110798764.5
"(9, 320, np.float64(0.9), 150)",0.0,0.052083333333333336,109087779.5625,109036525.5
"(9, 320, np.float64(0.9), 160)",0.0,0.0625,106952375.32708333,106475637.5
"(9, 320, np.float64(0.9), 170)",0.0,0.07291666666666667,105824862.72916667,105353879.5
"(9, 320, np.float64(0.9), 180)",0.0,0.052083333333333336,105241326.99375,104385942.0
"(9, 320, np.float64(0.9), 190)",0.0,0.016666666666666666,103462317.5,102817789.5
"(9, 320, np.float64(0.9), 200)",0.0,0.004166666666666667,102582612.23333333,102298926.5
"(9, 320, np.float64(0.9), 210)",0.0,0.0020833333333333333,101405083.77291666,101142958.0
"(9, 330, np.float64(0.1), 120)",0.0,0.44583333333333336,111027826.40416667,110744904.5
"(9, 330, np.float64(0.1), 130)",0.0,0.5666666666666667,112365383.95208333,111716461.5
"(9, 330, np.float64(0.1), 140)",0.0,0.63125,111973688.42291667,111461438.5
"(9, 330, np.float64(0.1), 150)",0.0,0.7270833333333333,110541434.35,109888049.0
"(9, 330, np.float64(0.1), 160)",0.0,0.8083333333333333,107855281.82916667,107135360.0
"(9, 330, np.float64(0.1), 170)",0.0,0.81875,105899690.92291667,105079831.5
"(9, 330, np.float64(0.1), 180)",0.0,0.5875,104956796.90416667,104402548.0
"(9, 330, np.float64(0.1), 190)",0.0,0.23333333333333334,104195946.52708334,103350107.0
"(9, 330, np.float64(0.1), 200)",0.0,0.07916666666666666,103500239.10833333,103055925.5
"(9, 330, np.float64(0.1), 210)",0.0,0.035416666666666666,102105799.0375,102032006.5
"(9, 330, np.float64(0.2), 120)",0.0,0.44583333333333336,112279729.55,111797048.0
"(9, 330, np.float64(0.2), 130)",0.0,0.5666666666666667,112571048.25,111871217.0
"(9, 330, np.float64(0.2), 140)",0.0,0.63125,111602319.05833334,111452948.0
"(9, 330, np.float64(0.2), 150)",0.0,0.7270833333333333,109898843.8875,109524237.0
"(9, 330, np.float64(0.2), 160)",0.0,0.8083333333333333,106777413.74791667,106018975.0
"(9, 330, np.float64(0.2), 170)",0.0,0.81875,104772796.34583333,104398854.5
"(9, 330, np.float64(0.2), 180)",0.0,0.5875,105282091.82291667,104654753.5
"(9, 330, np.float64(0.2), 190)",0.0,0.23333333333333334,103869920.66875,103352262.5
"(9, 330, np.float64(0.2), 200)",0.0,0.07916666666666666,102873148.77083333,102830674.0
"(9, 330, np.float64(0.2), 210)",0.0,0.035416666666666666,102779358.11666666,102263134.0
"(9, 330, np.float64(0.30000000000000004), 120)",0.0,0.44583333333333336,110726881.15,110374224.5
"(9, 330, np.float64(0.30000000000000004), 130)",0.0,0.5666666666666667,112316496.20208333,111846609.0
"(9, 330, np.float64(0.30000000000000004), 140)",0.0,0.63125,112679771.80625,112203093.5
"(9, 330, np.float64(0.30000000000000004), 150)",0.0,0.7270833333333333,109597459.25833334,109057836.5
"(9, 330, np.float64(0.30000000000000004), 160)",0.0,0.8083333333333333,106968168.5625,106796499.5
"(9, 330, np.float64(0.30000000000000004), 170)",0.0,0.81875,105935972.01458333,105137151.5
"(9, 330, np.float64(0.30000000000000004), 180)",0.0,0.5875,105704837.50833334,105133826.0
"(9, 330, np.float64(0.30000000000000004), 190)",0.0,0.23333333333333334,104589520.71458334,104017147.5
"(9, 330, np.float64(0.30000000000000004), 200)",0.0,0.07916666666666666,102909933.225,102351649.5
"(9, 330, np.float64(0.30000000000000004), 210)",0.0,0.035416666666666666,102031660.70208333,101583439.0
"(9, 330, np.float64(0.4), 120)",0.0,0.44583333333333336,111284654.37083334,111500846.5
"(9, 330, np.float64(0.4), 130)",0.0,0.5666666666666667,112295210.58125,111732507.5
"(9, 330, np.float64(0.4), 140)",0.0,0.63125,111687612.7875,111185747.5
"(9, 330, np.float64(0.4), 150)",0.0,0.7270833333333333,108604659.73541667,108437237.5
"(9, 330, np.float64(0.4), 160)",0.0,0.8083333333333333,106766048.29375,106467870.0
"(9, 330, np.float64(0.4), 170)",0.0,0.81875,106005042.10625,105569183.5
"(9, 330, np.float64(0.4), 180)",0.0,0.5875,105634089.94583334,104602356.5
"(9, 330, np.float64(0.4), 190)",0.0,0.23333333333333334,103215780.175,102684173.5
"(9, 330, np.float64(0.4), 200)",0.0,0.07916666666666666,103115817.3625,102638768.0
"(9, 330, np.float64(0.4), 210)",0.0,0.035416666666666666,102193876.34791666,102138419.5
"(9, 330, np.float64(0.5), 120)",0.0,0.44583333333333336,110457912.98125,109838687.0
"(9, 330, np.float64(0.5), 130)",0.0,0.5666666666666667,112617178.20208333,112192591.0
"(9, 330, np.float64(0.5), 140)",0.0,0.63125,110946285.53333333,110338669.0
"(9, 330, np.float64(0.5), 150)",0.0,0.7270833333333333,109701166.025,109179199.0
"(9, 330, np.float64(0.5), 160)",0.0,0.8083333333333333,107503885.57291667,106932776.0
"(9, 330, np.float64(0.5), 170)",0.0,0.81875,105155047.82083334,104473865.5
"(9, 330, np.float64(0.5), 180)",0.0,0.5854166666666667,104692869.28333333,104003532.5
"(9, 330, np.float64(0.5), 190)",0.0,0.23333333333333334,104128821.2375,103466525.5
"(9, 330, np.float64(0.5), 200)",0.0,0.07916666666666666,102901155.44166666,102216155.5
"(9, 330, np.float64(0.5), 210)",0.0,0.035416666666666666,101220016.00625,100821901.0
"(9, 330, np.float64(0.6), 120)",0.0,0.4479166666666667,110750419.05833334,110909422.0
"(9, 330, np.float64(0.6), 130)",0.0,0.5666666666666667,111689052.02083333,111119835.0
"(9, 330, np.float64(0.6), 140)",0.0,0.6333333333333333,111701986.72916667,111382713.5
"(9, 330, np.float64(0.6), 150)",0.0,0.73125,108891425.32916667,108577049.0
"(9, 330, np.float64(0.6), 160)",0.0,0.8125,107680083.53125,107433289.0
"(9, 330, np.float64(0.6), 170)",0.0,0.81875,106315697.57291667,105482747.0
"(9, 330, np.float64(0.6), 180)",0.0,0.5854166666666667,104376336.48958333,103901472.5
"(9, 330, np.float64(0.6), 190)",0.0,0.23333333333333334,104467217.12083334,103678029.0
"(9, 330, np.float64(0.6), 200)",0.0,0.07916666666666666,102962966.27083333,102651918.0
"(9, 330, np.float64(0.6), 210)",0.0,0.035416666666666666,102684737.41041666,102491601.5
"(9, 330, np.float64(0.7000000000000001), 120)",0.0,0.46458333333333335,110073496.89166667,110099764.5
"(9, 330, np.float64(0.7000000000000001), 130)",0.0,0.5791666666666667,112253996.23958333,111489701.0
"(9, 330, np.float64(0.7000000000000001), 140)",0.0,0.6458333333333334,112115645.43541667,111677590.0
"(9, 330, np.float64(0.7000000000000001), 150)",0.0,0.7416666666666667,109261742.30208333,108908711.0
"(9, 330, np.float64(0.7000000000000001), 160)",0.0,0.81875,106670469.05833334,106237998.5
"(9, 330, np.float64(0.7000000000000001), 170)",0.0,0.81875,105882007.15,105180685.0
"(9, 330, np.float64(0.7000000000000001), 180)",0.0,0.5854166666666667,104905225.87291667,104147398.0
"(9, 330, np.float64(0.7000000000000001), 190)",0.0,0.23333333333333334,103394992.97708334,102769834.5
"(9, 330, np.float64(0.7000000000000001), 200)",0.0,0.07916666666666666,102040068.275,101691520.0
"(9, 330, np.float64(0.7000000000000001), 210)",0.0,0.035416666666666666,101755422.50625,101592421.0
"(9, 330, np.float64(0.8), 120)",0.0,0.49375,110250453.08125,109771731.5
"(9, 330, np.float64(0.8), 130)",0.0,0.6104166666666667,111404567.53958334,111063828.0
"(9, 330, np.float64(0.8), 140)",0.0,0.6791666666666667,111069583.10833333,110604602.0
"(9, 330, np.float64(0.8), 150)",0.0,0.7625,108508465.71458334,108219299.0
"(9, 330, np.float64(0.8), 160)",0.0,0.81875,107315690.16041666,107116301.0
"(9, 330, np.float64(0.8), 170)",0.0,0.81875,105212622.83541666,104922420.5
"(9, 330, np.float64(0.8), 180)",0.0,0.58125,104445662.96666667,103822183.0
"(9, 330, np.float64(0.8), 190)",0.0,0.22916666666666666,105137503.49583334,104426780.5
"(9, 330, np.float64(0.8), 200)",0.0,0.07916666666666666,102415470.01666667,102052433.0
"(9, 330, np.float64(0.8), 210)",0.0,0.03333333333333333,102170193.1375,102026355.5
"(9, 330, np.float64(0.9), 120)",0.0,0.029166666666666667,111209788.64791666,110830805.0
"(9, 330, np.float64(0.9), 130)",0.0,0.041666666666666664,111168235.74583334,110826257.0
"(9, 330, np.float64(0.9), 140)",0.0,0.04791666666666667,111292223.55833334,110997896.5
"(9, 330, np.float64(0.9), 150)",0.0,0.052083333333333336,109507520.62291667,109202134.0
"(9, 330, np.float64(0.9), 160)",0.0,0.0625,105755807.45625,105794040.5
"(9, 330, np.float64(0.9), 170)",0.0,0.07291666666666667,105579246.83333333,104862453.5
"(9, 330, np.float64(0.9), 180)",0.0,0.052083333333333336,104487227.84791666,103954140.0
"(9, 330, np.float64(0.9), 190)",0.0,0.016666666666666666,103550014.56041667,102942377.0
"(9, 330, np.float64(0.9), 200)",0.0,0.004166666666666667,102882772.62083334,102522425.0
"(9, 330, np.float64(0.9), 210)",0.0,0.0020833333333333333,101694715.70208333,101240897.0
"(9, 340, np.float64(0.1), 120)",0.0,0.45,111154548.9875,110946036.5
"(9, 340, np.float64(0.1), 130)",0.0,0.5708333333333333,112706515.79375,111842088.5
"(9, 340, np.float64(0.1), 140)",0.0,0.6416666666666667,112061033.53958334,111483776.0
"(9, 340, np.float64(0.1), 150)",0.0,0.7395833333333334,109453843.94166666,109024119.0
"(9, 340, np.float64(0.1), 160)",0.0,0.8125,107892813.725,107357219.0
"(9, 340, np.float64(0.1), 170)",0.0,0.8270833333333333,105275659.70833333,104601399.0
"(9, 340, np.float64(0.1), 180)",0.0,0.5875,104813803.29791667,104166929.0
"(9, 340, np.float64(0.1), 190)",0.0,0.23333333333333334,104211052.34791666,103310682.0
"(9, 340, np.float64(0.1), 200)",0.0,0.07916666666666666,104273042.77708334,103764884.0
"(9, 340, np.float64(0.1), 210)",0.0,0.035416666666666666,102733249.56041667,102362039.0
"(9, 340, np.float64(0.2), 120)",0.0,0.45,111984894.28541666,111771704.0
"(9, 340, np.float64(0.2), 130)",0.0,0.5708333333333333,113419197.43125,112685304.0
"(9, 340, np.float64(0.2), 140)",0.0,0.6416666666666667,112598037.0125,112098757.5
"(9, 340, np.float64(0.2), 150)",0.0,0.7395833333333334,110111748.6625,110046260.0
"(9, 340, np.float64(0.2), 160)",0.0,0.8125,108032755.87708333,107173777.5
"(9, 340, np.float64(0.2), 170)",0.0,0.8270833333333333,105158981.12083334,104444809.0
"(9, 340, np.float64(0.2), 180)",0.0,0.5875,105403562.45208333,104961676.0
"(9, 340, np.float64(0.2), 190)",0.0,0.23333333333333334,103780871.94166666,103516910.5
"(9, 340, np.float64(0.2), 200)",0.0,0.07916666666666666,103238084.91875,102668423.0
"(9, 340, np.float64(0.2), 210)",0.0,0.035416666666666666,101577981.92916666,101141169.5
"(9, 340, np.float64(0.30000000000000004), 120)",0.0,0.45,111540943.34791666,111022689.0
"(9, 340, np.float64(0.30000000000000004), 130)",0.0,0.5708333333333333,112111284.78333333,111916610.0
"(9, 340, np.float64(0.30000000000000004), 140)",0.0,0.6416666666666667,111295248.73333333,111106378.0
"(9, 340, np.float64(0.30000000000000004), 150)",0.0,0.7395833333333334,109939481.53125,109548916.5
"(9, 340, np.float64(0.30000000000000004), 160)",0.0,0.8125,107010259.59375,106117307.5
"(9, 340, np.float64(0.30000000000000004), 170)",0.0,0.8270833333333333,106399179.59583333,105671014.5
"(9, 340, np.float64(0.30000000000000004), 180)",0.0,0.5875,105202257.40625,104802135.5
"(9, 340, np.float64(0.30000000000000004), 190)",0.0,0.23333333333333334,104317677.77291666,103609619.5
"(9, 340, np.float64(0.30000000000000004), 200)",0.0,0.07916666666666666,103487539.42083333,102871226.5
"(9, 340, np.float64(0.30000000000000004), 210)",0.0,0.035416666666666666,102473792.95,102190296.5
"(9, 340, np.float64(0.4), 120)",0.0,0.45,112130281.60625,112101928.0
"(9, 340, np.float64(0.4), 130)",0.0,0.5708333333333333,113514183.92708333,113156879.5
"(9, 340, np.float64(0.4), 140)",0.0,0.6416666666666667,111614835.19791667,111328544.5
"(9, 340, np.float64(0.4), 150)",0.0,0.7395833333333334,110099151.78541666,109521520.0
"(9, 340, np.float64(0.4), 160)",0.0,0.8125,107273031.35416667,106729021.5
"(9, 340, np.float64(0.4), 170)",0.0,0.8270833333333333,105635752.26666667,105235173.5
"(9, 340, np.float64(0.4), 180)",0.0,0.5875,104863102.77916667,104303340.5
"(9, 340, np.float64(0.4), 190)",0.0,0.23333333333333334,103735998.1625,103539327.5
"(9, 340, np.float64(0.4), 200)",0.0,0.07916666666666666,102291196.72708334,101605436.5
"(9, 340, np.float64(0.4), 210)",0.0,0.035416666666666666,101742827.75625,101354751.0
"(9, 340, np.float64(0.5), 120)",0.0,0.45,110361215.67083333,110065761.5
"(9, 340, np.float64(0.5), 130)",0.0,0.5708333333333333,111993031.6,111825457.0
"(9, 340, np.float64(0.5), 140)",0.0,0.6416666666666667,112027325.31666666,111779516.5
"(9, 340, np.float64(0.5), 150)",0.0,0.7395833333333334,109484464.2375,108805659.0
"(9, 340, np.float64(0.5), 160)",0.0,0.8125,107501540.11666666,107244841.0
"(9, 340, np.float64(0.5), 170)",0.0,0.8270833333333333,106300414.80416666,106037784.0
"(9, 340, np.float64(0.5), 180)",0.0,0.5854166666666667,105678233.53333333,104926549.5
"(9, 340, np.float64(0.5), 190)",0.0,0.23333333333333334,104606326.65625,103915828.5
"(9, 340, np.float64(0.5), 200)",0.0,0.07916666666666666,102653752.54166667,102429731.0
"(9, 340, np.float64(0.5), 210)",0.0,0.035416666666666666,102841976.33541666,102573005.0
"(9, 340, np.float64(0.6), 120)",0.0,0.45208333333333334,110802970.2125,110430320.0
"(9, 340, np.float64(0.6), 130)",0.0,0.5708333333333333,112957979.21041666,112425577.0
"(9, 340, np.float64(0.6), 140)",0.0,0.64375,111663677.06666666,111490438.5
"(9, 340, np.float64(0.6), 150)",0.0,0.74375,108598791.58958334,108181747.5
"(9, 340, np.float64(0.6), 160)",0.0,0.8166666666666667,106902207.59375,106404671.5
"(9, 340, np.float64(0.6), 170)",0.0,0.8270833333333333,106011743.99166666,105630001.5
"(9, 340, np.float64(0.6), 180)",0.0,0.5854166666666667,105325736.25625,104840262.5
"(9, 340, np.float64(0.6), 190)",0.0,0.23333333333333334,104734634.25,104184022.5
"(9, 340, np.float64(0.6), 200)",0.0,0.07916666666666666,102616465.74583334,102098388.0
"(9, 340, np.float64(0.6), 210)",0.0,0.035416666666666666,101188123.98125,100983853.0
"(9, 340, np.float64(0.7000000000000001), 120)",0.0,0.4666666666666667,110471559.96041666,110057967.5
"(9, 340, np.float64(0.7000000000000001), 130)",0.0,0.5833333333333334,112178959.13333334,111568591.0
"(9, 340, np.float64(0.7000000000000001), 140)",0.0,0.6520833333333333,111476103.31666666,111354810.5
"(9, 340, np.float64(0.7000000000000001), 150)",0.0,0.7520833333333333,109493301.35833333,109264539.5
"(9, 340, np.float64(0.7000000000000001), 160)",0.0,0.8229166666666666,106811891.93333334,106150683.0
"(9, 340, np.float64(0.7000000000000001), 170)",0.0,0.8270833333333333,105686433.68541667,105116751.0
"(9, 340, np.float64(0.7000000000000001), 180)",0.0,0.5854166666666667,104330255.96041666,103759336.5
"(9, 340, np.float64(0.7000000000000001), 190)",0.0,0.23333333333333334,103787181.2125,103179856.5
"(9, 340, np.float64(0.7000000000000001), 200)",0.0,0.07916666666666666,103262159.31666666,102729613.0
"(9, 340, np.float64(0.7000000000000001), 210)",0.0,0.035416666666666666,102583845.37916666,102437732.0
"(9, 340, np.float64(0.8), 120)",0.0,0.49375,110302532.525,110068617.0
"(9, 340, np.float64(0.8), 130)",0.0,0.6125,112083478.05625,111678822.5
"(9, 340, np.float64(0.8), 140)",0.0,0.6833333333333333,110758811.54583333,110722034.0
"(9, 340, np.float64(0.8), 150)",0.0,0.7708333333333334,109396815.67291667,109302608.0
"(9, 340, np.float64(0.8), 160)",0.0,0.8229166666666666,106371179.67708333,105668088.0
"(9, 340, np.float64(0.8), 170)",0.0,0.8270833333333333,105372520.15416667,105036904.5
"(9, 340, np.float64(0.8), 180)",0.0,0.58125,105965663.1375,105599941.5
"(9, 340, np.float64(0.8), 190)",0.0,0.22916666666666666,103294167.02083333,102696842.0
"(9, 340, np.float64(0.8), 200)",0.0,0.07916666666666666,103493881.96875,103014086.0
"(9, 340, np.float64(0.8), 210)",0.0,0.03333333333333333,102722543.06458333,102510053.0
"(9, 340, np.float64(0.9), 120)",0.0,0.029166666666666667,110250867.1875,109946740.5
"(9, 340, np.float64(0.9), 130)",0.0,0.041666666666666664,112511449.71875,111474613.5
"(9, 340, np.float64(0.9), 140)",0.0,0.04791666666666667,111583624.93333334,111057081.5
"(9, 340, np.float64(0.9), 150)",0.0,0.052083333333333336,109503085.9,109197879.5
"(9, 340, np.float64(0.9), 160)",0.0,0.0625,106055514.66875,105520886.5
"(9, 340, np.float64(0.9), 170)",0.0,0.07291666666666667,105737358.30625,105203428.5
"(9, 340, np.float64(0.9), 180)",0.0,0.052083333333333336,104363994.25208333,103795422.5
"(9, 340, np.float64(0.9), 190)",0.0,0.016666666666666666,104319976.18333334,103676878.0
"(9, 340, np.float64(0.9), 200)",0.0,0.004166666666666667,102647400.40208334,102561477.5
"(9, 340, np.float64(0.9), 210)",0.0,0.0020833333333333333,102392618.64375,101959325.5
"(9, 350, np.float64(0.1), 120)",0.0,0.45416666666666666,111859406.34583333,111064671.5
"(9, 350, np.float64(0.1), 130)",0.0,0.5708333333333333,113728386.31458333,113048256.0
"(9, 350, np.float64(0.1), 140)",0.0,0.64375,110970518.3125,110407303.5
"(9, 350, np.float64(0.1), 150)",0.0,0.74375,109216113.50625,108801682.0
"(9, 350, np.float64(0.1), 160)",0.0,0.8145833333333333,107276321.50833334,106429638.0
"(9, 350, np.float64(0.1), 170)",0.0,0.8291666666666667,106374624.30416666,105792211.5
"(9, 350, np.float64(0.1), 180)",0.0,0.5895833333333333,104395875.61875,103873254.5
"(9, 350, np.float64(0.1), 190)",0.0,0.23333333333333334,104963762.83541666,104328674.0
"(9, 350, np.float64(0.1), 200)",0.0,0.07916666666666666,102962802.99166666,102384089.5
"(9, 350, np.float64(0.1), 210)",0.0,0.035416666666666666,102011558.84583333,101620567.0
"(9, 350, np.float64(0.2), 120)",0.0,0.45416666666666666,111412590.24166666,111141096.0
"(9, 350, np.float64(0.2), 130)",0.0,0.5708333333333333,113459280.17083333,112872913.5
"(9, 350, np.float64(0.2), 140)",0.0,0.64375,112193131.86041667,112192283.5
"(9, 350, np.float64(0.2), 150)",0.0,0.74375,109803121.49375,109636380.0
"(9, 350, np.float64(0.2), 160)",0.0,0.8145833333333333,107184746.45416667,106899699.0
"(9, 350, np.float64(0.2), 170)",0.0,0.8291666666666667,106218439.59166667,105360750.5
"(9, 350, np.float64(0.2), 180)",0.0,0.5895833333333333,105145383.69375,104709035.0
"(9, 350, np.float64(0.2), 190)",0.0,0.23333333333333334,103207869.59166667,102395160.5
"(9, 350, np.float64(0.2), 200)",0.0,0.07916666666666666,102670012.92291667,102019969.0
"(9, 350, np.float64(0.2), 210)",0.0,0.035416666666666666,102388264.4625,101887551.0
"(9, 350, np.float64(0.30000000000000004), 120)",0.0,0.45416666666666666,111336441.63125,110930672.0
"(9, 350, np.float64(0.30000000000000004), 130)",0.0,0.5708333333333333,111447475.21875,110828667.0
"(9, 350, np.float64(0.30000000000000004), 140)",0.0,0.64375,112226518.18125,111669137.5
"(9, 350, np.float64(0.30000000000000004), 150)",0.0,0.74375,109336024.22916667,109164921.0
"(9, 350, np.float64(0.30000000000000004), 160)",0.0,0.8145833333333333,106690999.69791667,106356756.5
"(9, 350, np.float64(0.30000000000000004), 170)",0.0,0.8291666666666667,105626307.45625,105143443.5
"(9, 350, np.float64(0.30000000000000004), 180)",0.0,0.5895833333333333,105166816.5375,104841410.5
"(9, 350, np.float64(0.30000000000000004), 190)",0.0,0.23333333333333334,103797604.14375,102939165.5
"(9, 350, np.float64(0.30000000000000004), 200)",0.0,0.07916666666666666,103212285.27708334,102657337.5
"(9, 350, np.float64(0.30000000000000004), 210)",0.0,0.035416666666666666,101983102.16666667,101592541.5
"(9, 350, np.float64(0.4), 120)",0.0,0.45416666666666666,111942032.33333333,111694870.0
"(9, 350, np.float64(0.4), 130)",0.0,0.5708333333333333,112575876.96875,111995956.5
"(9, 350, np.float64(0.4), 140)",0.0,0.64375,111393809.84375,110868121.5
"(9, 350, np.float64(0.4), 150)",0.0,0.74375,109568170.79583333,109275871.0
"(9, 350, np.float64(0.4), 160)",0.0,0.8145833333333333,107095699.59166667,106598338.0
"(9, 350, np.float64(0.4), 170)",0.0,0.8291666666666667,105678818.34166667,105188699.0
"(9, 350, np.float64(0.4), 180)",0.0,0.5895833333333333,104684923.42916666,104069993.0
"(9, 350, np.float64(0.4), 190)",0.0,0.23333333333333334,103476713.21666667,102786617.5
"(9, 350, np.float64(0.4), 200)",0.0,0.07916666666666666,102379108.05,102013056.5
"(9, 350, np.float64(0.4), 210)",0.0,0.035416666666666666,102899106.05,102503168.5
"(9, 350, np.float64(0.5), 120)",0.0,0.45416666666666666,111473374.62083334,111307912.0
"(9, 350, np.float64(0.5), 130)",0.0,0.5708333333333333,112478715.77708334,112084910.5
"(9, 350, np.float64(0.5), 140)",0.0,0.64375,111463799.63125,111044903.0
"(9, 350, np.float64(0.5), 150)",0.0,0.74375,108556883.09166667,108101003.5
"(9, 350, np.float64(0.5), 160)",0.0,0.8145833333333333,107747775.39791666,107424274.0
"(9, 350, np.float64(0.5), 170)",0.0,0.8291666666666667,105777290.06041667,105019460.0
"(9, 350, np.float64(0.5), 180)",0.0,0.5875,105730185.9125,105061752.0
"(9, 350, np.float64(0.5), 190)",0.0,0.23333333333333334,104550434.84583333,104065029.5
"(9, 350, np.float64(0.5), 200)",0.0,0.07916666666666666,102190952.45416667,101699446.0
"(9, 350, np.float64(0.5), 210)",0.0,0.035416666666666666,101827486.69166666,101556557.0
"(9, 350, np.float64(0.6), 120)",0.0,0.45625,110874325.58333333,110607157.0
"(9, 350, np.float64(0.6), 130)",0.0,0.5708333333333333,112330494.325,111859436.0
"(9, 350, np.float64(0.6), 140)",0.0,0.6458333333333334,111256294.3875,111126987.0
"(9, 350, np.float64(0.6), 150)",0.0,0.7479166666666667,108831261.34791666,108501498.5
"(9, 350, np.float64(0.6), 160)",0.0,0.81875,107501970.6375,106884445.0
"(9, 350, np.float64(0.6), 170)",0.0,0.8291666666666667,105915377.71666667,105205821.5
"(9, 350, np.float64(0.6), 180)",0.0,0.5875,105524243.49166666,104901095.5
"(9, 350, np.float64(0.6), 190)",0.0,0.23333333333333334,103079078.60208334,102485247.0
"(9, 350, np.float64(0.6), 200)",0.0,0.07916666666666666,102558277.54375,102083273.5
"(9, 350, np.float64(0.6), 210)",0.0,0.035416666666666666,101914334.5375,101647568.0
"(9, 350, np.float64(0.7000000000000001), 120)",0.0,0.46875,110328457.02916667,110326107.0
"(9, 350, np.float64(0.7000000000000001), 130)",0.0,0.5833333333333334,112094820.94791667,111382191.5
"(9, 350, np.float64(0.7000000000000001), 140)",0.0,0.6541666666666667,111528005.38333334,111213966.5
"(9, 350, np.float64(0.7000000000000001), 150)",0.0,0.75625,109568483.66458334,109201969.5
"(9, 350, np.float64(0.7000000000000001), 160)",0.0,0.825,107167384.40208334,106858814.5
"(9, 350, np.float64(0.7000000000000001), 170)",0.0,0.8291666666666667,106401823.45833333,105809975.5
"(9, 350, np.float64(0.7000000000000001), 180)",0.0,0.5875,104906094.05416666,103881108.0
"(9, 350, np.float64(0.7000000000000001), 190)",0.0,0.23333333333333334,103430965.63541667,102948183.5
"(9, 350, np.float64(0.7000000000000001), 200)",0.0,0.07916666666666666,103081538.9,102446084.0
"(9, 350, np.float64(0.7000000000000001), 210)",0.0,0.035416666666666666,102402989.375,102201588.0
"(9, 350, np.float64(0.8), 120)",0.0,0.49583333333333335,110610326.71458334,110546820.5
"(9, 350, np.float64(0.8), 130)",0.0,0.6125,112061174.60208334,111637744.0
"(9, 350, np.float64(0.8), 140)",0.0,0.6854166666666667,111425017.475,111350261.5
"(9, 350, np.float64(0.8), 150)",0.0,0.775,109393492.3125,109523573.0
"(9, 350, np.float64(0.8), 160)",0.0,0.825,106346718.13958333,105729377.0
"(9, 350, np.float64(0.8), 170)",0.0,0.8291666666666667,106219135.16666667,105671927.0
"(9, 350, np.float64(0.8), 180)",0.0,0.5833333333333334,104344136.12916666,103919190.5
"(9, 350, np.float64(0.8), 190)",0.0,0.22916666666666666,104560174.19791667,104301386.0
"(9, 350, np.float64(0.8), 200)",0.0,0.07916666666666666,103243915.99791667,102805180.5
"(9, 350, np.float64(0.8), 210)",0.0,0.03333333333333333,101575738.28541666,101370174.5
"(9, 350, np.float64(0.9), 120)",0.0,0.029166666666666667,110798743.45,110316781.5
"(9, 350, np.float64(0.9), 130)",0.0,0.041666666666666664,110907038.40416667,110245749.5
"(9, 350, np.float64(0.9), 140)",0.0,0.04791666666666667,111491367.75208333,111651158.0
"(9, 350, np.float64(0.9), 150)",0.0,0.052083333333333336,108943243.17083333,108808274.0
"(9, 350, np.float64(0.9), 160)",0.0,0.0625,107452866.74375,107156776.0
"(9, 350, np.float64(0.9), 170)",0.0,0.07291666666666667,105669962.56458333,105427965.5
"(9, 350, np.float64(0.9), 180)",0.0,0.052083333333333336,105545932.32083334,105252118.0
"(9, 350, np.float64(0.9), 190)",0.0,0.016666666666666666,103564461.44166666,103004083.5
"(9, 350, np.float64(0.9), 200)",0.0,0.004166666666666667,103549908.94166666,103284530.0
"(9, 350, np.float64(0.9), 210)",0.0,0.0020833333333333333,102364346.73958333,102139987.0
"(9, 360, np.float64(0.1), 120)",0.0,0.4625,112271444.5,111836177.5
"(9, 360, np.float64(0.1), 130)",0.0,0.5770833333333333,112949374.38333334,112566614.5
"(9, 360, np.float64(0.1), 140)",0.0,0.6479166666666667,112273545.47083333,111854587.0
"(9, 360, np.float64(0.1), 150)",0.0,0.7458333333333333,110278292.53541666,109813452.5
"(9, 360, np.float64(0.1), 160)",0.0,0.8166666666666667,107892057.325,107355816.0
"(9, 360, np.float64(0.1), 170)",0.0,0.83125,106461075.86458333,106007125.0
"(9, 360, np.float64(0.1), 180)",0.0,0.5895833333333333,104822807.90625,104093091.0
"(9, 360, np.float64(0.1), 190)",0.0,0.23333333333333334,103955698.94375,103421767.5
"(9, 360, np.float64(0.1), 200)",0.0,0.07916666666666666,102490187.43958333,101882383.5
"(9, 360, np.float64(0.1), 210)",0.0,0.0375,101914280.9875,101849842.5
"(9, 360, np.float64(0.2), 120)",0.0,0.4625,110956158.7375,110768571.0
"(9, 360, np.float64(0.2), 130)",0.0,0.5770833333333333,113482842.12708333,112828166.5
"(9, 360, np.float64(0.2), 140)",0.0,0.6479166666666667,110965116.97291666,111249416.5
"(9, 360, np.float64(0.2), 150)",0.0,0.7458333333333333,109749720.38958333,109761416.0
"(9, 360, np.float64(0.2), 160)",0.0,0.8166666666666667,107303763.425,106929930.5
"(9, 360, np.float64(0.2), 170)",0.0,0.83125,106288286.68125,105690959.5
"(9, 360, np.float64(0.2), 180)",0.0,0.5895833333333333,105740724.27083333,105196820.0
"(9, 360, np.float64(0.2), 190)",0.0,0.23333333333333334,103907373.59583333,103260632.0
"(9, 360, np.float64(0.2), 200)",0.0,0.07916666666666666,102623465.10208334,102244954.0
"(9, 360, np.float64(0.2), 210)",0.0,0.0375,101458310.98958333,101128441.0
"(9, 360, np.float64(0.30000000000000004), 120)",0.0,0.4625,111007645.01875,110604972.5
"(9, 360, np.float64(0.30000000000000004), 130)",0.0,0.5770833333333333,112590170.08333333,112098624.5
"(9, 360, np.float64(0.30000000000000004), 140)",0.0,0.6479166666666667,112272194.19791667,112241431.0
"(9, 360, np.float64(0.30000000000000004), 150)",0.0,0.7458333333333333,110300240.08125,110028152.5
"(9, 360, np.float64(0.30000000000000004), 160)",0.0,0.8166666666666667,107333783.07291667,106514447.0
"(9, 360, np.float64(0.30000000000000004), 170)",0.0,0.83125,105645815.36041667,104832226.5
"(9, 360, np.float64(0.30000000000000004), 180)",0.0,0.5895833333333333,104365210.04583333,103702400.0
"(9, 360, np.float64(0.30000000000000004), 190)",0.0,0.23333333333333334,104290734.625,103743025.0
"(9, 360, np.float64(0.30000000000000004), 200)",0.0,0.07916666666666666,102752854.30625,102135600.0
"(9, 360, np.float64(0.30000000000000004), 210)",0.0,0.0375,102509359.56666666,102125215.0
"(9, 360, np.float64(0.4), 120)",0.0,0.4625,110814551.6875,110783754.0
"(9, 360, np.float64(0.4), 130)",0.0,0.5770833333333333,112273275.43125,111736653.0
"(9, 360, np.float64(0.4), 140)",0.0,0.6479166666666667,111423136.46666667,111267817.5
"(9, 360, np.float64(0.4), 150)",0.0,0.7458333333333333,110105022.57708333,109861863.5
"(9, 360, np.float64(0.4), 160)",0.0,0.8166666666666667,106603136.62291667,106228828.5
"(9, 360, np.float64(0.4), 170)",0.0,0.83125,105444918.6875,104689362.0
"(9, 360, np.float64(0.4), 180)",0.0,0.5895833333333333,104133480.15416667,103663654.0
"(9, 360, np.float64(0.4), 190)",0.0,0.23333333333333334,104445055.575,103821646.5
"(9, 360, np.float64(0.4), 200)",0.0,0.07916666666666666,102816432.35416667,102420669.0
"(9, 360, np.float64(0.4), 210)",0.0,0.0375,102218813.38333334,101863453.0
"(9, 360, np.float64(0.5), 120)",0.0,0.4625,111474881.69375,111422171.0
"(9, 360, np.float64(0.5), 130)",0.0,0.5770833333333333,112310134.76041667,111987382.5
"(9, 360, np.float64(0.5), 140)",0.0,0.6479166666666667,111201609.63125,110750666.5
"(9, 360, np.float64(0.5), 150)",0.0,0.7458333333333333,109801629.29375,109402782.5
"(9, 360, np.float64(0.5), 160)",0.0,0.8166666666666667,107015429.80625,106276057.5
"(9, 360, np.float64(0.5), 170)",0.0,0.83125,106412972.86666666,105831903.0
"(9, 360, np.float64(0.5), 180)",0.0,0.5875,105053441.97916667,104451506.5
"(9, 360, np.float64(0.5), 190)",0.0,0.23333333333333334,104317285.41666667,103766998.0
"(9, 360, np.float64(0.5), 200)",0.0,0.07916666666666666,103434610.35208334,102884751.0
"(9, 360, np.float64(0.5), 210)",0.0,0.0375,101529140.55,100996279.0
"(9, 360, np.float64(0.6), 120)",0.0,0.46458333333333335,110571642.61458333,109850574.5
"(9, 360, np.float64(0.6), 130)",0.0,0.5770833333333333,112632530.675,112119968.0
"(9, 360, np.float64(0.6), 140)",0.0,0.65,111377297.92708333,111042778.5
"(9, 360, np.float64(0.6), 150)",0.0,0.75,109234923.00208333,108649660.5
"(9, 360, np.float64(0.6), 160)",0.0,0.8208333333333333,107671462.87708333,107317191.5
"(9, 360, np.float64(0.6), 170)",0.0,0.83125,105506531.86666666,105039313.5
"(9, 360, np.float64(0.6), 180)",0.0,0.5875,104904249.33541666,104495611.0
"(9, 360, np.float64(0.6), 190)",0.0,0.23333333333333334,104261726.85833333,103337875.0
"(9, 360, np.float64(0.6), 200)",0.0,0.07916666666666666,103455082.14166667,103135354.5
"(9, 360, np.float64(0.6), 210)",0.0,0.0375,101342959.81041667,100981100.0
"(9, 360, np.float64(0.7000000000000001), 120)",0.0,0.475,111011263.49583334,111091465.5
"(9, 360, np.float64(0.7000000000000001), 130)",0.0,0.5895833333333333,111725336.94166666,110803801.0
"(9, 360, np.float64(0.7000000000000001), 140)",0.0,0.6583333333333333,111271902.21875,110963680.5
"(9, 360, np.float64(0.7000000000000001), 150)",0.0,0.7583333333333333,108991289.77708334,108456517.0
"(9, 360, np.float64(0.7000000000000001), 160)",0.0,0.8270833333333333,107406474.18958333,107177079.0
"(9, 360, np.float64(0.7000000000000001), 170)",0.0,0.83125,106019634.7875,105636551.0
"(9, 360, np.float64(0.7000000000000001), 180)",0.0,0.5875,104364571.47291666,103878943.5
"(9, 360, np.float64(0.7000000000000001), 190)",0.0,0.23333333333333334,104517430.29583333,104080490.0
"(9, 360, np.float64(0.7000000000000001), 200)",0.0,0.07916666666666666,102286071.525,101499705.0
"(9, 360, np.float64(0.7000000000000001), 210)",0.0,0.0375,101781636.01458333,101526859.0
"(9, 360, np.float64(0.8), 120)",0.0,0.5020833333333333,110277856.82708333,110387545.5
"(9, 360, np.float64(0.8), 130)",0.0,0.6166666666666667,111359096.51666667,111141630.0
"(9, 360, np.float64(0.8), 140)",0.0,0.6895833333333333,111341220.43541667,110905836.0
"(9, 360, np.float64(0.8), 150)",0.0,0.7770833333333333,109338082.06041667,109136027.0
"(9, 360, np.float64(0.8), 160)",0.0,0.8270833333333333,108033388.02708334,107818721.0
"(9, 360, np.float64(0.8), 170)",0.0,0.83125,105350497.81041667,104963533.0
"(9, 360, np.float64(0.8), 180)",0.0,0.5833333333333334,104442268.53958334,104162185.5
"(9, 360, np.float64(0.8), 190)",0.0,0.22916666666666666,104441089.98333333,103659558.0
"(9, 360, np.float64(0.8), 200)",0.0,0.07916666666666666,102860736.4875,102468974.5
"(9, 360, np.float64(0.8), 210)",0.0,0.035416666666666666,102362912.45416667,102109467.0
"(9, 360, np.float64(0.9), 120)",0.0,0.029166666666666667,111267206.64166667,110915133.0
"(9, 360, np.float64(0.9), 130)",0.0,0.041666666666666664,112397516.71041666,111708440.5
"(9, 360, np.float64(0.9), 140)",0.0,0.04791666666666667,110892902.3625,110960374.5
"(9, 360, np.float64(0.9), 150)",0.0,0.052083333333333336,108585752.33541666,108165119.0
"(9, 360, np.float64(0.9), 160)",0.0,0.0625,106476160.98541667,106023420.5
"(9, 360, np.float64(0.9), 170)",0.0,0.07291666666666667,106354635.3125,105909193.5
"(9, 360, np.float64(0.9), 180)",0.0,0.052083333333333336,105368071.97291666,104719820.0
"(9, 360, np.float64(0.9), 190)",0.0,0.016666666666666666,102955408.78958334,102506144.5
"(9, 360, np.float64(0.9), 200)",0.0,0.004166666666666667,102850822.34791666,102588184.5
"(9, 360, np.float64(0.9), 210)",0.0,0.0020833333333333333,102042829.27083333,101827377.5
"(9, 370, np.float64(0.1), 120)",0.0,0.46458333333333335,111065539.20416667,110543522.0
"(9, 370, np.float64(0.1), 130)",0.0,0.5791666666666667,113868531.67083333,113335468.5
"(9, 370, np.float64(0.1), 140)",0.0,0.6541666666666667,111446626.24791667,110891790.5
"(9, 370, np.float64(0.1), 150)",0.0,0.7458333333333333,109947202.56458333,109716882.5
"(9, 370, np.float64(0.1), 160)",0.0,0.8166666666666667,107995016.87291667,106874898.0
"(9, 370, np.float64(0.1), 170)",0.0,0.8333333333333334,105843544.46458334,105042932.0
"(9, 370, np.float64(0.1), 180)",0.0,0.5895833333333333,104334971.76875,103896832.5
"(9, 370, np.float64(0.1), 190)",0.0,0.23333333333333334,104397890.94375,103723973.0
"(9, 370, np.float64(0.1), 200)",0.0,0.07916666666666666,103101348.4,102488957.5
"(9, 370, np.float64(0.1), 210)",0.0,0.0375,102551809.91458334,102132282.5
"(9, 370, np.float64(0.2), 120)",0.0,0.46458333333333335,111122064.99791667,110881693.0
"(9, 370, np.float64(0.2), 130)",0.0,0.5791666666666667,112912711.04583333,112500247.0
"(9, 370, np.float64(0.2), 140)",0.0,0.6541666666666667,111280085.5375,111140375.5
"(9, 370, np.float64(0.2), 150)",0.0,0.7458333333333333,109828807.67291667,109585177.5
"(9, 370, np.float64(0.2), 160)",0.0,0.8166666666666667,107296070.40208334,106764161.5
"(9, 370, np.float64(0.2), 170)",0.0,0.8333333333333334,106671169.47708334,106114592.5
"(9, 370, np.float64(0.2), 180)",0.0,0.5895833333333333,104850135.80416666,104208627.0
"(9, 370, np.float64(0.2), 190)",0.0,0.23333333333333334,104567358.13958333,104041774.0
"(9, 370, np.float64(0.2), 200)",0.0,0.07916666666666666,102339081.22916667,101652138.0
"(9, 370, np.float64(0.2), 210)",0.0,0.0375,101816595.75,101770305.0
"(9, 370, np.float64(0.30000000000000004), 120)",0.0,0.46458333333333335,110864428.37708333,110369582.0
"(9, 370, np.float64(0.30000000000000004), 130)",0.0,0.5791666666666667,112064249.63333334,111693726.0
"(9, 370, np.float64(0.30000000000000004), 140)",0.0,0.6541666666666667,111687523.83541666,111239422.0
"(9, 370, np.float64(0.30000000000000004), 150)",0.0,0.7458333333333333,109729389.22916667,109543646.0
"(9, 370, np.float64(0.30000000000000004), 160)",0.0,0.8166666666666667,107317073.3125,107102214.0
"(9, 370, np.float64(0.30000000000000004), 170)",0.0,0.8333333333333334,106501092.2625,105787017.5
"(9, 370, np.float64(0.30000000000000004), 180)",0.0,0.5895833333333333,104684847.14166667,104007847.0
"(9, 370, np.float64(0.30000000000000004), 190)",0.0,0.23333333333333334,104491331.39791666,103871293.0
"(9, 370, np.float64(0.30000000000000004), 200)",0.0,0.07916666666666666,102675024.36041667,102326899.0
"(9, 370, np.float64(0.30000000000000004), 210)",0.0,0.0375,102158540.31666666,102057418.5
"(9, 370, np.float64(0.4), 120)",0.0,0.46458333333333335,111383720.4625,111045891.5
"(9, 370, np.float64(0.4), 130)",0.0,0.5791666666666667,111804002.53333333,111532586.0
"(9, 370, np.float64(0.4), 140)",0.0,0.6541666666666667,112261202.48333333,112070813.5
"(9, 370, np.float64(0.4), 150)",0.0,0.7458333333333333,109420490.69583334,108732897.0
"(9, 370, np.float64(0.4), 160)",0.0,0.8166666666666667,107502134.47916667,106699656.5
"(9, 370, np.float64(0.4), 170)",0.0,0.8333333333333334,105377044.33958334,104796246.5
"(9, 370, np.float64(0.4), 180)",0.0,0.5895833333333333,104548863.60833333,103894182.5
"(9, 370, np.float64(0.4), 190)",0.0,0.23333333333333334,104420800.77916667,103927208.0
"(9, 370, np.float64(0.4), 200)",0.0,0.07916666666666666,102410986.67291667,101611223.0
"(9, 370, np.float64(0.4), 210)",0.0,0.0375,102760372.49375,102240651.5
"(9, 370, np.float64(0.5), 120)",0.0,0.46458333333333335,111235653.53541666,110875710.5
"(9, 370, np.float64(0.5), 130)",0.0,0.5791666666666667,111620713.35208334,111277112.5
"(9, 370, np.float64(0.5), 140)",0.0,0.6541666666666667,110891074.52916667,110670912.0
"(9, 370, np.float64(0.5), 150)",0.0,0.7458333333333333,109943139.85,109579466.0
"(9, 370, np.float64(0.5), 160)",0.0,0.8166666666666667,106610325.21875,106186765.5
"(9, 370, np.float64(0.5), 170)",0.0,0.8333333333333334,106384495.23125,105933097.0
"(9, 370, np.float64(0.5), 180)",0.0,0.5875,105003350.37083334,104632399.0
"(9, 370, np.float64(0.5), 190)",0.0,0.23333333333333334,104033013.30833334,103353261.5
"(9, 370, np.float64(0.5), 200)",0.0,0.07916666666666666,102546364.41875,102159268.5
"(9, 370, np.float64(0.5), 210)",0.0,0.0375,103092108.90625,102818300.5
"(9, 370, np.float64(0.6), 120)",0.0,0.4666666666666667,110712741.33333333,110204733.0
"(9, 370, np.float64(0.6), 130)",0.0,0.5791666666666667,112485354.3125,112300803.5
"(9, 370, np.float64(0.6), 140)",0.0,0.65625,111831782.28333333,111544905.0
"(9, 370, np.float64(0.6), 150)",0.0,0.75,109751461.35,109503684.0
"(9, 370, np.float64(0.6), 160)",0.0,0.8208333333333333,106582729.43541667,106349441.5
"(9, 370, np.float64(0.6), 170)",0.0,0.8333333333333334,105341247.21666667,104864690.0
"(9, 370, np.float64(0.6), 180)",0.0,0.5875,105661563.70416667,104743163.5
"(9, 370, np.float64(0.6), 190)",0.0,0.23333333333333334,104072145.0375,103563693.5
"(9, 370, np.float64(0.6), 200)",0.0,0.07916666666666666,102352379.15208334,101927479.5
"(9, 370, np.float64(0.6), 210)",0.0,0.0375,101214054.65416667,100988013.0
"(9, 370, np.float64(0.7000000000000001), 120)",0.0,0.47708333333333336,110391194.67083333,110245280.5
"(9, 370, np.float64(0.7000000000000001), 130)",0.0,0.5916666666666667,111520066.51666667,110635002.5
"(9, 370, np.float64(0.7000000000000001), 140)",0.0,0.6645833333333333,111454543.81041667,111117916.0
"(9, 370, np.float64(0.7000000000000001), 150)",0.0,0.7583333333333333,108854765.7125,108610398.0
"(9, 370, np.float64(0.7000000000000001), 160)",0.0,0.8270833333333333,106642234.67916666,106315404.0
"(9, 370, np.float64(0.7000000000000001), 170)",0.0,0.8333333333333334,106339485.63541667,105642016.0
"(9, 370, np.float64(0.7000000000000001), 180)",0.0,0.5875,105451418.35,104817068.5
"(9, 370, np.float64(0.7000000000000001), 190)",0.0,0.23333333333333334,103429806.20208333,103117480.5
"(9, 370, np.float64(0.7000000000000001), 200)",0.0,0.07916666666666666,103301052.73958333,102933927.5
"(9, 370, np.float64(0.7000000000000001), 210)",0.0,0.0375,102379216.22083333,102137061.0
"(9, 370, np.float64(0.8), 120)",0.0,0.5041666666666667,110919527.43958333,110857070.0
"(9, 370, np.float64(0.8), 130)",0.0,0.6166666666666667,111959167.2,111418065.5
"(9, 370, np.float64(0.8), 140)",0.0,0.6958333333333333,111576545.44166666,111868451.0
"(9, 370, np.float64(0.8), 150)",0.0,0.7770833333333333,108653034.59583333,108436702.5
"(9, 370, np.float64(0.8), 160)",0.0,0.8270833333333333,106652723.99583334,106316304.0
"(9, 370, np.float64(0.8), 170)",0.0,0.83125,104389791.24166666,104085201.5
"(9, 370, np.float64(0.8), 180)",0.0,0.5833333333333334,105082619.19375,104684819.0
"(9, 370, np.float64(0.8), 190)",0.0,0.22916666666666666,103620996.21041666,103033104.0
"(9, 370, np.float64(0.8), 200)",0.0,0.07916666666666666,102479516.59375,101721929.5
"(9, 370, np.float64(0.8), 210)",0.0,0.035416666666666666,102200076.64166667,102168005.5
"(9, 370, np.float64(0.9), 120)",0.0,0.029166666666666667,110677041.07708333,110503948.0
"(9, 370, np.float64(0.9), 130)",0.0,0.041666666666666664,111844916.66458334,110877482.5
"(9, 370, np.float64(0.9), 140)",0.0,0.04791666666666667,111669949.52083333,111233468.0
"(9, 370, np.float64(0.9), 150)",0.0,0.052083333333333336,107952276.04166667,107577665.0
"(9, 370, np.float64(0.9), 160)",0.0,0.0625,107177789.29375,107017464.0
"(9, 370, np.float64(0.9), 170)",0.0,0.07291666666666667,105840761.74375,105319991.5
"(9, 370, np.float64(0.9), 180)",0.0,0.052083333333333336,105043447.47083333,104340254.5
"(9, 370, np.float64(0.9), 190)",0.0,0.016666666666666666,103821361.40833333,103443007.0
"(9, 370, np.float64(0.9), 200)",0.0,0.004166666666666667,102801508.1125,102296715.0
"(9, 370, np.float64(0.9), 210)",0.0,0.0020833333333333333,102358031.60208334,102076844.0
"(9, 380, np.float64(0.1), 120)",0.0,0.4708333333333333,112304611.70416667,112085183.0
"(9, 380, np.float64(0.1), 130)",0.0,0.58125,112461264.70416667,111590837.0
"(9, 380, np.float64(0.1), 140)",0.0,0.65625,112729532.7875,112451574.5
"(9, 380, np.float64(0.1), 150)",0.0,0.7479166666666667,109207310.9625,108783252.5
"(9, 380, np.float64(0.1), 160)",0.0,0.8166666666666667,106729396.575,106085537.5
"(9, 380, np.float64(0.1), 170)",0.0,0.8354166666666667,106020609.53125,105396895.0
"(9, 380, np.float64(0.1), 180)",0.0,0.5895833333333333,105971464.58541666,105362140.5
"(9, 380, np.float64(0.1), 190)",0.0,0.23333333333333334,103678442.99583334,102996674.0
"(9, 380, np.float64(0.1), 200)",0.0,0.07916666666666666,103167476.38125,102859887.0
"(9, 380, np.float64(0.1), 210)",0.0,0.0375,101420862.16875,101392741.5
"(9, 380, np.float64(0.2), 120)",0.0,0.4708333333333333,110991572.09583333,110783913.0
"(9, 380, np.float64(0.2), 130)",0.0,0.58125,112931300.93333334,112539803.5
"(9, 380, np.float64(0.2), 140)",0.0,0.65625,111751097.03958334,111304904.5
"(9, 380, np.float64(0.2), 150)",0.0,0.7479166666666667,110162471.11875,109769928.0
"(9, 380, np.float64(0.2), 160)",0.0,0.8166666666666667,107105305.36875,106476857.5
"(9, 380, np.float64(0.2), 170)",0.0,0.8354166666666667,104715940.37708333,104209974.5
"(9, 380, np.float64(0.2), 180)",0.0,0.5895833333333333,104729698.30625,104078113.5
"(9, 380, np.float64(0.2), 190)",0.0,0.23333333333333334,104510711.60208334,103804984.5
"(9, 380, np.float64(0.2), 200)",0.0,0.07916666666666666,102578804.89166667,102225273.5
"(9, 380, np.float64(0.2), 210)",0.0,0.0375,102994834.91666667,102681790.0
"(9, 380, np.float64(0.30000000000000004), 120)",0.0,0.4708333333333333,111125668.41458334,110754682.5
"(9, 380, np.float64(0.30000000000000004), 130)",0.0,0.58125,112962216.70416667,112417525.5
"(9, 380, np.float64(0.30000000000000004), 140)",0.0,0.65625,112167290.09166667,111991483.5
"(9, 380, np.float64(0.30000000000000004), 150)",0.0,0.7479166666666667,108638268.68333334,108260872.5
"(9, 380, np.float64(0.30000000000000004), 160)",0.0,0.8166666666666667,106811211.03333333,106188871.5
"(9, 380, np.float64(0.30000000000000004), 170)",0.0,0.8354166666666667,106767452.65,106079775.5
"(9, 380, np.float64(0.30000000000000004), 180)",0.0,0.5895833333333333,105374315.98125,104803229.0
"(9, 380, np.float64(0.30000000000000004), 190)",0.0,0.23333333333333334,104361571.92916666,104013097.0
"(9, 380, np.float64(0.30000000000000004), 200)",0.0,0.07916666666666666,101932872.93541667,101696595.0
"(9, 380, np.float64(0.30000000000000004), 210)",0.0,0.0375,101595552.04166667,101225679.5
"(9, 380, np.float64(0.4), 120)",0.0,0.4708333333333333,111007950.81458333,110683711.0
"(9, 380, np.float64(0.4), 130)",0.0,0.58125,112389277.43333334,111902715.0
"(9, 380, np.float64(0.4), 140)",0.0,0.65625,112330430.12291667,111678692.0
"(9, 380, np.float64(0.4), 150)",0.0,0.7479166666666667,109612326.62708333,109383383.5
"(9, 380, np.float64(0.4), 160)",0.0,0.8166666666666667,106254247.54166667,105617861.0
"(9, 380, np.float64(0.4), 170)",0.0,0.8354166666666667,106312146.56875,105717485.0
"(9, 380, np.float64(0.4), 180)",0.0,0.5895833333333333,104626584.15208334,103930251.5
"(9, 380, np.float64(0.4), 190)",0.0,0.23333333333333334,103373815.67708333,102713287.5
"(9, 380, np.float64(0.4), 200)",0.0,0.07916666666666666,102948793.675,102641092.0
"(9, 380, np.float64(0.4), 210)",0.0,0.0375,102409347.26875,102109160.0
"(9, 380, np.float64(0.5), 120)",0.0,0.4708333333333333,110482128.91875,110501173.0
"(9, 380, np.float64(0.5), 130)",0.0,0.58125,112142589.475,111531400.5
"(9, 380, np.float64(0.5), 140)",0.0,0.65625,111396358.23541667,111120418.0
"(9, 380, np.float64(0.5), 150)",0.0,0.7479166666666667,109726482.19791667,109572508.0
"(9, 380, np.float64(0.5), 160)",0.0,0.8166666666666667,107002133.95416667,106401504.5
"(9, 380, np.float64(0.5), 170)",0.0,0.8354166666666667,105551841.62916666,104987519.0
"(9, 380, np.float64(0.5), 180)",0.0,0.5875,104336209.14583333,103788283.5
"(9, 380, np.float64(0.5), 190)",0.0,0.23333333333333334,103822713.84375,103506977.0
"(9, 380, np.float64(0.5), 200)",0.0,0.07916666666666666,102433091.52083333,102262237.5
"(9, 380, np.float64(0.5), 210)",0.0,0.0375,102299395.43958333,102058590.5
"(9, 380, np.float64(0.6), 120)",0.0,0.47291666666666665,111274562.53541666,110899699.5
"(9, 380, np.float64(0.6), 130)",0.0,0.58125,112527931.67083333,112506358.5
"(9, 380, np.float64(0.6), 140)",0.0,0.6583333333333333,111278746.62291667,110912915.0
"(9, 380, np.float64(0.6), 150)",0.0,0.7520833333333333,109364059.25,109275228.5
"(9, 380, np.float64(0.6), 160)",0.0,0.8208333333333333,107632793.48333333,107070193.0
"(9, 380, np.float64(0.6), 170)",0.0,0.8354166666666667,105577379.39583333,105196681.0
"(9, 380, np.float64(0.6), 180)",0.0,0.5875,104368411.98541667,103772123.5
"(9, 380, np.float64(0.6), 190)",0.0,0.23333333333333334,104500641.12708333,103806587.5
"(9, 380, np.float64(0.6), 200)",0.0,0.07916666666666666,102616785.66666667,102180347.5
"(9, 380, np.float64(0.6), 210)",0.0,0.0375,101407630.45208333,101118413.5
"(9, 380, np.float64(0.7000000000000001), 120)",0.0,0.48333333333333334,110181105.425,109697476.5
"(9, 380, np.float64(0.7000000000000001), 130)",0.0,0.59375,111673977.36666666,111000745.5
"(9, 380, np.float64(0.7000000000000001), 140)",0.0,0.6666666666666666,111175385.9125,110822739.5
"(9, 380, np.float64(0.7000000000000001), 150)",0.0,0.7604166666666666,108771636.27916667,108596597.0
"(9, 380, np.float64(0.7000000000000001), 160)",0.0,0.8270833333333333,107348019.675,107017440.5
"(9, 380, np.float64(0.7000000000000001), 170)",0.0,0.8354166666666667,106318758.925,105860357.5
"(9, 380, np.float64(0.7000000000000001), 180)",0.0,0.5875,104837315.75416666,104462835.0
"(9, 380, np.float64(0.7000000000000001), 190)",0.0,0.23333333333333334,104540193.11041667,103925942.5
"(9, 380, np.float64(0.7000000000000001), 200)",0.0,0.07916666666666666,102665013.00625,102036739.0
"(9, 380, np.float64(0.7000000000000001), 210)",0.0,0.0375,102114771.6625,101809297.5
"(9, 380, np.float64(0.8), 120)",0.0,0.5083333333333333,110804731.33125,110303456.5
"(9, 380, np.float64(0.8), 130)",0.0,0.61875,112428946.3125,112313946.5
"(9, 380, np.float64(0.8), 140)",0.0,0.6958333333333333,111703559.04166667,111302332.0
"(9, 380, np.float64(0.8), 150)",0.0,0.7791666666666667,109104897.07916667,108556527.5
"(9, 380, np.float64(0.8), 160)",0.0,0.8270833333333333,106891471.45833333,106697959.0
"(9, 380, np.float64(0.8), 170)",0.0,0.8333333333333334,104833759.27083333,104156019.5
"(9, 380, np.float64(0.8), 180)",0.0,0.5833333333333334,105319349.23125,104735870.0
"(9, 380, np.float64(0.8), 190)",0.0,0.22916666666666666,103015969.00416666,102469045.5
"(9, 380, np.float64(0.8), 200)",0.0,0.07916666666666666,102794109.58958334,102197241.5
"(9, 380, np.float64(0.8), 210)",0.0,0.035416666666666666,101956214.49791667,101657639.5
"(9, 380, np.float64(0.9), 120)",0.0,0.029166666666666667,110282835.31041667,109905756.0
"(9, 380, np.float64(0.9), 130)",0.0,0.041666666666666664,111001919.28333333,110341347.0
"(9, 380, np.float64(0.9), 140)",0.0,0.04791666666666667,111343070.23125,110784069.5
"(9, 380, np.float64(0.9), 150)",0.0,0.052083333333333336,108467822.7625,108356377.0
"(9, 380, np.float64(0.9), 160)",0.0,0.0625,107159701.32708333,106935154.0
"(9, 380, np.float64(0.9), 170)",0.0,0.07291666666666667,105800164.26041667,105559244.5
"(9, 380, np.float64(0.9), 180)",0.0,0.052083333333333336,105112030.29166667,104273222.0
"(9, 380, np.float64(0.9), 190)",0.0,0.016666666666666666,103672675.25,103081453.5
"(9, 380, np.float64(0.9), 200)",0.0,0.004166666666666667,103399920.76666667,103076620.0
"(9, 380, np.float64(0.9), 210)",0.0,0.0020833333333333333,102601901.55625,102307973.0
"(9, 390, np.float64(0.1), 120)",0.0,0.475,112224587.90833333,111882317.5
"(9, 390, np.float64(0.1), 130)",0.0,0.5895833333333333,113423451.34583333,112722798.0
"(9, 390, np.float64(0.1), 140)",0.0,0.6583333333333333,111724929.2875,111015841.5
"(9, 390, np.float64(0.1), 150)",0.0,0.7479166666666667,109157713.68125,108880760.0
"(9, 390, np.float64(0.1), 160)",0.0,0.81875,106964078.23333333,106194653.0
"(9, 390, np.float64(0.1), 170)",0.0,0.8354166666666667,105685668.83541666,104867665.0
"(9, 390, np.float64(0.1), 180)",0.0,0.5895833333333333,104151687.50208333,103543200.0
"(9, 390, np.float64(0.1), 190)",0.0,0.23333333333333334,104333262.7625,104104708.0
"(9, 390, np.float64(0.1), 200)",0.0,0.07916666666666666,102334798.09583333,101859506.0
"(9, 390, np.float64(0.1), 210)",0.0,0.0375,101786401.10416667,101567199.0
"(9, 390, np.float64(0.2), 120)",0.0,0.475,111038059.5625,110711853.0
"(9, 390, np.float64(0.2), 130)",0.0,0.5895833333333333,112981781.17291667,112370760.5
"(9, 390, np.float64(0.2), 140)",0.0,0.6583333333333333,111253606.38958333,111045000.0
"(9, 390, np.float64(0.2), 150)",0.0,0.7479166666666667,110645983.59375,110379980.5
"(9, 390, np.float64(0.2), 160)",0.0,0.81875,106940448.825,106777892.0
"(9, 390, np.float64(0.2), 170)",0.0,0.8354166666666667,105636351.30416666,104852103.5
"(9, 390, np.float64(0.2), 180)",0.0,0.5895833333333333,104553680.16458334,104132324.0
"(9, 390, np.float64(0.2), 190)",0.0,0.23333333333333334,104227727.75,103675883.0
"(9, 390, np.float64(0.2), 200)",0.0,0.07916666666666666,103454213.61666666,103006879.0
"(9, 390, np.float64(0.2), 210)",0.0,0.0375,102469498.20625,102096817.5
"(9, 390, np.float64(0.30000000000000004), 120)",0.0,0.475,111274093.47083333,111130373.0
"(9, 390, np.float64(0.30000000000000004), 130)",0.0,0.5895833333333333,112345462.72708334,111623192.5
"(9, 390, np.float64(0.30000000000000004), 140)",0.0,0.6583333333333333,111488994.49166666,110584230.0
"(9, 390, np.float64(0.30000000000000004), 150)",0.0,0.7479166666666667,109856571.13541667,109602401.5
"(9, 390, np.float64(0.30000000000000004), 160)",0.0,0.81875,107640373.525,107158565.5
"(9, 390, np.float64(0.30000000000000004), 170)",0.0,0.8354166666666667,104694502.98958333,103940481.0
"(9, 390, np.float64(0.30000000000000004), 180)",0.0,0.5895833333333333,105095440.92916666,104282122.0
"(9, 390, np.float64(0.30000000000000004), 190)",0.0,0.23333333333333334,102910932.29166667,102451952.5
"(9, 390, np.float64(0.30000000000000004), 200)",0.0,0.07916666666666666,103304358.24583334,102725671.5
"(9, 390, np.float64(0.30000000000000004), 210)",0.0,0.0375,102015344.55625,101570450.0
"(9, 390, np.float64(0.4), 120)",0.0,0.475,110456093.89166667,110287823.0
"(9, 390, np.float64(0.4), 130)",0.0,0.5895833333333333,112472420.275,111768732.0
"(9, 390, np.float64(0.4), 140)",0.0,0.6583333333333333,112000451.80625,111771265.5
"(9, 390, np.float64(0.4), 150)",0.0,0.7479166666666667,108907188.64166667,108937724.0
"(9, 390, np.float64(0.4), 160)",0.0,0.81875,106624010.36666666,106367151.5
"(9, 390, np.float64(0.4), 170)",0.0,0.8354166666666667,106126545.69583334,105489198.5
"(9, 390, np.float64(0.4), 180)",0.0,0.5895833333333333,105327759.31666666,104490551.0
"(9, 390, np.float64(0.4), 190)",0.0,0.23333333333333334,104698836.325,104097064.5
"(9, 390, np.float64(0.4), 200)",0.0,0.07916666666666666,102576117.54791667,101909821.0
"(9, 390, np.float64(0.4), 210)",0.0,0.0375,102407999.03125,101836734.0
"(9, 390, np.float64(0.5), 120)",0.0,0.475,110938934.90208334,110590195.5
"(9, 390, np.float64(0.5), 130)",0.0,0.5895833333333333,111272352.77291666,110700155.0
"(9, 390, np.float64(0.5), 140)",0.0,0.6583333333333333,111055295.375,110764697.5
"(9, 390, np.float64(0.5), 150)",0.0,0.7479166666666667,109499711.26458333,108893764.0
"(9, 390, np.float64(0.5), 160)",0.0,0.81875,106409810.0375,106262712.0
"(9, 390, np.float64(0.5), 170)",0.0,0.8354166666666667,104588829.025,104056662.5
"(9, 390, np.float64(0.5), 180)",0.0,0.5875,105585766.78958334,104835288.0
"(9, 390, np.float64(0.5), 190)",0.0,0.23333333333333334,104234275.54583333,103514075.5
"(9, 390, np.float64(0.5), 200)",0.0,0.07916666666666666,103720084.7375,102789511.5
"(9, 390, np.float64(0.5), 210)",0.0,0.0375,102163294.31458333,101756960.0
"(9, 390, np.float64(0.6), 120)",0.0,0.47708333333333336,110736574.20625,110492154.0
"(9, 390, np.float64(0.6), 130)",0.0,0.5895833333333333,111548032.34791666,110959193.5
"(9, 390, np.float64(0.6), 140)",0.0,0.6604166666666667,111631021.85,111179345.5
"(9, 390, np.float64(0.6), 150)",0.0,0.7520833333333333,109522427.70416667,109050398.5
"(9, 390, np.float64(0.6), 160)",0.0,0.8229166666666666,108066427.49583334,107885797.0
"(9, 390, np.float64(0.6), 170)",0.0,0.8354166666666667,105191935.42083333,104819407.5
"(9, 390, np.float64(0.6), 180)",0.0,0.5875,105554824.625,105141336.5
"(9, 390, np.float64(0.6), 190)",0.0,0.23333333333333334,103502014.12291667,102870944.0
"(9, 390, np.float64(0.6), 200)",0.0,0.07916666666666666,102007501.80416666,101486889.0
"(9, 390, np.float64(0.6), 210)",0.0,0.0375,102280091.525,101895064.5
"(9, 390, np.float64(0.7000000000000001), 120)",0.0,0.4875,110527303.4875,110402093.0
"(9, 390, np.float64(0.7000000000000001), 130)",0.0,0.6,111541882.40416667,111094221.5
"(9, 390, np.float64(0.7000000000000001), 140)",0.0,0.66875,111225763.24791667,110347139.5
"(9, 390, np.float64(0.7000000000000001), 150)",0.0,0.7604166666666666,108746574.02083333,108232799.5
"(9, 390, np.float64(0.7000000000000001), 160)",0.0,0.8291666666666667,108089837.03958334,107147468.5
"(9, 390, np.float64(0.7000000000000001), 170)",0.0,0.8354166666666667,105848081.00625,105206112.5
"(9, 390, np.float64(0.7000000000000001), 180)",0.0,0.5875,104058190.14791666,103365175.5
"(9, 390, np.float64(0.7000000000000001), 190)",0.0,0.23333333333333334,104221610.91041666,103661485.5
"(9, 390, np.float64(0.7000000000000001), 200)",0.0,0.07916666666666666,102710042.34166667,102000130.0
"(9, 390, np.float64(0.7000000000000001), 210)",0.0,0.0375,101784085.84791666,101567289.0
"(9, 390, np.float64(0.8), 120)",0.0,0.5083333333333333,110644603.21458334,110455896.0
"(9, 390, np.float64(0.8), 130)",0.0,0.61875,112077079.675,111687632.0
"(9, 390, np.float64(0.8), 140)",0.0,0.6979166666666666,110384320.83541666,110044328.0
"(9, 390, np.float64(0.8), 150)",0.0,0.7791666666666667,109896780.25625,109310387.5
"(9, 390, np.float64(0.8), 160)",0.0,0.8291666666666667,107544458.89583333,107193859.0
"(9, 390, np.float64(0.8), 170)",0.0,0.8333333333333334,105277447.10208334,104875983.5
"(9, 390, np.float64(0.8), 180)",0.0,0.5833333333333334,104274567.22083333,103724596.0
"(9, 390, np.float64(0.8), 190)",0.0,0.22916666666666666,104743973.89166667,104533226.5
"(9, 390, np.float64(0.8), 200)",0.0,0.07916666666666666,102240256.225,101763657.5
"(9, 390, np.float64(0.8), 210)",0.0,0.035416666666666666,102611165.44583334,102265619.5
"(9, 390, np.float64(0.9), 120)",0.0,0.029166666666666667,110270261.37083334,110236592.0
"(9, 390, np.float64(0.9), 130)",0.0,0.041666666666666664,112129248.03125,111697029.5
"(9, 390, np.float64(0.9), 140)",0.0,0.04791666666666667,110519352.79166667,110495813.5
"(9, 390, np.float64(0.9), 150)",0.0,0.052083333333333336,109043298.475,108685752.0
"(9, 390, np.float64(0.9), 160)",0.0,0.0625,107272136.22916667,106795532.5
"(9, 390, np.float64(0.9), 170)",0.0,0.07291666666666667,105696521.93541667,105301261.5
"(9, 390, np.float64(0.9), 180)",0.0,0.052083333333333336,104742727.2375,104185257.5
"(9, 390, np.float64(0.9), 190)",0.0,0.016666666666666666,103849764.61458333,103512401.0
"(9, 390, np.float64(0.9), 200)",0.0,0.004166666666666667,101711399.66875,101369647.0
"(9, 390, np.float64(0.9), 210)",0.0,0.0020833333333333333,101864145.30625,101472269.5
"(9, 400, np.float64(0.1), 120)",0.0,0.475,111354533.42708333,110860144.5
"(9, 400, np.float64(0.1), 130)",0.0,0.59375,112879884.53958334,112306360.5
"(9, 400, np.float64(0.1), 140)",0.0,0.6625,112597942.2875,112358389.5
"(9, 400, np.float64(0.1), 150)",0.0,0.7520833333333333,109914257.575,109285908.5
"(9, 400, np.float64(0.1), 160)",0.0,0.81875,107176432.00625,106419715.0
"(9, 400, np.float64(0.1), 170)",0.0,0.8375,106532965.72291666,105811147.5
"(9, 400, np.float64(0.1), 180)",0.0,0.5916666666666667,104707961.81458333,104236746.5
"(9, 400, np.float64(0.1), 190)",0.0,0.23333333333333334,103983059.05,103609875.5
"(9, 400, np.float64(0.1), 200)",0.0,0.07916666666666666,102278178.40208334,101955701.5
"(9, 400, np.float64(0.1), 210)",0.0,0.0375,101961005.8,101465683.5
"(9, 400, np.float64(0.2), 120)",0.0,0.475,111049448.91875,110647363.0
"(9, 400, np.float64(0.2), 130)",0.0,0.59375,112914431.48541667,112413390.0
"(9, 400, np.float64(0.2), 140)",0.0,0.6625,112221780.48125,111903207.5
"(9, 400, np.float64(0.2), 150)",0.0,0.7520833333333333,109100567.28541666,108585649.0
"(9, 400, np.float64(0.2), 160)",0.0,0.81875,106936429.72708334,106351400.5
"(9, 400, np.float64(0.2), 170)",0.0,0.8375,106539567.21666667,106062213.0
"(9, 400, np.float64(0.2), 180)",0.0,0.5916666666666667,104389244.59583333,103932622.0
"(9, 400, np.float64(0.2), 190)",0.0,0.23333333333333334,104607206.98958333,104217055.0
"(9, 400, np.float64(0.2), 200)",0.0,0.07916666666666666,103212531.69166666,102749426.0
"(9, 400, np.float64(0.2), 210)",0.0,0.0375,102535457.63541667,102162436.0
"(9, 400, np.float64(0.30000000000000004), 120)",0.0,0.475,110566965.10625,110267724.0
"(9, 400, np.float64(0.30000000000000004), 130)",0.0,0.59375,113698317.02916667,113455202.5
"(9, 400, np.float64(0.30000000000000004), 140)",0.0,0.6625,111735145.80625,110956711.5
"(9, 400, np.float64(0.30000000000000004), 150)",0.0,0.7520833333333333,109918574.67708333,109510095.5
"(9, 400, np.float64(0.30000000000000004), 160)",0.0,0.81875,107201828.53541666,106514025.5
"(9, 400, np.float64(0.30000000000000004), 170)",0.0,0.8375,104956424.125,104488824.0
"(9, 400, np.float64(0.30000000000000004), 180)",0.0,0.5916666666666667,104929008.61875,104185314.0
"(9, 400, np.float64(0.30000000000000004), 190)",0.0,0.23333333333333334,103184791.35625,102688120.0
"(9, 400, np.float64(0.30000000000000004), 200)",0.0,0.07916666666666666,103013799.4625,102575654.5
"(9, 400, np.float64(0.30000000000000004), 210)",0.0,0.0375,101879329.11666666,101357424.5
"(9, 400, np.float64(0.4), 120)",0.0,0.475,111075045.70208333,110714966.5
"(9, 400, np.float64(0.4), 130)",0.0,0.59375,112371433.9,112334255.0
"(9, 400, np.float64(0.4), 140)",0.0,0.6625,111439679.75,110974021.5
"(9, 400, np.float64(0.4), 150)",0.0,0.7520833333333333,108880518.08958334,108483254.5
"(9, 400, np.float64(0.4), 160)",0.0,0.81875,107079791.44166666,106375395.5
"(9, 400, np.float64(0.4), 170)",0.0,0.8375,105708619.4375,104978361.5
"(9, 400, np.float64(0.4), 180)",0.0,0.5916666666666667,104279553.94583334,103723117.5
"(9, 400, np.float64(0.4), 190)",0.0,0.23333333333333334,103905539.12708333,103259256.5
"(9, 400, np.float64(0.4), 200)",0.0,0.07916666666666666,103336393.92708333,102880292.5
"(9, 400, np.float64(0.4), 210)",0.0,0.0375,103004521.77708334,102384691.5
"(9, 400, np.float64(0.5), 120)",0.0,0.475,110930773.80625,110214731.0
"(9, 400, np.float64(0.5), 130)",0.0,0.59375,111351608.10625,110682759.5
"(9, 400, np.float64(0.5), 140)",0.0,0.6625,111945225.525,111349042.5
"(9, 400, np.float64(0.5), 150)",0.0,0.7520833333333333,109203209.56875,109139336.0
"(9, 400, np.float64(0.5), 160)",0.0,0.81875,107498510.40416667,106528593.0
"(9, 400, np.float64(0.5), 170)",0.0,0.8375,105351218.95833333,104624191.5
"(9, 400, np.float64(0.5), 180)",0.0,0.5895833333333333,105064485.45,104388326.0
"(9, 400, np.float64(0.5), 190)",0.0,0.23333333333333334,104793328.54166667,104387898.5
"(9, 400, np.float64(0.5), 200)",0.0,0.07916666666666666,102596872.82708333,102011350.5
"(9, 400, np.float64(0.5), 210)",0.0,0.0375,101670280.03958334,101456952.5
"(9, 400, np.float64(0.6), 120)",0.0,0.47708333333333336,110939834.02916667,110518416.0
"(9, 400, np.float64(0.6), 130)",0.0,0.59375,112036617.26875,111560585.5
"(9, 400, np.float64(0.6), 140)",0.0,0.6645833333333333,111267962.26041667,111180350.5
"(9, 400, np.float64(0.6), 150)",0.0,0.75625,108243155.2875,108101378.0
"(9, 400, np.float64(0.6), 160)",0.0,0.8229166666666666,107802281.74791667,107333492.5
"(9, 400, np.float64(0.6), 170)",0.0,0.8375,105940343.1375,105326740.5
"(9, 400, np.float64(0.6), 180)",0.0,0.5895833333333333,105784739.91458334,104872527.0
"(9, 400, np.float64(0.6), 190)",0.0,0.23333333333333334,103528294.02708334,103216888.0
"(9, 400, np.float64(0.6), 200)",0.0,0.07916666666666666,102413060.97083333,101744867.5
"(9, 400, np.float64(0.6), 210)",0.0,0.0375,102556993.99166666,102170294.5
"(9, 400, np.float64(0.7000000000000001), 120)",0.0,0.4875,110147890.17291667,109676551.0
"(9, 400, np.float64(0.7000000000000001), 130)",0.0,0.6041666666666666,111760555.72916667,111073722.0
"(9, 400, np.float64(0.7000000000000001), 140)",0.0,0.6729166666666667,111889332.8125,111726712.0
"(9, 400, np.float64(0.7000000000000001), 150)",0.0,0.7645833333333333,109436239.80416666,108992493.0
"(9, 400, np.float64(0.7000000000000001), 160)",0.0,0.8291666666666667,106198428.97916667,105786717.0
"(9, 400, np.float64(0.7000000000000001), 170)",0.0,0.8375,105969328.47291666,105663696.0
"(9, 400, np.float64(0.7000000000000001), 180)",0.0,0.5895833333333333,105498163.50625,105152417.5
"(9, 400, np.float64(0.7000000000000001), 190)",0.0,0.23333333333333334,103871247.72916667,103069756.0
"(9, 400, np.float64(0.7000000000000001), 200)",0.0,0.07916666666666666,102610506.18125,102293921.0
"(9, 400, np.float64(0.7000000000000001), 210)",0.0,0.0375,101707861.55,101419071.0
"(9, 400, np.float64(0.8), 120)",0.0,0.5083333333333333,110943428.33125,110576375.5
"(9, 400, np.float64(0.8), 130)",0.0,0.61875,110939226.98125,110541909.5
"(9, 400, np.float64(0.8), 140)",0.0,0.6979166666666666,111436535.87083334,111167373.0
"(9, 400, np.float64(0.8), 150)",0.0,0.7833333333333333,109542982.22708334,108950320.0
"(9, 400, np.float64(0.8), 160)",0.0,0.8291666666666667,106827142.8625,106468748.0
"(9, 400, np.float64(0.8), 170)",0.0,0.8333333333333334,104861102.64375,104683292.5
"(9, 400, np.float64(0.8), 180)",0.0,0.5833333333333334,104200955.38958333,103885420.5
"(9, 400, np.float64(0.8), 190)",0.0,0.22916666666666666,104158315.07708333,103956720.0
"(9, 400, np.float64(0.8), 200)",0.0,0.07916666666666666,103093545.48125,102636739.5
"(9, 400, np.float64(0.8), 210)",0.0,0.035416666666666666,102417799.10833333,102510065.0
"(9, 400, np.float64(0.9), 120)",0.0,0.029166666666666667,110538085.4125,110564266.5
"(9, 400, np.float64(0.9), 130)",0.0,0.041666666666666664,111506706.81666666,110893305.5
"(9, 400, np.float64(0.9), 140)",0.0,0.04791666666666667,111436602.28958334,111280981.0
"(9, 400, np.float64(0.9), 150)",0.0,0.052083333333333336,109492676.85208334,109249139.0
"(9, 400, np.float64(0.9), 160)",0.0,0.0625,107165914.53958334,106294649.0
"(9, 400, np.float64(0.9), 170)",0.0,0.07291666666666667,105188083.86041667,105084140.0
"(9, 400, np.float64(0.9), 180)",0.0,0.052083333333333336,105543063.12916666,105329672.5
"(9, 400, np.float64(0.9), 190)",0.0,0.016666666666666666,102994205.5125,102488517.5
"(9, 400, np.float64(0.9), 200)",0.0,0.004166666666666667,102449914.15625,102069828.0
"(9, 400, np.float64(0.9), 210)",0.0,0.0020833333333333333,102348160.37916666,102148054.0
"(11, 300, np.float64(0.1), 120)",0.0,0.39375,90790986.2625,90730631.0
"(11, 300, np.float64(0.1), 130)",0.0,0.49375,91476678.4625,91303030.0
"(11, 300, np.float64(0.1), 140)",0.0,0.5875,91206941.56666666,90650540.5
"(11, 300, np.float64(0.1), 150)",0.0,0.70625,89261942.07291667,88598715.0
"(11, 300, np.float64(0.1), 160)",0.0,0.7916666666666666,87227289.09375,86737777.5
"(11, 300, np.float64(0.1), 170)",0.0,0.79375,86012386.51041667,85603907.0
"(11, 300, np.float64(0.1), 180)",0.0,0.56875,84899837.75833334,84743539.5
"(11, 300, np.float64(0.1), 190)",0.0,0.225,84509934.74583334,83888976.0
"(11, 300, np.float64(0.1), 200)",0.0,0.08333333333333333,82643954.68958333,82226220.0
"(11, 300, np.float64(0.1), 210)",0.0,0.0375,82674713.6625,82553881.0
"(11, 300, np.float64(0.2), 120)",0.0,0.39375,90210665.85833333,90257754.5
"(11, 300, np.float64(0.2), 130)",0.0,0.49375,91560618.91458334,91072742.0
"(11, 300, np.float64(0.2), 140)",0.0,0.5875,91388856.93541667,90696782.0
"(11, 300, np.float64(0.2), 150)",0.0,0.70625,89399738.99166666,88631946.0
"(11, 300, np.float64(0.2), 160)",0.0,0.7916666666666666,87598654.40833333,86677867.0
"(11, 300, np.float64(0.2), 170)",0.0,0.79375,85715168.83958334,85624551.5
"(11, 300, np.float64(0.2), 180)",0.0,0.56875,85157499.14375,85061790.0
"(11, 300, np.float64(0.2), 190)",0.0,0.225,83939711.25,84085064.0
"(11, 300, np.float64(0.2), 200)",0.0,0.08333333333333333,83300460.92708333,83047894.0
"(11, 300, np.float64(0.2), 210)",0.0,0.0375,81969564.93958333,82161400.5
"(11, 300, np.float64(0.30000000000000004), 120)",0.0,0.39375,90601393.825,91065901.0
"(11, 300, np.float64(0.30000000000000004), 130)",0.0,0.49375,91717639.2875,91429871.5
"(11, 300, np.float64(0.30000000000000004), 140)",0.0,0.5875,91019907.87916666,90142278.0
"(11, 300, np.float64(0.30000000000000004), 150)",0.0,0.70625,88960554.26666667,87923646.5
"(11, 300, np.float64(0.30000000000000004), 160)",0.0,0.7916666666666666,87458505.62291667,86725759.5
"(11, 300, np.float64(0.30000000000000004), 170)",0.0,0.79375,86338372.53125,86265027.5
"(11, 300, np.float64(0.30000000000000004), 180)",0.0,0.56875,85691837.03125,85449432.5
"(11, 300, np.float64(0.30000000000000004), 190)",0.0,0.225,83364124.91041666,83266444.0
"(11, 300, np.float64(0.30000000000000004), 200)",0.0,0.08333333333333333,83141432.74166666,82690674.0
"(11, 300, np.float64(0.30000000000000004), 210)",0.0,0.0375,82923223.60416667,82596256.5
"(11, 300, np.float64(0.4), 120)",0.0,0.39375,90121916.90208334,90487309.0
"(11, 300, np.float64(0.4), 130)",0.0,0.49375,91322376.3875,90916326.0
"(11, 300, np.float64(0.4), 140)",0.0,0.5875,91379347.73958333,90751997.0
"(11, 300, np.float64(0.4), 150)",0.0,0.70625,88892496.13125,88635703.0
"(11, 300, np.float64(0.4), 160)",0.0,0.7916666666666666,87496672.76041667,86611538.0
"(11, 300, np.float64(0.4), 170)",0.0,0.79375,86142455.38333334,85668169.0
"(11, 300, np.float64(0.4), 180)",0.0,0.56875,85345730.19375,85046993.0
"(11, 300, np.float64(0.4), 190)",0.0,0.225,83931560.70625,83880914.5
"(11, 300, np.float64(0.4), 200)",0.0,0.08333333333333333,83289390.29583333,82718198.0
"(11, 300, np.float64(0.4), 210)",0.0,0.0375,82484831.18125,82594723.0
"(11, 300, np.float64(0.5), 120)",0.0,0.39375,90219863.57083334,90284034.5
"(11, 300, np.float64(0.5), 130)",0.0,0.49375,91439558.31666666,90824880.0
"(11, 300, np.float64(0.5), 140)",0.0,0.5875,90948516.07916667,90301495.0
"(11, 300, np.float64(0.5), 150)",0.0,0.70625,88562096.36041667,87985199.0
"(11, 300, np.float64(0.5), 160)",0.0,0.7916666666666666,87582093.16041666,87252042.0
"(11, 300, np.float64(0.5), 170)",0.0,0.79375,86167499.3875,85986210.0
"(11, 300, np.float64(0.5), 180)",0.0,0.56875,84629006.425,84373834.0
"(11, 300, np.float64(0.5), 190)",0.0,0.225,84631585.74583334,84868177.5
"(11, 300, np.float64(0.5), 200)",0.0,0.08333333333333333,83037639.92291667,82661589.5
"(11, 300, np.float64(0.5), 210)",0.0,0.0375,82467768.67916666,81992624.5
"(11, 300, np.float64(0.6), 120)",0.0,0.3958333333333333,89875500.52708334,90140713.5
"(11, 300, np.float64(0.6), 130)",0.0,0.49583333333333335,91698107.49166666,91419042.5
"(11, 300, np.float64(0.6), 140)",0.0,0.5916666666666667,90987654.25833334,90554914.0
"(11, 300, np.float64(0.6), 150)",0.0,0.7083333333333334,88504852.78541666,87618918.0
"(11, 300, np.float64(0.6), 160)",0.0,0.79375,86806583.06458333,86555958.5
"(11, 300, np.float64(0.6), 170)",0.0,0.79375,85739035.34791666,85715899.0
"(11, 300, np.float64(0.6), 180)",0.0,0.56875,84967998.9375,84713743.5
"(11, 300, np.float64(0.6), 190)",0.0,0.225,83476584.6,83250213.5
"(11, 300, np.float64(0.6), 200)",0.0,0.08333333333333333,83098390.21041666,83017657.5
"(11, 300, np.float64(0.6), 210)",0.0,0.0375,82443730.53958334,82548983.5
"(11, 300, np.float64(0.7000000000000001), 120)",0.0,0.43125,90071248.32708333,90059271.5
"(11, 300, np.float64(0.7000000000000001), 130)",0.0,0.53125,91429061.51666667,90979962.0
"(11, 300, np.float64(0.7000000000000001), 140)",0.0,0.60625,90551125.8875,90068629.5
"(11, 300, np.float64(0.7000000000000001), 150)",0.0,0.7145833333333333,88998719.45208333,87984578.0
"(11, 300, np.float64(0.7000000000000001), 160)",0.0,0.80625,86686453.23541667,86233572.5
"(11, 300, np.float64(0.7000000000000001), 170)",0.0,0.7958333333333333,86164464.25,85937770.5
"(11, 300, np.float64(0.7000000000000001), 180)",0.0,0.56875,84540907.75416666,84473703.5
"(11, 300, np.float64(0.7000000000000001), 190)",0.0,0.22916666666666666,83595793.11875,83465846.5
"(11, 300, np.float64(0.7000000000000001), 200)",0.0,0.08333333333333333,83408564.6625,83267850.5
"(11, 300, np.float64(0.7000000000000001), 210)",0.0,0.0375,82561991.95208333,82701564.0
"(11, 300, np.float64(0.8), 120)",0.0,0.49583333333333335,89792831.54375,90125975.0
"(11, 300, np.float64(0.8), 130)",0.0,0.5979166666666667,90543905.78333333,90537614.0
"(11, 300, np.float64(0.8), 140)",0.0,0.6666666666666666,90392057.71666667,89998000.5
"(11, 300, np.float64(0.8), 150)",0.0,0.7541666666666667,89122979.79375,88760790.5
"(11, 300, np.float64(0.8), 160)",0.0,0.8166666666666667,87008159.675,86862628.0
"(11, 300, np.float64(0.8), 170)",0.0,0.8041666666666667,85580513.59791666,85416800.5
"(11, 300, np.float64(0.8), 180)",0.0,0.5791666666666667,84526671.75,84465127.0
"(11, 300, np.float64(0.8), 190)",0.0,0.23125,84479974.56666666,84370703.5
"(11, 300, np.float64(0.8), 200)",0.0,0.07916666666666666,83255493.68125,82953972.5
"(11, 300, np.float64(0.8), 210)",0.0,0.0375,82111932.44791667,82207545.5
"(11, 300, np.float64(0.9), 120)",0.0,0.0375,89865511.65208334,90134253.5
"(11, 300, np.float64(0.9), 130)",0.0,0.05625,90983232.47916667,91153117.0
"(11, 300, np.float64(0.9), 140)",0.0,0.05625,90742596.96041666,90710680.0
"(11, 300, np.float64(0.9), 150)",0.0,0.07083333333333333,88238946.97708334,87663424.0
"(11, 300, np.float64(0.9), 160)",0.0,0.07708333333333334,86483453.89791666,86198953.5
"(11, 300, np.float64(0.9), 170)",0.0,0.11458333333333333,85526602.24583334,85747707.5
"(11, 300, np.float64(0.9), 180)",0.0,0.07083333333333333,84308878.12083334,83913771.5
"(11, 300, np.float64(0.9), 190)",0.0,0.01875,84785624.70416667,84465337.0
"(11, 300, np.float64(0.9), 200)",0.0,0.0020833333333333333,82642621.46666667,82812117.0
"(11, 300, np.float64(0.9), 210)",0.0,0.0020833333333333333,82540461.42916666,82682617.5
"(11, 310, np.float64(0.1), 120)",0.0,0.40208333333333335,90630382.8625,90806333.5
"(11, 310, np.float64(0.1), 130)",0.0,0.5083333333333333,92595874.575,92217406.0
"(11, 310, np.float64(0.1), 140)",0.0,0.6041666666666666,91109026.53333333,90483468.0
"(11, 310, np.float64(0.1), 150)",0.0,0.71875,89496752.39583333,89204159.5
"(11, 310, np.float64(0.1), 160)",0.0,0.8,86139358.60416667,85779646.5
"(11, 310, np.float64(0.1), 170)",0.0,0.8041666666666667,86178644.06041667,85726135.5
"(11, 310, np.float64(0.1), 180)",0.0,0.5708333333333333,85646000.05,85384209.0
"(11, 310, np.float64(0.1), 190)",0.0,0.225,84031522.81875,83883148.5
"(11, 310, np.float64(0.1), 200)",0.0,0.08333333333333333,83716801.29375,83888478.5
"(11, 310, np.float64(0.1), 210)",0.0,0.0375,82302603.87708333,81972647.0
"(11, 310, np.float64(0.2), 120)",0.0,0.40208333333333335,90504337.25833334,90517323.5
"(11, 310, np.float64(0.2), 130)",0.0,0.5083333333333333,91475987.92291667,91612215.0
"(11, 310, np.float64(0.2), 140)",0.0,0.6041666666666666,91179634.74375,90586177.5
"(11, 310, np.float64(0.2), 150)",0.0,0.71875,89081616.5,87790321.5
"(11, 310, np.float64(0.2), 160)",0.0,0.8,87768726.16875,86783359.0
"(11, 310, np.float64(0.2), 170)",0.0,0.8041666666666667,85819971.82916667,85429850.5
"(11, 310, np.float64(0.2), 180)",0.0,0.5708333333333333,85173721.2125,84901765.0
"(11, 310, np.float64(0.2), 190)",0.0,0.225,83654813.83333333,83534343.5
"(11, 310, np.float64(0.2), 200)",0.0,0.08333333333333333,83470927.5,83364995.5
"(11, 310, np.float64(0.2), 210)",0.0,0.0375,82465604.8125,82384303.0
"(11, 310, np.float64(0.30000000000000004), 120)",0.0,0.40208333333333335,91442644.60625,91790113.5
"(11, 310, np.float64(0.30000000000000004), 130)",0.0,0.5083333333333333,91511032.67083333,90655415.0
"(11, 310, np.float64(0.30000000000000004), 140)",0.0,0.6041666666666666,91020780.66041666,90552286.5
"(11, 310, np.float64(0.30000000000000004), 150)",0.0,0.71875,89138883.42083333,88256520.5
"(11, 310, np.float64(0.30000000000000004), 160)",0.0,0.8,86943086.35625,85861029.5
"(11, 310, np.float64(0.30000000000000004), 170)",0.0,0.8041666666666667,86381885.57291667,85906204.0
"(11, 310, np.float64(0.30000000000000004), 180)",0.0,0.5708333333333333,85050161.92708333,84715917.5
"(11, 310, np.float64(0.30000000000000004), 190)",0.0,0.225,83693481.90208334,83518155.5
"(11, 310, np.float64(0.30000000000000004), 200)",0.0,0.08333333333333333,82811756.37291667,82495868.0
"(11, 310, np.float64(0.30000000000000004), 210)",0.0,0.0375,82188083.20208333,81996491.0
"(11, 310, np.float64(0.4), 120)",0.0,0.40208333333333335,89894613.72708334,90359797.0
"(11, 310, np.float64(0.4), 130)",0.0,0.5083333333333333,91844256.81041667,91627203.0
"(11, 310, np.float64(0.4), 140)",0.0,0.6041666666666666,90260400.8875,89589072.5
"(11, 310, np.float64(0.4), 150)",0.0,0.71875,89516310.825,88617853.0
"(11, 310, np.float64(0.4), 160)",0.0,0.8,87507321.05625,86615560.0
"(11, 310, np.float64(0.4), 170)",0.0,0.8041666666666667,85632576.96458334,85740851.5
"(11, 310, np.float64(0.4), 180)",0.0,0.5708333333333333,85398543.93958333,85418135.5
"(11, 310, np.float64(0.4), 190)",0.0,0.225,84278863.80833334,84266080.0
"(11, 310, np.float64(0.4), 200)",0.0,0.08333333333333333,82620687.94583334,82471358.0
"(11, 310, np.float64(0.4), 210)",0.0,0.0375,82341302.42708333,82308175.5
"(11, 310, np.float64(0.5), 120)",0.0,0.40208333333333335,90801426.2,91015794.5
"(11, 310, np.float64(0.5), 130)",0.0,0.5083333333333333,91466452.72916667,90905942.5
"(11, 310, np.float64(0.5), 140)",0.0,0.6041666666666666,90403680.51041667,89839875.0
"(11, 310, np.float64(0.5), 150)",0.0,0.71875,89432754.40833333,88964095.5
"(11, 310, np.float64(0.5), 160)",0.0,0.8,86547959.65416667,85864205.0
"(11, 310, np.float64(0.5), 170)",0.0,0.8041666666666667,85609282.16666667,85248280.5
"(11, 310, np.float64(0.5), 180)",0.0,0.5708333333333333,84355098.11875,83844667.0
"(11, 310, np.float64(0.5), 190)",0.0,0.225,84902493.46875,84559079.5
"(11, 310, np.float64(0.5), 200)",0.0,0.08333333333333333,83391898.1125,82956096.0
"(11, 310, np.float64(0.5), 210)",0.0,0.0375,82262558.29791667,82434283.0
"(11, 310, np.float64(0.6), 120)",0.0,0.4041666666666667,89934040.30833334,90166616.0
"(11, 310, np.float64(0.6), 130)",0.0,0.5104166666666666,90615762.88333334,89920803.0
"(11, 310, np.float64(0.6), 140)",0.0,0.6083333333333333,90636897.1,90126236.5
"(11, 310, np.float64(0.6), 150)",0.0,0.7208333333333333,88743094.97291666,88002684.5
"(11, 310, np.float64(0.6), 160)",0.0,0.8020833333333334,87482817.91458334,87138395.0
"(11, 310, np.float64(0.6), 170)",0.0,0.8041666666666667,85864209.61458333,85468834.0
"(11, 310, np.float64(0.6), 180)",0.0,0.5708333333333333,84822670.275,84504406.5
"(11, 310, np.float64(0.6), 190)",0.0,0.225,84500585.88958333,84334421.5
"(11, 310, np.float64(0.6), 200)",0.0,0.08333333333333333,83732133.46041666,83485890.0
"(11, 310, np.float64(0.6), 210)",0.0,0.0375,82525957.19583334,82326536.0
"(11, 310, np.float64(0.7000000000000001), 120)",0.0,0.4354166666666667,90114467.96041666,90029758.5
"(11, 310, np.float64(0.7000000000000001), 130)",0.0,0.5395833333333333,91299194.725,90754900.0
"(11, 310, np.float64(0.7000000000000001), 140)",0.0,0.6229166666666667,90924228.49375,90146837.5
"(11, 310, np.float64(0.7000000000000001), 150)",0.0,0.7270833333333333,88631664.59166667,87726318.0
"(11, 310, np.float64(0.7000000000000001), 160)",0.0,0.8125,86108060.14791666,85359965.5
"(11, 310, np.float64(0.7000000000000001), 170)",0.0,0.80625,86102011.54791667,85669690.0
"(11, 310, np.float64(0.7000000000000001), 180)",0.0,0.5708333333333333,85273308.775,85003294.5
"(11, 310, np.float64(0.7000000000000001), 190)",0.0,0.22916666666666666,83981104.37083334,83698308.5
"(11, 310, np.float64(0.7000000000000001), 200)",0.0,0.08333333333333333,82223884.45,81829143.5
"(11, 310, np.float64(0.7000000000000001), 210)",0.0,0.0375,82357792.90833333,82284543.0
"(11, 310, np.float64(0.8), 120)",0.0,0.4979166666666667,89614272.39791666,90101992.0
"(11, 310, np.float64(0.8), 130)",0.0,0.6020833333333333,91183552.125,91103698.0
"(11, 310, np.float64(0.8), 140)",0.0,0.6708333333333333,90133462.10416667,89941903.0
"(11, 310, np.float64(0.8), 150)",0.0,0.7625,88005896.93125,87520200.5
"(11, 310, np.float64(0.8), 160)",0.0,0.8208333333333333,87212400.53333333,87048430.5
"(11, 310, np.float64(0.8), 170)",0.0,0.8125,85653579.51458333,85183237.0
"(11, 310, np.float64(0.8), 180)",0.0,0.5791666666666667,85449765.575,85221290.0
"(11, 310, np.float64(0.8), 190)",0.0,0.23125,84371535.64583333,84164288.0
"(11, 310, np.float64(0.8), 200)",0.0,0.07916666666666666,84019833.1,83749409.5
"(11, 310, np.float64(0.8), 210)",0.0,0.0375,82862314.82291667,82545916.5
"(11, 310, np.float64(0.9), 120)",0.0,0.0375,90417544.17083333,90530736.5
"(11, 310, np.float64(0.9), 130)",0.0,0.05625,90959981.89375,90434548.5
"(11, 310, np.float64(0.9), 140)",0.0,0.05625,90587215.95416667,90574798.0
"(11, 310, np.float64(0.9), 150)",0.0,0.07083333333333333,89027400.4875,88227632.5
"(11, 310, np.float64(0.9), 160)",0.0,0.07708333333333334,85533378.37291667,85300357.0
"(11, 310, np.float64(0.9), 170)",0.0,0.11458333333333333,85743604.71666667,85760205.5
"(11, 310, np.float64(0.9), 180)",0.0,0.07083333333333333,84623303.72291666,84681455.0
"(11, 310, np.float64(0.9), 190)",0.0,0.01875,84037769.72291666,83950157.0
"(11, 310, np.float64(0.9), 200)",0.0,0.0020833333333333333,83137159.3375,83215572.5
"(11, 310, np.float64(0.9), 210)",0.0,0.0020833333333333333,82713137.65416667,82892596.5
"(11, 320, np.float64(0.1), 120)",0.0,0.4166666666666667,90708231.37708333,90884114.5
"(11, 320, np.float64(0.1), 130)",0.0,0.51875,91556479.05208333,91202671.0
"(11, 320, np.float64(0.1), 140)",0.0,0.6125,91251521.29791667,90622444.5
"(11, 320, np.float64(0.1), 150)",0.0,0.725,89916991.27916667,89077156.5
"(11, 320, np.float64(0.1), 160)",0.0,0.80625,86242051.66458334,85715711.5
"(11, 320, np.float64(0.1), 170)",0.0,0.8125,85897296.12708333,85335568.0
"(11, 320, np.float64(0.1), 180)",0.0,0.5729166666666666,85987104.50416666,85915164.0
"(11, 320, np.float64(0.1), 190)",0.0,0.22708333333333333,84472788.5375,84261509.5
"(11, 320, np.float64(0.1), 200)",0.0,0.08333333333333333,83434717.44166666,83391280.0
"(11, 320, np.float64(0.1), 210)",0.0,0.0375,82899406.41666667,82589534.5
"(11, 320, np.float64(0.2), 120)",0.0,0.4166666666666667,90169852.75208333,90276169.0
"(11, 320, np.float64(0.2), 130)",0.0,0.51875,92166187.23333333,92103924.0
"(11, 320, np.float64(0.2), 140)",0.0,0.6125,92202605.55625,91650287.0
"(11, 320, np.float64(0.2), 150)",0.0,0.725,89183188.79166667,88452785.0
"(11, 320, np.float64(0.2), 160)",0.0,0.80625,87211777.43958333,86326768.5
"(11, 320, np.float64(0.2), 170)",0.0,0.8125,86019012.15208334,86027038.5
"(11, 320, np.float64(0.2), 180)",0.0,0.5729166666666666,85792682.63541667,85808833.5
"(11, 320, np.float64(0.2), 190)",0.0,0.22708333333333333,84024214.70625,83532742.5
"(11, 320, np.float64(0.2), 200)",0.0,0.08333333333333333,83422974.17291667,83120530.5
"(11, 320, np.float64(0.2), 210)",0.0,0.0375,82456198.88333334,82525523.5
"(11, 320, np.float64(0.30000000000000004), 120)",0.0,0.4166666666666667,90840852.74791667,91233349.5
"(11, 320, np.float64(0.30000000000000004), 130)",0.0,0.51875,91325096.325,90958557.5
"(11, 320, np.float64(0.30000000000000004), 140)",0.0,0.6125,90955453.4625,90875051.0
"(11, 320, np.float64(0.30000000000000004), 150)",0.0,0.725,88622642.66458334,88067622.5
"(11, 320, np.float64(0.30000000000000004), 160)",0.0,0.80625,87343073.77291666,86366053.5
"(11, 320, np.float64(0.30000000000000004), 170)",0.0,0.8125,85774672.16041666,85463218.0
"(11, 320, np.float64(0.30000000000000004), 180)",0.0,0.5729166666666666,84248914.14791666,83879418.0
"(11, 320, np.float64(0.30000000000000004), 190)",0.0,0.22708333333333333,84313695.73541667,84086309.0
"(11, 320, np.float64(0.30000000000000004), 200)",0.0,0.08333333333333333,83420614.32083334,83088920.5
"(11, 320, np.float64(0.30000000000000004), 210)",0.0,0.0375,82430435.29166667,82384507.0
"(11, 320, np.float64(0.4), 120)",0.0,0.4166666666666667,89773485.06875,90305042.5
"(11, 320, np.float64(0.4), 130)",0.0,0.51875,91801647.07291667,91638421.5
"(11, 320, np.float64(0.4), 140)",0.0,0.6125,91128481.75,90906284.5
"(11, 320, np.float64(0.4), 150)",0.0,0.725,89159981.55416666,88402640.0
"(11, 320, np.float64(0.4), 160)",0.0,0.80625,87630284.94583334,87298875.5
"(11, 320, np.float64(0.4), 170)",0.0,0.8125,86248927.88333334,86020362.5
"(11, 320, np.float64(0.4), 180)",0.0,0.5729166666666666,85407369.57708333,85003385.5
"(11, 320, np.float64(0.4), 190)",0.0,0.22708333333333333,83906584.275,83813039.0
"(11, 320, np.float64(0.4), 200)",0.0,0.08333333333333333,83218112.02916667,83229602.5
"(11, 320, np.float64(0.4), 210)",0.0,0.0375,82130845.99166666,81772040.0
"(11, 320, np.float64(0.5), 120)",0.0,0.4166666666666667,90229683.29583333,90330684.0
"(11, 320, np.float64(0.5), 130)",0.0,0.51875,91196397.98333333,91035793.5
"(11, 320, np.float64(0.5), 140)",0.0,0.6125,90569087.62291667,90039029.5
"(11, 320, np.float64(0.5), 150)",0.0,0.725,89155506.74375,88104184.5
"(11, 320, np.float64(0.5), 160)",0.0,0.80625,87418920.84791666,86967345.0
"(11, 320, np.float64(0.5), 170)",0.0,0.8125,86060463.58125,85926421.0
"(11, 320, np.float64(0.5), 180)",0.0,0.5729166666666666,84277112.64791666,83992916.5
"(11, 320, np.float64(0.5), 190)",0.0,0.22708333333333333,84516551.53333333,84295746.0
"(11, 320, np.float64(0.5), 200)",0.0,0.08333333333333333,83392258.01041667,83193030.0
"(11, 320, np.float64(0.5), 210)",0.0,0.0375,82382339.45208333,82131365.5
"(11, 320, np.float64(0.6), 120)",0.0,0.41875,89886708.26458333,90091310.0
"(11, 320, np.float64(0.6), 130)",0.0,0.5208333333333334,91404718.52083333,91184873.0
"(11, 320, np.float64(0.6), 140)",0.0,0.6145833333333334,91091916.61666666,90586766.0
"(11, 320, np.float64(0.6), 150)",0.0,0.7270833333333333,89278041.04166667,88492943.5
"(11, 320, np.float64(0.6), 160)",0.0,0.8083333333333333,86853421.61041667,86279969.0
"(11, 320, np.float64(0.6), 170)",0.0,0.8125,86405394.81666666,86303328.0
"(11, 320, np.float64(0.6), 180)",0.0,0.5729166666666666,84826492.27708334,85101832.5
"(11, 320, np.float64(0.6), 190)",0.0,0.22708333333333333,84426985.61041667,84355839.5
"(11, 320, np.float64(0.6), 200)",0.0,0.08333333333333333,83223453.78333333,83215119.5
"(11, 320, np.float64(0.6), 210)",0.0,0.0375,82032418.275,81901809.5
"(11, 320, np.float64(0.7000000000000001), 120)",0.0,0.44375,90144587.39583333,90365403.5
"(11, 320, np.float64(0.7000000000000001), 130)",0.0,0.5479166666666667,90796581.46458334,90233986.5
"(11, 320, np.float64(0.7000000000000001), 140)",0.0,0.6291666666666667,90064500.6625,89690825.5
"(11, 320, np.float64(0.7000000000000001), 150)",0.0,0.7333333333333333,88543001.1375,87744803.0
"(11, 320, np.float64(0.7000000000000001), 160)",0.0,0.81875,86584418.68333334,86289263.0
"(11, 320, np.float64(0.7000000000000001), 170)",0.0,0.8145833333333333,85763490.51458333,85534431.0
"(11, 320, np.float64(0.7000000000000001), 180)",0.0,0.5729166666666666,84533052.81875,84249227.5
"(11, 320, np.float64(0.7000000000000001), 190)",0.0,0.23125,84760845.99166666,84446277.0
"(11, 320, np.float64(0.7000000000000001), 200)",0.0,0.08333333333333333,83313308.0125,82888344.0
"(11, 320, np.float64(0.7000000000000001), 210)",0.0,0.0375,82457077.53333333,82279912.0
"(11, 320, np.float64(0.8), 120)",0.0,0.5020833333333333,89941116.6375,90174710.0
"(11, 320, np.float64(0.8), 130)",0.0,0.60625,91801171.58541666,91853957.0
"(11, 320, np.float64(0.8), 140)",0.0,0.675,90413544.07708333,89833354.5
"(11, 320, np.float64(0.8), 150)",0.0,0.7645833333333333,88968684.65416667,88542210.5
"(11, 320, np.float64(0.8), 160)",0.0,0.825,86775863.08958334,86113653.0
"(11, 320, np.float64(0.8), 170)",0.0,0.81875,85875734.05,85732153.0
"(11, 320, np.float64(0.8), 180)",0.0,0.58125,84675899.46041666,84858703.5
"(11, 320, np.float64(0.8), 190)",0.0,0.23125,84263192.73125,84181700.0
"(11, 320, np.float64(0.8), 200)",0.0,0.07916666666666666,83006413.33125,82996944.0
"(11, 320, np.float64(0.8), 210)",0.0,0.0375,82492166.57916667,82466245.0
"(11, 320, np.float64(0.9), 120)",0.0,0.0375,89437058.17916666,89510389.0
"(11, 320, np.float64(0.9), 130)",0.0,0.05625,90631763.17083333,90441725.5
"(11, 320, np.float64(0.9), 140)",0.0,0.05625,90384458.63958333,90028768.5
"(11, 320, np.float64(0.9), 150)",0.0,0.07083333333333333,89189742.96041666,88628324.5
"(11, 320, np.float64(0.9), 160)",0.0,0.07708333333333334,85509139.01875,85218808.5
"(11, 320, np.float64(0.9), 170)",0.0,0.11458333333333333,85377266.65208334,84927179.0
"(11, 320, np.float64(0.9), 180)",0.0,0.07083333333333333,84728829.13958333,84617365.0
"(11, 320, np.float64(0.9), 190)",0.0,0.01875,83181975.49583334,82905623.0
"(11, 320, np.float64(0.9), 200)",0.0,0.0020833333333333333,83412890.77291666,83433129.5
"(11, 320, np.float64(0.9), 210)",0.0,0.0020833333333333333,83011956.35416667,82770711.5
"(11, 330, np.float64(0.1), 120)",0.0,0.41875,90734177.275,90850055.5
"(11, 330, np.float64(0.1), 130)",0.0,0.5229166666666667,91079644.0875,90457479.0
"(11, 330, np.float64(0.1), 140)",0.0,0.6208333333333333,91199840.63125,90275971.0
"(11, 330, np.float64(0.1), 150)",0.0,0.7270833333333333,89365361.49375,88579700.5
"(11, 330, np.float64(0.1), 160)",0.0,0.8083333333333333,87043684.87083334,86196426.0
"(11, 330, np.float64(0.1), 170)",0.0,0.8208333333333333,86402762.4,86021125.5
"(11, 330, np.float64(0.1), 180)",0.0,0.575,85036154.17916666,84608384.5
"(11, 330, np.float64(0.1), 190)",0.0,0.22708333333333333,84940728.21458334,84681522.5
"(11, 330, np.float64(0.1), 200)",0.0,0.08333333333333333,83426650.97916667,83018579.5
"(11, 330, np.float64(0.1), 210)",0.0,0.0375,82858082.80208333,82769547.5
"(11, 330, np.float64(0.2), 120)",0.0,0.41875,91274691.32083334,91251949.5
"(11, 330, np.float64(0.2), 130)",0.0,0.5229166666666667,91946648.34583333,91680918.5
"(11, 330, np.float64(0.2), 140)",0.0,0.6208333333333333,90449078.11666666,89615897.0
"(11, 330, np.float64(0.2), 150)",0.0,0.7270833333333333,89510446.33333333,88659889.0
"(11, 330, np.float64(0.2), 160)",0.0,0.8083333333333333,86510071.07291667,85900226.0
"(11, 330, np.float64(0.2), 170)",0.0,0.8208333333333333,85824178.26875,85289898.0
"(11, 330, np.float64(0.2), 180)",0.0,0.575,84797868.01666667,84802664.5
"(11, 330, np.float64(0.2), 190)",0.0,0.22708333333333333,84596481.38333334,84196683.0
"(11, 330, np.float64(0.2), 200)",0.0,0.08333333333333333,82713053.49375,82662074.5
"(11, 330, np.float64(0.2), 210)",0.0,0.0375,82426940.19375,82275331.0
"(11, 330, np.float64(0.30000000000000004), 120)",0.0,0.41875,90191261.22708334,90355805.5
"(11, 330, np.float64(0.30000000000000004), 130)",0.0,0.5229166666666667,91847245.31875,91664832.5
"(11, 330, np.float64(0.30000000000000004), 140)",0.0,0.6208333333333333,91547693.43541667,90826480.5
"(11, 330, np.float64(0.30000000000000004), 150)",0.0,0.7270833333333333,88916251.18541667,88031604.5
"(11, 330, np.float64(0.30000000000000004), 160)",0.0,0.8083333333333333,86700733.21458334,85864801.0
"(11, 330, np.float64(0.30000000000000004), 170)",0.0,0.8208333333333333,85669569.82916667,85311793.0
"(11, 330, np.float64(0.30000000000000004), 180)",0.0,0.575,85686001.06458333,85450639.0
"(11, 330, np.float64(0.30000000000000004), 190)",0.0,0.22708333333333333,84041707.8125,83809407.0
"(11, 330, np.float64(0.30000000000000004), 200)",0.0,0.08333333333333333,83924615.30208333,83726292.0
"(11, 330, np.float64(0.30000000000000004), 210)",0.0,0.0375,82319304.42083333,82238456.0
"(11, 330, np.float64(0.4), 120)",0.0,0.41875,90964844.2125,91249148.5
"(11, 330, np.float64(0.4), 130)",0.0,0.5229166666666667,91249680.13541667,90815982.0
"(11, 330, np.float64(0.4), 140)",0.0,0.6208333333333333,90732822.39791666,89712064.0
"(11, 330, np.float64(0.4), 150)",0.0,0.7270833333333333,89183318.0875,88516479.0
"(11, 330, np.float64(0.4), 160)",0.0,0.8083333333333333,86704863.42291667,85786475.0
"(11, 330, np.float64(0.4), 170)",0.0,0.8208333333333333,86605279.18541667,86148632.5
"(11, 330, np.float64(0.4), 180)",0.0,0.575,85409049.47916667,85437349.5
"(11, 330, np.float64(0.4), 190)",0.0,0.22708333333333333,83557328.15625,83313876.5
"(11, 330, np.float64(0.4), 200)",0.0,0.08333333333333333,82928260.88958333,82865258.5
"(11, 330, np.float64(0.4), 210)",0.0,0.0375,83023203.16666667,82913787.0
"(11, 330, np.float64(0.5), 120)",0.0,0.41875,89982862.21041666,90670694.0
"(11, 330, np.float64(0.5), 130)",0.0,0.5229166666666667,91175085.64166667,90866156.5
"(11, 330, np.float64(0.5), 140)",0.0,0.6208333333333333,90802194.31041667,90451663.5
"(11, 330, np.float64(0.5), 150)",0.0,0.7270833333333333,88733255.47291666,87872355.0
"(11, 330, np.float64(0.5), 160)",0.0,0.8083333333333333,87783315.98958333,87278321.0
"(11, 330, np.float64(0.5), 170)",0.0,0.8208333333333333,86468150.25833334,86477362.5
"(11, 330, np.float64(0.5), 180)",0.0,0.575,85588549.325,85618929.5
"(11, 330, np.float64(0.5), 190)",0.0,0.22708333333333333,84323323.35,84196687.0
"(11, 330, np.float64(0.5), 200)",0.0,0.08333333333333333,83064223.12916666,83057766.5
"(11, 330, np.float64(0.5), 210)",0.0,0.0375,82116432.88333334,82246095.5
"(11, 330, np.float64(0.6), 120)",0.0,0.42083333333333334,90333501.32916667,90183252.5
"(11, 330, np.float64(0.6), 130)",0.0,0.525,91239605.59375,90800075.5
"(11, 330, np.float64(0.6), 140)",0.0,0.6229166666666667,90914767.11041667,90669823.0
"(11, 330, np.float64(0.6), 150)",0.0,0.7291666666666666,88979736.68333334,88296172.0
"(11, 330, np.float64(0.6), 160)",0.0,0.8104166666666667,87577099.90833333,87420104.5
"(11, 330, np.float64(0.6), 170)",0.0,0.8208333333333333,85065390.675,84702472.5
"(11, 330, np.float64(0.6), 180)",0.0,0.575,85595232.8625,85464392.5
"(11, 330, np.float64(0.6), 190)",0.0,0.22708333333333333,84130179.59583333,83798266.5
"(11, 330, np.float64(0.6), 200)",0.0,0.08333333333333333,83439916.47291666,83331770.0
"(11, 330, np.float64(0.6), 210)",0.0,0.0375,82176202.87708333,82240363.5
"(11, 330, np.float64(0.7000000000000001), 120)",0.0,0.44375,90278404.44791667,90819965.0
"(11, 330, np.float64(0.7000000000000001), 130)",0.0,0.5520833333333334,90793515.86458333,90826395.5
"(11, 330, np.float64(0.7000000000000001), 140)",0.0,0.6354166666666666,89950607.62708333,89588091.0
"(11, 330, np.float64(0.7000000000000001), 150)",0.0,0.7333333333333333,89487693.64791666,89193710.0
"(11, 330, np.float64(0.7000000000000001), 160)",0.0,0.8208333333333333,86657475.57708333,86556599.5
"(11, 330, np.float64(0.7000000000000001), 170)",0.0,0.8229166666666666,85773979.58125,85576839.5
"(11, 330, np.float64(0.7000000000000001), 180)",0.0,0.575,84844285.97916667,84966205.5
"(11, 330, np.float64(0.7000000000000001), 190)",0.0,0.23125,85008037.79583333,84699365.5
"(11, 330, np.float64(0.7000000000000001), 200)",0.0,0.08333333333333333,83365364.63125,83140482.0
"(11, 330, np.float64(0.7000000000000001), 210)",0.0,0.0375,82859754.03958334,82793148.0
"(11, 330, np.float64(0.8), 120)",0.0,0.5020833333333333,90011971.85416667,89890304.5
"(11, 330, np.float64(0.8), 130)",0.0,0.60625,90878609.42083333,90690266.5
"(11, 330, np.float64(0.8), 140)",0.0,0.6791666666666667,90533841.35208334,90259513.0
"(11, 330, np.float64(0.8), 150)",0.0,0.7645833333333333,87961555.72291666,87368482.5
"(11, 330, np.float64(0.8), 160)",0.0,0.825,86950599.28125,86189789.5
"(11, 330, np.float64(0.8), 170)",0.0,0.8270833333333333,85587970.94791667,85590712.5
"(11, 330, np.float64(0.8), 180)",0.0,0.5833333333333334,84901027.11875,84796538.0
"(11, 330, np.float64(0.8), 190)",0.0,0.23125,83199610.68333334,82976651.0
"(11, 330, np.float64(0.8), 200)",0.0,0.07916666666666666,83609416.675,83641646.5
"(11, 330, np.float64(0.8), 210)",0.0,0.0375,82488392.49791667,82339985.5
"(11, 330, np.float64(0.9), 120)",0.0,0.0375,89857062.40833333,90306266.0
"(11, 330, np.float64(0.9), 130)",0.0,0.05625,90426445.99375,90030409.0
"(11, 330, np.float64(0.9), 140)",0.0,0.05625,91069374.49791667,90940826.0
"(11, 330, np.float64(0.9), 150)",0.0,0.07083333333333333,89044711.33958334,88294134.5
"(11, 330, np.float64(0.9), 160)",0.0,0.07708333333333334,86213457.90208334,85935988.5
"(11, 330, np.float64(0.9), 170)",0.0,0.11458333333333333,85632027.72916667,85301374.0
"(11, 330, np.float64(0.9), 180)",0.0,0.07083333333333333,84601520.93958333,84750298.5
"(11, 330, np.float64(0.9), 190)",0.0,0.01875,84366128.93541667,84064522.0
"(11, 330, np.float64(0.9), 200)",0.0,0.0020833333333333333,82939354.48958333,82790225.5
"(11, 330, np.float64(0.9), 210)",0.0,0.0020833333333333333,82809075.93541667,82971109.0
"(11, 340, np.float64(0.1), 120)",0.0,0.42916666666666664,90970588.23333333,90582413.0
"(11, 340, np.float64(0.1), 130)",0.0,0.5270833333333333,92111874.18125,91819866.0
"(11, 340, np.float64(0.1), 140)",0.0,0.6291666666666667,91275105.51041667,90590868.5
"(11, 340, np.float64(0.1), 150)",0.0,0.7291666666666666,88846234.84583333,87925520.0
"(11, 340, np.float64(0.1), 160)",0.0,0.8104166666666667,87006903.04375,86120589.5
"(11, 340, np.float64(0.1), 170)",0.0,0.825,85831459.38125,85343940.5
"(11, 340, np.float64(0.1), 180)",0.0,0.575,84893452.09583333,84845907.0
"(11, 340, np.float64(0.1), 190)",0.0,0.22916666666666666,84758638.57291667,84364504.0
"(11, 340, np.float64(0.1), 200)",0.0,0.08333333333333333,82791869.025,82539668.0
"(11, 340, np.float64(0.1), 210)",0.0,0.0375,82962159.52291666,82992474.0
"(11, 340, np.float64(0.2), 120)",0.0,0.42916666666666664,90392767.04375,90959311.5
"(11, 340, np.float64(0.2), 130)",0.0,0.5270833333333333,92976266.40208334,92794236.5
"(11, 340, np.float64(0.2), 140)",0.0,0.6291666666666667,90694616.16041666,89863692.5
"(11, 340, np.float64(0.2), 150)",0.0,0.7291666666666666,89297326.87708333,88098828.5
"(11, 340, np.float64(0.2), 160)",0.0,0.8104166666666667,87697040.22291666,86762740.0
"(11, 340, np.float64(0.2), 170)",0.0,0.825,85640744.5,85726130.0
"(11, 340, np.float64(0.2), 180)",0.0,0.575,84948458.16875,84898659.5
"(11, 340, np.float64(0.2), 190)",0.0,0.22916666666666666,84091369.23958333,83364121.0
"(11, 340, np.float64(0.2), 200)",0.0,0.08333333333333333,83297012.05416666,83279688.5
"(11, 340, np.float64(0.2), 210)",0.0,0.0375,82638202.38541667,82614259.5
"(11, 340, np.float64(0.30000000000000004), 120)",0.0,0.42916666666666664,90650020.56041667,91198387.0
"(11, 340, np.float64(0.30000000000000004), 130)",0.0,0.5270833333333333,91595385.98125,90909194.0
"(11, 340, np.float64(0.30000000000000004), 140)",0.0,0.6291666666666667,90741180.04375,90087229.0
"(11, 340, np.float64(0.30000000000000004), 150)",0.0,0.7291666666666666,89319595.80625,88310582.5
"(11, 340, np.float64(0.30000000000000004), 160)",0.0,0.8104166666666667,86350226.74375,85545042.0
"(11, 340, np.float64(0.30000000000000004), 170)",0.0,0.825,86015880.2375,85731169.0
"(11, 340, np.float64(0.30000000000000004), 180)",0.0,0.575,83967268.53541666,84168896.5
"(11, 340, np.float64(0.30000000000000004), 190)",0.0,0.22916666666666666,84346550.64791666,84344594.5
"(11, 340, np.float64(0.30000000000000004), 200)",0.0,0.08333333333333333,82460223.64583333,82381164.5
"(11, 340, np.float64(0.30000000000000004), 210)",0.0,0.0375,82479734.55625,82558535.0
"(11, 340, np.float64(0.4), 120)",0.0,0.42916666666666664,90115113.3,90239301.5
"(11, 340, np.float64(0.4), 130)",0.0,0.5270833333333333,91132839.06458333,91020239.5
"(11, 340, np.float64(0.4), 140)",0.0,0.6291666666666667,91366899.75208333,90842074.5
"(11, 340, np.float64(0.4), 150)",0.0,0.7291666666666666,88398125.58125,87534977.5
"(11, 340, np.float64(0.4), 160)",0.0,0.8104166666666667,87384903.65625,87110531.0
"(11, 340, np.float64(0.4), 170)",0.0,0.825,85986528.39583333,85886894.0
"(11, 340, np.float64(0.4), 180)",0.0,0.575,85776652.50625,85606993.0
"(11, 340, np.float64(0.4), 190)",0.0,0.22916666666666666,84363862.83541666,84053882.5
"(11, 340, np.float64(0.4), 200)",0.0,0.08333333333333333,83285709.36458333,83157383.5
"(11, 340, np.float64(0.4), 210)",0.0,0.0375,82233409.98333333,81985260.5
"(11, 340, np.float64(0.5), 120)",0.0,0.42916666666666664,90373225.2125,90424622.5
"(11, 340, np.float64(0.5), 130)",0.0,0.5270833333333333,91215039.81041667,91297241.0
"(11, 340, np.float64(0.5), 140)",0.0,0.6291666666666667,91757118.43333334,91092719.5
"(11, 340, np.float64(0.5), 150)",0.0,0.7291666666666666,89591055.21666667,88640686.0
"(11, 340, np.float64(0.5), 160)",0.0,0.8104166666666667,86558221.53125,85820759.5
"(11, 340, np.float64(0.5), 170)",0.0,0.825,85192003.30625,84984921.5
"(11, 340, np.float64(0.5), 180)",0.0,0.575,85215025.69166666,85474129.5
"(11, 340, np.float64(0.5), 190)",0.0,0.22916666666666666,83648516.4625,83402690.0
"(11, 340, np.float64(0.5), 200)",0.0,0.08333333333333333,82995579.0375,82738789.5
"(11, 340, np.float64(0.5), 210)",0.0,0.0375,82515444.38958333,82494117.0
"(11, 340, np.float64(0.6), 120)",0.0,0.43125,89907204.66458334,89870168.0
"(11, 340, np.float64(0.6), 130)",0.0,0.5291666666666667,91022754.79375,90701901.5
"(11, 340, np.float64(0.6), 140)",0.0,0.63125,90281246.97083333,89883452.5
"(11, 340, np.float64(0.6), 150)",0.0,0.73125,89079477.46458334,88093066.0
"(11, 340, np.float64(0.6), 160)",0.0,0.8125,86689887.38541667,86357653.0
"(11, 340, np.float64(0.6), 170)",0.0,0.825,85532533.3625,85406136.5
"(11, 340, np.float64(0.6), 180)",0.0,0.575,85864389.05208333,85546583.0
"(11, 340, np.float64(0.6), 190)",0.0,0.22916666666666666,83895955.56041667,83612993.0
"(11, 340, np.float64(0.6), 200)",0.0,0.08333333333333333,83394591.82083334,83018454.0
"(11, 340, np.float64(0.6), 210)",0.0,0.0375,82552267.88333334,82618658.0
"(11, 340, np.float64(0.7000000000000001), 120)",0.0,0.45208333333333334,90650962.15416667,90607658.5
"(11, 340, np.float64(0.7000000000000001), 130)",0.0,0.5541666666666667,91805422.99375,91706311.5
"(11, 340, np.float64(0.7000000000000001), 140)",0.0,0.6416666666666667,90339845.7,89831434.0
"(11, 340, np.float64(0.7000000000000001), 150)",0.0,0.7354166666666667,89284952.59583333,88430563.0
"(11, 340, np.float64(0.7000000000000001), 160)",0.0,0.8229166666666666,86064202.08333333,85148659.5
"(11, 340, np.float64(0.7000000000000001), 170)",0.0,0.8270833333333333,85151975.40833333,84803385.5
"(11, 340, np.float64(0.7000000000000001), 180)",0.0,0.575,85594660.375,85487193.0
"(11, 340, np.float64(0.7000000000000001), 190)",0.0,0.23125,85213014.07083334,84834733.0
"(11, 340, np.float64(0.7000000000000001), 200)",0.0,0.08333333333333333,83115802.82291667,82668116.0
"(11, 340, np.float64(0.7000000000000001), 210)",0.0,0.0375,82485899.71666667,82082592.5
"(11, 340, np.float64(0.8), 120)",0.0,0.5083333333333333,89878966.71458334,90098813.5
"(11, 340, np.float64(0.8), 130)",0.0,0.60625,90908354.55625,90548719.0
"(11, 340, np.float64(0.8), 140)",0.0,0.68125,89527139.56875,89277246.5
"(11, 340, np.float64(0.8), 150)",0.0,0.7645833333333333,88251860.55833334,88042882.0
"(11, 340, np.float64(0.8), 160)",0.0,0.8270833333333333,86832902.56041667,86332600.5
"(11, 340, np.float64(0.8), 170)",0.0,0.83125,85974399.71666667,85678553.0
"(11, 340, np.float64(0.8), 180)",0.0,0.5833333333333334,85482849.4625,85460703.5
"(11, 340, np.float64(0.8), 190)",0.0,0.23125,84270723.1875,84074990.0
"(11, 340, np.float64(0.8), 200)",0.0,0.07916666666666666,83321772.84375,83228938.5
"(11, 340, np.float64(0.8), 210)",0.0,0.0375,82954639.93541667,82850914.5
"(11, 340, np.float64(0.9), 120)",0.0,0.0375,90457751.4,90222824.0
"(11, 340, np.float64(0.9), 130)",0.0,0.05625,90909709.82291667,90677230.0
"(11, 340, np.float64(0.9), 140)",0.0,0.05625,89862248.14583333,89576477.5
"(11, 340, np.float64(0.9), 150)",0.0,0.07083333333333333,88612859.67916666,87607980.0
"(11, 340, np.float64(0.9), 160)",0.0,0.07708333333333334,86647548.61666666,86165792.5
"(11, 340, np.float64(0.9), 170)",0.0,0.11458333333333333,85637440.73125,85255098.0
"(11, 340, np.float64(0.9), 180)",0.0,0.07083333333333333,85626519.41666667,85546584.5
"(11, 340, np.float64(0.9), 190)",0.0,0.01875,83663711.53541666,83516962.5
"(11, 340, np.float64(0.9), 200)",0.0,0.0020833333333333333,82683089.69791667,82518384.5
"(11, 340, np.float64(0.9), 210)",0.0,0.0020833333333333333,82034396.54791667,82007105.5
"(11, 350, np.float64(0.1), 120)",0.0,0.43333333333333335,90473080.44166666,90610412.5
"(11, 350, np.float64(0.1), 130)",0.0,0.5291666666666667,91976735.89166667,91713134.5
"(11, 350, np.float64(0.1), 140)",0.0,0.6354166666666666,90938912.37916666,90372235.5
"(11, 350, np.float64(0.1), 150)",0.0,0.73125,89012918.975,88219020.5
"(11, 350, np.float64(0.1), 160)",0.0,0.8125,87614881.37916666,86830409.0
"(11, 350, np.float64(0.1), 170)",0.0,0.8291666666666667,86001836.63333334,85567339.0
"(11, 350, np.float64(0.1), 180)",0.0,0.575,85114793.75833334,85332388.5
"(11, 350, np.float64(0.1), 190)",0.0,0.22916666666666666,83906940.16666667,83531034.0
"(11, 350, np.float64(0.1), 200)",0.0,0.08333333333333333,83959290.66666667,83933569.0
"(11, 350, np.float64(0.1), 210)",0.0,0.0375,82573231.96666667,82467811.5
"(11, 350, np.float64(0.2), 120)",0.0,0.43333333333333335,91412280.03125,91466962.0
"(11, 350, np.float64(0.2), 130)",0.0,0.5291666666666667,91949401.00208333,91339281.0
"(11, 350, np.float64(0.2), 140)",0.0,0.6354166666666666,91295562.29791667,91066850.5
"(11, 350, np.float64(0.2), 150)",0.0,0.73125,89222195.77708334,88156465.0
"(11, 350, np.float64(0.2), 160)",0.0,0.8125,87505377.88541667,86612104.5
"(11, 350, np.float64(0.2), 170)",0.0,0.8291666666666667,86337666.84375,85805060.5
"(11, 350, np.float64(0.2), 180)",0.0,0.575,84269539.475,84133608.0
"(11, 350, np.float64(0.2), 190)",0.0,0.22916666666666666,84362439.45625,84285683.5
"(11, 350, np.float64(0.2), 200)",0.0,0.08333333333333333,83158083.5875,82708725.0
"(11, 350, np.float64(0.2), 210)",0.0,0.0375,82309873.86458333,82147099.0
"(11, 350, np.float64(0.30000000000000004), 120)",0.0,0.43333333333333335,90600463.6375,90701951.0
"(11, 350, np.float64(0.30000000000000004), 130)",0.0,0.5291666666666667,91472377.25,90807531.5
"(11, 350, np.float64(0.30000000000000004), 140)",0.0,0.6354166666666666,90102114.91041666,89553359.5
"(11, 350, np.float64(0.30000000000000004), 150)",0.0,0.73125,88985357.41458334,88268143.5
"(11, 350, np.float64(0.30000000000000004), 160)",0.0,0.8125,86987741.52916667,85961183.5
"(11, 350, np.float64(0.30000000000000004), 170)",0.0,0.8291666666666667,86136756.74375,85593463.5
"(11, 350, np.float64(0.30000000000000004), 180)",0.0,0.575,85272345.1,84674769.5
"(11, 350, np.float64(0.30000000000000004), 190)",0.0,0.22916666666666666,84518636.61875,84385438.5
"(11, 350, np.float64(0.30000000000000004), 200)",0.0,0.08333333333333333,83304472.125,83007287.0
"(11, 350, np.float64(0.30000000000000004), 210)",0.0,0.0375,82867676.32291667,82919398.0
"(11, 350, np.float64(0.4), 120)",0.0,0.43333333333333335,90911466.04166667,90810496.0
"(11, 350, np.float64(0.4), 130)",0.0,0.5291666666666667,92192485.32291667,91459832.0
"(11, 350, np.float64(0.4), 140)",0.0,0.6354166666666666,91181356.3,90640582.5
"(11, 350, np.float64(0.4), 150)",0.0,0.73125,88041856.06458333,87280075.5
"(11, 350, np.float64(0.4), 160)",0.0,0.8125,86642157.41041666,85515360.5
"(11, 350, np.float64(0.4), 170)",0.0,0.8291666666666667,85788874.53541666,85803110.0
"(11, 350, np.float64(0.4), 180)",0.0,0.575,84875931.6,84704780.5
"(11, 350, np.float64(0.4), 190)",0.0,0.22916666666666666,83248399.92916666,83253625.5
"(11, 350, np.float64(0.4), 200)",0.0,0.08333333333333333,82942152.05416666,82806331.0
"(11, 350, np.float64(0.4), 210)",0.0,0.0375,82070727.57708333,82159063.0
"(11, 350, np.float64(0.5), 120)",0.0,0.43333333333333335,90111141.23125,90527831.5
"(11, 350, np.float64(0.5), 130)",0.0,0.5291666666666667,90616482.57083334,90649012.0
"(11, 350, np.float64(0.5), 140)",0.0,0.6354166666666666,90195765.52916667,89814439.0
"(11, 350, np.float64(0.5), 150)",0.0,0.73125,88835909.26458333,88006183.5
"(11, 350, np.float64(0.5), 160)",0.0,0.8125,86750840.28333333,86107727.5
"(11, 350, np.float64(0.5), 170)",0.0,0.8291666666666667,85313487.59166667,85151176.5
"(11, 350, np.float64(0.5), 180)",0.0,0.575,84428130.38958333,84579970.5
"(11, 350, np.float64(0.5), 190)",0.0,0.22916666666666666,84660239.25625,84105142.5
"(11, 350, np.float64(0.5), 200)",0.0,0.08333333333333333,83605375.17083333,83500863.0
"(11, 350, np.float64(0.5), 210)",0.0,0.0375,82927145.67291667,82830226.5
"(11, 350, np.float64(0.6), 120)",0.0,0.4354166666666667,90548084.33125,90672161.5
"(11, 350, np.float64(0.6), 130)",0.0,0.53125,90625575.27291666,90368984.0
"(11, 350, np.float64(0.6), 140)",0.0,0.6375,90488935.07291667,89899800.5
"(11, 350, np.float64(0.6), 150)",0.0,0.7333333333333333,88810939.85,87796938.0
"(11, 350, np.float64(0.6), 160)",0.0,0.8145833333333333,86025504.62083334,85461446.5
"(11, 350, np.float64(0.6), 170)",0.0,0.8291666666666667,85194609.15,84787581.0
"(11, 350, np.float64(0.6), 180)",0.0,0.575,84639470.22291666,84363764.0
"(11, 350, np.float64(0.6), 190)",0.0,0.22916666666666666,84481199.53333333,84518501.5
"(11, 350, np.float64(0.6), 200)",0.0,0.08333333333333333,83642587.79791667,83293453.5
"(11, 350, np.float64(0.6), 210)",0.0,0.0375,82512272.56041667,82676381.5
"(11, 350, np.float64(0.7000000000000001), 120)",0.0,0.45625,90743772.00208333,90972482.5
"(11, 350, np.float64(0.7000000000000001), 130)",0.0,0.55625,91807817.83125,91381195.5
"(11, 350, np.float64(0.7000000000000001), 140)",0.0,0.6479166666666667,90503394.19166666,89940549.0
"(11, 350, np.float64(0.7000000000000001), 150)",0.0,0.7375,87997796.64583333,87230302.5
"(11, 350, np.float64(0.7000000000000001), 160)",0.0,0.825,86145313.16666667,85454872.5
"(11, 350, np.float64(0.7000000000000001), 170)",0.0,0.83125,84595025.79583333,84002928.5
"(11, 350, np.float64(0.7000000000000001), 180)",0.0,0.575,85010808.3625,84720609.0
"(11, 350, np.float64(0.7000000000000001), 190)",0.0,0.23125,84028921.09583333,83790381.0
"(11, 350, np.float64(0.7000000000000001), 200)",0.0,0.08333333333333333,83434662.50208333,83282253.5
"(11, 350, np.float64(0.7000000000000001), 210)",0.0,0.0375,82468939.93333334,82186258.5
"(11, 350, np.float64(0.8), 120)",0.0,0.5083333333333333,89684757.83125,89797046.5
"(11, 350, np.float64(0.8), 130)",0.0,0.60625,90556840.15208334,90190647.5
"(11, 350, np.float64(0.8), 140)",0.0,0.68125,90455737.70833333,89906877.0
"(11, 350, np.float64(0.8), 150)",0.0,0.7645833333333333,88644195.68958333,88143099.0
"(11, 350, np.float64(0.8), 160)",0.0,0.8291666666666667,86798881.13958333,86439605.0
"(11, 350, np.float64(0.8), 170)",0.0,0.8354166666666667,84843255.68958333,84712746.5
"(11, 350, np.float64(0.8), 180)",0.0,0.5833333333333334,85107602.93333334,85058259.0
"(11, 350, np.float64(0.8), 190)",0.0,0.23125,84290031.2625,84066024.5
"(11, 350, np.float64(0.8), 200)",0.0,0.07916666666666666,83494769.70416667,83223272.5
"(11, 350, np.float64(0.8), 210)",0.0,0.0375,83088756.01666667,82803148.0
"(11, 350, np.float64(0.9), 120)",0.0,0.0375,89547692.55833334,90011248.0
"(11, 350, np.float64(0.9), 130)",0.0,0.05625,91490299.57083334,91377496.0
"(11, 350, np.float64(0.9), 140)",0.0,0.05625,90107011.78541666,89362190.5
"(11, 350, np.float64(0.9), 150)",0.0,0.07083333333333333,88172503.85,87756524.5
"(11, 350, np.float64(0.9), 160)",0.0,0.07708333333333334,87261487.58125,86689161.5
"(11, 350, np.float64(0.9), 170)",0.0,0.11458333333333333,85046181.7875,84999182.0
"(11, 350, np.float64(0.9), 180)",0.0,0.07083333333333333,84367930.75,84363409.5
"(11, 350, np.float64(0.9), 190)",0.0,0.01875,84202881.9625,84068682.5
"(11, 350, np.float64(0.9), 200)",0.0,0.0020833333333333333,83227365.71666667,83177159.5
"(11, 350, np.float64(0.9), 210)",0.0,0.0020833333333333333,82571435.26875,82780124.5
"(11, 360, np.float64(0.1), 120)",0.0,0.4354166666666667,90246726.1125,90087459.0
"(11, 360, np.float64(0.1), 130)",0.0,0.5333333333333333,91708305.27916667,91156164.0
"(11, 360, np.float64(0.1), 140)",0.0,0.64375,91370533.60208334,90813074.0
"(11, 360, np.float64(0.1), 150)",0.0,0.7333333333333333,89265864.71666667,88550547.5
"(11, 360, np.float64(0.1), 160)",0.0,0.8125,86330627.39166667,85518039.5
"(11, 360, np.float64(0.1), 170)",0.0,0.83125,86334509.66041666,85560796.5
"(11, 360, np.float64(0.1), 180)",0.0,0.575,85567157.86875,85018033.0
"(11, 360, np.float64(0.1), 190)",0.0,0.22916666666666666,83384320.01458333,83065406.5
"(11, 360, np.float64(0.1), 200)",0.0,0.08333333333333333,83328241.38958333,82771945.5
"(11, 360, np.float64(0.1), 210)",0.0,0.0375,82563024.38333334,82519638.0
"(11, 360, np.float64(0.2), 120)",0.0,0.4354166666666667,89866503.12708333,89719939.5
"(11, 360, np.float64(0.2), 130)",0.0,0.5333333333333333,91370571.09375,90867071.5
"(11, 360, np.float64(0.2), 140)",0.0,0.64375,90960746.85833333,90089818.5
"(11, 360, np.float64(0.2), 150)",0.0,0.7333333333333333,90175543.35625,89201918.0
"(11, 360, np.float64(0.2), 160)",0.0,0.8125,87356629.79791667,86452513.0
"(11, 360, np.float64(0.2), 170)",0.0,0.83125,86415556.89791666,85869917.0
"(11, 360, np.float64(0.2), 180)",0.0,0.575,85430971.3875,85174740.0
"(11, 360, np.float64(0.2), 190)",0.0,0.22916666666666666,83558469.51666667,83121110.5
"(11, 360, np.float64(0.2), 200)",0.0,0.08333333333333333,83156264.92291667,82669196.0
"(11, 360, np.float64(0.2), 210)",0.0,0.0375,82614756.93333334,82416545.0
"(11, 360, np.float64(0.30000000000000004), 120)",0.0,0.4354166666666667,90018716.1875,90422363.5
"(11, 360, np.float64(0.30000000000000004), 130)",0.0,0.5333333333333333,91788893.325,91450148.0
"(11, 360, np.float64(0.30000000000000004), 140)",0.0,0.64375,90799859.49166666,90524535.5
"(11, 360, np.float64(0.30000000000000004), 150)",0.0,0.7333333333333333,89155329.07708333,88265963.0
"(11, 360, np.float64(0.30000000000000004), 160)",0.0,0.8125,86982434.11875,86232700.5
"(11, 360, np.float64(0.30000000000000004), 170)",0.0,0.83125,86027610.82291667,85490343.5
"(11, 360, np.float64(0.30000000000000004), 180)",0.0,0.575,84341721.65416667,84411136.0
"(11, 360, np.float64(0.30000000000000004), 190)",0.0,0.22916666666666666,85276121.48541667,85078982.5
"(11, 360, np.float64(0.30000000000000004), 200)",0.0,0.08333333333333333,82923867.97916667,82765990.0
"(11, 360, np.float64(0.30000000000000004), 210)",0.0,0.0375,81990645.77083333,81853403.5
"(11, 360, np.float64(0.4), 120)",0.0,0.4354166666666667,90058915.62083334,90488353.0
"(11, 360, np.float64(0.4), 130)",0.0,0.5333333333333333,91230658.64166667,91242218.0
"(11, 360, np.float64(0.4), 140)",0.0,0.64375,90894976.19375,90228815.5
"(11, 360, np.float64(0.4), 150)",0.0,0.7333333333333333,89167050.59791666,88453686.5
"(11, 360, np.float64(0.4), 160)",0.0,0.8125,87208747.96666667,86149269.0
"(11, 360, np.float64(0.4), 170)",0.0,0.83125,85543077.80416666,85318685.5
"(11, 360, np.float64(0.4), 180)",0.0,0.575,84320803.14166667,84308042.0
"(11, 360, np.float64(0.4), 190)",0.0,0.22916666666666666,85047880.86458333,84622791.0
"(11, 360, np.float64(0.4), 200)",0.0,0.08333333333333333,83309717.78541666,83043548.0
"(11, 360, np.float64(0.4), 210)",0.0,0.0375,82925193.59166667,82813491.0
"(11, 360, np.float64(0.5), 120)",0.0,0.4354166666666667,89693552.6,89526949.0
"(11, 360, np.float64(0.5), 130)",0.0,0.5333333333333333,92185356.11041667,91653802.0
"(11, 360, np.float64(0.5), 140)",0.0,0.64375,90785379.56875,90075738.0
"(11, 360, np.float64(0.5), 150)",0.0,0.7333333333333333,89085470.34166667,88345056.5
"(11, 360, np.float64(0.5), 160)",0.0,0.8125,87201330.6625,86711786.5
"(11, 360, np.float64(0.5), 170)",0.0,0.83125,85582924.71875,85305681.0
"(11, 360, np.float64(0.5), 180)",0.0,0.575,84339961.83125,84160206.5
"(11, 360, np.float64(0.5), 190)",0.0,0.22916666666666666,84330799.59375,83840224.0
"(11, 360, np.float64(0.5), 200)",0.0,0.08333333333333333,82849753.86458333,82555680.5
"(11, 360, np.float64(0.5), 210)",0.0,0.0375,82584257.1625,82521306.5
"(11, 360, np.float64(0.6), 120)",0.0,0.4375,90658855.55625,90724318.5
"(11, 360, np.float64(0.6), 130)",0.0,0.5354166666666667,90971298.97916667,91166643.5
"(11, 360, np.float64(0.6), 140)",0.0,0.6458333333333334,90023438.3875,89430895.5
"(11, 360, np.float64(0.6), 150)",0.0,0.7354166666666667,89243403.97708334,88619252.5
"(11, 360, np.float64(0.6), 160)",0.0,0.8145833333333333,87233088.0125,86627942.5
"(11, 360, np.float64(0.6), 170)",0.0,0.83125,86098227.3375,86091727.0
"(11, 360, np.float64(0.6), 180)",0.0,0.575,84452371.75416666,84263382.5
"(11, 360, np.float64(0.6), 190)",0.0,0.22916666666666666,84532400.15,84689147.0
"(11, 360, np.float64(0.6), 200)",0.0,0.08333333333333333,83171602.30625,82956817.0
"(11, 360, np.float64(0.6), 210)",0.0,0.0375,82650637.84583333,82374684.5
"(11, 360, np.float64(0.7000000000000001), 120)",0.0,0.4583333333333333,89653897.96041666,89898325.0
"(11, 360, np.float64(0.7000000000000001), 130)",0.0,0.5583333333333333,91471933.8125,91375127.5
"(11, 360, np.float64(0.7000000000000001), 140)",0.0,0.65625,91217729.26875,90862809.0
"(11, 360, np.float64(0.7000000000000001), 150)",0.0,0.7395833333333334,88901767.96666667,88585832.0
"(11, 360, np.float64(0.7000000000000001), 160)",0.0,0.825,86584533.87083334,86270744.5
"(11, 360, np.float64(0.7000000000000001), 170)",0.0,0.8333333333333334,86234177.32708333,86095198.0
"(11, 360, np.float64(0.7000000000000001), 180)",0.0,0.575,84303487.83333333,84052508.0
"(11, 360, np.float64(0.7000000000000001), 190)",0.0,0.23125,84668653.675,84783224.0
"(11, 360, np.float64(0.7000000000000001), 200)",0.0,0.08333333333333333,83427830.30208333,83490269.5
"(11, 360, np.float64(0.7000000000000001), 210)",0.0,0.0375,82060580.22708334,82318605.0
"(11, 360, np.float64(0.8), 120)",0.0,0.5104166666666666,90081254.32916667,90710739.0
"(11, 360, np.float64(0.8), 130)",0.0,0.6083333333333333,91091321.95833333,90827093.5
"(11, 360, np.float64(0.8), 140)",0.0,0.6875,89345626.30833334,89359060.5
"(11, 360, np.float64(0.8), 150)",0.0,0.7666666666666667,88687699.5625,88255100.5
"(11, 360, np.float64(0.8), 160)",0.0,0.8291666666666667,87290936.34375,87121643.0
"(11, 360, np.float64(0.8), 170)",0.0,0.8375,85414076.31458333,85319081.5
"(11, 360, np.float64(0.8), 180)",0.0,0.5833333333333334,84305001.30833334,84569060.5
"(11, 360, np.float64(0.8), 190)",0.0,0.23125,84748157.94375,84612738.5
"(11, 360, np.float64(0.8), 200)",0.0,0.07916666666666666,83528061.20833333,83686196.0
"(11, 360, np.float64(0.8), 210)",0.0,0.0375,82644746.72916667,82761978.0
"(11, 360, np.float64(0.9), 120)",0.0,0.0375,89772299.60833333,90257967.0
"(11, 360, np.float64(0.9), 130)",0.0,0.05625,90234196.76041667,89999700.5
"(11, 360, np.float64(0.9), 140)",0.0,0.05625,90966007.73541667,90645825.0
"(11, 360, np.float64(0.9), 150)",0.0,0.07083333333333333,88798628.29791667,88238983.5
"(11, 360, np.float64(0.9), 160)",0.0,0.07708333333333334,86570615.96875,85997459.5
"(11, 360, np.float64(0.9), 170)",0.0,0.11458333333333333,85098099.53541666,85003412.0
"(11, 360, np.float64(0.9), 180)",0.0,0.07083333333333333,85061966.38333334,84622580.0
"(11, 360, np.float64(0.9), 190)",0.0,0.01875,84263961.80208333,84279498.0
"(11, 360, np.float64(0.9), 200)",0.0,0.0020833333333333333,82573566.60833333,82096113.0
"(11, 360, np.float64(0.9), 210)",0.0,0.0020833333333333333,82766484.99583334,82523290.0
"(11, 370, np.float64(0.1), 120)",0.0,0.4479166666666667,90515915.79791667,90804494.5
"(11, 370, np.float64(0.1), 130)",0.0,0.5416666666666666,91972960.10208334,91555288.0
"(11, 370, np.float64(0.1), 140)",0.0,0.6458333333333334,90800974.89791666,90290930.5
"(11, 370, np.float64(0.1), 150)",0.0,0.7375,88990377.95,88059167.0
"(11, 370, np.float64(0.1), 160)",0.0,0.8125,87239444.55416666,86811075.0
"(11, 370, np.float64(0.1), 170)",0.0,0.83125,85848413.67083333,85657473.5
"(11, 370, np.float64(0.1), 180)",0.0,0.575,85140286.25208333,85075597.0
"(11, 370, np.float64(0.1), 190)",0.0,0.22916666666666666,84878729.175,84412254.5
"(11, 370, np.float64(0.1), 200)",0.0,0.08333333333333333,82718783.13333334,82236631.0
"(11, 370, np.float64(0.1), 210)",0.0,0.0375,82702550.94583334,83054273.5
"(11, 370, np.float64(0.2), 120)",0.0,0.4479166666666667,90151827.95833333,90364397.0
"(11, 370, np.float64(0.2), 130)",0.0,0.5416666666666666,92301946.27708334,91852484.5
"(11, 370, np.float64(0.2), 140)",0.0,0.6458333333333334,91025545.86041667,90372580.5
"(11, 370, np.float64(0.2), 150)",0.0,0.7375,89313361.73333333,88033892.0
"(11, 370, np.float64(0.2), 160)",0.0,0.8125,87609413.77916667,86999637.0
"(11, 370, np.float64(0.2), 170)",0.0,0.83125,86350428.6875,86002595.5
"(11, 370, np.float64(0.2), 180)",0.0,0.575,84414818.07708333,84147716.5
"(11, 370, np.float64(0.2), 190)",0.0,0.22916666666666666,84240651.45416667,83927332.5
"(11, 370, np.float64(0.2), 200)",0.0,0.08333333333333333,83031094.2375,83014158.5
"(11, 370, np.float64(0.2), 210)",0.0,0.0375,82700265.20625,82515730.5
"(11, 370, np.float64(0.30000000000000004), 120)",0.0,0.4479166666666667,90335218.86458333,91127827.0
"(11, 370, np.float64(0.30000000000000004), 130)",0.0,0.5416666666666666,92060630.95208333,91502501.5
"(11, 370, np.float64(0.30000000000000004), 140)",0.0,0.6458333333333334,90786855.38125,90131580.5
"(11, 370, np.float64(0.30000000000000004), 150)",0.0,0.7375,89017561.01041667,88698101.0
"(11, 370, np.float64(0.30000000000000004), 160)",0.0,0.8125,87627858.36041667,87026478.5
"(11, 370, np.float64(0.30000000000000004), 170)",0.0,0.83125,86085776.30625,85707355.0
"(11, 370, np.float64(0.30000000000000004), 180)",0.0,0.575,84405503.63125,84367436.0
"(11, 370, np.float64(0.30000000000000004), 190)",0.0,0.22916666666666666,84374155.92916666,83893870.5
"(11, 370, np.float64(0.30000000000000004), 200)",0.0,0.08333333333333333,83002202.23125,82815367.5
"(11, 370, np.float64(0.30000000000000004), 210)",0.0,0.0375,82798107.70208333,82670531.5
"(11, 370, np.float64(0.4), 120)",0.0,0.4479166666666667,90324220.55833334,90954615.5
"(11, 370, np.float64(0.4), 130)",0.0,0.5416666666666666,91717739.69583334,91192340.5
"(11, 370, np.float64(0.4), 140)",0.0,0.6458333333333334,91214229.0875,90680153.5
"(11, 370, np.float64(0.4), 150)",0.0,0.7375,88906468.6125,88236997.5
"(11, 370, np.float64(0.4), 160)",0.0,0.8125,87262017.3,86797950.5
"(11, 370, np.float64(0.4), 170)",0.0,0.83125,86087741.73333333,85522055.5
"(11, 370, np.float64(0.4), 180)",0.0,0.575,84929807.14375,84920462.0
"(11, 370, np.float64(0.4), 190)",0.0,0.22916666666666666,83252587.87708333,83273642.5
"(11, 370, np.float64(0.4), 200)",0.0,0.08333333333333333,82652200.3,82461143.0
"(11, 370, np.float64(0.4), 210)",0.0,0.0375,82652385.075,82779192.5
"(11, 370, np.float64(0.5), 120)",0.0,0.4479166666666667,89840967.46041666,90321245.0
"(11, 370, np.float64(0.5), 130)",0.0,0.5416666666666666,91008597.7125,90875979.0
"(11, 370, np.float64(0.5), 140)",0.0,0.6458333333333334,91163690.75208333,90612333.0
"(11, 370, np.float64(0.5), 150)",0.0,0.7375,88702478.36041667,87920741.5
"(11, 370, np.float64(0.5), 160)",0.0,0.8125,87432570.7125,86924927.5
"(11, 370, np.float64(0.5), 170)",0.0,0.83125,85996813.19583334,85525755.5
"(11, 370, np.float64(0.5), 180)",0.0,0.575,84390800.98541667,83967043.0
"(11, 370, np.float64(0.5), 190)",0.0,0.22916666666666666,84396255.78125,84132939.5
"(11, 370, np.float64(0.5), 200)",0.0,0.08333333333333333,83387054.89166667,83220483.0
"(11, 370, np.float64(0.5), 210)",0.0,0.0375,82699246.85,82638140.0
"(11, 370, np.float64(0.6), 120)",0.0,0.45,89754614.5375,89865299.5
"(11, 370, np.float64(0.6), 130)",0.0,0.54375,91182426.375,91093321.0
"(11, 370, np.float64(0.6), 140)",0.0,0.6479166666666667,90923549.48958333,90586694.0
"(11, 370, np.float64(0.6), 150)",0.0,0.7395833333333334,88967351.57291667,88257153.0
"(11, 370, np.float64(0.6), 160)",0.0,0.8145833333333333,87332288.57708333,86809252.0
"(11, 370, np.float64(0.6), 170)",0.0,0.83125,84928240.24375,84983406.5
"(11, 370, np.float64(0.6), 180)",0.0,0.575,86189221.0875,86184095.5
"(11, 370, np.float64(0.6), 190)",0.0,0.22916666666666666,83967279.22708334,83967835.5
"(11, 370, np.float64(0.6), 200)",0.0,0.08333333333333333,82907815.75833334,83014451.5
"(11, 370, np.float64(0.6), 210)",0.0,0.0375,82539564.83958334,82091244.5
"(11, 370, np.float64(0.7000000000000001), 120)",0.0,0.46875,89646540.98125,90184768.0
"(11, 370, np.float64(0.7000000000000001), 130)",0.0,0.5666666666666667,91156879.15,91264663.5
"(11, 370, np.float64(0.7000000000000001), 140)",0.0,0.6583333333333333,89899113.025,89839247.5
"(11, 370, np.float64(0.7000000000000001), 150)",0.0,0.74375,88471095.7875,87935701.5
"(11, 370, np.float64(0.7000000000000001), 160)",0.0,0.825,87132221.37291667,86718811.0
"(11, 370, np.float64(0.7000000000000001), 170)",0.0,0.8333333333333334,86174760.80625,86199483.5
"(11, 370, np.float64(0.7000000000000001), 180)",0.0,0.575,84079237.4625,84417507.5
"(11, 370, np.float64(0.7000000000000001), 190)",0.0,0.23125,84106755.80625,84157645.0
"(11, 370, np.float64(0.7000000000000001), 200)",0.0,0.08333333333333333,83373386.97083333,83506180.5
"(11, 370, np.float64(0.7000000000000001), 210)",0.0,0.0375,82185323.99583334,82342355.5
"(11, 370, np.float64(0.8), 120)",0.0,0.5166666666666667,90090908.27916667,90112920.5
"(11, 370, np.float64(0.8), 130)",0.0,0.6083333333333333,90873760.89791666,90296747.5
"(11, 370, np.float64(0.8), 140)",0.0,0.6895833333333333,90663600.25625,90580264.5
"(11, 370, np.float64(0.8), 150)",0.0,0.7666666666666667,89231204.66458334,88652954.5
"(11, 370, np.float64(0.8), 160)",0.0,0.8291666666666667,86295465.28333333,86023928.5
"(11, 370, np.float64(0.8), 170)",0.0,0.8375,85326209.06458333,85209683.5
"(11, 370, np.float64(0.8), 180)",0.0,0.5833333333333334,85432728.01875,85398631.5
"(11, 370, np.float64(0.8), 190)",0.0,0.23125,83758629.69791667,83628684.5
"(11, 370, np.float64(0.8), 200)",0.0,0.07916666666666666,82623535.27083333,82391927.5
"(11, 370, np.float64(0.8), 210)",0.0,0.0375,82633525.4,82468798.0
"(11, 370, np.float64(0.9), 120)",0.0,0.0375,89468872.82291667,89958929.5
"(11, 370, np.float64(0.9), 130)",0.0,0.05625,90634173.79166667,90723107.5
"(11, 370, np.float64(0.9), 140)",0.0,0.05625,90261386.875,89855517.0
"(11, 370, np.float64(0.9), 150)",0.0,0.07083333333333333,88438621.80208333,87946308.0
"(11, 370, np.float64(0.9), 160)",0.0,0.07708333333333334,87247641.4,86771000.5
"(11, 370, np.float64(0.9), 170)",0.0,0.11458333333333333,84993022.18333334,85078709.0
"(11, 370, np.float64(0.9), 180)",0.0,0.07083333333333333,84857897.73333333,84660194.5
"(11, 370, np.float64(0.9), 190)",0.0,0.01875,84848132.67916666,84603917.0
"(11, 370, np.float64(0.9), 200)",0.0,0.0020833333333333333,82690547.14583333,82629660.5
"(11, 370, np.float64(0.9), 210)",0.0,0.0020833333333333333,82651202.175,82602012.0
"(11, 380, np.float64(0.1), 120)",0.0,0.45,91641542.78333333,92192368.0
"(11, 380, np.float64(0.1), 130)",0.0,0.5520833333333334,91818448.74791667,91633616.0
"(11, 380, np.float64(0.1), 140)",0.0,0.65,91545166.41875,91057689.0
"(11, 380, np.float64(0.1), 150)",0.0,0.7375,90014733.47708334,89320752.5
"(11, 380, np.float64(0.1), 160)",0.0,0.8125,86248614.39791666,85277665.0
"(11, 380, np.float64(0.1), 170)",0.0,0.83125,85939326.53541666,85531837.5
"(11, 380, np.float64(0.1), 180)",0.0,0.575,85102872.22291666,84964588.0
"(11, 380, np.float64(0.1), 190)",0.0,0.22916666666666666,84942569.38958333,84677875.5
"(11, 380, np.float64(0.1), 200)",0.0,0.08333333333333333,83108765.6125,82749669.0
"(11, 380, np.float64(0.1), 210)",0.0,0.0375,82963164.5875,82700651.5
"(11, 380, np.float64(0.2), 120)",0.0,0.45,90375378.275,90615898.0
"(11, 380, np.float64(0.2), 130)",0.0,0.5520833333333334,92038453.40625,91744888.0
"(11, 380, np.float64(0.2), 140)",0.0,0.65,91600270.10625,90946656.0
"(11, 380, np.float64(0.2), 150)",0.0,0.7375,88990526.17708333,87985859.0
"(11, 380, np.float64(0.2), 160)",0.0,0.8125,86254968.925,85297015.5
"(11, 380, np.float64(0.2), 170)",0.0,0.83125,85590578.5875,85494790.5
"(11, 380, np.float64(0.2), 180)",0.0,0.575,85145581.72083333,84764648.5
"(11, 380, np.float64(0.2), 190)",0.0,0.22916666666666666,85107786.98541667,84993117.5
"(11, 380, np.float64(0.2), 200)",0.0,0.08333333333333333,83444936.15416667,83079428.0
"(11, 380, np.float64(0.2), 210)",0.0,0.0375,82251588.48333333,82074454.0
"(11, 380, np.float64(0.30000000000000004), 120)",0.0,0.45,90865795.17083333,90842269.0
"(11, 380, np.float64(0.30000000000000004), 130)",0.0,0.5520833333333334,90957743.28333333,90849634.5
"(11, 380, np.float64(0.30000000000000004), 140)",0.0,0.65,90494637.22916667,89843093.0
"(11, 380, np.float64(0.30000000000000004), 150)",0.0,0.7375,89041339.29166667,88387670.5
"(11, 380, np.float64(0.30000000000000004), 160)",0.0,0.8125,87303714.44166666,86678421.0
"(11, 380, np.float64(0.30000000000000004), 170)",0.0,0.83125,85711170.56875,85152267.0
"(11, 380, np.float64(0.30000000000000004), 180)",0.0,0.575,85969441.06875,85890640.5
"(11, 380, np.float64(0.30000000000000004), 190)",0.0,0.22916666666666666,84189298.99791667,83887932.0
"(11, 380, np.float64(0.30000000000000004), 200)",0.0,0.08333333333333333,83429463.47916667,83002568.5
"(11, 380, np.float64(0.30000000000000004), 210)",0.0,0.0375,82396760.64375,82337711.0
"(11, 380, np.float64(0.4), 120)",0.0,0.45,90359139.82916667,90796332.0
"(11, 380, np.float64(0.4), 130)",0.0,0.5520833333333334,91421983.63125,91315669.5
"(11, 380, np.float64(0.4), 140)",0.0,0.65,90817329.40208334,89999887.5
"(11, 380, np.float64(0.4), 150)",0.0,0.7375,89311154.35208334,88957462.0
"(11, 380, np.float64(0.4), 160)",0.0,0.8125,87194587.66041666,86907493.5
"(11, 380, np.float64(0.4), 170)",0.0,0.83125,85797510.53125,85698919.5
"(11, 380, np.float64(0.4), 180)",0.0,0.575,84325596.975,84342069.5
"(11, 380, np.float64(0.4), 190)",0.0,0.22916666666666666,83230854.01458333,83079807.5
"(11, 380, np.float64(0.4), 200)",0.0,0.08333333333333333,83245575.77083333,82850934.0
"(11, 380, np.float64(0.4), 210)",0.0,0.0375,81809180.4125,81781890.0
"(11, 380, np.float64(0.5), 120)",0.0,0.45,90319049.2875,90522108.5
"(11, 380, np.float64(0.5), 130)",0.0,0.5520833333333334,90748353.95,90589032.0
"(11, 380, np.float64(0.5), 140)",0.0,0.65,90988845.325,90265930.0
"(11, 380, np.float64(0.5), 150)",0.0,0.7375,88798336.0375,88006960.0
"(11, 380, np.float64(0.5), 160)",0.0,0.8125,86790043.94166666,85990347.5
"(11, 380, np.float64(0.5), 170)",0.0,0.83125,86318732.20625,86017935.5
"(11, 380, np.float64(0.5), 180)",0.0,0.575,84921704.71458334,84484578.0
"(11, 380, np.float64(0.5), 190)",0.0,0.22916666666666666,84812262.56875,84698359.5
"(11, 380, np.float64(0.5), 200)",0.0,0.08333333333333333,83347304.70416667,82891731.5
"(11, 380, np.float64(0.5), 210)",0.0,0.0375,82521908.90833333,82490975.0
"(11, 380, np.float64(0.6), 120)",0.0,0.45208333333333334,90538539.46875,90709429.5
"(11, 380, np.float64(0.6), 130)",0.0,0.5541666666666667,91446949.12291667,91586980.5
"(11, 380, np.float64(0.6), 140)",0.0,0.6520833333333333,90265401.89583333,89862336.5
"(11, 380, np.float64(0.6), 150)",0.0,0.7395833333333334,89380637.65416667,89139072.0
"(11, 380, np.float64(0.6), 160)",0.0,0.8145833333333333,86386506.43541667,85898345.0
"(11, 380, np.float64(0.6), 170)",0.0,0.83125,86019958.73541667,85808455.0
"(11, 380, np.float64(0.6), 180)",0.0,0.575,84818974.70625,85009627.5
"(11, 380, np.float64(0.6), 190)",0.0,0.22916666666666666,84302983.9125,84174097.5
"(11, 380, np.float64(0.6), 200)",0.0,0.08333333333333333,82352558.2625,82585109.0
"(11, 380, np.float64(0.6), 210)",0.0,0.0375,82861921.78958334,82959617.5
"(11, 380, np.float64(0.7000000000000001), 120)",0.0,0.4708333333333333,89886582.42083333,90264093.0
"(11, 380, np.float64(0.7000000000000001), 130)",0.0,0.5791666666666667,91376780.55833334,91206785.5
"(11, 380, np.float64(0.7000000000000001), 140)",0.0,0.6625,90836857.24166666,90416578.5
"(11, 380, np.float64(0.7000000000000001), 150)",0.0,0.74375,88243589.50416666,87680945.0
"(11, 380, np.float64(0.7000000000000001), 160)",0.0,0.825,87013488.23125,86619622.5
"(11, 380, np.float64(0.7000000000000001), 170)",0.0,0.8333333333333334,85223107.60833333,84866840.0
"(11, 380, np.float64(0.7000000000000001), 180)",0.0,0.575,85989026.83958334,85728702.0
"(11, 380, np.float64(0.7000000000000001), 190)",0.0,0.23125,84147904.875,83968945.5
"(11, 380, np.float64(0.7000000000000001), 200)",0.0,0.08333333333333333,83234651.6375,83069975.0
"(11, 380, np.float64(0.7000000000000001), 210)",0.0,0.0375,82885885.43541667,82956631.0
"(11, 380, np.float64(0.8), 120)",0.0,0.5166666666666667,89940812.52291666,89960603.0
"(11, 380, np.float64(0.8), 130)",0.0,0.61875,91035635.94791667,90757556.5
"(11, 380, np.float64(0.8), 140)",0.0,0.6916666666666667,91257268.08541666,90916937.0
"(11, 380, np.float64(0.8), 150)",0.0,0.7666666666666667,88778472.22291666,88227356.5
"(11, 380, np.float64(0.8), 160)",0.0,0.8291666666666667,86304907.61458333,85555530.0
"(11, 380, np.float64(0.8), 170)",0.0,0.8395833333333333,85633832.84791666,85713368.0
"(11, 380, np.float64(0.8), 180)",0.0,0.5833333333333334,84451398.84375,84242845.0
"(11, 380, np.float64(0.8), 190)",0.0,0.23125,85062018.14791666,84841000.5
"(11, 380, np.float64(0.8), 200)",0.0,0.07916666666666666,83514856.48541667,83526135.5
"(11, 380, np.float64(0.8), 210)",0.0,0.0375,82485757.67708333,82337161.0
"(11, 380, np.float64(0.9), 120)",0.0,0.0375,90371523.83333333,90751394.0
"(11, 380, np.float64(0.9), 130)",0.0,0.05625,90307082.44583334,90292881.0
"(11, 380, np.float64(0.9), 140)",0.0,0.05625,90142265.42916666,89842626.5
"(11, 380, np.float64(0.9), 150)",0.0,0.07083333333333333,88436562.66041666,88291591.5
"(11, 380, np.float64(0.9), 160)",0.0,0.07708333333333334,87269974.23333333,87255260.0
"(11, 380, np.float64(0.9), 170)",0.0,0.11458333333333333,85184423.1625,85131225.0
"(11, 380, np.float64(0.9), 180)",0.0,0.07083333333333333,84635191.625,84475226.0
"(11, 380, np.float64(0.9), 190)",0.0,0.01875,84528628.5875,84525233.5
"(11, 380, np.float64(0.9), 200)",0.0,0.0020833333333333333,83337178.0875,82779404.5
"(11, 380, np.float64(0.9), 210)",0.0,0.0020833333333333333,82898965.88541667,82784409.5
"(11, 390, np.float64(0.1), 120)",0.0,0.45625,90442884.78125,90774824.5
"(11, 390, np.float64(0.1), 130)",0.0,0.5583333333333333,91553305.56875,91555588.0
"(11, 390, np.float64(0.1), 140)",0.0,0.6645833333333333,91460182.29166667,90630878.5
"(11, 390, np.float64(0.1), 150)",0.0,0.7416666666666667,89874740.62291667,89173563.5
"(11, 390, np.float64(0.1), 160)",0.0,0.8145833333333333,86824135.1125,85985768.0
"(11, 390, np.float64(0.1), 170)",0.0,0.83125,86545748.22291666,86312932.0
"(11, 390, np.float64(0.1), 180)",0.0,0.5770833333333333,85368525.84791666,85259386.5
"(11, 390, np.float64(0.1), 190)",0.0,0.22916666666666666,84072847.41666667,83702316.0
"(11, 390, np.float64(0.1), 200)",0.0,0.08333333333333333,82461593.44166666,82343703.0
"(11, 390, np.float64(0.1), 210)",0.0,0.0375,82581629.64375,82600500.0
"(11, 390, np.float64(0.2), 120)",0.0,0.45625,90288217.60416667,90440953.0
"(11, 390, np.float64(0.2), 130)",0.0,0.5583333333333333,91674201.91666667,91419922.5
"(11, 390, np.float64(0.2), 140)",0.0,0.6645833333333333,90830617.33958334,90182700.0
"(11, 390, np.float64(0.2), 150)",0.0,0.7416666666666667,89131584.38958333,88581170.0
"(11, 390, np.float64(0.2), 160)",0.0,0.8145833333333333,87504176.15833333,87048891.5
"(11, 390, np.float64(0.2), 170)",0.0,0.83125,85157637.01666667,84811171.0
"(11, 390, np.float64(0.2), 180)",0.0,0.5770833333333333,84729873.49375,84327470.5
"(11, 390, np.float64(0.2), 190)",0.0,0.22916666666666666,84585512.95208333,84058349.0
"(11, 390, np.float64(0.2), 200)",0.0,0.08333333333333333,82859847.2875,82501414.5
"(11, 390, np.float64(0.2), 210)",0.0,0.0375,82845945.43958333,83090700.0
"(11, 390, np.float64(0.30000000000000004), 120)",0.0,0.45625,90526189.94166666,90538189.5
"(11, 390, np.float64(0.30000000000000004), 130)",0.0,0.5583333333333333,91450947.82708333,91220989.5
"(11, 390, np.float64(0.30000000000000004), 140)",0.0,0.6645833333333333,90649050.46041666,90026699.5
"(11, 390, np.float64(0.30000000000000004), 150)",0.0,0.7416666666666667,88603787.8875,88094745.5
"(11, 390, np.float64(0.30000000000000004), 160)",0.0,0.8145833333333333,86179452.65208334,85513366.5
"(11, 390, np.float64(0.30000000000000004), 170)",0.0,0.83125,86223398.58333333,86135835.0
"(11, 390, np.float64(0.30000000000000004), 180)",0.0,0.5770833333333333,85731579.63333334,85472813.0
"(11, 390, np.float64(0.30000000000000004), 190)",0.0,0.22916666666666666,84383865.20416667,84094439.5
"(11, 390, np.float64(0.30000000000000004), 200)",0.0,0.08333333333333333,83442841.83958334,83191332.0
"(11, 390, np.float64(0.30000000000000004), 210)",0.0,0.0375,82245571.23125,81990971.5
"(11, 390, np.float64(0.4), 120)",0.0,0.45625,90754394.69375,91305192.0
"(11, 390, np.float64(0.4), 130)",0.0,0.5583333333333333,91795458.01875,91256545.5
"(11, 390, np.float64(0.4), 140)",0.0,0.6645833333333333,91390810.28958334,90921394.5
"(11, 390, np.float64(0.4), 150)",0.0,0.7416666666666667,89564418.41875,88737931.0
"(11, 390, np.float64(0.4), 160)",0.0,0.8145833333333333,86226224.75208333,85785318.0
"(11, 390, np.float64(0.4), 170)",0.0,0.83125,85798911.81458333,85602756.0
"(11, 390, np.float64(0.4), 180)",0.0,0.5770833333333333,85537040.37083334,85446442.5
"(11, 390, np.float64(0.4), 190)",0.0,0.22916666666666666,84447211.475,83928023.5
"(11, 390, np.float64(0.4), 200)",0.0,0.08333333333333333,82781186.9,82515481.0
"(11, 390, np.float64(0.4), 210)",0.0,0.0375,82193277.62291667,82210604.5
"(11, 390, np.float64(0.5), 120)",0.0,0.45625,91273337.57708333,91012671.5
"(11, 390, np.float64(0.5), 130)",0.0,0.5583333333333333,90834534.62083334,90331423.5
"(11, 390, np.float64(0.5), 140)",0.0,0.6645833333333333,90203261.52083333,89522980.5
"(11, 390, np.float64(0.5), 150)",0.0,0.7416666666666667,87894260.72083333,87081739.5
"(11, 390, np.float64(0.5), 160)",0.0,0.8145833333333333,86851988.39375,86545329.0
"(11, 390, np.float64(0.5), 170)",0.0,0.83125,85736792.67291667,85683347.0
"(11, 390, np.float64(0.5), 180)",0.0,0.5770833333333333,85605291.20208333,85365410.0
"(11, 390, np.float64(0.5), 190)",0.0,0.22916666666666666,83906530.22708334,83708880.5
"(11, 390, np.float64(0.5), 200)",0.0,0.08333333333333333,83324545.95625,83375552.5
"(11, 390, np.float64(0.5), 210)",0.0,0.0375,82282457.92916666,81975141.5
"(11, 390, np.float64(0.6), 120)",0.0,0.4583333333333333,90290778.02083333,90702447.5
"(11, 390, np.float64(0.6), 130)",0.0,0.5604166666666667,91328263.74166666,90953246.0
"(11, 390, np.float64(0.6), 140)",0.0,0.6666666666666666,90798094.31458333,90664972.5
"(11, 390, np.float64(0.6), 150)",0.0,0.74375,88588652.0375,87985692.5
"(11, 390, np.float64(0.6), 160)",0.0,0.8166666666666667,87225209.13958333,86685119.0
"(11, 390, np.float64(0.6), 170)",0.0,0.83125,84841476.42916666,84510025.0
"(11, 390, np.float64(0.6), 180)",0.0,0.5770833333333333,85937989.53541666,85613559.5
"(11, 390, np.float64(0.6), 190)",0.0,0.22916666666666666,84046644.0375,83637545.5
"(11, 390, np.float64(0.6), 200)",0.0,0.08333333333333333,82821301.37916666,82350014.0
"(11, 390, np.float64(0.6), 210)",0.0,0.0375,82705443.21458334,82754604.5
"(11, 390, np.float64(0.7000000000000001), 120)",0.0,0.47708333333333336,89650391.28541666,90332104.0
"(11, 390, np.float64(0.7000000000000001), 130)",0.0,0.58125,91050956.74166666,91211825.0
"(11, 390, np.float64(0.7000000000000001), 140)",0.0,0.6770833333333334,91118920.1625,90808774.0
"(11, 390, np.float64(0.7000000000000001), 150)",0.0,0.7479166666666667,88037058.49583334,87632026.0
"(11, 390, np.float64(0.7000000000000001), 160)",0.0,0.8270833333333333,87027621.44791667,86683814.0
"(11, 390, np.float64(0.7000000000000001), 170)",0.0,0.8333333333333334,86467507.88541667,86151394.5
"(11, 390, np.float64(0.7000000000000001), 180)",0.0,0.5770833333333333,85058145.67083333,84930904.5
"(11, 390, np.float64(0.7000000000000001), 190)",0.0,0.23125,84069732.85,83899576.5
"(11, 390, np.float64(0.7000000000000001), 200)",0.0,0.08333333333333333,83004216.62916666,82754302.5
"(11, 390, np.float64(0.7000000000000001), 210)",0.0,0.0375,82339166.925,82371751.0
"(11, 390, np.float64(0.8), 120)",0.0,0.5208333333333334,90544368.84375,90303296.5
"(11, 390, np.float64(0.8), 130)",0.0,0.61875,90993440.30833334,90931823.0
"(11, 390, np.float64(0.8), 140)",0.0,0.6979166666666666,90484053.33541666,89971894.5
"(11, 390, np.float64(0.8), 150)",0.0,0.76875,88325859.43125,88079157.5
"(11, 390, np.float64(0.8), 160)",0.0,0.83125,87167407.76041667,86847936.5
"(11, 390, np.float64(0.8), 170)",0.0,0.8395833333333333,85631128.17708333,85251948.0
"(11, 390, np.float64(0.8), 180)",0.0,0.5833333333333334,84465423.8875,84331038.5
"(11, 390, np.float64(0.8), 190)",0.0,0.23125,83466163.99791667,83282900.0
"(11, 390, np.float64(0.8), 200)",0.0,0.07916666666666666,82932923.87916666,82674955.5
"(11, 390, np.float64(0.8), 210)",0.0,0.0375,82300239.00625,82348016.0
"(11, 390, np.float64(0.9), 120)",0.0,0.0375,89440780.80833334,89758613.5
"(11, 390, np.float64(0.9), 130)",0.0,0.05625,90568291.95,90474156.0
"(11, 390, np.float64(0.9), 140)",0.0,0.05625,90737301.03125,90344961.0
"(11, 390, np.float64(0.9), 150)",0.0,0.07083333333333333,87749718.79375,87274050.5
"(11, 390, np.float64(0.9), 160)",0.0,0.07708333333333334,86549613.75,85928144.5
"(11, 390, np.float64(0.9), 170)",0.0,0.11458333333333333,85930524.72291666,85611825.5
"(11, 390, np.float64(0.9), 180)",0.0,0.07083333333333333,84963300.5125,84990898.5
"(11, 390, np.float64(0.9), 190)",0.0,0.01875,84297405.72291666,83897972.0
"(11, 390, np.float64(0.9), 200)",0.0,0.0020833333333333333,83156428.28541666,83016666.5
"(11, 390, np.float64(0.9), 210)",0.0,0.0020833333333333333,82258068.5375,82253869.5
"(11, 400, np.float64(0.1), 120)",0.0,0.4583333333333333,91371160.01666667,91800671.5
"(11, 400, np.float64(0.1), 130)",0.0,0.5625,92133700.25208333,92022413.5
"(11, 400, np.float64(0.1), 140)",0.0,0.6666666666666666,90871903.95208333,90334031.5
"(11, 400, np.float64(0.1), 150)",0.0,0.74375,89864883.51458333,89252640.0
"(11, 400, np.float64(0.1), 160)",0.0,0.8145833333333333,86988205.14791666,86162079.5
"(11, 400, np.float64(0.1), 170)",0.0,0.83125,85277999.63333334,84779952.5
"(11, 400, np.float64(0.1), 180)",0.0,0.5770833333333333,84340586.29791667,84222010.0
"(11, 400, np.float64(0.1), 190)",0.0,0.22916666666666666,83762828.18333334,83718482.0
"(11, 400, np.float64(0.1), 200)",0.0,0.08333333333333333,82710923.94791667,82610904.0
"(11, 400, np.float64(0.1), 210)",0.0,0.0375,82767333.39375,82503633.0
"(11, 400, np.float64(0.2), 120)",0.0,0.4583333333333333,90384299.00208333,90610780.5
"(11, 400, np.float64(0.2), 130)",0.0,0.5625,92027664.92291667,91582195.5
"(11, 400, np.float64(0.2), 140)",0.0,0.6666666666666666,90752264.4375,90239581.5
"(11, 400, np.float64(0.2), 150)",0.0,0.74375,88393482.29375,87486588.5
"(11, 400, np.float64(0.2), 160)",0.0,0.8145833333333333,87639119.73333333,87037237.0
"(11, 400, np.float64(0.2), 170)",0.0,0.83125,85900183.71041666,85684177.0
"(11, 400, np.float64(0.2), 180)",0.0,0.5770833333333333,85913055.16875,85694768.0
"(11, 400, np.float64(0.2), 190)",0.0,0.22916666666666666,83929575.425,83253897.5
"(11, 400, np.float64(0.2), 200)",0.0,0.08333333333333333,83456720.81458333,83150447.0
"(11, 400, np.float64(0.2), 210)",0.0,0.0375,82649450.19166666,82371921.0
"(11, 400, np.float64(0.30000000000000004), 120)",0.0,0.4583333333333333,91406388.2,91477066.0
"(11, 400, np.float64(0.30000000000000004), 130)",0.0,0.5625,91825526.4375,91738766.5
"(11, 400, np.float64(0.30000000000000004), 140)",0.0,0.6666666666666666,90820121.4,90341367.0
"(11, 400, np.float64(0.30000000000000004), 150)",0.0,0.74375,88842160.65208334,88125727.5
"(11, 400, np.float64(0.30000000000000004), 160)",0.0,0.8145833333333333,86759122.3,86040735.5
"(11, 400, np.float64(0.30000000000000004), 170)",0.0,0.83125,85420163.36666666,85150010.5
"(11, 400, np.float64(0.30000000000000004), 180)",0.0,0.5770833333333333,84210635.36041667,84023192.5
"(11, 400, np.float64(0.30000000000000004), 190)",0.0,0.22916666666666666,83662065.94375,83314017.5
"(11, 400, np.float64(0.30000000000000004), 200)",0.0,0.08333333333333333,83721572.3625,83343873.0
"(11, 400, np.float64(0.30000000000000004), 210)",0.0,0.0375,83050443.07708333,83069258.5
"(11, 400, np.float64(0.4), 120)",0.0,0.4583333333333333,89968912.26875,89788315.5
"(11, 400, np.float64(0.4), 130)",0.0,0.5625,91157419.83333333,91190798.5
"(11, 400, np.float64(0.4), 140)",0.0,0.6666666666666666,90945591.41875,90774833.5
"(11, 400, np.float64(0.4), 150)",0.0,0.74375,88679487.7625,88148130.0
"(11, 400, np.float64(0.4), 160)",0.0,0.8145833333333333,87065434.41458334,86527640.0
"(11, 400, np.float64(0.4), 170)",0.0,0.83125,86028822.29166667,85832079.5
"(11, 400, np.float64(0.4), 180)",0.0,0.5770833333333333,85164340.55625,84777680.5
"(11, 400, np.float64(0.4), 190)",0.0,0.22916666666666666,84897820.6625,84448235.5
"(11, 400, np.float64(0.4), 200)",0.0,0.08333333333333333,82694034.86875,82613661.5
"(11, 400, np.float64(0.4), 210)",0.0,0.0375,82574233.58125,82775493.0
"(11, 400, np.float64(0.5), 120)",0.0,0.4583333333333333,90904053.20416667,91059516.5
"(11, 400, np.float64(0.5), 130)",0.0,0.5625,92340246.57083334,91761117.0
"(11, 400, np.float64(0.5), 140)",0.0,0.6666666666666666,90635756.32708333,90012338.0
"(11, 400, np.float64(0.5), 150)",0.0,0.74375,88903197.06666666,88597080.5
"(11, 400, np.float64(0.5), 160)",0.0,0.8145833333333333,86631633.34375,86205182.0
"(11, 400, np.float64(0.5), 170)",0.0,0.83125,85066525.61041667,84880959.5
"(11, 400, np.float64(0.5), 180)",0.0,0.5770833333333333,84341485.1375,84054811.5
"(11, 400, np.float64(0.5), 190)",0.0,0.22916666666666666,84786126.18958333,84630603.0
"(11, 400, np.float64(0.5), 200)",0.0,0.08333333333333333,82853187.87916666,82723166.5
"(11, 400, np.float64(0.5), 210)",0.0,0.0375,82727507.92916666,82523813.0
"(11, 400, np.float64(0.6), 120)",0.0,0.46041666666666664,89489689.67916666,89728531.5
"(11, 400, np.float64(0.6), 130)",0.0,0.5645833333333333,91499909.29166667,91310584.0
"(11, 400, np.float64(0.6), 140)",0.0,0.66875,90046446.99166666,89383736.5
"(11, 400, np.float64(0.6), 150)",0.0,0.7458333333333333,88432080.85625,87980928.5
"(11, 400, np.float64(0.6), 160)",0.0,0.8166666666666667,87011345.84583333,86619056.5
"(11, 400, np.float64(0.6), 170)",0.0,0.83125,85291212.76041667,85165028.5
"(11, 400, np.float64(0.6), 180)",0.0,0.5770833333333333,85314084.26666667,85084889.5
"(11, 400, np.float64(0.6), 190)",0.0,0.22916666666666666,84202993.03541666,83834834.5
"(11, 400, np.float64(0.6), 200)",0.0,0.08333333333333333,82683480.95625,82146768.0
"(11, 400, np.float64(0.6), 210)",0.0,0.0375,82996116.29166667,83215664.0
"(11, 400, np.float64(0.7000000000000001), 120)",0.0,0.47708333333333336,90154329.24166666,89895295.0
"(11, 400, np.float64(0.7000000000000001), 130)",0.0,0.5833333333333334,90545550.25416666,90115406.0
"(11, 400, np.float64(0.7000000000000001), 140)",0.0,0.6791666666666667,91140311.75,90911601.5
"(11, 400, np.float64(0.7000000000000001), 150)",0.0,0.75,88600916.31458333,88025513.0
"(11, 400, np.float64(0.7000000000000001), 160)",0.0,0.8270833333333333,86477374.04166667,85803016.0
"(11, 400, np.float64(0.7000000000000001), 170)",0.0,0.8333333333333334,85482488.3,85252655.0
"(11, 400, np.float64(0.7000000000000001), 180)",0.0,0.5770833333333333,85409535.69166666,85483464.5
"(11, 400, np.float64(0.7000000000000001), 190)",0.0,0.23125,83461588.30625,83096539.5
"(11, 400, np.float64(0.7000000000000001), 200)",0.0,0.08333333333333333,82311418.3,81953893.0
"(11, 400, np.float64(0.7000000000000001), 210)",0.0,0.0375,82765655.50833334,82659809.5
"(11, 400, np.float64(0.8), 120)",0.0,0.5208333333333334,89383894.5125,89504524.5
"(11, 400, np.float64(0.8), 130)",0.0,0.61875,91043209.44166666,91027443.0
"(11, 400, np.float64(0.8), 140)",0.0,0.6979166666666666,90463538.85625,89774507.5
"(11, 400, np.float64(0.8), 150)",0.0,0.7708333333333334,88878074.69166666,88585552.5
"(11, 400, np.float64(0.8), 160)",0.0,0.83125,87289003.79583333,86451552.0
"(11, 400, np.float64(0.8), 170)",0.0,0.8395833333333333,85229276.11666666,84977696.0
"(11, 400, np.float64(0.8), 180)",0.0,0.5833333333333334,84956619.17708333,84956860.5
"(11, 400, np.float64(0.8), 190)",0.0,0.23125,84476741.86875,84205709.0
"(11, 400, np.float64(0.8), 200)",0.0,0.07916666666666666,83016176.6875,82633297.0
"(11, 400, np.float64(0.8), 210)",0.0,0.0375,82657684.75833334,82632079.0
"(11, 400, np.float64(0.9), 120)",0.0,0.0375,89754049.92291667,90320935.0
"(11, 400, np.float64(0.9), 130)",0.0,0.05625,90006045.93125,90414883.5
"(11, 400, np.float64(0.9), 140)",0.0,0.05625,89373637.725,89536182.5
"(11, 400, np.float64(0.9), 150)",0.0,0.07083333333333333,88367402.42083333,87991032.0
"(11, 400, np.float64(0.9), 160)",0.0,0.07708333333333334,85833541.98958333,84997993.0
"(11, 400, np.float64(0.9), 170)",0.0,0.11458333333333333,85321672.57708333,85205030.5
"(11, 400, np.float64(0.9), 180)",0.0,0.07083333333333333,85478978.59166667,85483014.5
"(11, 400, np.float64(0.9), 190)",0.0,0.01875,84358029.51458333,83978479.0
"(11, 400, np.float64(0.9), 200)",0.0,0.0020833333333333333,82759572.30833334,82775313.0
"(11, 400, np.float64(0.9), 210)",0.0,0.0020833333333333333,82730267.9375,82874498.0
