,0,1,2,3,4
images/custom/davids/high/A/custom_davids_high_A_0.jpg,12,False,False,0.22540445101913065,"[0.0, 0.0, 1.0, 1.0, 482.8881858153086, 483.1076484594298, 506.9250437688002, 508.26862976186123, 509.25141138734216, 530.9623338806624, 531.0489619611359, 885.641010793877]"
images/custom/davids/high/A/custom_davids_high_A_1.jpg,14,False,False,0.2079262810293585,"[1.0, 1.0, 1.0, 2.23606797749979, 501.414997781279, 502.19518117958876, 502.5236312851367, 503.16001430956334, 526.4104862177425, 527.4921800368229, 527.683617331446, 550.2726596879041, 551.4390265478133, 906.5208216031224]"
images/custom/davids/high/A/custom_davids_high_A_2.jpg,13,False,False,0.19317630701698363,"[0.0, 1.0, 1.4142135623730951, 1.4142135623730951, 169.29264603047588, 174.0028735394907, 193.08029417835473, 197.101496696499, 217.14741536569116, 220.7306050369998, 241.23847122712414, 405.7302059250704, 762.1679604916491]"
images/custom/davids/high/A/custom_davids_high_A_3.jpg,11,False,False,0.19824713096022606,"[1.0, 1.0, 1.4142135623730951, 2.23606797749979, 301.14448359549937, 320.73197533142843, 325.3136947624554, 333.44414824674914, 343.0058308542291, 348.40206658399717, 374.54639232009697]"
images/custom/davids/high/A/custom_davids_high_A_4.jpg,11,False,False,0.19919532095082104,"[1.0, 1.0, 1.4142135623730951, 2.0, 148.33745312630927, 157.53729717117784, 169.85876486069242, 180.06943105369106, 195.86985475054604, 203.03940504246953, 234.17301296263838]"
images/custom/davids/high/B/custom_davids_high_B_0.jpg,13,False,False,0.22363870299886912,"[1.0, 1.0, 1.4142135623730951, 2.23606797749979, 196.16319736382766, 210.23796041628637, 260.44769148525774, 274.5906043549196, 289.56001105124994, 291.2387336876742, 305.65994176535463, 307.8830946966722, 321.2864765283469]"
images/custom/davids/high/B/custom_davids_high_B_1.jpg,9,False,False,0.20456441503483802,"[0.0, 1.0, 1.4142135623730951, 2.23606797749979, 221.18318200080222, 237.39418695494632, 244.6630335788388, 264.2820463065927, 267.5761573832766]"
images/custom/davids/high/B/custom_davids_high_B_2.jpg,8,False,False,0.21787267900072038,"[1.0, 1.0, 1.4142135623730951, 2.0, 245.73359558676546, 248.1954874690513, 248.766959220874, 270.142554959414]"
images/custom/davids/high/B/custom_davids_high_B_3.jpg,15,False,False,0.2164862989448011,"[1.0, 1.0, 1.4142135623730951, 1.4142135623730951, 203.00246303924493, 212.08488866489287, 216.23366990364843, 247.52373623553763, 251.60286166894048, 265.9624033580686, 270.8154353060401, 280.7507791618752, 293.4109745732085, 305.9150208799823, 319.17550031291563]"
images/custom/davids/high/B/custom_davids_high_B_4.jpg,4,True,True,0.1643251000205055,"[1.0, 1.0, 2.0, 2.23606797749979]"
images/custom/davids/high/C/custom_davids_high_C_0.jpg,3,False,False,0.1753239509416744,"[0.0, 1.4142135623730951, 2.8284271247461903]"
images/custom/davids/high/C/custom_davids_high_C_1.jpg,3,False,False,0.20595551503356546,"[0.0, 1.0, 1.0]"
images/custom/davids/high/C/custom_davids_high_C_2.jpg,3,False,False,0.20408086606767029,"[0.0, 0.0, 1.0]"
images/custom/davids/high/C/custom_davids_high_C_3.jpg,21,False,False,0.20153025502804667,"[1.0, 1.0, 1.0, 177.88198334851114, 179.10053042914194, 181.89282558693733, 183.30848316430968, 187.98404187589966, 192.50974001333023, 195.8187937865005, 203.08865059377396, 204.1984329028996, 206.6204249342257, 210.8293148497144, 218.87439320304236, 218.92921230388603, 228.69411885748178, 230.21728866442677, 231.23364807051763, 235.25518060183074, 242.33241632105268]"
images/custom/davids/high/C/custom_davids_high_C_4.jpg,3,False,False,0.15633771393913776,"[1.0, 1.4142135623730951, 2.23606797749979]"
images/custom/davids/high/D/custom_davids_high_D_0.jpg,4,True,True,0.1705530189210549,"[1.4142135623730951, 1.4142135623730951, 1.4142135623730951, 2.23606797749979]"
images/custom/davids/high/D/custom_davids_high_D_1.jpg,11,False,False,0.21776776609476656,"[0.0, 1.0, 1.0, 1.4142135623730951, 204.6191584383046, 266.9082239272518, 272.03860020225073, 283.0441661649291, 291.547594742265, 300.2399040767233, 318.0565987367657]"
images/custom/davids/high/D/custom_davids_high_D_2.jpg,14,False,False,0.22456834802869707,"[1.0, 1.4142135623730951, 2.23606797749979, 2.23606797749979, 160.5801980320114, 177.867928531256, 219.5449840010015, 318.39912060180063, 326.1977927577071, 341.40005858230313, 349.32220084042757, 387.96391584785306, 395.55151371218386, 417.88515168644125]"
images/custom/davids/high/D/custom_davids_high_D_3.jpg,13,False,False,0.20674353500362486,"[0.0, 1.0, 1.0, 1.4142135623730951, 213.13845265460665, 215.19526017085042, 219.78398485785993, 227.75864418282788, 238.2120903732638, 239.8520377232597, 243.87086746883074, 251.46172671005024, 274.11676344215067]"
images/custom/davids/high/D/custom_davids_high_D_4.jpg,4,True,True,0.16114601795561612,"[1.0, 1.0, 2.0, 2.23606797749979]"
images/custom/davids/medium/A/custom_davids_medium_A_0.jpg,4,True,True,0.17926369910128415,"[1.0, 1.0, 1.0, 1.0]"
images/custom/davids/medium/A/custom_davids_medium_A_1.jpg,4,True,True,0.192469175090082,"[1.0, 2.0, 2.0, 2.23606797749979]"
images/custom/davids/medium/A/custom_davids_medium_A_2.jpg,4,True,True,0.17697113892063498,"[1.4142135623730951, 1.4142135623730951, 2.23606797749979, 2.23606797749979]"
images/custom/davids/medium/A/custom_davids_medium_A_3.jpg,30,False,False,0.2065478350268677,"[1.0, 1.4142135623730951, 2.0, 109.65856099730654, 110.0272693471941, 117.74548823628021, 129.3213052826177, 138.61096637712328, 138.70832707519762, 145.2067491544384, 145.34441853748632, 154.74172029546526, 157.95252451290546, 166.50825805346713, 166.50825805346713, 170.98830369355676, 180.31361568112376, 182.04395073717774, 191.62724232217087, 210.87674124947966, 214.9534833400008, 230.63824487712353, 237.0232056149777, 252.17850820401011, 259.6247291765559, 273.1300056749533, 282.25697511310506, 295.16944286290885, 306.54363474063524, 318.5545479191908]"
images/custom/davids/medium/A/custom_davids_medium_A_4.jpg,4,True,True,0.16916336200665683,"[1.0, 1.4142135623730951, 2.0, 2.23606797749979]"
images/custom/davids/medium/B/custom_davids_medium_B_0.jpg,16,False,False,0.18904080998618156,"[0.0, 0.0, 2.23606797749979, 2.23606797749979, 226.50386310171402, 243.0740627874558, 250.1919263285688, 262.20793275566626, 265.2941763401526, 272.8387802347753, 282.6888749137468, 282.97879779234347, 287.6056327682057, 301.7614952242913, 303.22269044383864, 321.17596423144744]"
images/custom/davids/medium/B/custom_davids_medium_B_1.jpg,16,False,False,0.23390626499895006,"[0.0, 0.0, 1.4142135623730951, 2.23606797749979, 394.689751577109, 405.2419030653173, 418.0011961705373, 420.7291290129553, 431.4220671222092, 431.5599610714599, 442.7572698443245, 445.55807702251343, 455.692879031481, 456.1578674099571, 466.43863476345956, 479.2003756258962]"
images/custom/davids/medium/B/custom_davids_medium_B_2.jpg,16,False,False,0.22873039706610143,"[0.0, 1.0, 1.0, 1.0, 322.0139748520241, 331.1193138432127, 342.1768548572507, 348.6316107297214, 355.6304261448955, 357.8072106595953, 368.0230971012553, 374.0013368960063, 380.60084077679073, 382.5976999408125, 392.1683312048539, 404.02227661355505]"
images/custom/davids/medium/B/custom_davids_medium_B_3.jpg,26,False,False,0.2712636759970337,"[0.0, 0.0, 1.0, 1.0, 209.2008604188807, 212.46176126540982, 218.92921230388603, 228.31995094603536, 235.0914715594762, 235.58013498595335, 239.00209204105306, 239.370006475331, 245.08773939142694, 252.7152547829276, 254.0649523251879, 274.0894014733149, 275.6174885597792, 294.2872746144488, 296.05742686174926, 296.952858211535, 315.03968004046726, 315.21738530734626, 318.2011942152323, 333.94610343586885, 336.02976058676705, 353.8163365363448]"
images/custom/davids/medium/B/custom_davids_medium_B_4.jpg,4,True,True,0.1736752800643444,"[1.0, 1.0, 1.0, 1.4142135623730951]"
images/custom/davids/medium/C/custom_davids_medium_C_0.jpg,3,False,False,0.21203348401468247,"[1.0, 1.0, 1.4142135623730951]"
images/custom/davids/medium/C/custom_davids_medium_C_1.jpg,16,False,False,0.1640139149967581,"[1.0, 1.0, 1.4142135623730951, 2.23606797749979, 96.87620966986684, 115.10864433221339, 121.40016474453401, 135.05924625881784, 135.14806694880988, 146.4923206178399, 153.68799562750502, 158.04113388608675, 158.24032355881985, 173.18487231857176, 173.65770930194836, 191.70028690641024]"
images/custom/davids/medium/C/custom_davids_medium_C_2.jpg,2,False,False,0.176874281023629,"[0.0, 1.4142135623730951]"
images/custom/davids/medium/C/custom_davids_medium_C_3.jpg,3,False,False,0.1753399820299819,"[1.4142135623730951, 2.23606797749979, 2.23606797749979]"
images/custom/davids/medium/C/custom_davids_medium_C_4.jpg,4,True,True,0.16541449399664998,"[1.0, 1.0, 1.4142135623730951, 1.4142135623730951]"
images/custom/davids/medium/D/custom_davids_medium_D_0.jpg,4,True,True,0.1751019200310111,"[1.4142135623730951, 1.4142135623730951, 1.4142135623730951, 2.23606797749979]"
images/custom/davids/medium/D/custom_davids_medium_D_1.jpg,4,True,True,0.18589760700706393,"[1.0, 1.0, 2.23606797749979, 2.23606797749979]"
images/custom/davids/medium/D/custom_davids_medium_D_2.jpg,4,True,True,0.1816569649381563,"[1.0, 1.0, 1.0, 2.0]"
images/custom/davids/medium/D/custom_davids_medium_D_3.jpg,4,True,True,0.20537899597547948,"[1.0, 1.0, 1.0, 2.23606797749979]"
images/custom/davids/medium/D/custom_davids_medium_D_4.jpg,4,True,True,0.16272640600800514,"[0.0, 0.0, 1.0, 1.0]"
images/custom/davids/short/A/custom_davids_short_A_0.jpg,4,True,True,0.16754211392253637,"[1.0, 1.0, 1.4142135623730951, 2.23606797749979]"
images/custom/davids/short/A/custom_davids_short_A_1.jpg,4,True,True,0.1629263040376827,"[1.0, 1.0, 1.4142135623730951, 2.23606797749979]"
images/custom/davids/short/A/custom_davids_short_A_2.jpg,4,True,True,0.17400874791201204,"[1.0, 1.0, 1.0, 3.1622776601683795]"
images/custom/davids/short/A/custom_davids_short_A_3.jpg,4,True,True,0.1699682449689135,"[0.0, 1.0, 1.4142135623730951, 2.0]"
images/custom/davids/short/A/custom_davids_short_A_4.jpg,4,True,True,0.16833686700556427,"[1.0, 1.0, 2.23606797749979, 2.8284271247461903]"
images/custom/davids/short/B/custom_davids_short_B_0.jpg,20,False,False,0.20037020195741206,"[1.0, 1.0, 1.4142135623730951, 2.0, 282.44645510255566, 286.6810073932349, 294.00680264238787, 303.3891889965758, 316.36213427020624, 318.7789202566569, 325.22146300636433, 336.1681127055331, 346.3423162133094, 350.8746214818051, 356.6791275081849, 365.08766070630213, 375.9255245391034, 379.68539608470587, 389.34432062122085, 411.4474450036116]"
images/custom/davids/short/B/custom_davids_short_B_1.jpg,3,False,False,0.22616767301224172,"[0.0, 1.0, 1.0]"
images/custom/davids/short/B/custom_davids_short_B_2.jpg,4,True,True,0.21748527698218822,"[1.0, 1.0, 1.0, 2.23606797749979]"
images/custom/davids/short/B/custom_davids_short_B_3.jpg,4,True,True,0.16908766492269933,"[0.0, 1.0, 1.4142135623730951, 2.0]"
images/custom/davids/short/B/custom_davids_short_B_4.jpg,4,True,True,0.16275062202475965,"[0.0, 1.0, 1.0, 2.23606797749979]"
images/custom/davids/short/C/custom_davids_short_C_0.jpg,3,False,False,0.167622902081348,"[1.0, 1.4142135623730951, 2.0]"
images/custom/davids/short/C/custom_davids_short_C_1.jpg,3,False,False,0.17052929394412786,"[0.0, 0.0, 2.0]"
images/custom/davids/short/C/custom_davids_short_C_2.jpg,17,False,False,0.1835375860100612,"[1.0, 2.0, 3.0, 216.33307652783935, 245.70917768776974, 247.329739416836, 257.8003103178893, 271.7094035914105, 275.48684179103725, 288.1700886629284, 288.334874755032, 300.3747659175118, 301.77143668677456, 315.3696244092002, 329.21877224727024, 329.802971484491, 343.4020966738555]"
images/custom/davids/short/C/custom_davids_short_C_3.jpg,3,False,False,0.1965959860244766,"[1.0, 1.4142135623730951, 2.23606797749979]"
images/custom/davids/short/C/custom_davids_short_C_4.jpg,3,False,False,0.16893949697259814,"[0.0, 1.0, 2.23606797749979]"
images/custom/davids/short/D/custom_davids_short_D_0.jpg,4,True,True,0.16967242991086096,"[0.0, 0.0, 1.0, 1.4142135623730951]"
images/custom/davids/short/D/custom_davids_short_D_1.jpg,4,True,True,0.19716427789535373,"[0.0, 1.0, 1.4142135623730951, 2.23606797749979]"
images/custom/davids/short/D/custom_davids_short_D_2.jpg,4,True,True,0.1572747629834339,"[0.0, 0.0, 1.0, 1.0]"
images/custom/davids/short/D/custom_davids_short_D_3.jpg,25,False,False,0.18863982101902366,"[0.0, 1.0, 1.0, 2.0, 276.3277040037788, 278.3522947633089, 279.2579452764057, 282.3118842698621, 285.5801113523139, 290.423828223512, 299.81661061388843, 311.8236681203016, 312.52519898401795, 318.5545479191908, 327.4522866006588, 337.8579583197649, 338.92329515688357, 351.0056979594491, 359.3007097126305, 365.8742953529258, 368.9173349139343, 381.70800358389135, 389.5600082143956, 391.4945721207383, 398.5774705123209]"
images/custom/davids/short/D/custom_davids_short_D_4.jpg,4,True,True,0.161797633045353,"[1.0, 1.0, 1.0, 1.4142135623730951]"
images/custom/jack_cole/high/A/custom_jack_cole_high_A_0.jpg,4,True,True,0.07343455695081502,"[0.0, 1.4142135623730951, 2.0, 2.23606797749979]"
images/custom/jack_cole/high/A/custom_jack_cole_high_A_1.jpg,4,True,True,0.07854031806346029,"[0.0, 1.0, 1.0, 2.23606797749979]"
images/custom/jack_cole/high/A/custom_jack_cole_high_A_2.jpg,4,True,True,0.07310452498495579,"[1.4142135623730951, 1.4142135623730951, 2.0, 2.23606797749979]"
images/custom/jack_cole/high/A/custom_jack_cole_high_A_3.jpg,4,True,True,0.07237588101997972,"[1.0, 1.0, 1.0, 1.4142135623730951]"
images/custom/jack_cole/high/A/custom_jack_cole_high_A_4.jpg,4,True,True,0.03833137103356421,"[0.0, 1.0, 2.23606797749979, 2.23606797749979]"
images/custom/jack_cole/high/B/custom_jack_cole_high_B_0.jpg,4,True,True,0.052149116061627865,"[1.0, 1.0, 1.4142135623730951, 1.4142135623730951]"
images/custom/jack_cole/high/B/custom_jack_cole_high_B_1.jpg,5,False,False,0.0677846580510959,"[1.0, 1.4142135623730951, 1.4142135623730951, 1.4142135623730951, 442.23523152277227]"
images/custom/jack_cole/high/B/custom_jack_cole_high_B_2.jpg,5,False,False,0.08879019599407911,"[1.0, 1.4142135623730951, 2.23606797749979, 2.23606797749979, 521.4374363238604]"
images/custom/jack_cole/high/B/custom_jack_cole_high_B_3.jpg,4,True,True,0.0841297690058127,"[0.0, 1.0, 1.4142135623730951, 1.4142135623730951]"
images/custom/jack_cole/high/B/custom_jack_cole_high_B_4.jpg,4,True,True,0.04502534703351557,"[0.0, 1.0, 1.0, 1.0]"
images/custom/jack_cole/high/C/custom_jack_cole_high_C_0.jpg,4,True,False,0.0551119880983606,"[1.4142135623730951, 2.0, 2.23606797749979, 203.22647465327935]"
images/custom/jack_cole/high/C/custom_jack_cole_high_C_1.jpg,3,False,False,0.052908409968949854,"[0.0, 1.0, 1.4142135623730951]"
images/custom/jack_cole/high/C/custom_jack_cole_high_C_2.jpg,3,False,False,0.0773958369391039,"[0.0, 1.0, 2.23606797749979]"
images/custom/jack_cole/high/C/custom_jack_cole_high_C_3.jpg,3,False,False,0.07817547000013292,"[0.0, 1.4142135623730951, 2.23606797749979]"
images/custom/jack_cole/high/C/custom_jack_cole_high_C_4.jpg,3,False,False,0.04438322002533823,"[0.0, 1.0, 1.4142135623730951]"
images/custom/jack_cole/high/D/custom_jack_cole_high_D_0.jpg,5,False,False,0.05123973998706788,"[1.4142135623730951, 2.0, 2.23606797749979, 2.23606797749979, 224.32119828495925]"
images/custom/jack_cole/high/D/custom_jack_cole_high_D_1.jpg,4,True,True,0.05673227191437036,"[1.0, 1.0, 2.0, 2.23606797749979]"
images/custom/jack_cole/high/D/custom_jack_cole_high_D_2.jpg,4,True,True,0.07777056400664151,"[1.0, 1.4142135623730951, 1.4142135623730951, 2.23606797749979]"
images/custom/jack_cole/high/D/custom_jack_cole_high_D_3.jpg,4,True,True,0.059151879977434874,"[1.0, 1.4142135623730951, 1.4142135623730951, 2.23606797749979]"
images/custom/jack_cole/high/D/custom_jack_cole_high_D_4.jpg,4,True,True,0.04343801492359489,"[1.0, 1.0, 1.0, 2.0]"
images/custom/jack_cole/medium/A/custom_jack_cole_medium_A_0.jpg,4,True,True,0.060525455977767706,"[1.0, 1.0, 1.0, 1.4142135623730951]"
images/custom/jack_cole/medium/A/custom_jack_cole_medium_A_1.jpg,4,True,True,0.06585753697436303,"[1.0, 2.23606797749979, 2.23606797749979, 3.0]"
images/custom/jack_cole/medium/A/custom_jack_cole_medium_A_2.jpg,4,True,True,0.06200300401542336,"[1.0, 1.0, 1.0, 2.23606797749979]"
images/custom/jack_cole/medium/A/custom_jack_cole_medium_A_3.jpg,4,True,True,0.05959317600354552,"[0.0, 0.0, 1.4142135623730951, 2.23606797749979]"
images/custom/jack_cole/medium/A/custom_jack_cole_medium_A_4.jpg,4,True,True,0.04357676499057561,"[1.0, 1.4142135623730951, 2.0, 2.23606797749979]"
images/custom/jack_cole/medium/B/custom_jack_cole_medium_B_0.jpg,5,False,False,0.058134665014222264,"[1.0, 1.0, 1.4142135623730951, 1.4142135623730951, 232.44139046219803]"
images/custom/jack_cole/medium/B/custom_jack_cole_medium_B_1.jpg,5,False,False,0.05771552096121013,"[0.0, 1.0, 2.23606797749979, 2.23606797749979, 241.7457341919398]"
images/custom/jack_cole/medium/B/custom_jack_cole_medium_B_2.jpg,5,False,False,0.07466181903146207,"[1.0, 1.0, 2.0, 2.23606797749979, 722.4963667728717]"
images/custom/jack_cole/medium/B/custom_jack_cole_medium_B_3.jpg,4,True,True,0.07238223298918456,"[2.0, 2.23606797749979, 2.23606797749979, 3.0]"
images/custom/jack_cole/medium/B/custom_jack_cole_medium_B_4.jpg,4,True,True,0.045688423910178244,"[1.0, 1.0, 2.23606797749979, 3.1622776601683795]"
images/custom/jack_cole/medium/C/custom_jack_cole_medium_C_0.jpg,3,False,False,0.06135096901562065,"[1.0, 1.4142135623730951, 2.8284271247461903]"
images/custom/jack_cole/medium/C/custom_jack_cole_medium_C_1.jpg,3,False,False,0.06543472595512867,"[0.0, 2.8284271247461903, 3.0]"
images/custom/jack_cole/medium/C/custom_jack_cole_medium_C_2.jpg,3,False,False,0.07629480899777263,"[1.0, 1.0, 2.0]"
images/custom/jack_cole/medium/C/custom_jack_cole_medium_C_3.jpg,4,True,False,0.06903880299068987,"[2.0, 2.23606797749979, 2.23606797749979, 609.3808333054134]"
images/custom/jack_cole/medium/C/custom_jack_cole_medium_C_4.jpg,4,True,True,0.043932585045695305,"[1.4142135623730951, 2.23606797749979, 2.23606797749979, 2.8284271247461903]"
images/custom/jack_cole/medium/D/custom_jack_cole_medium_D_0.jpg,4,True,True,0.07651670998893678,"[2.0, 2.0, 2.23606797749979, 3.0]"
images/custom/jack_cole/medium/D/custom_jack_cole_medium_D_1.jpg,4,True,True,0.07750232191756368,"[1.0, 1.0, 1.4142135623730951, 2.0]"
images/custom/jack_cole/medium/D/custom_jack_cole_medium_D_2.jpg,4,True,True,0.07302796700969338,"[1.0, 1.0, 2.0, 2.0]"
images/custom/jack_cole/medium/D/custom_jack_cole_medium_D_3.jpg,4,True,True,0.08314857399091125,"[1.0, 1.4142135623730951, 1.4142135623730951, 2.23606797749979]"
images/custom/jack_cole/medium/D/custom_jack_cole_medium_D_4.jpg,4,True,True,0.04308516997843981,"[1.4142135623730951, 1.4142135623730951, 1.4142135623730951, 2.23606797749979]"
images/custom/jack_cole/short/A/custom_jack_cole_short_A_0.jpg,4,True,True,0.0638135289773345,"[1.0, 2.23606797749979, 3.1622776601683795, 3.1622776601683795]"
images/custom/jack_cole/short/A/custom_jack_cole_short_A_1.jpg,4,True,True,0.06794922798871994,"[2.0, 2.23606797749979, 3.0, 3.0]"
images/custom/jack_cole/short/A/custom_jack_cole_short_A_2.jpg,5,False,False,0.07173285295721143,"[1.0, 1.0, 1.0, 1.4142135623730951, 504.9683158377365]"
images/custom/jack_cole/short/A/custom_jack_cole_short_A_3.jpg,4,True,True,0.07552894193213433,"[1.4142135623730951, 1.4142135623730951, 2.8284271247461903, 3.1622776601683795]"
images/custom/jack_cole/short/A/custom_jack_cole_short_A_4.jpg,4,True,True,0.035913928993977606,"[1.4142135623730951, 2.23606797749979, 2.23606797749979, 3.605551275463989]"
images/custom/jack_cole/short/B/custom_jack_cole_short_B_0.jpg,4,True,True,0.06698619807139039,"[1.0, 1.0, 2.0, 2.23606797749979]"
images/custom/jack_cole/short/B/custom_jack_cole_short_B_1.jpg,4,True,True,0.0736217190278694,"[0.0, 1.0, 1.0, 2.0]"
images/custom/jack_cole/short/B/custom_jack_cole_short_B_2.jpg,4,True,True,0.07922189100645483,"[1.0, 1.0, 1.4142135623730951, 2.0]"
images/custom/jack_cole/short/B/custom_jack_cole_short_B_3.jpg,4,True,True,0.06657366699073464,"[0.0, 1.0, 1.4142135623730951, 2.0]"
images/custom/jack_cole/short/B/custom_jack_cole_short_B_4.jpg,4,True,True,0.03889877302572131,"[0.0, 1.0, 1.4142135623730951, 2.8284271247461903]"
images/custom/jack_cole/short/C/custom_jack_cole_short_C_0.jpg,3,False,False,0.06547581602353603,"[1.0, 1.0, 2.23606797749979]"
images/custom/jack_cole/short/C/custom_jack_cole_short_C_1.jpg,3,False,False,0.060908068902790546,"[1.0, 1.4142135623730951, 3.0]"
images/custom/jack_cole/short/C/custom_jack_cole_short_C_2.jpg,3,False,False,0.06690588197670877,"[1.0, 1.0, 2.23606797749979]"
images/custom/jack_cole/short/C/custom_jack_cole_short_C_3.jpg,3,False,False,0.06898416695185006,"[2.0, 2.23606797749979, 3.1622776601683795]"
images/custom/jack_cole/short/C/custom_jack_cole_short_C_4.jpg,3,False,False,0.037083397968672216,"[1.0, 2.8284271247461903, 3.0]"
images/custom/jack_cole/short/D/custom_jack_cole_short_D_0.jpg,4,True,True,0.05867235001642257,"[0.0, 1.4142135623730951, 2.0, 2.23606797749979]"
images/custom/jack_cole/short/D/custom_jack_cole_short_D_1.jpg,4,True,True,0.06272339401766658,"[0.0, 1.4142135623730951, 2.0, 2.23606797749979]"
images/custom/jack_cole/short/D/custom_jack_cole_short_D_2.jpg,4,True,True,0.07968242501374334,"[1.0, 1.0, 1.0, 1.4142135623730951]"
images/custom/jack_cole/short/D/custom_jack_cole_short_D_3.jpg,4,True,True,0.0736760850995779,"[0.0, 2.23606797749979, 2.23606797749979, 3.1622776601683795]"
images/custom/jack_cole/short/D/custom_jack_cole_short_D_4.jpg,4,True,True,0.0411486909724772,"[2.0, 2.23606797749979, 2.8284271247461903, 2.8284271247461903]"
images/custom/john_honey/high/A/custom_john_honey_high_A_0.jpg,23,False,False,0.19666510995011777,"[0.0, 1.0, 2.23606797749979, 3.0, 146.696966567138, 158.4960567332828, 164.34719346554112, 176.13914953808538, 180.22485955050706, 181.02486017119307, 186.51005334833832, 189.76301009416983, 198.70832896484234, 200.21238722916223, 204.55317157159897, 216.8340379184043, 217.45114393812693, 239.0585702291386, 247.83260479605988, 255.76551761330143, 265.2413994835648, 273.60007309940545, 427.79083674150854]"
images/custom/john_honey/high/A/custom_john_honey_high_A_1.jpg,24,False,False,0.2037922659656033,"[1.4142135623730951, 1.4142135623730951, 1.4142135623730951, 2.23606797749979, 170.18813119603846, 172.29045243425418, 175.60182231400674, 182.58422713914803, 198.9572818471342, 207.63429389192913, 212.04952251773642, 214.17049283222934, 219.89315587348324, 222.64994947226015, 239.63513932643517, 244.65894629054543, 247.52373623553763, 256.56383221335, 259.40123361310367, 283.8045101826255, 284.07921430474283, 300.74075214376916, 309.2975913258944, 338.11980125393427]"
images/custom/john_honey/high/A/custom_john_honey_high_A_2.jpg,27,False,False,0.19664145295973867,"[0.0, 1.0, 1.4142135623730951, 1.4142135623730951, 233.25951213187426, 234.33736364481018, 238.6734170367534, 248.62019226120793, 263.86549603917524, 269.09106265351886, 270.55868125048215, 271.42770676554005, 276.7417568781408, 282.0655952079232, 288.2724405835563, 304.11346566701053, 304.2367499169027, 305.0147537415199, 306.7800515027012, 311.7322569128835, 315.0571376750573, 322.051238159396, 326.4506088216103, 344.2455518957362, 354.8534908944817, 368.1548587211637, 393.93527387122873]"
images/custom/john_honey/high/A/custom_john_honey_high_A_3.jpg,25,False,False,0.1899531700182706,"[0.0, 1.0, 2.23606797749979, 2.8284271247461903, 110.72488428533127, 113.29607230614837, 131.24404748406687, 142.68847185389575, 143.69411957348845, 149.60280746028798, 153.3883959105121, 156.31058825300352, 171.1286066091815, 178.04493814764857, 182.43903091169938, 184.0244548966251, 191.48106956041372, 192.62658175859323, 194.67151820438448, 214.72307747422028, 220.51077071199947, 250.28184113115358, 280.0803456153252, 280.9199174141983, 313.12138221462936]"
images/custom/john_honey/high/A/custom_john_honey_high_A_4.jpg,24,False,False,0.1798049999633804,"[0.0, 1.0, 1.4142135623730951, 1.4142135623730951, 238.94769302087852, 281.0871750898643, 283.5912551543154, 284.27099746544667, 290.3687310989253, 291.20439557122074, 302.15393427853957, 315.29351404683223, 317.71842880135233, 318.06445887587, 318.190194694934, 321.45450689016633, 322.02484376209236, 329.874218453034, 330.84739684634064, 340.82400150224163, 342.31710445141357, 354.6223343220221, 356.4393356519451, 356.8094729684177]"
images/custom/john_honey/high/B/custom_john_honey_high_B_0.jpg,24,False,False,0.19296541798394173,"[1.0, 1.0, 2.0, 2.0, 146.27713423498562, 147.49237268414933, 153.07514494521962, 157.17824276915684, 168.32409215557945, 181.22361876973983, 183.99184764548673, 185.53975315279473, 192.92485583770693, 196.65706191235543, 209.02152999152983, 213.84573879317773, 214.3105223734943, 218.0022935659164, 219.80445855350615, 228.60008748904713, 235.47823678633233, 253.24296633865274, 259.0463279029448, 279.76061195243335]"
images/custom/john_honey/high/B/custom_john_honey_high_B_1.jpg,25,False,False,0.18174023600295186,"[0.0, 1.4142135623730951, 1.4142135623730951, 2.0, 141.0319112825179, 159.26079241294764, 169.5464538113375, 181.7470770053813, 182.43903091169938, 199.6922632452244, 207.62466134830902, 210.67985190805504, 222.48145990171855, 240.46829312822095, 247.7458375028731, 256.62813563598206, 272.15436796053814, 276.0163038662753, 304.5734722525913, 306.2025473440742, 306.68713699795103, 337.37960815674677, 365.5680511204446, 369.86754385860894, 388.711975632344]"
images/custom/john_honey/high/B/custom_john_honey_high_B_2.jpg,21,False,False,0.19348261202685535,"[1.0, 2.0, 2.0, 2.23606797749979, 270.83020511013905, 276.8176294963888, 283.53483031190365, 305.26709616334347, 309.0453041222274, 326.0552100488505, 327.37745799000885, 327.70260908329675, 334.145178028952, 334.463749904231, 335.8407360639861, 362.1988404178014, 362.7947077894053, 365.301245549478, 366.1174674882366, 366.6619696668854, 401.2542834662329]"
images/custom/john_honey/high/B/custom_john_honey_high_B_3.jpg,23,False,False,0.20030622894410044,"[0.0, 1.4142135623730951, 2.0, 3.0, 163.37074401495514, 166.04818577750254, 169.64079697997178, 176.26400653565094, 182.02472359545007, 191.9088325221119, 199.12307751739877, 201.00995000248122, 201.10196418732463, 204.78281177872327, 209.34660255184463, 216.33538776631067, 222.27235545609355, 232.57256931977167, 235.76683396949622, 240.77582935170216, 253.40284134160768, 277.3157045679166, 285.3944638566067]"
images/custom/john_honey/high/B/custom_john_honey_high_B_4.jpg,19,False,False,0.16281268291641027,"[0.0, 1.0, 1.0, 1.4142135623730951, 166.14752480852673, 168.68906307167634, 170.51099671282202, 179.20379460268134, 195.68597292601225, 202.2992832414391, 202.5487595617411, 207.3957569479183, 210.05237442123808, 219.69296757065302, 222.28135324403618, 235.8156059297179, 238.47222060441337, 252.46385879963097, 257.41989045137905]"
images/custom/john_honey/high/C/custom_john_honey_high_C_0.jpg,21,False,False,0.18231312895659357,"[1.0, 1.4142135623730951, 2.0, 2.23606797749979, 118.01694793545543, 122.80065146407001, 123.01625908797584, 137.20058308913997, 138.13399291991817, 154.30165261590687, 160.0312469488381, 162.5423021862309, 162.92636373527768, 177.67385851610248, 178.73443988218946, 198.71587757398754, 199.12307751739877, 206.0218435020908, 223.48601745970598, 243.02263269086689, 252.07141845120006]"
images/custom/john_honey/high/C/custom_john_honey_high_C_1.jpg,27,False,False,0.1824726191116497,"[1.0, 1.0, 1.0, 2.23606797749979, 232.66499521844707, 264.76404589747455, 266.83515510516975, 269.45314991664134, 288.00173610587836, 290.11894112587686, 291.35888522576414, 296.86360504447157, 297.1548417912789, 297.21541009846715, 306.64800667866734, 324.4456811239749, 325.55491088294156, 328.46917663610384, 329.19295253695816, 329.78932669205653, 335.3043393694749, 337.7706322343611, 350.2284968417048, 355.735857062512, 362.6789213615812, 367.78934187928826, 368.7817782917155]"
images/custom/john_honey/high/C/custom_john_honey_high_C_2.jpg,22,False,False,0.19865146605297923,"[0.0, 0.0, 1.0, 2.0, 107.11675872616759, 111.40017953306898, 115.52056094046635, 126.77933585565118, 143.68368035375485, 144.68241081762497, 149.21461054467824, 151.48927354766738, 155.24174696260025, 166.86821147240718, 179.4017837146554, 188.7882411592417, 198.63534428696218, 205.9732992404598, 213.84573879317773, 242.03305559365234, 252.40641830191245, 272.0073528417936]"
images/custom/john_honey/high/C/custom_john_honey_high_C_3.jpg,20,False,False,0.2025801830459386,"[0.0, 1.0, 1.0, 149.00335566691106, 153.05554547287727, 153.52524222420234, 165.4841382127, 183.43936327844142, 185.77943912069495, 186.07794065928394, 193.28993765843063, 205.29490982486632, 206.51876428063383, 223.27113561766106, 224.71537553091466, 234.3608329051593, 246.00203251192866, 247.14570601165622, 267.9253627411933, 289.6204412675321]"
images/custom/john_honey/high/C/custom_john_honey_high_C_4.jpg,24,False,False,0.17347226606216282,"[1.0, 1.4142135623730951, 1.4142135623730951, 186.07794065928394, 186.68690366493306, 191.0863679072895, 195.05896544378575, 209.3895890439637, 220.02045359466015, 222.4454989429995, 227.72132091659753, 229.2705825002414, 234.0939982143925, 242.39636960977776, 248.78102821557758, 261.0823624835657, 261.4670151281037, 266.7002062241422, 271.48664792214, 275.7752708275345, 285.0771825313278, 288.8200131569833, 301.7830346457534, 313.53628179207584]"
images/custom/john_honey/high/D/custom_john_honey_high_D_0.jpg,23,False,False,0.19764606398530304,"[0.0, 1.0, 1.0, 1.4142135623730951, 139.29106216839614, 143.37712509323097, 145.15164484083533, 154.94515158597252, 158.2940302096071, 175.13994404475525, 176.40011337864837, 177.89041570584965, 194.74342094150447, 197.73972792537162, 201.3156725145859, 211.0473880435387, 213.60009363293827, 215.6687274502263, 216.92625475031832, 218.78985351245154, 226.01991062736045, 239.7352706632881, 278.3522947633089]"
images/custom/john_honey/high/D/custom_john_honey_high_D_1.jpg,25,False,False,0.19417250098194927,"[1.0, 1.0, 2.0, 2.23606797749979, 101.1236866416568, 103.74005976477939, 109.9317970379817, 117.88977903109328, 128.80993750483694, 135.83077707206124, 138.6001443000692, 140.07141035914503, 142.08800090085018, 149.30840565755165, 153.52198539622916, 168.07438829280326, 174.38463235044537, 175.41379649275024, 178.2806775845324, 185.22418848519757, 191.84629264074925, 201.37527157027003, 203.19940944796076, 218.3437656540713, 246.56439321199645]"
images/custom/john_honey/high/D/custom_john_honey_high_D_2.jpg,29,False,False,0.1954619139432907,"[0.0, 1.0, 2.0, 2.23606797749979, 139.12943613772032, 140.24621207005913, 146.1642911247477, 151.16877984557524, 162.01234520862909, 167.80047675736802, 173.4877517290486, 176.50495743746123, 178.84350701101786, 185.62596801094398, 190.06577808748213, 190.24457942343588, 201.76471445721128, 207.03864373589778, 211.0213259365034, 216.40009242142204, 219.92044015961773, 228.52789764052878, 233.20591759215716, 237.49736840647307, 253.15805339747737, 272.5013761433142, 280.04463929880893, 296.5821977125397, 314.00636936215164]"
images/custom/john_honey/high/D/custom_john_honey_high_D_3.jpg,25,False,False,0.20044359494931996,"[0.0, 1.0, 1.4142135623730951, 2.23606797749979, 96.51942809610924, 101.39033484509261, 104.65180361560904, 117.66052864066182, 122.57650672131263, 133.19534526401438, 140.42791745233566, 140.73023839957068, 144.4506836259351, 155.9134375222354, 161.64467204334326, 168.40427548016706, 178.22738285684386, 185.39687160251654, 187.17104476921637, 203.82345301755635, 206.4654934849889, 211.69081227110448, 228.40534144367115, 232.80034364235806, 299.7865907608277]"
images/custom/john_honey/high/D/custom_john_honey_high_D_4.jpg,26,False,False,0.17827458796091378,"[1.0, 1.0, 2.0, 2.23606797749979, 161.15210206509875, 162.60688792299052, 170.84788555905513, 185.84133017173548, 195.4328529188478, 198.33809518093088, 200.09247861926244, 206.11889772653063, 207.56203891848818, 209.57099035887578, 221.41589825484527, 224.72205054244233, 229.53866776645717, 235.05318547086316, 245.0652974209119, 252.23005372080465, 256.2225595063791, 258.4143958838207, 267.30132809247317, 288.47530223573733, 311.8413057951111, 336.02976058676705]"
images/custom/john_honey/medium/A/custom_john_honey_medium_A_0.jpg,28,False,False,0.19053191400598735,"[0.0, 1.0, 1.0, 1.0, 181.41664752717708, 183.35757415498276, 188.09572031282372, 192.87560758167425, 202.38824076511955, 222.94618184665106, 222.9910312097776, 225.06221362103412, 227.9758759167294, 233.54871012274933, 234.00213674238105, 239.57671005337727, 249.07227866625382, 256.8988127648705, 260.731662825979, 265.41476974727686, 267.9346935355703, 269.2452413692766, 279.69268849936, 290.4961273407961, 293.0801938036755, 305.3784537258646, 309.5109044928789, 332.46954747766]"
images/custom/john_honey/medium/A/custom_john_honey_medium_A_1.jpg,26,False,False,0.18980364897288382,"[0.0, 1.0, 1.0, 1.4142135623730951, 195.57607215607945, 197.44872752185566, 201.71762441591463, 207.0869382650678, 215.18828964420902, 223.37636401374252, 234.72963170422264, 238.20999139414786, 243.18717071424635, 244.78970566590417, 248.50955716028307, 253.38705570727168, 262.6118809193522, 269.8629281690985, 281.15476165272395, 281.6895454219059, 287.020905161976, 290.9467305195231, 298.24151287169934, 313.4405844813336, 334.43235489408016, 360.2721193764513]"
images/custom/john_honey/medium/A/custom_john_honey_medium_A_2.jpg,27,False,False,0.1879379180027172,"[0.0, 0.0, 1.0, 1.4142135623730951, 128.03515142334936, 130.60245020672468, 144.30869689661813, 166.50825805346713, 167.28717822953436, 168.62087652482418, 175.04570831642803, 177.88198334851114, 191.65855055279948, 198.03282556182447, 208.92582415776178, 214.85343841791317, 216.453228204155, 219.0091322296858, 228.12715752404404, 229.95651762887695, 241.75400720567177, 264.4617174564213, 271.3300573102803, 303.9605237526742, 308.22881111278355, 338.1419820134731, 338.6812660895196]"
images/custom/john_honey/medium/A/custom_john_honey_medium_A_3.jpg,25,False,False,0.19365175999701023,"[1.0, 1.0, 1.4142135623730951, 1.4142135623730951, 137.2953021774598, 141.40014144264495, 152.7776161615307, 175.30829986055994, 176.58992043715293, 178.0, 184.0108692441835, 188.66107176627614, 199.46177578674065, 203.22647465327935, 219.49259668608414, 220.77137495608437, 228.0350850198276, 233.21449354617735, 242.33035303073365, 247.3236745643247, 262.08395601409865, 266.8501452126268, 276.26798583983634, 307.23443817384793, 340.7359681630338]"
images/custom/john_honey/medium/A/custom_john_honey_medium_A_4.jpg,23,False,False,0.1871342979138717,"[1.0, 1.0, 1.4142135623730951, 1.4142135623730951, 130.09611831257686, 133.4053971921676, 146.75830470538966, 169.95587662684687, 170.48753620133056, 180.6931099959265, 193.3959668659096, 199.42417105255822, 213.59073013593076, 215.96759016111653, 221.0, 230.21728866442677, 242.53865671269807, 264.4919658515169, 271.8308297452664, 304.2367499169027, 338.2366035780279, 371.0862433451286, 372.90749523172633]"
images/custom/john_honey/medium/B/custom_john_honey_medium_B_0.jpg,27,False,False,0.1896509330254048,"[1.0, 1.0, 1.0, 1.4142135623730951, 180.94197965093673, 181.2181006411887, 189.25115587493778, 190.04210059878838, 205.10485123467947, 206.32013958894075, 222.40728405337808, 225.85393509965684, 226.497240601293, 227.50164834567684, 228.11619846034608, 235.80076335754302, 237.30360300678117, 251.7339865810733, 252.79438284898657, 265.5899094468764, 266.5520587052368, 270.4533231446787, 273.40263349134, 274.16965550549173, 286.29530209208815, 299.34762400927787, 326.8088126106761]"
images/custom/john_honey/medium/B/custom_john_honey_medium_B_1.jpg,26,False,False,0.2130615800851956,"[1.0, 1.0, 2.23606797749979, 2.23606797749979, 305.4995908344232, 306.2041802457961, 341.11874765248535, 344.2455518957362, 369.43199644860215, 370.1297069947237, 372.1142297736006, 374.09223461601016, 377.58442764499705, 383.15793088490284, 395.9217094325594, 405.87929240107826, 411.0048661512416, 412.24871133819204, 413.6145548696274, 420.0059523387734, 429.01048938225273, 442.3867086610989, 453.8777368411013, 458.68616722111864, 474.026370574465, 502.04581464244876]"
images/custom/john_honey/medium/B/custom_john_honey_medium_B_2.jpg,27,False,False,0.17987312201876193,"[0.0, 1.4142135623730951, 2.23606797749979, 2.23606797749979, 303.4419219554213, 304.809776746088, 306.7784216661922, 311.44823004794875, 314.1926160812822, 324.69370181757455, 327.11618730964693, 340.83720454199243, 344.19325966671687, 345.7585862997476, 346.13581149600805, 349.72131762304684, 351.4000569151917, 358.10194079340033, 361.01246515875323, 364.1387098345904, 371.22769293251815, 374.638492416356, 387.713811979919, 390.69169430639295, 410.9939172299269, 417.306841544684, 433.84905209070126]"
images/custom/john_honey/medium/B/custom_john_honey_medium_B_3.jpg,25,False,False,0.1885497160255909,"[0.0, 1.0, 2.0, 2.8284271247461903, 221.37072977247917, 222.89459392277777, 242.44174558025273, 250.7369139157615, 266.9475603934226, 282.68179990936807, 294.5929394944828, 306.2025473440742, 316.4253466459348, 323.9567872417554, 351.4498541755282, 357.49405589464004, 361.0664758739033, 387.40805360756247, 391.0626548265636, 424.062495394252, 459.795606764571, 460.4562954287844, 489.71828636472213, 495.9516105428029, 532.634959423431]"
images/custom/john_honey/medium/B/custom_john_honey_medium_B_4.jpg,25,False,False,0.19677170692011714,"[1.0, 1.0, 1.4142135623730951, 2.23606797749979, 221.37072977247917, 222.89459392277777, 242.72000329597887, 266.9475603934226, 283.30195904723286, 294.5929394944828, 317.0993535155819, 325.3459696999488, 352.1647341799005, 357.49405589464004, 361.56603822815, 388.1546083714581, 391.0626548265636, 391.9004975755964, 424.062495394252, 425.7158676864183, 460.5225293077419, 461.24722221385787, 495.9516105428029, 525.3808142671371, 532.634959423431]"
images/custom/john_honey/medium/C/custom_john_honey_medium_C_0.jpg,24,False,False,0.1953597159590572,"[1.0, 1.4142135623730951, 1.4142135623730951, 197.34234213670416, 201.44478151592807, 202.20039564748632, 213.0539837693724, 213.52751579129094, 230.18470844085192, 230.38446128157167, 240.85265205099984, 240.9024698918631, 247.45504642257754, 253.50542400508908, 253.51331325987596, 259.02316498722655, 260.0192300580863, 277.5463925184401, 277.5626055505316, 283.0635970943632, 296.56196654325043, 299.6865028659115, 310.77483810630486, 373.20905669610966]"
images/custom/john_honey/medium/C/custom_john_honey_medium_C_1.jpg,27,False,False,0.19446323602460325,"[1.0, 1.4142135623730951, 1.4142135623730951, 1.4142135623730951, 195.43796969882797, 199.69977466186586, 200.21238722916223, 211.51832071950648, 211.53250341259616, 228.23890991677996, 229.0785891348207, 238.9518780005715, 239.00209204105306, 244.7549795203358, 245.45875417267155, 251.6445906432324, 252.41434190631878, 257.4975728040946, 258.02713035648014, 275.61023203067043, 276.21006498677775, 285.3646789636026, 298.52973051272465, 301.66372005927394, 309.2975913258944, 340.4115156689033, 371.24789561693143]"
images/custom/john_honey/medium/C/custom_john_honey_medium_C_2.jpg,23,False,False,0.1949223669944331,"[1.0, 1.4142135623730951, 3.0, 124.65151423067431, 129.0968628588627, 145.7840869230932, 168.12197952677099, 169.57889019568444, 198.58751219550538, 215.60380330597138, 218.04815981796315, 221.00226243185838, 231.62469643800938, 236.07837681583632, 242.53865671269807, 256.51705596314645, 265.2112365643658, 272.6554602424092, 300.1466308323317, 305.0131144721486, 336.60956611480907, 338.2927726097618, 405.4528332617741]"
images/custom/john_honey/medium/C/custom_john_honey_medium_C_3.jpg,22,False,False,0.20533990999683738,"[1.0, 1.4142135623730951, 2.0, 2.23606797749979, 163.11039206623224, 182.96447742663054, 194.4453650771856, 207.57649192526594, 208.153789300123, 224.96444163467257, 228.44911906155383, 264.76404589747455, 268.6428856307198, 301.4232904073605, 335.20292361493506, 338.803778019077, 346.5544690232691, 375.8683280086259, 377.76447689003265, 414.1074739726391, 443.4433447465414, 483.84501650838564]"
images/custom/john_honey/medium/C/custom_john_honey_medium_C_4.jpg,26,False,False,0.18055402406025678,"[1.0, 1.0, 1.0, 137.56816492197603, 143.05593311708537, 158.90248582070703, 181.60396471443016, 182.7785545407338, 190.02368273454758, 206.11889772653063, 211.80415482232638, 223.0807028857494, 225.39964507514205, 229.05457864884517, 243.21389762922678, 255.37815098398687, 269.92035862453946, 277.5463925184401, 285.70089254323307, 311.8541325684173, 317.4161306550126, 347.8807266866045, 350.13711599886125, 385.42573863197043, 416.8896736547932, 420.1737735746961]"
images/custom/john_honey/medium/D/custom_john_honey_medium_D_0.jpg,28,False,False,0.18794511200394481,"[0.0, 1.0, 1.4142135623730951, 2.23606797749979, 247.95160818191923, 250.08198655640913, 251.47763320025103, 258.0949437706985, 262.0019083899963, 277.18585822512665, 290.84875794818174, 294.462221685567, 296.2735222729159, 296.3545174280291, 305.0, 307.8473647767673, 317.49803148996057, 319.15200140371985, 322.8327740487325, 323.154761685481, 327.365239449762, 343.14574163174456, 345.30131769224397, 349.0057306119772, 357.76249104678374, 358.50383540486706, 362.7905731961623, 375.50632484686594]"
images/custom/john_honey/medium/D/custom_john_honey_medium_D_1.jpg,29,False,False,0.19931740895844996,"[0.0, 1.0, 1.4142135623730951, 1.4142135623730951, 150.86417732516887, 153.18289721767243, 158.00316452527144, 166.24379687675568, 173.9798838946618, 186.46179233290664, 192.77188591700815, 194.48650338776724, 198.33809518093088, 204.08821622033938, 211.98348992315417, 212.24985276791125, 221.41589825484527, 231.63117234085743, 237.95167576632025, 242.6375898330677, 242.90327292978165, 248.0020161208372, 248.03225596683993, 257.26251184344756, 263.751777245197, 284.4802277839358, 285.5240795449659, 308.8899480397509, 336.7565886512096]"
images/custom/john_honey/medium/D/custom_john_honey_medium_D_2.jpg,27,False,False,0.20379850803874433,"[0.0, 1.4142135623730951, 1.4142135623730951, 1.4142135623730951, 141.05672617780408, 164.1584600317632, 172.23530416264836, 187.2591786802452, 193.27959023135372, 208.58571379651102, 209.65924735150605, 216.453228204155, 226.2056586383285, 230.25420734483876, 236.13555429032706, 259.8557292037257, 266.9082239272518, 290.27056344038743, 292.76953393411685, 299.4010688023675, 299.4077487307234, 332.75817044814994, 336.57391461609143, 345.83377510011945, 358.235955761004, 389.9358921669048, 402.15046935195784]"
images/custom/john_honey/medium/D/custom_john_honey_medium_D_3.jpg,27,False,False,0.20933656895067543,"[0.0, 1.0, 1.4142135623730951, 2.23606797749979, 236.23928547132036, 237.49105246303492, 241.54916683772686, 246.0081299469593, 252.01785651020842, 260.2152954766495, 278.1726082848561, 278.8207309365643, 279.89283663573815, 281.81021982887705, 286.4716390849188, 299.1070042643602, 302.3524433504714, 315.22848856028224, 322.4422428901027, 323.66031576330147, 325.1538097577822, 330.32408328791286, 341.9970760108922, 348.3733629312092, 357.89663312191135, 378.1071276768001, 400.7804885470349]"
images/custom/john_honey/medium/D/custom_john_honey_medium_D_4.jpg,24,False,False,0.17967281304299831,"[1.0, 1.4142135623730951, 2.23606797749979, 2.23606797749979, 187.40864441108366, 188.2153022471871, 197.0913493789111, 213.2650932525058, 229.31419493786248, 233.28308982864576, 233.3109513074772, 234.38643305447522, 243.00205760445732, 259.50915205441214, 260.5379051117131, 272.32517327636094, 280.9216972752372, 288.0433995077825, 288.87713651308576, 305.85290582239037, 333.17412864746865, 363.23546082396746, 394.14971774694953, 399.8249617019928]"
images/custom/john_honey/short/A/custom_john_honey_short_A_0.jpg,28,False,False,0.21122882200870663,"[0.0, 1.0, 1.4142135623730951, 2.0, 262.36615635405417, 262.6670896781704, 270.4163456597992, 270.7397274136177, 283.8045101826255, 285.84786163272236, 306.13885738337757, 306.9609095634166, 310.2208890452092, 312.6227758817326, 314.03343771006297, 324.2606975876047, 337.5574025258519, 339.3287491504367, 358.91224554199874, 359.0891254271006, 359.94027282314494, 360.46913876225244, 383.9010289124008, 386.50485119853283, 389.9358921669048, 396.7177838211945, 410.01951173084433, 433.9700450491946]"
images/custom/john_honey/short/A/custom_john_honey_short_A_1.jpg,30,False,False,0.20434351603034884,"[1.4142135623730951, 2.0, 2.0, 2.23606797749979, 273.5141678231678, 314.14805426741066, 332.03915431767985, 345.71953951143695, 361.00554012369395, 369.82157860243905, 379.8697145074874, 389.0115679513914, 389.89357522277794, 390.7083311115851, 393.02926099719343, 395.47945585074325, 407.0012284993744, 409.1869988159448, 436.3312961500699, 437.7864776349311, 439.61460394304464, 444.08332551448046, 446.6855717392269, 454.63391866423694, 486.5562660165831, 487.2832851637741, 491.6787569134953, 492.8823389004723, 493.98481758045966, 504.67018933160693]"
images/custom/john_honey/short/A/custom_john_honey_short_A_2.jpg,28,False,False,0.19598183396738023,"[1.0, 1.0, 1.4142135623730951, 2.23606797749979, 181.91481522954638, 182.0604295282201, 192.00260414900626, 193.4140636044856, 211.62466774929618, 214.80456233516085, 227.771815640127, 232.64780248263682, 238.4386713601634, 245.13057744802055, 246.47920804806233, 264.95471311150516, 267.37239947309445, 277.39682766751315, 278.61442891566116, 282.5668062600418, 290.6217472936256, 293.9557789872484, 296.04222671774374, 304.08551428833306, 314.6823795511913, 321.6364407215078, 326.71853329739344, 354.039545813741]"
images/custom/john_honey/short/A/custom_john_honey_short_A_3.jpg,31,False,False,0.2051438100170344,"[1.0, 1.4142135623730951, 2.0, 2.0, 143.024473430249, 149.164338901763, 151.02979838429235, 168.88161534045085, 192.3018460649819, 192.85486771144772, 197.48924021323288, 203.0, 203.83571816538927, 222.20036003571192, 223.1815404552984, 230.8679276123039, 239.92707225321615, 242.5963726027246, 247.42675683927152, 249.30302846134862, 253.03161857759991, 262.497619036821, 267.8544380815819, 271.9577173017894, 280.43180989324304, 307.14817271147814, 315.08728949292765, 325.38592471094995, 352.23003846918, 356.59080190044165, 391.90432505906335]"
images/custom/john_honey/short/A/custom_john_honey_short_A_4.jpg,30,False,False,0.20583428989630193,"[0.0, 1.4142135623730951, 2.23606797749979, 2.23606797749979, 172.75416058665562, 178.80995498014084, 179.49373248110922, 194.61243536834948, 196.1555505204989, 218.8332698654389, 221.75887806353998, 221.84679398179276, 222.40728405337808, 231.21634890292685, 231.40008643040736, 248.20354550247666, 248.3646512690564, 253.03161857759991, 269.2582403567252, 271.84002648616706, 272.03860020225073, 273.48126078398866, 275.0890764825096, 282.3473038652928, 301.08636634693374, 302.79035651750866, 307.4345458792814, 332.8618331981004, 346.96541614403014, 362.49137920783716]"
images/custom/john_honey/short/B/custom_john_honey_short_B_0.jpg,31,False,False,0.2236376010114327,"[1.0, 1.0, 2.0, 2.23606797749979, 262.9239433752658, 263.8560213449752, 268.9107658685312, 273.4264069178396, 283.21370023358685, 289.917229567337, 302.8530997034701, 310.517310306527, 312.488399784696, 315.67388235329196, 321.97204847626136, 326.01380338875225, 327.6858251435359, 336.48179742743883, 342.95334959728854, 356.2611401766968, 356.384623686264, 361.809342057388, 363.2079294288603, 370.00540536592166, 380.48915884687176, 383.98567681620625, 386.29134082969034, 406.1625290447163, 407.191601092164, 428.08527187933015, 440.12384620695116]"
images/custom/john_honey/short/B/custom_john_honey_short_B_1.jpg,28,False,False,0.22872847295366228,"[0.0, 2.0, 2.23606797749979, 3.0, 237.00843866833097, 238.30442715149042, 244.3460660620506, 266.4432397340942, 285.5748588373984, 287.1167010119753, 290.20337696174386, 290.93126335957777, 297.2490538252393, 319.23189063751136, 320.89406351629503, 334.61171527607934, 334.970147923662, 341.6460156360674, 343.92586410446074, 350.70785562915466, 353.02266216207704, 370.06080581439585, 371.14013525890726, 385.0986886500654, 401.6876896296425, 418.1219917679528, 432.80711639251035, 446.23984582284896]"
images/custom/john_honey/short/B/custom_john_honey_short_B_2.jpg,30,False,False,0.20952658692840487,"[1.0, 1.0, 1.4142135623730951, 1.4142135623730951, 288.38342532122056, 318.92475601621146, 325.39975414864716, 330.71135450721977, 360.2846097184835, 363.2698721336522, 365.0342449688796, 401.05984590831326, 402.7319207611932, 403.18978161654843, 444.07206622349037, 446.68669109343296, 478.65749759091835, 481.3584942638906, 486.2766702197423, 487.3817805375987, 492.66723049133276, 505.2860575951013, 518.5643643753397, 528.4439421547, 545.4841885884503, 558.0725759253899, 559.3326380607518, 573.9494751282555, 595.638313072623, 608.1389643823195]"
images/custom/john_honey/short/B/custom_john_honey_short_B_3.jpg,32,False,False,0.22666768298950046,"[1.0, 1.0, 1.0, 2.0, 168.6801707374047, 172.3629890666787, 182.17573932881405, 186.6815470259447, 195.72429588581997, 210.24033866030564, 216.5386801474508, 218.68927728629038, 223.00672635595546, 239.00209204105306, 240.75090861718465, 249.28096598015662, 262.8402556687236, 264.70549673174526, 268.4660127464927, 268.5609800399157, 275.44327909753036, 275.7571395267945, 280.49242414011826, 291.30224853234483, 297.83384629689084, 299.1070042643602, 305.5110472634337, 321.43584118763107, 322.6716597409819, 323.31099579197735, 350.59520818174343, 350.6479716182599]"
images/custom/john_honey/short/B/custom_john_honey_short_B_4.jpg,28,False,False,0.2020813439739868,"[1.0, 1.0, 1.0, 1.4142135623730951, 170.20575783445165, 173.4156855650607, 178.10109488714548, 188.80942773071476, 207.29930052945187, 212.46176126540982, 218.23381956058049, 220.04544985070697, 224.96444163467257, 241.12444919584576, 242.98559628093184, 265.04716561397146, 266.31184727683444, 276.0670208481991, 277.65446151646836, 282.0070921094007, 293.0614270080592, 299.81661061388843, 299.9766657591887, 305.56505035753025, 323.10988842807024, 323.6417772785213, 325.54108803651803, 352.8809997718778]"
images/custom/john_honey/short/C/custom_john_honey_short_C_0.jpg,28,False,False,0.21548594604246318,"[1.4142135623730951, 1.4142135623730951, 2.0, 168.6001186239203, 170.03823099526764, 179.30142219179413, 182.33211456021672, 200.80089641234176, 204.26698215815497, 219.69296757065302, 221.41589825484527, 233.02574965011914, 235.68835355188853, 242.98559628093184, 253.9389690457138, 266.5633133047382, 271.55294143131647, 274.69437562498433, 281.092511461974, 291.35888522576414, 306.3494736408078, 314.0780157858872, 316.6654385941099, 330.49205739321485, 333.253657144224, 351.1936787586018, 360.568994784632, 393.30013984233466]"
images/custom/john_honey/short/C/custom_john_honey_short_C_1.jpg,28,False,False,0.21719667699653655,"[0.0, 1.0, 2.23606797749979, 182.84966502567076, 191.26160095534075, 208.62646045025065, 232.54461937443318, 233.77339455121918, 234.64867355261143, 244.0327846827143, 261.9198350640898, 265.1980392084376, 280.5726287434325, 283.8045101826255, 285.1701246624548, 287.2525021649072, 299.0401310861136, 312.0833222073874, 316.1898164078027, 334.463749904231, 346.2036972650639, 372.4258315423354, 383.3027524033711, 399.4608866960569, 421.2030389254095, 425.3292842022519, 459.7934318800128, 460.4313195255075]"
images/custom/john_honey/short/C/custom_john_honey_short_C_2.jpg,28,False,False,0.22514229209627956,"[1.0, 1.4142135623730951, 2.23606797749979, 315.9952531289038, 320.9189928938454, 324.7799254880141, 332.0963715550051, 338.85099970340946, 359.0891254271006, 365.2683944717911, 366.824208579532, 372.13438432910226, 372.4902683292545, 376.43857400643736, 381.4302033137911, 391.0319680026174, 391.1521443121589, 403.1935019317648, 406.5095324835569, 409.7377209874629, 414.2475105537751, 414.66371917494786, 415.07710127155894, 420.8610221914118, 436.0103209787585, 448.7059170548122, 449.3072445443096, 452.7703612207849]"
images/custom/john_honey/short/C/custom_john_honey_short_C_3.jpg,27,False,False,0.2200994420563802,"[1.0, 1.4142135623730951, 2.0, 2.0, 159.13830462839547, 172.9392957080605, 211.94574777522666, 227.27076362788065, 227.63567382991621, 250.13996082193665, 254.26167623139747, 262.1011255221923, 262.37377917772193, 276.65321252427196, 278.6323742855449, 312.5699921617557, 325.1122882943676, 340.3307215048327, 355.22387307161665, 381.209915925596, 385.12984823303424, 423.0425510513097, 423.7924020083418, 424.27938908224144, 473.08033144488263, 505.75982442262057, 540.0268511842721]"
images/custom/john_honey/short/C/custom_john_honey_short_C_4.jpg,31,False,False,0.20044675108511,"[0.0, 1.4142135623730951, 1.4142135623730951, 1.4142135623730951, 372.5184559186296, 373.48360071092816, 375.7658845611187, 381.18237105091833, 385.33102652135346, 394.65554601449605, 399.1252936109161, 417.3787249010184, 420.60194959129706, 424.9470555257443, 427.6037885706814, 433.7787454451866, 437.7727721090018, 439.610054480104, 452.31957729021633, 470.83861353971383, 471.2472811592657, 471.89511546529064, 477.45994596405677, 478.99582461645736, 487.8626855991345, 490.02550954006466, 492.8823389004723, 503.1947932957971, 518.960499460219, 520.1326753819644, 542.299732620255]"
images/custom/john_honey/short/D/custom_john_honey_short_D_0.jpg,28,False,False,0.21201814408414066,"[0.0, 1.4142135623730951, 1.4142135623730951, 2.23606797749979, 191.65855055279948, 253.57050301641948, 259.40894356209077, 273.4684625327023, 300.3281538584087, 302.63013729633735, 302.7358584641073, 304.50779957170226, 311.64242329952447, 315.83065082414026, 320.6555784638714, 327.67361810191557, 347.71396290629457, 350.4083332342426, 351.52809276073515, 359.4495792180038, 362.72992708074145, 373.2693397534815, 377.4784762075846, 401.8556954927975, 420.57698462944927, 433.35205087780537, 447.532121752171, 467.5232614533741]"
images/custom/john_honey/short/D/custom_john_honey_short_D_1.jpg,29,False,False,0.22591527306940407,"[1.0, 1.0, 1.4142135623730951, 1.4142135623730951, 260.62233212063774, 281.6842203603177, 289.71192588500736, 298.60509037858014, 308.084404019418, 313.99681527047375, 335.9538658804211, 339.4775397577872, 339.6733725213091, 349.7570585420686, 361.46507438478756, 364.5490364820623, 383.6469731406726, 408.53396431630995, 409.70477175644413, 423.64725893129537, 436.5775990588615, 446.68669109343296, 457.93012567421243, 467.9529890918531, 485.6058072140406, 494.0789410610414, 531.672831730191, 534.2518132865812, 607.6026662219316]"
images/custom/john_honey/short/D/custom_john_honey_short_D_2.jpg,25,False,False,0.21476397500373423,"[1.0, 1.4142135623730951, 1.4142135623730951, 2.0, 284.0017605579233, 301.93542355940946, 323.85490578343877, 324.2344830520036, 325.3013987058771, 337.0534082308025, 356.384623686264, 367.21247255505904, 375.3571632458877, 387.73444520702566, 388.0012886576538, 419.66296000481145, 428.1413318052813, 436.90387958909224, 454.875807226544, 469.2941508265365, 503.7231382416337, 539.8008892174965, 545.4924380777427, 576.6125215428468, 616.0275967844298]"
images/custom/john_honey/short/D/custom_john_honey_short_D_3.jpg,24,False,False,0.20941829693038017,"[0.0, 1.4142135623730951, 1.4142135623730951, 2.0, 322.70419891907204, 358.1312608527773, 360.81019941237804, 370.2769233965303, 385.7680650339009, 400.4722212588534, 407.09949643791015, 412.378466945111, 441.2708918566916, 445.88002870727456, 483.5876342505048, 567.2124822321879, 569.2538976590323, 608.9072178911989, 611.6118049874447, 641.3774239868441, 682.4902929712628, 693.7492342338116, 724.1332750260825, 766.2199423142157]"
images/custom/john_honey/short/D/custom_john_honey_short_D_4.jpg,24,False,False,0.18932982999831438,"[0.0, 1.0, 1.0, 1.4142135623730951, 265.8589851782332, 290.1671931835162, 312.4387940061221, 316.46958779636316, 328.1524036175874, 339.03392160667346, 361.4000553403389, 362.28303852098844, 366.61696632861936, 366.9564006799718, 370.0283772901749, 392.4754769409167, 402.5046583581363, 421.3846224057067, 453.03531871146646, 466.56725131539184, 496.9104547099004, 521.9731793876003, 529.1370332909992, 563.2051136131489]"
images/custom/michaels/high/A/custom_michaels_high_A_0.jpg,7,False,False,0.17561850300990045,"[0.0, 1.0, 1.4142135623730951, 2.23606797749979, 216.78791479231492, 257.1575392633862, 357.61012289922667]"
images/custom/michaels/high/A/custom_michaels_high_A_1.jpg,8,False,False,0.1743756600189954,"[1.0, 1.0, 1.0, 1.4142135623730951, 201.80436070610565, 269.61639416029584, 284.9438541186667, 419.9738087071621]"
images/custom/michaels/high/A/custom_michaels_high_A_2.jpg,7,False,False,0.17939010495319963,"[1.0, 1.0, 1.4142135623730951, 1.4142135623730951, 162.24980739587951, 376.26054802490256, 422.24637357827004]"
images/custom/michaels/high/A/custom_michaels_high_A_3.jpg,6,False,False,0.16708635992836207,"[0.0, 1.0, 1.0, 1.0, 119.85407794480753, 341.5391632009424]"
images/custom/michaels/high/A/custom_michaels_high_A_4.jpg,6,False,False,0.13201242103241384,"[0.0, 1.4142135623730951, 1.4142135623730951, 2.0, 419.66296000481145, 475.14734556766706]"
images/custom/michaels/high/B/custom_michaels_high_B_0.jpg,6,False,False,0.17199768405407667,"[0.0, 1.0, 1.4142135623730951, 2.8284271247461903, 396.9811078628302, 476.5427577877981]"
images/custom/michaels/high/B/custom_michaels_high_B_1.jpg,5,False,False,0.16067780903540552,"[1.0, 1.0, 1.4142135623730951, 2.0, 428.88926309713094]"
images/custom/michaels/high/B/custom_michaels_high_B_2.jpg,5,False,False,0.15362732205539942,"[0.0, 1.0, 1.0, 1.4142135623730951, 551.4526271584895]"
images/custom/michaels/high/B/custom_michaels_high_B_3.jpg,7,False,False,0.16843083000276238,"[0.0, 1.0, 1.0, 2.23606797749979, 150.47923444781344, 192.09372712298546, 265.04716561397146]"
images/custom/michaels/high/B/custom_michaels_high_B_4.jpg,6,False,False,0.15190838498529047,"[0.0, 1.0, 1.0, 1.4142135623730951, 410.2157968679412, 513.3906894364175]"
images/custom/michaels/high/C/custom_michaels_high_C_0.jpg,5,False,False,0.1533099659718573,"[1.4142135623730951, 2.23606797749979, 3.1622776601683795, 440.83216761030496, 545.8800234483764]"
images/custom/michaels/high/C/custom_michaels_high_C_1.jpg,3,False,False,0.16057959804311395,"[0.0, 1.0, 2.23606797749979]"
images/custom/michaels/high/C/custom_michaels_high_C_2.jpg,4,True,False,0.1612902480410412,"[0.0, 1.0, 1.4142135623730951, 628.7328526488814]"
images/custom/michaels/high/C/custom_michaels_high_C_3.jpg,5,False,False,0.15702850499656051,"[0.0, 1.0, 1.0, 243.24884377936928, 499.0561090699121]"
images/custom/michaels/high/C/custom_michaels_high_C_4.jpg,4,True,True,0.13660194096155465,"[1.0, 1.0, 2.23606797749979, 2.23606797749979]"
images/custom/michaels/high/D/custom_michaels_high_D_0.jpg,6,False,False,0.1509379610652104,"[0.0, 0.0, 1.0, 1.4142135623730951, 441.4396901050018, 483.9256141185337]"
images/custom/michaels/high/D/custom_michaels_high_D_1.jpg,5,False,False,0.14503121504094452,"[1.0, 1.0, 1.4142135623730951, 2.23606797749979, 625.0127998689306]"
images/custom/michaels/high/D/custom_michaels_high_D_2.jpg,6,False,False,0.1613768059760332,"[1.0, 1.0, 1.0, 1.4142135623730951, 487.3243273221644, 534.0599217316349]"
images/custom/michaels/high/D/custom_michaels_high_D_3.jpg,7,False,False,0.1657253580633551,"[1.0, 1.0, 1.0, 1.4142135623730951, 208.40585404445815, 409.41421567893804, 422.4275085739564]"
images/custom/michaels/high/D/custom_michaels_high_D_4.jpg,5,False,False,0.15105338499415666,"[1.0, 1.0, 1.4142135623730951, 1.4142135623730951, 358.93314140658566]"
images/custom/michaels/medium/A/custom_michaels_medium_A_0.jpg,6,False,False,0.1878965978976339,"[0.0, 1.4142135623730951, 2.0, 2.23606797749979, 140.61649974309557, 190.70920271449933]"
images/custom/michaels/medium/A/custom_michaels_medium_A_1.jpg,6,False,False,0.18863594299182296,"[0.0, 0.0, 1.0, 2.0, 224.35685859808254, 257.25668115716644]"
images/custom/michaels/medium/A/custom_michaels_medium_A_2.jpg,4,True,True,0.11494754394516349,"[1.0, 1.4142135623730951, 1.4142135623730951, 3.0]"
images/custom/michaels/medium/A/custom_michaels_medium_A_3.jpg,7,False,False,0.20233869401272386,"[0.0, 1.0, 2.0, 2.23606797749979, 134.30189872075525, 179.06702655709677, 508.80251571705105]"
images/custom/michaels/medium/A/custom_michaels_medium_A_4.jpg,6,False,False,0.1964546019444242,"[0.0, 1.0, 1.4142135623730951, 2.23606797749979, 192.39802493788756, 231.3114783144148]"
images/custom/michaels/medium/B/custom_michaels_medium_B_0.jpg,5,False,False,0.1822832899633795,"[1.0, 1.0, 1.0, 1.4142135623730951, 591.6764318442978]"
images/custom/michaels/medium/B/custom_michaels_medium_B_1.jpg,7,False,False,0.19068791600875556,"[0.0, 0.0, 1.4142135623730951, 2.23606797749979, 263.12924580897504, 293.7890399589474, 456.195133687329]"
images/custom/michaels/medium/B/custom_michaels_medium_B_2.jpg,7,False,False,0.1979348750319332,"[0.0, 1.4142135623730951, 2.23606797749979, 2.23606797749979, 121.33424908079334, 162.9846618550347, 449.9444410146657]"
images/custom/michaels/medium/B/custom_michaels_medium_B_3.jpg,5,False,False,0.21686269890051335,"[0.0, 1.0, 1.4142135623730951, 2.23606797749979, 290.2912330746487]"
images/custom/michaels/medium/B/custom_michaels_medium_B_4.jpg,5,False,False,0.1691038260469213,"[1.0, 1.0, 1.4142135623730951, 2.0, 632.5345840347387]"
images/custom/michaels/medium/C/custom_michaels_medium_C_0.jpg,4,True,False,0.17296328907832503,"[1.0, 1.0, 2.0, 386.8074456367147]"
images/custom/michaels/medium/C/custom_michaels_medium_C_1.jpg,4,True,False,0.19706468505319208,"[1.0, 1.0, 1.4142135623730951, 459.6563934070753]"
images/custom/michaels/medium/C/custom_michaels_medium_C_2.jpg,4,True,False,0.18042896094266325,"[1.0, 1.4142135623730951, 2.23606797749979, 641.343901506828]"
images/custom/michaels/medium/C/custom_michaels_medium_C_3.jpg,5,False,False,0.19731406006030738,"[1.4142135623730951, 2.0, 2.0, 87.36131867136622, 133.8992158304148]"
images/custom/michaels/medium/C/custom_michaels_medium_C_4.jpg,4,True,False,0.16849933296907693,"[0.0, 0.0, 1.4142135623730951, 522.8278875500043]"
images/custom/michaels/medium/D/custom_michaels_medium_D_0.jpg,5,False,False,0.17894978902768344,"[0.0, 1.0, 1.0, 1.0, 556.138471965391]"
images/custom/michaels/medium/D/custom_michaels_medium_D_1.jpg,7,False,False,0.1823451309464872,"[0.0, 0.0, 1.4142135623730951, 2.23606797749979, 262.20793275566626, 306.6349621292393, 484.4068537913146]"
images/custom/michaels/medium/D/custom_michaels_medium_D_2.jpg,7,False,False,0.18479024793487042,"[0.0, 0.0, 1.0, 1.4142135623730951, 262.20793275566626, 307.0439707924583, 488.80671026490626]"
images/custom/michaels/medium/D/custom_michaels_medium_D_3.jpg,7,False,False,0.19363735197111964,"[1.0, 1.0, 1.4142135623730951, 1.4142135623730951, 233.92733914615454, 282.766688278517, 428.22424032275427]"
images/custom/michaels/medium/D/custom_michaels_medium_D_4.jpg,5,False,False,0.15271891793236136,"[0.0, 1.0, 1.4142135623730951, 2.23606797749979, 687.7281439638776]"
images/custom/michaels/short/A/custom_michaels_short_A_0.jpg,32,False,False,0.17844021099153906,"[1.0, 1.0, 1.0, 2.23606797749979, 271.8124353299532, 282.24280327406046, 292.5816125459698, 302.9075766632456, 304.2137406495637, 304.8442225137291, 310.69277429641005, 311.7130090323469, 311.9246703933499, 320.7553584899245, 321.27869521647403, 322.0636583037583, 333.73642294481436, 334.57136757349696, 338.0014792867037, 342.79439902075416, 343.70481521212355, 348.1063056021824, 351.0911562543266, 352.08237672453873, 356.45196029759745, 362.44171945293493, 362.8236486228537, 376.2352987161093, 377.58442764499705, 382.47222121351507, 390.06281545412656, 403.71400768365714]"
images/custom/michaels/short/A/custom_michaels_short_A_1.jpg,6,False,False,0.19038132100831717,"[0.0, 1.0, 1.0, 1.4142135623730951, 153.8083222715858, 207.32824216685964]"
images/custom/michaels/short/A/custom_michaels_short_A_2.jpg,6,False,False,0.18588354997336864,"[0.0, 1.4142135623730951, 1.4142135623730951, 2.0, 275.3343422096125, 323.24139586383427]"
images/custom/michaels/short/A/custom_michaels_short_A_3.jpg,7,False,False,0.17982876603491604,"[1.0, 2.23606797749979, 2.23606797749979, 2.23606797749979, 350.0, 376.5979288312669, 416.293165929973]"
images/custom/michaels/short/A/custom_michaels_short_A_4.jpg,5,False,False,0.17189180897548795,"[1.0, 2.23606797749979, 2.23606797749979, 2.23606797749979, 597.3784395171958]"
images/custom/michaels/short/B/custom_michaels_short_B_0.jpg,4,True,True,0.1708226720802486,"[1.0, 1.4142135623730951, 1.4142135623730951, 2.23606797749979]"
images/custom/michaels/short/B/custom_michaels_short_B_1.jpg,5,False,False,0.17399550194386393,"[1.0, 1.0, 2.23606797749979, 2.8284271247461903, 463.7423853822292]"
images/custom/michaels/short/B/custom_michaels_short_B_2.jpg,7,False,False,0.19320479303132743,"[0.0, 1.4142135623730951, 1.4142135623730951, 2.0, 324.8199501262199, 379.2255265669757, 475.94642555649057]"
images/custom/michaels/short/B/custom_michaels_short_B_3.jpg,13,False,False,0.20368357503321022,"[1.4142135623730951, 1.4142135623730951, 1.4142135623730951, 2.0, 203.48218595248088, 209.69740103301234, 238.89118861942146, 248.69660230891776, 270.09813031563175, 278.12587078515367, 290.077575831018, 314.2499005568657, 588.2176467941097]"
images/custom/michaels/short/B/custom_michaels_short_B_4.jpg,5,False,False,0.1669232629938051,"[1.4142135623730951, 2.0, 2.0, 2.23606797749979, 587.6087133458796]"
images/custom/michaels/short/C/custom_michaels_short_C_0.jpg,6,False,False,0.1705990789923817,"[0.0, 1.0, 2.0, 2.23606797749979, 293.33428030150174, 347.80023001717524]"
images/custom/michaels/short/C/custom_michaels_short_C_1.jpg,4,True,False,0.1836700129788369,"[1.0, 1.0, 1.0, 154.1557653803451]"
images/custom/michaels/short/C/custom_michaels_short_C_2.jpg,6,False,False,0.1920502409338951,"[0.0, 0.0, 1.0, 323.81785003300854, 345.7354479945613, 591.3214016082962]"
images/custom/michaels/short/C/custom_michaels_short_C_3.jpg,5,False,False,0.1725678009679541,"[1.4142135623730951, 1.4142135623730951, 2.23606797749979, 174.38463235044537, 513.0389848734694]"
images/custom/michaels/short/C/custom_michaels_short_C_4.jpg,4,True,False,0.16314586997032166,"[1.0, 1.4142135623730951, 2.8284271247461903, 696.0244248587833]"
images/custom/michaels/short/D/custom_michaels_short_D_0.jpg,9,False,False,0.18657122505828738,"[1.4142135623730951, 2.0, 2.0, 2.23606797749979, 194.0103090044444, 196.73586353280888, 203.9730374338726, 257.9457307264456, 636.6804536029043]"
images/custom/michaels/short/D/custom_michaels_short_D_1.jpg,7,False,False,0.17320617998484522,"[1.0, 1.0, 1.4142135623730951, 2.23606797749979, 218.38727069131113, 255.44079548889601, 438.7493589738907]"
images/custom/michaels/short/D/custom_michaels_short_D_2.jpg,7,False,False,0.18806474504526705,"[0.0, 2.0, 2.23606797749979, 2.23606797749979, 197.5854245636555, 251.2866888635369, 623.0]"
images/custom/michaels/short/D/custom_michaels_short_D_3.jpg,7,False,False,0.16907748498488218,"[1.4142135623730951, 1.4142135623730951, 1.4142135623730951, 3.0, 242.10121850168372, 297.0151511286924, 534.4791857500159]"
images/custom/michaels/short/D/custom_michaels_short_D_4.jpg,5,False,False,0.15330523601733148,"[0.0, 1.0, 2.0, 3.0, 497.84837049045365]"
images/dark/davids/high/A/dark_davids_high_A_0.jpg,11,False,False,0.1923638000153005,"[1.0, 1.0, 1.0, 2.23606797749979, 251.46172671005024, 253.2212471338059, 269.4160351575236, 269.4327374318125, 272.5233934912744, 285.4277491765648, 287.6421387766403]"
images/dark/davids/high/A/dark_davids_high_A_1.jpg,9,False,False,0.18644734506960958,"[1.0, 1.0, 2.23606797749979, 2.23606797749979, 240.24362634625712, 244.2396364229197, 259.12352266824405, 278.8207309365643, 299.0551788550066]"
images/dark/davids/high/A/dark_davids_high_A_2.jpg,15,False,False,0.16578369098715484,"[0.0, 1.0, 1.0, 1.0, 245.60537453402765, 261.444066675838, 265.7668150842012, 278.48518811599297, 280.47994580718245, 282.936388610585, 286.2516375499012, 296.438863848855, 298.44429966075745, 314.40101781005734, 315.08728949292765]"
images/dark/davids/high/A/dark_davids_high_A_3.jpg,11,False,False,0.16570275300182402,"[1.0, 2.0, 2.23606797749979, 2.23606797749979, 211.53959440256097, 249.15858403835898, 261.8110005328271, 271.53268679847736, 283.8626428398073, 295.6924077483221, 318.7287247801804]"
images/dark/davids/high/A/dark_davids_high_A_4.jpg,10,False,False,0.16070170502644032,"[1.0, 1.0, 1.0, 1.4142135623730951, 311.3727669530526, 324.77838598034816, 333.7813655673426, 340.7007484582328, 347.51978360950903, 356.52349151213025]"
images/dark/davids/high/B/dark_davids_high_B_0.jpg,8,False,False,0.20590318297035992,"[1.0, 1.0, 1.0, 1.4142135623730951, 190.3943276465977, 195.25624189766637, 223.60679774997897, 230.3670983452281]"
images/dark/davids/high/B/dark_davids_high_B_1.jpg,16,False,False,0.19522178801707923,"[1.0, 2.0, 2.0, 2.23606797749979, 143.68368035375485, 150.86417732516887, 153.4177303964571, 161.38463371709216, 174.54512310574592, 174.64249196572982, 190.06577808748213, 195.49424543960367, 206.72929158684795, 209.40152817016403, 217.63501556505102, 230.32585612562042]"
images/dark/davids/high/B/dark_davids_high_B_2.jpg,15,False,False,0.1928660849807784,"[1.0, 1.0, 1.4142135623730951, 2.23606797749979, 130.17296186228538, 140.0142849854971, 148.35430563350698, 152.31546211727817, 154.20765220960988, 162.8158468945821, 184.04347312523745, 184.83776670366908, 185.43192821086663, 186.90371852908652, 221.20578654275752]"
images/dark/davids/high/B/dark_davids_high_B_3.jpg,12,False,False,0.19045549491420388,"[1.0, 1.4142135623730951, 2.0, 2.23606797749979, 156.92354826475216, 254.9078264785136, 267.64155133312164, 276.5248632582611, 299.4678613808166, 321.40939625343873, 332.00150602068055, 343.9127796404199]"
images/dark/davids/high/B/dark_davids_high_B_4.jpg,4,True,True,0.18036947608925402,"[1.0, 1.4142135623730951, 1.4142135623730951, 1.4142135623730951]"
images/dark/davids/high/C/dark_davids_high_C_0.jpg,9,False,False,0.18676209496334195,"[0.0, 1.4142135623730951, 1.4142135623730951, 2.23606797749979, 148.94629904767692, 172.52536045462998, 173.62315513778685, 193.87109119205988, 208.08652046684813]"
images/dark/davids/high/C/dark_davids_high_C_1.jpg,10,False,False,0.2136201940011233,"[0.0, 0.0, 1.4142135623730951, 2.0, 160.22796260328596, 171.35343591536179, 185.33483212823216, 188.4728097100481, 195.0179478919825, 203.94361965994426]"
images/dark/davids/high/C/dark_davids_high_C_2.jpg,4,True,True,0.19912140793167055,"[0.0, 1.0, 1.0, 1.4142135623730951]"
images/dark/davids/high/C/dark_davids_high_C_3.jpg,11,False,False,0.1951024669688195,"[1.0, 1.0, 1.0, 2.0, 171.5488268686207, 171.56339936011994, 173.72679701186, 175.0028571195339, 196.02295783912658, 197.144616969371, 199.07787421006887]"
images/dark/davids/high/C/dark_davids_high_C_4.jpg,4,True,True,0.16982856206595898,"[0.0, 0.0, 1.0, 2.0]"
images/dark/davids/high/D/dark_davids_high_D_0.jpg,5,False,False,0.16482929803896695,"[0.0, 0.0, 1.4142135623730951, 2.0, 207.1183236703117]"
images/dark/davids/high/D/dark_davids_high_D_1.jpg,4,True,True,0.19551946595311165,"[0.0, 0.0, 1.0, 1.4142135623730951]"
images/dark/davids/high/D/dark_davids_high_D_2.jpg,4,True,True,0.20122691500000656,"[1.0, 1.0, 1.4142135623730951, 1.4142135623730951]"
images/dark/davids/high/D/dark_davids_high_D_3.jpg,4,True,True,0.19556979404296726,"[0.0, 0.0, 1.0, 1.0]"
images/dark/davids/high/D/dark_davids_high_D_4.jpg,4,True,True,0.17152523691765964,"[0.0, 1.0, 1.4142135623730951, 2.23606797749979]"
images/dark/davids/medium/A/dark_davids_medium_A_0.jpg,4,True,True,0.1941544460132718,"[0.0, 1.0, 1.4142135623730951, 2.23606797749979]"
images/dark/davids/medium/A/dark_davids_medium_A_1.jpg,4,True,True,0.21734215004835278,"[0.0, 1.0, 1.0, 1.0]"
images/dark/davids/medium/A/dark_davids_medium_A_2.jpg,5,False,False,0.24503739306237549,"[0.0, 1.0, 1.0, 2.0, 83.48652585896721]"
images/dark/davids/medium/A/dark_davids_medium_A_3.jpg,5,False,False,0.24666717706713825,"[1.0, 1.4142135623730951, 2.23606797749979, 2.23606797749979, 86.28441342444185]"
images/dark/davids/medium/A/dark_davids_medium_A_4.jpg,4,True,True,0.1735759179573506,"[0.0, 1.4142135623730951, 1.4142135623730951, 2.23606797749979]"
images/dark/davids/medium/B/dark_davids_medium_B_0.jpg,18,False,False,0.20654630195349455,"[1.0, 1.0, 1.4142135623730951, 2.0, 150.11995203836165, 161.20794025109308, 175.84083712266613, 177.04519197086375, 186.4242473499625, 194.11594473406868, 199.12307751739877, 203.35437049643167, 211.463944917331, 215.4738963308549, 222.62299971027252, 237.36048533822978, 615.4421175057813, 671.8720116212611]"
images/dark/davids/medium/B/dark_davids_medium_B_1.jpg,18,False,False,0.21238212089519948,"[1.0, 1.4142135623730951, 2.0, 2.23606797749979, 99.64436762808022, 119.4026800369238, 122.78843593759146, 140.29255147726127, 142.36923825040296, 147.08500943332058, 159.5399636454766, 162.2004932174992, 166.20770138594662, 179.60233851484227, 181.23189564753773, 198.80643852752857, 474.911570716065, 543.111406619305]"
images/dark/davids/medium/B/dark_davids_medium_B_2.jpg,18,False,False,0.17555752501357347,"[1.4142135623730951, 1.4142135623730951, 2.23606797749979, 2.23606797749979, 98.79271228182775, 119.03780911962384, 122.78843593759146, 139.43098651304163, 141.40014144264495, 147.08500943332058, 158.61904047118682, 161.40012391568973, 165.22106403240477, 178.73443988218946, 180.27756377319946, 197.89138435010253, 470.8046303935423, 539.971295533383]"
images/dark/davids/medium/B/dark_davids_medium_B_3.jpg,17,False,False,0.20369452598970383,"[1.0, 1.4142135623730951, 1.4142135623730951, 2.23606797749979, 97.94386147176351, 118.4736257569591, 122.0245876862528, 138.5712812959453, 140.4314779527724, 146.38647478507022, 157.69908052997647, 160.60199251565965, 164.23458831805192, 179.32372960654146, 196.9771560359221, 470.73665674132496, 539.1567490071881]"
images/dark/davids/medium/B/dark_davids_medium_B_4.jpg,6,False,False,0.18858092604205012,"[1.0, 1.0, 1.4142135623730951, 2.23606797749979, 520.2547452931112, 589.6007123469238]"
images/dark/davids/medium/C/dark_davids_medium_C_0.jpg,4,True,True,0.20043587998952717,"[0.0, 1.0, 1.0, 1.0]"
images/dark/davids/medium/C/dark_davids_medium_C_1.jpg,4,True,True,0.2041891060071066,"[0.0, 1.0, 2.0, 2.23606797749979]"
images/dark/davids/medium/C/dark_davids_medium_C_2.jpg,4,True,True,0.18754054699093103,"[0.0, 1.0, 1.0, 2.23606797749979]"
images/dark/davids/medium/C/dark_davids_medium_C_3.jpg,4,True,True,0.17382894805632532,"[0.0, 0.0, 1.4142135623730951, 1.4142135623730951]"
images/dark/davids/medium/C/dark_davids_medium_C_4.jpg,4,True,True,0.17961732507683337,"[0.0, 1.0, 1.4142135623730951, 2.23606797749979]"
images/dark/davids/medium/D/dark_davids_medium_D_0.jpg,5,False,False,0.1904507769504562,"[1.4142135623730951, 1.4142135623730951, 2.23606797749979, 2.23606797749979, 590.0]"
images/dark/davids/medium/D/dark_davids_medium_D_1.jpg,5,False,False,0.20162885601166636,"[1.0, 1.0, 1.4142135623730951, 2.0, 586.8466579950848]"
images/dark/davids/medium/D/dark_davids_medium_D_2.jpg,5,False,False,0.22443498892243952,"[1.0, 2.0, 2.23606797749979, 3.1622776601683795, 431.6132528085763]"
images/dark/davids/medium/D/dark_davids_medium_D_3.jpg,17,False,False,0.21947641298174858,"[1.0, 1.0, 1.4142135623730951, 3.605551275463989, 219.73848092675985, 235.84104816592043, 243.01851781294363, 252.60443384865596, 257.6703320136022, 267.43971283263073, 273.6293112954093, 274.3027524469997, 280.9199174141983, 291.27478435319455, 295.0423698386386, 309.43335308269536, 435.15744277215344]"
images/dark/davids/medium/D/dark_davids_medium_D_4.jpg,5,False,False,0.18838494597002864,"[1.0, 2.0, 2.23606797749979, 2.23606797749979, 733.6163847679521]"
images/dark/davids/short/A/dark_davids_short_A_0.jpg,4,True,True,0.20472056698054075,"[1.4142135623730951, 2.0, 2.23606797749979, 3.605551275463989]"
images/dark/davids/short/A/dark_davids_short_A_1.jpg,17,False,False,0.20203677797690034,"[1.0, 1.4142135623730951, 2.0, 2.0, 210.304541082688, 230.32585612562042, 234.61031520374377, 251.07170290576354, 251.93848455525804, 259.1466766138435, 271.93565415369864, 275.4360179787676, 285.8950856520622, 293.8383909566617, 300.22158483360255, 310.446452709642, 317.3089976663126]"
images/dark/davids/short/A/dark_davids_short_A_2.jpg,4,True,True,0.21513888204935938,"[1.0, 1.4142135623730951, 2.23606797749979, 3.1622776601683795]"
images/dark/davids/short/A/dark_davids_short_A_3.jpg,4,True,True,0.274480179999955,"[1.4142135623730951, 2.0, 3.1622776601683795, 4.0]"
images/dark/davids/short/A/dark_davids_short_A_4.jpg,4,True,True,0.18085983803030103,"[0.0, 1.0, 1.4142135623730951, 2.0]"
images/dark/davids/short/B/dark_davids_short_B_0.jpg,4,True,True,0.21069380396511406,"[1.4142135623730951, 1.4142135623730951, 2.0, 3.605551275463989]"
images/dark/davids/short/B/dark_davids_short_B_1.jpg,16,False,False,0.2077474829275161,"[1.0, 1.0, 1.4142135623730951, 1.4142135623730951, 216.390850083824, 230.62523712724936, 243.6000821017924, 248.82323042674292, 256.8443108188305, 267.67517628648346, 270.7027890510181, 272.72146963523056, 282.57742301889584, 290.0, 296.98484809834997, 312.8146416010606]"
images/dark/davids/short/B/dark_davids_short_B_2.jpg,4,True,True,0.19478339701890945,"[1.0, 1.0, 1.4142135623730951, 2.0]"
images/dark/davids/short/B/dark_davids_short_B_3.jpg,4,True,True,0.18478865502402186,"[1.0, 1.4142135623730951, 3.0, 3.0]"
images/dark/davids/short/B/dark_davids_short_B_4.jpg,4,True,True,0.179605633020401,"[0.0, 1.0, 1.0, 2.23606797749979]"
images/dark/davids/short/C/dark_davids_short_C_0.jpg,4,True,True,0.19828684790991247,"[1.0, 1.4142135623730951, 1.4142135623730951, 2.23606797749979]"
images/dark/davids/short/C/dark_davids_short_C_1.jpg,4,True,True,0.19705501606222242,"[1.0, 1.0, 1.4142135623730951, 2.23606797749979]"
images/dark/davids/short/C/dark_davids_short_C_2.jpg,4,True,True,0.19930345099419355,"[2.23606797749979, 2.23606797749979, 2.23606797749979, 3.1622776601683795]"
images/dark/davids/short/C/dark_davids_short_C_3.jpg,17,False,False,0.26799968897830695,"[0.0, 1.0, 1.4142135623730951, 2.0, 149.40214188558343, 160.41508657230466, 163.47782724271815, 177.55280904564702, 181.27603261324978, 189.42280749687984, 201.8142710513803, 204.65825172711703, 205.29490982486632, 215.14878572745886, 223.6604569431083, 229.89562849258357, 246.43457549621561]"
images/dark/davids/short/C/dark_davids_short_C_4.jpg,4,True,True,0.19432753208093345,"[1.0, 1.4142135623730951, 1.4142135623730951, 3.0]"
images/dark/davids/short/D/dark_davids_short_D_0.jpg,16,False,False,0.19494592200499028,"[0.0, 1.0, 1.4142135623730951, 1.4142135623730951, 180.0999722376436, 180.36074961032958, 185.52627846210896, 194.20865068271289, 209.99523804124703, 210.2189334955346, 214.66718426438635, 222.0923231451281, 238.8053600738476, 239.42639787625757, 242.78797334299736, 250.3197954617253]"
images/dark/davids/short/D/dark_davids_short_D_1.jpg,4,True,True,0.20463175501208752,"[1.0, 1.0, 3.0, 3.605551275463989]"
images/dark/davids/short/D/dark_davids_short_D_2.jpg,4,True,True,0.19474785798229277,"[1.0, 1.0, 2.0, 2.0]"
images/dark/davids/short/D/dark_davids_short_D_3.jpg,28,False,False,0.2106356699950993,"[1.0, 1.0, 1.0, 2.23606797749979, 228.01973598791838, 233.97649454592656, 240.13329631685815, 243.1810025474852, 255.55625603768732, 258.49564793241683, 260.34592372457075, 262.9619744373699, 269.6738771182704, 271.1844390815963, 280.43180989324304, 281.27744310555727, 282.0815484926301, 283.28254446753334, 287.4804341168282, 293.027302482209, 296.56871041969345, 302.00165562460086, 307.76127111772854, 309.19573088902763, 321.49805598168086, 343.20984834354624, 343.43267171310305, 365.0493117374692]"
images/dark/davids/short/D/dark_davids_short_D_4.jpg,4,True,True,0.18900359701365232,"[2.0, 2.23606797749979, 3.0, 3.1622776601683795]"
images/dark/jack_cole/high/A/dark_jack_cole_high_A_0.jpg,4,True,True,0.0887255409033969,"[0.0, 0.0, 1.4142135623730951, 2.0]"
images/dark/jack_cole/high/A/dark_jack_cole_high_A_1.jpg,4,True,True,0.08361494890414178,"[0.0, 1.0, 1.4142135623730951, 2.23606797749979]"
images/dark/jack_cole/high/A/dark_jack_cole_high_A_2.jpg,4,True,True,0.060946203069761395,"[0.0, 1.0, 1.0, 3.1622776601683795]"
images/dark/jack_cole/high/A/dark_jack_cole_high_A_3.jpg,4,True,True,0.0575595780974254,"[0.0, 1.0, 1.0, 1.0]"
images/dark/jack_cole/high/A/dark_jack_cole_high_A_4.jpg,4,True,True,0.07178909203503281,"[1.4142135623730951, 1.4142135623730951, 1.4142135623730951, 2.23606797749979]"
images/dark/jack_cole/high/B/dark_jack_cole_high_B_0.jpg,4,True,True,0.06177223694976419,"[1.0, 1.0, 1.0, 1.0]"
images/dark/jack_cole/high/B/dark_jack_cole_high_B_1.jpg,4,True,True,0.0756580630550161,"[1.0, 1.0, 2.0, 2.23606797749979]"
images/dark/jack_cole/high/B/dark_jack_cole_high_B_2.jpg,4,True,True,0.07964688597712666,"[1.0, 1.0, 2.0, 2.23606797749979]"
images/dark/jack_cole/high/B/dark_jack_cole_high_B_3.jpg,4,True,True,0.08309228403959423,"[1.0, 1.0, 1.0, 3.0]"
images/dark/jack_cole/high/B/dark_jack_cole_high_B_4.jpg,4,True,True,0.05265137006063014,"[1.0, 1.0, 1.0, 1.4142135623730951]"
images/dark/jack_cole/high/C/dark_jack_cole_high_C_0.jpg,4,True,True,0.08452252100687474,"[1.0, 1.4142135623730951, 2.0, 2.23606797749979]"
images/dark/jack_cole/high/C/dark_jack_cole_high_C_1.jpg,4,True,True,0.08432657097000629,"[1.0, 1.0, 1.4142135623730951, 1.4142135623730951]"
images/dark/jack_cole/high/C/dark_jack_cole_high_C_2.jpg,5,False,False,0.08623354299925268,"[0.0, 0.0, 1.4142135623730951, 2.23606797749979, 329.460164511584]"
images/dark/jack_cole/high/C/dark_jack_cole_high_C_3.jpg,4,True,True,0.10162378894165158,"[1.0, 1.0, 1.4142135623730951, 2.23606797749979]"
images/dark/jack_cole/high/C/dark_jack_cole_high_C_4.jpg,4,True,True,0.04461028997320682,"[1.0, 1.4142135623730951, 2.23606797749979, 2.23606797749979]"
images/dark/jack_cole/high/D/dark_jack_cole_high_D_0.jpg,4,True,True,0.05865494499448687,"[1.4142135623730951, 1.4142135623730951, 2.0, 2.23606797749979]"
images/dark/jack_cole/high/D/dark_jack_cole_high_D_1.jpg,4,True,True,0.06367029109969735,"[1.0, 1.0, 1.4142135623730951, 2.0]"
images/dark/jack_cole/high/D/dark_jack_cole_high_D_2.jpg,4,True,True,0.06606666301377118,"[1.0, 1.0, 1.4142135623730951, 3.0]"
images/dark/jack_cole/high/D/dark_jack_cole_high_D_3.jpg,4,True,True,0.07112210697960109,"[1.0, 1.0, 1.4142135623730951, 2.23606797749979]"
images/dark/jack_cole/high/D/dark_jack_cole_high_D_4.jpg,4,True,True,0.05032703804317862,"[1.4142135623730951, 1.4142135623730951, 2.0, 2.23606797749979]"
images/dark/jack_cole/medium/A/dark_jack_cole_medium_A_0.jpg,4,True,True,0.06095263594761491,"[1.0, 1.0, 1.0, 2.23606797749979]"
images/dark/jack_cole/medium/A/dark_jack_cole_medium_A_1.jpg,4,True,True,0.0572156299604103,"[1.0, 1.4142135623730951, 2.23606797749979, 2.8284271247461903]"
images/dark/jack_cole/medium/A/dark_jack_cole_medium_A_2.jpg,4,True,True,0.05534088204149157,"[1.0, 1.0, 1.4142135623730951, 3.0]"
images/dark/jack_cole/medium/A/dark_jack_cole_medium_A_3.jpg,4,True,True,0.061070644995197654,"[0.0, 0.0, 2.23606797749979, 2.23606797749979]"
images/dark/jack_cole/medium/A/dark_jack_cole_medium_A_4.jpg,4,True,True,0.04720789298880845,"[0.0, 1.0, 1.4142135623730951, 2.23606797749979]"
images/dark/jack_cole/medium/B/dark_jack_cole_medium_B_0.jpg,4,True,True,0.061922598048113286,"[1.4142135623730951, 1.4142135623730951, 2.23606797749979, 3.0]"
images/dark/jack_cole/medium/B/dark_jack_cole_medium_B_1.jpg,4,True,True,0.05936153593938798,"[1.0, 1.4142135623730951, 2.0, 2.23606797749979]"
images/dark/jack_cole/medium/B/dark_jack_cole_medium_B_2.jpg,4,True,True,0.06402595201507211,"[1.0, 2.0, 2.0, 2.23606797749979]"
images/dark/jack_cole/medium/B/dark_jack_cole_medium_B_3.jpg,4,True,True,0.060970581020228565,"[0.0, 2.23606797749979, 2.23606797749979, 2.8284271247461903]"
images/dark/jack_cole/medium/B/dark_jack_cole_medium_B_4.jpg,4,True,True,0.04915648605674505,"[1.0, 1.4142135623730951, 2.0, 2.0]"
images/dark/jack_cole/medium/C/dark_jack_cole_medium_C_0.jpg,4,True,True,0.08125938603188843,"[0.0, 1.0, 1.0, 1.4142135623730951]"
images/dark/jack_cole/medium/C/dark_jack_cole_medium_C_1.jpg,4,True,True,0.06452118302695453,"[1.0, 1.0, 1.4142135623730951, 1.4142135623730951]"
images/dark/jack_cole/medium/C/dark_jack_cole_medium_C_2.jpg,4,True,True,0.060469898977316916,"[1.0, 1.0, 2.23606797749979, 3.1622776601683795]"
images/dark/jack_cole/medium/C/dark_jack_cole_medium_C_3.jpg,5,False,False,0.08842954598367214,"[0.0, 2.0, 2.8284271247461903, 3.0, 298.1358750637031]"
images/dark/jack_cole/medium/C/dark_jack_cole_medium_C_4.jpg,4,True,True,0.04879810998681933,"[1.0, 2.0, 2.23606797749979, 3.0]"
images/dark/jack_cole/medium/D/dark_jack_cole_medium_D_0.jpg,4,True,True,0.08715346897952259,"[1.0, 2.0, 2.0, 3.1622776601683795]"
images/dark/jack_cole/medium/D/dark_jack_cole_medium_D_1.jpg,4,True,True,0.08347337401937693,"[0.0, 0.0, 0.0, 2.0]"
images/dark/jack_cole/medium/D/dark_jack_cole_medium_D_2.jpg,4,True,True,0.08227967703714967,"[1.0, 1.4142135623730951, 2.0, 2.0]"
images/dark/jack_cole/medium/D/dark_jack_cole_medium_D_3.jpg,4,True,True,0.08580220595467836,"[1.0, 1.0, 1.0, 1.4142135623730951]"
images/dark/jack_cole/medium/D/dark_jack_cole_medium_D_4.jpg,4,True,True,0.05118314002174884,"[0.0, 1.0, 1.4142135623730951, 2.0]"
images/dark/jack_cole/short/A/dark_jack_cole_short_A_0.jpg,4,True,True,0.064042012905702,"[0.0, 1.0, 1.4142135623730951, 2.0]"
images/dark/jack_cole/short/A/dark_jack_cole_short_A_1.jpg,4,True,True,0.0692245940444991,"[0.0, 1.0, 1.0, 2.23606797749979]"
images/dark/jack_cole/short/A/dark_jack_cole_short_A_2.jpg,4,True,True,0.06482598499860615,"[1.0, 1.4142135623730951, 3.605551275463989, 3.605551275463989]"
images/dark/jack_cole/short/A/dark_jack_cole_short_A_3.jpg,4,True,True,0.07097604405134916,"[0.0, 2.23606797749979, 2.23606797749979, 2.23606797749979]"
images/dark/jack_cole/short/A/dark_jack_cole_short_A_4.jpg,4,True,True,0.04583505797199905,"[1.4142135623730951, 2.23606797749979, 2.23606797749979, 2.23606797749979]"
images/dark/jack_cole/short/B/dark_jack_cole_short_B_0.jpg,4,True,True,0.07920284499414265,"[1.0, 1.4142135623730951, 2.23606797749979, 3.1622776601683795]"
images/dark/jack_cole/short/B/dark_jack_cole_short_B_1.jpg,4,True,True,0.08420279005076736,"[1.4142135623730951, 2.0, 2.23606797749979, 2.8284271247461903]"
images/dark/jack_cole/short/B/dark_jack_cole_short_B_2.jpg,4,True,True,0.07535699801519513,"[1.4142135623730951, 1.4142135623730951, 1.4142135623730951, 2.8284271247461903]"
images/dark/jack_cole/short/B/dark_jack_cole_short_B_3.jpg,4,True,True,0.08148532500490546,"[1.0, 1.0, 1.4142135623730951, 1.4142135623730951]"
images/dark/jack_cole/short/B/dark_jack_cole_short_B_4.jpg,4,True,True,0.047164389048703015,"[1.0, 1.4142135623730951, 2.23606797749979, 2.23606797749979]"
images/dark/jack_cole/short/C/dark_jack_cole_short_C_0.jpg,4,True,True,0.0836194270523265,"[1.4142135623730951, 2.0, 2.23606797749979, 2.23606797749979]"
images/dark/jack_cole/short/C/dark_jack_cole_short_C_1.jpg,4,True,True,0.07861752703320235,"[1.0, 2.23606797749979, 2.8284271247461903, 4.123105625617661]"
images/dark/jack_cole/short/C/dark_jack_cole_short_C_2.jpg,4,True,True,0.08341793692670763,"[1.0, 1.4142135623730951, 1.4142135623730951, 2.0]"
images/dark/jack_cole/short/C/dark_jack_cole_short_C_3.jpg,4,True,True,0.07712558202911168,"[1.0, 1.0, 1.0, 2.0]"
images/dark/jack_cole/short/C/dark_jack_cole_short_C_4.jpg,4,True,True,0.04863730794750154,"[1.0, 1.0, 2.23606797749979, 4.123105625617661]"
images/dark/jack_cole/short/D/dark_jack_cole_short_D_0.jpg,4,True,True,0.06883211201056838,"[1.0, 1.0, 2.8284271247461903, 3.1622776601683795]"
images/dark/jack_cole/short/D/dark_jack_cole_short_D_1.jpg,4,True,True,0.09414645400829613,"[1.0, 2.23606797749979, 2.8284271247461903, 3.0]"
images/dark/jack_cole/short/D/dark_jack_cole_short_D_2.jpg,4,True,True,0.09124527091626078,"[1.0, 2.0, 3.0, 3.1622776601683795]"
images/dark/jack_cole/short/D/dark_jack_cole_short_D_3.jpg,4,True,True,0.10362753900699317,"[1.0, 1.0, 2.0, 2.23606797749979]"
images/dark/jack_cole/short/D/dark_jack_cole_short_D_4.jpg,4,True,True,0.055300071951933205,"[2.23606797749979, 2.23606797749979, 2.23606797749979, 2.23606797749979]"
images/dark/john_honey/high/A/dark_john_honey_high_A_0.jpg,14,False,False,0.22660997102502733,"[1.0, 1.0, 1.0, 2.23606797749979, 185.80096878111266, 228.5475880424031, 230.25420734483876, 259.35689695861186, 267.329384841996, 281.6558183315232, 286.81875810344064, 290.7232360854564, 315.93986769637036, 316.9384798348096]"
images/dark/john_honey/high/A/dark_john_honey_high_A_1.jpg,16,False,False,0.22541047201957554,"[1.4142135623730951, 1.4142135623730951, 1.4142135623730951, 2.23606797749979, 169.95587662684687, 181.12150617748296, 215.61539833694624, 215.64090521049107, 231.78006816808042, 247.7357463104588, 267.54065111679756, 279.78027092702587, 285.6711395993652, 314.42805218364344, 315.67388235329196, 342.527371169079]"
images/dark/john_honey/high/A/dark_john_honey_high_A_2.jpg,14,False,False,0.23724486597348005,"[0.0, 1.0, 2.0, 2.8284271247461903, 248.16929705344293, 300.0933188193299, 328.8175786055241, 358.8035674293108, 366.001366117669, 398.19718733311015, 403.57527178953865, 420.7766628509713, 422.8001892147164, 431.52056729662377]"
images/dark/john_honey/high/A/dark_john_honey_high_A_3.jpg,12,False,False,0.22683632106054574,"[1.0, 2.23606797749979, 2.23606797749979, 2.8284271247461903, 164.21023110634732, 176.02556632489498, 202.40553352119602, 207.5475849052453, 221.41589825484527, 237.08437316702253, 261.0689564080724, 280.0589223717038]"
images/dark/john_honey/high/A/dark_john_honey_high_A_4.jpg,17,False,False,0.21987491706386209,"[0.0, 1.0, 1.0, 2.23606797749979, 195.757503049053, 230.41050323281706, 255.98828098176682, 256.632032295269, 261.8472837361503, 264.04734423962685, 264.09278672466615, 274.0, 276.5248632582611, 277.6346520159182, 291.88011237492697, 311.4883625434504, 334.17510380038783]"
images/dark/john_honey/high/B/dark_john_honey_high_B_0.jpg,21,False,False,0.22519265895243734,"[0.0, 1.0, 1.0, 1.0, 182.84966502567076, 185.64751546950473, 219.01826407859232, 222.9910312097776, 226.33824246026123, 233.36237914453991, 247.62067765031256, 248.4854120466632, 289.79475495598604, 308.3504499753487, 312.40518561637225, 315.0063491423625, 341.76014981270123, 342.7608495729931, 370.62379848034584, 576.3505877501991, 693.808330881087]"
images/dark/john_honey/high/B/dark_john_honey_high_B_1.jpg,16,False,False,0.22787424502894282,"[1.0, 1.0, 1.4142135623730951, 2.0, 203.42074623793906, 216.6679487141557, 226.38462845343543, 237.39418695494632, 253.06125740618614, 266.2930716334918, 273.64575640780544, 287.80027797067885, 293.027302482209, 296.73051747334654, 321.6364407215078, 322.56007192459515]"
images/dark/john_honey/high/B/dark_john_honey_high_B_2.jpg,16,False,False,0.2290928210131824,"[1.4142135623730951, 2.0, 2.0, 2.23606797749979, 300.1283058959951, 306.64800667866734, 420.21423107743504, 428.81347926575256, 433.9631320746038, 461.50406282068633, 484.0051652616943, 494.80198059425754, 528.9810960705496, 532.8883560371722, 562.5531086039788, 581.9862541332054]"
images/dark/john_honey/high/B/dark_john_honey_high_B_3.jpg,10,False,False,0.22836681199260056,"[1.0, 1.4142135623730951, 2.23606797749979, 2.23606797749979, 208.24024587000469, 216.7071757002984, 219.32852071721086, 227.437903613272, 236.2794955132586, 242.78591392418136]"
images/dark/john_honey/high/B/dark_john_honey_high_B_4.jpg,16,False,False,0.23459620506037027,"[1.4142135623730951, 1.4142135623730951, 2.0, 4.123105625617661, 189.5521036549054, 213.12203077110541, 221.41589825484527, 228.35498680782078, 244.468811916776, 248.3867951401604, 248.80916381837707, 249.0020080240318, 263.592488512097, 265.03584663211126, 285.40847920130193, 297.6743186773088]"
images/dark/john_honey/high/C/dark_john_honey_high_C_0.jpg,22,False,False,0.237619023071602,"[0.0, 1.0, 1.0, 1.4142135623730951, 152.16109883935513, 165.42067585401773, 184.97837711473198, 191.66898549321954, 203.85534086699815, 204.46271053666484, 206.92993983471797, 219.25555865245468, 221.35265979879256, 223.23082224459955, 223.61797781037194, 228.63289352147035, 242.80032948906802, 244.47699278255203, 276.8429157482633, 287.2368360778262, 310.0612842649014, 571.8505049398838]"
images/dark/john_honey/high/C/dark_john_honey_high_C_1.jpg,17,False,False,0.2438370529562235,"[0.0, 1.0, 1.4142135623730951, 2.0, 153.16004700965587, 192.66551326067673, 207.77150911518163, 220.4654167891191, 222.0495440211486, 224.1539649437413, 224.53952881397075, 229.63013739489858, 243.402958075698, 245.34873140083687, 277.74268667239465, 288.63991407980984, 571.8505049398838]"
images/dark/john_honey/high/C/dark_john_honey_high_C_2.jpg,14,False,False,0.24036032403819263,"[1.0, 1.4142135623730951, 3.1622776601683795, 3.605551275463989, 138.2208377922808, 176.41145087550296, 210.94312029549576, 223.55536227073597, 230.8679276123039, 300.9601302498389, 333.4936281250363, 334.1526597230673, 357.6548615634911, 371.33542788158525]"
images/dark/john_honey/high/C/dark_john_honey_high_C_3.jpg,16,False,False,0.2320322369923815,"[1.0, 1.0, 2.23606797749979, 2.23606797749979, 192.37463450257678, 198.2447981663075, 203.5018427434995, 219.8635940759634, 223.98660674245681, 224.1093483101497, 229.42754847663784, 231.94827009486403, 240.05416055548798, 240.39342753078753, 255.21951336055793, 255.22539058643832]"
images/dark/john_honey/high/C/dark_john_honey_high_C_4.jpg,14,False,False,0.2253245949978009,"[1.0, 1.0, 1.4142135623730951, 1.4142135623730951, 168.14577009250038, 197.3854097951518, 202.41047403728888, 205.19746587129188, 208.06249061279644, 210.20228352708256, 219.73848092675985, 223.4323163734378, 288.46663585239804, 587.3346575845835]"
images/dark/john_honey/high/D/dark_john_honey_high_D_0.jpg,16,False,False,0.22614732303190976,"[0.0, 0.0, 1.4142135623730951, 2.0, 181.61773041198373, 192.50974001333023, 193.49418595916518, 214.448128926321, 215.67104580819372, 223.61797781037194, 229.73027662891977, 234.36723320464404, 254.07282420597446, 269.386339668514, 274.9727259202265, 298.6452745315084]"
images/dark/john_honey/high/D/dark_john_honey_high_D_1.jpg,14,False,False,0.24260918993968517,"[0.0, 2.0, 2.23606797749979, 2.8284271247461903, 182.53766734567415, 189.16923639957952, 189.62067397834025, 218.1238180483736, 219.32852071721086, 222.64994947226015, 225.17770760001977, 247.24279564832622, 296.5889411289639, 326.3326523656497]"
images/dark/john_honey/high/D/dark_john_honey_high_D_2.jpg,16,False,False,0.2387519609183073,"[0.0, 2.23606797749979, 2.23606797749979, 2.23606797749979, 157.8670326572334, 181.79658962697843, 182.56231812726304, 190.07893097342483, 217.81643647805828, 218.51544567833184, 222.84748147555987, 233.23807579381202, 248.31633051412467, 299.2423766781704, 314.79675983084707, 328.6715685908959]"
images/dark/john_honey/high/D/dark_john_honey_high_D_3.jpg,16,False,False,0.22915637400001287,"[1.0, 2.0, 2.23606797749979, 3.1622776601683795, 201.06217943710845, 206.01456259206532, 209.1219739769114, 217.4971264177989, 222.05629916757596, 232.71012010653942, 235.68835355188853, 237.44683615495913, 244.98367292536048, 253.12645061312736, 259.5630944491146, 277.72108310317384]"
images/dark/john_honey/high/D/dark_john_honey_high_D_4.jpg,10,False,False,0.223772794008255,"[1.0, 1.0, 1.0, 2.23606797749979, 198.45654436173174, 198.64037857394453, 206.1674077054858, 244.69572942738498, 250.0, 257.68973592287296]"
images/dark/john_honey/medium/A/dark_john_honey_medium_A_0.jpg,26,False,False,0.1884709430160001,"[1.4142135623730951, 1.4142135623730951, 1.4142135623730951, 2.8284271247461903, 187.21645226849054, 207.36923590542548, 207.9663434308542, 216.1712284278368, 233.95084953895764, 246.07315985291854, 246.14832926509982, 251.44581921360316, 251.46172671005024, 264.35771220072246, 276.21006498677775, 280.5084668953862, 282.21445746098834, 294.3535289409658, 301.0398644698074, 304.3057672802144, 321.97204847626136, 326.2529693351464, 331.621772505968, 342.96501279285036, 353.4543817807328, 637.7272144106757]"
images/dark/john_honey/medium/A/dark_john_honey_medium_A_1.jpg,29,False,False,0.22469697706401348,"[1.0, 2.0, 2.0, 2.23606797749979, 173.72679701186, 189.4887859478761, 205.62344224333955, 207.4246851269154, 210.02142747824567, 216.9446934128604, 232.99785406737118, 236.4571842850202, 245.93088459971838, 246.20316813558676, 252.81020549020565, 254.13579047430528, 265.36390108679063, 278.54802099458544, 282.68179990936807, 289.4995682207488, 303.64617567161946, 304.97212987419033, 305.49140740780257, 306.6626811335217, 322.49030993194197, 328.5361471740971, 343.3496759864497, 356.0126402250347, 635.6138765005056]"
images/dark/john_honey/medium/A/dark_john_honey_medium_A_2.jpg,25,False,False,0.19519535696599633,"[0.0, 1.0, 2.0, 2.23606797749979, 144.55794685869054, 158.64425612041552, 178.89941307897016, 180.23595645708434, 182.0686683644388, 187.3846311734236, 202.19297712828703, 205.80087463370995, 219.79080963497995, 222.9910312097776, 223.27113561766106, 224.24317157942625, 235.23605165875404, 247.63077353188558, 272.5013761433142, 297.55335655979417, 299.66648127543397, 320.3513695928269, 325.41204648875555, 339.09438214160963, 356.2653505464712]"
images/dark/john_honey/medium/A/dark_john_honey_medium_A_3.jpg,26,False,False,0.1915117660537362,"[1.0, 1.4142135623730951, 1.4142135623730951, 3.0, 142.86357128393507, 145.8800877433243, 149.96666296213968, 166.4001201922643, 183.13383084509536, 184.81612483763422, 189.5521036549054, 193.65174928205528, 204.3624231604235, 210.41863035387337, 223.78784596130328, 224.0089283934906, 230.98268333362137, 233.34952324785237, 242.24367896810023, 244.13111231467406, 259.71715384240605, 260.40929322894755, 282.8745304901097, 308.8251932728287, 337.9363845459675, 368.72211758992705]"
images/dark/john_honey/medium/A/dark_john_honey_medium_A_4.jpg,27,False,False,0.18783701199572533,"[1.0, 1.0, 1.0, 1.4142135623730951, 145.0, 146.2942240828393, 157.15597347857954, 176.47946056127893, 184.43969204051496, 187.6006396577581, 188.4887264533346, 199.44924166313595, 201.1889659002203, 220.22715545545242, 224.72205054244233, 227.26416347501865, 228.96506283710622, 235.4591259645716, 239.63305281200255, 250.49151682242655, 270.4163456597992, 294.24139749532185, 302.0149002946709, 321.26780106322514, 334.9820890734309, 350.5709628591621, 382.5232019106815]"
images/dark/john_honey/medium/B/dark_john_honey_medium_B_0.jpg,24,False,False,0.21301637205760926,"[1.0, 1.0, 2.0, 2.23606797749979, 147.49237268414933, 154.77725931156684, 186.3866948041088, 188.04786624686813, 192.7615106809448, 198.56736892047493, 205.23401277566055, 215.8008341040414, 227.14092541856036, 233.07080469247967, 233.98504225697846, 246.16254792311523, 253.31403435261933, 265.04716561397146, 287.80027797067885, 293.7515957403466, 313.94904045083496, 325.3013987058771, 342.6032691029086, 373.5264381539813]"
images/dark/john_honey/medium/B/dark_john_honey_medium_B_1.jpg,24,False,False,0.22153600095771253,"[0.0, 1.0, 1.4142135623730951, 2.23606797749979, 178.02527910383964, 201.8539075668341, 208.12496246245908, 219.0091322296858, 223.6716343213864, 226.92069099136816, 238.6734170367534, 241.96074061715052, 249.26291340670798, 261.19724347703215, 271.4000736919576, 277.9370432310166, 285.3944638566067, 309.594896598765, 311.9054343867705, 340.898811966249, 342.0526275297414, 371.6517186829626, 375.04666376332426, 404.500927069395]"
images/dark/john_honey/medium/B/dark_john_honey_medium_B_2.jpg,25,False,False,0.20140367792919278,"[0.0, 1.0, 1.4142135623730951, 2.0, 285.2805636562014, 301.2507261402037, 305.8054937374409, 311.07876816009156, 315.41242841714404, 336.02976058676705, 338.3031185194721, 339.4849039353591, 341.2696880767467, 342.0058479032193, 347.86779097812433, 348.5799764759875, 359.13507208291423, 368.4033116029225, 379.71041597512175, 381.25057377006004, 382.0117799230804, 385.91449830240896, 389.27239819951274, 394.4616584663204, 400.1962018810274]"
images/dark/john_honey/medium/B/dark_john_honey_medium_B_3.jpg,23,False,False,0.21690742601640522,"[1.0, 1.0, 2.0, 2.23606797749979, 155.0129026887762, 163.24827717314508, 179.42686532400882, 193.75241933973368, 196.4306493396588, 197.9747458642137, 209.61870145576228, 229.0261993746567, 232.94849216082082, 235.762592452662, 237.68256141332708, 243.98770460824454, 247.42069436488129, 252.5173261382276, 258.8532402733255, 279.00716836669267, 279.12183719659055, 301.9751645417219, 329.3706119252293]"
images/dark/john_honey/medium/B/dark_john_honey_medium_B_4.jpg,25,False,False,0.19853751501068473,"[0.0, 0.0, 1.0, 2.23606797749979, 182.3211452355431, 184.2199772011711, 195.0, 221.44299492194375, 223.37860237721964, 227.27076362788065, 231.10170921046864, 238.47222060441337, 244.9693858423946, 262.15453457836657, 267.54065111679756, 267.5761573832766, 278.1726082848561, 279.4011453090341, 288.62432329933665, 294.5522025040723, 296.0152023123137, 314.8745782053546, 315.65329081129505, 338.76392960290207, 366.0833238485468]"
images/dark/john_honey/medium/C/dark_john_honey_medium_C_0.jpg,25,False,False,0.20104892004746944,"[1.0, 1.0, 1.0, 1.0, 147.07821048680188, 162.04937519163718, 182.02472359545007, 182.6608879864543, 183.89671013914307, 190.4337155022713, 190.60167890131504, 206.69300907384363, 211.45448682872635, 220.95248357961492, 223.00896842952304, 226.76198976018887, 231.65707414193074, 238.0693176366917, 253.78928267363852, 255.80070367377803, 277.2435752186153, 302.9471901173536, 330.72798490602514, 362.03452874000845, 394.49207850095036]"
images/dark/john_honey/medium/C/dark_john_honey_medium_C_1.jpg,25,False,False,0.22561319591477513,"[1.0, 1.0, 1.4142135623730951, 2.23606797749979, 148.24641648282767, 164.40194646049662, 182.0988742414406, 183.35757415498276, 186.07794065928394, 189.88944151795275, 191.88017094009479, 208.4346420343797, 213.90184664934523, 221.46105752479374, 223.0022421411946, 227.771815640127, 229.8194943863553, 231.14497615133234, 257.60628874311277, 279.32955446926843, 316.36213427020624, 333.75589882427545, 349.91427521608773, 364.6066373504465, 397.6153920561929]"
images/dark/john_honey/medium/C/dark_john_honey_medium_C_2.jpg,24,False,False,0.21983436704613268,"[1.0, 1.0, 2.0, 2.23606797749979, 210.3734774157617, 213.45959805077868, 223.37860237721964, 249.65776575143823, 250.19992006393608, 255.6501515743732, 256.2225595063791, 267.52943763257156, 267.7778930382417, 289.21445330411825, 291.04295215655026, 293.6800980659057, 296.952858211535, 302.27470949452584, 308.7539473431878, 316.4316671889841, 323.9753077010654, 330.55256768024054, 356.11374587342175, 365.0342449688796]"
images/dark/john_honey/medium/C/dark_john_honey_medium_C_3.jpg,24,False,False,0.20770102401729673,"[0.0, 1.0, 1.0, 2.23606797749979, 217.00691233230336, 219.0091322296858, 226.73773395709856, 256.8598839834668, 258.07169546465184, 260.5551764981844, 266.101484400219, 270.85235830614437, 297.13464961192255, 297.4861341306515, 301.80291582421796, 302.00165562460086, 311.0401903291599, 312.694739322554, 318.39912060180063, 325.7299494980466, 327.75753233144775, 346.4390278245221, 356.8094729684177, 368.6475281349381]"
images/dark/john_honey/medium/C/dark_john_honey_medium_C_4.jpg,23,False,False,0.20347075106110424,"[0.0, 2.23606797749979, 2.23606797749979, 2.23606797749979, 193.49935400408964, 196.1249601657066, 199.6722314193939, 232.55106965997814, 234.53997527074142, 238.01890681204299, 248.60008045050992, 254.7508586835381, 265.1735280905694, 273.26360899322106, 273.6073829413234, 278.5982770944573, 279.30807363912703, 289.6204412675321, 289.7999309868793, 304.6653902234384, 305.6550343115585, 324.71064041697184, 325.3459696999488]"
images/dark/john_honey/medium/D/dark_john_honey_medium_D_0.jpg,21,False,False,0.21213841706048697,"[1.0, 1.0, 2.0, 2.23606797749979, 127.88275880665071, 133.9328189802634, 149.6262009141447, 168.34488409215172, 169.0, 176.6635219845908, 177.12425017484196, 193.60010330575756, 207.80038498520642, 209.0598000573042, 212.56528408938277, 215.6965461012299, 218.47654336335515, 265.8759109058209, 291.73275441746335, 338.7742611238345, 352.38898961233167]"
images/dark/john_honey/medium/D/dark_john_honey_medium_D_1.jpg,24,False,False,0.20898492611013353,"[0.0, 1.0, 1.0, 1.4142135623730951, 133.9328189802634, 149.6262009141447, 168.34488409215172, 169.0, 172.246915792417, 176.6635219845908, 177.12425017484196, 193.60010330575756, 206.81392603013947, 209.0598000573042, 212.56528408938277, 218.47654336335515, 220.7306050369998, 225.24875138388668, 246.61102976144437, 291.73275441746335, 320.89406351629503, 338.7742611238345, 352.38898961233167, 385.9663197741482]"
images/dark/john_honey/medium/D/dark_john_honey_medium_D_2.jpg,24,False,False,0.20431940897833556,"[0.0, 1.0, 1.4142135623730951, 2.0, 140.6627171641441, 153.07514494521962, 178.16004041310723, 178.36199146679206, 196.33135256499406, 203.19448811422026, 207.48011952955878, 207.8942038634074, 207.9663434308542, 217.83020910791964, 220.87100307645636, 235.5674001214939, 235.80076335754302, 247.81444671366518, 251.88290930509754, 256.5618833731932, 258.11818998280614, 278.09530740377477, 282.6057324259365, 310.7104761671225]"
images/dark/john_honey/medium/D/dark_john_honey_medium_D_3.jpg,25,False,False,0.20385681092739105,"[1.4142135623730951, 2.0, 2.23606797749979, 2.23606797749979, 152.029602380589, 180.6792738528689, 190.53870997778904, 194.82556300444764, 219.93862780330335, 233.45235059857504, 242.00206610688264, 262.24606765402604, 265.0018867857359, 267.8544380815819, 297.80026863654774, 298.0067113338221, 307.0716528760022, 327.79414271765137, 332.54323027239633, 333.6240399012038, 359.3563690822802, 366.836475830853, 393.49841168675636, 402.3157963590294, 427.9836445473121]"
images/dark/john_honey/medium/D/dark_john_honey_medium_D_4.jpg,24,False,False,0.19534693099558353,"[1.0, 2.0, 2.23606797749979, 2.23606797749979, 150.4027925272666, 154.3243337908834, 190.24720760105785, 197.39554199626699, 200.44949488586894, 210.83880098312076, 216.33538776631067, 229.9652147608416, 231.0411218809327, 232.13789005675054, 241.61539686038222, 244.1823089414956, 255.03333115496883, 255.88473967784793, 259.0598386473673, 280.528073461463, 283.0635970943632, 313.8470965295043, 332.6048706799105, 361.7070637961056]"
images/dark/john_honey/short/A/dark_john_honey_short_A_0.jpg,4,True,True,0.15217914106324315,"[1.4142135623730951, 1.4142135623730951, 2.0, 3.1622776601683795]"
images/dark/john_honey/short/A/dark_john_honey_short_A_1.jpg,5,False,False,0.18946129502728581,"[0.0, 1.4142135623730951, 1.4142135623730951, 3.605551275463989, 422.19071519871204]"
images/dark/john_honey/short/A/dark_john_honey_short_A_2.jpg,7,False,False,0.18005625810474157,"[0.0, 1.0, 1.0, 1.4142135623730951, 257.97868128975307, 288.17355881482257, 305.0114751939671]"
images/dark/john_honey/short/A/dark_john_honey_short_A_3.jpg,5,False,False,0.15749469900038093,"[0.0, 2.0, 2.23606797749979, 3.0, 349.54255821001254]"
images/dark/john_honey/short/A/dark_john_honey_short_A_4.jpg,7,False,False,0.1433630770770833,"[1.0, 1.4142135623730951, 1.4142135623730951, 2.23606797749979, 305.49795416663596, 365.1985761198967, 442.5494322671762]"
images/dark/john_honey/short/B/dark_john_honey_short_B_0.jpg,4,True,True,0.1572667370783165,"[0.0, 1.0, 1.4142135623730951, 2.23606797749979]"
images/dark/john_honey/short/B/dark_john_honey_short_B_1.jpg,5,False,False,0.1620862529380247,"[1.4142135623730951, 1.4142135623730951, 2.23606797749979, 2.23606797749979, 329.4267748681033]"
images/dark/john_honey/short/B/dark_john_honey_short_B_2.jpg,4,True,True,0.15487215900793672,"[1.0, 1.4142135623730951, 2.23606797749979, 2.23606797749979]"
images/dark/john_honey/short/B/dark_john_honey_short_B_3.jpg,12,False,False,0.19060871296096593,"[1.0, 2.23606797749979, 2.23606797749979, 3.0, 119.60351165413162, 144.51643505151932, 175.50498568416796, 178.05897899291685, 198.6454127333425, 252.76471272707352, 282.8462479864281, 445.1539059696096]"
images/dark/john_honey/short/B/dark_john_honey_short_B_4.jpg,7,False,False,0.1498064249753952,"[1.0, 1.0, 1.0, 1.4142135623730951, 296.6513104639856, 321.0763149159402, 330.056055845064]"
images/dark/john_honey/short/C/dark_john_honey_short_C_0.jpg,6,False,False,0.1596428300254047,"[1.0, 1.4142135623730951, 1.4142135623730951, 2.23606797749979, 190.67249408344142, 254.0019684963091]"
images/dark/john_honey/short/C/dark_john_honey_short_C_1.jpg,4,True,True,0.16567043110262603,"[0.0, 0.0, 1.0, 1.0]"
images/dark/john_honey/short/C/dark_john_honey_short_C_2.jpg,6,False,False,0.16275305696763098,"[0.0, 1.4142135623730951, 1.4142135623730951, 2.23606797749979, 290.6217472936256, 440.33623516581054]"
images/dark/john_honey/short/C/dark_john_honey_short_C_3.jpg,5,False,False,0.22198463208042085,"[1.4142135623730951, 1.4142135623730951, 2.23606797749979, 2.23606797749979, 367.78934187928826]"
images/dark/john_honey/short/C/dark_john_honey_short_C_4.jpg,5,False,False,0.20441529504023492,"[1.0, 2.0, 2.8284271247461903, 4.0, 284.5698508275253]"
images/dark/john_honey/short/D/dark_john_honey_short_D_0.jpg,7,False,False,0.2106675619725138,"[0.0, 1.0, 1.0, 2.8284271247461903, 271.44244325455077, 353.62833596871167, 360.2846097184835]"
images/dark/john_honey/short/D/dark_john_honey_short_D_1.jpg,6,False,False,0.255210711969994,"[0.0, 0.0, 1.4142135623730951, 2.23606797749979, 282.5261049885479, 310.82149217838844]"
images/dark/john_honey/short/D/dark_john_honey_short_D_2.jpg,4,True,True,0.2246825189795345,"[0.0, 2.0, 2.23606797749979, 3.1622776601683795]"
images/dark/john_honey/short/D/dark_john_honey_short_D_3.jpg,4,True,True,0.2225205630529672,"[1.0, 1.0, 2.0, 2.8284271247461903]"
images/dark/john_honey/short/D/dark_john_honey_short_D_4.jpg,4,True,True,0.19835747499018908,"[1.0, 1.4142135623730951, 2.23606797749979, 4.47213595499958]"
images/dark/michaels/high/A/dark_michaels_high_A_0.jpg,6,False,False,0.18585898203309625,"[1.0, 1.0, 1.4142135623730951, 3.1622776601683795, 322.1816257951406, 377.1604433129222]"
images/dark/michaels/high/A/dark_michaels_high_A_1.jpg,7,False,False,0.20248341490514576,"[0.0, 1.0, 2.0, 2.23606797749979, 244.3460660620506, 310.00645154577023, 353.3624201864143]"
images/dark/michaels/high/A/dark_michaels_high_A_2.jpg,5,False,False,0.19716275506652892,"[0.0, 1.0, 1.4142135623730951, 2.0, 467.4056054434949]"
images/dark/michaels/high/A/dark_michaels_high_A_3.jpg,5,False,False,0.1920709409750998,"[1.0, 1.4142135623730951, 2.0, 2.0, 261.16852796613915]"
images/dark/michaels/high/A/dark_michaels_high_A_4.jpg,5,False,False,0.18251153407618403,"[1.0, 1.0, 1.4142135623730951, 1.4142135623730951, 419.36261159049457]"
images/dark/michaels/high/B/dark_michaels_high_B_0.jpg,6,False,False,0.19274219404906034,"[1.0, 1.0, 2.23606797749979, 3.1622776601683795, 522.5514328752721, 613.7898663223433]"
images/dark/michaels/high/B/dark_michaels_high_B_1.jpg,10,False,False,0.2180805839598179,"[0.0, 1.0, 1.0, 2.23606797749979, 135.15176654413364, 247.58836806279893, 556.5914120789145, 575.9183969973524, 592.3596880274687, 601.6992604283306]"
images/dark/michaels/high/B/dark_michaels_high_B_2.jpg,7,False,False,0.23450820404104888,"[1.0, 2.0, 2.0, 2.23606797749979, 156.46724896923317, 594.0210433982958, 606.6934975751759]"
images/dark/michaels/high/B/dark_michaels_high_B_3.jpg,6,False,False,0.20813356305006891,"[1.0, 1.0, 2.23606797749979, 3.1622776601683795, 538.3623315203247, 549.4770240874499]"
images/dark/michaels/high/B/dark_michaels_high_B_4.jpg,7,False,False,0.19121165294200182,"[0.0, 1.4142135623730951, 2.0, 2.23606797749979, 487.6935513209089, 501.48280130030383, 551.3302095840568]"
images/dark/michaels/high/C/dark_michaels_high_C_0.jpg,7,False,False,0.19749813701491803,"[0.0, 1.0, 1.0, 3.0, 228.95414388038492, 258.11818998280614, 508.86245685843244]"
images/dark/michaels/high/C/dark_michaels_high_C_1.jpg,6,False,False,0.18768945499323308,"[1.0, 1.4142135623730951, 2.23606797749979, 2.23606797749979, 276.06520968785617, 448.3056992722711]"
images/dark/michaels/high/C/dark_michaels_high_C_2.jpg,7,False,False,0.20639923599082977,"[1.0, 1.4142135623730951, 2.0, 2.23606797749979, 158.60012610335465, 203.8062805705457, 476.9318609612908]"
images/dark/michaels/high/C/dark_michaels_high_C_3.jpg,8,False,False,0.20784437202382833,"[1.0, 1.0, 1.4142135623730951, 2.0, 202.35612172603032, 247.00809703327542, 385.3894134508627, 456.31677593531447]"
images/dark/michaels/high/C/dark_michaels_high_C_4.jpg,5,False,False,0.17744618095457554,"[0.0, 1.4142135623730951, 2.0, 2.0, 458.2630249103674]"
images/dark/michaels/high/D/dark_michaels_high_D_0.jpg,8,False,False,0.22330967395100743,"[1.0, 1.4142135623730951, 1.4142135623730951, 3.1622776601683795, 215.5736533067063, 595.0, 613.8705075176686, 661.0068078318104]"
images/dark/michaels/high/D/dark_michaels_high_D_1.jpg,6,False,False,0.2234719900880009,"[1.0, 1.4142135623730951, 2.0, 2.23606797749979, 287.862814548875, 662.9223182243904]"
images/dark/michaels/high/D/dark_michaels_high_D_2.jpg,9,False,False,0.2284963830607012,"[0.0, 1.4142135623730951, 2.23606797749979, 3.0, 247.01821795163207, 271.1180554666177, 552.7865772610619, 558.4630695041526, 563.4935669552937]"
images/dark/michaels/high/D/dark_michaels_high_D_3.jpg,7,False,False,0.2050274539506063,"[2.0, 2.23606797749979, 2.23606797749979, 2.23606797749979, 313.53628179207584, 325.0, 339.29927792437167]"
images/dark/michaels/high/D/dark_michaels_high_D_4.jpg,5,False,False,0.17473001789767295,"[1.0, 1.4142135623730951, 1.4142135623730951, 2.23606797749979, 473.0169130168603]"
images/dark/michaels/medium/A/dark_michaels_medium_A_0.jpg,8,False,False,0.22371635399758816,"[0.0, 0.0, 1.0, 2.23606797749979, 163.0828010551695, 167.29913329123974, 564.1817083174533, 621.4056646024399]"
images/dark/michaels/medium/A/dark_michaels_medium_A_1.jpg,7,False,False,0.24039483105298132,"[1.4142135623730951, 1.4142135623730951, 2.0, 2.23606797749979, 218.908656749796, 239.77072381756702, 563.8528176749674]"
images/dark/michaels/medium/A/dark_michaels_medium_A_2.jpg,7,False,False,0.22606655594427139,"[1.0, 2.0, 3.0, 3.1622776601683795, 175.9147520817967, 304.9458968407347, 527.5016587651645]"
images/dark/michaels/medium/A/dark_michaels_medium_A_3.jpg,6,False,False,0.21810573199763894,"[1.0, 2.23606797749979, 2.23606797749979, 2.23606797749979, 523.9169781558907, 538.5805417948183]"
images/dark/michaels/medium/A/dark_michaels_medium_A_4.jpg,4,True,True,0.17676996905356646,"[1.4142135623730951, 2.23606797749979, 2.23606797749979, 3.1622776601683795]"
images/dark/michaels/medium/B/dark_michaels_medium_B_0.jpg,6,False,False,0.22647998889442533,"[0.0, 1.4142135623730951, 2.0, 2.23606797749979, 278.2804340948174, 577.8797452757797]"
images/dark/michaels/medium/B/dark_michaels_medium_B_1.jpg,7,False,False,0.22160540497861803,"[0.0, 1.0, 1.0, 2.0, 372.3237838226293, 567.0670154399743, 589.9093150646123]"
images/dark/michaels/medium/B/dark_michaels_medium_B_2.jpg,6,False,False,0.2144029940245673,"[1.0, 2.23606797749979, 2.8284271247461903, 2.8284271247461903, 191.09421759959145, 591.1429607125505]"
images/dark/michaels/medium/B/dark_michaels_medium_B_3.jpg,7,False,False,0.21427650901023299,"[1.0, 1.0, 1.0, 2.23606797749979, 208.1465829649865, 238.88281646028875, 550.0736314349198]"
images/dark/michaels/medium/B/dark_michaels_medium_B_4.jpg,4,True,True,0.18696558102965355,"[1.0, 1.4142135623730951, 2.0, 2.0]"
images/dark/michaels/medium/C/dark_michaels_medium_C_0.jpg,9,False,False,0.22710175497923046,"[1.0, 1.0, 1.0, 2.0, 183.83144453547658, 195.88772294352702, 197.12178976460214, 217.63501556505102, 419.71061459057717]"
images/dark/michaels/medium/C/dark_michaels_medium_C_1.jpg,6,False,False,0.21574495895765722,"[0.0, 0.0, 2.0, 2.23606797749979, 273.82658746002005, 419.5473751556551]"
images/dark/michaels/medium/C/dark_michaels_medium_C_2.jpg,7,False,False,0.22153805498965085,"[0.0, 1.0, 2.23606797749979, 2.23606797749979, 549.1019941686608, 636.9552574553412, 667.3027798533436]"
images/dark/michaels/medium/C/dark_michaels_medium_C_3.jpg,7,False,False,0.21185268298722804,"[1.0, 1.4142135623730951, 1.4142135623730951, 2.0, 476.7661900764357, 527.3755777432247, 560.6826196699876]"
images/dark/michaels/medium/C/dark_michaels_medium_C_4.jpg,5,False,False,0.19556457409635186,"[1.0, 1.4142135623730951, 2.0, 2.0, 478.5916840063145]"
images/dark/michaels/medium/D/dark_michaels_medium_D_0.jpg,7,False,False,0.216340305050835,"[1.4142135623730951, 2.0, 2.23606797749979, 2.8284271247461903, 290.66303514551004, 319.10499839394555, 540.1712691360028]"
images/dark/michaels/medium/D/dark_michaels_medium_D_1.jpg,6,False,False,0.20325981208588928,"[1.0, 1.0, 1.4142135623730951, 3.1622776601683795, 470.00531911883724, 494.5806304335017]"
images/dark/michaels/medium/D/dark_michaels_medium_D_2.jpg,7,False,False,0.22821447509340942,"[1.0, 1.0, 1.4142135623730951, 2.0, 233.34952324785237, 235.00851048419503, 581.021514231616]"
images/dark/michaels/medium/D/dark_michaels_medium_D_3.jpg,9,False,False,0.22561856708489358,"[1.0, 1.0, 1.4142135623730951, 2.0, 176.40011337864837, 183.41483037093812, 218.4055860091495, 251.07767722360344, 632.2475780894696]"
images/dark/michaels/medium/D/dark_michaels_medium_D_4.jpg,5,False,False,0.18752340297214687,"[0.0, 1.0, 2.0, 2.23606797749979, 612.6377396145294]"
images/dark/michaels/short/A/dark_michaels_short_A_0.jpg,4,True,True,0.19183150597382337,"[0.0, 1.0, 1.0, 2.8284271247461903]"
images/dark/michaels/short/A/dark_michaels_short_A_1.jpg,4,True,True,0.21045068197418004,"[1.4142135623730951, 1.4142135623730951, 1.4142135623730951, 2.0]"
images/dark/michaels/short/A/dark_michaels_short_A_2.jpg,11,False,False,0.2010165669489652,"[0.0, 1.0, 2.0, 2.0, 309.2604080706096, 328.4585209733491, 330.08180804158235, 337.0237380363585, 348.2714458579687, 352.5677239907249, 361.08309293014537]"
images/dark/michaels/short/A/dark_michaels_short_A_3.jpg,11,False,False,0.19618636090308428,"[1.0, 1.4142135623730951, 3.1622776601683795, 3.1622776601683795, 199.0628041598932, 215.23243250030885, 232.34887561595818, 256.0, 257.390753524675, 269.14122686797725, 292.32345099221857]"
images/dark/michaels/short/A/dark_michaels_short_A_4.jpg,5,False,False,0.18752855295315385,"[1.4142135623730951, 1.4142135623730951, 2.23606797749979, 2.8284271247461903, 529.0907294595135]"
images/dark/michaels/short/B/dark_michaels_short_B_0.jpg,5,False,False,0.21676769410260022,"[1.0, 2.23606797749979, 2.8284271247461903, 3.1622776601683795, 658.5931976569451]"
images/dark/michaels/short/B/dark_michaels_short_B_1.jpg,5,False,False,0.21134105999954045,"[1.4142135623730951, 2.0, 2.23606797749979, 3.1622776601683795, 206.95168518279817]"
images/dark/michaels/short/B/dark_michaels_short_B_2.jpg,6,False,False,0.2142362000886351,"[1.4142135623730951, 1.4142135623730951, 1.4142135623730951, 1.4142135623730951, 211.1492363235065, 255.12545933324648]"
images/dark/michaels/short/B/dark_michaels_short_B_3.jpg,7,False,False,0.2213480070931837,"[0.0, 1.0, 1.4142135623730951, 3.0, 232.24555969921147, 280.8558349046713, 511.9882811158865]"
images/dark/michaels/short/B/dark_michaels_short_B_4.jpg,4,True,True,0.18595565995201468,"[0.0, 1.4142135623730951, 2.0, 2.23606797749979]"
images/dark/michaels/short/C/dark_michaels_short_C_0.jpg,4,True,True,0.1826225690310821,"[1.4142135623730951, 2.0, 3.0, 3.0]"
images/dark/michaels/short/C/dark_michaels_short_C_1.jpg,4,True,True,0.19300032500177622,"[1.0, 2.23606797749979, 2.8284271247461903, 3.0]"
images/dark/michaels/short/C/dark_michaels_short_C_2.jpg,5,False,False,0.18968287599273026,"[0.0, 1.4142135623730951, 2.0, 2.23606797749979, 537.4430202356339]"
images/dark/michaels/short/C/dark_michaels_short_C_3.jpg,7,False,False,0.22240476706065238,"[1.0, 1.0, 1.4142135623730951, 2.23606797749979, 607.7869692581439, 638.3079194244734, 656.4937166492913]"
images/dark/michaels/short/C/dark_michaels_short_C_4.jpg,4,True,True,0.18257672002073377,"[0.0, 0.0, 1.0, 1.0]"
images/dark/michaels/short/D/dark_michaels_short_D_0.jpg,6,False,False,0.20321584702469409,"[1.0, 1.0, 1.4142135623730951, 1.4142135623730951, 288.334874755032, 336.09076155110245]"
images/dark/michaels/short/D/dark_michaels_short_D_1.jpg,9,False,False,0.23357814794871956,"[1.0, 1.4142135623730951, 2.23606797749979, 2.23606797749979, 146.6594695203825, 155.56349186104046, 157.17824276915684, 202.76587484091104, 642.4398804557513]"
images/dark/michaels/short/D/dark_michaels_short_D_2.jpg,6,False,False,0.22701596899423748,"[1.0, 1.4142135623730951, 1.4142135623730951, 2.23606797749979, 335.77373333838966, 370.912388577141]"
images/dark/michaels/short/D/dark_michaels_short_D_3.jpg,7,False,False,0.21433855791110545,"[2.0, 2.0, 2.23606797749979, 3.1622776601683795, 211.00947846009194, 264.43902888945877, 522.4327707944823]"
images/dark/michaels/short/D/dark_michaels_short_D_4.jpg,4,True,True,0.18460575898643583,"[1.4142135623730951, 1.4142135623730951, 2.23606797749979, 2.8284271247461903]"
