,0,1,2,3,4
images/custom/davids/high/A/custom_davids_high_A_0.jpg,9,False,False,0.5836380589753389,"[0.0, 0.0, 1.0, 1.0, 482.8881858153086, 506.9250437688002, 508.26862976186123, 530.9623338806624, 885.641010793877]"
images/custom/davids/high/A/custom_davids_high_A_1.jpg,13,False,False,0.5444586309604347,"[1.0, 1.0, 1.0, 2.23606797749979, 501.414997781279, 502.19518117958876, 502.5236312851367, 526.4104862177425, 527.4921800368229, 527.683617331446, 550.2726596879041, 551.4390265478133, 906.5208216031224]"
images/custom/davids/high/A/custom_davids_high_A_2.jpg,14,False,False,0.5235325880348682,"[0.0, 1.0, 1.0, 1.4142135623730951, 167.96725871431016, 169.29264603047588, 174.0028735394907, 192.15098230297966, 193.08029417835473, 197.44872752185566, 220.7306050369998, 241.23847122712414, 244.468811916776, 762.1679604916491]"
images/custom/davids/high/A/custom_davids_high_A_3.jpg,10,False,False,0.5519124109996483,"[1.0, 1.4142135623730951, 2.0, 2.23606797749979, 301.14448359549937, 320.73197533142843, 325.3136947624554, 343.0058308542291, 348.40206658399717, 374.54639232009697]"
images/custom/davids/high/A/custom_davids_high_A_4.jpg,10,False,False,0.5389026050688699,"[1.0, 1.4142135623730951, 1.4142135623730951, 2.0, 148.33745312630927, 157.53729717117784, 169.85876486069242, 180.0444389588304, 195.86985475054604, 234.17301296263838]"
images/custom/davids/high/B/custom_davids_high_B_0.jpg,15,False,False,0.5729355229996145,"[1.0, 1.0, 1.4142135623730951, 2.23606797749979, 196.16319736382766, 210.23796041628637, 241.2343259156955, 256.8890811225732, 260.44769148525774, 274.5906043549196, 289.836160614924, 291.2387336876742, 305.65994176535463, 307.8830946966722, 321.2864765283469]"
images/custom/davids/high/B/custom_davids_high_B_1.jpg,9,False,False,0.5647887070663273,"[0.0, 1.0, 1.4142135623730951, 2.23606797749979, 221.18318200080222, 237.39418695494632, 244.6630335788388, 264.2820463065927, 267.5761573832766]"
images/custom/davids/high/B/custom_davids_high_B_2.jpg,10,False,False,0.5868433510186151,"[1.0, 1.0, 1.4142135623730951, 2.0, 221.60550534677608, 246.56439321199645, 248.1954874690513, 248.766959220874, 270.142554959414, 272.15436796053814]"
images/custom/davids/high/B/custom_davids_high_B_3.jpg,20,False,False,0.5823153909295797,"[1.0, 1.0, 1.4142135623730951, 1.4142135623730951, 203.00246303924493, 212.08488866489287, 216.23366990364843, 229.40139493908924, 246.5623653358314, 250.3197954617253, 251.60286166894048, 256.44492586128507, 263.10454196003536, 270.8154353060401, 275.8568469333324, 280.28021692584724, 280.7507791618752, 291.547594742265, 293.4109745732085, 319.17550031291563]"
images/custom/davids/high/B/custom_davids_high_B_4.jpg,4,True,True,0.478635860956274,"[1.0, 1.0, 2.0, 2.23606797749979]"
images/custom/davids/high/C/custom_davids_high_C_0.jpg,3,False,False,0.5079043889418244,"[0.0, 1.4142135623730951, 2.8284271247461903]"
images/custom/davids/high/C/custom_davids_high_C_1.jpg,3,False,False,0.5375897559570149,"[0.0, 1.0, 1.0]"
images/custom/davids/high/C/custom_davids_high_C_2.jpg,3,False,False,0.5432112490525469,"[0.0, 0.0, 1.0]"
images/custom/davids/high/C/custom_davids_high_C_3.jpg,16,False,False,0.5442209590692073,"[1.0, 1.0, 2.0, 181.89282558693733, 183.30848316430968, 187.98404187589966, 192.50974001333023, 195.8187937865005, 203.08865059377396, 204.1984329028996, 206.6204249342257, 211.0213259365034, 218.87439320304236, 218.92921230388603, 228.69411885748178, 242.33241632105268]"
images/custom/davids/high/C/custom_davids_high_C_4.jpg,3,False,False,0.5028449380770326,"[1.4142135623730951, 2.0, 2.23606797749979]"
images/custom/davids/high/D/custom_davids_high_D_0.jpg,4,True,True,0.537793452036567,"[1.4142135623730951, 1.4142135623730951, 1.4142135623730951, 2.23606797749979]"
images/custom/davids/high/D/custom_davids_high_D_1.jpg,12,False,False,0.5465617930749431,"[0.0, 1.0, 1.0, 1.4142135623730951, 204.6191584383046, 251.04780421266383, 266.9082239272518, 272.03860020225073, 291.547594742265, 300.2399040767233, 318.0393057469469, 318.3237345847777]"
images/custom/davids/high/D/custom_davids_high_D_2.jpg,13,False,False,0.5658385349670425,"[1.0, 1.4142135623730951, 2.23606797749979, 2.23606797749979, 140.0142849854971, 177.867928531256, 192.91708063310517, 326.1977927577071, 341.40005858230313, 349.32220084042757, 371.9811823197512, 387.96391584785306, 395.55151371218386]"
images/custom/davids/high/D/custom_davids_high_D_3.jpg,15,False,False,0.5633568170014769,"[0.0, 1.0, 1.0, 1.4142135623730951, 213.13845265460665, 215.19526017085042, 219.78398485785993, 227.75864418282788, 238.2120903732638, 239.8520377232597, 243.87086746883074, 251.46172671005024, 264.76404589747455, 268.4026825499328, 274.11676344215067]"
images/custom/davids/high/D/custom_davids_high_D_4.jpg,4,True,True,0.49740146996919066,"[1.0, 1.0, 2.0, 2.23606797749979]"
images/custom/davids/medium/A/custom_davids_medium_A_0.jpg,4,True,True,0.5966721010627225,"[1.0, 1.0, 1.0, 1.0]"
images/custom/davids/medium/A/custom_davids_medium_A_1.jpg,4,True,True,0.5715691390214488,"[1.0, 2.0, 2.0, 2.23606797749979]"
images/custom/davids/medium/A/custom_davids_medium_A_2.jpg,4,True,True,0.5535466029541567,"[1.4142135623730951, 1.4142135623730951, 2.23606797749979, 2.23606797749979]"
images/custom/davids/medium/A/custom_davids_medium_A_3.jpg,30,False,False,0.586977690923959,"[1.0, 1.4142135623730951, 2.0, 109.65856099730654, 110.0272693471941, 117.39250401963491, 138.61096637712328, 138.70832707519762, 144.9206679531943, 145.34441853748632, 152.10851389715174, 154.74172029546526, 157.95252451290546, 166.50825805346713, 166.5893153836704, 170.98830369355676, 179.0111728356641, 182.04395073717774, 190.91883092036784, 210.87674124947966, 214.9534833400008, 230.63824487712353, 237.0232056149777, 252.17850820401011, 259.6247291765559, 273.1300056749533, 282.25697511310506, 295.16944286290885, 306.54363474063524, 318.5545479191908]"
images/custom/davids/medium/A/custom_davids_medium_A_4.jpg,4,True,True,0.5582510450622067,"[1.4142135623730951, 1.4142135623730951, 2.0, 2.23606797749979]"
images/custom/davids/medium/B/custom_davids_medium_B_0.jpg,15,False,False,0.6009199869586155,"[0.0, 0.0, 2.23606797749979, 2.23606797749979, 243.0740627874558, 250.1919263285688, 262.20793275566626, 265.2941763401526, 272.8387802347753, 282.57742301889584, 282.6888749137468, 287.6056327682057, 301.7614952242913, 303.22269044383864, 321.17596423144744]"
images/custom/davids/medium/B/custom_davids_medium_B_1.jpg,16,False,False,0.6283062020083889,"[0.0, 0.0, 1.4142135623730951, 2.23606797749979, 394.689751577109, 405.2419030653173, 417.40388115109806, 420.7291290129553, 431.4220671222092, 431.5599610714599, 442.7572698443245, 445.55807702251343, 455.692879031481, 456.1578674099571, 466.43863476345956, 479.2003756258962]"
images/custom/davids/medium/B/custom_davids_medium_B_2.jpg,15,False,False,0.6037180300336331,"[0.0, 1.0, 1.0, 1.4142135623730951, 322.0139748520241, 331.1193138432127, 342.1768548572507, 348.6316107297214, 355.6304261448955, 368.0230971012553, 374.0013368960063, 380.60084077679073, 382.5976999408125, 392.1683312048539, 404.02227661355505]"
images/custom/davids/medium/B/custom_davids_medium_B_3.jpg,21,False,False,0.6486571580171585,"[0.0, 1.0, 1.0, 1.0, 235.0914715594762, 235.58013498595335, 239.00209204105306, 239.370006475331, 245.08773939142694, 254.0649523251879, 274.0894014733149, 275.6174885597792, 276.4706132665821, 294.2872746144488, 296.05742686174926, 296.952858211535, 315.03968004046726, 315.21738530734626, 333.94610343586885, 336.02976058676705, 353.8163365363448]"
images/custom/davids/medium/B/custom_davids_medium_B_4.jpg,4,True,True,0.5486630729865283,"[0.0, 1.0, 1.0, 1.0]"
images/custom/davids/medium/C/custom_davids_medium_C_0.jpg,4,True,True,0.5651526129804552,"[1.0, 1.0, 1.0, 1.4142135623730951]"
images/custom/davids/medium/C/custom_davids_medium_C_1.jpg,16,False,False,0.5438359520630911,"[1.0, 1.0, 1.4142135623730951, 2.23606797749979, 96.87620966986684, 115.10864433221339, 121.40016474453401, 135.05924625881784, 135.14806694880988, 146.4923206178399, 153.68799562750502, 158.04113388608675, 158.24032355881985, 173.18487231857176, 173.65770930194836, 191.70028690641024]"
images/custom/davids/medium/C/custom_davids_medium_C_2.jpg,3,False,False,0.5532969579799101,"[0.0, 1.4142135623730951, 2.0]"
images/custom/davids/medium/C/custom_davids_medium_C_3.jpg,3,False,False,0.526377921923995,"[1.4142135623730951, 1.4142135623730951, 2.23606797749979]"
images/custom/davids/medium/C/custom_davids_medium_C_4.jpg,4,True,True,0.5176031669834629,"[0.0, 1.0, 1.4142135623730951, 1.4142135623730951]"
images/custom/davids/medium/D/custom_davids_medium_D_0.jpg,4,True,True,0.5458059560041875,"[1.4142135623730951, 1.4142135623730951, 1.4142135623730951, 2.23606797749979]"
images/custom/davids/medium/D/custom_davids_medium_D_1.jpg,4,True,True,0.5432207579724491,"[1.0, 1.0, 2.23606797749979, 2.23606797749979]"
images/custom/davids/medium/D/custom_davids_medium_D_2.jpg,4,True,True,0.5631918570725247,"[1.0, 1.0, 1.4142135623730951, 3.0]"
images/custom/davids/medium/D/custom_davids_medium_D_3.jpg,4,True,True,0.5511458619730547,"[1.0, 1.0, 1.0, 2.23606797749979]"
images/custom/davids/medium/D/custom_davids_medium_D_4.jpg,4,True,True,0.5179962100228295,"[0.0, 1.0, 1.0, 1.0]"
images/custom/davids/short/A/custom_davids_short_A_0.jpg,4,True,True,0.5002036900259554,"[1.0, 1.0, 2.23606797749979, 2.23606797749979]"
images/custom/davids/short/A/custom_davids_short_A_1.jpg,4,True,True,0.5076184939825907,"[1.0, 1.0, 1.4142135623730951, 2.23606797749979]"
images/custom/davids/short/A/custom_davids_short_A_2.jpg,4,True,True,0.5252954690949991,"[1.0, 1.0, 1.0, 3.1622776601683795]"
images/custom/davids/short/A/custom_davids_short_A_3.jpg,4,True,True,0.5013640429824591,"[0.0, 1.0, 1.4142135623730951, 2.0]"
images/custom/davids/short/A/custom_davids_short_A_4.jpg,4,True,True,0.5360326139489189,"[1.0, 1.0, 2.8284271247461903, 2.8284271247461903]"
images/custom/davids/short/B/custom_davids_short_B_0.jpg,22,False,False,0.5801752359839156,"[1.0, 1.0, 1.4142135623730951, 2.0, 282.44645510255566, 286.6810073932349, 294.0017006753532, 303.29523570277195, 316.36213427020624, 318.7789202566569, 325.22146300636433, 334.4846782739084, 336.1681127055331, 346.2210276687423, 346.3423162133094, 350.8746214818051, 356.6791275081849, 365.08766070630213, 373.1340241789805, 375.9255245391034, 379.68539608470587, 389.34432062122085]"
images/custom/davids/short/B/custom_davids_short_B_1.jpg,3,False,False,0.6141320259775966,"[0.0, 1.0, 1.0]"
images/custom/davids/short/B/custom_davids_short_B_2.jpg,4,True,True,0.5981788859935477,"[1.0, 1.0, 1.0, 2.23606797749979]"
images/custom/davids/short/B/custom_davids_short_B_3.jpg,4,True,True,0.5093958750367165,"[0.0, 1.0, 1.4142135623730951, 2.0]"
images/custom/davids/short/B/custom_davids_short_B_4.jpg,4,True,True,0.5114517559995875,"[0.0, 1.0, 1.0, 2.23606797749979]"
images/custom/davids/short/C/custom_davids_short_C_0.jpg,3,False,False,0.545123822055757,"[1.0, 1.4142135623730951, 2.0]"
images/custom/davids/short/C/custom_davids_short_C_1.jpg,3,False,False,0.5303800200344995,"[0.0, 0.0, 2.0]"
images/custom/davids/short/C/custom_davids_short_C_2.jpg,15,False,False,0.5416449280455709,"[1.0, 1.0, 2.0, 216.33307652783935, 245.70917768776974, 257.8003103178893, 271.7094035914105, 275.48684179103725, 288.334874755032, 300.3747659175118, 301.77143668677456, 315.3696244092002, 329.21877224727024, 329.802971484491, 343.4020966738555]"
images/custom/davids/short/C/custom_davids_short_C_3.jpg,4,True,True,0.5509182299720123,"[1.0, 1.4142135623730951, 2.23606797749979, 2.23606797749979]"
images/custom/davids/short/C/custom_davids_short_C_4.jpg,4,True,True,0.5370256920577958,"[0.0, 1.0, 2.23606797749979, 2.23606797749979]"
images/custom/davids/short/D/custom_davids_short_D_0.jpg,4,True,True,0.5271425050450489,"[0.0, 0.0, 1.0, 1.4142135623730951]"
images/custom/davids/short/D/custom_davids_short_D_1.jpg,4,True,True,0.5502936579287052,"[0.0, 1.0, 1.4142135623730951, 2.23606797749979]"
images/custom/davids/short/D/custom_davids_short_D_2.jpg,4,True,True,0.5202470100484788,"[0.0, 0.0, 1.0, 1.0]"
images/custom/davids/short/D/custom_davids_short_D_3.jpg,25,False,False,0.5544523919234052,"[0.0, 1.0, 1.0, 2.0, 276.3277040037788, 278.3522947633089, 279.2579452764057, 282.3118842698621, 285.5801113523139, 290.423828223512, 299.81661061388843, 311.8236681203016, 312.52519898401795, 318.5545479191908, 327.4522866006588, 337.8579583197649, 338.92329515688357, 351.0056979594491, 358.42153953131776, 365.8742953529258, 368.9173349139343, 381.70800358389135, 389.5600082143956, 391.4945721207383, 398.5774705123209]"
images/custom/davids/short/D/custom_davids_short_D_4.jpg,4,True,True,0.5141828879714012,"[1.0, 1.0, 1.0, 1.4142135623730951]"
images/custom/jack_cole/high/A/custom_jack_cole_high_A_0.jpg,4,True,True,0.22796297702006996,"[0.0, 1.0, 1.4142135623730951, 2.23606797749979]"
images/custom/jack_cole/high/A/custom_jack_cole_high_A_1.jpg,4,True,True,0.23778055608272552,"[0.0, 1.0, 1.0, 2.23606797749979]"
images/custom/jack_cole/high/A/custom_jack_cole_high_A_2.jpg,4,True,True,0.2319992430275306,"[1.4142135623730951, 1.4142135623730951, 2.0, 2.23606797749979]"
images/custom/jack_cole/high/A/custom_jack_cole_high_A_3.jpg,4,True,True,0.21775781700853258,"[1.0, 1.0, 1.0, 1.4142135623730951]"
images/custom/jack_cole/high/A/custom_jack_cole_high_A_4.jpg,4,True,True,0.158373776008375,"[0.0, 1.0, 2.23606797749979, 2.23606797749979]"
images/custom/jack_cole/high/B/custom_jack_cole_high_B_0.jpg,4,True,True,0.18325661099515855,"[1.0, 1.0, 1.4142135623730951, 1.4142135623730951]"
images/custom/jack_cole/high/B/custom_jack_cole_high_B_1.jpg,4,True,True,0.22572083491832018,"[1.0, 1.4142135623730951, 1.4142135623730951, 1.4142135623730951]"
images/custom/jack_cole/high/B/custom_jack_cole_high_B_2.jpg,4,True,True,0.2586611000588164,"[1.0, 1.4142135623730951, 2.23606797749979, 2.23606797749979]"
images/custom/jack_cole/high/B/custom_jack_cole_high_B_3.jpg,4,True,True,0.2627084869891405,"[0.0, 1.0, 1.4142135623730951, 1.4142135623730951]"
images/custom/jack_cole/high/B/custom_jack_cole_high_B_4.jpg,4,True,True,0.17474379506893456,"[0.0, 1.0, 1.0, 1.0]"
images/custom/jack_cole/high/C/custom_jack_cole_high_C_0.jpg,5,False,False,0.19496584206353873,"[1.4142135623730951, 1.4142135623730951, 2.23606797749979, 3.0, 203.22647465327935]"
images/custom/jack_cole/high/C/custom_jack_cole_high_C_1.jpg,3,False,False,0.2023839420871809,"[1.0, 1.0, 1.4142135623730951]"
images/custom/jack_cole/high/C/custom_jack_cole_high_C_2.jpg,3,False,False,0.23195786296855658,"[0.0, 1.0, 2.23606797749979]"
images/custom/jack_cole/high/C/custom_jack_cole_high_C_3.jpg,3,False,False,0.2318571669748053,"[1.0, 1.4142135623730951, 2.23606797749979]"
images/custom/jack_cole/high/C/custom_jack_cole_high_C_4.jpg,3,False,False,0.17310176696628332,"[0.0, 1.0, 1.0]"
images/custom/jack_cole/high/D/custom_jack_cole_high_D_0.jpg,4,True,True,0.18030528107192367,"[1.4142135623730951, 2.0, 2.23606797749979, 2.23606797749979]"
images/custom/jack_cole/high/D/custom_jack_cole_high_D_1.jpg,4,True,True,0.18023872200865299,"[1.0, 1.0, 2.0, 2.23606797749979]"
images/custom/jack_cole/high/D/custom_jack_cole_high_D_2.jpg,4,True,True,0.23713971197139472,"[1.0, 1.4142135623730951, 1.4142135623730951, 2.23606797749979]"
images/custom/jack_cole/high/D/custom_jack_cole_high_D_3.jpg,4,True,True,0.19012849999126047,"[1.0, 1.4142135623730951, 1.4142135623730951, 2.23606797749979]"
images/custom/jack_cole/high/D/custom_jack_cole_high_D_4.jpg,4,True,True,0.15949831902980804,"[1.0, 1.0, 1.0, 2.0]"
images/custom/jack_cole/medium/A/custom_jack_cole_medium_A_0.jpg,4,True,True,0.1902183450292796,"[1.0, 1.0, 1.0, 1.4142135623730951]"
images/custom/jack_cole/medium/A/custom_jack_cole_medium_A_1.jpg,4,True,True,0.19425245595630258,"[1.0, 2.23606797749979, 2.23606797749979, 3.0]"
images/custom/jack_cole/medium/A/custom_jack_cole_medium_A_2.jpg,4,True,True,0.20783185702748597,"[1.0, 1.0, 1.0, 1.4142135623730951]"
images/custom/jack_cole/medium/A/custom_jack_cole_medium_A_3.jpg,4,True,True,0.20485839596949518,"[0.0, 0.0, 1.4142135623730951, 2.23606797749979]"
images/custom/jack_cole/medium/A/custom_jack_cole_medium_A_4.jpg,4,True,True,0.16871831798925996,"[1.0, 1.4142135623730951, 2.0, 2.23606797749979]"
images/custom/jack_cole/medium/B/custom_jack_cole_medium_B_0.jpg,4,True,True,0.20788799598813057,"[1.0, 1.0, 1.4142135623730951, 1.4142135623730951]"
images/custom/jack_cole/medium/B/custom_jack_cole_medium_B_1.jpg,6,False,False,0.2204110570019111,"[0.0, 1.0, 2.23606797749979, 2.23606797749979, 241.7457341919398, 255.62472493872733]"
images/custom/jack_cole/medium/B/custom_jack_cole_medium_B_2.jpg,5,False,False,0.2322367540327832,"[1.0, 1.0, 2.0, 2.23606797749979, 253.40284134160768]"
images/custom/jack_cole/medium/B/custom_jack_cole_medium_B_3.jpg,4,True,True,0.23129532590974122,"[2.0, 2.23606797749979, 2.23606797749979, 3.0]"
images/custom/jack_cole/medium/B/custom_jack_cole_medium_B_4.jpg,4,True,True,0.14216319692786783,"[1.0, 1.0, 2.23606797749979, 3.1622776601683795]"
images/custom/jack_cole/medium/C/custom_jack_cole_medium_C_0.jpg,3,False,False,0.18767818401101977,"[1.0, 1.4142135623730951, 2.8284271247461903]"
images/custom/jack_cole/medium/C/custom_jack_cole_medium_C_1.jpg,3,False,False,0.21534596395213157,"[0.0, 2.8284271247461903, 3.0]"
images/custom/jack_cole/medium/C/custom_jack_cole_medium_C_2.jpg,3,False,False,0.22160696901846677,"[1.0, 1.0, 2.0]"
images/custom/jack_cole/medium/C/custom_jack_cole_medium_C_3.jpg,3,False,False,0.21848360600415617,"[2.0, 2.23606797749979, 2.23606797749979]"
images/custom/jack_cole/medium/C/custom_jack_cole_medium_C_4.jpg,4,True,True,0.17615622689481825,"[1.4142135623730951, 2.23606797749979, 2.23606797749979, 2.8284271247461903]"
images/custom/jack_cole/medium/D/custom_jack_cole_medium_D_0.jpg,4,True,True,0.2310472649987787,"[2.0, 2.0, 2.23606797749979, 3.0]"
images/custom/jack_cole/medium/D/custom_jack_cole_medium_D_1.jpg,4,True,True,0.23474243807140738,"[1.0, 1.0, 1.0, 2.0]"
images/custom/jack_cole/medium/D/custom_jack_cole_medium_D_2.jpg,4,True,True,0.22028507199138403,"[1.0, 1.0, 1.0, 2.0]"
images/custom/jack_cole/medium/D/custom_jack_cole_medium_D_3.jpg,4,True,True,0.2273087069625035,"[1.0, 1.4142135623730951, 1.4142135623730951, 2.23606797749979]"
images/custom/jack_cole/medium/D/custom_jack_cole_medium_D_4.jpg,4,True,True,0.169823203003034,"[1.0, 1.4142135623730951, 1.4142135623730951, 2.23606797749979]"
images/custom/jack_cole/short/A/custom_jack_cole_short_A_0.jpg,4,True,True,0.2205705069936812,"[1.0, 2.23606797749979, 3.605551275463989, 4.123105625617661]"
images/custom/jack_cole/short/A/custom_jack_cole_short_A_1.jpg,4,True,True,0.21516425197478384,"[2.0, 2.23606797749979, 3.0, 3.1622776601683795]"
images/custom/jack_cole/short/A/custom_jack_cole_short_A_2.jpg,5,False,False,0.21416641399264336,"[1.0, 1.0, 1.0, 1.4142135623730951, 504.9683158377365]"
images/custom/jack_cole/short/A/custom_jack_cole_short_A_3.jpg,4,True,True,0.245832085958682,"[1.4142135623730951, 1.4142135623730951, 2.8284271247461903, 3.1622776601683795]"
images/custom/jack_cole/short/A/custom_jack_cole_short_A_4.jpg,4,True,True,0.16970645601395518,"[1.4142135623730951, 2.23606797749979, 2.23606797749979, 3.605551275463989]"
images/custom/jack_cole/short/B/custom_jack_cole_short_B_0.jpg,4,True,True,0.22524368797894567,"[1.0, 1.0, 2.0, 2.23606797749979]"
images/custom/jack_cole/short/B/custom_jack_cole_short_B_1.jpg,4,True,True,0.24321736011188477,"[0.0, 1.0, 1.0, 2.0]"
images/custom/jack_cole/short/B/custom_jack_cole_short_B_2.jpg,4,True,True,0.25749357393942773,"[1.0, 1.0, 1.4142135623730951, 2.0]"
images/custom/jack_cole/short/B/custom_jack_cole_short_B_3.jpg,4,True,True,0.2309388640569523,"[0.0, 1.0, 1.4142135623730951, 2.0]"
images/custom/jack_cole/short/B/custom_jack_cole_short_B_4.jpg,4,True,True,0.1519324720138684,"[0.0, 1.0, 1.4142135623730951, 2.23606797749979]"
images/custom/jack_cole/short/C/custom_jack_cole_short_C_0.jpg,3,False,False,0.21455091098323464,"[1.0, 1.0, 2.23606797749979]"
images/custom/jack_cole/short/C/custom_jack_cole_short_C_1.jpg,3,False,False,0.21483209705911577,"[1.0, 1.4142135623730951, 3.0]"
images/custom/jack_cole/short/C/custom_jack_cole_short_C_2.jpg,3,False,False,0.22815265599638224,"[1.0, 1.4142135623730951, 2.23606797749979]"
images/custom/jack_cole/short/C/custom_jack_cole_short_C_3.jpg,3,False,False,0.2172537880251184,"[2.0, 2.23606797749979, 3.1622776601683795]"
images/custom/jack_cole/short/C/custom_jack_cole_short_C_4.jpg,3,False,False,0.1361599430674687,"[1.0, 2.8284271247461903, 3.0]"
images/custom/jack_cole/short/D/custom_jack_cole_short_D_0.jpg,4,True,True,0.2051740390015766,"[0.0, 1.4142135623730951, 2.0, 2.23606797749979]"
images/custom/jack_cole/short/D/custom_jack_cole_short_D_1.jpg,4,True,True,0.2238466669805348,"[0.0, 1.4142135623730951, 2.0, 2.23606797749979]"
images/custom/jack_cole/short/D/custom_jack_cole_short_D_2.jpg,4,True,True,0.2299078330397606,"[0.0, 1.0, 1.0, 1.4142135623730951]"
images/custom/jack_cole/short/D/custom_jack_cole_short_D_3.jpg,4,True,True,0.21981535095255822,"[0.0, 2.23606797749979, 2.23606797749979, 3.1622776601683795]"
images/custom/jack_cole/short/D/custom_jack_cole_short_D_4.jpg,4,True,True,0.17807732603978366,"[2.0, 2.23606797749979, 2.8284271247461903, 2.8284271247461903]"
images/custom/john_honey/high/A/custom_john_honey_high_A_0.jpg,19,False,False,0.4710925769759342,"[0.0, 1.0, 2.23606797749979, 3.0, 143.28293687665675, 146.50938536489735, 158.4960567332828, 176.13914953808538, 181.02486017119307, 189.76301009416983, 198.70832896484234, 199.52944644838766, 203.19448811422026, 216.6679487141557, 223.86156436512275, 239.0585702291386, 247.83260479605988, 263.8275952208184, 427.79083674150854]"
images/custom/john_honey/high/A/custom_john_honey_high_A_1.jpg,22,False,False,0.5184060060419142,"[1.4142135623730951, 1.4142135623730951, 1.4142135623730951, 2.23606797749979, 172.29045243425418, 175.60182231400674, 199.46177578674065, 206.6422028531442, 214.17049283222934, 219.89315587348324, 239.63513932643517, 242.52834885843757, 244.65894629054543, 247.52373623553763, 249.3692041933005, 256.56383221335, 259.40123361310367, 283.12894588861803, 300.74075214376916, 338.11980125393427, 341.5918617297549, 369.64036576110027]"
images/custom/john_honey/high/A/custom_john_honey_high_A_2.jpg,27,False,False,0.47686043404974043,"[0.0, 1.0, 1.4142135623730951, 1.4142135623730951, 233.25951213187426, 234.33736364481018, 237.6930794112441, 248.28411145298847, 263.86549603917524, 268.06715576511795, 270.55868125048215, 271.42770676554005, 276.7417568781408, 282.0655952079232, 288.2724405835563, 304.11346566701053, 304.2367499169027, 305.0147537415199, 306.7800515027012, 308.475282640279, 326.4506088216103, 328.8419073050149, 344.2455518957362, 355.60089988637543, 367.41393550054687, 393.93527387122873, 493.43895265777303]"
images/custom/john_honey/high/A/custom_john_honey_high_A_3.jpg,26,False,False,0.48330952401738614,"[0.0, 1.0, 2.23606797749979, 2.8284271247461903, 109.7679370308106, 113.29607230614837, 131.24404748406687, 141.69333082400175, 143.69411957348845, 149.60280746028798, 156.31058825300352, 178.07021087200408, 181.46349495146399, 181.8378398463862, 184.0244548966251, 191.48106956041372, 192.62658175859323, 194.67151820438448, 207.88458336298052, 209.45882650296693, 214.72307747422028, 220.51077071199947, 228.65038814749474, 280.0803456153252, 280.40149785619906, 313.12138221462936]"
images/custom/john_honey/high/A/custom_john_honey_high_A_4.jpg,24,False,False,0.46449702396057546,"[0.0, 1.0, 1.4142135623730951, 1.4142135623730951, 238.94769302087852, 281.0871750898643, 283.4872131155125, 284.27099746544667, 289.394194827747, 291.20439557122074, 300.8205445111753, 302.15393427853957, 314.8539343886304, 317.1907943178679, 317.9842763408279, 321.45450689016633, 322.02484376209236, 329.874218453034, 332.24388632448904, 340.82400150224163, 342.31710445141357, 356.4393356519451, 356.8094729684177, 394.1294203684876]"
images/custom/john_honey/high/B/custom_john_honey_high_B_0.jpg,26,False,False,0.5162860699929297,"[1.0, 1.0, 2.0, 2.0, 145.34441853748632, 147.49237268414933, 153.07514494521962, 157.17824276915684, 168.32409215557945, 181.1767093199344, 183.99184764548673, 185.53975315279473, 192.92485583770693, 196.65706191235543, 197.3854097951518, 213.84573879317773, 214.3105223734943, 219.80445855350615, 221.11761576138613, 228.60008748904713, 235.47823678633233, 241.49534156997728, 253.24296633865274, 258.21309029559285, 280.40149785619906, 316.55173352866035]"
images/custom/john_honey/high/B/custom_john_honey_high_B_1.jpg,22,False,False,0.48558182502165437,"[0.0, 1.0, 1.4142135623730951, 2.0, 169.5464538113375, 181.24568960391858, 183.14202139323461, 199.6922632452244, 206.65188119153427, 210.67985190805504, 217.846276075585, 221.73181999884454, 235.8156059297179, 239.92082027202224, 256.62813563598206, 272.15436796053814, 303.67416748877406, 306.2025473440742, 365.5680511204446, 370.32553247109496, 388.711975632344, 437.11440150148337]"
images/custom/john_honey/high/B/custom_john_honey_high_B_2.jpg,23,False,False,0.48900350800249726,"[1.0, 2.0, 2.0, 2.23606797749979, 270.3035330882673, 276.8176294963888, 305.26709616334347, 308.3504499753487, 326.0552100488505, 327.37745799000885, 327.70260908329675, 334.145178028952, 334.463749904231, 335.2014319778482, 361.7969043538101, 362.1988404178014, 365.301245549478, 366.1174674882366, 372.8189909325972, 394.4058823090751, 398.2825630127435, 403.1935019317648, 454.84282999735194]"
images/custom/john_honey/high/B/custom_john_honey_high_B_3.jpg,25,False,False,0.49001183500513434,"[0.0, 1.4142135623730951, 2.0, 3.0, 163.37074401495514, 166.04818577750254, 169.64079697997178, 175.32826355154492, 182.02472359545007, 191.9088325221119, 199.12307751739877, 204.78281177872327, 208.39625716408634, 213.19005605327843, 216.33538776631067, 222.27235545609355, 232.57256931977167, 235.76683396949622, 236.61149591682988, 251.07170290576354, 253.40284134160768, 266.2423707827137, 277.3157045679166, 285.3944638566067, 323.68194265358704]"
images/custom/john_honey/high/B/custom_john_honey_high_B_4.jpg,22,False,False,0.44120371504686773,"[1.0, 1.0, 1.0, 1.4142135623730951, 166.14752480852673, 168.68906307167634, 170.51099671282202, 178.27226368675525, 195.68597292601225, 200.30227157973022, 201.30076999355964, 202.5487595617411, 207.3957569479183, 219.69296757065302, 238.47222060441337, 241.89667215569543, 252.81020549020565, 256.62813563598206, 267.01685340067957, 280.8291295432153, 284.56457966514387, 315.1031577118833]"
images/custom/john_honey/high/C/custom_john_honey_high_C_0.jpg,18,False,False,0.4817804159829393,"[1.0, 1.4142135623730951, 2.0, 117.01709276853532, 122.80065146407001, 137.71347065556077, 154.30165261590687, 160.0312469488381, 162.5423021862309, 163.27277789025334, 177.67385851610248, 178.73443988218946, 186.03763060198332, 190.26297590440447, 200.81085628023203, 206.0218435020908, 224.20749318432692, 252.07141845120006]"
images/custom/john_honey/high/C/custom_john_honey_high_C_1.jpg,21,False,False,0.4721807000460103,"[1.0, 1.0, 1.0, 1.4142135623730951, 169.9941175452845, 232.66499521844707, 267.6602323842674, 269.45314991664134, 288.00173610587836, 290.11894112587686, 291.35888522576414, 297.21541009846715, 306.64800667866734, 324.5566206380637, 328.46917663610384, 329.19295253695816, 329.78932669205653, 337.7706322343611, 350.2284968417048, 355.735857062512, 368.7817782917155]"
images/custom/john_honey/high/C/custom_john_honey_high_C_2.jpg,15,False,False,0.48080586397554725,"[0.0, 0.0, 1.0, 2.0, 111.40017953306898, 114.23221962301179, 126.77933585565118, 144.68241081762497, 149.21461054467824, 151.48927354766738, 155.24174696260025, 162.27445886522005, 179.4017837146554, 180.60177186284747, 252.40641830191245]"
images/custom/john_honey/high/C/custom_john_honey_high_C_3.jpg,19,False,False,0.5165378589881584,"[0.0, 1.0, 1.0, 149.00335566691106, 153.05554547287727, 153.52524222420234, 165.4841382127, 185.0837648201484, 192.33304448274092, 205.29490982486632, 206.51876428063383, 223.02690420664499, 223.27113561766106, 224.71537553091466, 234.6955474652214, 244.59149617270018, 249.13048789740688, 267.0973605260823, 288.85463472134217]"
images/custom/john_honey/high/C/custom_john_honey_high_C_4.jpg,23,False,False,0.439325398998335,"[1.0, 1.4142135623730951, 1.4142135623730951, 186.68690366493306, 190.12890364171355, 195.05896544378575, 209.3895890439637, 217.70622407271685, 220.02045359466015, 222.4454989429995, 227.72132091659753, 229.2705825002414, 242.39636960977776, 261.0823624835657, 261.4670151281037, 266.7002062241422, 271.8602582210206, 275.7752708275345, 284.93508032532606, 285.0771825313278, 288.8200131569833, 301.7830346457534, 302.63013729633735]"
images/custom/john_honey/high/D/custom_john_honey_high_D_0.jpg,20,False,False,0.47107372095342726,"[0.0, 1.0, 1.0, 1.4142135623730951, 139.29106216839614, 145.15164484083533, 158.2940302096071, 174.18381095842403, 176.40011337864837, 177.89041570584965, 194.74342094150447, 197.73972792537162, 201.3156725145859, 213.60009363293827, 216.14809737770074, 226.01991062736045, 229.13969538253298, 248.5658866377283, 260.969346858975, 282.8462479864281]"
images/custom/john_honey/high/D/custom_john_honey_high_D_1.jpg,21,False,False,0.47708190500270575,"[1.0, 1.0, 2.0, 2.23606797749979, 101.1236866416568, 103.74005976477939, 109.9317970379817, 128.80993750483694, 135.83077707206124, 138.6001443000692, 142.44297104455524, 149.30840565755165, 153.52198539622916, 166.97305171793442, 174.14074767268, 178.2806775845324, 191.10729970359583, 201.37527157027003, 218.3437656540713, 247.315587862957, 249.65776575143823]"
images/custom/john_honey/high/D/custom_john_honey_high_D_2.jpg,24,False,False,0.47422783402726054,"[0.0, 1.0, 2.0, 2.23606797749979, 139.12943613772032, 140.24621207005913, 146.1642911247477, 150.7348665704123, 162.01234520862909, 167.80047675736802, 173.4877517290486, 185.62596801094398, 190.06577808748213, 190.24457942343588, 201.76471445721128, 207.03864373589778, 216.40009242142204, 222.9910312097776, 233.20591759215716, 237.49736840647307, 253.15805339747737, 272.40594707164524, 272.5013761433142, 314.00636936215164]"
images/custom/john_honey/high/D/custom_john_honey_high_D_3.jpg,23,False,False,0.4802604450378567,"[0.0, 1.0, 1.4142135623730951, 1.4142135623730951, 96.51942809610924, 101.39033484509261, 104.65180361560904, 132.1854757528224, 140.42791745233566, 140.73023839957068, 143.55835050598765, 147.4347313220328, 155.9134375222354, 161.64467204334326, 168.40427548016706, 185.39687160251654, 187.17104476921637, 199.28873525616044, 205.6817930688081, 211.69081227110448, 232.80034364235806, 235.77319610167734, 253.9389690457138]"
images/custom/john_honey/high/D/custom_john_honey_high_D_4.jpg,21,False,False,0.45264101796783507,"[1.0, 1.0, 2.0, 2.23606797749979, 161.15210206509875, 161.62301816263673, 170.84788555905513, 185.84133017173548, 195.4328529188478, 200.09247861926244, 206.11889772653063, 222.31958978011812, 229.53866776645717, 235.05318547086316, 245.0652974209119, 252.23005372080465, 256.2225595063791, 267.30132809247317, 289.110705439975, 311.1301978272119, 336.7862823809782]"
images/custom/john_honey/medium/A/custom_john_honey_medium_A_0.jpg,23,False,False,0.49343687400687486,"[0.0, 1.0, 1.0, 1.0, 181.41664752717708, 183.35757415498276, 188.09572031282372, 192.87560758167425, 202.38824076511955, 210.440015206234, 222.94618184665106, 222.9910312097776, 225.06221362103412, 233.54871012274933, 234.00213674238105, 239.57671005337727, 249.07227866625382, 256.8988127648705, 260.731662825979, 267.9346935355703, 269.2452413692766, 293.0801938036755, 304.8885042109656]"
images/custom/john_honey/medium/A/custom_john_honey_medium_A_1.jpg,22,False,False,0.4930687890155241,"[0.0, 1.0, 1.0, 2.23606797749979, 195.57607215607945, 197.44872752185566, 201.71762441591463, 207.0869382650678, 215.18828964420902, 223.37636401374252, 234.72963170422264, 238.20999139414786, 242.19207253748004, 247.1214276423637, 253.38705570727168, 259.8249410660955, 269.8629281690985, 280.22312538404105, 281.6895454219059, 290.9467305195231, 298.24151287169934, 360.2721193764513]"
images/custom/john_honey/medium/A/custom_john_honey_medium_A_2.jpg,19,False,False,0.4992710300721228,"[0.0, 1.0, 1.0, 1.4142135623730951, 128.03515142334936, 144.30869689661813, 166.50825805346713, 167.28717822953436, 168.62087652482418, 175.04570831642803, 198.03282556182447, 228.12715752404404, 229.95651762887695, 242.24367896810023, 280.1446055165082, 303.9605237526742, 307.36297760140206, 338.1419820134731, 370.7573330360439]"
images/custom/john_honey/medium/A/custom_john_honey_medium_A_3.jpg,17,False,False,0.4888433259911835,"[1.0, 1.0, 1.4142135623730951, 1.4142135623730951, 175.30829986055994, 178.0, 184.0108692441835, 188.66107176627614, 199.46177578674065, 219.49259668608414, 220.77137495608437, 233.82472067769052, 242.33035303073365, 247.3236745643247, 302.00165562460086, 307.23443817384793, 340.7359681630338]"
images/custom/john_honey/medium/A/custom_john_honey_medium_A_4.jpg,15,False,False,0.4857211549533531,"[1.0, 1.0, 1.4142135623730951, 1.4142135623730951, 133.4053971921676, 145.7840869230932, 152.2694979304785, 169.95587662684687, 180.6931099959265, 219.20766409959302, 230.85276693165278, 300.1466308323317, 304.2367499169027, 371.0862433451286, 372.90749523172633]"
images/custom/john_honey/medium/B/custom_john_honey_medium_B_0.jpg,15,False,False,0.540403067949228,"[1.0, 1.0, 1.4142135623730951, 1.4142135623730951, 180.94197965093673, 189.25115587493778, 190.04210059878838, 206.32013958894075, 225.85393509965684, 235.80076335754302, 237.30360300678117, 252.79438284898657, 273.40263349134, 274.16965550549173, 295.9189078109069]"
images/custom/john_honey/medium/B/custom_john_honey_medium_B_1.jpg,17,False,False,0.5155269060051069,"[1.0, 1.0, 2.23606797749979, 2.23606797749979, 270.4163456597992, 305.4995908344232, 305.60104711862493, 341.11874765248535, 368.4901626909462, 369.1571481090404, 383.15793088490284, 412.24871133819204, 420.0059523387734, 442.3867086610989, 458.68616722111864, 473.02642632309664, 502.04581464244876]"
images/custom/john_honey/medium/B/custom_john_honey_medium_B_2.jpg,16,False,False,0.46357108594384044,"[0.0, 2.23606797749979, 2.23606797749979, 2.23606797749979, 302.48305737677276, 304.809776746088, 305.7907781474124, 327.11618730964693, 340.83720454199243, 345.418586645247, 351.4000569151917, 361.01246515875323, 364.1387098345904, 373.64287762514624, 390.69169430639295, 410.9939172299269]"
images/custom/john_honey/medium/B/custom_john_honey_medium_B_3.jpg,17,False,False,0.4885204000165686,"[0.0, 1.0, 2.0, 2.8284271247461903, 242.44174558025273, 250.7369139157615, 266.9475603934226, 282.68179990936807, 316.4253466459348, 323.9567872417554, 351.4498541755282, 356.70856451731015, 361.0664758739033, 424.062495394252, 490.39677812970996, 495.9516105428029, 524.6751375851537]"
images/custom/john_honey/medium/B/custom_john_honey_medium_B_4.jpg,18,False,False,0.4878654091153294,"[1.0, 1.0, 1.4142135623730951, 2.23606797749979, 222.89459392277777, 242.72000329597887, 283.30195904723286, 294.5929394944828, 317.0993535155819, 357.49405589464004, 388.1546083714581, 391.0626548265636, 424.062495394252, 425.7158676864183, 460.5225293077419, 496.70212401398084, 532.634959423431, 561.0142600683159]"
images/custom/john_honey/medium/C/custom_john_honey_medium_C_0.jpg,17,False,False,0.5214939300203696,"[1.0, 1.4142135623730951, 1.4142135623730951, 197.34234213670416, 201.44478151592807, 202.20039564748632, 212.52999788265186, 230.38446128157167, 239.92707225321615, 240.9024698918631, 247.45504642257754, 253.51331325987596, 260.0192300580863, 277.5463925184401, 277.5626055505316, 299.6865028659115, 384.68818541774846]"
images/custom/john_honey/medium/C/custom_john_honey_medium_C_1.jpg,20,False,False,0.5221888700034469,"[1.0, 1.4142135623730951, 1.4142135623730951, 1.4142135623730951, 195.43796969882797, 199.21847303902317, 199.69977466186586, 210.535032714273, 228.23890991677996, 229.0785891348207, 238.07771840304585, 238.9518780005715, 245.45875417267155, 251.6445906432324, 252.41434190631878, 258.02713035648014, 298.52973051272465, 309.2975913258944, 340.4115156689033, 371.24789561693143]"
images/custom/john_honey/medium/C/custom_john_honey_medium_C_2.jpg,17,False,False,0.5190186949912459,"[1.0, 1.4142135623730951, 2.0, 2.0, 129.0968628588627, 168.12197952677099, 169.57889019568444, 198.58751219550538, 215.60380330597138, 230.85276693165278, 242.53865671269807, 256.51705596314645, 264.4919658515169, 300.1466308323317, 305.0131144721486, 335.9717250007804, 405.4528332617741]"
images/custom/john_honey/medium/C/custom_john_honey_medium_C_3.jpg,17,False,False,0.5036923120496795,"[1.0, 1.4142135623730951, 2.0, 2.23606797749979, 163.11039206623224, 182.96447742663054, 194.4453650771856, 207.57649192526594, 208.153789300123, 228.44911906155383, 264.76404589747455, 335.20292361493506, 346.5544690232691, 375.8683280086259, 377.76447689003265, 414.1074739726391, 484.65348446080526]"
images/custom/john_honey/medium/C/custom_john_honey_medium_C_4.jpg,18,False,False,0.4653057740069926,"[1.0, 1.0, 1.0, 137.56816492197603, 143.0314650697531, 180.83417818543043, 206.11889772653063, 211.80415482232638, 223.0807028857494, 229.05457864884517, 234.00213674238105, 243.21389762922678, 311.8541325684173, 317.4161306550126, 347.8807266866045, 350.13711599886125, 384.51657961653615, 420.1737735746961]"
images/custom/john_honey/medium/D/custom_john_honey_medium_D_0.jpg,17,False,False,0.4676014700671658,"[0.0, 1.0, 1.4142135623730951, 2.23606797749979, 247.95160818191923, 250.08198655640913, 262.0019083899963, 289.8706608127149, 290.84875794818174, 294.462221685567, 296.2735222729159, 317.49803148996057, 319.15200140371985, 323.154761685481, 327.365239449762, 343.14574163174456, 357.76249104678374]"
images/custom/john_honey/medium/D/custom_john_honey_medium_D_1.jpg,20,False,False,0.47121481504291296,"[0.0, 1.0, 1.4142135623730951, 1.4142135623730951, 150.86417732516887, 158.00316452527144, 166.24379687675568, 186.46179233290664, 192.77188591700815, 204.08821622033938, 211.53250341259616, 212.24985276791125, 221.41589825484527, 231.63117234085743, 237.95167576632025, 242.6375898330677, 242.90327292978165, 257.26251184344756, 308.8899480397509, 336.7565886512096]"
images/custom/john_honey/medium/D/custom_john_honey_medium_D_2.jpg,21,False,False,0.4813128779642284,"[0.0, 1.4142135623730951, 1.4142135623730951, 1.4142135623730951, 172.23530416264836, 187.2591786802452, 193.27959023135372, 208.58571379651102, 226.2056586383285, 236.13555429032706, 259.8557292037257, 266.9082239272518, 274.83813418083014, 290.27056344038743, 299.4010688023675, 299.4077487307234, 303.22269044383864, 332.75817044814994, 345.83377510011945, 358.235955761004, 380.5916446797013]"
images/custom/john_honey/medium/D/custom_john_honey_medium_D_3.jpg,18,False,False,0.5024285290855914,"[0.0, 1.0, 1.0, 2.23606797749979, 237.49105246303492, 240.55976388415417, 246.0081299469593, 260.2152954766495, 278.1726082848561, 278.8207309365643, 279.89283663573815, 286.4716390849188, 299.1070042643602, 302.3524433504714, 315.22848856028224, 322.4422428901027, 325.1538097577822, 330.32408328791286]"
images/custom/john_honey/medium/D/custom_john_honey_medium_D_4.jpg,19,False,False,0.46322611602954566,"[1.0, 1.4142135623730951, 2.23606797749979, 2.23606797749979, 187.40864441108366, 188.2153022471871, 197.0913493789111, 213.2650932525058, 229.31419493786248, 234.38643305447522, 243.00205760445732, 260.5379051117131, 287.0435507026765, 288.87713651308576, 305.85290582239037, 333.17412864746865, 363.23546082396746, 394.14971774694953, 803.1768173945261]"
images/custom/john_honey/short/A/custom_john_honey_short_A_0.jpg,23,False,False,0.5287397559732199,"[0.0, 1.0, 1.4142135623730951, 2.0, 262.36615635405417, 262.6670896781704, 270.4163456597992, 270.7397274136177, 283.8045101826255, 285.84786163272236, 306.9609095634166, 309.2733418838423, 312.6227758817326, 314.03343771006297, 324.2606975876047, 337.5574025258519, 339.3287491504367, 358.91224554199874, 360.46913876225244, 367.00953666083393, 386.50485119853283, 396.7177838211945, 433.9700450491946]"
images/custom/john_honey/short/A/custom_john_honey_short_A_1.jpg,27,False,False,0.5023637840058655,"[1.4142135623730951, 2.0, 2.23606797749979, 3.0, 332.03915431767985, 346.1574786134195, 369.82157860243905, 379.8697145074874, 388.0579853578586, 389.89357522277794, 390.7083311115851, 393.02926099719343, 395.47945585074325, 407.0012284993744, 409.1869988159448, 436.3312961500699, 437.7864776349311, 438.71858861917394, 444.08332551448046, 446.6855717392269, 454.63391866423694, 484.7855195857236, 487.2832851637741, 491.6787569134953, 492.8823389004723, 493.98481758045966, 504.67018933160693]"
images/custom/john_honey/short/A/custom_john_honey_short_A_2.jpg,24,False,False,0.5284721560310572,"[1.0, 1.0, 1.4142135623730951, 2.23606797749979, 181.6865432551349, 182.0604295282201, 192.00260414900626, 193.4140636044856, 211.62466774929618, 214.80456233516085, 227.771815640127, 232.64780248263682, 232.89911979223967, 238.0756182392477, 245.13057744802055, 264.95471311150516, 266.59519875646674, 290.6217472936256, 293.9557789872484, 296.04222671774374, 304.08551428833306, 313.69411852950003, 354.039545813741, 366.3836786757838]"
images/custom/john_honey/short/A/custom_john_honey_short_A_3.jpg,23,False,False,0.5353737249970436,"[1.0, 1.4142135623730951, 2.0, 2.0, 142.67795905464865, 149.164338901763, 151.02979838429235, 168.88161534045085, 171.20747647226156, 203.83571816538927, 222.20036003571192, 239.92707225321615, 246.5866987491418, 249.30302846134862, 253.0177859360879, 262.497619036821, 267.8544380815819, 280.43180989324304, 295.8800432607782, 325.38592471094995, 347.2477501726973, 352.23003846918, 391.90432505906335]"
images/custom/john_honey/short/A/custom_john_honey_short_A_4.jpg,26,False,False,0.5307853870326653,"[0.0, 1.4142135623730951, 2.23606797749979, 2.23606797749979, 172.75416058665562, 179.49373248110922, 194.61243536834948, 221.75887806353998, 221.84679398179276, 222.40728405337808, 231.21634890292685, 231.40008643040736, 248.20354550247666, 248.3646512690564, 252.63412279421004, 270.1869722988138, 271.84002648616706, 272.03860020225073, 275.0890764825096, 282.3473038652928, 287.8367592924851, 301.08636634693374, 302.79035651750866, 307.4345458792814, 332.8618331981004, 362.49137920783716]"
images/custom/john_honey/short/B/custom_john_honey_short_B_0.jpg,28,False,False,0.5520308900158852,"[1.0, 1.0, 2.23606797749979, 2.23606797749979, 262.9239433752658, 268.9107658685312, 273.4264069178396, 283.21370023358685, 289.917229567337, 302.8530997034701, 312.488399784696, 314.80311307228203, 321.97204847626136, 326.01380338875225, 327.6858251435359, 336.48179742743883, 342.95334959728854, 356.2611401766968, 361.809342057388, 363.2079294288603, 370.00540536592166, 372.1316971181036, 383.98567681620625, 407.191601092164, 428.08527187933015, 440.12384620695116, 454.1189271545506, 484.9257675149878]"
images/custom/john_honey/short/B/custom_john_honey_short_B_1.jpg,23,False,False,0.5519353949930519,"[0.0, 2.0, 2.0, 3.0, 237.00843866833097, 238.30442715149042, 266.4432397340942, 287.1167010119753, 290.93126335957777, 296.66479400158016, 319.23189063751136, 320.89406351629503, 334.61171527607934, 334.970147923662, 341.6460156360674, 350.70785562915466, 353.02266216207704, 370.06080581439585, 384.56728930058523, 401.6876896296425, 418.1219917679528, 446.23984582284896, 470.40939616465994]"
images/custom/john_honey/short/B/custom_john_honey_short_B_2.jpg,21,False,False,0.5202877190895379,"[1.0, 1.0, 1.4142135623730951, 1.4142135623730951, 324.57972826410463, 360.2846097184835, 363.2698721336522, 402.7319207611932, 446.68669109343296, 478.65749759091835, 481.3584942638906, 486.2766702197423, 492.66723049133276, 505.2860575951013, 520.6006146750117, 528.4439421547, 558.0895985413094, 559.3326380607518, 573.9494751282555, 594.6427498927402, 608.1389643823195]"
images/custom/john_honey/short/B/custom_john_honey_short_B_3.jpg,24,False,False,0.5544594150269404,"[1.0, 1.0, 1.0, 2.0, 168.6801707374047, 171.51093259614677, 182.17573932881405, 186.6815470259447, 195.72429588581997, 210.24033866030564, 218.68927728629038, 239.00209204105306, 262.03053257206494, 264.70549673174526, 268.4660127464927, 268.5609800399157, 275.7571395267945, 279.8731855680354, 290.82640870457413, 297.83384629689084, 299.1070042643602, 305.5110472634337, 321.43584118763107, 350.6479716182599]"
images/custom/john_honey/short/B/custom_john_honey_short_B_4.jpg,19,False,False,0.5171314409235492,"[1.0, 1.0, 1.0, 1.4142135623730951, 170.20575783445165, 173.4156855650607, 178.10109488714548, 211.62466774929618, 237.1349826575573, 264.23663636975095, 276.0670208481991, 277.34635386101615, 277.65446151646836, 282.0159569953445, 293.0614270080592, 299.81661061388843, 324.45184542548066, 350.7962371519968, 352.8809997718778]"
images/custom/john_honey/short/C/custom_john_honey_short_C_0.jpg,17,False,False,0.5658033359795809,"[1.4142135623730951, 1.4142135623730951, 2.0, 182.33211456021672, 204.26698215815497, 219.69296757065302, 221.41589825484527, 233.02574965011914, 242.98559628093184, 253.9389690457138, 263.9109698364204, 266.5633133047382, 271.55294143131647, 281.092511461974, 316.6654385941099, 330.49205739321485, 360.568994784632]"
images/custom/john_honey/short/C/custom_john_honey_short_C_1.jpg,21,False,False,0.554443474044092,"[0.0, 1.0, 2.23606797749979, 186.59046063504962, 190.26297590440447, 232.54461937443318, 261.9198350640898, 265.1980392084376, 280.5726287434325, 284.29737951659, 287.2525021649072, 295.10845463998487, 299.5797055876783, 316.1898164078027, 334.463749904231, 346.2036972650639, 356.8557131390781, 383.3027524033711, 399.4608866960569, 421.2030389254095, 425.3292842022519]"
images/custom/john_honey/short/C/custom_john_honey_short_C_2.jpg,20,False,False,0.5553803319344297,"[1.0, 1.4142135623730951, 2.23606797749979, 315.9952531289038, 320.9189928938454, 324.7799254880141, 338.0961401731762, 365.2683944717911, 372.4902683292545, 381.4302033137911, 391.0319680026174, 403.1935019317648, 406.5095324835569, 409.7377209874629, 414.2475105537751, 414.66371917494786, 415.07710127155894, 436.0103209787585, 449.3072445443096, 451.7742799230607]"
images/custom/john_honey/short/C/custom_john_honey_short_C_3.jpg,19,False,False,0.5458822849905118,"[1.0, 1.4142135623730951, 2.0, 2.0, 159.13830462839547, 210.95023109728987, 250.13996082193665, 254.26167623139747, 262.9315500277591, 276.65321252427196, 312.5699921617557, 340.3307215048327, 381.209915925596, 385.12984823303424, 422.2913686070318, 424.27938908224144, 473.08033144488263, 505.75982442262057, 539.2902743421208]"
images/custom/john_honey/short/C/custom_john_honey_short_C_4.jpg,19,False,False,0.5129395140102133,"[0.0, 1.4142135623730951, 1.4142135623730951, 372.5184559186296, 373.48360071092816, 375.5649078388448, 381.18237105091833, 385.33102652135346, 399.1252936109161, 417.3787249010184, 424.062495394252, 427.4435635262274, 433.7787454451866, 437.71451883619306, 452.31957729021633, 470.83861353971383, 490.02550954006466, 492.8823389004723, 542.299732620255]"
images/custom/john_honey/short/D/custom_john_honey_short_D_0.jpg,21,False,False,0.5423907559597865,"[0.0, 1.4142135623730951, 1.4142135623730951, 2.23606797749979, 259.40894356209077, 263.21094202179364, 273.4684625327023, 299.3927186823354, 302.7358584641073, 311.64242329952447, 315.83065082414026, 320.6555784638714, 327.67361810191557, 352.4272974671514, 359.4495792180038, 361.7969043538101, 377.4784762075846, 401.8556954927975, 420.57698462944927, 433.35205087780537, 447.532121752171]"
images/custom/john_honey/short/D/custom_john_honey_short_D_1.jpg,25,False,False,0.5721708469791338,"[0.0, 1.0, 1.4142135623730951, 1.4142135623730951, 245.15301344262525, 260.62233212063774, 288.7351727794866, 298.60509037858014, 308.084404019418, 313.99681527047375, 339.4775397577872, 339.6733725213091, 349.7570585420686, 361.46507438478756, 364.5490364820623, 383.6469731406726, 408.53396431630995, 409.70477175644413, 423.64725893129537, 435.63861169551996, 446.68669109343296, 485.6058072140406, 494.0789410610414, 531.672831730191, 607.6026662219316]"
images/custom/john_honey/short/D/custom_john_honey_short_D_2.jpg,22,False,False,0.575995261897333,"[0.0, 1.4142135623730951, 1.4142135623730951, 2.23606797749979, 325.3013987058771, 331.36837507523256, 337.0534082308025, 367.21247255505904, 375.3571632458877, 388.0012886576538, 388.6296437483893, 419.66296000481145, 428.1413318052813, 436.90387958909224, 454.875807226544, 469.2941508265365, 481.89832952605263, 492.221494857752, 503.7231382416337, 539.8008892174965, 545.4924380777427, 580.0448258540024]"
images/custom/john_honey/short/D/custom_john_honey_short_D_3.jpg,19,False,False,0.5570298240054399,"[0.0, 1.4142135623730951, 1.4142135623730951, 2.0, 297.3919972023457, 322.70419891907204, 358.1312608527773, 370.2769233965303, 401.15458367068425, 411.4911906711977, 445.88002870727456, 483.5131849288083, 483.5876342505048, 563.2637037835831, 569.2538976590323, 641.3774239868441, 693.7492342338116, 724.1332750260825, 735.9408943658451]"
images/custom/john_honey/short/D/custom_john_honey_short_D_4.jpg,20,False,False,0.5140286680543795,"[0.0, 1.0, 1.0, 1.4142135623730951, 290.1671931835162, 312.4387940061221, 316.46958779636316, 328.1524036175874, 362.6844358392017, 366.61696632861936, 392.4754769409167, 398.5398348973412, 421.3846224057067, 437.6711093960852, 453.03531871146646, 466.56725131539184, 475.8329538819269, 496.9104547099004, 521.9731793876003, 563.2051136131489]"
images/custom/michaels/high/A/custom_michaels_high_A_0.jpg,6,False,False,0.42903501202818006,"[0.0, 1.0, 1.4142135623730951, 2.23606797749979, 215.87033144922904, 357.61012289922667]"
images/custom/michaels/high/A/custom_michaels_high_A_1.jpg,6,False,False,0.4245156589895487,"[1.0, 1.0, 1.0, 1.4142135623730951, 201.80436070610565, 284.9438541186667]"
images/custom/michaels/high/A/custom_michaels_high_A_2.jpg,5,False,False,0.43377762904856354,"[1.0, 1.0, 1.4142135623730951, 1.4142135623730951, 376.26054802490256]"
images/custom/michaels/high/A/custom_michaels_high_A_3.jpg,5,False,False,0.42763080599252135,"[0.0, 1.0, 1.0, 1.0, 421.1614892176159]"
images/custom/michaels/high/A/custom_michaels_high_A_4.jpg,5,False,False,0.37668574904091656,"[0.0, 1.4142135623730951, 1.4142135623730951, 2.0, 475.14734556766706]"
images/custom/michaels/high/B/custom_michaels_high_B_0.jpg,6,False,False,0.4397218480007723,"[0.0, 1.0, 1.4142135623730951, 2.8284271247461903, 396.9811078628302, 476.5427577877981]"
images/custom/michaels/high/B/custom_michaels_high_B_1.jpg,4,True,True,0.4069125169189647,"[1.0, 1.0, 1.4142135623730951, 2.0]"
images/custom/michaels/high/B/custom_michaels_high_B_2.jpg,5,False,False,0.3963989570038393,"[0.0, 1.0, 1.0, 1.4142135623730951, 551.4526271584895]"
images/custom/michaels/high/B/custom_michaels_high_B_3.jpg,5,False,False,0.42823682294692844,"[0.0, 1.0, 1.0, 2.23606797749979, 265.04716561397146]"
images/custom/michaels/high/B/custom_michaels_high_B_4.jpg,5,False,False,0.38367214100435376,"[0.0, 1.0, 1.0, 1.4142135623730951, 513.3906894364175]"
images/custom/michaels/high/C/custom_michaels_high_C_0.jpg,5,False,False,0.39332898799329996,"[1.0, 1.4142135623730951, 2.23606797749979, 3.1622776601683795, 545.8800234483764]"
images/custom/michaels/high/C/custom_michaels_high_C_1.jpg,5,False,False,0.39959288702812046,"[0.0, 1.0, 1.0, 2.23606797749979, 532.9024300939151]"
images/custom/michaels/high/C/custom_michaels_high_C_2.jpg,3,False,False,0.40503361995797604,"[0.0, 1.0, 1.4142135623730951]"
images/custom/michaels/high/C/custom_michaels_high_C_3.jpg,6,False,False,0.4210275170626119,"[0.0, 1.0, 1.4142135623730951, 261.0938528575501, 499.0561090699121, 570.852870711885]"
images/custom/michaels/high/C/custom_michaels_high_C_4.jpg,5,False,False,0.38387404300738126,"[1.0, 1.4142135623730951, 2.23606797749979, 2.23606797749979, 454.35668807666957]"
images/custom/michaels/high/D/custom_michaels_high_D_0.jpg,4,True,True,0.4107102690031752,"[0.0, 0.0, 1.0, 1.4142135623730951]"
images/custom/michaels/high/D/custom_michaels_high_D_1.jpg,4,True,True,0.39804734697099775,"[1.0, 1.0, 1.4142135623730951, 2.23606797749979]"
images/custom/michaels/high/D/custom_michaels_high_D_2.jpg,4,True,True,0.40855349204503,"[1.0, 1.0, 1.0, 1.4142135623730951]"
images/custom/michaels/high/D/custom_michaels_high_D_3.jpg,6,False,False,0.44704633695073426,"[1.0, 1.0, 1.0, 1.4142135623730951, 409.41421567893804, 422.47366781848075]"
images/custom/michaels/high/D/custom_michaels_high_D_4.jpg,5,False,False,0.4197365619475022,"[1.0, 1.0, 1.4142135623730951, 1.4142135623730951, 358.93314140658566]"
images/custom/michaels/medium/A/custom_michaels_medium_A_0.jpg,4,True,True,0.5289699629647657,"[0.0, 1.4142135623730951, 2.0, 2.23606797749979]"
images/custom/michaels/medium/A/custom_michaels_medium_A_1.jpg,5,False,False,0.526406757067889,"[0.0, 0.0, 1.0, 2.0, 472.72190556393724]"
images/custom/michaels/medium/A/custom_michaels_medium_A_2.jpg,4,True,True,0.34430111094843596,"[1.0, 1.4142135623730951, 1.4142135623730951, 3.0]"
images/custom/michaels/medium/A/custom_michaels_medium_A_3.jpg,5,False,False,0.533074039965868,"[0.0, 1.0, 2.0, 2.23606797749979, 508.80251571705105]"
images/custom/michaels/medium/A/custom_michaels_medium_A_4.jpg,4,True,False,0.5011404580436647,"[0.0, 1.0, 1.4142135623730951, 475.1431363284121]"
images/custom/michaels/medium/B/custom_michaels_medium_B_0.jpg,5,False,False,0.5023084859130904,"[1.0, 1.0, 1.0, 1.4142135623730951, 591.6764318442978]"
images/custom/michaels/medium/B/custom_michaels_medium_B_1.jpg,5,False,False,0.5400204150937498,"[0.0, 0.0, 1.4142135623730951, 2.23606797749979, 456.6015768698133]"
images/custom/michaels/medium/B/custom_michaels_medium_B_2.jpg,6,False,False,0.5280777020379901,"[0.0, 1.4142135623730951, 2.23606797749979, 2.23606797749979, 121.33424908079334, 450.32099662351965]"
images/custom/michaels/medium/B/custom_michaels_medium_B_3.jpg,4,True,True,0.5914284120080993,"[0.0, 1.0, 1.4142135623730951, 2.23606797749979]"
images/custom/michaels/medium/B/custom_michaels_medium_B_4.jpg,4,True,True,0.47916900599375367,"[1.0, 1.0, 1.4142135623730951, 2.0]"
images/custom/michaels/medium/C/custom_michaels_medium_C_0.jpg,5,False,False,0.49608102696947753,"[1.0, 1.0, 1.4142135623730951, 2.0, 386.8074456367147]"
images/custom/michaels/medium/C/custom_michaels_medium_C_1.jpg,4,True,False,0.5647187309805304,"[1.0, 1.0, 1.4142135623730951, 460.2445002387318]"
images/custom/michaels/medium/C/custom_michaels_medium_C_2.jpg,4,True,False,0.5060162030858919,"[1.0, 1.4142135623730951, 2.23606797749979, 641.343901506828]"
images/custom/michaels/medium/C/custom_michaels_medium_C_3.jpg,4,True,True,0.5004098799545318,"[1.0, 1.4142135623730951, 2.0, 2.0]"
images/custom/michaels/medium/C/custom_michaels_medium_C_4.jpg,3,False,False,0.5039742500521243,"[0.0, 0.0, 1.4142135623730951]"
images/custom/michaels/medium/D/custom_michaels_medium_D_0.jpg,5,False,False,0.5025665670400485,"[0.0, 1.0, 1.0, 1.0, 556.138471965391]"
images/custom/michaels/medium/D/custom_michaels_medium_D_1.jpg,5,False,False,0.4991392130032182,"[0.0, 0.0, 1.4142135623730951, 2.23606797749979, 484.4068537913146]"
images/custom/michaels/medium/D/custom_michaels_medium_D_2.jpg,5,False,False,0.5080698400270194,"[0.0, 0.0, 1.0, 1.4142135623730951, 488.80671026490626]"
images/custom/michaels/medium/D/custom_michaels_medium_D_3.jpg,5,False,False,0.5163977969205007,"[1.0, 1.0, 1.4142135623730951, 1.4142135623730951, 428.22424032275427]"
images/custom/michaels/medium/D/custom_michaels_medium_D_4.jpg,5,False,False,0.47866994701325893,"[0.0, 1.0, 1.4142135623730951, 2.23606797749979, 687.7281439638776]"
images/custom/michaels/short/A/custom_michaels_short_A_0.jpg,23,False,False,0.4983176289824769,"[1.0, 1.0, 1.0, 2.23606797749979, 253.45019234555733, 271.8124353299532, 282.24280327406046, 292.5816125459698, 302.9075766632456, 304.2137406495637, 310.3111341863195, 311.7130090323469, 311.9246703933499, 322.0636583037583, 338.0014792867037, 342.79439902075416, 343.70481521212355, 351.0911562543266, 361.20354372569494, 362.44171945293493, 377.58442764499705, 382.47222121351507, 403.71400768365714]"
images/custom/michaels/short/A/custom_michaels_short_A_1.jpg,5,False,False,0.5198201910825446,"[0.0, 1.0, 1.0, 1.4142135623730951, 153.8083222715858]"
images/custom/michaels/short/A/custom_michaels_short_A_2.jpg,4,True,True,0.492629376007244,"[0.0, 1.4142135623730951, 1.4142135623730951, 2.0]"
images/custom/michaels/short/A/custom_michaels_short_A_3.jpg,5,False,False,0.5114886469673365,"[1.0, 2.23606797749979, 2.23606797749979, 2.23606797749979, 350.0]"
images/custom/michaels/short/A/custom_michaels_short_A_4.jpg,4,True,True,0.5194197129458189,"[1.0, 2.23606797749979, 2.23606797749979, 2.23606797749979]"
images/custom/michaels/short/B/custom_michaels_short_B_0.jpg,4,True,True,0.4753436599858105,"[1.0, 1.4142135623730951, 1.4142135623730951, 2.23606797749979]"
images/custom/michaels/short/B/custom_michaels_short_B_1.jpg,6,False,False,0.4783683209680021,"[1.0, 1.0, 2.23606797749979, 2.8284271247461903, 313.8295715830489, 463.7423853822292]"
images/custom/michaels/short/B/custom_michaels_short_B_2.jpg,6,False,False,0.5243162290425971,"[0.0, 1.0, 1.4142135623730951, 2.0, 324.8199501262199, 475.94642555649057]"
images/custom/michaels/short/B/custom_michaels_short_B_3.jpg,8,False,False,0.5251201890641823,"[1.4142135623730951, 1.4142135623730951, 1.4142135623730951, 2.0, 203.48218595248088, 209.69740103301234, 290.077575831018, 588.2176467941097]"
images/custom/michaels/short/B/custom_michaels_short_B_4.jpg,4,True,True,0.48915963992476463,"[1.0, 1.4142135623730951, 2.0, 2.23606797749979]"
images/custom/michaels/short/C/custom_michaels_short_C_0.jpg,4,True,True,0.49265713000204414,"[0.0, 1.0, 1.0, 2.23606797749979]"
images/custom/michaels/short/C/custom_michaels_short_C_1.jpg,3,False,False,0.49306813802104443,"[1.0, 1.0, 154.1557653803451]"
images/custom/michaels/short/C/custom_michaels_short_C_2.jpg,4,True,False,0.5021498479181901,"[0.0, 1.0, 1.0, 591.5082417008236]"
images/custom/michaels/short/C/custom_michaels_short_C_3.jpg,4,True,False,0.48112433194182813,"[1.4142135623730951, 1.4142135623730951, 2.23606797749979, 513.0389848734694]"
images/custom/michaels/short/C/custom_michaels_short_C_4.jpg,3,False,False,0.4746120700147003,"[1.0, 1.4142135623730951, 2.8284271247461903]"
images/custom/michaels/short/D/custom_michaels_short_D_0.jpg,5,False,False,0.5263073740061373,"[1.0, 2.0, 2.0, 2.23606797749979, 635.8152247312107]"
images/custom/michaels/short/D/custom_michaels_short_D_1.jpg,5,False,False,0.5115442560054362,"[1.0, 1.0, 1.0, 2.23606797749979, 438.7493589738907]"
images/custom/michaels/short/D/custom_michaels_short_D_2.jpg,7,False,False,0.5069768290268257,"[0.0, 2.0, 2.23606797749979, 2.23606797749979, 197.5854245636555, 251.2866888635369, 623.0]"
images/custom/michaels/short/D/custom_michaels_short_D_3.jpg,5,False,False,0.4982743450673297,"[1.4142135623730951, 1.4142135623730951, 1.4142135623730951, 3.0, 534.4791857500159]"
images/custom/michaels/short/D/custom_michaels_short_D_4.jpg,4,True,True,0.47727862605825067,"[1.0, 1.0, 2.0, 3.0]"
images/dark/davids/high/A/dark_davids_high_A_0.jpg,14,False,False,0.5215249509783462,"[1.0, 1.0, 1.0, 2.23606797749979, 234.00854685246006, 251.46172671005024, 253.2212471338059, 268.71546289709494, 269.4327374318125, 272.5233934912744, 285.4277491765648, 287.07664481806944, 303.29523570277195, 303.4633421024688]"
images/dark/davids/high/A/dark_davids_high_A_1.jpg,9,False,False,0.5239871720550582,"[1.0, 1.0, 1.4142135623730951, 2.0, 224.35685859808254, 240.24362634625712, 244.2396364229197, 259.12352266824405, 299.0551788550066]"
images/dark/davids/high/A/dark_davids_high_A_2.jpg,13,False,False,0.4921183539554477,"[0.0, 1.0, 1.0, 1.4142135623730951, 245.60537453402765, 261.444066675838, 265.7668150842012, 278.48518811599297, 280.47994580718245, 282.936388610585, 296.438863848855, 298.44429966075745, 315.08728949292765]"
images/dark/davids/high/A/dark_davids_high_A_3.jpg,9,False,False,0.48096362000796944,"[1.0, 2.0, 2.23606797749979, 2.23606797749979, 249.15858403835898, 261.8110005328271, 271.53268679847736, 295.6924077483221, 318.7287247801804]"
images/dark/davids/high/A/dark_davids_high_A_4.jpg,9,False,False,0.4756334329722449,"[1.0, 1.0, 1.0, 1.0, 311.3727669530526, 324.77838598034816, 333.7813655673426, 340.7007484582328, 356.52349151213025]"
images/dark/davids/high/B/dark_davids_high_B_0.jpg,9,False,False,0.5179438089253381,"[1.0, 1.0, 1.4142135623730951, 1.4142135623730951, 190.3943276465977, 211.9929244102265, 213.60009363293827, 223.60679774997897, 230.4256930118688]"
images/dark/davids/high/B/dark_davids_high_B_1.jpg,14,False,False,0.4977770890109241,"[1.0, 2.0, 2.0, 2.23606797749979, 143.68368035375485, 150.86417732516887, 153.4177303964571, 174.54512310574592, 174.64249196572982, 183.73078130786905, 190.06577808748213, 195.49424543960367, 209.40152817016403, 217.63501556505102]"
images/dark/davids/high/B/dark_davids_high_B_2.jpg,16,False,False,0.49941265396773815,"[1.0, 1.0, 1.4142135623730951, 2.23606797749979, 130.17296186228538, 140.0142849854971, 148.35430563350698, 152.31546211727817, 154.20765220960988, 162.8158468945821, 170.10584939971935, 184.04347312523745, 184.83776670366908, 185.43192821086663, 187.1095935541521, 221.20578654275752]"
images/dark/davids/high/B/dark_davids_high_B_3.jpg,11,False,False,0.5139737109420821,"[1.0, 1.4142135623730951, 2.0, 2.23606797749979, 114.58621208504974, 118.22436297142819, 156.92354826475216, 254.9078264785136, 267.64155133312164, 277.4833328328028, 332.00150602068055]"
images/dark/davids/high/B/dark_davids_high_B_4.jpg,4,True,True,0.501654596067965,"[1.0, 1.4142135623730951, 1.4142135623730951, 1.4142135623730951]"
images/dark/davids/high/C/dark_davids_high_C_0.jpg,12,False,False,0.5108299780404195,"[0.0, 1.0, 1.4142135623730951, 2.23606797749979, 148.94629904767692, 160.1030917877603, 172.52536045462998, 173.62315513778685, 188.85444130334875, 193.87109119205988, 208.08652046684813, 214.67417171145672]"
images/dark/davids/high/C/dark_davids_high_C_1.jpg,13,False,False,0.5092648910358548,"[0.0, 0.0, 1.4142135623730951, 2.0, 160.22796260328596, 163.86579875007476, 170.88300090997933, 181.46349495146399, 185.33483212823216, 188.4728097100481, 195.0179478919825, 203.94361965994426, 226.99118925632334]"
images/dark/davids/high/C/dark_davids_high_C_2.jpg,4,True,True,0.5237728139618412,"[0.0, 1.0, 1.0, 1.4142135623730951]"
images/dark/davids/high/C/dark_davids_high_C_3.jpg,11,False,False,0.4970752070657909,"[1.0, 1.0, 1.0, 2.0, 171.5488268686207, 171.56339936011994, 174.13213373757299, 175.0028571195339, 196.02295783912658, 199.07787421006887, 221.6235547048192]"
images/dark/davids/high/C/dark_davids_high_C_4.jpg,4,True,True,0.4822945829946548,"[0.0, 0.0, 1.0, 2.0]"
images/dark/davids/high/D/dark_davids_high_D_0.jpg,4,True,True,0.4931703860638663,"[0.0, 0.0, 1.4142135623730951, 2.0]"
images/dark/davids/high/D/dark_davids_high_D_1.jpg,4,True,True,0.5225870920112357,"[0.0, 0.0, 1.0, 1.4142135623730951]"
images/dark/davids/high/D/dark_davids_high_D_2.jpg,4,True,True,0.5030743019888178,"[1.0, 1.0, 1.4142135623730951, 1.4142135623730951]"
images/dark/davids/high/D/dark_davids_high_D_3.jpg,4,True,True,0.49105501000303775,"[0.0, 0.0, 1.0, 1.0]"
images/dark/davids/high/D/dark_davids_high_D_4.jpg,4,True,True,0.4820032680872828,"[0.0, 1.0, 1.4142135623730951, 1.4142135623730951]"
images/dark/davids/medium/A/dark_davids_medium_A_0.jpg,4,True,True,0.5478513470152393,"[0.0, 1.0, 1.4142135623730951, 2.0]"
images/dark/davids/medium/A/dark_davids_medium_A_1.jpg,4,True,True,0.5373571449890733,"[0.0, 1.0, 1.0, 1.0]"
images/dark/davids/medium/A/dark_davids_medium_A_2.jpg,4,True,True,0.6110003259964287,"[0.0, 1.0, 1.0, 2.0]"
images/dark/davids/medium/A/dark_davids_medium_A_3.jpg,4,True,True,0.630077198962681,"[1.0, 1.4142135623730951, 2.23606797749979, 2.23606797749979]"
images/dark/davids/medium/A/dark_davids_medium_A_4.jpg,4,True,True,0.5127286139177158,"[0.0, 1.4142135623730951, 1.4142135623730951, 2.23606797749979]"
images/dark/davids/medium/B/dark_davids_medium_B_0.jpg,17,False,False,0.5513604489387944,"[1.0, 1.0, 1.4142135623730951, 2.0, 150.11995203836165, 161.20794025109308, 175.84083712266613, 177.04519197086375, 186.4242473499625, 194.11594473406868, 199.12307751739877, 203.35437049643167, 215.4738963308549, 222.62299971027252, 237.36048533822978, 615.4421175057813, 671.8720116212611]"
images/dark/davids/medium/B/dark_davids_medium_B_1.jpg,18,False,False,0.5566447169985622,"[1.0, 1.4142135623730951, 2.0, 2.23606797749979, 99.64436762808022, 119.03780911962384, 122.78843593759146, 140.29255147726127, 142.36923825040296, 147.08500943332058, 159.5399636454766, 161.40012391568973, 166.20770138594662, 179.60233851484227, 181.23189564753773, 198.80643852752857, 474.911570716065, 543.111406619305]"
images/dark/davids/medium/B/dark_davids_medium_B_2.jpg,17,False,False,0.5221766460454091,"[1.4142135623730951, 1.4142135623730951, 2.23606797749979, 2.23606797749979, 98.79271228182775, 119.03780911962384, 122.78843593759146, 139.43098651304163, 147.08500943332058, 158.61904047118682, 161.40012391568973, 165.22106403240477, 178.73443988218946, 180.27756377319946, 197.89138435010253, 470.8046303935423, 539.971295533383]"
images/dark/davids/medium/B/dark_davids_medium_B_3.jpg,17,False,False,0.5401334250345826,"[1.0, 1.0, 1.4142135623730951, 2.23606797749979, 98.79271228182775, 118.10588469674151, 122.0245876862528, 138.5712812959453, 140.4314779527724, 146.38647478507022, 157.69908052997647, 160.60199251565965, 164.23458831805192, 179.32372960654146, 196.9771560359221, 470.73665674132496, 539.1567490071881]"
images/dark/davids/medium/B/dark_davids_medium_B_4.jpg,6,False,False,0.5304936110042036,"[1.0, 1.0, 1.4142135623730951, 2.23606797749979, 519.3110821078249, 589.6007123469238]"
images/dark/davids/medium/C/dark_davids_medium_C_0.jpg,4,True,True,0.5524599440395832,"[0.0, 1.0, 1.0, 1.4142135623730951]"
images/dark/davids/medium/C/dark_davids_medium_C_1.jpg,4,True,True,0.5559904370456934,"[0.0, 1.0, 1.4142135623730951, 2.0]"
images/dark/davids/medium/C/dark_davids_medium_C_2.jpg,4,True,True,0.5271456419723108,"[0.0, 1.0, 1.0, 2.23606797749979]"
images/dark/davids/medium/C/dark_davids_medium_C_3.jpg,4,True,True,0.5230486780637875,"[0.0, 0.0, 1.4142135623730951, 1.4142135623730951]"
images/dark/davids/medium/C/dark_davids_medium_C_4.jpg,4,True,True,0.5224676301004365,"[0.0, 1.0, 1.4142135623730951, 2.23606797749979]"
images/dark/davids/medium/D/dark_davids_medium_D_0.jpg,5,False,False,0.5329265230102465,"[1.4142135623730951, 1.4142135623730951, 2.23606797749979, 2.23606797749979, 590.0]"
images/dark/davids/medium/D/dark_davids_medium_D_1.jpg,5,False,False,0.5458733880659565,"[1.0, 1.0, 1.4142135623730951, 2.0, 586.8466579950848]"
images/dark/davids/medium/D/dark_davids_medium_D_2.jpg,5,False,False,0.5662681689718738,"[1.0, 2.0, 2.23606797749979, 3.1622776601683795, 431.6132528085763]"
images/dark/davids/medium/D/dark_davids_medium_D_3.jpg,17,False,False,0.5479518519714475,"[1.0, 1.0, 1.4142135623730951, 3.605551275463989, 219.73848092675985, 235.84104816592043, 243.01851781294363, 252.60443384865596, 257.6703320136022, 267.43971283263073, 273.6293112954093, 274.3027524469997, 280.9199174141983, 291.27478435319455, 295.0423698386386, 310.17736861350795, 435.15744277215344]"
images/dark/davids/medium/D/dark_davids_medium_D_4.jpg,5,False,False,0.5080469549866393,"[1.0, 2.0, 2.23606797749979, 2.23606797749979, 733.6163847679521]"
images/dark/davids/short/A/dark_davids_short_A_0.jpg,4,True,True,0.5545020479476079,"[1.4142135623730951, 2.0, 2.23606797749979, 3.605551275463989]"
images/dark/davids/short/A/dark_davids_short_A_1.jpg,17,False,False,0.5385460929246619,"[1.0, 1.4142135623730951, 2.0, 2.0, 210.304541082688, 230.32585612562042, 234.61031520374377, 251.07170290576354, 251.93848455525804, 259.1466766138435, 271.93565415369864, 275.4360179787676, 285.8950856520622, 293.8383909566617, 300.22158483360255, 310.446452709642, 317.3089976663126]"
images/dark/davids/short/A/dark_davids_short_A_2.jpg,4,True,True,0.5574543689144775,"[1.0, 1.4142135623730951, 2.23606797749979, 3.1622776601683795]"
images/dark/davids/short/A/dark_davids_short_A_3.jpg,4,True,True,0.6150547269498929,"[1.4142135623730951, 2.0, 3.1622776601683795, 4.0]"
images/dark/davids/short/A/dark_davids_short_A_4.jpg,4,True,True,0.5029502119868994,"[0.0, 1.0, 2.0, 2.23606797749979]"
images/dark/davids/short/B/dark_davids_short_B_0.jpg,4,True,True,0.5437750839628279,"[1.4142135623730951, 1.4142135623730951, 2.0, 3.605551275463989]"
images/dark/davids/short/B/dark_davids_short_B_1.jpg,16,False,False,0.5541356360772625,"[1.0, 1.0, 1.4142135623730951, 1.4142135623730951, 216.390850083824, 230.62523712724936, 244.20073709962466, 248.82323042674292, 256.8443108188305, 267.67517628648346, 270.7027890510181, 272.72146963523056, 282.57742301889584, 290.0, 296.98484809834997, 312.8146416010606]"
images/dark/davids/short/B/dark_davids_short_B_2.jpg,4,True,True,0.5097368970746174,"[1.0, 1.0, 1.4142135623730951, 2.0]"
images/dark/davids/short/B/dark_davids_short_B_3.jpg,4,True,True,0.5106305510271341,"[1.0, 1.4142135623730951, 3.0, 3.0]"
images/dark/davids/short/B/dark_davids_short_B_4.jpg,4,True,True,0.5247311140410602,"[0.0, 1.0, 1.0, 2.23606797749979]"
images/dark/davids/short/C/dark_davids_short_C_0.jpg,4,True,True,0.5237404819345102,"[1.4142135623730951, 1.4142135623730951, 1.4142135623730951, 2.23606797749979]"
images/dark/davids/short/C/dark_davids_short_C_1.jpg,4,True,True,0.5150912610115483,"[1.0, 1.0, 1.4142135623730951, 2.23606797749979]"
images/dark/davids/short/C/dark_davids_short_C_2.jpg,4,True,True,0.531608504941687,"[2.23606797749979, 2.23606797749979, 2.23606797749979, 3.1622776601683795]"
images/dark/davids/short/C/dark_davids_short_C_3.jpg,16,False,False,0.5723561679478735,"[0.0, 1.0, 1.4142135623730951, 2.0, 149.40214188558343, 163.47782724271815, 177.55280904564702, 181.27603261324978, 189.42280749687984, 201.8142710513803, 204.65825172711703, 205.29490982486632, 215.14878572745886, 223.6604569431083, 229.89562849258357, 246.43457549621561]"
images/dark/davids/short/C/dark_davids_short_C_4.jpg,4,True,True,0.5356430370593444,"[1.0, 1.4142135623730951, 1.4142135623730951, 3.0]"
images/dark/davids/short/D/dark_davids_short_D_0.jpg,16,False,False,0.5302174139069393,"[0.0, 1.0, 1.4142135623730951, 1.4142135623730951, 180.0999722376436, 180.36074961032958, 185.52627846210896, 194.20865068271289, 209.99523804124703, 210.2189334955346, 214.66718426438635, 222.0923231451281, 238.8053600738476, 239.42639787625757, 242.78797334299736, 250.3197954617253]"
images/dark/davids/short/D/dark_davids_short_D_1.jpg,4,True,True,0.5526136819971725,"[1.0, 1.0, 3.0, 3.605551275463989]"
images/dark/davids/short/D/dark_davids_short_D_2.jpg,4,True,True,0.5447855460224673,"[1.0, 1.0, 2.0, 2.0]"
images/dark/davids/short/D/dark_davids_short_D_3.jpg,24,False,False,0.5835589950438589,"[1.0, 1.0, 1.0, 2.23606797749979, 228.01973598791838, 233.97649454592656, 243.1810025474852, 255.55625603768732, 258.49564793241683, 260.34592372457075, 262.9619744373699, 271.1844390815963, 281.27744310555727, 282.0815484926301, 283.28254446753334, 287.4804341168282, 293.027302482209, 297.43570733857763, 302.00165562460086, 307.76127111772854, 309.19573088902763, 321.49805598168086, 343.2462672775918, 365.0493117374692]"
images/dark/davids/short/D/dark_davids_short_D_4.jpg,4,True,True,0.5070460429415107,"[2.0, 2.23606797749979, 3.0, 3.1622776601683795]"
images/dark/jack_cole/high/A/dark_jack_cole_high_A_0.jpg,4,True,True,0.2483108879532665,"[0.0, 0.0, 1.4142135623730951, 2.0]"
images/dark/jack_cole/high/A/dark_jack_cole_high_A_1.jpg,4,True,True,0.24224199599120766,"[0.0, 1.0, 1.4142135623730951, 1.4142135623730951]"
images/dark/jack_cole/high/A/dark_jack_cole_high_A_2.jpg,4,True,True,0.183930117986165,"[0.0, 1.0, 1.0, 3.1622776601683795]"
images/dark/jack_cole/high/A/dark_jack_cole_high_A_3.jpg,4,True,True,0.19849435100331903,"[0.0, 0.0, 1.0, 1.0]"
images/dark/jack_cole/high/A/dark_jack_cole_high_A_4.jpg,4,True,True,0.23119465098716319,"[1.4142135623730951, 1.4142135623730951, 1.4142135623730951, 2.23606797749979]"
images/dark/jack_cole/high/B/dark_jack_cole_high_B_0.jpg,4,True,True,0.1953937018988654,"[0.0, 1.0, 1.0, 1.0]"
images/dark/jack_cole/high/B/dark_jack_cole_high_B_1.jpg,4,True,True,0.23558073595631868,"[1.0, 1.0, 2.0, 2.23606797749979]"
images/dark/jack_cole/high/B/dark_jack_cole_high_B_2.jpg,4,True,True,0.22858786105643958,"[0.0, 1.0, 2.0, 2.23606797749979]"
images/dark/jack_cole/high/B/dark_jack_cole_high_B_3.jpg,4,True,True,0.22355519095435739,"[1.0, 1.0, 1.0, 3.0]"
images/dark/jack_cole/high/B/dark_jack_cole_high_B_4.jpg,4,True,True,0.19280642899684608,"[1.0, 1.0, 1.0, 1.4142135623730951]"
images/dark/jack_cole/high/C/dark_jack_cole_high_C_0.jpg,4,True,True,0.24017982406076044,"[1.0, 1.4142135623730951, 2.0, 2.23606797749979]"
images/dark/jack_cole/high/C/dark_jack_cole_high_C_1.jpg,4,True,True,0.2341818599961698,"[1.0, 1.0, 1.4142135623730951, 1.4142135623730951]"
images/dark/jack_cole/high/C/dark_jack_cole_high_C_2.jpg,4,True,True,0.2527453569928184,"[0.0, 0.0, 1.4142135623730951, 2.23606797749979]"
images/dark/jack_cole/high/C/dark_jack_cole_high_C_3.jpg,4,True,True,0.2505678499583155,"[1.0, 1.0, 1.4142135623730951, 2.23606797749979]"
images/dark/jack_cole/high/C/dark_jack_cole_high_C_4.jpg,4,True,True,0.16547653393354267,"[1.0, 1.4142135623730951, 2.23606797749979, 2.23606797749979]"
images/dark/jack_cole/high/D/dark_jack_cole_high_D_0.jpg,4,True,True,0.19514580990653485,"[1.0, 1.4142135623730951, 2.0, 2.23606797749979]"
images/dark/jack_cole/high/D/dark_jack_cole_high_D_1.jpg,4,True,True,0.20701384998392314,"[1.0, 1.0, 1.4142135623730951, 2.0]"
images/dark/jack_cole/high/D/dark_jack_cole_high_D_2.jpg,4,True,True,0.21339196094777435,"[1.0, 1.0, 1.4142135623730951, 3.0]"
images/dark/jack_cole/high/D/dark_jack_cole_high_D_3.jpg,4,True,True,0.20576224010437727,"[1.0, 1.0, 1.4142135623730951, 2.23606797749979]"
images/dark/jack_cole/high/D/dark_jack_cole_high_D_4.jpg,4,True,True,0.15656019607558846,"[1.4142135623730951, 1.4142135623730951, 2.0, 2.23606797749979]"
images/dark/jack_cole/medium/A/dark_jack_cole_medium_A_0.jpg,4,True,True,0.20498926902655512,"[1.0, 1.0, 1.0, 2.0]"
images/dark/jack_cole/medium/A/dark_jack_cole_medium_A_1.jpg,4,True,True,0.1957368680741638,"[1.0, 1.4142135623730951, 2.23606797749979, 2.8284271247461903]"
images/dark/jack_cole/medium/A/dark_jack_cole_medium_A_2.jpg,4,True,True,0.17743252497166395,"[1.0, 1.0, 1.4142135623730951, 3.0]"
images/dark/jack_cole/medium/A/dark_jack_cole_medium_A_3.jpg,4,True,True,0.20385167107451707,"[0.0, 0.0, 2.23606797749979, 2.23606797749979]"
images/dark/jack_cole/medium/A/dark_jack_cole_medium_A_4.jpg,4,True,True,0.17586856905836612,"[0.0, 1.0, 1.4142135623730951, 2.23606797749979]"
images/dark/jack_cole/medium/B/dark_jack_cole_medium_B_0.jpg,4,True,True,0.2023684709565714,"[1.4142135623730951, 1.4142135623730951, 2.23606797749979, 3.0]"
images/dark/jack_cole/medium/B/dark_jack_cole_medium_B_1.jpg,4,True,True,0.20577656803652644,"[1.0, 1.4142135623730951, 2.0, 2.23606797749979]"
images/dark/jack_cole/medium/B/dark_jack_cole_medium_B_2.jpg,4,True,True,0.18911992199718952,"[1.0, 2.0, 2.0, 2.23606797749979]"
images/dark/jack_cole/medium/B/dark_jack_cole_medium_B_3.jpg,4,True,True,0.197736719972454,"[0.0, 2.23606797749979, 2.23606797749979, 2.8284271247461903]"
images/dark/jack_cole/medium/B/dark_jack_cole_medium_B_4.jpg,4,True,True,0.17341201996896416,"[1.0, 1.4142135623730951, 2.0, 2.0]"
images/dark/jack_cole/medium/C/dark_jack_cole_medium_C_0.jpg,4,True,True,0.20700500207021832,"[1.0, 1.0, 1.0, 1.4142135623730951]"
images/dark/jack_cole/medium/C/dark_jack_cole_medium_C_1.jpg,4,True,True,0.1835787360323593,"[1.0, 1.0, 1.4142135623730951, 1.4142135623730951]"
images/dark/jack_cole/medium/C/dark_jack_cole_medium_C_2.jpg,4,True,True,0.18922592897433788,"[1.0, 1.0, 2.23606797749979, 3.1622776601683795]"
images/dark/jack_cole/medium/C/dark_jack_cole_medium_C_3.jpg,4,True,True,0.25690317805856466,"[0.0, 2.0, 2.8284271247461903, 3.0]"
images/dark/jack_cole/medium/C/dark_jack_cole_medium_C_4.jpg,4,True,True,0.16708154999651015,"[1.0, 2.0, 2.23606797749979, 3.0]"
images/dark/jack_cole/medium/D/dark_jack_cole_medium_D_0.jpg,4,True,True,0.2276264140382409,"[1.0, 2.0, 2.0, 3.1622776601683795]"
images/dark/jack_cole/medium/D/dark_jack_cole_medium_D_1.jpg,4,True,True,0.21600717795081437,"[0.0, 0.0, 1.0, 2.0]"
images/dark/jack_cole/medium/D/dark_jack_cole_medium_D_2.jpg,4,True,True,0.23374925006646663,"[1.0, 1.4142135623730951, 2.0, 2.0]"
images/dark/jack_cole/medium/D/dark_jack_cole_medium_D_3.jpg,4,True,True,0.2263595750555396,"[1.0, 1.0, 1.0, 1.4142135623730951]"
images/dark/jack_cole/medium/D/dark_jack_cole_medium_D_4.jpg,4,True,True,0.15492528094910085,"[0.0, 1.0, 1.4142135623730951, 2.0]"
images/dark/jack_cole/short/A/dark_jack_cole_short_A_0.jpg,4,True,True,0.19462564098648727,"[0.0, 1.0, 1.4142135623730951, 2.0]"
images/dark/jack_cole/short/A/dark_jack_cole_short_A_1.jpg,4,True,True,0.18586358102038503,"[0.0, 1.0, 1.0, 2.23606797749979]"
images/dark/jack_cole/short/A/dark_jack_cole_short_A_2.jpg,4,True,True,0.17825698503293097,"[1.0, 1.4142135623730951, 3.605551275463989, 3.605551275463989]"
images/dark/jack_cole/short/A/dark_jack_cole_short_A_3.jpg,4,True,True,0.1919969479786232,"[0.0, 2.23606797749979, 2.23606797749979, 2.23606797749979]"
images/dark/jack_cole/short/A/dark_jack_cole_short_A_4.jpg,4,True,True,0.15091784298419952,"[2.23606797749979, 2.23606797749979, 2.23606797749979, 2.23606797749979]"
images/dark/jack_cole/short/B/dark_jack_cole_short_B_0.jpg,4,True,True,0.21668651700019836,"[1.0, 1.4142135623730951, 2.23606797749979, 3.1622776601683795]"
images/dark/jack_cole/short/B/dark_jack_cole_short_B_1.jpg,4,True,True,0.22770796192344278,"[1.4142135623730951, 2.0, 2.23606797749979, 2.8284271247461903]"
images/dark/jack_cole/short/B/dark_jack_cole_short_B_2.jpg,4,True,True,0.21781417599413544,"[1.4142135623730951, 1.4142135623730951, 1.4142135623730951, 2.8284271247461903]"
images/dark/jack_cole/short/B/dark_jack_cole_short_B_3.jpg,4,True,True,0.24411945196334273,"[1.0, 1.0, 1.0, 1.4142135623730951]"
images/dark/jack_cole/short/B/dark_jack_cole_short_B_4.jpg,4,True,True,0.160522787948139,"[1.0, 1.4142135623730951, 2.23606797749979, 2.23606797749979]"
images/dark/jack_cole/short/C/dark_jack_cole_short_C_0.jpg,4,True,True,0.2119530380005017,"[1.4142135623730951, 1.4142135623730951, 2.0, 2.0]"
images/dark/jack_cole/short/C/dark_jack_cole_short_C_1.jpg,4,True,False,0.22560927807353437,"[1.0, 2.23606797749979, 2.8284271247461903, 5.0990195135927845]"
images/dark/jack_cole/short/C/dark_jack_cole_short_C_2.jpg,4,True,True,0.24275732692331076,"[1.0, 1.4142135623730951, 1.4142135623730951, 2.0]"
images/dark/jack_cole/short/C/dark_jack_cole_short_C_3.jpg,4,True,True,0.22906886495184153,"[1.0, 1.0, 1.0, 2.0]"
images/dark/jack_cole/short/C/dark_jack_cole_short_C_4.jpg,4,True,True,0.16609523596707731,"[1.0, 1.0, 2.23606797749979, 4.123105625617661]"
images/dark/jack_cole/short/D/dark_jack_cole_short_D_0.jpg,4,True,True,0.21330558392219245,"[1.0, 1.0, 2.8284271247461903, 3.1622776601683795]"
images/dark/jack_cole/short/D/dark_jack_cole_short_D_1.jpg,4,True,True,0.2634580930462107,"[1.0, 2.23606797749979, 2.8284271247461903, 3.0]"
images/dark/jack_cole/short/D/dark_jack_cole_short_D_2.jpg,4,True,True,0.24951723008416593,"[1.0, 2.23606797749979, 3.0, 3.1622776601683795]"
images/dark/jack_cole/short/D/dark_jack_cole_short_D_3.jpg,4,True,True,0.25602629594504833,"[1.0, 1.0, 2.0, 2.23606797749979]"
images/dark/jack_cole/short/D/dark_jack_cole_short_D_4.jpg,4,True,True,0.1767685259692371,"[2.23606797749979, 2.23606797749979, 2.23606797749979, 2.23606797749979]"
images/dark/john_honey/high/A/dark_john_honey_high_A_0.jpg,7,False,False,0.4342658870154992,"[1.0, 1.0, 1.0, 2.23606797749979, 177.13271860387624, 290.7232360854564, 315.93986769637036]"
images/dark/john_honey/high/A/dark_john_honey_high_A_1.jpg,8,False,False,0.433126506046392,"[1.4142135623730951, 1.4142135623730951, 1.4142135623730951, 2.23606797749979, 181.12150617748296, 215.61539833694624, 215.64090521049107, 279.78027092702587]"
images/dark/john_honey/high/A/dark_john_honey_high_A_2.jpg,11,False,False,0.4540828469907865,"[0.0, 1.0, 2.0, 2.8284271247461903, 300.0933188193299, 358.8035674293108, 366.001366117669, 420.7766628509713, 422.8001892147164, 431.52056729662377, 453.85570394124164]"
images/dark/john_honey/high/A/dark_john_honey_high_A_3.jpg,7,False,False,0.4430478649446741,"[1.0, 2.23606797749979, 2.23606797749979, 2.8284271247461903, 202.40553352119602, 256.55019002136794, 261.0689564080724]"
images/dark/john_honey/high/A/dark_john_honey_high_A_4.jpg,8,False,False,0.4305871860124171,"[0.0, 1.0, 1.0, 2.23606797749979, 230.41050323281706, 261.8472837361503, 276.5248632582611, 311.4883625434504]"
images/dark/john_honey/high/B/dark_john_honey_high_B_0.jpg,12,False,False,0.4550837299320847,"[0.0, 1.0, 1.0, 1.0, 222.9910312097776, 248.4854120466632, 289.79475495598604, 312.40518561637225, 315.0063491423625, 341.76014981270123, 342.7608495729931, 576.3505877501991]"
images/dark/john_honey/high/B/dark_john_honey_high_B_1.jpg,11,False,False,0.47904378292150795,"[1.0, 1.0, 1.4142135623730951, 2.0, 185.15398996510984, 219.22819161777528, 226.38462845343543, 237.39418695494632, 253.06125740618614, 273.64575640780544, 321.6364407215078]"
images/dark/john_honey/high/B/dark_john_honey_high_B_2.jpg,10,False,False,0.5108157099457458,"[1.4142135623730951, 2.0, 2.0, 2.23606797749979, 306.64800667866734, 359.2617430231056, 419.52949836692056, 450.7948535642349, 483.3735615442781, 528.9810960705496]"
images/dark/john_honey/high/B/dark_john_honey_high_B_3.jpg,7,False,False,0.5170523079577833,"[1.0, 1.4142135623730951, 2.23606797749979, 2.23606797749979, 216.7071757002984, 219.32852071721086, 236.2794955132586]"
images/dark/john_honey/high/B/dark_john_honey_high_B_4.jpg,9,False,False,0.5223437399836257,"[1.4142135623730951, 1.4142135623730951, 2.0, 4.123105625617661, 176.58992043715293, 189.39112967612817, 248.3867951401604, 248.80916381837707, 278.9928314491252]"
images/dark/john_honey/high/C/dark_john_honey_high_C_0.jpg,10,False,False,0.5647937970934436,"[0.0, 1.0, 1.0, 1.4142135623730951, 152.16109883935513, 204.46271053666484, 223.61797781037194, 228.63289352147035, 242.80032948906802, 571.8505049398838]"
images/dark/john_honey/high/C/dark_john_honey_high_C_1.jpg,10,False,False,0.5858271879842505,"[0.0, 1.4142135623730951, 1.4142135623730951, 2.0, 153.16004700965587, 224.1539649437413, 229.63013739489858, 245.34873140083687, 247.54191564258366, 278.6431409527247]"
images/dark/john_honey/high/C/dark_john_honey_high_C_2.jpg,6,False,False,0.577767412061803,"[1.0, 1.4142135623730951, 2.8284271247461903, 3.1622776601683795, 300.9601302498389, 318.30802691732424]"
images/dark/john_honey/high/C/dark_john_honey_high_C_3.jpg,13,False,False,0.5726940429303795,"[1.0, 1.0, 2.23606797749979, 2.23606797749979, 219.8635940759634, 223.98660674245681, 224.1093483101497, 229.42754847663784, 229.78685776170926, 231.94827009486403, 240.62626623043462, 298.7607738643077, 611.1963677902545]"
images/dark/john_honey/high/C/dark_john_honey_high_C_4.jpg,12,False,False,0.5585656660841778,"[1.0, 1.0, 1.4142135623730951, 1.4142135623730951, 130.09611831257686, 168.14577009250038, 202.41047403728888, 207.5885353289049, 224.0200883849482, 230.9328906847182, 241.89667215569543, 575.2434267334135]"
images/dark/john_honey/high/D/dark_john_honey_high_D_0.jpg,8,False,False,0.5597425609594211,"[0.0, 0.0, 1.4142135623730951, 2.0, 181.61773041198373, 229.73027662891977, 254.07282420597446, 274.9727259202265]"
images/dark/john_honey/high/D/dark_john_honey_high_D_1.jpg,8,False,False,0.587740913964808,"[0.0, 1.0, 2.23606797749979, 2.8284271247461903, 189.16923639957952, 189.62067397834025, 218.1238180483736, 222.64994947226015]"
images/dark/john_honey/high/D/dark_john_honey_high_D_2.jpg,10,False,False,0.5731250800890848,"[0.0, 1.4142135623730951, 2.23606797749979, 2.23606797749979, 149.164338901763, 181.79658962697843, 190.07893097342483, 216.8432613663611, 328.6715685908959, 371.1940193483726]"
images/dark/john_honey/high/D/dark_john_honey_high_D_3.jpg,8,False,False,0.5349573569837958,"[1.0, 2.23606797749979, 2.23606797749979, 3.1622776601683795, 167.4305826305338, 169.61426826773743, 201.06217943710845, 253.12645061312736]"
images/dark/john_honey/high/D/dark_john_honey_high_D_4.jpg,7,False,False,0.546792772016488,"[1.0, 1.0, 1.4142135623730951, 2.23606797749979, 198.45654436173174, 206.1674077054858, 214.03737991294884]"
images/dark/john_honey/medium/A/dark_john_honey_medium_A_0.jpg,24,False,False,0.47539163299370557,"[1.4142135623730951, 1.4142135623730951, 1.4142135623730951, 2.8284271247461903, 172.15400082484288, 187.21645226849054, 207.36923590542548, 207.9663434308542, 230.7552816296953, 246.07315985291854, 246.14832926509982, 251.44581921360316, 251.46172671005024, 262.68802789621, 264.35771220072246, 294.3535289409658, 303.4237960345233, 304.3057672802144, 317.6680657541768, 326.2529693351464, 331.621772505968, 342.96501279285036, 353.4543817807328, 637.7272144106757]"
images/dark/john_honey/medium/A/dark_john_honey_medium_A_1.jpg,17,False,False,0.5470011370489374,"[1.0, 2.0, 2.0, 2.23606797749979, 165.92166826548, 205.62344224333955, 207.4246851269154, 210.02142747824567, 232.99785406737118, 245.93088459971838, 246.20316813558676, 252.81020549020565, 254.13579047430528, 265.36390108679063, 297.4306641891518, 328.5361471740971, 635.6138765005056]"
images/dark/john_honey/medium/A/dark_john_honey_medium_A_2.jpg,19,False,False,0.4608148260740563,"[0.0, 1.0, 2.0, 2.23606797749979, 158.64425612041552, 178.89941307897016, 180.23595645708434, 182.0686683644388, 202.19297712828703, 219.79080963497995, 222.9910312097776, 223.27113561766106, 224.24317157942625, 235.23605165875404, 272.5013761433142, 280.2730811191114, 297.55335655979417, 298.7791826750987, 356.2653505464712]"
images/dark/john_honey/medium/A/dark_john_honey_medium_A_3.jpg,15,False,False,0.47198611206840724,"[1.0, 1.0, 1.4142135623730951, 3.0, 149.96666296213968, 184.81612483763422, 189.5521036549054, 204.3624231604235, 223.78784596130328, 224.0089283934906, 233.34952324785237, 242.24367896810023, 244.13111231467406, 282.8745304901097, 368.72211758992705]"
images/dark/john_honey/medium/A/dark_john_honey_medium_A_4.jpg,21,False,False,0.45883971103467047,"[1.0, 1.0, 1.0, 1.4142135623730951, 145.0, 157.15597347857954, 178.932948335403, 187.6006396577581, 188.4887264533346, 199.44924166313595, 201.1889659002203, 224.72205054244233, 227.26416347501865, 228.96506283710622, 239.63305281200255, 269.65162710430656, 294.24139749532185, 321.26780106322514, 334.9820890734309, 350.5709628591621, 383.3914448706439]"
images/dark/john_honey/medium/B/dark_john_honey_medium_B_0.jpg,18,False,False,0.4757356500485912,"[1.0, 1.0, 2.0, 2.23606797749979, 154.77725931156684, 186.45374761586316, 192.7615106809448, 198.56736892047493, 205.23401277566055, 215.8008341040414, 227.14092541856036, 227.69497139814047, 233.07080469247967, 233.98504225697846, 246.16254792311523, 253.31403435261933, 287.08883642524313, 373.5264381539813]"
images/dark/john_honey/medium/B/dark_john_honey_medium_B_1.jpg,21,False,False,0.49911173002328724,"[0.0, 1.0, 1.4142135623730951, 2.23606797749979, 201.8539075668341, 207.45360927204905, 219.0091322296858, 223.6716343213864, 226.92069099136816, 238.6734170367534, 261.19724347703215, 272.0018382290826, 277.9370432310166, 285.3944638566067, 309.594896598765, 311.9054343867705, 341.4395993437199, 341.5918617297549, 371.6517186829626, 375.04666376332426, 404.500927069395]"
images/dark/john_honey/medium/B/dark_john_honey_medium_B_2.jpg,19,False,False,0.4884887379594147,"[0.0, 1.0, 1.4142135623730951, 2.0, 265.85146228674387, 285.2805636562014, 301.2507261402037, 305.7924132479418, 305.8054937374409, 339.4849039353591, 341.2696880767467, 342.0058479032193, 347.86779097812433, 379.71041597512175, 381.25057377006004, 382.0117799230804, 389.27239819951274, 394.4616584663204, 400.1962018810274]"
images/dark/john_honey/medium/B/dark_john_honey_medium_B_3.jpg,20,False,False,0.4963639460038394,"[1.0, 1.0, 2.0, 2.23606797749979, 155.0129026887762, 193.75241933973368, 196.4306493396588, 197.9747458642137, 207.36923590542548, 209.61870145576228, 228.55415113272392, 232.94849216082082, 235.762592452662, 237.68256141332708, 247.42069436488129, 258.8532402733255, 278.3522947633089, 279.00716836669267, 301.9751645417219, 329.3706119252293]"
images/dark/john_honey/medium/B/dark_john_honey_medium_B_4.jpg,17,False,False,0.4823898889590055,"[0.0, 0.0, 1.0, 2.23606797749979, 182.3211452355431, 195.0, 221.44299492194375, 223.37860237721964, 227.27076362788065, 231.10170921046864, 238.47222060441337, 244.9693858423946, 262.15453457836657, 267.5761573832766, 294.5522025040723, 296.0152023123137, 338.76392960290207]"
images/dark/john_honey/medium/C/dark_john_honey_medium_C_0.jpg,18,False,False,0.48568136896938086,"[1.0, 1.0, 1.0, 1.4142135623730951, 147.07821048680188, 162.04937519163718, 182.02472359545007, 182.6608879864543, 190.4337155022713, 220.95248357961492, 223.00896842952304, 226.76198976018887, 231.65707414193074, 238.0693176366917, 255.80070367377803, 276.55198426335687, 302.9471901173536, 362.03452874000845]"
images/dark/john_honey/medium/C/dark_john_honey_medium_C_1.jpg,18,False,False,0.5172700799303129,"[1.0, 1.4142135623730951, 1.4142135623730951, 2.23606797749979, 164.40194646049662, 182.0988742414406, 183.35757415498276, 189.71821209362056, 191.88017094009479, 221.46105752479374, 223.0022421411946, 227.771815640127, 231.14497615133234, 257.60628874311277, 278.6323742855449, 333.1816321467917, 364.6066373504465, 397.6153920561929]"
images/dark/john_honey/medium/C/dark_john_honey_medium_C_2.jpg,20,False,False,0.4768821360776201,"[1.0, 1.0, 2.0, 2.23606797749979, 210.3734774157617, 213.45959805077868, 233.3173804070327, 249.65776575143823, 255.6501515743732, 267.52943763257156, 267.7778930382417, 289.21445330411825, 291.04295215655026, 293.6800980659057, 296.952858211535, 302.27470949452584, 306.60887136545807, 308.7539473431878, 323.9753077010654, 356.11374587342175]"
images/dark/john_honey/medium/C/dark_john_honey_medium_C_3.jpg,18,False,False,0.4811361449537799,"[0.0, 1.0, 1.0, 2.23606797749979, 217.00691233230336, 241.29857024027308, 279.0788419067271, 284.95087295883127, 297.13464961192255, 297.4861341306515, 301.80291582421796, 302.00165562460086, 311.0401903291599, 312.694739322554, 325.7299494980466, 327.75753233144775, 346.4390278245221, 356.8094729684177]"
images/dark/john_honey/medium/C/dark_john_honey_medium_C_4.jpg,19,False,False,0.4654835589462891,"[0.0, 2.23606797749979, 2.23606797749979, 2.23606797749979, 193.49935400408964, 196.1249601657066, 234.53997527074142, 238.01890681204299, 249.56962956257317, 265.1735280905694, 273.26360899322106, 273.6073829413234, 278.31277369175854, 278.5982770944573, 289.6204412675321, 289.7999309868793, 304.6653902234384, 305.6550343115585, 325.3459696999488]"
images/dark/john_honey/medium/D/dark_john_honey_medium_D_0.jpg,18,False,False,0.48252516088541597,"[0.0, 1.0, 2.0, 2.23606797749979, 133.9328189802634, 149.6262009141447, 169.0, 176.6635219845908, 177.12425017484196, 207.80038498520642, 209.0598000573042, 212.56528408938277, 216.39316070523117, 218.47654336335515, 242.80032948906802, 265.1659857523208, 291.73275441746335, 338.7742611238345]"
images/dark/john_honey/medium/D/dark_john_honey_medium_D_1.jpg,17,False,False,0.48036372603382915,"[0.0, 1.0, 1.0, 1.4142135623730951, 133.9328189802634, 149.6262009141447, 168.0, 176.6635219845908, 193.60010330575756, 206.81392603013947, 209.0598000573042, 212.56528408938277, 218.47654336335515, 220.7306050369998, 247.24481794367298, 320.89406351629503, 338.7742611238345]"
images/dark/john_honey/medium/D/dark_john_honey_medium_D_2.jpg,17,False,False,0.47671403002459556,"[0.0, 1.0, 1.4142135623730951, 2.0, 153.07514494521962, 170.6985647274165, 178.16004041310723, 207.48011952955878, 208.60728654579637, 217.83020910791964, 220.87100307645636, 235.5674001214939, 247.81444671366518, 256.5618833731932, 278.09530740377477, 282.6057324259365, 310.7104761671225]"
images/dark/john_honey/medium/D/dark_john_honey_medium_D_3.jpg,17,False,False,0.5109224779298529,"[1.4142135623730951, 2.0, 2.23606797749979, 2.23606797749979, 136.56500283747664, 152.029602380589, 180.6792738528689, 242.00206610688264, 265.0018867857359, 267.8544380815819, 327.79414271765137, 332.54323027239633, 333.6240399012038, 359.3563690822802, 366.836475830853, 402.3157963590294, 427.9836445473121]"
images/dark/john_honey/medium/D/dark_john_honey_medium_D_4.jpg,21,False,False,0.4563674220116809,"[1.0, 2.0, 2.23606797749979, 2.23606797749979, 150.4027925272666, 154.3243337908834, 173.07801709055948, 190.24720760105785, 200.44949488586894, 210.83880098312076, 216.33538776631067, 229.9652147608416, 232.13789005675054, 233.43093196918014, 241.61539686038222, 242.00206610688264, 244.1823089414956, 255.03333115496883, 259.0598386473673, 304.38462510448846, 313.8470965295043]"
images/dark/john_honey/short/A/dark_john_honey_short_A_0.jpg,4,True,True,0.420485656009987,"[1.4142135623730951, 1.4142135623730951, 2.0, 3.1622776601683795]"
images/dark/john_honey/short/A/dark_john_honey_short_A_1.jpg,5,False,False,0.5022840589517727,"[0.0, 1.4142135623730951, 1.4142135623730951, 3.605551275463989, 421.86490728668105]"
images/dark/john_honey/short/A/dark_john_honey_short_A_2.jpg,8,False,False,0.4511826769448817,"[0.0, 1.0, 1.0, 1.4142135623730951, 232.16588896735024, 257.97868128975307, 287.2646863086377, 343.4312158205774]"
images/dark/john_honey/short/A/dark_john_honey_short_A_3.jpg,8,False,False,0.4091715320246294,"[0.0, 2.0, 2.23606797749979, 3.0, 296.9208648781692, 334.21250724651225, 349.54255821001254, 456.0274114568114]"
images/dark/john_honey/short/A/dark_john_honey_short_A_4.jpg,8,False,False,0.3828069719020277,"[1.0, 1.4142135623730951, 1.4142135623730951, 2.23606797749979, 282.81619472724685, 305.49795416663596, 392.63469026564627, 442.5494322671762]"
images/dark/john_honey/short/B/dark_john_honey_short_B_0.jpg,6,False,False,0.4017409380758181,"[0.0, 1.0, 1.4142135623730951, 2.23606797749979, 231.4584195919431, 259.8788179132728]"
images/dark/john_honey/short/B/dark_john_honey_short_B_1.jpg,7,False,False,0.4071448070462793,"[1.4142135623730951, 1.4142135623730951, 2.23606797749979, 2.23606797749979, 299.9549966244937, 329.4267748681033, 572.7704601321545]"
images/dark/john_honey/short/B/dark_john_honey_short_B_2.jpg,4,True,True,0.38543120597023517,"[0.0, 1.4142135623730951, 2.23606797749979, 2.23606797749979]"
images/dark/john_honey/short/B/dark_john_honey_short_B_3.jpg,12,False,False,0.4456678619608283,"[1.0, 2.23606797749979, 2.23606797749979, 3.0, 168.4280261714184, 175.50498568416796, 198.6454127333425, 227.90348834539589, 252.29546171106605, 282.8462479864281, 293.7430850249925, 380.43790557724395]"
images/dark/john_honey/short/B/dark_john_honey_short_B_4.jpg,8,False,False,0.3593411680776626,"[1.0, 1.0, 1.0, 1.4142135623730951, 284.18479903049, 330.056055845064, 350.2413453605956, 375.26124233658874]"
images/dark/john_honey/short/C/dark_john_honey_short_C_0.jpg,8,False,False,0.385277236928232,"[1.4142135623730951, 1.4142135623730951, 1.4142135623730951, 2.23606797749979, 190.67249408344142, 203.70812453115363, 254.0019684963091, 554.0009025263406]"
images/dark/john_honey/short/C/dark_john_honey_short_C_1.jpg,7,False,False,0.39697604707907885,"[0.0, 0.0, 1.0, 1.0, 214.1051143714227, 233.60008561642266, 268.16412884649577]"
images/dark/john_honey/short/C/dark_john_honey_short_C_2.jpg,6,False,False,0.4035100309411064,"[0.0, 1.0, 1.4142135623730951, 2.23606797749979, 311.3133469673281, 424.4384525464204]"
images/dark/john_honey/short/C/dark_john_honey_short_C_3.jpg,8,False,False,0.49082059506326914,"[1.4142135623730951, 1.4142135623730951, 2.23606797749979, 2.23606797749979, 168.44286865284622, 186.45374761586316, 218.87439320304236, 493.98481758045966]"
images/dark/john_honey/short/C/dark_john_honey_short_C_4.jpg,8,False,False,0.4674045479623601,"[1.0, 2.0, 2.8284271247461903, 4.0, 218.25672956406177, 240.52026941611388, 284.5698508275253, 378.2618140917743]"
images/dark/john_honey/short/D/dark_john_honey_short_D_0.jpg,8,False,False,0.4931271020323038,"[0.0, 1.0, 1.0, 2.8284271247461903, 258.63101128828305, 286.6251907980176, 328.1249761904753, 360.2846097184835]"
images/dark/john_honey/short/D/dark_john_honey_short_D_1.jpg,7,False,False,0.5847096379147843,"[0.0, 0.0, 1.4142135623730951, 2.23606797749979, 252.2320360303187, 280.49420671379295, 310.82149217838844]"
images/dark/john_honey/short/D/dark_john_honey_short_D_2.jpg,8,False,False,0.5256617709528655,"[0.0, 2.0, 2.23606797749979, 3.1622776601683795, 206.17710833164773, 210.1547049199708, 223.28905033610582, 242.85180666406416]"
images/dark/john_honey/short/D/dark_john_honey_short_D_3.jpg,6,False,False,0.536012573982589,"[1.0, 1.0, 2.0, 2.8284271247461903, 226.497240601293, 502.5146764025903]"
images/dark/john_honey/short/D/dark_john_honey_short_D_4.jpg,4,True,True,0.49464693292975426,"[1.0, 1.4142135623730951, 2.23606797749979, 4.47213595499958]"
images/dark/michaels/high/A/dark_michaels_high_A_0.jpg,5,False,False,0.4872077809413895,"[1.0, 1.0, 1.4142135623730951, 3.1622776601683795, 389.03470282225464]"
images/dark/michaels/high/A/dark_michaels_high_A_1.jpg,6,False,False,0.5277331020915881,"[1.0, 1.0, 2.0, 2.23606797749979, 326.0751447136074, 385.0116881342695]"
images/dark/michaels/high/A/dark_michaels_high_A_2.jpg,5,False,False,0.4684006320312619,"[0.0, 1.0, 1.4142135623730951, 2.0, 467.73176073471853]"
images/dark/michaels/high/A/dark_michaels_high_A_3.jpg,4,True,True,0.486981461988762,"[1.0, 1.4142135623730951, 2.0, 2.0]"
images/dark/michaels/high/A/dark_michaels_high_A_4.jpg,4,True,True,0.45631043100729585,"[1.0, 1.4142135623730951, 1.4142135623730951, 1.4142135623730951]"
images/dark/michaels/high/B/dark_michaels_high_B_0.jpg,5,False,False,0.5035837119212374,"[0.0, 1.0, 2.23606797749979, 3.605551275463989, 545.8690319115017]"
images/dark/michaels/high/B/dark_michaels_high_B_1.jpg,5,False,False,0.5325512250419706,"[0.0, 1.0, 1.0, 2.23606797749979, 247.58836806279893]"
images/dark/michaels/high/B/dark_michaels_high_B_2.jpg,5,False,False,0.5399430450052023,"[1.0, 2.0, 2.0, 2.23606797749979, 606.6934975751759]"
images/dark/michaels/high/B/dark_michaels_high_B_3.jpg,4,True,True,0.5152617319254205,"[1.0, 1.0, 2.23606797749979, 3.1622776601683795]"
images/dark/michaels/high/B/dark_michaels_high_B_4.jpg,5,False,False,0.4846305890241638,"[0.0, 1.4142135623730951, 2.0, 2.23606797749979, 524.0038167799926]"
images/dark/michaels/high/C/dark_michaels_high_C_0.jpg,6,False,False,0.5045766989933327,"[0.0, 1.0, 1.0, 3.0, 486.6795660390931, 508.86245685843244]"
images/dark/michaels/high/C/dark_michaels_high_C_1.jpg,4,True,True,0.5027848300524056,"[1.0, 1.4142135623730951, 2.23606797749979, 2.23606797749979]"
images/dark/michaels/high/C/dark_michaels_high_C_2.jpg,4,True,True,0.5456001668935642,"[1.0, 1.4142135623730951, 2.0, 2.23606797749979]"
images/dark/michaels/high/C/dark_michaels_high_C_3.jpg,5,False,False,0.5176528840092942,"[1.0, 1.0, 1.4142135623730951, 2.0, 456.31677593531447]"
images/dark/michaels/high/C/dark_michaels_high_C_4.jpg,4,True,True,0.4894647019682452,"[0.0, 1.4142135623730951, 2.0, 3.0]"
images/dark/michaels/high/D/dark_michaels_high_D_0.jpg,11,False,False,0.552486545057036,"[1.0, 1.4142135623730951, 1.4142135623730951, 3.1622776601683795, 176.13914953808538, 184.83506160899236, 219.91134577370036, 242.20033030530738, 613.8705075176686, 660.2491953800474, 714.9916083423637]"
images/dark/michaels/high/D/dark_michaels_high_D_1.jpg,4,True,True,0.5732843400910497,"[1.0, 1.4142135623730951, 2.0, 2.23606797749979]"
images/dark/michaels/high/D/dark_michaels_high_D_2.jpg,7,False,False,0.5714964990038425,"[0.0, 1.4142135623730951, 2.23606797749979, 3.0, 558.4630695041526, 563.4935669552937, 621.8367953088656]"
images/dark/michaels/high/D/dark_michaels_high_D_3.jpg,4,True,True,0.5305695179849863,"[2.0, 2.23606797749979, 2.23606797749979, 2.23606797749979]"
images/dark/michaels/high/D/dark_michaels_high_D_4.jpg,4,True,True,0.469633835949935,"[1.0, 1.4142135623730951, 1.4142135623730951, 2.23606797749979]"
images/dark/michaels/medium/A/dark_michaels_medium_A_0.jpg,7,False,False,0.5655323809478432,"[0.0, 0.0, 1.0, 2.23606797749979, 167.29913329123974, 564.1817083174533, 606.5847014226455]"
images/dark/michaels/medium/A/dark_michaels_medium_A_1.jpg,9,False,False,0.574478478054516,"[1.4142135623730951, 1.4142135623730951, 2.0, 2.23606797749979, 201.0696396774013, 239.77072381756702, 563.8528176749674, 604.0728432896152, 612.1061999359262]"
images/dark/michaels/medium/A/dark_michaels_medium_A_2.jpg,10,False,False,0.5741794670466334,"[1.0, 2.0, 3.0, 3.1622776601683795, 142.87407042567241, 175.9147520817967, 527.5016587651645, 566.0141340991406, 625.8705936533526, 663.315912669069]"
images/dark/michaels/medium/A/dark_michaels_medium_A_3.jpg,5,False,False,0.5475028100190684,"[0.0, 2.23606797749979, 2.23606797749979, 2.23606797749979, 457.39479664727276]"
images/dark/michaels/medium/A/dark_michaels_medium_A_4.jpg,4,True,True,0.5008586819749326,"[1.4142135623730951, 2.23606797749979, 2.23606797749979, 3.1622776601683795]"
images/dark/michaels/medium/B/dark_michaels_medium_B_0.jpg,6,False,False,0.5655027530156076,"[0.0, 1.0, 1.4142135623730951, 2.0, 577.8797452757797, 603.2918033588721]"
images/dark/michaels/medium/B/dark_michaels_medium_B_1.jpg,4,True,True,0.5430608669994399,"[0.0, 0.0, 1.0, 2.0]"
images/dark/michaels/medium/B/dark_michaels_medium_B_2.jpg,4,True,True,0.5630864829290658,"[1.0, 2.23606797749979, 2.8284271247461903, 2.8284271247461903]"
images/dark/michaels/medium/B/dark_michaels_medium_B_3.jpg,5,False,False,0.5573304989375174,"[1.0, 1.0, 1.0, 2.23606797749979, 588.7147017019364]"
images/dark/michaels/medium/B/dark_michaels_medium_B_4.jpg,4,True,True,0.5176668500062078,"[1.0, 1.4142135623730951, 2.0, 2.23606797749979]"
images/dark/michaels/medium/C/dark_michaels_medium_C_0.jpg,7,False,False,0.552746620029211,"[1.0, 1.0, 1.0, 1.0, 419.71061459057717, 460.6788469204984, 474.72097067645956]"
images/dark/michaels/medium/C/dark_michaels_medium_C_1.jpg,4,True,True,0.5604703939752653,"[0.0, 0.0, 2.0, 2.0]"
images/dark/michaels/medium/C/dark_michaels_medium_C_2.jpg,4,True,True,0.5609876080416143,"[0.0, 1.0, 2.23606797749979, 2.23606797749979]"
images/dark/michaels/medium/C/dark_michaels_medium_C_3.jpg,5,False,False,0.5537171240430325,"[1.0, 1.4142135623730951, 1.4142135623730951, 2.0, 476.7661900764357]"
images/dark/michaels/medium/C/dark_michaels_medium_C_4.jpg,4,True,True,0.5288966509979218,"[1.0, 1.4142135623730951, 2.0, 2.0]"
images/dark/michaels/medium/D/dark_michaels_medium_D_0.jpg,6,False,False,0.561605887953192,"[1.4142135623730951, 2.0, 2.23606797749979, 2.8284271247461903, 291.49614062625255, 319.10499839394555]"
images/dark/michaels/medium/D/dark_michaels_medium_D_1.jpg,4,True,True,0.5328407780034468,"[1.0, 1.0, 1.4142135623730951, 3.1622776601683795]"
images/dark/michaels/medium/D/dark_michaels_medium_D_2.jpg,7,False,False,0.555232836981304,"[1.0, 1.0, 1.4142135623730951, 2.0, 233.34952324785237, 582.4654496191168, 624.6983271948149]"
images/dark/michaels/medium/D/dark_michaels_medium_D_3.jpg,5,False,False,0.571681166999042,"[1.0, 1.0, 1.4142135623730951, 2.0, 183.41483037093812]"
images/dark/michaels/medium/D/dark_michaels_medium_D_4.jpg,5,False,False,0.5373471560887992,"[0.0, 1.0, 2.0, 2.23606797749979, 634.0954186871247]"
images/dark/michaels/short/A/dark_michaels_short_A_0.jpg,4,True,True,0.5028094080043957,"[0.0, 1.0, 1.0, 2.8284271247461903]"
images/dark/michaels/short/A/dark_michaels_short_A_1.jpg,4,True,True,0.5390688079642132,"[1.0, 1.4142135623730951, 1.4142135623730951, 2.0]"
images/dark/michaels/short/A/dark_michaels_short_A_2.jpg,5,False,False,0.523419218021445,"[0.0, 1.0, 2.0, 2.0, 451.6148801800047]"
images/dark/michaels/short/A/dark_michaels_short_A_3.jpg,6,False,False,0.5296599320136011,"[1.0, 1.4142135623730951, 3.1622776601683795, 3.1622776601683795, 269.14122686797725, 292.32345099221857]"
images/dark/michaels/short/A/dark_michaels_short_A_4.jpg,5,False,False,0.5224004100309685,"[1.4142135623730951, 1.4142135623730951, 2.23606797749979, 2.8284271247461903, 578.7745675131208]"
images/dark/michaels/short/B/dark_michaels_short_B_0.jpg,4,True,True,0.5532247680239379,"[1.0, 2.23606797749979, 3.1622776601683795, 3.605551275463989]"
images/dark/michaels/short/B/dark_michaels_short_B_1.jpg,6,False,False,0.5677985090296715,"[1.4142135623730951, 2.0, 2.23606797749979, 3.1622776601683795, 206.95168518279817, 731.1094309335641]"
images/dark/michaels/short/B/dark_michaels_short_B_2.jpg,5,False,False,0.568329991074279,"[1.4142135623730951, 1.4142135623730951, 1.4142135623730951, 1.4142135623730951, 678.7613719121028]"
images/dark/michaels/short/B/dark_michaels_short_B_3.jpg,7,False,False,0.5714185270480812,"[0.0, 1.0, 1.4142135623730951, 3.0, 233.09440147716975, 280.8558349046713, 665.6763477847173]"
images/dark/michaels/short/B/dark_michaels_short_B_4.jpg,4,True,True,0.5239680019440129,"[0.0, 1.4142135623730951, 2.0, 2.23606797749979]"
images/dark/michaels/short/C/dark_michaels_short_C_0.jpg,5,False,False,0.5236369710182771,"[1.4142135623730951, 2.0, 3.0, 3.0, 471.05201411309133]"
images/dark/michaels/short/C/dark_michaels_short_C_1.jpg,5,False,False,0.5223611129913479,"[1.0, 2.23606797749979, 2.8284271247461903, 3.0, 423.39579591677574]"
images/dark/michaels/short/C/dark_michaels_short_C_2.jpg,6,False,False,0.5259789269184694,"[0.0, 1.0, 2.0, 2.23606797749979, 512.0790954530364, 537.4430202356339]"
images/dark/michaels/short/C/dark_michaels_short_C_3.jpg,6,False,False,0.5453645900124684,"[1.0, 1.0, 1.4142135623730951, 2.23606797749979, 576.7668506424411, 656.4937166492913]"
images/dark/michaels/short/C/dark_michaels_short_C_4.jpg,4,True,True,0.5115299680037424,"[0.0, 1.0, 1.0, 1.0]"
images/dark/michaels/short/D/dark_michaels_short_D_0.jpg,9,False,False,0.5219879989745095,"[1.0, 1.0, 1.4142135623730951, 1.4142135623730951, 288.334874755032, 368.575636742311, 379.97105152892897, 634.4359699764823, 701.2082429635293]"
images/dark/michaels/short/D/dark_michaels_short_D_1.jpg,6,False,False,0.5635891879210249,"[1.0, 1.4142135623730951, 2.23606797749979, 2.23606797749979, 642.4398804557513, 711.8567271579303]"
images/dark/michaels/short/D/dark_michaels_short_D_2.jpg,5,False,False,0.5721626119920984,"[1.0, 1.4142135623730951, 1.4142135623730951, 2.23606797749979, 335.77373333838966]"
images/dark/michaels/short/D/dark_michaels_short_D_3.jpg,5,False,False,0.546258996007964,"[2.0, 2.0, 2.23606797749979, 3.1622776601683795, 211.00947846009194]"
images/dark/michaels/short/D/dark_michaels_short_D_4.jpg,4,True,True,0.521199228009209,"[1.4142135623730951, 1.4142135623730951, 2.23606797749979, 2.8284271247461903]"
