,0,1,2,3,4
images/custom/davids/high/A/custom_davids_high_A_0.jpg,10,False,False,0.30004683102015406,"[0.0, 1.0, 1.0, 1.0, 482.8881858153086, 483.1076484594298, 506.9250437688002, 508.26862976186123, 530.9623338806624, 885.641010793877]"
images/custom/davids/high/A/custom_davids_high_A_1.jpg,14,False,False,0.28013997699599713,"[1.0, 1.0, 1.0, 2.23606797749979, 502.19518117958876, 502.3803340100008, 502.5236312851367, 503.16001430956334, 526.4104862177425, 527.4921800368229, 527.683617331446, 550.2726596879041, 551.4390265478133, 906.5208216031224]"
images/custom/davids/high/A/custom_davids_high_A_2.jpg,12,False,False,0.2595690139569342,"[0.0, 1.0, 1.4142135623730951, 1.4142135623730951, 169.29264603047588, 174.0028735394907, 193.08029417835473, 197.101496696499, 217.14741536569116, 220.7306050369998, 241.23847122712414, 762.1679604916491]"
images/custom/davids/high/A/custom_davids_high_A_3.jpg,10,False,False,0.2831196920014918,"[1.0, 1.0, 1.4142135623730951, 2.23606797749979, 301.14448359549937, 325.3136947624554, 333.44414824674914, 343.0058308542291, 348.40206658399717, 374.54639232009697]"
images/custom/davids/high/A/custom_davids_high_A_4.jpg,10,False,False,0.27281418605707586,"[1.0, 1.0, 1.4142135623730951, 2.0, 148.33745312630927, 157.53729717117784, 169.85876486069242, 180.0444389588304, 203.03940504246953, 234.17301296263838]"
images/custom/davids/high/B/custom_davids_high_B_0.jpg,13,False,False,0.29822571598924696,"[1.0, 1.0, 1.4142135623730951, 2.23606797749979, 196.16319736382766, 210.23796041628637, 219.31712199461307, 260.44769148525774, 274.5906043549196, 289.56001105124994, 292.15920317525513, 305.65994176535463, 307.8830946966722]"
images/custom/davids/high/B/custom_davids_high_B_1.jpg,9,False,False,0.2782308510504663,"[0.0, 1.0, 1.4142135623730951, 2.23606797749979, 221.18318200080222, 237.39418695494632, 244.6630335788388, 264.2820463065927, 267.5761573832766]"
images/custom/davids/high/B/custom_davids_high_B_2.jpg,8,False,False,0.29572891001589596,"[1.0, 1.0, 1.4142135623730951, 2.0, 245.73359558676546, 248.1954874690513, 248.766959220874, 270.142554959414]"
images/custom/davids/high/B/custom_davids_high_B_3.jpg,17,False,False,0.28214846702758223,"[1.0, 1.0, 1.4142135623730951, 1.4142135623730951, 203.00246303924493, 212.08488866489287, 216.23366990364843, 246.5623653358314, 251.60286166894048, 263.10454196003536, 265.9624033580686, 270.8154353060401, 280.7507791618752, 293.4109745732085, 293.90644770062465, 305.9150208799823, 319.17550031291563]"
images/custom/davids/high/B/custom_davids_high_B_4.jpg,4,True,True,0.23353779001627117,"[1.0, 1.0, 2.0, 2.23606797749979]"
images/custom/davids/high/C/custom_davids_high_C_0.jpg,3,False,False,0.24620111205149442,"[0.0, 1.4142135623730951, 2.8284271247461903]"
images/custom/davids/high/C/custom_davids_high_C_1.jpg,3,False,False,0.2772916170069948,"[0.0, 1.0, 1.0]"
images/custom/davids/high/C/custom_davids_high_C_2.jpg,3,False,False,0.2780368949752301,"[0.0, 0.0, 1.0]"
images/custom/davids/high/C/custom_davids_high_C_3.jpg,21,False,False,0.27032979298383,"[1.0, 1.0, 1.0, 177.88198334851114, 178.10109488714548, 180.5103875127412, 181.89282558693733, 183.30848316430968, 187.98404187589966, 192.50974001333023, 203.08865059377396, 204.1984329028996, 206.6204249342257, 210.8293148497144, 218.87439320304236, 218.92921230388603, 228.69411885748178, 230.21728866442677, 231.23364807051763, 235.25518060183074, 242.33241632105268]"
images/custom/davids/high/C/custom_davids_high_C_4.jpg,3,False,False,0.2374672880396247,"[1.0, 1.4142135623730951, 2.23606797749979]"
images/custom/davids/high/D/custom_davids_high_D_0.jpg,4,True,True,0.2537407190538943,"[1.4142135623730951, 1.4142135623730951, 1.4142135623730951, 2.23606797749979]"
images/custom/davids/high/D/custom_davids_high_D_1.jpg,13,False,False,0.28832572791725397,"[0.0, 1.0, 1.0, 1.4142135623730951, 111.13955191559843, 204.6191584383046, 266.9082239272518, 272.03860020225073, 283.0441661649291, 291.547594742265, 301.23910768690047, 318.0393057469469, 318.3237345847777]"
images/custom/davids/high/D/custom_davids_high_D_2.jpg,17,False,False,0.3009830790106207,"[1.0, 1.4142135623730951, 2.23606797749979, 2.23606797749979, 118.27087553578015, 160.5801980320114, 177.867928531256, 196.64434901618708, 217.00230413523263, 219.5449840010015, 326.1977927577071, 341.40005858230313, 349.32220084042757, 371.9811823197512, 387.96391584785306, 395.55151371218386, 418.5510721524913]"
images/custom/davids/high/D/custom_davids_high_D_3.jpg,12,False,False,0.29059580503962934,"[0.0, 1.0, 1.0, 1.4142135623730951, 213.13845265460665, 215.19526017085042, 219.78398485785993, 227.75864418282788, 238.2120903732638, 239.8520377232597, 243.87086746883074, 251.46172671005024]"
images/custom/davids/high/D/custom_davids_high_D_4.jpg,4,True,True,0.24191542307380587,"[1.0, 1.0, 2.0, 2.23606797749979]"
images/custom/davids/medium/A/custom_davids_medium_A_0.jpg,4,True,True,0.2657010570401326,"[1.0, 1.0, 1.0, 1.0]"
images/custom/davids/medium/A/custom_davids_medium_A_1.jpg,4,True,True,0.2809911600779742,"[1.0, 2.0, 2.0, 2.23606797749979]"
images/custom/davids/medium/A/custom_davids_medium_A_2.jpg,4,True,True,0.2708912529051304,"[1.4142135623730951, 1.4142135623730951, 2.23606797749979, 2.23606797749979]"
images/custom/davids/medium/A/custom_davids_medium_A_3.jpg,31,False,False,0.3016906230477616,"[0.0, 1.0, 1.4142135623730951, 2.0, 109.65856099730654, 110.0272693471941, 117.39250401963491, 129.3213052826177, 138.61096637712328, 138.70832707519762, 145.2067491544384, 145.34441853748632, 154.74172029546526, 157.95252451290546, 166.50825805346713, 166.50825805346713, 170.98830369355676, 180.31361568112376, 182.04395073717774, 190.91883092036784, 210.87674124947966, 214.9534833400008, 230.63824487712353, 237.0232056149777, 252.17850820401011, 259.6247291765559, 273.1300056749533, 282.25697511310506, 295.16944286290885, 306.54363474063524, 318.5545479191908]"
images/custom/davids/medium/A/custom_davids_medium_A_4.jpg,4,True,True,0.2687862770399079,"[1.0, 1.4142135623730951, 2.0, 2.23606797749979]"
images/custom/davids/medium/B/custom_davids_medium_B_0.jpg,16,False,False,0.29067492904141545,"[0.0, 0.0, 2.23606797749979, 2.23606797749979, 226.50386310171402, 243.0740627874558, 250.1919263285688, 262.20793275566626, 265.2941763401526, 272.8387802347753, 282.6888749137468, 282.97879779234347, 287.6056327682057, 301.7614952242913, 303.22269044383864, 321.17596423144744]"
images/custom/davids/medium/B/custom_davids_medium_B_1.jpg,16,False,False,0.33072315307799727,"[0.0, 0.0, 1.4142135623730951, 2.23606797749979, 394.689751577109, 405.2419030653173, 418.0011961705373, 420.7291290129553, 431.4220671222092, 431.5599610714599, 442.7572698443245, 445.55807702251343, 455.692879031481, 456.1578674099571, 466.43863476345956, 479.2003756258962]"
images/custom/davids/medium/B/custom_davids_medium_B_2.jpg,16,False,False,0.32878900796640664,"[0.0, 1.0, 1.0, 1.0, 322.0139748520241, 331.1193138432127, 342.1768548572507, 348.6316107297214, 355.6304261448955, 357.8072106595953, 368.0230971012553, 374.0013368960063, 380.60084077679073, 382.5976999408125, 392.1683312048539, 404.02227661355505]"
images/custom/davids/medium/B/custom_davids_medium_B_3.jpg,27,False,False,0.3549410760169849,"[0.0, 0.0, 1.0, 1.0, 209.2008604188807, 212.46176126540982, 218.92921230388603, 228.31995094603536, 235.0914715594762, 235.58013498595335, 239.00209204105306, 239.370006475331, 245.08773939142694, 251.44780770569466, 252.7152547829276, 254.0649523251879, 274.0894014733149, 275.6174885597792, 294.2872746144488, 296.05742686174926, 296.952858211535, 315.03968004046726, 315.21738530734626, 318.2011942152323, 333.94610343586885, 336.02976058676705, 353.8163365363448]"
images/custom/davids/medium/B/custom_davids_medium_B_4.jpg,4,True,True,0.26757056708447635,"[0.0, 1.0, 1.0, 1.0]"
images/custom/davids/medium/C/custom_davids_medium_C_0.jpg,4,True,True,0.297629288979806,"[1.0, 1.0, 1.0, 1.4142135623730951]"
images/custom/davids/medium/C/custom_davids_medium_C_1.jpg,16,False,False,0.2553486099932343,"[1.0, 1.0, 1.4142135623730951, 2.23606797749979, 96.87620966986684, 115.10864433221339, 121.40016474453401, 135.05924625881784, 135.14806694880988, 146.4923206178399, 153.68799562750502, 158.04113388608675, 158.24032355881985, 173.18487231857176, 173.65770930194836, 191.70028690641024]"
images/custom/davids/medium/C/custom_davids_medium_C_2.jpg,2,False,False,0.26684077898971736,"[0.0, 1.4142135623730951]"
images/custom/davids/medium/C/custom_davids_medium_C_3.jpg,3,False,False,0.2591922719730064,"[1.4142135623730951, 1.4142135623730951, 2.23606797749979]"
images/custom/davids/medium/C/custom_davids_medium_C_4.jpg,4,True,True,0.24395362997893244,"[1.0, 1.0, 1.4142135623730951, 1.4142135623730951]"
images/custom/davids/medium/D/custom_davids_medium_D_0.jpg,4,True,True,0.27260639297310263,"[1.4142135623730951, 1.4142135623730951, 1.4142135623730951, 2.23606797749979]"
images/custom/davids/medium/D/custom_davids_medium_D_1.jpg,4,True,True,0.2650281300302595,"[1.0, 1.0, 2.23606797749979, 2.23606797749979]"
images/custom/davids/medium/D/custom_davids_medium_D_2.jpg,4,True,True,0.2542786330450326,"[1.0, 1.0, 1.0, 3.0]"
images/custom/davids/medium/D/custom_davids_medium_D_3.jpg,4,True,True,0.28142271703109145,"[1.0, 1.0, 1.0, 2.23606797749979]"
images/custom/davids/medium/D/custom_davids_medium_D_4.jpg,4,True,True,0.2586692360928282,"[0.0, 0.0, 1.0, 1.0]"
images/custom/davids/short/A/custom_davids_short_A_0.jpg,4,True,True,0.23222689505200833,"[1.0, 1.0, 1.4142135623730951, 2.23606797749979]"
images/custom/davids/short/A/custom_davids_short_A_1.jpg,4,True,True,0.2415480799973011,"[1.0, 1.0, 1.4142135623730951, 2.23606797749979]"
images/custom/davids/short/A/custom_davids_short_A_2.jpg,4,True,True,0.26186588197015226,"[1.0, 1.0, 1.0, 3.1622776601683795]"
images/custom/davids/short/A/custom_davids_short_A_3.jpg,5,False,False,0.25007893110159785,"[0.0, 1.0, 1.4142135623730951, 2.0, 328.54984401152893]"
images/custom/davids/short/A/custom_davids_short_A_4.jpg,4,True,True,0.24081206100527197,"[1.0, 1.0, 2.23606797749979, 2.23606797749979]"
images/custom/davids/short/B/custom_davids_short_B_0.jpg,21,False,False,0.28929753392003477,"[1.0, 1.0, 1.4142135623730951, 2.0, 282.44645510255566, 286.6810073932349, 294.00680264238787, 303.3891889965758, 316.36213427020624, 318.7789202566569, 325.22146300636433, 334.43235489408016, 336.1681127055331, 346.3423162133094, 350.8746214818051, 356.6791275081849, 365.08766070630213, 373.1340241789805, 375.9255245391034, 379.68539608470587, 389.34432062122085]"
images/custom/davids/short/B/custom_davids_short_B_1.jpg,4,True,True,0.3125250650336966,"[0.0, 1.0, 1.0, 2.0]"
images/custom/davids/short/B/custom_davids_short_B_2.jpg,4,True,True,0.2981237779604271,"[1.0, 1.0, 1.0, 2.23606797749979]"
images/custom/davids/short/B/custom_davids_short_B_3.jpg,4,True,True,0.23650765500497073,"[0.0, 1.0, 1.4142135623730951, 2.0]"
images/custom/davids/short/B/custom_davids_short_B_4.jpg,4,True,True,0.24311572301667184,"[0.0, 1.0, 1.0, 2.23606797749979]"
images/custom/davids/short/C/custom_davids_short_C_0.jpg,3,False,False,0.26484361302573234,"[1.0, 1.4142135623730951, 2.0]"
images/custom/davids/short/C/custom_davids_short_C_1.jpg,3,False,False,0.2590450569987297,"[0.0, 0.0, 2.0]"
images/custom/davids/short/C/custom_davids_short_C_2.jpg,18,False,False,0.2637647179653868,"[1.0, 2.0, 3.0, 211.14213222377006, 216.33307652783935, 245.70917768776974, 247.329739416836, 257.8003103178893, 271.7094035914105, 275.48684179103725, 288.1700886629284, 288.334874755032, 300.3747659175118, 301.77143668677456, 315.3696244092002, 329.21877224727024, 329.802971484491, 343.4020966738555]"
images/custom/davids/short/C/custom_davids_short_C_3.jpg,4,True,True,0.2686976649565622,"[1.0, 1.4142135623730951, 2.23606797749979, 2.23606797749979]"
images/custom/davids/short/C/custom_davids_short_C_4.jpg,4,True,True,0.2721761380089447,"[0.0, 1.4142135623730951, 2.23606797749979, 2.23606797749979]"
images/custom/davids/short/D/custom_davids_short_D_0.jpg,4,True,True,0.26643920002970845,"[0.0, 0.0, 1.0, 1.4142135623730951]"
images/custom/davids/short/D/custom_davids_short_D_1.jpg,4,True,True,0.2840210710419342,"[0.0, 1.0, 1.4142135623730951, 2.23606797749979]"
images/custom/davids/short/D/custom_davids_short_D_2.jpg,4,True,True,0.2671211239648983,"[0.0, 0.0, 1.0, 1.0]"
images/custom/davids/short/D/custom_davids_short_D_3.jpg,26,False,False,0.28839371900539845,"[0.0, 1.0, 1.0, 2.0, 276.3277040037788, 278.3522947633089, 279.2579452764057, 282.3118842698621, 285.5801113523139, 290.423828223512, 299.81661061388843, 311.8236681203016, 312.52519898401795, 315.03968004046726, 318.5545479191908, 326.58536403213174, 337.8579583197649, 338.92329515688357, 351.0056979594491, 359.3007097126305, 365.8742953529258, 368.9173349139343, 381.70800358389135, 389.5600082143956, 391.4945721207383, 398.5774705123209]"
images/custom/davids/short/D/custom_davids_short_D_4.jpg,4,True,True,0.24433447897899896,"[1.0, 1.0, 1.0, 1.4142135623730951]"
images/custom/jack_cole/high/A/custom_jack_cole_high_A_0.jpg,4,True,True,0.10321342502720654,"[0.0, 1.4142135623730951, 2.0, 2.23606797749979]"
images/custom/jack_cole/high/A/custom_jack_cole_high_A_1.jpg,4,True,True,0.10637400089763105,"[0.0, 1.0, 1.0, 2.23606797749979]"
images/custom/jack_cole/high/A/custom_jack_cole_high_A_2.jpg,4,True,True,0.10408560803625733,"[1.4142135623730951, 1.4142135623730951, 2.0, 2.23606797749979]"
images/custom/jack_cole/high/A/custom_jack_cole_high_A_3.jpg,4,True,True,0.1070755219552666,"[1.0, 1.0, 1.0, 1.4142135623730951]"
images/custom/jack_cole/high/A/custom_jack_cole_high_A_4.jpg,4,True,True,0.07080532202962786,"[0.0, 1.0, 2.23606797749979, 2.23606797749979]"
images/custom/jack_cole/high/B/custom_jack_cole_high_B_0.jpg,4,True,True,0.07960774004459381,"[1.0, 1.0, 1.4142135623730951, 1.4142135623730951]"
images/custom/jack_cole/high/B/custom_jack_cole_high_B_1.jpg,5,False,False,0.11344779306091368,"[1.0, 1.4142135623730951, 1.4142135623730951, 1.4142135623730951, 442.23523152277227]"
images/custom/jack_cole/high/B/custom_jack_cole_high_B_2.jpg,5,False,False,0.1289634519489482,"[1.0, 1.4142135623730951, 2.23606797749979, 2.23606797749979, 521.4374363238604]"
images/custom/jack_cole/high/B/custom_jack_cole_high_B_3.jpg,4,True,True,0.1304901560069993,"[0.0, 1.0, 1.4142135623730951, 1.4142135623730951]"
images/custom/jack_cole/high/B/custom_jack_cole_high_B_4.jpg,4,True,True,0.06989345198962837,"[0.0, 1.0, 1.0, 1.0]"
images/custom/jack_cole/high/C/custom_jack_cole_high_C_0.jpg,5,False,False,0.08442288695368916,"[1.4142135623730951, 1.4142135623730951, 2.0, 2.23606797749979, 203.22647465327935]"
images/custom/jack_cole/high/C/custom_jack_cole_high_C_1.jpg,3,False,False,0.09004246699623764,"[0.0, 1.0, 1.4142135623730951]"
images/custom/jack_cole/high/C/custom_jack_cole_high_C_2.jpg,3,False,False,0.10842938104178756,"[0.0, 1.0, 2.23606797749979]"
images/custom/jack_cole/high/C/custom_jack_cole_high_C_3.jpg,3,False,False,0.11962202901486307,"[0.0, 1.4142135623730951, 2.23606797749979]"
images/custom/jack_cole/high/C/custom_jack_cole_high_C_4.jpg,3,False,False,0.07746385806240141,"[0.0, 1.0, 1.0]"
images/custom/jack_cole/high/D/custom_jack_cole_high_D_0.jpg,5,False,False,0.08470523601863533,"[1.4142135623730951, 2.0, 2.23606797749979, 2.23606797749979, 224.32119828495925]"
images/custom/jack_cole/high/D/custom_jack_cole_high_D_1.jpg,4,True,True,0.08386452402919531,"[1.0, 1.0, 2.0, 2.23606797749979]"
images/custom/jack_cole/high/D/custom_jack_cole_high_D_2.jpg,4,True,True,0.10120377398561686,"[1.0, 1.4142135623730951, 1.4142135623730951, 2.23606797749979]"
images/custom/jack_cole/high/D/custom_jack_cole_high_D_3.jpg,4,True,True,0.09161234390921891,"[1.0, 1.4142135623730951, 1.4142135623730951, 2.23606797749979]"
images/custom/jack_cole/high/D/custom_jack_cole_high_D_4.jpg,4,True,True,0.06864385609515011,"[1.0, 1.0, 1.0, 2.0]"
images/custom/jack_cole/medium/A/custom_jack_cole_medium_A_0.jpg,4,True,True,0.09045959694776684,"[1.0, 1.0, 1.0, 1.4142135623730951]"
images/custom/jack_cole/medium/A/custom_jack_cole_medium_A_1.jpg,4,True,True,0.09006872796453536,"[1.0, 2.0, 2.23606797749979, 2.23606797749979]"
images/custom/jack_cole/medium/A/custom_jack_cole_medium_A_2.jpg,4,True,True,0.08727222902234644,"[1.0, 1.0, 1.0, 2.23606797749979]"
images/custom/jack_cole/medium/A/custom_jack_cole_medium_A_3.jpg,5,False,False,0.092161049018614,"[0.0, 0.0, 1.4142135623730951, 2.23606797749979, 164.54178800535746]"
images/custom/jack_cole/medium/A/custom_jack_cole_medium_A_4.jpg,4,True,True,0.06954524596221745,"[1.0, 1.4142135623730951, 2.0, 2.23606797749979]"
images/custom/jack_cole/medium/B/custom_jack_cole_medium_B_0.jpg,4,True,True,0.09088387992233038,"[1.0, 1.0, 1.4142135623730951, 1.4142135623730951]"
images/custom/jack_cole/medium/B/custom_jack_cole_medium_B_1.jpg,5,False,False,0.08742732997052372,"[0.0, 1.0, 2.23606797749979, 2.23606797749979, 241.7457341919398]"
images/custom/jack_cole/medium/B/custom_jack_cole_medium_B_2.jpg,5,False,False,0.10085850406903774,"[1.0, 2.0, 2.0, 2.23606797749979, 722.4963667728717]"
images/custom/jack_cole/medium/B/custom_jack_cole_medium_B_3.jpg,4,True,True,0.11099399998784065,"[2.0, 2.23606797749979, 2.23606797749979, 3.0]"
images/custom/jack_cole/medium/B/custom_jack_cole_medium_B_4.jpg,4,True,True,0.061641982989385724,"[1.0, 1.0, 2.23606797749979, 3.1622776601683795]"
images/custom/jack_cole/medium/C/custom_jack_cole_medium_C_0.jpg,3,False,False,0.08937853807583451,"[1.0, 1.4142135623730951, 2.8284271247461903]"
images/custom/jack_cole/medium/C/custom_jack_cole_medium_C_1.jpg,3,False,False,0.10234932799357921,"[0.0, 2.8284271247461903, 3.0]"
images/custom/jack_cole/medium/C/custom_jack_cole_medium_C_2.jpg,3,False,False,0.11565444699954242,"[1.0, 1.0, 2.0]"
images/custom/jack_cole/medium/C/custom_jack_cole_medium_C_3.jpg,4,True,False,0.10517942102160305,"[2.0, 2.23606797749979, 2.23606797749979, 609.3808333054134]"
images/custom/jack_cole/medium/C/custom_jack_cole_medium_C_4.jpg,4,True,True,0.07316642499063164,"[1.4142135623730951, 2.23606797749979, 2.23606797749979, 2.8284271247461903]"
images/custom/jack_cole/medium/D/custom_jack_cole_medium_D_0.jpg,4,True,True,0.10316776600666344,"[2.0, 2.0, 2.23606797749979, 3.0]"
images/custom/jack_cole/medium/D/custom_jack_cole_medium_D_1.jpg,4,True,True,0.10810507100541145,"[1.0, 1.0, 1.4142135623730951, 2.0]"
images/custom/jack_cole/medium/D/custom_jack_cole_medium_D_2.jpg,4,True,True,0.1160671979887411,"[1.0, 1.0, 2.0, 2.0]"
images/custom/jack_cole/medium/D/custom_jack_cole_medium_D_3.jpg,4,True,True,0.11864014295861125,"[1.0, 1.4142135623730951, 1.4142135623730951, 2.23606797749979]"
images/custom/jack_cole/medium/D/custom_jack_cole_medium_D_4.jpg,5,False,False,0.07084316608961672,"[1.4142135623730951, 1.4142135623730951, 1.4142135623730951, 2.23606797749979, 453.9273069556402]"
images/custom/jack_cole/short/A/custom_jack_cole_short_A_0.jpg,4,True,True,0.1003034149762243,"[1.0, 2.23606797749979, 3.1622776601683795, 3.1622776601683795]"
images/custom/jack_cole/short/A/custom_jack_cole_short_A_1.jpg,4,True,True,0.10287610010709614,"[2.0, 2.23606797749979, 3.0, 3.0]"
images/custom/jack_cole/short/A/custom_jack_cole_short_A_2.jpg,5,False,False,0.11131918104365468,"[1.0, 1.0, 1.0, 1.4142135623730951, 504.9683158377365]"
images/custom/jack_cole/short/A/custom_jack_cole_short_A_3.jpg,4,True,True,0.11329528701025993,"[1.4142135623730951, 1.4142135623730951, 2.8284271247461903, 3.1622776601683795]"
images/custom/jack_cole/short/A/custom_jack_cole_short_A_4.jpg,4,True,True,0.06928712502121925,"[1.4142135623730951, 2.23606797749979, 2.23606797749979, 3.605551275463989]"
images/custom/jack_cole/short/B/custom_jack_cole_short_B_0.jpg,4,True,True,0.10760900797322392,"[1.0, 1.0, 2.0, 2.23606797749979]"
images/custom/jack_cole/short/B/custom_jack_cole_short_B_1.jpg,4,True,True,0.12612326897215098,"[0.0, 1.0, 1.0, 2.0]"
images/custom/jack_cole/short/B/custom_jack_cole_short_B_2.jpg,4,True,True,0.13141268794424832,"[1.0, 1.0, 1.4142135623730951, 2.0]"
images/custom/jack_cole/short/B/custom_jack_cole_short_B_3.jpg,4,True,True,0.10163632407784462,"[0.0, 1.0, 1.4142135623730951, 2.0]"
images/custom/jack_cole/short/B/custom_jack_cole_short_B_4.jpg,4,True,True,0.06181234389077872,"[0.0, 1.0, 1.4142135623730951, 2.8284271247461903]"
images/custom/jack_cole/short/C/custom_jack_cole_short_C_0.jpg,3,False,False,0.09547616494819522,"[1.0, 1.0, 2.23606797749979]"
images/custom/jack_cole/short/C/custom_jack_cole_short_C_1.jpg,3,False,False,0.0970941960113123,"[1.0, 1.4142135623730951, 3.0]"
images/custom/jack_cole/short/C/custom_jack_cole_short_C_2.jpg,3,False,False,0.09851943189278245,"[1.0, 1.0, 2.23606797749979]"
images/custom/jack_cole/short/C/custom_jack_cole_short_C_3.jpg,3,False,False,0.10028128302656114,"[2.0, 2.23606797749979, 3.1622776601683795]"
images/custom/jack_cole/short/C/custom_jack_cole_short_C_4.jpg,3,False,False,0.05735490098595619,"[1.0, 2.8284271247461903, 3.0]"
images/custom/jack_cole/short/D/custom_jack_cole_short_D_0.jpg,4,True,True,0.08653861505445093,"[0.0, 1.4142135623730951, 2.0, 2.23606797749979]"
images/custom/jack_cole/short/D/custom_jack_cole_short_D_1.jpg,4,True,True,0.09868272999301553,"[0.0, 1.4142135623730951, 2.0, 2.23606797749979]"
images/custom/jack_cole/short/D/custom_jack_cole_short_D_2.jpg,4,True,True,0.11096083500888199,"[1.0, 1.0, 1.0, 1.4142135623730951]"
images/custom/jack_cole/short/D/custom_jack_cole_short_D_3.jpg,4,True,True,0.1124765370041132,"[0.0, 2.23606797749979, 2.23606797749979, 3.1622776601683795]"
images/custom/jack_cole/short/D/custom_jack_cole_short_D_4.jpg,4,True,True,0.07036562892608345,"[2.0, 2.23606797749979, 2.8284271247461903, 2.8284271247461903]"
images/custom/john_honey/high/A/custom_john_honey_high_A_0.jpg,26,False,False,0.25068372406531125,"[0.0, 0.0, 2.23606797749979, 3.0, 144.2809758769326, 146.696966567138, 158.4960567332828, 164.34719346554112, 176.13914953808538, 180.22485955050706, 181.02486017119307, 186.51005334833832, 189.76301009416983, 198.70832896484234, 200.21238722916223, 204.55317157159897, 216.6679487141557, 217.45114393812693, 221.43622106602163, 226.37358503146962, 232.69293070482394, 239.0585702291386, 247.83260479605988, 255.51907952244974, 265.2413994835648, 427.79083674150854]"
images/custom/john_honey/high/A/custom_john_honey_high_A_1.jpg,25,False,False,0.2766995079582557,"[1.4142135623730951, 1.4142135623730951, 1.4142135623730951, 2.23606797749979, 170.18813119603846, 173.27723451163456, 175.60182231400674, 182.58422713914803, 199.46177578674065, 207.63429389192913, 212.04952251773642, 214.17049283222934, 219.89315587348324, 222.64994947226015, 239.63513932643517, 242.52834885843757, 244.65894629054543, 247.52373623553763, 256.56383221335, 259.40123361310367, 283.8045101826255, 284.07921430474283, 300.74075214376916, 309.2975913258944, 338.11980125393427]"
images/custom/john_honey/high/A/custom_john_honey_high_A_2.jpg,29,False,False,0.2635558630572632,"[0.0, 1.0, 1.4142135623730951, 1.4142135623730951, 233.25951213187426, 233.34309503390068, 238.6734170367534, 248.62019226120793, 263.86549603917524, 269.09106265351886, 270.55868125048215, 271.42770676554005, 277.71388153997634, 282.0655952079232, 288.2724405835563, 294.24479604574145, 304.11346566701053, 304.2367499169027, 305.0147537415199, 306.7800515027012, 311.7322569128835, 315.0571376750573, 322.051238159396, 326.4506088216103, 341.7133301467767, 344.2455518957362, 354.8534908944817, 368.1548587211637, 393.93527387122873]"
images/custom/john_honey/high/A/custom_john_honey_high_A_3.jpg,25,False,False,0.2605526229599491,"[0.0, 1.0, 2.23606797749979, 2.8284271247461903, 110.72488428533127, 114.23221962301179, 131.24404748406687, 142.68847185389575, 143.69411957348845, 149.60280746028798, 154.31461369552787, 156.31058825300352, 171.1286066091815, 178.04493814764857, 182.43903091169938, 184.0244548966251, 191.48106956041372, 192.62658175859323, 194.67151820438448, 214.72307747422028, 220.51077071199947, 250.28184113115358, 280.0803456153252, 280.9199174141983, 313.12138221462936]"
images/custom/john_honey/high/A/custom_john_honey_high_A_4.jpg,25,False,False,0.26015837700106204,"[0.0, 1.0, 1.4142135623730951, 1.4142135623730951, 281.0871750898643, 283.5912551543154, 284.27099746544667, 290.3687310989253, 291.20439557122074, 302.15393427853957, 315.29351404683223, 318.06445887587, 318.190194694934, 318.59692402783804, 321.45450689016633, 322.02484376209236, 329.874218453034, 330.84739684634064, 334.55193916640206, 341.1773732239581, 342.31710445141357, 354.6223343220221, 356.4393356519451, 356.8094729684177, 362.08838699963854]"
images/custom/john_honey/high/B/custom_john_honey_high_B_0.jpg,25,False,False,0.2746171460021287,"[1.0, 1.0, 2.0, 2.0, 146.27713423498562, 147.49237268414933, 153.07514494521962, 157.17824276915684, 168.32409215557945, 181.22361876973983, 183.99184764548673, 185.53975315279473, 192.92485583770693, 197.3854097951518, 197.3854097951518, 209.02152999152983, 214.3105223734943, 214.68348795377813, 218.0022935659164, 219.80445855350615, 228.60008748904713, 241.04978738841484, 253.24296633865274, 259.0463279029448, 279.76061195243335]"
images/custom/john_honey/high/B/custom_john_honey_high_B_1.jpg,26,False,False,0.2717644979711622,"[0.0, 1.4142135623730951, 1.4142135623730951, 2.0, 141.0319112825179, 159.26079241294764, 169.5464538113375, 181.7470770053813, 182.43903091169938, 199.6922632452244, 202.3116407921205, 207.62466134830902, 210.67985190805504, 222.48145990171855, 240.46829312822095, 247.7458375028731, 256.62813563598206, 272.15436796053814, 276.0163038662753, 304.5734722525913, 306.2025473440742, 307.3532169995948, 337.37960815674677, 365.5680511204446, 370.32553247109496, 388.711975632344]"
images/custom/john_honey/high/B/custom_john_honey_high_B_2.jpg,22,False,False,0.26103193301241845,"[1.0, 2.0, 2.0, 2.23606797749979, 276.8176294963888, 283.53483031190365, 305.26709616334347, 309.0453041222274, 326.0552100488505, 327.37745799000885, 328.69438693108225, 334.145178028952, 334.463749904231, 335.8407360639861, 362.1988404178014, 362.7947077894053, 365.301245549478, 366.1174674882366, 366.6619696668854, 394.4058823090751, 401.2542834662329, 403.1935019317648]"
images/custom/john_honey/high/B/custom_john_honey_high_B_3.jpg,31,False,False,0.26915910991374403,"[0.0, 1.4142135623730951, 2.0, 3.0, 163.37074401495514, 166.04818577750254, 169.64079697997178, 176.26400653565094, 182.02472359545007, 191.9088325221119, 200.15993605114886, 201.00995000248122, 201.10196418732463, 204.78281177872327, 208.39625716408634, 214.9534833400008, 216.33538776631067, 222.27235545609355, 232.57256931977167, 235.76683396949622, 236.61149591682988, 240.77582935170216, 241.3503677229434, 251.07170290576354, 253.40284134160768, 266.2423707827137, 269.2953768633988, 277.3157045679166, 284.60498941515414, 285.3944638566067, 323.68194265358704]"
images/custom/john_honey/high/B/custom_john_honey_high_B_4.jpg,23,False,False,0.23715850908774883,"[0.0, 1.0, 1.0, 1.4142135623730951, 166.14752480852673, 168.68906307167634, 170.51099671282202, 179.20379460268134, 195.68597292601225, 202.2992832414391, 202.5487595617411, 207.3957569479183, 210.05237442123808, 219.69296757065302, 222.28135324403618, 236.32604596192948, 238.47222060441337, 252.46385879963097, 257.3441275801723, 257.41989045137905, 267.01685340067957, 272.9468812791236, 284.56457966514387]"
images/custom/john_honey/high/C/custom_john_honey_high_C_0.jpg,22,False,False,0.26262961502652615,"[1.0, 1.4142135623730951, 2.0, 2.23606797749979, 118.01694793545543, 122.80065146407001, 123.01625908797584, 137.20058308913997, 137.59360450253493, 154.30165261590687, 160.0312469488381, 162.5423021862309, 162.92636373527768, 177.67385851610248, 178.73443988218946, 190.26297590440447, 191.7706964058899, 198.71587757398754, 206.0218435020908, 223.48601745970598, 252.07141845120006, 297.85902705810344]"
images/custom/john_honey/high/C/custom_john_honey_high_C_1.jpg,25,False,False,0.25730508798733354,"[1.0, 1.0, 1.0, 1.4142135623730951, 232.66499521844707, 266.83515510516975, 289.0017300986276, 290.11894112587686, 291.35888522576414, 296.86360504447157, 297.1548417912789, 297.21541009846715, 306.64800667866734, 324.4456811239749, 325.55491088294156, 328.46917663610384, 329.19295253695816, 329.78932669205653, 335.3043393694749, 338.73293314940605, 350.2284968417048, 355.735857062512, 362.6789213615812, 367.78934187928826, 368.7817782917155]"
images/custom/john_honey/high/C/custom_john_honey_high_C_2.jpg,23,False,False,0.25092055404093117,"[0.0, 0.0, 1.0, 1.0, 107.11675872616759, 111.40017953306898, 115.52056094046635, 126.77933585565118, 143.68368035375485, 144.68241081762497, 149.9333185119305, 151.48927354766738, 155.24174696260025, 166.86821147240718, 179.4017837146554, 188.7882411592417, 198.63534428696218, 205.9732992404598, 213.84573879317773, 242.03305559365234, 252.40641830191245, 272.0073528417936, 285.07016680108774]"
images/custom/john_honey/high/C/custom_john_honey_high_C_3.jpg,20,False,False,0.28674478898756206,"[0.0, 1.0, 1.0, 149.00335566691106, 153.05554547287727, 153.52524222420234, 165.4841382127, 183.43936327844142, 185.77943912069495, 193.28993765843063, 205.29490982486632, 206.51876428063383, 223.02690420664499, 223.27113561766106, 224.71537553091466, 234.3608329051593, 246.00203251192866, 247.14570601165622, 267.9253627411933, 289.6204412675321]"
images/custom/john_honey/high/C/custom_john_honey_high_C_4.jpg,25,False,False,0.24707057094201446,"[1.0, 1.4142135623730951, 1.4142135623730951, 185.9731163367437, 186.68690366493306, 191.0863679072895, 195.05896544378575, 209.3895890439637, 221.02036105300343, 222.4454989429995, 227.72132091659753, 229.2705825002414, 234.0939982143925, 242.39636960977776, 248.78102821557758, 256.87740266516244, 261.0823624835657, 261.4670151281037, 266.7002062241422, 271.48664792214, 276.4796556710819, 285.0771825313278, 288.8200131569833, 301.7830346457534, 302.63013729633735]"
images/custom/john_honey/high/D/custom_john_honey_high_D_0.jpg,24,False,False,0.2610135469585657,"[0.0, 1.0, 1.4142135623730951, 1.4142135623730951, 139.29106216839614, 143.37712509323097, 145.15164484083533, 154.94515158597252, 158.2940302096071, 175.13994404475525, 177.89041570584965, 182.14829123546562, 194.74342094150447, 197.73972792537162, 201.3156725145859, 211.0473880435387, 213.60009363293827, 215.6687274502263, 216.92625475031832, 218.78985351245154, 226.01991062736045, 239.7352706632881, 260.969346858975, 278.3522947633089]"
images/custom/john_honey/high/D/custom_john_honey_high_D_1.jpg,26,False,False,0.2680158510338515,"[1.0, 1.0, 2.0, 2.23606797749979, 101.1236866416568, 103.74005976477939, 109.9317970379817, 117.88977903109328, 128.80993750483694, 135.83077707206124, 140.07141035914503, 142.44297104455524, 149.30840565755165, 153.52198539622916, 171.14321488157222, 174.38463235044537, 175.41379649275024, 178.2806775845324, 185.22418848519757, 191.84629264074925, 201.37527157027003, 203.19940944796076, 218.3437656540713, 246.56439321199645, 249.65776575143823, 288.39209420509434]"
images/custom/john_honey/high/D/custom_john_honey_high_D_2.jpg,29,False,False,0.2753502590348944,"[0.0, 1.0, 2.0, 2.23606797749979, 139.12943613772032, 140.24621207005913, 146.1642911247477, 151.16877984557524, 162.01234520862909, 167.80047675736802, 173.4877517290486, 176.50495743746123, 178.84350701101786, 185.62596801094398, 190.06577808748213, 190.24457942343588, 201.76471445721128, 207.03864373589778, 216.40009242142204, 219.92044015961773, 228.52789764052878, 233.20591759215716, 237.49736840647307, 251.22300850041583, 253.15805339747737, 272.5013761433142, 280.04463929880893, 296.5821977125397, 314.00636936215164]"
images/custom/john_honey/high/D/custom_john_honey_high_D_3.jpg,27,False,False,0.2776841389713809,"[0.0, 1.0, 1.4142135623730951, 2.23606797749979, 96.51942809610924, 101.39033484509261, 104.65180361560904, 116.81181447096864, 122.57650672131263, 133.19534526401438, 140.42791745233566, 140.73023839957068, 144.4506836259351, 155.9134375222354, 161.64467204334326, 167.32304085211933, 168.40427548016706, 168.58232410309213, 178.22738285684386, 185.39687160251654, 187.17104476921637, 203.82345301755635, 206.4654934849889, 211.69081227110448, 228.40534144367115, 232.80034364235806, 253.9389690457138]"
images/custom/john_honey/high/D/custom_john_honey_high_D_4.jpg,25,False,False,0.25757523300126195,"[1.0, 1.0, 2.0, 2.23606797749979, 161.15210206509875, 162.60688792299052, 170.84788555905513, 185.84133017173548, 195.4328529188478, 200.09247861926244, 206.11889772653063, 206.60348496576722, 209.57099035887578, 221.41589825484527, 224.72205054244233, 230.20208513391012, 235.05318547086316, 245.0652974209119, 252.23005372080465, 258.4143958838207, 267.30132809247317, 288.47530223573733, 299.1253917673991, 311.8413057951111, 336.02976058676705]"
images/custom/john_honey/medium/A/custom_john_honey_medium_A_0.jpg,29,False,False,0.27429922798182815,"[0.0, 1.0, 1.0, 1.0, 181.41664752717708, 183.35757415498276, 188.09572031282372, 192.87560758167425, 202.38824076511955, 210.440015206234, 222.94618184665106, 222.9910312097776, 225.06221362103412, 227.9758759167294, 233.54871012274933, 234.00213674238105, 239.57671005337727, 249.07227866625382, 256.8988127648705, 260.731662825979, 267.9346935355703, 269.2452413692766, 279.69268849936, 290.4961273407961, 292.35081665697464, 293.0801938036755, 305.3784537258646, 309.5109044928789, 332.46954747766]"
images/custom/john_honey/medium/A/custom_john_honey_medium_A_1.jpg,26,False,False,0.2730143249500543,"[0.0, 1.0, 1.0, 1.4142135623730951, 195.57607215607945, 197.44872752185566, 201.71762441591463, 207.0869382650678, 215.18828964420902, 223.37636401374252, 234.72963170422264, 238.20999139414786, 243.18717071424635, 248.50955716028307, 253.38705570727168, 259.8249410660955, 262.6118809193522, 269.8629281690985, 281.15476165272395, 281.6895454219059, 287.020905161976, 290.9467305195231, 298.24151287169934, 314.3564855383137, 334.43235489408016, 360.2721193764513]"
images/custom/john_honey/medium/A/custom_john_honey_medium_A_2.jpg,28,False,False,0.28006292693316936,"[0.0, 1.0, 1.0, 1.4142135623730951, 123.03251602726817, 128.03515142334936, 130.60245020672468, 144.30869689661813, 166.50825805346713, 167.28717822953436, 168.62087652482418, 175.04570831642803, 177.88198334851114, 191.65855055279948, 195.78048932414077, 198.03282556182447, 208.92582415776178, 214.478437144623, 219.0091322296858, 229.95651762887695, 234.43762496664223, 242.24367896810023, 264.4617174564213, 271.3300573102803, 280.1446055165082, 303.9605237526742, 308.22881111278355, 338.1419820134731]"
images/custom/john_honey/medium/A/custom_john_honey_medium_A_3.jpg,24,False,False,0.2669701409759,"[1.0, 1.0, 1.4142135623730951, 1.4142135623730951, 137.2953021774598, 141.40014144264495, 152.7776161615307, 175.30829986055994, 176.58992043715293, 178.0, 184.0108692441835, 188.66107176627614, 199.2786993132984, 203.22647465327935, 220.77137495608437, 228.0350850198276, 233.21449354617735, 242.33035303073365, 247.3236745643247, 266.8501452126268, 276.26798583983634, 302.00165562460086, 307.23443817384793, 340.7359681630338]"
images/custom/john_honey/medium/A/custom_john_honey_medium_A_4.jpg,25,False,False,0.2649929919280112,"[1.0, 1.0, 1.4142135623730951, 1.4142135623730951, 130.09611831257686, 134.2013412749664, 146.75830470538966, 152.2694979304785, 169.95587662684687, 170.48753620133056, 177.01129907438113, 180.6931099959265, 193.18643844742311, 198.58751219550538, 215.96759016111653, 221.0, 230.21728866442677, 233.02574965011914, 242.53865671269807, 264.4919658515169, 272.6554602424092, 300.1466308323317, 304.2367499169027, 338.97050019138834, 372.90749523172633]"
images/custom/john_honey/medium/B/custom_john_honey_medium_B_0.jpg,24,False,False,0.276240145904012,"[1.0, 1.0, 1.0, 1.4142135623730951, 181.2181006411887, 181.8598361376145, 189.25115587493778, 190.04210059878838, 205.10485123467947, 206.32013958894075, 222.40728405337808, 225.85393509965684, 227.50164834567684, 228.11619846034608, 235.80076335754302, 237.30360300678117, 251.7339865810733, 252.79438284898657, 266.5520587052368, 273.40263349134, 274.16965550549173, 274.23530042647684, 299.34762400927787, 326.8088126106761]"
images/custom/john_honey/medium/B/custom_john_honey_medium_B_1.jpg,25,False,False,0.2874764889711514,"[1.0, 1.0, 2.23606797749979, 2.23606797749979, 270.4163456597992, 305.4995908344232, 306.2041802457961, 341.11874765248535, 344.2455518957362, 369.43199644860215, 370.1297069947237, 372.1142297736006, 374.09223461601016, 377.58442764499705, 383.15793088490284, 395.9217094325594, 406.5870140572618, 411.0048661512416, 412.24871133819204, 413.6145548696274, 420.0059523387734, 429.01048938225273, 442.3867086610989, 458.68616722111864, 502.04581464244876]"
images/custom/john_honey/medium/B/custom_john_honey_medium_B_2.jpg,26,False,False,0.25963465101085603,"[0.0, 2.23606797749979, 2.23606797749979, 2.23606797749979, 303.4419219554213, 304.809776746088, 306.7784216661922, 311.44823004794875, 314.1926160812822, 324.69370181757455, 327.11618730964693, 340.83720454199243, 344.19325966671687, 345.7585862997476, 346.13581149600805, 349.72131762304684, 351.4000569151917, 358.10194079340033, 361.01246515875323, 364.1387098345904, 371.22769293251815, 374.54639232009697, 389.72426149779284, 390.69169430639295, 410.9939172299269, 433.84905209070126]"
images/custom/john_honey/medium/B/custom_john_honey_medium_B_3.jpg,25,False,False,0.2693732460029423,"[0.0, 1.0, 2.0, 2.8284271247461903, 221.37072977247917, 222.89459392277777, 242.44174558025273, 250.7369139157615, 266.9475603934226, 282.68179990936807, 294.5929394944828, 316.4253466459348, 324.7845439672276, 351.4498541755282, 357.49405589464004, 361.0664758739033, 387.40805360756247, 391.0626548265636, 424.062495394252, 425.7158676864183, 456.3299245063817, 459.795606764571, 460.4562954287844, 495.9516105428029, 532.634959423431]"
images/custom/john_honey/medium/B/custom_john_honey_medium_B_4.jpg,25,False,False,0.27498460898641497,"[1.0, 1.0, 1.4142135623730951, 2.23606797749979, 221.37072977247917, 222.89459392277777, 242.72000329597887, 266.9475603934226, 283.30195904723286, 294.5929394944828, 317.0993535155819, 325.3459696999488, 332.8137617346975, 352.1647341799005, 357.49405589464004, 361.56603822815, 388.1546083714581, 391.9004975755964, 424.062495394252, 425.7158676864183, 460.5225293077419, 461.24722221385787, 495.9516105428029, 525.3808142671371, 532.634959423431]"
images/custom/john_honey/medium/C/custom_john_honey_medium_C_0.jpg,26,False,False,0.27263631008099765,"[1.0, 1.4142135623730951, 1.4142135623730951, 2.23606797749979, 197.34234213670416, 201.44478151592807, 202.20039564748632, 213.0539837693724, 213.52751579129094, 230.18470844085192, 230.38446128157167, 240.85265205099984, 240.9024698918631, 246.45689278249046, 253.50542400508908, 253.51331325987596, 259.6690201005888, 260.0192300580863, 277.5463925184401, 277.5626055505316, 296.56196654325043, 299.6865028659115, 310.77483810630486, 342.3273287366932, 373.20905669610966, 384.68818541774846]"
images/custom/john_honey/medium/C/custom_john_honey_medium_C_1.jpg,27,False,False,0.2868008780060336,"[1.0, 1.4142135623730951, 1.4142135623730951, 1.4142135623730951, 195.43796969882797, 199.69977466186586, 200.21238722916223, 211.51832071950648, 211.53250341259616, 228.23890991677996, 229.0785891348207, 238.9518780005715, 239.00209204105306, 244.7549795203358, 245.45875417267155, 251.6445906432324, 252.41434190631878, 258.02713035648014, 258.14724480420085, 275.61023203067043, 276.21006498677775, 285.3646789636026, 289.56001105124994, 294.9254142999548, 298.52973051272465, 301.66372005927394, 340.4115156689033]"
images/custom/john_honey/medium/C/custom_john_honey_medium_C_2.jpg,23,False,False,0.2809620420448482,"[1.0, 1.4142135623730951, 2.0, 3.0, 125.59060474414477, 129.0968628588627, 145.7840869230932, 168.12197952677099, 169.57889019568444, 176.0113632695344, 198.58751219550538, 215.60380330597138, 218.04815981796315, 231.62469643800938, 235.9194777885031, 242.53865671269807, 256.51705596314645, 265.2112365643658, 272.6554602424092, 300.1466308323317, 305.0131144721486, 336.60956611480907, 338.2927726097618]"
images/custom/john_honey/medium/C/custom_john_honey_medium_C_3.jpg,21,False,False,0.2806380729889497,"[1.0, 1.4142135623730951, 2.0, 2.23606797749979, 163.11039206623224, 182.96447742663054, 194.4453650771856, 207.57649192526594, 208.153789300123, 228.44911906155383, 264.76404589747455, 268.6428856307198, 301.4232904073605, 335.20292361493506, 338.803778019077, 346.5544690232691, 375.8683280086259, 377.76447689003265, 414.1074739726391, 443.4433447465414, 483.84501650838564]"
images/custom/john_honey/medium/C/custom_john_honey_medium_C_4.jpg,26,False,False,0.2586051729740575,"[1.0, 1.0, 1.0, 137.56816492197603, 143.05593311708537, 158.90248582070703, 181.60396471443016, 182.7785545407338, 190.01052602421794, 206.11889772653063, 211.80415482232638, 223.0807028857494, 229.05457864884517, 243.21389762922678, 255.37815098398687, 269.92035862453946, 277.5463925184401, 285.70089254323307, 294.0017006753532, 311.8541325684173, 317.4161306550126, 347.8807266866045, 350.13711599886125, 385.42573863197043, 420.1737735746961, 450.89355728375625]"
images/custom/john_honey/medium/D/custom_john_honey_medium_D_0.jpg,28,False,False,0.26183249801397324,"[0.0, 1.0, 1.4142135623730951, 2.23606797749979, 247.95160818191923, 250.08198655640913, 251.47763320025103, 258.0949437706985, 262.0019083899963, 277.18585822512665, 289.8706608127149, 290.84875794818174, 295.45388811115686, 296.2735222729159, 296.3545174280291, 305.0, 307.8473647767673, 317.49803148996057, 319.15200140371985, 322.8327740487325, 323.154761685481, 327.365239449762, 343.91859501922835, 345.30131769224397, 357.76249104678374, 358.50383540486706, 362.7905731961623, 375.50632484686594]"
images/custom/john_honey/medium/D/custom_john_honey_medium_D_1.jpg,28,False,False,0.27470007608644664,"[0.0, 1.0, 1.4142135623730951, 1.4142135623730951, 150.86417732516887, 153.18289721767243, 158.00316452527144, 166.24379687675568, 173.9798838946618, 186.46179233290664, 192.77188591700815, 194.48650338776724, 198.33809518093088, 204.08821622033938, 211.98348992315417, 212.24985276791125, 221.41589825484527, 231.63117234085743, 238.83885781003056, 242.6375898330677, 242.90327292978165, 248.0020161208372, 257.26251184344756, 263.751777245197, 284.4802277839358, 285.5240795449659, 308.8899480397509, 336.7565886512096]"
images/custom/john_honey/medium/D/custom_john_honey_medium_D_2.jpg,27,False,False,0.2724411420058459,"[0.0, 1.4142135623730951, 1.4142135623730951, 1.4142135623730951, 141.05672617780408, 164.1584600317632, 172.23530416264836, 187.2591786802452, 193.27959023135372, 208.58571379651102, 209.65924735150605, 216.453228204155, 226.2056586383285, 236.13555429032706, 259.8557292037257, 266.9082239272518, 275.7698315624826, 290.27056344038743, 292.76953393411685, 299.4010688023675, 299.4077487307234, 332.75817044814994, 336.57391461609143, 345.83377510011945, 358.235955761004, 389.9358921669048, 402.15046935195784]"
images/custom/john_honey/medium/D/custom_john_honey_medium_D_3.jpg,25,False,False,0.2806570309912786,"[0.0, 1.0, 1.4142135623730951, 2.23606797749979, 236.23928547132036, 237.49105246303492, 241.54916683772686, 246.0081299469593, 252.01785651020842, 260.2152954766495, 278.1726082848561, 278.8207309365643, 279.89283663573815, 281.81021982887705, 286.4716390849188, 291.44639301250584, 299.1070042643602, 302.8696089078599, 315.22848856028224, 322.4422428901027, 325.1538097577822, 329.6331294029773, 330.32408328791286, 348.3733629312092, 400.7804885470349]"
images/custom/john_honey/medium/D/custom_john_honey_medium_D_4.jpg,26,False,False,0.25577894505113363,"[1.0, 1.4142135623730951, 2.23606797749979, 2.23606797749979, 187.40864441108366, 188.2153022471871, 197.0913493789111, 213.2650932525058, 229.31419493786248, 233.28308982864576, 233.3109513074772, 234.38643305447522, 243.00205760445732, 259.50915205441214, 260.5379051117131, 280.9216972752372, 288.0433995077825, 289.74644087546613, 305.85290582239037, 320.3513695928269, 333.17412864746865, 363.23546082396746, 371.46870662277865, 394.14971774694953, 399.8249617019928, 803.1768173945261]"
images/custom/john_honey/short/A/custom_john_honey_short_A_0.jpg,32,False,False,0.2911328470800072,"[0.0, 1.0, 1.4142135623730951, 2.0, 262.36615635405417, 262.6670896781704, 270.4163456597992, 270.7397274136177, 283.8045101826255, 285.84786163272236, 306.13885738337757, 306.9609095634166, 310.2208890452092, 312.6227758817326, 314.03343771006297, 322.1257518423512, 324.2606975876047, 337.5574025258519, 339.3287491504367, 358.91224554199874, 359.0891254271006, 359.94027282314494, 360.46913876225244, 374.34208953843273, 379.0646382874562, 383.9010289124008, 386.50485119853283, 389.9358921669048, 396.7177838211945, 410.01951173084433, 418.1686262741384, 433.9700450491946]"
images/custom/john_honey/short/A/custom_john_honey_short_A_1.jpg,30,False,False,0.28902419400401413,"[1.4142135623730951, 2.0, 2.23606797749979, 3.0, 256.90854403853524, 315.08728949292765, 332.03915431767985, 346.1574786134195, 361.00554012369395, 369.82157860243905, 379.8697145074874, 389.0115679513914, 389.89357522277794, 390.7083311115851, 393.02926099719343, 395.47945585074325, 402.2747817102136, 407.0012284993744, 409.1869988159448, 436.3312961500699, 437.7864776349311, 439.61460394304464, 444.08332551448046, 446.6855717392269, 454.63391866423694, 456.5303932927139, 486.5562660165831, 487.2832851637741, 492.54948989923844, 492.8823389004723]"
images/custom/john_honey/short/A/custom_john_honey_short_A_2.jpg,29,False,False,0.2958811360877007,"[1.0, 1.0, 1.4142135623730951, 2.23606797749979, 181.91481522954638, 182.0604295282201, 192.00260414900626, 193.4140636044856, 211.62466774929618, 214.80456233516085, 227.771815640127, 232.64780248263682, 238.4386713601634, 242.94237999986746, 245.13057744802055, 246.47920804806233, 264.95471311150516, 266.59519875646674, 277.39682766751315, 279.5084971874737, 291.5681738461864, 293.9557789872484, 296.04222671774374, 304.08551428833306, 314.6823795511913, 321.6364407215078, 325.25989608311687, 326.71853329739344, 354.039545813741]"
images/custom/john_honey/short/A/custom_john_honey_short_A_3.jpg,33,False,False,0.2996764821000397,"[1.0, 1.4142135623730951, 2.0, 2.0, 143.024473430249, 149.164338901763, 151.02979838429235, 168.88161534045085, 171.20747647226156, 192.75113488641253, 192.85486771144772, 196.57314160383152, 203.0, 203.83571816538927, 222.20036003571192, 223.1815404552984, 230.8679276123039, 240.85265205099984, 242.5963726027246, 247.42675683927152, 249.30302846134862, 253.03161857759991, 262.497619036821, 267.8544380815819, 280.43180989324304, 295.8800432607782, 307.14817271147814, 315.08728949292765, 325.38592471094995, 347.9425239892359, 352.23003846918, 357.4716771997468, 391.90432505906335]"
images/custom/john_honey/short/A/custom_john_honey_short_A_4.jpg,32,False,False,0.28120649803895503,"[0.0, 1.4142135623730951, 2.23606797749979, 2.23606797749979, 172.75416058665562, 178.80995498014084, 179.49373248110922, 194.61243536834948, 196.1555505204989, 218.8332698654389, 221.75887806353998, 221.84679398179276, 222.40728405337808, 231.21634890292685, 231.40008643040736, 248.20354550247666, 249.0461804565571, 253.03161857759991, 270.1869722988138, 271.84002648616706, 272.03860020225073, 273.48126078398866, 275.0890764825096, 282.3473038652928, 287.8367592924851, 301.08636634693374, 302.79035651750866, 308.09901006007794, 320.42627857277876, 332.8618331981004, 346.96541614403014, 362.49137920783716]"
images/custom/john_honey/short/B/custom_john_honey_short_B_0.jpg,31,False,False,0.3004539719549939,"[1.0, 1.0, 2.0, 2.23606797749979, 262.9239433752658, 263.8560213449752, 268.9107658685312, 273.4264069178396, 283.21370023358685, 289.917229567337, 302.8530997034701, 310.517310306527, 312.488399784696, 315.67388235329196, 321.97204847626136, 326.01380338875225, 327.6858251435359, 336.48179742743883, 342.95334959728854, 356.2611401766968, 356.384623686264, 361.809342057388, 363.2079294288603, 370.00540536592166, 380.48915884687176, 383.98567681620625, 406.1625290447163, 407.191601092164, 428.08527187933015, 440.12384620695116, 484.9257675149878]"
images/custom/john_honey/short/B/custom_john_honey_short_B_1.jpg,29,False,False,0.296529893996194,"[0.0, 2.0, 2.23606797749979, 3.0, 237.00843866833097, 238.30442715149042, 244.3460660620506, 249.09837414162303, 266.4432397340942, 285.5748588373984, 287.1167010119753, 290.20337696174386, 290.93126335957777, 297.2490538252393, 319.23189063751136, 320.89406351629503, 334.61171527607934, 334.970147923662, 341.6460156360674, 343.92586410446074, 350.70785562915466, 353.02266216207704, 370.06080581439585, 371.14013525890726, 385.0986886500654, 401.6876896296425, 418.1219917679528, 432.80711639251035, 446.23984582284896]"
images/custom/john_honey/short/B/custom_john_honey_short_B_2.jpg,31,False,False,0.298337844084017,"[1.0, 1.0, 1.4142135623730951, 1.4142135623730951, 288.38342532122056, 318.92475601621146, 325.39975414864716, 330.71135450721977, 360.2846097184835, 363.2698721336522, 365.0342449688796, 401.05984590831326, 402.7319207611932, 403.18978161654843, 444.07206622349037, 446.68669109343296, 478.65749759091835, 481.3584942638906, 486.2766702197423, 487.3817805375987, 492.66723049133276, 505.2860575951013, 518.5643643753397, 528.4439421547, 545.4841885884503, 558.0725759253899, 559.3326380607518, 573.9494751282555, 595.638313072623, 608.1389643823195, 624.7695575170096]"
images/custom/john_honey/short/B/custom_john_honey_short_B_3.jpg,34,False,False,0.32428376202005893,"[1.0, 1.0, 1.0, 2.0, 168.6801707374047, 172.3629890666787, 182.17573932881405, 186.6815470259447, 195.72429588581997, 210.24033866030564, 216.5386801474508, 218.68927728629038, 223.00672635595546, 223.21514285549716, 239.00209204105306, 240.75090861718465, 249.28096598015662, 255.15681452785068, 262.03053257206494, 264.70549673174526, 268.4660127464927, 268.5609800399157, 275.44327909753036, 275.7571395267945, 280.49242414011826, 291.30224853234483, 297.83384629689084, 299.1070042643602, 305.5110472634337, 321.43584118763107, 322.6716597409819, 323.31099579197735, 350.59520818174343, 351.14242124813114]"
images/custom/john_honey/short/B/custom_john_honey_short_B_4.jpg,28,False,False,0.2797888059867546,"[1.0, 1.0, 1.0, 1.4142135623730951, 170.20575783445165, 173.4156855650607, 178.10109488714548, 188.80942773071476, 207.29930052945187, 212.46176126540982, 218.23381956058049, 220.04544985070697, 224.96444163467257, 237.1349826575573, 241.12444919584576, 242.98559628093184, 265.04716561397146, 270.4071004984891, 276.0670208481991, 277.65446151646836, 282.0070921094007, 293.0614270080592, 299.81661061388843, 299.9766657591887, 305.56505035753025, 323.6417772785213, 325.54108803651803, 352.8809997718778]"
images/custom/john_honey/short/C/custom_john_honey_short_C_0.jpg,29,False,False,0.3106017019599676,"[1.4142135623730951, 1.4142135623730951, 2.0, 168.6001186239203, 170.03823099526764, 179.30142219179413, 182.33211456021672, 200.80089641234176, 204.26698215815497, 215.35319825811735, 219.69296757065302, 221.41589825484527, 233.02574965011914, 235.68835355188853, 242.98559628093184, 253.9389690457138, 264.9698096010185, 266.5633133047382, 271.55294143131647, 274.69437562498433, 281.092511461974, 284.6770099604111, 291.35888522576414, 306.3494736408078, 314.0780157858872, 316.6654385941099, 333.253657144224, 351.1936787586018, 360.568994784632]"
images/custom/john_honey/short/C/custom_john_honey_short_C_1.jpg,30,False,False,0.30621858302038163,"[0.0, 1.0, 2.23606797749979, 182.84966502567076, 186.59046063504962, 190.26297590440447, 208.62646045025065, 232.54461937443318, 233.77339455121918, 234.64867355261143, 244.0327846827143, 261.9198350640898, 265.1980392084376, 281.51376520518494, 285.1701246624548, 287.2525021649072, 295.10845463998487, 299.5797055876783, 312.0833222073874, 316.1898164078027, 346.2036972650639, 355.9845502265513, 372.4258315423354, 383.3027524033711, 399.4608866960569, 421.2030389254095, 425.3292842022519, 459.7934318800128, 460.4313195255075, 465.1720111958586]"
images/custom/john_honey/short/C/custom_john_honey_short_C_2.jpg,28,False,False,0.3140147270169109,"[1.0, 1.0, 1.4142135623730951, 2.23606797749979, 315.9952531289038, 320.9189928938454, 324.7799254880141, 332.0963715550051, 338.85099970340946, 359.0891254271006, 365.2683944717911, 366.824208579532, 372.13438432910226, 372.4902683292545, 376.43857400643736, 381.4302033137911, 391.0319680026174, 391.1521443121589, 403.1935019317648, 406.5095324835569, 409.7377209874629, 414.66371917494786, 415.07710127155894, 420.8610221914118, 432.41184072594496, 436.0103209787585, 449.3072445443096, 452.7703612207849]"
images/custom/john_honey/short/C/custom_john_honey_short_C_3.jpg,28,False,False,0.3084003679687157,"[1.0, 1.4142135623730951, 2.0, 2.0, 159.13830462839547, 172.9392957080605, 196.69773765857096, 204.9243762952568, 211.94574777522666, 227.27076362788065, 227.63567382991621, 250.13996082193665, 254.26167623139747, 262.37377917772193, 276.65321252427196, 278.6323742855449, 312.5699921617557, 325.1122882943676, 340.3307215048327, 355.22387307161665, 381.209915925596, 385.12984823303424, 423.0425510513097, 424.27938908224144, 472.3812019968619, 500.37286097469354, 505.75982442262057, 540.0268511842721]"
images/custom/john_honey/short/C/custom_john_honey_short_C_4.jpg,28,False,False,0.276284281979315,"[0.0, 1.4142135623730951, 1.4142135623730951, 1.4142135623730951, 372.5184559186296, 373.48360071092816, 375.7658845611187, 381.7184826544295, 385.33102652135346, 394.65554601449605, 399.1252936109161, 417.3787249010184, 420.60194959129706, 424.9470555257443, 427.6037885706814, 433.7787454451866, 437.7727721090018, 439.3927627988426, 452.31957729021633, 465.9066430090904, 470.83861353971383, 471.2472811592657, 471.89511546529064, 478.99582461645736, 490.02550954006466, 492.8823389004723, 503.1947932957971, 518.960499460219]"
images/custom/john_honey/short/D/custom_john_honey_short_D_0.jpg,31,False,False,0.29474872699938715,"[0.0, 1.4142135623730951, 1.4142135623730951, 2.23606797749979, 191.65855055279948, 253.57050301641948, 259.40894356209077, 263.21094202179364, 273.4684625327023, 300.3281538584087, 302.63013729633735, 302.7358584641073, 304.50779957170226, 311.64242329952447, 315.83065082414026, 320.6555784638714, 327.67361810191557, 348.69470887869807, 349.11602655850675, 350.4083332342426, 353.40911137094355, 359.4495792180038, 362.72992708074145, 373.2693397534815, 377.4784762075846, 401.8556954927975, 421.54477816715985, 433.35205087780537, 447.532121752171, 467.5232614533741, 510.32734592612223]"
images/custom/john_honey/short/D/custom_john_honey_short_D_1.jpg,31,False,False,0.32083746197167784,"[1.0, 1.0, 1.4142135623730951, 1.4142135623730951, 260.62233212063774, 281.6842203603177, 289.71192588500736, 298.60509037858014, 308.084404019418, 313.99681527047375, 335.9538658804211, 339.4775397577872, 339.6733725213091, 349.7570585420686, 361.46507438478756, 364.5490364820623, 383.6469731406726, 390.773591738234, 408.53396431630995, 409.70477175644413, 423.64725893129537, 436.5775990588615, 446.68669109343296, 457.93012567421243, 467.9529890918531, 485.6058072140406, 494.0789410610414, 499.76894661433295, 531.672831730191, 534.2518132865812, 607.6026662219316]"
images/custom/john_honey/short/D/custom_john_honey_short_D_2.jpg,27,False,False,0.3193139840150252,"[1.0, 1.4142135623730951, 1.4142135623730951, 2.0, 284.0017605579233, 301.93542355940946, 324.2344830520036, 325.3013987058771, 337.0534082308025, 356.384623686264, 367.21247255505904, 375.3571632458877, 379.32571755682477, 387.73444520702566, 388.0012886576538, 419.66296000481145, 428.1413318052813, 436.90387958909224, 455.4393483220351, 469.2941508265365, 481.89832952605263, 492.221494857752, 503.7231382416337, 539.8008892174965, 545.4924380777427, 577.4088672682469, 616.0275967844298]"
images/custom/john_honey/short/D/custom_john_honey_short_D_3.jpg,30,False,False,0.3133319918997586,"[0.0, 1.4142135623730951, 1.4142135623730951, 2.0, 322.70419891907204, 336.304921165302, 358.1312608527773, 360.81019941237804, 370.2769233965303, 385.7680650339009, 400.4722212588534, 407.09949643791015, 412.378466945111, 441.2708918566916, 445.88002870727456, 446.93176212929865, 483.5131849288083, 483.5876342505048, 521.0614167255143, 536.6060007118817, 563.2637037835831, 567.2124822321879, 569.2538976590323, 608.9072178911989, 611.6118049874447, 641.3930152410455, 693.7492342338116, 724.1332750260825, 735.9408943658451, 766.2199423142157]"
images/custom/john_honey/short/D/custom_john_honey_short_D_4.jpg,25,False,False,0.28471208398696035,"[0.0, 1.0, 1.0, 1.4142135623730951, 265.8589851782332, 290.1671931835162, 312.4387940061221, 316.46958779636316, 328.1524036175874, 339.03392160667346, 362.28303852098844, 366.61696632861936, 366.9564006799718, 370.0283772901749, 378.29750197430593, 392.4754769409167, 402.5046583581363, 421.3846224057067, 437.6711093960852, 453.03531871146646, 486.89321211123905, 496.9104547099004, 521.9731793876003, 529.1370332909992, 563.2051136131489]"
images/custom/michaels/high/A/custom_michaels_high_A_0.jpg,7,False,False,0.24517420900519937,"[0.0, 1.0, 1.4142135623730951, 2.23606797749979, 216.78791479231492, 257.1575392633862, 357.61012289922667]"
images/custom/michaels/high/A/custom_michaels_high_A_1.jpg,9,False,False,0.24096711201127619,"[1.0, 1.0, 1.0, 1.4142135623730951, 200.32473636573192, 201.80436070610565, 269.61639416029584, 284.9438541186667, 419.9738087071621]"
images/custom/michaels/high/A/custom_michaels_high_A_2.jpg,6,False,False,0.25220199197065085,"[1.0, 1.0, 1.4142135623730951, 1.4142135623730951, 376.26054802490256, 422.24637357827004]"
images/custom/michaels/high/A/custom_michaels_high_A_3.jpg,6,False,False,0.24271280108951032,"[0.0, 1.0, 1.0, 1.0, 118.87808881370864, 341.5391632009424]"
images/custom/michaels/high/A/custom_michaels_high_A_4.jpg,6,False,False,0.2016828010091558,"[0.0, 1.4142135623730951, 1.4142135623730951, 2.0, 419.66296000481145, 476.14493591762584]"
images/custom/michaels/high/B/custom_michaels_high_B_0.jpg,6,False,False,0.2262011670973152,"[0.0, 1.0, 1.4142135623730951, 2.8284271247461903, 396.9811078628302, 476.5427577877981]"
images/custom/michaels/high/B/custom_michaels_high_B_1.jpg,6,False,False,0.22649001807440072,"[1.0, 1.0, 1.4142135623730951, 2.0, 428.88926309713094, 449.0712638323677]"
images/custom/michaels/high/B/custom_michaels_high_B_2.jpg,6,False,False,0.21600149699952453,"[0.0, 1.0, 1.0, 1.4142135623730951, 449.2004007121988, 551.4526271584895]"
images/custom/michaels/high/B/custom_michaels_high_B_3.jpg,7,False,False,0.23329791403375566,"[0.0, 1.0, 1.0, 2.23606797749979, 150.47923444781344, 265.04716561397146, 435.13331290536695]"
images/custom/michaels/high/B/custom_michaels_high_B_4.jpg,6,False,False,0.19845050596632063,"[0.0, 1.0, 1.0, 1.4142135623730951, 411.0109487592758, 513.3906894364175]"
images/custom/michaels/high/C/custom_michaels_high_C_0.jpg,6,False,False,0.21225251897703856,"[1.0, 1.4142135623730951, 2.0, 3.1622776601683795, 440.83216761030496, 545.8800234483764]"
images/custom/michaels/high/C/custom_michaels_high_C_1.jpg,6,False,False,0.21615598700009286,"[0.0, 1.0, 1.0, 2.23606797749979, 425.8544352240563, 532.9024300939151]"
images/custom/michaels/high/C/custom_michaels_high_C_2.jpg,4,True,False,0.22591935994569212,"[0.0, 1.0, 1.4142135623730951, 628.7328526488814]"
images/custom/michaels/high/C/custom_michaels_high_C_3.jpg,5,False,False,0.23186737799551338,"[0.0, 1.0, 1.0, 243.24884377936928, 499.0561090699121]"
images/custom/michaels/high/C/custom_michaels_high_C_4.jpg,4,True,True,0.21474178205244243,"[1.0, 1.4142135623730951, 2.23606797749979, 2.23606797749979]"
images/custom/michaels/high/D/custom_michaels_high_D_0.jpg,6,False,False,0.22631679207552224,"[0.0, 0.0, 1.0, 1.4142135623730951, 441.4396901050018, 483.9256141185337]"
images/custom/michaels/high/D/custom_michaels_high_D_1.jpg,5,False,False,0.22319639392662793,"[1.0, 1.0, 1.4142135623730951, 2.23606797749979, 625.0127998689306]"
images/custom/michaels/high/D/custom_michaels_high_D_2.jpg,6,False,False,0.22244203009177,"[1.0, 1.0, 1.0, 1.4142135623730951, 487.3243273221644, 534.0599217316349]"
images/custom/michaels/high/D/custom_michaels_high_D_3.jpg,9,False,False,0.22804649895988405,"[1.0, 1.0, 1.0, 1.4142135623730951, 111.83022847155415, 162.02777539668932, 174.4849563716024, 208.40585404445815, 409.41421567893804]"
images/custom/michaels/high/D/custom_michaels_high_D_4.jpg,6,False,False,0.22129752801265568,"[1.0, 1.0, 1.0, 1.4142135623730951, 358.93314140658566, 413.62785206027894]"
images/custom/michaels/medium/A/custom_michaels_medium_A_0.jpg,7,False,False,0.270579798030667,"[0.0, 1.4142135623730951, 2.0, 2.23606797749979, 142.00352108310554, 190.70920271449933, 611.245449880815]"
images/custom/michaels/medium/A/custom_michaels_medium_A_1.jpg,5,False,False,0.2791063509648666,"[0.0, 0.0, 1.0, 2.0, 224.35685859808254]"
images/custom/michaels/medium/A/custom_michaels_medium_A_2.jpg,4,True,True,0.17070208804216236,"[1.0, 1.4142135623730951, 1.4142135623730951, 3.0]"
images/custom/michaels/medium/A/custom_michaels_medium_A_3.jpg,5,False,False,0.2805621969746426,"[0.0, 1.0, 2.0, 2.23606797749979, 508.80251571705105]"
images/custom/michaels/medium/A/custom_michaels_medium_A_4.jpg,6,False,False,0.26086588099133223,"[0.0, 1.0, 1.4142135623730951, 2.23606797749979, 192.39802493788756, 475.1431363284121]"
images/custom/michaels/medium/B/custom_michaels_medium_B_0.jpg,5,False,False,0.26059366296976805,"[1.0, 1.0, 1.0, 1.4142135623730951, 591.6764318442978]"
images/custom/michaels/medium/B/custom_michaels_medium_B_1.jpg,6,False,False,0.2822756030363962,"[0.0, 0.0, 1.4142135623730951, 2.23606797749979, 263.12924580897504, 456.195133687329]"
images/custom/michaels/medium/B/custom_michaels_medium_B_2.jpg,7,False,False,0.277674260083586,"[0.0, 1.4142135623730951, 2.23606797749979, 2.23606797749979, 121.33424908079334, 162.9846618550347, 450.32099662351965]"
images/custom/michaels/medium/B/custom_michaels_medium_B_3.jpg,7,False,False,0.3014480209676549,"[0.0, 1.0, 1.4142135623730951, 2.23606797749979, 290.2912330746487, 325.40590037674485, 431.8564576337837]"
images/custom/michaels/medium/B/custom_michaels_medium_B_4.jpg,5,False,False,0.2397113839397207,"[1.0, 1.0, 1.4142135623730951, 2.0, 632.5345840347387]"
images/custom/michaels/medium/C/custom_michaels_medium_C_0.jpg,4,True,False,0.24448516103439033,"[1.0, 1.0, 2.0, 386.8074456367147]"
images/custom/michaels/medium/C/custom_michaels_medium_C_1.jpg,4,True,False,0.2860040810192004,"[1.0, 1.0, 1.4142135623730951, 459.6563934070753]"
images/custom/michaels/medium/C/custom_michaels_medium_C_2.jpg,4,True,False,0.25486860901582986,"[1.0, 1.4142135623730951, 2.23606797749979, 641.343901506828]"
images/custom/michaels/medium/C/custom_michaels_medium_C_3.jpg,6,False,False,0.26796747697517276,"[1.0, 1.4142135623730951, 2.0, 2.0, 87.36131867136622, 640.1999687597618]"
images/custom/michaels/medium/C/custom_michaels_medium_C_4.jpg,4,True,False,0.25711532100103796,"[0.0, 0.0, 1.4142135623730951, 522.8278875500043]"
images/custom/michaels/medium/D/custom_michaels_medium_D_0.jpg,5,False,False,0.2549951239489019,"[0.0, 1.0, 1.0, 1.0, 556.138471965391]"
images/custom/michaels/medium/D/custom_michaels_medium_D_1.jpg,7,False,False,0.26593156496528536,"[0.0, 0.0, 1.4142135623730951, 2.23606797749979, 262.20793275566626, 306.6349621292393, 484.4068537913146]"
images/custom/michaels/medium/D/custom_michaels_medium_D_2.jpg,7,False,False,0.2637913100188598,"[0.0, 0.0, 1.0, 1.4142135623730951, 262.20793275566626, 307.0439707924583, 488.80671026490626]"
images/custom/michaels/medium/D/custom_michaels_medium_D_3.jpg,6,False,False,0.26160217996221036,"[1.0, 1.0, 1.4142135623730951, 1.4142135623730951, 282.766688278517, 428.22424032275427]"
images/custom/michaels/medium/D/custom_michaels_medium_D_4.jpg,5,False,False,0.24942620296496898,"[0.0, 1.0, 1.4142135623730951, 2.23606797749979, 687.7281439638776]"
images/custom/michaels/short/A/custom_michaels_short_A_0.jpg,30,False,False,0.2598025460029021,"[1.0, 1.0, 1.0, 2.23606797749979, 271.8124353299532, 282.24280327406046, 292.5816125459698, 302.9075766632456, 304.2137406495637, 304.8442225137291, 310.69277429641005, 311.7130090323469, 311.9246703933499, 321.27869521647403, 322.0636583037583, 333.73642294481436, 334.57136757349696, 338.0014792867037, 342.79439902075416, 343.70481521212355, 351.0911562543266, 352.08237672453873, 356.45196029759745, 362.44171945293493, 376.2352987161093, 377.58442764499705, 383.3770989508893, 389.15421107833333, 390.9475668168303, 403.71400768365714]"
images/custom/michaels/short/A/custom_michaels_short_A_1.jpg,12,False,False,0.28130632103420794,"[0.0, 1.0, 1.0, 1.4142135623730951, 153.8083222715858, 181.39735389470266, 185.60711193270586, 207.06037766796427, 207.32824216685964, 219.4196891803468, 233.25951213187426, 536.6386121031546]"
images/custom/michaels/short/A/custom_michaels_short_A_2.jpg,7,False,False,0.26155039900913835,"[0.0, 1.4142135623730951, 1.4142135623730951, 2.0, 275.3343422096125, 323.24139586383427, 406.21422919439937]"
images/custom/michaels/short/A/custom_michaels_short_A_3.jpg,7,False,False,0.265690797008574,"[1.0, 2.23606797749979, 2.23606797749979, 2.23606797749979, 350.0, 376.5979288312669, 416.293165929973]"
images/custom/michaels/short/A/custom_michaels_short_A_4.jpg,5,False,False,0.2719056020723656,"[1.0, 2.23606797749979, 2.23606797749979, 2.23606797749979, 597.3784395171958]"
images/custom/michaels/short/B/custom_michaels_short_B_0.jpg,6,False,False,0.2584823339711875,"[1.0, 1.4142135623730951, 1.4142135623730951, 2.23606797749979, 445.92600283006595, 670.8837455178058]"
images/custom/michaels/short/B/custom_michaels_short_B_1.jpg,5,False,False,0.25412802095524967,"[1.0, 1.0, 2.23606797749979, 2.8284271247461903, 463.7423853822292]"
images/custom/michaels/short/B/custom_michaels_short_B_2.jpg,7,False,False,0.2737872339785099,"[0.0, 1.4142135623730951, 1.4142135623730951, 2.0, 254.01771591761076, 324.8199501262199, 475.94642555649057]"
images/custom/michaels/short/B/custom_michaels_short_B_3.jpg,13,False,False,0.28742212301585823,"[1.4142135623730951, 1.4142135623730951, 1.4142135623730951, 2.0, 203.48218595248088, 209.69740103301234, 230.70543990118657, 248.69660230891776, 263.1216448717209, 270.09813031563175, 290.077575831018, 314.2499005568657, 588.2176467941097]"
images/custom/michaels/short/B/custom_michaels_short_B_4.jpg,5,False,False,0.26066879893187433,"[1.4142135623730951, 2.0, 2.0, 2.23606797749979, 587.6087133458796]"
images/custom/michaels/short/C/custom_michaels_short_C_0.jpg,7,False,False,0.260671544005163,"[0.0, 1.0, 2.0, 2.23606797749979, 293.33428030150174, 347.80023001717524, 571.1357106677887]"
images/custom/michaels/short/C/custom_michaels_short_C_1.jpg,6,False,False,0.26890046801418066,"[1.0, 1.0, 1.0, 2.23606797749979, 154.1557653803451, 450.809272309255]"
images/custom/michaels/short/C/custom_michaels_short_C_2.jpg,6,False,False,0.2736956779845059,"[0.0, 0.0, 1.0, 323.81785003300854, 345.7354479945613, 591.5082417008236]"
images/custom/michaels/short/C/custom_michaels_short_C_3.jpg,5,False,False,0.27009194099809974,"[1.4142135623730951, 1.4142135623730951, 2.23606797749979, 174.38463235044537, 513.0389848734694]"
images/custom/michaels/short/C/custom_michaels_short_C_4.jpg,4,True,False,0.25559546996373683,"[1.0, 1.4142135623730951, 2.23606797749979, 696.0244248587833]"
images/custom/michaels/short/D/custom_michaels_short_D_0.jpg,11,False,False,0.28751382208429277,"[1.4142135623730951, 2.0, 2.0, 2.23606797749979, 194.0103090044444, 196.73586353280888, 201.55644370746373, 203.9730374338726, 231.03679360655957, 257.9457307264456, 636.6804536029043]"
images/custom/michaels/short/D/custom_michaels_short_D_1.jpg,6,False,False,0.26575495197903365,"[1.0, 1.0, 1.4142135623730951, 2.23606797749979, 218.38727069131113, 438.7493589738907]"
images/custom/michaels/short/D/custom_michaels_short_D_2.jpg,7,False,False,0.27334391395561397,"[0.0, 2.0, 2.23606797749979, 2.23606797749979, 197.5854245636555, 251.2866888635369, 623.0]"
images/custom/michaels/short/D/custom_michaels_short_D_3.jpg,7,False,False,0.27624781092163175,"[1.4142135623730951, 1.4142135623730951, 1.4142135623730951, 3.0, 242.10121850168372, 297.0151511286924, 534.4791857500159]"
images/custom/michaels/short/D/custom_michaels_short_D_4.jpg,5,False,False,0.25143988302443177,"[0.0, 1.0, 2.0, 3.0, 497.84837049045365]"
images/dark/davids/high/A/dark_davids_high_A_0.jpg,9,False,False,0.2942268130136654,"[1.0, 1.0, 1.0, 2.23606797749979, 251.46172671005024, 269.4327374318125, 272.5233934912744, 285.4277491765648, 287.6421387766403]"
images/dark/davids/high/A/dark_davids_high_A_1.jpg,9,False,False,0.30072462698444724,"[1.0, 1.0, 2.23606797749979, 2.23606797749979, 240.24362634625712, 244.2396364229197, 259.12352266824405, 278.8207309365643, 299.0551788550066]"
images/dark/davids/high/A/dark_davids_high_A_2.jpg,13,False,False,0.27204887103289366,"[0.0, 1.0, 1.0, 1.4142135623730951, 245.60537453402765, 261.444066675838, 265.7668150842012, 278.48518811599297, 280.47994580718245, 282.936388610585, 296.438863848855, 298.44429966075745, 315.08728949292765]"
images/dark/davids/high/A/dark_davids_high_A_3.jpg,11,False,False,0.26398773200344294,"[1.0, 2.0, 2.23606797749979, 2.23606797749979, 211.53959440256097, 249.15858403835898, 261.8110005328271, 271.53268679847736, 283.8626428398073, 295.6924077483221, 318.7287247801804]"
images/dark/davids/high/A/dark_davids_high_A_4.jpg,9,False,False,0.2684438719879836,"[1.0, 1.0, 1.0, 1.4142135623730951, 311.3727669530526, 324.77838598034816, 333.7813655673426, 340.7007484582328, 356.52349151213025]"
images/dark/davids/high/B/dark_davids_high_B_0.jpg,8,False,False,0.302792972070165,"[1.0, 1.0, 1.0, 1.4142135623730951, 190.3943276465977, 195.25624189766637, 223.60679774997897, 230.3670983452281]"
images/dark/davids/high/B/dark_davids_high_B_1.jpg,17,False,False,0.2907970850355923,"[1.0, 2.0, 2.0, 2.23606797749979, 143.68368035375485, 150.86417732516887, 153.4177303964571, 161.38463371709216, 174.54512310574592, 174.64249196572982, 190.06577808748213, 195.49424543960367, 198.75864761061342, 206.72929158684795, 209.40152817016403, 217.63501556505102, 230.32585612562042]"
images/dark/davids/high/B/dark_davids_high_B_2.jpg,15,False,False,0.29419567296281457,"[1.0, 1.0, 1.4142135623730951, 2.23606797749979, 130.17296186228538, 140.0142849854971, 148.35430563350698, 152.31546211727817, 154.20765220960988, 162.8158468945821, 167.20047846821492, 184.83776670366908, 185.43192821086663, 187.1095935541521, 221.20578654275752]"
images/dark/davids/high/B/dark_davids_high_B_3.jpg,13,False,False,0.2926857110578567,"[1.0, 1.4142135623730951, 2.0, 2.23606797749979, 156.92354826475216, 254.9078264785136, 267.64155133312164, 276.5248632582611, 299.1521352088265, 319.631037291437, 321.40939625343873, 332.00150602068055, 343.9127796404199]"
images/dark/davids/high/B/dark_davids_high_B_4.jpg,4,True,True,0.28360236901789904,"[1.0, 1.4142135623730951, 1.4142135623730951, 1.4142135623730951]"
images/dark/davids/high/C/dark_davids_high_C_0.jpg,9,False,False,0.29138536797836423,"[0.0, 1.4142135623730951, 1.4142135623730951, 2.23606797749979, 148.94629904767692, 172.52536045462998, 173.62315513778685, 193.87109119205988, 208.08652046684813]"
images/dark/davids/high/C/dark_davids_high_C_1.jpg,10,False,False,0.2828972489805892,"[0.0, 0.0, 1.4142135623730951, 2.0, 160.22796260328596, 171.35343591536179, 185.33483212823216, 188.4728097100481, 195.0179478919825, 203.94361965994426]"
images/dark/davids/high/C/dark_davids_high_C_2.jpg,4,True,True,0.2793186029884964,"[0.0, 1.0, 1.0, 1.4142135623730951]"
images/dark/davids/high/C/dark_davids_high_C_3.jpg,9,False,False,0.26854735298547894,"[1.0, 1.0, 1.0, 2.0, 171.5488268686207, 171.56339936011994, 174.13213373757299, 196.02295783912658, 199.07787421006887]"
images/dark/davids/high/C/dark_davids_high_C_4.jpg,4,True,True,0.25612034799996763,"[0.0, 0.0, 1.0, 2.0]"
images/dark/davids/high/D/dark_davids_high_D_0.jpg,4,True,True,0.262135345954448,"[0.0, 0.0, 1.4142135623730951, 2.0]"
images/dark/davids/high/D/dark_davids_high_D_1.jpg,4,True,True,0.28512222901917994,"[0.0, 0.0, 1.0, 1.4142135623730951]"
images/dark/davids/high/D/dark_davids_high_D_2.jpg,4,True,True,0.27320331102237105,"[1.0, 1.0, 1.4142135623730951, 1.4142135623730951]"
images/dark/davids/high/D/dark_davids_high_D_3.jpg,4,True,True,0.2703532479936257,"[0.0, 0.0, 1.0, 1.0]"
images/dark/davids/high/D/dark_davids_high_D_4.jpg,4,True,True,0.25286830600816756,"[0.0, 1.0, 1.4142135623730951, 1.4142135623730951]"
images/dark/davids/medium/A/dark_davids_medium_A_0.jpg,4,True,True,0.28501463995780796,"[0.0, 1.0, 1.4142135623730951, 2.23606797749979]"
images/dark/davids/medium/A/dark_davids_medium_A_1.jpg,4,True,True,0.3018370269564912,"[0.0, 1.0, 1.0, 1.4142135623730951]"
images/dark/davids/medium/A/dark_davids_medium_A_2.jpg,4,True,True,0.33456633402965963,"[0.0, 1.0, 1.0, 2.0]"
images/dark/davids/medium/A/dark_davids_medium_A_3.jpg,4,True,True,0.3395330149214715,"[1.0, 1.4142135623730951, 2.23606797749979, 2.23606797749979]"
images/dark/davids/medium/A/dark_davids_medium_A_4.jpg,4,True,True,0.2680043679429218,"[0.0, 1.4142135623730951, 1.4142135623730951, 2.23606797749979]"
images/dark/davids/medium/B/dark_davids_medium_B_0.jpg,18,False,False,0.29564524709712714,"[1.0, 1.0, 1.4142135623730951, 2.0, 150.11995203836165, 161.20794025109308, 175.84083712266613, 177.04519197086375, 186.4242473499625, 194.11594473406868, 199.12307751739877, 203.35437049643167, 211.463944917331, 215.4738963308549, 222.62299971027252, 237.36048533822978, 615.4421175057813, 671.8720116212611]"
images/dark/davids/medium/B/dark_davids_medium_B_1.jpg,18,False,False,0.3002356789074838,"[1.0, 1.4142135623730951, 2.0, 2.23606797749979, 99.64436762808022, 119.4026800369238, 122.78843593759146, 140.29255147726127, 142.36923825040296, 147.08500943332058, 159.5399636454766, 162.2004932174992, 166.20770138594662, 179.60233851484227, 181.23189564753773, 198.80643852752857, 474.911570716065, 543.111406619305]"
images/dark/davids/medium/B/dark_davids_medium_B_2.jpg,18,False,False,0.2781183930346742,"[1.4142135623730951, 1.4142135623730951, 2.23606797749979, 2.23606797749979, 98.79271228182775, 119.03780911962384, 122.78843593759146, 139.43098651304163, 141.40014144264495, 147.08500943332058, 158.61904047118682, 161.40012391568973, 165.22106403240477, 178.73443988218946, 180.27756377319946, 197.89138435010253, 470.8046303935423, 539.971295533383]"
images/dark/davids/medium/B/dark_davids_medium_B_3.jpg,17,False,False,0.285042294068262,"[1.0, 1.0, 1.4142135623730951, 2.23606797749979, 97.94386147176351, 118.4736257569591, 122.0245876862528, 138.5712812959453, 140.4314779527724, 146.38647478507022, 157.69908052997647, 160.60199251565965, 164.23458831805192, 179.32372960654146, 196.9771560359221, 470.73665674132496, 539.1567490071881]"
images/dark/davids/medium/B/dark_davids_medium_B_4.jpg,6,False,False,0.26741689804475754,"[1.0, 1.0, 1.4142135623730951, 2.23606797749979, 520.2547452931112, 589.6007123469238]"
images/dark/davids/medium/C/dark_davids_medium_C_0.jpg,4,True,True,0.295414399006404,"[0.0, 1.0, 1.0, 1.0]"
images/dark/davids/medium/C/dark_davids_medium_C_1.jpg,4,True,True,0.28820118599105626,"[0.0, 1.0, 2.0, 2.23606797749979]"
images/dark/davids/medium/C/dark_davids_medium_C_2.jpg,4,True,True,0.26510157401207834,"[0.0, 1.0, 1.0, 2.23606797749979]"
images/dark/davids/medium/C/dark_davids_medium_C_3.jpg,4,True,True,0.2609684800263494,"[0.0, 0.0, 1.4142135623730951, 1.4142135623730951]"
images/dark/davids/medium/C/dark_davids_medium_C_4.jpg,4,True,True,0.2627309219678864,"[0.0, 1.0, 1.4142135623730951, 2.23606797749979]"
images/dark/davids/medium/D/dark_davids_medium_D_0.jpg,5,False,False,0.27927059889771044,"[1.4142135623730951, 1.4142135623730951, 2.23606797749979, 2.23606797749979, 590.0]"
images/dark/davids/medium/D/dark_davids_medium_D_1.jpg,5,False,False,0.28378900000825524,"[1.0, 1.0, 1.4142135623730951, 2.0, 586.8466579950848]"
images/dark/davids/medium/D/dark_davids_medium_D_2.jpg,5,False,False,0.3066112750675529,"[1.0, 2.0, 2.23606797749979, 3.1622776601683795, 431.6132528085763]"
images/dark/davids/medium/D/dark_davids_medium_D_3.jpg,17,False,False,0.30106141103897244,"[1.0, 1.0, 1.4142135623730951, 3.605551275463989, 219.73848092675985, 235.84104816592043, 243.01851781294363, 252.60443384865596, 257.6703320136022, 267.43971283263073, 273.6293112954093, 274.3027524469997, 280.9199174141983, 291.27478435319455, 295.0423698386386, 309.43335308269536, 435.15744277215344]"
images/dark/davids/medium/D/dark_davids_medium_D_4.jpg,5,False,False,0.2719324039062485,"[1.0, 2.0, 2.23606797749979, 2.23606797749979, 733.6163847679521]"
images/dark/davids/short/A/dark_davids_short_A_0.jpg,4,True,True,0.29181614401750267,"[1.4142135623730951, 2.0, 2.23606797749979, 3.605551275463989]"
images/dark/davids/short/A/dark_davids_short_A_1.jpg,17,False,False,0.2846051349770278,"[1.0, 1.4142135623730951, 2.0, 2.0, 210.304541082688, 230.32585612562042, 234.61031520374377, 251.07170290576354, 251.93848455525804, 259.1466766138435, 271.93565415369864, 275.4360179787676, 285.21746089606785, 293.8383909566617, 300.22158483360255, 310.446452709642, 317.3089976663126]"
images/dark/davids/short/A/dark_davids_short_A_2.jpg,4,True,True,0.3033262579701841,"[1.0, 1.4142135623730951, 2.23606797749979, 3.1622776601683795]"
images/dark/davids/short/A/dark_davids_short_A_3.jpg,4,True,True,0.34803081199061126,"[1.4142135623730951, 2.0, 3.1622776601683795, 4.0]"
images/dark/davids/short/A/dark_davids_short_A_4.jpg,4,True,True,0.2578936809441075,"[0.0, 1.0, 2.0, 2.23606797749979]"
images/dark/davids/short/B/dark_davids_short_B_0.jpg,4,True,True,0.2996445510070771,"[1.4142135623730951, 1.4142135623730951, 2.0, 3.605551275463989]"
images/dark/davids/short/B/dark_davids_short_B_1.jpg,16,False,False,0.2974139499710873,"[1.0, 1.0, 1.4142135623730951, 2.23606797749979, 216.390850083824, 230.62523712724936, 244.20073709962466, 248.82323042674292, 256.8443108188305, 267.67517628648346, 270.7027890510181, 272.72146963523056, 282.57742301889584, 290.0, 296.98484809834997, 312.8146416010606]"
images/dark/davids/short/B/dark_davids_short_B_2.jpg,4,True,True,0.2791559170000255,"[1.0, 1.0, 1.4142135623730951, 2.0]"
images/dark/davids/short/B/dark_davids_short_B_3.jpg,4,True,True,0.28091498208232224,"[1.0, 1.4142135623730951, 3.0, 3.0]"
images/dark/davids/short/B/dark_davids_short_B_4.jpg,4,True,True,0.2671922519803047,"[0.0, 1.0, 1.0, 2.23606797749979]"
images/dark/davids/short/C/dark_davids_short_C_0.jpg,4,True,True,0.29477597994264215,"[1.4142135623730951, 1.4142135623730951, 1.4142135623730951, 2.23606797749979]"
images/dark/davids/short/C/dark_davids_short_C_1.jpg,4,True,True,0.29017391498200595,"[1.0, 1.0, 1.4142135623730951, 2.23606797749979]"
images/dark/davids/short/C/dark_davids_short_C_2.jpg,4,True,True,0.29588336998131126,"[2.23606797749979, 2.23606797749979, 2.23606797749979, 3.1622776601683795]"
images/dark/davids/short/C/dark_davids_short_C_3.jpg,16,False,False,0.3448043579701334,"[0.0, 1.0, 1.4142135623730951, 2.0, 149.40214188558343, 163.47782724271815, 177.55280904564702, 181.27603261324978, 189.42280749687984, 202.6079958935481, 204.65825172711703, 205.29490982486632, 215.14878572745886, 223.6604569431083, 229.89562849258357, 246.43457549621561]"
images/dark/davids/short/C/dark_davids_short_C_4.jpg,4,True,True,0.29493439698126167,"[1.0, 1.4142135623730951, 1.4142135623730951, 3.0]"
images/dark/davids/short/D/dark_davids_short_D_0.jpg,16,False,False,0.2954114229651168,"[0.0, 1.0, 1.4142135623730951, 1.4142135623730951, 180.0999722376436, 180.36074961032958, 185.52627846210896, 194.20865068271289, 209.99523804124703, 210.2189334955346, 214.66718426438635, 222.0923231451281, 238.8053600738476, 239.42639787625757, 242.78797334299736, 250.3197954617253]"
images/dark/davids/short/D/dark_davids_short_D_1.jpg,4,True,True,0.2970999509561807,"[1.0, 1.0, 3.0, 3.605551275463989]"
images/dark/davids/short/D/dark_davids_short_D_2.jpg,4,True,True,0.29620833008084446,"[1.0, 1.0, 2.0, 2.0]"
images/dark/davids/short/D/dark_davids_short_D_3.jpg,29,False,False,0.317668589996174,"[1.0, 1.0, 1.0, 2.23606797749979, 228.01973598791838, 233.97649454592656, 240.13329631685815, 243.1810025474852, 255.55625603768732, 258.49564793241683, 260.34592372457075, 262.9619744373699, 269.6738771182704, 271.1844390815963, 280.43180989324304, 281.27744310555727, 282.0815484926301, 283.28254446753334, 287.4804341168282, 293.027302482209, 296.56871041969345, 302.00165562460086, 307.76127111772854, 309.19573088902763, 321.49805598168086, 325.29678756483287, 343.20984834354624, 343.43267171310305, 365.0493117374692]"
images/dark/davids/short/D/dark_davids_short_D_4.jpg,4,True,True,0.26032912905793637,"[2.0, 2.23606797749979, 3.0, 3.1622776601683795]"
images/dark/jack_cole/high/A/dark_jack_cole_high_A_0.jpg,4,True,True,0.1242760029854253,"[0.0, 0.0, 1.4142135623730951, 2.0]"
images/dark/jack_cole/high/A/dark_jack_cole_high_A_1.jpg,4,True,True,0.12123967905063182,"[0.0, 1.0, 1.4142135623730951, 1.4142135623730951]"
images/dark/jack_cole/high/A/dark_jack_cole_high_A_2.jpg,4,True,True,0.0845422389684245,"[0.0, 1.0, 1.0, 3.1622776601683795]"
images/dark/jack_cole/high/A/dark_jack_cole_high_A_3.jpg,4,True,True,0.08491191698703915,"[0.0, 1.0, 1.0, 1.0]"
images/dark/jack_cole/high/A/dark_jack_cole_high_A_4.jpg,4,True,True,0.10525266407057643,"[1.4142135623730951, 1.4142135623730951, 1.4142135623730951, 2.23606797749979]"
images/dark/jack_cole/high/B/dark_jack_cole_high_B_0.jpg,4,True,True,0.08620228199288249,"[1.0, 1.0, 1.0, 1.0]"
images/dark/jack_cole/high/B/dark_jack_cole_high_B_1.jpg,4,True,True,0.1085084939841181,"[1.0, 1.0, 2.0, 2.23606797749979]"
images/dark/jack_cole/high/B/dark_jack_cole_high_B_2.jpg,4,True,True,0.10855806106701493,"[1.0, 1.0, 2.0, 2.23606797749979]"
images/dark/jack_cole/high/B/dark_jack_cole_high_B_3.jpg,4,True,True,0.10479973396286368,"[1.0, 1.0, 1.0, 3.0]"
images/dark/jack_cole/high/B/dark_jack_cole_high_B_4.jpg,4,True,True,0.08182759000919759,"[1.0, 1.0, 1.0, 1.4142135623730951]"
images/dark/jack_cole/high/C/dark_jack_cole_high_C_0.jpg,4,True,True,0.11464304302353412,"[1.0, 1.4142135623730951, 2.0, 2.23606797749979]"
images/dark/jack_cole/high/C/dark_jack_cole_high_C_1.jpg,4,True,True,0.1175157600082457,"[1.0, 1.0, 1.4142135623730951, 1.4142135623730951]"
images/dark/jack_cole/high/C/dark_jack_cole_high_C_2.jpg,5,False,False,0.1286993200192228,"[0.0, 0.0, 1.4142135623730951, 2.23606797749979, 329.460164511584]"
images/dark/jack_cole/high/C/dark_jack_cole_high_C_3.jpg,4,True,True,0.13214391702786088,"[1.0, 1.4142135623730951, 1.4142135623730951, 2.23606797749979]"
images/dark/jack_cole/high/C/dark_jack_cole_high_C_4.jpg,4,True,True,0.07205970701761544,"[1.0, 1.4142135623730951, 2.23606797749979, 2.23606797749979]"
images/dark/jack_cole/high/D/dark_jack_cole_high_D_0.jpg,4,True,True,0.08239520096685737,"[1.0, 1.4142135623730951, 2.0, 2.23606797749979]"
images/dark/jack_cole/high/D/dark_jack_cole_high_D_1.jpg,4,True,True,0.09163165197242051,"[1.0, 1.0, 1.4142135623730951, 2.0]"
images/dark/jack_cole/high/D/dark_jack_cole_high_D_2.jpg,4,True,True,0.0871802499750629,"[1.0, 1.0, 1.4142135623730951, 3.0]"
images/dark/jack_cole/high/D/dark_jack_cole_high_D_3.jpg,4,True,True,0.10563286207616329,"[1.0, 1.0, 1.4142135623730951, 2.23606797749979]"
images/dark/jack_cole/high/D/dark_jack_cole_high_D_4.jpg,4,True,True,0.0679856389760971,"[1.4142135623730951, 1.4142135623730951, 2.0, 2.23606797749979]"
images/dark/jack_cole/medium/A/dark_jack_cole_medium_A_0.jpg,4,True,True,0.0945581030100584,"[1.0, 1.0, 1.0, 2.23606797749979]"
images/dark/jack_cole/medium/A/dark_jack_cole_medium_A_1.jpg,4,True,True,0.09478803898673505,"[1.0, 1.4142135623730951, 2.23606797749979, 2.8284271247461903]"
images/dark/jack_cole/medium/A/dark_jack_cole_medium_A_2.jpg,4,True,True,0.09052664693444967,"[1.0, 1.0, 1.4142135623730951, 3.0]"
images/dark/jack_cole/medium/A/dark_jack_cole_medium_A_3.jpg,4,True,True,0.089544240036048,"[0.0, 0.0, 2.23606797749979, 2.23606797749979]"
images/dark/jack_cole/medium/A/dark_jack_cole_medium_A_4.jpg,4,True,True,0.07443361496552825,"[0.0, 1.0, 1.4142135623730951, 2.23606797749979]"
images/dark/jack_cole/medium/B/dark_jack_cole_medium_B_0.jpg,4,True,True,0.09727323392871767,"[1.4142135623730951, 1.4142135623730951, 2.23606797749979, 3.0]"
images/dark/jack_cole/medium/B/dark_jack_cole_medium_B_1.jpg,4,True,True,0.1014369260519743,"[1.0, 1.4142135623730951, 2.0, 2.23606797749979]"
images/dark/jack_cole/medium/B/dark_jack_cole_medium_B_2.jpg,4,True,True,0.08919105399399996,"[1.0, 2.0, 2.0, 2.23606797749979]"
images/dark/jack_cole/medium/B/dark_jack_cole_medium_B_3.jpg,4,True,True,0.097520392970182,"[0.0, 2.23606797749979, 2.23606797749979, 2.8284271247461903]"
images/dark/jack_cole/medium/B/dark_jack_cole_medium_B_4.jpg,4,True,True,0.07554853998590261,"[1.0, 1.4142135623730951, 2.0, 2.0]"
images/dark/jack_cole/medium/C/dark_jack_cole_medium_C_0.jpg,4,True,True,0.10668162803631276,"[0.0, 1.0, 1.0, 1.4142135623730951]"
images/dark/jack_cole/medium/C/dark_jack_cole_medium_C_1.jpg,4,True,True,0.09103642601985484,"[1.0, 1.0, 1.4142135623730951, 1.4142135623730951]"
images/dark/jack_cole/medium/C/dark_jack_cole_medium_C_2.jpg,4,True,True,0.09003213699907064,"[1.0, 1.0, 2.23606797749979, 3.1622776601683795]"
images/dark/jack_cole/medium/C/dark_jack_cole_medium_C_3.jpg,5,False,False,0.13201367401052266,"[0.0, 2.0, 2.8284271247461903, 3.0, 298.1358750637031]"
images/dark/jack_cole/medium/C/dark_jack_cole_medium_C_4.jpg,4,True,True,0.07595763402059674,"[1.0, 2.0, 2.23606797749979, 3.0]"
images/dark/jack_cole/medium/D/dark_jack_cole_medium_D_0.jpg,4,True,True,0.12151783902663738,"[1.0, 2.0, 2.0, 3.1622776601683795]"
images/dark/jack_cole/medium/D/dark_jack_cole_medium_D_1.jpg,4,True,True,0.11246656789444387,"[0.0, 0.0, 0.0, 2.0]"
images/dark/jack_cole/medium/D/dark_jack_cole_medium_D_2.jpg,4,True,True,0.1083801849745214,"[1.0, 1.4142135623730951, 2.0, 2.0]"
images/dark/jack_cole/medium/D/dark_jack_cole_medium_D_3.jpg,4,True,True,0.12247633910737932,"[1.0, 1.0, 1.0, 1.4142135623730951]"
images/dark/jack_cole/medium/D/dark_jack_cole_medium_D_4.jpg,4,True,True,0.07033516000956297,"[0.0, 1.0, 1.4142135623730951, 2.0]"
images/dark/jack_cole/short/A/dark_jack_cole_short_A_0.jpg,4,True,True,0.0899226339533925,"[0.0, 1.0, 1.4142135623730951, 2.0]"
images/dark/jack_cole/short/A/dark_jack_cole_short_A_1.jpg,4,True,True,0.09498352906666696,"[0.0, 1.0, 1.0, 2.23606797749979]"
images/dark/jack_cole/short/A/dark_jack_cole_short_A_2.jpg,4,True,True,0.09282443800475448,"[1.0, 1.4142135623730951, 3.605551275463989, 3.605551275463989]"
images/dark/jack_cole/short/A/dark_jack_cole_short_A_3.jpg,4,True,True,0.11381753999739885,"[0.0, 2.23606797749979, 2.23606797749979, 2.23606797749979]"
images/dark/jack_cole/short/A/dark_jack_cole_short_A_4.jpg,4,True,True,0.07134653301909566,"[1.4142135623730951, 2.23606797749979, 2.23606797749979, 2.23606797749979]"
images/dark/jack_cole/short/B/dark_jack_cole_short_B_0.jpg,4,True,True,0.11907477700151503,"[1.0, 1.4142135623730951, 2.23606797749979, 3.1622776601683795]"
images/dark/jack_cole/short/B/dark_jack_cole_short_B_1.jpg,4,True,True,0.1252174909459427,"[1.4142135623730951, 2.0, 2.23606797749979, 2.8284271247461903]"
images/dark/jack_cole/short/B/dark_jack_cole_short_B_2.jpg,4,True,True,0.11438058409839869,"[1.4142135623730951, 1.4142135623730951, 1.4142135623730951, 2.8284271247461903]"
images/dark/jack_cole/short/B/dark_jack_cole_short_B_3.jpg,4,True,True,0.12312688294332474,"[1.0, 1.0, 1.0, 1.4142135623730951]"
images/dark/jack_cole/short/B/dark_jack_cole_short_B_4.jpg,4,True,True,0.07606525300070643,"[1.0, 1.4142135623730951, 2.23606797749979, 2.23606797749979]"
images/dark/jack_cole/short/C/dark_jack_cole_short_C_0.jpg,4,True,True,0.12033555400557816,"[1.4142135623730951, 1.4142135623730951, 2.0, 2.23606797749979]"
images/dark/jack_cole/short/C/dark_jack_cole_short_C_1.jpg,4,True,True,0.11913503299001604,"[1.0, 2.23606797749979, 2.8284271247461903, 4.123105625617661]"
images/dark/jack_cole/short/C/dark_jack_cole_short_C_2.jpg,4,True,True,0.13279342791065574,"[1.0, 1.4142135623730951, 1.4142135623730951, 2.0]"
images/dark/jack_cole/short/C/dark_jack_cole_short_C_3.jpg,4,True,True,0.12744297098834068,"[1.0, 1.0, 1.0, 2.0]"
images/dark/jack_cole/short/C/dark_jack_cole_short_C_4.jpg,4,True,True,0.07896122499369085,"[1.0, 1.0, 2.23606797749979, 4.123105625617661]"
images/dark/jack_cole/short/D/dark_jack_cole_short_D_0.jpg,4,True,True,0.10430664697196335,"[1.0, 1.0, 2.8284271247461903, 3.1622776601683795]"
images/dark/jack_cole/short/D/dark_jack_cole_short_D_1.jpg,4,True,True,0.1365718529559672,"[1.0, 2.23606797749979, 2.8284271247461903, 3.0]"
images/dark/jack_cole/short/D/dark_jack_cole_short_D_2.jpg,4,True,True,0.1359971760539338,"[1.0, 2.0, 3.0, 3.1622776601683795]"
images/dark/jack_cole/short/D/dark_jack_cole_short_D_3.jpg,4,True,True,0.1427901650313288,"[1.0, 1.0, 2.0, 2.23606797749979]"
images/dark/jack_cole/short/D/dark_jack_cole_short_D_4.jpg,4,True,True,0.08376788499299437,"[2.23606797749979, 2.23606797749979, 2.23606797749979, 2.23606797749979]"
images/dark/john_honey/high/A/dark_john_honey_high_A_0.jpg,11,False,False,0.289904342032969,"[1.0, 1.0, 1.0, 2.23606797749979, 154.30165261590687, 259.35689695861186, 267.329384841996, 286.81875810344064, 290.7232360854564, 315.93986769637036, 316.9384798348096]"
images/dark/john_honey/high/A/dark_john_honey_high_A_1.jpg,16,False,False,0.2979898490011692,"[1.4142135623730951, 1.4142135623730951, 1.4142135623730951, 2.23606797749979, 169.95587662684687, 181.12150617748296, 215.61539833694624, 215.64090521049107, 231.78006816808042, 234.0, 247.7357463104588, 258.6600085053737, 279.78027092702587, 314.42805218364344, 315.67388235329196, 343.3598695246723]"
images/dark/john_honey/high/A/dark_john_honey_high_A_2.jpg,14,False,False,0.2979379879543558,"[0.0, 1.0, 2.0, 2.8284271247461903, 248.16929705344293, 300.0933188193299, 301.53772566629203, 328.8175786055241, 358.8035674293108, 398.19718733311015, 403.57527178953865, 420.7766628509713, 422.8001892147164, 431.52056729662377]"
images/dark/john_honey/high/A/dark_john_honey_high_A_3.jpg,15,False,False,0.2866952319163829,"[1.0, 2.23606797749979, 2.23606797749979, 2.8284271247461903, 165.89454481688057, 172.07265907168403, 176.02556632489498, 202.40553352119602, 203.0221662774782, 207.5475849052453, 221.41589825484527, 237.08437316702253, 261.0689564080724, 280.5316381444346, 551.2431405468915]"
images/dark/john_honey/high/A/dark_john_honey_high_A_4.jpg,16,False,False,0.2865868220105767,"[0.0, 1.0, 1.0, 2.23606797749979, 189.8341381311591, 230.41050323281706, 240.01041644062033, 255.98828098176682, 256.632032295269, 261.3063336392748, 264.09278672466615, 276.5248632582611, 277.6346520159182, 291.88011237492697, 311.4883625434504, 511.65613452786823]"
images/dark/john_honey/high/B/dark_john_honey_high_B_0.jpg,18,False,False,0.30250249803066254,"[0.0, 1.0, 1.0, 1.0, 182.84966502567076, 185.64751546950473, 219.01826407859232, 226.33824246026123, 233.36237914453991, 248.4854120466632, 257.6140524117425, 289.79475495598604, 312.40518561637225, 315.0063491423625, 341.76014981270123, 342.7608495729931, 370.62379848034584, 576.3505877501991]"
images/dark/john_honey/high/B/dark_john_honey_high_B_1.jpg,16,False,False,0.30329443607479334,"[1.0, 1.0, 2.0, 2.23606797749979, 203.42074623793906, 226.38462845343543, 237.39418695494632, 241.50569351466643, 253.06125740618614, 266.2930716334918, 273.64575640780544, 287.80027797067885, 293.027302482209, 296.73051747334654, 321.6364407215078, 322.56007192459515]"
images/dark/john_honey/high/B/dark_john_honey_high_B_2.jpg,15,False,False,0.31392544403206557,"[1.4142135623730951, 2.0, 2.0, 2.23606797749979, 306.64800667866734, 420.21423107743504, 428.81347926575256, 433.9631320746038, 450.7948535642349, 461.50406282068633, 483.3735615442781, 494.80198059425754, 528.9810960705496, 532.8883560371722, 562.5531086039788]"
images/dark/john_honey/high/B/dark_john_honey_high_B_3.jpg,11,False,False,0.3079204569803551,"[1.0, 1.4142135623730951, 2.23606797749979, 2.23606797749979, 208.24024587000469, 216.7071757002984, 219.32852071721086, 227.437903613272, 236.2794955132586, 237.39418695494632, 242.78591392418136]"
images/dark/john_honey/high/B/dark_john_honey_high_B_4.jpg,14,False,False,0.3124933340586722,"[1.4142135623730951, 1.4142135623730951, 2.0, 3.1622776601683795, 189.5521036549054, 221.41589825484527, 228.35498680782078, 248.3867951401604, 248.80916381837707, 249.0020080240318, 263.592488512097, 265.03584663211126, 285.40847920130193, 292.77294957014044]"
images/dark/john_honey/high/C/dark_john_honey_high_C_0.jpg,23,False,False,0.31938692601397634,"[0.0, 1.0, 1.0, 1.4142135623730951, 152.16109883935513, 180.47991578012218, 184.97837711473198, 203.85534086699815, 204.46271053666484, 206.92993983471797, 219.25555865245468, 221.35265979879256, 223.23082224459955, 223.61797781037194, 228.63289352147035, 233.42022191746798, 242.80032948906802, 244.47699278255203, 276.8429157482633, 287.2368360778262, 310.0612842649014, 319.2882710028666, 571.8505049398838]"
images/dark/john_honey/high/C/dark_john_honey_high_C_1.jpg,20,False,False,0.32025585300289094,"[0.0, 1.4142135623730951, 1.4142135623730951, 2.0, 153.16004700965587, 192.66551326067673, 205.43125370790102, 207.77150911518163, 220.4654167891191, 222.0495440211486, 224.1539649437413, 224.53952881397075, 229.63013739489858, 243.402958075698, 245.34873140083687, 248.0181444975347, 277.74268667239465, 288.63991407980984, 310.94211679989576, 571.8505049398838]"
images/dark/john_honey/high/C/dark_john_honey_high_C_2.jpg,16,False,False,0.3200853120069951,"[1.0, 1.4142135623730951, 2.8284271247461903, 3.1622776601683795, 138.2208377922808, 173.61163555476344, 176.41145087550296, 210.94312029549576, 230.8679276123039, 268.7768591229535, 300.9601302498389, 334.1526597230673, 334.46225497057213, 345.69639859275367, 357.6548615634911, 371.33542788158525]"
images/dark/john_honey/high/C/dark_john_honey_high_C_3.jpg,21,False,False,0.31208866799715906,"[1.0, 1.0, 2.23606797749979, 2.23606797749979, 154.0, 164.0, 192.37463450257678, 198.2447981663075, 219.8635940759634, 223.98660674245681, 224.1093483101497, 229.42754847663784, 229.78685776170926, 231.94827009486403, 240.05416055548798, 240.39342753078753, 255.21951336055793, 255.22539058643832, 275.7861490358064, 298.7607738643077, 611.1963677902545]"
images/dark/john_honey/high/C/dark_john_honey_high_C_4.jpg,17,False,False,0.30656037596054375,"[1.0, 1.0, 1.4142135623730951, 1.4142135623730951, 168.14577009250038, 197.3854097951518, 202.41047403728888, 205.19746587129188, 208.06249061279644, 210.20228352708256, 219.73848092675985, 223.4323163734378, 230.9328906847182, 250.44959572736389, 288.46663585239804, 361.09278585981195, 587.3346575845835]"
images/dark/john_honey/high/D/dark_john_honey_high_D_0.jpg,18,False,False,0.28988280100747943,"[0.0, 0.0, 1.4142135623730951, 2.0, 181.61773041198373, 192.50974001333023, 193.49418595916518, 214.448128926321, 215.67104580819372, 223.61797781037194, 229.73027662891977, 234.36723320464404, 254.07282420597446, 269.386339668514, 274.9727259202265, 276.1340254296815, 281.19210515233175, 298.6452745315084]"
images/dark/john_honey/high/D/dark_john_honey_high_D_1.jpg,13,False,False,0.3223592459689826,"[0.0, 1.0, 2.23606797749979, 2.8284271247461903, 182.53766734567415, 189.16923639957952, 189.62067397834025, 222.64994947226015, 226.1725005388586, 247.24279564832622, 292.61749776799064, 296.5889411289639, 326.3326523656497]"
images/dark/john_honey/high/D/dark_john_honey_high_D_2.jpg,15,False,False,0.3174030249938369,"[0.0, 2.23606797749979, 2.23606797749979, 2.23606797749979, 157.8670326572334, 181.79658962697843, 190.07893097342483, 217.81643647805828, 218.51544567833184, 222.84748147555987, 248.31633051412467, 299.2423766781704, 314.79675983084707, 328.6715685908959, 371.1940193483726]"
images/dark/john_honey/high/D/dark_john_honey_high_D_3.jpg,16,False,False,0.304110681056045,"[1.0, 2.0, 2.23606797749979, 3.1622776601683795, 201.06217943710845, 209.1219739769114, 217.4971264177989, 222.05629916757596, 232.71012010653942, 235.68835355188853, 237.44683615495913, 244.98367292536048, 246.86230980042296, 253.12645061312736, 259.5630944491146, 277.72108310317384]"
images/dark/john_honey/high/D/dark_john_honey_high_D_4.jpg,11,False,False,0.3085077570285648,"[1.0, 1.0, 1.4142135623730951, 2.23606797749979, 198.45654436173174, 198.64037857394453, 206.1674077054858, 242.03305559365234, 244.69572942738498, 251.0, 515.0310670241165]"
images/dark/john_honey/medium/A/dark_john_honey_medium_A_0.jpg,30,False,False,0.27100995392538607,"[1.4142135623730951, 1.4142135623730951, 2.23606797749979, 2.8284271247461903, 172.15400082484288, 187.21645226849054, 205.35091916034852, 207.36923590542548, 207.9663434308542, 216.1712284278368, 230.7552816296953, 246.07315985291854, 246.14832926509982, 251.44581921360316, 251.46172671005024, 262.68802789621, 264.35771220072246, 276.21006498677775, 280.5084668953862, 282.21445746098834, 294.3535289409658, 301.70515408259104, 304.0148022712052, 304.3057672802144, 321.97204847626136, 326.2529693351464, 331.621772505968, 342.96501279285036, 353.4543817807328, 637.7272144106757]"
images/dark/john_honey/medium/A/dark_john_honey_medium_A_1.jpg,27,False,False,0.29929184610955417,"[1.4142135623730951, 2.0, 2.0, 2.23606797749979, 165.92166826548, 173.72679701186, 189.4887859478761, 205.62344224333955, 207.4246851269154, 210.02142747824567, 216.9446934128604, 232.99785406737118, 245.93088459971838, 246.20316813558676, 252.81020549020565, 254.13579047430528, 265.36390108679063, 282.68179990936807, 289.4995682207488, 303.64617567161946, 304.97212987419033, 306.6626811335217, 322.49030993194197, 328.5361471740971, 343.3496759864497, 356.0126402250347, 635.6138765005056]"
images/dark/john_honey/medium/A/dark_john_honey_medium_A_2.jpg,26,False,False,0.2579595980932936,"[0.0, 1.0, 2.0, 2.23606797749979, 144.55794685869054, 158.64425612041552, 178.89941307897016, 180.23595645708434, 182.0686683644388, 202.19297712828703, 205.80087463370995, 219.79080963497995, 222.9910312097776, 223.27113561766106, 224.24317157942625, 235.23605165875404, 247.63077353188558, 272.5013761433142, 276.2607463973121, 297.55335655979417, 299.66648127543397, 308.1038785864274, 320.3513695928269, 325.41204648875555, 339.09438214160963, 356.2653505464712]"
images/dark/john_honey/medium/A/dark_john_honey_medium_A_3.jpg,27,False,False,0.2570394630311057,"[1.0, 1.4142135623730951, 1.4142135623730951, 3.0, 142.86357128393507, 145.8800877433243, 149.96666296213968, 166.4001201922643, 183.13383084509536, 184.81612483763422, 189.5521036549054, 193.65174928205528, 204.3624231604235, 210.41863035387337, 223.78784596130328, 224.0089283934906, 230.98268333362137, 233.34952324785237, 242.24367896810023, 244.13111231467406, 259.71715384240605, 260.40929322894755, 282.8745304901097, 288.46663585239804, 308.8251932728287, 337.9363845459675, 368.72211758992705]"
images/dark/john_honey/medium/A/dark_john_honey_medium_A_4.jpg,27,False,False,0.25118602998554707,"[1.0, 1.0, 1.0, 1.4142135623730951, 145.0, 146.2942240828393, 157.15597347857954, 176.47946056127893, 184.43969204051496, 187.6006396577581, 188.4887264533346, 199.44924166313595, 201.1889659002203, 220.22715545545242, 224.72205054244233, 227.26416347501865, 228.96506283710622, 235.4591259645716, 239.63305281200255, 250.49151682242655, 270.4163456597992, 294.24139749532185, 302.0149002946709, 321.26780106322514, 334.9820890734309, 350.5709628591621, 382.5232019106815]"
images/dark/john_honey/medium/B/dark_john_honey_medium_B_0.jpg,26,False,False,0.26882091304287314,"[1.0, 1.0, 2.0, 2.23606797749979, 147.49237268414933, 149.40548852033515, 154.77725931156684, 186.3866948041088, 188.04786624686813, 192.7615106809448, 198.56736892047493, 205.23401277566055, 215.8008341040414, 227.14092541856036, 227.69497139814047, 233.07080469247967, 233.98504225697846, 246.16254792311523, 253.31403435261933, 265.04716561397146, 287.80027797067885, 293.7515957403466, 313.94904045083496, 325.3013987058771, 342.6032691029086, 373.5264381539813]"
images/dark/john_honey/medium/B/dark_john_honey_medium_B_1.jpg,26,False,False,0.29040985298343003,"[0.0, 1.0, 1.4142135623730951, 2.23606797749979, 178.02527910383964, 201.8539075668341, 208.12496246245908, 219.0091322296858, 222.9484245290825, 223.6716343213864, 226.92069099136816, 238.6734170367534, 241.96074061715052, 249.26291340670798, 261.19724347703215, 271.4000736919576, 277.9370432310166, 285.3944638566067, 305.366992322353, 309.594896598765, 311.9054343867705, 340.898811966249, 342.0526275297414, 371.6517186829626, 375.04666376332426, 404.500927069395]"
images/dark/john_honey/medium/B/dark_john_honey_medium_B_2.jpg,28,False,False,0.28413396107498556,"[0.0, 1.0, 1.4142135623730951, 2.0, 274.7671741675122, 285.2805636562014, 301.2507261402037, 305.7924132479418, 305.8054937374409, 315.41242841714404, 330.3150011731226, 336.02976058676705, 338.3031185194721, 339.4849039353591, 341.2696880767467, 342.0058479032193, 347.86779097812433, 348.5799764759875, 359.13507208291423, 368.4033116029225, 370.2175036380641, 379.71041597512175, 381.25057377006004, 382.0117799230804, 385.91449830240896, 389.27239819951274, 394.4616584663204, 400.1962018810274]"
images/dark/john_honey/medium/B/dark_john_honey_medium_B_3.jpg,22,False,False,0.28366535098757595,"[1.0, 1.0, 2.0, 2.23606797749979, 155.0129026887762, 163.24827717314508, 180.33579788827288, 193.75241933973368, 196.4306493396588, 197.9747458642137, 209.61870145576228, 228.12277396174193, 232.94849216082082, 235.762592452662, 237.68256141332708, 243.98770460824454, 247.42069436488129, 258.8532402733255, 279.00716836669267, 279.12183719659055, 301.9751645417219, 329.3706119252293]"
images/dark/john_honey/medium/B/dark_john_honey_medium_B_4.jpg,26,False,False,0.2731469119898975,"[0.0, 0.0, 1.0, 2.23606797749979, 182.3211452355431, 184.2199772011711, 195.0, 221.44299492194375, 223.37860237721964, 227.27076362788065, 231.10170921046864, 238.47222060441337, 244.9693858423946, 255.78506602223672, 262.15453457836657, 267.54065111679756, 267.5761573832766, 278.1726082848561, 279.4011453090341, 288.62432329933665, 294.5522025040723, 296.0152023123137, 314.8745782053546, 315.65329081129505, 338.76392960290207, 366.0833238485468]"
images/dark/john_honey/medium/C/dark_john_honey_medium_C_0.jpg,24,False,False,0.2870405729627237,"[1.0, 1.0, 1.0, 1.0, 147.07821048680188, 162.04937519163718, 182.02472359545007, 182.6608879864543, 183.89671013914307, 190.60167890131504, 206.69300907384363, 211.45448682872635, 220.95248357961492, 223.00896842952304, 226.76198976018887, 231.65707414193074, 238.0693176366917, 253.16002844051033, 255.80070367377803, 276.55198426335687, 302.9471901173536, 330.72798490602514, 362.03452874000845, 394.49207850095036]"
images/dark/john_honey/medium/C/dark_john_honey_medium_C_1.jpg,26,False,False,0.31792486808262765,"[1.4142135623730951, 1.4142135623730951, 1.4142135623730951, 2.23606797749979, 164.40194646049662, 182.0988742414406, 183.35757415498276, 186.07794065928394, 189.71821209362056, 190.3943276465977, 191.88017094009479, 208.4346420343797, 213.90184664934523, 221.46105752479374, 223.0022421411946, 227.771815640127, 229.8194943863553, 231.14497615133234, 239.52035404115452, 257.60628874311277, 279.32955446926843, 316.36213427020624, 333.75589882427545, 349.91427521608773, 364.6066373504465, 397.6153920561929]"
images/dark/john_honey/medium/C/dark_john_honey_medium_C_2.jpg,24,False,False,0.2913676929892972,"[1.0, 1.0, 2.0, 2.23606797749979, 210.3734774157617, 213.45959805077868, 223.37860237721964, 249.65776575143823, 250.19992006393608, 255.6501515743732, 256.2225595063791, 267.52943763257156, 267.7778930382417, 289.21445330411825, 291.04295215655026, 293.6800980659057, 296.952858211535, 302.27470949452584, 308.7539473431878, 316.4316671889841, 323.9753077010654, 330.55256768024054, 356.11374587342175, 365.0342449688796]"
images/dark/john_honey/medium/C/dark_john_honey_medium_C_3.jpg,26,False,False,0.2880488499067724,"[0.0, 1.0, 1.0, 2.23606797749979, 217.00691233230336, 219.0091322296858, 222.9910312097776, 226.73773395709856, 256.9435735720977, 258.07169546465184, 260.5551764981844, 266.101484400219, 270.85235830614437, 284.95087295883127, 297.13464961192255, 297.4861341306515, 301.80291582421796, 302.00165562460086, 311.0401903291599, 312.694739322554, 318.39912060180063, 325.7299494980466, 327.75753233144775, 346.4390278245221, 356.8094729684177, 368.6475281349381]"
images/dark/john_honey/medium/C/dark_john_honey_medium_C_4.jpg,25,False,False,0.285921229980886,"[0.0, 2.23606797749979, 2.23606797749979, 2.23606797749979, 193.49935400408964, 196.1249601657066, 199.6722314193939, 221.54232101339014, 232.55106965997814, 234.53997527074142, 238.01890681204299, 249.56962956257317, 254.7508586835381, 265.1735280905694, 273.26360899322106, 273.6073829413234, 278.5982770944573, 279.30807363912703, 289.6204412675321, 289.7999309868793, 305.60431934120305, 305.6550343115585, 324.71064041697184, 325.3459696999488, 360.84345636300515]"
images/dark/john_honey/medium/D/dark_john_honey_medium_D_0.jpg,23,False,False,0.27971249690745026,"[1.0, 1.0, 2.0, 2.23606797749979, 127.88275880665071, 133.9328189802634, 149.6262009141447, 168.34488409215172, 169.0, 176.6635219845908, 177.12425017484196, 193.60010330575756, 207.80038498520642, 209.0598000573042, 212.56528408938277, 215.6965461012299, 218.47654336335515, 242.80032948906802, 242.86004199950224, 265.1659857523208, 291.73275441746335, 338.7742611238345, 352.38898961233167]"
images/dark/john_honey/medium/D/dark_john_honey_medium_D_1.jpg,23,False,False,0.28725532011594623,"[0.0, 1.0, 1.0, 1.4142135623730951, 127.88275880665071, 133.9328189802634, 149.6262009141447, 168.34488409215172, 169.0, 176.6635219845908, 177.12425017484196, 193.60010330575756, 206.81392603013947, 209.0598000573042, 212.56528408938277, 218.47654336335515, 220.7306050369998, 224.37914341578184, 246.61102976144437, 264.4617174564213, 291.73275441746335, 320.89406351629503, 338.7742611238345]"
images/dark/john_honey/medium/D/dark_john_honey_medium_D_2.jpg,25,False,False,0.29136336396913975,"[0.0, 1.0, 1.4142135623730951, 2.0, 140.6627171641441, 153.07514494521962, 164.40194646049662, 167.0478973228936, 178.16004041310723, 178.36199146679206, 196.33135256499406, 203.3051893090779, 207.48011952955878, 207.8942038634074, 207.9663434308542, 218.7167117528974, 220.87100307645636, 235.5674001214939, 247.81444671366518, 251.88290930509754, 256.5618833731932, 258.11818998280614, 278.09530740377477, 282.6057324259365, 310.7104761671225]"
images/dark/john_honey/medium/D/dark_john_honey_medium_D_3.jpg,28,False,False,0.30964393203612417,"[1.4142135623730951, 2.0, 2.23606797749979, 2.23606797749979, 137.05838172107534, 152.029602380589, 162.7820628939196, 180.6792738528689, 190.53870997778904, 194.82556300444764, 203.73512215619573, 219.93862780330335, 233.45235059857504, 242.00206610688264, 262.24606765402604, 265.0018867857359, 267.8544380815819, 297.80026863654774, 298.0067113338221, 307.0716528760022, 327.79414271765137, 332.54323027239633, 333.6240399012038, 359.3563690822802, 366.836475830853, 393.49841168675636, 402.3157963590294, 427.9836445473121]"
images/dark/john_honey/medium/D/dark_john_honey_medium_D_4.jpg,24,False,False,0.2748719899682328,"[1.0, 2.0, 2.23606797749979, 2.23606797749979, 150.4027925272666, 154.3243337908834, 172.15400082484288, 190.24720760105785, 197.39554199626699, 200.44949488586894, 210.83880098312076, 216.33538776631067, 229.9652147608416, 231.0411218809327, 232.13789005675054, 233.43093196918014, 241.61539686038222, 244.1823089414956, 255.03333115496883, 255.88473967784793, 259.0598386473673, 280.528073461463, 313.8470965295043, 361.7070637961056]"
images/dark/john_honey/short/A/dark_john_honey_short_A_0.jpg,4,True,True,0.24285657005384564,"[1.4142135623730951, 1.4142135623730951, 2.0, 3.1622776601683795]"
images/dark/john_honey/short/A/dark_john_honey_short_A_1.jpg,5,False,False,0.2835617989767343,"[0.0, 1.4142135623730951, 1.4142135623730951, 3.605551275463989, 422.19071519871204]"
images/dark/john_honey/short/A/dark_john_honey_short_A_2.jpg,8,False,False,0.24927562091033906,"[0.0, 1.0, 1.0, 1.4142135623730951, 257.97868128975307, 288.17355881482257, 289.8706608127149, 325.04307406865325]"
images/dark/john_honey/short/A/dark_john_honey_short_A_3.jpg,8,False,False,0.23228309396654367,"[0.0, 2.0, 2.23606797749979, 3.0, 234.95744295510198, 296.9208648781692, 349.54255821001254, 472.10592031873523]"
images/dark/john_honey/short/A/dark_john_honey_short_A_4.jpg,6,False,False,0.20983406400773674,"[1.0, 1.4142135623730951, 1.4142135623730951, 2.23606797749979, 305.49795416663596, 345.73110938994193]"
images/dark/john_honey/short/B/dark_john_honey_short_B_0.jpg,5,False,False,0.22604717803187668,"[0.0, 1.0, 1.4142135623730951, 2.23606797749979, 259.8788179132728]"
images/dark/john_honey/short/B/dark_john_honey_short_B_1.jpg,7,False,False,0.23082638601772487,"[1.4142135623730951, 1.4142135623730951, 2.23606797749979, 2.23606797749979, 329.4267748681033, 355.4940224532615, 361.4484748895754]"
images/dark/john_honey/short/B/dark_john_honey_short_B_2.jpg,5,False,False,0.22423495107796043,"[1.0, 1.4142135623730951, 2.23606797749979, 2.23606797749979, 740.5248138988997]"
images/dark/john_honey/short/B/dark_john_honey_short_B_3.jpg,15,False,False,0.25183724402450025,"[1.0, 2.23606797749979, 2.23606797749979, 3.0, 119.60351165413162, 144.51643505151932, 169.42549985170473, 175.50498568416796, 178.05897899291685, 198.6454127333425, 212.4547010541306, 252.76471272707352, 293.7430850249925, 351.2406582387637, 445.1539059696096]"
images/dark/john_honey/short/B/dark_john_honey_short_B_4.jpg,13,False,False,0.20662544597871602,"[1.0, 1.0, 1.0, 1.4142135623730951, 260.0, 262.20602586515815, 284.18479903049, 296.6513104639856, 309.01294471267704, 321.0763149159402, 330.056055845064, 350.2413453605956, 404.2190000482412]"
images/dark/john_honey/short/C/dark_john_honey_short_C_0.jpg,14,False,False,0.21215022099204361,"[1.0, 1.4142135623730951, 1.4142135623730951, 2.23606797749979, 190.67249408344142, 204.08331631958552, 220.04772209682153, 247.24481794367298, 254.0019684963091, 274.38841083398546, 280.14282071829007, 331.80265218952064, 554.0009025263406, 560.1615838309514]"
images/dark/john_honey/short/C/dark_john_honey_short_C_1.jpg,7,False,False,0.2199792480096221,"[0.0, 0.0, 1.0, 1.0, 233.60008561642266, 292.7456233660889, 552.2001448750262]"
images/dark/john_honey/short/C/dark_john_honey_short_C_2.jpg,8,False,False,0.2160894579719752,"[0.0, 1.4142135623730951, 1.4142135623730951, 2.23606797749979, 231.36551169091732, 265.32432983049256, 290.6217472936256, 440.33623516581054]"
images/dark/john_honey/short/C/dark_john_honey_short_C_3.jpg,5,False,False,0.2787459510145709,"[1.4142135623730951, 1.4142135623730951, 2.23606797749979, 2.23606797749979, 367.78934187928826]"
images/dark/john_honey/short/C/dark_john_honey_short_C_4.jpg,6,False,False,0.2663418819429353,"[1.0, 2.0, 2.8284271247461903, 4.0, 284.5698508275253, 378.2618140917743]"
images/dark/john_honey/short/D/dark_john_honey_short_D_0.jpg,7,False,False,0.2864923480665311,"[0.0, 1.0, 1.0, 2.8284271247461903, 271.44244325455077, 353.62833596871167, 360.2846097184835]"
images/dark/john_honey/short/D/dark_john_honey_short_D_1.jpg,6,False,False,0.31729226000607014,"[0.0, 0.0, 1.4142135623730951, 2.23606797749979, 252.2320360303187, 310.82149217838844]"
images/dark/john_honey/short/D/dark_john_honey_short_D_2.jpg,7,False,False,0.27517201204318553,"[0.0, 2.0, 2.23606797749979, 3.1622776601683795, 206.17710833164773, 210.1547049199708, 242.85180666406416]"
images/dark/john_honey/short/D/dark_john_honey_short_D_3.jpg,6,False,False,0.2760200990596786,"[1.0, 1.0, 2.0, 2.8284271247461903, 174.15223225672418, 222.1463481581455]"
images/dark/john_honey/short/D/dark_john_honey_short_D_4.jpg,4,True,True,0.2663171129534021,"[1.0, 1.4142135623730951, 2.23606797749979, 4.47213595499958]"
images/dark/michaels/high/A/dark_michaels_high_A_0.jpg,9,False,False,0.2682679110439494,"[1.0, 1.0, 2.23606797749979, 3.1622776601683795, 322.1816257951406, 377.1604433129222, 389.03470282225464, 396.00505047284435, 462.9049578477206]"
images/dark/michaels/high/A/dark_michaels_high_A_1.jpg,7,False,False,0.27945572894532233,"[1.0, 1.0, 2.0, 2.23606797749979, 310.00645154577023, 326.0751447136074, 385.0116881342695]"
images/dark/michaels/high/A/dark_michaels_high_A_2.jpg,5,False,False,0.26633548899553716,"[0.0, 1.0, 1.4142135623730951, 2.0, 467.73176073471853]"
images/dark/michaels/high/A/dark_michaels_high_A_3.jpg,7,False,False,0.26549276302102953,"[1.0, 1.4142135623730951, 2.0, 2.0, 261.16852796613915, 346.51695485214, 364.4077386664559]"
images/dark/michaels/high/A/dark_michaels_high_A_4.jpg,6,False,False,0.25639936001971364,"[1.0, 1.0, 1.4142135623730951, 1.4142135623730951, 413.26141847503743, 419.36261159049457]"
images/dark/michaels/high/B/dark_michaels_high_B_0.jpg,7,False,False,0.28109990095254034,"[0.0, 1.0, 2.23606797749979, 3.1622776601683795, 522.5514328752721, 525.1209384513247, 613.7898663223433]"
images/dark/michaels/high/B/dark_michaels_high_B_1.jpg,10,False,False,0.3076130299596116,"[0.0, 1.0, 1.0, 2.23606797749979, 135.15176654413364, 247.58836806279893, 556.5914120789145, 575.9183969973524, 592.3596880274687, 601.6992604283306]"
images/dark/michaels/high/B/dark_michaels_high_B_2.jpg,8,False,False,0.3122741379775107,"[1.0, 2.0, 2.0, 2.23606797749979, 156.46724896923317, 259.268200904006, 594.0210433982958, 606.6934975751759]"
images/dark/michaels/high/B/dark_michaels_high_B_3.jpg,6,False,False,0.2958532100310549,"[1.0, 1.0, 2.23606797749979, 3.1622776601683795, 538.3623315203247, 548.7166846378922]"
images/dark/michaels/high/B/dark_michaels_high_B_4.jpg,7,False,False,0.2718003879999742,"[0.0, 1.4142135623730951, 2.0, 2.23606797749979, 487.6935513209089, 501.60143540464475, 524.0038167799926]"
images/dark/michaels/high/C/dark_michaels_high_C_0.jpg,8,False,False,0.2796251180116087,"[0.0, 1.0, 1.0, 3.0, 508.86245685843244, 515.9428262898904, 563.0568354970926, 578.1504994376464]"
images/dark/michaels/high/C/dark_michaels_high_C_1.jpg,5,False,False,0.277837126981467,"[1.4142135623730951, 1.4142135623730951, 2.23606797749979, 2.23606797749979, 448.3056992722711]"
images/dark/michaels/high/C/dark_michaels_high_C_2.jpg,9,False,False,0.2918326660292223,"[1.0, 1.4142135623730951, 2.0, 2.23606797749979, 158.60012610335465, 203.8062805705457, 476.9318609612908, 480.4674806893803, 570.173657757003]"
images/dark/michaels/high/C/dark_michaels_high_C_3.jpg,8,False,False,0.2919698120094836,"[1.0, 1.0, 1.4142135623730951, 2.0, 385.3894134508627, 437.068644494203, 438.41190677261494, 456.31677593531447]"
images/dark/michaels/high/C/dark_michaels_high_C_4.jpg,7,False,False,0.2550061149522662,"[0.0, 1.4142135623730951, 2.0, 2.0, 408.45317969138154, 447.0, 458.2630249103674]"
images/dark/michaels/high/D/dark_michaels_high_D_0.jpg,10,False,False,0.3123245360329747,"[1.0, 1.4142135623730951, 1.4142135623730951, 3.1622776601683795, 215.5736533067063, 219.91134577370036, 595.0, 613.8705075176686, 628.8664405102247, 661.0068078318104]"
images/dark/michaels/high/D/dark_michaels_high_D_1.jpg,9,False,False,0.3179786930559203,"[1.0, 1.4142135623730951, 2.0, 2.23606797749979, 287.862814548875, 367.29416004069543, 662.9223182243904, 727.266113606292, 761.6429609731846]"
images/dark/michaels/high/D/dark_michaels_high_D_2.jpg,11,False,False,0.31740581907797605,"[0.0, 1.4142135623730951, 2.23606797749979, 3.0, 247.01821795163207, 271.1180554666177, 552.7865772610619, 558.4630695041526, 563.4935669552937, 621.8367953088656, 626.0071884571295]"
images/dark/michaels/high/D/dark_michaels_high_D_3.jpg,5,False,False,0.2951146069681272,"[2.0, 2.23606797749979, 2.23606797749979, 2.23606797749979, 325.0]"
images/dark/michaels/high/D/dark_michaels_high_D_4.jpg,5,False,False,0.25531349203083664,"[1.0, 1.4142135623730951, 1.4142135623730951, 2.23606797749979, 473.0169130168603]"
images/dark/michaels/medium/A/dark_michaels_medium_A_0.jpg,10,False,False,0.3281184360384941,"[0.0, 0.0, 1.0, 2.23606797749979, 167.2423391369542, 564.1817083174533, 594.6435907331382, 606.5847014226455, 621.4056646024399, 634.4540960542378]"
images/dark/michaels/medium/A/dark_michaels_medium_A_1.jpg,12,False,False,0.3298724410124123,"[1.4142135623730951, 1.4142135623730951, 2.0, 2.23606797749979, 204.41379601191306, 218.908656749796, 239.77072381756702, 563.8528176749674, 573.9477328119696, 604.0728432896152, 612.1061999359262, 613.1794190936288]"
images/dark/michaels/medium/A/dark_michaels_medium_A_2.jpg,10,False,False,0.334191786008887,"[1.0, 2.0, 3.0, 3.1622776601683795, 175.9147520817967, 304.9458968407347, 527.5016587651645, 565.014159114619, 570.3349892826145, 663.315912669069]"
images/dark/michaels/medium/A/dark_michaels_medium_A_3.jpg,8,False,False,0.31884088600054383,"[1.0, 2.23606797749979, 2.23606797749979, 2.23606797749979, 457.39479664727276, 505.53140357449604, 523.9169781558907, 538.5805417948183]"
images/dark/michaels/medium/A/dark_michaels_medium_A_4.jpg,5,False,False,0.2802187299821526,"[1.4142135623730951, 2.23606797749979, 2.23606797749979, 3.1622776601683795, 506.88460225183405]"
images/dark/michaels/medium/B/dark_michaels_medium_B_0.jpg,8,False,False,0.3279528239509091,"[0.0, 1.0, 1.4142135623730951, 2.23606797749979, 278.2804340948174, 554.992792745996, 577.8797452757797, 603.2918033588721]"
images/dark/michaels/medium/B/dark_michaels_medium_B_1.jpg,9,False,False,0.3129460730124265,"[0.0, 1.0, 1.0, 2.0, 328.7704366271396, 371.80909079795236, 506.401026855199, 567.0670154399743, 589.9093150646123]"
images/dark/michaels/medium/B/dark_michaels_medium_B_2.jpg,5,False,False,0.3161138519644737,"[1.0, 2.23606797749979, 2.8284271247461903, 2.8284271247461903, 591.1429607125505]"
images/dark/michaels/medium/B/dark_michaels_medium_B_3.jpg,8,False,False,0.314128317986615,"[1.0, 1.0, 1.0, 2.23606797749979, 208.1465829649865, 238.88281646028875, 550.0736314349198, 692.567686222798]"
images/dark/michaels/medium/B/dark_michaels_medium_B_4.jpg,6,False,False,0.2823039280483499,"[1.0, 1.4142135623730951, 2.0, 2.0, 513.748965935699, 939.2150978343566]"
images/dark/michaels/medium/C/dark_michaels_medium_C_0.jpg,13,False,False,0.32006044406443834,"[1.0, 1.0, 1.0, 2.0, 197.12178976460214, 210.440015206234, 217.63501556505102, 244.4606307772276, 253.21137415211032, 407.6039744654117, 419.71061459057717, 460.6788469204984, 474.72097067645956]"
images/dark/michaels/medium/C/dark_michaels_medium_C_1.jpg,4,True,True,0.3205891599645838,"[0.0, 0.0, 2.0, 2.23606797749979]"
images/dark/michaels/medium/C/dark_michaels_medium_C_2.jpg,7,False,False,0.32245686592068523,"[0.0, 1.0, 2.23606797749979, 2.23606797749979, 549.1019941686608, 636.9552574553412, 667.3027798533436]"
images/dark/michaels/medium/C/dark_michaels_medium_C_3.jpg,8,False,False,0.31595106597524136,"[1.0, 1.4142135623730951, 1.4142135623730951, 2.0, 476.7661900764357, 516.468779308101, 527.3755777432247, 560.6826196699876]"
images/dark/michaels/medium/C/dark_michaels_medium_C_4.jpg,5,False,False,0.29547964595258236,"[1.0, 1.4142135623730951, 2.0, 2.0, 478.5916840063145]"
images/dark/michaels/medium/D/dark_michaels_medium_D_0.jpg,8,False,False,0.31248180102556944,"[1.4142135623730951, 2.0, 2.23606797749979, 2.8284271247461903, 290.66303514551004, 319.10499839394555, 540.1712691360028, 549.6589851899084]"
images/dark/michaels/medium/D/dark_michaels_medium_D_1.jpg,7,False,False,0.3007547560846433,"[1.0, 1.0, 1.4142135623730951, 3.1622776601683795, 470.00531911883724, 494.5806304335017, 564.436887525966]"
images/dark/michaels/medium/D/dark_michaels_medium_D_2.jpg,7,False,False,0.32154347305186093,"[1.0, 1.0, 1.4142135623730951, 2.0, 217.51321798916038, 232.63920563825866, 581.021514231616]"
images/dark/michaels/medium/D/dark_michaels_medium_D_3.jpg,10,False,False,0.32146674301475286,"[1.0, 1.0, 1.4142135623730951, 2.0, 176.96327302578916, 183.41483037093812, 218.4055860091495, 631.9145511855222, 659.4679673797659, 662.145754347183]"
images/dark/michaels/medium/D/dark_michaels_medium_D_4.jpg,7,False,False,0.2930020459461957,"[0.0, 1.0, 2.0, 2.23606797749979, 595.6953919580039, 598.8363716408682, 612.6377396145294]"
images/dark/michaels/short/A/dark_michaels_short_A_0.jpg,4,True,True,0.269081849954091,"[0.0, 1.0, 1.0, 2.8284271247461903]"
images/dark/michaels/short/A/dark_michaels_short_A_1.jpg,6,False,False,0.3077485130634159,"[1.4142135623730951, 1.4142135623730951, 1.4142135623730951, 2.0, 440.01022715386966, 472.7631542326453]"
images/dark/michaels/short/A/dark_michaels_short_A_2.jpg,16,False,False,0.28778655093628913,"[0.0, 1.0, 2.0, 2.0, 258.93628559937287, 290.4496514027862, 309.2604080706096, 328.4585209733491, 330.08180804158235, 337.0237380363585, 347.3974668877135, 361.08309293014537, 369.66065519608657, 387.3719143149126, 409.9573148511928, 451.6148801800047]"
images/dark/michaels/short/A/dark_michaels_short_A_3.jpg,16,False,False,0.28275461308658123,"[1.0, 1.4142135623730951, 3.1622776601683795, 3.1622776601683795, 199.0628041598932, 211.74749113035554, 215.23243250030885, 232.34887561595818, 249.39326374222702, 256.0, 257.390753524675, 269.14122686797725, 292.32345099221857, 335.85860119996926, 481.6897341650536, 551.4798273735857]"
images/dark/michaels/short/A/dark_michaels_short_A_4.jpg,6,False,False,0.2790175681002438,"[1.4142135623730951, 1.4142135623730951, 2.23606797749979, 2.8284271247461903, 529.0907294595135, 578.7745675131208]"
images/dark/michaels/short/B/dark_michaels_short_B_0.jpg,5,False,False,0.29195327998604625,"[1.0, 2.23606797749979, 2.8284271247461903, 3.1622776601683795, 658.5931976569451]"
images/dark/michaels/short/B/dark_michaels_short_B_1.jpg,5,False,False,0.3013851100113243,"[1.4142135623730951, 2.0, 2.23606797749979, 3.1622776601683795, 206.95168518279817]"
images/dark/michaels/short/B/dark_michaels_short_B_2.jpg,5,False,False,0.2980936400126666,"[1.4142135623730951, 1.4142135623730951, 1.4142135623730951, 1.4142135623730951, 211.1492363235065]"
images/dark/michaels/short/B/dark_michaels_short_B_3.jpg,8,False,False,0.302181676030159,"[0.0, 1.0, 1.4142135623730951, 3.0, 233.09440147716975, 280.8558349046713, 511.9882811158865, 550.9382905553035]"
images/dark/michaels/short/B/dark_michaels_short_B_4.jpg,4,True,True,0.2749620550312102,"[0.0, 1.4142135623730951, 2.0, 2.23606797749979]"
images/dark/michaels/short/C/dark_michaels_short_C_0.jpg,6,False,False,0.2740005688974634,"[1.4142135623730951, 2.0, 3.0, 3.0, 453.0452516029718, 471.05201411309133]"
images/dark/michaels/short/C/dark_michaels_short_C_1.jpg,5,False,False,0.28139288001693785,"[1.0, 2.23606797749979, 2.8284271247461903, 3.0, 423.39579591677574]"
images/dark/michaels/short/C/dark_michaels_short_C_2.jpg,6,False,False,0.2840327339945361,"[0.0, 1.4142135623730951, 2.0, 2.23606797749979, 512.0790954530364, 537.4430202356339]"
images/dark/michaels/short/C/dark_michaels_short_C_3.jpg,7,False,False,0.3250152620021254,"[0.0, 1.0, 1.4142135623730951, 2.23606797749979, 607.7869692581439, 638.3079194244734, 656.4937166492913]"
images/dark/michaels/short/C/dark_michaels_short_C_4.jpg,5,False,False,0.28520532010588795,"[0.0, 0.0, 1.0, 1.0, 575.0286949361745]"
images/dark/michaels/short/D/dark_michaels_short_D_0.jpg,11,False,False,0.30075315199792385,"[1.0, 1.0, 1.4142135623730951, 1.4142135623730951, 288.334874755032, 300.83217912982644, 326.3694225873496, 336.09076155110245, 379.97105152892897, 634.4359699764823, 701.2082429635293]"
images/dark/michaels/short/D/dark_michaels_short_D_1.jpg,10,False,False,0.31693285098299384,"[1.0, 1.4142135623730951, 2.23606797749979, 2.23606797749979, 146.6594695203825, 155.56349186104046, 157.17824276915684, 181.738823590338, 202.76587484091104, 642.4398804557513]"
images/dark/michaels/short/D/dark_michaels_short_D_2.jpg,7,False,False,0.3110155549366027,"[1.0, 1.4142135623730951, 1.4142135623730951, 2.23606797749979, 335.77373333838966, 370.912388577141, 464.96128871122164]"
images/dark/michaels/short/D/dark_michaels_short_D_3.jpg,9,False,False,0.30346720200031996,"[2.0, 2.0, 2.23606797749979, 3.1622776601683795, 211.00947846009194, 264.43902888945877, 389.8987047939503, 437.13842201298206, 523.4013756191323]"
images/dark/michaels/short/D/dark_michaels_short_D_4.jpg,5,False,False,0.2870267459657043,"[1.4142135623730951, 1.4142135623730951, 2.23606797749979, 2.8284271247461903, 534.9214895664596]"
