,0,1,2,3
"(np.float64(1.0), 100, 300, np.float64(0.7), 5)",houghCircleAlt,0.28541666666666665,45236963.25416667,46343276.0
"(np.float64(1.0), 100, 300, np.float64(0.7), 10)",houghCircleAlt,0.30416666666666664,44630368.99791667,45985991.5
"(np.float64(1.0), 100, 300, np.float64(0.7), 15)",houghCircleAlt,0.36875,42059457.90416667,42762584.0
"(np.float64(1.0), 100, 300, np.float64(0.75), 5)",houghCircleAlt,0.36041666666666666,45497691.9375,46733108.0
"(np.float64(1.0), 100, 300, np.float64(0.75), 10)",houghCircleAlt,0.37916666666666665,41160537.666666664,42141635.5
"(np.float64(1.0), 100, 300, np.float64(0.75), 15)",houghCircleAlt,0.5083333333333333,42521722.65833333,43325399.5
"(np.float64(1.0), 100, 300, np.float64(0.8), 5)",houghCircleAlt,0.48541666666666666,44813346.53125,46351797.5
"(np.float64(1.0), 100, 300, np.float64(0.8), 10)",houghCircleAlt,0.5375,43823572.670833334,44927391.0
"(np.float64(1.0), 100, 300, np.float64(0.8), 15)",houghCircleAlt,0.6645833333333333,42329796.454166666,42985808.5
"(np.float64(1.0), 100, 300, np.float64(0.8500000000000001), 5)",houghCircleAlt,0.6333333333333333,45148053.170833334,46404391.5
"(np.float64(1.0), 100, 300, np.float64(0.8500000000000001), 10)",houghCircleAlt,0.6979166666666666,41969720.975,43306334.5
"(np.float64(1.0), 100, 300, np.float64(0.8500000000000001), 15)",houghCircleAlt,0.825,42208552.51875,43025087.5
"(np.float64(1.0), 100, 300, np.float64(0.9000000000000001), 5)",houghCircleAlt,0.7604166666666666,45181534.927083336,46501078.0
"(np.float64(1.0), 100, 300, np.float64(0.9000000000000001), 10)",houghCircleAlt,0.825,43969629.05625,45048973.5
"(np.float64(1.0), 100, 300, np.float64(0.9000000000000001), 15)",houghCircleAlt,0.9208333333333333,42508318.44166667,43255129.0
"(np.float64(1.0), 100, 310, np.float64(0.7), 5)",houghCircleAlt,0.28958333333333336,45673472.891666666,46758798.0
"(np.float64(1.0), 100, 310, np.float64(0.7), 10)",houghCircleAlt,0.3020833333333333,43081373.764583334,44302493.0
"(np.float64(1.0), 100, 310, np.float64(0.7), 15)",houghCircleAlt,0.375,41710274.525,42548639.0
"(np.float64(1.0), 100, 310, np.float64(0.75), 5)",houghCircleAlt,0.36666666666666664,44781041.31875,46000233.5
"(np.float64(1.0), 100, 310, np.float64(0.75), 10)",houghCircleAlt,0.3770833333333333,43599557.9875,44765978.5
"(np.float64(1.0), 100, 310, np.float64(0.75), 15)",houghCircleAlt,0.5125,40403514.02916667,41049315.5
"(np.float64(1.0), 100, 310, np.float64(0.8), 5)",houghCircleAlt,0.4895833333333333,44698309.420833334,46188121.5
"(np.float64(1.0), 100, 310, np.float64(0.8), 10)",houghCircleAlt,0.5416666666666666,43714496.16875,44629016.5
"(np.float64(1.0), 100, 310, np.float64(0.8), 15)",houghCircleAlt,0.6666666666666666,42516681.75416667,43234990.5
"(np.float64(1.0), 100, 310, np.float64(0.8500000000000001), 5)",houghCircleAlt,0.6291666666666667,44684962.01875,45817491.0
"(np.float64(1.0), 100, 310, np.float64(0.8500000000000001), 10)",houghCircleAlt,0.69375,43512697.822916664,44524032.0
"(np.float64(1.0), 100, 310, np.float64(0.8500000000000001), 15)",houghCircleAlt,0.83125,41437245.39375,42050424.0
"(np.float64(1.0), 100, 310, np.float64(0.9000000000000001), 5)",houghCircleAlt,0.7583333333333333,45057986.166666664,46480549.0
"(np.float64(1.0), 100, 310, np.float64(0.9000000000000001), 10)",houghCircleAlt,0.8208333333333333,43221265.425,44207991.0
"(np.float64(1.0), 100, 310, np.float64(0.9000000000000001), 15)",houghCircleAlt,0.9166666666666666,42852212.766666666,43707187.0
"(np.float64(1.0), 100, 320, np.float64(0.7), 5)",houghCircleAlt,0.29583333333333334,43066606.87708333,44653206.0
"(np.float64(1.0), 100, 320, np.float64(0.7), 10)",houghCircleAlt,0.3125,43502292.96041667,44341563.5
"(np.float64(1.0), 100, 320, np.float64(0.7), 15)",houghCircleAlt,0.38125,41421113.06666667,41976344.5
"(np.float64(1.0), 100, 320, np.float64(0.75), 5)",houghCircleAlt,0.3854166666666667,44235713.55,45586217.0
"(np.float64(1.0), 100, 320, np.float64(0.75), 10)",houghCircleAlt,0.38333333333333336,43460704.40208333,44445781.5
"(np.float64(1.0), 100, 320, np.float64(0.75), 15)",houghCircleAlt,0.5166666666666667,41774086.13333333,42195792.0
"(np.float64(1.0), 100, 320, np.float64(0.8), 5)",houghCircleAlt,0.5125,44636887.74583333,46021558.5
"(np.float64(1.0), 100, 320, np.float64(0.8), 10)",houghCircleAlt,0.55,44077443.45,45090061.5
"(np.float64(1.0), 100, 320, np.float64(0.8), 15)",houghCircleAlt,0.6729166666666667,41510075.77291667,42452848.5
"(np.float64(1.0), 100, 320, np.float64(0.8500000000000001), 5)",houghCircleAlt,0.6395833333333333,44810828.68333333,46292663.0
"(np.float64(1.0), 100, 320, np.float64(0.8500000000000001), 10)",houghCircleAlt,0.6958333333333333,41532126.74791667,42493874.5
"(np.float64(1.0), 100, 320, np.float64(0.8500000000000001), 15)",houghCircleAlt,0.8375,41755393.66875,42458188.5
"(np.float64(1.0), 100, 320, np.float64(0.9000000000000001), 5)",houghCircleAlt,0.7583333333333333,44946146.927083336,46273605.5
"(np.float64(1.0), 100, 320, np.float64(0.9000000000000001), 10)",houghCircleAlt,0.8208333333333333,43390257.56875,44709847.5
"(np.float64(1.0), 100, 320, np.float64(0.9000000000000001), 15)",houghCircleAlt,0.91875,42022814.68333333,42869119.0
"(np.float64(1.0), 100, 330, np.float64(0.7), 5)",houghCircleAlt,0.30416666666666664,43911457.75208333,45301291.5
"(np.float64(1.0), 100, 330, np.float64(0.7), 10)",houghCircleAlt,0.30416666666666664,42830625.479166664,43762395.5
"(np.float64(1.0), 100, 330, np.float64(0.7), 15)",houghCircleAlt,0.375,41827720.90416667,42571405.0
"(np.float64(1.0), 100, 330, np.float64(0.75), 5)",houghCircleAlt,0.39791666666666664,45324944.83125,46764021.5
"(np.float64(1.0), 100, 330, np.float64(0.75), 10)",houghCircleAlt,0.3854166666666667,43078616.97083333,44113485.5
"(np.float64(1.0), 100, 330, np.float64(0.75), 15)",houghCircleAlt,0.5145833333333333,39937723.82083333,40705926.0
"(np.float64(1.0), 100, 330, np.float64(0.8), 5)",houghCircleAlt,0.5104166666666666,44471082.97291667,45670139.0
"(np.float64(1.0), 100, 330, np.float64(0.8), 10)",houghCircleAlt,0.5541666666666667,43180079.85,44181522.5
"(np.float64(1.0), 100, 330, np.float64(0.8), 15)",houghCircleAlt,0.675,41828184.19166667,42519668.0
"(np.float64(1.0), 100, 330, np.float64(0.8500000000000001), 5)",houghCircleAlt,0.6416666666666667,44886965.34375,45862189.0
"(np.float64(1.0), 100, 330, np.float64(0.8500000000000001), 10)",houghCircleAlt,0.7020833333333333,42652113.17916667,43548268.5
"(np.float64(1.0), 100, 330, np.float64(0.8500000000000001), 15)",houghCircleAlt,0.8375,41442667.020833336,42258990.0
"(np.float64(1.0), 100, 330, np.float64(0.9000000000000001), 5)",houghCircleAlt,0.7645833333333333,44724946.49583333,45981478.0
"(np.float64(1.0), 100, 330, np.float64(0.9000000000000001), 10)",houghCircleAlt,0.8208333333333333,43301694.87916667,44453646.5
"(np.float64(1.0), 100, 330, np.float64(0.9000000000000001), 15)",houghCircleAlt,0.9208333333333333,42137049.69375,42888186.0
"(np.float64(1.0), 100, 340, np.float64(0.7), 5)",houghCircleAlt,0.3,42666100.31458333,44035489.0
"(np.float64(1.0), 100, 340, np.float64(0.7), 10)",houghCircleAlt,0.3125,42685529.6625,43436940.5
"(np.float64(1.0), 100, 340, np.float64(0.7), 15)",houghCircleAlt,0.38125,41270153.427083336,42059395.5
"(np.float64(1.0), 100, 340, np.float64(0.75), 5)",houghCircleAlt,0.39375,44082271.31041667,44996100.5
"(np.float64(1.0), 100, 340, np.float64(0.75), 10)",houghCircleAlt,0.39791666666666664,42561956.01875,43411326.5
"(np.float64(1.0), 100, 340, np.float64(0.75), 15)",houghCircleAlt,0.5083333333333333,40724121.17916667,41618458.5
"(np.float64(1.0), 100, 340, np.float64(0.8), 5)",houghCircleAlt,0.5125,44277573.56666667,45164936.5
"(np.float64(1.0), 100, 340, np.float64(0.8), 10)",houghCircleAlt,0.5604166666666667,42894863.30833333,43735264.5
"(np.float64(1.0), 100, 340, np.float64(0.8), 15)",houghCircleAlt,0.675,42293538.14791667,43049297.5
"(np.float64(1.0), 100, 340, np.float64(0.8500000000000001), 5)",houghCircleAlt,0.64375,44374193.81458333,45689590.0
"(np.float64(1.0), 100, 340, np.float64(0.8500000000000001), 10)",houghCircleAlt,0.7104166666666667,41230742.49375,42506398.5
"(np.float64(1.0), 100, 340, np.float64(0.8500000000000001), 15)",houghCircleAlt,0.8375,41427209.672916666,42233626.5
"(np.float64(1.0), 100, 340, np.float64(0.9000000000000001), 5)",houghCircleAlt,0.7625,44146203.61875,44997317.0
"(np.float64(1.0), 100, 340, np.float64(0.9000000000000001), 10)",houghCircleAlt,0.8208333333333333,42265249.166666664,43365372.0
"(np.float64(1.0), 100, 340, np.float64(0.9000000000000001), 15)",houghCircleAlt,0.91875,41142549.72083333,41814391.0
"(np.float64(1.0), 100, 350, np.float64(0.7), 5)",houghCircleAlt,0.3,43940013.84791667,44662068.0
"(np.float64(1.0), 100, 350, np.float64(0.7), 10)",houghCircleAlt,0.30833333333333335,42564183.78125,43417001.5
"(np.float64(1.0), 100, 350, np.float64(0.7), 15)",houghCircleAlt,0.38333333333333336,41368067.2375,41882914.0
"(np.float64(1.0), 100, 350, np.float64(0.75), 5)",houghCircleAlt,0.39166666666666666,44718306.80625,45816761.0
"(np.float64(1.0), 100, 350, np.float64(0.75), 10)",houghCircleAlt,0.4,42846850.552083336,43810531.0
"(np.float64(1.0), 100, 350, np.float64(0.75), 15)",houghCircleAlt,0.5041666666666667,39614479.041666664,40404466.5
"(np.float64(1.0), 100, 350, np.float64(0.8), 5)",houghCircleAlt,0.50625,43967134.62291667,45036715.5
"(np.float64(1.0), 100, 350, np.float64(0.8), 10)",houghCircleAlt,0.5708333333333333,42546570.483333334,43247434.0
"(np.float64(1.0), 100, 350, np.float64(0.8), 15)",houghCircleAlt,0.6708333333333333,40642353.37083333,41388817.5
"(np.float64(1.0), 100, 350, np.float64(0.8500000000000001), 5)",houghCircleAlt,0.6395833333333333,43981317.00625,44654784.0
"(np.float64(1.0), 100, 350, np.float64(0.8500000000000001), 10)",houghCircleAlt,0.7104166666666667,42688489.97083333,43581247.0
"(np.float64(1.0), 100, 350, np.float64(0.8500000000000001), 15)",houghCircleAlt,0.8354166666666667,41644584.729166664,42315951.0
"(np.float64(1.0), 100, 350, np.float64(0.9000000000000001), 5)",houghCircleAlt,0.7604166666666666,44077347.60625,45526489.0
"(np.float64(1.0), 100, 350, np.float64(0.9000000000000001), 10)",houghCircleAlt,0.8145833333333333,43301002.1,44244850.0
"(np.float64(1.0), 100, 350, np.float64(0.9000000000000001), 15)",houghCircleAlt,0.9145833333333333,41564801.46666667,42349068.0
"(np.float64(1.0), 100, 360, np.float64(0.7), 5)",houghCircleAlt,0.29791666666666666,42099639.4875,43101384.5
"(np.float64(1.0), 100, 360, np.float64(0.7), 10)",houghCircleAlt,0.3125,41594788.958333336,42562499.0
"(np.float64(1.0), 100, 360, np.float64(0.7), 15)",houghCircleAlt,0.3854166666666667,40965892.104166664,41421765.0
"(np.float64(1.0), 100, 360, np.float64(0.75), 5)",houghCircleAlt,0.375,43437804.2875,44318683.0
"(np.float64(1.0), 100, 360, np.float64(0.75), 10)",houghCircleAlt,0.4125,42392024.94166667,43037690.5
"(np.float64(1.0), 100, 360, np.float64(0.75), 15)",houghCircleAlt,0.5041666666666667,40955147.733333334,41698934.0
"(np.float64(1.0), 100, 360, np.float64(0.8), 5)",houghCircleAlt,0.4979166666666667,43842207.72291667,44817579.5
"(np.float64(1.0), 100, 360, np.float64(0.8), 10)",houghCircleAlt,0.5729166666666666,42485897.81458333,43305252.0
"(np.float64(1.0), 100, 360, np.float64(0.8), 15)",houghCircleAlt,0.6666666666666666,41200288.9125,41674878.0
"(np.float64(1.0), 100, 360, np.float64(0.8500000000000001), 5)",houghCircleAlt,0.6416666666666667,44520673.05833333,45579194.0
"(np.float64(1.0), 100, 360, np.float64(0.8500000000000001), 10)",houghCircleAlt,0.7145833333333333,40886918.82083333,41565068.5
"(np.float64(1.0), 100, 360, np.float64(0.8500000000000001), 15)",houghCircleAlt,0.8333333333333334,40565893.35625,41486907.5
"(np.float64(1.0), 100, 360, np.float64(0.9000000000000001), 5)",houghCircleAlt,0.7541666666666667,43606932.46875,44487451.0
"(np.float64(1.0), 100, 360, np.float64(0.9000000000000001), 10)",houghCircleAlt,0.81875,42452297.31458333,43216520.0
"(np.float64(1.0), 100, 360, np.float64(0.9000000000000001), 15)",houghCircleAlt,0.9145833333333333,41041326.025,41543152.0
"(np.float64(1.0), 100, 370, np.float64(0.7), 5)",houghCircleAlt,0.29791666666666666,43362074.55,44223906.5
"(np.float64(1.0), 100, 370, np.float64(0.7), 10)",houghCircleAlt,0.30625,42514866.10625,43322675.0
"(np.float64(1.0), 100, 370, np.float64(0.7), 15)",houghCircleAlt,0.40208333333333335,41061634.25,41970363.5
"(np.float64(1.0), 100, 370, np.float64(0.75), 5)",houghCircleAlt,0.3729166666666667,43724916.65416667,44520247.5
"(np.float64(1.0), 100, 370, np.float64(0.75), 10)",houghCircleAlt,0.4166666666666667,43167175.34166667,43884990.5
"(np.float64(1.0), 100, 370, np.float64(0.75), 15)",houghCircleAlt,0.5166666666666667,39518023.35625,39918474.0
"(np.float64(1.0), 100, 370, np.float64(0.8), 5)",houghCircleAlt,0.49375,42707546.38333333,43786305.5
"(np.float64(1.0), 100, 370, np.float64(0.8), 10)",houghCircleAlt,0.5583333333333333,42199305.37916667,42998938.0
"(np.float64(1.0), 100, 370, np.float64(0.8), 15)",houghCircleAlt,0.6729166666666667,40910066.09583333,41422510.0
"(np.float64(1.0), 100, 370, np.float64(0.8500000000000001), 5)",houghCircleAlt,0.6291666666666667,43491009.93125,44289504.0
"(np.float64(1.0), 100, 370, np.float64(0.8500000000000001), 10)",houghCircleAlt,0.7104166666666667,42287088.833333336,42874318.0
"(np.float64(1.0), 100, 370, np.float64(0.8500000000000001), 15)",houghCircleAlt,0.8354166666666667,40919170.81666667,41544640.0
"(np.float64(1.0), 100, 370, np.float64(0.9000000000000001), 5)",houghCircleAlt,0.7520833333333333,43957066.141666666,44910042.5
"(np.float64(1.0), 100, 370, np.float64(0.9000000000000001), 10)",houghCircleAlt,0.8208333333333333,42203203.639583334,42972186.0
"(np.float64(1.0), 100, 370, np.float64(0.9000000000000001), 15)",houghCircleAlt,0.9104166666666667,41824833.21458333,42584731.0
"(np.float64(1.0), 100, 380, np.float64(0.7), 5)",houghCircleAlt,0.29583333333333334,41610740.23125,42234197.5
"(np.float64(1.0), 100, 380, np.float64(0.7), 10)",houghCircleAlt,0.30625,41302789.1,42098343.5
"(np.float64(1.0), 100, 380, np.float64(0.7), 15)",houghCircleAlt,0.40625,40697099.822916664,41212332.5
"(np.float64(1.0), 100, 380, np.float64(0.75), 5)",houghCircleAlt,0.37916666666666665,43306475.00833333,43898150.5
"(np.float64(1.0), 100, 380, np.float64(0.75), 10)",houghCircleAlt,0.41041666666666665,42073817.09375,42461425.5
"(np.float64(1.0), 100, 380, np.float64(0.75), 15)",houghCircleAlt,0.5208333333333334,40907047.49166667,41499725.0
"(np.float64(1.0), 100, 380, np.float64(0.8), 5)",houghCircleAlt,0.49375,43140116.27708333,44202511.0
"(np.float64(1.0), 100, 380, np.float64(0.8), 10)",houghCircleAlt,0.5604166666666667,42273490.76875,43055357.5
"(np.float64(1.0), 100, 380, np.float64(0.8), 15)",houghCircleAlt,0.6895833333333333,40999198.84791667,41801726.5
"(np.float64(1.0), 100, 380, np.float64(0.8500000000000001), 5)",houghCircleAlt,0.6375,44053617.46875,45190704.5
"(np.float64(1.0), 100, 380, np.float64(0.8500000000000001), 10)",houghCircleAlt,0.7104166666666667,40406965.24791667,40758749.5
"(np.float64(1.0), 100, 380, np.float64(0.8500000000000001), 15)",houghCircleAlt,0.8354166666666667,40176612.552083336,40899289.5
"(np.float64(1.0), 100, 380, np.float64(0.9000000000000001), 5)",houghCircleAlt,0.7625,43066697.71875,43833037.5
"(np.float64(1.0), 100, 380, np.float64(0.9000000000000001), 10)",houghCircleAlt,0.825,42037358.2375,42742927.5
"(np.float64(1.0), 100, 380, np.float64(0.9000000000000001), 15)",houghCircleAlt,0.91875,40593752.49791667,41148912.0
"(np.float64(1.0), 100, 390, np.float64(0.7), 5)",houghCircleAlt,0.29583333333333334,43059876.25625,43801072.5
"(np.float64(1.0), 100, 390, np.float64(0.7), 10)",houghCircleAlt,0.3145833333333333,41843568.833333336,42351193.5
"(np.float64(1.0), 100, 390, np.float64(0.7), 15)",houghCircleAlt,0.41875,40989062.95,41623797.5
"(np.float64(1.0), 100, 390, np.float64(0.75), 5)",houghCircleAlt,0.38958333333333334,43339819.75625,44174570.5
"(np.float64(1.0), 100, 390, np.float64(0.75), 10)",houghCircleAlt,0.4125,42500954.145833336,43053415.5
"(np.float64(1.0), 100, 390, np.float64(0.75), 15)",houghCircleAlt,0.51875,39023321.50625,39265879.5
"(np.float64(1.0), 100, 390, np.float64(0.8), 5)",houghCircleAlt,0.5041666666666667,42391683.28541667,43334447.5
"(np.float64(1.0), 100, 390, np.float64(0.8), 10)",houghCircleAlt,0.5625,41694542.927083336,42266949.0
"(np.float64(1.0), 100, 390, np.float64(0.8), 15)",houghCircleAlt,0.6833333333333333,40511745.9375,40880449.5
"(np.float64(1.0), 100, 390, np.float64(0.8500000000000001), 5)",houghCircleAlt,0.6416666666666667,42960402.5875,43602510.5
"(np.float64(1.0), 100, 390, np.float64(0.8500000000000001), 10)",houghCircleAlt,0.7041666666666667,41673429.36875,42359728.5
"(np.float64(1.0), 100, 390, np.float64(0.8500000000000001), 15)",houghCircleAlt,0.8333333333333334,40379502.53541667,40965848.5
"(np.float64(1.0), 100, 390, np.float64(0.9000000000000001), 5)",houghCircleAlt,0.7666666666666667,43173039.19375,44100163.0
"(np.float64(1.0), 100, 390, np.float64(0.9000000000000001), 10)",houghCircleAlt,0.8229166666666666,41815028.66041667,42498336.5
"(np.float64(1.0), 100, 390, np.float64(0.9000000000000001), 15)",houghCircleAlt,0.9166666666666666,40982828.764583334,41321271.0
"(np.float64(1.0), 110, 300, np.float64(0.7), 5)",houghCircleAlt,0.29791666666666666,45863886.916666664,47492242.5
"(np.float64(1.0), 110, 300, np.float64(0.7), 10)",houghCircleAlt,0.31666666666666665,43891741.40833333,45220540.0
"(np.float64(1.0), 110, 300, np.float64(0.7), 15)",houghCircleAlt,0.38333333333333336,43215059.59583333,44264627.0
"(np.float64(1.0), 110, 300, np.float64(0.75), 5)",houghCircleAlt,0.3770833333333333,46146078.797916666,47560681.0
"(np.float64(1.0), 110, 300, np.float64(0.75), 10)",houghCircleAlt,0.39375,45255752.802083336,46457000.5
"(np.float64(1.0), 110, 300, np.float64(0.75), 15)",houghCircleAlt,0.5229166666666667,43114359.177083336,43944647.5
"(np.float64(1.0), 110, 300, np.float64(0.8), 5)",houghCircleAlt,0.5083333333333333,46097374.19583333,47525891.0
"(np.float64(1.0), 110, 300, np.float64(0.8), 10)",houghCircleAlt,0.5541666666666667,45039827.604166664,46118179.5
"(np.float64(1.0), 110, 300, np.float64(0.8), 15)",houghCircleAlt,0.68125,43644819.46041667,44653716.5
"(np.float64(1.0), 110, 300, np.float64(0.8500000000000001), 5)",houghCircleAlt,0.6395833333333333,47569528.489583336,48986334.5
"(np.float64(1.0), 110, 300, np.float64(0.8500000000000001), 10)",houghCircleAlt,0.7041666666666667,43929908.364583336,45245062.0
"(np.float64(1.0), 110, 300, np.float64(0.8500000000000001), 15)",houghCircleAlt,0.8291666666666667,42155555.75,43312992.0
"(np.float64(1.0), 110, 300, np.float64(0.9000000000000001), 5)",houghCircleAlt,0.7604166666666666,46333944.93541667,47899352.5
"(np.float64(1.0), 110, 300, np.float64(0.9000000000000001), 10)",houghCircleAlt,0.83125,44696322.947916664,45656744.0
"(np.float64(1.0), 110, 300, np.float64(0.9000000000000001), 15)",houghCircleAlt,0.9208333333333333,43146646.05833333,44109405.5
"(np.float64(1.0), 110, 310, np.float64(0.7), 5)",houghCircleAlt,0.29791666666666666,46286642.94375,48074293.5
"(np.float64(1.0), 110, 310, np.float64(0.7), 10)",houghCircleAlt,0.31875,44368682.65208333,45487301.0
"(np.float64(1.0), 110, 310, np.float64(0.7), 15)",houghCircleAlt,0.3854166666666667,43216255.6875,44285241.0
"(np.float64(1.0), 110, 310, np.float64(0.75), 5)",houghCircleAlt,0.38333333333333336,46157557.56666667,47371045.0
"(np.float64(1.0), 110, 310, np.float64(0.75), 10)",houghCircleAlt,0.39166666666666666,45420751.34583333,46630852.0
"(np.float64(1.0), 110, 310, np.float64(0.75), 15)",houghCircleAlt,0.5229166666666667,42159232.672916666,43169788.5
"(np.float64(1.0), 110, 310, np.float64(0.8), 5)",houghCircleAlt,0.5125,44806438.62291667,46275591.0
"(np.float64(1.0), 110, 310, np.float64(0.8), 10)",houghCircleAlt,0.5604166666666667,44470052.45625,45469923.5
"(np.float64(1.0), 110, 310, np.float64(0.8), 15)",houghCircleAlt,0.68125,42875068.93958333,43646087.0
"(np.float64(1.0), 110, 310, np.float64(0.8500000000000001), 5)",houghCircleAlt,0.6354166666666666,45808166.1625,47157665.0
"(np.float64(1.0), 110, 310, np.float64(0.8500000000000001), 10)",houghCircleAlt,0.7020833333333333,44852020.875,46363415.5
"(np.float64(1.0), 110, 310, np.float64(0.8500000000000001), 15)",houghCircleAlt,0.8354166666666667,42877000.16458333,43712136.0
"(np.float64(1.0), 110, 310, np.float64(0.9000000000000001), 5)",houghCircleAlt,0.7583333333333333,45856746.5125,47044277.5
"(np.float64(1.0), 110, 310, np.float64(0.9000000000000001), 10)",houghCircleAlt,0.8270833333333333,44591885.7375,45697676.0
"(np.float64(1.0), 110, 310, np.float64(0.9000000000000001), 15)",houghCircleAlt,0.9166666666666666,43769827.45625,44749436.5
"(np.float64(1.0), 110, 320, np.float64(0.7), 5)",houghCircleAlt,0.30833333333333335,44936750.635416664,46274197.0
"(np.float64(1.0), 110, 320, np.float64(0.7), 10)",houghCircleAlt,0.325,43147437.03333333,44436725.0
"(np.float64(1.0), 110, 320, np.float64(0.7), 15)",houghCircleAlt,0.39375,42823487.50833333,43618840.5
"(np.float64(1.0), 110, 320, np.float64(0.75), 5)",houghCircleAlt,0.40208333333333335,45748339.78541667,47089322.5
"(np.float64(1.0), 110, 320, np.float64(0.75), 10)",houghCircleAlt,0.4,44369543.452083334,45195407.5
"(np.float64(1.0), 110, 320, np.float64(0.75), 15)",houghCircleAlt,0.5270833333333333,42904120.30625,43595918.5
"(np.float64(1.0), 110, 320, np.float64(0.8), 5)",houghCircleAlt,0.5291666666666667,46032073.69375,47748158.0
"(np.float64(1.0), 110, 320, np.float64(0.8), 10)",houghCircleAlt,0.5666666666666667,44356424.920833334,45493077.5
"(np.float64(1.0), 110, 320, np.float64(0.8), 15)",houghCircleAlt,0.68125,43163674.979166664,43906630.5
"(np.float64(1.0), 110, 320, np.float64(0.8500000000000001), 5)",houghCircleAlt,0.64375,46683863.27916667,48021871.0
"(np.float64(1.0), 110, 320, np.float64(0.8500000000000001), 10)",houghCircleAlt,0.7041666666666667,43653153.7375,44886134.0
"(np.float64(1.0), 110, 320, np.float64(0.8500000000000001), 15)",houghCircleAlt,0.8416666666666667,41766605.358333334,42865623.0
"(np.float64(1.0), 110, 320, np.float64(0.9000000000000001), 5)",houghCircleAlt,0.7583333333333333,45810094.06458333,46791518.0
"(np.float64(1.0), 110, 320, np.float64(0.9000000000000001), 10)",houghCircleAlt,0.8270833333333333,44286372.30833333,45019468.5
"(np.float64(1.0), 110, 320, np.float64(0.9000000000000001), 15)",houghCircleAlt,0.91875,42907102.10208333,43525455.5
"(np.float64(1.0), 110, 330, np.float64(0.7), 5)",houghCircleAlt,0.31875,45436334.00208333,46441814.5
"(np.float64(1.0), 110, 330, np.float64(0.7), 10)",houghCircleAlt,0.31666666666666665,44081773.25625,45545821.0
"(np.float64(1.0), 110, 330, np.float64(0.7), 15)",houghCircleAlt,0.38958333333333334,42689215.25625,43382989.0
"(np.float64(1.0), 110, 330, np.float64(0.75), 5)",houghCircleAlt,0.4125,45561886.458333336,46854441.5
"(np.float64(1.0), 110, 330, np.float64(0.75), 10)",houghCircleAlt,0.39791666666666664,45349701.6875,46236952.0
"(np.float64(1.0), 110, 330, np.float64(0.75), 15)",houghCircleAlt,0.5270833333333333,41710255.675,42499226.5
"(np.float64(1.0), 110, 330, np.float64(0.8), 5)",houghCircleAlt,0.5208333333333334,44218023.44375,45555843.5
"(np.float64(1.0), 110, 330, np.float64(0.8), 10)",houghCircleAlt,0.5708333333333333,43874563.9375,44564845.5
"(np.float64(1.0), 110, 330, np.float64(0.8), 15)",houghCircleAlt,0.6875,42589143.21458333,43261275.5
"(np.float64(1.0), 110, 330, np.float64(0.8500000000000001), 5)",houghCircleAlt,0.6479166666666667,45517133.360416666,46921552.0
"(np.float64(1.0), 110, 330, np.float64(0.8500000000000001), 10)",houghCircleAlt,0.7083333333333334,43913248.66041667,44710402.5
"(np.float64(1.0), 110, 330, np.float64(0.8500000000000001), 15)",houghCircleAlt,0.84375,42563641.354166664,43763396.5
"(np.float64(1.0), 110, 330, np.float64(0.9000000000000001), 5)",houghCircleAlt,0.7645833333333333,45365610.25416667,46442934.0
"(np.float64(1.0), 110, 330, np.float64(0.9000000000000001), 10)",houghCircleAlt,0.825,44215018.59375,45109903.0
"(np.float64(1.0), 110, 330, np.float64(0.9000000000000001), 15)",houghCircleAlt,0.9208333333333333,41864570.35,43035087.0
"(np.float64(1.0), 110, 340, np.float64(0.7), 5)",houghCircleAlt,0.3145833333333333,45976108.21458333,46860957.0
"(np.float64(1.0), 110, 340, np.float64(0.7), 10)",houghCircleAlt,0.325,42579797.708333336,43577102.5
"(np.float64(1.0), 110, 340, np.float64(0.7), 15)",houghCircleAlt,0.39375,42527459.41875,42959004.0
"(np.float64(1.0), 110, 340, np.float64(0.75), 5)",houghCircleAlt,0.40625,45125854.31041667,46201456.0
"(np.float64(1.0), 110, 340, np.float64(0.75), 10)",houghCircleAlt,0.41041666666666665,43997323.854166664,45087921.5
"(np.float64(1.0), 110, 340, np.float64(0.75), 15)",houghCircleAlt,0.525,42198238.325,42687353.5
"(np.float64(1.0), 110, 340, np.float64(0.8), 5)",houghCircleAlt,0.5270833333333333,45213653.927083336,46401427.0
"(np.float64(1.0), 110, 340, np.float64(0.8), 10)",houghCircleAlt,0.575,43967338.16875,45170418.5
"(np.float64(1.0), 110, 340, np.float64(0.8), 15)",houghCircleAlt,0.6916666666666667,42750175.65625,43573681.0
"(np.float64(1.0), 110, 340, np.float64(0.8500000000000001), 5)",houghCircleAlt,0.6541666666666667,44477338.75208333,45750149.5
"(np.float64(1.0), 110, 340, np.float64(0.8500000000000001), 10)",houghCircleAlt,0.7166666666666667,45091163.06041667,45820009.5
"(np.float64(1.0), 110, 340, np.float64(0.8500000000000001), 15)",houghCircleAlt,0.84375,41268790.579166666,42002282.5
"(np.float64(1.0), 110, 340, np.float64(0.9000000000000001), 5)",houghCircleAlt,0.7625,45258414.958333336,46220622.5
"(np.float64(1.0), 110, 340, np.float64(0.9000000000000001), 10)",houghCircleAlt,0.825,43909785.266666666,44856426.0
"(np.float64(1.0), 110, 340, np.float64(0.9000000000000001), 15)",houghCircleAlt,0.91875,42268313.28541667,42806110.5
"(np.float64(1.0), 110, 350, np.float64(0.7), 5)",houghCircleAlt,0.31666666666666665,44968811.43333333,45679827.5
"(np.float64(1.0), 110, 350, np.float64(0.7), 10)",houghCircleAlt,0.3229166666666667,43690982.28125,44743701.0
"(np.float64(1.0), 110, 350, np.float64(0.7), 15)",houghCircleAlt,0.39791666666666664,42382930.6375,42945118.0
"(np.float64(1.0), 110, 350, np.float64(0.75), 5)",houghCircleAlt,0.4083333333333333,45190463.6625,46196792.5
"(np.float64(1.0), 110, 350, np.float64(0.75), 10)",houghCircleAlt,0.41458333333333336,42581525.8625,43650426.5
"(np.float64(1.0), 110, 350, np.float64(0.75), 15)",houghCircleAlt,0.5208333333333334,43356224.7,43808045.5
"(np.float64(1.0), 110, 350, np.float64(0.8), 5)",houghCircleAlt,0.525,43638275.31458333,44586601.5
"(np.float64(1.0), 110, 350, np.float64(0.8), 10)",houghCircleAlt,0.5854166666666667,43755724.93125,44384904.0
"(np.float64(1.0), 110, 350, np.float64(0.8), 15)",houghCircleAlt,0.6875,42074261.41875,42572212.5
"(np.float64(1.0), 110, 350, np.float64(0.8500000000000001), 5)",houghCircleAlt,0.6520833333333333,44977931.6125,45541964.5
"(np.float64(1.0), 110, 350, np.float64(0.8500000000000001), 10)",houghCircleAlt,0.7166666666666667,43659650.39791667,44479029.0
"(np.float64(1.0), 110, 350, np.float64(0.8500000000000001), 15)",houghCircleAlt,0.8416666666666667,42351303.09791667,42961862.5
"(np.float64(1.0), 110, 350, np.float64(0.9000000000000001), 5)",houghCircleAlt,0.7625,45153948.014583334,46149753.0
"(np.float64(1.0), 110, 350, np.float64(0.9000000000000001), 10)",houghCircleAlt,0.81875,43597974.82083333,44338315.0
"(np.float64(1.0), 110, 350, np.float64(0.9000000000000001), 15)",houghCircleAlt,0.9145833333333333,41363771.15625,42296934.0
"(np.float64(1.0), 110, 360, np.float64(0.7), 5)",houghCircleAlt,0.3145833333333333,45549185.24166667,46270801.5
"(np.float64(1.0), 110, 360, np.float64(0.7), 10)",houghCircleAlt,0.3229166666666667,42321803.108333334,43054326.0
"(np.float64(1.0), 110, 360, np.float64(0.7), 15)",houghCircleAlt,0.39791666666666664,42132710.62916667,42625803.0
"(np.float64(1.0), 110, 360, np.float64(0.75), 5)",houghCircleAlt,0.3958333333333333,44222115.14375,44919687.0
"(np.float64(1.0), 110, 360, np.float64(0.75), 10)",houghCircleAlt,0.42291666666666666,43477513.44583333,43873870.5
"(np.float64(1.0), 110, 360, np.float64(0.75), 15)",houghCircleAlt,0.51875,42220728.24791667,42796704.5
"(np.float64(1.0), 110, 360, np.float64(0.8), 5)",houghCircleAlt,0.51875,44670541.704166666,45734509.5
"(np.float64(1.0), 110, 360, np.float64(0.8), 10)",houghCircleAlt,0.5875,43791204.89375,44936157.0
"(np.float64(1.0), 110, 360, np.float64(0.8), 15)",houghCircleAlt,0.68125,42466941.00833333,43117581.5
"(np.float64(1.0), 110, 360, np.float64(0.8500000000000001), 5)",houghCircleAlt,0.6541666666666667,44006519.489583336,45062634.0
"(np.float64(1.0), 110, 360, np.float64(0.8500000000000001), 10)",houghCircleAlt,0.71875,44422722.545833334,45592986.0
"(np.float64(1.0), 110, 360, np.float64(0.8500000000000001), 15)",houghCircleAlt,0.84375,40958651.641666666,41677955.0
"(np.float64(1.0), 110, 360, np.float64(0.9000000000000001), 5)",houghCircleAlt,0.75625,44611260.858333334,45355288.5
"(np.float64(1.0), 110, 360, np.float64(0.9000000000000001), 10)",houghCircleAlt,0.8229166666666666,43462923.516666666,44127405.0
"(np.float64(1.0), 110, 360, np.float64(0.9000000000000001), 15)",houghCircleAlt,0.9145833333333333,41972057.364583336,42491941.0
"(np.float64(1.0), 110, 370, np.float64(0.7), 5)",houghCircleAlt,0.3229166666666667,44552801.18541667,45602032.0
"(np.float64(1.0), 110, 370, np.float64(0.7), 10)",houghCircleAlt,0.31875,43186475.46666667,43871274.0
"(np.float64(1.0), 110, 370, np.float64(0.7), 15)",houghCircleAlt,0.41041666666666665,42014212.354166664,42707647.0
"(np.float64(1.0), 110, 370, np.float64(0.75), 5)",houghCircleAlt,0.39791666666666664,44630472.62083333,45487191.5
"(np.float64(1.0), 110, 370, np.float64(0.75), 10)",houghCircleAlt,0.4270833333333333,42281296.7375,43217222.0
"(np.float64(1.0), 110, 370, np.float64(0.75), 15)",houghCircleAlt,0.5291666666666667,40670688.58958333,41233404.5
"(np.float64(1.0), 110, 370, np.float64(0.8), 5)",houghCircleAlt,0.5145833333333333,45731584.93541667,46646445.0
"(np.float64(1.0), 110, 370, np.float64(0.8), 10)",houghCircleAlt,0.5791666666666667,43193156.425,43531944.0
"(np.float64(1.0), 110, 370, np.float64(0.8), 15)",houghCircleAlt,0.68125,41905444.85625,42198086.0
"(np.float64(1.0), 110, 370, np.float64(0.8500000000000001), 5)",houghCircleAlt,0.6416666666666667,44252334.4125,44643228.0
"(np.float64(1.0), 110, 370, np.float64(0.8500000000000001), 10)",houghCircleAlt,0.7145833333333333,43142418.458333336,43758237.0
"(np.float64(1.0), 110, 370, np.float64(0.8500000000000001), 15)",houghCircleAlt,0.8458333333333333,42073022.10625,42715531.5
"(np.float64(1.0), 110, 370, np.float64(0.9000000000000001), 5)",houghCircleAlt,0.7541666666666667,44430487.916666664,45173701.5
"(np.float64(1.0), 110, 370, np.float64(0.9000000000000001), 10)",houghCircleAlt,0.825,43602154.10625,44135360.5
"(np.float64(1.0), 110, 370, np.float64(0.9000000000000001), 15)",houghCircleAlt,0.9104166666666667,41094953.225,42008820.5
"(np.float64(1.0), 110, 380, np.float64(0.7), 5)",houghCircleAlt,0.31666666666666665,43114825.704166666,43486051.5
"(np.float64(1.0), 110, 380, np.float64(0.7), 10)",houghCircleAlt,0.31666666666666665,44120299.24166667,44969289.5
"(np.float64(1.0), 110, 380, np.float64(0.7), 15)",houghCircleAlt,0.4166666666666667,41794097.483333334,42338263.5
"(np.float64(1.0), 110, 380, np.float64(0.75), 5)",houghCircleAlt,0.40625,44339961.28125,44850151.5
"(np.float64(1.0), 110, 380, np.float64(0.75), 10)",houghCircleAlt,0.42083333333333334,42837749.80833333,43309651.0
"(np.float64(1.0), 110, 380, np.float64(0.75), 15)",houghCircleAlt,0.5354166666666667,41934600.55833333,42237184.0
"(np.float64(1.0), 110, 380, np.float64(0.8), 5)",houghCircleAlt,0.5166666666666667,44260562.81666667,44973872.5
"(np.float64(1.0), 110, 380, np.float64(0.8), 10)",houghCircleAlt,0.5791666666666667,43374449.56666667,43996013.0
"(np.float64(1.0), 110, 380, np.float64(0.8), 15)",houghCircleAlt,0.7,40698496.264583334,41315886.0
"(np.float64(1.0), 110, 380, np.float64(0.8500000000000001), 5)",houghCircleAlt,0.65,44449061.12291667,45231542.0
"(np.float64(1.0), 110, 380, np.float64(0.8500000000000001), 10)",houghCircleAlt,0.7125,42012108.10625,42950302.0
"(np.float64(1.0), 110, 380, np.float64(0.8500000000000001), 15)",houghCircleAlt,0.8458333333333333,43011223.3375,43707777.5
"(np.float64(1.0), 110, 380, np.float64(0.9000000000000001), 5)",houghCircleAlt,0.7645833333333333,44209099.90625,45147097.5
"(np.float64(1.0), 110, 380, np.float64(0.9000000000000001), 10)",houghCircleAlt,0.8291666666666667,43085716.30833333,43767309.5
"(np.float64(1.0), 110, 380, np.float64(0.9000000000000001), 15)",houghCircleAlt,0.91875,41727312.8125,42165374.0
"(np.float64(1.0), 110, 390, np.float64(0.7), 5)",houghCircleAlt,0.31875,44045687.204166666,44536863.0
"(np.float64(1.0), 110, 390, np.float64(0.7), 10)",houghCircleAlt,0.32916666666666666,42581675.1375,43303143.0
"(np.float64(1.0), 110, 390, np.float64(0.7), 15)",houghCircleAlt,0.42916666666666664,40425124.829166666,41004771.5
"(np.float64(1.0), 110, 390, np.float64(0.75), 5)",houghCircleAlt,0.41458333333333336,44447657.59791667,45341473.5
"(np.float64(1.0), 110, 390, np.float64(0.75), 10)",houghCircleAlt,0.425,43092110.925,43776933.5
"(np.float64(1.0), 110, 390, np.float64(0.75), 15)",houghCircleAlt,0.53125,40534431.1125,40740245.5
"(np.float64(1.0), 110, 390, np.float64(0.8), 5)",houghCircleAlt,0.5229166666666667,45313729.045833334,46254986.5
"(np.float64(1.0), 110, 390, np.float64(0.8), 10)",houghCircleAlt,0.5770833333333333,42885344.264583334,43293249.5
"(np.float64(1.0), 110, 390, np.float64(0.8), 15)",houghCircleAlt,0.6895833333333333,41471652.47708333,41614585.5
"(np.float64(1.0), 110, 390, np.float64(0.8500000000000001), 5)",houghCircleAlt,0.65,43792718.8125,44266951.5
"(np.float64(1.0), 110, 390, np.float64(0.8500000000000001), 10)",houghCircleAlt,0.70625,42753888.229166664,43207594.5
"(np.float64(1.0), 110, 390, np.float64(0.8500000000000001), 15)",houghCircleAlt,0.8416666666666667,40758152.791666664,41418773.5
"(np.float64(1.0), 110, 390, np.float64(0.9000000000000001), 5)",houghCircleAlt,0.76875,44094864.80625,45046500.5
"(np.float64(1.0), 110, 390, np.float64(0.9000000000000001), 10)",houghCircleAlt,0.8270833333333333,42641513.604166664,43326488.0
"(np.float64(1.0), 110, 390, np.float64(0.9000000000000001), 15)",houghCircleAlt,0.9166666666666666,41784312.34791667,42212077.0
"(np.float64(1.0), 120, 300, np.float64(0.7), 5)",houghCircleAlt,0.30833333333333335,46840692.56458333,48384877.0
"(np.float64(1.0), 120, 300, np.float64(0.7), 10)",houghCircleAlt,0.33541666666666664,47583585.6375,49025634.0
"(np.float64(1.0), 120, 300, np.float64(0.7), 15)",houghCircleAlt,0.40208333333333335,44497582.70625,45345591.0
"(np.float64(1.0), 120, 300, np.float64(0.75), 5)",houghCircleAlt,0.38333333333333336,47584442.86875,48813310.5
"(np.float64(1.0), 120, 300, np.float64(0.75), 10)",houghCircleAlt,0.40625,46123854.35208333,47258855.0
"(np.float64(1.0), 120, 300, np.float64(0.75), 15)",houghCircleAlt,0.55,44096305.87708333,45079626.5
"(np.float64(1.0), 120, 300, np.float64(0.8), 5)",houghCircleAlt,0.5145833333333333,47511664.885416664,48947678.0
"(np.float64(1.0), 120, 300, np.float64(0.8), 10)",houghCircleAlt,0.5625,45702542.15208333,46902961.5
"(np.float64(1.0), 120, 300, np.float64(0.8), 15)",houghCircleAlt,0.7020833333333333,44900725.708333336,45844261.0
"(np.float64(1.0), 120, 300, np.float64(0.8500000000000001), 5)",houghCircleAlt,0.6416666666666667,47781114.16875,49093875.0
"(np.float64(1.0), 120, 300, np.float64(0.8500000000000001), 10)",houghCircleAlt,0.7083333333333334,45122652.03333333,46367066.5
"(np.float64(1.0), 120, 300, np.float64(0.8500000000000001), 15)",houghCircleAlt,0.8395833333333333,46046604.37708333,47231628.5
"(np.float64(1.0), 120, 300, np.float64(0.9000000000000001), 5)",houghCircleAlt,0.7625,47499088.28958333,48599304.0
"(np.float64(1.0), 120, 300, np.float64(0.9000000000000001), 10)",houghCircleAlt,0.83125,46070733.43333333,46991899.5
"(np.float64(1.0), 120, 300, np.float64(0.9000000000000001), 15)",houghCircleAlt,0.9208333333333333,43986392.78958333,45048423.5
"(np.float64(1.0), 120, 310, np.float64(0.7), 5)",houghCircleAlt,0.3104166666666667,47305432.860416666,48668093.0
"(np.float64(1.0), 120, 310, np.float64(0.7), 10)",houghCircleAlt,0.33958333333333335,45816838.333333336,46982897.5
"(np.float64(1.0), 120, 310, np.float64(0.7), 15)",houghCircleAlt,0.40208333333333335,44084445.19166667,44982143.0
"(np.float64(1.0), 120, 310, np.float64(0.75), 5)",houghCircleAlt,0.38958333333333334,47269460.75416667,48778791.5
"(np.float64(1.0), 120, 310, np.float64(0.75), 10)",houghCircleAlt,0.40625,45898620.90833333,46856550.0
"(np.float64(1.0), 120, 310, np.float64(0.75), 15)",houghCircleAlt,0.55,43086129.37708333,43978916.5
"(np.float64(1.0), 120, 310, np.float64(0.8), 5)",houghCircleAlt,0.51875,48429509.65833333,49911245.5
"(np.float64(1.0), 120, 310, np.float64(0.8), 10)",houghCircleAlt,0.5666666666666667,45509678.677083336,46573247.5
"(np.float64(1.0), 120, 310, np.float64(0.8), 15)",houghCircleAlt,0.7020833333333333,43294614.79375,44476921.5
"(np.float64(1.0), 120, 310, np.float64(0.8500000000000001), 5)",houghCircleAlt,0.6354166666666666,47326695.947916664,48374713.5
"(np.float64(1.0), 120, 310, np.float64(0.8500000000000001), 10)",houghCircleAlt,0.70625,45704791.43958333,47058158.5
"(np.float64(1.0), 120, 310, np.float64(0.8500000000000001), 15)",houghCircleAlt,0.8416666666666667,44208433.59375,45305895.0
"(np.float64(1.0), 120, 310, np.float64(0.9000000000000001), 5)",houghCircleAlt,0.7604166666666666,46960268.7875,48474310.0
"(np.float64(1.0), 120, 310, np.float64(0.9000000000000001), 10)",houghCircleAlt,0.8270833333333333,45658151.177083336,46895819.5
"(np.float64(1.0), 120, 310, np.float64(0.9000000000000001), 15)",houghCircleAlt,0.9166666666666666,44708393.49375,45471632.0
"(np.float64(1.0), 120, 320, np.float64(0.7), 5)",houghCircleAlt,0.31875,45917597.52708333,47318121.0
"(np.float64(1.0), 120, 320, np.float64(0.7), 10)",houghCircleAlt,0.34375,46855390.510416664,47809112.0
"(np.float64(1.0), 120, 320, np.float64(0.7), 15)",houghCircleAlt,0.4083333333333333,43337985.35,44226582.5
"(np.float64(1.0), 120, 320, np.float64(0.75), 5)",houghCircleAlt,0.40208333333333335,46737095.58125,48291116.5
"(np.float64(1.0), 120, 320, np.float64(0.75), 10)",houghCircleAlt,0.41458333333333336,45437345.09583333,46395505.5
"(np.float64(1.0), 120, 320, np.float64(0.75), 15)",houghCircleAlt,0.5520833333333334,43952214.614583336,44849035.0
"(np.float64(1.0), 120, 320, np.float64(0.8), 5)",houghCircleAlt,0.5354166666666667,46969126.175,48397325.5
"(np.float64(1.0), 120, 320, np.float64(0.8), 10)",houghCircleAlt,0.5708333333333333,44891531.55,46027123.5
"(np.float64(1.0), 120, 320, np.float64(0.8), 15)",houghCircleAlt,0.6958333333333333,44123896.760416664,45245848.5
"(np.float64(1.0), 120, 320, np.float64(0.8500000000000001), 5)",houghCircleAlt,0.64375,47300437.4375,48353383.0
"(np.float64(1.0), 120, 320, np.float64(0.8500000000000001), 10)",houghCircleAlt,0.7083333333333334,44377841.99375,45462440.0
"(np.float64(1.0), 120, 320, np.float64(0.8500000000000001), 15)",houghCircleAlt,0.84375,43256082.66875,44414053.0
"(np.float64(1.0), 120, 320, np.float64(0.9000000000000001), 5)",houghCircleAlt,0.7604166666666666,48494243.083333336,49925242.0
"(np.float64(1.0), 120, 320, np.float64(0.9000000000000001), 10)",houghCircleAlt,0.8270833333333333,45527438.32083333,46584239.5
"(np.float64(1.0), 120, 320, np.float64(0.9000000000000001), 15)",houghCircleAlt,0.91875,44057204.422916666,44844420.0
"(np.float64(1.0), 120, 330, np.float64(0.7), 5)",houghCircleAlt,0.32916666666666666,46630623.5125,47467435.5
"(np.float64(1.0), 120, 330, np.float64(0.7), 10)",houghCircleAlt,0.32916666666666666,45315925.78958333,46426477.5
"(np.float64(1.0), 120, 330, np.float64(0.7), 15)",houghCircleAlt,0.40625,43681166.766666666,44162421.0
"(np.float64(1.0), 120, 330, np.float64(0.75), 5)",houghCircleAlt,0.4125,46587445.93333333,47944039.5
"(np.float64(1.0), 120, 330, np.float64(0.75), 10)",houghCircleAlt,0.41041666666666665,45659205.68333333,46223604.0
"(np.float64(1.0), 120, 330, np.float64(0.75), 15)",houghCircleAlt,0.55,42765660.33125,43410672.5
"(np.float64(1.0), 120, 330, np.float64(0.8), 5)",houghCircleAlt,0.5291666666666667,45841841.52708333,47306885.0
"(np.float64(1.0), 120, 330, np.float64(0.8), 10)",houghCircleAlt,0.575,46714035.91041667,47467125.0
"(np.float64(1.0), 120, 330, np.float64(0.8), 15)",houghCircleAlt,0.7,43839799.16041667,44508384.5
"(np.float64(1.0), 120, 330, np.float64(0.8500000000000001), 5)",houghCircleAlt,0.65,46700656.46458333,47594674.0
"(np.float64(1.0), 120, 330, np.float64(0.8500000000000001), 10)",houghCircleAlt,0.7125,45298025.875,46316543.0
"(np.float64(1.0), 120, 330, np.float64(0.8500000000000001), 15)",houghCircleAlt,0.8458333333333333,43569872.1,44501617.5
"(np.float64(1.0), 120, 330, np.float64(0.9000000000000001), 5)",houghCircleAlt,0.7666666666666667,46824637.5375,48169293.0
"(np.float64(1.0), 120, 330, np.float64(0.9000000000000001), 10)",houghCircleAlt,0.825,45364791.91041667,46519963.5
"(np.float64(1.0), 120, 330, np.float64(0.9000000000000001), 15)",houghCircleAlt,0.9208333333333333,44169589.78125,44537258.5
"(np.float64(1.0), 120, 340, np.float64(0.7), 5)",houghCircleAlt,0.325,45362137.170833334,46654160.0
"(np.float64(1.0), 120, 340, np.float64(0.7), 10)",houghCircleAlt,0.3333333333333333,44392802.7,45324971.0
"(np.float64(1.0), 120, 340, np.float64(0.7), 15)",houghCircleAlt,0.41041666666666665,43742204.770833336,44444124.5
"(np.float64(1.0), 120, 340, np.float64(0.75), 5)",houghCircleAlt,0.4125,47252352.704166666,48400010.0
"(np.float64(1.0), 120, 340, np.float64(0.75), 10)",houghCircleAlt,0.42083333333333334,45063863.014583334,45885614.5
"(np.float64(1.0), 120, 340, np.float64(0.75), 15)",houghCircleAlt,0.5458333333333333,43132004.66458333,43791870.5
"(np.float64(1.0), 120, 340, np.float64(0.8), 5)",houghCircleAlt,0.5354166666666667,46407906.79375,47660859.0
"(np.float64(1.0), 120, 340, np.float64(0.8), 10)",houghCircleAlt,0.58125,45043752.96041667,46246581.0
"(np.float64(1.0), 120, 340, np.float64(0.8), 15)",houghCircleAlt,0.7041666666666667,43515704.94375,44384761.5
"(np.float64(1.0), 120, 340, np.float64(0.8500000000000001), 5)",houghCircleAlt,0.65625,46609440.53125,47528786.0
"(np.float64(1.0), 120, 340, np.float64(0.8500000000000001), 10)",houghCircleAlt,0.7208333333333333,43960507.78958333,44761219.5
"(np.float64(1.0), 120, 340, np.float64(0.8500000000000001), 15)",houghCircleAlt,0.8458333333333333,42979039.104166664,43965025.0
"(np.float64(1.0), 120, 340, np.float64(0.9000000000000001), 5)",houghCircleAlt,0.7645833333333333,46479623.025,47733159.5
"(np.float64(1.0), 120, 340, np.float64(0.9000000000000001), 10)",houghCircleAlt,0.825,44518703.47708333,45220607.0
"(np.float64(1.0), 120, 340, np.float64(0.9000000000000001), 15)",houghCircleAlt,0.91875,44789286.4375,45584514.0
"(np.float64(1.0), 120, 350, np.float64(0.7), 5)",houghCircleAlt,0.325,46081399.37291667,46873712.5
"(np.float64(1.0), 120, 350, np.float64(0.7), 10)",houghCircleAlt,0.33125,44937171.4625,45807066.5
"(np.float64(1.0), 120, 350, np.float64(0.7), 15)",houghCircleAlt,0.41041666666666665,43567101.78125,44217504.0
"(np.float64(1.0), 120, 350, np.float64(0.75), 5)",houghCircleAlt,0.4166666666666667,46201298.89375,47334447.0
"(np.float64(1.0), 120, 350, np.float64(0.75), 10)",houghCircleAlt,0.42083333333333334,43659520.354166664,44672352.0
"(np.float64(1.0), 120, 350, np.float64(0.75), 15)",houghCircleAlt,0.5354166666666667,43792592.0875,44247741.5
"(np.float64(1.0), 120, 350, np.float64(0.8), 5)",houghCircleAlt,0.5333333333333333,45349128.516666666,46356406.0
"(np.float64(1.0), 120, 350, np.float64(0.8), 10)",houghCircleAlt,0.5916666666666667,44968366.24583333,46015005.0
"(np.float64(1.0), 120, 350, np.float64(0.8), 15)",houghCircleAlt,0.7,43137371.93958333,43849643.0
"(np.float64(1.0), 120, 350, np.float64(0.8500000000000001), 5)",houghCircleAlt,0.6541666666666667,47126157.58541667,48087158.5
"(np.float64(1.0), 120, 350, np.float64(0.8500000000000001), 10)",houghCircleAlt,0.7208333333333333,44803552.260416664,45692872.0
"(np.float64(1.0), 120, 350, np.float64(0.8500000000000001), 15)",houghCircleAlt,0.84375,43482183.43333333,43817858.5
"(np.float64(1.0), 120, 350, np.float64(0.9000000000000001), 5)",houghCircleAlt,0.7645833333333333,46122402.65625,47033997.0
"(np.float64(1.0), 120, 350, np.float64(0.9000000000000001), 10)",houghCircleAlt,0.81875,44788961.829166666,45539629.0
"(np.float64(1.0), 120, 350, np.float64(0.9000000000000001), 15)",houghCircleAlt,0.9145833333333333,42424758.608333334,43029491.0
"(np.float64(1.0), 120, 360, np.float64(0.7), 5)",houghCircleAlt,0.325,46218430.15625,47022536.0
"(np.float64(1.0), 120, 360, np.float64(0.7), 10)",houghCircleAlt,0.33125,43673336.47083333,44807005.0
"(np.float64(1.0), 120, 360, np.float64(0.7), 15)",houghCircleAlt,0.4083333333333333,43106772.75625,43918542.5
"(np.float64(1.0), 120, 360, np.float64(0.75), 5)",houghCircleAlt,0.4083333333333333,46008638.65208333,47063307.0
"(np.float64(1.0), 120, 360, np.float64(0.75), 10)",houghCircleAlt,0.42916666666666664,44500434.275,45272269.0
"(np.float64(1.0), 120, 360, np.float64(0.75), 15)",houghCircleAlt,0.5354166666666667,43220530.35208333,43619734.5
"(np.float64(1.0), 120, 360, np.float64(0.8), 5)",houghCircleAlt,0.53125,46964591.17916667,47638061.0
"(np.float64(1.0), 120, 360, np.float64(0.8), 10)",houghCircleAlt,0.59375,44663990.46666667,45165156.5
"(np.float64(1.0), 120, 360, np.float64(0.8), 15)",houghCircleAlt,0.6916666666666667,43301695.58541667,43824026.0
"(np.float64(1.0), 120, 360, np.float64(0.8500000000000001), 5)",houghCircleAlt,0.6583333333333333,44744981.76875,45943324.0
"(np.float64(1.0), 120, 360, np.float64(0.8500000000000001), 10)",houghCircleAlt,0.7229166666666667,44987195.6625,45933246.0
"(np.float64(1.0), 120, 360, np.float64(0.8500000000000001), 15)",houghCircleAlt,0.8458333333333333,42576142.6,43450971.0
"(np.float64(1.0), 120, 360, np.float64(0.9000000000000001), 5)",houghCircleAlt,0.7583333333333333,45516063.80416667,46562614.0
"(np.float64(1.0), 120, 360, np.float64(0.9000000000000001), 10)",houghCircleAlt,0.8229166666666666,44601040.36875,45045603.0
"(np.float64(1.0), 120, 360, np.float64(0.9000000000000001), 15)",houghCircleAlt,0.9145833333333333,43292999.5,43749250.5
"(np.float64(1.0), 120, 370, np.float64(0.7), 5)",houghCircleAlt,0.33125,45658706.297916666,46146703.5
"(np.float64(1.0), 120, 370, np.float64(0.7), 10)",houghCircleAlt,0.32916666666666666,45805742.514583334,46519974.0
"(np.float64(1.0), 120, 370, np.float64(0.7), 15)",houghCircleAlt,0.4270833333333333,43139349.864583336,43626641.0
"(np.float64(1.0), 120, 370, np.float64(0.75), 5)",houghCircleAlt,0.4083333333333333,45592319.260416664,46424609.0
"(np.float64(1.0), 120, 370, np.float64(0.75), 10)",houghCircleAlt,0.43125,43328781.09375,44154743.5
"(np.float64(1.0), 120, 370, np.float64(0.75), 15)",houghCircleAlt,0.5479166666666667,43672294.235416666,44150676.5
"(np.float64(1.0), 120, 370, np.float64(0.8), 5)",houghCircleAlt,0.525,44811409.5875,45817180.0
"(np.float64(1.0), 120, 370, np.float64(0.8), 10)",houghCircleAlt,0.5833333333333334,44077221.86875,45003343.0
"(np.float64(1.0), 120, 370, np.float64(0.8), 15)",houghCircleAlt,0.6958333333333333,43122114.19375,43563281.5
"(np.float64(1.0), 120, 370, np.float64(0.8500000000000001), 5)",houghCircleAlt,0.6458333333333334,45799280.34166667,46533454.0
"(np.float64(1.0), 120, 370, np.float64(0.8500000000000001), 10)",houghCircleAlt,0.71875,44324757.59375,44924856.0
"(np.float64(1.0), 120, 370, np.float64(0.8500000000000001), 15)",houghCircleAlt,0.8479166666666667,43302830.75416667,43748559.0
"(np.float64(1.0), 120, 370, np.float64(0.9000000000000001), 5)",houghCircleAlt,0.75625,46666354.17916667,47568451.5
"(np.float64(1.0), 120, 370, np.float64(0.9000000000000001), 10)",houghCircleAlt,0.825,43413998.50625,43995578.0
"(np.float64(1.0), 120, 370, np.float64(0.9000000000000001), 15)",houghCircleAlt,0.9104166666666667,43406155.725,43703374.5
"(np.float64(1.0), 120, 380, np.float64(0.7), 5)",houghCircleAlt,0.325,45848469.645833336,46459030.0
"(np.float64(1.0), 120, 380, np.float64(0.7), 10)",houghCircleAlt,0.33125,43402939.770833336,44097648.5
"(np.float64(1.0), 120, 380, np.float64(0.7), 15)",houghCircleAlt,0.425,42621742.9125,43197786.0
"(np.float64(1.0), 120, 380, np.float64(0.75), 5)",houghCircleAlt,0.4166666666666667,45594443.78125,46185947.5
"(np.float64(1.0), 120, 380, np.float64(0.75), 10)",houghCircleAlt,0.43125,44166078.66041667,44716851.5
"(np.float64(1.0), 120, 380, np.float64(0.75), 15)",houghCircleAlt,0.5520833333333334,42983725.358333334,43325887.5
"(np.float64(1.0), 120, 380, np.float64(0.8), 5)",houghCircleAlt,0.5291666666666667,45626622.89375,46119382.5
"(np.float64(1.0), 120, 380, np.float64(0.8), 10)",houghCircleAlt,0.58125,43095746.36875,43918663.0
"(np.float64(1.0), 120, 380, np.float64(0.8), 15)",houghCircleAlt,0.7145833333333333,43090029.21458333,43835376.5
"(np.float64(1.0), 120, 380, np.float64(0.8500000000000001), 5)",houghCircleAlt,0.6541666666666667,46777096.391666666,47545603.0
"(np.float64(1.0), 120, 380, np.float64(0.8500000000000001), 10)",houghCircleAlt,0.7166666666666667,44637720.697916664,45376157.5
"(np.float64(1.0), 120, 380, np.float64(0.8500000000000001), 15)",houghCircleAlt,0.8479166666666667,42250503.46875,42948588.5
"(np.float64(1.0), 120, 380, np.float64(0.9000000000000001), 5)",houghCircleAlt,0.7666666666666667,45074649.479166664,45974190.5
"(np.float64(1.0), 120, 380, np.float64(0.9000000000000001), 10)",houghCircleAlt,0.8291666666666667,44240462.33958333,44754161.0
"(np.float64(1.0), 120, 380, np.float64(0.9000000000000001), 15)",houghCircleAlt,0.91875,43068526.766666666,43436713.5
"(np.float64(1.0), 120, 390, np.float64(0.7), 5)",houghCircleAlt,0.33125,45178675.78125,45948316.0
"(np.float64(1.0), 120, 390, np.float64(0.7), 10)",houghCircleAlt,0.3375,44028650.264583334,44561434.5
"(np.float64(1.0), 120, 390, np.float64(0.7), 15)",houghCircleAlt,0.4375,41792295.025,42187416.0
"(np.float64(1.0), 120, 390, np.float64(0.75), 5)",houghCircleAlt,0.425,45336640.052083336,46070209.5
"(np.float64(1.0), 120, 390, np.float64(0.75), 10)",houghCircleAlt,0.43333333333333335,45372990.42916667,46179454.5
"(np.float64(1.0), 120, 390, np.float64(0.75), 15)",houghCircleAlt,0.5479166666666667,43287013.41875,43776356.0
"(np.float64(1.0), 120, 390, np.float64(0.8), 5)",houghCircleAlt,0.5375,44309993.98125,45117998.0
"(np.float64(1.0), 120, 390, np.float64(0.8), 10)",houghCircleAlt,0.5833333333333334,43393931.545833334,44019813.5
"(np.float64(1.0), 120, 390, np.float64(0.8), 15)",houghCircleAlt,0.70625,42865535.37916667,43062802.0
"(np.float64(1.0), 120, 390, np.float64(0.8500000000000001), 5)",houghCircleAlt,0.6583333333333333,45112240.33541667,45777561.5
"(np.float64(1.0), 120, 390, np.float64(0.8500000000000001), 10)",houghCircleAlt,0.7104166666666667,43895262.28333333,44233202.5
"(np.float64(1.0), 120, 390, np.float64(0.8500000000000001), 15)",houghCircleAlt,0.8458333333333333,42710046.89375,43243511.5
"(np.float64(1.0), 120, 390, np.float64(0.9000000000000001), 5)",houghCircleAlt,0.7708333333333334,44015484.22083333,44812765.5
"(np.float64(1.0), 120, 390, np.float64(0.9000000000000001), 10)",houghCircleAlt,0.8270833333333333,43891890.739583336,44344186.0
"(np.float64(1.0), 120, 390, np.float64(0.9000000000000001), 15)",houghCircleAlt,0.9166666666666666,43615904.391666666,44081479.0
"(np.float64(1.0), 130, 300, np.float64(0.7), 5)",houghCircleAlt,0.3125,49057931.81041667,50552478.0
"(np.float64(1.0), 130, 300, np.float64(0.7), 10)",houghCircleAlt,0.33958333333333335,47397921.01875,48629205.5
"(np.float64(1.0), 130, 300, np.float64(0.7), 15)",houghCircleAlt,0.41875,45260794.96666667,46156181.0
"(np.float64(1.0), 130, 300, np.float64(0.75), 5)",houghCircleAlt,0.39166666666666666,48582345.66458333,49920834.0
"(np.float64(1.0), 130, 300, np.float64(0.75), 10)",houghCircleAlt,0.41875,47748869.391666666,48612364.0
"(np.float64(1.0), 130, 300, np.float64(0.75), 15)",houghCircleAlt,0.5645833333333333,45575316.78333333,46539856.0
"(np.float64(1.0), 130, 300, np.float64(0.8), 5)",houghCircleAlt,0.5229166666666667,48263956.43541667,49596224.0
"(np.float64(1.0), 130, 300, np.float64(0.8), 10)",houghCircleAlt,0.575,46206099.770833336,47519181.5
"(np.float64(1.0), 130, 300, np.float64(0.8), 15)",houghCircleAlt,0.7166666666666667,45294584.604166664,46309853.5
"(np.float64(1.0), 130, 300, np.float64(0.8500000000000001), 5)",houghCircleAlt,0.6458333333333334,48836292.97291667,50718039.0
"(np.float64(1.0), 130, 300, np.float64(0.8500000000000001), 10)",houghCircleAlt,0.7104166666666667,47202244.35625,48244248.0
"(np.float64(1.0), 130, 300, np.float64(0.8500000000000001), 15)",houghCircleAlt,0.8520833333333333,45458897.020833336,46519032.0
"(np.float64(1.0), 130, 300, np.float64(0.9000000000000001), 5)",houghCircleAlt,0.7625,48482430.78125,49888819.0
"(np.float64(1.0), 130, 300, np.float64(0.9000000000000001), 10)",houghCircleAlt,0.83125,46852507.39791667,48072361.0
"(np.float64(1.0), 130, 300, np.float64(0.9000000000000001), 15)",houghCircleAlt,0.925,45374691.37083333,46018743.0
"(np.float64(1.0), 130, 310, np.float64(0.7), 5)",houghCircleAlt,0.3145833333333333,49029957.89375,50198089.0
"(np.float64(1.0), 130, 310, np.float64(0.7), 10)",houghCircleAlt,0.3458333333333333,45835624.58125,46867497.5
"(np.float64(1.0), 130, 310, np.float64(0.7), 15)",houghCircleAlt,0.4166666666666667,44929711.69375,45692065.0
"(np.float64(1.0), 130, 310, np.float64(0.75), 5)",houghCircleAlt,0.3958333333333333,47939525.96041667,49190508.0
"(np.float64(1.0), 130, 310, np.float64(0.75), 10)",houghCircleAlt,0.42083333333333334,47382523.07083333,48755056.0
"(np.float64(1.0), 130, 310, np.float64(0.75), 15)",houghCircleAlt,0.5666666666666667,45473252.46875,46394357.5
"(np.float64(1.0), 130, 310, np.float64(0.8), 5)",houghCircleAlt,0.5270833333333333,48051212.66041667,49646164.0
"(np.float64(1.0), 130, 310, np.float64(0.8), 10)",houghCircleAlt,0.5770833333333333,46508648.416666664,47554619.5
"(np.float64(1.0), 130, 310, np.float64(0.8), 15)",houghCircleAlt,0.7166666666666667,45279189.87708333,46147088.5
"(np.float64(1.0), 130, 310, np.float64(0.8500000000000001), 5)",houghCircleAlt,0.6395833333333333,48338298.01875,49932345.5
"(np.float64(1.0), 130, 310, np.float64(0.8500000000000001), 10)",houghCircleAlt,0.7104166666666667,46524583.954166666,47547777.0
"(np.float64(1.0), 130, 310, np.float64(0.8500000000000001), 15)",houghCircleAlt,0.8541666666666666,44508900.860416666,45500410.5
"(np.float64(1.0), 130, 310, np.float64(0.9000000000000001), 5)",houghCircleAlt,0.7604166666666666,49003716.44583333,50374700.5
"(np.float64(1.0), 130, 310, np.float64(0.9000000000000001), 10)",houghCircleAlt,0.8270833333333333,46373213.739583336,47777502.5
"(np.float64(1.0), 130, 310, np.float64(0.9000000000000001), 15)",houghCircleAlt,0.9208333333333333,45950618.27291667,47186870.0
"(np.float64(1.0), 130, 320, np.float64(0.7), 5)",houghCircleAlt,0.3229166666666667,48124106.483333334,49484270.5
"(np.float64(1.0), 130, 320, np.float64(0.7), 10)",houghCircleAlt,0.35833333333333334,46507100.208333336,47616766.0
"(np.float64(1.0), 130, 320, np.float64(0.7), 15)",houghCircleAlt,0.4166666666666667,44803699.354166664,45427734.0
"(np.float64(1.0), 130, 320, np.float64(0.75), 5)",houghCircleAlt,0.4083333333333333,47727522.93541667,49015292.0
"(np.float64(1.0), 130, 320, np.float64(0.75), 10)",houghCircleAlt,0.4354166666666667,45515484.239583336,46570914.0
"(np.float64(1.0), 130, 320, np.float64(0.75), 15)",houghCircleAlt,0.5708333333333333,44898964.61875,45844541.0
"(np.float64(1.0), 130, 320, np.float64(0.8), 5)",houghCircleAlt,0.5395833333333333,47478846.760416664,48806453.5
"(np.float64(1.0), 130, 320, np.float64(0.8), 10)",houghCircleAlt,0.58125,47302513.7625,48568126.5
"(np.float64(1.0), 130, 320, np.float64(0.8), 15)",houghCircleAlt,0.7145833333333333,44799343.27708333,45774785.5
"(np.float64(1.0), 130, 320, np.float64(0.8500000000000001), 5)",houghCircleAlt,0.6458333333333334,48369687.5625,49872483.0
"(np.float64(1.0), 130, 320, np.float64(0.8500000000000001), 10)",houghCircleAlt,0.7145833333333333,46299364.020833336,47519914.0
"(np.float64(1.0), 130, 320, np.float64(0.8500000000000001), 15)",houghCircleAlt,0.8583333333333333,45117377.56458333,46036116.5
"(np.float64(1.0), 130, 320, np.float64(0.9000000000000001), 5)",houghCircleAlt,0.7604166666666666,47635755.69375,48790147.5
"(np.float64(1.0), 130, 320, np.float64(0.9000000000000001), 10)",houghCircleAlt,0.8270833333333333,45483398.0875,46852282.0
"(np.float64(1.0), 130, 320, np.float64(0.9000000000000001), 15)",houghCircleAlt,0.9229166666666667,44997336.37916667,45876011.5
"(np.float64(1.0), 130, 330, np.float64(0.7), 5)",houghCircleAlt,0.33125,47595063.452083334,48502197.0
"(np.float64(1.0), 130, 330, np.float64(0.7), 10)",houghCircleAlt,0.34375,45583767.475,46629976.5
"(np.float64(1.0), 130, 330, np.float64(0.7), 15)",houghCircleAlt,0.4166666666666667,44429793.58541667,45254244.5
"(np.float64(1.0), 130, 330, np.float64(0.75), 5)",houghCircleAlt,0.4166666666666667,48415084.95625,49523631.5
"(np.float64(1.0), 130, 330, np.float64(0.75), 10)",houghCircleAlt,0.4270833333333333,46334712.31458333,47155069.5
"(np.float64(1.0), 130, 330, np.float64(0.75), 15)",houghCircleAlt,0.56875,44723656.81458333,45556831.5
"(np.float64(1.0), 130, 330, np.float64(0.8), 5)",houghCircleAlt,0.5375,47605743.46041667,48884064.0
"(np.float64(1.0), 130, 330, np.float64(0.8), 10)",houghCircleAlt,0.5833333333333334,46017121.43125,46768936.0
"(np.float64(1.0), 130, 330, np.float64(0.8), 15)",houghCircleAlt,0.7166666666666667,44798821.59791667,45631246.5
"(np.float64(1.0), 130, 330, np.float64(0.8500000000000001), 5)",houghCircleAlt,0.6520833333333333,46936696.63125,48093861.0
"(np.float64(1.0), 130, 330, np.float64(0.8500000000000001), 10)",houghCircleAlt,0.7166666666666667,46217864.425,47269684.5
"(np.float64(1.0), 130, 330, np.float64(0.8500000000000001), 15)",houghCircleAlt,0.8583333333333333,44383788.266666666,45284540.0
"(np.float64(1.0), 130, 330, np.float64(0.9000000000000001), 5)",houghCircleAlt,0.7666666666666667,47242211.697916664,48386234.5
"(np.float64(1.0), 130, 330, np.float64(0.9000000000000001), 10)",houghCircleAlt,0.825,47094251.99583333,48021826.0
"(np.float64(1.0), 130, 330, np.float64(0.9000000000000001), 15)",houghCircleAlt,0.925,46387935.083333336,47254948.0
"(np.float64(1.0), 130, 340, np.float64(0.7), 5)",houghCircleAlt,0.32916666666666666,47234385.59375,48372354.5
"(np.float64(1.0), 130, 340, np.float64(0.7), 10)",houghCircleAlt,0.34375,45719475.96875,46903412.0
"(np.float64(1.0), 130, 340, np.float64(0.7), 15)",houghCircleAlt,0.41875,44324471.77916667,44863030.5
"(np.float64(1.0), 130, 340, np.float64(0.75), 5)",houghCircleAlt,0.42291666666666666,47323994.2625,48563988.5
"(np.float64(1.0), 130, 340, np.float64(0.75), 10)",houghCircleAlt,0.4354166666666667,45039573.97291667,46044090.5
"(np.float64(1.0), 130, 340, np.float64(0.75), 15)",houghCircleAlt,0.5604166666666667,44036508.891666666,44612329.0
"(np.float64(1.0), 130, 340, np.float64(0.8), 5)",houghCircleAlt,0.54375,47167611.66458333,48219106.5
"(np.float64(1.0), 130, 340, np.float64(0.8), 10)",houghCircleAlt,0.5875,45615403.97083333,46656188.5
"(np.float64(1.0), 130, 340, np.float64(0.8), 15)",houghCircleAlt,0.7208333333333333,45386679.9625,46290447.0
"(np.float64(1.0), 130, 340, np.float64(0.8500000000000001), 5)",houghCircleAlt,0.6583333333333333,47908637.577083334,48926334.0
"(np.float64(1.0), 130, 340, np.float64(0.8500000000000001), 10)",houghCircleAlt,0.7229166666666667,45954071.6375,46629559.5
"(np.float64(1.0), 130, 340, np.float64(0.8500000000000001), 15)",houghCircleAlt,0.85625,44454128.625,45463041.0
"(np.float64(1.0), 130, 340, np.float64(0.9000000000000001), 5)",houghCircleAlt,0.7645833333333333,47215961.025,48178906.0
"(np.float64(1.0), 130, 340, np.float64(0.9000000000000001), 10)",houghCircleAlt,0.825,45799878.00833333,46644803.5
"(np.float64(1.0), 130, 340, np.float64(0.9000000000000001), 15)",houghCircleAlt,0.9229166666666667,43690608.19583333,44400051.5
"(np.float64(1.0), 130, 350, np.float64(0.7), 5)",houghCircleAlt,0.3333333333333333,46541155.77916667,47685876.0
"(np.float64(1.0), 130, 350, np.float64(0.7), 10)",houghCircleAlt,0.33958333333333335,45770710.7375,46767813.0
"(np.float64(1.0), 130, 350, np.float64(0.7), 15)",houghCircleAlt,0.42083333333333334,44015742.74583333,44795233.5
"(np.float64(1.0), 130, 350, np.float64(0.75), 5)",houghCircleAlt,0.425,47983928.6,49132535.0
"(np.float64(1.0), 130, 350, np.float64(0.75), 10)",houghCircleAlt,0.4375,46334590.947916664,46973964.0
"(np.float64(1.0), 130, 350, np.float64(0.75), 15)",houghCircleAlt,0.5541666666666667,44299933.14791667,44920803.5
"(np.float64(1.0), 130, 350, np.float64(0.8), 5)",houghCircleAlt,0.55,46630427.35625,48000385.0
"(np.float64(1.0), 130, 350, np.float64(0.8), 10)",houghCircleAlt,0.5958333333333333,45615486.516666666,46290859.0
"(np.float64(1.0), 130, 350, np.float64(0.8), 15)",houghCircleAlt,0.7208333333333333,43552643.510416664,44159144.0
"(np.float64(1.0), 130, 350, np.float64(0.8500000000000001), 5)",houghCircleAlt,0.6604166666666667,46753571.04375,47684158.0
"(np.float64(1.0), 130, 350, np.float64(0.8500000000000001), 10)",houghCircleAlt,0.7229166666666667,45276039.7875,46041231.0
"(np.float64(1.0), 130, 350, np.float64(0.8500000000000001), 15)",houghCircleAlt,0.8520833333333333,43943223.36875,44692716.0
"(np.float64(1.0), 130, 350, np.float64(0.9000000000000001), 5)",houghCircleAlt,0.7625,46890875.5125,47936315.5
"(np.float64(1.0), 130, 350, np.float64(0.9000000000000001), 10)",houghCircleAlt,0.81875,46593618.58958333,47350179.0
"(np.float64(1.0), 130, 350, np.float64(0.9000000000000001), 15)",houghCircleAlt,0.91875,45030043.375,45519467.5
"(np.float64(1.0), 130, 360, np.float64(0.7), 5)",houghCircleAlt,0.33541666666666664,46791412.75833333,47578233.0
"(np.float64(1.0), 130, 360, np.float64(0.7), 10)",houghCircleAlt,0.34375,45250152.516666666,46292763.5
"(np.float64(1.0), 130, 360, np.float64(0.7), 15)",houghCircleAlt,0.41875,43269968.76875,43805316.5
"(np.float64(1.0), 130, 360, np.float64(0.75), 5)",houghCircleAlt,0.42083333333333334,46506366.96666667,47262191.0
"(np.float64(1.0), 130, 360, np.float64(0.75), 10)",houghCircleAlt,0.44375,45146120.291666664,45973784.0
"(np.float64(1.0), 130, 360, np.float64(0.75), 15)",houghCircleAlt,0.55625,44233017.21666667,44735170.5
"(np.float64(1.0), 130, 360, np.float64(0.8), 5)",houghCircleAlt,0.54375,46651539.608333334,47548814.5
"(np.float64(1.0), 130, 360, np.float64(0.8), 10)",houghCircleAlt,0.60625,45557050.19583333,46385993.0
"(np.float64(1.0), 130, 360, np.float64(0.8), 15)",houghCircleAlt,0.7125,45112036.08125,45542199.0
"(np.float64(1.0), 130, 360, np.float64(0.8500000000000001), 5)",houghCircleAlt,0.6645833333333333,48854102.18541667,50076405.5
"(np.float64(1.0), 130, 360, np.float64(0.8500000000000001), 10)",houghCircleAlt,0.725,45776124.02916667,46538442.0
"(np.float64(1.0), 130, 360, np.float64(0.8500000000000001), 15)",houghCircleAlt,0.8541666666666666,43940114.27916667,44544618.0
"(np.float64(1.0), 130, 360, np.float64(0.9000000000000001), 5)",houghCircleAlt,0.75625,46144044.66041667,47226439.5
"(np.float64(1.0), 130, 360, np.float64(0.9000000000000001), 10)",houghCircleAlt,0.8229166666666666,45305878.7375,46082301.5
"(np.float64(1.0), 130, 360, np.float64(0.9000000000000001), 15)",houghCircleAlt,0.91875,44174838.69583333,44514968.0
"(np.float64(1.0), 130, 370, np.float64(0.7), 5)",houghCircleAlt,0.33958333333333335,45965890.95625,46749659.0
"(np.float64(1.0), 130, 370, np.float64(0.7), 10)",houghCircleAlt,0.3458333333333333,44905083.18333333,45931405.0
"(np.float64(1.0), 130, 370, np.float64(0.7), 15)",houghCircleAlt,0.4375,44037104.33125,44652584.0
"(np.float64(1.0), 130, 370, np.float64(0.75), 5)",houghCircleAlt,0.42083333333333334,47519877.25,48118222.5
"(np.float64(1.0), 130, 370, np.float64(0.75), 10)",houghCircleAlt,0.45,45625857.735416666,46438085.0
"(np.float64(1.0), 130, 370, np.float64(0.75), 15)",houghCircleAlt,0.56875,44863646.55833333,45293749.0
"(np.float64(1.0), 130, 370, np.float64(0.8), 5)",houghCircleAlt,0.5354166666666667,45936414.37916667,47166241.0
"(np.float64(1.0), 130, 370, np.float64(0.8), 10)",houghCircleAlt,0.5979166666666667,44383158.90416667,45372335.5
"(np.float64(1.0), 130, 370, np.float64(0.8), 15)",houghCircleAlt,0.7145833333333333,43845205.76875,44425218.0
"(np.float64(1.0), 130, 370, np.float64(0.8500000000000001), 5)",houghCircleAlt,0.6520833333333333,46136139.483333334,46634132.5
"(np.float64(1.0), 130, 370, np.float64(0.8500000000000001), 10)",houghCircleAlt,0.7208333333333333,44866442.764583334,45523925.0
"(np.float64(1.0), 130, 370, np.float64(0.8500000000000001), 15)",houghCircleAlt,0.85625,43700258.65625,44449930.0
"(np.float64(1.0), 130, 370, np.float64(0.9000000000000001), 5)",houghCircleAlt,0.7541666666666667,46613360.14375,47558016.0
"(np.float64(1.0), 130, 370, np.float64(0.9000000000000001), 10)",houghCircleAlt,0.825,46054584.489583336,46439008.0
"(np.float64(1.0), 130, 370, np.float64(0.9000000000000001), 15)",houghCircleAlt,0.9145833333333333,44108320.425,44594876.5
"(np.float64(1.0), 130, 380, np.float64(0.7), 5)",houghCircleAlt,0.3375,47123307.110416666,47794896.5
"(np.float64(1.0), 130, 380, np.float64(0.7), 10)",houghCircleAlt,0.34375,44815697.260416664,45483001.5
"(np.float64(1.0), 130, 380, np.float64(0.7), 15)",houghCircleAlt,0.43333333333333335,43067728.93541667,43620428.5
"(np.float64(1.0), 130, 380, np.float64(0.75), 5)",houghCircleAlt,0.42916666666666664,46145640.03125,46908443.5
"(np.float64(1.0), 130, 380, np.float64(0.75), 10)",houghCircleAlt,0.44375,45001699.7,45595635.0
"(np.float64(1.0), 130, 380, np.float64(0.75), 15)",houghCircleAlt,0.56875,43514873.014583334,44013827.5
"(np.float64(1.0), 130, 380, np.float64(0.8), 5)",houghCircleAlt,0.5395833333333333,46017713.6375,46905021.5
"(np.float64(1.0), 130, 380, np.float64(0.8), 10)",houghCircleAlt,0.5895833333333333,44979019.84583333,45892942.5
"(np.float64(1.0), 130, 380, np.float64(0.8), 15)",houghCircleAlt,0.7291666666666666,44843143.541666664,45426347.0
"(np.float64(1.0), 130, 380, np.float64(0.8500000000000001), 5)",houghCircleAlt,0.6583333333333333,46477210.37083333,47420964.5
"(np.float64(1.0), 130, 380, np.float64(0.8500000000000001), 10)",houghCircleAlt,0.71875,45926255.604166664,46859766.0
"(np.float64(1.0), 130, 380, np.float64(0.8500000000000001), 15)",houghCircleAlt,0.85625,43797669.72291667,44247586.0
"(np.float64(1.0), 130, 380, np.float64(0.9000000000000001), 5)",houghCircleAlt,0.7645833333333333,45483085.266666666,46300782.5
"(np.float64(1.0), 130, 380, np.float64(0.9000000000000001), 10)",houghCircleAlt,0.8291666666666667,44949077.55,45583506.0
"(np.float64(1.0), 130, 380, np.float64(0.9000000000000001), 15)",houghCircleAlt,0.9229166666666667,43292117.3,43918974.5
"(np.float64(1.0), 130, 390, np.float64(0.7), 5)",houghCircleAlt,0.33958333333333335,45922923.733333334,46387863.5
"(np.float64(1.0), 130, 390, np.float64(0.7), 10)",houghCircleAlt,0.34791666666666665,44560047.25833333,45210467.0
"(np.float64(1.0), 130, 390, np.float64(0.7), 15)",houghCircleAlt,0.4395833333333333,43637286.90416667,44190508.0
"(np.float64(1.0), 130, 390, np.float64(0.75), 5)",houghCircleAlt,0.4375,46902663.1,47393172.0
"(np.float64(1.0), 130, 390, np.float64(0.75), 10)",houghCircleAlt,0.44375,45103820.18333333,45676400.5
"(np.float64(1.0), 130, 390, np.float64(0.75), 15)",houghCircleAlt,0.5625,44541537.135416664,45038747.5
"(np.float64(1.0), 130, 390, np.float64(0.8), 5)",houghCircleAlt,0.5479166666666667,46125961.358333334,46926682.0
"(np.float64(1.0), 130, 390, np.float64(0.8), 10)",houghCircleAlt,0.5916666666666667,43967204.58958333,44576978.5
"(np.float64(1.0), 130, 390, np.float64(0.8), 15)",houghCircleAlt,0.7208333333333333,43598760.641666666,43997382.0
"(np.float64(1.0), 130, 390, np.float64(0.8500000000000001), 5)",houghCircleAlt,0.6625,45603947.85208333,46084922.5
"(np.float64(1.0), 130, 390, np.float64(0.8500000000000001), 10)",houghCircleAlt,0.7125,44807532.62291667,45347854.5
"(np.float64(1.0), 130, 390, np.float64(0.8500000000000001), 15)",houghCircleAlt,0.8541666666666666,43364083.77291667,43548579.0
"(np.float64(1.0), 130, 390, np.float64(0.9000000000000001), 5)",houghCircleAlt,0.76875,45837611.35625,46514638.0
"(np.float64(1.0), 130, 390, np.float64(0.9000000000000001), 10)",houghCircleAlt,0.8270833333333333,45267485.33958333,45850748.0
"(np.float64(1.0), 130, 390, np.float64(0.9000000000000001), 15)",houghCircleAlt,0.9208333333333333,43485267.760416664,43924059.0
"(np.float64(1.0), 140, 300, np.float64(0.7), 5)",houghCircleAlt,0.3145833333333333,51876071.5625,53468745.0
"(np.float64(1.0), 140, 300, np.float64(0.7), 10)",houghCircleAlt,0.35,48549745.44375,49958775.0
"(np.float64(1.0), 140, 300, np.float64(0.7), 15)",houghCircleAlt,0.43125,46203070.5375,47279117.0
"(np.float64(1.0), 140, 300, np.float64(0.75), 5)",houghCircleAlt,0.3958333333333333,49556602.15208333,50801060.0
"(np.float64(1.0), 140, 300, np.float64(0.75), 10)",houghCircleAlt,0.4354166666666667,48026451.56458333,49187332.5
"(np.float64(1.0), 140, 300, np.float64(0.75), 15)",houghCircleAlt,0.575,46607818.639583334,47602995.5
"(np.float64(1.0), 140, 300, np.float64(0.8), 5)",houghCircleAlt,0.5333333333333333,49436208.364583336,50773528.0
"(np.float64(1.0), 140, 300, np.float64(0.8), 10)",houghCircleAlt,0.59375,48236108.3875,49567070.5
"(np.float64(1.0), 140, 300, np.float64(0.8), 15)",houghCircleAlt,0.725,47314681.22708333,48358147.0
"(np.float64(1.0), 140, 300, np.float64(0.8500000000000001), 5)",houghCircleAlt,0.6583333333333333,49658093.5625,51326756.0
"(np.float64(1.0), 140, 300, np.float64(0.8500000000000001), 10)",houghCircleAlt,0.7229166666666667,48583345.03333333,50176858.5
"(np.float64(1.0), 140, 300, np.float64(0.8500000000000001), 15)",houghCircleAlt,0.8604166666666667,46943030.24583333,48144926.0
"(np.float64(1.0), 140, 300, np.float64(0.9000000000000001), 5)",houghCircleAlt,0.7666666666666667,48917998.458333336,50508475.0
"(np.float64(1.0), 140, 300, np.float64(0.9000000000000001), 10)",houghCircleAlt,0.8354166666666667,48032909.395833336,49374408.0
"(np.float64(1.0), 140, 300, np.float64(0.9000000000000001), 15)",houghCircleAlt,0.9270833333333334,46396942.675,47125640.0
"(np.float64(1.0), 140, 310, np.float64(0.7), 5)",houghCircleAlt,0.31875,49337010.725,50793235.0
"(np.float64(1.0), 140, 310, np.float64(0.7), 10)",houghCircleAlt,0.35208333333333336,47610484.389583334,48964008.0
"(np.float64(1.0), 140, 310, np.float64(0.7), 15)",houghCircleAlt,0.4270833333333333,46294783.8875,47287610.0
"(np.float64(1.0), 140, 310, np.float64(0.75), 5)",houghCircleAlt,0.4083333333333333,49858824.452083334,51069178.0
"(np.float64(1.0), 140, 310, np.float64(0.75), 10)",houghCircleAlt,0.4354166666666667,47752644.104166664,48803316.5
"(np.float64(1.0), 140, 310, np.float64(0.75), 15)",houghCircleAlt,0.5729166666666666,47177543.93541667,48086392.0
"(np.float64(1.0), 140, 310, np.float64(0.8), 5)",houghCircleAlt,0.5375,49516778.05625,50875665.5
"(np.float64(1.0), 140, 310, np.float64(0.8), 10)",houghCircleAlt,0.59375,46969417.69375,48173720.5
"(np.float64(1.0), 140, 310, np.float64(0.8), 15)",houghCircleAlt,0.7229166666666667,46055673.925,46800090.0
"(np.float64(1.0), 140, 310, np.float64(0.8500000000000001), 5)",houghCircleAlt,0.6520833333333333,49181945.5125,50496097.5
"(np.float64(1.0), 140, 310, np.float64(0.8500000000000001), 10)",houghCircleAlt,0.7229166666666667,47703830.579166666,48912612.0
"(np.float64(1.0), 140, 310, np.float64(0.8500000000000001), 15)",houghCircleAlt,0.8645833333333334,46365734.87291667,47254045.5
"(np.float64(1.0), 140, 310, np.float64(0.9000000000000001), 5)",houghCircleAlt,0.7625,49509379.06458333,51095573.5
"(np.float64(1.0), 140, 310, np.float64(0.9000000000000001), 10)",houghCircleAlt,0.8354166666666667,48711018.854166664,49614869.0
"(np.float64(1.0), 140, 310, np.float64(0.9000000000000001), 15)",houghCircleAlt,0.925,46361124.97291667,47159424.0
"(np.float64(1.0), 140, 320, np.float64(0.7), 5)",houghCircleAlt,0.33125,49805599.93541667,51216044.5
"(np.float64(1.0), 140, 320, np.float64(0.7), 10)",houghCircleAlt,0.3625,47887282.547916666,48959635.5
"(np.float64(1.0), 140, 320, np.float64(0.7), 15)",houghCircleAlt,0.425,45374407.927083336,46140480.0
"(np.float64(1.0), 140, 320, np.float64(0.75), 5)",houghCircleAlt,0.42083333333333334,48841393.697916664,50242311.5
"(np.float64(1.0), 140, 320, np.float64(0.75), 10)",houghCircleAlt,0.45,47431062.89791667,48398037.0
"(np.float64(1.0), 140, 320, np.float64(0.75), 15)",houghCircleAlt,0.5770833333333333,46359641.06041667,47285023.5
"(np.float64(1.0), 140, 320, np.float64(0.8), 5)",houghCircleAlt,0.5458333333333333,48837749.60208333,50182914.5
"(np.float64(1.0), 140, 320, np.float64(0.8), 10)",houghCircleAlt,0.5979166666666667,47510061.635416664,48769423.5
"(np.float64(1.0), 140, 320, np.float64(0.8), 15)",houghCircleAlt,0.7208333333333333,45956912.25,46785553.0
"(np.float64(1.0), 140, 320, np.float64(0.8500000000000001), 5)",houghCircleAlt,0.6541666666666667,49864251.06666667,50979380.5
"(np.float64(1.0), 140, 320, np.float64(0.8500000000000001), 10)",houghCircleAlt,0.7291666666666666,48424205.775,49500391.0
"(np.float64(1.0), 140, 320, np.float64(0.8500000000000001), 15)",houghCircleAlt,0.8666666666666667,45969252.20625,46858760.5
"(np.float64(1.0), 140, 320, np.float64(0.9000000000000001), 5)",houghCircleAlt,0.7625,48586173.25208333,50095271.5
"(np.float64(1.0), 140, 320, np.float64(0.9000000000000001), 10)",houghCircleAlt,0.8354166666666667,47300893.90208333,48360010.5
"(np.float64(1.0), 140, 320, np.float64(0.9000000000000001), 15)",houghCircleAlt,0.9270833333333334,46077778.31875,46900116.5
"(np.float64(1.0), 140, 330, np.float64(0.7), 5)",houghCircleAlt,0.33958333333333335,48775744.610416666,49799070.0
"(np.float64(1.0), 140, 330, np.float64(0.7), 10)",houghCircleAlt,0.3458333333333333,47129875.6375,48160020.0
"(np.float64(1.0), 140, 330, np.float64(0.7), 15)",houghCircleAlt,0.42916666666666664,45980655.458333336,46782491.0
"(np.float64(1.0), 140, 330, np.float64(0.75), 5)",houghCircleAlt,0.43125,48430985.739583336,49716014.5
"(np.float64(1.0), 140, 330, np.float64(0.75), 10)",houghCircleAlt,0.4395833333333333,48060788.427083336,49057039.0
"(np.float64(1.0), 140, 330, np.float64(0.75), 15)",houghCircleAlt,0.5770833333333333,45718117.02708333,46569847.5
"(np.float64(1.0), 140, 330, np.float64(0.8), 5)",houghCircleAlt,0.54375,50975396.141666666,52677877.5
"(np.float64(1.0), 140, 330, np.float64(0.8), 10)",houghCircleAlt,0.5958333333333333,46579272.58958333,47763276.5
"(np.float64(1.0), 140, 330, np.float64(0.8), 15)",houghCircleAlt,0.7270833333333333,45508285.40833333,46252633.0
"(np.float64(1.0), 140, 330, np.float64(0.8500000000000001), 5)",houghCircleAlt,0.6604166666666667,48707654.96458333,50021939.0
"(np.float64(1.0), 140, 330, np.float64(0.8500000000000001), 10)",houghCircleAlt,0.7270833333333333,47514695.85,48366057.0
"(np.float64(1.0), 140, 330, np.float64(0.8500000000000001), 15)",houghCircleAlt,0.8666666666666667,45832648.166666664,46559608.0
"(np.float64(1.0), 140, 330, np.float64(0.9000000000000001), 5)",houghCircleAlt,0.76875,48665105.8375,50135497.0
"(np.float64(1.0), 140, 330, np.float64(0.9000000000000001), 10)",houghCircleAlt,0.83125,47140064.08958333,48129748.5
"(np.float64(1.0), 140, 330, np.float64(0.9000000000000001), 15)",houghCircleAlt,0.9291666666666667,46713612.225,47319058.5
"(np.float64(1.0), 140, 340, np.float64(0.7), 5)",houghCircleAlt,0.33958333333333335,48354601.239583336,49618586.5
"(np.float64(1.0), 140, 340, np.float64(0.7), 10)",houghCircleAlt,0.34791666666666665,46238643.08958333,47123321.0
"(np.float64(1.0), 140, 340, np.float64(0.7), 15)",houghCircleAlt,0.43333333333333335,46539304.17916667,47275511.0
"(np.float64(1.0), 140, 340, np.float64(0.75), 5)",houghCircleAlt,0.43125,48121491.75208333,49320618.5
"(np.float64(1.0), 140, 340, np.float64(0.75), 10)",houghCircleAlt,0.45208333333333334,46886619.87083333,47646894.0
"(np.float64(1.0), 140, 340, np.float64(0.75), 15)",houghCircleAlt,0.575,45623374.74791667,46342109.5
"(np.float64(1.0), 140, 340, np.float64(0.8), 5)",houghCircleAlt,0.5458333333333333,48487255.47291667,49409825.5
"(np.float64(1.0), 140, 340, np.float64(0.8), 10)",houghCircleAlt,0.6,47056923.06875,48114373.0
"(np.float64(1.0), 140, 340, np.float64(0.8), 15)",houghCircleAlt,0.73125,45526048.0625,46209011.0
"(np.float64(1.0), 140, 340, np.float64(0.8500000000000001), 5)",houghCircleAlt,0.6625,49321458.5125,50390395.0
"(np.float64(1.0), 140, 340, np.float64(0.8500000000000001), 10)",houghCircleAlt,0.73125,47037432.3125,48033964.5
"(np.float64(1.0), 140, 340, np.float64(0.8500000000000001), 15)",houghCircleAlt,0.8645833333333334,45054331.05416667,45930688.5
"(np.float64(1.0), 140, 340, np.float64(0.9000000000000001), 5)",houghCircleAlt,0.76875,49143980.02916667,50085111.5
"(np.float64(1.0), 140, 340, np.float64(0.9000000000000001), 10)",houghCircleAlt,0.83125,46824079.35625,47689418.0
"(np.float64(1.0), 140, 340, np.float64(0.9000000000000001), 15)",houghCircleAlt,0.9270833333333334,45647461.03541667,46418592.5
"(np.float64(1.0), 140, 350, np.float64(0.7), 5)",houghCircleAlt,0.33958333333333335,47981667.36666667,48819212.5
"(np.float64(1.0), 140, 350, np.float64(0.7), 10)",houghCircleAlt,0.34375,46687085.2,47457971.5
"(np.float64(1.0), 140, 350, np.float64(0.7), 15)",houghCircleAlt,0.43333333333333335,45487608.99583333,46034071.5
"(np.float64(1.0), 140, 350, np.float64(0.75), 5)",houghCircleAlt,0.43333333333333335,47818332.422916666,48602571.0
"(np.float64(1.0), 140, 350, np.float64(0.75), 10)",houghCircleAlt,0.45,47532703.42916667,48411632.0
"(np.float64(1.0), 140, 350, np.float64(0.75), 15)",houghCircleAlt,0.5708333333333333,44639329.99375,45411804.5
"(np.float64(1.0), 140, 350, np.float64(0.8), 5)",houghCircleAlt,0.5541666666666667,48051573.3625,48995397.5
"(np.float64(1.0), 140, 350, np.float64(0.8), 10)",houghCircleAlt,0.60625,47665253.55625,48439545.5
"(np.float64(1.0), 140, 350, np.float64(0.8), 15)",houghCircleAlt,0.7354166666666667,45204658.047916666,45852291.0
"(np.float64(1.0), 140, 350, np.float64(0.8500000000000001), 5)",houghCircleAlt,0.6666666666666666,48125263.854166664,48812289.5
"(np.float64(1.0), 140, 350, np.float64(0.8500000000000001), 10)",houghCircleAlt,0.7291666666666666,46720705.03125,47520089.0
"(np.float64(1.0), 140, 350, np.float64(0.8500000000000001), 15)",houghCircleAlt,0.8625,45405507.87708333,46042974.0
"(np.float64(1.0), 140, 350, np.float64(0.9000000000000001), 5)",houghCircleAlt,0.7666666666666667,48075469.58958333,49299538.0
"(np.float64(1.0), 140, 350, np.float64(0.9000000000000001), 10)",houghCircleAlt,0.825,46660991.02708333,47632797.0
"(np.float64(1.0), 140, 350, np.float64(0.9000000000000001), 15)",houghCircleAlt,0.9229166666666667,46248844.4,47058469.0
"(np.float64(1.0), 140, 360, np.float64(0.7), 5)",houghCircleAlt,0.33958333333333335,47144691.9,48373772.0
"(np.float64(1.0), 140, 360, np.float64(0.7), 10)",houghCircleAlt,0.35208333333333336,46479358.81041667,47391769.0
"(np.float64(1.0), 140, 360, np.float64(0.7), 15)",houghCircleAlt,0.43333333333333335,46269478.025,46872975.5
"(np.float64(1.0), 140, 360, np.float64(0.75), 5)",houghCircleAlt,0.425,47604440.702083334,48546126.0
"(np.float64(1.0), 140, 360, np.float64(0.75), 10)",houghCircleAlt,0.45625,46581409.49583333,47451416.5
"(np.float64(1.0), 140, 360, np.float64(0.75), 15)",houghCircleAlt,0.5791666666666667,45037045.33958333,45799547.0
"(np.float64(1.0), 140, 360, np.float64(0.8), 5)",houghCircleAlt,0.55,47915027.44166667,48710388.0
"(np.float64(1.0), 140, 360, np.float64(0.8), 10)",houghCircleAlt,0.61875,46644376.0875,47559003.0
"(np.float64(1.0), 140, 360, np.float64(0.8), 15)",houghCircleAlt,0.725,45207040.475,45829653.0
"(np.float64(1.0), 140, 360, np.float64(0.8500000000000001), 5)",houghCircleAlt,0.6708333333333333,48759351.989583336,49898973.0
"(np.float64(1.0), 140, 360, np.float64(0.8500000000000001), 10)",houghCircleAlt,0.73125,45887186.15208333,46811941.5
"(np.float64(1.0), 140, 360, np.float64(0.8500000000000001), 15)",houghCircleAlt,0.8625,45356856.87708333,45884417.0
"(np.float64(1.0), 140, 360, np.float64(0.9000000000000001), 5)",houghCircleAlt,0.7604166666666666,48798391.31875,49844450.5
"(np.float64(1.0), 140, 360, np.float64(0.9000000000000001), 10)",houghCircleAlt,0.8270833333333333,46439461.59166667,47187761.5
"(np.float64(1.0), 140, 360, np.float64(0.9000000000000001), 15)",houghCircleAlt,0.9208333333333333,45384091.525,46059194.0
"(np.float64(1.0), 140, 370, np.float64(0.7), 5)",houghCircleAlt,0.34375,47776756.67916667,48649203.5
"(np.float64(1.0), 140, 370, np.float64(0.7), 10)",houghCircleAlt,0.35625,46573415.40208333,47198065.5
"(np.float64(1.0), 140, 370, np.float64(0.7), 15)",houghCircleAlt,0.45208333333333334,45261768.84791667,45961356.0
"(np.float64(1.0), 140, 370, np.float64(0.75), 5)",houghCircleAlt,0.4270833333333333,47688871.74791667,48471004.0
"(np.float64(1.0), 140, 370, np.float64(0.75), 10)",houghCircleAlt,0.46458333333333335,47030492.61666667,47858655.5
"(np.float64(1.0), 140, 370, np.float64(0.75), 15)",houghCircleAlt,0.5875,44187776.67916667,44951024.5
"(np.float64(1.0), 140, 370, np.float64(0.8), 5)",houghCircleAlt,0.54375,47481156.229166664,48386500.0
"(np.float64(1.0), 140, 370, np.float64(0.8), 10)",houghCircleAlt,0.6083333333333333,47224090.739583336,47998877.5
"(np.float64(1.0), 140, 370, np.float64(0.8), 15)",houghCircleAlt,0.7229166666666667,44723525.49166667,45259854.5
"(np.float64(1.0), 140, 370, np.float64(0.8500000000000001), 5)",houghCircleAlt,0.6541666666666667,47482055.9375,48404428.5
"(np.float64(1.0), 140, 370, np.float64(0.8500000000000001), 10)",houghCircleAlt,0.7270833333333333,46317700.72708333,47003281.5
"(np.float64(1.0), 140, 370, np.float64(0.8500000000000001), 15)",houghCircleAlt,0.8604166666666667,45139240.395833336,45690030.5
"(np.float64(1.0), 140, 370, np.float64(0.9000000000000001), 5)",houghCircleAlt,0.75625,47571518.922916666,48595348.0
"(np.float64(1.0), 140, 370, np.float64(0.9000000000000001), 10)",houghCircleAlt,0.8270833333333333,46096071.6875,46881766.5
"(np.float64(1.0), 140, 370, np.float64(0.9000000000000001), 15)",houghCircleAlt,0.9166666666666666,44527191.21458333,45389407.5
"(np.float64(1.0), 140, 380, np.float64(0.7), 5)",houghCircleAlt,0.33958333333333335,48024852.21666667,48922430.5
"(np.float64(1.0), 140, 380, np.float64(0.7), 10)",houghCircleAlt,0.35625,46070609.21666667,46832680.0
"(np.float64(1.0), 140, 380, np.float64(0.7), 15)",houghCircleAlt,0.44583333333333336,44464504.97291667,44984773.5
"(np.float64(1.0), 140, 380, np.float64(0.75), 5)",houghCircleAlt,0.4354166666666667,48327688.74166667,49101642.0
"(np.float64(1.0), 140, 380, np.float64(0.75), 10)",houghCircleAlt,0.45416666666666666,45947667.510416664,46576429.5
"(np.float64(1.0), 140, 380, np.float64(0.75), 15)",houghCircleAlt,0.5875,45000711.827083334,45257696.5
"(np.float64(1.0), 140, 380, np.float64(0.8), 5)",houghCircleAlt,0.55,47496352.510416664,48161578.5
"(np.float64(1.0), 140, 380, np.float64(0.8), 10)",houghCircleAlt,0.5979166666666667,46380099.58125,46977320.5
"(np.float64(1.0), 140, 380, np.float64(0.8), 15)",houghCircleAlt,0.7375,44774265.666666664,45328624.5
"(np.float64(1.0), 140, 380, np.float64(0.8500000000000001), 5)",houghCircleAlt,0.6645833333333333,46712394.677083336,47490945.5
"(np.float64(1.0), 140, 380, np.float64(0.8500000000000001), 10)",houghCircleAlt,0.7229166666666667,46949871.18541667,47694547.5
"(np.float64(1.0), 140, 380, np.float64(0.8500000000000001), 15)",houghCircleAlt,0.8604166666666667,44803479.27708333,45249480.0
"(np.float64(1.0), 140, 380, np.float64(0.9000000000000001), 5)",houghCircleAlt,0.76875,47212405.479166664,48238769.0
"(np.float64(1.0), 140, 380, np.float64(0.9000000000000001), 10)",houghCircleAlt,0.83125,46939115.447916664,47336014.5
"(np.float64(1.0), 140, 380, np.float64(0.9000000000000001), 15)",houghCircleAlt,0.925,45056571.354166664,45504313.0
"(np.float64(1.0), 140, 390, np.float64(0.7), 5)",houghCircleAlt,0.34791666666666665,47308359.71041667,48076282.0
"(np.float64(1.0), 140, 390, np.float64(0.7), 10)",houghCircleAlt,0.3645833333333333,46280636.61875,46638009.5
"(np.float64(1.0), 140, 390, np.float64(0.7), 15)",houghCircleAlt,0.45416666666666666,44883100.56041667,45287987.5
"(np.float64(1.0), 140, 390, np.float64(0.75), 5)",houghCircleAlt,0.44583333333333336,47167129.52916667,48071354.0
"(np.float64(1.0), 140, 390, np.float64(0.75), 10)",houghCircleAlt,0.46041666666666664,45316847.829166666,45898934.0
"(np.float64(1.0), 140, 390, np.float64(0.75), 15)",houghCircleAlt,0.5791666666666667,45381835.74375,45858407.5
"(np.float64(1.0), 140, 390, np.float64(0.8), 5)",houghCircleAlt,0.5541666666666667,47053042.7125,47702858.0
"(np.float64(1.0), 140, 390, np.float64(0.8), 10)",houghCircleAlt,0.6,45759002.86666667,46416003.0
"(np.float64(1.0), 140, 390, np.float64(0.8), 15)",houghCircleAlt,0.7291666666666666,44705203.37916667,45258377.0
"(np.float64(1.0), 140, 390, np.float64(0.8500000000000001), 5)",houghCircleAlt,0.6666666666666666,47492857.141666666,48192040.5
"(np.float64(1.0), 140, 390, np.float64(0.8500000000000001), 10)",houghCircleAlt,0.71875,46127857.725,46617947.0
"(np.float64(1.0), 140, 390, np.float64(0.8500000000000001), 15)",houghCircleAlt,0.8583333333333333,44791759.11875,45331343.5
"(np.float64(1.0), 140, 390, np.float64(0.9000000000000001), 5)",houghCircleAlt,0.7708333333333334,46946797.47291667,47739752.0
"(np.float64(1.0), 140, 390, np.float64(0.9000000000000001), 10)",houghCircleAlt,0.8291666666666667,45504215.50625,46168169.0
"(np.float64(1.0), 140, 390, np.float64(0.9000000000000001), 15)",houghCircleAlt,0.9229166666666667,43733298.28958333,44169805.0
"(np.float64(1.0), 150, 300, np.float64(0.7), 5)",houghCircleAlt,0.31666666666666665,51746783.91875,53089158.0
"(np.float64(1.0), 150, 300, np.float64(0.7), 10)",houghCircleAlt,0.3625,49653948.69375,50987903.0
"(np.float64(1.0), 150, 300, np.float64(0.7), 15)",houghCircleAlt,0.44375,47736701.8,48662110.5
"(np.float64(1.0), 150, 300, np.float64(0.75), 5)",houghCircleAlt,0.39791666666666664,50903474.28333333,52052508.0
"(np.float64(1.0), 150, 300, np.float64(0.75), 10)",houghCircleAlt,0.45,49430094.75625,50623406.0
"(np.float64(1.0), 150, 300, np.float64(0.75), 15)",houghCircleAlt,0.58125,47997298.03958333,48969518.5
"(np.float64(1.0), 150, 300, np.float64(0.8), 5)",houghCircleAlt,0.5354166666666667,50990207.96875,52358401.5
"(np.float64(1.0), 150, 300, np.float64(0.8), 10)",houghCircleAlt,0.6041666666666666,49519225.69166667,50814625.5
"(np.float64(1.0), 150, 300, np.float64(0.8), 15)",houghCircleAlt,0.7291666666666666,47847314.94583333,48704987.5
"(np.float64(1.0), 150, 300, np.float64(0.8500000000000001), 5)",houghCircleAlt,0.6604166666666667,50140138.10625,51614315.0
"(np.float64(1.0), 150, 300, np.float64(0.8500000000000001), 10)",houghCircleAlt,0.7354166666666667,49412458.5,50777410.5
"(np.float64(1.0), 150, 300, np.float64(0.8500000000000001), 15)",houghCircleAlt,0.8625,48694358.63333333,49814376.5
"(np.float64(1.0), 150, 300, np.float64(0.9000000000000001), 5)",houghCircleAlt,0.76875,50601599.447916664,52002308.5
"(np.float64(1.0), 150, 300, np.float64(0.9000000000000001), 10)",houghCircleAlt,0.8375,49425058.41875,50711472.0
"(np.float64(1.0), 150, 300, np.float64(0.9000000000000001), 15)",houghCircleAlt,0.9270833333333334,49871855.77708333,51016758.5
"(np.float64(1.0), 150, 310, np.float64(0.7), 5)",houghCircleAlt,0.32083333333333336,50705728.52708333,52028788.5
"(np.float64(1.0), 150, 310, np.float64(0.7), 10)",houghCircleAlt,0.36666666666666664,49152104.91875,50288532.5
"(np.float64(1.0), 150, 310, np.float64(0.7), 15)",houghCircleAlt,0.44166666666666665,47610897.21875,48645911.5
"(np.float64(1.0), 150, 310, np.float64(0.75), 5)",houghCircleAlt,0.41041666666666665,50480041.145833336,51944400.5
"(np.float64(1.0), 150, 310, np.float64(0.75), 10)",houghCircleAlt,0.46041666666666664,48382856.75208333,49494699.5
"(np.float64(1.0), 150, 310, np.float64(0.75), 15)",houghCircleAlt,0.5791666666666667,48474138.325,49397021.0
"(np.float64(1.0), 150, 310, np.float64(0.8), 5)",houghCircleAlt,0.54375,50459027.00833333,52037340.0
"(np.float64(1.0), 150, 310, np.float64(0.8), 10)",houghCircleAlt,0.6104166666666667,48630718.28125,49845238.0
"(np.float64(1.0), 150, 310, np.float64(0.8), 15)",houghCircleAlt,0.7291666666666666,47615009.6375,48695054.5
"(np.float64(1.0), 150, 310, np.float64(0.8500000000000001), 5)",houghCircleAlt,0.65625,52735271.78958333,54186191.5
"(np.float64(1.0), 150, 310, np.float64(0.8500000000000001), 10)",houghCircleAlt,0.7354166666666667,49034052.82083333,50268200.0
"(np.float64(1.0), 150, 310, np.float64(0.8500000000000001), 15)",houghCircleAlt,0.8666666666666667,47739781.416666664,48598017.5
"(np.float64(1.0), 150, 310, np.float64(0.9000000000000001), 5)",houghCircleAlt,0.7645833333333333,50616081.34791667,52152936.0
"(np.float64(1.0), 150, 310, np.float64(0.9000000000000001), 10)",houghCircleAlt,0.8375,48787811.00833333,50029082.0
"(np.float64(1.0), 150, 310, np.float64(0.9000000000000001), 15)",houghCircleAlt,0.925,46700763.30416667,47589425.0
"(np.float64(1.0), 150, 320, np.float64(0.7), 5)",houghCircleAlt,0.3333333333333333,51024357.66875,52178915.5
"(np.float64(1.0), 150, 320, np.float64(0.7), 10)",houghCircleAlt,0.3729166666666667,48666177.25,49599797.0
"(np.float64(1.0), 150, 320, np.float64(0.7), 15)",houghCircleAlt,0.4395833333333333,47037295.827083334,47936440.5
"(np.float64(1.0), 150, 320, np.float64(0.75), 5)",houghCircleAlt,0.4270833333333333,50150045.860416666,51516888.5
"(np.float64(1.0), 150, 320, np.float64(0.75), 10)",houghCircleAlt,0.4708333333333333,48820023.43958333,50049336.5
"(np.float64(1.0), 150, 320, np.float64(0.75), 15)",houghCircleAlt,0.5833333333333334,47378962.889583334,48176185.5
"(np.float64(1.0), 150, 320, np.float64(0.8), 5)",houghCircleAlt,0.5541666666666667,52367475.895833336,53771267.0
"(np.float64(1.0), 150, 320, np.float64(0.8), 10)",houghCircleAlt,0.6083333333333333,48923700.49375,49957596.5
"(np.float64(1.0), 150, 320, np.float64(0.8), 15)",houghCircleAlt,0.7291666666666666,47286439.85625,48353113.0
"(np.float64(1.0), 150, 320, np.float64(0.8500000000000001), 5)",houghCircleAlt,0.6583333333333333,49635754.075,50883615.5
"(np.float64(1.0), 150, 320, np.float64(0.8500000000000001), 10)",houghCircleAlt,0.7354166666666667,49569978.733333334,50754638.0
"(np.float64(1.0), 150, 320, np.float64(0.8500000000000001), 15)",houghCircleAlt,0.86875,47394796.99375,48312592.0
"(np.float64(1.0), 150, 320, np.float64(0.9000000000000001), 5)",houghCircleAlt,0.7645833333333333,49950896.266666666,51184169.0
"(np.float64(1.0), 150, 320, np.float64(0.9000000000000001), 10)",houghCircleAlt,0.8375,48564084.833333336,49400608.0
"(np.float64(1.0), 150, 320, np.float64(0.9000000000000001), 15)",houghCircleAlt,0.9270833333333334,47376330.979166664,48157160.0
"(np.float64(1.0), 150, 330, np.float64(0.7), 5)",houghCircleAlt,0.3416666666666667,49941987.56458333,51163536.5
"(np.float64(1.0), 150, 330, np.float64(0.7), 10)",houghCircleAlt,0.35625,48573078.604166664,49710534.5
"(np.float64(1.0), 150, 330, np.float64(0.7), 15)",houghCircleAlt,0.44166666666666665,49446611.7125,50463482.0
"(np.float64(1.0), 150, 330, np.float64(0.75), 5)",houghCircleAlt,0.4375,49813286.11875,51065105.5
"(np.float64(1.0), 150, 330, np.float64(0.75), 10)",houghCircleAlt,0.4625,47736567.27916667,48899317.5
"(np.float64(1.0), 150, 330, np.float64(0.75), 15)",houghCircleAlt,0.5833333333333334,47153927.4125,47882084.0
"(np.float64(1.0), 150, 330, np.float64(0.8), 5)",houghCircleAlt,0.5541666666666667,50663903.99166667,51870216.0
"(np.float64(1.0), 150, 330, np.float64(0.8), 10)",houghCircleAlt,0.60625,48090388.485416666,48960506.0
"(np.float64(1.0), 150, 330, np.float64(0.8), 15)",houghCircleAlt,0.7333333333333333,46861153.69375,47533294.0
"(np.float64(1.0), 150, 330, np.float64(0.8500000000000001), 5)",houghCircleAlt,0.6645833333333333,49977985.583333336,50896428.5
"(np.float64(1.0), 150, 330, np.float64(0.8500000000000001), 10)",houghCircleAlt,0.7333333333333333,48670579.37708333,49742068.5
"(np.float64(1.0), 150, 330, np.float64(0.8500000000000001), 15)",houghCircleAlt,0.8708333333333333,47284116.52291667,48093172.0
"(np.float64(1.0), 150, 330, np.float64(0.9000000000000001), 5)",houghCircleAlt,0.7708333333333334,50572761.70625,51874795.5
"(np.float64(1.0), 150, 330, np.float64(0.9000000000000001), 10)",houghCircleAlt,0.8333333333333334,48491773.41458333,49392016.5
"(np.float64(1.0), 150, 330, np.float64(0.9000000000000001), 15)",houghCircleAlt,0.9291666666666667,46366342.07083333,47110791.5
"(np.float64(1.0), 150, 340, np.float64(0.7), 5)",houghCircleAlt,0.34375,49531013.25625,50578958.0
"(np.float64(1.0), 150, 340, np.float64(0.7), 10)",houghCircleAlt,0.35833333333333334,47962620.81041667,49144612.5
"(np.float64(1.0), 150, 340, np.float64(0.7), 15)",houghCircleAlt,0.44375,47890938.21666667,48611397.5
"(np.float64(1.0), 150, 340, np.float64(0.75), 5)",houghCircleAlt,0.4395833333333333,49307382.795833334,50625045.0
"(np.float64(1.0), 150, 340, np.float64(0.75), 10)",houghCircleAlt,0.46458333333333335,48440639.46666667,49195869.0
"(np.float64(1.0), 150, 340, np.float64(0.75), 15)",houghCircleAlt,0.58125,47095234.53333333,47709645.5
"(np.float64(1.0), 150, 340, np.float64(0.8), 5)",houghCircleAlt,0.55625,49677612.68125,50771600.5
"(np.float64(1.0), 150, 340, np.float64(0.8), 10)",houghCircleAlt,0.6125,49252019.1125,50397548.0
"(np.float64(1.0), 150, 340, np.float64(0.8), 15)",houghCircleAlt,0.7375,46718551.6375,47495223.5
"(np.float64(1.0), 150, 340, np.float64(0.8500000000000001), 5)",houghCircleAlt,0.6666666666666666,48896362.18333333,49915067.5
"(np.float64(1.0), 150, 340, np.float64(0.8500000000000001), 10)",houghCircleAlt,0.7375,48293330.38333333,49218877.0
"(np.float64(1.0), 150, 340, np.float64(0.8500000000000001), 15)",houghCircleAlt,0.86875,46807334.65625,47509204.0
"(np.float64(1.0), 150, 340, np.float64(0.9000000000000001), 5)",houghCircleAlt,0.7729166666666667,50350173.9,51359963.0
"(np.float64(1.0), 150, 340, np.float64(0.9000000000000001), 10)",houghCircleAlt,0.8333333333333334,48181601.75625,48965962.5
"(np.float64(1.0), 150, 340, np.float64(0.9000000000000001), 15)",houghCircleAlt,0.9270833333333334,46982127.325,47670175.0
"(np.float64(1.0), 150, 350, np.float64(0.7), 5)",houghCircleAlt,0.34375,49602904.583333336,50559782.5
"(np.float64(1.0), 150, 350, np.float64(0.7), 10)",houghCircleAlt,0.3541666666666667,48168883.11666667,48949601.0
"(np.float64(1.0), 150, 350, np.float64(0.7), 15)",houghCircleAlt,0.44375,47361238.525,48137152.0
"(np.float64(1.0), 150, 350, np.float64(0.75), 5)",houghCircleAlt,0.44166666666666665,49223096.90625,50155484.0
"(np.float64(1.0), 150, 350, np.float64(0.75), 10)",houghCircleAlt,0.46458333333333335,47193320.49375,48052684.5
"(np.float64(1.0), 150, 350, np.float64(0.75), 15)",houghCircleAlt,0.5770833333333333,46881831.46458333,47385477.0
"(np.float64(1.0), 150, 350, np.float64(0.8), 5)",houghCircleAlt,0.5604166666666667,49241979.45625,50434533.5
"(np.float64(1.0), 150, 350, np.float64(0.8), 10)",houghCircleAlt,0.61875,48340616.56458333,49433019.5
"(np.float64(1.0), 150, 350, np.float64(0.8), 15)",houghCircleAlt,0.7395833333333334,46816421.302083336,47491676.5
"(np.float64(1.0), 150, 350, np.float64(0.8500000000000001), 5)",houghCircleAlt,0.6708333333333333,49261286.80416667,50152278.5
"(np.float64(1.0), 150, 350, np.float64(0.8500000000000001), 10)",houghCircleAlt,0.7375,48261924.329166666,48871094.0
"(np.float64(1.0), 150, 350, np.float64(0.8500000000000001), 15)",houghCircleAlt,0.8666666666666667,46874339.74583333,47645044.0
"(np.float64(1.0), 150, 350, np.float64(0.9000000000000001), 5)",houghCircleAlt,0.7708333333333334,49499787.139583334,50421057.5
"(np.float64(1.0), 150, 350, np.float64(0.9000000000000001), 10)",houghCircleAlt,0.8291666666666667,47916158.93125,48750814.0
"(np.float64(1.0), 150, 350, np.float64(0.9000000000000001), 15)",houghCircleAlt,0.9229166666666667,46101249.00208333,47063242.5
"(np.float64(1.0), 150, 360, np.float64(0.7), 5)",houghCircleAlt,0.3458333333333333,49238560.25625,50243514.0
"(np.float64(1.0), 150, 360, np.float64(0.7), 10)",houghCircleAlt,0.36666666666666664,47613552.858333334,48548524.0
"(np.float64(1.0), 150, 360, np.float64(0.7), 15)",houghCircleAlt,0.44583333333333336,47444459.57083333,48050901.5
"(np.float64(1.0), 150, 360, np.float64(0.75), 5)",houghCircleAlt,0.4354166666666667,49342550.927083336,50262360.0
"(np.float64(1.0), 150, 360, np.float64(0.75), 10)",houghCircleAlt,0.475,48004354.94583333,48820695.0
"(np.float64(1.0), 150, 360, np.float64(0.75), 15)",houghCircleAlt,0.5916666666666667,46851976.0125,47537282.0
"(np.float64(1.0), 150, 360, np.float64(0.8), 5)",houghCircleAlt,0.5541666666666667,49055154.91458333,50102750.0
"(np.float64(1.0), 150, 360, np.float64(0.8), 10)",houghCircleAlt,0.6333333333333333,47911282.052083336,48612168.5
"(np.float64(1.0), 150, 360, np.float64(0.8), 15)",houghCircleAlt,0.7333333333333333,45834681.34791667,46484582.5
"(np.float64(1.0), 150, 360, np.float64(0.8500000000000001), 5)",houghCircleAlt,0.675,49049927.81875,49538146.5
"(np.float64(1.0), 150, 360, np.float64(0.8500000000000001), 10)",houghCircleAlt,0.7395833333333334,48080694.864583336,48591064.0
"(np.float64(1.0), 150, 360, np.float64(0.8500000000000001), 15)",houghCircleAlt,0.8666666666666667,46084103.5,46573995.0
"(np.float64(1.0), 150, 360, np.float64(0.9000000000000001), 5)",houghCircleAlt,0.7645833333333333,49810972.025,50616177.5
"(np.float64(1.0), 150, 360, np.float64(0.9000000000000001), 10)",houghCircleAlt,0.83125,48236103.85,49057635.0
"(np.float64(1.0), 150, 360, np.float64(0.9000000000000001), 15)",houghCircleAlt,0.9208333333333333,46841860.71666667,47310307.0
"(np.float64(1.0), 150, 370, np.float64(0.7), 5)",houghCircleAlt,0.35625,48976721.41458333,49383761.0
"(np.float64(1.0), 150, 370, np.float64(0.7), 10)",houghCircleAlt,0.36666666666666664,47710359.53958333,48293060.5
"(np.float64(1.0), 150, 370, np.float64(0.7), 15)",houghCircleAlt,0.46458333333333335,46379077.43125,46889458.0
"(np.float64(1.0), 150, 370, np.float64(0.75), 5)",houghCircleAlt,0.4375,48146791.225,49023435.0
"(np.float64(1.0), 150, 370, np.float64(0.75), 10)",houghCircleAlt,0.47708333333333336,47622562.09375,48225648.0
"(np.float64(1.0), 150, 370, np.float64(0.75), 15)",houghCircleAlt,0.6,46558513.85625,47026649.0
"(np.float64(1.0), 150, 370, np.float64(0.8), 5)",houghCircleAlt,0.5520833333333334,48573065.079166666,49311084.5
"(np.float64(1.0), 150, 370, np.float64(0.8), 10)",houghCircleAlt,0.61875,48516174.68541667,49057730.0
"(np.float64(1.0), 150, 370, np.float64(0.8), 15)",houghCircleAlt,0.73125,46680815.333333336,47152400.5
"(np.float64(1.0), 150, 370, np.float64(0.8500000000000001), 5)",houghCircleAlt,0.6604166666666667,48908467.96875,49546101.0
"(np.float64(1.0), 150, 370, np.float64(0.8500000000000001), 10)",houghCircleAlt,0.7333333333333333,47866763.37083333,48515592.0
"(np.float64(1.0), 150, 370, np.float64(0.8500000000000001), 15)",houghCircleAlt,0.8645833333333334,46469736.420833334,46818267.5
"(np.float64(1.0), 150, 370, np.float64(0.9000000000000001), 5)",houghCircleAlt,0.7645833333333333,49088209.98125,49990855.0
"(np.float64(1.0), 150, 370, np.float64(0.9000000000000001), 10)",houghCircleAlt,0.8291666666666667,46963524.61666667,47738293.5
"(np.float64(1.0), 150, 370, np.float64(0.9000000000000001), 15)",houghCircleAlt,0.91875,46411536.87708333,47145617.5
"(np.float64(1.0), 150, 380, np.float64(0.7), 5)",houghCircleAlt,0.3458333333333333,48441570.83541667,49077702.5
"(np.float64(1.0), 150, 380, np.float64(0.7), 10)",houghCircleAlt,0.36666666666666664,47062462.42916667,47694888.5
"(np.float64(1.0), 150, 380, np.float64(0.7), 15)",houghCircleAlt,0.45625,47075439.56458333,47685205.5
"(np.float64(1.0), 150, 380, np.float64(0.75), 5)",houghCircleAlt,0.44375,48863088.12708333,49672293.5
"(np.float64(1.0), 150, 380, np.float64(0.75), 10)",houghCircleAlt,0.4708333333333333,47532106.05416667,48357209.5
"(np.float64(1.0), 150, 380, np.float64(0.75), 15)",houghCircleAlt,0.6020833333333333,46488303.03958333,46780477.5
"(np.float64(1.0), 150, 380, np.float64(0.8), 5)",houghCircleAlt,0.5541666666666667,48857070.99791667,49682061.0
"(np.float64(1.0), 150, 380, np.float64(0.8), 10)",houghCircleAlt,0.6125,49684233.05833333,50225936.5
"(np.float64(1.0), 150, 380, np.float64(0.8), 15)",houghCircleAlt,0.7458333333333333,45478411.87291667,45994092.0
"(np.float64(1.0), 150, 380, np.float64(0.8500000000000001), 5)",houghCircleAlt,0.6666666666666666,48582847.485416666,49472048.0
"(np.float64(1.0), 150, 380, np.float64(0.8500000000000001), 10)",houghCircleAlt,0.7333333333333333,47352021.15208333,47807975.0
"(np.float64(1.0), 150, 380, np.float64(0.8500000000000001), 15)",houghCircleAlt,0.8645833333333334,46028743.916666664,46567642.5
"(np.float64(1.0), 150, 380, np.float64(0.9000000000000001), 5)",houghCircleAlt,0.7708333333333334,49414944.00208333,50150359.0
"(np.float64(1.0), 150, 380, np.float64(0.9000000000000001), 10)",houghCircleAlt,0.8333333333333334,48089843.075,48753930.5
"(np.float64(1.0), 150, 380, np.float64(0.9000000000000001), 15)",houghCircleAlt,0.925,46226623.516666666,46660658.0
"(np.float64(1.0), 150, 390, np.float64(0.7), 5)",houghCircleAlt,0.35,48817174.797916666,49432062.0
"(np.float64(1.0), 150, 390, np.float64(0.7), 10)",houghCircleAlt,0.375,47414323.84166667,47818945.5
"(np.float64(1.0), 150, 390, np.float64(0.7), 15)",houghCircleAlt,0.46458333333333335,45400488.18958333,45949639.0
"(np.float64(1.0), 150, 390, np.float64(0.75), 5)",houghCircleAlt,0.45208333333333334,49423050.239583336,50214861.0
"(np.float64(1.0), 150, 390, np.float64(0.75), 10)",houghCircleAlt,0.475,47433118.139583334,48178394.5
"(np.float64(1.0), 150, 390, np.float64(0.75), 15)",houghCircleAlt,0.59375,46220525.952083334,46653489.0
"(np.float64(1.0), 150, 390, np.float64(0.8), 5)",houghCircleAlt,0.5604166666666667,48097300.67916667,48762456.0
"(np.float64(1.0), 150, 390, np.float64(0.8), 10)",houghCircleAlt,0.6125,48069613.733333334,48493290.5
"(np.float64(1.0), 150, 390, np.float64(0.8), 15)",houghCircleAlt,0.7375,46831612.204166666,47250189.0
"(np.float64(1.0), 150, 390, np.float64(0.8500000000000001), 5)",houghCircleAlt,0.6729166666666667,48427071.62916667,49055545.0
"(np.float64(1.0), 150, 390, np.float64(0.8500000000000001), 10)",houghCircleAlt,0.7291666666666666,47245227.385416664,47922094.5
"(np.float64(1.0), 150, 390, np.float64(0.8500000000000001), 15)",houghCircleAlt,0.8625,46098399.52916667,46665902.0
"(np.float64(1.0), 150, 390, np.float64(0.9000000000000001), 5)",houghCircleAlt,0.7729166666666667,47566464.291666664,48484032.0
"(np.float64(1.0), 150, 390, np.float64(0.9000000000000001), 10)",houghCircleAlt,0.8333333333333334,48015619.29375,48600125.5
"(np.float64(1.0), 150, 390, np.float64(0.9000000000000001), 15)",houghCircleAlt,0.9229166666666667,45685933.083333336,46039353.0
"(np.float64(1.0), 160, 300, np.float64(0.7), 5)",houghCircleAlt,0.3375,52422732.422916666,53944718.0
"(np.float64(1.0), 160, 300, np.float64(0.7), 10)",houghCircleAlt,0.39166666666666666,50848788.31875,51913051.5
"(np.float64(1.0), 160, 300, np.float64(0.7), 15)",houghCircleAlt,0.45625,49995013.8125,50989683.5
"(np.float64(1.0), 160, 300, np.float64(0.75), 5)",houghCircleAlt,0.42291666666666666,53078680.95625,54308910.5
"(np.float64(1.0), 160, 300, np.float64(0.75), 10)",houghCircleAlt,0.47291666666666665,50477372.58125,51603930.5
"(np.float64(1.0), 160, 300, np.float64(0.75), 15)",houghCircleAlt,0.6,49047004.87708333,49780947.5
"(np.float64(1.0), 160, 300, np.float64(0.8), 5)",houghCircleAlt,0.5625,52497465.91875,54162682.0
"(np.float64(1.0), 160, 300, np.float64(0.8), 10)",houghCircleAlt,0.625,50005122.11875,51110120.0
"(np.float64(1.0), 160, 300, np.float64(0.8), 15)",houghCircleAlt,0.7458333333333333,50859786.34166667,51714714.0
"(np.float64(1.0), 160, 300, np.float64(0.8500000000000001), 5)",houghCircleAlt,0.6708333333333333,52101233.1625,53811367.5
"(np.float64(1.0), 160, 300, np.float64(0.8500000000000001), 10)",houghCircleAlt,0.7479166666666667,50785901.80625,52187676.5
"(np.float64(1.0), 160, 300, np.float64(0.8500000000000001), 15)",houghCircleAlt,0.86875,48904303.952083334,49984583.5
"(np.float64(1.0), 160, 300, np.float64(0.9000000000000001), 5)",houghCircleAlt,0.775,52873699.983333334,54179282.5
"(np.float64(1.0), 160, 300, np.float64(0.9000000000000001), 10)",houghCircleAlt,0.84375,50717986.63333333,51818309.0
"(np.float64(1.0), 160, 300, np.float64(0.9000000000000001), 15)",houghCircleAlt,0.9291666666666667,49967466.61666667,51003636.0
"(np.float64(1.0), 160, 310, np.float64(0.7), 5)",houghCircleAlt,0.34375,52060399.708333336,53199004.5
"(np.float64(1.0), 160, 310, np.float64(0.7), 10)",houghCircleAlt,0.39166666666666666,50315004.72291667,51308001.0
"(np.float64(1.0), 160, 310, np.float64(0.7), 15)",houghCircleAlt,0.45416666666666666,48085379.85208333,49032717.0
"(np.float64(1.0), 160, 310, np.float64(0.75), 5)",houghCircleAlt,0.4375,54415773.7625,55896797.0
"(np.float64(1.0), 160, 310, np.float64(0.75), 10)",houghCircleAlt,0.48333333333333334,50315489.270833336,51595691.5
"(np.float64(1.0), 160, 310, np.float64(0.75), 15)",houghCircleAlt,0.5958333333333333,48558686.90625,49592503.0
"(np.float64(1.0), 160, 310, np.float64(0.8), 5)",houghCircleAlt,0.5729166666666666,52017090.360416666,53445341.5
"(np.float64(1.0), 160, 310, np.float64(0.8), 10)",houghCircleAlt,0.63125,50884545.958333336,51740332.5
"(np.float64(1.0), 160, 310, np.float64(0.8), 15)",houghCircleAlt,0.7458333333333333,49768195.22291667,50686013.0
"(np.float64(1.0), 160, 310, np.float64(0.8500000000000001), 5)",houghCircleAlt,0.6666666666666666,52122575.270833336,53685885.0
"(np.float64(1.0), 160, 310, np.float64(0.8500000000000001), 10)",houghCircleAlt,0.7479166666666667,50488028.24583333,51935573.5
"(np.float64(1.0), 160, 310, np.float64(0.8500000000000001), 15)",houghCircleAlt,0.8729166666666667,49002595.770833336,49927107.0
"(np.float64(1.0), 160, 310, np.float64(0.9000000000000001), 5)",houghCircleAlt,0.7708333333333334,51135650.25416667,52771576.5
"(np.float64(1.0), 160, 310, np.float64(0.9000000000000001), 10)",houghCircleAlt,0.84375,50131297.28125,51354723.5
"(np.float64(1.0), 160, 310, np.float64(0.9000000000000001), 15)",houghCircleAlt,0.9270833333333334,49850980.39375,50714998.0
"(np.float64(1.0), 160, 320, np.float64(0.7), 5)",houghCircleAlt,0.35625,51342516.735416666,52869491.0
"(np.float64(1.0), 160, 320, np.float64(0.7), 10)",houghCircleAlt,0.39791666666666664,50159826.114583336,51369191.5
"(np.float64(1.0), 160, 320, np.float64(0.7), 15)",houghCircleAlt,0.45625,49469777.34375,50398329.5
"(np.float64(1.0), 160, 320, np.float64(0.75), 5)",houghCircleAlt,0.44583333333333336,52340493.33541667,53242470.0
"(np.float64(1.0), 160, 320, np.float64(0.75), 10)",houghCircleAlt,0.49375,50201152.72083333,51322473.0
"(np.float64(1.0), 160, 320, np.float64(0.75), 15)",houghCircleAlt,0.6,48783675.139583334,49702459.0
"(np.float64(1.0), 160, 320, np.float64(0.8), 5)",houghCircleAlt,0.5770833333333333,51680050.7875,52903104.0
"(np.float64(1.0), 160, 320, np.float64(0.8), 10)",houghCircleAlt,0.6291666666666667,49288795.12083333,50239625.5
"(np.float64(1.0), 160, 320, np.float64(0.8), 15)",houghCircleAlt,0.7479166666666667,48627564.389583334,49476951.0
"(np.float64(1.0), 160, 320, np.float64(0.8500000000000001), 5)",houghCircleAlt,0.66875,52373720.922916666,53667446.0
"(np.float64(1.0), 160, 320, np.float64(0.8500000000000001), 10)",houghCircleAlt,0.75,49743113.53541667,50697190.5
"(np.float64(1.0), 160, 320, np.float64(0.8500000000000001), 15)",houghCircleAlt,0.8770833333333333,48635654.55625,49575576.5
"(np.float64(1.0), 160, 320, np.float64(0.9000000000000001), 5)",houghCircleAlt,0.7708333333333334,52274847.78125,53478117.0
"(np.float64(1.0), 160, 320, np.float64(0.9000000000000001), 10)",houghCircleAlt,0.84375,50508603.25208333,51325559.5
"(np.float64(1.0), 160, 320, np.float64(0.9000000000000001), 15)",houghCircleAlt,0.9291666666666667,48712354.31875,49368407.0
"(np.float64(1.0), 160, 330, np.float64(0.7), 5)",houghCircleAlt,0.36875,51443022.610416666,52635912.5
"(np.float64(1.0), 160, 330, np.float64(0.7), 10)",houghCircleAlt,0.3770833333333333,49934062.68958333,50965134.0
"(np.float64(1.0), 160, 330, np.float64(0.7), 15)",houghCircleAlt,0.46041666666666664,47537595.38125,48189891.0
"(np.float64(1.0), 160, 330, np.float64(0.75), 5)",houghCircleAlt,0.45625,51024980.28125,52440294.5
"(np.float64(1.0), 160, 330, np.float64(0.75), 10)",houghCircleAlt,0.4791666666666667,50689766.30833333,51719979.5
"(np.float64(1.0), 160, 330, np.float64(0.75), 15)",houghCircleAlt,0.6020833333333333,48096236.166666664,49064247.0
"(np.float64(1.0), 160, 330, np.float64(0.8), 5)",houghCircleAlt,0.5770833333333333,51288118.97083333,52507858.0
"(np.float64(1.0), 160, 330, np.float64(0.8), 10)",houghCircleAlt,0.625,50653021.575,51579381.0
"(np.float64(1.0), 160, 330, np.float64(0.8), 15)",houghCircleAlt,0.7541666666666667,48570939.375,49088743.0
"(np.float64(1.0), 160, 330, np.float64(0.8500000000000001), 5)",houghCircleAlt,0.675,52039194.5625,52927614.5
"(np.float64(1.0), 160, 330, np.float64(0.8500000000000001), 10)",houghCircleAlt,0.7479166666666667,49893103.17916667,50704819.5
"(np.float64(1.0), 160, 330, np.float64(0.8500000000000001), 15)",houghCircleAlt,0.88125,47578512.395833336,48251798.5
"(np.float64(1.0), 160, 330, np.float64(0.9000000000000001), 5)",houghCircleAlt,0.775,51266944.833333336,52074919.5
"(np.float64(1.0), 160, 330, np.float64(0.9000000000000001), 10)",houghCircleAlt,0.8395833333333333,49770244.43541667,50815222.5
"(np.float64(1.0), 160, 330, np.float64(0.9000000000000001), 15)",houghCircleAlt,0.93125,49451724.2375,50363981.0
"(np.float64(1.0), 160, 340, np.float64(0.7), 5)",houghCircleAlt,0.36666666666666664,50670086.229166664,51697165.5
"(np.float64(1.0), 160, 340, np.float64(0.7), 10)",houghCircleAlt,0.38333333333333336,49536234.697916664,50733936.0
"(np.float64(1.0), 160, 340, np.float64(0.7), 15)",houghCircleAlt,0.46458333333333335,48260700.44375,48828445.0
"(np.float64(1.0), 160, 340, np.float64(0.75), 5)",houghCircleAlt,0.45625,51695948.95625,52614382.5
"(np.float64(1.0), 160, 340, np.float64(0.75), 10)",houghCircleAlt,0.48125,48851065.60208333,49888021.0
"(np.float64(1.0), 160, 340, np.float64(0.75), 15)",houghCircleAlt,0.6041666666666666,48309194.87708333,49017483.5
"(np.float64(1.0), 160, 340, np.float64(0.8), 5)",houghCircleAlt,0.5729166666666666,51796135.00416667,52763652.5
"(np.float64(1.0), 160, 340, np.float64(0.8), 10)",houghCircleAlt,0.6333333333333333,49788276.489583336,50709418.0
"(np.float64(1.0), 160, 340, np.float64(0.8), 15)",houghCircleAlt,0.7604166666666666,48317127.19166667,49158558.0
"(np.float64(1.0), 160, 340, np.float64(0.8500000000000001), 5)",houghCircleAlt,0.675,51920346.43333333,53244268.5
"(np.float64(1.0), 160, 340, np.float64(0.8500000000000001), 10)",houghCircleAlt,0.7520833333333333,49335084.89791667,50570282.0
"(np.float64(1.0), 160, 340, np.float64(0.8500000000000001), 15)",houghCircleAlt,0.8791666666666667,48227899.483333334,49037238.5
"(np.float64(1.0), 160, 340, np.float64(0.9000000000000001), 5)",houghCircleAlt,0.7791666666666667,50885009.76875,51788768.0
"(np.float64(1.0), 160, 340, np.float64(0.9000000000000001), 10)",houghCircleAlt,0.8416666666666667,48820365.135416664,49600898.5
"(np.float64(1.0), 160, 340, np.float64(0.9000000000000001), 15)",houghCircleAlt,0.9291666666666667,48128036.514583334,48779822.5
"(np.float64(1.0), 160, 350, np.float64(0.7), 5)",houghCircleAlt,0.36875,51467257.36875,52623013.5
"(np.float64(1.0), 160, 350, np.float64(0.7), 10)",houghCircleAlt,0.375,50035466.329166666,50593336.0
"(np.float64(1.0), 160, 350, np.float64(0.7), 15)",houghCircleAlt,0.46875,48066138.35208333,48856055.5
"(np.float64(1.0), 160, 350, np.float64(0.75), 5)",houghCircleAlt,0.45625,50582128.614583336,51733079.0
"(np.float64(1.0), 160, 350, np.float64(0.75), 10)",houghCircleAlt,0.48125,51783479.4375,52517155.0
"(np.float64(1.0), 160, 350, np.float64(0.75), 15)",houghCircleAlt,0.6041666666666666,47832119.27708333,48614483.5
"(np.float64(1.0), 160, 350, np.float64(0.8), 5)",houghCircleAlt,0.5791666666666667,50688393.60208333,51951870.0
"(np.float64(1.0), 160, 350, np.float64(0.8), 10)",houghCircleAlt,0.6416666666666667,49481677.81875,50247246.5
"(np.float64(1.0), 160, 350, np.float64(0.8), 15)",houghCircleAlt,0.7645833333333333,47158176.1875,47769006.0
"(np.float64(1.0), 160, 350, np.float64(0.8500000000000001), 5)",houghCircleAlt,0.68125,50861651.00416667,51907230.5
"(np.float64(1.0), 160, 350, np.float64(0.8500000000000001), 10)",houghCircleAlt,0.7520833333333333,50163528.73125,50978368.0
"(np.float64(1.0), 160, 350, np.float64(0.8500000000000001), 15)",houghCircleAlt,0.8791666666666667,47927039.197916664,48396213.5
"(np.float64(1.0), 160, 350, np.float64(0.9000000000000001), 5)",houghCircleAlt,0.7791666666666667,51409131.16041667,52424245.0
"(np.float64(1.0), 160, 350, np.float64(0.9000000000000001), 10)",houghCircleAlt,0.8375,49258421.3,50098919.5
"(np.float64(1.0), 160, 350, np.float64(0.9000000000000001), 15)",houghCircleAlt,0.925,49018602.3125,49662349.0
"(np.float64(1.0), 160, 360, np.float64(0.7), 5)",houghCircleAlt,0.36041666666666666,49997719.00625,50842893.5
"(np.float64(1.0), 160, 360, np.float64(0.7), 10)",houghCircleAlt,0.38125,49156427.23125,49895777.0
"(np.float64(1.0), 160, 360, np.float64(0.7), 15)",houghCircleAlt,0.4708333333333333,46916162.28958333,47710832.0
"(np.float64(1.0), 160, 360, np.float64(0.75), 5)",houghCircleAlt,0.4479166666666667,50540014.78333333,51404061.0
"(np.float64(1.0), 160, 360, np.float64(0.75), 10)",houghCircleAlt,0.4895833333333333,49001773.96041667,49494749.5
"(np.float64(1.0), 160, 360, np.float64(0.75), 15)",houghCircleAlt,0.6145833333333334,47929886.40625,48553328.5
"(np.float64(1.0), 160, 360, np.float64(0.8), 5)",houghCircleAlt,0.5708333333333333,51029679.70625,51627635.5
"(np.float64(1.0), 160, 360, np.float64(0.8), 10)",houghCircleAlt,0.6541666666666667,49650383.39375,50316647.0
"(np.float64(1.0), 160, 360, np.float64(0.8), 15)",houghCircleAlt,0.7583333333333333,47695654.108333334,48466240.5
"(np.float64(1.0), 160, 360, np.float64(0.8500000000000001), 5)",houghCircleAlt,0.6854166666666667,52869882.96666667,53598423.0
"(np.float64(1.0), 160, 360, np.float64(0.8500000000000001), 10)",houghCircleAlt,0.75625,49019378.08125,49848802.5
"(np.float64(1.0), 160, 360, np.float64(0.8500000000000001), 15)",houghCircleAlt,0.8770833333333333,47796880.225,48634470.5
"(np.float64(1.0), 160, 360, np.float64(0.9000000000000001), 5)",houghCircleAlt,0.7729166666666667,49810517.21458333,50549824.0
"(np.float64(1.0), 160, 360, np.float64(0.9000000000000001), 10)",houghCircleAlt,0.8395833333333333,49358207.36666667,50020451.5
"(np.float64(1.0), 160, 360, np.float64(0.9000000000000001), 15)",houghCircleAlt,0.9229166666666667,47710805.739583336,48245666.0
"(np.float64(1.0), 160, 370, np.float64(0.7), 5)",houghCircleAlt,0.37083333333333335,50325626.84791667,51099524.5
"(np.float64(1.0), 160, 370, np.float64(0.7), 10)",houghCircleAlt,0.38333333333333336,49771110.208333336,50521345.5
"(np.float64(1.0), 160, 370, np.float64(0.7), 15)",houghCircleAlt,0.48541666666666666,48186164.1375,48842350.5
"(np.float64(1.0), 160, 370, np.float64(0.75), 5)",houghCircleAlt,0.45,50146328.43541667,51009560.5
"(np.float64(1.0), 160, 370, np.float64(0.75), 10)",houghCircleAlt,0.49583333333333335,49767094.235416666,50592904.5
"(np.float64(1.0), 160, 370, np.float64(0.75), 15)",houghCircleAlt,0.6208333333333333,47252641.83958333,47826815.5
"(np.float64(1.0), 160, 370, np.float64(0.8), 5)",houghCircleAlt,0.5666666666666667,50215821.114583336,51190786.0
"(np.float64(1.0), 160, 370, np.float64(0.8), 10)",houghCircleAlt,0.6416666666666667,48179834.33125,49010786.5
"(np.float64(1.0), 160, 370, np.float64(0.8), 15)",houghCircleAlt,0.7541666666666667,47674378.28333333,47965560.0
"(np.float64(1.0), 160, 370, np.float64(0.8500000000000001), 5)",houghCircleAlt,0.6729166666666667,50238118.12916667,50934375.0
"(np.float64(1.0), 160, 370, np.float64(0.8500000000000001), 10)",houghCircleAlt,0.75,49024851.725,49613296.5
"(np.float64(1.0), 160, 370, np.float64(0.8500000000000001), 15)",houghCircleAlt,0.875,48441499.2875,48902478.0
"(np.float64(1.0), 160, 370, np.float64(0.9000000000000001), 5)",houghCircleAlt,0.775,50753688.614583336,51483351.5
"(np.float64(1.0), 160, 370, np.float64(0.9000000000000001), 10)",houghCircleAlt,0.8375,48873853.34791667,49338941.0
"(np.float64(1.0), 160, 370, np.float64(0.9000000000000001), 15)",houghCircleAlt,0.9208333333333333,48891566.8,49421126.0
"(np.float64(1.0), 160, 380, np.float64(0.7), 5)",houghCircleAlt,0.3625,49696461.052083336,50309202.5
"(np.float64(1.0), 160, 380, np.float64(0.7), 10)",houghCircleAlt,0.38125,48645926.99791667,49301536.5
"(np.float64(1.0), 160, 380, np.float64(0.7), 15)",houghCircleAlt,0.47708333333333336,46590130.425,47124762.5
"(np.float64(1.0), 160, 380, np.float64(0.75), 5)",houghCircleAlt,0.4583333333333333,50157119.010416664,50873535.5
"(np.float64(1.0), 160, 380, np.float64(0.75), 10)",houghCircleAlt,0.4875,48870313.45,49350814.5
"(np.float64(1.0), 160, 380, np.float64(0.75), 15)",houghCircleAlt,0.6229166666666667,47505238.833333336,47615393.0
"(np.float64(1.0), 160, 380, np.float64(0.8), 5)",houghCircleAlt,0.56875,50726266.58125,51414055.0
"(np.float64(1.0), 160, 380, np.float64(0.8), 10)",houghCircleAlt,0.6270833333333333,49329916.52708333,49601289.5
"(np.float64(1.0), 160, 380, np.float64(0.8), 15)",houghCircleAlt,0.7666666666666667,47355904.916666664,47937248.0
"(np.float64(1.0), 160, 380, np.float64(0.8500000000000001), 5)",houghCircleAlt,0.6770833333333334,50757382.729166664,51515190.5
"(np.float64(1.0), 160, 380, np.float64(0.8500000000000001), 10)",houghCircleAlt,0.7458333333333333,48414007.66458333,49013453.0
"(np.float64(1.0), 160, 380, np.float64(0.8500000000000001), 15)",houghCircleAlt,0.875,47738821.74791667,48111509.5
"(np.float64(1.0), 160, 380, np.float64(0.9000000000000001), 5)",houghCircleAlt,0.7791666666666667,49137718.56041667,49970722.5
"(np.float64(1.0), 160, 380, np.float64(0.9000000000000001), 10)",houghCircleAlt,0.8395833333333333,48992997.954166666,49429541.5
"(np.float64(1.0), 160, 380, np.float64(0.9000000000000001), 15)",houghCircleAlt,0.9270833333333334,47705372.03125,48095860.0
"(np.float64(1.0), 160, 390, np.float64(0.7), 5)",houghCircleAlt,0.36666666666666664,49977761.90833333,50858072.5
"(np.float64(1.0), 160, 390, np.float64(0.7), 10)",houghCircleAlt,0.38958333333333334,49302552.55416667,49602560.5
"(np.float64(1.0), 160, 390, np.float64(0.7), 15)",houghCircleAlt,0.48541666666666666,48222393.958333336,48544812.5
"(np.float64(1.0), 160, 390, np.float64(0.75), 5)",houghCircleAlt,0.4666666666666667,49803379.91458333,50553611.0
"(np.float64(1.0), 160, 390, np.float64(0.75), 10)",houghCircleAlt,0.49166666666666664,48323004.75625,48845005.5
"(np.float64(1.0), 160, 390, np.float64(0.75), 15)",houghCircleAlt,0.6125,48506714.44375,49104747.5
"(np.float64(1.0), 160, 390, np.float64(0.8), 5)",houghCircleAlt,0.5729166666666666,50034236.25,51074172.0
"(np.float64(1.0), 160, 390, np.float64(0.8), 10)",houghCircleAlt,0.625,47835406.70625,48395627.5
"(np.float64(1.0), 160, 390, np.float64(0.8), 15)",houghCircleAlt,0.7541666666666667,47662452.71041667,48175725.0
"(np.float64(1.0), 160, 390, np.float64(0.8500000000000001), 5)",houghCircleAlt,0.68125,49827302.77708333,50606730.0
"(np.float64(1.0), 160, 390, np.float64(0.8500000000000001), 10)",houghCircleAlt,0.7395833333333334,48722833.166666664,49507387.5
"(np.float64(1.0), 160, 390, np.float64(0.8500000000000001), 15)",houghCircleAlt,0.8708333333333333,48018645.95,48559739.0
"(np.float64(1.0), 160, 390, np.float64(0.9000000000000001), 5)",houghCircleAlt,0.78125,50396840.204166666,50772692.5
"(np.float64(1.0), 160, 390, np.float64(0.9000000000000001), 10)",houghCircleAlt,0.8395833333333333,48266732.85,48797486.0
"(np.float64(1.0), 160, 390, np.float64(0.9000000000000001), 15)",houghCircleAlt,0.925,46804640.675,47482990.0
"(np.float64(1.0), 170, 300, np.float64(0.7), 5)",houghCircleAlt,0.3458333333333333,56113118.27291667,57606362.0
"(np.float64(1.0), 170, 300, np.float64(0.7), 10)",houghCircleAlt,0.41041666666666665,52165643.108333334,53295775.5
"(np.float64(1.0), 170, 300, np.float64(0.7), 15)",houghCircleAlt,0.475,49918537.770833336,50787138.5
"(np.float64(1.0), 170, 300, np.float64(0.75), 5)",houghCircleAlt,0.43333333333333335,53724176.65,55120363.5
"(np.float64(1.0), 170, 300, np.float64(0.75), 10)",houghCircleAlt,0.49166666666666664,52060610.87916667,53199379.0
"(np.float64(1.0), 170, 300, np.float64(0.75), 15)",houghCircleAlt,0.6104166666666667,50690770.25208333,51582899.0
"(np.float64(1.0), 170, 300, np.float64(0.8), 5)",houghCircleAlt,0.5625,54237562.69375,55548131.5
"(np.float64(1.0), 170, 300, np.float64(0.8), 10)",houghCircleAlt,0.6395833333333333,52548683.03333333,53692099.0
"(np.float64(1.0), 170, 300, np.float64(0.8), 15)",houghCircleAlt,0.7583333333333333,50317294.829166666,51449121.0
"(np.float64(1.0), 170, 300, np.float64(0.8500000000000001), 5)",houghCircleAlt,0.6708333333333333,53242241.27916667,54829498.0
"(np.float64(1.0), 170, 300, np.float64(0.8500000000000001), 10)",houghCircleAlt,0.7541666666666667,52667686.03125,54100219.5
"(np.float64(1.0), 170, 300, np.float64(0.8500000000000001), 15)",houghCircleAlt,0.875,50637165.020833336,51649247.0
"(np.float64(1.0), 170, 300, np.float64(0.9000000000000001), 5)",houghCircleAlt,0.7729166666666667,52549994.825,53658544.5
"(np.float64(1.0), 170, 300, np.float64(0.9000000000000001), 10)",houghCircleAlt,0.84375,52067791.55,53104246.5
"(np.float64(1.0), 170, 300, np.float64(0.9000000000000001), 15)",houghCircleAlt,0.93125,50626390.32083333,51491851.5
"(np.float64(1.0), 170, 310, np.float64(0.7), 5)",houghCircleAlt,0.35,53360707.10625,54767551.5
"(np.float64(1.0), 170, 310, np.float64(0.7), 10)",houghCircleAlt,0.41041666666666665,52452791.71875,53428544.5
"(np.float64(1.0), 170, 310, np.float64(0.7), 15)",houghCircleAlt,0.47291666666666665,50937767.3125,51550625.5
"(np.float64(1.0), 170, 310, np.float64(0.75), 5)",houghCircleAlt,0.44583333333333336,53153107.16458333,54691724.5
"(np.float64(1.0), 170, 310, np.float64(0.75), 10)",houghCircleAlt,0.5,51371209.88125,52412343.5
"(np.float64(1.0), 170, 310, np.float64(0.75), 15)",houghCircleAlt,0.6083333333333333,50961053.454166666,52073617.5
"(np.float64(1.0), 170, 310, np.float64(0.8), 5)",houghCircleAlt,0.5729166666666666,53240911.3125,54685054.0
"(np.float64(1.0), 170, 310, np.float64(0.8), 10)",houghCircleAlt,0.6458333333333334,50752929.99375,51664875.5
"(np.float64(1.0), 170, 310, np.float64(0.8), 15)",houghCircleAlt,0.7583333333333333,50220131.45625,51187570.5
"(np.float64(1.0), 170, 310, np.float64(0.8500000000000001), 5)",houghCircleAlt,0.6666666666666666,53276813.05416667,54682556.5
"(np.float64(1.0), 170, 310, np.float64(0.8500000000000001), 10)",houghCircleAlt,0.7541666666666667,51831897.18541667,52961492.5
"(np.float64(1.0), 170, 310, np.float64(0.8500000000000001), 15)",houghCircleAlt,0.8791666666666667,50889000.70625,51758581.0
"(np.float64(1.0), 170, 310, np.float64(0.9000000000000001), 5)",houghCircleAlt,0.7666666666666667,53663135.141666666,55112783.5
"(np.float64(1.0), 170, 310, np.float64(0.9000000000000001), 10)",houghCircleAlt,0.8458333333333333,51640120.78541667,52682438.5
"(np.float64(1.0), 170, 310, np.float64(0.9000000000000001), 15)",houghCircleAlt,0.9291666666666667,49957398.947916664,50817065.5
"(np.float64(1.0), 170, 320, np.float64(0.7), 5)",houghCircleAlt,0.3645833333333333,53860335.52916667,55188331.0
"(np.float64(1.0), 170, 320, np.float64(0.7), 10)",houghCircleAlt,0.42083333333333334,51633939.270833336,52491130.0
"(np.float64(1.0), 170, 320, np.float64(0.7), 15)",houghCircleAlt,0.475,49070657.264583334,49562506.5
"(np.float64(1.0), 170, 320, np.float64(0.75), 5)",houghCircleAlt,0.4583333333333333,52822194.510416664,54140049.5
"(np.float64(1.0), 170, 320, np.float64(0.75), 10)",houghCircleAlt,0.5125,51682635.22083333,52645714.5
"(np.float64(1.0), 170, 320, np.float64(0.75), 15)",houghCircleAlt,0.6104166666666667,50225196.645833336,51084842.5
"(np.float64(1.0), 170, 320, np.float64(0.8), 5)",houghCircleAlt,0.58125,53047764.5625,54232938.0
"(np.float64(1.0), 170, 320, np.float64(0.8), 10)",houghCircleAlt,0.6416666666666667,51536593.422916666,52741504.0
"(np.float64(1.0), 170, 320, np.float64(0.8), 15)",houghCircleAlt,0.7583333333333333,50718393.077083334,51387275.0
"(np.float64(1.0), 170, 320, np.float64(0.8500000000000001), 5)",houghCircleAlt,0.6708333333333333,52633993.81666667,53988861.0
"(np.float64(1.0), 170, 320, np.float64(0.8500000000000001), 10)",houghCircleAlt,0.75625,50654203.46041667,51547370.0
"(np.float64(1.0), 170, 320, np.float64(0.8500000000000001), 15)",houghCircleAlt,0.8833333333333333,52933097.114583336,54039561.0
"(np.float64(1.0), 170, 320, np.float64(0.9000000000000001), 5)",houghCircleAlt,0.7666666666666667,52983886.295833334,54252500.5
"(np.float64(1.0), 170, 320, np.float64(0.9000000000000001), 10)",houghCircleAlt,0.8458333333333333,51443177.84166667,52496255.5
"(np.float64(1.0), 170, 320, np.float64(0.9000000000000001), 15)",houghCircleAlt,0.93125,50122468.579166666,50785091.0
"(np.float64(1.0), 170, 330, np.float64(0.7), 5)",houghCircleAlt,0.3729166666666667,52438913.9625,53496242.0
"(np.float64(1.0), 170, 330, np.float64(0.7), 10)",houghCircleAlt,0.40625,51345133.35,52326536.5
"(np.float64(1.0), 170, 330, np.float64(0.7), 15)",houghCircleAlt,0.475,50360624.3875,51050610.5
"(np.float64(1.0), 170, 330, np.float64(0.75), 5)",houghCircleAlt,0.4625,52501488.677083336,53840542.5
"(np.float64(1.0), 170, 330, np.float64(0.75), 10)",houghCircleAlt,0.5041666666666667,50726569.72708333,51473903.0
"(np.float64(1.0), 170, 330, np.float64(0.75), 15)",houghCircleAlt,0.6104166666666667,48703139.333333336,49511953.0
"(np.float64(1.0), 170, 330, np.float64(0.8), 5)",houghCircleAlt,0.5833333333333334,55269823.802083336,56580618.0
"(np.float64(1.0), 170, 330, np.float64(0.8), 10)",houghCircleAlt,0.6416666666666667,51162139.69375,52396994.5
"(np.float64(1.0), 170, 330, np.float64(0.8), 15)",houghCircleAlt,0.7625,49744955.577083334,50643069.5
"(np.float64(1.0), 170, 330, np.float64(0.8500000000000001), 5)",houghCircleAlt,0.6770833333333334,52768742.735416666,54010345.5
"(np.float64(1.0), 170, 330, np.float64(0.8500000000000001), 10)",houghCircleAlt,0.75625,51138888.764583334,51938874.0
"(np.float64(1.0), 170, 330, np.float64(0.8500000000000001), 15)",houghCircleAlt,0.8875,50560776.954166666,51093535.5
"(np.float64(1.0), 170, 330, np.float64(0.9000000000000001), 5)",houghCircleAlt,0.7729166666666667,52928637.0875,54063521.0
"(np.float64(1.0), 170, 330, np.float64(0.9000000000000001), 10)",houghCircleAlt,0.8416666666666667,51159469.47708333,52322925.0
"(np.float64(1.0), 170, 330, np.float64(0.9000000000000001), 15)",houghCircleAlt,0.9333333333333333,49069321.922916666,49721069.0
"(np.float64(1.0), 170, 340, np.float64(0.7), 5)",houghCircleAlt,0.37083333333333335,51459354.3,52462967.5
"(np.float64(1.0), 170, 340, np.float64(0.7), 10)",houghCircleAlt,0.4125,50930664.16458333,51823422.5
"(np.float64(1.0), 170, 340, np.float64(0.7), 15)",houghCircleAlt,0.47708333333333336,50618329.9,51386683.0
"(np.float64(1.0), 170, 340, np.float64(0.75), 5)",houghCircleAlt,0.46458333333333335,52248503.08541667,53221285.5
"(np.float64(1.0), 170, 340, np.float64(0.75), 10)",houghCircleAlt,0.5020833333333333,51221183.03958333,52063167.5
"(np.float64(1.0), 170, 340, np.float64(0.75), 15)",houghCircleAlt,0.6104166666666667,49674611.760416664,50252621.0
"(np.float64(1.0), 170, 340, np.float64(0.8), 5)",houghCircleAlt,0.58125,52992301.604166664,53999149.5
"(np.float64(1.0), 170, 340, np.float64(0.8), 10)",houghCircleAlt,0.6479166666666667,51131961.54375,51828598.5
"(np.float64(1.0), 170, 340, np.float64(0.8), 15)",houghCircleAlt,0.7666666666666667,49569218.06458333,50256744.5
"(np.float64(1.0), 170, 340, np.float64(0.8500000000000001), 5)",houghCircleAlt,0.6770833333333334,52010663.25,53105098.0
"(np.float64(1.0), 170, 340, np.float64(0.8500000000000001), 10)",houghCircleAlt,0.7583333333333333,50013519.389583334,51087793.5
"(np.float64(1.0), 170, 340, np.float64(0.8500000000000001), 15)",houghCircleAlt,0.8875,49552081.2625,50324947.0
"(np.float64(1.0), 170, 340, np.float64(0.9000000000000001), 5)",houghCircleAlt,0.7770833333333333,53311736.925,54489565.5
"(np.float64(1.0), 170, 340, np.float64(0.9000000000000001), 10)",houghCircleAlt,0.84375,50781363.6125,51418003.0
"(np.float64(1.0), 170, 340, np.float64(0.9000000000000001), 15)",houghCircleAlt,0.93125,49892198.59583333,50330187.0
"(np.float64(1.0), 170, 350, np.float64(0.7), 5)",houghCircleAlt,0.375,52121242.56458333,52853425.5
"(np.float64(1.0), 170, 350, np.float64(0.7), 10)",houghCircleAlt,0.4041666666666667,50565402.93958333,51164998.5
"(np.float64(1.0), 170, 350, np.float64(0.7), 15)",houghCircleAlt,0.48125,50039319.75833333,50701793.0
"(np.float64(1.0), 170, 350, np.float64(0.75), 5)",houghCircleAlt,0.4666666666666667,52153619.510416664,53343940.5
"(np.float64(1.0), 170, 350, np.float64(0.75), 10)",houghCircleAlt,0.5041666666666667,50371489.25208333,51101598.5
"(np.float64(1.0), 170, 350, np.float64(0.75), 15)",houghCircleAlt,0.6083333333333333,48361746.733333334,49161534.0
"(np.float64(1.0), 170, 350, np.float64(0.8), 5)",houghCircleAlt,0.5916666666666667,51988956.1625,53194740.5
"(np.float64(1.0), 170, 350, np.float64(0.8), 10)",houghCircleAlt,0.6604166666666667,51563960.02291667,52515601.0
"(np.float64(1.0), 170, 350, np.float64(0.8), 15)",houghCircleAlt,0.7708333333333334,49512811.65,49942013.5
"(np.float64(1.0), 170, 350, np.float64(0.8500000000000001), 5)",houghCircleAlt,0.6854166666666667,52309937.3875,53159634.5
"(np.float64(1.0), 170, 350, np.float64(0.8500000000000001), 10)",houghCircleAlt,0.7625,50833401.12708333,51657421.5
"(np.float64(1.0), 170, 350, np.float64(0.8500000000000001), 15)",houghCircleAlt,0.8875,50211300.077083334,50782895.5
"(np.float64(1.0), 170, 350, np.float64(0.9000000000000001), 5)",houghCircleAlt,0.7770833333333333,51996850.891666666,52854777.5
"(np.float64(1.0), 170, 350, np.float64(0.9000000000000001), 10)",houghCircleAlt,0.8416666666666667,51057087.458333336,52102021.0
"(np.float64(1.0), 170, 350, np.float64(0.9000000000000001), 15)",houghCircleAlt,0.9270833333333334,49243893.65,49777614.5
"(np.float64(1.0), 170, 360, np.float64(0.7), 5)",houghCircleAlt,0.3729166666666667,50691167.833333336,51738784.5
"(np.float64(1.0), 170, 360, np.float64(0.7), 10)",houghCircleAlt,0.41041666666666665,50681385.49166667,51530113.5
"(np.float64(1.0), 170, 360, np.float64(0.7), 15)",houghCircleAlt,0.48333333333333334,50253765.74791667,50984569.0
"(np.float64(1.0), 170, 360, np.float64(0.75), 5)",houghCircleAlt,0.46041666666666664,51725200.59375,52572728.5
"(np.float64(1.0), 170, 360, np.float64(0.75), 10)",houghCircleAlt,0.5125,50724963.97291667,51373875.0
"(np.float64(1.0), 170, 360, np.float64(0.75), 15)",houghCircleAlt,0.6229166666666667,49415334.75833333,49987303.5
"(np.float64(1.0), 170, 360, np.float64(0.8), 5)",houghCircleAlt,0.5833333333333334,52390151.82083333,53184366.0
"(np.float64(1.0), 170, 360, np.float64(0.8), 10)",houghCircleAlt,0.6729166666666667,50389045.29375,51316222.0
"(np.float64(1.0), 170, 360, np.float64(0.8), 15)",houghCircleAlt,0.7666666666666667,49325704.77708333,50128433.0
"(np.float64(1.0), 170, 360, np.float64(0.8500000000000001), 5)",houghCircleAlt,0.6895833333333333,51517554.858333334,52413386.0
"(np.float64(1.0), 170, 360, np.float64(0.8500000000000001), 10)",houghCircleAlt,0.7645833333333333,49537603.92916667,50527717.5
"(np.float64(1.0), 170, 360, np.float64(0.8500000000000001), 15)",houghCircleAlt,0.8833333333333333,49401991.3125,49910809.5
"(np.float64(1.0), 170, 360, np.float64(0.9000000000000001), 5)",houghCircleAlt,0.7708333333333334,52733045.55625,53640992.0
"(np.float64(1.0), 170, 360, np.float64(0.9000000000000001), 10)",houghCircleAlt,0.84375,50534014.364583336,51045764.5
"(np.float64(1.0), 170, 360, np.float64(0.9000000000000001), 15)",houghCircleAlt,0.925,49399397.4625,49761710.0
"(np.float64(1.0), 170, 370, np.float64(0.7), 5)",houghCircleAlt,0.3854166666666667,51520655.708333336,52051191.5
"(np.float64(1.0), 170, 370, np.float64(0.7), 10)",houghCircleAlt,0.41041666666666665,50980166.47291667,51606000.0
"(np.float64(1.0), 170, 370, np.float64(0.7), 15)",houghCircleAlt,0.49583333333333335,49129137.516666666,49678784.5
"(np.float64(1.0), 170, 370, np.float64(0.75), 5)",houghCircleAlt,0.4666666666666667,51652425.37916667,52785062.0
"(np.float64(1.0), 170, 370, np.float64(0.75), 10)",houghCircleAlt,0.5125,50135407.41875,50513921.0
"(np.float64(1.0), 170, 370, np.float64(0.75), 15)",houghCircleAlt,0.6270833333333333,48346935.14791667,48949205.5
"(np.float64(1.0), 170, 370, np.float64(0.8), 5)",houghCircleAlt,0.5833333333333334,51384953.09375,52393051.5
"(np.float64(1.0), 170, 370, np.float64(0.8), 10)",houghCircleAlt,0.65625,51157021.63333333,51940292.5
"(np.float64(1.0), 170, 370, np.float64(0.8), 15)",houghCircleAlt,0.7604166666666666,49245014.50208333,49683729.5
"(np.float64(1.0), 170, 370, np.float64(0.8500000000000001), 5)",houghCircleAlt,0.68125,51620815.541666664,52363566.5
"(np.float64(1.0), 170, 370, np.float64(0.8500000000000001), 10)",houghCircleAlt,0.7583333333333333,50516621.50833333,51257065.5
"(np.float64(1.0), 170, 370, np.float64(0.8500000000000001), 15)",houghCircleAlt,0.88125,48932002.458333336,49177118.5
"(np.float64(1.0), 170, 370, np.float64(0.9000000000000001), 5)",houghCircleAlt,0.7729166666666667,52170316.5625,52891437.0
"(np.float64(1.0), 170, 370, np.float64(0.9000000000000001), 10)",houghCircleAlt,0.8395833333333333,50232397.858333334,51076311.5
"(np.float64(1.0), 170, 370, np.float64(0.9000000000000001), 15)",houghCircleAlt,0.9229166666666667,48698774.24583333,49351219.5
"(np.float64(1.0), 170, 380, np.float64(0.7), 5)",houghCircleAlt,0.37083333333333335,50409088.65833333,51202032.0
"(np.float64(1.0), 170, 380, np.float64(0.7), 10)",houghCircleAlt,0.4041666666666667,50031320.94375,50766641.5
"(np.float64(1.0), 170, 380, np.float64(0.7), 15)",houghCircleAlt,0.4895833333333333,48853706.704166666,49233859.5
"(np.float64(1.0), 170, 380, np.float64(0.75), 5)",houghCircleAlt,0.46458333333333335,52221931.73125,53070242.0
"(np.float64(1.0), 170, 380, np.float64(0.75), 10)",houghCircleAlt,0.5020833333333333,50107305.03958333,50540431.5
"(np.float64(1.0), 170, 380, np.float64(0.75), 15)",houghCircleAlt,0.6333333333333333,48836206.68333333,49445392.0
"(np.float64(1.0), 170, 380, np.float64(0.8), 5)",houghCircleAlt,0.5833333333333334,51321269.81041667,52124868.5
"(np.float64(1.0), 170, 380, np.float64(0.8), 10)",houghCircleAlt,0.64375,49920188.3375,50322181.5
"(np.float64(1.0), 170, 380, np.float64(0.8), 15)",houghCircleAlt,0.775,49469761.675,50060465.0
"(np.float64(1.0), 170, 380, np.float64(0.8500000000000001), 5)",houghCircleAlt,0.6854166666666667,50882769.90208333,51419375.0
"(np.float64(1.0), 170, 380, np.float64(0.8500000000000001), 10)",houghCircleAlt,0.7541666666666667,49193124.7,49814543.5
"(np.float64(1.0), 170, 380, np.float64(0.8500000000000001), 15)",houghCircleAlt,0.88125,49096368.88333333,49296417.0
"(np.float64(1.0), 170, 380, np.float64(0.9000000000000001), 5)",houghCircleAlt,0.7770833333333333,51416381.75,51993498.0
"(np.float64(1.0), 170, 380, np.float64(0.9000000000000001), 10)",houghCircleAlt,0.8395833333333333,51373393.83958333,51870631.5
"(np.float64(1.0), 170, 380, np.float64(0.9000000000000001), 15)",houghCircleAlt,0.9291666666666667,48897375.75,49546631.5
"(np.float64(1.0), 170, 390, np.float64(0.7), 5)",houghCircleAlt,0.36666666666666664,51244515.02291667,51807728.5
"(np.float64(1.0), 170, 390, np.float64(0.7), 10)",houghCircleAlt,0.4166666666666667,49788010.485416666,50211344.0
"(np.float64(1.0), 170, 390, np.float64(0.7), 15)",houghCircleAlt,0.5,48738632.18333333,49105582.5
"(np.float64(1.0), 170, 390, np.float64(0.75), 5)",houghCircleAlt,0.46458333333333335,51684030.27291667,52361366.5
"(np.float64(1.0), 170, 390, np.float64(0.75), 10)",houghCircleAlt,0.50625,49553756.09375,50162989.5
"(np.float64(1.0), 170, 390, np.float64(0.75), 15)",houghCircleAlt,0.6270833333333333,47999826.84791667,48260334.0
"(np.float64(1.0), 170, 390, np.float64(0.8), 5)",houghCircleAlt,0.5854166666666667,51310763.9125,52202164.0
"(np.float64(1.0), 170, 390, np.float64(0.8), 10)",houghCircleAlt,0.6395833333333333,49821837.6625,50564146.0
"(np.float64(1.0), 170, 390, np.float64(0.8), 15)",houghCircleAlt,0.76875,48884329.7625,49266190.5
"(np.float64(1.0), 170, 390, np.float64(0.8500000000000001), 5)",houghCircleAlt,0.6875,53510719.03541667,54063636.0
"(np.float64(1.0), 170, 390, np.float64(0.8500000000000001), 10)",houghCircleAlt,0.7458333333333333,50016896.202083334,50597802.5
"(np.float64(1.0), 170, 390, np.float64(0.8500000000000001), 15)",houghCircleAlt,0.8791666666666667,48535446.03125,48849920.0
"(np.float64(1.0), 170, 390, np.float64(0.9000000000000001), 5)",houghCircleAlt,0.7791666666666667,51065768.69375,51896460.0
"(np.float64(1.0), 170, 390, np.float64(0.9000000000000001), 10)",houghCircleAlt,0.8395833333333333,50458578.45,51154303.0
"(np.float64(1.0), 170, 390, np.float64(0.9000000000000001), 15)",houghCircleAlt,0.9270833333333334,48162859.4625,48466184.5
"(np.float64(1.0), 180, 300, np.float64(0.7), 5)",houghCircleAlt,0.35208333333333336,53953055.235416666,55171629.0
"(np.float64(1.0), 180, 300, np.float64(0.7), 10)",houghCircleAlt,0.41875,53340409.53541667,54720793.5
"(np.float64(1.0), 180, 300, np.float64(0.7), 15)",houghCircleAlt,0.4875,51761250.916666664,52722700.5
"(np.float64(1.0), 180, 300, np.float64(0.75), 5)",houghCircleAlt,0.44375,55237859.177083336,56506934.5
"(np.float64(1.0), 180, 300, np.float64(0.75), 10)",houghCircleAlt,0.5041666666666667,53540461.145833336,54661206.0
"(np.float64(1.0), 180, 300, np.float64(0.75), 15)",houghCircleAlt,0.6229166666666667,54542766.91875,55599271.0
"(np.float64(1.0), 180, 300, np.float64(0.8), 5)",houghCircleAlt,0.58125,54842866.425,56523386.0
"(np.float64(1.0), 180, 300, np.float64(0.8), 10)",houghCircleAlt,0.6541666666666667,53541505.697916664,54938496.5
"(np.float64(1.0), 180, 300, np.float64(0.8), 15)",houghCircleAlt,0.76875,52663290.69166667,53622228.0
"(np.float64(1.0), 180, 300, np.float64(0.8500000000000001), 5)",houghCircleAlt,0.68125,54563448.46041667,56008870.0
"(np.float64(1.0), 180, 300, np.float64(0.8500000000000001), 10)",houghCircleAlt,0.7645833333333333,52413892.6125,53465824.0
"(np.float64(1.0), 180, 300, np.float64(0.8500000000000001), 15)",houghCircleAlt,0.875,51858124.57083333,52772423.5
"(np.float64(1.0), 180, 300, np.float64(0.9000000000000001), 5)",houghCircleAlt,0.7791666666666667,54829437.99791667,56471794.0
"(np.float64(1.0), 180, 300, np.float64(0.9000000000000001), 10)",houghCircleAlt,0.85,53412797.33958333,54648969.0
"(np.float64(1.0), 180, 300, np.float64(0.9000000000000001), 15)",houghCircleAlt,0.93125,51813254.575,52641728.0
"(np.float64(1.0), 180, 310, np.float64(0.7), 5)",houghCircleAlt,0.3645833333333333,55484502.68125,56982947.0
"(np.float64(1.0), 180, 310, np.float64(0.7), 10)",houghCircleAlt,0.42291666666666666,52932431.825,54158614.0
"(np.float64(1.0), 180, 310, np.float64(0.7), 15)",houghCircleAlt,0.4895833333333333,51566979.9375,52349465.0
"(np.float64(1.0), 180, 310, np.float64(0.75), 5)",houghCircleAlt,0.4583333333333333,55198423.989583336,56340217.0
"(np.float64(1.0), 180, 310, np.float64(0.75), 10)",houghCircleAlt,0.5145833333333333,52532098.06041667,53557415.5
"(np.float64(1.0), 180, 310, np.float64(0.75), 15)",houghCircleAlt,0.625,50808611.225,51547200.0
"(np.float64(1.0), 180, 310, np.float64(0.8), 5)",houghCircleAlt,0.5895833333333333,54647728.7625,56074568.5
"(np.float64(1.0), 180, 310, np.float64(0.8), 10)",houghCircleAlt,0.6625,53122514.43541667,54169279.0
"(np.float64(1.0), 180, 310, np.float64(0.8), 15)",houghCircleAlt,0.7708333333333334,51727464.860416666,52377081.0
"(np.float64(1.0), 180, 310, np.float64(0.8500000000000001), 5)",houghCircleAlt,0.675,54789895.33958333,56082108.0
"(np.float64(1.0), 180, 310, np.float64(0.8500000000000001), 10)",houghCircleAlt,0.7645833333333333,53912838.45625,55074602.5
"(np.float64(1.0), 180, 310, np.float64(0.8500000000000001), 15)",houghCircleAlt,0.88125,51372372.12083333,52245048.5
"(np.float64(1.0), 180, 310, np.float64(0.9000000000000001), 5)",houghCircleAlt,0.7708333333333334,54585420.83541667,55981784.5
"(np.float64(1.0), 180, 310, np.float64(0.9000000000000001), 10)",houghCircleAlt,0.8520833333333333,53847701.88125,54894279.5
"(np.float64(1.0), 180, 310, np.float64(0.9000000000000001), 15)",houghCircleAlt,0.93125,50990761.22708333,51945241.5
"(np.float64(1.0), 180, 320, np.float64(0.7), 5)",houghCircleAlt,0.38125,53410962.81041667,54461781.5
"(np.float64(1.0), 180, 320, np.float64(0.7), 10)",houghCircleAlt,0.4354166666666667,52848604.889583334,53980315.0
"(np.float64(1.0), 180, 320, np.float64(0.7), 15)",houghCircleAlt,0.49583333333333335,51256083.510416664,51964618.5
"(np.float64(1.0), 180, 320, np.float64(0.75), 5)",houghCircleAlt,0.46875,54339887.708333336,55586719.0
"(np.float64(1.0), 180, 320, np.float64(0.75), 10)",houghCircleAlt,0.525,52777681.60625,53648758.0
"(np.float64(1.0), 180, 320, np.float64(0.75), 15)",houghCircleAlt,0.6291666666666667,51142364.86875,52053224.0
"(np.float64(1.0), 180, 320, np.float64(0.8), 5)",houghCircleAlt,0.5916666666666667,54956496.69375,56096865.5
"(np.float64(1.0), 180, 320, np.float64(0.8), 10)",houghCircleAlt,0.6541666666666667,52628167.74583333,53773311.0
"(np.float64(1.0), 180, 320, np.float64(0.8), 15)",houghCircleAlt,0.7708333333333334,52037579.329166666,52840305.5
"(np.float64(1.0), 180, 320, np.float64(0.8500000000000001), 5)",houghCircleAlt,0.6791666666666667,53721603.03541667,55109137.0
"(np.float64(1.0), 180, 320, np.float64(0.8500000000000001), 10)",houghCircleAlt,0.7666666666666667,51624801.85208333,52762636.0
"(np.float64(1.0), 180, 320, np.float64(0.8500000000000001), 15)",houghCircleAlt,0.8875,51450125.92916667,52196854.0
"(np.float64(1.0), 180, 320, np.float64(0.9000000000000001), 5)",houghCircleAlt,0.7708333333333334,54219303.014583334,55206685.0
"(np.float64(1.0), 180, 320, np.float64(0.9000000000000001), 10)",houghCircleAlt,0.8520833333333333,52942880.99583333,54076249.5
"(np.float64(1.0), 180, 320, np.float64(0.9000000000000001), 15)",houghCircleAlt,0.9333333333333333,51284457.22291667,51945396.5
"(np.float64(1.0), 180, 330, np.float64(0.7), 5)",houghCircleAlt,0.39166666666666666,53607189.8125,54674030.5
"(np.float64(1.0), 180, 330, np.float64(0.7), 10)",houghCircleAlt,0.41875,53535443.875,54600604.5
"(np.float64(1.0), 180, 330, np.float64(0.7), 15)",houghCircleAlt,0.4979166666666667,50964029.77916667,51876963.0
"(np.float64(1.0), 180, 330, np.float64(0.75), 5)",houghCircleAlt,0.475,54780021.74583333,55866618.5
"(np.float64(1.0), 180, 330, np.float64(0.75), 10)",houghCircleAlt,0.5166666666666667,52182752.297916666,53249819.0
"(np.float64(1.0), 180, 330, np.float64(0.75), 15)",houghCircleAlt,0.6229166666666667,50154075.52916667,51107039.5
"(np.float64(1.0), 180, 330, np.float64(0.8), 5)",houghCircleAlt,0.59375,53898760.31458333,55075775.0
"(np.float64(1.0), 180, 330, np.float64(0.8), 10)",houghCircleAlt,0.6541666666666667,52685315.260416664,53647766.0
"(np.float64(1.0), 180, 330, np.float64(0.8), 15)",houghCircleAlt,0.7708333333333334,51182511.49583333,51924447.5
"(np.float64(1.0), 180, 330, np.float64(0.8500000000000001), 5)",houghCircleAlt,0.6854166666666667,53987469.725,55152819.0
"(np.float64(1.0), 180, 330, np.float64(0.8500000000000001), 10)",houghCircleAlt,0.7666666666666667,52310669.3625,53278548.0
"(np.float64(1.0), 180, 330, np.float64(0.8500000000000001), 15)",houghCircleAlt,0.8916666666666667,51077859.61666667,51883270.0
"(np.float64(1.0), 180, 330, np.float64(0.9000000000000001), 5)",houghCircleAlt,0.7770833333333333,54811452.795833334,56274885.5
"(np.float64(1.0), 180, 330, np.float64(0.9000000000000001), 10)",houghCircleAlt,0.8479166666666667,53407642.18125,54382494.0
"(np.float64(1.0), 180, 330, np.float64(0.9000000000000001), 15)",houghCircleAlt,0.9354166666666667,50742143.2875,51402598.5
"(np.float64(1.0), 180, 340, np.float64(0.7), 5)",houghCircleAlt,0.3875,52933213.19583333,53905965.5
"(np.float64(1.0), 180, 340, np.float64(0.7), 10)",houghCircleAlt,0.4270833333333333,52270673.81458333,53238157.5
"(np.float64(1.0), 180, 340, np.float64(0.7), 15)",houghCircleAlt,0.5,50963402.15625,51495453.0
"(np.float64(1.0), 180, 340, np.float64(0.75), 5)",houghCircleAlt,0.4791666666666667,53498010.43333333,54510559.5
"(np.float64(1.0), 180, 340, np.float64(0.75), 10)",houghCircleAlt,0.5145833333333333,52139437.43333333,52879610.0
"(np.float64(1.0), 180, 340, np.float64(0.75), 15)",houghCircleAlt,0.6270833333333333,50562342.50833333,51370573.5
"(np.float64(1.0), 180, 340, np.float64(0.8), 5)",houghCircleAlt,0.59375,53635635.75208333,55049419.0
"(np.float64(1.0), 180, 340, np.float64(0.8), 10)",houghCircleAlt,0.6583333333333333,53240541.420833334,54097329.5
"(np.float64(1.0), 180, 340, np.float64(0.8), 15)",houghCircleAlt,0.775,50548409.40416667,51151032.0
"(np.float64(1.0), 180, 340, np.float64(0.8500000000000001), 5)",houghCircleAlt,0.6854166666666667,54133490.302083336,55196181.0
"(np.float64(1.0), 180, 340, np.float64(0.8500000000000001), 10)",houghCircleAlt,0.7666666666666667,51219974.75416667,51992179.5
"(np.float64(1.0), 180, 340, np.float64(0.8500000000000001), 15)",houghCircleAlt,0.8895833333333333,50980687.35,51806802.5
"(np.float64(1.0), 180, 340, np.float64(0.9000000000000001), 5)",houghCircleAlt,0.78125,53532748.141666666,54386527.0
"(np.float64(1.0), 180, 340, np.float64(0.9000000000000001), 10)",houghCircleAlt,0.85,52248326.708333336,53054036.5
"(np.float64(1.0), 180, 340, np.float64(0.9000000000000001), 15)",houghCircleAlt,0.9333333333333333,50989285.31666667,51466173.0
"(np.float64(1.0), 180, 350, np.float64(0.7), 5)",houghCircleAlt,0.38958333333333334,53083419.920833334,54316756.0
"(np.float64(1.0), 180, 350, np.float64(0.7), 10)",houghCircleAlt,0.41875,51955405.525,53052534.0
"(np.float64(1.0), 180, 350, np.float64(0.7), 15)",houghCircleAlt,0.4979166666666667,51741230.34166667,52416646.0
"(np.float64(1.0), 180, 350, np.float64(0.75), 5)",houghCircleAlt,0.47708333333333336,52776821.670833334,53620960.0
"(np.float64(1.0), 180, 350, np.float64(0.75), 10)",houghCircleAlt,0.525,50934287.9,51560580.0
"(np.float64(1.0), 180, 350, np.float64(0.75), 15)",houghCircleAlt,0.6208333333333333,51228509.825,51865337.5
"(np.float64(1.0), 180, 350, np.float64(0.8), 5)",houghCircleAlt,0.6041666666666666,53470828.447916664,54588405.5
"(np.float64(1.0), 180, 350, np.float64(0.8), 10)",houghCircleAlt,0.675,51980467.420833334,52594059.0
"(np.float64(1.0), 180, 350, np.float64(0.8), 15)",houghCircleAlt,0.78125,50721236.29375,51420142.0
"(np.float64(1.0), 180, 350, np.float64(0.8500000000000001), 5)",houghCircleAlt,0.6916666666666667,53167309.391666666,54195418.0
"(np.float64(1.0), 180, 350, np.float64(0.8500000000000001), 10)",houghCircleAlt,0.7729166666666667,51826393.270833336,52516649.0
"(np.float64(1.0), 180, 350, np.float64(0.8500000000000001), 15)",houghCircleAlt,0.8895833333333333,50514788.70625,51411851.0
"(np.float64(1.0), 180, 350, np.float64(0.9000000000000001), 5)",houghCircleAlt,0.78125,54559142.822916664,55311246.5
"(np.float64(1.0), 180, 350, np.float64(0.9000000000000001), 10)",houghCircleAlt,0.8479166666666667,51612152.625,52308609.0
"(np.float64(1.0), 180, 350, np.float64(0.9000000000000001), 15)",houghCircleAlt,0.9291666666666667,49778329.62916667,50506352.0
"(np.float64(1.0), 180, 360, np.float64(0.7), 5)",houghCircleAlt,0.38958333333333334,53756581.90833333,54592819.5
"(np.float64(1.0), 180, 360, np.float64(0.7), 10)",houghCircleAlt,0.42916666666666664,51627272.87708333,52226193.5
"(np.float64(1.0), 180, 360, np.float64(0.7), 15)",houghCircleAlt,0.49583333333333335,50501081.87916667,51098567.5
"(np.float64(1.0), 180, 360, np.float64(0.75), 5)",houghCircleAlt,0.47291666666666665,53203322.010416664,53950548.5
"(np.float64(1.0), 180, 360, np.float64(0.75), 10)",houghCircleAlt,0.5333333333333333,51672462.89375,52496791.0
"(np.float64(1.0), 180, 360, np.float64(0.75), 15)",houghCircleAlt,0.6291666666666667,50304018.09791667,50888875.5
"(np.float64(1.0), 180, 360, np.float64(0.8), 5)",houghCircleAlt,0.6,53232799.00208333,54541993.0
"(np.float64(1.0), 180, 360, np.float64(0.8), 10)",houghCircleAlt,0.6875,51422288.385416664,52019425.5
"(np.float64(1.0), 180, 360, np.float64(0.8), 15)",houghCircleAlt,0.7729166666666667,51619112.608333334,51946783.5
"(np.float64(1.0), 180, 360, np.float64(0.8500000000000001), 5)",houghCircleAlt,0.6958333333333333,52294949.2375,53337614.0
"(np.float64(1.0), 180, 360, np.float64(0.8500000000000001), 10)",houghCircleAlt,0.775,52431393.99166667,53258796.0
"(np.float64(1.0), 180, 360, np.float64(0.8500000000000001), 15)",houghCircleAlt,0.8833333333333333,50690421.67916667,51126971.5
"(np.float64(1.0), 180, 360, np.float64(0.9000000000000001), 5)",houghCircleAlt,0.7770833333333333,53122590.4125,54168498.0
"(np.float64(1.0), 180, 360, np.float64(0.9000000000000001), 10)",houghCircleAlt,0.85,51987897.34791667,52766722.0
"(np.float64(1.0), 180, 360, np.float64(0.9000000000000001), 15)",houghCircleAlt,0.925,50511454.266666666,51145912.0
"(np.float64(1.0), 180, 370, np.float64(0.7), 5)",houghCircleAlt,0.39375,52688283.95625,53861752.5
"(np.float64(1.0), 180, 370, np.float64(0.7), 10)",houghCircleAlt,0.4270833333333333,51778490.99375,52358437.5
"(np.float64(1.0), 180, 370, np.float64(0.7), 15)",houghCircleAlt,0.5083333333333333,50124815.08958333,50774595.5
"(np.float64(1.0), 180, 370, np.float64(0.75), 5)",houghCircleAlt,0.47708333333333336,55296451.11666667,56280594.5
"(np.float64(1.0), 180, 370, np.float64(0.75), 10)",houghCircleAlt,0.53125,50718423.50416667,51730128.0
"(np.float64(1.0), 180, 370, np.float64(0.75), 15)",houghCircleAlt,0.6354166666666666,51194782.2625,51432741.5
"(np.float64(1.0), 180, 370, np.float64(0.8), 5)",houghCircleAlt,0.5979166666666667,52971521.46666667,53852449.5
"(np.float64(1.0), 180, 370, np.float64(0.8), 10)",houghCircleAlt,0.66875,51733814.760416664,52298099.0
"(np.float64(1.0), 180, 370, np.float64(0.8), 15)",houghCircleAlt,0.7666666666666667,50304389.24166667,50850497.5
"(np.float64(1.0), 180, 370, np.float64(0.8500000000000001), 5)",houghCircleAlt,0.6875,53017691.16875,53659092.0
"(np.float64(1.0), 180, 370, np.float64(0.8500000000000001), 10)",houghCircleAlt,0.76875,51300212.58958333,51998962.5
"(np.float64(1.0), 180, 370, np.float64(0.8500000000000001), 15)",houghCircleAlt,0.88125,50569393.86875,51205489.0
"(np.float64(1.0), 180, 370, np.float64(0.9000000000000001), 5)",houghCircleAlt,0.7791666666666667,52110923.21666667,52834124.0
"(np.float64(1.0), 180, 370, np.float64(0.9000000000000001), 10)",houghCircleAlt,0.8458333333333333,50509107.33541667,51327737.5
"(np.float64(1.0), 180, 370, np.float64(0.9000000000000001), 15)",houghCircleAlt,0.9229166666666667,53355662.00833333,54033685.0
"(np.float64(1.0), 180, 380, np.float64(0.7), 5)",houghCircleAlt,0.3770833333333333,53490048.733333334,54066721.0
"(np.float64(1.0), 180, 380, np.float64(0.7), 10)",houghCircleAlt,0.41458333333333336,51562747.360416666,52110556.5
"(np.float64(1.0), 180, 380, np.float64(0.7), 15)",houghCircleAlt,0.50625,50244484.925,50654074.0
"(np.float64(1.0), 180, 380, np.float64(0.75), 5)",houghCircleAlt,0.4791666666666667,52472523.43125,53072111.0
"(np.float64(1.0), 180, 380, np.float64(0.75), 10)",houghCircleAlt,0.5208333333333334,51686356.21041667,52335720.0
"(np.float64(1.0), 180, 380, np.float64(0.75), 15)",houghCircleAlt,0.6395833333333333,50047336.19375,50517198.0
"(np.float64(1.0), 180, 380, np.float64(0.8), 5)",houghCircleAlt,0.5958333333333333,52523665.39375,53439388.5
"(np.float64(1.0), 180, 380, np.float64(0.8), 10)",houghCircleAlt,0.6604166666666667,51150171.454166666,51919334.5
"(np.float64(1.0), 180, 380, np.float64(0.8), 15)",houghCircleAlt,0.7791666666666667,49174634.8375,49609745.5
"(np.float64(1.0), 180, 380, np.float64(0.8500000000000001), 5)",houghCircleAlt,0.6916666666666667,53627056.91875,54324122.0
"(np.float64(1.0), 180, 380, np.float64(0.8500000000000001), 10)",houghCircleAlt,0.7645833333333333,52317374.21458333,52679218.5
"(np.float64(1.0), 180, 380, np.float64(0.8500000000000001), 15)",houghCircleAlt,0.8791666666666667,49870269.95,50271476.5
"(np.float64(1.0), 180, 380, np.float64(0.9000000000000001), 5)",houghCircleAlt,0.78125,52800776.25625,53439820.5
"(np.float64(1.0), 180, 380, np.float64(0.9000000000000001), 10)",houghCircleAlt,0.84375,51381276,51609601.5
"(np.float64(1.0), 180, 380, np.float64(0.9000000000000001), 15)",houghCircleAlt,0.925,50257683.25,50575241.5
"(np.float64(1.0), 180, 390, np.float64(0.7), 5)",houghCircleAlt,0.36666666666666664,52283986.90208333,53030287.5
"(np.float64(1.0), 180, 390, np.float64(0.7), 10)",houghCircleAlt,0.4270833333333333,51065890.47291667,52070422.0
"(np.float64(1.0), 180, 390, np.float64(0.7), 15)",houghCircleAlt,0.5166666666666667,49006644.264583334,49378567.0
"(np.float64(1.0), 180, 390, np.float64(0.75), 5)",houghCircleAlt,0.47708333333333336,51966725.825,52671644.5
"(np.float64(1.0), 180, 390, np.float64(0.75), 10)",houghCircleAlt,0.525,52073940.15625,52731962.0
"(np.float64(1.0), 180, 390, np.float64(0.75), 15)",houghCircleAlt,0.6333333333333333,50641173.39375,50716738.5
"(np.float64(1.0), 180, 390, np.float64(0.8), 5)",houghCircleAlt,0.5958333333333333,52279421.572916664,53183328.0
"(np.float64(1.0), 180, 390, np.float64(0.8), 10)",houghCircleAlt,0.65625,51313646.4125,51541885.0
"(np.float64(1.0), 180, 390, np.float64(0.8), 15)",houghCircleAlt,0.7729166666666667,49991731.66041667,50410847.5
"(np.float64(1.0), 180, 390, np.float64(0.8500000000000001), 5)",houghCircleAlt,0.69375,52535656.10625,53410485.5
"(np.float64(1.0), 180, 390, np.float64(0.8500000000000001), 10)",houghCircleAlt,0.75625,51129191.81666667,51533469.5
"(np.float64(1.0), 180, 390, np.float64(0.8500000000000001), 15)",houghCircleAlt,0.8770833333333333,50005006.84583333,50639963.0
"(np.float64(1.0), 180, 390, np.float64(0.9000000000000001), 5)",houghCircleAlt,0.78125,51209092.2375,51887774.0
"(np.float64(1.0), 180, 390, np.float64(0.9000000000000001), 10)",houghCircleAlt,0.84375,50710850.885416664,51275751.0
"(np.float64(1.0), 180, 390, np.float64(0.9000000000000001), 15)",houghCircleAlt,0.9229166666666667,50506331.04375,50866879.0
"(np.float64(1.0), 190, 300, np.float64(0.7), 5)",houghCircleAlt,0.36875,57285356.6625,58813517.0
"(np.float64(1.0), 190, 300, np.float64(0.7), 10)",houghCircleAlt,0.4354166666666667,54737729.66875,56117664.5
"(np.float64(1.0), 190, 300, np.float64(0.7), 15)",houghCircleAlt,0.5104166666666666,53078735.829166666,53924564.5
"(np.float64(1.0), 190, 300, np.float64(0.75), 5)",houghCircleAlt,0.4625,56242064.7375,57562254.5
"(np.float64(1.0), 190, 300, np.float64(0.75), 10)",houghCircleAlt,0.5208333333333334,54959614.60625,56216525.5
"(np.float64(1.0), 190, 300, np.float64(0.75), 15)",houghCircleAlt,0.64375,53015014.81458333,54119487.0
"(np.float64(1.0), 190, 300, np.float64(0.8), 5)",houghCircleAlt,0.5958333333333333,56330285.079166666,57722464.5
"(np.float64(1.0), 190, 300, np.float64(0.8), 10)",houghCircleAlt,0.6708333333333333,53703257.63333333,54573016.5
"(np.float64(1.0), 190, 300, np.float64(0.8), 15)",houghCircleAlt,0.7895833333333333,52873606.21041667,53583354.5
"(np.float64(1.0), 190, 300, np.float64(0.8500000000000001), 5)",houghCircleAlt,0.6916666666666667,56810660.33958333,57907136.0
"(np.float64(1.0), 190, 300, np.float64(0.8500000000000001), 10)",houghCircleAlt,0.775,55481446.575,56510872.0
"(np.float64(1.0), 190, 300, np.float64(0.8500000000000001), 15)",houghCircleAlt,0.8875,53292279.34791667,54210055.5
"(np.float64(1.0), 190, 300, np.float64(0.9000000000000001), 5)",houghCircleAlt,0.775,56094228.052083336,57374367.5
"(np.float64(1.0), 190, 300, np.float64(0.9000000000000001), 10)",houghCircleAlt,0.85,54651178.364583336,55793992.5
"(np.float64(1.0), 190, 300, np.float64(0.9000000000000001), 15)",houghCircleAlt,0.9333333333333333,53145607.18958333,54077792.5
"(np.float64(1.0), 190, 310, np.float64(0.7), 5)",houghCircleAlt,0.37916666666666665,56017651.17916667,57053615.5
"(np.float64(1.0), 190, 310, np.float64(0.7), 10)",houghCircleAlt,0.44166666666666665,53381742.59166667,54545715.5
"(np.float64(1.0), 190, 310, np.float64(0.7), 15)",houghCircleAlt,0.5125,53867985.99166667,55012871.5
"(np.float64(1.0), 190, 310, np.float64(0.75), 5)",houghCircleAlt,0.47708333333333336,55485727.266666666,56826995.5
"(np.float64(1.0), 190, 310, np.float64(0.75), 10)",houghCircleAlt,0.5354166666666667,55277553.577083334,56381669.5
"(np.float64(1.0), 190, 310, np.float64(0.75), 15)",houghCircleAlt,0.6458333333333334,53954230.18125,55024999.5
"(np.float64(1.0), 190, 310, np.float64(0.8), 5)",houghCircleAlt,0.60625,55878259.07083333,57220548.5
"(np.float64(1.0), 190, 310, np.float64(0.8), 10)",houghCircleAlt,0.68125,54420090.40625,55289290.5
"(np.float64(1.0), 190, 310, np.float64(0.8), 15)",houghCircleAlt,0.7916666666666666,52873803.98125,53768412.0
"(np.float64(1.0), 190, 310, np.float64(0.8500000000000001), 5)",houghCircleAlt,0.6875,55624652.4625,56830431.0
"(np.float64(1.0), 190, 310, np.float64(0.8500000000000001), 10)",houghCircleAlt,0.775,54541541.18333333,55303577.5
"(np.float64(1.0), 190, 310, np.float64(0.8500000000000001), 15)",houghCircleAlt,0.8916666666666667,51776819.69166667,52496861.0
"(np.float64(1.0), 190, 310, np.float64(0.9000000000000001), 5)",houghCircleAlt,0.7666666666666667,56775458.11875,57996529.5
"(np.float64(1.0), 190, 310, np.float64(0.9000000000000001), 10)",houghCircleAlt,0.8520833333333333,53848478.979166664,55304508.5
"(np.float64(1.0), 190, 310, np.float64(0.9000000000000001), 15)",houghCircleAlt,0.93125,53611674.83125,54403728.5
"(np.float64(1.0), 190, 320, np.float64(0.7), 5)",houghCircleAlt,0.38958333333333334,56584693.33541667,57891036.5
"(np.float64(1.0), 190, 320, np.float64(0.7), 10)",houghCircleAlt,0.45208333333333334,54288435.49375,55413703.5
"(np.float64(1.0), 190, 320, np.float64(0.7), 15)",houghCircleAlt,0.5229166666666667,52813784.40208333,53473088.0
"(np.float64(1.0), 190, 320, np.float64(0.75), 5)",houghCircleAlt,0.49166666666666664,55463291.25416667,56756829.0
"(np.float64(1.0), 190, 320, np.float64(0.75), 10)",houghCircleAlt,0.5416666666666666,53956352.82083333,54672958.5
"(np.float64(1.0), 190, 320, np.float64(0.75), 15)",houghCircleAlt,0.6541666666666667,52819712.80416667,53624476.5
"(np.float64(1.0), 190, 320, np.float64(0.8), 5)",houghCircleAlt,0.6083333333333333,54802819.13125,56158239.5
"(np.float64(1.0), 190, 320, np.float64(0.8), 10)",houghCircleAlt,0.6708333333333333,55060094.239583336,56109244.5
"(np.float64(1.0), 190, 320, np.float64(0.8), 15)",houghCircleAlt,0.79375,51777440.13333333,52630488.0
"(np.float64(1.0), 190, 320, np.float64(0.8500000000000001), 5)",houghCircleAlt,0.6895833333333333,56220555.604166664,57046557.0
"(np.float64(1.0), 190, 320, np.float64(0.8500000000000001), 10)",houghCircleAlt,0.7729166666666667,55167766.10208333,56286065.0
"(np.float64(1.0), 190, 320, np.float64(0.8500000000000001), 15)",houghCircleAlt,0.8979166666666667,52702429.69583333,53816357.0
"(np.float64(1.0), 190, 320, np.float64(0.9000000000000001), 5)",houghCircleAlt,0.7666666666666667,55523453.12708333,56821691.0
"(np.float64(1.0), 190, 320, np.float64(0.9000000000000001), 10)",houghCircleAlt,0.8520833333333333,54008402.225,55088824.5
"(np.float64(1.0), 190, 320, np.float64(0.9000000000000001), 15)",houghCircleAlt,0.9333333333333333,52518263.922916666,52942462.5
"(np.float64(1.0), 190, 330, np.float64(0.7), 5)",houghCircleAlt,0.40208333333333335,55373955.110416666,56607459.0
"(np.float64(1.0), 190, 330, np.float64(0.7), 10)",houghCircleAlt,0.4395833333333333,52861234.51875,53855931.5
"(np.float64(1.0), 190, 330, np.float64(0.7), 15)",houghCircleAlt,0.5229166666666667,51980551.4625,52928295.5
"(np.float64(1.0), 190, 330, np.float64(0.75), 5)",houghCircleAlt,0.49583333333333335,56139392.202083334,57532523.5
"(np.float64(1.0), 190, 330, np.float64(0.75), 10)",houghCircleAlt,0.53125,54649900.05625,55137196.5
"(np.float64(1.0), 190, 330, np.float64(0.75), 15)",houghCircleAlt,0.6458333333333334,55317123.52916667,56223715.0
"(np.float64(1.0), 190, 330, np.float64(0.8), 5)",houghCircleAlt,0.6104166666666667,55227017.0625,56646822.5
"(np.float64(1.0), 190, 330, np.float64(0.8), 10)",houghCircleAlt,0.6729166666666667,53689893.7375,54396330.0
"(np.float64(1.0), 190, 330, np.float64(0.8), 15)",houghCircleAlt,0.7958333333333333,52354399.275,53210526.0
"(np.float64(1.0), 190, 330, np.float64(0.8500000000000001), 5)",houghCircleAlt,0.6979166666666666,55064394.4125,56060943.0
"(np.float64(1.0), 190, 330, np.float64(0.8500000000000001), 10)",houghCircleAlt,0.7708333333333334,53919961.295833334,54846394.0
"(np.float64(1.0), 190, 330, np.float64(0.8500000000000001), 15)",houghCircleAlt,0.9041666666666667,51248717.05625,51951338.5
"(np.float64(1.0), 190, 330, np.float64(0.9000000000000001), 5)",houghCircleAlt,0.775,54866519.19166667,56269033.5
"(np.float64(1.0), 190, 330, np.float64(0.9000000000000001), 10)",houghCircleAlt,0.8479166666666667,54736596.67916667,55770402.5
"(np.float64(1.0), 190, 330, np.float64(0.9000000000000001), 15)",houghCircleAlt,0.9354166666666667,53127401.31666667,53598738.5
"(np.float64(1.0), 190, 340, np.float64(0.7), 5)",houghCircleAlt,0.40208333333333335,57736701.65,58726228.5
"(np.float64(1.0), 190, 340, np.float64(0.7), 10)",houghCircleAlt,0.45,53715384.077083334,54636060.5
"(np.float64(1.0), 190, 340, np.float64(0.7), 15)",houghCircleAlt,0.525,52317865.895833336,53088401.0
"(np.float64(1.0), 190, 340, np.float64(0.75), 5)",houghCircleAlt,0.49583333333333335,54880626.25,55767442.5
"(np.float64(1.0), 190, 340, np.float64(0.75), 10)",houghCircleAlt,0.5333333333333333,53757364.03125,54447029.0
"(np.float64(1.0), 190, 340, np.float64(0.75), 15)",houghCircleAlt,0.65625,51170740.95,51848280.0
"(np.float64(1.0), 190, 340, np.float64(0.8), 5)",houghCircleAlt,0.6083333333333333,55163852.90208333,56106178.0
"(np.float64(1.0), 190, 340, np.float64(0.8), 10)",houghCircleAlt,0.6854166666666667,52815519.24166667,53391340.0
"(np.float64(1.0), 190, 340, np.float64(0.8), 15)",houghCircleAlt,0.8,53208904.729166664,54116537.0
"(np.float64(1.0), 190, 340, np.float64(0.8500000000000001), 5)",houghCircleAlt,0.6979166666666666,55631838.6125,56524914.0
"(np.float64(1.0), 190, 340, np.float64(0.8500000000000001), 10)",houghCircleAlt,0.7729166666666667,54714312.59583333,55544099.0
"(np.float64(1.0), 190, 340, np.float64(0.8500000000000001), 15)",houghCircleAlt,0.9020833333333333,52313499.15833333,53093521.0
"(np.float64(1.0), 190, 340, np.float64(0.9000000000000001), 5)",houghCircleAlt,0.7791666666666667,54883927.077083334,55692897.5
"(np.float64(1.0), 190, 340, np.float64(0.9000000000000001), 10)",houghCircleAlt,0.85,52494263.235416666,53209834.5
"(np.float64(1.0), 190, 340, np.float64(0.9000000000000001), 15)",houghCircleAlt,0.9333333333333333,52292919.94375,52462231.5
"(np.float64(1.0), 190, 350, np.float64(0.7), 5)",houghCircleAlt,0.4041666666666667,54315431.920833334,55365104.0
"(np.float64(1.0), 190, 350, np.float64(0.7), 10)",houghCircleAlt,0.44583333333333336,53591109.3,54439886.0
"(np.float64(1.0), 190, 350, np.float64(0.7), 15)",houghCircleAlt,0.53125,51303516.00208333,51942396.5
"(np.float64(1.0), 190, 350, np.float64(0.75), 5)",houghCircleAlt,0.49166666666666664,55617317.81666667,56447498.5
"(np.float64(1.0), 190, 350, np.float64(0.75), 10)",houghCircleAlt,0.5458333333333333,54052746.875,54862298.5
"(np.float64(1.0), 190, 350, np.float64(0.75), 15)",houghCircleAlt,0.6541666666666667,53104450.82083333,53917050.5
"(np.float64(1.0), 190, 350, np.float64(0.8), 5)",houghCircleAlt,0.6145833333333334,54870454.7625,55852357.0
"(np.float64(1.0), 190, 350, np.float64(0.8), 10)",houghCircleAlt,0.7,53353171.57083333,54095746.5
"(np.float64(1.0), 190, 350, np.float64(0.8), 15)",houghCircleAlt,0.8083333333333333,52005586.02708333,52742448.5
"(np.float64(1.0), 190, 350, np.float64(0.8500000000000001), 5)",houghCircleAlt,0.7020833333333333,53786193.90208333,54571688.5
"(np.float64(1.0), 190, 350, np.float64(0.8500000000000001), 10)",houghCircleAlt,0.7791666666666667,53196624.01875,53796680.5
"(np.float64(1.0), 190, 350, np.float64(0.8500000000000001), 15)",houghCircleAlt,0.9041666666666667,51785599.60625,52450068.5
"(np.float64(1.0), 190, 350, np.float64(0.9000000000000001), 5)",houghCircleAlt,0.7791666666666667,54802520.48125,55693113.0
"(np.float64(1.0), 190, 350, np.float64(0.9000000000000001), 10)",houghCircleAlt,0.8479166666666667,54428016.275,55039246.5
"(np.float64(1.0), 190, 350, np.float64(0.9000000000000001), 15)",houghCircleAlt,0.93125,52905676.71666667,53500916.5
"(np.float64(1.0), 190, 360, np.float64(0.7), 5)",houghCircleAlt,0.40208333333333335,55741402.47291667,56627085.0
"(np.float64(1.0), 190, 360, np.float64(0.7), 10)",houghCircleAlt,0.44583333333333336,52874195.97291667,53642025.0
"(np.float64(1.0), 190, 360, np.float64(0.7), 15)",houghCircleAlt,0.525,51883582.733333334,52163496.5
"(np.float64(1.0), 190, 360, np.float64(0.75), 5)",houghCircleAlt,0.4895833333333333,54255695.4,54906458.0
"(np.float64(1.0), 190, 360, np.float64(0.75), 10)",houghCircleAlt,0.5479166666666667,52099421.96041667,52493250.5
"(np.float64(1.0), 190, 360, np.float64(0.75), 15)",houghCircleAlt,0.6541666666666667,51850407.822916664,52216434.5
"(np.float64(1.0), 190, 360, np.float64(0.8), 5)",houghCircleAlt,0.6104166666666667,53731776.7875,54553395.0
"(np.float64(1.0), 190, 360, np.float64(0.8), 10)",houghCircleAlt,0.70625,53322672.88125,54067232.5
"(np.float64(1.0), 190, 360, np.float64(0.8), 15)",houghCircleAlt,0.7958333333333333,52840090.125,53236849.5
"(np.float64(1.0), 190, 360, np.float64(0.8500000000000001), 5)",houghCircleAlt,0.7041666666666667,54924976.46458333,55970603.5
"(np.float64(1.0), 190, 360, np.float64(0.8500000000000001), 10)",houghCircleAlt,0.78125,54183776.825,54824082.0
"(np.float64(1.0), 190, 360, np.float64(0.8500000000000001), 15)",houghCircleAlt,0.8958333333333334,51957023.09583333,52550232.0
"(np.float64(1.0), 190, 360, np.float64(0.9000000000000001), 5)",houghCircleAlt,0.7770833333333333,54402403.989583336,55041791.0
"(np.float64(1.0), 190, 360, np.float64(0.9000000000000001), 10)",houghCircleAlt,0.85,52190725.860416666,52681517.0
"(np.float64(1.0), 190, 360, np.float64(0.9000000000000001), 15)",houghCircleAlt,0.9270833333333334,52043982.545833334,52341540.0
"(np.float64(1.0), 190, 370, np.float64(0.7), 5)",houghCircleAlt,0.4041666666666667,54111151.416666664,55181373.5
"(np.float64(1.0), 190, 370, np.float64(0.7), 10)",houghCircleAlt,0.44375,52503740.56458333,53029234.5
"(np.float64(1.0), 190, 370, np.float64(0.7), 15)",houghCircleAlt,0.5395833333333333,51837251.08958333,52236809.0
"(np.float64(1.0), 190, 370, np.float64(0.75), 5)",houghCircleAlt,0.49166666666666664,54990832.579166666,55677267.5
"(np.float64(1.0), 190, 370, np.float64(0.75), 10)",houghCircleAlt,0.54375,53694979.625,54377044.0
"(np.float64(1.0), 190, 370, np.float64(0.75), 15)",houghCircleAlt,0.6604166666666667,51881258.12708333,52379130.0
"(np.float64(1.0), 190, 370, np.float64(0.8), 5)",houghCircleAlt,0.60625,55473203.7125,55888404.0
"(np.float64(1.0), 190, 370, np.float64(0.8), 10)",houghCircleAlt,0.6875,53214099.51875,53737475.0
"(np.float64(1.0), 190, 370, np.float64(0.8), 15)",houghCircleAlt,0.7895833333333333,50694806.21041667,51193531.5
"(np.float64(1.0), 190, 370, np.float64(0.8500000000000001), 5)",houghCircleAlt,0.6979166666666666,54354889.75,54864904.0
"(np.float64(1.0), 190, 370, np.float64(0.8500000000000001), 10)",houghCircleAlt,0.775,53029106.670833334,53795403.5
"(np.float64(1.0), 190, 370, np.float64(0.8500000000000001), 15)",houghCircleAlt,0.89375,51079635.635416664,51539715.5
"(np.float64(1.0), 190, 370, np.float64(0.9000000000000001), 5)",houghCircleAlt,0.7770833333333333,54433716.10208333,55283555.0
"(np.float64(1.0), 190, 370, np.float64(0.9000000000000001), 10)",houghCircleAlt,0.8458333333333333,53939578.614583336,54689551.0
"(np.float64(1.0), 190, 370, np.float64(0.9000000000000001), 15)",houghCircleAlt,0.925,52665799.21458333,53083105.5
"(np.float64(1.0), 190, 380, np.float64(0.7), 5)",houghCircleAlt,0.39166666666666666,54037479.89791667,54724431.0
"(np.float64(1.0), 190, 380, np.float64(0.7), 10)",houghCircleAlt,0.4375,54052131.608333334,54510699.5
"(np.float64(1.0), 190, 380, np.float64(0.7), 15)",houghCircleAlt,0.5333333333333333,50440653.389583334,50936684.5
"(np.float64(1.0), 190, 380, np.float64(0.75), 5)",houghCircleAlt,0.49166666666666664,54179809.50625,54884120.5
"(np.float64(1.0), 190, 380, np.float64(0.75), 10)",houghCircleAlt,0.5395833333333333,52646926.6625,53118136.5
"(np.float64(1.0), 190, 380, np.float64(0.75), 15)",houghCircleAlt,0.6625,51359841.766666666,51893670.0
"(np.float64(1.0), 190, 380, np.float64(0.8), 5)",houghCircleAlt,0.60625,53929655.422916666,54637067.5
"(np.float64(1.0), 190, 380, np.float64(0.8), 10)",houghCircleAlt,0.6833333333333333,52773229.82083333,53403201.5
"(np.float64(1.0), 190, 380, np.float64(0.8), 15)",houghCircleAlt,0.7979166666666667,52593022.510416664,52853350.5
"(np.float64(1.0), 190, 380, np.float64(0.8500000000000001), 5)",houghCircleAlt,0.7,54755801.78958333,55526380.0
"(np.float64(1.0), 190, 380, np.float64(0.8500000000000001), 10)",houghCircleAlt,0.775,52599507.58541667,52990718.5
"(np.float64(1.0), 190, 380, np.float64(0.8500000000000001), 15)",houghCircleAlt,0.8875,50369583.50833333,50872389.0
"(np.float64(1.0), 190, 380, np.float64(0.9000000000000001), 5)",houghCircleAlt,0.7791666666666667,54531929.99375,55157728.0
"(np.float64(1.0), 190, 380, np.float64(0.9000000000000001), 10)",houghCircleAlt,0.8479166666666667,52849751.525,53478153.0
"(np.float64(1.0), 190, 380, np.float64(0.9000000000000001), 15)",houghCircleAlt,0.925,51492946.94583333,51828923.5
"(np.float64(1.0), 190, 390, np.float64(0.7), 5)",houghCircleAlt,0.38125,53357607.577083334,53930577.0
"(np.float64(1.0), 190, 390, np.float64(0.7), 10)",houghCircleAlt,0.45208333333333334,52208599.37916667,52853330.0
"(np.float64(1.0), 190, 390, np.float64(0.7), 15)",houghCircleAlt,0.5416666666666666,51464389.81666667,51945362.5
"(np.float64(1.0), 190, 390, np.float64(0.75), 5)",houghCircleAlt,0.4895833333333333,54472373.08125,55184939.5
"(np.float64(1.0), 190, 390, np.float64(0.75), 10)",houghCircleAlt,0.55,53027692.47083333,53543700.0
"(np.float64(1.0), 190, 390, np.float64(0.75), 15)",houghCircleAlt,0.6520833333333333,51432102.458333336,51914044.0
"(np.float64(1.0), 190, 390, np.float64(0.8), 5)",houghCircleAlt,0.60625,52704000.03125,53493822.5
"(np.float64(1.0), 190, 390, np.float64(0.8), 10)",houghCircleAlt,0.6854166666666667,52775643.38333333,53256888.0
"(np.float64(1.0), 190, 390, np.float64(0.8), 15)",houghCircleAlt,0.7895833333333333,51259024.06458333,51617200.5
"(np.float64(1.0), 190, 390, np.float64(0.8500000000000001), 5)",houghCircleAlt,0.7020833333333333,53903400.10208333,54507774.0
"(np.float64(1.0), 190, 390, np.float64(0.8500000000000001), 10)",houghCircleAlt,0.76875,52084038.858333334,52708535.0
"(np.float64(1.0), 190, 390, np.float64(0.8500000000000001), 15)",houghCircleAlt,0.8833333333333333,51173355.06875,51697772.5
"(np.float64(1.0), 190, 390, np.float64(0.9000000000000001), 5)",houghCircleAlt,0.7791666666666667,53856175.40416667,54514331.5
"(np.float64(1.0), 190, 390, np.float64(0.9000000000000001), 10)",houghCircleAlt,0.8479166666666667,52705853.775,53292328.5
"(np.float64(1.0), 190, 390, np.float64(0.9000000000000001), 15)",houghCircleAlt,0.9229166666666667,51801074.97291667,52231073.0
"(np.float64(1.0), 200, 300, np.float64(0.7), 5)",houghCircleAlt,0.38125,57486746.06041667,58801750.0
"(np.float64(1.0), 200, 300, np.float64(0.7), 10)",houghCircleAlt,0.44375,55326657.91875,56519503.5
"(np.float64(1.0), 200, 300, np.float64(0.7), 15)",houghCircleAlt,0.525,54718283.3625,55578557.5
"(np.float64(1.0), 200, 300, np.float64(0.75), 5)",houghCircleAlt,0.4666666666666667,57555381.21041667,58783331.5
"(np.float64(1.0), 200, 300, np.float64(0.75), 10)",houghCircleAlt,0.5291666666666667,56004088.52291667,57017393.0
"(np.float64(1.0), 200, 300, np.float64(0.75), 15)",houghCircleAlt,0.65625,54086467.641666666,54755134.0
"(np.float64(1.0), 200, 300, np.float64(0.8), 5)",houghCircleAlt,0.6041666666666666,57261184.041666664,58447966.0
"(np.float64(1.0), 200, 300, np.float64(0.8), 10)",houghCircleAlt,0.6791666666666667,56638863.19375,57982918.5
"(np.float64(1.0), 200, 300, np.float64(0.8), 15)",houghCircleAlt,0.7916666666666666,54982531.229166664,55845104.0
"(np.float64(1.0), 200, 300, np.float64(0.8500000000000001), 5)",houghCircleAlt,0.6979166666666666,58433984.483333334,59929270.0
"(np.float64(1.0), 200, 300, np.float64(0.8500000000000001), 10)",houghCircleAlt,0.78125,56118953.03541667,57129578.0
"(np.float64(1.0), 200, 300, np.float64(0.8500000000000001), 15)",houghCircleAlt,0.8895833333333333,54143643.485416666,54900716.0
"(np.float64(1.0), 200, 300, np.float64(0.9000000000000001), 5)",houghCircleAlt,0.775,57925598.25833333,59279181.0
"(np.float64(1.0), 200, 300, np.float64(0.9000000000000001), 10)",houghCircleAlt,0.8520833333333333,56198154.925,57078386.5
"(np.float64(1.0), 200, 300, np.float64(0.9000000000000001), 15)",houghCircleAlt,0.9333333333333333,54337659.15625,54986237.0
"(np.float64(1.0), 200, 310, np.float64(0.7), 5)",houghCircleAlt,0.39166666666666666,57539306.925,58836579.0
"(np.float64(1.0), 200, 310, np.float64(0.7), 10)",houghCircleAlt,0.45,55718342.4625,56966326.5
"(np.float64(1.0), 200, 310, np.float64(0.7), 15)",houghCircleAlt,0.5270833333333333,54371463.78125,55363174.5
"(np.float64(1.0), 200, 310, np.float64(0.75), 5)",houghCircleAlt,0.48125,57531716.44166667,58732128.5
"(np.float64(1.0), 200, 310, np.float64(0.75), 10)",houghCircleAlt,0.5458333333333333,56420259.81458333,57564839.0
"(np.float64(1.0), 200, 310, np.float64(0.75), 15)",houghCircleAlt,0.6583333333333333,53744626.70625,54739313.5
"(np.float64(1.0), 200, 310, np.float64(0.8), 5)",houghCircleAlt,0.6145833333333334,57360110.33541667,59014214.0
"(np.float64(1.0), 200, 310, np.float64(0.8), 10)",houghCircleAlt,0.6895833333333333,55763795.270833336,56899946.5
"(np.float64(1.0), 200, 310, np.float64(0.8), 15)",houghCircleAlt,0.79375,53686268.8,54446639.5
"(np.float64(1.0), 200, 310, np.float64(0.8500000000000001), 5)",houghCircleAlt,0.6916666666666667,57073143.74375,58561012.0
"(np.float64(1.0), 200, 310, np.float64(0.8500000000000001), 10)",houghCircleAlt,0.7791666666666667,55690048.416666664,56811054.5
"(np.float64(1.0), 200, 310, np.float64(0.8500000000000001), 15)",houghCircleAlt,0.8916666666666667,54224729.125,55334120.0
"(np.float64(1.0), 200, 310, np.float64(0.9000000000000001), 5)",houghCircleAlt,0.7666666666666667,57364820.03958333,58754651.5
"(np.float64(1.0), 200, 310, np.float64(0.9000000000000001), 10)",houghCircleAlt,0.8541666666666666,56125615.55,57279634.0
"(np.float64(1.0), 200, 310, np.float64(0.9000000000000001), 15)",houghCircleAlt,0.93125,55121799.985416666,55988752.0
"(np.float64(1.0), 200, 320, np.float64(0.7), 5)",houghCircleAlt,0.40208333333333335,56348750.3625,57951539.5
"(np.float64(1.0), 200, 320, np.float64(0.7), 10)",houghCircleAlt,0.46041666666666664,55635542.84583333,56603551.0
"(np.float64(1.0), 200, 320, np.float64(0.7), 15)",houghCircleAlt,0.5354166666666667,53683097.014583334,54313735.0
"(np.float64(1.0), 200, 320, np.float64(0.75), 5)",houghCircleAlt,0.4979166666666667,57007510.825,58357321.0
"(np.float64(1.0), 200, 320, np.float64(0.75), 10)",houghCircleAlt,0.5479166666666667,55691813.02916667,56914854.5
"(np.float64(1.0), 200, 320, np.float64(0.75), 15)",houghCircleAlt,0.6645833333333333,53954950.760416664,54885157.0
"(np.float64(1.0), 200, 320, np.float64(0.8), 5)",houghCircleAlt,0.61875,57006369.979166664,58251627.5
"(np.float64(1.0), 200, 320, np.float64(0.8), 10)",houghCircleAlt,0.6791666666666667,55633870.72291667,56649091.0
"(np.float64(1.0), 200, 320, np.float64(0.8), 15)",houghCircleAlt,0.7958333333333333,53989339.927083336,55150577.0
"(np.float64(1.0), 200, 320, np.float64(0.8500000000000001), 5)",houghCircleAlt,0.69375,57700719.35208333,58982929.5
"(np.float64(1.0), 200, 320, np.float64(0.8500000000000001), 10)",houghCircleAlt,0.7770833333333333,54872339.14375,56023202.0
"(np.float64(1.0), 200, 320, np.float64(0.8500000000000001), 15)",houghCircleAlt,0.8979166666666667,54033202.4,54891658.0
"(np.float64(1.0), 200, 320, np.float64(0.9000000000000001), 5)",houghCircleAlt,0.7666666666666667,56375062.65,57485555.5
"(np.float64(1.0), 200, 320, np.float64(0.9000000000000001), 10)",houghCircleAlt,0.8541666666666666,55814194.09375,56861345.0
"(np.float64(1.0), 200, 320, np.float64(0.9000000000000001), 15)",houghCircleAlt,0.9333333333333333,54089626.26875,54886965.5
"(np.float64(1.0), 200, 330, np.float64(0.7), 5)",houghCircleAlt,0.4166666666666667,56610176.7125,57828559.0
"(np.float64(1.0), 200, 330, np.float64(0.7), 10)",houghCircleAlt,0.45625,55256764.52916667,55993251.0
"(np.float64(1.0), 200, 330, np.float64(0.7), 15)",houghCircleAlt,0.5354166666666667,54026358.42916667,54593274.0
"(np.float64(1.0), 200, 330, np.float64(0.75), 5)",houghCircleAlt,0.5041666666666667,56682865.33541667,58103942.0
"(np.float64(1.0), 200, 330, np.float64(0.75), 10)",houghCircleAlt,0.5479166666666667,56028379.108333334,56824871.0
"(np.float64(1.0), 200, 330, np.float64(0.75), 15)",houghCircleAlt,0.6583333333333333,53194192.49583333,54071907.5
"(np.float64(1.0), 200, 330, np.float64(0.8), 5)",houghCircleAlt,0.61875,56667381.145833336,57946325.0
"(np.float64(1.0), 200, 330, np.float64(0.8), 10)",houghCircleAlt,0.6854166666666667,54553604.197916664,55524206.0
"(np.float64(1.0), 200, 330, np.float64(0.8), 15)",houghCircleAlt,0.8,54031194.385416664,54934910.5
"(np.float64(1.0), 200, 330, np.float64(0.8500000000000001), 5)",houghCircleAlt,0.7020833333333333,56688040.68333333,57700303.5
"(np.float64(1.0), 200, 330, np.float64(0.8500000000000001), 10)",houghCircleAlt,0.7791666666666667,55348972.235416666,56057702.5
"(np.float64(1.0), 200, 330, np.float64(0.8500000000000001), 15)",houghCircleAlt,0.9041666666666667,53779534.40208333,54555048.0
"(np.float64(1.0), 200, 330, np.float64(0.9000000000000001), 5)",houghCircleAlt,0.775,56763921.22708333,57946099.0
"(np.float64(1.0), 200, 330, np.float64(0.9000000000000001), 10)",houghCircleAlt,0.8520833333333333,55014987.99166667,56152811.0
"(np.float64(1.0), 200, 330, np.float64(0.9000000000000001), 15)",houghCircleAlt,0.9354166666666667,54532803.41041667,55235820.0
"(np.float64(1.0), 200, 340, np.float64(0.7), 5)",houghCircleAlt,0.4166666666666667,55640641.4875,56904521.0
"(np.float64(1.0), 200, 340, np.float64(0.7), 10)",houghCircleAlt,0.4708333333333333,55273145.93958333,56161285.5
"(np.float64(1.0), 200, 340, np.float64(0.7), 15)",houghCircleAlt,0.5354166666666667,53160181.860416666,53859923.5
"(np.float64(1.0), 200, 340, np.float64(0.75), 5)",houghCircleAlt,0.5041666666666667,56336236.77916667,57212267.5
"(np.float64(1.0), 200, 340, np.float64(0.75), 10)",houghCircleAlt,0.55,55140120.6875,55946608.5
"(np.float64(1.0), 200, 340, np.float64(0.75), 15)",houghCircleAlt,0.6666666666666666,53601652.141666666,54246138.5
"(np.float64(1.0), 200, 340, np.float64(0.8), 5)",houghCircleAlt,0.6125,56160032.8125,57136345.5
"(np.float64(1.0), 200, 340, np.float64(0.8), 10)",houghCircleAlt,0.6979166666666666,55004679.875,55566762.0
"(np.float64(1.0), 200, 340, np.float64(0.8), 15)",houghCircleAlt,0.8020833333333334,53765674.989583336,54593505.0
"(np.float64(1.0), 200, 340, np.float64(0.8500000000000001), 5)",houghCircleAlt,0.7020833333333333,57087328.33958333,58068925.5
"(np.float64(1.0), 200, 340, np.float64(0.8500000000000001), 10)",houghCircleAlt,0.7833333333333333,54165191.10625,55324556.5
"(np.float64(1.0), 200, 340, np.float64(0.8500000000000001), 15)",houghCircleAlt,0.9020833333333333,53627076.18541667,54417795.0
"(np.float64(1.0), 200, 340, np.float64(0.9000000000000001), 5)",houghCircleAlt,0.7791666666666667,55882763.489583336,57126221.5
"(np.float64(1.0), 200, 340, np.float64(0.9000000000000001), 10)",houghCircleAlt,0.8541666666666666,54990328.15833333,55822163.5
"(np.float64(1.0), 200, 340, np.float64(0.9000000000000001), 15)",houghCircleAlt,0.9333333333333333,53645477.766666666,54257828.5
"(np.float64(1.0), 200, 350, np.float64(0.7), 5)",houghCircleAlt,0.42083333333333334,56166536.32083333,56871634.0
"(np.float64(1.0), 200, 350, np.float64(0.7), 10)",houghCircleAlt,0.4708333333333333,54678960.57083333,55525213.0
"(np.float64(1.0), 200, 350, np.float64(0.7), 15)",houghCircleAlt,0.5458333333333333,53611520.16458333,54084255.0
"(np.float64(1.0), 200, 350, np.float64(0.75), 5)",houghCircleAlt,0.5041666666666667,55762394.954166666,57086286.0
"(np.float64(1.0), 200, 350, np.float64(0.75), 10)",houghCircleAlt,0.5583333333333333,55535040.5125,56164433.0
"(np.float64(1.0), 200, 350, np.float64(0.75), 15)",houghCircleAlt,0.6625,52719382.81666667,53389386.0
"(np.float64(1.0), 200, 350, np.float64(0.8), 5)",houghCircleAlt,0.6208333333333333,56002437.635416664,57075085.0
"(np.float64(1.0), 200, 350, np.float64(0.8), 10)",houghCircleAlt,0.7083333333333334,54274988.110416666,54987103.5
"(np.float64(1.0), 200, 350, np.float64(0.8), 15)",houghCircleAlt,0.8104166666666667,53319877.93541667,53869241.5
"(np.float64(1.0), 200, 350, np.float64(0.8500000000000001), 5)",houghCircleAlt,0.70625,56141652.202083334,57052528.0
"(np.float64(1.0), 200, 350, np.float64(0.8500000000000001), 10)",houghCircleAlt,0.7895833333333333,54818092.77708333,55584810.0
"(np.float64(1.0), 200, 350, np.float64(0.8500000000000001), 15)",houghCircleAlt,0.9041666666666667,53531692.99375,53898911.5
"(np.float64(1.0), 200, 350, np.float64(0.9000000000000001), 5)",houghCircleAlt,0.7791666666666667,56286131.30625,57164267.5
"(np.float64(1.0), 200, 350, np.float64(0.9000000000000001), 10)",houghCircleAlt,0.8520833333333333,54644442.672916666,55508686.5
"(np.float64(1.0), 200, 350, np.float64(0.9000000000000001), 15)",houghCircleAlt,0.9333333333333333,52643946.016666666,53512437.0
"(np.float64(1.0), 200, 360, np.float64(0.7), 5)",houghCircleAlt,0.4166666666666667,56583009.375,57351890.0
"(np.float64(1.0), 200, 360, np.float64(0.7), 10)",houghCircleAlt,0.46875,54571006.1375,55026327.0
"(np.float64(1.0), 200, 360, np.float64(0.7), 15)",houghCircleAlt,0.5395833333333333,52841516.29375,53315417.0
"(np.float64(1.0), 200, 360, np.float64(0.75), 5)",houghCircleAlt,0.5020833333333333,55737716.86666667,56507214.0
"(np.float64(1.0), 200, 360, np.float64(0.75), 10)",houghCircleAlt,0.5583333333333333,54332426.15625,55087176.0
"(np.float64(1.0), 200, 360, np.float64(0.75), 15)",houghCircleAlt,0.6645833333333333,53267544.94375,53745765.5
"(np.float64(1.0), 200, 360, np.float64(0.8), 5)",houghCircleAlt,0.6145833333333334,57720893.74166667,58787628.0
"(np.float64(1.0), 200, 360, np.float64(0.8), 10)",houghCircleAlt,0.7145833333333333,54794547.36875,55393652.0
"(np.float64(1.0), 200, 360, np.float64(0.8), 15)",houghCircleAlt,0.8,53083327.60208333,53871871.5
"(np.float64(1.0), 200, 360, np.float64(0.8500000000000001), 5)",houghCircleAlt,0.7083333333333334,54905884.84791667,55796817.0
"(np.float64(1.0), 200, 360, np.float64(0.8500000000000001), 10)",houghCircleAlt,0.7875,55025076.74375,55547014.0
"(np.float64(1.0), 200, 360, np.float64(0.8500000000000001), 15)",houghCircleAlt,0.8958333333333334,53087271.733333334,53420729.5
"(np.float64(1.0), 200, 360, np.float64(0.9000000000000001), 5)",houghCircleAlt,0.7770833333333333,55950022.62291667,56925334.0
"(np.float64(1.0), 200, 360, np.float64(0.9000000000000001), 10)",houghCircleAlt,0.8520833333333333,54521599.15208333,55303869.0
"(np.float64(1.0), 200, 360, np.float64(0.9000000000000001), 15)",houghCircleAlt,0.9291666666666667,53447177.202083334,53563656.5
"(np.float64(1.0), 200, 370, np.float64(0.7), 5)",houghCircleAlt,0.41875,55264463.11875,56168179.0
"(np.float64(1.0), 200, 370, np.float64(0.7), 10)",houghCircleAlt,0.4625,55377245.08958333,56045494.0
"(np.float64(1.0), 200, 370, np.float64(0.7), 15)",houghCircleAlt,0.5520833333333334,53177697.202083334,53636414.0
"(np.float64(1.0), 200, 370, np.float64(0.75), 5)",houghCircleAlt,0.5041666666666667,55210712.97291667,56263904.0
"(np.float64(1.0), 200, 370, np.float64(0.75), 10)",houghCircleAlt,0.5541666666666667,53480754.99583333,54368047.5
"(np.float64(1.0), 200, 370, np.float64(0.75), 15)",houghCircleAlt,0.66875,53329753.677083336,53845777.5
"(np.float64(1.0), 200, 370, np.float64(0.8), 5)",houghCircleAlt,0.6145833333333334,55042273.96666667,55912364.5
"(np.float64(1.0), 200, 370, np.float64(0.8), 10)",houghCircleAlt,0.6979166666666666,54427636.96041667,54964211.5
"(np.float64(1.0), 200, 370, np.float64(0.8), 15)",houghCircleAlt,0.79375,52978838.05,53257929.0
"(np.float64(1.0), 200, 370, np.float64(0.8500000000000001), 5)",houghCircleAlt,0.7041666666666667,55537322.483333334,56248354.0
"(np.float64(1.0), 200, 370, np.float64(0.8500000000000001), 10)",houghCircleAlt,0.7833333333333333,53962599.87291667,54665285.0
"(np.float64(1.0), 200, 370, np.float64(0.8500000000000001), 15)",houghCircleAlt,0.89375,54148905.83125,54698582.0
"(np.float64(1.0), 200, 370, np.float64(0.9000000000000001), 5)",houghCircleAlt,0.7770833333333333,55780941.2875,56485189.5
"(np.float64(1.0), 200, 370, np.float64(0.9000000000000001), 10)",houghCircleAlt,0.8479166666666667,54218739.27291667,55156356.0
"(np.float64(1.0), 200, 370, np.float64(0.9000000000000001), 15)",houghCircleAlt,0.9270833333333334,52536467.327083334,53046898.5
"(np.float64(1.0), 200, 380, np.float64(0.7), 5)",houghCircleAlt,0.4083333333333333,55606112.514583334,56275981.0
"(np.float64(1.0), 200, 380, np.float64(0.7), 10)",houghCircleAlt,0.4583333333333333,53694211.90833333,54502754.5
"(np.float64(1.0), 200, 380, np.float64(0.7), 15)",houghCircleAlt,0.5479166666666667,52863904.458333336,53379633.0
"(np.float64(1.0), 200, 380, np.float64(0.75), 5)",houghCircleAlt,0.5083333333333333,55079636.55833333,55567398.5
"(np.float64(1.0), 200, 380, np.float64(0.75), 10)",houghCircleAlt,0.5541666666666667,53987288.17916667,54481991.0
"(np.float64(1.0), 200, 380, np.float64(0.75), 15)",houghCircleAlt,0.66875,52751583.42916667,53338701.0
"(np.float64(1.0), 200, 380, np.float64(0.8), 5)",houghCircleAlt,0.61875,57504514.677083336,58455165.0
"(np.float64(1.0), 200, 380, np.float64(0.8), 10)",houghCircleAlt,0.6979166666666666,54342038.827083334,54491553.5
"(np.float64(1.0), 200, 380, np.float64(0.8), 15)",houghCircleAlt,0.8,52864606.93333333,53551033.5
"(np.float64(1.0), 200, 380, np.float64(0.8500000000000001), 5)",houghCircleAlt,0.7083333333333334,54559761.395833336,55182835.5
"(np.float64(1.0), 200, 380, np.float64(0.8500000000000001), 10)",houghCircleAlt,0.7833333333333333,54390291.170833334,55158134.5
"(np.float64(1.0), 200, 380, np.float64(0.8500000000000001), 15)",houghCircleAlt,0.8875,52047411.82083333,52451456.5
"(np.float64(1.0), 200, 380, np.float64(0.9000000000000001), 5)",houghCircleAlt,0.78125,55357421.708333336,56084036.5
"(np.float64(1.0), 200, 380, np.float64(0.9000000000000001), 10)",houghCircleAlt,0.85,54231094.12708333,54737050.0
"(np.float64(1.0), 200, 380, np.float64(0.9000000000000001), 15)",houghCircleAlt,0.9270833333333334,52764920.05,53132924.5
"(np.float64(1.0), 200, 390, np.float64(0.7), 5)",houghCircleAlt,0.39791666666666664,55124149.1875,55511556.5
"(np.float64(1.0), 200, 390, np.float64(0.7), 10)",houghCircleAlt,0.47291666666666665,54460421.12291667,55107864.5
"(np.float64(1.0), 200, 390, np.float64(0.7), 15)",houghCircleAlt,0.5541666666666667,52858443.139583334,53224431.5
"(np.float64(1.0), 200, 390, np.float64(0.75), 5)",houghCircleAlt,0.5041666666666667,55078342.104166664,55913351.0
"(np.float64(1.0), 200, 390, np.float64(0.75), 10)",houghCircleAlt,0.5645833333333333,52995364.68541667,53679410.0
"(np.float64(1.0), 200, 390, np.float64(0.75), 15)",houghCircleAlt,0.6604166666666667,52299331.30625,52592045.0
"(np.float64(1.0), 200, 390, np.float64(0.8), 5)",houghCircleAlt,0.6145833333333334,55425401.704166666,56304405.5
"(np.float64(1.0), 200, 390, np.float64(0.8), 10)",houghCircleAlt,0.7,54031618.84791667,54601780.0
"(np.float64(1.0), 200, 390, np.float64(0.8), 15)",houghCircleAlt,0.7895833333333333,52611505.34166667,53083472.5
"(np.float64(1.0), 200, 390, np.float64(0.8500000000000001), 5)",houghCircleAlt,0.7083333333333334,55107825.72083333,55336018.5
"(np.float64(1.0), 200, 390, np.float64(0.8500000000000001), 10)",houghCircleAlt,0.7770833333333333,53974779.65625,54456573.5
"(np.float64(1.0), 200, 390, np.float64(0.8500000000000001), 15)",houghCircleAlt,0.8833333333333333,54014624.29375,54437416.5
"(np.float64(1.0), 200, 390, np.float64(0.9000000000000001), 5)",houghCircleAlt,0.7791666666666667,55090060.0625,55952673.0
"(np.float64(1.0), 200, 390, np.float64(0.9000000000000001), 10)",houghCircleAlt,0.85,53516527.952083334,54181977.5
"(np.float64(1.0), 200, 390, np.float64(0.9000000000000001), 15)",houghCircleAlt,0.925,51714601.1375,52144110.5
"(np.float64(1.0), 210, 300, np.float64(0.7), 5)",houghCircleAlt,0.3958333333333333,58307099.125,59653086.5
"(np.float64(1.0), 210, 300, np.float64(0.7), 10)",houghCircleAlt,0.47291666666666665,57560350.96666667,58808361.0
"(np.float64(1.0), 210, 300, np.float64(0.7), 15)",houghCircleAlt,0.5354166666666667,55928269.80416667,56840941.5
"(np.float64(1.0), 210, 300, np.float64(0.75), 5)",houghCircleAlt,0.4791666666666667,58870240.2375,60483064.0
"(np.float64(1.0), 210, 300, np.float64(0.75), 10)",houghCircleAlt,0.5583333333333333,57568495.0875,58475372.5
"(np.float64(1.0), 210, 300, np.float64(0.75), 15)",houghCircleAlt,0.6645833333333333,55848415.83958333,56501213.5
"(np.float64(1.0), 210, 300, np.float64(0.8), 5)",houghCircleAlt,0.61875,59951189.65625,61443175.5
"(np.float64(1.0), 210, 300, np.float64(0.8), 10)",houghCircleAlt,0.6979166666666666,57517215.825,58572931.0
"(np.float64(1.0), 210, 300, np.float64(0.8), 15)",houghCircleAlt,0.7958333333333333,56095400.84375,57018945.5
"(np.float64(1.0), 210, 300, np.float64(0.8500000000000001), 5)",houghCircleAlt,0.7041666666666667,58219506.06666667,59694847.5
"(np.float64(1.0), 210, 300, np.float64(0.8500000000000001), 10)",houghCircleAlt,0.79375,56843231.88125,57964825.0
"(np.float64(1.0), 210, 300, np.float64(0.8500000000000001), 15)",houghCircleAlt,0.8875,56759938.49791667,57732629.5
"(np.float64(1.0), 210, 300, np.float64(0.9000000000000001), 5)",houghCircleAlt,0.7770833333333333,59083333.983333334,60681436.0
"(np.float64(1.0), 210, 300, np.float64(0.9000000000000001), 10)",houghCircleAlt,0.85,57449534.14791667,58661075.5
"(np.float64(1.0), 210, 300, np.float64(0.9000000000000001), 15)",houghCircleAlt,0.9291666666666667,55795373.947916664,56703924.5
"(np.float64(1.0), 210, 310, np.float64(0.7), 5)",houghCircleAlt,0.40625,58589028.802083336,59892490.0
"(np.float64(1.0), 210, 310, np.float64(0.7), 10)",houghCircleAlt,0.47708333333333336,57464642.35625,58415054.0
"(np.float64(1.0), 210, 310, np.float64(0.7), 15)",houghCircleAlt,0.5395833333333333,56660081.62708333,57549104.5
"(np.float64(1.0), 210, 310, np.float64(0.75), 5)",houghCircleAlt,0.49583333333333335,58501305.425,59846975.5
"(np.float64(1.0), 210, 310, np.float64(0.75), 10)",houghCircleAlt,0.5645833333333333,56499406.27291667,57709069.5
"(np.float64(1.0), 210, 310, np.float64(0.75), 15)",houghCircleAlt,0.6666666666666666,54795731.98125,55722948.5
"(np.float64(1.0), 210, 310, np.float64(0.8), 5)",houghCircleAlt,0.625,59107635.93125,60284507.0
"(np.float64(1.0), 210, 310, np.float64(0.8), 10)",houghCircleAlt,0.6979166666666666,57406494.75,58527891.0
"(np.float64(1.0), 210, 310, np.float64(0.8), 15)",houghCircleAlt,0.7958333333333333,55749090.93541667,56472295.0
"(np.float64(1.0), 210, 310, np.float64(0.8500000000000001), 5)",houghCircleAlt,0.7,58387333.64375,59738487.0
"(np.float64(1.0), 210, 310, np.float64(0.8500000000000001), 10)",houghCircleAlt,0.7895833333333333,56967729.44375,57976977.0
"(np.float64(1.0), 210, 310, np.float64(0.8500000000000001), 15)",houghCircleAlt,0.8895833333333333,55927137.26875,56828387.5
"(np.float64(1.0), 210, 310, np.float64(0.9000000000000001), 5)",houghCircleAlt,0.76875,60946511.84166667,62227426.0
"(np.float64(1.0), 210, 310, np.float64(0.9000000000000001), 10)",houghCircleAlt,0.8520833333333333,57236860.547916666,58668185.0
"(np.float64(1.0), 210, 310, np.float64(0.9000000000000001), 15)",houghCircleAlt,0.9270833333333334,55342332.989583336,56185856.5
"(np.float64(1.0), 210, 320, np.float64(0.7), 5)",houghCircleAlt,0.4125,57733172.93541667,58825724.0
"(np.float64(1.0), 210, 320, np.float64(0.7), 10)",houghCircleAlt,0.4895833333333333,57614585.833333336,58562445.5
"(np.float64(1.0), 210, 320, np.float64(0.7), 15)",houghCircleAlt,0.55,55663746.83541667,56430872.5
"(np.float64(1.0), 210, 320, np.float64(0.75), 5)",houghCircleAlt,0.5083333333333333,58247938.047916666,59496899.5
"(np.float64(1.0), 210, 320, np.float64(0.75), 10)",houghCircleAlt,0.5729166666666666,56447648.9625,57585433.0
"(np.float64(1.0), 210, 320, np.float64(0.75), 15)",houghCircleAlt,0.6729166666666667,55386984.09375,56091143.5
"(np.float64(1.0), 210, 320, np.float64(0.8), 5)",houghCircleAlt,0.6291666666666667,58492698.34166667,59691745.0
"(np.float64(1.0), 210, 320, np.float64(0.8), 10)",houghCircleAlt,0.6916666666666667,58027183.34583333,59217274.5
"(np.float64(1.0), 210, 320, np.float64(0.8), 15)",houghCircleAlt,0.7979166666666667,55379837.84375,56272385.5
"(np.float64(1.0), 210, 320, np.float64(0.8500000000000001), 5)",houghCircleAlt,0.7020833333333333,57329907.677083336,58472036.0
"(np.float64(1.0), 210, 320, np.float64(0.8500000000000001), 10)",houghCircleAlt,0.7875,56517193.74583333,57222597.5
"(np.float64(1.0), 210, 320, np.float64(0.8500000000000001), 15)",houghCircleAlt,0.89375,56194886.41041667,56806160.5
"(np.float64(1.0), 210, 320, np.float64(0.9000000000000001), 5)",houghCircleAlt,0.76875,58449806.54375,59786748.0
"(np.float64(1.0), 210, 320, np.float64(0.9000000000000001), 10)",houghCircleAlt,0.8520833333333333,56965404.12916667,57730595.0
"(np.float64(1.0), 210, 320, np.float64(0.9000000000000001), 15)",houghCircleAlt,0.9270833333333334,55353200.30833333,56217061.0
"(np.float64(1.0), 210, 330, np.float64(0.7), 5)",houghCircleAlt,0.43125,57996856.489583336,58891313.0
"(np.float64(1.0), 210, 330, np.float64(0.7), 10)",houghCircleAlt,0.48333333333333334,56608156.31041667,57539822.0
"(np.float64(1.0), 210, 330, np.float64(0.7), 15)",houghCircleAlt,0.54375,56021606.65833333,56617557.5
"(np.float64(1.0), 210, 330, np.float64(0.75), 5)",houghCircleAlt,0.5208333333333334,58035230.670833334,59562010.5
"(np.float64(1.0), 210, 330, np.float64(0.75), 10)",houghCircleAlt,0.575,55890900.06875,56855724.0
"(np.float64(1.0), 210, 330, np.float64(0.75), 15)",houghCircleAlt,0.6666666666666666,54701895.71458333,55189358.0
"(np.float64(1.0), 210, 330, np.float64(0.8), 5)",houghCircleAlt,0.6291666666666667,58611727.197916664,59524501.0
"(np.float64(1.0), 210, 330, np.float64(0.8), 10)",houghCircleAlt,0.7,56559254.5375,57373535.0
"(np.float64(1.0), 210, 330, np.float64(0.8), 15)",houghCircleAlt,0.8020833333333334,55056503.9375,55728975.0
"(np.float64(1.0), 210, 330, np.float64(0.8500000000000001), 5)",houghCircleAlt,0.7125,57794930.33125,58950860.0
"(np.float64(1.0), 210, 330, np.float64(0.8500000000000001), 10)",houghCircleAlt,0.7875,56406008.927083336,57119093.0
"(np.float64(1.0), 210, 330, np.float64(0.8500000000000001), 15)",houghCircleAlt,0.8979166666666667,55490105.16458333,56131711.5
"(np.float64(1.0), 210, 330, np.float64(0.9000000000000001), 5)",houghCircleAlt,0.7791666666666667,58422200.15416667,59290076.0
"(np.float64(1.0), 210, 330, np.float64(0.9000000000000001), 10)",houghCircleAlt,0.8479166666666667,56286198.39791667,57286597.5
"(np.float64(1.0), 210, 330, np.float64(0.9000000000000001), 15)",houghCircleAlt,0.9291666666666667,54563247.84166667,55197964.5
"(np.float64(1.0), 210, 340, np.float64(0.7), 5)",houghCircleAlt,0.43333333333333335,57322454.59583333,58207259.0
"(np.float64(1.0), 210, 340, np.float64(0.7), 10)",houghCircleAlt,0.5,56677504.016666666,57577062.5
"(np.float64(1.0), 210, 340, np.float64(0.7), 15)",houghCircleAlt,0.5479166666666667,55275044.34791667,55665521.0
"(np.float64(1.0), 210, 340, np.float64(0.75), 5)",houghCircleAlt,0.5229166666666667,57574325.9125,58890832.0
"(np.float64(1.0), 210, 340, np.float64(0.75), 10)",houghCircleAlt,0.5770833333333333,56562757.860416666,57201939.0
"(np.float64(1.0), 210, 340, np.float64(0.75), 15)",houghCircleAlt,0.6791666666666667,54927224.96875,55426427.5
"(np.float64(1.0), 210, 340, np.float64(0.8), 5)",houghCircleAlt,0.6270833333333333,57560202.71875,58427498.5
"(np.float64(1.0), 210, 340, np.float64(0.8), 10)",houghCircleAlt,0.7104166666666667,56751877.6875,57168286.5
"(np.float64(1.0), 210, 340, np.float64(0.8), 15)",houghCircleAlt,0.8041666666666667,54964983.56041667,55565207.5
"(np.float64(1.0), 210, 340, np.float64(0.8500000000000001), 5)",houghCircleAlt,0.7125,56790043.6,57995537.5
"(np.float64(1.0), 210, 340, np.float64(0.8500000000000001), 10)",houghCircleAlt,0.79375,55956556.860416666,56857482.0
"(np.float64(1.0), 210, 340, np.float64(0.8500000000000001), 15)",houghCircleAlt,0.8958333333333334,55078830.66041667,55903688.0
"(np.float64(1.0), 210, 340, np.float64(0.9000000000000001), 5)",houghCircleAlt,0.7833333333333333,58260341.84166667,59047432.0
"(np.float64(1.0), 210, 340, np.float64(0.9000000000000001), 10)",houghCircleAlt,0.85,56127861.86875,57032681.5
"(np.float64(1.0), 210, 340, np.float64(0.9000000000000001), 15)",houghCircleAlt,0.9270833333333334,54742622.88125,55266828.0
"(np.float64(1.0), 210, 350, np.float64(0.7), 5)",houghCircleAlt,0.4375,57409935.21666667,58365526.5
"(np.float64(1.0), 210, 350, np.float64(0.7), 10)",houghCircleAlt,0.49583333333333335,56327438.37916667,57063649.5
"(np.float64(1.0), 210, 350, np.float64(0.7), 15)",houghCircleAlt,0.55625,55269092.266666666,55838290.5
"(np.float64(1.0), 210, 350, np.float64(0.75), 5)",houghCircleAlt,0.5270833333333333,57328705.15416667,58509096.0
"(np.float64(1.0), 210, 350, np.float64(0.75), 10)",houghCircleAlt,0.58125,55546789.175,56518742.0
"(np.float64(1.0), 210, 350, np.float64(0.75), 15)",houghCircleAlt,0.6729166666666667,54472348.204166666,55179930.5
"(np.float64(1.0), 210, 350, np.float64(0.8), 5)",houghCircleAlt,0.6333333333333333,57775509.420833334,58691567.5
"(np.float64(1.0), 210, 350, np.float64(0.8), 10)",houghCircleAlt,0.7145833333333333,56763581.047916666,57159609.0
"(np.float64(1.0), 210, 350, np.float64(0.8), 15)",houghCircleAlt,0.8083333333333333,54847095.75,55548696.5
"(np.float64(1.0), 210, 350, np.float64(0.8500000000000001), 5)",houghCircleAlt,0.7166666666666667,57355419.62708333,58395993.5
"(np.float64(1.0), 210, 350, np.float64(0.8500000000000001), 10)",houghCircleAlt,0.7916666666666666,56342785.09166667,57092924.0
"(np.float64(1.0), 210, 350, np.float64(0.8500000000000001), 15)",houghCircleAlt,0.8979166666666667,55140238.55625,55444026.0
"(np.float64(1.0), 210, 350, np.float64(0.9000000000000001), 5)",houghCircleAlt,0.7833333333333333,59811773.18333333,60810498.0
"(np.float64(1.0), 210, 350, np.float64(0.9000000000000001), 10)",houghCircleAlt,0.8458333333333333,56032126.68333333,56803411.0
"(np.float64(1.0), 210, 350, np.float64(0.9000000000000001), 15)",houghCircleAlt,0.9270833333333334,54495389.74375,55185751.0
"(np.float64(1.0), 210, 360, np.float64(0.7), 5)",houghCircleAlt,0.42916666666666664,56688623.87291667,57642154.0
"(np.float64(1.0), 210, 360, np.float64(0.7), 10)",houghCircleAlt,0.49375,56280408.2125,56816230.0
"(np.float64(1.0), 210, 360, np.float64(0.7), 15)",houghCircleAlt,0.55,54369841.07083333,54835819.5
"(np.float64(1.0), 210, 360, np.float64(0.75), 5)",houghCircleAlt,0.5208333333333334,57664377.37708333,58314060.0
"(np.float64(1.0), 210, 360, np.float64(0.75), 10)",houghCircleAlt,0.5833333333333334,55761591.77916667,56509044.0
"(np.float64(1.0), 210, 360, np.float64(0.75), 15)",houghCircleAlt,0.675,54778115.48125,55150595.0
"(np.float64(1.0), 210, 360, np.float64(0.8), 5)",houghCircleAlt,0.6270833333333333,57559730.639583334,58326412.5
"(np.float64(1.0), 210, 360, np.float64(0.8), 10)",houghCircleAlt,0.7229166666666667,56132519.65416667,56677018.5
"(np.float64(1.0), 210, 360, np.float64(0.8), 15)",houghCircleAlt,0.7979166666666667,56085075.327083334,56294701.5
"(np.float64(1.0), 210, 360, np.float64(0.8500000000000001), 5)",houghCircleAlt,0.71875,56897643.90833333,58007609.5
"(np.float64(1.0), 210, 360, np.float64(0.8500000000000001), 10)",houghCircleAlt,0.7916666666666666,55614440.11875,56355760.5
"(np.float64(1.0), 210, 360, np.float64(0.8500000000000001), 15)",houghCircleAlt,0.8895833333333333,54832488.11666667,55389147.5
"(np.float64(1.0), 210, 360, np.float64(0.9000000000000001), 5)",houghCircleAlt,0.7833333333333333,57581275.125,58237430.5
"(np.float64(1.0), 210, 360, np.float64(0.9000000000000001), 10)",houghCircleAlt,0.8458333333333333,56601144.54375,57044473.5
"(np.float64(1.0), 210, 360, np.float64(0.9000000000000001), 15)",houghCircleAlt,0.9229166666666667,54751986.06666667,55229978.5
"(np.float64(1.0), 210, 370, np.float64(0.7), 5)",houghCircleAlt,0.43125,56923423.04375,57496491.0
"(np.float64(1.0), 210, 370, np.float64(0.7), 10)",houghCircleAlt,0.4895833333333333,56119778.58958333,56527333.0
"(np.float64(1.0), 210, 370, np.float64(0.7), 15)",houghCircleAlt,0.5645833333333333,54673603.891666666,55004216.0
"(np.float64(1.0), 210, 370, np.float64(0.75), 5)",houghCircleAlt,0.525,58229276.74375,58897971.0
"(np.float64(1.0), 210, 370, np.float64(0.75), 10)",houghCircleAlt,0.5791666666666667,55418362.858333334,56063742.5
"(np.float64(1.0), 210, 370, np.float64(0.75), 15)",houghCircleAlt,0.68125,54096216.5,54589653.0
"(np.float64(1.0), 210, 370, np.float64(0.8), 5)",houghCircleAlt,0.625,57114767.735416666,57795607.0
"(np.float64(1.0), 210, 370, np.float64(0.8), 10)",houghCircleAlt,0.7145833333333333,55582538.375,56140270.5
"(np.float64(1.0), 210, 370, np.float64(0.8), 15)",houghCircleAlt,0.7916666666666666,54583487.15,54745589.5
"(np.float64(1.0), 210, 370, np.float64(0.8500000000000001), 5)",houghCircleAlt,0.7145833333333333,57636008.53541667,58357802.0
"(np.float64(1.0), 210, 370, np.float64(0.8500000000000001), 10)",houghCircleAlt,0.7895833333333333,55992109.97708333,56791488.5
"(np.float64(1.0), 210, 370, np.float64(0.8500000000000001), 15)",houghCircleAlt,0.8875,54849261.17916667,55195594.0
"(np.float64(1.0), 210, 370, np.float64(0.9000000000000001), 5)",houghCircleAlt,0.7833333333333333,57425386.16041667,58072235.5
"(np.float64(1.0), 210, 370, np.float64(0.9000000000000001), 10)",houghCircleAlt,0.8416666666666667,57076005.15416667,57813079.5
"(np.float64(1.0), 210, 370, np.float64(0.9000000000000001), 15)",houghCircleAlt,0.9208333333333333,54070168.97708333,54620080.0
"(np.float64(1.0), 210, 380, np.float64(0.7), 5)",houghCircleAlt,0.425,56284733.5375,57003752.0
"(np.float64(1.0), 210, 380, np.float64(0.7), 10)",houghCircleAlt,0.4875,55676242.16875,56160549.5
"(np.float64(1.0), 210, 380, np.float64(0.7), 15)",houghCircleAlt,0.5625,54209400.927083336,54586737.5
"(np.float64(1.0), 210, 380, np.float64(0.75), 5)",houghCircleAlt,0.5270833333333333,56736393.52708333,57312907.0
"(np.float64(1.0), 210, 380, np.float64(0.75), 10)",houghCircleAlt,0.58125,56153448.172916666,56603515.5
"(np.float64(1.0), 210, 380, np.float64(0.75), 15)",houghCircleAlt,0.6791666666666667,54352342.52916667,54793069.5
"(np.float64(1.0), 210, 380, np.float64(0.8), 5)",houghCircleAlt,0.6291666666666667,56948183.55625,57600956.5
"(np.float64(1.0), 210, 380, np.float64(0.8), 10)",houghCircleAlt,0.7125,55848756.19583333,56259531.0
"(np.float64(1.0), 210, 380, np.float64(0.8), 15)",houghCircleAlt,0.7979166666666667,53765853.141666666,54116941.5
"(np.float64(1.0), 210, 380, np.float64(0.8500000000000001), 5)",houghCircleAlt,0.71875,57804707.485416666,58440777.0
"(np.float64(1.0), 210, 380, np.float64(0.8500000000000001), 10)",houghCircleAlt,0.7875,55059280.6625,55455777.5
"(np.float64(1.0), 210, 380, np.float64(0.8500000000000001), 15)",houghCircleAlt,0.88125,54238626.91041667,54645843.5
"(np.float64(1.0), 210, 380, np.float64(0.9000000000000001), 5)",houghCircleAlt,0.7875,56893218.89791667,57549305.5
"(np.float64(1.0), 210, 380, np.float64(0.9000000000000001), 10)",houghCircleAlt,0.84375,55697098.71458333,55936986.0
"(np.float64(1.0), 210, 380, np.float64(0.9000000000000001), 15)",houghCircleAlt,0.9208333333333333,54424279.697916664,54740375.5
"(np.float64(1.0), 210, 390, np.float64(0.7), 5)",houghCircleAlt,0.4166666666666667,57373788.49166667,58102272.5
"(np.float64(1.0), 210, 390, np.float64(0.7), 10)",houghCircleAlt,0.5041666666666667,55487016.96875,55859775.0
"(np.float64(1.0), 210, 390, np.float64(0.7), 15)",houghCircleAlt,0.5729166666666666,54116088.90833333,54576397.0
"(np.float64(1.0), 210, 390, np.float64(0.75), 5)",houghCircleAlt,0.5208333333333334,56135275.99583333,56609747.5
"(np.float64(1.0), 210, 390, np.float64(0.75), 10)",houghCircleAlt,0.5895833333333333,56452733.27291667,57022702.0
"(np.float64(1.0), 210, 390, np.float64(0.75), 15)",houghCircleAlt,0.6708333333333333,53852078.25833333,54387128.0
"(np.float64(1.0), 210, 390, np.float64(0.8), 5)",houghCircleAlt,0.625,56485318.295833334,56871212.5
"(np.float64(1.0), 210, 390, np.float64(0.8), 10)",houghCircleAlt,0.7125,55191804.33541667,55663011.5
"(np.float64(1.0), 210, 390, np.float64(0.8), 15)",houghCircleAlt,0.7895833333333333,54114695.525,54534434.0
"(np.float64(1.0), 210, 390, np.float64(0.8500000000000001), 5)",houghCircleAlt,0.71875,56547993.739583336,56677690.0
"(np.float64(1.0), 210, 390, np.float64(0.8500000000000001), 10)",houghCircleAlt,0.78125,56003981.114583336,56581686.0
"(np.float64(1.0), 210, 390, np.float64(0.8500000000000001), 15)",houghCircleAlt,0.8770833333333333,54358578.99583333,54865149.5
"(np.float64(1.0), 210, 390, np.float64(0.9000000000000001), 5)",houghCircleAlt,0.7854166666666667,56921509.40208333,56962890.0
"(np.float64(1.0), 210, 390, np.float64(0.9000000000000001), 10)",houghCircleAlt,0.84375,54715870.20625,55260926.5
"(np.float64(1.0), 210, 390, np.float64(0.9000000000000001), 15)",houghCircleAlt,0.91875,55422989.58958333,56134831.0
"(np.float64(1.0), 220, 300, np.float64(0.7), 5)",houghCircleAlt,0.4166666666666667,60417649.45,61776625.5
"(np.float64(1.0), 220, 300, np.float64(0.7), 10)",houghCircleAlt,0.4875,59066459.02708333,59962833.0
"(np.float64(1.0), 220, 300, np.float64(0.7), 15)",houghCircleAlt,0.5333333333333333,57299009.14791667,58234996.5
"(np.float64(1.0), 220, 300, np.float64(0.75), 5)",houghCircleAlt,0.49375,60363255.61666667,61734226.0
"(np.float64(1.0), 220, 300, np.float64(0.75), 10)",houghCircleAlt,0.5708333333333333,58643633.635416664,59693617.5
"(np.float64(1.0), 220, 300, np.float64(0.75), 15)",houghCircleAlt,0.6604166666666667,58016775.12083333,58660554.5
"(np.float64(1.0), 220, 300, np.float64(0.8), 5)",houghCircleAlt,0.625,60508183.87083333,61584966.0
"(np.float64(1.0), 220, 300, np.float64(0.8), 10)",houghCircleAlt,0.7083333333333334,58617522.62083333,59711136.0
"(np.float64(1.0), 220, 300, np.float64(0.8), 15)",houghCircleAlt,0.7875,57866983.266666666,58630689.0
"(np.float64(1.0), 220, 300, np.float64(0.8500000000000001), 5)",houghCircleAlt,0.7083333333333334,63090263.22291667,64583741.5
"(np.float64(1.0), 220, 300, np.float64(0.8500000000000001), 10)",houghCircleAlt,0.8,58576466.84375,59784814.0
"(np.float64(1.0), 220, 300, np.float64(0.8500000000000001), 15)",houghCircleAlt,0.8833333333333333,57419645.61666667,58187677.5
"(np.float64(1.0), 220, 300, np.float64(0.9000000000000001), 5)",houghCircleAlt,0.7770833333333333,60296879.16041667,61625211.0
"(np.float64(1.0), 220, 300, np.float64(0.9000000000000001), 10)",houghCircleAlt,0.8458333333333333,58770259.75208333,59784871.5
"(np.float64(1.0), 220, 300, np.float64(0.9000000000000001), 15)",houghCircleAlt,0.9208333333333333,57390030.329166666,58143655.0
"(np.float64(1.0), 220, 310, np.float64(0.7), 5)",houghCircleAlt,0.43125,60665678.12916667,61704606.0
"(np.float64(1.0), 220, 310, np.float64(0.7), 10)",houghCircleAlt,0.4875,58943541.1875,60072012.5
"(np.float64(1.0), 220, 310, np.float64(0.7), 15)",houghCircleAlt,0.5416666666666666,56980426.075,57812203.0
"(np.float64(1.0), 220, 310, np.float64(0.75), 5)",houghCircleAlt,0.5104166666666666,59637501.19375,60782601.0
"(np.float64(1.0), 220, 310, np.float64(0.75), 10)",houghCircleAlt,0.575,61599122.33541667,62867546.5
"(np.float64(1.0), 220, 310, np.float64(0.75), 15)",houghCircleAlt,0.6666666666666666,56135480.55416667,57184926.5
"(np.float64(1.0), 220, 310, np.float64(0.8), 5)",houghCircleAlt,0.63125,59781551.260416664,61143543.0
"(np.float64(1.0), 220, 310, np.float64(0.8), 10)",houghCircleAlt,0.7083333333333334,58448496.49375,59543706.5
"(np.float64(1.0), 220, 310, np.float64(0.8), 15)",houghCircleAlt,0.7895833333333333,56960330.41041667,57522851.0
"(np.float64(1.0), 220, 310, np.float64(0.8500000000000001), 5)",houghCircleAlt,0.7041666666666667,59844862.90208333,60923701.0
"(np.float64(1.0), 220, 310, np.float64(0.8500000000000001), 10)",houghCircleAlt,0.7958333333333333,59394426.65416667,60258934.0
"(np.float64(1.0), 220, 310, np.float64(0.8500000000000001), 15)",houghCircleAlt,0.8854166666666666,57455355.77708333,58157256.0
"(np.float64(1.0), 220, 310, np.float64(0.9000000000000001), 5)",houghCircleAlt,0.76875,59971982.7375,61457497.5
"(np.float64(1.0), 220, 310, np.float64(0.9000000000000001), 10)",houghCircleAlt,0.8479166666666667,58432674.30625,59556471.0
"(np.float64(1.0), 220, 310, np.float64(0.9000000000000001), 15)",houghCircleAlt,0.91875,60381370.175,61771432.0
"(np.float64(1.0), 220, 320, np.float64(0.7), 5)",houghCircleAlt,0.43333333333333335,59508775.92916667,60875355.0
"(np.float64(1.0), 220, 320, np.float64(0.7), 10)",houghCircleAlt,0.5,58338498.416666664,59195238.5
"(np.float64(1.0), 220, 320, np.float64(0.7), 15)",houghCircleAlt,0.5583333333333333,57178451.90416667,57615830.0
"(np.float64(1.0), 220, 320, np.float64(0.75), 5)",houghCircleAlt,0.5208333333333334,59946924.49791667,60566296.0
"(np.float64(1.0), 220, 320, np.float64(0.75), 10)",houghCircleAlt,0.58125,58258768.18333333,59181101.5
"(np.float64(1.0), 220, 320, np.float64(0.75), 15)",houghCircleAlt,0.6729166666666667,57524671.79375,58155321.5
"(np.float64(1.0), 220, 320, np.float64(0.8), 5)",houghCircleAlt,0.6395833333333333,60167225.96458333,61504584.5
"(np.float64(1.0), 220, 320, np.float64(0.8), 10)",houghCircleAlt,0.6979166666666666,58324041.375,59442281.5
"(np.float64(1.0), 220, 320, np.float64(0.8), 15)",houghCircleAlt,0.7916666666666666,56401047.59583333,57222917.5
"(np.float64(1.0), 220, 320, np.float64(0.8500000000000001), 5)",houghCircleAlt,0.7104166666666667,62324013.37291667,63678709.0
"(np.float64(1.0), 220, 320, np.float64(0.8500000000000001), 10)",houghCircleAlt,0.7916666666666666,57966112.51875,59023947.0
"(np.float64(1.0), 220, 320, np.float64(0.8500000000000001), 15)",houghCircleAlt,0.8875,56784038.24583333,57548854.0
"(np.float64(1.0), 220, 320, np.float64(0.9000000000000001), 5)",houghCircleAlt,0.7708333333333334,59738484.05,60798200.0
"(np.float64(1.0), 220, 320, np.float64(0.9000000000000001), 10)",houghCircleAlt,0.8479166666666667,58311007.1,59151395.5
"(np.float64(1.0), 220, 320, np.float64(0.9000000000000001), 15)",houghCircleAlt,0.9166666666666666,56704313.458333336,57378570.0
"(np.float64(1.0), 220, 330, np.float64(0.7), 5)",houghCircleAlt,0.4479166666666667,59929989.354166664,60977677.0
"(np.float64(1.0), 220, 330, np.float64(0.7), 10)",houghCircleAlt,0.49375,58276991.37916667,58989567.0
"(np.float64(1.0), 220, 330, np.float64(0.7), 15)",houghCircleAlt,0.55,55812140.80416667,56782416.0
"(np.float64(1.0), 220, 330, np.float64(0.75), 5)",houghCircleAlt,0.5291666666666667,59815519.78125,60682422.5
"(np.float64(1.0), 220, 330, np.float64(0.75), 10)",houghCircleAlt,0.5791666666666667,57753203.427083336,58762596.5
"(np.float64(1.0), 220, 330, np.float64(0.75), 15)",houghCircleAlt,0.66875,59718202.25833333,60682809.0
"(np.float64(1.0), 220, 330, np.float64(0.8), 5)",houghCircleAlt,0.6375,59363548.041666664,60366760.0
"(np.float64(1.0), 220, 330, np.float64(0.8), 10)",houghCircleAlt,0.7041666666666667,58272740.38125,59007461.5
"(np.float64(1.0), 220, 330, np.float64(0.8), 15)",houghCircleAlt,0.7979166666666667,56837152.329166666,57335218.5
"(np.float64(1.0), 220, 330, np.float64(0.8500000000000001), 5)",houghCircleAlt,0.7166666666666667,59621903.108333334,60585225.5
"(np.float64(1.0), 220, 330, np.float64(0.8500000000000001), 10)",houghCircleAlt,0.79375,58446261.18958333,59266972.5
"(np.float64(1.0), 220, 330, np.float64(0.8500000000000001), 15)",houghCircleAlt,0.8916666666666667,57089630.51875,57430747.5
"(np.float64(1.0), 220, 330, np.float64(0.9000000000000001), 5)",houghCircleAlt,0.7770833333333333,58813069.08125,59857235.0
"(np.float64(1.0), 220, 330, np.float64(0.9000000000000001), 10)",houghCircleAlt,0.8458333333333333,58718849.12083333,59292409.5
"(np.float64(1.0), 220, 330, np.float64(0.9000000000000001), 15)",houghCircleAlt,0.91875,56376649.02291667,57162394.0
"(np.float64(1.0), 220, 340, np.float64(0.7), 5)",houghCircleAlt,0.45208333333333334,62256851.12708333,63288642.0
"(np.float64(1.0), 220, 340, np.float64(0.7), 10)",houghCircleAlt,0.50625,57894782.833333336,58449088.0
"(np.float64(1.0), 220, 340, np.float64(0.7), 15)",houghCircleAlt,0.5541666666666667,57145137.68333333,57606668.0
"(np.float64(1.0), 220, 340, np.float64(0.75), 5)",houghCircleAlt,0.5333333333333333,59598462.8,60160883.5
"(np.float64(1.0), 220, 340, np.float64(0.75), 10)",houghCircleAlt,0.5770833333333333,57942810.5375,58419621.5
"(np.float64(1.0), 220, 340, np.float64(0.75), 15)",houghCircleAlt,0.68125,57401916.889583334,57847399.5
"(np.float64(1.0), 220, 340, np.float64(0.8), 5)",houghCircleAlt,0.6354166666666666,59437063.264583334,60390423.5
"(np.float64(1.0), 220, 340, np.float64(0.8), 10)",houghCircleAlt,0.7104166666666667,57101632.15,58079945.0
"(np.float64(1.0), 220, 340, np.float64(0.8), 15)",houghCircleAlt,0.7979166666666667,57107268.06666667,57749631.5
"(np.float64(1.0), 220, 340, np.float64(0.8500000000000001), 5)",houghCircleAlt,0.7145833333333333,58935633.635416664,59798495.0
"(np.float64(1.0), 220, 340, np.float64(0.8500000000000001), 10)",houghCircleAlt,0.7958333333333333,60463101.75833333,61139736.0
"(np.float64(1.0), 220, 340, np.float64(0.8500000000000001), 15)",houghCircleAlt,0.8875,56379560.65833333,56932823.5
"(np.float64(1.0), 220, 340, np.float64(0.9000000000000001), 5)",houghCircleAlt,0.78125,59480673.68541667,60800434.0
"(np.float64(1.0), 220, 340, np.float64(0.9000000000000001), 10)",houghCircleAlt,0.8458333333333333,58075252.85625,58609268.5
"(np.float64(1.0), 220, 340, np.float64(0.9000000000000001), 15)",houghCircleAlt,0.9145833333333333,56732200.385416664,57327926.5
"(np.float64(1.0), 220, 350, np.float64(0.7), 5)",houghCircleAlt,0.45416666666666666,59445450.81666667,60200839.0
"(np.float64(1.0), 220, 350, np.float64(0.7), 10)",houghCircleAlt,0.50625,57775081.66875,58351596.0
"(np.float64(1.0), 220, 350, np.float64(0.7), 15)",houghCircleAlt,0.5604166666666667,55565382.74791667,56328159.0
"(np.float64(1.0), 220, 350, np.float64(0.75), 5)",houghCircleAlt,0.5395833333333333,59318525.9,60151060.5
"(np.float64(1.0), 220, 350, np.float64(0.75), 10)",houghCircleAlt,0.5833333333333334,57180339.89375,57881618.0
"(np.float64(1.0), 220, 350, np.float64(0.75), 15)",houghCircleAlt,0.6770833333333334,59074207.020833336,59890702.5
"(np.float64(1.0), 220, 350, np.float64(0.8), 5)",houghCircleAlt,0.6395833333333333,58827945.885416664,59873530.5
"(np.float64(1.0), 220, 350, np.float64(0.8), 10)",houghCircleAlt,0.7145833333333333,57805428.045833334,58407194.5
"(np.float64(1.0), 220, 350, np.float64(0.8), 15)",houghCircleAlt,0.8041666666666667,56333687.375,56779673.0
"(np.float64(1.0), 220, 350, np.float64(0.8500000000000001), 5)",houghCircleAlt,0.7166666666666667,58885922.88333333,59889820.5
"(np.float64(1.0), 220, 350, np.float64(0.8500000000000001), 10)",houghCircleAlt,0.79375,58486378.43541667,59197216.5
"(np.float64(1.0), 220, 350, np.float64(0.8500000000000001), 15)",houghCircleAlt,0.8895833333333333,56630672.514583334,56989064.0
"(np.float64(1.0), 220, 350, np.float64(0.9000000000000001), 5)",houghCircleAlt,0.78125,58255443.67916667,59192477.5
"(np.float64(1.0), 220, 350, np.float64(0.9000000000000001), 10)",houghCircleAlt,0.8416666666666667,58138355.264583334,58546250.5
"(np.float64(1.0), 220, 350, np.float64(0.9000000000000001), 15)",houghCircleAlt,0.9145833333333333,55946479.985416666,56300977.5
"(np.float64(1.0), 220, 360, np.float64(0.7), 5)",houghCircleAlt,0.45,59987682.71041667,60767829.5
"(np.float64(1.0), 220, 360, np.float64(0.7), 10)",houghCircleAlt,0.5083333333333333,57306375.49791667,57858110.0
"(np.float64(1.0), 220, 360, np.float64(0.7), 15)",houghCircleAlt,0.5541666666666667,56194587.6375,56404366.5
"(np.float64(1.0), 220, 360, np.float64(0.75), 5)",houghCircleAlt,0.5333333333333333,58586832.84583333,59248283.0
"(np.float64(1.0), 220, 360, np.float64(0.75), 10)",houghCircleAlt,0.5895833333333333,57575917.770833336,58071494.0
"(np.float64(1.0), 220, 360, np.float64(0.75), 15)",houghCircleAlt,0.6770833333333334,56498311.03541667,57179456.5
"(np.float64(1.0), 220, 360, np.float64(0.8), 5)",houghCircleAlt,0.6354166666666666,58642027.71666667,59062669.0
"(np.float64(1.0), 220, 360, np.float64(0.8), 10)",houghCircleAlt,0.7229166666666667,56468826.8125,57167358.5
"(np.float64(1.0), 220, 360, np.float64(0.8), 15)",houghCircleAlt,0.7916666666666666,56326347.725,56763821.5
"(np.float64(1.0), 220, 360, np.float64(0.8500000000000001), 5)",houghCircleAlt,0.71875,57621862.69375,58456797.5
"(np.float64(1.0), 220, 360, np.float64(0.8500000000000001), 10)",houghCircleAlt,0.79375,57169665.84166667,58005194.0
"(np.float64(1.0), 220, 360, np.float64(0.8500000000000001), 15)",houghCircleAlt,0.8791666666666667,58719672.06458333,59377921.0
"(np.float64(1.0), 220, 360, np.float64(0.9000000000000001), 5)",houghCircleAlt,0.78125,58516604.99375,59116880.5
"(np.float64(1.0), 220, 360, np.float64(0.9000000000000001), 10)",houghCircleAlt,0.8416666666666667,57554711.80416667,58364069.0
"(np.float64(1.0), 220, 360, np.float64(0.9000000000000001), 15)",houghCircleAlt,0.9104166666666667,56054337.59583333,56413018.5
"(np.float64(1.0), 220, 370, np.float64(0.7), 5)",houghCircleAlt,0.44375,58983843.545833334,59669187.0
"(np.float64(1.0), 220, 370, np.float64(0.7), 10)",houghCircleAlt,0.50625,56134967.90208333,56984621.5
"(np.float64(1.0), 220, 370, np.float64(0.7), 15)",houghCircleAlt,0.56875,56008447.15625,56455157.5
"(np.float64(1.0), 220, 370, np.float64(0.75), 5)",houghCircleAlt,0.5270833333333333,58797580.3625,59553084.0
"(np.float64(1.0), 220, 370, np.float64(0.75), 10)",houghCircleAlt,0.5895833333333333,56352334.4125,57089792.5
"(np.float64(1.0), 220, 370, np.float64(0.75), 15)",houghCircleAlt,0.6833333333333333,56045701.19375,56442664.0
"(np.float64(1.0), 220, 370, np.float64(0.8), 5)",houghCircleAlt,0.6270833333333333,61263505.62291667,62152221.0
"(np.float64(1.0), 220, 370, np.float64(0.8), 10)",houghCircleAlt,0.7125,57260884.52708333,57736269.5
"(np.float64(1.0), 220, 370, np.float64(0.8), 15)",houghCircleAlt,0.7854166666666667,55930394.91875,56495378.0
"(np.float64(1.0), 220, 370, np.float64(0.8500000000000001), 5)",houghCircleAlt,0.7145833333333333,58346540.416666664,58807020.0
"(np.float64(1.0), 220, 370, np.float64(0.8500000000000001), 10)",houghCircleAlt,0.7916666666666666,57773886.18541667,58402486.0
"(np.float64(1.0), 220, 370, np.float64(0.8500000000000001), 15)",houghCircleAlt,0.8791666666666667,55091993.68958333,55718570.5
"(np.float64(1.0), 220, 370, np.float64(0.9000000000000001), 5)",houghCircleAlt,0.78125,58663975.43958333,59154813.0
"(np.float64(1.0), 220, 370, np.float64(0.9000000000000001), 10)",houghCircleAlt,0.8375,56998596.62916667,57855143.5
"(np.float64(1.0), 220, 370, np.float64(0.9000000000000001), 15)",houghCircleAlt,0.9083333333333333,55608066.55833333,55935027.0
"(np.float64(1.0), 220, 380, np.float64(0.7), 5)",houghCircleAlt,0.44375,58207378.666666664,58883709.5
"(np.float64(1.0), 220, 380, np.float64(0.7), 10)",houghCircleAlt,0.5083333333333333,56912449.87916667,57372859.5
"(np.float64(1.0), 220, 380, np.float64(0.7), 15)",houghCircleAlt,0.5645833333333333,55989729.86666667,56457292.0
"(np.float64(1.0), 220, 380, np.float64(0.75), 5)",houghCircleAlt,0.53125,58356419.114583336,58844835.5
"(np.float64(1.0), 220, 380, np.float64(0.75), 10)",houghCircleAlt,0.5895833333333333,59781089.34791667,60268316.5
"(np.float64(1.0), 220, 380, np.float64(0.75), 15)",houghCircleAlt,0.6833333333333333,56119504.44375,56337922.5
"(np.float64(1.0), 220, 380, np.float64(0.8), 5)",houghCircleAlt,0.63125,57602027.395833336,58266896.5
"(np.float64(1.0), 220, 380, np.float64(0.8), 10)",houghCircleAlt,0.7125,57441259.322916664,57766658.0
"(np.float64(1.0), 220, 380, np.float64(0.8), 15)",houghCircleAlt,0.7916666666666666,55437742.697916664,55971219.5
"(np.float64(1.0), 220, 380, np.float64(0.8500000000000001), 5)",houghCircleAlt,0.71875,57690499.55833333,58377469.0
"(np.float64(1.0), 220, 380, np.float64(0.8500000000000001), 10)",houghCircleAlt,0.7916666666666666,57013032.71875,57320660.0
"(np.float64(1.0), 220, 380, np.float64(0.8500000000000001), 15)",houghCircleAlt,0.875,56091531.766666666,56397370.5
"(np.float64(1.0), 220, 380, np.float64(0.9000000000000001), 5)",houghCircleAlt,0.7854166666666667,58339223.670833334,58915272.5
"(np.float64(1.0), 220, 380, np.float64(0.9000000000000001), 10)",houghCircleAlt,0.8395833333333333,57046981.21041667,57619796.0
"(np.float64(1.0), 220, 380, np.float64(0.9000000000000001), 15)",houghCircleAlt,0.9083333333333333,58206160.7625,58609364.0
"(np.float64(1.0), 220, 390, np.float64(0.7), 5)",houghCircleAlt,0.4354166666666667,58849385.61875,59519250.5
"(np.float64(1.0), 220, 390, np.float64(0.7), 10)",houghCircleAlt,0.5208333333333334,55987047.44375,56539491.5
"(np.float64(1.0), 220, 390, np.float64(0.7), 15)",houghCircleAlt,0.575,56028597.78333333,56291180.0
"(np.float64(1.0), 220, 390, np.float64(0.75), 5)",houghCircleAlt,0.5291666666666667,57761004.6875,58456935.5
"(np.float64(1.0), 220, 390, np.float64(0.75), 10)",houghCircleAlt,0.5958333333333333,56617129.989583336,57140296.0
"(np.float64(1.0), 220, 390, np.float64(0.75), 15)",houghCircleAlt,0.675,55721353.67916667,56086366.5
"(np.float64(1.0), 220, 390, np.float64(0.8), 5)",houghCircleAlt,0.63125,58351562.985416666,58770175.0
"(np.float64(1.0), 220, 390, np.float64(0.8), 10)",houghCircleAlt,0.7125,57058154.55833333,57604058.5
"(np.float64(1.0), 220, 390, np.float64(0.8), 15)",houghCircleAlt,0.7833333333333333,55721755.447916664,56334702.0
"(np.float64(1.0), 220, 390, np.float64(0.8500000000000001), 5)",houghCircleAlt,0.7229166666666667,60367101.95625,61231302.5
"(np.float64(1.0), 220, 390, np.float64(0.8500000000000001), 10)",houghCircleAlt,0.7854166666666667,55923179.479166664,56395535.5
"(np.float64(1.0), 220, 390, np.float64(0.8500000000000001), 15)",houghCircleAlt,0.8708333333333333,56250002.89375,56531325.5
"(np.float64(1.0), 220, 390, np.float64(0.9000000000000001), 5)",houghCircleAlt,0.7833333333333333,58385660.35,58864422.0
"(np.float64(1.0), 220, 390, np.float64(0.9000000000000001), 10)",houghCircleAlt,0.8375,56617717.447916664,57124002.0
"(np.float64(1.0), 220, 390, np.float64(0.9000000000000001), 15)",houghCircleAlt,0.90625,55026084.99166667,55387084.0
"(np.float64(1.0), 230, 300, np.float64(0.7), 5)",houghCircleAlt,0.4270833333333333,61863116.514583334,63110408.0
"(np.float64(1.0), 230, 300, np.float64(0.7), 10)",houghCircleAlt,0.5020833333333333,60558854.68333333,61467906.5
"(np.float64(1.0), 230, 300, np.float64(0.7), 15)",houghCircleAlt,0.54375,58961048.577083334,59244295.5
"(np.float64(1.0), 230, 300, np.float64(0.75), 5)",houghCircleAlt,0.5083333333333333,61837199.4125,63020264.0
"(np.float64(1.0), 230, 300, np.float64(0.75), 10)",houghCircleAlt,0.5854166666666667,62805685.34375,64406885.5
"(np.float64(1.0), 230, 300, np.float64(0.75), 15)",houghCircleAlt,0.6666666666666666,58081883.541666664,59157221.5
"(np.float64(1.0), 230, 300, np.float64(0.8), 5)",houghCircleAlt,0.63125,62399971.677083336,63670118.0
"(np.float64(1.0), 230, 300, np.float64(0.8), 10)",houghCircleAlt,0.7145833333333333,60844079.354166664,61680220.0
"(np.float64(1.0), 230, 300, np.float64(0.8), 15)",houghCircleAlt,0.7895833333333333,58648170.81875,59724094.5
"(np.float64(1.0), 230, 300, np.float64(0.8500000000000001), 5)",houghCircleAlt,0.7083333333333334,60840546.422916666,62022682.5
"(np.float64(1.0), 230, 300, np.float64(0.8500000000000001), 10)",houghCircleAlt,0.8,60420623.672916666,61419686.0
"(np.float64(1.0), 230, 300, np.float64(0.8500000000000001), 15)",houghCircleAlt,0.8708333333333333,58877030.18541667,59745965.5
"(np.float64(1.0), 230, 300, np.float64(0.9000000000000001), 5)",houghCircleAlt,0.7708333333333334,61957635.12083333,63266145.5
"(np.float64(1.0), 230, 300, np.float64(0.9000000000000001), 10)",houghCircleAlt,0.8416666666666667,60309623.989583336,61129296.0
"(np.float64(1.0), 230, 300, np.float64(0.9000000000000001), 15)",houghCircleAlt,0.90625,58180733.2125,59170566.5
"(np.float64(1.0), 230, 310, np.float64(0.7), 5)",houghCircleAlt,0.4395833333333333,63786393.95,65259660.5
"(np.float64(1.0), 230, 310, np.float64(0.7), 10)",houghCircleAlt,0.49583333333333335,60530926.62291667,61576129.5
"(np.float64(1.0), 230, 310, np.float64(0.7), 15)",houghCircleAlt,0.54375,58905769.514583334,59600944.0
"(np.float64(1.0), 230, 310, np.float64(0.75), 5)",houghCircleAlt,0.5208333333333334,61780481.9875,62920472.0
"(np.float64(1.0), 230, 310, np.float64(0.75), 10)",houghCircleAlt,0.5854166666666667,59307200.47083333,59903356.5
"(np.float64(1.0), 230, 310, np.float64(0.75), 15)",houghCircleAlt,0.6645833333333333,58708501.541666664,59290230.5
"(np.float64(1.0), 230, 310, np.float64(0.8), 5)",houghCircleAlt,0.6354166666666666,61951233.31458333,63159295.0
"(np.float64(1.0), 230, 310, np.float64(0.8), 10)",houghCircleAlt,0.7125,60147812.55833333,61155174.5
"(np.float64(1.0), 230, 310, np.float64(0.8), 15)",houghCircleAlt,0.7875,58510019.8125,59390479.5
"(np.float64(1.0), 230, 310, np.float64(0.8500000000000001), 5)",houghCircleAlt,0.7,60915819.43125,62333811.0
"(np.float64(1.0), 230, 310, np.float64(0.8500000000000001), 10)",houghCircleAlt,0.7958333333333333,60910981.766666666,61716649.0
"(np.float64(1.0), 230, 310, np.float64(0.8500000000000001), 15)",houghCircleAlt,0.86875,61958678.6875,62903991.0
"(np.float64(1.0), 230, 310, np.float64(0.9000000000000001), 5)",houghCircleAlt,0.7583333333333333,62015214.5375,62953819.0
"(np.float64(1.0), 230, 310, np.float64(0.9000000000000001), 10)",houghCircleAlt,0.8416666666666667,60375704.697916664,61320685.5
"(np.float64(1.0), 230, 310, np.float64(0.9000000000000001), 15)",houghCircleAlt,0.9020833333333333,58227854.25416667,59043819.0
"(np.float64(1.0), 230, 320, np.float64(0.7), 5)",houghCircleAlt,0.44583333333333336,61284144.479166664,62561728.5
"(np.float64(1.0), 230, 320, np.float64(0.7), 10)",houghCircleAlt,0.5083333333333333,59678352.30833333,60791302.5
"(np.float64(1.0), 230, 320, np.float64(0.7), 15)",houghCircleAlt,0.5541666666666667,58269387.2625,58927751.0
"(np.float64(1.0), 230, 320, np.float64(0.75), 5)",houghCircleAlt,0.5333333333333333,61214051.37083333,62170409.5
"(np.float64(1.0), 230, 320, np.float64(0.75), 10)",houghCircleAlt,0.5895833333333333,58999136.702083334,59940941.5
"(np.float64(1.0), 230, 320, np.float64(0.75), 15)",houghCircleAlt,0.6708333333333333,59143084.38125,59840974.5
"(np.float64(1.0), 230, 320, np.float64(0.8), 5)",houghCircleAlt,0.64375,64185667.791666664,65512359.0
"(np.float64(1.0), 230, 320, np.float64(0.8), 10)",houghCircleAlt,0.7,60202799.9,60793852.0
"(np.float64(1.0), 230, 320, np.float64(0.8), 15)",houghCircleAlt,0.7875,58405328.39791667,59335656.0
"(np.float64(1.0), 230, 320, np.float64(0.8500000000000001), 5)",houghCircleAlt,0.70625,60874724.1,61894908.0
"(np.float64(1.0), 230, 320, np.float64(0.8500000000000001), 10)",houghCircleAlt,0.7895833333333333,59812388.3,60645484.0
"(np.float64(1.0), 230, 320, np.float64(0.8500000000000001), 15)",houghCircleAlt,0.8708333333333333,58214611.8125,59040678.0
"(np.float64(1.0), 230, 320, np.float64(0.9000000000000001), 5)",houghCircleAlt,0.7604166666666666,61430254.41875,62462406.5
"(np.float64(1.0), 230, 320, np.float64(0.9000000000000001), 10)",houghCircleAlt,0.8395833333333333,60225351.979166664,61158781.5
"(np.float64(1.0), 230, 320, np.float64(0.9000000000000001), 15)",houghCircleAlt,0.9,57744437.24375,58405476.0
"(np.float64(1.0), 230, 330, np.float64(0.7), 5)",houghCircleAlt,0.46041666666666664,61664887.90208333,62375450.5
"(np.float64(1.0), 230, 330, np.float64(0.7), 10)",houghCircleAlt,0.5020833333333333,60037287.29375,60738507.5
"(np.float64(1.0), 230, 330, np.float64(0.7), 15)",houghCircleAlt,0.5479166666666667,61235557.479166664,61952265.5
"(np.float64(1.0), 230, 330, np.float64(0.75), 5)",houghCircleAlt,0.54375,61270735.0125,62646934.5
"(np.float64(1.0), 230, 330, np.float64(0.75), 10)",houghCircleAlt,0.5854166666666667,58761148.95625,59337304.5
"(np.float64(1.0), 230, 330, np.float64(0.75), 15)",houghCircleAlt,0.6666666666666666,58106657.84375,58780084.0
"(np.float64(1.0), 230, 330, np.float64(0.8), 5)",houghCircleAlt,0.64375,61108664.47708333,62041192.5
"(np.float64(1.0), 230, 330, np.float64(0.8), 10)",houghCircleAlt,0.70625,59618718.08125,60326849.0
"(np.float64(1.0), 230, 330, np.float64(0.8), 15)",houghCircleAlt,0.7895833333333333,58213484.65416667,58770270.5
"(np.float64(1.0), 230, 330, np.float64(0.8500000000000001), 5)",houghCircleAlt,0.7145833333333333,60170637.02916667,61230020.0
"(np.float64(1.0), 230, 330, np.float64(0.8500000000000001), 10)",houghCircleAlt,0.7916666666666666,60120820.5375,60775963.5
"(np.float64(1.0), 230, 330, np.float64(0.8500000000000001), 15)",houghCircleAlt,0.875,58509619.13333333,59113409.5
"(np.float64(1.0), 230, 330, np.float64(0.9000000000000001), 5)",houghCircleAlt,0.76875,63465680.6,64408729.0
"(np.float64(1.0), 230, 330, np.float64(0.9000000000000001), 10)",houghCircleAlt,0.8375,59572133.047916666,60567682.5
"(np.float64(1.0), 230, 330, np.float64(0.9000000000000001), 15)",houghCircleAlt,0.9020833333333333,57616075.891666666,58348289.0
"(np.float64(1.0), 230, 340, np.float64(0.7), 5)",houghCircleAlt,0.4666666666666667,60684646.52291667,61517585.0
"(np.float64(1.0), 230, 340, np.float64(0.7), 10)",houghCircleAlt,0.5083333333333333,59611607.36875,60291024.5
"(np.float64(1.0), 230, 340, np.float64(0.7), 15)",houghCircleAlt,0.55625,58252010.30416667,58578685.5
"(np.float64(1.0), 230, 340, np.float64(0.75), 5)",houghCircleAlt,0.5458333333333333,61050378.27291667,62033497.5
"(np.float64(1.0), 230, 340, np.float64(0.75), 10)",houghCircleAlt,0.5791666666666667,58695515.68333333,59336126.5
"(np.float64(1.0), 230, 340, np.float64(0.75), 15)",houghCircleAlt,0.6791666666666667,58763802.14375,58869051.0
"(np.float64(1.0), 230, 340, np.float64(0.8), 5)",houghCircleAlt,0.6416666666666667,61091656.76875,61877310.0
"(np.float64(1.0), 230, 340, np.float64(0.8), 10)",houghCircleAlt,0.7125,59296942.81458333,60318290.5
"(np.float64(1.0), 230, 340, np.float64(0.8), 15)",houghCircleAlt,0.7916666666666666,60973307.520833336,61413188.5
"(np.float64(1.0), 230, 340, np.float64(0.8500000000000001), 5)",houghCircleAlt,0.7125,60518281.077083334,61466479.5
"(np.float64(1.0), 230, 340, np.float64(0.8500000000000001), 10)",houghCircleAlt,0.7958333333333333,59393993.90625,59892922.0
"(np.float64(1.0), 230, 340, np.float64(0.8500000000000001), 15)",houghCircleAlt,0.8729166666666667,58207531.145833336,58781222.5
"(np.float64(1.0), 230, 340, np.float64(0.9000000000000001), 5)",houghCircleAlt,0.7708333333333334,60921272.56666667,61979967.0
"(np.float64(1.0), 230, 340, np.float64(0.9000000000000001), 10)",houghCircleAlt,0.8395833333333333,59751807.2375,60706262.5
"(np.float64(1.0), 230, 340, np.float64(0.9000000000000001), 15)",houghCircleAlt,0.9,57469764.49166667,58070753.5
"(np.float64(1.0), 230, 350, np.float64(0.7), 5)",houghCircleAlt,0.46875,61302101.53333333,62159293.5
"(np.float64(1.0), 230, 350, np.float64(0.7), 10)",houghCircleAlt,0.5083333333333333,59857409.62708333,60328233.0
"(np.float64(1.0), 230, 350, np.float64(0.7), 15)",houghCircleAlt,0.5604166666666667,57880192.59375,58298000.5
"(np.float64(1.0), 230, 350, np.float64(0.75), 5)",houghCircleAlt,0.55,63297317.29375,64370651.5
"(np.float64(1.0), 230, 350, np.float64(0.75), 10)",houghCircleAlt,0.5875,58911892.72708333,59465330.0
"(np.float64(1.0), 230, 350, np.float64(0.75), 15)",houghCircleAlt,0.675,57921152.483333334,58182638.5
"(np.float64(1.0), 230, 350, np.float64(0.8), 5)",houghCircleAlt,0.6458333333333334,60665089.61875,61997616.5
"(np.float64(1.0), 230, 350, np.float64(0.8), 10)",houghCircleAlt,0.7145833333333333,59103557.052083336,59579589.5
"(np.float64(1.0), 230, 350, np.float64(0.8), 15)",houghCircleAlt,0.8,57079709.77916667,57694604.0
"(np.float64(1.0), 230, 350, np.float64(0.8500000000000001), 5)",houghCircleAlt,0.7145833333333333,60354307.39375,61233917.0
"(np.float64(1.0), 230, 350, np.float64(0.8500000000000001), 10)",houghCircleAlt,0.79375,59742252.46041667,59983596.5
"(np.float64(1.0), 230, 350, np.float64(0.8500000000000001), 15)",houghCircleAlt,0.875,58054519.31041667,58249939.5
"(np.float64(1.0), 230, 350, np.float64(0.9000000000000001), 5)",houghCircleAlt,0.7708333333333334,60697166.17916667,61587556.0
"(np.float64(1.0), 230, 350, np.float64(0.9000000000000001), 10)",houghCircleAlt,0.8354166666666667,58796647.354166664,59527882.0
"(np.float64(1.0), 230, 350, np.float64(0.9000000000000001), 15)",houghCircleAlt,0.9,60593237.95,61274564.0
"(np.float64(1.0), 230, 360, np.float64(0.7), 5)",houghCircleAlt,0.46458333333333335,60273118.572916664,60964341.5
"(np.float64(1.0), 230, 360, np.float64(0.7), 10)",houghCircleAlt,0.5145833333333333,59254077.61875,59681750.5
"(np.float64(1.0), 230, 360, np.float64(0.7), 15)",houghCircleAlt,0.5541666666666667,57645720.10208333,58063099.5
"(np.float64(1.0), 230, 360, np.float64(0.75), 5)",houghCircleAlt,0.54375,59707366.520833336,60620893.0
"(np.float64(1.0), 230, 360, np.float64(0.75), 10)",houghCircleAlt,0.5958333333333333,59114792.3875,59528593.5
"(np.float64(1.0), 230, 360, np.float64(0.75), 15)",houghCircleAlt,0.6708333333333333,58229962.016666666,58570235.5
"(np.float64(1.0), 230, 360, np.float64(0.8), 5)",houghCircleAlt,0.6416666666666667,60408858.822916664,61054224.5
"(np.float64(1.0), 230, 360, np.float64(0.8), 10)",houghCircleAlt,0.7208333333333333,58871935.63125,59738442.0
"(np.float64(1.0), 230, 360, np.float64(0.8), 15)",houghCircleAlt,0.7854166666666667,56511701.575,56821874.5
"(np.float64(1.0), 230, 360, np.float64(0.8500000000000001), 5)",houghCircleAlt,0.7166666666666667,62147414.65208333,63003582.5
"(np.float64(1.0), 230, 360, np.float64(0.8500000000000001), 10)",houghCircleAlt,0.79375,58924647.891666666,59743020.5
"(np.float64(1.0), 230, 360, np.float64(0.8500000000000001), 15)",houghCircleAlt,0.86875,57596692.75208333,58259412.0
"(np.float64(1.0), 230, 360, np.float64(0.9000000000000001), 5)",houghCircleAlt,0.76875,60033247.19583333,60815767.5
"(np.float64(1.0), 230, 360, np.float64(0.9000000000000001), 10)",houghCircleAlt,0.8333333333333334,57811053.82083333,58543304.5
"(np.float64(1.0), 230, 360, np.float64(0.9000000000000001), 15)",houghCircleAlt,0.8958333333333334,57615768.385416664,57963472.5
"(np.float64(1.0), 230, 370, np.float64(0.7), 5)",houghCircleAlt,0.46041666666666664,60517525.28333333,61122448.5
"(np.float64(1.0), 230, 370, np.float64(0.7), 10)",houghCircleAlt,0.5083333333333333,58991426.59375,59639726.0
"(np.float64(1.0), 230, 370, np.float64(0.7), 15)",houghCircleAlt,0.5645833333333333,57161940.77291667,57778355.0
"(np.float64(1.0), 230, 370, np.float64(0.75), 5)",houghCircleAlt,0.5395833333333333,58516782.704166666,58955774.0
"(np.float64(1.0), 230, 370, np.float64(0.75), 10)",houghCircleAlt,0.59375,60932025.09791667,61856801.5
"(np.float64(1.0), 230, 370, np.float64(0.75), 15)",houghCircleAlt,0.675,57356630.4125,57476550.0
"(np.float64(1.0), 230, 370, np.float64(0.8), 5)",houghCircleAlt,0.6333333333333333,59983925.389583334,60823802.5
"(np.float64(1.0), 230, 370, np.float64(0.8), 10)",houghCircleAlt,0.7083333333333334,58893165.922916666,59233259.0
"(np.float64(1.0), 230, 370, np.float64(0.8), 15)",houghCircleAlt,0.7770833333333333,56766293.32083333,57416241.0
"(np.float64(1.0), 230, 370, np.float64(0.8500000000000001), 5)",houghCircleAlt,0.7104166666666667,60260464.895833336,60984839.0
"(np.float64(1.0), 230, 370, np.float64(0.8500000000000001), 10)",houghCircleAlt,0.7895833333333333,59486266.6375,59612286.0
"(np.float64(1.0), 230, 370, np.float64(0.8500000000000001), 15)",houghCircleAlt,0.8666666666666667,57831249.545833334,58062228.0
"(np.float64(1.0), 230, 370, np.float64(0.9000000000000001), 5)",houghCircleAlt,0.7666666666666667,59866887.50833333,61060643.0
"(np.float64(1.0), 230, 370, np.float64(0.9000000000000001), 10)",houghCircleAlt,0.8270833333333333,57566428.797916666,58140880.0
"(np.float64(1.0), 230, 370, np.float64(0.9000000000000001), 15)",houghCircleAlt,0.8916666666666667,59816401.71875,60125523.0
"(np.float64(1.0), 230, 380, np.float64(0.7), 5)",houghCircleAlt,0.46041666666666664,59647727.81875,60275334.5
"(np.float64(1.0), 230, 380, np.float64(0.7), 10)",houghCircleAlt,0.5104166666666666,57642763.9625,58266340.0
"(np.float64(1.0), 230, 380, np.float64(0.7), 15)",houghCircleAlt,0.5625,57157387.483333334,57611010.5
"(np.float64(1.0), 230, 380, np.float64(0.75), 5)",houghCircleAlt,0.5416666666666666,59654501.40416667,60217199.5
"(np.float64(1.0), 230, 380, np.float64(0.75), 10)",houghCircleAlt,0.59375,58307367.07083333,59123498.0
"(np.float64(1.0), 230, 380, np.float64(0.75), 15)",houghCircleAlt,0.675,57682006.38333333,57882029.5
"(np.float64(1.0), 230, 380, np.float64(0.8), 5)",houghCircleAlt,0.6333333333333333,60417120.708333336,61024850.5
"(np.float64(1.0), 230, 380, np.float64(0.8), 10)",houghCircleAlt,0.7083333333333334,58217514.40416667,58728813.0
"(np.float64(1.0), 230, 380, np.float64(0.8), 15)",houghCircleAlt,0.7833333333333333,56069372.46458333,56618103.5
"(np.float64(1.0), 230, 380, np.float64(0.8500000000000001), 5)",houghCircleAlt,0.7125,62334864.325,62898886.0
"(np.float64(1.0), 230, 380, np.float64(0.8500000000000001), 10)",houghCircleAlt,0.7895833333333333,58633001.38125,59167691.0
"(np.float64(1.0), 230, 380, np.float64(0.8500000000000001), 15)",houghCircleAlt,0.8625,56599470.733333334,56817777.0
"(np.float64(1.0), 230, 380, np.float64(0.9000000000000001), 5)",houghCircleAlt,0.7708333333333334,59937900.09166667,60750305.5
"(np.float64(1.0), 230, 380, np.float64(0.9000000000000001), 10)",houghCircleAlt,0.8270833333333333,58710581.77916667,59146711.5
"(np.float64(1.0), 230, 380, np.float64(0.9000000000000001), 15)",houghCircleAlt,0.8895833333333333,57433247.12291667,57612934.0
"(np.float64(1.0), 230, 390, np.float64(0.7), 5)",houghCircleAlt,0.45,59920838.02291667,60433260.5
"(np.float64(1.0), 230, 390, np.float64(0.7), 10)",houghCircleAlt,0.5208333333333334,57403844.74791667,57626034.0
"(np.float64(1.0), 230, 390, np.float64(0.7), 15)",houghCircleAlt,0.5708333333333333,57599275.895833336,57992987.0
"(np.float64(1.0), 230, 390, np.float64(0.75), 5)",houghCircleAlt,0.5416666666666666,59128037.202083334,59712543.0
"(np.float64(1.0), 230, 390, np.float64(0.75), 10)",houghCircleAlt,0.6,60957811.16875,61399172.0
"(np.float64(1.0), 230, 390, np.float64(0.75), 15)",houghCircleAlt,0.6708333333333333,57265726.25208333,57451987.5
"(np.float64(1.0), 230, 390, np.float64(0.8), 5)",houghCircleAlt,0.6375,58771450.672916666,59135956.5
"(np.float64(1.0), 230, 390, np.float64(0.8), 10)",houghCircleAlt,0.7083333333333334,58375992.37291667,58825314.5
"(np.float64(1.0), 230, 390, np.float64(0.8), 15)",houghCircleAlt,0.7770833333333333,57188408.13333333,57524544.5
"(np.float64(1.0), 230, 390, np.float64(0.8500000000000001), 5)",houghCircleAlt,0.7166666666666667,59698670.516666666,60269338.5
"(np.float64(1.0), 230, 390, np.float64(0.8500000000000001), 10)",houghCircleAlt,0.7833333333333333,57739034.9875,58265198.5
"(np.float64(1.0), 230, 390, np.float64(0.8500000000000001), 15)",houghCircleAlt,0.8583333333333333,57616473.43958333,57822256.5
"(np.float64(1.0), 230, 390, np.float64(0.9000000000000001), 5)",houghCircleAlt,0.7708333333333334,60102479.208333336,60163694.0
"(np.float64(1.0), 230, 390, np.float64(0.9000000000000001), 10)",houghCircleAlt,0.825,57876139.40416667,58209352.5
"(np.float64(1.0), 230, 390, np.float64(0.9000000000000001), 15)",houghCircleAlt,0.8875,59497308.53541667,59953981.5
"(np.float64(1.0), 240, 300, np.float64(0.7), 5)",houghCircleAlt,0.43125,63670947.96875,64755284.0
"(np.float64(1.0), 240, 300, np.float64(0.7), 10)",houghCircleAlt,0.5083333333333333,61308071.64375,62130093.5
"(np.float64(1.0), 240, 300, np.float64(0.7), 15)",houghCircleAlt,0.525,60864431.09583333,61614917.5
"(np.float64(1.0), 240, 300, np.float64(0.75), 5)",houghCircleAlt,0.5,63561782.84791667,64772691.5
"(np.float64(1.0), 240, 300, np.float64(0.75), 10)",houghCircleAlt,0.5770833333333333,62203321.672916666,63362706.0
"(np.float64(1.0), 240, 300, np.float64(0.75), 15)",houghCircleAlt,0.6395833333333333,60179565.7125,60900101.5
"(np.float64(1.0), 240, 300, np.float64(0.8), 5)",houghCircleAlt,0.6145833333333334,63993224.58958333,65251935.5
"(np.float64(1.0), 240, 300, np.float64(0.8), 10)",houghCircleAlt,0.6875,61958566.25416667,63276215.0
"(np.float64(1.0), 240, 300, np.float64(0.8), 15)",houghCircleAlt,0.7541666666666667,61074156.264583334,61651050.0
"(np.float64(1.0), 240, 300, np.float64(0.8500000000000001), 5)",houghCircleAlt,0.6854166666666667,65143346.9125,66443986.5
"(np.float64(1.0), 240, 300, np.float64(0.8500000000000001), 10)",houghCircleAlt,0.76875,61625705.12083333,62680616.5
"(np.float64(1.0), 240, 300, np.float64(0.8500000000000001), 15)",houghCircleAlt,0.825,59615447.72083333,60513100.5
"(np.float64(1.0), 240, 300, np.float64(0.9000000000000001), 5)",houghCircleAlt,0.7375,63780216.8625,65204270.5
"(np.float64(1.0), 240, 300, np.float64(0.9000000000000001), 10)",houghCircleAlt,0.8041666666666667,61978648.81041667,63197371.0
"(np.float64(1.0), 240, 300, np.float64(0.9000000000000001), 15)",houghCircleAlt,0.8604166666666667,60382755.63125,61099710.5
"(np.float64(1.0), 240, 310, np.float64(0.7), 5)",houghCircleAlt,0.44166666666666665,62840193.40208333,64130427.0
"(np.float64(1.0), 240, 310, np.float64(0.7), 10)",houghCircleAlt,0.4979166666666667,62222273.454166666,62606862.5
"(np.float64(1.0), 240, 310, np.float64(0.7), 15)",houghCircleAlt,0.525,60974018.28541667,61325083.5
"(np.float64(1.0), 240, 310, np.float64(0.75), 5)",houghCircleAlt,0.5104166666666666,63292988.06666667,64550549.5
"(np.float64(1.0), 240, 310, np.float64(0.75), 10)",houghCircleAlt,0.5729166666666666,64371916.69583333,64810066.5
"(np.float64(1.0), 240, 310, np.float64(0.75), 15)",houghCircleAlt,0.6416666666666667,59695395.82083333,60392136.0
"(np.float64(1.0), 240, 310, np.float64(0.8), 5)",houghCircleAlt,0.6166666666666667,62869632.5625,64158324.5
"(np.float64(1.0), 240, 310, np.float64(0.8), 10)",houghCircleAlt,0.6895833333333333,61947853.44583333,62782027.0
"(np.float64(1.0), 240, 310, np.float64(0.8), 15)",houghCircleAlt,0.7541666666666667,60302179.21666667,60549564.0
"(np.float64(1.0), 240, 310, np.float64(0.8500000000000001), 5)",houghCircleAlt,0.675,63224349.94166667,64254729.5
"(np.float64(1.0), 240, 310, np.float64(0.8500000000000001), 10)",houghCircleAlt,0.76875,61326574.354166664,61897954.0
"(np.float64(1.0), 240, 310, np.float64(0.8500000000000001), 15)",houghCircleAlt,0.825,60940754.22708333,61361161.5
"(np.float64(1.0), 240, 310, np.float64(0.9000000000000001), 5)",houghCircleAlt,0.7270833333333333,63663462.675,64853873.0
"(np.float64(1.0), 240, 310, np.float64(0.9000000000000001), 10)",houghCircleAlt,0.80625,61734724.7625,62797074.0
"(np.float64(1.0), 240, 310, np.float64(0.9000000000000001), 15)",houghCircleAlt,0.8583333333333333,62883375.827083334,63647049.5
"(np.float64(1.0), 240, 320, np.float64(0.7), 5)",houghCircleAlt,0.44583333333333336,62194785.07083333,63343314.5
"(np.float64(1.0), 240, 320, np.float64(0.7), 10)",houghCircleAlt,0.5104166666666666,61429375.46666667,62067431.0
"(np.float64(1.0), 240, 320, np.float64(0.7), 15)",houghCircleAlt,0.5354166666666667,60390952.87708333,60960695.0
"(np.float64(1.0), 240, 320, np.float64(0.75), 5)",houghCircleAlt,0.5208333333333334,63159952.520833336,64280974.5
"(np.float64(1.0), 240, 320, np.float64(0.75), 10)",houghCircleAlt,0.5791666666666667,61630824.920833334,62401588.0
"(np.float64(1.0), 240, 320, np.float64(0.75), 15)",houghCircleAlt,0.65,59662879.91458333,60350005.0
"(np.float64(1.0), 240, 320, np.float64(0.8), 5)",houghCircleAlt,0.625,63665135.27708333,64387955.0
"(np.float64(1.0), 240, 320, np.float64(0.8), 10)",houghCircleAlt,0.6770833333333334,61959267.15625,62270917.5
"(np.float64(1.0), 240, 320, np.float64(0.8), 15)",houghCircleAlt,0.7541666666666667,61416796.454166666,61704416.0
"(np.float64(1.0), 240, 320, np.float64(0.8500000000000001), 5)",houghCircleAlt,0.68125,62507750.83958333,63453485.5
"(np.float64(1.0), 240, 320, np.float64(0.8500000000000001), 10)",houghCircleAlt,0.7625,63857836.989583336,64711029.5
"(np.float64(1.0), 240, 320, np.float64(0.8500000000000001), 15)",houghCircleAlt,0.8291666666666667,60042422.59583333,60494055.0
"(np.float64(1.0), 240, 320, np.float64(0.9000000000000001), 5)",houghCircleAlt,0.7291666666666666,62973776.172916666,64298236.5
"(np.float64(1.0), 240, 320, np.float64(0.9000000000000001), 10)",houghCircleAlt,0.8041666666666667,61582456.041666664,62284553.0
"(np.float64(1.0), 240, 320, np.float64(0.9000000000000001), 15)",houghCircleAlt,0.8583333333333333,60021980.4375,60506391.0
"(np.float64(1.0), 240, 330, np.float64(0.7), 5)",houghCircleAlt,0.4625,62254836.4125,63246973.5
"(np.float64(1.0), 240, 330, np.float64(0.7), 10)",houghCircleAlt,0.5083333333333333,61699047.4375,62062317.0
"(np.float64(1.0), 240, 330, np.float64(0.7), 15)",houghCircleAlt,0.53125,59821759.94166667,60242964.0
"(np.float64(1.0), 240, 330, np.float64(0.75), 5)",houghCircleAlt,0.5333333333333333,63080876.6875,63869682.5
"(np.float64(1.0), 240, 330, np.float64(0.75), 10)",houghCircleAlt,0.575,60382296.89791667,61230145.5
"(np.float64(1.0), 240, 330, np.float64(0.75), 15)",houghCircleAlt,0.6458333333333334,62428674.7,62822088.5
"(np.float64(1.0), 240, 330, np.float64(0.8), 5)",houghCircleAlt,0.6270833333333333,62323807.49166667,63495705.5
"(np.float64(1.0), 240, 330, np.float64(0.8), 10)",houghCircleAlt,0.68125,61170312.38333333,61933099.0
"(np.float64(1.0), 240, 330, np.float64(0.8), 15)",houghCircleAlt,0.75625,59803186.04375,60400764.0
"(np.float64(1.0), 240, 330, np.float64(0.8500000000000001), 5)",houghCircleAlt,0.6895833333333333,62534423.35208333,63395678.0
"(np.float64(1.0), 240, 330, np.float64(0.8500000000000001), 10)",houghCircleAlt,0.7625,60720710.00625,61291044.5
"(np.float64(1.0), 240, 330, np.float64(0.8500000000000001), 15)",houghCircleAlt,0.8333333333333334,60030308.020833336,60401094.5
"(np.float64(1.0), 240, 330, np.float64(0.9000000000000001), 5)",houghCircleAlt,0.7354166666666667,62983709.75416667,63622093.0
"(np.float64(1.0), 240, 330, np.float64(0.9000000000000001), 10)",houghCircleAlt,0.8020833333333334,61358834.62083333,61811746.5
"(np.float64(1.0), 240, 330, np.float64(0.9000000000000001), 15)",houghCircleAlt,0.8604166666666667,59178936.72291667,59672167.5
"(np.float64(1.0), 240, 340, np.float64(0.7), 5)",houghCircleAlt,0.4666666666666667,62286035.53958333,63135890.5
"(np.float64(1.0), 240, 340, np.float64(0.7), 10)",houghCircleAlt,0.5145833333333333,63453108.21666667,64036526.5
"(np.float64(1.0), 240, 340, np.float64(0.7), 15)",houghCircleAlt,0.5333333333333333,59672536.797916666,60407462.0
"(np.float64(1.0), 240, 340, np.float64(0.75), 5)",houghCircleAlt,0.5354166666666667,62271845.18958333,62993147.5
"(np.float64(1.0), 240, 340, np.float64(0.75), 10)",houghCircleAlt,0.5729166666666666,61157140.86875,61863664.0
"(np.float64(1.0), 240, 340, np.float64(0.75), 15)",houghCircleAlt,0.65625,58960648.89375,59590489.5
"(np.float64(1.0), 240, 340, np.float64(0.8), 5)",houghCircleAlt,0.6270833333333333,62258734.75416667,62909496.0
"(np.float64(1.0), 240, 340, np.float64(0.8), 10)",houghCircleAlt,0.6895833333333333,61393024.3625,61828754.0
"(np.float64(1.0), 240, 340, np.float64(0.8), 15)",houghCircleAlt,0.75625,60059489.71458333,60449541.5
"(np.float64(1.0), 240, 340, np.float64(0.8500000000000001), 5)",houghCircleAlt,0.6895833333333333,61637673.31458333,62577102.5
"(np.float64(1.0), 240, 340, np.float64(0.8500000000000001), 10)",houghCircleAlt,0.7666666666666667,60535712.11666667,61147215.0
"(np.float64(1.0), 240, 340, np.float64(0.8500000000000001), 15)",houghCircleAlt,0.83125,62361666.02291667,62943229.0
"(np.float64(1.0), 240, 340, np.float64(0.9000000000000001), 5)",houghCircleAlt,0.7375,62457298.91041667,63429605.0
"(np.float64(1.0), 240, 340, np.float64(0.9000000000000001), 10)",houghCircleAlt,0.8041666666666667,60869219.452083334,61448745.0
"(np.float64(1.0), 240, 340, np.float64(0.9000000000000001), 15)",houghCircleAlt,0.8583333333333333,59535662.13125,59955840.0
"(np.float64(1.0), 240, 350, np.float64(0.7), 5)",houghCircleAlt,0.4625,61424937.23125,62293525.5
"(np.float64(1.0), 240, 350, np.float64(0.7), 10)",houghCircleAlt,0.5083333333333333,60507713.947916664,61199467.5
"(np.float64(1.0), 240, 350, np.float64(0.7), 15)",houghCircleAlt,0.5395833333333333,59958761.15208333,60177636.0
"(np.float64(1.0), 240, 350, np.float64(0.75), 5)",houghCircleAlt,0.5416666666666666,62426390.44375,62895510.5
"(np.float64(1.0), 240, 350, np.float64(0.75), 10)",houghCircleAlt,0.5770833333333333,59812541.59791667,60478891.5
"(np.float64(1.0), 240, 350, np.float64(0.75), 15)",houghCircleAlt,0.6520833333333333,59398360.28333333,59773853.5
"(np.float64(1.0), 240, 350, np.float64(0.8), 5)",houghCircleAlt,0.6291666666666667,64965713.84583333,65962253.0
"(np.float64(1.0), 240, 350, np.float64(0.8), 10)",houghCircleAlt,0.6875,61118222.31666667,61817953.5
"(np.float64(1.0), 240, 350, np.float64(0.8), 15)",houghCircleAlt,0.7645833333333333,59699221.97708333,59704660.0
"(np.float64(1.0), 240, 350, np.float64(0.8500000000000001), 5)",houghCircleAlt,0.6895833333333333,62358107.795833334,63013100.5
"(np.float64(1.0), 240, 350, np.float64(0.8500000000000001), 10)",houghCircleAlt,0.7666666666666667,59387139.975,60074346.5
"(np.float64(1.0), 240, 350, np.float64(0.8500000000000001), 15)",houghCircleAlt,0.8333333333333334,59357568.239583336,59683154.0
"(np.float64(1.0), 240, 350, np.float64(0.9000000000000001), 5)",houghCircleAlt,0.7375,62686984.2625,63240091.5
"(np.float64(1.0), 240, 350, np.float64(0.9000000000000001), 10)",houghCircleAlt,0.8020833333333334,61165818.19583333,61373334.0
"(np.float64(1.0), 240, 350, np.float64(0.9000000000000001), 15)",houghCircleAlt,0.8583333333333333,58524713.735416666,59180646.5
"(np.float64(1.0), 240, 360, np.float64(0.7), 5)",houghCircleAlt,0.46041666666666664,61814813.76875,62487189.0
"(np.float64(1.0), 240, 360, np.float64(0.7), 10)",houghCircleAlt,0.5145833333333333,60270319.77708333,61009616.5
"(np.float64(1.0), 240, 360, np.float64(0.7), 15)",houghCircleAlt,0.5375,59326528.670833334,59599969.0
"(np.float64(1.0), 240, 360, np.float64(0.75), 5)",houghCircleAlt,0.5375,62867267.34583333,63398579.0
"(np.float64(1.0), 240, 360, np.float64(0.75), 10)",houghCircleAlt,0.5854166666666667,60724077.06041667,61229409.0
"(np.float64(1.0), 240, 360, np.float64(0.75), 15)",houghCircleAlt,0.6520833333333333,58180622.24375,58647776.5
"(np.float64(1.0), 240, 360, np.float64(0.8), 5)",houghCircleAlt,0.625,61726055.41875,62316654.0
"(np.float64(1.0), 240, 360, np.float64(0.8), 10)",houghCircleAlt,0.6958333333333333,61042371.2,61149694.5
"(np.float64(1.0), 240, 360, np.float64(0.8), 15)",houghCircleAlt,0.7541666666666667,59661361.02916667,59726369.0
"(np.float64(1.0), 240, 360, np.float64(0.8500000000000001), 5)",houghCircleAlt,0.6895833333333333,60920139.479166664,61833953.0
"(np.float64(1.0), 240, 360, np.float64(0.8500000000000001), 10)",houghCircleAlt,0.7666666666666667,60736027.610416666,60903447.5
"(np.float64(1.0), 240, 360, np.float64(0.8500000000000001), 15)",houghCircleAlt,0.8291666666666667,59449527.88333333,59471646.5
"(np.float64(1.0), 240, 360, np.float64(0.9000000000000001), 5)",houghCircleAlt,0.7333333333333333,62253171.17916667,63165796.0
"(np.float64(1.0), 240, 360, np.float64(0.9000000000000001), 10)",houghCircleAlt,0.8,60651665.71458333,61133113.5
"(np.float64(1.0), 240, 360, np.float64(0.9000000000000001), 15)",houghCircleAlt,0.8541666666666666,62478788.33958333,63138731.5
"(np.float64(1.0), 240, 370, np.float64(0.7), 5)",houghCircleAlt,0.46458333333333335,60718446.55625,61333323.5
"(np.float64(1.0), 240, 370, np.float64(0.7), 10)",houghCircleAlt,0.5145833333333333,60462270.3125,60649210.5
"(np.float64(1.0), 240, 370, np.float64(0.7), 15)",houghCircleAlt,0.55,59470925.8375,59687778.0
"(np.float64(1.0), 240, 370, np.float64(0.75), 5)",houghCircleAlt,0.5395833333333333,62312774.552083336,62747747.5
"(np.float64(1.0), 240, 370, np.float64(0.75), 10)",houghCircleAlt,0.5875,59359710.80833333,60007216.0
"(np.float64(1.0), 240, 370, np.float64(0.75), 15)",houghCircleAlt,0.6604166666666667,59212542.6375,59233475.0
"(np.float64(1.0), 240, 370, np.float64(0.8), 5)",houghCircleAlt,0.6208333333333333,61329120.1,61905908.5
"(np.float64(1.0), 240, 370, np.float64(0.8), 10)",houghCircleAlt,0.6875,60170933.708333336,60903819.0
"(np.float64(1.0), 240, 370, np.float64(0.8), 15)",houghCircleAlt,0.75,59140777.15833333,59401610.0
"(np.float64(1.0), 240, 370, np.float64(0.8500000000000001), 5)",houghCircleAlt,0.6875,64703775.62083333,65587255.0
"(np.float64(1.0), 240, 370, np.float64(0.8500000000000001), 10)",houghCircleAlt,0.7666666666666667,59890503.645833336,60240554.0
"(np.float64(1.0), 240, 370, np.float64(0.8500000000000001), 15)",houghCircleAlt,0.83125,59104541.08958333,59241084.5
"(np.float64(1.0), 240, 370, np.float64(0.9000000000000001), 5)",houghCircleAlt,0.7354166666666667,62331507.03333333,62721744.0
"(np.float64(1.0), 240, 370, np.float64(0.9000000000000001), 10)",houghCircleAlt,0.7979166666666667,60875550.40208333,61378738.5
"(np.float64(1.0), 240, 370, np.float64(0.9000000000000001), 15)",houghCircleAlt,0.8541666666666666,58458876.62916667,58900269.5
"(np.float64(1.0), 240, 380, np.float64(0.7), 5)",houghCircleAlt,0.4625,61457632.22291667,61737770.0
"(np.float64(1.0), 240, 380, np.float64(0.7), 10)",houghCircleAlt,0.51875,60293701.80625,60315450.0
"(np.float64(1.0), 240, 380, np.float64(0.7), 15)",houghCircleAlt,0.5520833333333334,58853418.610416666,59387569.0
"(np.float64(1.0), 240, 380, np.float64(0.75), 5)",houghCircleAlt,0.5375,61328243.44583333,61659992.0
"(np.float64(1.0), 240, 380, np.float64(0.75), 10)",houghCircleAlt,0.5833333333333334,59684396.69166667,60166631.0
"(np.float64(1.0), 240, 380, np.float64(0.75), 15)",houghCircleAlt,0.6625,61559552.16041667,62067781.5
"(np.float64(1.0), 240, 380, np.float64(0.8), 5)",houghCircleAlt,0.61875,61498563.66875,62188288.5
"(np.float64(1.0), 240, 380, np.float64(0.8), 10)",houghCircleAlt,0.6854166666666667,60475960.483333334,60655608.0
"(np.float64(1.0), 240, 380, np.float64(0.8), 15)",houghCircleAlt,0.75625,59467798.16875,59535701.5
"(np.float64(1.0), 240, 380, np.float64(0.8500000000000001), 5)",houghCircleAlt,0.6854166666666667,60572476.71666667,61173490.0
"(np.float64(1.0), 240, 380, np.float64(0.8500000000000001), 10)",houghCircleAlt,0.7666666666666667,60037946.22708333,60693068.0
"(np.float64(1.0), 240, 380, np.float64(0.8500000000000001), 15)",houghCircleAlt,0.8270833333333333,58940884.56875,59298592.0
"(np.float64(1.0), 240, 380, np.float64(0.9000000000000001), 5)",houghCircleAlt,0.7375,61269430.702083334,61998989.5
"(np.float64(1.0), 240, 380, np.float64(0.9000000000000001), 10)",houghCircleAlt,0.7979166666666667,60423592.9125,60827956.5
"(np.float64(1.0), 240, 380, np.float64(0.9000000000000001), 15)",houghCircleAlt,0.8520833333333333,58514739.70625,58534509.5
"(np.float64(1.0), 240, 390, np.float64(0.7), 5)",houghCircleAlt,0.45625,63855214.54375,64341277.0
"(np.float64(1.0), 240, 390, np.float64(0.7), 10)",houghCircleAlt,0.5270833333333333,59979953.39375,60197573.5
"(np.float64(1.0), 240, 390, np.float64(0.7), 15)",houghCircleAlt,0.5604166666666667,59141768.729166664,59433074.5
"(np.float64(1.0), 240, 390, np.float64(0.75), 5)",houghCircleAlt,0.5395833333333333,61899732.41458333,62426399.0
"(np.float64(1.0), 240, 390, np.float64(0.75), 10)",houghCircleAlt,0.5895833333333333,59151954.93125,59318319.0
"(np.float64(1.0), 240, 390, np.float64(0.75), 15)",houghCircleAlt,0.6583333333333333,58772312.10208333,59024182.5
"(np.float64(1.0), 240, 390, np.float64(0.8), 5)",houghCircleAlt,0.6229166666666667,61082187.35,61394989.0
"(np.float64(1.0), 240, 390, np.float64(0.8), 10)",houghCircleAlt,0.6854166666666667,59931638.53541667,60298302.5
"(np.float64(1.0), 240, 390, np.float64(0.8), 15)",houghCircleAlt,0.7520833333333333,58916669.85208333,59065749.5
"(np.float64(1.0), 240, 390, np.float64(0.8500000000000001), 5)",houghCircleAlt,0.6916666666666667,60542836.4625,61149157.5
"(np.float64(1.0), 240, 390, np.float64(0.8500000000000001), 10)",houghCircleAlt,0.7604166666666666,63106495.39791667,63575381.0
"(np.float64(1.0), 240, 390, np.float64(0.8500000000000001), 15)",houghCircleAlt,0.8229166666666666,58746911.61666667,58781076.0
"(np.float64(1.0), 240, 390, np.float64(0.9000000000000001), 5)",houghCircleAlt,0.7395833333333334,61180455.50625,61561938.0
"(np.float64(1.0), 240, 390, np.float64(0.9000000000000001), 10)",houghCircleAlt,0.7958333333333333,60266825.052083336,60498382.5
"(np.float64(1.0), 240, 390, np.float64(0.9000000000000001), 15)",houghCircleAlt,0.85,57650618.62708333,57863890.5
"(np.float64(1.0), 250, 300, np.float64(0.7), 5)",houghCircleAlt,0.425,65248714.98125,66245073.5
"(np.float64(1.0), 250, 300, np.float64(0.7), 10)",houghCircleAlt,0.5,63796093.579166666,64288783.5
"(np.float64(1.0), 250, 300, np.float64(0.7), 15)",houghCircleAlt,0.5229166666666667,62537031.91458333,62889608.5
"(np.float64(1.0), 250, 300, np.float64(0.75), 5)",houghCircleAlt,0.4895833333333333,65239437.45625,66216028.5
"(np.float64(1.0), 250, 300, np.float64(0.75), 10)",houghCircleAlt,0.5645833333333333,63354470.53333333,64144884.0
"(np.float64(1.0), 250, 300, np.float64(0.75), 15)",houghCircleAlt,0.6270833333333333,62223677.05,62728872.5
"(np.float64(1.0), 250, 300, np.float64(0.8), 5)",houghCircleAlt,0.5854166666666667,68236607.29583333,69385991.5
"(np.float64(1.0), 250, 300, np.float64(0.8), 10)",houghCircleAlt,0.6583333333333333,64023874.40208333,64968799.5
"(np.float64(1.0), 250, 300, np.float64(0.8), 15)",houghCircleAlt,0.725,62729620.66458333,62989956.5
"(np.float64(1.0), 250, 300, np.float64(0.8500000000000001), 5)",houghCircleAlt,0.6541666666666667,64203597.72083333,65606784.5
"(np.float64(1.0), 250, 300, np.float64(0.8500000000000001), 10)",houghCircleAlt,0.7354166666666667,63361721.64791667,63949647.5
"(np.float64(1.0), 250, 300, np.float64(0.8500000000000001), 15)",houghCircleAlt,0.7895833333333333,62325251.2375,62550017.0
"(np.float64(1.0), 250, 300, np.float64(0.9000000000000001), 5)",houghCircleAlt,0.70625,65552014.04375,66945332.0
"(np.float64(1.0), 250, 300, np.float64(0.9000000000000001), 10)",houghCircleAlt,0.76875,63742246.739583336,64541934.0
"(np.float64(1.0), 250, 300, np.float64(0.9000000000000001), 15)",houghCircleAlt,0.825,61544466.44166667,62070171.5
"(np.float64(1.0), 250, 310, np.float64(0.7), 5)",houghCircleAlt,0.43333333333333335,64876801.56041667,65817522.0
"(np.float64(1.0), 250, 310, np.float64(0.7), 10)",houghCircleAlt,0.4875,65904524.94375,66698815.5
"(np.float64(1.0), 250, 310, np.float64(0.7), 15)",houghCircleAlt,0.525,62430871.16041667,63126152.5
"(np.float64(1.0), 250, 310, np.float64(0.75), 5)",houghCircleAlt,0.5020833333333333,65397474.05833333,66104590.0
"(np.float64(1.0), 250, 310, np.float64(0.75), 10)",houghCircleAlt,0.5583333333333333,62902751.78541667,63942108.5
"(np.float64(1.0), 250, 310, np.float64(0.75), 15)",houghCircleAlt,0.6291666666666667,61724552.9125,61803151.0
"(np.float64(1.0), 250, 310, np.float64(0.8), 5)",houghCircleAlt,0.5895833333333333,64840595.2875,65600970.5
"(np.float64(1.0), 250, 310, np.float64(0.8), 10)",houghCircleAlt,0.6625,63904663.1875,64444816.5
"(np.float64(1.0), 250, 310, np.float64(0.8), 15)",houghCircleAlt,0.7270833333333333,61493603.922916666,61823919.5
"(np.float64(1.0), 250, 310, np.float64(0.8500000000000001), 5)",houghCircleAlt,0.6479166666666667,65235944.01875,65873917.5
"(np.float64(1.0), 250, 310, np.float64(0.8500000000000001), 10)",houghCircleAlt,0.7375,63978949.50833333,64912193.5
"(np.float64(1.0), 250, 310, np.float64(0.8500000000000001), 15)",houghCircleAlt,0.7916666666666666,62589011.99791667,62911645.5
"(np.float64(1.0), 250, 310, np.float64(0.9000000000000001), 5)",houghCircleAlt,0.6979166666666666,67738333.7,68941677.5
"(np.float64(1.0), 250, 310, np.float64(0.9000000000000001), 10)",houghCircleAlt,0.7729166666666667,64121858.37083333,64742509.5
"(np.float64(1.0), 250, 310, np.float64(0.9000000000000001), 15)",houghCircleAlt,0.825,61510617.95625,61983913.5
"(np.float64(1.0), 250, 320, np.float64(0.7), 5)",houghCircleAlt,0.4395833333333333,64421051.447916664,65219580.0
"(np.float64(1.0), 250, 320, np.float64(0.7), 10)",houghCircleAlt,0.5020833333333333,63367879.985416666,63867398.5
"(np.float64(1.0), 250, 320, np.float64(0.7), 15)",houghCircleAlt,0.5333333333333333,61821073.96041667,62297878.5
"(np.float64(1.0), 250, 320, np.float64(0.75), 5)",houghCircleAlt,0.5166666666666667,64436893,65676476.5
"(np.float64(1.0), 250, 320, np.float64(0.75), 10)",houghCircleAlt,0.56875,63196627.479166664,64006860.0
"(np.float64(1.0), 250, 320, np.float64(0.75), 15)",houghCircleAlt,0.6333333333333333,62183084.78125,62692974.5
"(np.float64(1.0), 250, 320, np.float64(0.8), 5)",houghCircleAlt,0.6020833333333333,64911204.354166664,65598420.0
"(np.float64(1.0), 250, 320, np.float64(0.8), 10)",houghCircleAlt,0.6520833333333333,63654222.87083333,64098236.5
"(np.float64(1.0), 250, 320, np.float64(0.8), 15)",houghCircleAlt,0.7270833333333333,64630884.889583334,64746322.5
"(np.float64(1.0), 250, 320, np.float64(0.8500000000000001), 5)",houghCircleAlt,0.65625,63813395.73125,64761936.0
"(np.float64(1.0), 250, 320, np.float64(0.8500000000000001), 10)",houghCircleAlt,0.7333333333333333,62988704.06875,63460750.5
"(np.float64(1.0), 250, 320, np.float64(0.8500000000000001), 15)",houghCircleAlt,0.7958333333333333,61755118,62060899.0
"(np.float64(1.0), 250, 320, np.float64(0.9000000000000001), 5)",houghCircleAlt,0.7020833333333333,64490338.052083336,65291710.0
"(np.float64(1.0), 250, 320, np.float64(0.9000000000000001), 10)",houghCircleAlt,0.7729166666666667,62872210.2375,63532660.0
"(np.float64(1.0), 250, 320, np.float64(0.9000000000000001), 15)",houghCircleAlt,0.825,61694872.06666667,62148818.5
"(np.float64(1.0), 250, 330, np.float64(0.7), 5)",houghCircleAlt,0.4583333333333333,64576749.01875,65201962.0
"(np.float64(1.0), 250, 330, np.float64(0.7), 10)",houghCircleAlt,0.5,62972286.23125,63419899.0
"(np.float64(1.0), 250, 330, np.float64(0.7), 15)",houghCircleAlt,0.525,61985973.86875,62214973.0
"(np.float64(1.0), 250, 330, np.float64(0.75), 5)",houghCircleAlt,0.5291666666666667,66952805.82083333,67701401.5
"(np.float64(1.0), 250, 330, np.float64(0.75), 10)",houghCircleAlt,0.5625,62013333.22083333,62870212.0
"(np.float64(1.0), 250, 330, np.float64(0.75), 15)",houghCircleAlt,0.6270833333333333,61437376.53541667,61666594.5
"(np.float64(1.0), 250, 330, np.float64(0.8), 5)",houghCircleAlt,0.60625,64341167.37708333,64820511.0
"(np.float64(1.0), 250, 330, np.float64(0.8), 10)",houghCircleAlt,0.6541666666666667,63323919.03333333,63848292.5
"(np.float64(1.0), 250, 330, np.float64(0.8), 15)",houghCircleAlt,0.725,60869064.9,61285594.0
"(np.float64(1.0), 250, 330, np.float64(0.8500000000000001), 5)",houghCircleAlt,0.6604166666666667,63934264.53541667,65013188.0
"(np.float64(1.0), 250, 330, np.float64(0.8500000000000001), 10)",houghCircleAlt,0.73125,63382101.55,63888453.0
"(np.float64(1.0), 250, 330, np.float64(0.8500000000000001), 15)",houghCircleAlt,0.7979166666666667,61932773.96458333,62195774.5
"(np.float64(1.0), 250, 330, np.float64(0.9000000000000001), 5)",houghCircleAlt,0.7041666666666667,64867166.025,65353316.0
"(np.float64(1.0), 250, 330, np.float64(0.9000000000000001), 10)",houghCircleAlt,0.76875,65767612.12291667,66511158.0
"(np.float64(1.0), 250, 330, np.float64(0.9000000000000001), 15)",houghCircleAlt,0.825,60593530.40208333,61360475.0
"(np.float64(1.0), 250, 340, np.float64(0.7), 5)",houghCircleAlt,0.4583333333333333,64164485.77916667,64795674.5
"(np.float64(1.0), 250, 340, np.float64(0.7), 10)",houghCircleAlt,0.5083333333333333,62857282.91458333,62831354.5
"(np.float64(1.0), 250, 340, np.float64(0.7), 15)",houghCircleAlt,0.5270833333333333,60696814.43125,61107735.5
"(np.float64(1.0), 250, 340, np.float64(0.75), 5)",houghCircleAlt,0.53125,64337954.420833334,65037663.0
"(np.float64(1.0), 250, 340, np.float64(0.75), 10)",houghCircleAlt,0.5645833333333333,62934174.7125,63405231.0
"(np.float64(1.0), 250, 340, np.float64(0.75), 15)",houghCircleAlt,0.6395833333333333,61643488.3375,61912355.5
"(np.float64(1.0), 250, 340, np.float64(0.8), 5)",houghCircleAlt,0.6083333333333333,64904835.958333336,65616088.5
"(np.float64(1.0), 250, 340, np.float64(0.8), 10)",houghCircleAlt,0.6645833333333333,63298930.25208333,63559701.0
"(np.float64(1.0), 250, 340, np.float64(0.8), 15)",houghCircleAlt,0.7270833333333333,60436634.264583334,60842734.0
"(np.float64(1.0), 250, 340, np.float64(0.8500000000000001), 5)",houghCircleAlt,0.6604166666666667,66826485.96458333,67562596.0
"(np.float64(1.0), 250, 340, np.float64(0.8500000000000001), 10)",houghCircleAlt,0.7375,62428867.68958333,62665788.0
"(np.float64(1.0), 250, 340, np.float64(0.8500000000000001), 15)",houghCircleAlt,0.7979166666666667,61337403.708333336,61526216.0
"(np.float64(1.0), 250, 340, np.float64(0.9000000000000001), 5)",houghCircleAlt,0.7083333333333334,63448342.25625,63911290.5
"(np.float64(1.0), 250, 340, np.float64(0.9000000000000001), 10)",houghCircleAlt,0.7729166666666667,62733530.47291667,63353848.0
"(np.float64(1.0), 250, 340, np.float64(0.9000000000000001), 15)",houghCircleAlt,0.825,61461222.025,61589144.0
"(np.float64(1.0), 250, 350, np.float64(0.7), 5)",houghCircleAlt,0.4583333333333333,64173648.35208333,64719140.5
"(np.float64(1.0), 250, 350, np.float64(0.7), 10)",houghCircleAlt,0.50625,62729260.733333334,63062087.5
"(np.float64(1.0), 250, 350, np.float64(0.7), 15)",houghCircleAlt,0.5333333333333333,61682117.33541667,61912686.5
"(np.float64(1.0), 250, 350, np.float64(0.75), 5)",houghCircleAlt,0.5395833333333333,62941545.21875,63707072.0
"(np.float64(1.0), 250, 350, np.float64(0.75), 10)",houghCircleAlt,0.5729166666666666,65390415.22291667,66279362.5
"(np.float64(1.0), 250, 350, np.float64(0.75), 15)",houghCircleAlt,0.6354166666666666,61015452.2625,61227771.0
"(np.float64(1.0), 250, 350, np.float64(0.8), 5)",houghCircleAlt,0.6145833333333334,63927288.24791667,64550929.5
"(np.float64(1.0), 250, 350, np.float64(0.8), 10)",houghCircleAlt,0.6645833333333333,61917948.03125,62264637.0
"(np.float64(1.0), 250, 350, np.float64(0.8), 15)",houghCircleAlt,0.7395833333333334,61417961.91041667,61703117.5
"(np.float64(1.0), 250, 350, np.float64(0.8500000000000001), 5)",houghCircleAlt,0.6645833333333333,64140191.84583333,64670279.5
"(np.float64(1.0), 250, 350, np.float64(0.8500000000000001), 10)",houghCircleAlt,0.7375,62911407.260416664,63407605.0
"(np.float64(1.0), 250, 350, np.float64(0.8500000000000001), 15)",houghCircleAlt,0.8,61799182.02916667,61830531.5
"(np.float64(1.0), 250, 350, np.float64(0.9000000000000001), 5)",houghCircleAlt,0.7104166666666667,64464292.635416664,65020351.5
"(np.float64(1.0), 250, 350, np.float64(0.9000000000000001), 10)",houghCircleAlt,0.7708333333333334,61575182.15416667,62254577.5
"(np.float64(1.0), 250, 350, np.float64(0.9000000000000001), 15)",houghCircleAlt,0.825,63358181.895833336,63935551.5
"(np.float64(1.0), 250, 360, np.float64(0.7), 5)",houghCircleAlt,0.4583333333333333,63180847.31666667,63680136.5
"(np.float64(1.0), 250, 360, np.float64(0.7), 10)",houghCircleAlt,0.5104166666666666,62435877.31458333,62630939.0
"(np.float64(1.0), 250, 360, np.float64(0.7), 15)",houghCircleAlt,0.53125,60234775.8125,60407343.5
"(np.float64(1.0), 250, 360, np.float64(0.75), 5)",houghCircleAlt,0.5354166666666667,63394296.30416667,64094721.0
"(np.float64(1.0), 250, 360, np.float64(0.75), 10)",houghCircleAlt,0.5791666666666667,62304470.71041667,62960773.0
"(np.float64(1.0), 250, 360, np.float64(0.75), 15)",houghCircleAlt,0.6375,61105371.458333336,61444518.0
"(np.float64(1.0), 250, 360, np.float64(0.8), 5)",houghCircleAlt,0.6104166666666667,64242463.775,64601099.5
"(np.float64(1.0), 250, 360, np.float64(0.8), 10)",houghCircleAlt,0.6729166666666667,62838630.69583333,63287389.5
"(np.float64(1.0), 250, 360, np.float64(0.8), 15)",houghCircleAlt,0.73125,60005717.1,60265250.0
"(np.float64(1.0), 250, 360, np.float64(0.8500000000000001), 5)",houghCircleAlt,0.6645833333333333,66143636.733333334,66781384.5
"(np.float64(1.0), 250, 360, np.float64(0.8500000000000001), 10)",houghCircleAlt,0.7395833333333334,61997888.635416664,62119419.0
"(np.float64(1.0), 250, 360, np.float64(0.8500000000000001), 15)",houghCircleAlt,0.7979166666666667,60653728.53125,60967513.0
"(np.float64(1.0), 250, 360, np.float64(0.9000000000000001), 5)",houghCircleAlt,0.70625,63789809.75416667,64071592.0
"(np.float64(1.0), 250, 360, np.float64(0.9000000000000001), 10)",houghCircleAlt,0.7708333333333334,62427151.75,62802395.0
"(np.float64(1.0), 250, 360, np.float64(0.9000000000000001), 15)",houghCircleAlt,0.8229166666666666,61151238.72708333,61286401.0
"(np.float64(1.0), 250, 370, np.float64(0.7), 5)",houghCircleAlt,0.46041666666666664,64016511.639583334,64515925.0
"(np.float64(1.0), 250, 370, np.float64(0.7), 10)",houghCircleAlt,0.5104166666666666,62374532.55,62816005.0
"(np.float64(1.0), 250, 370, np.float64(0.7), 15)",houghCircleAlt,0.54375,59853906.31458333,60349207.0
"(np.float64(1.0), 250, 370, np.float64(0.75), 5)",houghCircleAlt,0.53125,63749950.40416667,64320463.0
"(np.float64(1.0), 250, 370, np.float64(0.75), 10)",houghCircleAlt,0.5770833333333333,65315761.96458333,65557449.5
"(np.float64(1.0), 250, 370, np.float64(0.75), 15)",houghCircleAlt,0.64375,61105507.829166666,61055814.0
"(np.float64(1.0), 250, 370, np.float64(0.8), 5)",houghCircleAlt,0.6041666666666666,62820798.447916664,63309045.5
"(np.float64(1.0), 250, 370, np.float64(0.8), 10)",houghCircleAlt,0.6625,62208742.108333334,62117370.0
"(np.float64(1.0), 250, 370, np.float64(0.8), 15)",houghCircleAlt,0.725,61019532.177083336,61388653.0
"(np.float64(1.0), 250, 370, np.float64(0.8500000000000001), 5)",houghCircleAlt,0.6604166666666667,63463024.14375,64045001.5
"(np.float64(1.0), 250, 370, np.float64(0.8500000000000001), 10)",houghCircleAlt,0.7375,62061148.25,62272179.5
"(np.float64(1.0), 250, 370, np.float64(0.8500000000000001), 15)",houghCircleAlt,0.7979166666666667,61476091.93958333,61521988.0
"(np.float64(1.0), 250, 370, np.float64(0.9000000000000001), 5)",houghCircleAlt,0.70625,62430243.88125,63073263.0
"(np.float64(1.0), 250, 370, np.float64(0.9000000000000001), 10)",houghCircleAlt,0.7666666666666667,62628541.34791667,62969103.5
"(np.float64(1.0), 250, 370, np.float64(0.9000000000000001), 15)",houghCircleAlt,0.8208333333333333,63395821.604166664,63502263.5
"(np.float64(1.0), 250, 380, np.float64(0.7), 5)",houghCircleAlt,0.4583333333333333,63199842.55,63735385.5
"(np.float64(1.0), 250, 380, np.float64(0.7), 10)",houghCircleAlt,0.51875,61521991.50833333,61877991.5
"(np.float64(1.0), 250, 380, np.float64(0.7), 15)",houghCircleAlt,0.5479166666666667,61228073.9875,60918109.5
"(np.float64(1.0), 250, 380, np.float64(0.75), 5)",houghCircleAlt,0.5291666666666667,63571774.641666666,64255746.0
"(np.float64(1.0), 250, 380, np.float64(0.75), 10)",houghCircleAlt,0.575,62603826.458333336,62703159.0
"(np.float64(1.0), 250, 380, np.float64(0.75), 15)",houghCircleAlt,0.6479166666666667,61237758.84791667,61128920.0
"(np.float64(1.0), 250, 380, np.float64(0.8), 5)",houghCircleAlt,0.6020833333333333,64014486.07083333,64584759.0
"(np.float64(1.0), 250, 380, np.float64(0.8), 10)",houghCircleAlt,0.6625,60731383.547916666,61402994.0
"(np.float64(1.0), 250, 380, np.float64(0.8), 15)",houghCircleAlt,0.7291666666666666,61598377.53958333,61891407.0
"(np.float64(1.0), 250, 380, np.float64(0.8500000000000001), 5)",houghCircleAlt,0.6604166666666667,65481436.38333333,65863107.5
"(np.float64(1.0), 250, 380, np.float64(0.8500000000000001), 10)",houghCircleAlt,0.7395833333333334,61744993.75833333,61870211.5
"(np.float64(1.0), 250, 380, np.float64(0.8500000000000001), 15)",houghCircleAlt,0.7958333333333333,59920563.422916666,60131075.0
"(np.float64(1.0), 250, 380, np.float64(0.9000000000000001), 5)",houghCircleAlt,0.7104166666666667,63396094.31875,63719731.0
"(np.float64(1.0), 250, 380, np.float64(0.9000000000000001), 10)",houghCircleAlt,0.76875,62144585.135416664,62685400.5
"(np.float64(1.0), 250, 380, np.float64(0.9000000000000001), 15)",houghCircleAlt,0.8208333333333333,60726563.454166666,61026298.0
"(np.float64(1.0), 250, 390, np.float64(0.7), 5)",houghCircleAlt,0.4479166666666667,63187305.84166667,63163883.5
"(np.float64(1.0), 250, 390, np.float64(0.7), 10)",houghCircleAlt,0.525,60630234.514583334,60976484.0
"(np.float64(1.0), 250, 390, np.float64(0.7), 15)",houghCircleAlt,0.55625,60842294.385416664,60839723.0
"(np.float64(1.0), 250, 390, np.float64(0.75), 5)",houghCircleAlt,0.5270833333333333,63619368.479166664,64092605.0
"(np.float64(1.0), 250, 390, np.float64(0.75), 10)",houghCircleAlt,0.5791666666666667,61778281.9875,62045416.0
"(np.float64(1.0), 250, 390, np.float64(0.75), 15)",houghCircleAlt,0.6416666666666667,60008793.44375,60167662.5
"(np.float64(1.0), 250, 390, np.float64(0.8), 5)",houghCircleAlt,0.6020833333333333,65357291.28333333,65657837.0
"(np.float64(1.0), 250, 390, np.float64(0.8), 10)",houghCircleAlt,0.6604166666666667,61772542.979166664,62028267.0
"(np.float64(1.0), 250, 390, np.float64(0.8), 15)",houghCircleAlt,0.7229166666666667,60505769.94583333,60712419.0
"(np.float64(1.0), 250, 390, np.float64(0.8500000000000001), 5)",houghCircleAlt,0.6645833333333333,62839452.8375,63489133.5
"(np.float64(1.0), 250, 390, np.float64(0.8500000000000001), 10)",houghCircleAlt,0.73125,61892472.516666666,61953989.5
"(np.float64(1.0), 250, 390, np.float64(0.8500000000000001), 15)",houghCircleAlt,0.7895833333333333,59352038.8375,59313079.0
"(np.float64(1.0), 250, 390, np.float64(0.9000000000000001), 5)",houghCircleAlt,0.7104166666666667,63232757.697916664,63566919.0
"(np.float64(1.0), 250, 390, np.float64(0.9000000000000001), 10)",houghCircleAlt,0.7645833333333333,62300799.84791667,62478117.5
"(np.float64(1.0), 250, 390, np.float64(0.9000000000000001), 15)",houghCircleAlt,0.8166666666666667,59939540.3125,60237513.5
"(np.float64(1.0), 260, 300, np.float64(0.7), 5)",houghCircleAlt,0.4166666666666667,67120916.225,67818566.0
"(np.float64(1.0), 260, 300, np.float64(0.7), 10)",houghCircleAlt,0.49375,66954462.8375,67735139.0
"(np.float64(1.0), 260, 300, np.float64(0.7), 15)",houghCircleAlt,0.5229166666666667,64203621.045833334,64146757.0
"(np.float64(1.0), 260, 300, np.float64(0.75), 5)",houghCircleAlt,0.47708333333333336,67250951.68958333,67987107.5
"(np.float64(1.0), 260, 300, np.float64(0.75), 10)",houghCircleAlt,0.55,65951254.39791667,66572823.5
"(np.float64(1.0), 260, 300, np.float64(0.75), 15)",houghCircleAlt,0.6208333333333333,64187123.89375,64756065.5
"(np.float64(1.0), 260, 300, np.float64(0.8), 5)",houghCircleAlt,0.56875,66182730.9875,67346324.5
"(np.float64(1.0), 260, 300, np.float64(0.8), 10)",houghCircleAlt,0.6354166666666666,65839753.11875,66785042.0
"(np.float64(1.0), 260, 300, np.float64(0.8), 15)",houghCircleAlt,0.7104166666666667,64854785.572916664,65156396.5
"(np.float64(1.0), 260, 300, np.float64(0.8500000000000001), 5)",houghCircleAlt,0.63125,66197524.677083336,67011412.0
"(np.float64(1.0), 260, 300, np.float64(0.8500000000000001), 10)",houghCircleAlt,0.7083333333333334,65277752.541666664,66029575.0
"(np.float64(1.0), 260, 300, np.float64(0.8500000000000001), 15)",houghCircleAlt,0.7645833333333333,64120690.38333333,64427398.5
"(np.float64(1.0), 260, 300, np.float64(0.9000000000000001), 5)",houghCircleAlt,0.6770833333333334,68615892.35208334,69802496.0
"(np.float64(1.0), 260, 300, np.float64(0.9000000000000001), 10)",houghCircleAlt,0.7416666666666667,65541543.15,66144545.5
"(np.float64(1.0), 260, 300, np.float64(0.9000000000000001), 15)",houghCircleAlt,0.7958333333333333,63988695.16875,64230469.0
"(np.float64(1.0), 260, 310, np.float64(0.7), 5)",houghCircleAlt,0.4270833333333333,66759361.37916667,67511715.5
"(np.float64(1.0), 260, 310, np.float64(0.7), 10)",houghCircleAlt,0.48125,64070816.552083336,65127908.5
"(np.float64(1.0), 260, 310, np.float64(0.7), 15)",houghCircleAlt,0.5270833333333333,64142824.40208333,64241790.0
"(np.float64(1.0), 260, 310, np.float64(0.75), 5)",houghCircleAlt,0.49166666666666664,67254884.07708333,67865754.0
"(np.float64(1.0), 260, 310, np.float64(0.75), 10)",houghCircleAlt,0.5458333333333333,64176449.30416667,65003840.5
"(np.float64(1.0), 260, 310, np.float64(0.75), 15)",houghCircleAlt,0.625,63362008.31666667,63879531.0
"(np.float64(1.0), 260, 310, np.float64(0.8), 5)",houghCircleAlt,0.5770833333333333,66380252.81458333,67016030.5
"(np.float64(1.0), 260, 310, np.float64(0.8), 10)",houghCircleAlt,0.64375,67203402.22083333,67770050.0
"(np.float64(1.0), 260, 310, np.float64(0.8), 15)",houghCircleAlt,0.7104166666666667,63947703.9125,64234667.5
"(np.float64(1.0), 260, 310, np.float64(0.8500000000000001), 5)",houghCircleAlt,0.625,67010444.475,67655340.0
"(np.float64(1.0), 260, 310, np.float64(0.8500000000000001), 10)",houghCircleAlt,0.7104166666666667,65826676.31458333,66013149.0
"(np.float64(1.0), 260, 310, np.float64(0.8500000000000001), 15)",houghCircleAlt,0.7645833333333333,63062193.81041667,64055566.5
"(np.float64(1.0), 260, 310, np.float64(0.9000000000000001), 5)",houghCircleAlt,0.6708333333333333,67632191.84166667,68627418.5
"(np.float64(1.0), 260, 310, np.float64(0.9000000000000001), 10)",houghCircleAlt,0.74375,65561706.45625,66090088.0
"(np.float64(1.0), 260, 310, np.float64(0.9000000000000001), 15)",houghCircleAlt,0.79375,63314861.0625,63649169.0
"(np.float64(1.0), 260, 320, np.float64(0.7), 5)",houghCircleAlt,0.4354166666666667,66340147.475,66825082.0
"(np.float64(1.0), 260, 320, np.float64(0.7), 10)",houghCircleAlt,0.49375,65228801.85625,65497055.0
"(np.float64(1.0), 260, 320, np.float64(0.7), 15)",houghCircleAlt,0.53125,63656637.22291667,64118719.5
"(np.float64(1.0), 260, 320, np.float64(0.75), 5)",houghCircleAlt,0.50625,68241845.9375,69415456.5
"(np.float64(1.0), 260, 320, np.float64(0.75), 10)",houghCircleAlt,0.5541666666666667,64663559.4625,64950980.5
"(np.float64(1.0), 260, 320, np.float64(0.75), 15)",houghCircleAlt,0.625,62630565.795833334,63149271.0
"(np.float64(1.0), 260, 320, np.float64(0.8), 5)",houghCircleAlt,0.5895833333333333,66541543.166666664,67288050.0
"(np.float64(1.0), 260, 320, np.float64(0.8), 10)",houghCircleAlt,0.6333333333333333,65720968.37291667,65984049.5
"(np.float64(1.0), 260, 320, np.float64(0.8), 15)",houghCircleAlt,0.70625,64155560.11875,64171423.5
"(np.float64(1.0), 260, 320, np.float64(0.8500000000000001), 5)",houghCircleAlt,0.6333333333333333,65702916.15208333,66593366.5
"(np.float64(1.0), 260, 320, np.float64(0.8500000000000001), 10)",houghCircleAlt,0.70625,64849922.2875,65184529.5
"(np.float64(1.0), 260, 320, np.float64(0.8500000000000001), 15)",houghCircleAlt,0.7666666666666667,63409424.75208333,63679410.5
"(np.float64(1.0), 260, 320, np.float64(0.9000000000000001), 5)",houghCircleAlt,0.675,66646235.275,67309080.0
"(np.float64(1.0), 260, 320, np.float64(0.9000000000000001), 10)",houghCircleAlt,0.74375,65444141.71666667,65886522.0
"(np.float64(1.0), 260, 320, np.float64(0.9000000000000001), 15)",houghCircleAlt,0.79375,65579692.46666667,66042443.5
"(np.float64(1.0), 260, 330, np.float64(0.7), 5)",houghCircleAlt,0.45416666666666666,65081431.80625,65791543.0
"(np.float64(1.0), 260, 330, np.float64(0.7), 10)",houghCircleAlt,0.49375,65084670.37083333,65607912.5
"(np.float64(1.0), 260, 330, np.float64(0.7), 15)",houghCircleAlt,0.525,64004555.44583333,64381202.5
"(np.float64(1.0), 260, 330, np.float64(0.75), 5)",houghCircleAlt,0.51875,66200690.22708333,66536335.0
"(np.float64(1.0), 260, 330, np.float64(0.75), 10)",houghCircleAlt,0.55,63129434.88125,63686609.0
"(np.float64(1.0), 260, 330, np.float64(0.75), 15)",houghCircleAlt,0.6229166666666667,62904689.42916667,63444238.0
"(np.float64(1.0), 260, 330, np.float64(0.8), 5)",houghCircleAlt,0.5958333333333333,65931241.675,66702006.0
"(np.float64(1.0), 260, 330, np.float64(0.8), 10)",houghCircleAlt,0.6375,64839680.64375,65224965.0
"(np.float64(1.0), 260, 330, np.float64(0.8), 15)",houghCircleAlt,0.7083333333333334,63620750.77916667,63896940.0
"(np.float64(1.0), 260, 330, np.float64(0.8500000000000001), 5)",houghCircleAlt,0.6416666666666667,67652489.52916667,68271109.5
"(np.float64(1.0), 260, 330, np.float64(0.8500000000000001), 10)",houghCircleAlt,0.7083333333333334,63965027.697916664,64646710.0
"(np.float64(1.0), 260, 330, np.float64(0.8500000000000001), 15)",houghCircleAlt,0.7729166666666667,63660842.208333336,63870063.0
"(np.float64(1.0), 260, 330, np.float64(0.9000000000000001), 5)",houghCircleAlt,0.68125,66744010.66458333,67411333.0
"(np.float64(1.0), 260, 330, np.float64(0.9000000000000001), 10)",houghCircleAlt,0.74375,65264437.016666666,65612111.5
"(np.float64(1.0), 260, 330, np.float64(0.9000000000000001), 15)",houghCircleAlt,0.7958333333333333,62717019.025,62974558.0
"(np.float64(1.0), 260, 340, np.float64(0.7), 5)",houghCircleAlt,0.45,65781478.53125,66310882.5
"(np.float64(1.0), 260, 340, np.float64(0.7), 10)",houghCircleAlt,0.5020833333333333,64609737.71041667,64664678.5
"(np.float64(1.0), 260, 340, np.float64(0.7), 15)",houghCircleAlt,0.5229166666666667,63181248.325,63105574.0
"(np.float64(1.0), 260, 340, np.float64(0.75), 5)",houghCircleAlt,0.5166666666666667,65880391.11666667,66241767.0
"(np.float64(1.0), 260, 340, np.float64(0.75), 10)",houghCircleAlt,0.5520833333333334,66376896.85208333,66825157.0
"(np.float64(1.0), 260, 340, np.float64(0.75), 15)",houghCircleAlt,0.63125,62644184.32083333,63369113.5
"(np.float64(1.0), 260, 340, np.float64(0.8), 5)",houghCircleAlt,0.5958333333333333,66590828.9375,67019035.5
"(np.float64(1.0), 260, 340, np.float64(0.8), 10)",houghCircleAlt,0.6479166666666667,64846933.5875,65271176.5
"(np.float64(1.0), 260, 340, np.float64(0.8), 15)",houghCircleAlt,0.7083333333333334,63953093.108333334,63727460.5
"(np.float64(1.0), 260, 340, np.float64(0.8500000000000001), 5)",houghCircleAlt,0.6416666666666667,64997564.55416667,65478400.0
"(np.float64(1.0), 260, 340, np.float64(0.8500000000000001), 10)",houghCircleAlt,0.7145833333333333,64606751.735416666,65046560.5
"(np.float64(1.0), 260, 340, np.float64(0.8500000000000001), 15)",houghCircleAlt,0.7708333333333334,63812209.702083334,63590919.0
"(np.float64(1.0), 260, 340, np.float64(0.9000000000000001), 5)",houghCircleAlt,0.6854166666666667,66228918.947916664,66650745.0
"(np.float64(1.0), 260, 340, np.float64(0.9000000000000001), 10)",houghCircleAlt,0.7479166666666667,65103700.55,65246049.5
"(np.float64(1.0), 260, 340, np.float64(0.9000000000000001), 15)",houghCircleAlt,0.7958333333333333,65352189.225,65559663.0
"(np.float64(1.0), 260, 350, np.float64(0.7), 5)",houghCircleAlt,0.45,64891830.13125,65521827.0
"(np.float64(1.0), 260, 350, np.float64(0.7), 10)",houghCircleAlt,0.5,64689521.58125,64774480.0
"(np.float64(1.0), 260, 350, np.float64(0.7), 15)",houghCircleAlt,0.53125,63619318.760416664,63640923.0
"(np.float64(1.0), 260, 350, np.float64(0.75), 5)",houghCircleAlt,0.525,66103157.025,66413415.0
"(np.float64(1.0), 260, 350, np.float64(0.75), 10)",houghCircleAlt,0.5583333333333333,63722427.85208333,64070184.0
"(np.float64(1.0), 260, 350, np.float64(0.75), 15)",houghCircleAlt,0.6291666666666667,62711848.37708333,62718327.0
"(np.float64(1.0), 260, 350, np.float64(0.8), 5)",houghCircleAlt,0.5979166666666667,65663218.40416667,65852442.0
"(np.float64(1.0), 260, 350, np.float64(0.8), 10)",houghCircleAlt,0.6479166666666667,64837203.579166666,65087396.5
"(np.float64(1.0), 260, 350, np.float64(0.8), 15)",houghCircleAlt,0.7208333333333333,63108713.80416667,62937128.0
"(np.float64(1.0), 260, 350, np.float64(0.8500000000000001), 5)",houghCircleAlt,0.6416666666666667,68012607.03958334,68714592.0
"(np.float64(1.0), 260, 350, np.float64(0.8500000000000001), 10)",houghCircleAlt,0.7145833333333333,62947573.764583334,63691919.0
"(np.float64(1.0), 260, 350, np.float64(0.8500000000000001), 15)",houghCircleAlt,0.775,62985300.552083336,63187788.0
"(np.float64(1.0), 260, 350, np.float64(0.9000000000000001), 5)",houghCircleAlt,0.6854166666666667,66329163.00625,66637990.5
"(np.float64(1.0), 260, 350, np.float64(0.9000000000000001), 10)",houghCircleAlt,0.7458333333333333,64913720.60208333,65047717.0
"(np.float64(1.0), 260, 350, np.float64(0.9000000000000001), 15)",houghCircleAlt,0.7958333333333333,61497507.36875,61669074.0
"(np.float64(1.0), 260, 360, np.float64(0.7), 5)",houghCircleAlt,0.45208333333333334,65326672.09375,66016660.0
"(np.float64(1.0), 260, 360, np.float64(0.7), 10)",houghCircleAlt,0.5020833333333333,64351845.072916664,64375596.0
"(np.float64(1.0), 260, 360, np.float64(0.7), 15)",houghCircleAlt,0.5229166666666667,63572686.50625,63269812.0
"(np.float64(1.0), 260, 360, np.float64(0.75), 5)",houghCircleAlt,0.51875,65704289.177083336,65877509.5
"(np.float64(1.0), 260, 360, np.float64(0.75), 10)",houghCircleAlt,0.5625,62866201.97291667,63440171.5
"(np.float64(1.0), 260, 360, np.float64(0.75), 15)",houghCircleAlt,0.625,64964326.74375,65156522.0
"(np.float64(1.0), 260, 360, np.float64(0.8), 5)",houghCircleAlt,0.59375,65767141.89791667,66047818.0
"(np.float64(1.0), 260, 360, np.float64(0.8), 10)",houghCircleAlt,0.6541666666666667,64906503.68541667,64825791.0
"(np.float64(1.0), 260, 360, np.float64(0.8), 15)",houghCircleAlt,0.7104166666666667,63505308.575,63722357.0
"(np.float64(1.0), 260, 360, np.float64(0.8500000000000001), 5)",houghCircleAlt,0.6416666666666667,64249821.1375,64959361.5
"(np.float64(1.0), 260, 360, np.float64(0.8500000000000001), 10)",houghCircleAlt,0.7166666666666667,64256400.21041667,64386171.5
"(np.float64(1.0), 260, 360, np.float64(0.8500000000000001), 15)",houghCircleAlt,0.7708333333333334,63149197.24791667,63031445.0
"(np.float64(1.0), 260, 360, np.float64(0.9000000000000001), 5)",houghCircleAlt,0.68125,65708454.81458333,66135818.5
"(np.float64(1.0), 260, 360, np.float64(0.9000000000000001), 10)",houghCircleAlt,0.74375,64353752.0625,64800309.0
"(np.float64(1.0), 260, 360, np.float64(0.9000000000000001), 15)",houghCircleAlt,0.7916666666666666,61812484.31666667,62085149.5
"(np.float64(1.0), 260, 370, np.float64(0.7), 5)",houghCircleAlt,0.45208333333333334,66702059.27916667,67296751.5
"(np.float64(1.0), 260, 370, np.float64(0.7), 10)",houghCircleAlt,0.5020833333333333,63952524.40208333,64030429.5
"(np.float64(1.0), 260, 370, np.float64(0.7), 15)",houghCircleAlt,0.5354166666666667,63020719.9875,63112004.5
"(np.float64(1.0), 260, 370, np.float64(0.75), 5)",houghCircleAlt,0.5125,65717542.983333334,65930528.0
"(np.float64(1.0), 260, 370, np.float64(0.75), 10)",houghCircleAlt,0.5604166666666667,63334783.84166667,63639040.5
"(np.float64(1.0), 260, 370, np.float64(0.75), 15)",houghCircleAlt,0.63125,62453018.610416666,62498445.0
"(np.float64(1.0), 260, 370, np.float64(0.8), 5)",houghCircleAlt,0.5854166666666667,64919121.78125,64854711.0
"(np.float64(1.0), 260, 370, np.float64(0.8), 10)",houghCircleAlt,0.6416666666666667,63788659.391666666,64076125.0
"(np.float64(1.0), 260, 370, np.float64(0.8), 15)",houghCircleAlt,0.7041666666666667,62351690.36666667,62590288.0
"(np.float64(1.0), 260, 370, np.float64(0.8500000000000001), 5)",houghCircleAlt,0.6375,63666772.20625,64656628.5
"(np.float64(1.0), 260, 370, np.float64(0.8500000000000001), 10)",houghCircleAlt,0.7125,65573161.44166667,65819210.5
"(np.float64(1.0), 260, 370, np.float64(0.8500000000000001), 15)",houghCircleAlt,0.7708333333333334,62817107.975,62942899.0
"(np.float64(1.0), 260, 370, np.float64(0.9000000000000001), 5)",houghCircleAlt,0.68125,65436583.28125,65813358.5
"(np.float64(1.0), 260, 370, np.float64(0.9000000000000001), 10)",houghCircleAlt,0.7395833333333334,64189346.85208333,64388676.5
"(np.float64(1.0), 260, 370, np.float64(0.9000000000000001), 15)",houghCircleAlt,0.7895833333333333,61917821.1,61703228.5
"(np.float64(1.0), 260, 380, np.float64(0.7), 5)",houghCircleAlt,0.44583333333333336,64644811.50833333,65134159.0
"(np.float64(1.0), 260, 380, np.float64(0.7), 10)",houghCircleAlt,0.5125,63631626.020833336,63542830.5
"(np.float64(1.0), 260, 380, np.float64(0.7), 15)",houghCircleAlt,0.5395833333333333,62330919.77916667,62186064.5
"(np.float64(1.0), 260, 380, np.float64(0.75), 5)",houghCircleAlt,0.5125,65024594.02916667,65523504.0
"(np.float64(1.0), 260, 380, np.float64(0.75), 10)",houghCircleAlt,0.5604166666666667,62442143.833333336,62829450.5
"(np.float64(1.0), 260, 380, np.float64(0.75), 15)",houghCircleAlt,0.6354166666666666,64494193.927083336,64473660.5
"(np.float64(1.0), 260, 380, np.float64(0.8), 5)",houghCircleAlt,0.5833333333333334,64779978.5125,64953726.5
"(np.float64(1.0), 260, 380, np.float64(0.8), 10)",houghCircleAlt,0.6395833333333333,63717943.00416667,63756084.5
"(np.float64(1.0), 260, 380, np.float64(0.8), 15)",houghCircleAlt,0.7083333333333334,61558227.22291667,61763696.5
"(np.float64(1.0), 260, 380, np.float64(0.8500000000000001), 5)",houghCircleAlt,0.6354166666666666,65053700.75208333,65342561.0
"(np.float64(1.0), 260, 380, np.float64(0.8500000000000001), 10)",houghCircleAlt,0.7125,63444515.135416664,63976618.5
"(np.float64(1.0), 260, 380, np.float64(0.8500000000000001), 15)",houghCircleAlt,0.7666666666666667,63098813.90208333,63074471.0
"(np.float64(1.0), 260, 380, np.float64(0.9000000000000001), 5)",houghCircleAlt,0.6833333333333333,65242513.5875,65406526.0
"(np.float64(1.0), 260, 380, np.float64(0.9000000000000001), 10)",houghCircleAlt,0.7395833333333334,64443015.354166664,64699975.0
"(np.float64(1.0), 260, 380, np.float64(0.9000000000000001), 15)",houghCircleAlt,0.7875,61428085.90625,61612783.5
"(np.float64(1.0), 260, 390, np.float64(0.7), 5)",houghCircleAlt,0.4395833333333333,67160427.59166667,67217422.5
"(np.float64(1.0), 260, 390, np.float64(0.7), 10)",houghCircleAlt,0.5208333333333334,63837985.40625,63667234.0
"(np.float64(1.0), 260, 390, np.float64(0.7), 15)",houghCircleAlt,0.55,63118801.5375,62600486.5
"(np.float64(1.0), 260, 390, np.float64(0.75), 5)",houghCircleAlt,0.5104166666666666,64236796.18333333,64250166.0
"(np.float64(1.0), 260, 390, np.float64(0.75), 10)",houghCircleAlt,0.56875,64265172.06875,64111285.5
"(np.float64(1.0), 260, 390, np.float64(0.75), 15)",houghCircleAlt,0.6291666666666667,62316273.58541667,62283732.0
"(np.float64(1.0), 260, 390, np.float64(0.8), 5)",houghCircleAlt,0.5833333333333334,65101015.520833336,65087797.5
"(np.float64(1.0), 260, 390, np.float64(0.8), 10)",houghCircleAlt,0.6416666666666667,63752364.91458333,64137275.0
"(np.float64(1.0), 260, 390, np.float64(0.8), 15)",houghCircleAlt,0.7020833333333333,61439823.65625,61485118.5
"(np.float64(1.0), 260, 390, np.float64(0.8500000000000001), 5)",houghCircleAlt,0.6416666666666667,65088711.75416667,65088543.0
"(np.float64(1.0), 260, 390, np.float64(0.8500000000000001), 10)",houghCircleAlt,0.7083333333333334,63508432.729166664,63764961.5
"(np.float64(1.0), 260, 390, np.float64(0.8500000000000001), 15)",houghCircleAlt,0.7625,63809288.95,63952142.5
"(np.float64(1.0), 260, 390, np.float64(0.9000000000000001), 5)",houghCircleAlt,0.6854166666666667,64889560.052083336,65215928.5
"(np.float64(1.0), 260, 390, np.float64(0.9000000000000001), 10)",houghCircleAlt,0.7375,62475006.11875,62863130.0
"(np.float64(1.0), 260, 390, np.float64(0.9000000000000001), 15)",houghCircleAlt,0.7854166666666667,62928155.7,63003308.0
"(np.float64(1.0), 270, 300, np.float64(0.7), 5)",houghCircleAlt,0.4041666666666667,68980500.55833334,69618492.0
"(np.float64(1.0), 270, 300, np.float64(0.7), 10)",houghCircleAlt,0.47291666666666665,67882419.96041666,68060670.0
"(np.float64(1.0), 270, 300, np.float64(0.7), 15)",houghCircleAlt,0.5041666666666667,65896068.41041667,65954694.0
"(np.float64(1.0), 270, 300, np.float64(0.75), 5)",houghCircleAlt,0.46041666666666664,68644351.21666667,69330772.5
"(np.float64(1.0), 270, 300, np.float64(0.75), 10)",houghCircleAlt,0.5208333333333334,66903965.74375,67582663.5
"(np.float64(1.0), 270, 300, np.float64(0.75), 15)",houghCircleAlt,0.5854166666666667,66196282.452083334,66421509.0
"(np.float64(1.0), 270, 300, np.float64(0.8), 5)",houghCircleAlt,0.5395833333333333,70886807.52916667,71509881.5
"(np.float64(1.0), 270, 300, np.float64(0.8), 10)",houghCircleAlt,0.6041666666666666,67954595.81666666,68277241.5
"(np.float64(1.0), 270, 300, np.float64(0.8), 15)",houghCircleAlt,0.6645833333333333,65476849.43958333,65475555.0
"(np.float64(1.0), 270, 300, np.float64(0.8500000000000001), 5)",houghCircleAlt,0.5916666666666667,69599880.66666667,70174646.0
"(np.float64(1.0), 270, 300, np.float64(0.8500000000000001), 10)",houghCircleAlt,0.6625,67467472.27916667,67881453.0
"(np.float64(1.0), 270, 300, np.float64(0.8500000000000001), 15)",houghCircleAlt,0.7125,65846847.79375,65624044.0
"(np.float64(1.0), 270, 300, np.float64(0.9000000000000001), 5)",houghCircleAlt,0.6354166666666666,68651211.83958334,68991951.5
"(np.float64(1.0), 270, 300, np.float64(0.9000000000000001), 10)",houghCircleAlt,0.69375,67185310.5625,67680773.0
"(np.float64(1.0), 270, 300, np.float64(0.9000000000000001), 15)",houghCircleAlt,0.74375,65783666.3875,65789695.0
"(np.float64(1.0), 270, 310, np.float64(0.7), 5)",houghCircleAlt,0.41041666666666665,68882080.0875,69538207.0
"(np.float64(1.0), 270, 310, np.float64(0.7), 10)",houghCircleAlt,0.4583333333333333,68270058.3125,68885246.0
"(np.float64(1.0), 270, 310, np.float64(0.7), 15)",houghCircleAlt,0.5041666666666667,64910825.83958333,65097065.5
"(np.float64(1.0), 270, 310, np.float64(0.75), 5)",houghCircleAlt,0.4708333333333333,68655932.85625,69042031.5
"(np.float64(1.0), 270, 310, np.float64(0.75), 10)",houghCircleAlt,0.51875,68227420.025,68503340.5
"(np.float64(1.0), 270, 310, np.float64(0.75), 15)",houghCircleAlt,0.5875,65744656.77708333,65807057.5
"(np.float64(1.0), 270, 310, np.float64(0.8), 5)",houghCircleAlt,0.5479166666666667,68743228.57291667,68873745.0
"(np.float64(1.0), 270, 310, np.float64(0.8), 10)",houghCircleAlt,0.6125,67065926.395833336,67174011.0
"(np.float64(1.0), 270, 310, np.float64(0.8), 15)",houghCircleAlt,0.6645833333333333,65983687.31041667,66050742.5
"(np.float64(1.0), 270, 310, np.float64(0.8500000000000001), 5)",houghCircleAlt,0.5875,68746706.56666666,69501598.5
"(np.float64(1.0), 270, 310, np.float64(0.8500000000000001), 10)",houghCircleAlt,0.6645833333333333,66982137.3625,67516479.5
"(np.float64(1.0), 270, 310, np.float64(0.8500000000000001), 15)",houghCircleAlt,0.7125,67081563.37708333,67204408.5
"(np.float64(1.0), 270, 310, np.float64(0.9000000000000001), 5)",houghCircleAlt,0.6291666666666667,68012029.06458333,67991256.0
"(np.float64(1.0), 270, 310, np.float64(0.9000000000000001), 10)",houghCircleAlt,0.6958333333333333,67301891.30208333,67711160.0
"(np.float64(1.0), 270, 310, np.float64(0.9000000000000001), 15)",houghCircleAlt,0.7416666666666667,65640535.485416666,65868517.5
"(np.float64(1.0), 270, 320, np.float64(0.7), 5)",houghCircleAlt,0.4125,67702196.41875,68405993.0
"(np.float64(1.0), 270, 320, np.float64(0.7), 10)",houghCircleAlt,0.46875,66737172.93125,66495318.5
"(np.float64(1.0), 270, 320, np.float64(0.7), 15)",houghCircleAlt,0.5104166666666666,64930918.42916667,65139324.5
"(np.float64(1.0), 270, 320, np.float64(0.75), 5)",houghCircleAlt,0.4791666666666667,67957955.675,68543526.0
"(np.float64(1.0), 270, 320, np.float64(0.75), 10)",houghCircleAlt,0.5229166666666667,67053612.31666667,67608331.5
"(np.float64(1.0), 270, 320, np.float64(0.75), 15)",houghCircleAlt,0.5875,64697190.15833333,64932837.0
"(np.float64(1.0), 270, 320, np.float64(0.8), 5)",houghCircleAlt,0.55625,70250082.58333333,70789279.0
"(np.float64(1.0), 270, 320, np.float64(0.8), 10)",houghCircleAlt,0.6,65871440.28541667,66080811.0
"(np.float64(1.0), 270, 320, np.float64(0.8), 15)",houghCircleAlt,0.6604166666666667,65685077.65,65796006.5
"(np.float64(1.0), 270, 320, np.float64(0.8500000000000001), 5)",houghCircleAlt,0.59375,69043033.93541667,69669714.0
"(np.float64(1.0), 270, 320, np.float64(0.8500000000000001), 10)",houghCircleAlt,0.6604166666666667,66759303.09583333,67399239.5
"(np.float64(1.0), 270, 320, np.float64(0.8500000000000001), 15)",houghCircleAlt,0.7145833333333333,65371460.52291667,65195976.0
"(np.float64(1.0), 270, 320, np.float64(0.9000000000000001), 5)",houghCircleAlt,0.63125,67973318.30625,68221767.5
"(np.float64(1.0), 270, 320, np.float64(0.9000000000000001), 10)",houghCircleAlt,0.6958333333333333,67201778.50625,67251527.0
"(np.float64(1.0), 270, 320, np.float64(0.9000000000000001), 15)",houghCircleAlt,0.7416666666666667,65874193.708333336,65866663.5
"(np.float64(1.0), 270, 330, np.float64(0.7), 5)",houghCircleAlt,0.42916666666666664,68400917.01041667,69083744.5
"(np.float64(1.0), 270, 330, np.float64(0.7), 10)",houghCircleAlt,0.4666666666666667,65731993.21458333,66215198.0
"(np.float64(1.0), 270, 330, np.float64(0.7), 15)",houghCircleAlt,0.5041666666666667,66901965.766666666,67152657.5
"(np.float64(1.0), 270, 330, np.float64(0.75), 5)",houghCircleAlt,0.4895833333333333,68655369.64166667,68651668.5
"(np.float64(1.0), 270, 330, np.float64(0.75), 10)",houghCircleAlt,0.51875,67176908.08125,67464361.5
"(np.float64(1.0), 270, 330, np.float64(0.75), 15)",houghCircleAlt,0.5875,65277153.55833333,65384449.5
"(np.float64(1.0), 270, 330, np.float64(0.8), 5)",houghCircleAlt,0.5583333333333333,68168675.58125,68198473.5
"(np.float64(1.0), 270, 330, np.float64(0.8), 10)",houghCircleAlt,0.6020833333333333,66246257.23125,65989379.5
"(np.float64(1.0), 270, 330, np.float64(0.8), 15)",houghCircleAlt,0.6625,65243654.354166664,65628407.5
"(np.float64(1.0), 270, 330, np.float64(0.8500000000000001), 5)",houghCircleAlt,0.5979166666666667,67760741.73541667,68308760.0
"(np.float64(1.0), 270, 330, np.float64(0.8500000000000001), 10)",houghCircleAlt,0.6625,66620342.89375,66705307.0
"(np.float64(1.0), 270, 330, np.float64(0.8500000000000001), 15)",houghCircleAlt,0.7208333333333333,64391932.64375,64061117.0
"(np.float64(1.0), 270, 330, np.float64(0.9000000000000001), 5)",houghCircleAlt,0.6333333333333333,70192632.67291667,70822201.0
"(np.float64(1.0), 270, 330, np.float64(0.9000000000000001), 10)",houghCircleAlt,0.6958333333333333,67635877.96041666,67707818.0
"(np.float64(1.0), 270, 330, np.float64(0.9000000000000001), 15)",houghCircleAlt,0.74375,66169457.233333334,66051662.0
"(np.float64(1.0), 270, 340, np.float64(0.7), 5)",houghCircleAlt,0.4270833333333333,67149868.9125,67635652.5
"(np.float64(1.0), 270, 340, np.float64(0.7), 10)",houghCircleAlt,0.475,66548300.91875,66485310.0
"(np.float64(1.0), 270, 340, np.float64(0.7), 15)",houghCircleAlt,0.50625,64770299.014583334,64443829.5
"(np.float64(1.0), 270, 340, np.float64(0.75), 5)",houghCircleAlt,0.4895833333333333,68300027.38333334,68248467.5
"(np.float64(1.0), 270, 340, np.float64(0.75), 10)",houghCircleAlt,0.5208333333333334,66317823.797916666,66431675.0
"(np.float64(1.0), 270, 340, np.float64(0.75), 15)",houghCircleAlt,0.59375,65170118.21041667,65288033.5
"(np.float64(1.0), 270, 340, np.float64(0.8), 5)",houghCircleAlt,0.5625,66716776.01875,67333454.5
"(np.float64(1.0), 270, 340, np.float64(0.8), 10)",houghCircleAlt,0.6104166666666667,68356283.88541667,69096815.0
"(np.float64(1.0), 270, 340, np.float64(0.8), 15)",houghCircleAlt,0.6645833333333333,65527308.03958333,65036762.0
"(np.float64(1.0), 270, 340, np.float64(0.8500000000000001), 5)",houghCircleAlt,0.6,68579033.01875,68808252.0
"(np.float64(1.0), 270, 340, np.float64(0.8500000000000001), 10)",houghCircleAlt,0.66875,65926432.20625,66079693.0
"(np.float64(1.0), 270, 340, np.float64(0.8500000000000001), 15)",houghCircleAlt,0.7208333333333333,65282907.38333333,65457235.5
"(np.float64(1.0), 270, 340, np.float64(0.9000000000000001), 5)",houghCircleAlt,0.6416666666666667,66919900.391666666,67333935.5
"(np.float64(1.0), 270, 340, np.float64(0.9000000000000001), 10)",houghCircleAlt,0.7,66402707.8125,66360239.5
"(np.float64(1.0), 270, 340, np.float64(0.9000000000000001), 15)",houghCircleAlt,0.7458333333333333,65235264.15208333,65352855.5
"(np.float64(1.0), 270, 350, np.float64(0.7), 5)",houghCircleAlt,0.43125,67043234.704166666,67216261.0
"(np.float64(1.0), 270, 350, np.float64(0.7), 10)",houghCircleAlt,0.4791666666666667,65420697.97083333,65505166.0
"(np.float64(1.0), 270, 350, np.float64(0.7), 15)",houghCircleAlt,0.5125,64855867.25625,64674192.0
"(np.float64(1.0), 270, 350, np.float64(0.75), 5)",houghCircleAlt,0.4979166666666667,69190162.34375,69728572.5
"(np.float64(1.0), 270, 350, np.float64(0.75), 10)",houghCircleAlt,0.53125,66508680.233333334,66816860.5
"(np.float64(1.0), 270, 350, np.float64(0.75), 15)",houghCircleAlt,0.5958333333333333,64431341.97708333,64563234.0
"(np.float64(1.0), 270, 350, np.float64(0.8), 5)",houghCircleAlt,0.5645833333333333,67665718.98333333,67753238.5
"(np.float64(1.0), 270, 350, np.float64(0.8), 10)",houghCircleAlt,0.6125,65860722.09375,65707907.0
"(np.float64(1.0), 270, 350, np.float64(0.8), 15)",houghCircleAlt,0.6791666666666667,65182703.43333333,65018943.5
"(np.float64(1.0), 270, 350, np.float64(0.8500000000000001), 5)",houghCircleAlt,0.6,67137496.325,67537703.5
"(np.float64(1.0), 270, 350, np.float64(0.8500000000000001), 10)",houghCircleAlt,0.6708333333333333,65431938.22708333,66011135.0
"(np.float64(1.0), 270, 350, np.float64(0.8500000000000001), 15)",houghCircleAlt,0.7270833333333333,63904306.291666664,64451438.5
"(np.float64(1.0), 270, 350, np.float64(0.9000000000000001), 5)",houghCircleAlt,0.6395833333333333,68135559.67708333,68427604.0
"(np.float64(1.0), 270, 350, np.float64(0.9000000000000001), 10)",houghCircleAlt,0.7,66290494.54375,66662416.0
"(np.float64(1.0), 270, 350, np.float64(0.9000000000000001), 15)",houghCircleAlt,0.7479166666666667,65464599.40625,65293118.0
"(np.float64(1.0), 270, 360, np.float64(0.7), 5)",houghCircleAlt,0.4270833333333333,67013027.025,67342918.0
"(np.float64(1.0), 270, 360, np.float64(0.7), 10)",houghCircleAlt,0.4791666666666667,66157239.05416667,66309880.5
"(np.float64(1.0), 270, 360, np.float64(0.7), 15)",houghCircleAlt,0.5020833333333333,64342785.833333336,64184808.5
"(np.float64(1.0), 270, 360, np.float64(0.75), 5)",houghCircleAlt,0.4875,67443478.51458333,67715382.5
"(np.float64(1.0), 270, 360, np.float64(0.75), 10)",houghCircleAlt,0.5333333333333333,65448411.36666667,65774240.5
"(np.float64(1.0), 270, 360, np.float64(0.75), 15)",houghCircleAlt,0.5895833333333333,63989521.18333333,64074992.5
"(np.float64(1.0), 270, 360, np.float64(0.8), 5)",houghCircleAlt,0.55625,66066811.385416664,66987616.5
"(np.float64(1.0), 270, 360, np.float64(0.8), 10)",houghCircleAlt,0.6145833333333334,65935949.15,66034669.0
"(np.float64(1.0), 270, 360, np.float64(0.8), 15)",houghCircleAlt,0.6666666666666666,64244842.91875,64322056.0
"(np.float64(1.0), 270, 360, np.float64(0.8500000000000001), 5)",houghCircleAlt,0.5958333333333333,67787483.17708333,67778621.0
"(np.float64(1.0), 270, 360, np.float64(0.8500000000000001), 10)",houghCircleAlt,0.6708333333333333,65603559.62916667,66077896.0
"(np.float64(1.0), 270, 360, np.float64(0.8500000000000001), 15)",houghCircleAlt,0.7208333333333333,64314118.825,64210312.5
"(np.float64(1.0), 270, 360, np.float64(0.9000000000000001), 5)",houghCircleAlt,0.63125,67304572.05625,67509341.0
"(np.float64(1.0), 270, 360, np.float64(0.9000000000000001), 10)",houghCircleAlt,0.6958333333333333,65825098.8375,66036482.5
"(np.float64(1.0), 270, 360, np.float64(0.9000000000000001), 15)",houghCircleAlt,0.7416666666666667,64557895.833333336,64616308.0
"(np.float64(1.0), 270, 370, np.float64(0.7), 5)",houghCircleAlt,0.4354166666666667,66247086.86875,66531216.0
"(np.float64(1.0), 270, 370, np.float64(0.7), 10)",houghCircleAlt,0.4791666666666667,63795120.02708333,64131518.5
"(np.float64(1.0), 270, 370, np.float64(0.7), 15)",houghCircleAlt,0.5166666666666667,65578747.24166667,65078870.0
"(np.float64(1.0), 270, 370, np.float64(0.75), 5)",houghCircleAlt,0.4875,68821969.03958334,68873679.5
"(np.float64(1.0), 270, 370, np.float64(0.75), 10)",houghCircleAlt,0.5291666666666667,66130946.23125,66131486.0
"(np.float64(1.0), 270, 370, np.float64(0.75), 15)",houghCircleAlt,0.5958333333333333,64190958.62708333,64168848.5
"(np.float64(1.0), 270, 370, np.float64(0.8), 5)",houghCircleAlt,0.5541666666666667,66394751.645833336,66412688.0
"(np.float64(1.0), 270, 370, np.float64(0.8), 10)",houghCircleAlt,0.6041666666666666,65682855.50833333,65881285.5
"(np.float64(1.0), 270, 370, np.float64(0.8), 15)",houghCircleAlt,0.6625,64830947.547916666,64570993.0
"(np.float64(1.0), 270, 370, np.float64(0.8500000000000001), 5)",houghCircleAlt,0.5979166666666667,67309681.87083334,67270659.0
"(np.float64(1.0), 270, 370, np.float64(0.8500000000000001), 10)",houghCircleAlt,0.66875,65403039.110416666,65616754.5
"(np.float64(1.0), 270, 370, np.float64(0.8500000000000001), 15)",houghCircleAlt,0.7229166666666667,63691607.55,63730141.0
"(np.float64(1.0), 270, 370, np.float64(0.9000000000000001), 5)",houghCircleAlt,0.6354166666666666,67614625.89166667,67672069.5
"(np.float64(1.0), 270, 370, np.float64(0.9000000000000001), 10)",houghCircleAlt,0.69375,67458778.12708333,68031770.0
"(np.float64(1.0), 270, 370, np.float64(0.9000000000000001), 15)",houghCircleAlt,0.7416666666666667,65074796.020833336,65136412.0
"(np.float64(1.0), 270, 380, np.float64(0.7), 5)",houghCircleAlt,0.4270833333333333,66372542.295833334,66615303.5
"(np.float64(1.0), 270, 380, np.float64(0.7), 10)",houghCircleAlt,0.4875,65447106.67916667,65184424.0
"(np.float64(1.0), 270, 380, np.float64(0.7), 15)",houghCircleAlt,0.5208333333333334,64510070.889583334,64255882.5
"(np.float64(1.0), 270, 380, np.float64(0.75), 5)",houghCircleAlt,0.4875,66664158.25625,66550481.0
"(np.float64(1.0), 270, 380, np.float64(0.75), 10)",houghCircleAlt,0.5291666666666667,65833945.68333333,66040204.5
"(np.float64(1.0), 270, 380, np.float64(0.75), 15)",houghCircleAlt,0.6,64133387.49791667,63683483.5
"(np.float64(1.0), 270, 380, np.float64(0.8), 5)",houghCircleAlt,0.5520833333333334,65894414.291666664,66250909.5
"(np.float64(1.0), 270, 380, np.float64(0.8), 10)",houghCircleAlt,0.6020833333333333,65945770.264583334,65956537.0
"(np.float64(1.0), 270, 380, np.float64(0.8), 15)",houghCircleAlt,0.6666666666666666,66323467.025,66467030.0
"(np.float64(1.0), 270, 380, np.float64(0.8500000000000001), 5)",houghCircleAlt,0.5958333333333333,66772303.70625,66924323.0
"(np.float64(1.0), 270, 380, np.float64(0.8500000000000001), 10)",houghCircleAlt,0.66875,64866365.31041667,65290723.5
"(np.float64(1.0), 270, 380, np.float64(0.8500000000000001), 15)",houghCircleAlt,0.71875,63580741.614583336,63496982.5
"(np.float64(1.0), 270, 380, np.float64(0.9000000000000001), 5)",houghCircleAlt,0.6354166666666666,67037713.08958333,66902833.0
"(np.float64(1.0), 270, 380, np.float64(0.9000000000000001), 10)",houghCircleAlt,0.69375,65454562.975,65458597.5
"(np.float64(1.0), 270, 380, np.float64(0.9000000000000001), 15)",houghCircleAlt,0.7395833333333334,64457084.89375,64389112.0
"(np.float64(1.0), 270, 390, np.float64(0.7), 5)",houghCircleAlt,0.4270833333333333,66166736.916666664,66326597.5
"(np.float64(1.0), 270, 390, np.float64(0.7), 10)",houghCircleAlt,0.4979166666666667,63310627.1625,63313609.0
"(np.float64(1.0), 270, 390, np.float64(0.7), 15)",houghCircleAlt,0.525,65098563.327083334,64958199.5
"(np.float64(1.0), 270, 390, np.float64(0.75), 5)",houghCircleAlt,0.4895833333333333,68816601.66666667,68740420.5
"(np.float64(1.0), 270, 390, np.float64(0.75), 10)",houghCircleAlt,0.5375,66336028.94583333,66235746.5
"(np.float64(1.0), 270, 390, np.float64(0.75), 15)",houghCircleAlt,0.5958333333333333,64092478.49375,64022519.0
"(np.float64(1.0), 270, 390, np.float64(0.8), 5)",houghCircleAlt,0.5541666666666667,66239108.03541667,66185171.0
"(np.float64(1.0), 270, 390, np.float64(0.8), 10)",houghCircleAlt,0.6041666666666666,65763346.82083333,65627606.0
"(np.float64(1.0), 270, 390, np.float64(0.8), 15)",houghCircleAlt,0.6625,64698733.95,64278074.0
"(np.float64(1.0), 270, 390, np.float64(0.8500000000000001), 5)",houghCircleAlt,0.6041666666666666,67415722.76666667,67248951.5
"(np.float64(1.0), 270, 390, np.float64(0.8500000000000001), 10)",houghCircleAlt,0.6645833333333333,65003656.12708333,65184865.0
"(np.float64(1.0), 270, 390, np.float64(0.8500000000000001), 15)",houghCircleAlt,0.7166666666666667,63355782.51875,63301867.5
"(np.float64(1.0), 270, 390, np.float64(0.9000000000000001), 5)",houghCircleAlt,0.6395833333333333,67013701.10625,66913989.0
"(np.float64(1.0), 270, 390, np.float64(0.9000000000000001), 10)",houghCircleAlt,0.6916666666666667,65741660.775,65699958.0
"(np.float64(1.0), 270, 390, np.float64(0.9000000000000001), 15)",houghCircleAlt,0.7375,66087195.5125,66320701.0
"(np.float64(1.0), 280, 300, np.float64(0.7), 5)",houghCircleAlt,0.3645833333333333,70975335.08333333,71610113.5
"(np.float64(1.0), 280, 300, np.float64(0.7), 10)",houghCircleAlt,0.43333333333333335,69072520.19375,69209660.5
"(np.float64(1.0), 280, 300, np.float64(0.7), 15)",houghCircleAlt,0.4666666666666667,68322171.10208334,68063921.0
"(np.float64(1.0), 280, 300, np.float64(0.75), 5)",houghCircleAlt,0.4166666666666667,71496992.29791667,71647724.0
"(np.float64(1.0), 280, 300, np.float64(0.75), 10)",houghCircleAlt,0.47708333333333336,69504671.0875,69554638.0
"(np.float64(1.0), 280, 300, np.float64(0.75), 15)",houghCircleAlt,0.5270833333333333,66908569.36666667,66934893.5
"(np.float64(1.0), 280, 300, np.float64(0.8), 5)",houghCircleAlt,0.48333333333333334,69919850.9875,70657201.5
"(np.float64(1.0), 280, 300, np.float64(0.8), 10)",houghCircleAlt,0.5416666666666666,69653286.26875,69676386.5
"(np.float64(1.0), 280, 300, np.float64(0.8), 15)",houghCircleAlt,0.5854166666666667,68373275.71458334,68584888.0
"(np.float64(1.0), 280, 300, np.float64(0.8500000000000001), 5)",houghCircleAlt,0.5145833333333333,71856943.53541666,72747627.5
"(np.float64(1.0), 280, 300, np.float64(0.8500000000000001), 10)",houghCircleAlt,0.5854166666666667,68862615.49166666,69525984.0
"(np.float64(1.0), 280, 300, np.float64(0.8500000000000001), 15)",houghCircleAlt,0.6229166666666667,67218316.90833333,67711635.0
"(np.float64(1.0), 280, 300, np.float64(0.9000000000000001), 5)",houghCircleAlt,0.55,70419434.8625,70824915.5
"(np.float64(1.0), 280, 300, np.float64(0.9000000000000001), 10)",houghCircleAlt,0.6041666666666666,69456385.26458333,69570747.0
"(np.float64(1.0), 280, 300, np.float64(0.9000000000000001), 15)",houghCircleAlt,0.65,67829343.19583334,67890876.5
"(np.float64(1.0), 280, 310, np.float64(0.7), 5)",houghCircleAlt,0.37083333333333335,69699566.91666667,70322723.0
"(np.float64(1.0), 280, 310, np.float64(0.7), 10)",houghCircleAlt,0.41875,68894658.91041666,69497976.0
"(np.float64(1.0), 280, 310, np.float64(0.7), 15)",houghCircleAlt,0.4666666666666667,68490035.62291667,68559846.0
"(np.float64(1.0), 280, 310, np.float64(0.75), 5)",houghCircleAlt,0.4270833333333333,70778139.40416667,71060656.5
"(np.float64(1.0), 280, 310, np.float64(0.75), 10)",houghCircleAlt,0.4708333333333333,70974201.2125,71107505.5
"(np.float64(1.0), 280, 310, np.float64(0.75), 15)",houghCircleAlt,0.5291666666666667,66998225.858333334,67389280.0
"(np.float64(1.0), 280, 310, np.float64(0.8), 5)",houghCircleAlt,0.4895833333333333,70527860.62291667,71080661.0
"(np.float64(1.0), 280, 310, np.float64(0.8), 10)",houghCircleAlt,0.5458333333333333,69591152.5,69018111.0
"(np.float64(1.0), 280, 310, np.float64(0.8), 15)",houghCircleAlt,0.5854166666666667,67677902.23125,67310302.0
"(np.float64(1.0), 280, 310, np.float64(0.8500000000000001), 5)",houghCircleAlt,0.5083333333333333,70504219.93958333,70689477.0
"(np.float64(1.0), 280, 310, np.float64(0.8500000000000001), 10)",houghCircleAlt,0.5854166666666667,68495580.86666666,68561308.5
"(np.float64(1.0), 280, 310, np.float64(0.8500000000000001), 15)",houghCircleAlt,0.6208333333333333,67628555.48958333,67797621.5
"(np.float64(1.0), 280, 310, np.float64(0.9000000000000001), 5)",houghCircleAlt,0.54375,70641899.4625,70920179.5
"(np.float64(1.0), 280, 310, np.float64(0.9000000000000001), 10)",houghCircleAlt,0.60625,69269735.28333333,69462084.0
"(np.float64(1.0), 280, 310, np.float64(0.9000000000000001), 15)",houghCircleAlt,0.6479166666666667,67569146.15416667,67512558.5
"(np.float64(1.0), 280, 320, np.float64(0.7), 5)",houghCircleAlt,0.37083333333333335,71592839.47291666,71957626.0
"(np.float64(1.0), 280, 320, np.float64(0.7), 10)",houghCircleAlt,0.42916666666666664,67995280.875,67812678.0
"(np.float64(1.0), 280, 320, np.float64(0.7), 15)",houghCircleAlt,0.46875,66850531.58958333,66973640.5
"(np.float64(1.0), 280, 320, np.float64(0.75), 5)",houghCircleAlt,0.43125,70336990.33541666,70953281.5
"(np.float64(1.0), 280, 320, np.float64(0.75), 10)",houghCircleAlt,0.4791666666666667,69033069.24791667,69146611.5
"(np.float64(1.0), 280, 320, np.float64(0.75), 15)",houghCircleAlt,0.5270833333333333,66710566.8125,66685636.0
"(np.float64(1.0), 280, 320, np.float64(0.8), 5)",houghCircleAlt,0.49375,70644768.68125,71091912.5
"(np.float64(1.0), 280, 320, np.float64(0.8), 10)",houghCircleAlt,0.5354166666666667,68794860.76041667,69007296.0
"(np.float64(1.0), 280, 320, np.float64(0.8), 15)",houghCircleAlt,0.58125,67850136.65625,67755292.0
"(np.float64(1.0), 280, 320, np.float64(0.8500000000000001), 5)",houghCircleAlt,0.5125,69722690.2625,70415247.0
"(np.float64(1.0), 280, 320, np.float64(0.8500000000000001), 10)",houghCircleAlt,0.5833333333333334,70991158.43958333,71157920.0
"(np.float64(1.0), 280, 320, np.float64(0.8500000000000001), 15)",houghCircleAlt,0.6229166666666667,66763929.25208333,66448496.0
"(np.float64(1.0), 280, 320, np.float64(0.9000000000000001), 5)",houghCircleAlt,0.5458333333333333,69916350.46041666,69714457.5
"(np.float64(1.0), 280, 320, np.float64(0.9000000000000001), 10)",houghCircleAlt,0.60625,68871489.89375,68890757.0
"(np.float64(1.0), 280, 320, np.float64(0.9000000000000001), 15)",houghCircleAlt,0.6479166666666667,67385396.06041667,67407860.0
"(np.float64(1.0), 280, 330, np.float64(0.7), 5)",houghCircleAlt,0.37916666666666665,68871885.48541667,69420095.5
"(np.float64(1.0), 280, 330, np.float64(0.7), 10)",houghCircleAlt,0.42291666666666666,68624899.06041667,68471165.5
"(np.float64(1.0), 280, 330, np.float64(0.7), 15)",houghCircleAlt,0.4625,67448085.52291666,67346415.0
"(np.float64(1.0), 280, 330, np.float64(0.75), 5)",houghCircleAlt,0.4354166666666667,70374592.025,70396210.5
"(np.float64(1.0), 280, 330, np.float64(0.75), 10)",houghCircleAlt,0.47291666666666665,68350592.72708334,68539669.0
"(np.float64(1.0), 280, 330, np.float64(0.75), 15)",houghCircleAlt,0.5291666666666667,69124194.85208334,69652425.5
"(np.float64(1.0), 280, 330, np.float64(0.8), 5)",houghCircleAlt,0.49375,69347120.27083333,69661097.0
"(np.float64(1.0), 280, 330, np.float64(0.8), 10)",houghCircleAlt,0.5354166666666667,68523220.9875,68531092.5
"(np.float64(1.0), 280, 330, np.float64(0.8), 15)",houghCircleAlt,0.58125,67423196.53333333,67243587.5
"(np.float64(1.0), 280, 330, np.float64(0.8500000000000001), 5)",houghCircleAlt,0.5166666666666667,69716393.90416667,70166400.5
"(np.float64(1.0), 280, 330, np.float64(0.8500000000000001), 10)",houghCircleAlt,0.5854166666666667,67729967.53958334,67832322.0
"(np.float64(1.0), 280, 330, np.float64(0.8500000000000001), 15)",houghCircleAlt,0.6291666666666667,67643850.95833333,67363712.5
"(np.float64(1.0), 280, 330, np.float64(0.9000000000000001), 5)",houghCircleAlt,0.5458333333333333,70422401.44375,70648579.5
"(np.float64(1.0), 280, 330, np.float64(0.9000000000000001), 10)",houghCircleAlt,0.60625,68865343.23125,69178903.0
"(np.float64(1.0), 280, 330, np.float64(0.9000000000000001), 15)",houghCircleAlt,0.65,66669222.4625,66836503.0
"(np.float64(1.0), 280, 340, np.float64(0.7), 5)",houghCircleAlt,0.36875,69348423.65208334,69953371.0
"(np.float64(1.0), 280, 340, np.float64(0.7), 10)",houghCircleAlt,0.425,67736678.7625,68003528.0
"(np.float64(1.0), 280, 340, np.float64(0.7), 15)",houghCircleAlt,0.46041666666666664,67151644.63958333,66795010.5
"(np.float64(1.0), 280, 340, np.float64(0.75), 5)",houghCircleAlt,0.43125,70023720.56041667,70134935.0
"(np.float64(1.0), 280, 340, np.float64(0.75), 10)",houghCircleAlt,0.4708333333333333,68030368.45625,68168107.0
"(np.float64(1.0), 280, 340, np.float64(0.75), 15)",houghCircleAlt,0.5270833333333333,66018931.170833334,65907626.5
"(np.float64(1.0), 280, 340, np.float64(0.8), 5)",houghCircleAlt,0.4895833333333333,70281695.4625,70602694.0
"(np.float64(1.0), 280, 340, np.float64(0.8), 10)",houghCircleAlt,0.5354166666666667,68748746.6625,68468931.5
"(np.float64(1.0), 280, 340, np.float64(0.8), 15)",houghCircleAlt,0.5791666666666667,66521990.41041667,66826630.5
"(np.float64(1.0), 280, 340, np.float64(0.8500000000000001), 5)",houghCircleAlt,0.5166666666666667,69949391.87708333,70010708.0
"(np.float64(1.0), 280, 340, np.float64(0.8500000000000001), 10)",houghCircleAlt,0.5854166666666667,70766108.92291667,70858584.0
"(np.float64(1.0), 280, 340, np.float64(0.8500000000000001), 15)",houghCircleAlt,0.6291666666666667,67236163.52916667,67047599.0
"(np.float64(1.0), 280, 340, np.float64(0.9000000000000001), 5)",houghCircleAlt,0.5479166666666667,70500339.3625,70443014.5
"(np.float64(1.0), 280, 340, np.float64(0.9000000000000001), 10)",houghCircleAlt,0.60625,68768304.08125,68941973.5
"(np.float64(1.0), 280, 340, np.float64(0.9000000000000001), 15)",houghCircleAlt,0.65,66308315.03125,66267391.5
"(np.float64(1.0), 280, 350, np.float64(0.7), 5)",houghCircleAlt,0.3770833333333333,69241669.94791667,69611253.0
"(np.float64(1.0), 280, 350, np.float64(0.7), 10)",houghCircleAlt,0.425,69320447.21458334,69320653.5
"(np.float64(1.0), 280, 350, np.float64(0.7), 15)",houghCircleAlt,0.4625,67559478.97708334,67596544.0
"(np.float64(1.0), 280, 350, np.float64(0.75), 5)",houghCircleAlt,0.4395833333333333,69393094.33958334,69997764.0
"(np.float64(1.0), 280, 350, np.float64(0.75), 10)",houghCircleAlt,0.47708333333333336,68622497.98958333,68297885.0
"(np.float64(1.0), 280, 350, np.float64(0.75), 15)",houghCircleAlt,0.5270833333333333,67016196.81041667,67006342.0
"(np.float64(1.0), 280, 350, np.float64(0.8), 5)",houghCircleAlt,0.49375,72458852.2125,72112761.5
"(np.float64(1.0), 280, 350, np.float64(0.8), 10)",houghCircleAlt,0.53125,68913753.56041667,68791010.0
"(np.float64(1.0), 280, 350, np.float64(0.8), 15)",houghCircleAlt,0.5875,66463836.68125,66591037.5
"(np.float64(1.0), 280, 350, np.float64(0.8500000000000001), 5)",houghCircleAlt,0.51875,70187823.625,70249681.5
"(np.float64(1.0), 280, 350, np.float64(0.8500000000000001), 10)",houghCircleAlt,0.5833333333333334,69244604.1875,69003599.5
"(np.float64(1.0), 280, 350, np.float64(0.8500000000000001), 15)",houghCircleAlt,0.6354166666666666,68531108.35208334,67970670.0
"(np.float64(1.0), 280, 350, np.float64(0.9000000000000001), 5)",houghCircleAlt,0.5479166666666667,71576733.56666666,71815754.0
"(np.float64(1.0), 280, 350, np.float64(0.9000000000000001), 10)",houghCircleAlt,0.6041666666666666,68473113.60625,68256552.0
"(np.float64(1.0), 280, 350, np.float64(0.9000000000000001), 15)",houghCircleAlt,0.6520833333333333,67624005.24583334,67506195.0
"(np.float64(1.0), 280, 360, np.float64(0.7), 5)",houghCircleAlt,0.38125,69530147.9875,69752784.5
"(np.float64(1.0), 280, 360, np.float64(0.7), 10)",houghCircleAlt,0.43125,70115359.9875,70171779.5
"(np.float64(1.0), 280, 360, np.float64(0.7), 15)",houghCircleAlt,0.45625,68038702.66666667,68045361.0
"(np.float64(1.0), 280, 360, np.float64(0.75), 5)",houghCircleAlt,0.4375,67566142.77291666,68204469.5
"(np.float64(1.0), 280, 360, np.float64(0.75), 10)",houghCircleAlt,0.48125,69093078.43958333,68733928.0
"(np.float64(1.0), 280, 360, np.float64(0.75), 15)",houghCircleAlt,0.5229166666666667,67748648.67708333,67482670.0
"(np.float64(1.0), 280, 360, np.float64(0.8), 5)",houghCircleAlt,0.49375,70651705.51875,70469495.0
"(np.float64(1.0), 280, 360, np.float64(0.8), 10)",houghCircleAlt,0.5375,69591595.925,69572471.0
"(np.float64(1.0), 280, 360, np.float64(0.8), 15)",houghCircleAlt,0.58125,66398364.65625,66047418.0
"(np.float64(1.0), 280, 360, np.float64(0.8500000000000001), 5)",houghCircleAlt,0.51875,69820690.1125,69619725.0
"(np.float64(1.0), 280, 360, np.float64(0.8500000000000001), 10)",houghCircleAlt,0.5854166666666667,70199709.58541666,69723269.0
"(np.float64(1.0), 280, 360, np.float64(0.8500000000000001), 15)",houghCircleAlt,0.63125,69228545.33541666,69548837.0
"(np.float64(1.0), 280, 360, np.float64(0.9000000000000001), 5)",houghCircleAlt,0.5458333333333333,69851354.83333333,69654549.5
"(np.float64(1.0), 280, 360, np.float64(0.9000000000000001), 10)",houghCircleAlt,0.6041666666666666,66647238.97083333,66824987.0
"(np.float64(1.0), 280, 360, np.float64(0.9000000000000001), 15)",houghCircleAlt,0.6479166666666667,67230422.02708334,66807133.0
"(np.float64(1.0), 280, 370, np.float64(0.7), 5)",houghCircleAlt,0.38125,69789391.325,69682272.0
"(np.float64(1.0), 280, 370, np.float64(0.7), 10)",houghCircleAlt,0.425,69255354.3,69360788.5
"(np.float64(1.0), 280, 370, np.float64(0.7), 15)",houghCircleAlt,0.4625,67253112.5875,67378571.5
"(np.float64(1.0), 280, 370, np.float64(0.75), 5)",houghCircleAlt,0.43333333333333335,69080459.64375,69438134.0
"(np.float64(1.0), 280, 370, np.float64(0.75), 10)",houghCircleAlt,0.47291666666666665,68328260.13541667,68366028.0
"(np.float64(1.0), 280, 370, np.float64(0.75), 15)",houghCircleAlt,0.5270833333333333,68498874.42083333,67848167.5
"(np.float64(1.0), 280, 370, np.float64(0.8), 5)",houghCircleAlt,0.4875,71073342.5375,71002699.5
"(np.float64(1.0), 280, 370, np.float64(0.8), 10)",houghCircleAlt,0.5291666666666667,65781594.925,65991513.0
"(np.float64(1.0), 280, 370, np.float64(0.8), 15)",houghCircleAlt,0.5770833333333333,67000070.94375,67001903.0
"(np.float64(1.0), 280, 370, np.float64(0.8500000000000001), 5)",houghCircleAlt,0.5166666666666667,69586142.98333333,69728329.0
"(np.float64(1.0), 280, 370, np.float64(0.8500000000000001), 10)",houghCircleAlt,0.58125,67776310.13541667,68012715.5
"(np.float64(1.0), 280, 370, np.float64(0.8500000000000001), 15)",houghCircleAlt,0.6291666666666667,67415031.69375,67443717.0
"(np.float64(1.0), 280, 370, np.float64(0.9000000000000001), 5)",houghCircleAlt,0.5479166666666667,70333924.09375,70335793.0
"(np.float64(1.0), 280, 370, np.float64(0.9000000000000001), 10)",houghCircleAlt,0.6020833333333333,67976052.42708333,67742757.0
"(np.float64(1.0), 280, 370, np.float64(0.9000000000000001), 15)",houghCircleAlt,0.6458333333333334,67221475.11666666,67142627.5
"(np.float64(1.0), 280, 380, np.float64(0.7), 5)",houghCircleAlt,0.3729166666666667,70748966.46041666,70507866.0
"(np.float64(1.0), 280, 380, np.float64(0.7), 10)",houghCircleAlt,0.4375,66490939.329166666,66673382.0
"(np.float64(1.0), 280, 380, np.float64(0.7), 15)",houghCircleAlt,0.46875,68704609.40833333,68416712.0
"(np.float64(1.0), 280, 380, np.float64(0.75), 5)",houghCircleAlt,0.43333333333333335,69534399.17083333,69158284.5
"(np.float64(1.0), 280, 380, np.float64(0.75), 10)",houghCircleAlt,0.4791666666666667,68371130.70625,67863665.5
"(np.float64(1.0), 280, 380, np.float64(0.75), 15)",houghCircleAlt,0.53125,66469328.62083333,66489923.0
"(np.float64(1.0), 280, 380, np.float64(0.8), 5)",houghCircleAlt,0.48541666666666666,70359823.93541667,70147915.5
"(np.float64(1.0), 280, 380, np.float64(0.8), 10)",houghCircleAlt,0.5333333333333333,68624109.70625,68578507.0
"(np.float64(1.0), 280, 380, np.float64(0.8), 15)",houghCircleAlt,0.58125,67001111.333333336,66824246.0
"(np.float64(1.0), 280, 380, np.float64(0.8500000000000001), 5)",houghCircleAlt,0.5166666666666667,69702994.69166666,69701995.0
"(np.float64(1.0), 280, 380, np.float64(0.8500000000000001), 10)",houghCircleAlt,0.58125,69217718.68333334,68947357.5
"(np.float64(1.0), 280, 380, np.float64(0.8500000000000001), 15)",houghCircleAlt,0.625,66110952.360416666,65908397.5
"(np.float64(1.0), 280, 380, np.float64(0.9000000000000001), 5)",houghCircleAlt,0.5479166666666667,71441071.9,71351623.0
"(np.float64(1.0), 280, 380, np.float64(0.9000000000000001), 10)",houghCircleAlt,0.6020833333333333,67939340.67291667,67475146.5
"(np.float64(1.0), 280, 380, np.float64(0.9000000000000001), 15)",houghCircleAlt,0.64375,66637642.88333333,66537371.0
"(np.float64(1.0), 280, 390, np.float64(0.7), 5)",houghCircleAlt,0.37083333333333335,69150801.9625,68962883.0
"(np.float64(1.0), 280, 390, np.float64(0.7), 10)",houghCircleAlt,0.44166666666666665,68849262.31458333,68612490.0
"(np.float64(1.0), 280, 390, np.float64(0.7), 15)",houghCircleAlt,0.48125,66688692.791666664,66278140.0
"(np.float64(1.0), 280, 390, np.float64(0.75), 5)",houghCircleAlt,0.4354166666666667,69525494.06458333,69446179.5
"(np.float64(1.0), 280, 390, np.float64(0.75), 10)",houghCircleAlt,0.48125,68170276.71875,67800548.0
"(np.float64(1.0), 280, 390, np.float64(0.75), 15)",houghCircleAlt,0.5354166666666667,66097400.36666667,66311774.0
"(np.float64(1.0), 280, 390, np.float64(0.8), 5)",houghCircleAlt,0.4875,70554046.43125,70200213.5
"(np.float64(1.0), 280, 390, np.float64(0.8), 10)",houghCircleAlt,0.53125,67951726.075,67862143.0
"(np.float64(1.0), 280, 390, np.float64(0.8), 15)",houghCircleAlt,0.58125,68620227.51875,68493441.5
"(np.float64(1.0), 280, 390, np.float64(0.8500000000000001), 5)",houghCircleAlt,0.525,68822899.49375,68776560.5
"(np.float64(1.0), 280, 390, np.float64(0.8500000000000001), 10)",houghCircleAlt,0.5770833333333333,68005937.125,67887970.5
"(np.float64(1.0), 280, 390, np.float64(0.8500000000000001), 15)",houghCircleAlt,0.6229166666666667,67693251.3625,67381791.0
"(np.float64(1.0), 280, 390, np.float64(0.9000000000000001), 5)",houghCircleAlt,0.5520833333333334,68897203.86041667,68850886.5
"(np.float64(1.0), 280, 390, np.float64(0.9000000000000001), 10)",houghCircleAlt,0.6,68449857.55,68276689.0
"(np.float64(1.0), 280, 390, np.float64(0.9000000000000001), 15)",houghCircleAlt,0.6416666666666667,66659819.40833333,66506619.0
"(np.float64(1.0), 290, 300, np.float64(0.7), 5)",houghCircleAlt,0.29791666666666666,72585744.04375,73022213.0
"(np.float64(1.0), 290, 300, np.float64(0.7), 10)",houghCircleAlt,0.34375,72371633.52916667,72020593.5
"(np.float64(1.0), 290, 300, np.float64(0.7), 15)",houghCircleAlt,0.3625,70057308.39166667,70257696.5
"(np.float64(1.0), 290, 300, np.float64(0.75), 5)",houghCircleAlt,0.3375,74834006.69583334,75021293.5
"(np.float64(1.0), 290, 300, np.float64(0.75), 10)",houghCircleAlt,0.37916666666666665,72094090.43333334,71720325.5
"(np.float64(1.0), 290, 300, np.float64(0.75), 15)",houghCircleAlt,0.4041666666666667,70234766.45,70058764.5
"(np.float64(1.0), 290, 300, np.float64(0.8), 5)",houghCircleAlt,0.38125,75585715.66458334,75731685.0
"(np.float64(1.0), 290, 300, np.float64(0.8), 10)",houghCircleAlt,0.42083333333333334,71205697.66041666,71024637.0
"(np.float64(1.0), 290, 300, np.float64(0.8), 15)",houghCircleAlt,0.4479166666666667,70892809.89375,70757920.5
"(np.float64(1.0), 290, 300, np.float64(0.8500000000000001), 5)",houghCircleAlt,0.4,73833517.55208333,73991902.0
"(np.float64(1.0), 290, 300, np.float64(0.8500000000000001), 10)",houghCircleAlt,0.45,70994735.49791667,70956508.0
"(np.float64(1.0), 290, 300, np.float64(0.8500000000000001), 15)",houghCircleAlt,0.47708333333333336,71494207.53333333,70694833.5
"(np.float64(1.0), 290, 300, np.float64(0.9000000000000001), 5)",houghCircleAlt,0.4270833333333333,73481399.78958334,73391600.5
"(np.float64(1.0), 290, 300, np.float64(0.9000000000000001), 10)",houghCircleAlt,0.4625,72915221.33125,72772720.5
"(np.float64(1.0), 290, 300, np.float64(0.9000000000000001), 15)",houghCircleAlt,0.4979166666666667,69847490.375,69878821.5
"(np.float64(1.0), 290, 310, np.float64(0.7), 5)",houghCircleAlt,0.3020833333333333,73644874.96041666,73832854.0
"(np.float64(1.0), 290, 310, np.float64(0.7), 10)",houghCircleAlt,0.3375,73165354.74375,73189652.5
"(np.float64(1.0), 290, 310, np.float64(0.7), 15)",houghCircleAlt,0.3645833333333333,69483418.47916667,69508492.0
"(np.float64(1.0), 290, 310, np.float64(0.75), 5)",houghCircleAlt,0.35,72834464.4,73196291.5
"(np.float64(1.0), 290, 310, np.float64(0.75), 10)",houghCircleAlt,0.37916666666666665,71537226.84375,71489527.5
"(np.float64(1.0), 290, 310, np.float64(0.75), 15)",houghCircleAlt,0.4083333333333333,68848288.78125,68860681.5
"(np.float64(1.0), 290, 310, np.float64(0.8), 5)",houghCircleAlt,0.39166666666666666,74165481.62083334,74389078.0
"(np.float64(1.0), 290, 310, np.float64(0.8), 10)",houghCircleAlt,0.42916666666666664,71518908.4125,71230823.5
"(np.float64(1.0), 290, 310, np.float64(0.8), 15)",houghCircleAlt,0.4479166666666667,70185191.21041666,69729485.5
"(np.float64(1.0), 290, 310, np.float64(0.8500000000000001), 5)",houghCircleAlt,0.4,75246017.46875,75137281.5
"(np.float64(1.0), 290, 310, np.float64(0.8500000000000001), 10)",houghCircleAlt,0.45416666666666666,71778602.79166667,71695329.0
"(np.float64(1.0), 290, 310, np.float64(0.8500000000000001), 15)",houghCircleAlt,0.475,72299884.44583334,71402294.5
"(np.float64(1.0), 290, 310, np.float64(0.9000000000000001), 5)",houghCircleAlt,0.4270833333333333,72891788.34791666,73103831.0
"(np.float64(1.0), 290, 310, np.float64(0.9000000000000001), 10)",houghCircleAlt,0.46875,71911291.62291667,71940598.5
"(np.float64(1.0), 290, 310, np.float64(0.9000000000000001), 15)",houghCircleAlt,0.4979166666666667,70002625.78125,70177015.5
"(np.float64(1.0), 290, 320, np.float64(0.7), 5)",houghCircleAlt,0.29791666666666666,71451389.75625,71914399.5
"(np.float64(1.0), 290, 320, np.float64(0.7), 10)",houghCircleAlt,0.3458333333333333,71746084.38541667,71153031.0
"(np.float64(1.0), 290, 320, np.float64(0.7), 15)",houghCircleAlt,0.36875,70225974.86666666,69856979.0
"(np.float64(1.0), 290, 320, np.float64(0.75), 5)",houghCircleAlt,0.35,72665973.30833334,72460539.5
"(np.float64(1.0), 290, 320, np.float64(0.75), 10)",houghCircleAlt,0.38333333333333336,71061595.42291667,71130028.5
"(np.float64(1.0), 290, 320, np.float64(0.75), 15)",houghCircleAlt,0.40625,71689326.71875,71670221.5
"(np.float64(1.0), 290, 320, np.float64(0.8), 5)",houghCircleAlt,0.39166666666666666,74600227.0875,74525287.5
"(np.float64(1.0), 290, 320, np.float64(0.8), 10)",houghCircleAlt,0.42083333333333334,70736715.55833334,70756574.5
"(np.float64(1.0), 290, 320, np.float64(0.8), 15)",houghCircleAlt,0.44583333333333336,70116935.11666666,69755494.0
"(np.float64(1.0), 290, 320, np.float64(0.8500000000000001), 5)",houghCircleAlt,0.40208333333333335,72857970.91041666,73158979.5
"(np.float64(1.0), 290, 320, np.float64(0.8500000000000001), 10)",houghCircleAlt,0.45208333333333334,70483012.4625,70494781.0
"(np.float64(1.0), 290, 320, np.float64(0.8500000000000001), 15)",houghCircleAlt,0.47708333333333336,69770184.62083334,69511642.0
"(np.float64(1.0), 290, 320, np.float64(0.9000000000000001), 5)",houghCircleAlt,0.42916666666666664,73385369.325,73090957.0
"(np.float64(1.0), 290, 320, np.float64(0.9000000000000001), 10)",houghCircleAlt,0.46875,71020619.48125,70629294.0
"(np.float64(1.0), 290, 320, np.float64(0.9000000000000001), 15)",houghCircleAlt,0.4979166666666667,70406499.50208333,69713159.5
"(np.float64(1.0), 290, 330, np.float64(0.7), 5)",houghCircleAlt,0.30625,73370609.42708333,73601504.0
"(np.float64(1.0), 290, 330, np.float64(0.7), 10)",houghCircleAlt,0.34375,72619453.075,72093240.5
"(np.float64(1.0), 290, 330, np.float64(0.7), 15)",houghCircleAlt,0.3645833333333333,69217051.87708333,69207781.5
"(np.float64(1.0), 290, 330, np.float64(0.75), 5)",houghCircleAlt,0.3541666666666667,72786669.72291666,73195949.0
"(np.float64(1.0), 290, 330, np.float64(0.75), 10)",houghCircleAlt,0.38333333333333336,71057166.37708333,70826438.5
"(np.float64(1.0), 290, 330, np.float64(0.75), 15)",houghCircleAlt,0.4125,68063915.30833334,68371848.5
"(np.float64(1.0), 290, 330, np.float64(0.8), 5)",houghCircleAlt,0.39375,72589392.57916667,72235020.0
"(np.float64(1.0), 290, 330, np.float64(0.8), 10)",houghCircleAlt,0.42291666666666666,71785517.28541666,70992380.5
"(np.float64(1.0), 290, 330, np.float64(0.8), 15)",houghCircleAlt,0.45,69588630.11875,69363028.0
"(np.float64(1.0), 290, 330, np.float64(0.8500000000000001), 5)",houghCircleAlt,0.4041666666666667,72545563.35,72137954.5
"(np.float64(1.0), 290, 330, np.float64(0.8500000000000001), 10)",houghCircleAlt,0.45416666666666666,72320868.95208333,71920335.5
"(np.float64(1.0), 290, 330, np.float64(0.8500000000000001), 15)",houghCircleAlt,0.48333333333333334,69451813.3875,69191433.0
"(np.float64(1.0), 290, 330, np.float64(0.9000000000000001), 5)",houghCircleAlt,0.42916666666666664,71599023.12916666,71643702.0
"(np.float64(1.0), 290, 330, np.float64(0.9000000000000001), 10)",houghCircleAlt,0.4708333333333333,71338755.43125,71291816.5
"(np.float64(1.0), 290, 330, np.float64(0.9000000000000001), 15)",houghCircleAlt,0.5020833333333333,69163406.85416667,69377160.0
"(np.float64(1.0), 290, 340, np.float64(0.7), 5)",houghCircleAlt,0.29791666666666666,70349287.74583334,71084303.0
"(np.float64(1.0), 290, 340, np.float64(0.7), 10)",houghCircleAlt,0.34375,70059716.93541667,69803269.0
"(np.float64(1.0), 290, 340, np.float64(0.7), 15)",houghCircleAlt,0.3625,69578395.69166666,68697288.5
"(np.float64(1.0), 290, 340, np.float64(0.75), 5)",houghCircleAlt,0.35208333333333336,71579602.76875,71773350.5
"(np.float64(1.0), 290, 340, np.float64(0.75), 10)",houghCircleAlt,0.38333333333333336,70791452.66875,70487412.5
"(np.float64(1.0), 290, 340, np.float64(0.75), 15)",houghCircleAlt,0.4125,70519386.11458333,70542976.0
"(np.float64(1.0), 290, 340, np.float64(0.8), 5)",houghCircleAlt,0.3958333333333333,73025928.35833333,72813877.0
"(np.float64(1.0), 290, 340, np.float64(0.8), 10)",houghCircleAlt,0.4270833333333333,70352395.4125,70208018.0
"(np.float64(1.0), 290, 340, np.float64(0.8), 15)",houghCircleAlt,0.45208333333333334,68907029.75,68944978.5
"(np.float64(1.0), 290, 340, np.float64(0.8500000000000001), 5)",houghCircleAlt,0.41041666666666665,71509134.75208333,71798692.0
"(np.float64(1.0), 290, 340, np.float64(0.8500000000000001), 10)",houghCircleAlt,0.4583333333333333,69137509.72291666,69229920.0
"(np.float64(1.0), 290, 340, np.float64(0.8500000000000001), 15)",houghCircleAlt,0.48541666666666666,68941037.02916667,68353409.5
"(np.float64(1.0), 290, 340, np.float64(0.9000000000000001), 5)",houghCircleAlt,0.4354166666666667,72284709.475,72001928.5
"(np.float64(1.0), 290, 340, np.float64(0.9000000000000001), 10)",houghCircleAlt,0.475,71247273.02083333,70821229.0
"(np.float64(1.0), 290, 340, np.float64(0.9000000000000001), 15)",houghCircleAlt,0.5020833333333333,69372658.32291667,69253918.0
"(np.float64(1.0), 290, 350, np.float64(0.7), 5)",houghCircleAlt,0.3104166666666667,72937542.78958334,73174954.0
"(np.float64(1.0), 290, 350, np.float64(0.7), 10)",houghCircleAlt,0.33958333333333335,70375647.29791667,69979324.5
"(np.float64(1.0), 290, 350, np.float64(0.7), 15)",houghCircleAlt,0.35833333333333334,68752523.16458334,68459512.5
"(np.float64(1.0), 290, 350, np.float64(0.75), 5)",houghCircleAlt,0.36041666666666666,72310887.075,71911448.5
"(np.float64(1.0), 290, 350, np.float64(0.75), 10)",houghCircleAlt,0.38125,70567572.88125,70326871.5
"(np.float64(1.0), 290, 350, np.float64(0.75), 15)",houghCircleAlt,0.4083333333333333,68172198.90833333,67951250.5
"(np.float64(1.0), 290, 350, np.float64(0.8), 5)",houghCircleAlt,0.4,70865147.33125,70954930.0
"(np.float64(1.0), 290, 350, np.float64(0.8), 10)",houghCircleAlt,0.425,71246713.42708333,70559312.5
"(np.float64(1.0), 290, 350, np.float64(0.8), 15)",houghCircleAlt,0.45625,69289540.57916667,69040779.0
"(np.float64(1.0), 290, 350, np.float64(0.8500000000000001), 5)",houghCircleAlt,0.41041666666666665,71587296.06041667,71216363.5
"(np.float64(1.0), 290, 350, np.float64(0.8500000000000001), 10)",houghCircleAlt,0.4583333333333333,71833538.86041667,71835822.0
"(np.float64(1.0), 290, 350, np.float64(0.8500000000000001), 15)",houghCircleAlt,0.4875,69709365.4125,69483990.0
"(np.float64(1.0), 290, 350, np.float64(0.9000000000000001), 5)",houghCircleAlt,0.43333333333333335,70872530.33541666,71138018.5
"(np.float64(1.0), 290, 350, np.float64(0.9000000000000001), 10)",houghCircleAlt,0.47291666666666665,70773004.12291667,71155807.0
"(np.float64(1.0), 290, 350, np.float64(0.9000000000000001), 15)",houghCircleAlt,0.5020833333333333,69101781.04166667,68855893.0
"(np.float64(1.0), 290, 360, np.float64(0.7), 5)",houghCircleAlt,0.3125,70230764.92916666,70475185.0
"(np.float64(1.0), 290, 360, np.float64(0.7), 10)",houghCircleAlt,0.34375,70402434.36458333,70090262.5
"(np.float64(1.0), 290, 360, np.float64(0.7), 15)",houghCircleAlt,0.35208333333333336,68763862.1875,68595799.0
"(np.float64(1.0), 290, 360, np.float64(0.75), 5)",houghCircleAlt,0.35625,72048463.3625,71665177.5
"(np.float64(1.0), 290, 360, np.float64(0.75), 10)",houghCircleAlt,0.38333333333333336,69761621.03333333,69763495.0
"(np.float64(1.0), 290, 360, np.float64(0.75), 15)",houghCircleAlt,0.40208333333333335,70352392.07916667,70468382.5
"(np.float64(1.0), 290, 360, np.float64(0.8), 5)",houghCircleAlt,0.3958333333333333,71259793.49166666,71519985.5
"(np.float64(1.0), 290, 360, np.float64(0.8), 10)",houghCircleAlt,0.42916666666666664,69243248.79375,69272273.5
"(np.float64(1.0), 290, 360, np.float64(0.8), 15)",houghCircleAlt,0.4479166666666667,68739917.28958334,68722406.0
"(np.float64(1.0), 290, 360, np.float64(0.8500000000000001), 5)",houghCircleAlt,0.4083333333333333,71511701.15625,71667221.0
"(np.float64(1.0), 290, 360, np.float64(0.8500000000000001), 10)",houghCircleAlt,0.4583333333333333,68838832.31458333,69124581.5
"(np.float64(1.0), 290, 360, np.float64(0.8500000000000001), 15)",houghCircleAlt,0.48541666666666666,68771130.94166666,68267412.5
"(np.float64(1.0), 290, 360, np.float64(0.9000000000000001), 5)",houghCircleAlt,0.42916666666666664,71620699.40625,71760400.5
"(np.float64(1.0), 290, 360, np.float64(0.9000000000000001), 10)",houghCircleAlt,0.4708333333333333,71223255.30208333,70490579.0
"(np.float64(1.0), 290, 360, np.float64(0.9000000000000001), 15)",houghCircleAlt,0.5,69006077.98125,68408642.0
"(np.float64(1.0), 290, 370, np.float64(0.7), 5)",houghCircleAlt,0.30625,73104633.53541666,72967169.5
"(np.float64(1.0), 290, 370, np.float64(0.7), 10)",houghCircleAlt,0.33958333333333335,69466539.8125,69175035.5
"(np.float64(1.0), 290, 370, np.float64(0.7), 15)",houghCircleAlt,0.35625,67915342.55416666,67830803.0
"(np.float64(1.0), 290, 370, np.float64(0.75), 5)",houghCircleAlt,0.34791666666666665,71510662.73541667,71513853.5
"(np.float64(1.0), 290, 370, np.float64(0.75), 10)",houghCircleAlt,0.3770833333333333,69762729.1875,69515905.5
"(np.float64(1.0), 290, 370, np.float64(0.75), 15)",houghCircleAlt,0.40625,67584913.55416666,67450766.0
"(np.float64(1.0), 290, 370, np.float64(0.8), 5)",houghCircleAlt,0.38958333333333334,70797004.94166666,70821449.5
"(np.float64(1.0), 290, 370, np.float64(0.8), 10)",houghCircleAlt,0.42291666666666666,70209729.7375,69653558.0
"(np.float64(1.0), 290, 370, np.float64(0.8), 15)",houghCircleAlt,0.44583333333333336,70674816.05,69754894.0
"(np.float64(1.0), 290, 370, np.float64(0.8500000000000001), 5)",houghCircleAlt,0.40625,71675939.06875,71297266.5
"(np.float64(1.0), 290, 370, np.float64(0.8500000000000001), 10)",houghCircleAlt,0.45416666666666666,71833012.6,71535909.5
"(np.float64(1.0), 290, 370, np.float64(0.8500000000000001), 15)",houghCircleAlt,0.48541666666666666,69434533.07916667,69212405.0
"(np.float64(1.0), 290, 370, np.float64(0.9000000000000001), 5)",houghCircleAlt,0.43125,70780444,70797850.5
"(np.float64(1.0), 290, 370, np.float64(0.9000000000000001), 10)",houghCircleAlt,0.46875,70543002.11041667,70541735.0
"(np.float64(1.0), 290, 370, np.float64(0.9000000000000001), 15)",houghCircleAlt,0.5,66236228.979166664,66067239.5
"(np.float64(1.0), 290, 380, np.float64(0.7), 5)",houghCircleAlt,0.3,69574639.32916667,69903331.5
"(np.float64(1.0), 290, 380, np.float64(0.7), 10)",houghCircleAlt,0.3458333333333333,70537039.84791666,70006449.5
"(np.float64(1.0), 290, 380, np.float64(0.7), 15)",houghCircleAlt,0.36041666666666666,68643180.25416666,68248271.5
"(np.float64(1.0), 290, 380, np.float64(0.75), 5)",houghCircleAlt,0.3458333333333333,71882977.85625,71228559.5
"(np.float64(1.0), 290, 380, np.float64(0.75), 10)",houghCircleAlt,0.37916666666666665,70266540.7375,69320083.0
"(np.float64(1.0), 290, 380, np.float64(0.75), 15)",houghCircleAlt,0.4083333333333333,71152303.22916667,70678185.5
"(np.float64(1.0), 290, 380, np.float64(0.8), 5)",houghCircleAlt,0.3875,72086864.96666667,71669114.5
"(np.float64(1.0), 290, 380, np.float64(0.8), 10)",houghCircleAlt,0.42291666666666666,68789208.06041667,68596433.5
"(np.float64(1.0), 290, 380, np.float64(0.8), 15)",houghCircleAlt,0.45,66648357.675,66417026.5
"(np.float64(1.0), 290, 380, np.float64(0.8500000000000001), 5)",houghCircleAlt,0.40625,71774074.81041667,71743955.0
"(np.float64(1.0), 290, 380, np.float64(0.8500000000000001), 10)",houghCircleAlt,0.45416666666666666,70292113.28958334,70196321.0
"(np.float64(1.0), 290, 380, np.float64(0.8500000000000001), 15)",houghCircleAlt,0.48125,68638719.75,68571984.0
"(np.float64(1.0), 290, 380, np.float64(0.9000000000000001), 5)",houghCircleAlt,0.43125,71365156.25833334,71142897.5
"(np.float64(1.0), 290, 380, np.float64(0.9000000000000001), 10)",houghCircleAlt,0.46875,69613936.04791667,68903426.5
"(np.float64(1.0), 290, 380, np.float64(0.9000000000000001), 15)",houghCircleAlt,0.4979166666666667,68746507.03541666,68384808.0
"(np.float64(1.0), 290, 390, np.float64(0.7), 5)",houghCircleAlt,0.29583333333333334,72571578.64583333,72758619.0
"(np.float64(1.0), 290, 390, np.float64(0.7), 10)",houghCircleAlt,0.3458333333333333,69251856.28333333,69233551.0
"(np.float64(1.0), 290, 390, np.float64(0.7), 15)",houghCircleAlt,0.36666666666666664,68691410.0875,68438733.5
"(np.float64(1.0), 290, 390, np.float64(0.75), 5)",houghCircleAlt,0.35,69277608.41458334,69381307.5
"(np.float64(1.0), 290, 390, np.float64(0.75), 10)",houghCircleAlt,0.38125,70086240.95208333,69502495.0
"(np.float64(1.0), 290, 390, np.float64(0.75), 15)",houghCircleAlt,0.41041666666666665,68560380.96666667,68097197.5
"(np.float64(1.0), 290, 390, np.float64(0.8), 5)",houghCircleAlt,0.38958333333333334,71024889.85625,70870492.5
"(np.float64(1.0), 290, 390, np.float64(0.8), 10)",houghCircleAlt,0.42083333333333334,70638923.04166667,70126851.0
"(np.float64(1.0), 290, 390, np.float64(0.8), 15)",houghCircleAlt,0.45,68313062.675,67892490.0
"(np.float64(1.0), 290, 390, np.float64(0.8500000000000001), 5)",houghCircleAlt,0.41458333333333336,72257223.26666667,72192421.0
"(np.float64(1.0), 290, 390, np.float64(0.8500000000000001), 10)",houghCircleAlt,0.45,69901090.5625,69706222.0
"(np.float64(1.0), 290, 390, np.float64(0.8500000000000001), 15)",houghCircleAlt,0.4791666666666667,68058391.24166666,68070714.0
"(np.float64(1.0), 290, 390, np.float64(0.9000000000000001), 5)",houghCircleAlt,0.4354166666666667,70997757.2875,70748843.5
"(np.float64(1.0), 290, 390, np.float64(0.9000000000000001), 10)",houghCircleAlt,0.4666666666666667,69178997.25625,69415436.5
"(np.float64(1.0), 290, 390, np.float64(0.9000000000000001), 15)",houghCircleAlt,0.49583333333333335,69616384.77708334,69681476.0
"(np.float64(1.5), 100, 300, np.float64(0.7), 5)",houghCircleAlt,0.27291666666666664,23420529.916666668,24223480.5
"(np.float64(1.5), 100, 300, np.float64(0.7), 10)",houghCircleAlt,0.3375,23082485.1125,23989009.0
"(np.float64(1.5), 100, 300, np.float64(0.7), 15)",houghCircleAlt,0.3958333333333333,22867178.529166665,23399744.0
"(np.float64(1.5), 100, 300, np.float64(0.75), 5)",houghCircleAlt,0.36875,24453539.202083334,25148178.5
"(np.float64(1.5), 100, 300, np.float64(0.75), 10)",houghCircleAlt,0.4166666666666667,22709061.725,23781675.5
"(np.float64(1.5), 100, 300, np.float64(0.75), 15)",houghCircleAlt,0.5041666666666667,23941402.310416665,24520371.5
"(np.float64(1.5), 100, 300, np.float64(0.8), 5)",houghCircleAlt,0.4979166666666667,25726695.202083334,26566454.5
"(np.float64(1.5), 100, 300, np.float64(0.8), 10)",houghCircleAlt,0.5604166666666667,25678607.864583332,26233937.0
"(np.float64(1.5), 100, 300, np.float64(0.8), 15)",houghCircleAlt,0.6625,25862507.48125,27007572.5
"(np.float64(1.5), 100, 300, np.float64(0.8500000000000001), 5)",houghCircleAlt,0.6395833333333333,26366600.89375,27031837.5
"(np.float64(1.5), 100, 300, np.float64(0.8500000000000001), 10)",houghCircleAlt,0.7125,24423384.904166665,25504648.5
"(np.float64(1.5), 100, 300, np.float64(0.8500000000000001), 15)",houghCircleAlt,0.8291666666666667,25652091.516666666,26229192.5
"(np.float64(1.5), 100, 300, np.float64(0.9000000000000001), 5)",houghCircleAlt,0.7708333333333334,28008816.04375,29015759.5
"(np.float64(1.5), 100, 300, np.float64(0.9000000000000001), 10)",houghCircleAlt,0.8416666666666667,27042856.270833332,27729197.5
"(np.float64(1.5), 100, 300, np.float64(0.9000000000000001), 15)",houghCircleAlt,0.9208333333333333,24770547.635416668,25359635.0
"(np.float64(1.5), 100, 310, np.float64(0.7), 5)",houghCircleAlt,0.27291666666666664,26300040.6375,26963599.5
"(np.float64(1.5), 100, 310, np.float64(0.7), 10)",houghCircleAlt,0.33541666666666664,26607255.28125,27553456.5
"(np.float64(1.5), 100, 310, np.float64(0.7), 15)",houghCircleAlt,0.3958333333333333,25200142.43125,25665003.0
"(np.float64(1.5), 100, 310, np.float64(0.75), 5)",houghCircleAlt,0.3625,28631650.614583332,29533340.5
"(np.float64(1.5), 100, 310, np.float64(0.75), 10)",houghCircleAlt,0.4125,24308503.68125,25242806.5
"(np.float64(1.5), 100, 310, np.float64(0.75), 15)",houghCircleAlt,0.5125,24313030.1625,24940019.5
"(np.float64(1.5), 100, 310, np.float64(0.8), 5)",houghCircleAlt,0.5041666666666667,27875127.358333334,29002866.0
"(np.float64(1.5), 100, 310, np.float64(0.8), 10)",houghCircleAlt,0.5708333333333333,27078088.427083332,27874063.5
"(np.float64(1.5), 100, 310, np.float64(0.8), 15)",houghCircleAlt,0.6708333333333333,26062778.739583332,26650932.0
"(np.float64(1.5), 100, 310, np.float64(0.8500000000000001), 5)",houghCircleAlt,0.6520833333333333,26658734.247916665,27637910.0
"(np.float64(1.5), 100, 310, np.float64(0.8500000000000001), 10)",houghCircleAlt,0.7229166666666667,25623987.5875,26387735.5
"(np.float64(1.5), 100, 310, np.float64(0.8500000000000001), 15)",houghCircleAlt,0.8333333333333334,25563412.472916666,26074942.5
"(np.float64(1.5), 100, 310, np.float64(0.9000000000000001), 5)",houghCircleAlt,0.775,27464690.389583334,27981088.5
"(np.float64(1.5), 100, 310, np.float64(0.9000000000000001), 10)",houghCircleAlt,0.8458333333333333,24448217.3125,25371899.0
"(np.float64(1.5), 100, 310, np.float64(0.9000000000000001), 15)",houghCircleAlt,0.9229166666666667,24572727.366666667,25215325.5
"(np.float64(1.5), 100, 320, np.float64(0.7), 5)",houghCircleAlt,0.27291666666666664,28230784.208333332,29364829.0
"(np.float64(1.5), 100, 320, np.float64(0.7), 10)",houghCircleAlt,0.33958333333333335,26526691.977083333,27151472.0
"(np.float64(1.5), 100, 320, np.float64(0.7), 15)",houghCircleAlt,0.4,26038823.366666667,26627724.0
"(np.float64(1.5), 100, 320, np.float64(0.75), 5)",houghCircleAlt,0.37083333333333335,27459226.975,28362939.5
"(np.float64(1.5), 100, 320, np.float64(0.75), 10)",houghCircleAlt,0.4125,25776014.095833335,26463652.5
"(np.float64(1.5), 100, 320, np.float64(0.75), 15)",houghCircleAlt,0.5145833333333333,24022798.33125,24330730.5
"(np.float64(1.5), 100, 320, np.float64(0.8), 5)",houghCircleAlt,0.5125,27356621.379166666,28167313.5
"(np.float64(1.5), 100, 320, np.float64(0.8), 10)",houghCircleAlt,0.5666666666666667,24366059.497916665,25199702.0
"(np.float64(1.5), 100, 320, np.float64(0.8), 15)",houghCircleAlt,0.675,25149641.95625,25483833.5
"(np.float64(1.5), 100, 320, np.float64(0.8500000000000001), 5)",houghCircleAlt,0.65625,26256456.891666666,27019354.0
"(np.float64(1.5), 100, 320, np.float64(0.8500000000000001), 10)",houghCircleAlt,0.7291666666666666,28208139.239583332,29141271.0
"(np.float64(1.5), 100, 320, np.float64(0.8500000000000001), 15)",houghCircleAlt,0.83125,25421462.210416667,25921321.5
"(np.float64(1.5), 100, 320, np.float64(0.9000000000000001), 5)",houghCircleAlt,0.7770833333333333,28438266.066666666,29274460.0
"(np.float64(1.5), 100, 320, np.float64(0.9000000000000001), 10)",houghCircleAlt,0.8458333333333333,25515881.235416666,26094956.0
"(np.float64(1.5), 100, 320, np.float64(0.9000000000000001), 15)",houghCircleAlt,0.9229166666666667,25468748.608333334,26020811.0
"(np.float64(1.5), 100, 330, np.float64(0.7), 5)",houghCircleAlt,0.27291666666666664,25938542.6,26725278.5
"(np.float64(1.5), 100, 330, np.float64(0.7), 10)",houghCircleAlt,0.3333333333333333,26371511.4375,26967937.5
"(np.float64(1.5), 100, 330, np.float64(0.7), 15)",houghCircleAlt,0.4083333333333333,22801117.416666668,23303544.0
"(np.float64(1.5), 100, 330, np.float64(0.75), 5)",houghCircleAlt,0.37083333333333335,26867131.664583333,27426643.5
"(np.float64(1.5), 100, 330, np.float64(0.75), 10)",houghCircleAlt,0.41458333333333336,25181889.1125,25773540.5
"(np.float64(1.5), 100, 330, np.float64(0.75), 15)",houghCircleAlt,0.5291666666666667,25163286.3625,25566880.0
"(np.float64(1.5), 100, 330, np.float64(0.8), 5)",houghCircleAlt,0.50625,28161363.279166665,28920566.0
"(np.float64(1.5), 100, 330, np.float64(0.8), 10)",houghCircleAlt,0.55625,25349938.279166665,25906347.0
"(np.float64(1.5), 100, 330, np.float64(0.8), 15)",houghCircleAlt,0.68125,25494888.547916666,26130172.0
"(np.float64(1.5), 100, 330, np.float64(0.8500000000000001), 5)",houghCircleAlt,0.65,28411369.558333334,29398506.5
"(np.float64(1.5), 100, 330, np.float64(0.8500000000000001), 10)",houghCircleAlt,0.7291666666666666,24942336.391666666,25593116.0
"(np.float64(1.5), 100, 330, np.float64(0.8500000000000001), 15)",houghCircleAlt,0.8375,22935413.495833334,23398095.0
"(np.float64(1.5), 100, 330, np.float64(0.9000000000000001), 5)",houghCircleAlt,0.7729166666666667,26902683.758333333,27521942.0
"(np.float64(1.5), 100, 330, np.float64(0.9000000000000001), 10)",houghCircleAlt,0.8458333333333333,26209971.658333335,26853002.0
"(np.float64(1.5), 100, 330, np.float64(0.9000000000000001), 15)",houghCircleAlt,0.9229166666666667,23965138.497916665,24647201.0
"(np.float64(1.5), 100, 340, np.float64(0.7), 5)",houghCircleAlt,0.27291666666666664,27030012.908333335,27300381.5
"(np.float64(1.5), 100, 340, np.float64(0.7), 10)",houghCircleAlt,0.3375,25170101.85,25897760.0
"(np.float64(1.5), 100, 340, np.float64(0.7), 15)",houghCircleAlt,0.41041666666666665,23172411.060416665,23639315.5
"(np.float64(1.5), 100, 340, np.float64(0.75), 5)",houghCircleAlt,0.36875,27403779.522916667,28154680.5
"(np.float64(1.5), 100, 340, np.float64(0.75), 10)",houghCircleAlt,0.41875,24349530.385416668,24922402.0
"(np.float64(1.5), 100, 340, np.float64(0.75), 15)",houghCircleAlt,0.5291666666666667,22680999.19375,23189783.5
"(np.float64(1.5), 100, 340, np.float64(0.8), 5)",houghCircleAlt,0.5041666666666667,25578182.866666667,26435227.5
"(np.float64(1.5), 100, 340, np.float64(0.8), 10)",houghCircleAlt,0.5583333333333333,25544926.98125,26137464.0
"(np.float64(1.5), 100, 340, np.float64(0.8), 15)",houghCircleAlt,0.6833333333333333,23855614.202083334,24421861.5
"(np.float64(1.5), 100, 340, np.float64(0.8500000000000001), 5)",houghCircleAlt,0.6541666666666667,26834051.91875,27612913.0
"(np.float64(1.5), 100, 340, np.float64(0.8500000000000001), 10)",houghCircleAlt,0.725,26122177.091666665,26556015.0
"(np.float64(1.5), 100, 340, np.float64(0.8500000000000001), 15)",houghCircleAlt,0.8416666666666667,25710191.747916665,26534885.0
"(np.float64(1.5), 100, 340, np.float64(0.9000000000000001), 5)",houghCircleAlt,0.76875,26066032.8,26605544.0
"(np.float64(1.5), 100, 340, np.float64(0.9000000000000001), 10)",houghCircleAlt,0.84375,26435073.835416667,27287889.0
"(np.float64(1.5), 100, 340, np.float64(0.9000000000000001), 15)",houghCircleAlt,0.9229166666666667,22835619.077083334,23289201.0
"(np.float64(1.5), 100, 350, np.float64(0.7), 5)",houghCircleAlt,0.26666666666666666,24620985.077083334,25301312.0
"(np.float64(1.5), 100, 350, np.float64(0.7), 10)",houghCircleAlt,0.33958333333333335,24768119.272916667,25300707.5
"(np.float64(1.5), 100, 350, np.float64(0.7), 15)",houghCircleAlt,0.40625,23946725.141666666,24183719.5
"(np.float64(1.5), 100, 350, np.float64(0.75), 5)",houghCircleAlt,0.36666666666666664,26125540.177083332,26738938.5
"(np.float64(1.5), 100, 350, np.float64(0.75), 10)",houghCircleAlt,0.41875,25429591.904166665,25691227.5
"(np.float64(1.5), 100, 350, np.float64(0.75), 15)",houghCircleAlt,0.525,24916701.404166665,25079382.0
"(np.float64(1.5), 100, 350, np.float64(0.8), 5)",houghCircleAlt,0.5020833333333333,27396128.58125,28380619.0
"(np.float64(1.5), 100, 350, np.float64(0.8), 10)",houghCircleAlt,0.5625,24969993.060416665,25292797.0
"(np.float64(1.5), 100, 350, np.float64(0.8), 15)",houghCircleAlt,0.6875,24612477.635416668,25157483.5
"(np.float64(1.5), 100, 350, np.float64(0.8500000000000001), 5)",houghCircleAlt,0.6395833333333333,24672874.472916666,25429116.0
"(np.float64(1.5), 100, 350, np.float64(0.8500000000000001), 10)",houghCircleAlt,0.71875,26371057.74375,27210018.5
"(np.float64(1.5), 100, 350, np.float64(0.8500000000000001), 15)",houghCircleAlt,0.8416666666666667,23635381.26875,24214857.5
"(np.float64(1.5), 100, 350, np.float64(0.9000000000000001), 5)",houghCircleAlt,0.7708333333333334,25689560.933333334,26261733.0
"(np.float64(1.5), 100, 350, np.float64(0.9000000000000001), 10)",houghCircleAlt,0.84375,25478047.877083335,26109723.0
"(np.float64(1.5), 100, 350, np.float64(0.9000000000000001), 15)",houghCircleAlt,0.9208333333333333,24480253.2625,24894354.0
"(np.float64(1.5), 100, 360, np.float64(0.7), 5)",houghCircleAlt,0.2708333333333333,26489638.014583334,26893379.5
"(np.float64(1.5), 100, 360, np.float64(0.7), 10)",houghCircleAlt,0.33541666666666664,24792178.564583335,25527791.5
"(np.float64(1.5), 100, 360, np.float64(0.7), 15)",houghCircleAlt,0.40625,25197415.447916668,25818245.5
"(np.float64(1.5), 100, 360, np.float64(0.75), 5)",houghCircleAlt,0.3625,27865550.639583334,28541934.5
"(np.float64(1.5), 100, 360, np.float64(0.75), 10)",houghCircleAlt,0.4166666666666667,23635314.883333333,23816279.5
"(np.float64(1.5), 100, 360, np.float64(0.75), 15)",houghCircleAlt,0.51875,24853992.952083334,25100939.5
"(np.float64(1.5), 100, 360, np.float64(0.8), 5)",houghCircleAlt,0.50625,25067130.3875,25744076.5
"(np.float64(1.5), 100, 360, np.float64(0.8), 10)",houghCircleAlt,0.55625,24735831.1875,24986596.0
"(np.float64(1.5), 100, 360, np.float64(0.8), 15)",houghCircleAlt,0.68125,24072038.295833334,24196995.5
"(np.float64(1.5), 100, 360, np.float64(0.8500000000000001), 5)",houghCircleAlt,0.64375,26229693.575,26837869.0
"(np.float64(1.5), 100, 360, np.float64(0.8500000000000001), 10)",houghCircleAlt,0.7083333333333334,25901056.558333334,26352863.5
"(np.float64(1.5), 100, 360, np.float64(0.8500000000000001), 15)",houghCircleAlt,0.8354166666666667,23959720.833333332,24351060.0
"(np.float64(1.5), 100, 360, np.float64(0.9000000000000001), 5)",houghCircleAlt,0.7666666666666667,28000168.366666667,28599218.5
"(np.float64(1.5), 100, 360, np.float64(0.9000000000000001), 10)",houghCircleAlt,0.8395833333333333,23761487.583333332,24125370.5
"(np.float64(1.5), 100, 360, np.float64(0.9000000000000001), 15)",houghCircleAlt,0.9145833333333333,25787889.3125,26020159.5
"(np.float64(1.5), 100, 370, np.float64(0.7), 5)",houghCircleAlt,0.275,26758120.222916666,27432067.5
"(np.float64(1.5), 100, 370, np.float64(0.7), 10)",houghCircleAlt,0.33125,23997002.410416666,24624111.0
"(np.float64(1.5), 100, 370, np.float64(0.7), 15)",houghCircleAlt,0.4125,23773016.016666666,24029927.0
"(np.float64(1.5), 100, 370, np.float64(0.75), 5)",houghCircleAlt,0.35833333333333334,25867270.083333332,26561504.5
"(np.float64(1.5), 100, 370, np.float64(0.75), 10)",houghCircleAlt,0.41875,25442021.785416666,25751835.5
"(np.float64(1.5), 100, 370, np.float64(0.75), 15)",houghCircleAlt,0.51875,23795319.766666666,23975199.5
"(np.float64(1.5), 100, 370, np.float64(0.8), 5)",houghCircleAlt,0.5,26436853.79375,26769146.0
"(np.float64(1.5), 100, 370, np.float64(0.8), 10)",houghCircleAlt,0.5604166666666667,23465216.3,23721513.0
"(np.float64(1.5), 100, 370, np.float64(0.8), 15)",houghCircleAlt,0.6708333333333333,25145145.572916668,25832603.0
"(np.float64(1.5), 100, 370, np.float64(0.8500000000000001), 5)",houghCircleAlt,0.6458333333333334,24892006.245833334,25324029.0
"(np.float64(1.5), 100, 370, np.float64(0.8500000000000001), 10)",houghCircleAlt,0.7104166666666667,26989312.76875,27418557.5
"(np.float64(1.5), 100, 370, np.float64(0.8500000000000001), 15)",houghCircleAlt,0.84375,24617278.502083335,24877932.5
"(np.float64(1.5), 100, 370, np.float64(0.9000000000000001), 5)",houghCircleAlt,0.7666666666666667,25160304.779166665,25699483.5
"(np.float64(1.5), 100, 370, np.float64(0.9000000000000001), 10)",houghCircleAlt,0.8395833333333333,24924609.808333334,25399696.0
"(np.float64(1.5), 100, 370, np.float64(0.9000000000000001), 15)",houghCircleAlt,0.9125,24412786.175,24995853.5
"(np.float64(1.5), 100, 380, np.float64(0.7), 5)",houghCircleAlt,0.26666666666666666,25267658.102083333,26045153.5
"(np.float64(1.5), 100, 380, np.float64(0.7), 10)",houghCircleAlt,0.33541666666666664,23436226.55,23757430.0
"(np.float64(1.5), 100, 380, np.float64(0.7), 15)",houghCircleAlt,0.4083333333333333,24341934.791666668,24676404.0
"(np.float64(1.5), 100, 380, np.float64(0.75), 5)",houghCircleAlt,0.36041666666666666,27247576.7625,28199457.5
"(np.float64(1.5), 100, 380, np.float64(0.75), 10)",houghCircleAlt,0.4166666666666667,23955877.408333335,24590093.0
"(np.float64(1.5), 100, 380, np.float64(0.75), 15)",houghCircleAlt,0.5270833333333333,25860814.035416666,26223447.0
"(np.float64(1.5), 100, 380, np.float64(0.8), 5)",houghCircleAlt,0.5166666666666667,26591932.108333334,27190140.5
"(np.float64(1.5), 100, 380, np.float64(0.8), 10)",houghCircleAlt,0.5604166666666667,24384382.385416668,24884355.0
"(np.float64(1.5), 100, 380, np.float64(0.8), 15)",houghCircleAlt,0.66875,24074144.125,24352657.0
"(np.float64(1.5), 100, 380, np.float64(0.8500000000000001), 5)",houghCircleAlt,0.6520833333333333,25949596.522916667,26326199.5
"(np.float64(1.5), 100, 380, np.float64(0.8500000000000001), 10)",houghCircleAlt,0.7166666666666667,23273853.583333332,23702472.0
"(np.float64(1.5), 100, 380, np.float64(0.8500000000000001), 15)",houghCircleAlt,0.8479166666666667,23190107.670833334,23609543.0
"(np.float64(1.5), 100, 380, np.float64(0.9000000000000001), 5)",houghCircleAlt,0.7708333333333334,26321064.45625,26832584.0
"(np.float64(1.5), 100, 380, np.float64(0.9000000000000001), 10)",houghCircleAlt,0.8375,23961548.529166665,24383575.0
"(np.float64(1.5), 100, 380, np.float64(0.9000000000000001), 15)",houghCircleAlt,0.9125,25791755.54375,26354839.5
"(np.float64(1.5), 100, 390, np.float64(0.7), 5)",houghCircleAlt,0.2708333333333333,25597834.414583333,25986302.5
"(np.float64(1.5), 100, 390, np.float64(0.7), 10)",houghCircleAlt,0.34375,25648746.852083333,25914952.0
"(np.float64(1.5), 100, 390, np.float64(0.7), 15)",houghCircleAlt,0.4166666666666667,23293221.820833333,23321858.5
"(np.float64(1.5), 100, 390, np.float64(0.75), 5)",houghCircleAlt,0.36875,25508913.3,26067785.5
"(np.float64(1.5), 100, 390, np.float64(0.75), 10)",houghCircleAlt,0.41041666666666665,25212219.7875,25499467.5
"(np.float64(1.5), 100, 390, np.float64(0.75), 15)",houghCircleAlt,0.5375,22304373.56875,22535633.0
"(np.float64(1.5), 100, 390, np.float64(0.8), 5)",houghCircleAlt,0.5270833333333333,25137976.335416667,25773963.0
"(np.float64(1.5), 100, 390, np.float64(0.8), 10)",houghCircleAlt,0.5645833333333333,25413534.4875,25669618.0
"(np.float64(1.5), 100, 390, np.float64(0.8), 15)",houghCircleAlt,0.675,22815293.541666668,23039347.5
"(np.float64(1.5), 100, 390, np.float64(0.8500000000000001), 5)",houghCircleAlt,0.6604166666666667,26611741.264583334,27098904.0
"(np.float64(1.5), 100, 390, np.float64(0.8500000000000001), 10)",houghCircleAlt,0.7166666666666667,24221045.297916666,24282595.5
"(np.float64(1.5), 100, 390, np.float64(0.8500000000000001), 15)",houghCircleAlt,0.8458333333333333,23232754.045833334,23372387.5
"(np.float64(1.5), 100, 390, np.float64(0.9000000000000001), 5)",houghCircleAlt,0.7645833333333333,26216275.839583334,26625165.5
"(np.float64(1.5), 100, 390, np.float64(0.9000000000000001), 10)",houghCircleAlt,0.8416666666666667,24435276.20625,24446246.0
"(np.float64(1.5), 100, 390, np.float64(0.9000000000000001), 15)",houghCircleAlt,0.9125,21887717.014583334,21790224.0
"(np.float64(1.5), 110, 300, np.float64(0.7), 5)",houghCircleAlt,0.29375,28223081.979166668,28775954.5
"(np.float64(1.5), 110, 300, np.float64(0.7), 10)",houghCircleAlt,0.35,26454883.43125,27259183.0
"(np.float64(1.5), 110, 300, np.float64(0.7), 15)",houghCircleAlt,0.4125,24834453.952083334,25375917.5
"(np.float64(1.5), 110, 300, np.float64(0.75), 5)",houghCircleAlt,0.3875,28637819.94375,29187812.5
"(np.float64(1.5), 110, 300, np.float64(0.75), 10)",houghCircleAlt,0.43333333333333335,27729677.035416666,28462551.5
"(np.float64(1.5), 110, 300, np.float64(0.75), 15)",houghCircleAlt,0.5270833333333333,25255585.139583334,25510203.0
"(np.float64(1.5), 110, 300, np.float64(0.8), 5)",houghCircleAlt,0.5104166666666666,30023821.99375,30584193.0
"(np.float64(1.5), 110, 300, np.float64(0.8), 10)",houghCircleAlt,0.5875,27619749.48125,28663910.0
"(np.float64(1.5), 110, 300, np.float64(0.8), 15)",houghCircleAlt,0.6875,25482529.60625,26148521.0
"(np.float64(1.5), 110, 300, np.float64(0.8500000000000001), 5)",houghCircleAlt,0.6458333333333334,25780464.622916665,27131309.5
"(np.float64(1.5), 110, 300, np.float64(0.8500000000000001), 10)",houghCircleAlt,0.7208333333333333,27143898.13125,27739916.5
"(np.float64(1.5), 110, 300, np.float64(0.8500000000000001), 15)",houghCircleAlt,0.8375,25086056.785416666,25528454.0
"(np.float64(1.5), 110, 300, np.float64(0.9000000000000001), 5)",houghCircleAlt,0.7708333333333334,26967269.089583334,27847178.5
"(np.float64(1.5), 110, 300, np.float64(0.9000000000000001), 10)",houghCircleAlt,0.84375,27418508.50625,27731341.0
"(np.float64(1.5), 110, 300, np.float64(0.9000000000000001), 15)",houghCircleAlt,0.9229166666666667,24943003.325,25732681.5
"(np.float64(1.5), 110, 310, np.float64(0.7), 5)",houghCircleAlt,0.29375,28227582.545833334,29045911.5
"(np.float64(1.5), 110, 310, np.float64(0.7), 10)",houghCircleAlt,0.34375,25817015.3375,26582240.0
"(np.float64(1.5), 110, 310, np.float64(0.7), 15)",houghCircleAlt,0.4125,26927582.477083333,27556321.5
"(np.float64(1.5), 110, 310, np.float64(0.75), 5)",houghCircleAlt,0.38125,27419240.358333334,28333049.5
"(np.float64(1.5), 110, 310, np.float64(0.75), 10)",houghCircleAlt,0.42916666666666664,24680983.672916666,25374263.5
"(np.float64(1.5), 110, 310, np.float64(0.75), 15)",houghCircleAlt,0.5333333333333333,24735636.208333332,25386987.5
"(np.float64(1.5), 110, 310, np.float64(0.8), 5)",houghCircleAlt,0.5166666666666667,27855380.475,28473831.5
"(np.float64(1.5), 110, 310, np.float64(0.8), 10)",houghCircleAlt,0.5916666666666667,25843989.439583335,26588696.0
"(np.float64(1.5), 110, 310, np.float64(0.8), 15)",houghCircleAlt,0.6895833333333333,24896038.245833334,25740460.5
"(np.float64(1.5), 110, 310, np.float64(0.8500000000000001), 5)",houghCircleAlt,0.6583333333333333,27980537.720833335,28628122.0
"(np.float64(1.5), 110, 310, np.float64(0.8500000000000001), 10)",houghCircleAlt,0.73125,27446100.85625,28020643.5
"(np.float64(1.5), 110, 310, np.float64(0.8500000000000001), 15)",houghCircleAlt,0.8416666666666667,24512624.966666665,24711500.0
"(np.float64(1.5), 110, 310, np.float64(0.9000000000000001), 5)",houghCircleAlt,0.775,29033554.73125,30070203.0
"(np.float64(1.5), 110, 310, np.float64(0.9000000000000001), 10)",houghCircleAlt,0.8479166666666667,24866317.50625,25633515.0
"(np.float64(1.5), 110, 310, np.float64(0.9000000000000001), 15)",houghCircleAlt,0.925,25257584.195833333,25897920.5
"(np.float64(1.5), 110, 320, np.float64(0.7), 5)",houghCircleAlt,0.3,26895573.03125,27737376.5
"(np.float64(1.5), 110, 320, np.float64(0.7), 10)",houghCircleAlt,0.35208333333333336,26465575.720833335,27054189.5
"(np.float64(1.5), 110, 320, np.float64(0.7), 15)",houghCircleAlt,0.41458333333333336,24260940.516666666,24779522.5
"(np.float64(1.5), 110, 320, np.float64(0.75), 5)",houghCircleAlt,0.3875,26458393.929166667,27090399.0
"(np.float64(1.5), 110, 320, np.float64(0.75), 10)",houghCircleAlt,0.43125,26997134.3875,27165405.0
"(np.float64(1.5), 110, 320, np.float64(0.75), 15)",houghCircleAlt,0.525,24442103.825,25071294.5
"(np.float64(1.5), 110, 320, np.float64(0.8), 5)",houghCircleAlt,0.525,27892477.60625,28603863.5
"(np.float64(1.5), 110, 320, np.float64(0.8), 10)",houghCircleAlt,0.5854166666666667,24519199.75625,25344838.0
"(np.float64(1.5), 110, 320, np.float64(0.8), 15)",houghCircleAlt,0.6916666666666667,24969882.085416667,25717882.5
"(np.float64(1.5), 110, 320, np.float64(0.8500000000000001), 5)",houghCircleAlt,0.6625,28927239.102083333,29787006.5
"(np.float64(1.5), 110, 320, np.float64(0.8500000000000001), 10)",houghCircleAlt,0.7375,25952638.002083335,26485021.5
"(np.float64(1.5), 110, 320, np.float64(0.8500000000000001), 15)",houghCircleAlt,0.8375,24237780.139583334,24772385.0
"(np.float64(1.5), 110, 320, np.float64(0.9000000000000001), 5)",houghCircleAlt,0.7791666666666667,27503201.208333332,28324643.5
"(np.float64(1.5), 110, 320, np.float64(0.9000000000000001), 10)",houghCircleAlt,0.8479166666666667,25801158.277083334,26409577.5
"(np.float64(1.5), 110, 320, np.float64(0.9000000000000001), 15)",houghCircleAlt,0.925,25019216.84375,25466852.5
"(np.float64(1.5), 110, 330, np.float64(0.7), 5)",houghCircleAlt,0.3,27471641.264583334,28176180.5
"(np.float64(1.5), 110, 330, np.float64(0.7), 10)",houghCircleAlt,0.34375,24451860.214583334,25190129.0
"(np.float64(1.5), 110, 330, np.float64(0.7), 15)",houghCircleAlt,0.41875,24703012.272916667,25402337.0
"(np.float64(1.5), 110, 330, np.float64(0.75), 5)",houghCircleAlt,0.38958333333333334,28371053.152083334,29128061.5
"(np.float64(1.5), 110, 330, np.float64(0.75), 10)",houghCircleAlt,0.42916666666666664,27470078.991666667,28006993.5
"(np.float64(1.5), 110, 330, np.float64(0.75), 15)",houghCircleAlt,0.5458333333333333,24549705.341666665,25009809.5
"(np.float64(1.5), 110, 330, np.float64(0.8), 5)",houghCircleAlt,0.5208333333333334,26167765.516666666,27248499.5
"(np.float64(1.5), 110, 330, np.float64(0.8), 10)",houghCircleAlt,0.5729166666666666,26261440.727083333,26903326.5
"(np.float64(1.5), 110, 330, np.float64(0.8), 15)",houghCircleAlt,0.6979166666666666,24421444.922916666,24964774.5
"(np.float64(1.5), 110, 330, np.float64(0.8500000000000001), 5)",houghCircleAlt,0.65625,26812186.44375,27641571.5
"(np.float64(1.5), 110, 330, np.float64(0.8500000000000001), 10)",houghCircleAlt,0.7395833333333334,24566713.091666665,25261421.5
"(np.float64(1.5), 110, 330, np.float64(0.8500000000000001), 15)",houghCircleAlt,0.84375,25515409.277083334,25968677.5
"(np.float64(1.5), 110, 330, np.float64(0.9000000000000001), 5)",houghCircleAlt,0.7729166666666667,26533815.877083335,27514404.5
"(np.float64(1.5), 110, 330, np.float64(0.9000000000000001), 10)",houghCircleAlt,0.8458333333333333,27259235.04375,28353772.0
"(np.float64(1.5), 110, 330, np.float64(0.9000000000000001), 15)",houghCircleAlt,0.925,24442635.304166667,25057639.0
"(np.float64(1.5), 110, 340, np.float64(0.7), 5)",houghCircleAlt,0.29375,28837067.30625,29918625.0
"(np.float64(1.5), 110, 340, np.float64(0.7), 10)",houghCircleAlt,0.35,25101139.43125,25766711.0
"(np.float64(1.5), 110, 340, np.float64(0.7), 15)",houghCircleAlt,0.42083333333333334,24998043.708333332,25503014.5
"(np.float64(1.5), 110, 340, np.float64(0.75), 5)",houghCircleAlt,0.3854166666666667,26093864.60625,26787161.0
"(np.float64(1.5), 110, 340, np.float64(0.75), 10)",houghCircleAlt,0.43125,23988458.158333335,24371296.5
"(np.float64(1.5), 110, 340, np.float64(0.75), 15)",houghCircleAlt,0.5395833333333333,24963280.28125,25276267.0
"(np.float64(1.5), 110, 340, np.float64(0.8), 5)",houghCircleAlt,0.51875,27450941.4125,27815454.5
"(np.float64(1.5), 110, 340, np.float64(0.8), 10)",houghCircleAlt,0.575,25450288.279166665,26099624.0
"(np.float64(1.5), 110, 340, np.float64(0.8), 15)",houghCircleAlt,0.7,25465453.983333334,25844282.0
"(np.float64(1.5), 110, 340, np.float64(0.8500000000000001), 5)",houghCircleAlt,0.6604166666666667,26247735.629166666,27045268.0
"(np.float64(1.5), 110, 340, np.float64(0.8500000000000001), 10)",houghCircleAlt,0.7375,24967900.33125,25569233.5
"(np.float64(1.5), 110, 340, np.float64(0.8500000000000001), 15)",houghCircleAlt,0.8458333333333333,25841591.79375,26123999.5
"(np.float64(1.5), 110, 340, np.float64(0.9000000000000001), 5)",houghCircleAlt,0.76875,26912025.839583334,27589604.5
"(np.float64(1.5), 110, 340, np.float64(0.9000000000000001), 10)",houghCircleAlt,0.84375,25585057.46875,26226722.5
"(np.float64(1.5), 110, 340, np.float64(0.9000000000000001), 15)",houghCircleAlt,0.9229166666666667,23167270.483333334,23507835.0
"(np.float64(1.5), 110, 350, np.float64(0.7), 5)",houghCircleAlt,0.29583333333333334,26103997.225,26746432.0
"(np.float64(1.5), 110, 350, np.float64(0.7), 10)",houghCircleAlt,0.3541666666666667,25363707.997916665,25970121.5
"(np.float64(1.5), 110, 350, np.float64(0.7), 15)",houghCircleAlt,0.4125,25424754.689583335,25766139.0
"(np.float64(1.5), 110, 350, np.float64(0.75), 5)",houghCircleAlt,0.3958333333333333,24792196.022916667,25380620.5
"(np.float64(1.5), 110, 350, np.float64(0.75), 10)",houghCircleAlt,0.4354166666666667,25294735.766666666,25914497.0
"(np.float64(1.5), 110, 350, np.float64(0.75), 15)",houghCircleAlt,0.5333333333333333,23815740.958333332,24179634.0
"(np.float64(1.5), 110, 350, np.float64(0.8), 5)",houghCircleAlt,0.525,28113678.972916666,29159696.0
"(np.float64(1.5), 110, 350, np.float64(0.8), 10)",houghCircleAlt,0.575,26086200.314583335,26684135.5
"(np.float64(1.5), 110, 350, np.float64(0.8), 15)",houghCircleAlt,0.7020833333333333,23884970.039583333,24142819.0
"(np.float64(1.5), 110, 350, np.float64(0.8500000000000001), 5)",houghCircleAlt,0.6520833333333333,24741861.90625,25875314.0
"(np.float64(1.5), 110, 350, np.float64(0.8500000000000001), 10)",houghCircleAlt,0.7291666666666666,25384058.85,26277058.0
"(np.float64(1.5), 110, 350, np.float64(0.8500000000000001), 15)",houghCircleAlt,0.8458333333333333,24342615.308333334,24712321.0
"(np.float64(1.5), 110, 350, np.float64(0.9000000000000001), 5)",houghCircleAlt,0.7708333333333334,27260405.404166665,27779515.5
"(np.float64(1.5), 110, 350, np.float64(0.9000000000000001), 10)",houghCircleAlt,0.84375,24325089.275,25019738.5
"(np.float64(1.5), 110, 350, np.float64(0.9000000000000001), 15)",houghCircleAlt,0.9208333333333333,24203978.433333334,24908675.5
"(np.float64(1.5), 110, 360, np.float64(0.7), 5)",houghCircleAlt,0.29583333333333334,25629504.935416665,26350433.5
"(np.float64(1.5), 110, 360, np.float64(0.7), 10)",houghCircleAlt,0.3458333333333333,26531284.866666667,26984727.0
"(np.float64(1.5), 110, 360, np.float64(0.7), 15)",houghCircleAlt,0.4125,24063870.875,23986631.0
"(np.float64(1.5), 110, 360, np.float64(0.75), 5)",houghCircleAlt,0.39375,26624184.1,27144529.5
"(np.float64(1.5), 110, 360, np.float64(0.75), 10)",houghCircleAlt,0.43125,24087790.3875,24700670.5
"(np.float64(1.5), 110, 360, np.float64(0.75), 15)",houghCircleAlt,0.5291666666666667,24144620.133333333,24622342.5
"(np.float64(1.5), 110, 360, np.float64(0.8), 5)",houghCircleAlt,0.5270833333333333,26145616.1125,26662029.5
"(np.float64(1.5), 110, 360, np.float64(0.8), 10)",houghCircleAlt,0.5708333333333333,26335745.233333334,26593115.0
"(np.float64(1.5), 110, 360, np.float64(0.8), 15)",houghCircleAlt,0.7,22953650.602083333,23325630.0
"(np.float64(1.5), 110, 360, np.float64(0.8500000000000001), 5)",houghCircleAlt,0.6541666666666667,25772698.5625,26611609.0
"(np.float64(1.5), 110, 360, np.float64(0.8500000000000001), 10)",houghCircleAlt,0.71875,24633172.827083334,25186960.5
"(np.float64(1.5), 110, 360, np.float64(0.8500000000000001), 15)",houghCircleAlt,0.8416666666666667,24032594.120833334,24236282.5
"(np.float64(1.5), 110, 360, np.float64(0.9000000000000001), 5)",houghCircleAlt,0.7666666666666667,27859492.072916668,28750683.0
"(np.float64(1.5), 110, 360, np.float64(0.9000000000000001), 10)",houghCircleAlt,0.8395833333333333,23953835.416666668,24403708.0
"(np.float64(1.5), 110, 360, np.float64(0.9000000000000001), 15)",houghCircleAlt,0.9166666666666666,24949764.272916667,25240127.5
"(np.float64(1.5), 110, 370, np.float64(0.7), 5)",houghCircleAlt,0.29791666666666666,25644657.883333333,26330393.0
"(np.float64(1.5), 110, 370, np.float64(0.7), 10)",houghCircleAlt,0.3416666666666667,25100825.10625,25484198.0
"(np.float64(1.5), 110, 370, np.float64(0.7), 15)",houghCircleAlt,0.4166666666666667,22770716.197916668,23125740.0
"(np.float64(1.5), 110, 370, np.float64(0.75), 5)",houghCircleAlt,0.3875,26853470.329166666,27212787.5
"(np.float64(1.5), 110, 370, np.float64(0.75), 10)",houghCircleAlt,0.4354166666666667,24951878.202083334,25589380.5
"(np.float64(1.5), 110, 370, np.float64(0.75), 15)",houghCircleAlt,0.53125,23516534.4,23887279.0
"(np.float64(1.5), 110, 370, np.float64(0.8), 5)",houghCircleAlt,0.5166666666666667,25718496.695833333,26281746.5
"(np.float64(1.5), 110, 370, np.float64(0.8), 10)",houghCircleAlt,0.5729166666666666,23784672.304166667,24103761.5
"(np.float64(1.5), 110, 370, np.float64(0.8), 15)",houghCircleAlt,0.6875,25078745.50625,25339205.5
"(np.float64(1.5), 110, 370, np.float64(0.8500000000000001), 5)",houghCircleAlt,0.65,25086202.983333334,25779744.0
"(np.float64(1.5), 110, 370, np.float64(0.8500000000000001), 10)",houghCircleAlt,0.7166666666666667,25093406.089583334,25683083.0
"(np.float64(1.5), 110, 370, np.float64(0.8500000000000001), 15)",houghCircleAlt,0.8458333333333333,22857034.558333334,23463669.5
"(np.float64(1.5), 110, 370, np.float64(0.9000000000000001), 5)",houghCircleAlt,0.7666666666666667,25947144.252083335,26500200.5
"(np.float64(1.5), 110, 370, np.float64(0.9000000000000001), 10)",houghCircleAlt,0.8395833333333333,26314167.41875,26529550.5
"(np.float64(1.5), 110, 370, np.float64(0.9000000000000001), 15)",houghCircleAlt,0.9145833333333333,23496721.635416668,23621565.0
"(np.float64(1.5), 110, 380, np.float64(0.7), 5)",houghCircleAlt,0.28541666666666665,25832243.010416668,26443793.5
"(np.float64(1.5), 110, 380, np.float64(0.7), 10)",houghCircleAlt,0.3458333333333333,23670308.602083333,24013420.5
"(np.float64(1.5), 110, 380, np.float64(0.7), 15)",houghCircleAlt,0.4125,23866928.3875,24095023.0
"(np.float64(1.5), 110, 380, np.float64(0.75), 5)",houghCircleAlt,0.3875,26245106.93125,26380652.0
"(np.float64(1.5), 110, 380, np.float64(0.75), 10)",houghCircleAlt,0.43125,27217976.51875,28004063.5
"(np.float64(1.5), 110, 380, np.float64(0.75), 15)",houghCircleAlt,0.5416666666666666,23927891.452083334,24285316.5
"(np.float64(1.5), 110, 380, np.float64(0.8), 5)",houghCircleAlt,0.5291666666666667,24586907.510416668,25167871.5
"(np.float64(1.5), 110, 380, np.float64(0.8), 10)",houghCircleAlt,0.5729166666666666,24801339.13125,25290285.5
"(np.float64(1.5), 110, 380, np.float64(0.8), 15)",houghCircleAlt,0.69375,23184421.866666667,23694713.0
"(np.float64(1.5), 110, 380, np.float64(0.8500000000000001), 5)",houghCircleAlt,0.65625,26534257.954166666,26752232.5
"(np.float64(1.5), 110, 380, np.float64(0.8500000000000001), 10)",houghCircleAlt,0.725,25194911.954166666,25500695.0
"(np.float64(1.5), 110, 380, np.float64(0.8500000000000001), 15)",houghCircleAlt,0.8520833333333333,22585808.722916666,23084823.0
"(np.float64(1.5), 110, 380, np.float64(0.9000000000000001), 5)",houghCircleAlt,0.7708333333333334,25745604.13125,26375520.5
"(np.float64(1.5), 110, 380, np.float64(0.9000000000000001), 10)",houghCircleAlt,0.8375,25625784.677083332,25868846.5
"(np.float64(1.5), 110, 380, np.float64(0.9000000000000001), 15)",houghCircleAlt,0.9145833333333333,26265069.7375,26827469.0
"(np.float64(1.5), 110, 390, np.float64(0.7), 5)",houghCircleAlt,0.28958333333333336,25640354.997916665,26325939.0
"(np.float64(1.5), 110, 390, np.float64(0.7), 10)",houghCircleAlt,0.35208333333333336,23274271.733333334,23719429.0
"(np.float64(1.5), 110, 390, np.float64(0.7), 15)",houghCircleAlt,0.42291666666666666,23635230.291666668,24020994.0
"(np.float64(1.5), 110, 390, np.float64(0.75), 5)",houghCircleAlt,0.39166666666666666,25107951.85625,25539277.5
"(np.float64(1.5), 110, 390, np.float64(0.75), 10)",houghCircleAlt,0.42291666666666666,25595828.364583332,25701562.5
"(np.float64(1.5), 110, 390, np.float64(0.75), 15)",houghCircleAlt,0.5520833333333334,23793670.383333333,23713146.5
"(np.float64(1.5), 110, 390, np.float64(0.8), 5)",houghCircleAlt,0.5375,24380137.10625,24806118.0
"(np.float64(1.5), 110, 390, np.float64(0.8), 10)",houghCircleAlt,0.5729166666666666,24744225.477083333,25067377.5
"(np.float64(1.5), 110, 390, np.float64(0.8), 15)",houghCircleAlt,0.6979166666666666,24430605.025,24405596.5
"(np.float64(1.5), 110, 390, np.float64(0.8500000000000001), 5)",houghCircleAlt,0.6645833333333333,24135826.2,24650490.5
"(np.float64(1.5), 110, 390, np.float64(0.8500000000000001), 10)",houghCircleAlt,0.7229166666666667,24528460.53125,25080712.0
"(np.float64(1.5), 110, 390, np.float64(0.8500000000000001), 15)",houghCircleAlt,0.85,25635748.933333334,25970547.5
"(np.float64(1.5), 110, 390, np.float64(0.9000000000000001), 5)",houghCircleAlt,0.7645833333333333,25274013.522916667,25857921.0
"(np.float64(1.5), 110, 390, np.float64(0.9000000000000001), 10)",houghCircleAlt,0.8416666666666667,24108043.727083333,24604679.0
"(np.float64(1.5), 110, 390, np.float64(0.9000000000000001), 15)",houghCircleAlt,0.9145833333333333,23249826.1,23401347.5
"(np.float64(1.5), 120, 300, np.float64(0.7), 5)",houghCircleAlt,0.30416666666666664,28811987.10625,29746311.0
"(np.float64(1.5), 120, 300, np.float64(0.7), 10)",houghCircleAlt,0.3625,25767010.020833332,26563790.0
"(np.float64(1.5), 120, 300, np.float64(0.7), 15)",houghCircleAlt,0.42291666666666666,25610252.54375,26205889.0
"(np.float64(1.5), 120, 300, np.float64(0.75), 5)",houghCircleAlt,0.3958333333333333,28557161.410416666,29203843.0
"(np.float64(1.5), 120, 300, np.float64(0.75), 10)",houghCircleAlt,0.44166666666666665,25426605.33125,26413192.0
"(np.float64(1.5), 120, 300, np.float64(0.75), 15)",houghCircleAlt,0.5416666666666666,25231688.104166668,25963789.0
"(np.float64(1.5), 120, 300, np.float64(0.8), 5)",houghCircleAlt,0.5208333333333334,29700276.958333332,30823395.5
"(np.float64(1.5), 120, 300, np.float64(0.8), 10)",houghCircleAlt,0.5916666666666667,26612693.827083334,27366081.0
"(np.float64(1.5), 120, 300, np.float64(0.8), 15)",houghCircleAlt,0.7020833333333333,25018805.339583334,25647345.0
"(np.float64(1.5), 120, 300, np.float64(0.8500000000000001), 5)",houghCircleAlt,0.6520833333333333,27389335.00625,28395161.0
"(np.float64(1.5), 120, 300, np.float64(0.8500000000000001), 10)",houghCircleAlt,0.7229166666666667,25268611.414583333,26273380.5
"(np.float64(1.5), 120, 300, np.float64(0.8500000000000001), 15)",houghCircleAlt,0.8416666666666667,26569035.004166666,26986949.0
"(np.float64(1.5), 120, 300, np.float64(0.9000000000000001), 5)",houghCircleAlt,0.7708333333333334,27715741.15,28687464.0
"(np.float64(1.5), 120, 300, np.float64(0.9000000000000001), 10)",houghCircleAlt,0.8416666666666667,26275516.779166665,26907646.5
"(np.float64(1.5), 120, 300, np.float64(0.9000000000000001), 15)",houghCircleAlt,0.9229166666666667,25386656.558333334,26050863.0
"(np.float64(1.5), 120, 310, np.float64(0.7), 5)",houghCircleAlt,0.3020833333333333,28032494.34375,28856786.5
"(np.float64(1.5), 120, 310, np.float64(0.7), 10)",houghCircleAlt,0.35208333333333336,26287327.447916668,26878193.0
"(np.float64(1.5), 120, 310, np.float64(0.7), 15)",houghCircleAlt,0.41875,27189958.714583334,27910896.0
"(np.float64(1.5), 120, 310, np.float64(0.75), 5)",houghCircleAlt,0.38958333333333334,26731996.535416666,27630070.5
"(np.float64(1.5), 120, 310, np.float64(0.75), 10)",houghCircleAlt,0.4395833333333333,26234519.533333335,26920187.5
"(np.float64(1.5), 120, 310, np.float64(0.75), 15)",houghCircleAlt,0.5395833333333333,23865359.604166668,24417382.5
"(np.float64(1.5), 120, 310, np.float64(0.8), 5)",houghCircleAlt,0.53125,28392369.202083334,29316647.0
"(np.float64(1.5), 120, 310, np.float64(0.8), 10)",houghCircleAlt,0.59375,26336000.45625,26992053.0
"(np.float64(1.5), 120, 310, np.float64(0.8), 15)",houghCircleAlt,0.6979166666666666,24995357.14375,25406879.0
"(np.float64(1.5), 120, 310, np.float64(0.8500000000000001), 5)",houghCircleAlt,0.6625,27796812.458333332,28778067.5
"(np.float64(1.5), 120, 310, np.float64(0.8500000000000001), 10)",houghCircleAlt,0.7333333333333333,27161647.86875,27741795.0
"(np.float64(1.5), 120, 310, np.float64(0.8500000000000001), 15)",houghCircleAlt,0.8416666666666667,25198109.264583334,25743201.5
"(np.float64(1.5), 120, 310, np.float64(0.9000000000000001), 5)",houghCircleAlt,0.7729166666666667,26875546.7875,27621744.5
"(np.float64(1.5), 120, 310, np.float64(0.9000000000000001), 10)",houghCircleAlt,0.8458333333333333,28560219.558333334,29425468.5
"(np.float64(1.5), 120, 310, np.float64(0.9000000000000001), 15)",houghCircleAlt,0.925,24855553.591666665,25597356.0
"(np.float64(1.5), 120, 320, np.float64(0.7), 5)",houghCircleAlt,0.3145833333333333,25814328.425,26857034.5
"(np.float64(1.5), 120, 320, np.float64(0.7), 10)",houghCircleAlt,0.3625,26820941.2875,27473810.5
"(np.float64(1.5), 120, 320, np.float64(0.7), 15)",houghCircleAlt,0.425,24835121.414583333,24981576.0
"(np.float64(1.5), 120, 320, np.float64(0.75), 5)",houghCircleAlt,0.4041666666666667,28645916.83125,29703681.5
"(np.float64(1.5), 120, 320, np.float64(0.75), 10)",houghCircleAlt,0.44166666666666665,26610629.7875,27465221.5
"(np.float64(1.5), 120, 320, np.float64(0.75), 15)",houghCircleAlt,0.5354166666666667,25360223.872916665,25673174.0
"(np.float64(1.5), 120, 320, np.float64(0.8), 5)",houghCircleAlt,0.5395833333333333,27071653.6,27831538.0
"(np.float64(1.5), 120, 320, np.float64(0.8), 10)",houghCircleAlt,0.5895833333333333,25734133.5,26378807.5
"(np.float64(1.5), 120, 320, np.float64(0.8), 15)",houghCircleAlt,0.6979166666666666,27549968.122916665,28412468.0
"(np.float64(1.5), 120, 320, np.float64(0.8500000000000001), 5)",houghCircleAlt,0.6666666666666666,27120521.23125,28108187.0
"(np.float64(1.5), 120, 320, np.float64(0.8500000000000001), 10)",houghCircleAlt,0.7395833333333334,24705449.335416667,25344909.5
"(np.float64(1.5), 120, 320, np.float64(0.8500000000000001), 15)",houghCircleAlt,0.8375,24905672.88125,25379082.5
"(np.float64(1.5), 120, 320, np.float64(0.9000000000000001), 5)",houghCircleAlt,0.7791666666666667,27522543.335416667,28196643.5
"(np.float64(1.5), 120, 320, np.float64(0.9000000000000001), 10)",houghCircleAlt,0.8458333333333333,27681738.75625,28388068.0
"(np.float64(1.5), 120, 320, np.float64(0.9000000000000001), 15)",houghCircleAlt,0.925,25754240.827083334,26336428.0
"(np.float64(1.5), 120, 330, np.float64(0.7), 5)",houghCircleAlt,0.31666666666666665,27600577.8875,28335362.5
"(np.float64(1.5), 120, 330, np.float64(0.7), 10)",houghCircleAlt,0.35833333333333334,25718119.604166668,26409981.5
"(np.float64(1.5), 120, 330, np.float64(0.7), 15)",houghCircleAlt,0.4270833333333333,24159137.916666668,24616638.0
"(np.float64(1.5), 120, 330, np.float64(0.75), 5)",houghCircleAlt,0.40625,25655562.420833334,26457775.0
"(np.float64(1.5), 120, 330, np.float64(0.75), 10)",houghCircleAlt,0.44166666666666665,27833482.816666666,28755121.5
"(np.float64(1.5), 120, 330, np.float64(0.75), 15)",houghCircleAlt,0.5541666666666667,24576345.872916665,25260179.5
"(np.float64(1.5), 120, 330, np.float64(0.8), 5)",houghCircleAlt,0.5354166666666667,26628247.804166667,27458729.0
"(np.float64(1.5), 120, 330, np.float64(0.8), 10)",houghCircleAlt,0.5833333333333334,26430249.80625,27209953.5
"(np.float64(1.5), 120, 330, np.float64(0.8), 15)",houghCircleAlt,0.7041666666666667,24624029.547916666,25216728.5
"(np.float64(1.5), 120, 330, np.float64(0.8500000000000001), 5)",houghCircleAlt,0.6604166666666667,28352175.504166666,29245491.5
"(np.float64(1.5), 120, 330, np.float64(0.8500000000000001), 10)",houghCircleAlt,0.7416666666666667,26626886.810416665,27167407.5
"(np.float64(1.5), 120, 330, np.float64(0.8500000000000001), 15)",houghCircleAlt,0.84375,24253238.920833334,24848241.5
"(np.float64(1.5), 120, 330, np.float64(0.9000000000000001), 5)",houghCircleAlt,0.7729166666666667,26864635.960416667,27467424.5
"(np.float64(1.5), 120, 330, np.float64(0.9000000000000001), 10)",houghCircleAlt,0.84375,26045277.870833334,26749248.0
"(np.float64(1.5), 120, 330, np.float64(0.9000000000000001), 15)",houghCircleAlt,0.925,23424970.814583335,24080150.5
"(np.float64(1.5), 120, 340, np.float64(0.7), 5)",houghCircleAlt,0.3104166666666667,27933797.545833334,29012562.0
"(np.float64(1.5), 120, 340, np.float64(0.7), 10)",houghCircleAlt,0.3645833333333333,25794293.760416668,26489116.0
"(np.float64(1.5), 120, 340, np.float64(0.7), 15)",houghCircleAlt,0.42916666666666664,25141108.922916666,25503290.5
"(np.float64(1.5), 120, 340, np.float64(0.75), 5)",houghCircleAlt,0.4,26486534.720833335,27223227.5
"(np.float64(1.5), 120, 340, np.float64(0.75), 10)",houghCircleAlt,0.44375,25418320.84375,25910294.0
"(np.float64(1.5), 120, 340, np.float64(0.75), 15)",houghCircleAlt,0.5520833333333334,23372130.466666665,23940408.0
"(np.float64(1.5), 120, 340, np.float64(0.8), 5)",houghCircleAlt,0.53125,27194627.04375,27725786.0
"(np.float64(1.5), 120, 340, np.float64(0.8), 10)",houghCircleAlt,0.5854166666666667,25749925.639583334,26356966.0
"(np.float64(1.5), 120, 340, np.float64(0.8), 15)",houghCircleAlt,0.7104166666666667,23443640.660416666,23854046.5
"(np.float64(1.5), 120, 340, np.float64(0.8500000000000001), 5)",houghCircleAlt,0.6645833333333333,26570168.654166665,27392429.0
"(np.float64(1.5), 120, 340, np.float64(0.8500000000000001), 10)",houghCircleAlt,0.7395833333333334,26984342.772916667,27389098.5
"(np.float64(1.5), 120, 340, np.float64(0.8500000000000001), 15)",houghCircleAlt,0.8458333333333333,24773072.089583334,25223516.5
"(np.float64(1.5), 120, 340, np.float64(0.9000000000000001), 5)",houghCircleAlt,0.76875,27360636.566666666,28334447.5
"(np.float64(1.5), 120, 340, np.float64(0.9000000000000001), 10)",houghCircleAlt,0.8416666666666667,25961852.16875,26625224.5
"(np.float64(1.5), 120, 340, np.float64(0.9000000000000001), 15)",houghCircleAlt,0.9229166666666667,23419073.958333332,24025426.5
"(np.float64(1.5), 120, 350, np.float64(0.7), 5)",houghCircleAlt,0.3104166666666667,25904946.06875,26485443.0
"(np.float64(1.5), 120, 350, np.float64(0.7), 10)",houghCircleAlt,0.3645833333333333,24417633.160416666,25053106.5
"(np.float64(1.5), 120, 350, np.float64(0.7), 15)",houghCircleAlt,0.41875,24442440.041666668,25093301.0
"(np.float64(1.5), 120, 350, np.float64(0.75), 5)",houghCircleAlt,0.40625,27280297.366666667,28038721.5
"(np.float64(1.5), 120, 350, np.float64(0.75), 10)",houghCircleAlt,0.44583333333333336,25596589.191666666,26136840.0
"(np.float64(1.5), 120, 350, np.float64(0.75), 15)",houghCircleAlt,0.5458333333333333,25636833.922916666,26230509.0
"(np.float64(1.5), 120, 350, np.float64(0.8), 5)",houghCircleAlt,0.5333333333333333,26525606.464583334,26890819.0
"(np.float64(1.5), 120, 350, np.float64(0.8), 10)",houghCircleAlt,0.58125,26156814.679166667,26556465.5
"(np.float64(1.5), 120, 350, np.float64(0.8), 15)",houghCircleAlt,0.7166666666666667,23267303.397916667,23922901.0
"(np.float64(1.5), 120, 350, np.float64(0.8500000000000001), 5)",houghCircleAlt,0.65625,26354874.339583334,26882462.0
"(np.float64(1.5), 120, 350, np.float64(0.8500000000000001), 10)",houghCircleAlt,0.73125,25261106.970833335,25628475.0
"(np.float64(1.5), 120, 350, np.float64(0.8500000000000001), 15)",houghCircleAlt,0.8458333333333333,23273199.89375,23568205.0
"(np.float64(1.5), 120, 350, np.float64(0.9000000000000001), 5)",houghCircleAlt,0.7708333333333334,26510499.345833335,27051855.0
"(np.float64(1.5), 120, 350, np.float64(0.9000000000000001), 10)",houghCircleAlt,0.8416666666666667,26506012.327083334,26915973.0
"(np.float64(1.5), 120, 350, np.float64(0.9000000000000001), 15)",houghCircleAlt,0.9208333333333333,24570098.41875,25020515.0
"(np.float64(1.5), 120, 360, np.float64(0.7), 5)",houghCircleAlt,0.3104166666666667,27490840.1625,28119508.5
"(np.float64(1.5), 120, 360, np.float64(0.7), 10)",houghCircleAlt,0.3541666666666667,25455843.445833333,25974854.5
"(np.float64(1.5), 120, 360, np.float64(0.7), 15)",houghCircleAlt,0.41875,23009679.291666668,23525749.5
"(np.float64(1.5), 120, 360, np.float64(0.75), 5)",houghCircleAlt,0.4083333333333333,26874197.6,27520850.0
"(np.float64(1.5), 120, 360, np.float64(0.75), 10)",houghCircleAlt,0.44166666666666665,24280972.910416666,25079876.0
"(np.float64(1.5), 120, 360, np.float64(0.75), 15)",houghCircleAlt,0.5416666666666666,24373806.13125,24864006.0
"(np.float64(1.5), 120, 360, np.float64(0.8), 5)",houghCircleAlt,0.5395833333333333,25846720.13125,26575397.0
"(np.float64(1.5), 120, 360, np.float64(0.8), 10)",houghCircleAlt,0.58125,25481720.083333332,25845672.5
"(np.float64(1.5), 120, 360, np.float64(0.8), 15)",houghCircleAlt,0.7145833333333333,25281443.85625,25594861.5
"(np.float64(1.5), 120, 360, np.float64(0.8500000000000001), 5)",houghCircleAlt,0.6604166666666667,26226293.9875,26846735.5
"(np.float64(1.5), 120, 360, np.float64(0.8500000000000001), 10)",houghCircleAlt,0.7270833333333333,26567995.514583334,27212616.0
"(np.float64(1.5), 120, 360, np.float64(0.8500000000000001), 15)",houghCircleAlt,0.84375,24344252.45625,24643145.5
"(np.float64(1.5), 120, 360, np.float64(0.9000000000000001), 5)",houghCircleAlt,0.7666666666666667,25199642.714583334,25991505.0
"(np.float64(1.5), 120, 360, np.float64(0.9000000000000001), 10)",houghCircleAlt,0.8375,25920207.920833334,26501821.0
"(np.float64(1.5), 120, 360, np.float64(0.9000000000000001), 15)",houghCircleAlt,0.9166666666666666,23377576.875,23718581.5
"(np.float64(1.5), 120, 370, np.float64(0.7), 5)",houghCircleAlt,0.3104166666666667,26174244.85625,26626784.0
"(np.float64(1.5), 120, 370, np.float64(0.7), 10)",houghCircleAlt,0.35208333333333336,25027290.535416666,25468504.5
"(np.float64(1.5), 120, 370, np.float64(0.7), 15)",houghCircleAlt,0.425,24308182.05625,24685812.5
"(np.float64(1.5), 120, 370, np.float64(0.75), 5)",houghCircleAlt,0.4,26977578.022916667,27507887.0
"(np.float64(1.5), 120, 370, np.float64(0.75), 10)",houghCircleAlt,0.44583333333333336,25309277.170833334,25618421.0
"(np.float64(1.5), 120, 370, np.float64(0.75), 15)",houghCircleAlt,0.54375,24370200.597916666,24790187.5
"(np.float64(1.5), 120, 370, np.float64(0.8), 5)",houghCircleAlt,0.5291666666666667,27452653.164583333,27986248.0
"(np.float64(1.5), 120, 370, np.float64(0.8), 10)",houghCircleAlt,0.58125,24094217.183333334,24753769.5
"(np.float64(1.5), 120, 370, np.float64(0.8), 15)",houghCircleAlt,0.7020833333333333,23042489.3625,23478894.0
"(np.float64(1.5), 120, 370, np.float64(0.8500000000000001), 5)",houghCircleAlt,0.6583333333333333,26822393.58125,27329386.0
"(np.float64(1.5), 120, 370, np.float64(0.8500000000000001), 10)",houghCircleAlt,0.7229166666666667,25336257.577083334,25881002.5
"(np.float64(1.5), 120, 370, np.float64(0.8500000000000001), 15)",houghCircleAlt,0.8479166666666667,23695126.789583333,24012610.0
"(np.float64(1.5), 120, 370, np.float64(0.9000000000000001), 5)",houghCircleAlt,0.7666666666666667,26300457.079166666,26816299.5
"(np.float64(1.5), 120, 370, np.float64(0.9000000000000001), 10)",houghCircleAlt,0.8375,25361195.1375,25767305.5
"(np.float64(1.5), 120, 370, np.float64(0.9000000000000001), 15)",houghCircleAlt,0.9145833333333333,25112360.73125,25529845.0
"(np.float64(1.5), 120, 380, np.float64(0.7), 5)",houghCircleAlt,0.29791666666666666,25741081.433333334,26002035.0
"(np.float64(1.5), 120, 380, np.float64(0.7), 10)",houghCircleAlt,0.35625,23795581.277083334,24300454.0
"(np.float64(1.5), 120, 380, np.float64(0.7), 15)",houghCircleAlt,0.42083333333333334,25380095.341666665,25862487.5
"(np.float64(1.5), 120, 380, np.float64(0.75), 5)",houghCircleAlt,0.39791666666666664,24685404.3,25282044.5
"(np.float64(1.5), 120, 380, np.float64(0.75), 10)",houghCircleAlt,0.44583333333333336,24730781.720833335,25113094.5
"(np.float64(1.5), 120, 380, np.float64(0.75), 15)",houghCircleAlt,0.5541666666666667,24809814.227083333,25010781.5
"(np.float64(1.5), 120, 380, np.float64(0.8), 5)",houghCircleAlt,0.5416666666666666,25990315.008333333,26469487.5
"(np.float64(1.5), 120, 380, np.float64(0.8), 10)",houghCircleAlt,0.5875,25162809.497916665,25721634.5
"(np.float64(1.5), 120, 380, np.float64(0.8), 15)",houghCircleAlt,0.7083333333333334,25007129.8125,25223099.5
"(np.float64(1.5), 120, 380, np.float64(0.8500000000000001), 5)",houghCircleAlt,0.6645833333333333,25949776.083333332,26335431.0
"(np.float64(1.5), 120, 380, np.float64(0.8500000000000001), 10)",houghCircleAlt,0.7291666666666666,25035456.864583332,25529510.0
"(np.float64(1.5), 120, 380, np.float64(0.8500000000000001), 15)",houghCircleAlt,0.8541666666666666,22800411.033333335,23412431.5
"(np.float64(1.5), 120, 380, np.float64(0.9000000000000001), 5)",houghCircleAlt,0.7708333333333334,27275214.652083334,27887549.5
"(np.float64(1.5), 120, 380, np.float64(0.9000000000000001), 10)",houghCircleAlt,0.8354166666666667,23972519.8375,24545102.0
"(np.float64(1.5), 120, 380, np.float64(0.9000000000000001), 15)",houghCircleAlt,0.9145833333333333,23651717.379166666,24101193.5
"(np.float64(1.5), 120, 390, np.float64(0.7), 5)",houghCircleAlt,0.29791666666666666,26833810.947916668,27130683.5
"(np.float64(1.5), 120, 390, np.float64(0.7), 10)",houghCircleAlt,0.35625,24916198.077083334,25267197.5
"(np.float64(1.5), 120, 390, np.float64(0.7), 15)",houghCircleAlt,0.43125,24133090.50625,24542535.5
"(np.float64(1.5), 120, 390, np.float64(0.75), 5)",houghCircleAlt,0.39791666666666664,26504785.69375,26662480.0
"(np.float64(1.5), 120, 390, np.float64(0.75), 10)",houghCircleAlt,0.43333333333333335,25277365.158333335,25624202.5
"(np.float64(1.5), 120, 390, np.float64(0.75), 15)",houghCircleAlt,0.5645833333333333,22468425.416666668,22881481.0
"(np.float64(1.5), 120, 390, np.float64(0.8), 5)",houghCircleAlt,0.5479166666666667,25749774.05625,26143567.0
"(np.float64(1.5), 120, 390, np.float64(0.8), 10)",houghCircleAlt,0.5833333333333334,23823161.660416666,24292764.0
"(np.float64(1.5), 120, 390, np.float64(0.8), 15)",houghCircleAlt,0.7125,25128301.55,25705259.5
"(np.float64(1.5), 120, 390, np.float64(0.8500000000000001), 5)",houghCircleAlt,0.6729166666666667,25013765.085416667,25131239.0
"(np.float64(1.5), 120, 390, np.float64(0.8500000000000001), 10)",houghCircleAlt,0.725,24667574.766666666,24969332.5
"(np.float64(1.5), 120, 390, np.float64(0.8500000000000001), 15)",houghCircleAlt,0.8520833333333333,24293591.854166668,24635753.0
"(np.float64(1.5), 120, 390, np.float64(0.9000000000000001), 5)",houghCircleAlt,0.7645833333333333,25732098.145833332,26283729.0
"(np.float64(1.5), 120, 390, np.float64(0.9000000000000001), 10)",houghCircleAlt,0.8395833333333333,24585429.814583335,24503605.5
"(np.float64(1.5), 120, 390, np.float64(0.9000000000000001), 15)",houghCircleAlt,0.9145833333333333,24555844.327083334,24829197.0
"(np.float64(1.5), 130, 300, np.float64(0.7), 5)",houghCircleAlt,0.30833333333333335,27075250.53125,28035029.5
"(np.float64(1.5), 130, 300, np.float64(0.7), 10)",houghCircleAlt,0.375,27278655.979166668,28117013.0
"(np.float64(1.5), 130, 300, np.float64(0.7), 15)",houghCircleAlt,0.43333333333333335,24648803.96875,25308820.5
"(np.float64(1.5), 130, 300, np.float64(0.75), 5)",houghCircleAlt,0.4,29824004.289583333,31181812.0
"(np.float64(1.5), 130, 300, np.float64(0.75), 10)",houghCircleAlt,0.45208333333333334,26483362.197916668,27001832.5
"(np.float64(1.5), 130, 300, np.float64(0.75), 15)",houghCircleAlt,0.5604166666666667,25278940.5,26151886.0
"(np.float64(1.5), 130, 300, np.float64(0.8), 5)",houghCircleAlt,0.5229166666666667,28420802.920833334,29506284.5
"(np.float64(1.5), 130, 300, np.float64(0.8), 10)",houghCircleAlt,0.5979166666666667,27048430.833333332,27876692.5
"(np.float64(1.5), 130, 300, np.float64(0.8), 15)",houghCircleAlt,0.7145833333333333,25964147.38125,26350760.0
"(np.float64(1.5), 130, 300, np.float64(0.8500000000000001), 5)",houghCircleAlt,0.6520833333333333,28736667.21875,29490905.5
"(np.float64(1.5), 130, 300, np.float64(0.8500000000000001), 10)",houghCircleAlt,0.7270833333333333,25776734.547916666,26463486.5
"(np.float64(1.5), 130, 300, np.float64(0.8500000000000001), 15)",houghCircleAlt,0.8520833333333333,24470703.570833333,25315152.0
"(np.float64(1.5), 130, 300, np.float64(0.9000000000000001), 5)",houghCircleAlt,0.7729166666666667,27958578.14375,28884779.5
"(np.float64(1.5), 130, 300, np.float64(0.9000000000000001), 10)",houghCircleAlt,0.8458333333333333,26923102.575,27499130.0
"(np.float64(1.5), 130, 300, np.float64(0.9000000000000001), 15)",houghCircleAlt,0.9270833333333334,25937116.1875,26291966.0
"(np.float64(1.5), 130, 310, np.float64(0.7), 5)",houghCircleAlt,0.3020833333333333,27010634.772916667,27919814.0
"(np.float64(1.5), 130, 310, np.float64(0.7), 10)",houghCircleAlt,0.36666666666666664,27392494.233333334,28093717.5
"(np.float64(1.5), 130, 310, np.float64(0.7), 15)",houghCircleAlt,0.4270833333333333,25548541.677083332,26081635.5
"(np.float64(1.5), 130, 310, np.float64(0.75), 5)",houghCircleAlt,0.38958333333333334,27833331.310416665,28570846.0
"(np.float64(1.5), 130, 310, np.float64(0.75), 10)",houghCircleAlt,0.45,27564576.941666666,28174194.5
"(np.float64(1.5), 130, 310, np.float64(0.75), 15)",houghCircleAlt,0.5541666666666667,24139762.639583334,24266769.0
"(np.float64(1.5), 130, 310, np.float64(0.8), 5)",houghCircleAlt,0.5333333333333333,26324576.6,27404217.0
"(np.float64(1.5), 130, 310, np.float64(0.8), 10)",houghCircleAlt,0.6020833333333333,26875330.0125,27668536.0
"(np.float64(1.5), 130, 310, np.float64(0.8), 15)",houghCircleAlt,0.7104166666666667,24917390.745833334,25487902.0
"(np.float64(1.5), 130, 310, np.float64(0.8500000000000001), 5)",houghCircleAlt,0.6625,28232468.047916666,29296988.0
"(np.float64(1.5), 130, 310, np.float64(0.8500000000000001), 10)",houghCircleAlt,0.7354166666666667,28450491.447916668,29328773.0
"(np.float64(1.5), 130, 310, np.float64(0.8500000000000001), 15)",houghCircleAlt,0.85,26046600.485416666,26788170.5
"(np.float64(1.5), 130, 310, np.float64(0.9000000000000001), 5)",houghCircleAlt,0.775,27574688.845833335,28437930.0
"(np.float64(1.5), 130, 310, np.float64(0.9000000000000001), 10)",houghCircleAlt,0.8458333333333333,25496776.59375,26392645.0
"(np.float64(1.5), 130, 310, np.float64(0.9000000000000001), 15)",houghCircleAlt,0.9291666666666667,25388427.922916666,25837893.0
"(np.float64(1.5), 130, 320, np.float64(0.7), 5)",houghCircleAlt,0.3145833333333333,27927732.491666667,28637079.5
"(np.float64(1.5), 130, 320, np.float64(0.7), 10)",houghCircleAlt,0.37083333333333335,25245081.675,25844271.0
"(np.float64(1.5), 130, 320, np.float64(0.7), 15)",houghCircleAlt,0.43125,24908540.741666667,25384532.5
"(np.float64(1.5), 130, 320, np.float64(0.75), 5)",houghCircleAlt,0.4041666666666667,27063986.441666666,27831478.5
"(np.float64(1.5), 130, 320, np.float64(0.75), 10)",houghCircleAlt,0.45208333333333334,26965435.283333335,27564688.5
"(np.float64(1.5), 130, 320, np.float64(0.75), 15)",houghCircleAlt,0.5541666666666667,27024510.897916667,28195896.0
"(np.float64(1.5), 130, 320, np.float64(0.8), 5)",houghCircleAlt,0.5416666666666666,27800895.783333335,28895964.0
"(np.float64(1.5), 130, 320, np.float64(0.8), 10)",houghCircleAlt,0.5979166666666667,26518421.929166667,27330398.0
"(np.float64(1.5), 130, 320, np.float64(0.8), 15)",houghCircleAlt,0.7104166666666667,26919115.50625,27358165.0
"(np.float64(1.5), 130, 320, np.float64(0.8500000000000001), 5)",houghCircleAlt,0.6666666666666666,27349288.525,28287203.0
"(np.float64(1.5), 130, 320, np.float64(0.8500000000000001), 10)",houghCircleAlt,0.7416666666666667,25299072.120833334,26203694.5
"(np.float64(1.5), 130, 320, np.float64(0.8500000000000001), 15)",houghCircleAlt,0.8479166666666667,25985492.158333335,26346087.5
"(np.float64(1.5), 130, 320, np.float64(0.9000000000000001), 5)",houghCircleAlt,0.78125,27388294.808333334,28118698.0
"(np.float64(1.5), 130, 320, np.float64(0.9000000000000001), 10)",houghCircleAlt,0.8479166666666667,26071991.81875,26688569.5
"(np.float64(1.5), 130, 320, np.float64(0.9000000000000001), 15)",houghCircleAlt,0.9291666666666667,25616903.320833333,26096423.5
"(np.float64(1.5), 130, 330, np.float64(0.7), 5)",houghCircleAlt,0.31875,28604979.875,29476529.5
"(np.float64(1.5), 130, 330, np.float64(0.7), 10)",houghCircleAlt,0.36666666666666664,26672656.9375,27103522.0
"(np.float64(1.5), 130, 330, np.float64(0.7), 15)",houghCircleAlt,0.4375,24755591.7125,25241365.0
"(np.float64(1.5), 130, 330, np.float64(0.75), 5)",houghCircleAlt,0.4125,28875221.064583335,29890225.5
"(np.float64(1.5), 130, 330, np.float64(0.75), 10)",houghCircleAlt,0.45208333333333334,26285675.977083333,27155781.0
"(np.float64(1.5), 130, 330, np.float64(0.75), 15)",houghCircleAlt,0.5729166666666666,23855730.285416666,24297022.0
"(np.float64(1.5), 130, 330, np.float64(0.8), 5)",houghCircleAlt,0.5416666666666666,27884465.691666666,28629254.5
"(np.float64(1.5), 130, 330, np.float64(0.8), 10)",houghCircleAlt,0.5916666666666667,26134079.964583334,26999106.5
"(np.float64(1.5), 130, 330, np.float64(0.8), 15)",houghCircleAlt,0.7145833333333333,24634468.2625,24942789.0
"(np.float64(1.5), 130, 330, np.float64(0.8500000000000001), 5)",houghCircleAlt,0.6604166666666667,27832888.15,28852008.0
"(np.float64(1.5), 130, 330, np.float64(0.8500000000000001), 10)",houghCircleAlt,0.74375,26260900.16875,27110271.5
"(np.float64(1.5), 130, 330, np.float64(0.8500000000000001), 15)",houghCircleAlt,0.8520833333333333,25825890.370833334,26157548.0
"(np.float64(1.5), 130, 330, np.float64(0.9000000000000001), 5)",houghCircleAlt,0.775,28079843.483333334,29078668.0
"(np.float64(1.5), 130, 330, np.float64(0.9000000000000001), 10)",houghCircleAlt,0.8458333333333333,25054487.75,25707223.0
"(np.float64(1.5), 130, 330, np.float64(0.9000000000000001), 15)",houghCircleAlt,0.9291666666666667,25170431.9375,25686774.0
"(np.float64(1.5), 130, 340, np.float64(0.7), 5)",houghCircleAlt,0.3145833333333333,28619114.995833334,29677802.5
"(np.float64(1.5), 130, 340, np.float64(0.7), 10)",houghCircleAlt,0.37083333333333335,26898054.477083333,27703768.5
"(np.float64(1.5), 130, 340, np.float64(0.7), 15)",houghCircleAlt,0.4354166666666667,24727634.441666666,25027396.0
"(np.float64(1.5), 130, 340, np.float64(0.75), 5)",houghCircleAlt,0.4083333333333333,26425494.614583332,27258653.5
"(np.float64(1.5), 130, 340, np.float64(0.75), 10)",houghCircleAlt,0.45208333333333334,26447854.08125,27122512.0
"(np.float64(1.5), 130, 340, np.float64(0.75), 15)",houghCircleAlt,0.5666666666666667,25144386.375,25650698.0
"(np.float64(1.5), 130, 340, np.float64(0.8), 5)",houghCircleAlt,0.5354166666666667,27503811.202083334,28151545.0
"(np.float64(1.5), 130, 340, np.float64(0.8), 10)",houghCircleAlt,0.5916666666666667,27278418.195833333,28187566.0
"(np.float64(1.5), 130, 340, np.float64(0.8), 15)",houghCircleAlt,0.7208333333333333,23511816.758333333,23901150.5
"(np.float64(1.5), 130, 340, np.float64(0.8500000000000001), 5)",houghCircleAlt,0.6645833333333333,26947728.108333334,27988321.0
"(np.float64(1.5), 130, 340, np.float64(0.8500000000000001), 10)",houghCircleAlt,0.7416666666666667,27936259.852083333,28388803.5
"(np.float64(1.5), 130, 340, np.float64(0.8500000000000001), 15)",houghCircleAlt,0.8541666666666666,25676076.6,25811308.0
"(np.float64(1.5), 130, 340, np.float64(0.9000000000000001), 5)",houghCircleAlt,0.76875,26816654.9125,27396898.0
"(np.float64(1.5), 130, 340, np.float64(0.9000000000000001), 10)",houghCircleAlt,0.84375,25469236.11875,26193449.5
"(np.float64(1.5), 130, 340, np.float64(0.9000000000000001), 15)",houghCircleAlt,0.9270833333333334,25553724.235416666,25868762.0
"(np.float64(1.5), 130, 350, np.float64(0.7), 5)",houghCircleAlt,0.3125,26603105.8,27159993.0
"(np.float64(1.5), 130, 350, np.float64(0.7), 10)",houghCircleAlt,0.3729166666666667,26421737.891666666,26787043.5
"(np.float64(1.5), 130, 350, np.float64(0.7), 15)",houghCircleAlt,0.425,23429668.410416666,23989279.5
"(np.float64(1.5), 130, 350, np.float64(0.75), 5)",houghCircleAlt,0.4125,28022149.8375,29139496.5
"(np.float64(1.5), 130, 350, np.float64(0.75), 10)",houghCircleAlt,0.46041666666666664,26104054.052083332,26691382.5
"(np.float64(1.5), 130, 350, np.float64(0.75), 15)",houghCircleAlt,0.5604166666666667,25640821.85625,25880857.0
"(np.float64(1.5), 130, 350, np.float64(0.8), 5)",houghCircleAlt,0.5375,28420525.320833333,28771847.0
"(np.float64(1.5), 130, 350, np.float64(0.8), 10)",houghCircleAlt,0.59375,25990464.8375,26602698.0
"(np.float64(1.5), 130, 350, np.float64(0.8), 15)",houghCircleAlt,0.7270833333333333,24316552.63125,24910569.0
"(np.float64(1.5), 130, 350, np.float64(0.8500000000000001), 5)",houghCircleAlt,0.65625,27253438.414583333,27840641.0
"(np.float64(1.5), 130, 350, np.float64(0.8500000000000001), 10)",houghCircleAlt,0.7375,25871635.175,26079316.0
"(np.float64(1.5), 130, 350, np.float64(0.8500000000000001), 15)",houghCircleAlt,0.8520833333333333,23487884.804166667,23933676.0
"(np.float64(1.5), 130, 350, np.float64(0.9000000000000001), 5)",houghCircleAlt,0.7708333333333334,27392208.439583335,28158237.5
"(np.float64(1.5), 130, 350, np.float64(0.9000000000000001), 10)",houghCircleAlt,0.8416666666666667,25782976.26875,26508151.5
"(np.float64(1.5), 130, 350, np.float64(0.9000000000000001), 15)",houghCircleAlt,0.925,26167236.370833334,26973058.5
"(np.float64(1.5), 130, 360, np.float64(0.7), 5)",houghCircleAlt,0.3145833333333333,27207767.61875,27472040.0
"(np.float64(1.5), 130, 360, np.float64(0.7), 10)",houghCircleAlt,0.3625,27397718.322916668,28034613.0
"(np.float64(1.5), 130, 360, np.float64(0.7), 15)",houghCircleAlt,0.42291666666666666,24626106.208333332,24846567.5
"(np.float64(1.5), 130, 360, np.float64(0.75), 5)",houghCircleAlt,0.41458333333333336,26211434.160416666,26757734.0
"(np.float64(1.5), 130, 360, np.float64(0.75), 10)",houghCircleAlt,0.45208333333333334,24429481.15625,24905499.0
"(np.float64(1.5), 130, 360, np.float64(0.75), 15)",houghCircleAlt,0.5520833333333334,24722206.352083333,24854628.0
"(np.float64(1.5), 130, 360, np.float64(0.8), 5)",houghCircleAlt,0.54375,27282076.654166665,27945366.0
"(np.float64(1.5), 130, 360, np.float64(0.8), 10)",houghCircleAlt,0.5916666666666667,26068067.047916666,26430555.0
"(np.float64(1.5), 130, 360, np.float64(0.8), 15)",houghCircleAlt,0.725,24801827.508333333,25270985.5
"(np.float64(1.5), 130, 360, np.float64(0.8500000000000001), 5)",houghCircleAlt,0.6625,28431605.741666667,29358910.5
"(np.float64(1.5), 130, 360, np.float64(0.8500000000000001), 10)",houghCircleAlt,0.73125,26560326.28125,26983086.0
"(np.float64(1.5), 130, 360, np.float64(0.8500000000000001), 15)",houghCircleAlt,0.85,24624338.939583335,24910373.5
"(np.float64(1.5), 130, 360, np.float64(0.9000000000000001), 5)",houghCircleAlt,0.7666666666666667,28297028.252083335,28859293.0
"(np.float64(1.5), 130, 360, np.float64(0.9000000000000001), 10)",houghCircleAlt,0.8375,25421786.41875,25729975.0
"(np.float64(1.5), 130, 360, np.float64(0.9000000000000001), 15)",houghCircleAlt,0.9208333333333333,23184450.516666666,23634639.5
"(np.float64(1.5), 130, 370, np.float64(0.7), 5)",houghCircleAlt,0.3229166666666667,26302733.60625,27162187.0
"(np.float64(1.5), 130, 370, np.float64(0.7), 10)",houghCircleAlt,0.36875,26662430.50625,27095145.0
"(np.float64(1.5), 130, 370, np.float64(0.7), 15)",houghCircleAlt,0.43333333333333335,24942751.895833332,25366298.5
"(np.float64(1.5), 130, 370, np.float64(0.75), 5)",houghCircleAlt,0.4125,26203185.264583334,26966671.0
"(np.float64(1.5), 130, 370, np.float64(0.75), 10)",houghCircleAlt,0.4583333333333333,26998754.089583334,27693412.5
"(np.float64(1.5), 130, 370, np.float64(0.75), 15)",houghCircleAlt,0.5541666666666667,24414302.952083334,24737817.5
"(np.float64(1.5), 130, 370, np.float64(0.8), 5)",houghCircleAlt,0.5395833333333333,27220775.747916665,27548669.5
"(np.float64(1.5), 130, 370, np.float64(0.8), 10)",houghCircleAlt,0.59375,25137202.195833333,25768172.5
"(np.float64(1.5), 130, 370, np.float64(0.8), 15)",houghCircleAlt,0.7104166666666667,26277906.004166666,26633861.5
"(np.float64(1.5), 130, 370, np.float64(0.8500000000000001), 5)",houghCircleAlt,0.6625,25188141.65625,25738075.5
"(np.float64(1.5), 130, 370, np.float64(0.8500000000000001), 10)",houghCircleAlt,0.725,25583461.725,26081424.5
"(np.float64(1.5), 130, 370, np.float64(0.8500000000000001), 15)",houghCircleAlt,0.8541666666666666,24826197.972916666,25210224.5
"(np.float64(1.5), 130, 370, np.float64(0.9000000000000001), 5)",houghCircleAlt,0.7666666666666667,26875147.325,27534375.5
"(np.float64(1.5), 130, 370, np.float64(0.9000000000000001), 10)",houghCircleAlt,0.8375,25560854.4125,25760746.5
"(np.float64(1.5), 130, 370, np.float64(0.9000000000000001), 15)",houghCircleAlt,0.91875,25731690.427083332,26209028.5
"(np.float64(1.5), 130, 380, np.float64(0.7), 5)",houghCircleAlt,0.30833333333333335,25983105.066666666,26402241.5
"(np.float64(1.5), 130, 380, np.float64(0.7), 10)",houghCircleAlt,0.37083333333333335,26183401.304166667,26513416.0
"(np.float64(1.5), 130, 380, np.float64(0.7), 15)",houghCircleAlt,0.43125,23682405.925,23739651.5
"(np.float64(1.5), 130, 380, np.float64(0.75), 5)",houghCircleAlt,0.4083333333333333,24988304.170833334,25471801.5
"(np.float64(1.5), 130, 380, np.float64(0.75), 10)",houghCircleAlt,0.46458333333333335,27362076.979166668,28036567.5
"(np.float64(1.5), 130, 380, np.float64(0.75), 15)",houghCircleAlt,0.56875,24481086.95,24712297.0
"(np.float64(1.5), 130, 380, np.float64(0.8), 5)",houghCircleAlt,0.55,26538684.28125,26922717.0
"(np.float64(1.5), 130, 380, np.float64(0.8), 10)",houghCircleAlt,0.5958333333333333,26167862.445833333,26626533.5
"(np.float64(1.5), 130, 380, np.float64(0.8), 15)",houghCircleAlt,0.71875,24379493.697916668,24739492.5
"(np.float64(1.5), 130, 380, np.float64(0.8500000000000001), 5)",houghCircleAlt,0.6666666666666666,27382507.016666666,28255714.5
"(np.float64(1.5), 130, 380, np.float64(0.8500000000000001), 10)",houghCircleAlt,0.73125,25385539.0875,25694584.5
"(np.float64(1.5), 130, 380, np.float64(0.8500000000000001), 15)",houghCircleAlt,0.8604166666666667,24014707.672916666,24046541.5
"(np.float64(1.5), 130, 380, np.float64(0.9000000000000001), 5)",houghCircleAlt,0.76875,27111790.40625,27730142.0
"(np.float64(1.5), 130, 380, np.float64(0.9000000000000001), 10)",houghCircleAlt,0.8354166666666667,24223270.872916665,24608987.5
"(np.float64(1.5), 130, 380, np.float64(0.9000000000000001), 15)",houghCircleAlt,0.91875,26381380.220833335,26590525.0
"(np.float64(1.5), 130, 390, np.float64(0.7), 5)",houghCircleAlt,0.30625,26101746.097916666,26638290.5
"(np.float64(1.5), 130, 390, np.float64(0.7), 10)",houghCircleAlt,0.36875,26237390.58125,26767299.5
"(np.float64(1.5), 130, 390, np.float64(0.7), 15)",houghCircleAlt,0.44375,24138295.852083333,24363577.5
"(np.float64(1.5), 130, 390, np.float64(0.75), 5)",houghCircleAlt,0.4041666666666667,26555655.083333332,26976597.0
"(np.float64(1.5), 130, 390, np.float64(0.75), 10)",houghCircleAlt,0.45,25275499.1375,25571148.0
"(np.float64(1.5), 130, 390, np.float64(0.75), 15)",houghCircleAlt,0.58125,23800905.445833333,24061296.0
"(np.float64(1.5), 130, 390, np.float64(0.8), 5)",houghCircleAlt,0.55625,27574619.820833333,28410875.0
"(np.float64(1.5), 130, 390, np.float64(0.8), 10)",houghCircleAlt,0.59375,23809066.354166668,24115089.5
"(np.float64(1.5), 130, 390, np.float64(0.8), 15)",houghCircleAlt,0.7229166666666667,24945989.333333332,25233414.0
"(np.float64(1.5), 130, 390, np.float64(0.8500000000000001), 5)",houghCircleAlt,0.675,27620750.577083334,28193350.0
"(np.float64(1.5), 130, 390, np.float64(0.8500000000000001), 10)",houghCircleAlt,0.7270833333333333,25348729.633333333,25568427.5
"(np.float64(1.5), 130, 390, np.float64(0.8500000000000001), 15)",houghCircleAlt,0.8583333333333333,23921760.364583332,24113613.5
"(np.float64(1.5), 130, 390, np.float64(0.9000000000000001), 5)",houghCircleAlt,0.7625,26610924.108333334,27114648.5
"(np.float64(1.5), 130, 390, np.float64(0.9000000000000001), 10)",houghCircleAlt,0.8395833333333333,25651975.983333334,26359291.5
"(np.float64(1.5), 130, 390, np.float64(0.9000000000000001), 15)",houghCircleAlt,0.91875,23383785.541666668,23498378.5
"(np.float64(1.5), 140, 300, np.float64(0.7), 5)",houghCircleAlt,0.3104166666666667,28400675.489583332,29189680.5
"(np.float64(1.5), 140, 300, np.float64(0.7), 10)",houghCircleAlt,0.3854166666666667,29149873.65625,30005188.0
"(np.float64(1.5), 140, 300, np.float64(0.7), 15)",houghCircleAlt,0.4395833333333333,25041921.954166666,25702017.5
"(np.float64(1.5), 140, 300, np.float64(0.75), 5)",houghCircleAlt,0.4041666666666667,29164681.152083334,29883944.0
"(np.float64(1.5), 140, 300, np.float64(0.75), 10)",houghCircleAlt,0.4583333333333333,27333959.975,28282594.5
"(np.float64(1.5), 140, 300, np.float64(0.75), 15)",houghCircleAlt,0.56875,27587219.28125,28517308.0
"(np.float64(1.5), 140, 300, np.float64(0.8), 5)",houghCircleAlt,0.5333333333333333,28249352.34375,29279243.5
"(np.float64(1.5), 140, 300, np.float64(0.8), 10)",houghCircleAlt,0.60625,27948738.970833335,28851835.5
"(np.float64(1.5), 140, 300, np.float64(0.8), 15)",houghCircleAlt,0.7270833333333333,26489107.41875,27074345.5
"(np.float64(1.5), 140, 300, np.float64(0.8500000000000001), 5)",houghCircleAlt,0.6583333333333333,27880075.758333333,29191389.5
"(np.float64(1.5), 140, 300, np.float64(0.8500000000000001), 10)",houghCircleAlt,0.7333333333333333,27283389.804166667,28071739.5
"(np.float64(1.5), 140, 300, np.float64(0.8500000000000001), 15)",houghCircleAlt,0.8541666666666666,24614614.004166666,25172309.0
"(np.float64(1.5), 140, 300, np.float64(0.9000000000000001), 5)",houghCircleAlt,0.7729166666666667,29940788.5625,30893673.0
"(np.float64(1.5), 140, 300, np.float64(0.9000000000000001), 10)",houghCircleAlt,0.8458333333333333,28080357.420833334,28675818.0
"(np.float64(1.5), 140, 300, np.float64(0.9000000000000001), 15)",houghCircleAlt,0.9270833333333334,25942779.85,26729250.5
"(np.float64(1.5), 140, 310, np.float64(0.7), 5)",houghCircleAlt,0.3145833333333333,29440745.797916666,30434932.0
"(np.float64(1.5), 140, 310, np.float64(0.7), 10)",houghCircleAlt,0.3770833333333333,27087768.877083335,28085003.5
"(np.float64(1.5), 140, 310, np.float64(0.7), 15)",houghCircleAlt,0.4354166666666667,26651924.395833332,27227741.5
"(np.float64(1.5), 140, 310, np.float64(0.75), 5)",houghCircleAlt,0.3958333333333333,28416429.252083335,29508765.5
"(np.float64(1.5), 140, 310, np.float64(0.75), 10)",houghCircleAlt,0.45625,26599552.720833335,27357654.0
"(np.float64(1.5), 140, 310, np.float64(0.75), 15)",houghCircleAlt,0.5625,24626020.120833334,25271831.0
"(np.float64(1.5), 140, 310, np.float64(0.8), 5)",houghCircleAlt,0.54375,27987911.310416665,28969994.0
"(np.float64(1.5), 140, 310, np.float64(0.8), 10)",houghCircleAlt,0.6125,28614758.18125,29922547.5
"(np.float64(1.5), 140, 310, np.float64(0.8), 15)",houghCircleAlt,0.7229166666666667,26636043.975,27258567.5
"(np.float64(1.5), 140, 310, np.float64(0.8500000000000001), 5)",houghCircleAlt,0.6645833333333333,27993250.572916668,29199344.0
"(np.float64(1.5), 140, 310, np.float64(0.8500000000000001), 10)",houghCircleAlt,0.7416666666666667,25800663.047916666,26861839.5
"(np.float64(1.5), 140, 310, np.float64(0.8500000000000001), 15)",houghCircleAlt,0.85625,25899047.777083334,26731971.0
"(np.float64(1.5), 140, 310, np.float64(0.9000000000000001), 5)",houghCircleAlt,0.775,28729033.070833333,29702332.0
"(np.float64(1.5), 140, 310, np.float64(0.9000000000000001), 10)",houghCircleAlt,0.8458333333333333,27629892.235416666,28427026.0
"(np.float64(1.5), 140, 310, np.float64(0.9000000000000001), 15)",houghCircleAlt,0.9291666666666667,25315461.477083333,25926534.5
"(np.float64(1.5), 140, 320, np.float64(0.7), 5)",houghCircleAlt,0.32916666666666666,26470417.3625,27570679.5
"(np.float64(1.5), 140, 320, np.float64(0.7), 10)",houghCircleAlt,0.38125,26784559.3,27651159.5
"(np.float64(1.5), 140, 320, np.float64(0.7), 15)",houghCircleAlt,0.4395833333333333,26594556.039583333,27143619.0
"(np.float64(1.5), 140, 320, np.float64(0.75), 5)",houghCircleAlt,0.41041666666666665,29365142.933333334,29982608.5
"(np.float64(1.5), 140, 320, np.float64(0.75), 10)",houghCircleAlt,0.46041666666666664,26797721.060416665,27533934.5
"(np.float64(1.5), 140, 320, np.float64(0.75), 15)",houghCircleAlt,0.5625,24318256.339583334,24987258.0
"(np.float64(1.5), 140, 320, np.float64(0.8), 5)",houghCircleAlt,0.5520833333333334,27916702.99375,28371891.5
"(np.float64(1.5), 140, 320, np.float64(0.8), 10)",houghCircleAlt,0.6083333333333333,27181311.791666668,27717338.5
"(np.float64(1.5), 140, 320, np.float64(0.8), 15)",houghCircleAlt,0.7229166666666667,25399960.241666667,25682079.5
"(np.float64(1.5), 140, 320, np.float64(0.8500000000000001), 5)",houghCircleAlt,0.66875,28392117.414583333,29314651.0
"(np.float64(1.5), 140, 320, np.float64(0.8500000000000001), 10)",houghCircleAlt,0.7479166666666667,25685718.908333335,26226582.0
"(np.float64(1.5), 140, 320, np.float64(0.8500000000000001), 15)",houghCircleAlt,0.8520833333333333,25797719.879166666,26512679.0
"(np.float64(1.5), 140, 320, np.float64(0.9000000000000001), 5)",houghCircleAlt,0.78125,28813597.48125,29571337.0
"(np.float64(1.5), 140, 320, np.float64(0.9000000000000001), 10)",houghCircleAlt,0.8479166666666667,25838133.20625,26871576.5
"(np.float64(1.5), 140, 320, np.float64(0.9000000000000001), 15)",houghCircleAlt,0.9291666666666667,27602876.479166668,28120806.0
"(np.float64(1.5), 140, 330, np.float64(0.7), 5)",houghCircleAlt,0.32708333333333334,27712313.639583334,28548234.0
"(np.float64(1.5), 140, 330, np.float64(0.7), 10)",houghCircleAlt,0.375,26743919.252083335,27514919.5
"(np.float64(1.5), 140, 330, np.float64(0.7), 15)",houghCircleAlt,0.44583333333333336,25036240.597916666,25561189.5
"(np.float64(1.5), 140, 330, np.float64(0.75), 5)",houghCircleAlt,0.41875,27715638.795833334,28546494.5
"(np.float64(1.5), 140, 330, np.float64(0.75), 10)",houghCircleAlt,0.45625,25543189.645833332,26533718.5
"(np.float64(1.5), 140, 330, np.float64(0.75), 15)",houghCircleAlt,0.5791666666666667,26088855.3375,26428708.5
"(np.float64(1.5), 140, 330, np.float64(0.8), 5)",houghCircleAlt,0.55,27626399.602083333,28429374.5
"(np.float64(1.5), 140, 330, np.float64(0.8), 10)",houghCircleAlt,0.6020833333333333,27483821.65,28189248.5
"(np.float64(1.5), 140, 330, np.float64(0.8), 15)",houghCircleAlt,0.725,24694443.9875,24967290.0
"(np.float64(1.5), 140, 330, np.float64(0.8500000000000001), 5)",houghCircleAlt,0.6645833333333333,26500416.710416667,27441491.0
"(np.float64(1.5), 140, 330, np.float64(0.8500000000000001), 10)",houghCircleAlt,0.75,26619619.91875,27241075.0
"(np.float64(1.5), 140, 330, np.float64(0.8500000000000001), 15)",houghCircleAlt,0.85625,25372253.185416665,26039081.0
"(np.float64(1.5), 140, 330, np.float64(0.9000000000000001), 5)",houghCircleAlt,0.775,27113377.372916665,27833937.0
"(np.float64(1.5), 140, 330, np.float64(0.9000000000000001), 10)",houghCircleAlt,0.8458333333333333,25305575.860416666,26119676.5
"(np.float64(1.5), 140, 330, np.float64(0.9000000000000001), 15)",houghCircleAlt,0.9291666666666667,25793125.189583335,26175502.0
"(np.float64(1.5), 140, 340, np.float64(0.7), 5)",houghCircleAlt,0.32708333333333334,27754564.845833335,28448897.0
"(np.float64(1.5), 140, 340, np.float64(0.7), 10)",houghCircleAlt,0.37916666666666665,26296328.56875,26888007.5
"(np.float64(1.5), 140, 340, np.float64(0.7), 15)",houghCircleAlt,0.4479166666666667,26929683.35625,27184880.0
"(np.float64(1.5), 140, 340, np.float64(0.75), 5)",houghCircleAlt,0.41458333333333336,28007984.13125,28997254.5
"(np.float64(1.5), 140, 340, np.float64(0.75), 10)",houghCircleAlt,0.4583333333333333,28013007.929166667,28686892.5
"(np.float64(1.5), 140, 340, np.float64(0.75), 15)",houghCircleAlt,0.575,25317709.197916668,25716550.5
"(np.float64(1.5), 140, 340, np.float64(0.8), 5)",houghCircleAlt,0.5458333333333333,27183527.866666667,27885730.0
"(np.float64(1.5), 140, 340, np.float64(0.8), 10)",houghCircleAlt,0.6020833333333333,26058970.00625,26471161.5
"(np.float64(1.5), 140, 340, np.float64(0.8), 15)",houghCircleAlt,0.7333333333333333,23933782.360416666,24404195.0
"(np.float64(1.5), 140, 340, np.float64(0.8500000000000001), 5)",houghCircleAlt,0.6708333333333333,27000004.104166668,27846427.0
"(np.float64(1.5), 140, 340, np.float64(0.8500000000000001), 10)",houghCircleAlt,0.7479166666666667,26931613.63125,27459947.5
"(np.float64(1.5), 140, 340, np.float64(0.8500000000000001), 15)",houghCircleAlt,0.8604166666666667,25115089.2125,25570581.5
"(np.float64(1.5), 140, 340, np.float64(0.9000000000000001), 5)",houghCircleAlt,0.7729166666666667,29084956.833333332,29769921.5
"(np.float64(1.5), 140, 340, np.float64(0.9000000000000001), 10)",houghCircleAlt,0.8458333333333333,27122310.804166667,27604861.0
"(np.float64(1.5), 140, 340, np.float64(0.9000000000000001), 15)",houghCircleAlt,0.9291666666666667,25349178.529166665,25706130.5
"(np.float64(1.5), 140, 350, np.float64(0.7), 5)",houghCircleAlt,0.325,29252186.20625,30014084.0
"(np.float64(1.5), 140, 350, np.float64(0.7), 10)",houghCircleAlt,0.37916666666666665,26271689.354166668,26996121.0
"(np.float64(1.5), 140, 350, np.float64(0.7), 15)",houghCircleAlt,0.44375,23874603.402083334,24400100.5
"(np.float64(1.5), 140, 350, np.float64(0.75), 5)",houghCircleAlt,0.4166666666666667,26681272.7875,27393481.0
"(np.float64(1.5), 140, 350, np.float64(0.75), 10)",houghCircleAlt,0.4666666666666667,26286719.870833334,26741774.0
"(np.float64(1.5), 140, 350, np.float64(0.75), 15)",houghCircleAlt,0.575,25733707.010416668,26024878.5
"(np.float64(1.5), 140, 350, np.float64(0.8), 5)",houghCircleAlt,0.54375,27215969.054166667,28051109.5
"(np.float64(1.5), 140, 350, np.float64(0.8), 10)",houghCircleAlt,0.6041666666666666,26367546.858333334,26781384.0
"(np.float64(1.5), 140, 350, np.float64(0.8), 15)",houghCircleAlt,0.74375,27153440.802083332,27525665.0
"(np.float64(1.5), 140, 350, np.float64(0.8500000000000001), 5)",houghCircleAlt,0.6604166666666667,27956280.875,28534557.5
"(np.float64(1.5), 140, 350, np.float64(0.8500000000000001), 10)",houghCircleAlt,0.7458333333333333,25035326.322916668,25804050.0
"(np.float64(1.5), 140, 350, np.float64(0.8500000000000001), 15)",houghCircleAlt,0.8604166666666667,25420466.7125,25749828.0
"(np.float64(1.5), 140, 350, np.float64(0.9000000000000001), 5)",houghCircleAlt,0.775,28727261.15,29448182.5
"(np.float64(1.5), 140, 350, np.float64(0.9000000000000001), 10)",houghCircleAlt,0.8458333333333333,25785605.358333334,26343151.5
"(np.float64(1.5), 140, 350, np.float64(0.9000000000000001), 15)",houghCircleAlt,0.9270833333333334,25380883.85,25900189.5
"(np.float64(1.5), 140, 360, np.float64(0.7), 5)",houghCircleAlt,0.325,27375475.83125,27911012.5
"(np.float64(1.5), 140, 360, np.float64(0.7), 10)",houghCircleAlt,0.37083333333333335,25969113.15,26572366.0
"(np.float64(1.5), 140, 360, np.float64(0.7), 15)",houghCircleAlt,0.4375,25112929.633333333,25378408.5
"(np.float64(1.5), 140, 360, np.float64(0.75), 5)",houghCircleAlt,0.41875,28710142.06875,29326818.5
"(np.float64(1.5), 140, 360, np.float64(0.75), 10)",houghCircleAlt,0.4625,24890072.65625,25314902.0
"(np.float64(1.5), 140, 360, np.float64(0.75), 15)",houghCircleAlt,0.5666666666666667,25930214.2125,26101073.0
"(np.float64(1.5), 140, 360, np.float64(0.8), 5)",houghCircleAlt,0.55,26740459.110416666,27643460.5
"(np.float64(1.5), 140, 360, np.float64(0.8), 10)",houghCircleAlt,0.6020833333333333,25493479.770833332,26180751.5
"(np.float64(1.5), 140, 360, np.float64(0.8), 15)",houghCircleAlt,0.7395833333333334,26862222.685416665,27457672.0
"(np.float64(1.5), 140, 360, np.float64(0.8500000000000001), 5)",houghCircleAlt,0.6666666666666666,27334894.770833332,28167089.0
"(np.float64(1.5), 140, 360, np.float64(0.8500000000000001), 10)",houghCircleAlt,0.7416666666666667,26690666.304166667,27016860.5
"(np.float64(1.5), 140, 360, np.float64(0.8500000000000001), 15)",houghCircleAlt,0.85625,24958302.6375,25302364.0
"(np.float64(1.5), 140, 360, np.float64(0.9000000000000001), 5)",houghCircleAlt,0.7708333333333334,26933781.177083332,27487697.5
"(np.float64(1.5), 140, 360, np.float64(0.9000000000000001), 10)",houghCircleAlt,0.8416666666666667,25152844.43125,25773437.0
"(np.float64(1.5), 140, 360, np.float64(0.9000000000000001), 15)",houghCircleAlt,0.9208333333333333,25882353.714583334,26379744.5
"(np.float64(1.5), 140, 370, np.float64(0.7), 5)",houghCircleAlt,0.32708333333333334,28510253.975,29046668.0
"(np.float64(1.5), 140, 370, np.float64(0.7), 10)",houghCircleAlt,0.37916666666666665,26005624.6375,26540947.0
"(np.float64(1.5), 140, 370, np.float64(0.7), 15)",houghCircleAlt,0.4479166666666667,24451529.7125,24851632.5
"(np.float64(1.5), 140, 370, np.float64(0.75), 5)",houghCircleAlt,0.41458333333333336,28244052.039583333,28770885.0
"(np.float64(1.5), 140, 370, np.float64(0.75), 10)",houghCircleAlt,0.46875,26483546.56875,27047858.0
"(np.float64(1.5), 140, 370, np.float64(0.75), 15)",houghCircleAlt,0.5666666666666667,25257017.479166668,25416953.0
"(np.float64(1.5), 140, 370, np.float64(0.8), 5)",houghCircleAlt,0.54375,26359197.85,26889431.0
"(np.float64(1.5), 140, 370, np.float64(0.8), 10)",houghCircleAlt,0.6104166666666667,26117538.477083333,26627545.0
"(np.float64(1.5), 140, 370, np.float64(0.8), 15)",houghCircleAlt,0.725,23750212.947916668,24052765.5
"(np.float64(1.5), 140, 370, np.float64(0.8500000000000001), 5)",houghCircleAlt,0.6625,27580804.520833332,28005534.0
"(np.float64(1.5), 140, 370, np.float64(0.8500000000000001), 10)",houghCircleAlt,0.7354166666666667,25450703.1125,25882608.0
"(np.float64(1.5), 140, 370, np.float64(0.8500000000000001), 15)",houghCircleAlt,0.8583333333333333,25061961.420833334,25642616.0
"(np.float64(1.5), 140, 370, np.float64(0.9000000000000001), 5)",houghCircleAlt,0.7708333333333334,28609281.14375,29288371.0
"(np.float64(1.5), 140, 370, np.float64(0.9000000000000001), 10)",houghCircleAlt,0.8375,26447548.96875,26861498.0
"(np.float64(1.5), 140, 370, np.float64(0.9000000000000001), 15)",houghCircleAlt,0.91875,26589772.470833335,27077343.0
"(np.float64(1.5), 140, 380, np.float64(0.7), 5)",houghCircleAlt,0.31666666666666665,26913569.525,27341032.0
"(np.float64(1.5), 140, 380, np.float64(0.7), 10)",houghCircleAlt,0.38333333333333336,25448448.995833334,25711225.0
"(np.float64(1.5), 140, 380, np.float64(0.7), 15)",houghCircleAlt,0.45,23430147.033333335,23846778.5
"(np.float64(1.5), 140, 380, np.float64(0.75), 5)",houghCircleAlt,0.41041666666666665,26513808.116666667,26843003.5
"(np.float64(1.5), 140, 380, np.float64(0.75), 10)",houghCircleAlt,0.47708333333333336,25800282.172916666,26325718.0
"(np.float64(1.5), 140, 380, np.float64(0.75), 15)",houghCircleAlt,0.5791666666666667,24283842.210416667,24536447.0
"(np.float64(1.5), 140, 380, np.float64(0.8), 5)",houghCircleAlt,0.5520833333333334,27469534.595833335,27986431.0
"(np.float64(1.5), 140, 380, np.float64(0.8), 10)",houghCircleAlt,0.6083333333333333,27502080.129166666,27707487.0
"(np.float64(1.5), 140, 380, np.float64(0.8), 15)",houghCircleAlt,0.7333333333333333,25039761.314583335,25141947.0
"(np.float64(1.5), 140, 380, np.float64(0.8500000000000001), 5)",houghCircleAlt,0.66875,28293703.641666666,28791721.0
"(np.float64(1.5), 140, 380, np.float64(0.8500000000000001), 10)",houghCircleAlt,0.74375,26345161.395833332,26600154.0
"(np.float64(1.5), 140, 380, np.float64(0.8500000000000001), 15)",houghCircleAlt,0.8625,24908425.995833334,25057689.5
"(np.float64(1.5), 140, 380, np.float64(0.9000000000000001), 5)",houghCircleAlt,0.775,25386985.691666666,25802612.5
"(np.float64(1.5), 140, 380, np.float64(0.9000000000000001), 10)",houghCircleAlt,0.8375,25768076.38125,25914231.0
"(np.float64(1.5), 140, 380, np.float64(0.9000000000000001), 15)",houghCircleAlt,0.91875,24241040.15,24563459.5
"(np.float64(1.5), 140, 390, np.float64(0.7), 5)",houghCircleAlt,0.3145833333333333,26214988.847916666,26815932.0
"(np.float64(1.5), 140, 390, np.float64(0.7), 10)",houghCircleAlt,0.38333333333333336,26540310.975,27070823.0
"(np.float64(1.5), 140, 390, np.float64(0.7), 15)",houghCircleAlt,0.46458333333333335,25158662.539583333,25277752.0
"(np.float64(1.5), 140, 390, np.float64(0.75), 5)",houghCircleAlt,0.40625,27616780.16875,27894951.5
"(np.float64(1.5), 140, 390, np.float64(0.75), 10)",houghCircleAlt,0.4625,27598398.647916667,28015418.0
"(np.float64(1.5), 140, 390, np.float64(0.75), 15)",houghCircleAlt,0.5916666666666667,24682486.777083334,24782523.5
"(np.float64(1.5), 140, 390, np.float64(0.8), 5)",houghCircleAlt,0.5583333333333333,26931888.789583333,27409081.0
"(np.float64(1.5), 140, 390, np.float64(0.8), 10)",houghCircleAlt,0.6104166666666667,24384056.65,25065740.5
"(np.float64(1.5), 140, 390, np.float64(0.8), 15)",houghCircleAlt,0.7375,24103396.347916666,24478072.0
"(np.float64(1.5), 140, 390, np.float64(0.8500000000000001), 5)",houghCircleAlt,0.6770833333333334,26345328.772916667,26499544.5
"(np.float64(1.5), 140, 390, np.float64(0.8500000000000001), 10)",houghCircleAlt,0.7395833333333334,25834464.7625,26114461.5
"(np.float64(1.5), 140, 390, np.float64(0.8500000000000001), 15)",houghCircleAlt,0.8604166666666667,25185545.86875,25407776.5
"(np.float64(1.5), 140, 390, np.float64(0.9000000000000001), 5)",houghCircleAlt,0.76875,26684238.670833334,27272959.0
"(np.float64(1.5), 140, 390, np.float64(0.9000000000000001), 10)",houghCircleAlt,0.8416666666666667,26323518.977083333,26685758.5
"(np.float64(1.5), 140, 390, np.float64(0.9000000000000001), 15)",houghCircleAlt,0.91875,24270486.679166667,24374852.5
"(np.float64(1.5), 150, 300, np.float64(0.7), 5)",houghCircleAlt,0.3145833333333333,29478277.285416666,30350614.0
"(np.float64(1.5), 150, 300, np.float64(0.7), 10)",houghCircleAlt,0.39375,29509281.854166668,30427894.0
"(np.float64(1.5), 150, 300, np.float64(0.7), 15)",houghCircleAlt,0.45208333333333334,25356661.01875,26281365.0
"(np.float64(1.5), 150, 300, np.float64(0.75), 5)",houghCircleAlt,0.4083333333333333,28268467.245833334,29100168.5
"(np.float64(1.5), 150, 300, np.float64(0.75), 10)",houghCircleAlt,0.4708333333333333,27630097.65625,28627385.5
"(np.float64(1.5), 150, 300, np.float64(0.75), 15)",houghCircleAlt,0.5791666666666667,26518090.866666667,27009241.5
"(np.float64(1.5), 150, 300, np.float64(0.8), 5)",houghCircleAlt,0.5375,29317371.802083332,30415241.0
"(np.float64(1.5), 150, 300, np.float64(0.8), 10)",houghCircleAlt,0.6166666666666667,28067796.55625,28969804.0
"(np.float64(1.5), 150, 300, np.float64(0.8), 15)",houghCircleAlt,0.7375,26408042.060416665,26706298.0
"(np.float64(1.5), 150, 300, np.float64(0.8500000000000001), 5)",houghCircleAlt,0.6604166666666667,29382319.08125,30407149.5
"(np.float64(1.5), 150, 300, np.float64(0.8500000000000001), 10)",houghCircleAlt,0.7375,28027536.135416668,28732208.0
"(np.float64(1.5), 150, 300, np.float64(0.8500000000000001), 15)",houghCircleAlt,0.8604166666666667,24873791.358333334,25786306.5
"(np.float64(1.5), 150, 300, np.float64(0.9000000000000001), 5)",houghCircleAlt,0.775,27814152.860416666,28802294.5
"(np.float64(1.5), 150, 300, np.float64(0.9000000000000001), 10)",houghCircleAlt,0.85,27360147.652083334,28152465.5
"(np.float64(1.5), 150, 300, np.float64(0.9000000000000001), 15)",houghCircleAlt,0.9291666666666667,26460452.752083335,27280706.0
"(np.float64(1.5), 150, 310, np.float64(0.7), 5)",houghCircleAlt,0.31875,28604919.008333333,29546992.0
"(np.float64(1.5), 150, 310, np.float64(0.7), 10)",houghCircleAlt,0.38958333333333334,28044037.46875,28813244.5
"(np.float64(1.5), 150, 310, np.float64(0.7), 15)",houghCircleAlt,0.44375,26038900.160416666,26610813.0
"(np.float64(1.5), 150, 310, np.float64(0.75), 5)",houghCircleAlt,0.4,28155680.091666665,29081971.0
"(np.float64(1.5), 150, 310, np.float64(0.75), 10)",houghCircleAlt,0.46458333333333335,28285152.185416665,28977839.0
"(np.float64(1.5), 150, 310, np.float64(0.75), 15)",houghCircleAlt,0.5729166666666666,24624749.939583335,25580679.5
"(np.float64(1.5), 150, 310, np.float64(0.8), 5)",houghCircleAlt,0.55,28658381.410416666,29736350.5
"(np.float64(1.5), 150, 310, np.float64(0.8), 10)",houghCircleAlt,0.61875,29026379.497916665,29887996.0
"(np.float64(1.5), 150, 310, np.float64(0.8), 15)",houghCircleAlt,0.7333333333333333,25743590.2875,26311611.5
"(np.float64(1.5), 150, 310, np.float64(0.8500000000000001), 5)",houghCircleAlt,0.66875,28271260.64375,29082840.0
"(np.float64(1.5), 150, 310, np.float64(0.8500000000000001), 10)",houghCircleAlt,0.74375,27547963.241666667,28353097.0
"(np.float64(1.5), 150, 310, np.float64(0.8500000000000001), 15)",houghCircleAlt,0.8604166666666667,26866401.10625,27421123.0
"(np.float64(1.5), 150, 310, np.float64(0.9000000000000001), 5)",houghCircleAlt,0.7791666666666667,28347249.885416668,29349210.0
"(np.float64(1.5), 150, 310, np.float64(0.9000000000000001), 10)",houghCircleAlt,0.8479166666666667,27185165.45,27973302.5
"(np.float64(1.5), 150, 310, np.float64(0.9000000000000001), 15)",houghCircleAlt,0.93125,24704199.272916667,25315758.0
"(np.float64(1.5), 150, 320, np.float64(0.7), 5)",houghCircleAlt,0.3333333333333333,29087398.829166666,29885942.5
"(np.float64(1.5), 150, 320, np.float64(0.7), 10)",houghCircleAlt,0.39375,27595000.31875,28207012.0
"(np.float64(1.5), 150, 320, np.float64(0.7), 15)",houghCircleAlt,0.45,26076055.502083335,26472782.5
"(np.float64(1.5), 150, 320, np.float64(0.75), 5)",houghCircleAlt,0.41458333333333336,27603391.06875,28472020.5
"(np.float64(1.5), 150, 320, np.float64(0.75), 10)",houghCircleAlt,0.46875,27210146.772916667,28010287.0
"(np.float64(1.5), 150, 320, np.float64(0.75), 15)",houghCircleAlt,0.5770833333333333,25954173.422916666,26649330.5
"(np.float64(1.5), 150, 320, np.float64(0.8), 5)",houghCircleAlt,0.5583333333333333,28747052.585416667,29405926.5
"(np.float64(1.5), 150, 320, np.float64(0.8), 10)",houghCircleAlt,0.6145833333333334,27131181.11875,27695202.0
"(np.float64(1.5), 150, 320, np.float64(0.8), 15)",houghCircleAlt,0.7354166666666667,24622299.33125,25505700.0
"(np.float64(1.5), 150, 320, np.float64(0.8500000000000001), 5)",houghCircleAlt,0.6729166666666667,27709285.9875,28523711.5
"(np.float64(1.5), 150, 320, np.float64(0.8500000000000001), 10)",houghCircleAlt,0.7520833333333333,28104455.520833332,28851867.0
"(np.float64(1.5), 150, 320, np.float64(0.8500000000000001), 15)",houghCircleAlt,0.85625,27616651.952083334,28374190.5
"(np.float64(1.5), 150, 320, np.float64(0.9000000000000001), 5)",houghCircleAlt,0.7833333333333333,28477292.410416666,29228509.0
"(np.float64(1.5), 150, 320, np.float64(0.9000000000000001), 10)",houghCircleAlt,0.85,26793841.89375,27689813.5
"(np.float64(1.5), 150, 320, np.float64(0.9000000000000001), 15)",houghCircleAlt,0.93125,25909200.870833334,26584168.0
"(np.float64(1.5), 150, 330, np.float64(0.7), 5)",houghCircleAlt,0.33125,27831484.9,28589932.0
"(np.float64(1.5), 150, 330, np.float64(0.7), 10)",houghCircleAlt,0.3854166666666667,25545212.472916666,26287686.5
"(np.float64(1.5), 150, 330, np.float64(0.7), 15)",houghCircleAlt,0.4625,26554375.929166667,26998947.5
"(np.float64(1.5), 150, 330, np.float64(0.75), 5)",houghCircleAlt,0.42291666666666666,27869787.983333334,28695008.0
"(np.float64(1.5), 150, 330, np.float64(0.75), 10)",houghCircleAlt,0.4666666666666667,26784964.239583332,27495837.5
"(np.float64(1.5), 150, 330, np.float64(0.75), 15)",houghCircleAlt,0.5895833333333333,27123098.55,27695242.0
"(np.float64(1.5), 150, 330, np.float64(0.8), 5)",houghCircleAlt,0.55625,29586685.772916667,30373527.5
"(np.float64(1.5), 150, 330, np.float64(0.8), 10)",houghCircleAlt,0.6125,27398190.770833332,28172117.0
"(np.float64(1.5), 150, 330, np.float64(0.8), 15)",houghCircleAlt,0.7354166666666667,25350825.327083334,25840082.5
"(np.float64(1.5), 150, 330, np.float64(0.8500000000000001), 5)",houghCircleAlt,0.66875,27888796.054166667,28894516.5
"(np.float64(1.5), 150, 330, np.float64(0.8500000000000001), 10)",houghCircleAlt,0.75625,27178093.84375,27775052.0
"(np.float64(1.5), 150, 330, np.float64(0.8500000000000001), 15)",houghCircleAlt,0.8604166666666667,24566246.3,25165341.5
"(np.float64(1.5), 150, 330, np.float64(0.9000000000000001), 5)",houghCircleAlt,0.7770833333333333,28529526.264583334,29081900.5
"(np.float64(1.5), 150, 330, np.float64(0.9000000000000001), 10)",houghCircleAlt,0.85,27112494.577083334,27871172.5
"(np.float64(1.5), 150, 330, np.float64(0.9000000000000001), 15)",houghCircleAlt,0.93125,25459171.414583333,25995253.0
"(np.float64(1.5), 150, 340, np.float64(0.7), 5)",houghCircleAlt,0.32916666666666666,28737336.077083334,29487800.0
"(np.float64(1.5), 150, 340, np.float64(0.7), 10)",houghCircleAlt,0.3875,27099041.7125,27616165.0
"(np.float64(1.5), 150, 340, np.float64(0.7), 15)",houghCircleAlt,0.46458333333333335,27080350.2375,27382065.5
"(np.float64(1.5), 150, 340, np.float64(0.75), 5)",houghCircleAlt,0.42083333333333334,27171765.897916667,27766170.5
"(np.float64(1.5), 150, 340, np.float64(0.75), 10)",houghCircleAlt,0.4666666666666667,26841494.989583332,27692341.0
"(np.float64(1.5), 150, 340, np.float64(0.75), 15)",houghCircleAlt,0.5916666666666667,25537899.341666665,25670347.0
"(np.float64(1.5), 150, 340, np.float64(0.8), 5)",houghCircleAlt,0.5520833333333334,26314711.729166668,27274830.0
"(np.float64(1.5), 150, 340, np.float64(0.8), 10)",houghCircleAlt,0.6104166666666667,27614803.570833333,27941859.5
"(np.float64(1.5), 150, 340, np.float64(0.8), 15)",houghCircleAlt,0.74375,25919707.504166666,26266280.5
"(np.float64(1.5), 150, 340, np.float64(0.8500000000000001), 5)",houghCircleAlt,0.6770833333333334,27559680.910416666,28173601.0
"(np.float64(1.5), 150, 340, np.float64(0.8500000000000001), 10)",houghCircleAlt,0.7541666666666667,27999009.39375,28625252.5
"(np.float64(1.5), 150, 340, np.float64(0.8500000000000001), 15)",houghCircleAlt,0.8645833333333334,26039583.758333333,26233194.0
"(np.float64(1.5), 150, 340, np.float64(0.9000000000000001), 5)",houghCircleAlt,0.7791666666666667,29939754.772916667,30571468.5
"(np.float64(1.5), 150, 340, np.float64(0.9000000000000001), 10)",houghCircleAlt,0.8479166666666667,26440811.985416666,26791666.5
"(np.float64(1.5), 150, 340, np.float64(0.9000000000000001), 15)",houghCircleAlt,0.93125,25607192.829166666,26103223.0
"(np.float64(1.5), 150, 350, np.float64(0.7), 5)",houghCircleAlt,0.325,27242219.577083334,28024180.5
"(np.float64(1.5), 150, 350, np.float64(0.7), 10)",houghCircleAlt,0.38958333333333334,25399014.402083334,26131919.5
"(np.float64(1.5), 150, 350, np.float64(0.7), 15)",houghCircleAlt,0.4625,25829040.239583332,26148300.5
"(np.float64(1.5), 150, 350, np.float64(0.75), 5)",houghCircleAlt,0.42083333333333334,28269482.902083334,28868593.5
"(np.float64(1.5), 150, 350, np.float64(0.75), 10)",houghCircleAlt,0.47708333333333336,26587622.097916666,27244276.0
"(np.float64(1.5), 150, 350, np.float64(0.75), 15)",houghCircleAlt,0.5916666666666667,26394948.885416668,26637403.0
"(np.float64(1.5), 150, 350, np.float64(0.8), 5)",houghCircleAlt,0.55,27789931.379166666,28316062.0
"(np.float64(1.5), 150, 350, np.float64(0.8), 10)",houghCircleAlt,0.6145833333333334,26238906.083333332,26766150.0
"(np.float64(1.5), 150, 350, np.float64(0.8), 15)",houghCircleAlt,0.7541666666666667,27780964.416666668,28195106.0
"(np.float64(1.5), 150, 350, np.float64(0.8500000000000001), 5)",houghCircleAlt,0.66875,27455222.195833333,28192505.0
"(np.float64(1.5), 150, 350, np.float64(0.8500000000000001), 10)",houghCircleAlt,0.7520833333333333,25243330.7375,26125196.0
"(np.float64(1.5), 150, 350, np.float64(0.8500000000000001), 15)",houghCircleAlt,0.8666666666666667,25339916.227083333,25999797.0
"(np.float64(1.5), 150, 350, np.float64(0.9000000000000001), 5)",houghCircleAlt,0.78125,27488506.633333333,28209457.5
"(np.float64(1.5), 150, 350, np.float64(0.9000000000000001), 10)",houghCircleAlt,0.8479166666666667,26584610.022916667,26922077.5
"(np.float64(1.5), 150, 350, np.float64(0.9000000000000001), 15)",houghCircleAlt,0.9291666666666667,26292568.627083335,26961516.0
"(np.float64(1.5), 150, 360, np.float64(0.7), 5)",houghCircleAlt,0.325,28166798.85625,28561587.5
"(np.float64(1.5), 150, 360, np.float64(0.7), 10)",houghCircleAlt,0.38333333333333336,26229915.079166666,26561530.0
"(np.float64(1.5), 150, 360, np.float64(0.7), 15)",houghCircleAlt,0.45416666666666666,25700431.71875,25761730.0
"(np.float64(1.5), 150, 360, np.float64(0.75), 5)",houghCircleAlt,0.42083333333333334,28872826.083333332,29852144.5
"(np.float64(1.5), 150, 360, np.float64(0.75), 10)",houghCircleAlt,0.47708333333333336,26465801.864583332,26939735.5
"(np.float64(1.5), 150, 360, np.float64(0.75), 15)",houghCircleAlt,0.5875,24034929.822916668,24442214.5
"(np.float64(1.5), 150, 360, np.float64(0.8), 5)",houghCircleAlt,0.55625,27200728.741666667,27885044.0
"(np.float64(1.5), 150, 360, np.float64(0.8), 10)",houghCircleAlt,0.6104166666666667,26775048.7,27258718.5
"(np.float64(1.5), 150, 360, np.float64(0.8), 15)",houghCircleAlt,0.7520833333333333,25238945.054166667,25608176.5
"(np.float64(1.5), 150, 360, np.float64(0.8500000000000001), 5)",houghCircleAlt,0.6729166666666667,27963976.520833332,28437765.0
"(np.float64(1.5), 150, 360, np.float64(0.8500000000000001), 10)",houghCircleAlt,0.7458333333333333,26849901.05625,27277444.0
"(np.float64(1.5), 150, 360, np.float64(0.8500000000000001), 15)",houghCircleAlt,0.8625,24870194.4625,25063290.5
"(np.float64(1.5), 150, 360, np.float64(0.9000000000000001), 5)",houghCircleAlt,0.7770833333333333,28155789.141666666,28868513.5
"(np.float64(1.5), 150, 360, np.float64(0.9000000000000001), 10)",houghCircleAlt,0.8416666666666667,25203796.7375,25707073.5
"(np.float64(1.5), 150, 360, np.float64(0.9000000000000001), 15)",houghCircleAlt,0.9229166666666667,25537201.845833335,25861516.5
"(np.float64(1.5), 150, 370, np.float64(0.7), 5)",houghCircleAlt,0.32916666666666666,27155026.04375,27911538.0
"(np.float64(1.5), 150, 370, np.float64(0.7), 10)",houghCircleAlt,0.39375,28383225.970833335,29437421.0
"(np.float64(1.5), 150, 370, np.float64(0.7), 15)",houghCircleAlt,0.46458333333333335,25687830.166666668,26049404.5
"(np.float64(1.5), 150, 370, np.float64(0.75), 5)",houghCircleAlt,0.4166666666666667,27046541.985416666,27305464.5
"(np.float64(1.5), 150, 370, np.float64(0.75), 10)",houghCircleAlt,0.48541666666666666,27102205.347916666,27692473.0
"(np.float64(1.5), 150, 370, np.float64(0.75), 15)",houghCircleAlt,0.5895833333333333,24802855.660416666,25302949.5
"(np.float64(1.5), 150, 370, np.float64(0.8), 5)",houghCircleAlt,0.55,27624758.0125,28144616.5
"(np.float64(1.5), 150, 370, np.float64(0.8), 10)",houghCircleAlt,0.6208333333333333,25182686.908333335,25538009.5
"(np.float64(1.5), 150, 370, np.float64(0.8), 15)",houghCircleAlt,0.7375,26181462.352083333,26591942.0
"(np.float64(1.5), 150, 370, np.float64(0.8500000000000001), 5)",houghCircleAlt,0.66875,27084564.314583335,27850690.0
"(np.float64(1.5), 150, 370, np.float64(0.8500000000000001), 10)",houghCircleAlt,0.7416666666666667,26349191.652083334,26923295.5
"(np.float64(1.5), 150, 370, np.float64(0.8500000000000001), 15)",houghCircleAlt,0.8645833333333334,26973331.295833334,27666883.5
"(np.float64(1.5), 150, 370, np.float64(0.9000000000000001), 5)",houghCircleAlt,0.7770833333333333,26960906.575,27377125.5
"(np.float64(1.5), 150, 370, np.float64(0.9000000000000001), 10)",houghCircleAlt,0.8395833333333333,26239433.633333333,26786844.0
"(np.float64(1.5), 150, 370, np.float64(0.9000000000000001), 15)",houghCircleAlt,0.9208333333333333,26032216.989583332,26460782.0
"(np.float64(1.5), 150, 380, np.float64(0.7), 5)",houghCircleAlt,0.32083333333333336,26389923.25625,26856808.5
"(np.float64(1.5), 150, 380, np.float64(0.7), 10)",houghCircleAlt,0.4,24789486.054166667,25264266.5
"(np.float64(1.5), 150, 380, np.float64(0.7), 15)",houghCircleAlt,0.4708333333333333,25610770.110416666,25911360.5
"(np.float64(1.5), 150, 380, np.float64(0.75), 5)",houghCircleAlt,0.41041666666666665,27923984.5125,28500876.5
"(np.float64(1.5), 150, 380, np.float64(0.75), 10)",houghCircleAlt,0.4895833333333333,26340414.908333335,26961516.5
"(np.float64(1.5), 150, 380, np.float64(0.75), 15)",houghCircleAlt,0.5979166666666667,24944541.935416665,25381070.5
"(np.float64(1.5), 150, 380, np.float64(0.8), 5)",houghCircleAlt,0.5541666666666667,28482753.44375,28955792.5
"(np.float64(1.5), 150, 380, np.float64(0.8), 10)",houghCircleAlt,0.6166666666666667,26085753.40625,26356511.0
"(np.float64(1.5), 150, 380, np.float64(0.8), 15)",houghCircleAlt,0.7458333333333333,25138418.5625,25158584.0
"(np.float64(1.5), 150, 380, np.float64(0.8500000000000001), 5)",houghCircleAlt,0.6770833333333334,27721388.677083332,28337325.5
"(np.float64(1.5), 150, 380, np.float64(0.8500000000000001), 10)",houghCircleAlt,0.7479166666666667,25543429.520833332,26253723.0
"(np.float64(1.5), 150, 380, np.float64(0.8500000000000001), 15)",houghCircleAlt,0.86875,23798170.208333332,24029690.5
"(np.float64(1.5), 150, 380, np.float64(0.9000000000000001), 5)",houghCircleAlt,0.7791666666666667,27436623.485416666,27868642.0
"(np.float64(1.5), 150, 380, np.float64(0.9000000000000001), 10)",houghCircleAlt,0.8395833333333333,27168037.177083332,27680010.0
"(np.float64(1.5), 150, 380, np.float64(0.9000000000000001), 15)",houghCircleAlt,0.9208333333333333,25164142.002083335,25490881.0
"(np.float64(1.5), 150, 390, np.float64(0.7), 5)",houghCircleAlt,0.3229166666666667,26620638.05625,27312685.0
"(np.float64(1.5), 150, 390, np.float64(0.7), 10)",houghCircleAlt,0.39791666666666664,28400586.960416667,29087184.5
"(np.float64(1.5), 150, 390, np.float64(0.7), 15)",houghCircleAlt,0.4875,24890467.83125,24927603.5
"(np.float64(1.5), 150, 390, np.float64(0.75), 5)",houghCircleAlt,0.40625,26427829.270833332,26946259.5
"(np.float64(1.5), 150, 390, np.float64(0.75), 10)",houghCircleAlt,0.4791666666666667,26810802.41875,27029542.5
"(np.float64(1.5), 150, 390, np.float64(0.75), 15)",houghCircleAlt,0.6125,24806321.554166667,25185158.5
"(np.float64(1.5), 150, 390, np.float64(0.8), 5)",houghCircleAlt,0.5604166666666667,25479141.560416665,26110715.5
"(np.float64(1.5), 150, 390, np.float64(0.8), 10)",houghCircleAlt,0.61875,26351468.666666668,26698657.0
"(np.float64(1.5), 150, 390, np.float64(0.8), 15)",houghCircleAlt,0.75,24930364.410416666,25116849.5
"(np.float64(1.5), 150, 390, np.float64(0.8500000000000001), 5)",houghCircleAlt,0.6854166666666667,27677523.647916667,28109178.0
"(np.float64(1.5), 150, 390, np.float64(0.8500000000000001), 10)",houghCircleAlt,0.74375,25941474.202083334,26414504.5
"(np.float64(1.5), 150, 390, np.float64(0.8500000000000001), 15)",houghCircleAlt,0.8666666666666667,24868663.291666668,24989656.5
"(np.float64(1.5), 150, 390, np.float64(0.9000000000000001), 5)",houghCircleAlt,0.7729166666666667,28942029.16875,29377573.5
"(np.float64(1.5), 150, 390, np.float64(0.9000000000000001), 10)",houghCircleAlt,0.8416666666666667,25501661.583333332,26009508.5
"(np.float64(1.5), 150, 390, np.float64(0.9000000000000001), 15)",houghCircleAlt,0.9208333333333333,25505241.729166668,25577724.5
"(np.float64(1.5), 160, 300, np.float64(0.7), 5)",houghCircleAlt,0.33125,28851499.85,29557916.5
"(np.float64(1.5), 160, 300, np.float64(0.7), 10)",houghCircleAlt,0.40625,26899934.1375,27903088.0
"(np.float64(1.5), 160, 300, np.float64(0.7), 15)",houghCircleAlt,0.4583333333333333,27376054.633333333,28107797.5
"(np.float64(1.5), 160, 300, np.float64(0.75), 5)",houghCircleAlt,0.4270833333333333,28922746.00625,29991315.5
"(np.float64(1.5), 160, 300, np.float64(0.75), 10)",houghCircleAlt,0.48541666666666666,28993000.68125,29949927.0
"(np.float64(1.5), 160, 300, np.float64(0.75), 15)",houghCircleAlt,0.5875,26671932.09375,27343684.0
"(np.float64(1.5), 160, 300, np.float64(0.8), 5)",houghCircleAlt,0.5520833333333334,28795846.204166666,29880407.5
"(np.float64(1.5), 160, 300, np.float64(0.8), 10)",houghCircleAlt,0.6270833333333333,28039367.839583334,29009854.0
"(np.float64(1.5), 160, 300, np.float64(0.8), 15)",houghCircleAlt,0.7458333333333333,27196549.28125,27402172.5
"(np.float64(1.5), 160, 300, np.float64(0.8500000000000001), 5)",houghCircleAlt,0.66875,29841699.860416666,30506411.5
"(np.float64(1.5), 160, 300, np.float64(0.8500000000000001), 10)",houghCircleAlt,0.74375,26860359.072916668,27711227.0
"(np.float64(1.5), 160, 300, np.float64(0.8500000000000001), 15)",houghCircleAlt,0.8666666666666667,26518361.425,27347201.0
"(np.float64(1.5), 160, 300, np.float64(0.9000000000000001), 5)",houghCircleAlt,0.7854166666666667,29519436,30506040.0
"(np.float64(1.5), 160, 300, np.float64(0.9000000000000001), 10)",houghCircleAlt,0.8541666666666666,28105188.122916665,29105343.5
"(np.float64(1.5), 160, 300, np.float64(0.9000000000000001), 15)",houghCircleAlt,0.93125,26660310.2625,27210177.5
"(np.float64(1.5), 160, 310, np.float64(0.7), 5)",houghCircleAlt,0.33541666666666664,29482557.922916666,30214717.0
"(np.float64(1.5), 160, 310, np.float64(0.7), 10)",houghCircleAlt,0.40208333333333335,27633694.227083333,28272493.0
"(np.float64(1.5), 160, 310, np.float64(0.7), 15)",houghCircleAlt,0.45208333333333334,26316052.620833334,26985457.5
"(np.float64(1.5), 160, 310, np.float64(0.75), 5)",houghCircleAlt,0.425,30100640.23125,30893297.0
"(np.float64(1.5), 160, 310, np.float64(0.75), 10)",houghCircleAlt,0.48125,28524181.091666665,29172815.0
"(np.float64(1.5), 160, 310, np.float64(0.75), 15)",houghCircleAlt,0.5833333333333334,25005331.6875,25663415.5
"(np.float64(1.5), 160, 310, np.float64(0.8), 5)",houghCircleAlt,0.5645833333333333,28215042.05625,28894418.0
"(np.float64(1.5), 160, 310, np.float64(0.8), 10)",houghCircleAlt,0.6270833333333333,28358054.508333333,28949370.0
"(np.float64(1.5), 160, 310, np.float64(0.8), 15)",houghCircleAlt,0.74375,26504373.197916668,27061597.0
"(np.float64(1.5), 160, 310, np.float64(0.8500000000000001), 5)",houghCircleAlt,0.6770833333333334,28929624.989583332,29774007.5
"(np.float64(1.5), 160, 310, np.float64(0.8500000000000001), 10)",houghCircleAlt,0.7520833333333333,28334422.077083334,29164489.0
"(np.float64(1.5), 160, 310, np.float64(0.8500000000000001), 15)",houghCircleAlt,0.8666666666666667,26675646.377083335,27242131.5
"(np.float64(1.5), 160, 310, np.float64(0.9000000000000001), 5)",houghCircleAlt,0.7875,28686943.8875,29724095.0
"(np.float64(1.5), 160, 310, np.float64(0.9000000000000001), 10)",houghCircleAlt,0.8541666666666666,29203613.452083334,30227739.5
"(np.float64(1.5), 160, 310, np.float64(0.9000000000000001), 15)",houghCircleAlt,0.9333333333333333,25297316.210416667,26072943.0
"(np.float64(1.5), 160, 320, np.float64(0.7), 5)",houghCircleAlt,0.35,29128418.95625,29961037.5
"(np.float64(1.5), 160, 320, np.float64(0.7), 10)",houghCircleAlt,0.4083333333333333,27085875.152083334,27662491.5
"(np.float64(1.5), 160, 320, np.float64(0.7), 15)",houghCircleAlt,0.46458333333333335,26214118.654166665,26696223.0
"(np.float64(1.5), 160, 320, np.float64(0.75), 5)",houghCircleAlt,0.43333333333333335,28738459.370833334,29516179.5
"(np.float64(1.5), 160, 320, np.float64(0.75), 10)",houghCircleAlt,0.48541666666666666,27953529.275,28650068.5
"(np.float64(1.5), 160, 320, np.float64(0.75), 15)",houghCircleAlt,0.59375,27086739.575,27505021.5
"(np.float64(1.5), 160, 320, np.float64(0.8), 5)",houghCircleAlt,0.56875,28351180.208333332,29250455.5
"(np.float64(1.5), 160, 320, np.float64(0.8), 10)",houghCircleAlt,0.6208333333333333,27282328.920833334,28089202.0
"(np.float64(1.5), 160, 320, np.float64(0.8), 15)",houghCircleAlt,0.7479166666666667,24967349.697916668,25450716.5
"(np.float64(1.5), 160, 320, np.float64(0.8500000000000001), 5)",houghCircleAlt,0.6833333333333333,30205472.21875,31136228.0
"(np.float64(1.5), 160, 320, np.float64(0.8500000000000001), 10)",houghCircleAlt,0.7604166666666666,27194794.1375,27966357.0
"(np.float64(1.5), 160, 320, np.float64(0.8500000000000001), 15)",houghCircleAlt,0.8666666666666667,27224192.677083332,27434678.0
"(np.float64(1.5), 160, 320, np.float64(0.9000000000000001), 5)",houghCircleAlt,0.7895833333333333,28609065.502083335,29618886.5
"(np.float64(1.5), 160, 320, np.float64(0.9000000000000001), 10)",houghCircleAlt,0.85625,27957259.3125,28574171.0
"(np.float64(1.5), 160, 320, np.float64(0.9000000000000001), 15)",houghCircleAlt,0.9333333333333333,26416695.129166666,27072089.5
"(np.float64(1.5), 160, 330, np.float64(0.7), 5)",houghCircleAlt,0.34375,29073898.210416667,29864071.0
"(np.float64(1.5), 160, 330, np.float64(0.7), 10)",houghCircleAlt,0.40208333333333335,27132563.58125,27853580.0
"(np.float64(1.5), 160, 330, np.float64(0.7), 15)",houghCircleAlt,0.47708333333333336,26076313.727083333,26454373.5
"(np.float64(1.5), 160, 330, np.float64(0.75), 5)",houghCircleAlt,0.4375,26849882.222916666,27666365.0
"(np.float64(1.5), 160, 330, np.float64(0.75), 10)",houghCircleAlt,0.48125,27002033.641666666,27348784.0
"(np.float64(1.5), 160, 330, np.float64(0.75), 15)",houghCircleAlt,0.6083333333333333,27682303.185416665,28076146.0
"(np.float64(1.5), 160, 330, np.float64(0.8), 5)",houghCircleAlt,0.5645833333333333,29006364.785416666,29647985.5
"(np.float64(1.5), 160, 330, np.float64(0.8), 10)",houghCircleAlt,0.6166666666666667,27334208.964583334,28011766.0
"(np.float64(1.5), 160, 330, np.float64(0.8), 15)",houghCircleAlt,0.75,26161841.1,26514873.0
"(np.float64(1.5), 160, 330, np.float64(0.8500000000000001), 5)",houghCircleAlt,0.6770833333333334,28603123.5625,29342529.0
"(np.float64(1.5), 160, 330, np.float64(0.8500000000000001), 10)",houghCircleAlt,0.7625,28144634.3625,28571212.0
"(np.float64(1.5), 160, 330, np.float64(0.8500000000000001), 15)",houghCircleAlt,0.8708333333333333,25977551.9875,26325612.0
"(np.float64(1.5), 160, 330, np.float64(0.9000000000000001), 5)",houghCircleAlt,0.7833333333333333,27924244.697916668,28833698.0
"(np.float64(1.5), 160, 330, np.float64(0.9000000000000001), 10)",houghCircleAlt,0.8541666666666666,26192836.170833334,26950700.5
"(np.float64(1.5), 160, 330, np.float64(0.9000000000000001), 15)",houghCircleAlt,0.9333333333333333,25836810.745833334,26362207.5
"(np.float64(1.5), 160, 340, np.float64(0.7), 5)",houghCircleAlt,0.34375,29989018.720833335,30912068.5
"(np.float64(1.5), 160, 340, np.float64(0.7), 10)",houghCircleAlt,0.40208333333333335,27927015.327083334,28357384.5
"(np.float64(1.5), 160, 340, np.float64(0.7), 15)",houghCircleAlt,0.4791666666666667,25929382.291666668,26375426.5
"(np.float64(1.5), 160, 340, np.float64(0.75), 5)",houghCircleAlt,0.4354166666666667,27931849.69375,28846813.0
"(np.float64(1.5), 160, 340, np.float64(0.75), 10)",houghCircleAlt,0.48541666666666666,27581853.2125,28150861.0
"(np.float64(1.5), 160, 340, np.float64(0.75), 15)",houghCircleAlt,0.6083333333333333,26075784.864583332,26541362.0
"(np.float64(1.5), 160, 340, np.float64(0.8), 5)",houghCircleAlt,0.5625,29002341.829166666,29536121.5
"(np.float64(1.5), 160, 340, np.float64(0.8), 10)",houghCircleAlt,0.6166666666666667,26794552.802083332,27348551.5
"(np.float64(1.5), 160, 340, np.float64(0.8), 15)",houghCircleAlt,0.7583333333333333,24823549.585416667,25227549.5
"(np.float64(1.5), 160, 340, np.float64(0.8500000000000001), 5)",houghCircleAlt,0.6854166666666667,27670618.0625,28325180.5
"(np.float64(1.5), 160, 340, np.float64(0.8500000000000001), 10)",houghCircleAlt,0.7604166666666666,27722924.479166668,27968820.5
"(np.float64(1.5), 160, 340, np.float64(0.8500000000000001), 15)",houghCircleAlt,0.875,28095877.802083332,29090139.5
"(np.float64(1.5), 160, 340, np.float64(0.9000000000000001), 5)",houghCircleAlt,0.7854166666666667,27975436.0125,29000201.0
"(np.float64(1.5), 160, 340, np.float64(0.9000000000000001), 10)",houghCircleAlt,0.8520833333333333,27313244.320833333,28056376.0
"(np.float64(1.5), 160, 340, np.float64(0.9000000000000001), 15)",houghCircleAlt,0.9333333333333333,26445384.745833334,26840520.0
"(np.float64(1.5), 160, 350, np.float64(0.7), 5)",houghCircleAlt,0.33958333333333335,27595223.810416665,28027687.0
"(np.float64(1.5), 160, 350, np.float64(0.7), 10)",houghCircleAlt,0.40625,25963662.379166666,26851919.5
"(np.float64(1.5), 160, 350, np.float64(0.7), 15)",houghCircleAlt,0.48125,25541757.46875,25800818.0
"(np.float64(1.5), 160, 350, np.float64(0.75), 5)",houghCircleAlt,0.4354166666666667,28535963.577083334,29365892.5
"(np.float64(1.5), 160, 350, np.float64(0.75), 10)",houghCircleAlt,0.4895833333333333,26508694.095833335,27139987.0
"(np.float64(1.5), 160, 350, np.float64(0.75), 15)",houghCircleAlt,0.6083333333333333,26728281.160416666,27065976.5
"(np.float64(1.5), 160, 350, np.float64(0.8), 5)",houghCircleAlt,0.5604166666666667,29458440.045833334,30326500.0
"(np.float64(1.5), 160, 350, np.float64(0.8), 10)",houghCircleAlt,0.6166666666666667,27107047.36875,27752179.0
"(np.float64(1.5), 160, 350, np.float64(0.8), 15)",houghCircleAlt,0.76875,25981105.2875,26496883.5
"(np.float64(1.5), 160, 350, np.float64(0.8500000000000001), 5)",houghCircleAlt,0.675,28253924.435416665,28742512.5
"(np.float64(1.5), 160, 350, np.float64(0.8500000000000001), 10)",houghCircleAlt,0.7604166666666666,25650621.683333334,26541017.5
"(np.float64(1.5), 160, 350, np.float64(0.8500000000000001), 15)",houghCircleAlt,0.8770833333333333,25800463.0625,26244120.5
"(np.float64(1.5), 160, 350, np.float64(0.9000000000000001), 5)",houghCircleAlt,0.7854166666666667,27143138.09375,27909149.5
"(np.float64(1.5), 160, 350, np.float64(0.9000000000000001), 10)",houghCircleAlt,0.8479166666666667,27993196.639583334,28806652.5
"(np.float64(1.5), 160, 350, np.float64(0.9000000000000001), 15)",houghCircleAlt,0.93125,25524036.71875,25752959.5
"(np.float64(1.5), 160, 360, np.float64(0.7), 5)",houghCircleAlt,0.3375,28340294.9625,28915426.5
"(np.float64(1.5), 160, 360, np.float64(0.7), 10)",houghCircleAlt,0.40208333333333335,28542894.116666667,28956149.5
"(np.float64(1.5), 160, 360, np.float64(0.7), 15)",houghCircleAlt,0.47291666666666665,25848979.841666665,26326816.0
"(np.float64(1.5), 160, 360, np.float64(0.75), 5)",houghCircleAlt,0.43333333333333335,27491181.804166667,28224084.5
"(np.float64(1.5), 160, 360, np.float64(0.75), 10)",houghCircleAlt,0.4979166666666667,25385859.5625,26084320.5
"(np.float64(1.5), 160, 360, np.float64(0.75), 15)",houghCircleAlt,0.6041666666666666,25917656.177083332,26504562.0
"(np.float64(1.5), 160, 360, np.float64(0.8), 5)",houghCircleAlt,0.5666666666666667,27576345.71875,28274499.0
"(np.float64(1.5), 160, 360, np.float64(0.8), 10)",houghCircleAlt,0.6208333333333333,26300547.377083335,26771616.5
"(np.float64(1.5), 160, 360, np.float64(0.8), 15)",houghCircleAlt,0.7666666666666667,25548145.389583334,25592596.5
"(np.float64(1.5), 160, 360, np.float64(0.8500000000000001), 5)",houghCircleAlt,0.68125,27157691.804166667,27887147.0
"(np.float64(1.5), 160, 360, np.float64(0.8500000000000001), 10)",houghCircleAlt,0.75625,27474880.954166666,27841939.0
"(np.float64(1.5), 160, 360, np.float64(0.8500000000000001), 15)",houghCircleAlt,0.8729166666666667,25787972.31875,26397717.5
"(np.float64(1.5), 160, 360, np.float64(0.9000000000000001), 5)",houghCircleAlt,0.7833333333333333,29343037.63125,29965697.5
"(np.float64(1.5), 160, 360, np.float64(0.9000000000000001), 10)",houghCircleAlt,0.8458333333333333,26964516.310416665,27522232.0
"(np.float64(1.5), 160, 360, np.float64(0.9000000000000001), 15)",houghCircleAlt,0.925,24586800.352083333,24957446.5
"(np.float64(1.5), 160, 370, np.float64(0.7), 5)",houghCircleAlt,0.33958333333333335,27855733.61875,28588744.0
"(np.float64(1.5), 160, 370, np.float64(0.7), 10)",houghCircleAlt,0.4125,26551881.09375,27142016.0
"(np.float64(1.5), 160, 370, np.float64(0.7), 15)",houghCircleAlt,0.48125,25055536.927083332,25420114.5
"(np.float64(1.5), 160, 370, np.float64(0.75), 5)",houghCircleAlt,0.43125,28874917.410416666,29560832.5
"(np.float64(1.5), 160, 370, np.float64(0.75), 10)",houghCircleAlt,0.5041666666666667,26097627.1125,26455809.5
"(np.float64(1.5), 160, 370, np.float64(0.75), 15)",houghCircleAlt,0.60625,26543999.83125,26821057.0
"(np.float64(1.5), 160, 370, np.float64(0.8), 5)",houghCircleAlt,0.5625,27443578.422916666,28058549.0
"(np.float64(1.5), 160, 370, np.float64(0.8), 10)",houghCircleAlt,0.6291666666666667,25565101.897916667,26059449.0
"(np.float64(1.5), 160, 370, np.float64(0.8), 15)",houghCircleAlt,0.7541666666666667,25482840.710416667,25924325.0
"(np.float64(1.5), 160, 370, np.float64(0.8500000000000001), 5)",houghCircleAlt,0.6770833333333334,29207505.46875,30045492.0
"(np.float64(1.5), 160, 370, np.float64(0.8500000000000001), 10)",houghCircleAlt,0.7541666666666667,27060855.310416665,27484617.5
"(np.float64(1.5), 160, 370, np.float64(0.8500000000000001), 15)",houghCircleAlt,0.875,25275056.497916665,25537058.0
"(np.float64(1.5), 160, 370, np.float64(0.9000000000000001), 5)",houghCircleAlt,0.78125,27335615.770833332,28124522.5
"(np.float64(1.5), 160, 370, np.float64(0.9000000000000001), 10)",houghCircleAlt,0.8458333333333333,25480618.533333335,26145156.5
"(np.float64(1.5), 160, 370, np.float64(0.9000000000000001), 15)",houghCircleAlt,0.9229166666666667,25359335.972916666,25501526.0
"(np.float64(1.5), 160, 380, np.float64(0.7), 5)",houghCircleAlt,0.33125,27982592.833333332,28415849.5
"(np.float64(1.5), 160, 380, np.float64(0.7), 10)",houghCircleAlt,0.4166666666666667,26249999.06875,26907254.0
"(np.float64(1.5), 160, 380, np.float64(0.7), 15)",houghCircleAlt,0.49166666666666664,24107716.74375,24444433.5
"(np.float64(1.5), 160, 380, np.float64(0.75), 5)",houghCircleAlt,0.425,27672380.279166665,28186774.0
"(np.float64(1.5), 160, 380, np.float64(0.75), 10)",houghCircleAlt,0.50625,26077821.972916666,26834202.0
"(np.float64(1.5), 160, 380, np.float64(0.75), 15)",houghCircleAlt,0.6125,24494203.439583335,24939354.0
"(np.float64(1.5), 160, 380, np.float64(0.8), 5)",houghCircleAlt,0.5625,27575528.058333334,28054350.5
"(np.float64(1.5), 160, 380, np.float64(0.8), 10)",houghCircleAlt,0.6229166666666667,26418353.472916666,26861152.0
"(np.float64(1.5), 160, 380, np.float64(0.8), 15)",houghCircleAlt,0.7583333333333333,25966870.458333332,26441085.5
"(np.float64(1.5), 160, 380, np.float64(0.8500000000000001), 5)",houghCircleAlt,0.68125,26877858.56875,27231783.0
"(np.float64(1.5), 160, 380, np.float64(0.8500000000000001), 10)",houghCircleAlt,0.7520833333333333,25462442.129166666,25744067.0
"(np.float64(1.5), 160, 380, np.float64(0.8500000000000001), 15)",houghCircleAlt,0.8791666666666667,25305997.052083332,25644905.5
"(np.float64(1.5), 160, 380, np.float64(0.9000000000000001), 5)",houghCircleAlt,0.7854166666666667,28080390.88125,28604879.0
"(np.float64(1.5), 160, 380, np.float64(0.9000000000000001), 10)",houghCircleAlt,0.84375,26706930.797916666,27134150.5
"(np.float64(1.5), 160, 380, np.float64(0.9000000000000001), 15)",houghCircleAlt,0.9229166666666667,27378169.104166668,27825853.0
"(np.float64(1.5), 160, 390, np.float64(0.7), 5)",houghCircleAlt,0.3333333333333333,26609708.491666667,27425004.5
"(np.float64(1.5), 160, 390, np.float64(0.7), 10)",houghCircleAlt,0.4166666666666667,26701593.595833335,27163384.5
"(np.float64(1.5), 160, 390, np.float64(0.7), 15)",houghCircleAlt,0.5,25152220.785416666,25506752.0
"(np.float64(1.5), 160, 390, np.float64(0.75), 5)",houghCircleAlt,0.42291666666666666,28414042.866666667,28934667.0
"(np.float64(1.5), 160, 390, np.float64(0.75), 10)",houghCircleAlt,0.4979166666666667,25959837.38125,26404030.0
"(np.float64(1.5), 160, 390, np.float64(0.75), 15)",houghCircleAlt,0.625,24062444.160416666,24387205.0
"(np.float64(1.5), 160, 390, np.float64(0.8), 5)",houghCircleAlt,0.5729166666666666,27070537.083333332,27697281.5
"(np.float64(1.5), 160, 390, np.float64(0.8), 10)",houghCircleAlt,0.6270833333333333,27156303.670833334,27381789.0
"(np.float64(1.5), 160, 390, np.float64(0.8), 15)",houghCircleAlt,0.7625,25377235.475,25762121.0
"(np.float64(1.5), 160, 390, np.float64(0.8500000000000001), 5)",houghCircleAlt,0.6895833333333333,26730075.875,27237514.0
"(np.float64(1.5), 160, 390, np.float64(0.8500000000000001), 10)",houghCircleAlt,0.7520833333333333,28159751.058333334,28600970.0
"(np.float64(1.5), 160, 390, np.float64(0.8500000000000001), 15)",houghCircleAlt,0.875,25271863.714583334,25706031.5
"(np.float64(1.5), 160, 390, np.float64(0.9000000000000001), 5)",houghCircleAlt,0.7791666666666667,27386557.460416667,27680984.0
"(np.float64(1.5), 160, 390, np.float64(0.9000000000000001), 10)",houghCircleAlt,0.8458333333333333,27314102.408333335,27598686.0
"(np.float64(1.5), 160, 390, np.float64(0.9000000000000001), 15)",houghCircleAlt,0.9229166666666667,24808271.116666667,25001749.5
"(np.float64(1.5), 170, 300, np.float64(0.7), 5)",houghCircleAlt,0.33541666666666664,28340792.316666666,29571458.5
"(np.float64(1.5), 170, 300, np.float64(0.7), 10)",houghCircleAlt,0.4270833333333333,28375379.360416666,29273663.5
"(np.float64(1.5), 170, 300, np.float64(0.7), 15)",houghCircleAlt,0.48541666666666666,27300767.875,28143283.5
"(np.float64(1.5), 170, 300, np.float64(0.75), 5)",houghCircleAlt,0.4395833333333333,30130335.689583335,30978472.0
"(np.float64(1.5), 170, 300, np.float64(0.75), 10)",houghCircleAlt,0.5083333333333333,28371687.054166667,29239585.0
"(np.float64(1.5), 170, 300, np.float64(0.75), 15)",houghCircleAlt,0.6083333333333333,26783825.08125,27343108.0
"(np.float64(1.5), 170, 300, np.float64(0.8), 5)",houghCircleAlt,0.5625,28558454.55625,29539372.0
"(np.float64(1.5), 170, 300, np.float64(0.8), 10)",houghCircleAlt,0.6479166666666667,28850288.8,29612896.0
"(np.float64(1.5), 170, 300, np.float64(0.8), 15)",houghCircleAlt,0.7583333333333333,26642972.160416666,27329956.0
"(np.float64(1.5), 170, 300, np.float64(0.8500000000000001), 5)",houghCircleAlt,0.6729166666666667,30530373.48125,31404251.0
"(np.float64(1.5), 170, 300, np.float64(0.8500000000000001), 10)",houghCircleAlt,0.75625,26976251.829166666,28192009.0
"(np.float64(1.5), 170, 300, np.float64(0.8500000000000001), 15)",houghCircleAlt,0.875,27074655.7375,27706317.5
"(np.float64(1.5), 170, 300, np.float64(0.9000000000000001), 5)",houghCircleAlt,0.78125,29277452.325,30280112.5
"(np.float64(1.5), 170, 300, np.float64(0.9000000000000001), 10)",houghCircleAlt,0.85625,28203187.070833333,29130279.5
"(np.float64(1.5), 170, 300, np.float64(0.9000000000000001), 15)",houghCircleAlt,0.9375,27764186.991666667,28378609.0
"(np.float64(1.5), 170, 310, np.float64(0.7), 5)",houghCircleAlt,0.3416666666666667,29024431.7625,30074811.0
"(np.float64(1.5), 170, 310, np.float64(0.7), 10)",houghCircleAlt,0.42083333333333334,29654411.85,30270578.5
"(np.float64(1.5), 170, 310, np.float64(0.7), 15)",houghCircleAlt,0.4791666666666667,27226939.347916666,27812274.5
"(np.float64(1.5), 170, 310, np.float64(0.75), 5)",houghCircleAlt,0.4354166666666667,28794366.275,29735684.5
"(np.float64(1.5), 170, 310, np.float64(0.75), 10)",houghCircleAlt,0.50625,29347122.595833335,30080261.5
"(np.float64(1.5), 170, 310, np.float64(0.75), 15)",houghCircleAlt,0.6,25600815.202083334,26404105.5
"(np.float64(1.5), 170, 310, np.float64(0.8), 5)",houghCircleAlt,0.5729166666666666,29128814.7,30022924.5
"(np.float64(1.5), 170, 310, np.float64(0.8), 10)",houghCircleAlt,0.65,28233933.2,29196158.5
"(np.float64(1.5), 170, 310, np.float64(0.8), 15)",houghCircleAlt,0.75625,27627121.104166668,28050359.0
"(np.float64(1.5), 170, 310, np.float64(0.8500000000000001), 5)",houghCircleAlt,0.68125,28914335.375,29943450.0
"(np.float64(1.5), 170, 310, np.float64(0.8500000000000001), 10)",houghCircleAlt,0.7645833333333333,28151021.71875,28942142.0
"(np.float64(1.5), 170, 310, np.float64(0.8500000000000001), 15)",houghCircleAlt,0.875,27339211.579166666,27926976.5
"(np.float64(1.5), 170, 310, np.float64(0.9000000000000001), 5)",houghCircleAlt,0.7833333333333333,30679421.885416668,31728534.5
"(np.float64(1.5), 170, 310, np.float64(0.9000000000000001), 10)",houghCircleAlt,0.85625,28074315.772916667,28728886.5
"(np.float64(1.5), 170, 310, np.float64(0.9000000000000001), 15)",houghCircleAlt,0.9395833333333333,28041396.610416666,28578495.5
"(np.float64(1.5), 170, 320, np.float64(0.7), 5)",houghCircleAlt,0.35833333333333334,27661504.364583332,28700387.0
"(np.float64(1.5), 170, 320, np.float64(0.7), 10)",houghCircleAlt,0.42083333333333334,28004664.85625,28916794.5
"(np.float64(1.5), 170, 320, np.float64(0.7), 15)",houghCircleAlt,0.49166666666666664,26941750.533333335,27578929.0
"(np.float64(1.5), 170, 320, np.float64(0.75), 5)",houghCircleAlt,0.4479166666666667,29428019.385416668,30560347.0
"(np.float64(1.5), 170, 320, np.float64(0.75), 10)",houghCircleAlt,0.5083333333333333,27490992,28124032.5
"(np.float64(1.5), 170, 320, np.float64(0.75), 15)",houghCircleAlt,0.6104166666666667,26442773.2375,26845112.5
"(np.float64(1.5), 170, 320, np.float64(0.8), 5)",houghCircleAlt,0.5791666666666667,29275747.414583333,30349847.5
"(np.float64(1.5), 170, 320, np.float64(0.8), 10)",houghCircleAlt,0.6458333333333334,29645342.175,30525717.5
"(np.float64(1.5), 170, 320, np.float64(0.8), 15)",houghCircleAlt,0.7583333333333333,26134717.541666668,26748355.5
"(np.float64(1.5), 170, 320, np.float64(0.8500000000000001), 5)",houghCircleAlt,0.6875,29873029.4625,30675572.0
"(np.float64(1.5), 170, 320, np.float64(0.8500000000000001), 10)",houghCircleAlt,0.7729166666666667,26838644.870833334,27492001.0
"(np.float64(1.5), 170, 320, np.float64(0.8500000000000001), 15)",houghCircleAlt,0.875,26544015.039583333,27199071.5
"(np.float64(1.5), 170, 320, np.float64(0.9000000000000001), 5)",houghCircleAlt,0.7854166666666667,29129403.13125,29987919.0
"(np.float64(1.5), 170, 320, np.float64(0.9000000000000001), 10)",houghCircleAlt,0.8583333333333333,27733355.264583334,28198452.0
"(np.float64(1.5), 170, 320, np.float64(0.9000000000000001), 15)",houghCircleAlt,0.9375,27487055.385416668,27822060.5
"(np.float64(1.5), 170, 330, np.float64(0.7), 5)",houghCircleAlt,0.3541666666666667,28459033.64375,29188499.0
"(np.float64(1.5), 170, 330, np.float64(0.7), 10)",houghCircleAlt,0.425,28211235.039583333,28742045.0
"(np.float64(1.5), 170, 330, np.float64(0.7), 15)",houghCircleAlt,0.5041666666666667,26102088.329166666,26593210.5
"(np.float64(1.5), 170, 330, np.float64(0.75), 5)",houghCircleAlt,0.44583333333333336,30526355.3625,31726045.0
"(np.float64(1.5), 170, 330, np.float64(0.75), 10)",houghCircleAlt,0.5145833333333333,26573807.127083335,27155174.5
"(np.float64(1.5), 170, 330, np.float64(0.75), 15)",houghCircleAlt,0.6208333333333333,27372404.725,27970564.0
"(np.float64(1.5), 170, 330, np.float64(0.8), 5)",houghCircleAlt,0.5708333333333333,28834351.508333333,29813281.0
"(np.float64(1.5), 170, 330, np.float64(0.8), 10)",houghCircleAlt,0.6416666666666667,28092835.777083334,28809293.0
"(np.float64(1.5), 170, 330, np.float64(0.8), 15)",houghCircleAlt,0.7625,27426504.279166665,27550611.5
"(np.float64(1.5), 170, 330, np.float64(0.8500000000000001), 5)",houghCircleAlt,0.6770833333333334,29343891.59375,29988474.0
"(np.float64(1.5), 170, 330, np.float64(0.8500000000000001), 10)",houghCircleAlt,0.7729166666666667,27641288.241666667,28266954.5
"(np.float64(1.5), 170, 330, np.float64(0.8500000000000001), 15)",houghCircleAlt,0.8791666666666667,26192952.152083334,26869653.0
"(np.float64(1.5), 170, 330, np.float64(0.9000000000000001), 5)",houghCircleAlt,0.7791666666666667,29084544.7875,29935711.0
"(np.float64(1.5), 170, 330, np.float64(0.9000000000000001), 10)",houghCircleAlt,0.85625,29767616.625,30674307.5
"(np.float64(1.5), 170, 330, np.float64(0.9000000000000001), 15)",houghCircleAlt,0.9375,25398292.939583335,25948932.0
"(np.float64(1.5), 170, 340, np.float64(0.7), 5)",houghCircleAlt,0.35208333333333336,29326690.322916668,30265128.5
"(np.float64(1.5), 170, 340, np.float64(0.7), 10)",houghCircleAlt,0.42291666666666666,27503387.88125,28243842.0
"(np.float64(1.5), 170, 340, np.float64(0.7), 15)",houghCircleAlt,0.5,26718002.185416665,26923724.0
"(np.float64(1.5), 170, 340, np.float64(0.75), 5)",houghCircleAlt,0.44583333333333336,29126714.766666666,29946916.5
"(np.float64(1.5), 170, 340, np.float64(0.75), 10)",houghCircleAlt,0.5145833333333333,27438320.8125,27977867.5
"(np.float64(1.5), 170, 340, np.float64(0.75), 15)",houghCircleAlt,0.6229166666666667,26337689.116666667,26611719.5
"(np.float64(1.5), 170, 340, np.float64(0.8), 5)",houghCircleAlt,0.56875,27854150.564583335,28418147.5
"(np.float64(1.5), 170, 340, np.float64(0.8), 10)",houghCircleAlt,0.6416666666666667,27991762.53125,28591003.0
"(np.float64(1.5), 170, 340, np.float64(0.8), 15)",houghCircleAlt,0.7708333333333334,25103129.195833333,25710519.0
"(np.float64(1.5), 170, 340, np.float64(0.8500000000000001), 5)",houghCircleAlt,0.6854166666666667,30000552.039583333,30718333.5
"(np.float64(1.5), 170, 340, np.float64(0.8500000000000001), 10)",houghCircleAlt,0.7708333333333334,28536663.752083335,29288026.0
"(np.float64(1.5), 170, 340, np.float64(0.8500000000000001), 15)",houghCircleAlt,0.8833333333333333,26690648.05625,27247657.5
"(np.float64(1.5), 170, 340, np.float64(0.9000000000000001), 5)",houghCircleAlt,0.78125,28913776.527083334,29675121.5
"(np.float64(1.5), 170, 340, np.float64(0.9000000000000001), 10)",houghCircleAlt,0.8541666666666666,27559345.072916668,28056726.0
"(np.float64(1.5), 170, 340, np.float64(0.9000000000000001), 15)",houghCircleAlt,0.9375,26374502.3125,26467648.5
"(np.float64(1.5), 170, 350, np.float64(0.7), 5)",houghCircleAlt,0.34791666666666665,28838715.727083333,29418521.0
"(np.float64(1.5), 170, 350, np.float64(0.7), 10)",houghCircleAlt,0.4270833333333333,26965575.014583334,27511293.0
"(np.float64(1.5), 170, 350, np.float64(0.7), 15)",houghCircleAlt,0.5,26487572.325,26729811.5
"(np.float64(1.5), 170, 350, np.float64(0.75), 5)",houghCircleAlt,0.4479166666666667,26804614.925,27429639.5
"(np.float64(1.5), 170, 350, np.float64(0.75), 10)",houghCircleAlt,0.5104166666666666,29012487.520833332,29810264.0
"(np.float64(1.5), 170, 350, np.float64(0.75), 15)",houghCircleAlt,0.6229166666666667,27210153.10625,27829307.5
"(np.float64(1.5), 170, 350, np.float64(0.8), 5)",houghCircleAlt,0.575,28194689.889583334,28889452.5
"(np.float64(1.5), 170, 350, np.float64(0.8), 10)",houghCircleAlt,0.6354166666666666,27376423.316666666,27662666.0
"(np.float64(1.5), 170, 350, np.float64(0.8), 15)",houghCircleAlt,0.78125,26179608.677083332,26537781.5
"(np.float64(1.5), 170, 350, np.float64(0.8500000000000001), 5)",houghCircleAlt,0.6791666666666667,28109274.46875,28685715.5
"(np.float64(1.5), 170, 350, np.float64(0.8500000000000001), 10)",houghCircleAlt,0.76875,28187905.25625,28784388.5
"(np.float64(1.5), 170, 350, np.float64(0.8500000000000001), 15)",houghCircleAlt,0.8854166666666666,25983200.522916667,26360162.5
"(np.float64(1.5), 170, 350, np.float64(0.9000000000000001), 5)",houghCircleAlt,0.7833333333333333,28574546.0875,29242440.0
"(np.float64(1.5), 170, 350, np.float64(0.9000000000000001), 10)",houghCircleAlt,0.85,26007538.53125,26366650.0
"(np.float64(1.5), 170, 350, np.float64(0.9000000000000001), 15)",houghCircleAlt,0.9354166666666667,28849769.6375,29423499.5
"(np.float64(1.5), 170, 360, np.float64(0.7), 5)",houghCircleAlt,0.34791666666666665,28889689.570833333,29361924.5
"(np.float64(1.5), 170, 360, np.float64(0.7), 10)",houghCircleAlt,0.42291666666666666,27093461.75625,27623282.5
"(np.float64(1.5), 170, 360, np.float64(0.7), 15)",houghCircleAlt,0.49375,26030080.027083334,26324706.5
"(np.float64(1.5), 170, 360, np.float64(0.75), 5)",houghCircleAlt,0.45208333333333334,27938641.804166667,28474245.0
"(np.float64(1.5), 170, 360, np.float64(0.75), 10)",houghCircleAlt,0.5125,27051773.49375,27328655.0
"(np.float64(1.5), 170, 360, np.float64(0.75), 15)",houghCircleAlt,0.6166666666666667,25630176.88125,25988540.5
"(np.float64(1.5), 170, 360, np.float64(0.8), 5)",houghCircleAlt,0.58125,28828722.214583334,29291367.0
"(np.float64(1.5), 170, 360, np.float64(0.8), 10)",houghCircleAlt,0.6395833333333333,25831999.085416667,26458572.0
"(np.float64(1.5), 170, 360, np.float64(0.8), 15)",houghCircleAlt,0.7770833333333333,26622104.80625,26890377.5
"(np.float64(1.5), 170, 360, np.float64(0.8500000000000001), 5)",houghCircleAlt,0.6854166666666667,29696353.372916665,30369138.5
"(np.float64(1.5), 170, 360, np.float64(0.8500000000000001), 10)",houghCircleAlt,0.7645833333333333,27983123.004166666,28516433.0
"(np.float64(1.5), 170, 360, np.float64(0.8500000000000001), 15)",houghCircleAlt,0.88125,26017043.795833334,26445287.5
"(np.float64(1.5), 170, 360, np.float64(0.9000000000000001), 5)",houghCircleAlt,0.78125,27848740.4375,28446673.0
"(np.float64(1.5), 170, 360, np.float64(0.9000000000000001), 10)",houghCircleAlt,0.8479166666666667,27347165.00625,27945497.5
"(np.float64(1.5), 170, 360, np.float64(0.9000000000000001), 15)",houghCircleAlt,0.93125,25720675.758333333,26115083.5
"(np.float64(1.5), 170, 370, np.float64(0.7), 5)",houghCircleAlt,0.3458333333333333,27604987.439583335,28054781.5
"(np.float64(1.5), 170, 370, np.float64(0.7), 10)",houghCircleAlt,0.4270833333333333,25627456.377083335,26132230.5
"(np.float64(1.5), 170, 370, np.float64(0.7), 15)",houghCircleAlt,0.5,26784048.785416666,27003747.5
"(np.float64(1.5), 170, 370, np.float64(0.75), 5)",houghCircleAlt,0.44583333333333336,28339971.08125,28754288.5
"(np.float64(1.5), 170, 370, np.float64(0.75), 10)",houghCircleAlt,0.5208333333333334,27268793.48125,27750591.0
"(np.float64(1.5), 170, 370, np.float64(0.75), 15)",houghCircleAlt,0.6229166666666667,27021755.245833334,27146797.5
"(np.float64(1.5), 170, 370, np.float64(0.8), 5)",houghCircleAlt,0.5770833333333333,29492987.016666666,30340093.5
"(np.float64(1.5), 170, 370, np.float64(0.8), 10)",houghCircleAlt,0.64375,27027033.44375,27548898.5
"(np.float64(1.5), 170, 370, np.float64(0.8), 15)",houghCircleAlt,0.7666666666666667,25510365.195833333,25867138.5
"(np.float64(1.5), 170, 370, np.float64(0.8500000000000001), 5)",houghCircleAlt,0.68125,27676902.902083334,28163531.5
"(np.float64(1.5), 170, 370, np.float64(0.8500000000000001), 10)",houghCircleAlt,0.7625,26995885.354166668,27802369.5
"(np.float64(1.5), 170, 370, np.float64(0.8500000000000001), 15)",houghCircleAlt,0.8833333333333333,24710320.658333335,25113654.5
"(np.float64(1.5), 170, 370, np.float64(0.9000000000000001), 5)",houghCircleAlt,0.7791666666666667,28538223.472916666,29248126.5
"(np.float64(1.5), 170, 370, np.float64(0.9000000000000001), 10)",houghCircleAlt,0.8479166666666667,27468985.345833335,27706119.0
"(np.float64(1.5), 170, 370, np.float64(0.9000000000000001), 15)",houghCircleAlt,0.9291666666666667,25934918.054166667,26287783.0
"(np.float64(1.5), 170, 380, np.float64(0.7), 5)",houghCircleAlt,0.34375,28476876.133333333,29072070.0
"(np.float64(1.5), 170, 380, np.float64(0.7), 10)",houghCircleAlt,0.4270833333333333,29198786.758333333,29751029.0
"(np.float64(1.5), 170, 380, np.float64(0.7), 15)",houghCircleAlt,0.50625,25463904.129166666,25570576.0
"(np.float64(1.5), 170, 380, np.float64(0.75), 5)",houghCircleAlt,0.44166666666666665,27525057.939583335,27998512.0
"(np.float64(1.5), 170, 380, np.float64(0.75), 10)",houghCircleAlt,0.5166666666666667,26895064.477083333,27418122.0
"(np.float64(1.5), 170, 380, np.float64(0.75), 15)",houghCircleAlt,0.6270833333333333,24692018.26875,25177574.0
"(np.float64(1.5), 170, 380, np.float64(0.8), 5)",houghCircleAlt,0.5770833333333333,27505147.697916668,28116534.5
"(np.float64(1.5), 170, 380, np.float64(0.8), 10)",houghCircleAlt,0.6375,27822095.535416666,28041281.5
"(np.float64(1.5), 170, 380, np.float64(0.8), 15)",houghCircleAlt,0.7708333333333334,26342321.34375,26667449.5
"(np.float64(1.5), 170, 380, np.float64(0.8500000000000001), 5)",houghCircleAlt,0.6833333333333333,27714031.158333335,28187852.5
"(np.float64(1.5), 170, 380, np.float64(0.8500000000000001), 10)",houghCircleAlt,0.7583333333333333,27863976.3,28243361.5
"(np.float64(1.5), 170, 380, np.float64(0.8500000000000001), 15)",houghCircleAlt,0.8875,25607543.735416666,25877244.5
"(np.float64(1.5), 170, 380, np.float64(0.9000000000000001), 5)",houghCircleAlt,0.78125,29235830.347916666,30031140.0
"(np.float64(1.5), 170, 380, np.float64(0.9000000000000001), 10)",houghCircleAlt,0.84375,25803390.120833334,26330867.0
"(np.float64(1.5), 170, 380, np.float64(0.9000000000000001), 15)",houghCircleAlt,0.9291666666666667,25658440.120833334,25864734.5
"(np.float64(1.5), 170, 390, np.float64(0.7), 5)",houghCircleAlt,0.3416666666666667,27435320.872916665,28032520.0
"(np.float64(1.5), 170, 390, np.float64(0.7), 10)",houghCircleAlt,0.425,26310920.004166666,26734612.0
"(np.float64(1.5), 170, 390, np.float64(0.7), 15)",houghCircleAlt,0.5145833333333333,26505781.314583335,26491158.5
"(np.float64(1.5), 170, 390, np.float64(0.75), 5)",houghCircleAlt,0.43333333333333335,27990551.920833334,28348501.5
"(np.float64(1.5), 170, 390, np.float64(0.75), 10)",houghCircleAlt,0.5083333333333333,26955095.085416667,27146824.0
"(np.float64(1.5), 170, 390, np.float64(0.75), 15)",houghCircleAlt,0.6354166666666666,25377440.729166668,25619677.5
"(np.float64(1.5), 170, 390, np.float64(0.8), 5)",houghCircleAlt,0.58125,28433848.820833333,28869194.5
"(np.float64(1.5), 170, 390, np.float64(0.8), 10)",houghCircleAlt,0.6395833333333333,25682352.604166668,25992854.0
"(np.float64(1.5), 170, 390, np.float64(0.8), 15)",houghCircleAlt,0.7729166666666667,25658096.4875,26083248.5
"(np.float64(1.5), 170, 390, np.float64(0.8500000000000001), 5)",houghCircleAlt,0.6895833333333333,27382859.285416666,27751012.0
"(np.float64(1.5), 170, 390, np.float64(0.8500000000000001), 10)",houghCircleAlt,0.7583333333333333,28500562.48125,28895148.0
"(np.float64(1.5), 170, 390, np.float64(0.8500000000000001), 15)",houghCircleAlt,0.8833333333333333,25460850.004166666,25515142.0
"(np.float64(1.5), 170, 390, np.float64(0.9000000000000001), 5)",houghCircleAlt,0.7729166666666667,28068639.379166666,28451311.0
"(np.float64(1.5), 170, 390, np.float64(0.9000000000000001), 10)",houghCircleAlt,0.8458333333333333,26865591.366666667,26972336.5
"(np.float64(1.5), 170, 390, np.float64(0.9000000000000001), 15)",houghCircleAlt,0.9291666666666667,24671109.1125,24777033.5
"(np.float64(1.5), 180, 300, np.float64(0.7), 5)",houghCircleAlt,0.34791666666666665,29725145.108333334,30873946.5
"(np.float64(1.5), 180, 300, np.float64(0.7), 10)",houghCircleAlt,0.4395833333333333,27633449.325,28491885.0
"(np.float64(1.5), 180, 300, np.float64(0.7), 15)",houghCircleAlt,0.50625,27554843.86875,27923355.5
"(np.float64(1.5), 180, 300, np.float64(0.75), 5)",houghCircleAlt,0.45416666666666666,30692986.6125,31767963.5
"(np.float64(1.5), 180, 300, np.float64(0.75), 10)",houghCircleAlt,0.5208333333333334,28455520.6,29095244.0
"(np.float64(1.5), 180, 300, np.float64(0.75), 15)",houghCircleAlt,0.6166666666666667,27629614.866666667,28511108.0
"(np.float64(1.5), 180, 300, np.float64(0.8), 5)",houghCircleAlt,0.575,31854636.277083334,33350531.0
"(np.float64(1.5), 180, 300, np.float64(0.8), 10)",houghCircleAlt,0.65625,29422520.15,30095195.0
"(np.float64(1.5), 180, 300, np.float64(0.8), 15)",houghCircleAlt,0.7708333333333334,27750632.764583334,28402365.5
"(np.float64(1.5), 180, 300, np.float64(0.8500000000000001), 5)",houghCircleAlt,0.6833333333333333,29314898.65,30379243.5
"(np.float64(1.5), 180, 300, np.float64(0.8500000000000001), 10)",houghCircleAlt,0.7625,28654023.89375,29371261.0
"(np.float64(1.5), 180, 300, np.float64(0.8500000000000001), 15)",houghCircleAlt,0.88125,27288240.55625,27845484.5
"(np.float64(1.5), 180, 300, np.float64(0.9000000000000001), 5)",houghCircleAlt,0.7833333333333333,28433240.770833332,29413991.5
"(np.float64(1.5), 180, 300, np.float64(0.9000000000000001), 10)",houghCircleAlt,0.8583333333333333,29740694.704166666,30660740.5
"(np.float64(1.5), 180, 300, np.float64(0.9000000000000001), 15)",houghCircleAlt,0.9354166666666667,27305237.925,27950336.5
"(np.float64(1.5), 180, 310, np.float64(0.7), 5)",houghCircleAlt,0.35,29390118.86875,30269106.0
"(np.float64(1.5), 180, 310, np.float64(0.7), 10)",houghCircleAlt,0.43333333333333335,30588040.258333333,31855612.0
"(np.float64(1.5), 180, 310, np.float64(0.7), 15)",houghCircleAlt,0.4979166666666667,27777596.435416665,27897321.5
"(np.float64(1.5), 180, 310, np.float64(0.75), 5)",houghCircleAlt,0.4479166666666667,30084140.133333333,30894100.0
"(np.float64(1.5), 180, 310, np.float64(0.75), 10)",houghCircleAlt,0.5208333333333334,28280054.858333334,29188754.5
"(np.float64(1.5), 180, 310, np.float64(0.75), 15)",houghCircleAlt,0.6083333333333333,27246527.377083335,27681471.0
"(np.float64(1.5), 180, 310, np.float64(0.8), 5)",houghCircleAlt,0.5854166666666667,29386948.841666665,30167297.5
"(np.float64(1.5), 180, 310, np.float64(0.8), 10)",houghCircleAlt,0.6604166666666667,27161106.125,28047639.0
"(np.float64(1.5), 180, 310, np.float64(0.8), 15)",houghCircleAlt,0.76875,27000602.745833334,27565477.5
"(np.float64(1.5), 180, 310, np.float64(0.8500000000000001), 5)",houghCircleAlt,0.6895833333333333,30207388.995833334,31097790.5
"(np.float64(1.5), 180, 310, np.float64(0.8500000000000001), 10)",houghCircleAlt,0.7708333333333334,28623228.235416666,29608628.5
"(np.float64(1.5), 180, 310, np.float64(0.8500000000000001), 15)",houghCircleAlt,0.88125,27510906.9,27689907.5
"(np.float64(1.5), 180, 310, np.float64(0.9000000000000001), 5)",houghCircleAlt,0.7895833333333333,30824119.06875,31663727.0
"(np.float64(1.5), 180, 310, np.float64(0.9000000000000001), 10)",houghCircleAlt,0.8583333333333333,29232939.65625,29939894.5
"(np.float64(1.5), 180, 310, np.float64(0.9000000000000001), 15)",houghCircleAlt,0.9375,26907914.314583335,27354804.5
"(np.float64(1.5), 180, 320, np.float64(0.7), 5)",houghCircleAlt,0.3625,29137980.804166667,29790108.0
"(np.float64(1.5), 180, 320, np.float64(0.7), 10)",houghCircleAlt,0.43125,27018462.202083334,27911603.5
"(np.float64(1.5), 180, 320, np.float64(0.7), 15)",houghCircleAlt,0.5125,27050173.672916666,27536730.5
"(np.float64(1.5), 180, 320, np.float64(0.75), 5)",houghCircleAlt,0.45416666666666666,28792544.979166668,29570776.0
"(np.float64(1.5), 180, 320, np.float64(0.75), 10)",houghCircleAlt,0.5208333333333334,28116289.079166666,28881167.0
"(np.float64(1.5), 180, 320, np.float64(0.75), 15)",houghCircleAlt,0.6166666666666667,27981880.239583332,28503073.0
"(np.float64(1.5), 180, 320, np.float64(0.8), 5)",houghCircleAlt,0.5875,29817031.01875,30502239.0
"(np.float64(1.5), 180, 320, np.float64(0.8), 10)",houghCircleAlt,0.65625,29835203.55,30747244.0
"(np.float64(1.5), 180, 320, np.float64(0.8), 15)",houghCircleAlt,0.76875,27648298.491666667,28225107.0
"(np.float64(1.5), 180, 320, np.float64(0.8500000000000001), 5)",houghCircleAlt,0.69375,28874536.845833335,29702302.5
"(np.float64(1.5), 180, 320, np.float64(0.8500000000000001), 10)",houghCircleAlt,0.7791666666666667,26860073.345833335,27711904.0
"(np.float64(1.5), 180, 320, np.float64(0.8500000000000001), 15)",houghCircleAlt,0.88125,27195055.9,27473361.0
"(np.float64(1.5), 180, 320, np.float64(0.9000000000000001), 5)",houghCircleAlt,0.7875,29116267.302083332,30206874.0
"(np.float64(1.5), 180, 320, np.float64(0.9000000000000001), 10)",houghCircleAlt,0.8604166666666667,27860845.814583335,28525472.0
"(np.float64(1.5), 180, 320, np.float64(0.9000000000000001), 15)",houghCircleAlt,0.9354166666666667,26984456.447916668,27624061.0
"(np.float64(1.5), 180, 330, np.float64(0.7), 5)",houghCircleAlt,0.35625,29908116.854166668,30725412.5
"(np.float64(1.5), 180, 330, np.float64(0.7), 10)",houghCircleAlt,0.43333333333333335,28532375.925,28887123.0
"(np.float64(1.5), 180, 330, np.float64(0.7), 15)",houghCircleAlt,0.5229166666666667,27767346.014583334,28078933.0
"(np.float64(1.5), 180, 330, np.float64(0.75), 5)",houghCircleAlt,0.45208333333333334,30258966.189583335,31286060.0
"(np.float64(1.5), 180, 330, np.float64(0.75), 10)",houghCircleAlt,0.525,27605828.360416666,28329052.5
"(np.float64(1.5), 180, 330, np.float64(0.75), 15)",houghCircleAlt,0.6270833333333333,25510862.764583334,26112843.5
"(np.float64(1.5), 180, 330, np.float64(0.8), 5)",houghCircleAlt,0.5770833333333333,29083706.0875,29909957.5
"(np.float64(1.5), 180, 330, np.float64(0.8), 10)",houghCircleAlt,0.6520833333333333,28146652.34375,28920111.0
"(np.float64(1.5), 180, 330, np.float64(0.8), 15)",houghCircleAlt,0.76875,26591890.560416665,26947709.0
"(np.float64(1.5), 180, 330, np.float64(0.8500000000000001), 5)",houghCircleAlt,0.68125,28797611.7125,29678564.0
"(np.float64(1.5), 180, 330, np.float64(0.8500000000000001), 10)",houghCircleAlt,0.7770833333333333,29152375.195833333,29741330.5
"(np.float64(1.5), 180, 330, np.float64(0.8500000000000001), 15)",houghCircleAlt,0.88125,27390538.99375,27881307.0
"(np.float64(1.5), 180, 330, np.float64(0.9000000000000001), 5)",houghCircleAlt,0.7791666666666667,29733218.429166667,30376858.0
"(np.float64(1.5), 180, 330, np.float64(0.9000000000000001), 10)",houghCircleAlt,0.8583333333333333,29685608.954166666,30448762.5
"(np.float64(1.5), 180, 330, np.float64(0.9000000000000001), 15)",houghCircleAlt,0.9354166666666667,26511628.7,26951852.5
"(np.float64(1.5), 180, 340, np.float64(0.7), 5)",houghCircleAlt,0.35833333333333334,27502194.422916666,28465357.0
"(np.float64(1.5), 180, 340, np.float64(0.7), 10)",houghCircleAlt,0.43125,27859425.89375,28366496.0
"(np.float64(1.5), 180, 340, np.float64(0.7), 15)",houghCircleAlt,0.5145833333333333,26713099.164583333,27091430.5
"(np.float64(1.5), 180, 340, np.float64(0.75), 5)",houghCircleAlt,0.45625,28221073.18125,28911194.0
"(np.float64(1.5), 180, 340, np.float64(0.75), 10)",houghCircleAlt,0.5270833333333333,27720356.245833334,28095608.5
"(np.float64(1.5), 180, 340, np.float64(0.75), 15)",houghCircleAlt,0.6291666666666667,27784078.34375,28444793.5
"(np.float64(1.5), 180, 340, np.float64(0.8), 5)",houghCircleAlt,0.5770833333333333,29079083.008333333,29665169.5
"(np.float64(1.5), 180, 340, np.float64(0.8), 10)",houghCircleAlt,0.6520833333333333,28616532.35,29007609.5
"(np.float64(1.5), 180, 340, np.float64(0.8), 15)",houghCircleAlt,0.7770833333333333,26447749.19375,26944578.5
"(np.float64(1.5), 180, 340, np.float64(0.8500000000000001), 5)",houghCircleAlt,0.6895833333333333,30221636.314583335,30963323.0
"(np.float64(1.5), 180, 340, np.float64(0.8500000000000001), 10)",houghCircleAlt,0.775,26624723.75625,27567593.0
"(np.float64(1.5), 180, 340, np.float64(0.8500000000000001), 15)",houghCircleAlt,0.8854166666666666,26565819.989583332,26924892.5
"(np.float64(1.5), 180, 340, np.float64(0.9000000000000001), 5)",houghCircleAlt,0.7833333333333333,28819166.372916665,29652640.0
"(np.float64(1.5), 180, 340, np.float64(0.9000000000000001), 10)",houghCircleAlt,0.85625,27736696.433333334,28523190.0
"(np.float64(1.5), 180, 340, np.float64(0.9000000000000001), 15)",houghCircleAlt,0.9354166666666667,26694329.93125,27113526.0
"(np.float64(1.5), 180, 350, np.float64(0.7), 5)",houghCircleAlt,0.3541666666666667,29230028.0875,30109632.5
"(np.float64(1.5), 180, 350, np.float64(0.7), 10)",houghCircleAlt,0.4354166666666667,28055861.402083334,28399072.0
"(np.float64(1.5), 180, 350, np.float64(0.7), 15)",houghCircleAlt,0.5145833333333333,27398470.379166666,27751262.0
"(np.float64(1.5), 180, 350, np.float64(0.75), 5)",houghCircleAlt,0.45625,28118348.725,28782648.0
"(np.float64(1.5), 180, 350, np.float64(0.75), 10)",houghCircleAlt,0.525,26354040.258333333,27137977.5
"(np.float64(1.5), 180, 350, np.float64(0.75), 15)",houghCircleAlt,0.6291666666666667,28637367.825,29590739.5
"(np.float64(1.5), 180, 350, np.float64(0.8), 5)",houghCircleAlt,0.58125,28278587.027083334,29033958.0
"(np.float64(1.5), 180, 350, np.float64(0.8), 10)",houghCircleAlt,0.65,27929515.25625,28519416.5
"(np.float64(1.5), 180, 350, np.float64(0.8), 15)",houghCircleAlt,0.7875,25891024.585416667,26219057.5
"(np.float64(1.5), 180, 350, np.float64(0.8500000000000001), 5)",houghCircleAlt,0.68125,28314586.3625,29152636.5
"(np.float64(1.5), 180, 350, np.float64(0.8500000000000001), 10)",houghCircleAlt,0.7729166666666667,28663914.1625,29470372.5
"(np.float64(1.5), 180, 350, np.float64(0.8500000000000001), 15)",houghCircleAlt,0.8875,26924636.160416666,26972762.0
"(np.float64(1.5), 180, 350, np.float64(0.9000000000000001), 5)",houghCircleAlt,0.7833333333333333,29102696.45,29793380.0
"(np.float64(1.5), 180, 350, np.float64(0.9000000000000001), 10)",houghCircleAlt,0.8520833333333333,27366368.70625,27915200.5
"(np.float64(1.5), 180, 350, np.float64(0.9000000000000001), 15)",houghCircleAlt,0.9333333333333333,25279740.929166667,25774268.5
"(np.float64(1.5), 180, 360, np.float64(0.7), 5)",houghCircleAlt,0.34791666666666665,29894097.472916666,30689640.0
"(np.float64(1.5), 180, 360, np.float64(0.7), 10)",houghCircleAlt,0.4354166666666667,27470456.65625,28016235.5
"(np.float64(1.5), 180, 360, np.float64(0.7), 15)",houghCircleAlt,0.5083333333333333,26083098.491666667,26023142.0
"(np.float64(1.5), 180, 360, np.float64(0.75), 5)",houghCircleAlt,0.45625,28320260.510416668,28974308.0
"(np.float64(1.5), 180, 360, np.float64(0.75), 10)",houghCircleAlt,0.53125,27366548.327083334,28129352.5
"(np.float64(1.5), 180, 360, np.float64(0.75), 15)",houghCircleAlt,0.6270833333333333,27431656.15,27691456.0
"(np.float64(1.5), 180, 360, np.float64(0.8), 5)",houghCircleAlt,0.5833333333333334,28699910.333333332,29227890.0
"(np.float64(1.5), 180, 360, np.float64(0.8), 10)",houghCircleAlt,0.65625,26411607.760416668,26965297.0
"(np.float64(1.5), 180, 360, np.float64(0.8), 15)",houghCircleAlt,0.7833333333333333,27033049.46875,27391748.0
"(np.float64(1.5), 180, 360, np.float64(0.8500000000000001), 5)",houghCircleAlt,0.6875,27931237.541666668,28609747.5
"(np.float64(1.5), 180, 360, np.float64(0.8500000000000001), 10)",houghCircleAlt,0.7708333333333334,29901119.075,30547981.5
"(np.float64(1.5), 180, 360, np.float64(0.8500000000000001), 15)",houghCircleAlt,0.8833333333333333,26403186.164583333,26361019.0
"(np.float64(1.5), 180, 360, np.float64(0.9000000000000001), 5)",houghCircleAlt,0.7833333333333333,27866907.370833334,28449682.5
"(np.float64(1.5), 180, 360, np.float64(0.9000000000000001), 10)",houghCircleAlt,0.8541666666666666,27622966.427083332,28334337.5
"(np.float64(1.5), 180, 360, np.float64(0.9000000000000001), 15)",houghCircleAlt,0.93125,26345497.145833332,26798620.5
"(np.float64(1.5), 180, 370, np.float64(0.7), 5)",houghCircleAlt,0.3458333333333333,29031714.704166666,29352847.5
"(np.float64(1.5), 180, 370, np.float64(0.7), 10)",houghCircleAlt,0.4375,27829051.060416665,28136054.5
"(np.float64(1.5), 180, 370, np.float64(0.7), 15)",houghCircleAlt,0.5166666666666667,25024040.24375,25169640.5
"(np.float64(1.5), 180, 370, np.float64(0.75), 5)",houghCircleAlt,0.45208333333333334,28973240.210416667,29433563.5
"(np.float64(1.5), 180, 370, np.float64(0.75), 10)",houghCircleAlt,0.5354166666666667,26988863.5375,27363600.0
"(np.float64(1.5), 180, 370, np.float64(0.75), 15)",houghCircleAlt,0.6333333333333333,26169030.154166665,26407500.5
"(np.float64(1.5), 180, 370, np.float64(0.8), 5)",houghCircleAlt,0.58125,27845577.802083332,28172002.0
"(np.float64(1.5), 180, 370, np.float64(0.8), 10)",houghCircleAlt,0.6583333333333333,29145819.539583333,29668950.5
"(np.float64(1.5), 180, 370, np.float64(0.8), 15)",houghCircleAlt,0.7770833333333333,26346428.416666668,26832379.0
"(np.float64(1.5), 180, 370, np.float64(0.8500000000000001), 5)",houghCircleAlt,0.6833333333333333,28085048.964583334,28594030.0
"(np.float64(1.5), 180, 370, np.float64(0.8500000000000001), 10)",houghCircleAlt,0.76875,26144829.895833332,26780326.0
"(np.float64(1.5), 180, 370, np.float64(0.8500000000000001), 15)",houghCircleAlt,0.8833333333333333,27424876.702083334,27703397.5
"(np.float64(1.5), 180, 370, np.float64(0.9000000000000001), 5)",houghCircleAlt,0.78125,28592409.59375,28788929.0
"(np.float64(1.5), 180, 370, np.float64(0.9000000000000001), 10)",houghCircleAlt,0.8541666666666666,27034342.058333334,27442463.0
"(np.float64(1.5), 180, 370, np.float64(0.9000000000000001), 15)",houghCircleAlt,0.9291666666666667,27207751.227083333,27415050.5
"(np.float64(1.5), 180, 380, np.float64(0.7), 5)",houghCircleAlt,0.35208333333333336,27818027.441666666,28426570.0
"(np.float64(1.5), 180, 380, np.float64(0.7), 10)",houghCircleAlt,0.4375,26870949.797916666,27150025.0
"(np.float64(1.5), 180, 380, np.float64(0.7), 15)",houghCircleAlt,0.5229166666666667,26179822.454166666,26346657.5
"(np.float64(1.5), 180, 380, np.float64(0.75), 5)",houghCircleAlt,0.4479166666666667,29575788.360416666,30228560.5
"(np.float64(1.5), 180, 380, np.float64(0.75), 10)",houghCircleAlt,0.5291666666666667,27637972.04375,27966159.0
"(np.float64(1.5), 180, 380, np.float64(0.75), 15)",houghCircleAlt,0.6375,25083745.391666666,25448923.5
"(np.float64(1.5), 180, 380, np.float64(0.8), 5)",houghCircleAlt,0.58125,29092779.104166668,29464753.0
"(np.float64(1.5), 180, 380, np.float64(0.8), 10)",houghCircleAlt,0.6520833333333333,27734235.966666665,28172759.0
"(np.float64(1.5), 180, 380, np.float64(0.8), 15)",houghCircleAlt,0.78125,25691204.59375,25846830.0
"(np.float64(1.5), 180, 380, np.float64(0.8500000000000001), 5)",houghCircleAlt,0.6854166666666667,28736704.879166666,29314340.5
"(np.float64(1.5), 180, 380, np.float64(0.8500000000000001), 10)",houghCircleAlt,0.7645833333333333,27191466.464583334,27575637.0
"(np.float64(1.5), 180, 380, np.float64(0.8500000000000001), 15)",houghCircleAlt,0.8875,26338021.245833334,26540265.5
"(np.float64(1.5), 180, 380, np.float64(0.9000000000000001), 5)",houghCircleAlt,0.7833333333333333,27713208.347916666,28134324.0
"(np.float64(1.5), 180, 380, np.float64(0.9000000000000001), 10)",houghCircleAlt,0.85,28848343.133333333,29654878.0
"(np.float64(1.5), 180, 380, np.float64(0.9000000000000001), 15)",houghCircleAlt,0.9291666666666667,26607575.016666666,26884239.5
"(np.float64(1.5), 180, 390, np.float64(0.7), 5)",houghCircleAlt,0.3541666666666667,26531735.45,27329157.0
"(np.float64(1.5), 180, 390, np.float64(0.7), 10)",houghCircleAlt,0.4354166666666667,28160372.614583332,28585472.5
"(np.float64(1.5), 180, 390, np.float64(0.7), 15)",houghCircleAlt,0.53125,26534132.804166667,26433962.5
"(np.float64(1.5), 180, 390, np.float64(0.75), 5)",houghCircleAlt,0.44375,27407465.704166666,28175129.5
"(np.float64(1.5), 180, 390, np.float64(0.75), 10)",houghCircleAlt,0.5166666666666667,27978066.647916667,28268227.0
"(np.float64(1.5), 180, 390, np.float64(0.75), 15)",houghCircleAlt,0.64375,26061492.679166667,26265531.5
"(np.float64(1.5), 180, 390, np.float64(0.8), 5)",houghCircleAlt,0.5875,27907585.94375,28295446.5
"(np.float64(1.5), 180, 390, np.float64(0.8), 10)",houghCircleAlt,0.6520833333333333,26579933.179166667,27035721.0
"(np.float64(1.5), 180, 390, np.float64(0.8), 15)",houghCircleAlt,0.78125,26159568.533333335,26157814.0
"(np.float64(1.5), 180, 390, np.float64(0.8500000000000001), 5)",houghCircleAlt,0.69375,29365522.454166666,29928998.5
"(np.float64(1.5), 180, 390, np.float64(0.8500000000000001), 10)",houghCircleAlt,0.7625,25702005.28125,26056543.0
"(np.float64(1.5), 180, 390, np.float64(0.8500000000000001), 15)",houghCircleAlt,0.88125,26353616.1875,26613277.5
"(np.float64(1.5), 180, 390, np.float64(0.9000000000000001), 5)",houghCircleAlt,0.7791666666666667,27251513.827083334,27773515.0
"(np.float64(1.5), 180, 390, np.float64(0.9000000000000001), 10)",houghCircleAlt,0.85,27886892.725,28189174.0
"(np.float64(1.5), 180, 390, np.float64(0.9000000000000001), 15)",houghCircleAlt,0.9270833333333334,26505225.397916667,26626488.0
"(np.float64(1.5), 190, 300, np.float64(0.7), 5)",houghCircleAlt,0.35833333333333334,30394813.083333332,31244270.5
"(np.float64(1.5), 190, 300, np.float64(0.7), 10)",houghCircleAlt,0.45416666666666666,29378222.891666666,30064612.5
"(np.float64(1.5), 190, 300, np.float64(0.7), 15)",houghCircleAlt,0.5375,27883019.075,28561952.5
"(np.float64(1.5), 190, 300, np.float64(0.75), 5)",houghCircleAlt,0.4625,30445817.65,31549218.0
"(np.float64(1.5), 190, 300, np.float64(0.75), 10)",houghCircleAlt,0.5333333333333333,27889311.772916667,28989871.0
"(np.float64(1.5), 190, 300, np.float64(0.75), 15)",houghCircleAlt,0.6416666666666667,27126621.564583335,27834749.5
"(np.float64(1.5), 190, 300, np.float64(0.8), 5)",houghCircleAlt,0.5895833333333333,30477900.85,31374120.0
"(np.float64(1.5), 190, 300, np.float64(0.8), 10)",houghCircleAlt,0.6708333333333333,28752450,29490045.5
"(np.float64(1.5), 190, 300, np.float64(0.8), 15)",houghCircleAlt,0.7875,28736505.50625,29341911.0
"(np.float64(1.5), 190, 300, np.float64(0.8500000000000001), 5)",houghCircleAlt,0.6958333333333333,30783024.202083334,31613370.0
"(np.float64(1.5), 190, 300, np.float64(0.8500000000000001), 10)",houghCircleAlt,0.7729166666666667,29169371.885416668,30235974.5
"(np.float64(1.5), 190, 300, np.float64(0.8500000000000001), 15)",houghCircleAlt,0.8854166666666666,27405286.35625,28012758.0
"(np.float64(1.5), 190, 300, np.float64(0.9000000000000001), 5)",houghCircleAlt,0.7854166666666667,30022406.3125,31025083.0
"(np.float64(1.5), 190, 300, np.float64(0.9000000000000001), 10)",houghCircleAlt,0.8583333333333333,29226545.966666665,30148950.5
"(np.float64(1.5), 190, 300, np.float64(0.9000000000000001), 15)",houghCircleAlt,0.9375,29370262.608333334,30187578.5
"(np.float64(1.5), 190, 310, np.float64(0.7), 5)",houghCircleAlt,0.35833333333333334,28419367.125,29514807.0
"(np.float64(1.5), 190, 310, np.float64(0.7), 10)",houghCircleAlt,0.44375,29197186.570833333,29356894.0
"(np.float64(1.5), 190, 310, np.float64(0.7), 15)",houghCircleAlt,0.5333333333333333,27336532.3125,27697536.0
"(np.float64(1.5), 190, 310, np.float64(0.75), 5)",houghCircleAlt,0.45625,30799855.629166666,31957113.0
"(np.float64(1.5), 190, 310, np.float64(0.75), 10)",houghCircleAlt,0.5333333333333333,29451645.63125,30068510.5
"(np.float64(1.5), 190, 310, np.float64(0.75), 15)",houghCircleAlt,0.6375,27255788.391666666,28038200.0
"(np.float64(1.5), 190, 310, np.float64(0.8), 5)",houghCircleAlt,0.5916666666666667,29829417.597916666,30897244.5
"(np.float64(1.5), 190, 310, np.float64(0.8), 10)",houghCircleAlt,0.675,28877378.185416665,29760587.0
"(np.float64(1.5), 190, 310, np.float64(0.8), 15)",houghCircleAlt,0.7895833333333333,27742610.435416665,28198943.0
"(np.float64(1.5), 190, 310, np.float64(0.8500000000000001), 5)",houghCircleAlt,0.6958333333333333,28517178.535416666,29534012.5
"(np.float64(1.5), 190, 310, np.float64(0.8500000000000001), 10)",houghCircleAlt,0.7770833333333333,30485971.902083334,31529170.5
"(np.float64(1.5), 190, 310, np.float64(0.8500000000000001), 15)",houghCircleAlt,0.8895833333333333,27349933.454166666,28092147.0
"(np.float64(1.5), 190, 310, np.float64(0.9000000000000001), 5)",houghCircleAlt,0.7895833333333333,30080188.658333335,31103638.0
"(np.float64(1.5), 190, 310, np.float64(0.9000000000000001), 10)",houghCircleAlt,0.8583333333333333,29801319.908333335,30714482.0
"(np.float64(1.5), 190, 310, np.float64(0.9000000000000001), 15)",houghCircleAlt,0.9395833333333333,28225471.354166668,28777087.0
"(np.float64(1.5), 190, 320, np.float64(0.7), 5)",houghCircleAlt,0.3729166666666667,29257507.9,30249294.0
"(np.float64(1.5), 190, 320, np.float64(0.7), 10)",houghCircleAlt,0.4479166666666667,28495370.752083335,29156203.5
"(np.float64(1.5), 190, 320, np.float64(0.7), 15)",houghCircleAlt,0.54375,27498339.50625,28116663.0
"(np.float64(1.5), 190, 320, np.float64(0.75), 5)",houghCircleAlt,0.4625,29574378.091666665,30544277.0
"(np.float64(1.5), 190, 320, np.float64(0.75), 10)",houghCircleAlt,0.5375,27353865.670833334,28179105.0
"(np.float64(1.5), 190, 320, np.float64(0.75), 15)",houghCircleAlt,0.6395833333333333,29449632.0625,30672007.0
"(np.float64(1.5), 190, 320, np.float64(0.8), 5)",houghCircleAlt,0.59375,29083277.95,29820849.5
"(np.float64(1.5), 190, 320, np.float64(0.8), 10)",houghCircleAlt,0.6708333333333333,29122438.585416667,29843808.5
"(np.float64(1.5), 190, 320, np.float64(0.8), 15)",houghCircleAlt,0.7895833333333333,28092616.377083335,28619095.5
"(np.float64(1.5), 190, 320, np.float64(0.8500000000000001), 5)",houghCircleAlt,0.7,30251062.097916666,31153129.0
"(np.float64(1.5), 190, 320, np.float64(0.8500000000000001), 10)",houghCircleAlt,0.7854166666666667,28331354.908333335,29106154.0
"(np.float64(1.5), 190, 320, np.float64(0.8500000000000001), 15)",houghCircleAlt,0.8895833333333333,27367041.097916666,27565825.0
"(np.float64(1.5), 190, 320, np.float64(0.9000000000000001), 5)",houghCircleAlt,0.7895833333333333,29801680.03125,30604320.0
"(np.float64(1.5), 190, 320, np.float64(0.9000000000000001), 10)",houghCircleAlt,0.8604166666666667,27338552.041666668,28161888.5
"(np.float64(1.5), 190, 320, np.float64(0.9000000000000001), 15)",houghCircleAlt,0.9375,27492210.525,27989399.0
"(np.float64(1.5), 190, 330, np.float64(0.7), 5)",houghCircleAlt,0.36666666666666664,30901656.53125,31847131.5
"(np.float64(1.5), 190, 330, np.float64(0.7), 10)",houghCircleAlt,0.45,28073699.972916666,28642429.5
"(np.float64(1.5), 190, 330, np.float64(0.7), 15)",houghCircleAlt,0.55,27781855.460416667,28102330.0
"(np.float64(1.5), 190, 330, np.float64(0.75), 5)",houghCircleAlt,0.46041666666666664,30396480.75,31267138.0
"(np.float64(1.5), 190, 330, np.float64(0.75), 10)",houghCircleAlt,0.5416666666666666,29188499.589583334,29882130.0
"(np.float64(1.5), 190, 330, np.float64(0.75), 15)",houghCircleAlt,0.6479166666666667,26972909.31875,27344354.5
"(np.float64(1.5), 190, 330, np.float64(0.8), 5)",houghCircleAlt,0.5833333333333334,29221394.410416666,29920016.5
"(np.float64(1.5), 190, 330, np.float64(0.8), 10)",houghCircleAlt,0.66875,28476382.333333332,29004207.5
"(np.float64(1.5), 190, 330, np.float64(0.8), 15)",houghCircleAlt,0.7916666666666666,26006533.38125,26587329.5
"(np.float64(1.5), 190, 330, np.float64(0.8500000000000001), 5)",houghCircleAlt,0.6875,29260154.9375,30054883.0
"(np.float64(1.5), 190, 330, np.float64(0.8500000000000001), 10)",houghCircleAlt,0.7833333333333333,30407918.983333334,31319898.0
"(np.float64(1.5), 190, 330, np.float64(0.8500000000000001), 15)",houghCircleAlt,0.8916666666666667,26940621.58125,27246399.0
"(np.float64(1.5), 190, 330, np.float64(0.9000000000000001), 5)",houghCircleAlt,0.7791666666666667,29675411.639583334,30733332.5
"(np.float64(1.5), 190, 330, np.float64(0.9000000000000001), 10)",houghCircleAlt,0.8583333333333333,29290574.7375,30165576.0
"(np.float64(1.5), 190, 330, np.float64(0.9000000000000001), 15)",houghCircleAlt,0.9375,26867154.485416666,27189158.5
"(np.float64(1.5), 190, 340, np.float64(0.7), 5)",houghCircleAlt,0.36666666666666664,30004509.977083333,30674648.0
"(np.float64(1.5), 190, 340, np.float64(0.7), 10)",houghCircleAlt,0.4479166666666667,28235487.489583332,28934241.0
"(np.float64(1.5), 190, 340, np.float64(0.7), 15)",houghCircleAlt,0.5395833333333333,25883497.270833332,26155092.5
"(np.float64(1.5), 190, 340, np.float64(0.75), 5)",houghCircleAlt,0.46041666666666664,29148731.920833334,29938897.0
"(np.float64(1.5), 190, 340, np.float64(0.75), 10)",houghCircleAlt,0.54375,28366589.94375,29137188.5
"(np.float64(1.5), 190, 340, np.float64(0.75), 15)",houghCircleAlt,0.6520833333333333,26865230.53125,27451480.0
"(np.float64(1.5), 190, 340, np.float64(0.8), 5)",houghCircleAlt,0.58125,30338343.083333332,31186738.0
"(np.float64(1.5), 190, 340, np.float64(0.8), 10)",houghCircleAlt,0.66875,28713598.441666666,29485477.0
"(np.float64(1.5), 190, 340, np.float64(0.8), 15)",houghCircleAlt,0.8,26700408.289583333,27185156.0
"(np.float64(1.5), 190, 340, np.float64(0.8500000000000001), 5)",houghCircleAlt,0.6958333333333333,30117347.7,30921711.5
"(np.float64(1.5), 190, 340, np.float64(0.8500000000000001), 10)",houghCircleAlt,0.78125,29018372.13125,29622709.0
"(np.float64(1.5), 190, 340, np.float64(0.8500000000000001), 15)",houghCircleAlt,0.89375,27174884.408333335,27700347.0
"(np.float64(1.5), 190, 340, np.float64(0.9000000000000001), 5)",houghCircleAlt,0.7854166666666667,27874485.883333333,28858659.0
"(np.float64(1.5), 190, 340, np.float64(0.9000000000000001), 10)",houghCircleAlt,0.85625,28217535.897916667,28729069.5
"(np.float64(1.5), 190, 340, np.float64(0.9000000000000001), 15)",houghCircleAlt,0.9375,27007122.625,27461149.0
"(np.float64(1.5), 190, 350, np.float64(0.7), 5)",houghCircleAlt,0.37083333333333335,28536076.572916668,29129152.0
"(np.float64(1.5), 190, 350, np.float64(0.7), 10)",houghCircleAlt,0.45208333333333334,29165862.672916666,29983074.0
"(np.float64(1.5), 190, 350, np.float64(0.7), 15)",houghCircleAlt,0.5395833333333333,27603607.002083335,27957249.0
"(np.float64(1.5), 190, 350, np.float64(0.75), 5)",houghCircleAlt,0.46458333333333335,28508465.11875,28959310.0
"(np.float64(1.5), 190, 350, np.float64(0.75), 10)",houghCircleAlt,0.5395833333333333,29114984.691666666,29534093.0
"(np.float64(1.5), 190, 350, np.float64(0.75), 15)",houghCircleAlt,0.65,26893482.591666665,27415999.0
"(np.float64(1.5), 190, 350, np.float64(0.8), 5)",houghCircleAlt,0.5895833333333333,27696807.470833335,28379196.0
"(np.float64(1.5), 190, 350, np.float64(0.8), 10)",houghCircleAlt,0.6645833333333333,28897328.010416668,29441618.5
"(np.float64(1.5), 190, 350, np.float64(0.8), 15)",houghCircleAlt,0.8083333333333333,27183833.85,27868342.0
"(np.float64(1.5), 190, 350, np.float64(0.8500000000000001), 5)",houghCircleAlt,0.6916666666666667,29304723.75,30112277.0
"(np.float64(1.5), 190, 350, np.float64(0.8500000000000001), 10)",houghCircleAlt,0.7791666666666667,27638148.71875,28239738.5
"(np.float64(1.5), 190, 350, np.float64(0.8500000000000001), 15)",houghCircleAlt,0.8958333333333334,28310593.341666665,28768911.5
"(np.float64(1.5), 190, 350, np.float64(0.9000000000000001), 5)",houghCircleAlt,0.7875,29325943.002083335,30112856.5
"(np.float64(1.5), 190, 350, np.float64(0.9000000000000001), 10)",houghCircleAlt,0.8520833333333333,27855768.5125,28351183.5
"(np.float64(1.5), 190, 350, np.float64(0.9000000000000001), 15)",houghCircleAlt,0.9354166666666667,26949945.114583332,27382727.5
"(np.float64(1.5), 190, 360, np.float64(0.7), 5)",houghCircleAlt,0.3645833333333333,29906695.489583332,30701442.5
"(np.float64(1.5), 190, 360, np.float64(0.7), 10)",houghCircleAlt,0.45208333333333334,26717913.220833335,27142825.0
"(np.float64(1.5), 190, 360, np.float64(0.7), 15)",houghCircleAlt,0.5333333333333333,27550307.666666668,27903118.5
"(np.float64(1.5), 190, 360, np.float64(0.75), 5)",houghCircleAlt,0.4625,28602980.860416666,29138209.0
"(np.float64(1.5), 190, 360, np.float64(0.75), 10)",houghCircleAlt,0.54375,28263524.79375,28911089.5
"(np.float64(1.5), 190, 360, np.float64(0.75), 15)",houghCircleAlt,0.6458333333333334,26369555.652083334,26681385.0
"(np.float64(1.5), 190, 360, np.float64(0.8), 5)",houghCircleAlt,0.5916666666666667,29727862.764583334,30694298.0
"(np.float64(1.5), 190, 360, np.float64(0.8), 10)",houghCircleAlt,0.6708333333333333,27702628.616666667,28251787.5
"(np.float64(1.5), 190, 360, np.float64(0.8), 15)",houghCircleAlt,0.8020833333333334,27296607.49375,27604892.0
"(np.float64(1.5), 190, 360, np.float64(0.8500000000000001), 5)",houghCircleAlt,0.6979166666666666,28542328.404166665,29277500.5
"(np.float64(1.5), 190, 360, np.float64(0.8500000000000001), 10)",houghCircleAlt,0.7770833333333333,26502906.820833333,27046120.0
"(np.float64(1.5), 190, 360, np.float64(0.8500000000000001), 15)",houghCircleAlt,0.8916666666666667,27567253.275,27758581.5
"(np.float64(1.5), 190, 360, np.float64(0.9000000000000001), 5)",houghCircleAlt,0.7875,29836614.525,30656002.5
"(np.float64(1.5), 190, 360, np.float64(0.9000000000000001), 10)",houghCircleAlt,0.8520833333333333,28079547.410416666,28671339.0
"(np.float64(1.5), 190, 360, np.float64(0.9000000000000001), 15)",houghCircleAlt,0.9333333333333333,27126499.408333335,27523996.0
"(np.float64(1.5), 190, 370, np.float64(0.7), 5)",houghCircleAlt,0.36041666666666666,28071321.06875,28666494.5
"(np.float64(1.5), 190, 370, np.float64(0.7), 10)",houghCircleAlt,0.4583333333333333,28884473.158333335,29368758.0
"(np.float64(1.5), 190, 370, np.float64(0.7), 15)",houghCircleAlt,0.54375,27062610.9,27261083.5
"(np.float64(1.5), 190, 370, np.float64(0.75), 5)",houghCircleAlt,0.4583333333333333,28239448.14375,28907676.0
"(np.float64(1.5), 190, 370, np.float64(0.75), 10)",houghCircleAlt,0.55,27688484.045833334,28118952.5
"(np.float64(1.5), 190, 370, np.float64(0.75), 15)",houghCircleAlt,0.6520833333333333,25499987.522916667,25821713.0
"(np.float64(1.5), 190, 370, np.float64(0.8), 5)",houghCircleAlt,0.5916666666666667,29472503.19375,30069637.0
"(np.float64(1.5), 190, 370, np.float64(0.8), 10)",houghCircleAlt,0.66875,28603789.820833333,28934387.0
"(np.float64(1.5), 190, 370, np.float64(0.8), 15)",houghCircleAlt,0.7958333333333333,26919941.41875,27370939.5
"(np.float64(1.5), 190, 370, np.float64(0.8500000000000001), 5)",houghCircleAlt,0.69375,28565628.7375,28921728.5
"(np.float64(1.5), 190, 370, np.float64(0.8500000000000001), 10)",houghCircleAlt,0.775,27457795.595833335,28159975.0
"(np.float64(1.5), 190, 370, np.float64(0.8500000000000001), 15)",houghCircleAlt,0.8916666666666667,27277108.147916667,27549821.5
"(np.float64(1.5), 190, 370, np.float64(0.9000000000000001), 5)",houghCircleAlt,0.7854166666666667,29838887.404166665,30432121.5
"(np.float64(1.5), 190, 370, np.float64(0.9000000000000001), 10)",houghCircleAlt,0.8520833333333333,27572675.497916665,28128230.0
"(np.float64(1.5), 190, 370, np.float64(0.9000000000000001), 15)",houghCircleAlt,0.93125,25512599.6875,25853387.5
"(np.float64(1.5), 190, 380, np.float64(0.7), 5)",houghCircleAlt,0.3625,28318308.204166666,28909829.0
"(np.float64(1.5), 190, 380, np.float64(0.7), 10)",houghCircleAlt,0.46458333333333335,28305432.025,28493891.5
"(np.float64(1.5), 190, 380, np.float64(0.7), 15)",houghCircleAlt,0.55625,26627441.302083332,26925634.5
"(np.float64(1.5), 190, 380, np.float64(0.75), 5)",houghCircleAlt,0.45208333333333334,29325319.69375,29612961.0
"(np.float64(1.5), 190, 380, np.float64(0.75), 10)",houghCircleAlt,0.55,27470077.179166667,27690830.0
"(np.float64(1.5), 190, 380, np.float64(0.75), 15)",houghCircleAlt,0.65625,26307012.4125,26670372.0
"(np.float64(1.5), 190, 380, np.float64(0.8), 5)",houghCircleAlt,0.5895833333333333,28773323.64375,29105800.0
"(np.float64(1.5), 190, 380, np.float64(0.8), 10)",houghCircleAlt,0.6666666666666666,26548523.65625,27053419.0
"(np.float64(1.5), 190, 380, np.float64(0.8), 15)",houghCircleAlt,0.7979166666666667,26338419.883333333,26545101.5
"(np.float64(1.5), 190, 380, np.float64(0.8500000000000001), 5)",houghCircleAlt,0.6958333333333333,29551410.339583334,30144606.5
"(np.float64(1.5), 190, 380, np.float64(0.8500000000000001), 10)",houghCircleAlt,0.7770833333333333,27717889.445833333,28428523.0
"(np.float64(1.5), 190, 380, np.float64(0.8500000000000001), 15)",houghCircleAlt,0.8958333333333334,26715848.166666668,27333710.0
"(np.float64(1.5), 190, 380, np.float64(0.9000000000000001), 5)",houghCircleAlt,0.7875,29357192.3875,29723348.5
"(np.float64(1.5), 190, 380, np.float64(0.9000000000000001), 10)",houghCircleAlt,0.85,28429262.2,28642840.0
"(np.float64(1.5), 190, 380, np.float64(0.9000000000000001), 15)",houghCircleAlt,0.93125,26519883.25,26669783.5
"(np.float64(1.5), 190, 390, np.float64(0.7), 5)",houghCircleAlt,0.3645833333333333,27674739.722916666,27939489.5
"(np.float64(1.5), 190, 390, np.float64(0.7), 10)",houghCircleAlt,0.4666666666666667,26153966.672916666,26436465.5
"(np.float64(1.5), 190, 390, np.float64(0.7), 15)",houghCircleAlt,0.5625,26052238.560416665,26216749.5
"(np.float64(1.5), 190, 390, np.float64(0.75), 5)",houghCircleAlt,0.45208333333333334,28699665.902083334,28921758.5
"(np.float64(1.5), 190, 390, np.float64(0.75), 10)",houghCircleAlt,0.54375,27375058.529166665,27787898.5
"(np.float64(1.5), 190, 390, np.float64(0.75), 15)",houghCircleAlt,0.6604166666666667,27669651.860416666,28108928.5
"(np.float64(1.5), 190, 390, np.float64(0.8), 5)",houghCircleAlt,0.59375,28320842.120833334,28503940.0
"(np.float64(1.5), 190, 390, np.float64(0.8), 10)",houghCircleAlt,0.6708333333333333,28212030.397916667,28441333.5
"(np.float64(1.5), 190, 390, np.float64(0.8), 15)",houghCircleAlt,0.7958333333333333,26893992.497916665,26998556.5
"(np.float64(1.5), 190, 390, np.float64(0.8500000000000001), 5)",houghCircleAlt,0.7020833333333333,29228455.66875,29532041.0
"(np.float64(1.5), 190, 390, np.float64(0.8500000000000001), 10)",houghCircleAlt,0.7770833333333333,27071567.879166666,27392271.0
"(np.float64(1.5), 190, 390, np.float64(0.8500000000000001), 15)",houghCircleAlt,0.8875,25175886.345833335,25372373.5
"(np.float64(1.5), 190, 390, np.float64(0.9000000000000001), 5)",houghCircleAlt,0.7833333333333333,28205347.783333335,28594745.5
"(np.float64(1.5), 190, 390, np.float64(0.9000000000000001), 10)",houghCircleAlt,0.85,27825440.20625,28137642.5
"(np.float64(1.5), 190, 390, np.float64(0.9000000000000001), 15)",houghCircleAlt,0.9291666666666667,26203444.285416666,26563110.0
"(np.float64(1.5), 200, 300, np.float64(0.7), 5)",houghCircleAlt,0.3770833333333333,32463442.816666666,33835612.5
"(np.float64(1.5), 200, 300, np.float64(0.7), 10)",houghCircleAlt,0.4791666666666667,30013920.8125,30785120.0
"(np.float64(1.5), 200, 300, np.float64(0.7), 15)",houghCircleAlt,0.55625,29239312.43125,29809583.5
"(np.float64(1.5), 200, 300, np.float64(0.75), 5)",houghCircleAlt,0.48333333333333334,30994581.33125,32112219.5
"(np.float64(1.5), 200, 300, np.float64(0.75), 10)",houghCircleAlt,0.5520833333333334,30567822.166666668,31511907.5
"(np.float64(1.5), 200, 300, np.float64(0.75), 15)",houghCircleAlt,0.65625,28340401.947916668,28942609.0
"(np.float64(1.5), 200, 300, np.float64(0.8), 5)",houghCircleAlt,0.6020833333333333,29242515.9375,30264323.5
"(np.float64(1.5), 200, 300, np.float64(0.8), 10)",houghCircleAlt,0.68125,30297946.6,31220801.5
"(np.float64(1.5), 200, 300, np.float64(0.8), 15)",houghCircleAlt,0.7979166666666667,28876111.008333333,29253822.0
"(np.float64(1.5), 200, 300, np.float64(0.8500000000000001), 5)",houghCircleAlt,0.6979166666666666,30384711.6125,31340783.0
"(np.float64(1.5), 200, 300, np.float64(0.8500000000000001), 10)",houghCircleAlt,0.7791666666666667,31475574.816666666,32708743.5
"(np.float64(1.5), 200, 300, np.float64(0.8500000000000001), 15)",houghCircleAlt,0.8854166666666666,28585975.39375,29141926.5
"(np.float64(1.5), 200, 300, np.float64(0.9000000000000001), 5)",houghCircleAlt,0.7854166666666667,31478274.283333335,32444357.0
"(np.float64(1.5), 200, 300, np.float64(0.9000000000000001), 10)",houghCircleAlt,0.8604166666666667,29759724.7875,30604570.5
"(np.float64(1.5), 200, 300, np.float64(0.9000000000000001), 15)",houghCircleAlt,0.9375,27952388.016666666,28435585.5
"(np.float64(1.5), 200, 310, np.float64(0.7), 5)",houghCircleAlt,0.37916666666666665,31165685.922916666,32270219.5
"(np.float64(1.5), 200, 310, np.float64(0.7), 10)",houghCircleAlt,0.4708333333333333,27911825.01875,28831434.0
"(np.float64(1.5), 200, 310, np.float64(0.7), 15)",houghCircleAlt,0.5520833333333334,29268469.566666666,29806122.5
"(np.float64(1.5), 200, 310, np.float64(0.75), 5)",houghCircleAlt,0.47708333333333336,30744148.941666666,31438304.5
"(np.float64(1.5), 200, 310, np.float64(0.75), 10)",houghCircleAlt,0.55625,29234115.754166666,30041957.5
"(np.float64(1.5), 200, 310, np.float64(0.75), 15)",houghCircleAlt,0.6541666666666667,28394416.485416666,29161413.0
"(np.float64(1.5), 200, 310, np.float64(0.8), 5)",houghCircleAlt,0.60625,31505029.247916665,32588667.5
"(np.float64(1.5), 200, 310, np.float64(0.8), 10)",houghCircleAlt,0.6875,29224348.789583333,30071591.0
"(np.float64(1.5), 200, 310, np.float64(0.8), 15)",houghCircleAlt,0.8,28963310.320833333,29521249.5
"(np.float64(1.5), 200, 310, np.float64(0.8500000000000001), 5)",houghCircleAlt,0.6979166666666666,30537120.585416667,31366265.0
"(np.float64(1.5), 200, 310, np.float64(0.8500000000000001), 10)",houghCircleAlt,0.7833333333333333,30074689.4375,31126298.0
"(np.float64(1.5), 200, 310, np.float64(0.8500000000000001), 15)",houghCircleAlt,0.8895833333333333,26817904.135416668,27453649.0
"(np.float64(1.5), 200, 310, np.float64(0.9000000000000001), 5)",houghCircleAlt,0.7895833333333333,31383144.7875,32149644.5
"(np.float64(1.5), 200, 310, np.float64(0.9000000000000001), 10)",houghCircleAlt,0.8604166666666667,29856954.485416666,30569038.0
"(np.float64(1.5), 200, 310, np.float64(0.9000000000000001), 15)",houghCircleAlt,0.9395833333333333,28087322.108333334,28647504.0
"(np.float64(1.5), 200, 320, np.float64(0.7), 5)",houghCircleAlt,0.38333333333333336,30183056.502083335,31194466.0
"(np.float64(1.5), 200, 320, np.float64(0.7), 10)",houghCircleAlt,0.47291666666666665,30486871.80625,31421569.0
"(np.float64(1.5), 200, 320, np.float64(0.7), 15)",houghCircleAlt,0.5625,27410081.404166665,27922228.0
"(np.float64(1.5), 200, 320, np.float64(0.75), 5)",houghCircleAlt,0.48333333333333334,30739467.829166666,31360452.5
"(np.float64(1.5), 200, 320, np.float64(0.75), 10)",houghCircleAlt,0.5583333333333333,29437273.3,29818882.0
"(np.float64(1.5), 200, 320, np.float64(0.75), 15)",houghCircleAlt,0.6583333333333333,28707298.316666666,29327565.0
"(np.float64(1.5), 200, 320, np.float64(0.8), 5)",houghCircleAlt,0.6083333333333333,28749618.022916667,29869282.0
"(np.float64(1.5), 200, 320, np.float64(0.8), 10)",houghCircleAlt,0.68125,30425156.45625,31148736.5
"(np.float64(1.5), 200, 320, np.float64(0.8), 15)",houghCircleAlt,0.8,27850497.741666667,28203160.0
"(np.float64(1.5), 200, 320, np.float64(0.8500000000000001), 5)",houghCircleAlt,0.7020833333333333,30445083.970833335,31501158.0
"(np.float64(1.5), 200, 320, np.float64(0.8500000000000001), 10)",houghCircleAlt,0.7916666666666666,29367693.360416666,30311626.5
"(np.float64(1.5), 200, 320, np.float64(0.8500000000000001), 15)",houghCircleAlt,0.8895833333333333,27491501.358333334,28118266.5
"(np.float64(1.5), 200, 320, np.float64(0.9000000000000001), 5)",houghCircleAlt,0.7895833333333333,31203916.954166666,32102620.0
"(np.float64(1.5), 200, 320, np.float64(0.9000000000000001), 10)",houghCircleAlt,0.8625,29913228.76875,30533301.0
"(np.float64(1.5), 200, 320, np.float64(0.9000000000000001), 15)",houghCircleAlt,0.9375,28171725.470833335,28654186.0
"(np.float64(1.5), 200, 330, np.float64(0.7), 5)",houghCircleAlt,0.37916666666666665,30347717.15625,31326874.5
"(np.float64(1.5), 200, 330, np.float64(0.7), 10)",houghCircleAlt,0.46458333333333335,27627482.679166667,28337953.0
"(np.float64(1.5), 200, 330, np.float64(0.7), 15)",houghCircleAlt,0.5729166666666666,27531022.366666667,27969398.0
"(np.float64(1.5), 200, 330, np.float64(0.75), 5)",houghCircleAlt,0.48541666666666666,31167158.622916665,31807141.5
"(np.float64(1.5), 200, 330, np.float64(0.75), 10)",houghCircleAlt,0.55625,29400240.80625,30248707.5
"(np.float64(1.5), 200, 330, np.float64(0.75), 15)",houghCircleAlt,0.66875,28124518.00625,28816081.0
"(np.float64(1.5), 200, 330, np.float64(0.8), 5)",houghCircleAlt,0.6020833333333333,29479068.389583334,30404681.5
"(np.float64(1.5), 200, 330, np.float64(0.8), 10)",houghCircleAlt,0.675,29074964.6125,29736261.5
"(np.float64(1.5), 200, 330, np.float64(0.8), 15)",houghCircleAlt,0.8020833333333334,26636381.291666668,26983557.5
"(np.float64(1.5), 200, 330, np.float64(0.8500000000000001), 5)",houghCircleAlt,0.69375,30622496.989583332,31450556.5
"(np.float64(1.5), 200, 330, np.float64(0.8500000000000001), 10)",houghCircleAlt,0.7854166666666667,27579953.927083332,28444414.0
"(np.float64(1.5), 200, 330, np.float64(0.8500000000000001), 15)",houghCircleAlt,0.8916666666666667,28248736.429166667,28842878.5
"(np.float64(1.5), 200, 330, np.float64(0.9000000000000001), 5)",houghCircleAlt,0.7791666666666667,29613917.702083334,30400972.5
"(np.float64(1.5), 200, 330, np.float64(0.9000000000000001), 10)",houghCircleAlt,0.8583333333333333,29142804.85,29779021.0
"(np.float64(1.5), 200, 330, np.float64(0.9000000000000001), 15)",houghCircleAlt,0.9375,29355785.075,29975731.0
"(np.float64(1.5), 200, 340, np.float64(0.7), 5)",houghCircleAlt,0.37916666666666665,29917154.5875,30719798.0
"(np.float64(1.5), 200, 340, np.float64(0.7), 10)",houghCircleAlt,0.46041666666666664,28263409.125,28840288.5
"(np.float64(1.5), 200, 340, np.float64(0.7), 15)",houghCircleAlt,0.5666666666666667,28787162.152083334,29202174.0
"(np.float64(1.5), 200, 340, np.float64(0.75), 5)",houghCircleAlt,0.48333333333333334,29744207.691666666,30447706.5
"(np.float64(1.5), 200, 340, np.float64(0.75), 10)",houghCircleAlt,0.5520833333333334,27242050.275,27806541.0
"(np.float64(1.5), 200, 340, np.float64(0.75), 15)",houghCircleAlt,0.6729166666666667,28251192.345833335,28744386.5
"(np.float64(1.5), 200, 340, np.float64(0.8), 5)",houghCircleAlt,0.5979166666666667,30370059.939583335,31080217.5
"(np.float64(1.5), 200, 340, np.float64(0.8), 10)",houghCircleAlt,0.6729166666666667,28428602.264583334,28989034.5
"(np.float64(1.5), 200, 340, np.float64(0.8), 15)",houghCircleAlt,0.8104166666666667,27920163.854166668,28520986.5
"(np.float64(1.5), 200, 340, np.float64(0.8500000000000001), 5)",houghCircleAlt,0.7020833333333333,30957029.929166667,31733298.0
"(np.float64(1.5), 200, 340, np.float64(0.8500000000000001), 10)",houghCircleAlt,0.7833333333333333,29048047.314583335,29740730.5
"(np.float64(1.5), 200, 340, np.float64(0.8500000000000001), 15)",houghCircleAlt,0.89375,27121389.402083334,27574787.0
"(np.float64(1.5), 200, 340, np.float64(0.9000000000000001), 5)",houghCircleAlt,0.7854166666666667,30795742.239583332,31827460.0
"(np.float64(1.5), 200, 340, np.float64(0.9000000000000001), 10)",houghCircleAlt,0.85625,27232425.2625,27873551.5
"(np.float64(1.5), 200, 340, np.float64(0.9000000000000001), 15)",houghCircleAlt,0.9375,27705983.754166666,28058387.5
"(np.float64(1.5), 200, 350, np.float64(0.7), 5)",houghCircleAlt,0.3854166666666667,30020717.372916665,30740234.5
"(np.float64(1.5), 200, 350, np.float64(0.7), 10)",houghCircleAlt,0.4666666666666667,29429099.135416668,30122951.5
"(np.float64(1.5), 200, 350, np.float64(0.7), 15)",houghCircleAlt,0.5666666666666667,27324098.9125,27648109.5
"(np.float64(1.5), 200, 350, np.float64(0.75), 5)",houghCircleAlt,0.4875,29695584.25625,30352351.5
"(np.float64(1.5), 200, 350, np.float64(0.75), 10)",houghCircleAlt,0.5541666666666667,29942668.29375,30489930.0
"(np.float64(1.5), 200, 350, np.float64(0.75), 15)",houghCircleAlt,0.6729166666666667,27091041.358333334,27566170.0
"(np.float64(1.5), 200, 350, np.float64(0.8), 5)",houghCircleAlt,0.6083333333333333,29589740.03125,30227118.5
"(np.float64(1.5), 200, 350, np.float64(0.8), 10)",houghCircleAlt,0.6729166666666667,27084875.108333334,27809392.5
"(np.float64(1.5), 200, 350, np.float64(0.8), 15)",houghCircleAlt,0.81875,27772923.489583332,28233346.5
"(np.float64(1.5), 200, 350, np.float64(0.8500000000000001), 5)",houghCircleAlt,0.7,30530097.5875,31529535.5
"(np.float64(1.5), 200, 350, np.float64(0.8500000000000001), 10)",houghCircleAlt,0.78125,29264680.385416668,29826600.5
"(np.float64(1.5), 200, 350, np.float64(0.8500000000000001), 15)",houghCircleAlt,0.8958333333333334,28133664.208333332,28481567.5
"(np.float64(1.5), 200, 350, np.float64(0.9000000000000001), 5)",houghCircleAlt,0.7875,29310792.9875,30022387.5
"(np.float64(1.5), 200, 350, np.float64(0.9000000000000001), 10)",houghCircleAlt,0.8520833333333333,29076484.452083334,29614934.0
"(np.float64(1.5), 200, 350, np.float64(0.9000000000000001), 15)",houghCircleAlt,0.9354166666666667,27199422.029166665,27598601.0
"(np.float64(1.5), 200, 360, np.float64(0.7), 5)",houghCircleAlt,0.37916666666666665,30636663.241666667,31239306.5
"(np.float64(1.5), 200, 360, np.float64(0.7), 10)",houghCircleAlt,0.4625,28740073.3375,29317697.0
"(np.float64(1.5), 200, 360, np.float64(0.7), 15)",houghCircleAlt,0.5583333333333333,25846345.235416666,26160765.5
"(np.float64(1.5), 200, 360, np.float64(0.75), 5)",houghCircleAlt,0.48125,29391253.097916666,29998273.0
"(np.float64(1.5), 200, 360, np.float64(0.75), 10)",houghCircleAlt,0.55625,29639037.827083334,30392507.5
"(np.float64(1.5), 200, 360, np.float64(0.75), 15)",houghCircleAlt,0.6708333333333333,28006736.691666666,28077044.5
"(np.float64(1.5), 200, 360, np.float64(0.8), 5)",houghCircleAlt,0.6083333333333333,30000572.25625,30370406.0
"(np.float64(1.5), 200, 360, np.float64(0.8), 10)",houghCircleAlt,0.6770833333333334,28214342.9875,28785061.0
"(np.float64(1.5), 200, 360, np.float64(0.8), 15)",houghCircleAlt,0.8145833333333333,27697993.920833334,28057597.0
"(np.float64(1.5), 200, 360, np.float64(0.8500000000000001), 5)",houghCircleAlt,0.7041666666666667,28831110.835416667,29572003.5
"(np.float64(1.5), 200, 360, np.float64(0.8500000000000001), 10)",houghCircleAlt,0.7770833333333333,26707972.76875,27256193.5
"(np.float64(1.5), 200, 360, np.float64(0.8500000000000001), 15)",houghCircleAlt,0.8916666666666667,29026662.914583333,29361078.0
"(np.float64(1.5), 200, 360, np.float64(0.9000000000000001), 5)",houghCircleAlt,0.7875,29480306.527083334,30342830.5
"(np.float64(1.5), 200, 360, np.float64(0.9000000000000001), 10)",houghCircleAlt,0.8520833333333333,28634953.416666668,29108467.5
"(np.float64(1.5), 200, 360, np.float64(0.9000000000000001), 15)",houghCircleAlt,0.9354166666666667,28558865.733333334,29237237.0
"(np.float64(1.5), 200, 370, np.float64(0.7), 5)",houghCircleAlt,0.3770833333333333,29711573.960416667,30150221.5
"(np.float64(1.5), 200, 370, np.float64(0.7), 10)",houghCircleAlt,0.475,29036443.358333334,29615385.0
"(np.float64(1.5), 200, 370, np.float64(0.7), 15)",houghCircleAlt,0.5604166666666667,27011881.814583335,27402186.5
"(np.float64(1.5), 200, 370, np.float64(0.75), 5)",houghCircleAlt,0.475,29479109.454166666,29915874.0
"(np.float64(1.5), 200, 370, np.float64(0.75), 10)",houghCircleAlt,0.5666666666666667,27622718.4125,28061669.0
"(np.float64(1.5), 200, 370, np.float64(0.75), 15)",houghCircleAlt,0.6666666666666666,25763586.41875,26316291.0
"(np.float64(1.5), 200, 370, np.float64(0.8), 5)",houghCircleAlt,0.6041666666666666,30356586.127083335,30964014.5
"(np.float64(1.5), 200, 370, np.float64(0.8), 10)",houghCircleAlt,0.675,28551052.227083333,28898438.5
"(np.float64(1.5), 200, 370, np.float64(0.8), 15)",houghCircleAlt,0.8020833333333334,27278153.291666668,27682192.5
"(np.float64(1.5), 200, 370, np.float64(0.8500000000000001), 5)",houghCircleAlt,0.6979166666666666,30194107,30838238.5
"(np.float64(1.5), 200, 370, np.float64(0.8500000000000001), 10)",houghCircleAlt,0.7770833333333333,29017385.99375,29246628.5
"(np.float64(1.5), 200, 370, np.float64(0.8500000000000001), 15)",houghCircleAlt,0.8916666666666667,28003990.183333334,28471128.5
"(np.float64(1.5), 200, 370, np.float64(0.9000000000000001), 5)",houghCircleAlt,0.7854166666666667,28802614.885416668,29301997.5
"(np.float64(1.5), 200, 370, np.float64(0.9000000000000001), 10)",houghCircleAlt,0.8520833333333333,26860918.177083332,27394178.0
"(np.float64(1.5), 200, 370, np.float64(0.9000000000000001), 15)",houghCircleAlt,0.9333333333333333,27576951.933333334,27749544.5
"(np.float64(1.5), 200, 380, np.float64(0.7), 5)",houghCircleAlt,0.3770833333333333,28425910.845833335,28787486.5
"(np.float64(1.5), 200, 380, np.float64(0.7), 10)",houghCircleAlt,0.47291666666666665,28460528.935416665,29011391.5
"(np.float64(1.5), 200, 380, np.float64(0.7), 15)",houghCircleAlt,0.5708333333333333,28420971.579166666,28826793.5
"(np.float64(1.5), 200, 380, np.float64(0.75), 5)",houghCircleAlt,0.46875,29172742.81875,29742654.0
"(np.float64(1.5), 200, 380, np.float64(0.75), 10)",houghCircleAlt,0.5625,29510827.6625,30004644.5
"(np.float64(1.5), 200, 380, np.float64(0.75), 15)",houghCircleAlt,0.6708333333333333,27920567.291666668,28084488.0
"(np.float64(1.5), 200, 380, np.float64(0.8), 5)",houghCircleAlt,0.6,29925377.645833332,30247110.0
"(np.float64(1.5), 200, 380, np.float64(0.8), 10)",houghCircleAlt,0.675,28162180.852083333,28334548.0
"(np.float64(1.5), 200, 380, np.float64(0.8), 15)",houghCircleAlt,0.8041666666666667,25772905.722916666,26236241.0
"(np.float64(1.5), 200, 380, np.float64(0.8500000000000001), 5)",houghCircleAlt,0.6979166666666666,29545791.970833335,30102354.5
"(np.float64(1.5), 200, 380, np.float64(0.8500000000000001), 10)",houghCircleAlt,0.78125,27878642.29375,28128785.5
"(np.float64(1.5), 200, 380, np.float64(0.8500000000000001), 15)",houghCircleAlt,0.8958333333333334,27622599.654166665,27771286.0
"(np.float64(1.5), 200, 380, np.float64(0.9000000000000001), 5)",houghCircleAlt,0.7875,29462996.389583334,30076623.5
"(np.float64(1.5), 200, 380, np.float64(0.9000000000000001), 10)",houghCircleAlt,0.8520833333333333,28785007.325,29093420.5
"(np.float64(1.5), 200, 380, np.float64(0.9000000000000001), 15)",houghCircleAlt,0.9333333333333333,28012336.641666666,28291580.0
"(np.float64(1.5), 200, 390, np.float64(0.7), 5)",houghCircleAlt,0.37916666666666665,30406833.454166666,31095852.0
"(np.float64(1.5), 200, 390, np.float64(0.7), 10)",houghCircleAlt,0.475,29041922.697916668,29320602.0
"(np.float64(1.5), 200, 390, np.float64(0.7), 15)",houghCircleAlt,0.5729166666666666,26911207.502083335,27012706.5
"(np.float64(1.5), 200, 390, np.float64(0.75), 5)",houghCircleAlt,0.4708333333333333,27445555.172916666,27913389.0
"(np.float64(1.5), 200, 390, np.float64(0.75), 10)",houghCircleAlt,0.5583333333333333,27797611.7125,27971846.0
"(np.float64(1.5), 200, 390, np.float64(0.75), 15)",houghCircleAlt,0.6729166666666667,27244242.8625,27665095.0
"(np.float64(1.5), 200, 390, np.float64(0.8), 5)",houghCircleAlt,0.6041666666666666,28749936.827083334,29260188.0
"(np.float64(1.5), 200, 390, np.float64(0.8), 10)",houghCircleAlt,0.6791666666666667,28096805.30625,28461093.5
"(np.float64(1.5), 200, 390, np.float64(0.8), 15)",houghCircleAlt,0.8,27403180.35625,27615473.5
"(np.float64(1.5), 200, 390, np.float64(0.8500000000000001), 5)",houghCircleAlt,0.7041666666666667,29405347.945833333,29862462.5
"(np.float64(1.5), 200, 390, np.float64(0.8500000000000001), 10)",houghCircleAlt,0.7791666666666667,26888285.464583334,27215975.0
"(np.float64(1.5), 200, 390, np.float64(0.8500000000000001), 15)",houghCircleAlt,0.8875,26675082.14375,27055307.0
"(np.float64(1.5), 200, 390, np.float64(0.9000000000000001), 5)",houghCircleAlt,0.7833333333333333,29266983.7625,29689883.0
"(np.float64(1.5), 200, 390, np.float64(0.9000000000000001), 10)",houghCircleAlt,0.8520833333333333,26490411.189583335,26646842.0
"(np.float64(1.5), 200, 390, np.float64(0.9000000000000001), 15)",houghCircleAlt,0.93125,27111138.31875,27184062.5
"(np.float64(1.5), 210, 300, np.float64(0.7), 5)",houghCircleAlt,0.4041666666666667,31097210.3,32299099.5
"(np.float64(1.5), 210, 300, np.float64(0.7), 10)",houghCircleAlt,0.5020833333333333,30338389.827083334,31306617.5
"(np.float64(1.5), 210, 300, np.float64(0.7), 15)",houghCircleAlt,0.5666666666666667,29509784.491666667,30182739.0
"(np.float64(1.5), 210, 300, np.float64(0.75), 5)",houghCircleAlt,0.5125,31250153.910416666,32483575.5
"(np.float64(1.5), 210, 300, np.float64(0.75), 10)",houghCircleAlt,0.5708333333333333,30786741.90625,31753852.0
"(np.float64(1.5), 210, 300, np.float64(0.75), 15)",houghCircleAlt,0.6625,30409904.7375,31282252.5
"(np.float64(1.5), 210, 300, np.float64(0.8), 5)",houghCircleAlt,0.6208333333333333,30897335.710416667,31969752.0
"(np.float64(1.5), 210, 300, np.float64(0.8), 10)",houghCircleAlt,0.6958333333333333,30810233.483333334,31537897.0
"(np.float64(1.5), 210, 300, np.float64(0.8), 15)",houghCircleAlt,0.8020833333333334,27155478.027083334,27795250.0
"(np.float64(1.5), 210, 300, np.float64(0.8500000000000001), 5)",houghCircleAlt,0.7041666666666667,31474939.822916668,32754814.0
"(np.float64(1.5), 210, 300, np.float64(0.8500000000000001), 10)",houghCircleAlt,0.7833333333333333,29664710.258333333,30550279.0
"(np.float64(1.5), 210, 300, np.float64(0.8500000000000001), 15)",houghCircleAlt,0.8875,28867327.154166665,29425372.0
"(np.float64(1.5), 210, 300, np.float64(0.9000000000000001), 5)",houghCircleAlt,0.7854166666666667,32152409.0875,32851921.5
"(np.float64(1.5), 210, 300, np.float64(0.9000000000000001), 10)",houghCircleAlt,0.8583333333333333,30337477.48125,31073725.5
"(np.float64(1.5), 210, 300, np.float64(0.9000000000000001), 15)",houghCircleAlt,0.93125,29440850.060416665,30164949.0
"(np.float64(1.5), 210, 310, np.float64(0.7), 5)",houghCircleAlt,0.4041666666666667,31973496.554166667,33074559.0
"(np.float64(1.5), 210, 310, np.float64(0.7), 10)",houghCircleAlt,0.49583333333333335,28163361.222916666,28933389.0
"(np.float64(1.5), 210, 310, np.float64(0.7), 15)",houghCircleAlt,0.5604166666666667,28391460.539583333,28998641.0
"(np.float64(1.5), 210, 310, np.float64(0.75), 5)",houghCircleAlt,0.50625,31442242.822916668,32594042.5
"(np.float64(1.5), 210, 310, np.float64(0.75), 10)",houghCircleAlt,0.575,30363624.279166665,31221673.5
"(np.float64(1.5), 210, 310, np.float64(0.75), 15)",houghCircleAlt,0.65625,28142369,28869585.5
"(np.float64(1.5), 210, 310, np.float64(0.8), 5)",houghCircleAlt,0.6208333333333333,30927461.08125,32052597.0
"(np.float64(1.5), 210, 310, np.float64(0.8), 10)",houghCircleAlt,0.6979166666666666,31059081.760416668,31907869.0
"(np.float64(1.5), 210, 310, np.float64(0.8), 15)",houghCircleAlt,0.7979166666666667,28813655.08125,29641929.5
"(np.float64(1.5), 210, 310, np.float64(0.8500000000000001), 5)",houghCircleAlt,0.7083333333333334,31312866.852083333,32203838.5
"(np.float64(1.5), 210, 310, np.float64(0.8500000000000001), 10)",houghCircleAlt,0.7875,28297731.910416666,29184046.0
"(np.float64(1.5), 210, 310, np.float64(0.8500000000000001), 15)",houghCircleAlt,0.8854166666666666,28390452.63125,29161359.0
"(np.float64(1.5), 210, 310, np.float64(0.9000000000000001), 5)",houghCircleAlt,0.7895833333333333,31682320.69375,32768750.5
"(np.float64(1.5), 210, 310, np.float64(0.9000000000000001), 10)",houghCircleAlt,0.8583333333333333,30544037.2125,31615928.0
"(np.float64(1.5), 210, 310, np.float64(0.9000000000000001), 15)",houghCircleAlt,0.93125,29127473.65625,29869797.5
"(np.float64(1.5), 210, 320, np.float64(0.7), 5)",houghCircleAlt,0.40625,30107889.302083332,31119050.5
"(np.float64(1.5), 210, 320, np.float64(0.7), 10)",houghCircleAlt,0.5,29668230.072916668,30568749.0
"(np.float64(1.5), 210, 320, np.float64(0.7), 15)",houghCircleAlt,0.56875,28361503.13125,28974718.5
"(np.float64(1.5), 210, 320, np.float64(0.75), 5)",houghCircleAlt,0.5020833333333333,31798821.647916667,32694967.0
"(np.float64(1.5), 210, 320, np.float64(0.75), 10)",houghCircleAlt,0.5729166666666666,28074099.089583334,28960887.5
"(np.float64(1.5), 210, 320, np.float64(0.75), 15)",houghCircleAlt,0.6645833333333333,28223047.05625,28847028.0
"(np.float64(1.5), 210, 320, np.float64(0.8), 5)",houghCircleAlt,0.6229166666666667,31277690.1125,32128184.0
"(np.float64(1.5), 210, 320, np.float64(0.8), 10)",houghCircleAlt,0.6895833333333333,30790837.185416665,31823131.5
"(np.float64(1.5), 210, 320, np.float64(0.8), 15)",houghCircleAlt,0.8,28951858.44375,29314610.0
"(np.float64(1.5), 210, 320, np.float64(0.8500000000000001), 5)",houghCircleAlt,0.7125,30949168.8125,31787730.0
"(np.float64(1.5), 210, 320, np.float64(0.8500000000000001), 10)",houghCircleAlt,0.7958333333333333,29148561.595833335,29725470.0
"(np.float64(1.5), 210, 320, np.float64(0.8500000000000001), 15)",houghCircleAlt,0.8854166666666666,28788305.104166668,29246542.5
"(np.float64(1.5), 210, 320, np.float64(0.9000000000000001), 5)",houghCircleAlt,0.7895833333333333,30798472.666666668,31813949.0
"(np.float64(1.5), 210, 320, np.float64(0.9000000000000001), 10)",houghCircleAlt,0.8604166666666667,27984178.710416667,28762816.5
"(np.float64(1.5), 210, 320, np.float64(0.9000000000000001), 15)",houghCircleAlt,0.9291666666666667,29866356.116666667,30122767.0
"(np.float64(1.5), 210, 330, np.float64(0.7), 5)",houghCircleAlt,0.4083333333333333,29954340.425,30720764.0
"(np.float64(1.5), 210, 330, np.float64(0.7), 10)",houghCircleAlt,0.49375,29954895.389583334,30614167.5
"(np.float64(1.5), 210, 330, np.float64(0.7), 15)",houghCircleAlt,0.58125,29630407.63125,30239419.0
"(np.float64(1.5), 210, 330, np.float64(0.75), 5)",houghCircleAlt,0.5083333333333333,30896870.941666666,31951768.0
"(np.float64(1.5), 210, 330, np.float64(0.75), 10)",houghCircleAlt,0.5729166666666666,28862133.46875,29627418.0
"(np.float64(1.5), 210, 330, np.float64(0.75), 15)",houghCircleAlt,0.675,28503170.28125,28952106.0
"(np.float64(1.5), 210, 330, np.float64(0.8), 5)",houghCircleAlt,0.61875,30488888.708333332,31109037.0
"(np.float64(1.5), 210, 330, np.float64(0.8), 10)",houghCircleAlt,0.6854166666666667,29420358.760416668,30011633.0
"(np.float64(1.5), 210, 330, np.float64(0.8), 15)",houghCircleAlt,0.8020833333333334,26705321.53125,27243826.0
"(np.float64(1.5), 210, 330, np.float64(0.8500000000000001), 5)",houghCircleAlt,0.70625,31665795.40625,32490378.0
"(np.float64(1.5), 210, 330, np.float64(0.8500000000000001), 10)",houghCircleAlt,0.7895833333333333,29123849.183333334,29765909.0
"(np.float64(1.5), 210, 330, np.float64(0.8500000000000001), 15)",houghCircleAlt,0.8875,28806092.875,29232812.5
"(np.float64(1.5), 210, 330, np.float64(0.9000000000000001), 5)",houghCircleAlt,0.78125,31494644.797916666,32435741.0
"(np.float64(1.5), 210, 330, np.float64(0.9000000000000001), 10)",houghCircleAlt,0.85625,30071983.975,30892861.5
"(np.float64(1.5), 210, 330, np.float64(0.9000000000000001), 15)",houghCircleAlt,0.9291666666666667,27636751.472916666,28099651.5
"(np.float64(1.5), 210, 340, np.float64(0.7), 5)",houghCircleAlt,0.41041666666666665,30403633.4875,31299173.5
"(np.float64(1.5), 210, 340, np.float64(0.7), 10)",houghCircleAlt,0.48541666666666666,29286917.495833334,29825499.0
"(np.float64(1.5), 210, 340, np.float64(0.7), 15)",houghCircleAlt,0.575,26460616.154166665,26950445.0
"(np.float64(1.5), 210, 340, np.float64(0.75), 5)",houghCircleAlt,0.5083333333333333,29775233.983333334,30450752.5
"(np.float64(1.5), 210, 340, np.float64(0.75), 10)",houghCircleAlt,0.5708333333333333,28898824.65,29685751.0
"(np.float64(1.5), 210, 340, np.float64(0.75), 15)",houghCircleAlt,0.68125,29452813.983333334,29978229.5
"(np.float64(1.5), 210, 340, np.float64(0.8), 5)",houghCircleAlt,0.6166666666666667,30563396.7875,31193726.0
"(np.float64(1.5), 210, 340, np.float64(0.8), 10)",houghCircleAlt,0.68125,30403712.158333335,31091038.5
"(np.float64(1.5), 210, 340, np.float64(0.8), 15)",houghCircleAlt,0.8104166666666667,28846773.658333335,29357802.5
"(np.float64(1.5), 210, 340, np.float64(0.8500000000000001), 5)",houghCircleAlt,0.71875,29473805.722916666,30103276.5
"(np.float64(1.5), 210, 340, np.float64(0.8500000000000001), 10)",houghCircleAlt,0.7854166666666667,29740039.039583333,30537637.0
"(np.float64(1.5), 210, 340, np.float64(0.8500000000000001), 15)",houghCircleAlt,0.8875,26396799.802083332,26954788.0
"(np.float64(1.5), 210, 340, np.float64(0.9000000000000001), 5)",houghCircleAlt,0.7895833333333333,30131934.0625,30919977.0
"(np.float64(1.5), 210, 340, np.float64(0.9000000000000001), 10)",houghCircleAlt,0.8541666666666666,29055278.497916665,29806809.0
"(np.float64(1.5), 210, 340, np.float64(0.9000000000000001), 15)",houghCircleAlt,0.9291666666666667,27893796.939583335,28414652.5
"(np.float64(1.5), 210, 350, np.float64(0.7), 5)",houghCircleAlt,0.41458333333333336,30613034.360416666,31090081.5
"(np.float64(1.5), 210, 350, np.float64(0.7), 10)",houghCircleAlt,0.49166666666666664,29658722.254166666,30280998.5
"(np.float64(1.5), 210, 350, np.float64(0.7), 15)",houghCircleAlt,0.575,28385580.15,28662156.5
"(np.float64(1.5), 210, 350, np.float64(0.75), 5)",houghCircleAlt,0.5145833333333333,31009790.239583332,31765695.5
"(np.float64(1.5), 210, 350, np.float64(0.75), 10)",houghCircleAlt,0.5729166666666666,28574440.685416665,29121381.5
"(np.float64(1.5), 210, 350, np.float64(0.75), 15)",houghCircleAlt,0.6791666666666667,28247173.529166665,28636894.0
"(np.float64(1.5), 210, 350, np.float64(0.8), 5)",houghCircleAlt,0.6270833333333333,28188261.297916666,28868021.5
"(np.float64(1.5), 210, 350, np.float64(0.8), 10)",houghCircleAlt,0.68125,29189740.997916665,29751837.0
"(np.float64(1.5), 210, 350, np.float64(0.8), 15)",houghCircleAlt,0.8166666666666667,27548398.320833333,28029525.5
"(np.float64(1.5), 210, 350, np.float64(0.8500000000000001), 5)",houghCircleAlt,0.71875,29470312.90625,30328372.0
"(np.float64(1.5), 210, 350, np.float64(0.8500000000000001), 10)",houghCircleAlt,0.7854166666666667,29633433.627083335,29980720.5
"(np.float64(1.5), 210, 350, np.float64(0.8500000000000001), 15)",houghCircleAlt,0.8895833333333333,28607449.579166666,28727604.5
"(np.float64(1.5), 210, 350, np.float64(0.9000000000000001), 5)",houghCircleAlt,0.7916666666666666,30868502.539583333,31477132.0
"(np.float64(1.5), 210, 350, np.float64(0.9000000000000001), 10)",houghCircleAlt,0.85,28518916.260416668,29044810.5
"(np.float64(1.5), 210, 350, np.float64(0.9000000000000001), 15)",houghCircleAlt,0.9270833333333334,29273214.30625,29607550.0
"(np.float64(1.5), 210, 360, np.float64(0.7), 5)",houghCircleAlt,0.41041666666666665,30077332.770833332,30893613.5
"(np.float64(1.5), 210, 360, np.float64(0.7), 10)",houghCircleAlt,0.48541666666666666,27371249.9875,28158652.5
"(np.float64(1.5), 210, 360, np.float64(0.7), 15)",houghCircleAlt,0.56875,27934158.902083334,28366597.0
"(np.float64(1.5), 210, 360, np.float64(0.75), 5)",houghCircleAlt,0.5041666666666667,29412052.308333334,30062530.0
"(np.float64(1.5), 210, 360, np.float64(0.75), 10)",houghCircleAlt,0.5729166666666666,28651712.675,29480427.5
"(np.float64(1.5), 210, 360, np.float64(0.75), 15)",houghCircleAlt,0.6770833333333334,28390818.725,28381916.0
"(np.float64(1.5), 210, 360, np.float64(0.8), 5)",houghCircleAlt,0.6208333333333333,30097563.8125,30576438.5
"(np.float64(1.5), 210, 360, np.float64(0.8), 10)",houghCircleAlt,0.6833333333333333,28406836.335416667,28900434.0
"(np.float64(1.5), 210, 360, np.float64(0.8), 15)",houghCircleAlt,0.8125,28994898.85,29218020.5
"(np.float64(1.5), 210, 360, np.float64(0.8500000000000001), 5)",houghCircleAlt,0.71875,30948468.3625,31709815.0
"(np.float64(1.5), 210, 360, np.float64(0.8500000000000001), 10)",houghCircleAlt,0.7791666666666667,29390769.960416667,29988210.5
"(np.float64(1.5), 210, 360, np.float64(0.8500000000000001), 15)",houghCircleAlt,0.8854166666666666,26069713.53125,26498461.5
"(np.float64(1.5), 210, 360, np.float64(0.9000000000000001), 5)",houghCircleAlt,0.7916666666666666,29707379.241666667,30105238.5
"(np.float64(1.5), 210, 360, np.float64(0.9000000000000001), 10)",houghCircleAlt,0.8479166666666667,28793667.495833334,29173180.0
"(np.float64(1.5), 210, 360, np.float64(0.9000000000000001), 15)",houghCircleAlt,0.9270833333333334,27510730.527083334,27842814.5
"(np.float64(1.5), 210, 370, np.float64(0.7), 5)",houghCircleAlt,0.4083333333333333,30193371.458333332,30736307.0
"(np.float64(1.5), 210, 370, np.float64(0.7), 10)",houghCircleAlt,0.49166666666666664,29230071.4625,29672567.5
"(np.float64(1.5), 210, 370, np.float64(0.7), 15)",houghCircleAlt,0.5645833333333333,27229189.1125,27469449.0
"(np.float64(1.5), 210, 370, np.float64(0.75), 5)",houghCircleAlt,0.5,30501673.727083333,31139704.5
"(np.float64(1.5), 210, 370, np.float64(0.75), 10)",houghCircleAlt,0.58125,27129020.15,27831128.0
"(np.float64(1.5), 210, 370, np.float64(0.75), 15)",houghCircleAlt,0.675,29598014.670833334,30119839.0
"(np.float64(1.5), 210, 370, np.float64(0.8), 5)",houghCircleAlt,0.6208333333333333,29731366.547916666,30458868.0
"(np.float64(1.5), 210, 370, np.float64(0.8), 10)",houghCircleAlt,0.68125,28764274.204166666,29175145.0
"(np.float64(1.5), 210, 370, np.float64(0.8), 15)",houghCircleAlt,0.8020833333333334,27552869.7875,27824183.5
"(np.float64(1.5), 210, 370, np.float64(0.8500000000000001), 5)",houghCircleAlt,0.7166666666666667,29048707.522916667,29667007.0
"(np.float64(1.5), 210, 370, np.float64(0.8500000000000001), 10)",houghCircleAlt,0.7791666666666667,29378010.079166666,29829436.5
"(np.float64(1.5), 210, 370, np.float64(0.8500000000000001), 15)",houghCircleAlt,0.8833333333333333,28383961.089583334,28816350.5
"(np.float64(1.5), 210, 370, np.float64(0.9000000000000001), 5)",houghCircleAlt,0.7875,28932967.3875,29433107.5
"(np.float64(1.5), 210, 370, np.float64(0.9000000000000001), 10)",houghCircleAlt,0.8479166666666667,27220413.875,27789645.0
"(np.float64(1.5), 210, 370, np.float64(0.9000000000000001), 15)",houghCircleAlt,0.925,28822476.825,29384843.0
"(np.float64(1.5), 210, 380, np.float64(0.7), 5)",houghCircleAlt,0.4041666666666667,30572633.76875,31224694.5
"(np.float64(1.5), 210, 380, np.float64(0.7), 10)",houghCircleAlt,0.49166666666666664,28774099.960416667,29070733.5
"(np.float64(1.5), 210, 380, np.float64(0.7), 15)",houghCircleAlt,0.5770833333333333,27317841.322916668,27461525.5
"(np.float64(1.5), 210, 380, np.float64(0.75), 5)",houghCircleAlt,0.49375,29546707.283333335,30183860.5
"(np.float64(1.5), 210, 380, np.float64(0.75), 10)",houghCircleAlt,0.58125,28239661.402083334,28855765.0
"(np.float64(1.5), 210, 380, np.float64(0.75), 15)",houghCircleAlt,0.6770833333333334,28346716.68125,28413910.5
"(np.float64(1.5), 210, 380, np.float64(0.8), 5)",houghCircleAlt,0.6166666666666667,29889873.1625,30265307.5
"(np.float64(1.5), 210, 380, np.float64(0.8), 10)",houghCircleAlt,0.68125,28075989.1125,28198421.5
"(np.float64(1.5), 210, 380, np.float64(0.8), 15)",houghCircleAlt,0.8041666666666667,26079882.289583333,26275367.0
"(np.float64(1.5), 210, 380, np.float64(0.8500000000000001), 5)",houghCircleAlt,0.7145833333333333,30352847.4,30983346.0
"(np.float64(1.5), 210, 380, np.float64(0.8500000000000001), 10)",houghCircleAlt,0.78125,28907588.35,29386334.0
"(np.float64(1.5), 210, 380, np.float64(0.8500000000000001), 15)",houghCircleAlt,0.8875,28857507.089583334,29383444.5
"(np.float64(1.5), 210, 380, np.float64(0.9000000000000001), 5)",houghCircleAlt,0.7895833333333333,28914007.552083332,29413570.5
"(np.float64(1.5), 210, 380, np.float64(0.9000000000000001), 10)",houghCircleAlt,0.8479166666666667,28796968.61875,29384777.5
"(np.float64(1.5), 210, 380, np.float64(0.9000000000000001), 15)",houghCircleAlt,0.925,27127774.41875,27445403.5
"(np.float64(1.5), 210, 390, np.float64(0.7), 5)",houghCircleAlt,0.4,29814279.425,30374284.0
"(np.float64(1.5), 210, 390, np.float64(0.7), 10)",houghCircleAlt,0.49375,26823095.15,27029675.0
"(np.float64(1.5), 210, 390, np.float64(0.7), 15)",houghCircleAlt,0.5770833333333333,26723451.970833335,26873641.5
"(np.float64(1.5), 210, 390, np.float64(0.75), 5)",houghCircleAlt,0.49375,29775476.716666665,30006714.0
"(np.float64(1.5), 210, 390, np.float64(0.75), 10)",houghCircleAlt,0.5770833333333333,29656531.785416666,30079364.5
"(np.float64(1.5), 210, 390, np.float64(0.75), 15)",houghCircleAlt,0.6791666666666667,27593073.90625,27656344.5
"(np.float64(1.5), 210, 390, np.float64(0.8), 5)",houghCircleAlt,0.6229166666666667,30451220.40625,31084135.5
"(np.float64(1.5), 210, 390, np.float64(0.8), 10)",houghCircleAlt,0.6895833333333333,28097734.49375,28366738.0
"(np.float64(1.5), 210, 390, np.float64(0.8), 15)",houghCircleAlt,0.8,27529906.35,27886231.5
"(np.float64(1.5), 210, 390, np.float64(0.8500000000000001), 5)",houghCircleAlt,0.7229166666666667,28685764.675,29210585.5
"(np.float64(1.5), 210, 390, np.float64(0.8500000000000001), 10)",houghCircleAlt,0.7833333333333333,26907322.577083334,27287122.0
"(np.float64(1.5), 210, 390, np.float64(0.8500000000000001), 15)",houghCircleAlt,0.88125,26853198.075,26951793.0
"(np.float64(1.5), 210, 390, np.float64(0.9000000000000001), 5)",houghCircleAlt,0.7875,29810221.1625,30216223.0
"(np.float64(1.5), 210, 390, np.float64(0.9000000000000001), 10)",houghCircleAlt,0.8479166666666667,28834361.166666668,29179717.0
"(np.float64(1.5), 210, 390, np.float64(0.9000000000000001), 15)",houghCircleAlt,0.9229166666666667,27446919.827083334,27801597.5
"(np.float64(1.5), 220, 300, np.float64(0.7), 5)",houghCircleAlt,0.41458333333333336,32612906.670833334,33774276.5
"(np.float64(1.5), 220, 300, np.float64(0.7), 10)",houghCircleAlt,0.50625,31902651.620833334,32706047.0
"(np.float64(1.5), 220, 300, np.float64(0.7), 15)",houghCircleAlt,0.5729166666666666,29270242.3375,30164569.0
"(np.float64(1.5), 220, 300, np.float64(0.75), 5)",houghCircleAlt,0.5333333333333333,31554217.325,32819846.0
"(np.float64(1.5), 220, 300, np.float64(0.75), 10)",houghCircleAlt,0.58125,30476710.5375,31461919.5
"(np.float64(1.5), 220, 300, np.float64(0.75), 15)",houghCircleAlt,0.6604166666666667,27587149.414583333,28458689.5
"(np.float64(1.5), 220, 300, np.float64(0.8), 5)",houghCircleAlt,0.6333333333333333,31117919.679166667,32053522.0
"(np.float64(1.5), 220, 300, np.float64(0.8), 10)",houghCircleAlt,0.7,31713026.4375,32374601.5
"(np.float64(1.5), 220, 300, np.float64(0.8), 15)",houghCircleAlt,0.79375,29976386.789583333,30675764.0
"(np.float64(1.5), 220, 300, np.float64(0.8500000000000001), 5)",houghCircleAlt,0.7083333333333334,31951535.885416668,32961547.0
"(np.float64(1.5), 220, 300, np.float64(0.8500000000000001), 10)",houghCircleAlt,0.7833333333333333,31435893.029166665,32272680.0
"(np.float64(1.5), 220, 300, np.float64(0.8500000000000001), 15)",houghCircleAlt,0.88125,29025798.322916668,29656927.5
"(np.float64(1.5), 220, 300, np.float64(0.9000000000000001), 5)",houghCircleAlt,0.7770833333333333,32588930.716666665,33967458.5
"(np.float64(1.5), 220, 300, np.float64(0.9000000000000001), 10)",houghCircleAlt,0.8479166666666667,30652452.579166666,31788822.5
"(np.float64(1.5), 220, 300, np.float64(0.9000000000000001), 15)",houghCircleAlt,0.9229166666666667,28894336.233333334,29510588.5
"(np.float64(1.5), 220, 310, np.float64(0.7), 5)",houghCircleAlt,0.41458333333333336,29409549.554166667,30280442.5
"(np.float64(1.5), 220, 310, np.float64(0.7), 10)",houghCircleAlt,0.5020833333333333,29673971.997916665,30459207.5
"(np.float64(1.5), 220, 310, np.float64(0.7), 15)",houghCircleAlt,0.5645833333333333,29770611.952083334,30151280.5
"(np.float64(1.5), 220, 310, np.float64(0.75), 5)",houghCircleAlt,0.5208333333333334,32556540.65,33220663.5
"(np.float64(1.5), 220, 310, np.float64(0.75), 10)",houghCircleAlt,0.5854166666666667,30691673.858333334,31527631.5
"(np.float64(1.5), 220, 310, np.float64(0.75), 15)",houghCircleAlt,0.65625,28681039.166666668,29177703.5
"(np.float64(1.5), 220, 310, np.float64(0.8), 5)",houghCircleAlt,0.6229166666666667,31916851.254166666,32727344.5
"(np.float64(1.5), 220, 310, np.float64(0.8), 10)",houghCircleAlt,0.7020833333333333,30048724.041666668,30739258.0
"(np.float64(1.5), 220, 310, np.float64(0.8), 15)",houghCircleAlt,0.7916666666666666,30203715.3375,30791385.0
"(np.float64(1.5), 220, 310, np.float64(0.8500000000000001), 5)",houghCircleAlt,0.70625,31355404,32557267.5
"(np.float64(1.5), 220, 310, np.float64(0.8500000000000001), 10)",houghCircleAlt,0.7854166666666667,28652785.15625,29596698.5
"(np.float64(1.5), 220, 310, np.float64(0.8500000000000001), 15)",houghCircleAlt,0.88125,28817547.895833332,29434420.0
"(np.float64(1.5), 220, 310, np.float64(0.9000000000000001), 5)",houghCircleAlt,0.78125,31899548.3875,33003636.0
"(np.float64(1.5), 220, 310, np.float64(0.9000000000000001), 10)",houghCircleAlt,0.8479166666666667,31499347.94375,32142527.0
"(np.float64(1.5), 220, 310, np.float64(0.9000000000000001), 15)",houghCircleAlt,0.9229166666666667,29631854.735416666,30355814.0
"(np.float64(1.5), 220, 320, np.float64(0.7), 5)",houghCircleAlt,0.41875,30685143.152083334,31724893.5
"(np.float64(1.5), 220, 320, np.float64(0.7), 10)",houghCircleAlt,0.50625,30732972.758333333,31500005.5
"(np.float64(1.5), 220, 320, np.float64(0.7), 15)",houghCircleAlt,0.58125,28584381.775,28895713.5
"(np.float64(1.5), 220, 320, np.float64(0.75), 5)",houghCircleAlt,0.5166666666666667,32146398.554166667,32951779.5
"(np.float64(1.5), 220, 320, np.float64(0.75), 10)",houghCircleAlt,0.5791666666666667,30156237.858333334,30912062.5
"(np.float64(1.5), 220, 320, np.float64(0.75), 15)",houghCircleAlt,0.6645833333333333,27210989.6625,27825451.0
"(np.float64(1.5), 220, 320, np.float64(0.8), 5)",houghCircleAlt,0.625,30443518.316666666,31486686.0
"(np.float64(1.5), 220, 320, np.float64(0.8), 10)",houghCircleAlt,0.69375,30757079.166666668,31568583.5
"(np.float64(1.5), 220, 320, np.float64(0.8), 15)",houghCircleAlt,0.7916666666666666,29848805.108333334,30304747.5
"(np.float64(1.5), 220, 320, np.float64(0.8500000000000001), 5)",houghCircleAlt,0.7104166666666667,31226503.9875,32256279.0
"(np.float64(1.5), 220, 320, np.float64(0.8500000000000001), 10)",houghCircleAlt,0.7916666666666666,30157128.15625,30916987.0
"(np.float64(1.5), 220, 320, np.float64(0.8500000000000001), 15)",houghCircleAlt,0.88125,29611655.358333334,30179563.0
"(np.float64(1.5), 220, 320, np.float64(0.9000000000000001), 5)",houghCircleAlt,0.7833333333333333,30511365.835416667,31249423.5
"(np.float64(1.5), 220, 320, np.float64(0.9000000000000001), 10)",houghCircleAlt,0.85,28632810.089583334,29191519.0
"(np.float64(1.5), 220, 320, np.float64(0.9000000000000001), 15)",houghCircleAlt,0.9208333333333333,28924348.302083332,29466239.5
"(np.float64(1.5), 220, 330, np.float64(0.7), 5)",houghCircleAlt,0.42083333333333334,32228852.35625,33553197.5
"(np.float64(1.5), 220, 330, np.float64(0.7), 10)",houghCircleAlt,0.5020833333333333,29569530.8375,30209644.5
"(np.float64(1.5), 220, 330, np.float64(0.7), 15)",houghCircleAlt,0.5875,29517758.429166667,29880046.5
"(np.float64(1.5), 220, 330, np.float64(0.75), 5)",houghCircleAlt,0.5229166666666667,31424670.277083334,32166494.5
"(np.float64(1.5), 220, 330, np.float64(0.75), 10)",houghCircleAlt,0.58125,30448855.629166666,31080303.0
"(np.float64(1.5), 220, 330, np.float64(0.75), 15)",houghCircleAlt,0.6708333333333333,28967024.654166665,29275756.5
"(np.float64(1.5), 220, 330, np.float64(0.8), 5)",houghCircleAlt,0.6229166666666667,31459870.102083333,32257565.5
"(np.float64(1.5), 220, 330, np.float64(0.8), 10)",houghCircleAlt,0.6895833333333333,29724124.152083334,30195037.5
"(np.float64(1.5), 220, 330, np.float64(0.8), 15)",houghCircleAlt,0.79375,27039447.902083334,27670314.0
"(np.float64(1.5), 220, 330, np.float64(0.8500000000000001), 5)",houghCircleAlt,0.7041666666666667,31039290.179166667,32036508.0
"(np.float64(1.5), 220, 330, np.float64(0.8500000000000001), 10)",houghCircleAlt,0.7854166666666667,31144113.310416665,31626462.5
"(np.float64(1.5), 220, 330, np.float64(0.8500000000000001), 15)",houghCircleAlt,0.8833333333333333,28559070.933333334,29318873.5
"(np.float64(1.5), 220, 330, np.float64(0.9000000000000001), 5)",houghCircleAlt,0.7729166666666667,31184481.445833333,31974115.0
"(np.float64(1.5), 220, 330, np.float64(0.9000000000000001), 10)",houghCircleAlt,0.8458333333333333,30230786.808333334,30814329.5
"(np.float64(1.5), 220, 330, np.float64(0.9000000000000001), 15)",houghCircleAlt,0.9208333333333333,29343363.647916667,29784442.0
"(np.float64(1.5), 220, 340, np.float64(0.7), 5)",houghCircleAlt,0.41458333333333336,30626431.74375,31555899.0
"(np.float64(1.5), 220, 340, np.float64(0.7), 10)",houghCircleAlt,0.49375,27895987.835416667,28597456.0
"(np.float64(1.5), 220, 340, np.float64(0.7), 15)",houghCircleAlt,0.5833333333333334,28200941.85625,28521602.5
"(np.float64(1.5), 220, 340, np.float64(0.75), 5)",houghCircleAlt,0.5166666666666667,31032158.839583334,31537420.0
"(np.float64(1.5), 220, 340, np.float64(0.75), 10)",houghCircleAlt,0.5770833333333333,29744650.14375,30483423.0
"(np.float64(1.5), 220, 340, np.float64(0.75), 15)",houghCircleAlt,0.6791666666666667,29821143.8375,30340857.0
"(np.float64(1.5), 220, 340, np.float64(0.8), 5)",houghCircleAlt,0.6208333333333333,29889477.929166667,31019272.5
"(np.float64(1.5), 220, 340, np.float64(0.8), 10)",houghCircleAlt,0.6833333333333333,30679298.70625,31340472.0
"(np.float64(1.5), 220, 340, np.float64(0.8), 15)",houghCircleAlt,0.8020833333333334,29062944.335416667,29112395.5
"(np.float64(1.5), 220, 340, np.float64(0.8500000000000001), 5)",houghCircleAlt,0.7125,30954408.31875,31877548.0
"(np.float64(1.5), 220, 340, np.float64(0.8500000000000001), 10)",houghCircleAlt,0.78125,29509281.2125,30349903.5
"(np.float64(1.5), 220, 340, np.float64(0.8500000000000001), 15)",houghCircleAlt,0.88125,26808548.908333335,26876702.0
"(np.float64(1.5), 220, 340, np.float64(0.9000000000000001), 5)",houghCircleAlt,0.7833333333333333,30091440.7,30672563.0
"(np.float64(1.5), 220, 340, np.float64(0.9000000000000001), 10)",houghCircleAlt,0.84375,30522387.872916665,31330216.0
"(np.float64(1.5), 220, 340, np.float64(0.9000000000000001), 15)",houghCircleAlt,0.9208333333333333,28681578.420833334,28944016.0
"(np.float64(1.5), 220, 350, np.float64(0.7), 5)",houghCircleAlt,0.42083333333333334,31999004.05,33012844.0
"(np.float64(1.5), 220, 350, np.float64(0.7), 10)",houghCircleAlt,0.4979166666666667,29150461.1625,29717160.0
"(np.float64(1.5), 220, 350, np.float64(0.7), 15)",houghCircleAlt,0.58125,28953414.61875,29463374.5
"(np.float64(1.5), 220, 350, np.float64(0.75), 5)",houghCircleAlt,0.5208333333333334,30495282.747916665,31053172.0
"(np.float64(1.5), 220, 350, np.float64(0.75), 10)",houghCircleAlt,0.5791666666666667,27898909.14375,28359058.0
"(np.float64(1.5), 220, 350, np.float64(0.75), 15)",houghCircleAlt,0.6770833333333334,29044771.56875,29470968.5
"(np.float64(1.5), 220, 350, np.float64(0.8), 5)",houghCircleAlt,0.6291666666666667,30155829.65,30931098.0
"(np.float64(1.5), 220, 350, np.float64(0.8), 10)",houghCircleAlt,0.6833333333333333,29117070.370833334,29756599.5
"(np.float64(1.5), 220, 350, np.float64(0.8), 15)",houghCircleAlt,0.8083333333333333,29223752.622916665,29735155.5
"(np.float64(1.5), 220, 350, np.float64(0.8500000000000001), 5)",houghCircleAlt,0.7145833333333333,30176471.920833334,30395327.5
"(np.float64(1.5), 220, 350, np.float64(0.8500000000000001), 10)",houghCircleAlt,0.78125,29059990.09375,29504718.5
"(np.float64(1.5), 220, 350, np.float64(0.8500000000000001), 15)",houghCircleAlt,0.88125,29714547.629166666,30175962.5
"(np.float64(1.5), 220, 350, np.float64(0.9000000000000001), 5)",houghCircleAlt,0.7854166666666667,30990938.683333334,31726214.0
"(np.float64(1.5), 220, 350, np.float64(0.9000000000000001), 10)",houghCircleAlt,0.8395833333333333,29850532.958333332,30211133.0
"(np.float64(1.5), 220, 350, np.float64(0.9000000000000001), 15)",houghCircleAlt,0.91875,26717023.2625,27171080.0
"(np.float64(1.5), 220, 360, np.float64(0.7), 5)",houghCircleAlt,0.41875,30426816.079166666,31128146.5
"(np.float64(1.5), 220, 360, np.float64(0.7), 10)",houghCircleAlt,0.49375,29031797.070833333,29621351.0
"(np.float64(1.5), 220, 360, np.float64(0.7), 15)",houghCircleAlt,0.575,27828398.85625,28357677.0
"(np.float64(1.5), 220, 360, np.float64(0.75), 5)",houghCircleAlt,0.5145833333333333,30841157.5125,31581613.5
"(np.float64(1.5), 220, 360, np.float64(0.75), 10)",houghCircleAlt,0.58125,29345313.077083334,29778993.0
"(np.float64(1.5), 220, 360, np.float64(0.75), 15)",houghCircleAlt,0.675,27861037.379166666,28216615.0
"(np.float64(1.5), 220, 360, np.float64(0.8), 5)",houghCircleAlt,0.625,30695695.2875,31497389.5
"(np.float64(1.5), 220, 360, np.float64(0.8), 10)",houghCircleAlt,0.6875,27895979.639583334,28272752.5
"(np.float64(1.5), 220, 360, np.float64(0.8), 15)",houghCircleAlt,0.80625,28879076.40625,29104141.0
"(np.float64(1.5), 220, 360, np.float64(0.8500000000000001), 5)",houghCircleAlt,0.7166666666666667,30439375.3,30954416.5
"(np.float64(1.5), 220, 360, np.float64(0.8500000000000001), 10)",houghCircleAlt,0.7770833333333333,29642656.064583335,30379233.0
"(np.float64(1.5), 220, 360, np.float64(0.8500000000000001), 15)",houghCircleAlt,0.8791666666666667,28019211.308333334,28391369.0
"(np.float64(1.5), 220, 360, np.float64(0.9000000000000001), 5)",houghCircleAlt,0.7854166666666667,29781379.177083332,30688192.5
"(np.float64(1.5), 220, 360, np.float64(0.9000000000000001), 10)",houghCircleAlt,0.8375,29432982.058333334,30100070.5
"(np.float64(1.5), 220, 360, np.float64(0.9000000000000001), 15)",houghCircleAlt,0.91875,29037972.189583335,29501601.5
"(np.float64(1.5), 220, 370, np.float64(0.7), 5)",houghCircleAlt,0.4166666666666667,29425296.675,29963863.5
"(np.float64(1.5), 220, 370, np.float64(0.7), 10)",houghCircleAlt,0.4979166666666667,27803715.9625,28217858.0
"(np.float64(1.5), 220, 370, np.float64(0.7), 15)",houghCircleAlt,0.56875,26425177.764583334,26649024.5
"(np.float64(1.5), 220, 370, np.float64(0.75), 5)",houghCircleAlt,0.5083333333333333,30417516.016666666,30715228.5
"(np.float64(1.5), 220, 370, np.float64(0.75), 10)",houghCircleAlt,0.5916666666666667,29664126.95,29924624.0
"(np.float64(1.5), 220, 370, np.float64(0.75), 15)",houghCircleAlt,0.6729166666666667,27805713.41875,28045855.5
"(np.float64(1.5), 220, 370, np.float64(0.8), 5)",houghCircleAlt,0.6208333333333333,30291199.45625,30969164.0
"(np.float64(1.5), 220, 370, np.float64(0.8), 10)",houghCircleAlt,0.6875,28815165.5125,29464751.5
"(np.float64(1.5), 220, 370, np.float64(0.8), 15)",houghCircleAlt,0.7979166666666667,28651675.683333334,29041818.5
"(np.float64(1.5), 220, 370, np.float64(0.8500000000000001), 5)",houghCircleAlt,0.7125,29994533.35625,30403996.0
"(np.float64(1.5), 220, 370, np.float64(0.8500000000000001), 10)",houghCircleAlt,0.7770833333333333,28644360.089583334,28987676.0
"(np.float64(1.5), 220, 370, np.float64(0.8500000000000001), 15)",houghCircleAlt,0.8791666666666667,29202691.34375,29754479.5
"(np.float64(1.5), 220, 370, np.float64(0.9000000000000001), 5)",houghCircleAlt,0.78125,28307821.685416665,29001825.5
"(np.float64(1.5), 220, 370, np.float64(0.9000000000000001), 10)",houghCircleAlt,0.8375,29811952.120833334,30056822.0
"(np.float64(1.5), 220, 370, np.float64(0.9000000000000001), 15)",houghCircleAlt,0.9166666666666666,28026455.20625,28394574.0
"(np.float64(1.5), 220, 380, np.float64(0.7), 5)",houghCircleAlt,0.41458333333333336,30164278.09375,30555874.5
"(np.float64(1.5), 220, 380, np.float64(0.7), 10)",houghCircleAlt,0.4979166666666667,28562788.214583334,28917480.0
"(np.float64(1.5), 220, 380, np.float64(0.7), 15)",houghCircleAlt,0.5791666666666667,28303628.916666668,28764542.0
"(np.float64(1.5), 220, 380, np.float64(0.75), 5)",houghCircleAlt,0.5041666666666667,30463296.041666668,31039822.0
"(np.float64(1.5), 220, 380, np.float64(0.75), 10)",houghCircleAlt,0.5916666666666667,29115592.716666665,29563673.0
"(np.float64(1.5), 220, 380, np.float64(0.75), 15)",houghCircleAlt,0.6729166666666667,27466947.0875,27712139.0
"(np.float64(1.5), 220, 380, np.float64(0.8), 5)",houghCircleAlt,0.6208333333333333,30623555.804166667,31281100.5
"(np.float64(1.5), 220, 380, np.float64(0.8), 10)",houghCircleAlt,0.6875,27312595.272916667,27915434.5
"(np.float64(1.5), 220, 380, np.float64(0.8), 15)",houghCircleAlt,0.8,28716383.635416668,29076081.5
"(np.float64(1.5), 220, 380, np.float64(0.8500000000000001), 5)",houghCircleAlt,0.7145833333333333,29534201.745833334,29983651.0
"(np.float64(1.5), 220, 380, np.float64(0.8500000000000001), 10)",houghCircleAlt,0.78125,29428411.34375,29699717.5
"(np.float64(1.5), 220, 380, np.float64(0.8500000000000001), 15)",houghCircleAlt,0.8854166666666666,28402710.65625,28594394.5
"(np.float64(1.5), 220, 380, np.float64(0.9000000000000001), 5)",houghCircleAlt,0.7854166666666667,29344788.829166666,29929694.5
"(np.float64(1.5), 220, 380, np.float64(0.9000000000000001), 10)",houghCircleAlt,0.8375,28442746.129166666,28952246.0
"(np.float64(1.5), 220, 380, np.float64(0.9000000000000001), 15)",houghCircleAlt,0.9166666666666666,28739905.016666666,29047505.0
"(np.float64(1.5), 220, 390, np.float64(0.7), 5)",houghCircleAlt,0.40625,29540923.245833334,30029351.5
"(np.float64(1.5), 220, 390, np.float64(0.7), 10)",houghCircleAlt,0.5020833333333333,30209944.633333333,31025785.5
"(np.float64(1.5), 220, 390, np.float64(0.7), 15)",houghCircleAlt,0.58125,26148606.591666665,26361375.0
"(np.float64(1.5), 220, 390, np.float64(0.75), 5)",houghCircleAlt,0.5041666666666667,30303645.8875,30951747.5
"(np.float64(1.5), 220, 390, np.float64(0.75), 10)",houghCircleAlt,0.5916666666666667,28546410.133333333,28836132.0
"(np.float64(1.5), 220, 390, np.float64(0.75), 15)",houghCircleAlt,0.6770833333333334,28354431.497916665,28659805.5
"(np.float64(1.5), 220, 390, np.float64(0.8), 5)",houghCircleAlt,0.6270833333333333,29684967.314583335,30044555.5
"(np.float64(1.5), 220, 390, np.float64(0.8), 10)",houghCircleAlt,0.6979166666666666,28533235.289583333,29109151.5
"(np.float64(1.5), 220, 390, np.float64(0.8), 15)",houghCircleAlt,0.7958333333333333,27218845.947916668,27371460.0
"(np.float64(1.5), 220, 390, np.float64(0.8500000000000001), 5)",houghCircleAlt,0.7229166666666667,30201232.679166667,30897525.0
"(np.float64(1.5), 220, 390, np.float64(0.8500000000000001), 10)",houghCircleAlt,0.7854166666666667,28956970.36875,29416441.5
"(np.float64(1.5), 220, 390, np.float64(0.8500000000000001), 15)",houghCircleAlt,0.8791666666666667,26284407.702083334,26493232.0
"(np.float64(1.5), 220, 390, np.float64(0.9000000000000001), 5)",houghCircleAlt,0.7833333333333333,30368542.447916668,31095646.5
"(np.float64(1.5), 220, 390, np.float64(0.9000000000000001), 10)",houghCircleAlt,0.8375,28436716.441666666,28538088.0
"(np.float64(1.5), 220, 390, np.float64(0.9000000000000001), 15)",houghCircleAlt,0.9145833333333333,28266940.170833334,28401827.5
"(np.float64(1.5), 230, 300, np.float64(0.7), 5)",houghCircleAlt,0.4270833333333333,32719475.275,33482032.5
"(np.float64(1.5), 230, 300, np.float64(0.7), 10)",houghCircleAlt,0.5166666666666667,31959245.833333332,32783764.5
"(np.float64(1.5), 230, 300, np.float64(0.7), 15)",houghCircleAlt,0.5791666666666667,29640376.047916666,30459549.0
"(np.float64(1.5), 230, 300, np.float64(0.75), 5)",houghCircleAlt,0.5375,31990368.433333334,33251336.5
"(np.float64(1.5), 230, 300, np.float64(0.75), 10)",houghCircleAlt,0.5916666666666667,31088422.275,32042424.5
"(np.float64(1.5), 230, 300, np.float64(0.75), 15)",houghCircleAlt,0.6708333333333333,30419218.164583333,31000794.5
"(np.float64(1.5), 230, 300, np.float64(0.8), 5)",houghCircleAlt,0.6354166666666666,30243461.852083333,31488609.5
"(np.float64(1.5), 230, 300, np.float64(0.8), 10)",houghCircleAlt,0.70625,32192990.304166667,33162173.5
"(np.float64(1.5), 230, 300, np.float64(0.8), 15)",houghCircleAlt,0.79375,29362433.239583332,30035979.5
"(np.float64(1.5), 230, 300, np.float64(0.8500000000000001), 5)",houghCircleAlt,0.70625,32653082.720833335,33740830.0
"(np.float64(1.5), 230, 300, np.float64(0.8500000000000001), 10)",houghCircleAlt,0.7791666666666667,30544339.36875,31573874.5
"(np.float64(1.5), 230, 300, np.float64(0.8500000000000001), 15)",houghCircleAlt,0.8729166666666667,29997972.8375,30804286.0
"(np.float64(1.5), 230, 300, np.float64(0.9000000000000001), 5)",houghCircleAlt,0.7666666666666667,32615211.702083334,34108701.0
"(np.float64(1.5), 230, 300, np.float64(0.9000000000000001), 10)",houghCircleAlt,0.8395833333333333,30928497.372916665,32020702.0
"(np.float64(1.5), 230, 300, np.float64(0.9000000000000001), 15)",houghCircleAlt,0.9083333333333333,30288470.179166667,30887487.0
"(np.float64(1.5), 230, 310, np.float64(0.7), 5)",houghCircleAlt,0.42916666666666664,31553905.03125,32255899.5
"(np.float64(1.5), 230, 310, np.float64(0.7), 10)",houghCircleAlt,0.5166666666666667,28881341.266666666,29703698.0
"(np.float64(1.5), 230, 310, np.float64(0.7), 15)",houghCircleAlt,0.56875,30852160.95,31669154.5
"(np.float64(1.5), 230, 310, np.float64(0.75), 5)",houghCircleAlt,0.5291666666666667,31538585.88125,32584055.0
"(np.float64(1.5), 230, 310, np.float64(0.75), 10)",houghCircleAlt,0.5958333333333333,31549870.891666666,32587386.0
"(np.float64(1.5), 230, 310, np.float64(0.75), 15)",houghCircleAlt,0.6645833333333333,29054962.304166667,29549660.5
"(np.float64(1.5), 230, 310, np.float64(0.8), 5)",houghCircleAlt,0.6270833333333333,32338447.85,33324613.5
"(np.float64(1.5), 230, 310, np.float64(0.8), 10)",houghCircleAlt,0.70625,31467774.725,32541038.0
"(np.float64(1.5), 230, 310, np.float64(0.8), 15)",houghCircleAlt,0.7875,29223966.889583334,30347376.0
"(np.float64(1.5), 230, 310, np.float64(0.8500000000000001), 5)",houghCircleAlt,0.7,30152910.60625,31159317.0
"(np.float64(1.5), 230, 310, np.float64(0.8500000000000001), 10)",houghCircleAlt,0.7770833333333333,31317836.316666666,32119443.0
"(np.float64(1.5), 230, 310, np.float64(0.8500000000000001), 15)",houghCircleAlt,0.86875,29626251.975,30254669.5
"(np.float64(1.5), 230, 310, np.float64(0.9000000000000001), 5)",houghCircleAlt,0.7708333333333334,32734708.808333334,33716097.0
"(np.float64(1.5), 230, 310, np.float64(0.9000000000000001), 10)",houghCircleAlt,0.8395833333333333,30486717.514583334,31294610.5
"(np.float64(1.5), 230, 310, np.float64(0.9000000000000001), 15)",houghCircleAlt,0.90625,30202225.272916667,31017880.0
"(np.float64(1.5), 230, 320, np.float64(0.7), 5)",houghCircleAlt,0.43333333333333335,30938124.897916667,32013566.5
"(np.float64(1.5), 230, 320, np.float64(0.7), 10)",houghCircleAlt,0.5145833333333333,31463420.802083332,32190901.0
"(np.float64(1.5), 230, 320, np.float64(0.7), 15)",houghCircleAlt,0.5854166666666667,30309039.55,31239036.5
"(np.float64(1.5), 230, 320, np.float64(0.75), 5)",houghCircleAlt,0.5270833333333333,31336051.14375,32568104.0
"(np.float64(1.5), 230, 320, np.float64(0.75), 10)",houghCircleAlt,0.5958333333333333,28855489.916666668,29670679.0
"(np.float64(1.5), 230, 320, np.float64(0.75), 15)",houghCircleAlt,0.675,29253289.0875,29775666.0
"(np.float64(1.5), 230, 320, np.float64(0.8), 5)",houghCircleAlt,0.6291666666666667,32010367.939583335,32961913.0
"(np.float64(1.5), 230, 320, np.float64(0.8), 10)",houghCircleAlt,0.7,31707939.304166667,32638693.5
"(np.float64(1.5), 230, 320, np.float64(0.8), 15)",houghCircleAlt,0.7895833333333333,29112565.1625,29829148.0
"(np.float64(1.5), 230, 320, np.float64(0.8500000000000001), 5)",houghCircleAlt,0.7041666666666667,32056921.589583334,33103363.0
"(np.float64(1.5), 230, 320, np.float64(0.8500000000000001), 10)",houghCircleAlt,0.7833333333333333,30160695.179166667,30923018.0
"(np.float64(1.5), 230, 320, np.float64(0.8500000000000001), 15)",houghCircleAlt,0.8708333333333333,30072893.6625,30309557.5
"(np.float64(1.5), 230, 320, np.float64(0.9000000000000001), 5)",houghCircleAlt,0.7729166666666667,32181387.960416667,33395416.0
"(np.float64(1.5), 230, 320, np.float64(0.9000000000000001), 10)",houghCircleAlt,0.8395833333333333,28926305.304166667,29680654.5
"(np.float64(1.5), 230, 320, np.float64(0.9000000000000001), 15)",houghCircleAlt,0.90625,29374750.18125,30222308.0
"(np.float64(1.5), 230, 330, np.float64(0.7), 5)",houghCircleAlt,0.43125,31202721.320833333,32041185.0
"(np.float64(1.5), 230, 330, np.float64(0.7), 10)",houghCircleAlt,0.5104166666666666,30963358.15625,31826357.5
"(np.float64(1.5), 230, 330, np.float64(0.7), 15)",houghCircleAlt,0.5895833333333333,30314039.875,30892645.5
"(np.float64(1.5), 230, 330, np.float64(0.75), 5)",houghCircleAlt,0.5354166666666667,30936779.195833333,31635765.5
"(np.float64(1.5), 230, 330, np.float64(0.75), 10)",houghCircleAlt,0.5979166666666667,29959481.729166668,30699052.5
"(np.float64(1.5), 230, 330, np.float64(0.75), 15)",houghCircleAlt,0.6770833333333334,29936781.377083335,30424278.0
"(np.float64(1.5), 230, 330, np.float64(0.8), 5)",houghCircleAlt,0.6291666666666667,32082014.822916668,32723437.5
"(np.float64(1.5), 230, 330, np.float64(0.8), 10)",houghCircleAlt,0.6958333333333333,28689028.839583334,29293747.0
"(np.float64(1.5), 230, 330, np.float64(0.8), 15)",houghCircleAlt,0.79375,29110394.283333335,29941533.0
"(np.float64(1.5), 230, 330, np.float64(0.8500000000000001), 5)",houghCircleAlt,0.7020833333333333,32046104.839583334,33181224.0
"(np.float64(1.5), 230, 330, np.float64(0.8500000000000001), 10)",houghCircleAlt,0.7770833333333333,30251711.160416666,31307178.5
"(np.float64(1.5), 230, 330, np.float64(0.8500000000000001), 15)",houghCircleAlt,0.8729166666666667,29892708.31875,30579542.5
"(np.float64(1.5), 230, 330, np.float64(0.9000000000000001), 5)",houghCircleAlt,0.7645833333333333,32449731.95625,33342499.5
"(np.float64(1.5), 230, 330, np.float64(0.9000000000000001), 10)",houghCircleAlt,0.8354166666666667,30192043.84375,30979263.0
"(np.float64(1.5), 230, 330, np.float64(0.9000000000000001), 15)",houghCircleAlt,0.90625,28680390.791666668,29300565.0
"(np.float64(1.5), 230, 340, np.float64(0.7), 5)",houghCircleAlt,0.4270833333333333,31525919.23125,32463954.5
"(np.float64(1.5), 230, 340, np.float64(0.7), 10)",houghCircleAlt,0.5,28502447.720833335,29249534.0
"(np.float64(1.5), 230, 340, np.float64(0.7), 15)",houghCircleAlt,0.5875,29778742.179166667,29970931.0
"(np.float64(1.5), 230, 340, np.float64(0.75), 5)",houghCircleAlt,0.5270833333333333,30702701.804166667,31894749.5
"(np.float64(1.5), 230, 340, np.float64(0.75), 10)",houghCircleAlt,0.5916666666666667,31093163.14375,32189282.5
"(np.float64(1.5), 230, 340, np.float64(0.75), 15)",houghCircleAlt,0.68125,28835318.283333335,29258280.0
"(np.float64(1.5), 230, 340, np.float64(0.8), 5)",houghCircleAlt,0.625,31547510.172916666,32363018.5
"(np.float64(1.5), 230, 340, np.float64(0.8), 10)",houghCircleAlt,0.6895833333333333,29891120.133333333,30338507.5
"(np.float64(1.5), 230, 340, np.float64(0.8), 15)",houghCircleAlt,0.8,30141449.814583335,30843774.5
"(np.float64(1.5), 230, 340, np.float64(0.8500000000000001), 5)",houghCircleAlt,0.70625,30565066.697916668,31410458.0
"(np.float64(1.5), 230, 340, np.float64(0.8500000000000001), 10)",houghCircleAlt,0.7729166666666667,30907682.720833335,31683525.5
"(np.float64(1.5), 230, 340, np.float64(0.8500000000000001), 15)",houghCircleAlt,0.86875,27348245.739583332,27929401.0
"(np.float64(1.5), 230, 340, np.float64(0.9000000000000001), 5)",houghCircleAlt,0.7708333333333334,31940685.941666666,32739286.0
"(np.float64(1.5), 230, 340, np.float64(0.9000000000000001), 10)",houghCircleAlt,0.8333333333333334,30101303.858333334,31013927.5
"(np.float64(1.5), 230, 340, np.float64(0.9000000000000001), 15)",houghCircleAlt,0.90625,28955276.258333333,29486470.0
"(np.float64(1.5), 230, 350, np.float64(0.7), 5)",houghCircleAlt,0.43125,31447871.852083333,32457542.0
"(np.float64(1.5), 230, 350, np.float64(0.7), 10)",houghCircleAlt,0.5020833333333333,30513487.933333334,31377656.5
"(np.float64(1.5), 230, 350, np.float64(0.7), 15)",houghCircleAlt,0.5875,28498077.133333333,29024336.5
"(np.float64(1.5), 230, 350, np.float64(0.75), 5)",houghCircleAlt,0.5270833333333333,31427934.375,32362063.5
"(np.float64(1.5), 230, 350, np.float64(0.75), 10)",houghCircleAlt,0.5916666666666667,29658207.5,30067085.5
"(np.float64(1.5), 230, 350, np.float64(0.75), 15)",houghCircleAlt,0.6833333333333333,27256179.7625,27618849.5
"(np.float64(1.5), 230, 350, np.float64(0.8), 5)",houghCircleAlt,0.6354166666666666,31386817.7625,32012953.0
"(np.float64(1.5), 230, 350, np.float64(0.8), 10)",houghCircleAlt,0.6895833333333333,29749023.508333333,30642131.0
"(np.float64(1.5), 230, 350, np.float64(0.8), 15)",houghCircleAlt,0.8041666666666667,29787771.45,30039269.5
"(np.float64(1.5), 230, 350, np.float64(0.8500000000000001), 5)",houghCircleAlt,0.7104166666666667,30814175.429166667,31320127.5
"(np.float64(1.5), 230, 350, np.float64(0.8500000000000001), 10)",houghCircleAlt,0.775,30755825.029166665,31607963.5
"(np.float64(1.5), 230, 350, np.float64(0.8500000000000001), 15)",houghCircleAlt,0.86875,29634679.960416667,30346420.0
"(np.float64(1.5), 230, 350, np.float64(0.9000000000000001), 5)",houghCircleAlt,0.7708333333333334,30527231.591666665,31300731.5
"(np.float64(1.5), 230, 350, np.float64(0.9000000000000001), 10)",houghCircleAlt,0.83125,28328196.35625,28981255.5
"(np.float64(1.5), 230, 350, np.float64(0.9000000000000001), 15)",houghCircleAlt,0.9041666666666667,29531734.710416667,29916681.0
"(np.float64(1.5), 230, 360, np.float64(0.7), 5)",houghCircleAlt,0.43125,30117266.060416665,30738031.0
"(np.float64(1.5), 230, 360, np.float64(0.7), 10)",houghCircleAlt,0.5,30363620.245833334,30877002.0
"(np.float64(1.5), 230, 360, np.float64(0.7), 15)",houghCircleAlt,0.5770833333333333,28555262.877083335,29177348.5
"(np.float64(1.5), 230, 360, np.float64(0.75), 5)",houghCircleAlt,0.5229166666666667,31383464.85,31916242.0
"(np.float64(1.5), 230, 360, np.float64(0.75), 10)",houghCircleAlt,0.5958333333333333,29769772.104166668,30425995.0
"(np.float64(1.5), 230, 360, np.float64(0.75), 15)",houghCircleAlt,0.6791666666666667,29473514.3625,30369319.0
"(np.float64(1.5), 230, 360, np.float64(0.8), 5)",houghCircleAlt,0.63125,31122350.9875,31735387.0
"(np.float64(1.5), 230, 360, np.float64(0.8), 10)",houghCircleAlt,0.6916666666666667,29492398.083333332,30009209.5
"(np.float64(1.5), 230, 360, np.float64(0.8), 15)",houghCircleAlt,0.8020833333333334,27026436.595833335,27217042.5
"(np.float64(1.5), 230, 360, np.float64(0.8500000000000001), 5)",houghCircleAlt,0.7125,31226446.24375,32044640.5
"(np.float64(1.5), 230, 360, np.float64(0.8500000000000001), 10)",houghCircleAlt,0.7708333333333334,29490427.754166666,29702729.5
"(np.float64(1.5), 230, 360, np.float64(0.8500000000000001), 15)",houghCircleAlt,0.8666666666666667,29348080.360416666,29570715.0
"(np.float64(1.5), 230, 360, np.float64(0.9000000000000001), 5)",houghCircleAlt,0.7708333333333334,30445422.166666668,31297931.0
"(np.float64(1.5), 230, 360, np.float64(0.9000000000000001), 10)",houghCircleAlt,0.8291666666666667,29941101.9875,30755939.5
"(np.float64(1.5), 230, 360, np.float64(0.9000000000000001), 15)",houghCircleAlt,0.9041666666666667,29713176.733333334,30082240.5
"(np.float64(1.5), 230, 370, np.float64(0.7), 5)",houghCircleAlt,0.425,31132000.625,32176775.0
"(np.float64(1.5), 230, 370, np.float64(0.7), 10)",houghCircleAlt,0.5041666666666667,30168730.679166667,30870584.0
"(np.float64(1.5), 230, 370, np.float64(0.7), 15)",houghCircleAlt,0.5729166666666666,26925420.629166666,27496064.0
"(np.float64(1.5), 230, 370, np.float64(0.75), 5)",houghCircleAlt,0.5145833333333333,30086807.814583335,30738463.0
"(np.float64(1.5), 230, 370, np.float64(0.75), 10)",houghCircleAlt,0.6020833333333333,29299792.302083332,29666527.0
"(np.float64(1.5), 230, 370, np.float64(0.75), 15)",houghCircleAlt,0.6791666666666667,29231685.020833332,29819408.0
"(np.float64(1.5), 230, 370, np.float64(0.8), 5)",houghCircleAlt,0.625,31073368.05,31665793.0
"(np.float64(1.5), 230, 370, np.float64(0.8), 10)",houghCircleAlt,0.6875,29408829.414583333,30044360.0
"(np.float64(1.5), 230, 370, np.float64(0.8), 15)",houghCircleAlt,0.7958333333333333,29592388.98125,29700970.0
"(np.float64(1.5), 230, 370, np.float64(0.8500000000000001), 5)",houghCircleAlt,0.7083333333333334,30413338.066666666,31067369.0
"(np.float64(1.5), 230, 370, np.float64(0.8500000000000001), 10)",houghCircleAlt,0.7708333333333334,30473879.05,31119245.5
"(np.float64(1.5), 230, 370, np.float64(0.8500000000000001), 15)",houghCircleAlt,0.8666666666666667,29297389.172916666,29769128.5
"(np.float64(1.5), 230, 370, np.float64(0.9000000000000001), 5)",houghCircleAlt,0.7666666666666667,28789029.71875,29266144.5
"(np.float64(1.5), 230, 370, np.float64(0.9000000000000001), 10)",houghCircleAlt,0.8270833333333333,29344218.710416667,29915342.0
"(np.float64(1.5), 230, 370, np.float64(0.9000000000000001), 15)",houghCircleAlt,0.9020833333333333,28242145.720833335,28640947.0
"(np.float64(1.5), 230, 380, np.float64(0.7), 5)",houghCircleAlt,0.42083333333333334,30877441.54375,31501578.5
"(np.float64(1.5), 230, 380, np.float64(0.7), 10)",houghCircleAlt,0.5041666666666667,30110071.28125,30258656.0
"(np.float64(1.5), 230, 380, np.float64(0.7), 15)",houghCircleAlt,0.58125,28288133.347916666,28673437.5
"(np.float64(1.5), 230, 380, np.float64(0.75), 5)",houghCircleAlt,0.5083333333333333,31085905.314583335,31681120.5
"(np.float64(1.5), 230, 380, np.float64(0.75), 10)",houghCircleAlt,0.6,29456919.914583333,29897443.5
"(np.float64(1.5), 230, 380, np.float64(0.75), 15)",houghCircleAlt,0.675,29205699.270833332,29782273.5
"(np.float64(1.5), 230, 380, np.float64(0.8), 5)",houghCircleAlt,0.6270833333333333,30641323.477083333,31222995.0
"(np.float64(1.5), 230, 380, np.float64(0.8), 10)",houghCircleAlt,0.6875,27777334.958333332,28029038.0
"(np.float64(1.5), 230, 380, np.float64(0.8), 15)",houghCircleAlt,0.7979166666666667,28286984.3625,28720239.5
"(np.float64(1.5), 230, 380, np.float64(0.8500000000000001), 5)",houghCircleAlt,0.7125,29908748.96875,30200232.5
"(np.float64(1.5), 230, 380, np.float64(0.8500000000000001), 10)",houghCircleAlt,0.775,30306329.1875,31001857.5
"(np.float64(1.5), 230, 380, np.float64(0.8500000000000001), 15)",houghCircleAlt,0.8729166666666667,28229004.0625,28559839.5
"(np.float64(1.5), 230, 380, np.float64(0.9000000000000001), 5)",houghCircleAlt,0.7708333333333334,30887518.26875,31394524.0
"(np.float64(1.5), 230, 380, np.float64(0.9000000000000001), 10)",houghCircleAlt,0.8270833333333333,29450950.541666668,29978941.0
"(np.float64(1.5), 230, 380, np.float64(0.9000000000000001), 15)",houghCircleAlt,0.9020833333333333,29424043.01875,29765038.5
"(np.float64(1.5), 230, 390, np.float64(0.7), 5)",houghCircleAlt,0.4125,30706960.94375,31619128.5
"(np.float64(1.5), 230, 390, np.float64(0.7), 10)",houghCircleAlt,0.50625,29964575.597916666,30321890.5
"(np.float64(1.5), 230, 390, np.float64(0.7), 15)",houghCircleAlt,0.58125,26810539.7,27116662.5
"(np.float64(1.5), 230, 390, np.float64(0.75), 5)",houghCircleAlt,0.5104166666666666,30118410.3125,30757242.5
"(np.float64(1.5), 230, 390, np.float64(0.75), 10)",houghCircleAlt,0.6,28694653.6875,29135069.0
"(np.float64(1.5), 230, 390, np.float64(0.75), 15)",houghCircleAlt,0.6770833333333334,29407145.014583334,30174905.0
"(np.float64(1.5), 230, 390, np.float64(0.8), 5)",houghCircleAlt,0.6333333333333333,29648346.729166668,30068439.5
"(np.float64(1.5), 230, 390, np.float64(0.8), 10)",houghCircleAlt,0.6916666666666667,30057760.164583333,30435017.0
"(np.float64(1.5), 230, 390, np.float64(0.8), 15)",houghCircleAlt,0.79375,28145272.908333335,28526452.5
"(np.float64(1.5), 230, 390, np.float64(0.8500000000000001), 5)",houghCircleAlt,0.71875,30982593.229166668,31331605.0
"(np.float64(1.5), 230, 390, np.float64(0.8500000000000001), 10)",houghCircleAlt,0.7770833333333333,27649980.602083333,28155611.5
"(np.float64(1.5), 230, 390, np.float64(0.8500000000000001), 15)",houghCircleAlt,0.8666666666666667,29014719.69375,29489318.0
"(np.float64(1.5), 230, 390, np.float64(0.9000000000000001), 5)",houghCircleAlt,0.76875,30510383.564583335,30896427.0
"(np.float64(1.5), 230, 390, np.float64(0.9000000000000001), 10)",houghCircleAlt,0.825,29050219.16875,29486928.5
"(np.float64(1.5), 230, 390, np.float64(0.9000000000000001), 15)",houghCircleAlt,0.8979166666666667,27666680.53125,27917750.5
"(np.float64(1.5), 240, 300, np.float64(0.7), 5)",houghCircleAlt,0.4166666666666667,33316121.097916666,34401659.0
"(np.float64(1.5), 240, 300, np.float64(0.7), 10)",houghCircleAlt,0.525,31368933.095833335,32462807.0
"(np.float64(1.5), 240, 300, np.float64(0.7), 15)",houghCircleAlt,0.5729166666666666,31275830.364583332,32227149.5
"(np.float64(1.5), 240, 300, np.float64(0.75), 5)",houghCircleAlt,0.5229166666666667,32278968.422916666,33461215.5
"(np.float64(1.5), 240, 300, np.float64(0.75), 10)",houghCircleAlt,0.5916666666666667,32394157.854166668,33375114.0
"(np.float64(1.5), 240, 300, np.float64(0.75), 15)",houghCircleAlt,0.65625,28269277.2625,28980213.0
"(np.float64(1.5), 240, 300, np.float64(0.8), 5)",houghCircleAlt,0.6125,33068420.05625,34351680.0
"(np.float64(1.5), 240, 300, np.float64(0.8), 10)",houghCircleAlt,0.6875,32085403.19375,33018520.5
"(np.float64(1.5), 240, 300, np.float64(0.8), 15)",houghCircleAlt,0.7583333333333333,30183100.372916665,30906854.5
"(np.float64(1.5), 240, 300, np.float64(0.8500000000000001), 5)",houghCircleAlt,0.6770833333333334,31924089.314583335,33041401.5
"(np.float64(1.5), 240, 300, np.float64(0.8500000000000001), 10)",houghCircleAlt,0.7520833333333333,32602454.725,33749626.0
"(np.float64(1.5), 240, 300, np.float64(0.8500000000000001), 15)",houghCircleAlt,0.83125,29862765.645833332,30778922.5
"(np.float64(1.5), 240, 300, np.float64(0.9000000000000001), 5)",houghCircleAlt,0.7333333333333333,33414804.627083335,34643727.5
"(np.float64(1.5), 240, 300, np.float64(0.9000000000000001), 10)",houghCircleAlt,0.8020833333333334,31406914.108333334,32331145.5
"(np.float64(1.5), 240, 300, np.float64(0.9000000000000001), 15)",houghCircleAlt,0.8666666666666667,28267495.897916667,28878818.5
"(np.float64(1.5), 240, 310, np.float64(0.7), 5)",houghCircleAlt,0.4270833333333333,33261492.9375,34391885.0
"(np.float64(1.5), 240, 310, np.float64(0.7), 10)",houghCircleAlt,0.5229166666666667,31878620.308333334,32872409.5
"(np.float64(1.5), 240, 310, np.float64(0.7), 15)",houghCircleAlt,0.5583333333333333,30227518.864583332,30841256.0
"(np.float64(1.5), 240, 310, np.float64(0.75), 5)",houghCircleAlt,0.51875,32197849.70625,33535013.5
"(np.float64(1.5), 240, 310, np.float64(0.75), 10)",houghCircleAlt,0.59375,30678514.095833335,31231378.0
"(np.float64(1.5), 240, 310, np.float64(0.75), 15)",houghCircleAlt,0.6520833333333333,29637109.777083334,30524606.0
"(np.float64(1.5), 240, 310, np.float64(0.8), 5)",houghCircleAlt,0.6020833333333333,33154800.03125,34264496.0
"(np.float64(1.5), 240, 310, np.float64(0.8), 10)",houghCircleAlt,0.6875,29206343.727083333,30133368.5
"(np.float64(1.5), 240, 310, np.float64(0.8), 15)",houghCircleAlt,0.75625,30090048.139583334,30747224.5
"(np.float64(1.5), 240, 310, np.float64(0.8500000000000001), 5)",houghCircleAlt,0.6708333333333333,33009830.74375,34498921.0
"(np.float64(1.5), 240, 310, np.float64(0.8500000000000001), 10)",houghCircleAlt,0.75,32152091.9375,32967945.5
"(np.float64(1.5), 240, 310, np.float64(0.8500000000000001), 15)",houghCircleAlt,0.83125,30673624.895833332,31525544.5
"(np.float64(1.5), 240, 310, np.float64(0.9000000000000001), 5)",houghCircleAlt,0.7375,32420990.05625,33374619.5
"(np.float64(1.5), 240, 310, np.float64(0.9000000000000001), 10)",houghCircleAlt,0.8020833333333334,31147256.320833333,32076547.5
"(np.float64(1.5), 240, 310, np.float64(0.9000000000000001), 15)",houghCircleAlt,0.8666666666666667,29615967.033333335,30355152.0
"(np.float64(1.5), 240, 320, np.float64(0.7), 5)",houghCircleAlt,0.4354166666666667,31801129.191666666,33003235.5
"(np.float64(1.5), 240, 320, np.float64(0.7), 10)",houghCircleAlt,0.5208333333333334,29069507.052083332,29742739.0
"(np.float64(1.5), 240, 320, np.float64(0.7), 15)",houghCircleAlt,0.5729166666666666,31193959.16875,32023137.0
"(np.float64(1.5), 240, 320, np.float64(0.75), 5)",houghCircleAlt,0.5166666666666667,31743410.858333334,32870782.0
"(np.float64(1.5), 240, 320, np.float64(0.75), 10)",houghCircleAlt,0.59375,32090717.533333335,33343497.5
"(np.float64(1.5), 240, 320, np.float64(0.75), 15)",houghCircleAlt,0.6604166666666667,30882249.325,31493077.0
"(np.float64(1.5), 240, 320, np.float64(0.8), 5)",houghCircleAlt,0.6041666666666666,32498257.075,33650069.0
"(np.float64(1.5), 240, 320, np.float64(0.8), 10)",houghCircleAlt,0.68125,31355565.45,31885989.5
"(np.float64(1.5), 240, 320, np.float64(0.8), 15)",houghCircleAlt,0.7583333333333333,29795291.24375,30497541.0
"(np.float64(1.5), 240, 320, np.float64(0.8500000000000001), 5)",houghCircleAlt,0.675,31416193.935416665,32201797.5
"(np.float64(1.5), 240, 320, np.float64(0.8500000000000001), 10)",houghCircleAlt,0.7583333333333333,30775018.71875,31657928.0
"(np.float64(1.5), 240, 320, np.float64(0.8500000000000001), 15)",houghCircleAlt,0.8333333333333334,27859543.533333335,28281066.0
"(np.float64(1.5), 240, 320, np.float64(0.9000000000000001), 5)",houghCircleAlt,0.7395833333333334,32671374.420833334,33441904.5
"(np.float64(1.5), 240, 320, np.float64(0.9000000000000001), 10)",houghCircleAlt,0.8020833333333334,30799678.60625,31520464.0
"(np.float64(1.5), 240, 320, np.float64(0.9000000000000001), 15)",houghCircleAlt,0.8666666666666667,30875447.183333334,31838420.0
"(np.float64(1.5), 240, 330, np.float64(0.7), 5)",houghCircleAlt,0.42916666666666664,32617018.475,33345107.0
"(np.float64(1.5), 240, 330, np.float64(0.7), 10)",houghCircleAlt,0.5145833333333333,31410496.929166667,32436682.5
"(np.float64(1.5), 240, 330, np.float64(0.7), 15)",houghCircleAlt,0.575,30175794.089583334,30503860.5
"(np.float64(1.5), 240, 330, np.float64(0.75), 5)",houghCircleAlt,0.525,31699412.191666666,32912927.0
"(np.float64(1.5), 240, 330, np.float64(0.75), 10)",houghCircleAlt,0.59375,30205170.958333332,30829718.5
"(np.float64(1.5), 240, 330, np.float64(0.75), 15)",houghCircleAlt,0.6604166666666667,27824279.502083335,28296420.0
"(np.float64(1.5), 240, 330, np.float64(0.8), 5)",houghCircleAlt,0.60625,31316260.725,32519502.0
"(np.float64(1.5), 240, 330, np.float64(0.8), 10)",houghCircleAlt,0.675,31510286.827083334,32199343.0
"(np.float64(1.5), 240, 330, np.float64(0.8), 15)",houghCircleAlt,0.7604166666666666,29527760.591666665,30088933.0
"(np.float64(1.5), 240, 330, np.float64(0.8500000000000001), 5)",houghCircleAlt,0.6729166666666667,32448756.358333334,33499311.0
"(np.float64(1.5), 240, 330, np.float64(0.8500000000000001), 10)",houghCircleAlt,0.75,32006548.202083334,32671197.0
"(np.float64(1.5), 240, 330, np.float64(0.8500000000000001), 15)",houghCircleAlt,0.8354166666666667,30408466.05625,31211174.0
"(np.float64(1.5), 240, 330, np.float64(0.9000000000000001), 5)",houghCircleAlt,0.7333333333333333,31983453.666666668,33011926.0
"(np.float64(1.5), 240, 330, np.float64(0.9000000000000001), 10)",houghCircleAlt,0.7979166666666667,30849895.947916668,31804172.0
"(np.float64(1.5), 240, 330, np.float64(0.9000000000000001), 15)",houghCircleAlt,0.8666666666666667,29012733.191666666,29436824.5
"(np.float64(1.5), 240, 340, np.float64(0.7), 5)",houghCircleAlt,0.425,29660303.291666668,30218636.5
"(np.float64(1.5), 240, 340, np.float64(0.7), 10)",houghCircleAlt,0.5104166666666666,30253004.816666666,31319847.5
"(np.float64(1.5), 240, 340, np.float64(0.7), 15)",houghCircleAlt,0.5708333333333333,29378698.229166668,29909421.5
"(np.float64(1.5), 240, 340, np.float64(0.75), 5)",houghCircleAlt,0.51875,32125367.727083333,33220659.5
"(np.float64(1.5), 240, 340, np.float64(0.75), 10)",houghCircleAlt,0.5916666666666667,31602835.14375,32488304.0
"(np.float64(1.5), 240, 340, np.float64(0.75), 15)",houghCircleAlt,0.6645833333333333,30247368.302083332,31048203.5
"(np.float64(1.5), 240, 340, np.float64(0.8), 5)",houghCircleAlt,0.6041666666666666,32488522.529166665,33381580.5
"(np.float64(1.5), 240, 340, np.float64(0.8), 10)",houghCircleAlt,0.6729166666666667,31201408.066666666,31904229.5
"(np.float64(1.5), 240, 340, np.float64(0.8), 15)",houghCircleAlt,0.7666666666666667,28949399.525,29417468.5
"(np.float64(1.5), 240, 340, np.float64(0.8500000000000001), 5)",houghCircleAlt,0.6770833333333334,31425531.047916666,32333946.0
"(np.float64(1.5), 240, 340, np.float64(0.8500000000000001), 10)",houghCircleAlt,0.7458333333333333,28777549.597916666,29602269.5
"(np.float64(1.5), 240, 340, np.float64(0.8500000000000001), 15)",houghCircleAlt,0.83125,29305813.764583334,30045471.5
"(np.float64(1.5), 240, 340, np.float64(0.9000000000000001), 5)",houghCircleAlt,0.7395833333333334,31482038.410416666,32483871.0
"(np.float64(1.5), 240, 340, np.float64(0.9000000000000001), 10)",houghCircleAlt,0.7979166666666667,31310226.964583334,32119859.0
"(np.float64(1.5), 240, 340, np.float64(0.9000000000000001), 15)",houghCircleAlt,0.8666666666666667,30259059.725,31025129.5
"(np.float64(1.5), 240, 350, np.float64(0.7), 5)",houghCircleAlt,0.4270833333333333,31879818.747916665,32860588.0
"(np.float64(1.5), 240, 350, np.float64(0.7), 10)",houghCircleAlt,0.5041666666666667,29900543.666666668,30402030.5
"(np.float64(1.5), 240, 350, np.float64(0.7), 15)",houghCircleAlt,0.5708333333333333,30447864.029166665,30553347.0
"(np.float64(1.5), 240, 350, np.float64(0.75), 5)",houghCircleAlt,0.5166666666666667,31468055.172916666,32152895.5
"(np.float64(1.5), 240, 350, np.float64(0.75), 10)",houghCircleAlt,0.5875,30384274.883333333,31220200.0
"(np.float64(1.5), 240, 350, np.float64(0.75), 15)",houghCircleAlt,0.6666666666666666,27451088.725,27803821.5
"(np.float64(1.5), 240, 350, np.float64(0.8), 5)",houghCircleAlt,0.6104166666666667,30836060.19375,31876657.0
"(np.float64(1.5), 240, 350, np.float64(0.8), 10)",houghCircleAlt,0.6666666666666666,30402488.364583332,31047631.5
"(np.float64(1.5), 240, 350, np.float64(0.8), 15)",houghCircleAlt,0.76875,30138725.9125,30728053.0
"(np.float64(1.5), 240, 350, np.float64(0.8500000000000001), 5)",houghCircleAlt,0.68125,31895745.43125,32928200.0
"(np.float64(1.5), 240, 350, np.float64(0.8500000000000001), 10)",houghCircleAlt,0.74375,29987961.291666668,30484896.5
"(np.float64(1.5), 240, 350, np.float64(0.8500000000000001), 15)",houghCircleAlt,0.83125,30025028.510416668,30544462.5
"(np.float64(1.5), 240, 350, np.float64(0.9000000000000001), 5)",houghCircleAlt,0.7395833333333334,32467512.579166666,33187600.5
"(np.float64(1.5), 240, 350, np.float64(0.9000000000000001), 10)",houghCircleAlt,0.7916666666666666,30947893.827083334,31615431.0
"(np.float64(1.5), 240, 350, np.float64(0.9000000000000001), 15)",houghCircleAlt,0.8645833333333334,27453280.189583335,27676417.5
"(np.float64(1.5), 240, 360, np.float64(0.7), 5)",houghCircleAlt,0.42291666666666666,31003843.6125,31863266.5
"(np.float64(1.5), 240, 360, np.float64(0.7), 10)",houghCircleAlt,0.5041666666666667,29893110.535416666,30621243.0
"(np.float64(1.5), 240, 360, np.float64(0.7), 15)",houghCircleAlt,0.5583333333333333,28929310.583333332,29236069.0
"(np.float64(1.5), 240, 360, np.float64(0.75), 5)",houghCircleAlt,0.5125,31753988.3125,32400820.5
"(np.float64(1.5), 240, 360, np.float64(0.75), 10)",houghCircleAlt,0.5916666666666667,31118418.7625,31715325.0
"(np.float64(1.5), 240, 360, np.float64(0.75), 15)",houghCircleAlt,0.6625,28726235.216666665,28854868.0
"(np.float64(1.5), 240, 360, np.float64(0.8), 5)",houghCircleAlt,0.60625,31694296.329166666,32574332.0
"(np.float64(1.5), 240, 360, np.float64(0.8), 10)",houghCircleAlt,0.66875,28604959.689583335,29286571.5
"(np.float64(1.5), 240, 360, np.float64(0.8), 15)",houghCircleAlt,0.76875,29905299.283333335,30390079.5
"(np.float64(1.5), 240, 360, np.float64(0.8500000000000001), 5)",houghCircleAlt,0.6833333333333333,32215411.7,33042480.5
"(np.float64(1.5), 240, 360, np.float64(0.8500000000000001), 10)",houghCircleAlt,0.7395833333333334,30317316.35,31241526.5
"(np.float64(1.5), 240, 360, np.float64(0.8500000000000001), 15)",houghCircleAlt,0.8291666666666667,28767632.889583334,29386356.0
"(np.float64(1.5), 240, 360, np.float64(0.9000000000000001), 5)",houghCircleAlt,0.7395833333333334,31051152.75625,31827744.5
"(np.float64(1.5), 240, 360, np.float64(0.9000000000000001), 10)",houghCircleAlt,0.7916666666666666,28585553.864583332,28893656.0
"(np.float64(1.5), 240, 360, np.float64(0.9000000000000001), 15)",houghCircleAlt,0.8645833333333334,28698300.1375,29047024.0
"(np.float64(1.5), 240, 370, np.float64(0.7), 5)",houghCircleAlt,0.42291666666666666,31631787.577083334,32562931.0
"(np.float64(1.5), 240, 370, np.float64(0.7), 10)",houghCircleAlt,0.50625,28270444.81875,28704021.0
"(np.float64(1.5), 240, 370, np.float64(0.7), 15)",houghCircleAlt,0.5520833333333334,29683907.310416665,30281013.5
"(np.float64(1.5), 240, 370, np.float64(0.75), 5)",houghCircleAlt,0.50625,31246570.333333332,31898478.5
"(np.float64(1.5), 240, 370, np.float64(0.75), 10)",houghCircleAlt,0.59375,30101973.158333335,30675658.0
"(np.float64(1.5), 240, 370, np.float64(0.75), 15)",houghCircleAlt,0.6604166666666667,30317052.885416668,30696814.5
"(np.float64(1.5), 240, 370, np.float64(0.8), 5)",houghCircleAlt,0.6,30478607.160416666,31204736.5
"(np.float64(1.5), 240, 370, np.float64(0.8), 10)",houghCircleAlt,0.6625,30059622.547916666,30558384.0
"(np.float64(1.5), 240, 370, np.float64(0.8), 15)",houghCircleAlt,0.7604166666666666,30072899.94375,30499440.0
"(np.float64(1.5), 240, 370, np.float64(0.8500000000000001), 5)",houghCircleAlt,0.6791666666666667,30322702.997916665,31139038.0
"(np.float64(1.5), 240, 370, np.float64(0.8500000000000001), 10)",houghCircleAlt,0.7375,28319369.516666666,28862697.5
"(np.float64(1.5), 240, 370, np.float64(0.8500000000000001), 15)",houghCircleAlt,0.8270833333333333,29842747.320833333,30165866.5
"(np.float64(1.5), 240, 370, np.float64(0.9000000000000001), 5)",houghCircleAlt,0.7354166666666667,31486480.529166665,32195406.0
"(np.float64(1.5), 240, 370, np.float64(0.9000000000000001), 10)",houghCircleAlt,0.7895833333333333,30227774.614583332,30824468.5
"(np.float64(1.5), 240, 370, np.float64(0.9000000000000001), 15)",houghCircleAlt,0.8625,29582632.464583334,30192628.0
"(np.float64(1.5), 240, 380, np.float64(0.7), 5)",houghCircleAlt,0.4166666666666667,31867882.560416665,32521938.0
"(np.float64(1.5), 240, 380, np.float64(0.7), 10)",houghCircleAlt,0.50625,29413616.435416665,30054263.0
"(np.float64(1.5), 240, 380, np.float64(0.7), 15)",houghCircleAlt,0.5604166666666667,28901170.083333332,29290178.5
"(np.float64(1.5), 240, 380, np.float64(0.75), 5)",houghCircleAlt,0.49583333333333335,31580989.75625,32082373.5
"(np.float64(1.5), 240, 380, np.float64(0.75), 10)",houghCircleAlt,0.5895833333333333,28092749.8375,28518597.5
"(np.float64(1.5), 240, 380, np.float64(0.75), 15)",houghCircleAlt,0.6583333333333333,28260830.727083333,28578150.5
"(np.float64(1.5), 240, 380, np.float64(0.8), 5)",houghCircleAlt,0.5979166666666667,31518190.24375,32157084.0
"(np.float64(1.5), 240, 380, np.float64(0.8), 10)",houghCircleAlt,0.6625,30522956.433333334,30908135.0
"(np.float64(1.5), 240, 380, np.float64(0.8), 15)",houghCircleAlt,0.7625,29620732.429166667,29850590.0
"(np.float64(1.5), 240, 380, np.float64(0.8500000000000001), 5)",houghCircleAlt,0.6833333333333333,30462224.916666668,30843203.0
"(np.float64(1.5), 240, 380, np.float64(0.8500000000000001), 10)",houghCircleAlt,0.7416666666666667,31282186.25625,31726054.5
"(np.float64(1.5), 240, 380, np.float64(0.8500000000000001), 15)",houghCircleAlt,0.8333333333333334,28620157.741666667,28972434.0
"(np.float64(1.5), 240, 380, np.float64(0.9000000000000001), 5)",houghCircleAlt,0.7395833333333334,30587840.90625,31024202.5
"(np.float64(1.5), 240, 380, np.float64(0.9000000000000001), 10)",houghCircleAlt,0.7895833333333333,30898558.008333333,31533188.5
"(np.float64(1.5), 240, 380, np.float64(0.9000000000000001), 15)",houghCircleAlt,0.8625,27181478.352083333,27407752.5
"(np.float64(1.5), 240, 390, np.float64(0.7), 5)",houghCircleAlt,0.41041666666666665,30034025.85625,30506547.5
"(np.float64(1.5), 240, 390, np.float64(0.7), 10)",houghCircleAlt,0.5083333333333333,30591011.0625,30826727.0
"(np.float64(1.5), 240, 390, np.float64(0.7), 15)",houghCircleAlt,0.5625,29242467.50625,29625668.5
"(np.float64(1.5), 240, 390, np.float64(0.75), 5)",houghCircleAlt,0.5,31360919.289583333,31750034.0
"(np.float64(1.5), 240, 390, np.float64(0.75), 10)",houghCircleAlt,0.5875,29806274.45,30312732.5
"(np.float64(1.5), 240, 390, np.float64(0.75), 15)",houghCircleAlt,0.6604166666666667,28279689.779166665,28494146.0
"(np.float64(1.5), 240, 390, np.float64(0.8), 5)",houghCircleAlt,0.60625,31616328.083333332,32289770.5
"(np.float64(1.5), 240, 390, np.float64(0.8), 10)",houghCircleAlt,0.6645833333333333,29605953.439583335,30068615.0
"(np.float64(1.5), 240, 390, np.float64(0.8), 15)",houghCircleAlt,0.7583333333333333,27166804.591666665,27485304.0
"(np.float64(1.5), 240, 390, np.float64(0.8500000000000001), 5)",houghCircleAlt,0.6895833333333333,31338819.210416667,32087163.0
"(np.float64(1.5), 240, 390, np.float64(0.8500000000000001), 10)",houghCircleAlt,0.7416666666666667,29183367.929166667,29570195.0
"(np.float64(1.5), 240, 390, np.float64(0.8500000000000001), 15)",houghCircleAlt,0.8270833333333333,29501102.966666665,29679621.0
"(np.float64(1.5), 240, 390, np.float64(0.9000000000000001), 5)",houghCircleAlt,0.7375,30889387.402083334,31517583.5
"(np.float64(1.5), 240, 390, np.float64(0.9000000000000001), 10)",houghCircleAlt,0.7875,29744348.541666668,29888362.0
"(np.float64(1.5), 240, 390, np.float64(0.9000000000000001), 15)",houghCircleAlt,0.8583333333333333,29400718.091666665,29560081.0
"(np.float64(1.5), 250, 300, np.float64(0.7), 5)",houghCircleAlt,0.4083333333333333,32686456.025,34132830.5
"(np.float64(1.5), 250, 300, np.float64(0.7), 10)",houghCircleAlt,0.5083333333333333,33193504.008333333,33991007.0
"(np.float64(1.5), 250, 300, np.float64(0.7), 15)",houghCircleAlt,0.5625,30542209.88125,31162482.0
"(np.float64(1.5), 250, 300, np.float64(0.75), 5)",houghCircleAlt,0.5125,31091474.366666667,31973779.5
"(np.float64(1.5), 250, 300, np.float64(0.75), 10)",houghCircleAlt,0.5729166666666666,31578875.941666666,32400605.5
"(np.float64(1.5), 250, 300, np.float64(0.75), 15)",houghCircleAlt,0.6479166666666667,31811531.55625,32836201.0
"(np.float64(1.5), 250, 300, np.float64(0.8), 5)",houghCircleAlt,0.59375,33522283.039583333,34759325.5
"(np.float64(1.5), 250, 300, np.float64(0.8), 10)",houghCircleAlt,0.65625,32537962.760416668,33520822.5
"(np.float64(1.5), 250, 300, np.float64(0.8), 15)",houghCircleAlt,0.7270833333333333,31300135.43125,31968488.5
"(np.float64(1.5), 250, 300, np.float64(0.8500000000000001), 5)",houghCircleAlt,0.6520833333333333,32841394.804166667,34041173.5
"(np.float64(1.5), 250, 300, np.float64(0.8500000000000001), 10)",houghCircleAlt,0.7208333333333333,31609068.529166665,32583929.5
"(np.float64(1.5), 250, 300, np.float64(0.8500000000000001), 15)",houghCircleAlt,0.7958333333333333,31566435.264583334,32200570.5
"(np.float64(1.5), 250, 300, np.float64(0.9000000000000001), 5)",houghCircleAlt,0.7041666666666667,32732634.3375,34007860.5
"(np.float64(1.5), 250, 300, np.float64(0.9000000000000001), 10)",houghCircleAlt,0.7666666666666667,30003204.99375,30916119.5
"(np.float64(1.5), 250, 300, np.float64(0.9000000000000001), 15)",houghCircleAlt,0.83125,30012108.954166666,30911601.5
"(np.float64(1.5), 250, 310, np.float64(0.7), 5)",houghCircleAlt,0.4166666666666667,33576856.53125,34928858.5
"(np.float64(1.5), 250, 310, np.float64(0.7), 10)",houghCircleAlt,0.50625,32554374.372916665,33468528.0
"(np.float64(1.5), 250, 310, np.float64(0.7), 15)",houghCircleAlt,0.55,30874865.34375,31485953.5
"(np.float64(1.5), 250, 310, np.float64(0.75), 5)",houghCircleAlt,0.5083333333333333,33165165.208333332,34520020.0
"(np.float64(1.5), 250, 310, np.float64(0.75), 10)",houghCircleAlt,0.575,31650411.464583334,32739305.5
"(np.float64(1.5), 250, 310, np.float64(0.75), 15)",houghCircleAlt,0.64375,30128484.427083332,31148662.0
"(np.float64(1.5), 250, 310, np.float64(0.8), 5)",houghCircleAlt,0.5833333333333334,33548775.304166667,34427192.5
"(np.float64(1.5), 250, 310, np.float64(0.8), 10)",houghCircleAlt,0.65625,29727761.154166665,30496247.5
"(np.float64(1.5), 250, 310, np.float64(0.8), 15)",houghCircleAlt,0.7229166666666667,30293722.30625,30848081.5
"(np.float64(1.5), 250, 310, np.float64(0.8500000000000001), 5)",houghCircleAlt,0.6479166666666667,32071971.104166668,33208967.0
"(np.float64(1.5), 250, 310, np.float64(0.8500000000000001), 10)",houghCircleAlt,0.71875,32814000.508333333,33848015.5
"(np.float64(1.5), 250, 310, np.float64(0.8500000000000001), 15)",houghCircleAlt,0.7958333333333333,30911283.35,31723689.5
"(np.float64(1.5), 250, 310, np.float64(0.9000000000000001), 5)",houghCircleAlt,0.7083333333333334,33221473.035416666,34642184.5
"(np.float64(1.5), 250, 310, np.float64(0.9000000000000001), 10)",houghCircleAlt,0.7666666666666667,31743328.352083333,32717429.0
"(np.float64(1.5), 250, 310, np.float64(0.9000000000000001), 15)",houghCircleAlt,0.83125,31163334.11875,32062710.5
"(np.float64(1.5), 250, 320, np.float64(0.7), 5)",houghCircleAlt,0.42916666666666664,31979558.395833332,33309319.0
"(np.float64(1.5), 250, 320, np.float64(0.7), 10)",houghCircleAlt,0.5041666666666667,29575865.504166666,30522236.0
"(np.float64(1.5), 250, 320, np.float64(0.7), 15)",houghCircleAlt,0.5625,31265693.464583334,31787379.5
"(np.float64(1.5), 250, 320, np.float64(0.75), 5)",houghCircleAlt,0.5104166666666666,32024966.929166667,32800995.0
"(np.float64(1.5), 250, 320, np.float64(0.75), 10)",houghCircleAlt,0.575,30918205.083333332,31749814.0
"(np.float64(1.5), 250, 320, np.float64(0.75), 15)",houghCircleAlt,0.6479166666666667,31502308.74375,32363620.5
"(np.float64(1.5), 250, 320, np.float64(0.8), 5)",houghCircleAlt,0.5854166666666667,32801230.50625,33915750.5
"(np.float64(1.5), 250, 320, np.float64(0.8), 10)",houghCircleAlt,0.65,32118792.683333334,33164037.5
"(np.float64(1.5), 250, 320, np.float64(0.8), 15)",houghCircleAlt,0.7229166666666667,30437031.0625,31035574.0
"(np.float64(1.5), 250, 320, np.float64(0.8500000000000001), 5)",houghCircleAlt,0.6520833333333333,33152656.608333334,34448636.5
"(np.float64(1.5), 250, 320, np.float64(0.8500000000000001), 10)",houghCircleAlt,0.7270833333333333,31182991.245833334,32158145.5
"(np.float64(1.5), 250, 320, np.float64(0.8500000000000001), 15)",houghCircleAlt,0.7979166666666667,28309538.94375,29017993.5
"(np.float64(1.5), 250, 320, np.float64(0.9000000000000001), 5)",houghCircleAlt,0.7104166666666667,33073310.235416666,34034149.5
"(np.float64(1.5), 250, 320, np.float64(0.9000000000000001), 10)",houghCircleAlt,0.7666666666666667,31275189.270833332,32162889.5
"(np.float64(1.5), 250, 320, np.float64(0.9000000000000001), 15)",houghCircleAlt,0.83125,29781319.708333332,30341198.5
"(np.float64(1.5), 250, 330, np.float64(0.7), 5)",houghCircleAlt,0.41875,32969431.085416667,34056988.0
"(np.float64(1.5), 250, 330, np.float64(0.7), 10)",houghCircleAlt,0.4979166666666667,31552490.49375,32297285.5
"(np.float64(1.5), 250, 330, np.float64(0.7), 15)",houghCircleAlt,0.5645833333333333,30180141.845833335,30894642.0
"(np.float64(1.5), 250, 330, np.float64(0.75), 5)",houghCircleAlt,0.5145833333333333,32649657.795833334,33508199.5
"(np.float64(1.5), 250, 330, np.float64(0.75), 10)",houghCircleAlt,0.575,31940379.61875,32932577.5
"(np.float64(1.5), 250, 330, np.float64(0.75), 15)",houghCircleAlt,0.6479166666666667,29618959.910416666,30370136.5
"(np.float64(1.5), 250, 330, np.float64(0.8), 5)",houghCircleAlt,0.5854166666666667,30109498.695833333,30997062.0
"(np.float64(1.5), 250, 330, np.float64(0.8), 10)",houghCircleAlt,0.64375,32390976.74375,32930799.0
"(np.float64(1.5), 250, 330, np.float64(0.8), 15)",houghCircleAlt,0.7270833333333333,29861788.879166666,30247280.0
"(np.float64(1.5), 250, 330, np.float64(0.8500000000000001), 5)",houghCircleAlt,0.6479166666666667,31564812.76875,32576469.5
"(np.float64(1.5), 250, 330, np.float64(0.8500000000000001), 10)",houghCircleAlt,0.71875,32366859.608333334,33156643.0
"(np.float64(1.5), 250, 330, np.float64(0.8500000000000001), 15)",houghCircleAlt,0.8,30181065.004166666,30731268.5
"(np.float64(1.5), 250, 330, np.float64(0.9000000000000001), 5)",houghCircleAlt,0.7041666666666667,30486281.947916668,31383485.5
"(np.float64(1.5), 250, 330, np.float64(0.9000000000000001), 10)",houghCircleAlt,0.7625,30842747.39375,32004362.5
"(np.float64(1.5), 250, 330, np.float64(0.9000000000000001), 15)",houghCircleAlt,0.83125,30967468.220833335,31656234.0
"(np.float64(1.5), 250, 340, np.float64(0.7), 5)",houghCircleAlt,0.41458333333333336,32722578.960416667,33851435.0
"(np.float64(1.5), 250, 340, np.float64(0.7), 10)",houghCircleAlt,0.49375,29373051.385416668,30009432.5
"(np.float64(1.5), 250, 340, np.float64(0.7), 15)",houghCircleAlt,0.5583333333333333,29784302.229166668,30068656.0
"(np.float64(1.5), 250, 340, np.float64(0.75), 5)",houghCircleAlt,0.5104166666666666,33007249.170833334,33825732.5
"(np.float64(1.5), 250, 340, np.float64(0.75), 10)",houghCircleAlt,0.5729166666666666,30697726.983333334,31354733.0
"(np.float64(1.5), 250, 340, np.float64(0.75), 15)",houghCircleAlt,0.65,30946631.5875,31329300.5
"(np.float64(1.5), 250, 340, np.float64(0.8), 5)",houghCircleAlt,0.5854166666666667,31921330.470833335,32838026.5
"(np.float64(1.5), 250, 340, np.float64(0.8), 10)",houghCircleAlt,0.6416666666666667,29348783.75,29909658.5
"(np.float64(1.5), 250, 340, np.float64(0.8), 15)",houghCircleAlt,0.73125,29814929.020833332,30438870.0
"(np.float64(1.5), 250, 340, np.float64(0.8500000000000001), 5)",houghCircleAlt,0.6541666666666667,32448464.135416668,33909854.0
"(np.float64(1.5), 250, 340, np.float64(0.8500000000000001), 10)",houghCircleAlt,0.7145833333333333,29278923.916666668,29822875.5
"(np.float64(1.5), 250, 340, np.float64(0.8500000000000001), 15)",houghCircleAlt,0.7958333333333333,30761023.383333333,31692205.5
"(np.float64(1.5), 250, 340, np.float64(0.9000000000000001), 5)",houghCircleAlt,0.7104166666666667,31291944.55,31856649.0
"(np.float64(1.5), 250, 340, np.float64(0.9000000000000001), 10)",houghCircleAlt,0.7625,32160724.083333332,32772625.0
"(np.float64(1.5), 250, 340, np.float64(0.9000000000000001), 15)",houghCircleAlt,0.83125,29493183.927083332,29809218.5
"(np.float64(1.5), 250, 350, np.float64(0.7), 5)",houghCircleAlt,0.42083333333333334,32301038.870833334,33078491.0
"(np.float64(1.5), 250, 350, np.float64(0.7), 10)",houghCircleAlt,0.49166666666666664,28960883.645833332,29547488.0
"(np.float64(1.5), 250, 350, np.float64(0.7), 15)",houghCircleAlt,0.5604166666666667,29812963.427083332,30342974.0
"(np.float64(1.5), 250, 350, np.float64(0.75), 5)",houghCircleAlt,0.5083333333333333,31237449.091666665,32129431.5
"(np.float64(1.5), 250, 350, np.float64(0.75), 10)",houghCircleAlt,0.5729166666666666,29031233.327083334,29585249.0
"(np.float64(1.5), 250, 350, np.float64(0.75), 15)",houghCircleAlt,0.65,30346813.71875,31103371.5
"(np.float64(1.5), 250, 350, np.float64(0.8), 5)",houghCircleAlt,0.5916666666666667,32447818.897916667,33387696.5
"(np.float64(1.5), 250, 350, np.float64(0.8), 10)",houghCircleAlt,0.6416666666666667,30411122.952083334,30939649.0
"(np.float64(1.5), 250, 350, np.float64(0.8), 15)",houghCircleAlt,0.7333333333333333,29253927.739583332,29384757.5
"(np.float64(1.5), 250, 350, np.float64(0.8500000000000001), 5)",houghCircleAlt,0.6583333333333333,32889556.925,33676594.0
"(np.float64(1.5), 250, 350, np.float64(0.8500000000000001), 10)",houghCircleAlt,0.7166666666666667,29205447.389583334,29622448.0
"(np.float64(1.5), 250, 350, np.float64(0.8500000000000001), 15)",houghCircleAlt,0.7958333333333333,29785906.13125,30411874.0
"(np.float64(1.5), 250, 350, np.float64(0.9000000000000001), 5)",houghCircleAlt,0.7104166666666667,32294408.075,32920660.5
"(np.float64(1.5), 250, 350, np.float64(0.9000000000000001), 10)",houghCircleAlt,0.7604166666666666,28975953.43125,29580496.0
"(np.float64(1.5), 250, 350, np.float64(0.9000000000000001), 15)",houghCircleAlt,0.8291666666666667,29319718.816666666,30031940.0
"(np.float64(1.5), 250, 360, np.float64(0.7), 5)",houghCircleAlt,0.4166666666666667,32073770.777083334,33041367.5
"(np.float64(1.5), 250, 360, np.float64(0.7), 10)",houghCircleAlt,0.49166666666666664,31467609.295833334,32391482.5
"(np.float64(1.5), 250, 360, np.float64(0.7), 15)",houghCircleAlt,0.55,28988678.875,29303792.0
"(np.float64(1.5), 250, 360, np.float64(0.75), 5)",houghCircleAlt,0.50625,31049236.739583332,31745216.5
"(np.float64(1.5), 250, 360, np.float64(0.75), 10)",houghCircleAlt,0.5770833333333333,31758147.220833335,32481822.5
"(np.float64(1.5), 250, 360, np.float64(0.75), 15)",houghCircleAlt,0.6458333333333334,27843594.091666665,28295104.0
"(np.float64(1.5), 250, 360, np.float64(0.8), 5)",houghCircleAlt,0.5895833333333333,31486176.927083332,32455122.5
"(np.float64(1.5), 250, 360, np.float64(0.8), 10)",houghCircleAlt,0.64375,28850356.008333333,29484599.5
"(np.float64(1.5), 250, 360, np.float64(0.8), 15)",houghCircleAlt,0.7333333333333333,29134603.297916666,29633189.0
"(np.float64(1.5), 250, 360, np.float64(0.8500000000000001), 5)",houghCircleAlt,0.6604166666666667,32255857.895833332,33077831.5
"(np.float64(1.5), 250, 360, np.float64(0.8500000000000001), 10)",houghCircleAlt,0.7125,31289897.166666668,31968704.0
"(np.float64(1.5), 250, 360, np.float64(0.8500000000000001), 15)",houghCircleAlt,0.79375,30460591.183333334,31045457.5
"(np.float64(1.5), 250, 360, np.float64(0.9000000000000001), 5)",houghCircleAlt,0.7104166666666667,30914474.058333334,31614525.5
"(np.float64(1.5), 250, 360, np.float64(0.9000000000000001), 10)",houghCircleAlt,0.7604166666666666,30465317.633333333,31057049.5
"(np.float64(1.5), 250, 360, np.float64(0.9000000000000001), 15)",houghCircleAlt,0.8291666666666667,30654208.6125,30972236.0
"(np.float64(1.5), 250, 370, np.float64(0.7), 5)",houghCircleAlt,0.4166666666666667,29631102.689583335,30285096.0
"(np.float64(1.5), 250, 370, np.float64(0.7), 10)",houghCircleAlt,0.49375,28917040.5875,29358196.0
"(np.float64(1.5), 250, 370, np.float64(0.7), 15)",houghCircleAlt,0.5458333333333333,29426382.93125,30221958.0
"(np.float64(1.5), 250, 370, np.float64(0.75), 5)",houghCircleAlt,0.5,30867249.454166666,31743768.0
"(np.float64(1.5), 250, 370, np.float64(0.75), 10)",houghCircleAlt,0.5791666666666667,31262497.725,31830739.5
"(np.float64(1.5), 250, 370, np.float64(0.75), 15)",houghCircleAlt,0.64375,30201026.627083335,30677102.0
"(np.float64(1.5), 250, 370, np.float64(0.8), 5)",houghCircleAlt,0.5833333333333334,32124222.416666668,32906374.0
"(np.float64(1.5), 250, 370, np.float64(0.8), 10)",houghCircleAlt,0.6375,30068269.18125,30597432.0
"(np.float64(1.5), 250, 370, np.float64(0.8), 15)",houghCircleAlt,0.725,28804927.579166666,29243250.5
"(np.float64(1.5), 250, 370, np.float64(0.8500000000000001), 5)",houghCircleAlt,0.65625,32616087.389583334,33102461.0
"(np.float64(1.5), 250, 370, np.float64(0.8500000000000001), 10)",houghCircleAlt,0.7104166666666667,29025531.758333333,29277233.5
"(np.float64(1.5), 250, 370, np.float64(0.8500000000000001), 15)",houghCircleAlt,0.7916666666666666,27683476.8,27864024.0
"(np.float64(1.5), 250, 370, np.float64(0.9000000000000001), 5)",houghCircleAlt,0.70625,31338699.24375,32291947.0
"(np.float64(1.5), 250, 370, np.float64(0.9000000000000001), 10)",houghCircleAlt,0.7583333333333333,30081329.4125,30580615.0
"(np.float64(1.5), 250, 370, np.float64(0.9000000000000001), 15)",houghCircleAlt,0.8270833333333333,27926073.972916666,28156482.5
"(np.float64(1.5), 250, 380, np.float64(0.7), 5)",houghCircleAlt,0.41041666666666665,31558443.075,32333049.5
"(np.float64(1.5), 250, 380, np.float64(0.7), 10)",houghCircleAlt,0.49375,29896065.05,30357982.5
"(np.float64(1.5), 250, 380, np.float64(0.7), 15)",houghCircleAlt,0.5541666666666667,30161914.0125,30747905.5
"(np.float64(1.5), 250, 380, np.float64(0.75), 5)",houghCircleAlt,0.4895833333333333,30564253.808333334,31400909.5
"(np.float64(1.5), 250, 380, np.float64(0.75), 10)",houghCircleAlt,0.575,28566195.6375,29171807.5
"(np.float64(1.5), 250, 380, np.float64(0.75), 15)",houghCircleAlt,0.64375,27606650.102083333,27940813.0
"(np.float64(1.5), 250, 380, np.float64(0.8), 5)",houghCircleAlt,0.5791666666666667,32366250.735416666,32938208.5
"(np.float64(1.5), 250, 380, np.float64(0.8), 10)",houghCircleAlt,0.6375,30298560.114583332,30948649.0
"(np.float64(1.5), 250, 380, np.float64(0.8), 15)",houghCircleAlt,0.7270833333333333,28918247.814583335,29085802.0
"(np.float64(1.5), 250, 380, np.float64(0.8500000000000001), 5)",houghCircleAlt,0.6604166666666667,32049951.179166667,32567962.5
"(np.float64(1.5), 250, 380, np.float64(0.8500000000000001), 10)",houghCircleAlt,0.7145833333333333,31101644.53125,31840163.0
"(np.float64(1.5), 250, 380, np.float64(0.8500000000000001), 15)",houghCircleAlt,0.7979166666666667,28704394.183333334,29109957.0
"(np.float64(1.5), 250, 380, np.float64(0.9000000000000001), 5)",houghCircleAlt,0.7104166666666667,31947215.558333334,32707781.5
"(np.float64(1.5), 250, 380, np.float64(0.9000000000000001), 10)",houghCircleAlt,0.7583333333333333,30079367.683333334,30421984.0
"(np.float64(1.5), 250, 380, np.float64(0.9000000000000001), 15)",houghCircleAlt,0.8270833333333333,27683720.035416666,28029419.5
"(np.float64(1.5), 250, 390, np.float64(0.7), 5)",houghCircleAlt,0.40625,29189647.070833333,29537323.5
"(np.float64(1.5), 250, 390, np.float64(0.7), 10)",houghCircleAlt,0.4979166666666667,31256024.045833334,31530000.5
"(np.float64(1.5), 250, 390, np.float64(0.7), 15)",houghCircleAlt,0.5583333333333333,28757092.05625,29028674.0
"(np.float64(1.5), 250, 390, np.float64(0.75), 5)",houghCircleAlt,0.49166666666666664,30816894.877083335,31360709.0
"(np.float64(1.5), 250, 390, np.float64(0.75), 10)",houghCircleAlt,0.5729166666666666,31243005.64375,31870270.0
"(np.float64(1.5), 250, 390, np.float64(0.75), 15)",houghCircleAlt,0.6458333333333334,28793329.164583333,29087018.5
"(np.float64(1.5), 250, 390, np.float64(0.8), 5)",houghCircleAlt,0.5833333333333334,31375316.272916667,32124651.5
"(np.float64(1.5), 250, 390, np.float64(0.8), 10)",houghCircleAlt,0.6375,31093790.627083335,31677874.5
"(np.float64(1.5), 250, 390, np.float64(0.8), 15)",houghCircleAlt,0.7229166666666667,28747260.76875,29014853.5
"(np.float64(1.5), 250, 390, np.float64(0.8500000000000001), 5)",houghCircleAlt,0.6645833333333333,30811994.55,31757012.5
"(np.float64(1.5), 250, 390, np.float64(0.8500000000000001), 10)",houghCircleAlt,0.7125,28503008.564583335,28921113.0
"(np.float64(1.5), 250, 390, np.float64(0.8500000000000001), 15)",houghCircleAlt,0.7916666666666666,30368190.214583334,30566825.5
"(np.float64(1.5), 250, 390, np.float64(0.9000000000000001), 5)",houghCircleAlt,0.7083333333333334,30462078.6625,31024442.5
"(np.float64(1.5), 250, 390, np.float64(0.9000000000000001), 10)",houghCircleAlt,0.75625,29923412.2,30273017.5
"(np.float64(1.5), 250, 390, np.float64(0.9000000000000001), 15)",houghCircleAlt,0.8229166666666666,30357716.872916665,31030890.5
"(np.float64(1.5), 260, 300, np.float64(0.7), 5)",houghCircleAlt,0.4083333333333333,32779779.972916666,33971808.5
"(np.float64(1.5), 260, 300, np.float64(0.7), 10)",houghCircleAlt,0.49375,33003190.416666668,34438717.5
"(np.float64(1.5), 260, 300, np.float64(0.7), 15)",houghCircleAlt,0.5604166666666667,32044726.0375,32823744.0
"(np.float64(1.5), 260, 300, np.float64(0.75), 5)",houghCircleAlt,0.5041666666666667,33289487.325,34308569.0
"(np.float64(1.5), 260, 300, np.float64(0.75), 10)",houghCircleAlt,0.5541666666666667,32986465.927083332,33766547.5
"(np.float64(1.5), 260, 300, np.float64(0.75), 15)",houghCircleAlt,0.6375,29134430.060416665,29789366.0
"(np.float64(1.5), 260, 300, np.float64(0.8), 5)",houghCircleAlt,0.58125,33578621.333333336,34583759.0
"(np.float64(1.5), 260, 300, np.float64(0.8), 10)",houghCircleAlt,0.6291666666666667,31911197.80625,32896241.0
"(np.float64(1.5), 260, 300, np.float64(0.8), 15)",houghCircleAlt,0.7020833333333333,31147551.272916667,32020121.0
"(np.float64(1.5), 260, 300, np.float64(0.8500000000000001), 5)",houghCircleAlt,0.6291666666666667,34313753.90208333,35328292.0
"(np.float64(1.5), 260, 300, np.float64(0.8500000000000001), 10)",houghCircleAlt,0.6916666666666667,31634195.210416667,32507867.0
"(np.float64(1.5), 260, 300, np.float64(0.8500000000000001), 15)",houghCircleAlt,0.7645833333333333,31505853.275,32536094.5
"(np.float64(1.5), 260, 300, np.float64(0.9000000000000001), 5)",houghCircleAlt,0.675,34048737.297916666,35292919.5
"(np.float64(1.5), 260, 300, np.float64(0.9000000000000001), 10)",houghCircleAlt,0.73125,32229721.152083334,33104991.5
"(np.float64(1.5), 260, 300, np.float64(0.9000000000000001), 15)",houghCircleAlt,0.7979166666666667,29156439.391666666,29873364.0
"(np.float64(1.5), 260, 310, np.float64(0.7), 5)",houghCircleAlt,0.41458333333333336,33383356.60625,34585664.5
"(np.float64(1.5), 260, 310, np.float64(0.7), 10)",houghCircleAlt,0.4895833333333333,31673691.991666667,32780894.0
"(np.float64(1.5), 260, 310, np.float64(0.7), 15)",houghCircleAlt,0.5479166666666667,31756042.535416666,32311097.5
"(np.float64(1.5), 260, 310, np.float64(0.75), 5)",houghCircleAlt,0.5041666666666667,32988447.660416666,34050009.5
"(np.float64(1.5), 260, 310, np.float64(0.75), 10)",houghCircleAlt,0.5583333333333333,33069360.816666666,33885048.5
"(np.float64(1.5), 260, 310, np.float64(0.75), 15)",houghCircleAlt,0.6291666666666667,30164314.260416668,30919677.0
"(np.float64(1.5), 260, 310, np.float64(0.8), 5)",houghCircleAlt,0.5708333333333333,33503084.770833332,34605287.0
"(np.float64(1.5), 260, 310, np.float64(0.8), 10)",houghCircleAlt,0.63125,30259938.370833334,31076292.5
"(np.float64(1.5), 260, 310, np.float64(0.8), 15)",houghCircleAlt,0.6979166666666666,30844448.4625,31611584.0
"(np.float64(1.5), 260, 310, np.float64(0.8500000000000001), 5)",houghCircleAlt,0.625,33858912.64791667,35192904.0
"(np.float64(1.5), 260, 310, np.float64(0.8500000000000001), 10)",houghCircleAlt,0.6916666666666667,32899339.589583334,33897838.0
"(np.float64(1.5), 260, 310, np.float64(0.8500000000000001), 15)",houghCircleAlt,0.7645833333333333,30511464.591666665,31404556.5
"(np.float64(1.5), 260, 310, np.float64(0.9000000000000001), 5)",houghCircleAlt,0.6791666666666667,33868770.64375,34848331.5
"(np.float64(1.5), 260, 310, np.float64(0.9000000000000001), 10)",houghCircleAlt,0.7333333333333333,32110110.475,33211416.5
"(np.float64(1.5), 260, 310, np.float64(0.9000000000000001), 15)",houghCircleAlt,0.7979166666666667,30116894.7,30674821.5
"(np.float64(1.5), 260, 320, np.float64(0.7), 5)",houghCircleAlt,0.42291666666666666,33630216.77916667,34614673.5
"(np.float64(1.5), 260, 320, np.float64(0.7), 10)",houghCircleAlt,0.4875,30116033.285416666,30983611.0
"(np.float64(1.5), 260, 320, np.float64(0.7), 15)",houghCircleAlt,0.5541666666666667,31304416.891666666,32064890.5
"(np.float64(1.5), 260, 320, np.float64(0.75), 5)",houghCircleAlt,0.50625,32602266.516666666,33610523.5
"(np.float64(1.5), 260, 320, np.float64(0.75), 10)",houghCircleAlt,0.5583333333333333,32698259.202083334,33527945.0
"(np.float64(1.5), 260, 320, np.float64(0.75), 15)",houghCircleAlt,0.63125,31498511.31875,32116883.0
"(np.float64(1.5), 260, 320, np.float64(0.8), 5)",houghCircleAlt,0.5729166666666666,32364120.172916666,33652678.5
"(np.float64(1.5), 260, 320, np.float64(0.8), 10)",houghCircleAlt,0.625,32932544.970833335,33607247.5
"(np.float64(1.5), 260, 320, np.float64(0.8), 15)",houghCircleAlt,0.6958333333333333,30895872.2125,31604523.5
"(np.float64(1.5), 260, 320, np.float64(0.8500000000000001), 5)",houghCircleAlt,0.6291666666666667,32266179.452083334,33344115.0
"(np.float64(1.5), 260, 320, np.float64(0.8500000000000001), 10)",houghCircleAlt,0.6979166666666666,33280283.295833334,34229917.5
"(np.float64(1.5), 260, 320, np.float64(0.8500000000000001), 15)",houghCircleAlt,0.7666666666666667,28536084.364583332,29254902.5
"(np.float64(1.5), 260, 320, np.float64(0.9000000000000001), 5)",houghCircleAlt,0.68125,33409293.116666667,34724435.0
"(np.float64(1.5), 260, 320, np.float64(0.9000000000000001), 10)",houghCircleAlt,0.73125,31776111.397916667,32498599.5
"(np.float64(1.5), 260, 320, np.float64(0.9000000000000001), 15)",houghCircleAlt,0.7979166666666667,31720320.704166666,32619431.0
"(np.float64(1.5), 260, 330, np.float64(0.7), 5)",houghCircleAlt,0.4166666666666667,33266643.39375,34459668.0
"(np.float64(1.5), 260, 330, np.float64(0.7), 10)",houghCircleAlt,0.47708333333333336,31344900.714583334,32434627.0
"(np.float64(1.5), 260, 330, np.float64(0.7), 15)",houghCircleAlt,0.5520833333333334,30330439.722916666,30936222.0
"(np.float64(1.5), 260, 330, np.float64(0.75), 5)",houghCircleAlt,0.5083333333333333,33541341.639583334,34293902.5
"(np.float64(1.5), 260, 330, np.float64(0.75), 10)",houghCircleAlt,0.5541666666666667,31146506.69375,31799020.0
"(np.float64(1.5), 260, 330, np.float64(0.75), 15)",houghCircleAlt,0.6291666666666667,28684743.989583332,29179617.5
"(np.float64(1.5), 260, 330, np.float64(0.8), 5)",houghCircleAlt,0.5708333333333333,33409741.208333332,34256762.0
"(np.float64(1.5), 260, 330, np.float64(0.8), 10)",houghCircleAlt,0.6208333333333333,32147174.760416668,33467160.0
"(np.float64(1.5), 260, 330, np.float64(0.8), 15)",houghCircleAlt,0.7,30431934.739583332,30953498.0
"(np.float64(1.5), 260, 330, np.float64(0.8500000000000001), 5)",houghCircleAlt,0.625,33363425.39375,34357784.0
"(np.float64(1.5), 260, 330, np.float64(0.8500000000000001), 10)",houghCircleAlt,0.6895833333333333,32077980.327083334,33051369.5
"(np.float64(1.5), 260, 330, np.float64(0.8500000000000001), 15)",houghCircleAlt,0.76875,30197311.00625,31046965.5
"(np.float64(1.5), 260, 330, np.float64(0.9000000000000001), 5)",houghCircleAlt,0.675,32554757.341666665,33533421.0
"(np.float64(1.5), 260, 330, np.float64(0.9000000000000001), 10)",houghCircleAlt,0.7270833333333333,32630235.947916668,33462581.0
"(np.float64(1.5), 260, 330, np.float64(0.9000000000000001), 15)",houghCircleAlt,0.7979166666666667,28554322.577083334,29051551.0
"(np.float64(1.5), 260, 340, np.float64(0.7), 5)",houghCircleAlt,0.41458333333333336,31582677.979166668,32406791.5
"(np.float64(1.5), 260, 340, np.float64(0.7), 10)",houghCircleAlt,0.47708333333333336,32880504.483333334,33931668.5
"(np.float64(1.5), 260, 340, np.float64(0.7), 15)",houghCircleAlt,0.5458333333333333,30212344.439583335,30805282.5
"(np.float64(1.5), 260, 340, np.float64(0.75), 5)",houghCircleAlt,0.5041666666666667,32899799.93125,33881112.5
"(np.float64(1.5), 260, 340, np.float64(0.75), 10)",houghCircleAlt,0.5520833333333334,32321716.283333335,33253094.5
"(np.float64(1.5), 260, 340, np.float64(0.75), 15)",houghCircleAlt,0.63125,30801073.570833333,31463231.5
"(np.float64(1.5), 260, 340, np.float64(0.8), 5)",houghCircleAlt,0.5708333333333333,31987052.445833333,32823669.5
"(np.float64(1.5), 260, 340, np.float64(0.8), 10)",houghCircleAlt,0.61875,31492210.8,32321236.0
"(np.float64(1.5), 260, 340, np.float64(0.8), 15)",houghCircleAlt,0.7041666666666667,28558485.089583334,28960735.0
"(np.float64(1.5), 260, 340, np.float64(0.8500000000000001), 5)",houghCircleAlt,0.63125,32431255.239583332,33110251.0
"(np.float64(1.5), 260, 340, np.float64(0.8500000000000001), 10)",houghCircleAlt,0.6854166666666667,30829771.80625,31418647.5
"(np.float64(1.5), 260, 340, np.float64(0.8500000000000001), 15)",houghCircleAlt,0.7645833333333333,30186039.041666668,30507187.5
"(np.float64(1.5), 260, 340, np.float64(0.9000000000000001), 5)",houghCircleAlt,0.68125,33295893.5875,34212915.5
"(np.float64(1.5), 260, 340, np.float64(0.9000000000000001), 10)",houghCircleAlt,0.7270833333333333,32032462.922916666,33088189.0
"(np.float64(1.5), 260, 340, np.float64(0.9000000000000001), 15)",houghCircleAlt,0.7979166666666667,31219006.25,31836281.0
"(np.float64(1.5), 260, 350, np.float64(0.7), 5)",houghCircleAlt,0.41875,32483712.604166668,33534336.5
"(np.float64(1.5), 260, 350, np.float64(0.7), 10)",houghCircleAlt,0.475,31052107.725,31967688.5
"(np.float64(1.5), 260, 350, np.float64(0.7), 15)",houghCircleAlt,0.5520833333333334,28222609.372916665,28527518.5
"(np.float64(1.5), 260, 350, np.float64(0.75), 5)",houghCircleAlt,0.5020833333333333,31979502.033333335,32834347.5
"(np.float64(1.5), 260, 350, np.float64(0.75), 10)",houghCircleAlt,0.5520833333333334,30707572.322916668,31264018.0
"(np.float64(1.5), 260, 350, np.float64(0.75), 15)",houghCircleAlt,0.6333333333333333,30379451.0875,30815422.5
"(np.float64(1.5), 260, 350, np.float64(0.8), 5)",houghCircleAlt,0.5791666666666667,32049787.46875,32957725.5
"(np.float64(1.5), 260, 350, np.float64(0.8), 10)",houghCircleAlt,0.61875,32412708.364583332,33360284.0
"(np.float64(1.5), 260, 350, np.float64(0.8), 15)",houghCircleAlt,0.70625,30776673.595833335,31557167.0
"(np.float64(1.5), 260, 350, np.float64(0.8500000000000001), 5)",houghCircleAlt,0.6354166666666666,32916630.545833334,33682754.5
"(np.float64(1.5), 260, 350, np.float64(0.8500000000000001), 10)",houghCircleAlt,0.6854166666666667,31884076.429166667,32800089.0
"(np.float64(1.5), 260, 350, np.float64(0.8500000000000001), 15)",houghCircleAlt,0.7645833333333333,29659093.225,30389371.5
"(np.float64(1.5), 260, 350, np.float64(0.9000000000000001), 5)",houghCircleAlt,0.68125,30127890.272916667,30830905.0
"(np.float64(1.5), 260, 350, np.float64(0.9000000000000001), 10)",houghCircleAlt,0.725,31153894.50625,32000679.0
"(np.float64(1.5), 260, 350, np.float64(0.9000000000000001), 15)",houghCircleAlt,0.7958333333333333,30698439.314583335,31247922.0
"(np.float64(1.5), 260, 360, np.float64(0.7), 5)",houghCircleAlt,0.4125,31326481.7125,31950285.5
"(np.float64(1.5), 260, 360, np.float64(0.7), 10)",houghCircleAlt,0.475,30928775.4,31609155.5
"(np.float64(1.5), 260, 360, np.float64(0.7), 15)",houghCircleAlt,0.54375,30861697.083333332,31596221.0
"(np.float64(1.5), 260, 360, np.float64(0.75), 5)",houghCircleAlt,0.4979166666666667,30531936.35625,31165931.0
"(np.float64(1.5), 260, 360, np.float64(0.75), 10)",houghCircleAlt,0.55625,31939146.133333333,32798751.5
"(np.float64(1.5), 260, 360, np.float64(0.75), 15)",houghCircleAlt,0.63125,29574569.45,30219794.0
"(np.float64(1.5), 260, 360, np.float64(0.8), 5)",houghCircleAlt,0.5770833333333333,32581560.377083335,33440621.0
"(np.float64(1.5), 260, 360, np.float64(0.8), 10)",houghCircleAlt,0.6208333333333333,29220163.466666665,29929023.0
"(np.float64(1.5), 260, 360, np.float64(0.8), 15)",houghCircleAlt,0.70625,30199879.785416666,30761745.0
"(np.float64(1.5), 260, 360, np.float64(0.8500000000000001), 5)",houghCircleAlt,0.6375,32323826.625,33138459.5
"(np.float64(1.5), 260, 360, np.float64(0.8500000000000001), 10)",houghCircleAlt,0.6854166666666667,30583774.179166667,31055586.0
"(np.float64(1.5), 260, 360, np.float64(0.8500000000000001), 15)",houghCircleAlt,0.7625,29935240.458333332,30445822.5
"(np.float64(1.5), 260, 360, np.float64(0.9000000000000001), 5)",houghCircleAlt,0.68125,30551509.695833333,31192929.5
"(np.float64(1.5), 260, 360, np.float64(0.9000000000000001), 10)",houghCircleAlt,0.725,31832290.110416666,32564562.5
"(np.float64(1.5), 260, 360, np.float64(0.9000000000000001), 15)",houghCircleAlt,0.7958333333333333,29729578.291666668,30467944.5
"(np.float64(1.5), 260, 370, np.float64(0.7), 5)",houghCircleAlt,0.4041666666666667,32569330.795833334,33356577.0
"(np.float64(1.5), 260, 370, np.float64(0.7), 10)",houghCircleAlt,0.4791666666666667,29340331.272916667,30057504.0
"(np.float64(1.5), 260, 370, np.float64(0.7), 15)",houghCircleAlt,0.5416666666666666,30458998.485416666,30964341.0
"(np.float64(1.5), 260, 370, np.float64(0.75), 5)",houghCircleAlt,0.4895833333333333,31741838.547916666,32710594.5
"(np.float64(1.5), 260, 370, np.float64(0.75), 10)",houghCircleAlt,0.5583333333333333,30413029.472916666,30973247.5
"(np.float64(1.5), 260, 370, np.float64(0.75), 15)",houghCircleAlt,0.63125,30669778.872916665,31128409.0
"(np.float64(1.5), 260, 370, np.float64(0.8), 5)",houghCircleAlt,0.5729166666666666,31582612.8625,32310802.0
"(np.float64(1.5), 260, 370, np.float64(0.8), 10)",houghCircleAlt,0.6145833333333334,29423130.904166665,29928322.5
"(np.float64(1.5), 260, 370, np.float64(0.8), 15)",houghCircleAlt,0.7,30502042.8625,31121655.5
"(np.float64(1.5), 260, 370, np.float64(0.8500000000000001), 5)",houghCircleAlt,0.6333333333333333,31418801.597916666,32492091.5
"(np.float64(1.5), 260, 370, np.float64(0.8500000000000001), 10)",houghCircleAlt,0.68125,29163798.585416667,29507797.5
"(np.float64(1.5), 260, 370, np.float64(0.8500000000000001), 15)",houghCircleAlt,0.7604166666666666,30555820.360416666,31064529.5
"(np.float64(1.5), 260, 370, np.float64(0.9000000000000001), 5)",houghCircleAlt,0.6791666666666667,32200867.002083335,32789595.0
"(np.float64(1.5), 260, 370, np.float64(0.9000000000000001), 10)",houghCircleAlt,0.7229166666666667,30896225.295833334,31610146.0
"(np.float64(1.5), 260, 370, np.float64(0.9000000000000001), 15)",houghCircleAlt,0.79375,29407282.775,29749831.5
"(np.float64(1.5), 260, 380, np.float64(0.7), 5)",houghCircleAlt,0.40208333333333335,31983712.552083332,32402673.0
"(np.float64(1.5), 260, 380, np.float64(0.7), 10)",houghCircleAlt,0.4791666666666667,30539337.614583332,30833164.0
"(np.float64(1.5), 260, 380, np.float64(0.7), 15)",houghCircleAlt,0.5541666666666667,31268962.829166666,31857661.0
"(np.float64(1.5), 260, 380, np.float64(0.75), 5)",houghCircleAlt,0.4791666666666667,32032941.9375,32774727.0
"(np.float64(1.5), 260, 380, np.float64(0.75), 10)",houghCircleAlt,0.5541666666666667,29179377.316666666,29624086.0
"(np.float64(1.5), 260, 380, np.float64(0.75), 15)",houghCircleAlt,0.6354166666666666,29396408.904166665,29881370.0
"(np.float64(1.5), 260, 380, np.float64(0.8), 5)",houghCircleAlt,0.56875,32369760.783333335,33069242.0
"(np.float64(1.5), 260, 380, np.float64(0.8), 10)",houghCircleAlt,0.6145833333333334,31341155.158333335,31858143.5
"(np.float64(1.5), 260, 380, np.float64(0.8), 15)",houghCircleAlt,0.7041666666666667,29714245.466666665,30096013.0
"(np.float64(1.5), 260, 380, np.float64(0.8500000000000001), 5)",houghCircleAlt,0.6375,30897775.333333332,31599562.5
"(np.float64(1.5), 260, 380, np.float64(0.8500000000000001), 10)",houghCircleAlt,0.6854166666666667,31484083.697916668,32139034.0
"(np.float64(1.5), 260, 380, np.float64(0.8500000000000001), 15)",houghCircleAlt,0.7666666666666667,29616487.370833334,29913649.0
"(np.float64(1.5), 260, 380, np.float64(0.9000000000000001), 5)",houghCircleAlt,0.6833333333333333,32490775.427083332,33058780.0
"(np.float64(1.5), 260, 380, np.float64(0.9000000000000001), 10)",houghCircleAlt,0.7229166666666667,31285590.704166666,31876426.5
"(np.float64(1.5), 260, 380, np.float64(0.9000000000000001), 15)",houghCircleAlt,0.79375,28123998.460416667,28476949.0
"(np.float64(1.5), 260, 390, np.float64(0.7), 5)",houghCircleAlt,0.3958333333333333,30879543.095833335,31321671.0
"(np.float64(1.5), 260, 390, np.float64(0.7), 10)",houghCircleAlt,0.48125,31393186.189583335,31856167.5
"(np.float64(1.5), 260, 390, np.float64(0.7), 15)",houghCircleAlt,0.5541666666666667,30189631.641666666,30652583.0
"(np.float64(1.5), 260, 390, np.float64(0.75), 5)",houghCircleAlt,0.4791666666666667,31254159.235416666,31750330.5
"(np.float64(1.5), 260, 390, np.float64(0.75), 10)",houghCircleAlt,0.5520833333333334,30016517.5125,30467583.5
"(np.float64(1.5), 260, 390, np.float64(0.75), 15)",houghCircleAlt,0.6333333333333333,30363602.783333335,30726455.0
"(np.float64(1.5), 260, 390, np.float64(0.8), 5)",houghCircleAlt,0.56875,31098947.847916666,31353765.0
"(np.float64(1.5), 260, 390, np.float64(0.8), 10)",houghCircleAlt,0.6125,29063987.04375,29437626.0
"(np.float64(1.5), 260, 390, np.float64(0.8), 15)",houghCircleAlt,0.6979166666666666,28364437.74375,28635636.5
"(np.float64(1.5), 260, 390, np.float64(0.8500000000000001), 5)",houghCircleAlt,0.6395833333333333,31784531.197916668,32261404.0
"(np.float64(1.5), 260, 390, np.float64(0.8500000000000001), 10)",houghCircleAlt,0.6833333333333333,30164330.572916668,30608323.0
"(np.float64(1.5), 260, 390, np.float64(0.8500000000000001), 15)",houghCircleAlt,0.7604166666666666,30042994.88125,30299669.0
"(np.float64(1.5), 260, 390, np.float64(0.9000000000000001), 5)",houghCircleAlt,0.6791666666666667,31891438.045833334,32180126.0
"(np.float64(1.5), 260, 390, np.float64(0.9000000000000001), 10)",houghCircleAlt,0.7208333333333333,30487034.320833333,30857144.5
"(np.float64(1.5), 260, 390, np.float64(0.9000000000000001), 15)",houghCircleAlt,0.7895833333333333,28791437.78125,28959654.5
"(np.float64(1.5), 270, 300, np.float64(0.7), 5)",houghCircleAlt,0.39375,34509502.09166667,35712542.5
"(np.float64(1.5), 270, 300, np.float64(0.7), 10)",houghCircleAlt,0.47708333333333336,32735342.366666667,33748990.0
"(np.float64(1.5), 270, 300, np.float64(0.7), 15)",houghCircleAlt,0.5395833333333333,30835806.716666665,31402592.5
"(np.float64(1.5), 270, 300, np.float64(0.75), 5)",houghCircleAlt,0.48125,31633249.147916667,32764277.0
"(np.float64(1.5), 270, 300, np.float64(0.75), 10)",houghCircleAlt,0.53125,33325373.60625,34628460.5
"(np.float64(1.5), 270, 300, np.float64(0.75), 15)",houghCircleAlt,0.60625,30910157.583333332,31674327.0
"(np.float64(1.5), 270, 300, np.float64(0.8), 5)",houghCircleAlt,0.5520833333333334,33792308.43333333,35081590.5
"(np.float64(1.5), 270, 300, np.float64(0.8), 10)",houghCircleAlt,0.5958333333333333,33329296.639583334,34623696.0
"(np.float64(1.5), 270, 300, np.float64(0.8), 15)",houghCircleAlt,0.6645833333333333,31275402.539583333,32258834.0
"(np.float64(1.5), 270, 300, np.float64(0.8500000000000001), 5)",houghCircleAlt,0.5916666666666667,32912993.120833334,33959656.5
"(np.float64(1.5), 270, 300, np.float64(0.8500000000000001), 10)",houghCircleAlt,0.65,33554929.07083333,34474240.5
"(np.float64(1.5), 270, 300, np.float64(0.8500000000000001), 15)",houghCircleAlt,0.7145833333333333,31247930.108333334,32061283.0
"(np.float64(1.5), 270, 300, np.float64(0.9000000000000001), 5)",houghCircleAlt,0.6333333333333333,32124456.0625,33132313.0
"(np.float64(1.5), 270, 300, np.float64(0.9000000000000001), 10)",houghCircleAlt,0.6854166666666667,30819352.239583332,31688287.5
"(np.float64(1.5), 270, 300, np.float64(0.9000000000000001), 15)",houghCircleAlt,0.7479166666666667,30974769.729166668,32060511.5
"(np.float64(1.5), 270, 310, np.float64(0.7), 5)",houghCircleAlt,0.39791666666666664,33925735.325,35155689.0
"(np.float64(1.5), 270, 310, np.float64(0.7), 10)",houghCircleAlt,0.4708333333333333,32832534.09375,33527989.5
"(np.float64(1.5), 270, 310, np.float64(0.7), 15)",houghCircleAlt,0.5270833333333333,31220201.052083332,31809566.5
"(np.float64(1.5), 270, 310, np.float64(0.75), 5)",houghCircleAlt,0.48125,34059353.9125,35296108.0
"(np.float64(1.5), 270, 310, np.float64(0.75), 10)",houghCircleAlt,0.5354166666666667,31783826.775,32564371.5
"(np.float64(1.5), 270, 310, np.float64(0.75), 15)",houghCircleAlt,0.5979166666666667,32465108.675,32938033.5
"(np.float64(1.5), 270, 310, np.float64(0.8), 5)",houghCircleAlt,0.5416666666666666,33156680.870833334,34008802.5
"(np.float64(1.5), 270, 310, np.float64(0.8), 10)",houghCircleAlt,0.5979166666666667,30610154.870833334,31433039.5
"(np.float64(1.5), 270, 310, np.float64(0.8), 15)",houghCircleAlt,0.6604166666666667,30008745.970833335,30365051.5
"(np.float64(1.5), 270, 310, np.float64(0.8500000000000001), 5)",houghCircleAlt,0.5854166666666667,33062999.002083335,34462914.5
"(np.float64(1.5), 270, 310, np.float64(0.8500000000000001), 10)",houghCircleAlt,0.6458333333333334,33175641.760416668,34029592.0
"(np.float64(1.5), 270, 310, np.float64(0.8500000000000001), 15)",houghCircleAlt,0.7145833333333333,31323196.995833334,32069980.0
"(np.float64(1.5), 270, 310, np.float64(0.9000000000000001), 5)",houghCircleAlt,0.6354166666666666,33758394.260416664,34812028.0
"(np.float64(1.5), 270, 310, np.float64(0.9000000000000001), 10)",houghCircleAlt,0.6833333333333333,31833254.63125,32713542.0
"(np.float64(1.5), 270, 310, np.float64(0.9000000000000001), 15)",houghCircleAlt,0.7479166666666667,32331483.491666667,33329202.5
"(np.float64(1.5), 270, 320, np.float64(0.7), 5)",houghCircleAlt,0.4041666666666667,33556020.764583334,34588268.5
"(np.float64(1.5), 270, 320, np.float64(0.7), 10)",houghCircleAlt,0.475,33287525.989583332,34056222.0
"(np.float64(1.5), 270, 320, np.float64(0.7), 15)",houghCircleAlt,0.53125,29245712.358333334,29628269.5
"(np.float64(1.5), 270, 320, np.float64(0.75), 5)",houghCircleAlt,0.48125,32986966.091666665,33892292.5
"(np.float64(1.5), 270, 320, np.float64(0.75), 10)",houghCircleAlt,0.5416666666666666,32011447.2625,33357290.0
"(np.float64(1.5), 270, 320, np.float64(0.75), 15)",houghCircleAlt,0.6,31602601.320833333,32230516.0
"(np.float64(1.5), 270, 320, np.float64(0.8), 5)",houghCircleAlt,0.5458333333333333,32991245.885416668,34104407.0
"(np.float64(1.5), 270, 320, np.float64(0.8), 10)",houghCircleAlt,0.5979166666666667,32659116.260416668,33501506.0
"(np.float64(1.5), 270, 320, np.float64(0.8), 15)",houghCircleAlt,0.6583333333333333,30442622.204166666,30931699.5
"(np.float64(1.5), 270, 320, np.float64(0.8500000000000001), 5)",houghCircleAlt,0.5895833333333333,33937394.40208333,35290391.5
"(np.float64(1.5), 270, 320, np.float64(0.8500000000000001), 10)",houghCircleAlt,0.6541666666666667,30419123.03125,31371195.0
"(np.float64(1.5), 270, 320, np.float64(0.8500000000000001), 15)",houghCircleAlt,0.7166666666666667,29654749.41875,30265760.0
"(np.float64(1.5), 270, 320, np.float64(0.9000000000000001), 5)",houghCircleAlt,0.6375,34099991.204166666,34985885.0
"(np.float64(1.5), 270, 320, np.float64(0.9000000000000001), 10)",houghCircleAlt,0.6854166666666667,32150535.183333334,33215728.0
"(np.float64(1.5), 270, 320, np.float64(0.9000000000000001), 15)",houghCircleAlt,0.7479166666666667,30671796.25625,31550495.0
"(np.float64(1.5), 270, 330, np.float64(0.7), 5)",houghCircleAlt,0.4,33282729.039583333,34461064.5
"(np.float64(1.5), 270, 330, np.float64(0.7), 10)",houghCircleAlt,0.4708333333333333,31879286.514583334,32723084.5
"(np.float64(1.5), 270, 330, np.float64(0.7), 15)",houghCircleAlt,0.5333333333333333,30496644.825,31030168.0
"(np.float64(1.5), 270, 330, np.float64(0.75), 5)",houghCircleAlt,0.48333333333333334,33096826.064583335,34051718.0
"(np.float64(1.5), 270, 330, np.float64(0.75), 10)",houghCircleAlt,0.5395833333333333,32868932.777083334,33968055.5
"(np.float64(1.5), 270, 330, np.float64(0.75), 15)",houghCircleAlt,0.5979166666666667,29074452.8375,29659962.5
"(np.float64(1.5), 270, 330, np.float64(0.8), 5)",houghCircleAlt,0.54375,34219306.641666666,35256587.5
"(np.float64(1.5), 270, 330, np.float64(0.8), 10)",houghCircleAlt,0.5958333333333333,31694644.6,32597791.0
"(np.float64(1.5), 270, 330, np.float64(0.8), 15)",houghCircleAlt,0.6625,31798490.770833332,32290283.0
"(np.float64(1.5), 270, 330, np.float64(0.8500000000000001), 5)",houghCircleAlt,0.5895833333333333,32449028.970833335,33548743.0
"(np.float64(1.5), 270, 330, np.float64(0.8500000000000001), 10)",houghCircleAlt,0.6479166666666667,32512067.90625,33534707.5
"(np.float64(1.5), 270, 330, np.float64(0.8500000000000001), 15)",houghCircleAlt,0.71875,30452486.620833334,31025795.0
"(np.float64(1.5), 270, 330, np.float64(0.9000000000000001), 5)",houghCircleAlt,0.63125,32837505.108333334,33896205.5
"(np.float64(1.5), 270, 330, np.float64(0.9000000000000001), 10)",houghCircleAlt,0.68125,32422176.179166667,33129843.0
"(np.float64(1.5), 270, 330, np.float64(0.9000000000000001), 15)",houghCircleAlt,0.7479166666666667,31793374.072916668,32480616.0
"(np.float64(1.5), 270, 340, np.float64(0.7), 5)",houghCircleAlt,0.3958333333333333,30742009.941666666,31466963.0
"(np.float64(1.5), 270, 340, np.float64(0.7), 10)",houghCircleAlt,0.4666666666666667,30199739.44375,30839772.0
"(np.float64(1.5), 270, 340, np.float64(0.7), 15)",houghCircleAlt,0.5229166666666667,30556982.99375,30925130.0
"(np.float64(1.5), 270, 340, np.float64(0.75), 5)",houghCircleAlt,0.47708333333333336,33514717.160416666,34417543.0
"(np.float64(1.5), 270, 340, np.float64(0.75), 10)",houghCircleAlt,0.5333333333333333,31423443.995833334,32153932.5
"(np.float64(1.5), 270, 340, np.float64(0.75), 15)",houghCircleAlt,0.5958333333333333,31338037.570833333,32131751.0
"(np.float64(1.5), 270, 340, np.float64(0.8), 5)",houghCircleAlt,0.5395833333333333,31949847.1375,32515751.0
"(np.float64(1.5), 270, 340, np.float64(0.8), 10)",houghCircleAlt,0.5916666666666667,31882337.34375,32514443.0
"(np.float64(1.5), 270, 340, np.float64(0.8), 15)",houghCircleAlt,0.6625,31170365.489583332,31608593.0
"(np.float64(1.5), 270, 340, np.float64(0.8500000000000001), 5)",houghCircleAlt,0.5916666666666667,33409773.45,34493344.0
"(np.float64(1.5), 270, 340, np.float64(0.8500000000000001), 10)",houghCircleAlt,0.6416666666666667,29842800.879166666,30427332.0
"(np.float64(1.5), 270, 340, np.float64(0.8500000000000001), 15)",houghCircleAlt,0.7125,31079043.247916665,31640684.5
"(np.float64(1.5), 270, 340, np.float64(0.9000000000000001), 5)",houghCircleAlt,0.6375,32348327.166666668,33289198.0
"(np.float64(1.5), 270, 340, np.float64(0.9000000000000001), 10)",houghCircleAlt,0.6791666666666667,32648239.54375,33341795.5
"(np.float64(1.5), 270, 340, np.float64(0.9000000000000001), 15)",houghCircleAlt,0.7458333333333333,30263284.620833334,30888095.0
"(np.float64(1.5), 270, 350, np.float64(0.7), 5)",houghCircleAlt,0.39791666666666664,33042370.072916668,34013731.5
"(np.float64(1.5), 270, 350, np.float64(0.7), 10)",houghCircleAlt,0.4666666666666667,30952393.602083333,31375928.0
"(np.float64(1.5), 270, 350, np.float64(0.7), 15)",houghCircleAlt,0.5291666666666667,30595008.089583334,31260079.5
"(np.float64(1.5), 270, 350, np.float64(0.75), 5)",houghCircleAlt,0.47708333333333336,32836458.747916665,33838742.5
"(np.float64(1.5), 270, 350, np.float64(0.75), 10)",houghCircleAlt,0.5333333333333333,29511027.027083334,30163107.5
"(np.float64(1.5), 270, 350, np.float64(0.75), 15)",houghCircleAlt,0.6020833333333333,31414020.602083333,32130603.5
"(np.float64(1.5), 270, 350, np.float64(0.8), 5)",houghCircleAlt,0.55,32960741.19375,33832225.5
"(np.float64(1.5), 270, 350, np.float64(0.8), 10)",houghCircleAlt,0.5916666666666667,31602402.241666667,32367728.5
"(np.float64(1.5), 270, 350, np.float64(0.8), 15)",houghCircleAlt,0.6666666666666666,30054087.177083332,30716806.0
"(np.float64(1.5), 270, 350, np.float64(0.8500000000000001), 5)",houghCircleAlt,0.5958333333333333,33397541.625,34372373.5
"(np.float64(1.5), 270, 350, np.float64(0.8500000000000001), 10)",houghCircleAlt,0.6416666666666667,30885940.8625,31583763.0
"(np.float64(1.5), 270, 350, np.float64(0.8500000000000001), 15)",houghCircleAlt,0.7145833333333333,31317480.0125,31869563.0
"(np.float64(1.5), 270, 350, np.float64(0.9000000000000001), 5)",houghCircleAlt,0.6375,32394717.95625,33485145.5
"(np.float64(1.5), 270, 350, np.float64(0.9000000000000001), 10)",houghCircleAlt,0.6770833333333334,29810247.925,30619836.0
"(np.float64(1.5), 270, 350, np.float64(0.9000000000000001), 15)",houghCircleAlt,0.7458333333333333,31068967.389583334,31661459.0
"(np.float64(1.5), 270, 360, np.float64(0.7), 5)",houghCircleAlt,0.39375,33163917.76875,34332799.5
"(np.float64(1.5), 270, 360, np.float64(0.7), 10)",houghCircleAlt,0.4666666666666667,32416222.779166665,33171341.5
"(np.float64(1.5), 270, 360, np.float64(0.7), 15)",houghCircleAlt,0.5229166666666667,30154704.575,30545491.0
"(np.float64(1.5), 270, 360, np.float64(0.75), 5)",houghCircleAlt,0.4708333333333333,31781083.664583333,32957650.5
"(np.float64(1.5), 270, 360, np.float64(0.75), 10)",houghCircleAlt,0.5375,32249613.697916668,33059338.5
"(np.float64(1.5), 270, 360, np.float64(0.75), 15)",houghCircleAlt,0.6,29736048.535416666,30234381.0
"(np.float64(1.5), 270, 360, np.float64(0.8), 5)",houghCircleAlt,0.5458333333333333,32752131.295833334,33780103.0
"(np.float64(1.5), 270, 360, np.float64(0.8), 10)",houghCircleAlt,0.59375,31505332.0375,32112835.0
"(np.float64(1.5), 270, 360, np.float64(0.8), 15)",houghCircleAlt,0.66875,28498282.179166667,28820773.5
"(np.float64(1.5), 270, 360, np.float64(0.8500000000000001), 5)",houghCircleAlt,0.6,32706623.90625,33591749.5
"(np.float64(1.5), 270, 360, np.float64(0.8500000000000001), 10)",houghCircleAlt,0.64375,32086513.735416666,32731996.5
"(np.float64(1.5), 270, 360, np.float64(0.8500000000000001), 15)",houghCircleAlt,0.7145833333333333,30045600.554166667,30382880.0
"(np.float64(1.5), 270, 360, np.float64(0.9000000000000001), 5)",houghCircleAlt,0.6395833333333333,33056043.564583335,34170760.5
"(np.float64(1.5), 270, 360, np.float64(0.9000000000000001), 10)",houghCircleAlt,0.6791666666666667,30912674.504166666,31575076.5
"(np.float64(1.5), 270, 360, np.float64(0.9000000000000001), 15)",houghCircleAlt,0.7479166666666667,31331474.575,31916206.0
"(np.float64(1.5), 270, 370, np.float64(0.7), 5)",houghCircleAlt,0.3875,31340573.102083333,31937372.5
"(np.float64(1.5), 270, 370, np.float64(0.7), 10)",houghCircleAlt,0.4708333333333333,29358860.24375,29793204.0
"(np.float64(1.5), 270, 370, np.float64(0.7), 15)",houghCircleAlt,0.525,30925186.452083334,31625616.5
"(np.float64(1.5), 270, 370, np.float64(0.75), 5)",houghCircleAlt,0.4625,31873786.289583333,32573849.5
"(np.float64(1.5), 270, 370, np.float64(0.75), 10)",houghCircleAlt,0.5375,31619318.402083334,32186631.0
"(np.float64(1.5), 270, 370, np.float64(0.75), 15)",houghCircleAlt,0.6041666666666666,30915007.654166665,31370208.0
"(np.float64(1.5), 270, 370, np.float64(0.8), 5)",houghCircleAlt,0.54375,31798150.604166668,32625233.0
"(np.float64(1.5), 270, 370, np.float64(0.8), 10)",houghCircleAlt,0.5854166666666667,29671354.579166666,30085055.5
"(np.float64(1.5), 270, 370, np.float64(0.8), 15)",houghCircleAlt,0.6645833333333333,29726917.135416668,30288745.0
"(np.float64(1.5), 270, 370, np.float64(0.8500000000000001), 5)",houghCircleAlt,0.5979166666666667,32884215.99375,33590536.5
"(np.float64(1.5), 270, 370, np.float64(0.8500000000000001), 10)",houghCircleAlt,0.6375,30711770.4,30953748.5
"(np.float64(1.5), 270, 370, np.float64(0.8500000000000001), 15)",houghCircleAlt,0.7145833333333333,28289441.9,28388377.0
"(np.float64(1.5), 270, 370, np.float64(0.9000000000000001), 5)",houghCircleAlt,0.6375,32477204.6125,33291260.5
"(np.float64(1.5), 270, 370, np.float64(0.9000000000000001), 10)",houghCircleAlt,0.675,31079493.939583335,31778037.0
"(np.float64(1.5), 270, 370, np.float64(0.9000000000000001), 15)",houghCircleAlt,0.7479166666666667,30843768.177083332,31381177.0
"(np.float64(1.5), 270, 380, np.float64(0.7), 5)",houghCircleAlt,0.3875,32701809.733333334,33161062.0
"(np.float64(1.5), 270, 380, np.float64(0.7), 10)",houghCircleAlt,0.4708333333333333,30817512.1375,31332536.5
"(np.float64(1.5), 270, 380, np.float64(0.7), 15)",houghCircleAlt,0.5354166666666667,28406108.583333332,28628648.5
"(np.float64(1.5), 270, 380, np.float64(0.75), 5)",houghCircleAlt,0.45416666666666666,31368068.033333335,32037473.0
"(np.float64(1.5), 270, 380, np.float64(0.75), 10)",houghCircleAlt,0.5333333333333333,29211106.489583332,29585574.0
"(np.float64(1.5), 270, 380, np.float64(0.75), 15)",houghCircleAlt,0.6041666666666666,30881481.939583335,31252787.0
"(np.float64(1.5), 270, 380, np.float64(0.8), 5)",houghCircleAlt,0.5395833333333333,31429065.4875,32064370.0
"(np.float64(1.5), 270, 380, np.float64(0.8), 10)",houghCircleAlt,0.5854166666666667,31588142.666666668,32540446.5
"(np.float64(1.5), 270, 380, np.float64(0.8), 15)",houghCircleAlt,0.6666666666666666,30045599.16875,30628530.0
"(np.float64(1.5), 270, 380, np.float64(0.8500000000000001), 5)",houghCircleAlt,0.6,32401876.245833334,33067805.5
"(np.float64(1.5), 270, 380, np.float64(0.8500000000000001), 10)",houghCircleAlt,0.6416666666666667,31852155.0625,32493815.5
"(np.float64(1.5), 270, 380, np.float64(0.8500000000000001), 15)",houghCircleAlt,0.71875,30999381.833333332,31174931.0
"(np.float64(1.5), 270, 380, np.float64(0.9000000000000001), 5)",houghCircleAlt,0.6395833333333333,31636821.720833335,32192404.0
"(np.float64(1.5), 270, 380, np.float64(0.9000000000000001), 10)",houghCircleAlt,0.675,30755812.102083333,31410708.0
"(np.float64(1.5), 270, 380, np.float64(0.9000000000000001), 15)",houghCircleAlt,0.7458333333333333,28350261.566666666,28564443.5
"(np.float64(1.5), 270, 390, np.float64(0.7), 5)",houghCircleAlt,0.3875,32566712.991666667,32996507.5
"(np.float64(1.5), 270, 390, np.float64(0.7), 10)",houghCircleAlt,0.475,30430699.020833332,31101928.5
"(np.float64(1.5), 270, 390, np.float64(0.7), 15)",houghCircleAlt,0.5354166666666667,29776065.654166665,30152117.0
"(np.float64(1.5), 270, 390, np.float64(0.75), 5)",houghCircleAlt,0.4583333333333333,32146948.264583334,33089152.0
"(np.float64(1.5), 270, 390, np.float64(0.75), 10)",houghCircleAlt,0.53125,31500145.035416666,31763094.5
"(np.float64(1.5), 270, 390, np.float64(0.75), 15)",houghCircleAlt,0.6041666666666666,30764079.583333332,31134038.0
"(np.float64(1.5), 270, 390, np.float64(0.8), 5)",houghCircleAlt,0.5416666666666666,32888994.0125,33388779.0
"(np.float64(1.5), 270, 390, np.float64(0.8), 10)",houghCircleAlt,0.5833333333333334,30779887.410416666,31373943.5
"(np.float64(1.5), 270, 390, np.float64(0.8), 15)",houghCircleAlt,0.6625,29445089.116666667,29778685.5
"(np.float64(1.5), 270, 390, np.float64(0.8500000000000001), 5)",houghCircleAlt,0.6041666666666666,29708094.675,30275959.0
"(np.float64(1.5), 270, 390, np.float64(0.8500000000000001), 10)",houghCircleAlt,0.6395833333333333,30308725.375,30768718.0
"(np.float64(1.5), 270, 390, np.float64(0.8500000000000001), 15)",houghCircleAlt,0.7125,30437821.30625,30682031.0
"(np.float64(1.5), 270, 390, np.float64(0.9000000000000001), 5)",houghCircleAlt,0.6375,31651685.879166666,32140668.0
"(np.float64(1.5), 270, 390, np.float64(0.9000000000000001), 10)",houghCircleAlt,0.6729166666666667,31297893.995833334,31912760.0
"(np.float64(1.5), 270, 390, np.float64(0.9000000000000001), 15)",houghCircleAlt,0.7416666666666667,30234588.110416666,30759020.0
"(np.float64(1.5), 280, 300, np.float64(0.7), 5)",houghCircleAlt,0.35833333333333334,34844208.4125,36077989.0
"(np.float64(1.5), 280, 300, np.float64(0.7), 10)",houghCircleAlt,0.42083333333333334,33049413.116666667,34153357.5
"(np.float64(1.5), 280, 300, np.float64(0.7), 15)",houghCircleAlt,0.49166666666666664,31490394.11875,32241537.0
"(np.float64(1.5), 280, 300, np.float64(0.75), 5)",houghCircleAlt,0.43333333333333335,33632485.59166667,35082221.5
"(np.float64(1.5), 280, 300, np.float64(0.75), 10)",houghCircleAlt,0.4666666666666667,31248356.952083334,32053246.5
"(np.float64(1.5), 280, 300, np.float64(0.75), 15)",houghCircleAlt,0.54375,31236205.339583334,31756307.0
"(np.float64(1.5), 280, 300, np.float64(0.8), 5)",houghCircleAlt,0.49375,34025228.927083336,35036630.0
"(np.float64(1.5), 280, 300, np.float64(0.8), 10)",houghCircleAlt,0.5166666666666667,32998417.4,34226781.5
"(np.float64(1.5), 280, 300, np.float64(0.8), 15)",houghCircleAlt,0.58125,32431523.34375,33263324.0
"(np.float64(1.5), 280, 300, np.float64(0.8500000000000001), 5)",houghCircleAlt,0.5208333333333334,34370312.76875,35602701.5
"(np.float64(1.5), 280, 300, np.float64(0.8500000000000001), 10)",houghCircleAlt,0.5625,31654067.4,32314608.0
"(np.float64(1.5), 280, 300, np.float64(0.8500000000000001), 15)",houghCircleAlt,0.625,32999504.089583334,33761127.5
"(np.float64(1.5), 280, 300, np.float64(0.9000000000000001), 5)",houghCircleAlt,0.5541666666666667,33878313.922916666,34975715.0
"(np.float64(1.5), 280, 300, np.float64(0.9000000000000001), 10)",houghCircleAlt,0.5895833333333333,32671539.59375,34005428.5
"(np.float64(1.5), 280, 300, np.float64(0.9000000000000001), 15)",houghCircleAlt,0.65,30055336.066666666,30588535.5
"(np.float64(1.5), 280, 310, np.float64(0.7), 5)",houghCircleAlt,0.3645833333333333,32859469.077083334,34043201.0
"(np.float64(1.5), 280, 310, np.float64(0.7), 10)",houghCircleAlt,0.41458333333333336,32900648.127083335,33949144.0
"(np.float64(1.5), 280, 310, np.float64(0.7), 15)",houghCircleAlt,0.48125,31646603.804166667,32271538.0
"(np.float64(1.5), 280, 310, np.float64(0.75), 5)",houghCircleAlt,0.43333333333333335,34420628.03333333,35962722.5
"(np.float64(1.5), 280, 310, np.float64(0.75), 10)",houghCircleAlt,0.46875,33241878.9875,34147053.5
"(np.float64(1.5), 280, 310, np.float64(0.75), 15)",houghCircleAlt,0.5395833333333333,32624364.991666667,33303572.5
"(np.float64(1.5), 280, 310, np.float64(0.8), 5)",houghCircleAlt,0.48541666666666666,34676559.87291667,36000163.5
"(np.float64(1.5), 280, 310, np.float64(0.8), 10)",houghCircleAlt,0.51875,30930759.383333333,31658844.5
"(np.float64(1.5), 280, 310, np.float64(0.8), 15)",houghCircleAlt,0.58125,31520703.079166666,32129640.5
"(np.float64(1.5), 280, 310, np.float64(0.8500000000000001), 5)",houghCircleAlt,0.5125,33316888.608333334,34304575.5
"(np.float64(1.5), 280, 310, np.float64(0.8500000000000001), 10)",houghCircleAlt,0.5583333333333333,32180516.041666668,32942376.0
"(np.float64(1.5), 280, 310, np.float64(0.8500000000000001), 15)",houghCircleAlt,0.6229166666666667,31636413.845833335,32270485.5
"(np.float64(1.5), 280, 310, np.float64(0.9000000000000001), 5)",houghCircleAlt,0.5541666666666667,33848166.97291667,34966704.5
"(np.float64(1.5), 280, 310, np.float64(0.9000000000000001), 10)",houghCircleAlt,0.5895833333333333,33431502.3625,34651117.5
"(np.float64(1.5), 280, 310, np.float64(0.9000000000000001), 15)",houghCircleAlt,0.65,32037437.395833332,33033160.0
"(np.float64(1.5), 280, 320, np.float64(0.7), 5)",houghCircleAlt,0.3645833333333333,34498234.7625,35509379.0
"(np.float64(1.5), 280, 320, np.float64(0.7), 10)",houghCircleAlt,0.41458333333333336,30708492.65,31212816.0
"(np.float64(1.5), 280, 320, np.float64(0.7), 15)",houghCircleAlt,0.48541666666666666,31386448.025,32196848.5
"(np.float64(1.5), 280, 320, np.float64(0.75), 5)",houghCircleAlt,0.4354166666666667,34209266.37291667,35379673.5
"(np.float64(1.5), 280, 320, np.float64(0.75), 10)",houghCircleAlt,0.4708333333333333,32334227.047916666,33476693.5
"(np.float64(1.5), 280, 320, np.float64(0.75), 15)",houghCircleAlt,0.5395833333333333,30419009.158333335,31013303.0
"(np.float64(1.5), 280, 320, np.float64(0.8), 5)",houghCircleAlt,0.4875,33383198.904166665,34381531.5
"(np.float64(1.5), 280, 320, np.float64(0.8), 10)",houghCircleAlt,0.51875,32512899.59375,33535595.0
"(np.float64(1.5), 280, 320, np.float64(0.8), 15)",houghCircleAlt,0.5770833333333333,32109149.270833332,32863645.5
"(np.float64(1.5), 280, 320, np.float64(0.8500000000000001), 5)",houghCircleAlt,0.5125,33917215.114583336,34985093.5
"(np.float64(1.5), 280, 320, np.float64(0.8500000000000001), 10)",houghCircleAlt,0.5645833333333333,31043819.01875,31685108.5
"(np.float64(1.5), 280, 320, np.float64(0.8500000000000001), 15)",houghCircleAlt,0.625,31360261.19375,32089431.5
"(np.float64(1.5), 280, 320, np.float64(0.9000000000000001), 5)",houghCircleAlt,0.5541666666666667,31726543.5,32537397.0
"(np.float64(1.5), 280, 320, np.float64(0.9000000000000001), 10)",houghCircleAlt,0.5895833333333333,32387276.020833332,33341900.5
"(np.float64(1.5), 280, 320, np.float64(0.9000000000000001), 15)",houghCircleAlt,0.65,32503755.08125,33274200.5
"(np.float64(1.5), 280, 330, np.float64(0.7), 5)",houghCircleAlt,0.35625,32524392.658333335,33476271.5
"(np.float64(1.5), 280, 330, np.float64(0.7), 10)",houghCircleAlt,0.41041666666666665,32081524.177083332,32990657.5
"(np.float64(1.5), 280, 330, np.float64(0.7), 15)",houghCircleAlt,0.48541666666666666,31234364.11875,31962413.5
"(np.float64(1.5), 280, 330, np.float64(0.75), 5)",houghCircleAlt,0.43333333333333335,33861303.17916667,35064508.0
"(np.float64(1.5), 280, 330, np.float64(0.75), 10)",houghCircleAlt,0.4666666666666667,33001679.779166665,33784326.0
"(np.float64(1.5), 280, 330, np.float64(0.75), 15)",houghCircleAlt,0.5395833333333333,29392326.895833332,29893337.5
"(np.float64(1.5), 280, 330, np.float64(0.8), 5)",houghCircleAlt,0.48333333333333334,33098063.45625,34123612.0
"(np.float64(1.5), 280, 330, np.float64(0.8), 10)",houghCircleAlt,0.5145833333333333,30711861.191666666,31329590.0
"(np.float64(1.5), 280, 330, np.float64(0.8), 15)",houghCircleAlt,0.5770833333333333,30823366.51875,31697806.0
"(np.float64(1.5), 280, 330, np.float64(0.8500000000000001), 5)",houghCircleAlt,0.5145833333333333,34103375.675,35341777.0
"(np.float64(1.5), 280, 330, np.float64(0.8500000000000001), 10)",houghCircleAlt,0.5583333333333333,31713739.658333335,32431547.0
"(np.float64(1.5), 280, 330, np.float64(0.8500000000000001), 15)",houghCircleAlt,0.6270833333333333,31108065.210416667,31651434.5
"(np.float64(1.5), 280, 330, np.float64(0.9000000000000001), 5)",houghCircleAlt,0.5520833333333334,33075913.9,34318527.5
"(np.float64(1.5), 280, 330, np.float64(0.9000000000000001), 10)",houghCircleAlt,0.5854166666666667,33140439.08125,33978556.0
"(np.float64(1.5), 280, 330, np.float64(0.9000000000000001), 15)",houghCircleAlt,0.65,29343270.379166666,30049734.5
"(np.float64(1.5), 280, 340, np.float64(0.7), 5)",houghCircleAlt,0.35625,33467173.966666665,34409299.5
"(np.float64(1.5), 280, 340, np.float64(0.7), 10)",houghCircleAlt,0.4083333333333333,33578177.55625,34117641.5
"(np.float64(1.5), 280, 340, np.float64(0.7), 15)",houghCircleAlt,0.475,30983432.510416668,31583711.5
"(np.float64(1.5), 280, 340, np.float64(0.75), 5)",houghCircleAlt,0.43333333333333335,32678835.433333334,33558923.0
"(np.float64(1.5), 280, 340, np.float64(0.75), 10)",houghCircleAlt,0.4666666666666667,33018155.889583334,33925672.5
"(np.float64(1.5), 280, 340, np.float64(0.75), 15)",houghCircleAlt,0.5354166666666667,30370650.010416668,30767231.5
"(np.float64(1.5), 280, 340, np.float64(0.8), 5)",houghCircleAlt,0.48333333333333334,32880277.908333335,33734297.0
"(np.float64(1.5), 280, 340, np.float64(0.8), 10)",houghCircleAlt,0.5145833333333333,32142392.329166666,33199539.0
"(np.float64(1.5), 280, 340, np.float64(0.8), 15)",houghCircleAlt,0.575,29310986.58125,29582062.0
"(np.float64(1.5), 280, 340, np.float64(0.8500000000000001), 5)",houghCircleAlt,0.5166666666666667,33555475.30625,34548364.5
"(np.float64(1.5), 280, 340, np.float64(0.8500000000000001), 10)",houghCircleAlt,0.5541666666666667,32638036.970833335,33300814.0
"(np.float64(1.5), 280, 340, np.float64(0.8500000000000001), 15)",houghCircleAlt,0.6208333333333333,30966655.525,31526279.5
"(np.float64(1.5), 280, 340, np.float64(0.9000000000000001), 5)",houghCircleAlt,0.5583333333333333,33761978.2375,34637697.0
"(np.float64(1.5), 280, 340, np.float64(0.9000000000000001), 10)",houghCircleAlt,0.5833333333333334,31771723.814583335,32667856.0
"(np.float64(1.5), 280, 340, np.float64(0.9000000000000001), 15)",houghCircleAlt,0.6479166666666667,30435985.6875,30927351.0
"(np.float64(1.5), 280, 350, np.float64(0.7), 5)",houghCircleAlt,0.36041666666666666,33539271.1375,34531944.0
"(np.float64(1.5), 280, 350, np.float64(0.7), 10)",houghCircleAlt,0.40625,31830360.560416665,32375327.5
"(np.float64(1.5), 280, 350, np.float64(0.7), 15)",houghCircleAlt,0.48125,30892113.941666666,31670054.0
"(np.float64(1.5), 280, 350, np.float64(0.75), 5)",houghCircleAlt,0.43333333333333335,31074089.510416668,31742190.0
"(np.float64(1.5), 280, 350, np.float64(0.75), 10)",houghCircleAlt,0.4666666666666667,32817559.435416665,33796688.5
"(np.float64(1.5), 280, 350, np.float64(0.75), 15)",houghCircleAlt,0.5416666666666666,30675056.872916665,31321988.5
"(np.float64(1.5), 280, 350, np.float64(0.8), 5)",houghCircleAlt,0.49166666666666664,33347799.3375,33736882.5
"(np.float64(1.5), 280, 350, np.float64(0.8), 10)",houghCircleAlt,0.5145833333333333,31705964.297916666,32460833.0
"(np.float64(1.5), 280, 350, np.float64(0.8), 15)",houghCircleAlt,0.5833333333333334,31876524.895833332,32358025.0
"(np.float64(1.5), 280, 350, np.float64(0.8500000000000001), 5)",houghCircleAlt,0.5208333333333334,32187591.21875,33098669.0
"(np.float64(1.5), 280, 350, np.float64(0.8500000000000001), 10)",houghCircleAlt,0.5541666666666667,32775110.929166667,33547450.5
"(np.float64(1.5), 280, 350, np.float64(0.8500000000000001), 15)",houghCircleAlt,0.625,31024030.575,31296563.5
"(np.float64(1.5), 280, 350, np.float64(0.9000000000000001), 5)",houghCircleAlt,0.5583333333333333,32818278.516666666,33797280.0
"(np.float64(1.5), 280, 350, np.float64(0.9000000000000001), 10)",houghCircleAlt,0.58125,30159503.075,30869698.0
"(np.float64(1.5), 280, 350, np.float64(0.9000000000000001), 15)",houghCircleAlt,0.65,31479588.810416665,32184910.0
"(np.float64(1.5), 280, 360, np.float64(0.7), 5)",houghCircleAlt,0.35625,32424579.475,32953558.5
"(np.float64(1.5), 280, 360, np.float64(0.7), 10)",houghCircleAlt,0.40625,32305888.535416666,33126732.5
"(np.float64(1.5), 280, 360, np.float64(0.7), 15)",houghCircleAlt,0.47291666666666665,30255833.379166666,30789953.5
"(np.float64(1.5), 280, 360, np.float64(0.75), 5)",houghCircleAlt,0.42916666666666664,33133685.916666668,33860408.5
"(np.float64(1.5), 280, 360, np.float64(0.75), 10)",houghCircleAlt,0.4666666666666667,31131825.508333333,31728209.0
"(np.float64(1.5), 280, 360, np.float64(0.75), 15)",houghCircleAlt,0.5375,31551298.466666665,32310196.0
"(np.float64(1.5), 280, 360, np.float64(0.8), 5)",houghCircleAlt,0.4875,32661725.91875,33406532.0
"(np.float64(1.5), 280, 360, np.float64(0.8), 10)",houghCircleAlt,0.5125,30202545.19375,30671501.5
"(np.float64(1.5), 280, 360, np.float64(0.8), 15)",houghCircleAlt,0.5833333333333334,30816358.71875,31467304.0
"(np.float64(1.5), 280, 360, np.float64(0.8500000000000001), 5)",houghCircleAlt,0.5208333333333334,33192350.922916666,33894126.5
"(np.float64(1.5), 280, 360, np.float64(0.8500000000000001), 10)",houghCircleAlt,0.5520833333333334,31602025.720833335,32003630.0
"(np.float64(1.5), 280, 360, np.float64(0.8500000000000001), 15)",houghCircleAlt,0.6229166666666667,28989684.3,29416835.5
"(np.float64(1.5), 280, 360, np.float64(0.9000000000000001), 5)",houghCircleAlt,0.5583333333333333,32202242.025,33138232.0
"(np.float64(1.5), 280, 360, np.float64(0.9000000000000001), 10)",houghCircleAlt,0.58125,30252371.61875,30603194.0
"(np.float64(1.5), 280, 360, np.float64(0.9000000000000001), 15)",houghCircleAlt,0.65,30353111.03125,30763759.5
"(np.float64(1.5), 280, 370, np.float64(0.7), 5)",houghCircleAlt,0.35,33185584.189583335,33966898.0
"(np.float64(1.5), 280, 370, np.float64(0.7), 10)",houghCircleAlt,0.40625,31408276.133333333,31973050.5
"(np.float64(1.5), 280, 370, np.float64(0.7), 15)",houghCircleAlt,0.4708333333333333,28827959.866666667,29210750.5
"(np.float64(1.5), 280, 370, np.float64(0.75), 5)",houghCircleAlt,0.42083333333333334,32361862.825,33328525.0
"(np.float64(1.5), 280, 370, np.float64(0.75), 10)",houghCircleAlt,0.4666666666666667,32269030.075,33027020.0
"(np.float64(1.5), 280, 370, np.float64(0.75), 15)",houghCircleAlt,0.5375,30599463.820833333,30888308.0
"(np.float64(1.5), 280, 370, np.float64(0.8), 5)",houghCircleAlt,0.48333333333333334,30695082.05625,31210251.5
"(np.float64(1.5), 280, 370, np.float64(0.8), 10)",houghCircleAlt,0.50625,31214260.229166668,31937106.0
"(np.float64(1.5), 280, 370, np.float64(0.8), 15)",houghCircleAlt,0.5770833333333333,31415926.275,31559117.0
"(np.float64(1.5), 280, 370, np.float64(0.8500000000000001), 5)",houghCircleAlt,0.5166666666666667,31749079.9125,32523970.0
"(np.float64(1.5), 280, 370, np.float64(0.8500000000000001), 10)",houghCircleAlt,0.5479166666666667,32422416.195833333,33016188.0
"(np.float64(1.5), 280, 370, np.float64(0.8500000000000001), 15)",houghCircleAlt,0.6208333333333333,30589227.504166666,30977878.0
"(np.float64(1.5), 280, 370, np.float64(0.9000000000000001), 5)",houghCircleAlt,0.55625,31079054.152083334,31565090.5
"(np.float64(1.5), 280, 370, np.float64(0.9000000000000001), 10)",houghCircleAlt,0.5791666666666667,31950833.14375,32786143.5
"(np.float64(1.5), 280, 370, np.float64(0.9000000000000001), 15)",houghCircleAlt,0.6479166666666667,30628473.74375,30783342.0
"(np.float64(1.5), 280, 380, np.float64(0.7), 5)",houghCircleAlt,0.3541666666666667,30615510.322916668,30953425.5
"(np.float64(1.5), 280, 380, np.float64(0.7), 10)",houghCircleAlt,0.4083333333333333,32140375.89375,32796092.0
"(np.float64(1.5), 280, 380, np.float64(0.7), 15)",houghCircleAlt,0.475,30215955.810416665,30571764.5
"(np.float64(1.5), 280, 380, np.float64(0.75), 5)",houghCircleAlt,0.41458333333333336,32780900.1625,33199849.0
"(np.float64(1.5), 280, 380, np.float64(0.75), 10)",houghCircleAlt,0.4625,30872356.483333334,31109923.5
"(np.float64(1.5), 280, 380, np.float64(0.75), 15)",houghCircleAlt,0.5354166666666667,31344438.979166668,31548076.0
"(np.float64(1.5), 280, 380, np.float64(0.8), 5)",houghCircleAlt,0.4791666666666667,32374070.702083334,32773499.5
"(np.float64(1.5), 280, 380, np.float64(0.8), 10)",houghCircleAlt,0.50625,29775889.85,30100148.5
"(np.float64(1.5), 280, 380, np.float64(0.8), 15)",houghCircleAlt,0.5770833333333333,30510948.575,31052360.5
"(np.float64(1.5), 280, 380, np.float64(0.8500000000000001), 5)",houghCircleAlt,0.51875,32075375.141666666,32562438.0
"(np.float64(1.5), 280, 380, np.float64(0.8500000000000001), 10)",houghCircleAlt,0.5520833333333334,32115564.970833335,32584180.5
"(np.float64(1.5), 280, 380, np.float64(0.8500000000000001), 15)",houghCircleAlt,0.625,31098517.108333334,31792539.5
"(np.float64(1.5), 280, 380, np.float64(0.9000000000000001), 5)",houghCircleAlt,0.5583333333333333,31546991.083333332,32351737.5
"(np.float64(1.5), 280, 380, np.float64(0.9000000000000001), 10)",houghCircleAlt,0.5791666666666667,30850436.397916667,31334214.0
"(np.float64(1.5), 280, 380, np.float64(0.9000000000000001), 15)",houghCircleAlt,0.6458333333333334,29062851.88125,29320116.0
"(np.float64(1.5), 280, 390, np.float64(0.7), 5)",houghCircleAlt,0.35208333333333336,30272138.816666666,30864939.0
"(np.float64(1.5), 280, 390, np.float64(0.7), 10)",houghCircleAlt,0.41458333333333336,32112561.39375,32921434.0
"(np.float64(1.5), 280, 390, np.float64(0.7), 15)",houghCircleAlt,0.47708333333333336,30290415.041666668,30510218.5
"(np.float64(1.5), 280, 390, np.float64(0.75), 5)",houghCircleAlt,0.4166666666666667,31884691.03125,32541284.0
"(np.float64(1.5), 280, 390, np.float64(0.75), 10)",houghCircleAlt,0.46458333333333335,31056596.1875,31310128.5
"(np.float64(1.5), 280, 390, np.float64(0.75), 15)",houghCircleAlt,0.5375,31309451.810416665,31560128.5
"(np.float64(1.5), 280, 390, np.float64(0.8), 5)",houghCircleAlt,0.4791666666666667,32466907.997916665,32952065.0
"(np.float64(1.5), 280, 390, np.float64(0.8), 10)",houghCircleAlt,0.50625,30762749.433333334,31074732.5
"(np.float64(1.5), 280, 390, np.float64(0.8), 15)",houghCircleAlt,0.575,31085459.264583334,31549474.0
"(np.float64(1.5), 280, 390, np.float64(0.8500000000000001), 5)",houghCircleAlt,0.5229166666666667,31293101.31875,31848209.0
"(np.float64(1.5), 280, 390, np.float64(0.8500000000000001), 10)",houghCircleAlt,0.5520833333333334,29571166.339583334,29806617.5
"(np.float64(1.5), 280, 390, np.float64(0.8500000000000001), 15)",houghCircleAlt,0.6208333333333333,30160890.1125,30348539.0
"(np.float64(1.5), 280, 390, np.float64(0.9000000000000001), 5)",houghCircleAlt,0.55625,32734269.170833334,33063499.5
"(np.float64(1.5), 280, 390, np.float64(0.9000000000000001), 10)",houghCircleAlt,0.5791666666666667,31053772.29375,31407200.5
"(np.float64(1.5), 280, 390, np.float64(0.9000000000000001), 15)",houghCircleAlt,0.64375,29799295.466666665,29937148.5
"(np.float64(1.5), 290, 300, np.float64(0.7), 5)",houghCircleAlt,0.2875,35452313.95625,36635940.5
"(np.float64(1.5), 290, 300, np.float64(0.7), 10)",houghCircleAlt,0.32708333333333334,35007292.166666664,35822880.5
"(np.float64(1.5), 290, 300, np.float64(0.7), 15)",houghCircleAlt,0.37916666666666665,32821745.291666668,33345171.5
"(np.float64(1.5), 290, 300, np.float64(0.75), 5)",houghCircleAlt,0.33541666666666664,34022163.08541667,34859658.5
"(np.float64(1.5), 290, 300, np.float64(0.75), 10)",houghCircleAlt,0.3625,33770354.3125,34627683.0
"(np.float64(1.5), 290, 300, np.float64(0.75), 15)",houghCircleAlt,0.4125,30200175.60625,30929196.0
"(np.float64(1.5), 290, 300, np.float64(0.8), 5)",houghCircleAlt,0.3770833333333333,34716395.86666667,35765494.0
"(np.float64(1.5), 290, 300, np.float64(0.8), 10)",houghCircleAlt,0.40208333333333335,35348883.09166667,36000534.0
"(np.float64(1.5), 290, 300, np.float64(0.8), 15)",houghCircleAlt,0.43125,33489223.389583334,34163697.5
"(np.float64(1.5), 290, 300, np.float64(0.8500000000000001), 5)",houghCircleAlt,0.4,35209659.85625,36102289.5
"(np.float64(1.5), 290, 300, np.float64(0.8500000000000001), 10)",houghCircleAlt,0.4270833333333333,34405008.09583333,35108018.5
"(np.float64(1.5), 290, 300, np.float64(0.8500000000000001), 15)",houghCircleAlt,0.46041666666666664,32555690.685416665,33280265.5
"(np.float64(1.5), 290, 300, np.float64(0.9000000000000001), 5)",houghCircleAlt,0.425,35842738.51875,36863607.0
"(np.float64(1.5), 290, 300, np.float64(0.9000000000000001), 10)",houghCircleAlt,0.44583333333333336,33000763.516666666,33799375.5
"(np.float64(1.5), 290, 300, np.float64(0.9000000000000001), 15)",houghCircleAlt,0.48125,32542937.897916667,32987915.5
"(np.float64(1.5), 290, 310, np.float64(0.7), 5)",houghCircleAlt,0.2875,32053152.75,33150632.0
"(np.float64(1.5), 290, 310, np.float64(0.7), 10)",houghCircleAlt,0.33541666666666664,33519757.727083333,34567070.5
"(np.float64(1.5), 290, 310, np.float64(0.7), 15)",houghCircleAlt,0.36875,33851298.59166667,34382749.0
"(np.float64(1.5), 290, 310, np.float64(0.75), 5)",houghCircleAlt,0.33541666666666664,35591640.672916666,36620301.0
"(np.float64(1.5), 290, 310, np.float64(0.75), 10)",houghCircleAlt,0.36875,34002210.889583334,34491106.5
"(np.float64(1.5), 290, 310, np.float64(0.75), 15)",houghCircleAlt,0.41041666666666665,32352720.183333334,32974653.0
"(np.float64(1.5), 290, 310, np.float64(0.8), 5)",houghCircleAlt,0.375,34990654.575,35862411.5
"(np.float64(1.5), 290, 310, np.float64(0.8), 10)",houghCircleAlt,0.40625,32774626.333333332,33447369.0
"(np.float64(1.5), 290, 310, np.float64(0.8), 15)",houghCircleAlt,0.43333333333333335,32238876.975,32597239.5
"(np.float64(1.5), 290, 310, np.float64(0.8500000000000001), 5)",houghCircleAlt,0.3958333333333333,35417647.8375,36377617.0
"(np.float64(1.5), 290, 310, np.float64(0.8500000000000001), 10)",houghCircleAlt,0.425,31242116.414583333,31956266.0
"(np.float64(1.5), 290, 310, np.float64(0.8500000000000001), 15)",houghCircleAlt,0.4583333333333333,32441118.358333334,33060712.0
"(np.float64(1.5), 290, 310, np.float64(0.9000000000000001), 5)",houghCircleAlt,0.4270833333333333,35929765.43541667,36700607.0
"(np.float64(1.5), 290, 310, np.float64(0.9000000000000001), 10)",houghCircleAlt,0.44583333333333336,33983380.30833333,34840513.0
"(np.float64(1.5), 290, 310, np.float64(0.9000000000000001), 15)",houghCircleAlt,0.48125,32658321.370833334,33334174.5
"(np.float64(1.5), 290, 320, np.float64(0.7), 5)",houghCircleAlt,0.28125,34287458.829166666,34947549.5
"(np.float64(1.5), 290, 320, np.float64(0.7), 10)",houghCircleAlt,0.32916666666666666,33323292.916666668,33849889.0
"(np.float64(1.5), 290, 320, np.float64(0.7), 15)",houghCircleAlt,0.3729166666666667,31252073.7875,31733242.5
"(np.float64(1.5), 290, 320, np.float64(0.75), 5)",houghCircleAlt,0.3333333333333333,34838591.072916664,35916446.0
"(np.float64(1.5), 290, 320, np.float64(0.75), 10)",houghCircleAlt,0.3645833333333333,31142975.66875,31661928.0
"(np.float64(1.5), 290, 320, np.float64(0.75), 15)",houghCircleAlt,0.41041666666666665,33276255.41875,33813636.5
"(np.float64(1.5), 290, 320, np.float64(0.8), 5)",houghCircleAlt,0.3729166666666667,34226217.37083333,35377245.0
"(np.float64(1.5), 290, 320, np.float64(0.8), 10)",houghCircleAlt,0.4,34774366.37291667,35452471.0
"(np.float64(1.5), 290, 320, np.float64(0.8), 15)",houghCircleAlt,0.43125,32611550.166666668,33189786.0
"(np.float64(1.5), 290, 320, np.float64(0.8500000000000001), 5)",houghCircleAlt,0.3958333333333333,34576379.135416664,35415861.5
"(np.float64(1.5), 290, 320, np.float64(0.8500000000000001), 10)",houghCircleAlt,0.42916666666666664,33420098.647916667,34252809.5
"(np.float64(1.5), 290, 320, np.float64(0.8500000000000001), 15)",houghCircleAlt,0.4625,31376528.75,31720910.0
"(np.float64(1.5), 290, 320, np.float64(0.9000000000000001), 5)",houghCircleAlt,0.4270833333333333,32002133.341666665,33117964.5
"(np.float64(1.5), 290, 320, np.float64(0.9000000000000001), 10)",houghCircleAlt,0.44583333333333336,33817405.952083334,34605711.0
"(np.float64(1.5), 290, 320, np.float64(0.9000000000000001), 15)",houghCircleAlt,0.48333333333333334,33104385.49375,33784145.5
"(np.float64(1.5), 290, 330, np.float64(0.7), 5)",houghCircleAlt,0.2708333333333333,35061190.90625,36006926.5
"(np.float64(1.5), 290, 330, np.float64(0.7), 10)",houghCircleAlt,0.3229166666666667,33150109.066666666,33899687.0
"(np.float64(1.5), 290, 330, np.float64(0.7), 15)",houghCircleAlt,0.36875,32949580.422916666,33338620.0
"(np.float64(1.5), 290, 330, np.float64(0.75), 5)",houghCircleAlt,0.32708333333333334,35373459.28333333,36002342.0
"(np.float64(1.5), 290, 330, np.float64(0.75), 10)",houghCircleAlt,0.35625,33455368.604166668,34226780.0
"(np.float64(1.5), 290, 330, np.float64(0.75), 15)",houghCircleAlt,0.40625,30963505.185416665,31475083.0
"(np.float64(1.5), 290, 330, np.float64(0.8), 5)",houghCircleAlt,0.36875,34027051.3125,34733398.0
"(np.float64(1.5), 290, 330, np.float64(0.8), 10)",houghCircleAlt,0.39375,30867325.63125,31592570.0
"(np.float64(1.5), 290, 330, np.float64(0.8), 15)",houghCircleAlt,0.4270833333333333,32480388.095833335,32931576.0
"(np.float64(1.5), 290, 330, np.float64(0.8500000000000001), 5)",houghCircleAlt,0.39166666666666666,34435333.30625,35265123.0
"(np.float64(1.5), 290, 330, np.float64(0.8500000000000001), 10)",houghCircleAlt,0.42083333333333334,34185714.34583333,35054354.0
"(np.float64(1.5), 290, 330, np.float64(0.8500000000000001), 15)",houghCircleAlt,0.4583333333333333,31948356.2125,32454721.5
"(np.float64(1.5), 290, 330, np.float64(0.9000000000000001), 5)",houghCircleAlt,0.42083333333333334,35078761.704166666,35869111.0
"(np.float64(1.5), 290, 330, np.float64(0.9000000000000001), 10)",houghCircleAlt,0.4395833333333333,34581255.40208333,35173652.0
"(np.float64(1.5), 290, 330, np.float64(0.9000000000000001), 15)",houghCircleAlt,0.4791666666666667,31135966.752083335,31730001.5
"(np.float64(1.5), 290, 340, np.float64(0.7), 5)",houghCircleAlt,0.275,34082007.84375,34743219.0
"(np.float64(1.5), 290, 340, np.float64(0.7), 10)",houghCircleAlt,0.31666666666666665,30660622.491666667,31293551.5
"(np.float64(1.5), 290, 340, np.float64(0.7), 15)",houghCircleAlt,0.3625,31773147.329166666,32305852.0
"(np.float64(1.5), 290, 340, np.float64(0.75), 5)",houghCircleAlt,0.33125,34155148.141666666,35083760.0
"(np.float64(1.5), 290, 340, np.float64(0.75), 10)",houghCircleAlt,0.3541666666666667,33555147.58125,34225999.5
"(np.float64(1.5), 290, 340, np.float64(0.75), 15)",houghCircleAlt,0.4041666666666667,32888313.589583334,33323131.0
"(np.float64(1.5), 290, 340, np.float64(0.8), 5)",houghCircleAlt,0.36875,34269694.75833333,35030990.0
"(np.float64(1.5), 290, 340, np.float64(0.8), 10)",houghCircleAlt,0.39375,33940306.07083333,34418060.5
"(np.float64(1.5), 290, 340, np.float64(0.8), 15)",houghCircleAlt,0.425,33441173.358333334,33923804.5
"(np.float64(1.5), 290, 340, np.float64(0.8500000000000001), 5)",houghCircleAlt,0.3958333333333333,32798904.202083334,33684644.0
"(np.float64(1.5), 290, 340, np.float64(0.8500000000000001), 10)",houghCircleAlt,0.41875,30774291.558333334,31379024.5
"(np.float64(1.5), 290, 340, np.float64(0.8500000000000001), 15)",houghCircleAlt,0.45416666666666666,32085222.310416665,32577901.5
"(np.float64(1.5), 290, 340, np.float64(0.9000000000000001), 5)",houghCircleAlt,0.4270833333333333,33743016.83541667,34668044.0
"(np.float64(1.5), 290, 340, np.float64(0.9000000000000001), 10)",houghCircleAlt,0.4395833333333333,33283871.195833333,33801643.5
"(np.float64(1.5), 290, 340, np.float64(0.9000000000000001), 15)",houghCircleAlt,0.4791666666666667,32427819.2625,32959865.0
"(np.float64(1.5), 290, 350, np.float64(0.7), 5)",houghCircleAlt,0.28125,34370616.37083333,35002510.5
"(np.float64(1.5), 290, 350, np.float64(0.7), 10)",houghCircleAlt,0.325,33571259.104166664,34529913.5
"(np.float64(1.5), 290, 350, np.float64(0.7), 15)",houghCircleAlt,0.36041666666666666,32659916.470833335,33067655.5
"(np.float64(1.5), 290, 350, np.float64(0.75), 5)",houghCircleAlt,0.33125,35061482.06458333,35371253.5
"(np.float64(1.5), 290, 350, np.float64(0.75), 10)",houghCircleAlt,0.35833333333333334,30363702.0375,30941542.0
"(np.float64(1.5), 290, 350, np.float64(0.75), 15)",houghCircleAlt,0.40208333333333335,32481536.072916668,33228297.0
"(np.float64(1.5), 290, 350, np.float64(0.8), 5)",houghCircleAlt,0.3729166666666667,34003254.12083333,34828385.0
"(np.float64(1.5), 290, 350, np.float64(0.8), 10)",houghCircleAlt,0.3958333333333333,32746461.233333334,33395621.5
"(np.float64(1.5), 290, 350, np.float64(0.8), 15)",houghCircleAlt,0.425,32099976.779166665,32511122.0
"(np.float64(1.5), 290, 350, np.float64(0.8500000000000001), 5)",houghCircleAlt,0.39791666666666664,34150921.71875,34911746.0
"(np.float64(1.5), 290, 350, np.float64(0.8500000000000001), 10)",houghCircleAlt,0.41875,33993278.797916666,34518728.0
"(np.float64(1.5), 290, 350, np.float64(0.8500000000000001), 15)",houghCircleAlt,0.45625,32555974.747916665,33015659.5
"(np.float64(1.5), 290, 350, np.float64(0.9000000000000001), 5)",houghCircleAlt,0.4270833333333333,34539560.7125,35574604.0
"(np.float64(1.5), 290, 350, np.float64(0.9000000000000001), 10)",houghCircleAlt,0.4395833333333333,30433364.039583333,31010472.5
"(np.float64(1.5), 290, 350, np.float64(0.9000000000000001), 15)",houghCircleAlt,0.4791666666666667,31164103.829166666,31335427.0
"(np.float64(1.5), 290, 360, np.float64(0.7), 5)",houghCircleAlt,0.28125,34922824.725,35629698.0
"(np.float64(1.5), 290, 360, np.float64(0.7), 10)",houghCircleAlt,0.32708333333333334,32972886.20625,33424275.5
"(np.float64(1.5), 290, 360, np.float64(0.7), 15)",houghCircleAlt,0.3541666666666667,31611509.964583334,31838452.0
"(np.float64(1.5), 290, 360, np.float64(0.75), 5)",houghCircleAlt,0.33125,33752209.979166664,34462218.5
"(np.float64(1.5), 290, 360, np.float64(0.75), 10)",houghCircleAlt,0.36041666666666666,33201710.822916668,33707637.0
"(np.float64(1.5), 290, 360, np.float64(0.75), 15)",houghCircleAlt,0.39791666666666664,32607198.935416665,33023528.0
"(np.float64(1.5), 290, 360, np.float64(0.8), 5)",houghCircleAlt,0.37083333333333335,34094822.87083333,34708735.0
"(np.float64(1.5), 290, 360, np.float64(0.8), 10)",houghCircleAlt,0.39375,30306598.504166666,30879150.5
"(np.float64(1.5), 290, 360, np.float64(0.8), 15)",houghCircleAlt,0.42291666666666666,30995570.297916666,31471347.5
"(np.float64(1.5), 290, 360, np.float64(0.8500000000000001), 5)",houghCircleAlt,0.39791666666666664,34400422.07083333,35047500.5
"(np.float64(1.5), 290, 360, np.float64(0.8500000000000001), 10)",houghCircleAlt,0.4166666666666667,34056741.5625,34462032.5
"(np.float64(1.5), 290, 360, np.float64(0.8500000000000001), 15)",houghCircleAlt,0.45416666666666666,31358036.464583334,31806511.5
"(np.float64(1.5), 290, 360, np.float64(0.9000000000000001), 5)",houghCircleAlt,0.4270833333333333,33606963.93125,34149307.0
"(np.float64(1.5), 290, 360, np.float64(0.9000000000000001), 10)",houghCircleAlt,0.4395833333333333,32771201.327083334,33440801.0
"(np.float64(1.5), 290, 360, np.float64(0.9000000000000001), 15)",houghCircleAlt,0.4791666666666667,32524925.858333334,32943613.5
"(np.float64(1.5), 290, 370, np.float64(0.7), 5)",houghCircleAlt,0.275,34147884.452083334,34811623.5
"(np.float64(1.5), 290, 370, np.float64(0.7), 10)",houghCircleAlt,0.32916666666666666,33457004.125,33926773.0
"(np.float64(1.5), 290, 370, np.float64(0.7), 15)",houghCircleAlt,0.35,29142759.125,29344612.0
"(np.float64(1.5), 290, 370, np.float64(0.75), 5)",houghCircleAlt,0.32916666666666666,32632670.554166667,33332829.0
"(np.float64(1.5), 290, 370, np.float64(0.75), 10)",houghCircleAlt,0.3625,33531391.941666666,34071078.5
"(np.float64(1.5), 290, 370, np.float64(0.75), 15)",houghCircleAlt,0.3958333333333333,31328702.339583334,31776443.5
"(np.float64(1.5), 290, 370, np.float64(0.8), 5)",houghCircleAlt,0.36875,34758704.74166667,35114521.5
"(np.float64(1.5), 290, 370, np.float64(0.8), 10)",houghCircleAlt,0.38958333333333334,33047008.741666667,33223934.5
"(np.float64(1.5), 290, 370, np.float64(0.8), 15)",houghCircleAlt,0.4166666666666667,31620260.516666666,32090991.0
"(np.float64(1.5), 290, 370, np.float64(0.8500000000000001), 5)",houghCircleAlt,0.39791666666666664,34021219.28125,34870317.0
"(np.float64(1.5), 290, 370, np.float64(0.8500000000000001), 10)",houghCircleAlt,0.41458333333333336,33621451.05625,34147187.5
"(np.float64(1.5), 290, 370, np.float64(0.8500000000000001), 15)",houghCircleAlt,0.45416666666666666,29132030.610416666,29383864.5
"(np.float64(1.5), 290, 370, np.float64(0.9000000000000001), 5)",houghCircleAlt,0.4270833333333333,34187053.327083334,34717622.0
"(np.float64(1.5), 290, 370, np.float64(0.9000000000000001), 10)",houghCircleAlt,0.4395833333333333,31403232.9375,31895056.0
"(np.float64(1.5), 290, 370, np.float64(0.9000000000000001), 15)",houghCircleAlt,0.4791666666666667,32390789.375,32530946.0
"(np.float64(1.5), 290, 380, np.float64(0.7), 5)",houghCircleAlt,0.275,33114389.78125,33495493.5
"(np.float64(1.5), 290, 380, np.float64(0.7), 10)",houghCircleAlt,0.32916666666666666,32630704.241666667,32959679.5
"(np.float64(1.5), 290, 380, np.float64(0.7), 15)",houghCircleAlt,0.35625,32758812.566666666,33061416.0
"(np.float64(1.5), 290, 380, np.float64(0.75), 5)",houghCircleAlt,0.3229166666666667,33111076.033333335,33765726.0
"(np.float64(1.5), 290, 380, np.float64(0.75), 10)",houghCircleAlt,0.35833333333333334,33171226.452083334,33722826.0
"(np.float64(1.5), 290, 380, np.float64(0.75), 15)",houghCircleAlt,0.3958333333333333,29017687.179166667,29169155.5
"(np.float64(1.5), 290, 380, np.float64(0.8), 5)",houghCircleAlt,0.36666666666666664,34007707.177083336,34390608.0
"(np.float64(1.5), 290, 380, np.float64(0.8), 10)",houghCircleAlt,0.38958333333333334,33246262.26875,33791435.0
"(np.float64(1.5), 290, 380, np.float64(0.8), 15)",houghCircleAlt,0.42083333333333334,30191597.229166668,30559485.5
"(np.float64(1.5), 290, 380, np.float64(0.8500000000000001), 5)",houghCircleAlt,0.4,33586417.55,33985597.5
"(np.float64(1.5), 290, 380, np.float64(0.8500000000000001), 10)",houghCircleAlt,0.4166666666666667,32206743.216666665,32585858.0
"(np.float64(1.5), 290, 380, np.float64(0.8500000000000001), 15)",houghCircleAlt,0.46041666666666664,31755392.8125,32048033.5
"(np.float64(1.5), 290, 380, np.float64(0.9000000000000001), 5)",houghCircleAlt,0.42916666666666664,34710589.22708333,35227684.5
"(np.float64(1.5), 290, 380, np.float64(0.9000000000000001), 10)",houghCircleAlt,0.4395833333333333,32329606.929166667,32770870.0
"(np.float64(1.5), 290, 380, np.float64(0.9000000000000001), 15)",houghCircleAlt,0.4791666666666667,29155865.204166666,29607715.0
"(np.float64(1.5), 290, 390, np.float64(0.7), 5)",houghCircleAlt,0.27291666666666664,30989649.554166667,31675754.0
"(np.float64(1.5), 290, 390, np.float64(0.7), 10)",houghCircleAlt,0.3375,33410382.06875,33897615.0
"(np.float64(1.5), 290, 390, np.float64(0.7), 15)",houghCircleAlt,0.35625,32047382.847916666,32314649.0
"(np.float64(1.5), 290, 390, np.float64(0.75), 5)",houghCircleAlt,0.3229166666666667,31837836.877083335,32413098.5
"(np.float64(1.5), 290, 390, np.float64(0.75), 10)",houghCircleAlt,0.3625,32442281.310416665,32839628.5
"(np.float64(1.5), 290, 390, np.float64(0.75), 15)",houghCircleAlt,0.39791666666666664,31138229.958333332,31440052.5
"(np.float64(1.5), 290, 390, np.float64(0.8), 5)",houghCircleAlt,0.36666666666666664,32848546.78125,33196313.0
"(np.float64(1.5), 290, 390, np.float64(0.8), 10)",houghCircleAlt,0.39375,33392989.189583335,33650179.5
"(np.float64(1.5), 290, 390, np.float64(0.8), 15)",houghCircleAlt,0.42083333333333334,31075846.816666666,31104584.0
"(np.float64(1.5), 290, 390, np.float64(0.8500000000000001), 5)",houghCircleAlt,0.40208333333333335,30365437.447916668,30524314.5
"(np.float64(1.5), 290, 390, np.float64(0.8500000000000001), 10)",houghCircleAlt,0.41875,31350534.6,31731454.0
"(np.float64(1.5), 290, 390, np.float64(0.8500000000000001), 15)",houghCircleAlt,0.4583333333333333,30008415.46875,29888086.0
"(np.float64(1.5), 290, 390, np.float64(0.9000000000000001), 5)",houghCircleAlt,0.4270833333333333,30924944.285416666,30498226.0
"(np.float64(1.5), 290, 390, np.float64(0.9000000000000001), 10)",houghCircleAlt,0.4395833333333333,28628173.729166668,28533650.5
"(np.float64(1.5), 290, 390, np.float64(0.9000000000000001), 15)",houghCircleAlt,0.4791666666666667,26553244.214583334,26291855.0
