,0,1,2,3
"(np.float64(1.0), 100, 100, 30, 5)",houghCircle,0.48333333333333334,57388010.96875,46801326.0
"(np.float64(1.0), 100, 100, 30, 10)",houghCircle,0.6354166666666666,48671654.69375,37608221.0
"(np.float64(1.0), 100, 100, 30, 15)",houghCircle,0.7833333333333333,45666123.03541667,37440240.5
"(np.float64(1.0), 100, 100, 35, 5)",houghCircle,0.6708333333333333,48507663.09791667,39602430.0
"(np.float64(1.0), 100, 100, 35, 10)",houghCircle,0.7083333333333334,46641137.083333336,36860466.0
"(np.float64(1.0), 100, 100, 35, 15)",houghCircle,0.7979166666666667,44723381.56875,35295881.5
"(np.float64(1.0), 100, 100, 40, 5)",houghCircle,0.6166666666666667,48089015.797916666,38265858.0
"(np.float64(1.0), 100, 100, 40, 10)",houghCircle,0.6666666666666666,49133706.947916664,38007934.5
"(np.float64(1.0), 100, 100, 40, 15)",houghCircle,0.7208333333333333,46017789.6125,36198124.5
"(np.float64(1.0), 100, 100, 45, 5)",houghCircle,0.35833333333333334,43228806.94166667,36996181.0
"(np.float64(1.0), 100, 100, 45, 10)",houghCircle,0.37916666666666665,46549664.802083336,36591562.0
"(np.float64(1.0), 100, 100, 45, 15)",houghCircle,0.3958333333333333,45121380.479166664,35959923.0
"(np.float64(1.0), 100, 110, 30, 5)",houghCircle,0.5208333333333334,49330560.9375,38712426.5
"(np.float64(1.0), 100, 110, 30, 10)",houghCircle,0.6479166666666667,44669534.13125,34499096.5
"(np.float64(1.0), 100, 110, 30, 15)",houghCircle,0.7895833333333333,44903118.22708333,34261425.5
"(np.float64(1.0), 100, 110, 35, 5)",houghCircle,0.6708333333333333,45887608.4875,36613163.0
"(np.float64(1.0), 100, 110, 35, 10)",houghCircle,0.7104166666666667,42485990.233333334,35228190.0
"(np.float64(1.0), 100, 110, 35, 15)",houghCircle,0.8,48203993.15833333,36811375.0
"(np.float64(1.0), 100, 110, 40, 5)",houghCircle,0.5916666666666667,45950796.50208333,36997044.0
"(np.float64(1.0), 100, 110, 40, 10)",houghCircle,0.63125,55484847.885416664,45210511.5
"(np.float64(1.0), 100, 110, 40, 15)",houghCircle,0.6854166666666667,43785963.12708333,34728632.0
"(np.float64(1.0), 100, 110, 45, 5)",houghCircle,0.29583333333333334,45146782.56458333,36151476.5
"(np.float64(1.0), 100, 110, 45, 10)",houghCircle,0.31875,46838025.5125,35553912.0
"(np.float64(1.0), 100, 110, 45, 15)",houghCircle,0.33541666666666664,43831549.22083333,34989206.5
"(np.float64(1.0), 100, 120, 30, 5)",houghCircle,0.5625,44876448.03125,36011153.5
"(np.float64(1.0), 100, 120, 30, 10)",houghCircle,0.6645833333333333,47134242.71875,36871843.0
"(np.float64(1.0), 100, 120, 30, 15)",houghCircle,0.7958333333333333,49799732.047916666,39500745.5
"(np.float64(1.0), 100, 120, 35, 5)",houghCircle,0.675,43902419.98125,35394181.5
"(np.float64(1.0), 100, 120, 35, 10)",houghCircle,0.7083333333333334,42105667.7625,34578551.0
"(np.float64(1.0), 100, 120, 35, 15)",houghCircle,0.79375,56613903.3625,44413035.5
"(np.float64(1.0), 100, 120, 40, 5)",houghCircle,0.6,48526173.50208333,36753581.5
"(np.float64(1.0), 100, 120, 40, 10)",houghCircle,0.6291666666666667,45210163.229166664,35448653.5
"(np.float64(1.0), 100, 120, 40, 15)",houghCircle,0.6833333333333333,44288947.46041667,35230745.0
"(np.float64(1.0), 100, 120, 45, 5)",houghCircle,0.26666666666666666,44973986.20625,35711998.0
"(np.float64(1.0), 100, 120, 45, 10)",houghCircle,0.2875,45388945.87916667,35766164.0
"(np.float64(1.0), 100, 120, 45, 15)",houghCircle,0.30416666666666664,49443238.46875,35646384.5
"(np.float64(1.0), 100, 130, 30, 5)",houghCircle,0.58125,46354933.77916667,36119267.0
"(np.float64(1.0), 100, 130, 30, 10)",houghCircle,0.66875,46894920.84375,36165483.0
"(np.float64(1.0), 100, 130, 30, 15)",houghCircle,0.8041666666666667,51258897.63125,38974187.5
"(np.float64(1.0), 100, 130, 35, 5)",houghCircle,0.6708333333333333,55614352.854166664,44769650.0
"(np.float64(1.0), 100, 130, 35, 10)",houghCircle,0.7041666666666667,42883717.46041667,35496403.5
"(np.float64(1.0), 100, 130, 35, 15)",houghCircle,0.7916666666666666,43880198.204166666,34188548.5
"(np.float64(1.0), 100, 130, 40, 5)",houghCircle,0.59375,46931813.81666667,35839807.5
"(np.float64(1.0), 100, 130, 40, 10)",houghCircle,0.6229166666666667,46956951.15208333,35728503.5
"(np.float64(1.0), 100, 130, 40, 15)",houghCircle,0.6770833333333334,42268665.69166667,34212363.5
"(np.float64(1.0), 100, 130, 45, 5)",houghCircle,0.23333333333333334,46385604.40625,35935767.0
"(np.float64(1.0), 100, 130, 45, 10)",houghCircle,0.25,47826449.60208333,36000729.5
"(np.float64(1.0), 100, 130, 45, 15)",houghCircle,0.2625,46764787.67916667,35872864.5
"(np.float64(1.0), 100, 140, 30, 5)",houghCircle,0.5958333333333333,47129822.44166667,36803720.0
"(np.float64(1.0), 100, 140, 30, 10)",houghCircle,0.68125,53725236.8125,43348359.0
"(np.float64(1.0), 100, 140, 30, 15)",houghCircle,0.7979166666666667,41217477.702083334,33694768.0
"(np.float64(1.0), 100, 140, 35, 5)",houghCircle,0.6729166666666667,43835759.68333333,33722375.5
"(np.float64(1.0), 100, 140, 35, 10)",houghCircle,0.7020833333333333,43867236.33541667,33852319.0
"(np.float64(1.0), 100, 140, 35, 15)",houghCircle,0.7875,44707363.71458333,33405429.5
"(np.float64(1.0), 100, 140, 40, 5)",houghCircle,0.6,44348777.71666667,34866976.5
"(np.float64(1.0), 100, 140, 40, 10)",houghCircle,0.625,44322380.56666667,34115061.0
"(np.float64(1.0), 100, 140, 40, 15)",houghCircle,0.6791666666666667,44998956.55625,33974237.5
"(np.float64(1.0), 100, 140, 45, 5)",houghCircle,0.225,41034527.483333334,33303052.0
"(np.float64(1.0), 100, 140, 45, 10)",houghCircle,0.24375,48370572.06666667,37947672.0
"(np.float64(1.0), 100, 140, 45, 15)",houghCircle,0.2520833333333333,43829963.770833336,33026198.5
"(np.float64(1.0), 100, 150, 30, 5)",houghCircle,0.6166666666666667,45464910.516666666,34614749.5
"(np.float64(1.0), 100, 150, 30, 10)",houghCircle,0.6875,41407405.91458333,33581886.0
"(np.float64(1.0), 100, 150, 30, 15)",houghCircle,0.8,53848120.17916667,42711580.0
"(np.float64(1.0), 100, 150, 35, 5)",houghCircle,0.675,46474331.00208333,35576292.5
"(np.float64(1.0), 100, 150, 35, 10)",houghCircle,0.7020833333333333,46664502.6625,35524015.0
"(np.float64(1.0), 100, 150, 35, 15)",houghCircle,0.7875,42590151.93958333,32628902.5
"(np.float64(1.0), 100, 150, 40, 5)",houghCircle,0.5958333333333333,44384946.67916667,35154993.0
"(np.float64(1.0), 100, 150, 40, 10)",houghCircle,0.6208333333333333,42046901.014583334,33704466.0
"(np.float64(1.0), 100, 150, 40, 15)",houghCircle,0.675,47044863.29375,35294544.5
"(np.float64(1.0), 100, 150, 45, 5)",houghCircle,0.21875,45484181.89375,34111434.0
"(np.float64(1.0), 100, 150, 45, 10)",houghCircle,0.23541666666666666,45042314.24583333,34129789.0
"(np.float64(1.0), 100, 150, 45, 15)",houghCircle,0.24375,42282856.87916667,33127915.0
"(np.float64(1.0), 100, 160, 30, 5)",houghCircle,0.6229166666666667,43976660.5375,33469731.5
"(np.float64(1.0), 100, 160, 30, 10)",houghCircle,0.6916666666666667,43735016.525,34769714.5
"(np.float64(1.0), 100, 160, 30, 15)",houghCircle,0.80625,43960492.72291667,34121614.0
"(np.float64(1.0), 100, 160, 35, 5)",houghCircle,0.6770833333333334,41615716.78958333,33025252.0
"(np.float64(1.0), 100, 160, 35, 10)",houghCircle,0.70625,46158887.70625,34280622.0
"(np.float64(1.0), 100, 160, 35, 15)",houghCircle,0.7916666666666666,53066853.84166667,42393366.5
"(np.float64(1.0), 100, 160, 40, 5)",houghCircle,0.5958333333333333,47342997.0375,36860382.0
"(np.float64(1.0), 100, 160, 40, 10)",houghCircle,0.625,46760853.11666667,35803098.0
"(np.float64(1.0), 100, 160, 40, 15)",houghCircle,0.6770833333333334,47293145.17916667,35781548.5
"(np.float64(1.0), 100, 160, 45, 5)",houghCircle,0.2125,48631294.958333336,36825115.5
"(np.float64(1.0), 100, 160, 45, 10)",houghCircle,0.23125,47301631.37708333,34828600.5
"(np.float64(1.0), 100, 160, 45, 15)",houghCircle,0.2375,45765678.86875,34839911.5
"(np.float64(1.0), 100, 170, 30, 5)",houghCircle,0.6375,45443168.80416667,36180906.5
"(np.float64(1.0), 100, 170, 30, 10)",houghCircle,0.6979166666666666,44344383.56875,35376012.0
"(np.float64(1.0), 100, 170, 30, 15)",houghCircle,0.8041666666666667,49445580.775,35138867.0
"(np.float64(1.0), 100, 170, 35, 5)",houghCircle,0.6770833333333334,53476193.395833336,43198777.5
"(np.float64(1.0), 100, 170, 35, 10)",houghCircle,0.70625,49578709.385416664,37907536.0
"(np.float64(1.0), 100, 170, 35, 15)",houghCircle,0.7875,43254316.21666667,33642269.5
"(np.float64(1.0), 100, 170, 40, 5)",houghCircle,0.5895833333333333,44608740.31458333,34804941.0
"(np.float64(1.0), 100, 170, 40, 10)",houghCircle,0.6229166666666667,43104798.58958333,34083978.0
"(np.float64(1.0), 100, 170, 40, 15)",houghCircle,0.6729166666666667,47447753.12291667,35349201.0
"(np.float64(1.0), 100, 170, 45, 5)",houghCircle,0.2125,43012407.34791667,35092966.0
"(np.float64(1.0), 100, 170, 45, 10)",houghCircle,0.23125,45643731.260416664,35199852.5
"(np.float64(1.0), 100, 170, 45, 15)",houghCircle,0.2375,43704205.735416666,33062138.0
"(np.float64(1.0), 100, 180, 30, 5)",houghCircle,0.6395833333333333,45941239.52916667,34950168.5
"(np.float64(1.0), 100, 180, 30, 10)",houghCircle,0.7020833333333333,50191490.12708333,39511645.5
"(np.float64(1.0), 100, 180, 30, 15)",houghCircle,0.8,45300007.802083336,34174388.0
"(np.float64(1.0), 100, 180, 35, 5)",houghCircle,0.68125,44050760.454166666,34563147.5
"(np.float64(1.0), 100, 180, 35, 10)",houghCircle,0.70625,45887486.06458333,34915562.5
"(np.float64(1.0), 100, 180, 35, 15)",houghCircle,0.7854166666666667,41753184.59166667,33316327.5
"(np.float64(1.0), 100, 180, 40, 5)",houghCircle,0.59375,45602607.79375,34490621.0
"(np.float64(1.0), 100, 180, 40, 10)",houghCircle,0.6270833333333333,47864869.2125,34646779.0
"(np.float64(1.0), 100, 180, 40, 15)",houghCircle,0.6729166666666667,43157057.775,33518291.5
"(np.float64(1.0), 100, 180, 45, 5)",houghCircle,0.2125,43368656.89791667,34768722.5
"(np.float64(1.0), 100, 180, 45, 10)",houghCircle,0.23125,45511467.197916664,34647876.0
"(np.float64(1.0), 100, 180, 45, 15)",houghCircle,0.2375,47178073.91041667,34631580.0
"(np.float64(1.0), 100, 190, 30, 5)",houghCircle,0.6479166666666667,55631868.69375,44938371.0
"(np.float64(1.0), 100, 190, 30, 10)",houghCircle,0.6979166666666666,49414221.53125,35577415.0
"(np.float64(1.0), 100, 190, 30, 15)",houghCircle,0.7916666666666666,44713796.65208333,34421426.5
"(np.float64(1.0), 100, 190, 35, 5)",houghCircle,0.6729166666666667,42960935.520833336,34473373.5
"(np.float64(1.0), 100, 190, 35, 10)",houghCircle,0.6979166666666666,44257258.39375,33642254.5
"(np.float64(1.0), 100, 190, 35, 15)",houghCircle,0.7770833333333333,44923028.1625,34142869.5
"(np.float64(1.0), 100, 190, 40, 5)",houghCircle,0.5854166666666667,43417068.125,34251521.5
"(np.float64(1.0), 100, 190, 40, 10)",houghCircle,0.6229166666666667,46699348.829166666,34686519.0
"(np.float64(1.0), 100, 190, 40, 15)",houghCircle,0.6666666666666666,43139225.04375,33521488.0
"(np.float64(1.0), 100, 190, 45, 5)",houghCircle,0.2125,45102035.05625,35339249.0
"(np.float64(1.0), 100, 190, 45, 10)",houghCircle,0.23125,43865910.85,33975489.0
"(np.float64(1.0), 100, 190, 45, 15)",houghCircle,0.2375,53383120.875,41940477.0
"(np.float64(1.0), 100, 200, 30, 5)",houghCircle,0.65,43698109.75208333,33117035.0
"(np.float64(1.0), 100, 200, 30, 10)",houghCircle,0.6916666666666667,40964223.49375,33279709.5
"(np.float64(1.0), 100, 200, 30, 15)",houghCircle,0.7854166666666667,41986517.40208333,31220836.0
"(np.float64(1.0), 100, 200, 35, 5)",houghCircle,0.6708333333333333,43599167.75833333,33347893.0
"(np.float64(1.0), 100, 200, 35, 10)",houghCircle,0.7,43683803.44166667,32422090.5
"(np.float64(1.0), 100, 200, 35, 15)",houghCircle,0.775,40239437.6375,31959607.0
"(np.float64(1.0), 100, 200, 40, 5)",houghCircle,0.5854166666666667,44526732.94375,33197845.5
"(np.float64(1.0), 100, 200, 40, 10)",houghCircle,0.6229166666666667,44590353.18958333,33406091.0
"(np.float64(1.0), 100, 200, 40, 15)",houghCircle,0.6666666666666666,43817176.677083336,33273643.0
"(np.float64(1.0), 100, 200, 45, 5)",houghCircle,0.2125,43886825.860416666,33348939.0
"(np.float64(1.0), 100, 200, 45, 10)",houghCircle,0.23125,47702148.51875,34984778.0
"(np.float64(1.0), 100, 200, 45, 15)",houghCircle,0.2375,43680577.64791667,33057136.5
"(np.float64(1.0), 100, 210, 30, 5)",houghCircle,0.6479166666666667,46354179.99791667,34988835.0
"(np.float64(1.0), 100, 210, 30, 10)",houghCircle,0.6895833333333333,57274589.583333336,43297864.0
"(np.float64(1.0), 100, 210, 30, 15)",houghCircle,0.78125,44661424.61875,33831679.5
"(np.float64(1.0), 100, 210, 35, 5)",houghCircle,0.6729166666666667,44550290.68125,34739652.5
"(np.float64(1.0), 100, 210, 35, 10)",houghCircle,0.7020833333333333,43080010.91458333,34118413.0
"(np.float64(1.0), 100, 210, 35, 15)",houghCircle,0.775,47566557.295833334,33955978.0
"(np.float64(1.0), 100, 210, 40, 5)",houghCircle,0.5895833333333333,44647958.675,34249272.5
"(np.float64(1.0), 100, 210, 40, 10)",houghCircle,0.6208333333333333,44888336.09375,33330881.5
"(np.float64(1.0), 100, 210, 40, 15)",houghCircle,0.6666666666666666,41140136.18125,33046321.5
"(np.float64(1.0), 100, 210, 45, 5)",houghCircle,0.2125,46097571.485416666,33500202.5
"(np.float64(1.0), 100, 210, 45, 10)",houghCircle,0.23125,43392001.041666664,33913969.0
"(np.float64(1.0), 100, 210, 45, 15)",houghCircle,0.2375,40211982.41041667,32081636.5
"(np.float64(1.0), 100, 220, 30, 5)",houghCircle,0.65625,46294195.35625,34411117.5
"(np.float64(1.0), 100, 220, 30, 10)",houghCircle,0.6854166666666667,43650314.7375,32753176.0
"(np.float64(1.0), 100, 220, 30, 15)",houghCircle,0.7791666666666667,56936239.59583333,42561312.0
"(np.float64(1.0), 100, 220, 35, 5)",houghCircle,0.66875,45204358.90625,34079077.5
"(np.float64(1.0), 100, 220, 35, 10)",houghCircle,0.6958333333333333,43174253.447916664,33249962.5
"(np.float64(1.0), 100, 220, 35, 15)",houghCircle,0.7708333333333334,42645842.85,32970954.5
"(np.float64(1.0), 100, 220, 40, 5)",houghCircle,0.5895833333333333,41763896.697916664,33427667.5
"(np.float64(1.0), 100, 220, 40, 10)",houghCircle,0.6229166666666667,42301594.84375,33115125.0
"(np.float64(1.0), 100, 220, 40, 15)",houghCircle,0.6666666666666666,44644867.03125,32857392.0
"(np.float64(1.0), 100, 220, 45, 5)",houghCircle,0.2125,48529760.5,34080772.5
"(np.float64(1.0), 100, 220, 45, 10)",houghCircle,0.23125,44749239.208333336,33995432.0
"(np.float64(1.0), 100, 220, 45, 15)",houghCircle,0.2375,48042205.91875,33595411.0
"(np.float64(1.0), 100, 230, 30, 5)",houghCircle,0.65625,55514306.31666667,42842344.0
"(np.float64(1.0), 100, 230, 30, 10)",houghCircle,0.6833333333333333,46297489.739583336,33704446.0
"(np.float64(1.0), 100, 230, 30, 15)",houghCircle,0.7770833333333333,42258056.83958333,31901263.0
"(np.float64(1.0), 100, 230, 35, 5)",houghCircle,0.6729166666666667,47545879.50416667,33817229.0
"(np.float64(1.0), 100, 230, 35, 10)",houghCircle,0.7,41931433.141666666,32528761.0
"(np.float64(1.0), 100, 230, 35, 15)",houghCircle,0.7708333333333334,41497452.40208333,32072459.5
"(np.float64(1.0), 100, 230, 40, 5)",houghCircle,0.5895833333333333,40565696.4625,32837439.5
"(np.float64(1.0), 100, 230, 40, 10)",houghCircle,0.6229166666666667,39924100.47083333,32491764.0
"(np.float64(1.0), 100, 230, 40, 15)",houghCircle,0.6666666666666666,43453967.16875,33312815.5
"(np.float64(1.0), 100, 230, 45, 5)",houghCircle,0.2125,44333148.62916667,33704346.0
"(np.float64(1.0), 100, 230, 45, 10)",houghCircle,0.23125,46224677.13333333,33922500.0
"(np.float64(1.0), 100, 230, 45, 15)",houghCircle,0.2375,42174717.239583336,32202092.5
"(np.float64(1.0), 100, 240, 30, 5)",houghCircle,0.65625,54284555.78958333,44165632.5
"(np.float64(1.0), 100, 240, 30, 10)",houghCircle,0.6854166666666667,44864080.58541667,33695003.0
"(np.float64(1.0), 100, 240, 30, 15)",houghCircle,0.7770833333333333,45103511.358333334,32811595.5
"(np.float64(1.0), 100, 240, 35, 5)",houghCircle,0.6770833333333334,44929468.83958333,33112956.0
"(np.float64(1.0), 100, 240, 35, 10)",houghCircle,0.7041666666666667,42121722.74166667,33435255.5
"(np.float64(1.0), 100, 240, 35, 15)",houghCircle,0.7708333333333334,44139598.37916667,34189275.5
"(np.float64(1.0), 100, 240, 40, 5)",houghCircle,0.5916666666666667,44420069.58125,33692784.0
"(np.float64(1.0), 100, 240, 40, 10)",houghCircle,0.6270833333333333,41798204.075,31535277.0
"(np.float64(1.0), 100, 240, 40, 15)",houghCircle,0.66875,43343226.73125,32443516.0
"(np.float64(1.0), 100, 240, 45, 5)",houghCircle,0.2125,43234463.983333334,33262908.5
"(np.float64(1.0), 100, 240, 45, 10)",houghCircle,0.23125,43614555.427083336,33245063.0
"(np.float64(1.0), 100, 240, 45, 15)",houghCircle,0.2375,43306119.78125,32780418.0
"(np.float64(1.0), 100, 250, 30, 5)",houghCircle,0.6604166666666667,43280819.325,35097554.5
"(np.float64(1.0), 100, 250, 30, 10)",houghCircle,0.69375,42366416.08958333,32820617.5
"(np.float64(1.0), 100, 250, 30, 15)",houghCircle,0.7770833333333333,55788594.94583333,41562318.0
"(np.float64(1.0), 100, 250, 35, 5)",houghCircle,0.6791666666666667,45171544.61666667,33783829.5
"(np.float64(1.0), 100, 250, 35, 10)",houghCircle,0.7041666666666667,44965536.82083333,32407493.5
"(np.float64(1.0), 100, 250, 35, 15)",houghCircle,0.7708333333333334,40321365.1125,32283044.5
"(np.float64(1.0), 100, 250, 40, 5)",houghCircle,0.5916666666666667,43539859.77708333,32836163.0
"(np.float64(1.0), 100, 250, 40, 10)",houghCircle,0.6270833333333333,45883477.46041667,33419029.5
"(np.float64(1.0), 100, 250, 40, 15)",houghCircle,0.66875,43517867.30416667,32439529.0
"(np.float64(1.0), 100, 250, 45, 5)",houghCircle,0.2125,43790257.829166666,33031252.0
"(np.float64(1.0), 100, 250, 45, 10)",houghCircle,0.23125,45987275.93541667,34162300.5
"(np.float64(1.0), 100, 250, 45, 15)",houghCircle,0.2375,42149130.37916667,32711128.5
"(np.float64(1.0), 100, 260, 30, 5)",houghCircle,0.6666666666666666,46114558.8625,34216747.0
"(np.float64(1.0), 100, 260, 30, 10)",houghCircle,0.6979166666666666,41084256.40833333,33148678.5
"(np.float64(1.0), 100, 260, 30, 15)",houghCircle,0.78125,41661428.69166667,33082228.5
"(np.float64(1.0), 100, 260, 35, 5)",houghCircle,0.6791666666666667,55466297.12708333,42492267.0
"(np.float64(1.0), 100, 260, 35, 10)",houghCircle,0.70625,43570683.09166667,32591213.0
"(np.float64(1.0), 100, 260, 35, 15)",houghCircle,0.7708333333333334,40662300.69583333,31566855.5
"(np.float64(1.0), 100, 260, 40, 5)",houghCircle,0.5916666666666667,43822604.97291667,32715119.5
"(np.float64(1.0), 100, 260, 40, 10)",houghCircle,0.625,42328073.145833336,32304174.0
"(np.float64(1.0), 100, 260, 40, 15)",houghCircle,0.6666666666666666,45270952.135416664,32274818.0
"(np.float64(1.0), 100, 260, 45, 5)",houghCircle,0.2125,44143798.925,33889412.0
"(np.float64(1.0), 100, 260, 45, 10)",houghCircle,0.23125,42833633.677083336,32136119.0
"(np.float64(1.0), 100, 260, 45, 15)",houghCircle,0.2375,44040181.06458333,33289528.5
"(np.float64(1.0), 100, 270, 30, 5)",houghCircle,0.675,44744137.958333336,33249451.5
"(np.float64(1.0), 100, 270, 30, 10)",houghCircle,0.7,54890159.27708333,42719784.5
"(np.float64(1.0), 100, 270, 30, 15)",houghCircle,0.78125,39033193.33958333,31305665.0
"(np.float64(1.0), 100, 270, 35, 5)",houghCircle,0.6791666666666667,41368632.145833336,32878146.5
"(np.float64(1.0), 100, 270, 35, 10)",houghCircle,0.7104166666666667,42653226.27708333,31688734.0
"(np.float64(1.0), 100, 270, 35, 15)",houghCircle,0.775,43686826.4625,31507530.0
"(np.float64(1.0), 100, 270, 40, 5)",houghCircle,0.5916666666666667,43213061.49791667,32331870.0
"(np.float64(1.0), 100, 270, 40, 10)",houghCircle,0.6270833333333333,42903614.983333334,31759926.5
"(np.float64(1.0), 100, 270, 40, 15)",houghCircle,0.6666666666666666,40850031.66875,30790719.5
"(np.float64(1.0), 100, 270, 45, 5)",houghCircle,0.2125,42541909.55625,31902897.5
"(np.float64(1.0), 100, 270, 45, 10)",houghCircle,0.23125,43264605.80625,31930634.5
"(np.float64(1.0), 100, 270, 45, 15)",houghCircle,0.2375,40406721.2875,30576117.0
"(np.float64(1.0), 100, 280, 30, 5)",houghCircle,0.6791666666666667,42206232.577083334,31560865.0
"(np.float64(1.0), 100, 280, 30, 10)",houghCircle,0.7,50679786.975,40228827.0
"(np.float64(1.0), 100, 280, 30, 15)",houghCircle,0.7833333333333333,38098252.63333333,30035638.5
"(np.float64(1.0), 100, 280, 35, 5)",houghCircle,0.6791666666666667,40650731.28333333,30280392.5
"(np.float64(1.0), 100, 280, 35, 10)",houghCircle,0.7125,41860497.483333334,31446119.5
"(np.float64(1.0), 100, 280, 35, 15)",houghCircle,0.775,42728599.6,31909078.0
"(np.float64(1.0), 100, 280, 40, 5)",houghCircle,0.5916666666666667,41471357.610416666,32169235.5
"(np.float64(1.0), 100, 280, 40, 10)",houghCircle,0.6291666666666667,39609095.00625,30797447.5
"(np.float64(1.0), 100, 280, 40, 15)",houghCircle,0.6666666666666666,37750977.44583333,30040432.5
"(np.float64(1.0), 100, 280, 45, 5)",houghCircle,0.2125,41703280.454166666,31792420.0
"(np.float64(1.0), 100, 280, 45, 10)",houghCircle,0.23125,40779610.514583334,31554442.0
"(np.float64(1.0), 100, 280, 45, 15)",houghCircle,0.2375,40482921.079166666,30609400.5
"(np.float64(1.0), 100, 290, 30, 5)",houghCircle,0.6791666666666667,41942916.87708333,31472790.0
"(np.float64(1.0), 100, 290, 30, 10)",houghCircle,0.7083333333333334,53658872.166666664,41328569.0
"(np.float64(1.0), 100, 290, 30, 15)",houghCircle,0.7854166666666667,40539973.452083334,30382554.5
"(np.float64(1.0), 100, 290, 35, 5)",houghCircle,0.6833333333333333,41940628.325,31079156.0
"(np.float64(1.0), 100, 290, 35, 10)",houghCircle,0.7145833333333333,40308307.729166664,31661844.0
"(np.float64(1.0), 100, 290, 35, 15)",houghCircle,0.7791666666666667,37068809.72291667,29423765.0
"(np.float64(1.0), 100, 290, 40, 5)",houghCircle,0.5916666666666667,40991523.08541667,31582034.0
"(np.float64(1.0), 100, 290, 40, 10)",houghCircle,0.6291666666666667,41467496.21041667,31589934.5
"(np.float64(1.0), 100, 290, 40, 15)",houghCircle,0.6666666666666666,42832272.947916664,31530787.5
"(np.float64(1.0), 100, 290, 45, 5)",houghCircle,0.21458333333333332,40415451.014583334,32320495.0
"(np.float64(1.0), 100, 290, 45, 10)",houghCircle,0.23125,40421819.45625,30690777.0
"(np.float64(1.0), 100, 290, 45, 15)",houghCircle,0.2375,38895408.47083333,30404160.0
"(np.float64(1.0), 110, 100, 30, 5)",houghCircle,0.4875,48746548.65,37841858.5
"(np.float64(1.0), 110, 100, 30, 10)",houghCircle,0.6354166666666666,46447795.43541667,37513412.0
"(np.float64(1.0), 110, 100, 30, 15)",houghCircle,0.7833333333333333,45279408.47291667,37038847.0
"(np.float64(1.0), 110, 100, 35, 5)",houghCircle,0.6729166666666667,47972541.06041667,38320100.0
"(np.float64(1.0), 110, 100, 35, 10)",houghCircle,0.7104166666666667,53723777.75833333,44009118.0
"(np.float64(1.0), 110, 100, 35, 15)",houghCircle,0.7979166666666667,47270085.65625,36641249.0
"(np.float64(1.0), 110, 100, 40, 5)",houghCircle,0.61875,45854879.19166667,37793281.5
"(np.float64(1.0), 110, 100, 40, 10)",houghCircle,0.6666666666666666,47447586.15625,37656741.0
"(np.float64(1.0), 110, 100, 40, 15)",houghCircle,0.7208333333333333,45474782.983333334,35647967.5
"(np.float64(1.0), 110, 100, 45, 5)",houghCircle,0.35833333333333334,45287375.822916664,37121176.5
"(np.float64(1.0), 110, 100, 45, 10)",houghCircle,0.37916666666666665,45357637.63125,36058728.0
"(np.float64(1.0), 110, 100, 45, 15)",houghCircle,0.3958333333333333,46396933.58958333,36227387.0
"(np.float64(1.0), 110, 110, 30, 5)",houghCircle,0.5208333333333334,48885394.65,36522426.0
"(np.float64(1.0), 110, 110, 30, 10)",houghCircle,0.6479166666666667,46997404.07083333,36335470.5
"(np.float64(1.0), 110, 110, 30, 15)",houghCircle,0.7895833333333333,51217693.045833334,43037690.5
"(np.float64(1.0), 110, 110, 35, 5)",houghCircle,0.6729166666666667,45828780.875,36285128.0
"(np.float64(1.0), 110, 110, 35, 10)",houghCircle,0.7125,44082526.5375,36402157.5
"(np.float64(1.0), 110, 110, 35, 15)",houghCircle,0.8,43946783.579166666,36371063.5
"(np.float64(1.0), 110, 110, 40, 5)",houghCircle,0.59375,44429916.979166664,36957835.0
"(np.float64(1.0), 110, 110, 40, 10)",houghCircle,0.63125,46877966.74583333,36976945.0
"(np.float64(1.0), 110, 110, 40, 15)",houghCircle,0.6854166666666667,43592218.7375,35592870.5
"(np.float64(1.0), 110, 110, 45, 5)",houghCircle,0.29583333333333334,47827676.354166664,37485995.5
"(np.float64(1.0), 110, 110, 45, 10)",houghCircle,0.31875,45434187.30833333,37084762.0
"(np.float64(1.0), 110, 110, 45, 15)",houghCircle,0.33541666666666664,42623730.485416666,35575887.5
"(np.float64(1.0), 110, 120, 30, 5)",houghCircle,0.5625,58526879.62708333,47173295.0
"(np.float64(1.0), 110, 120, 30, 10)",houghCircle,0.6666666666666666,43565712.25625,36122031.5
"(np.float64(1.0), 110, 120, 30, 15)",houghCircle,0.7958333333333333,44844672.2125,34224447.0
"(np.float64(1.0), 110, 120, 35, 5)",houghCircle,0.6770833333333334,43247205.389583334,35112979.0
"(np.float64(1.0), 110, 120, 35, 10)",houghCircle,0.7104166666666667,41282522.825,33900012.5
"(np.float64(1.0), 110, 120, 35, 15)",houghCircle,0.79375,42023331.66041667,34356184.5
"(np.float64(1.0), 110, 120, 40, 5)",houghCircle,0.6020833333333333,46893594.24375,36748521.5
"(np.float64(1.0), 110, 120, 40, 10)",houghCircle,0.6291666666666667,44847026.4875,36214128.5
"(np.float64(1.0), 110, 120, 40, 15)",houghCircle,0.6833333333333333,44004917.170833334,34598007.0
"(np.float64(1.0), 110, 120, 45, 5)",houghCircle,0.26666666666666666,46027684.81041667,36497366.5
"(np.float64(1.0), 110, 120, 45, 10)",houghCircle,0.2875,42987565.36875,35416713.5
"(np.float64(1.0), 110, 120, 45, 15)",houghCircle,0.30416666666666664,45934731.44375,34942994.5
"(np.float64(1.0), 110, 130, 30, 5)",houghCircle,0.58125,45739356.97708333,36061423.5
"(np.float64(1.0), 110, 130, 30, 10)",houghCircle,0.6708333333333333,42394238.7625,34730947.5
"(np.float64(1.0), 110, 130, 30, 15)",houghCircle,0.8041666666666667,57808841.020833336,45079481.0
"(np.float64(1.0), 110, 130, 35, 5)",houghCircle,0.6729166666666667,44498830.422916666,34779072.5
"(np.float64(1.0), 110, 130, 35, 10)",houghCircle,0.70625,45825965.49583333,34219031.0
"(np.float64(1.0), 110, 130, 35, 15)",houghCircle,0.7916666666666666,43188697.18125,32870641.0
"(np.float64(1.0), 110, 130, 40, 5)",houghCircle,0.5958333333333333,43199832.2125,34731137.0
"(np.float64(1.0), 110, 130, 40, 10)",houghCircle,0.6229166666666667,45217281.94375,35202858.0
"(np.float64(1.0), 110, 130, 40, 15)",houghCircle,0.6770833333333334,40351403.1875,33233448.5
"(np.float64(1.0), 110, 130, 45, 5)",houghCircle,0.23333333333333334,43431032.75625,35584268.0
"(np.float64(1.0), 110, 130, 45, 10)",houghCircle,0.25,44460007.3375,34253992.5
"(np.float64(1.0), 110, 130, 45, 15)",houghCircle,0.2625,47181215.93333333,34762235.0
"(np.float64(1.0), 110, 140, 30, 5)",houghCircle,0.5958333333333333,43421074.2375,34427122.5
"(np.float64(1.0), 110, 140, 30, 10)",houghCircle,0.6833333333333333,57683480.614583336,44658607.0
"(np.float64(1.0), 110, 140, 30, 15)",houghCircle,0.7979166666666667,42888150.2,33175798.5
"(np.float64(1.0), 110, 140, 35, 5)",houghCircle,0.675,46648865.55,36002136.5
"(np.float64(1.0), 110, 140, 35, 10)",houghCircle,0.7041666666666667,39772511.25,33361433.0
"(np.float64(1.0), 110, 140, 35, 15)",houghCircle,0.7875,46424032.11666667,34067457.5
"(np.float64(1.0), 110, 140, 40, 5)",houghCircle,0.6020833333333333,44929772.62708333,34276518.5
"(np.float64(1.0), 110, 140, 40, 10)",houghCircle,0.625,44483404.56875,34368836.5
"(np.float64(1.0), 110, 140, 40, 15)",houghCircle,0.6791666666666667,42320948.04375,32687528.5
"(np.float64(1.0), 110, 140, 45, 5)",houghCircle,0.225,42651943.797916666,33910887.5
"(np.float64(1.0), 110, 140, 45, 10)",houghCircle,0.24375,48486255.06875,36681279.5
"(np.float64(1.0), 110, 140, 45, 15)",houghCircle,0.2520833333333333,43785207.33958333,33687134.0
"(np.float64(1.0), 110, 150, 30, 5)",houghCircle,0.6166666666666667,43863706.520833336,34247485.0
"(np.float64(1.0), 110, 150, 30, 10)",houghCircle,0.6895833333333333,46239180.166666664,33947681.5
"(np.float64(1.0), 110, 150, 30, 15)",houghCircle,0.8,41002776.3375,31969957.5
"(np.float64(1.0), 110, 150, 35, 5)",houghCircle,0.6770833333333334,54627407.91041667,43414382.0
"(np.float64(1.0), 110, 150, 35, 10)",houghCircle,0.7041666666666667,43569203.827083334,33917226.5
"(np.float64(1.0), 110, 150, 35, 15)",houghCircle,0.7875,42461156.12291667,33504421.5
"(np.float64(1.0), 110, 150, 40, 5)",houghCircle,0.5979166666666667,45396162.94583333,34383314.5
"(np.float64(1.0), 110, 150, 40, 10)",houghCircle,0.6208333333333333,43121334.7375,33281661.5
"(np.float64(1.0), 110, 150, 40, 15)",houghCircle,0.675,45559949.354166664,34467166.5
"(np.float64(1.0), 110, 150, 45, 5)",houghCircle,0.21875,45181035.78541667,34703225.0
"(np.float64(1.0), 110, 150, 45, 10)",houghCircle,0.23541666666666666,42686101.64791667,33505077.0
"(np.float64(1.0), 110, 150, 45, 15)",houghCircle,0.24375,43323031.38125,33666915.0
"(np.float64(1.0), 110, 160, 30, 5)",houghCircle,0.6229166666666667,44723435.31666667,35018361.0
"(np.float64(1.0), 110, 160, 30, 10)",houghCircle,0.69375,43344436.96875,33650975.5
"(np.float64(1.0), 110, 160, 30, 15)",houghCircle,0.80625,54998993.24791667,43363773.0
"(np.float64(1.0), 110, 160, 35, 5)",houghCircle,0.6791666666666667,41112886.4875,33399549.5
"(np.float64(1.0), 110, 160, 35, 10)",houghCircle,0.7083333333333334,43900753.72708333,33793272.0
"(np.float64(1.0), 110, 160, 35, 15)",houghCircle,0.7916666666666666,42432069.2125,33473863.5
"(np.float64(1.0), 110, 160, 40, 5)",houghCircle,0.5979166666666667,42142303.139583334,33820579.0
"(np.float64(1.0), 110, 160, 40, 10)",houghCircle,0.625,41250711.23125,32282269.0
"(np.float64(1.0), 110, 160, 40, 15)",houghCircle,0.6770833333333334,44431682.170833334,33777668.0
"(np.float64(1.0), 110, 160, 45, 5)",houghCircle,0.2125,42385257.0125,33014096.0
"(np.float64(1.0), 110, 160, 45, 10)",houghCircle,0.23125,41869630.22291667,32641817.5
"(np.float64(1.0), 110, 160, 45, 15)",houghCircle,0.2375,43400868.2625,33685585.5
"(np.float64(1.0), 110, 170, 30, 5)",houghCircle,0.6375,42484816.93958333,33323471.0
"(np.float64(1.0), 110, 170, 30, 10)",houghCircle,0.7,44730087.10208333,33276382.5
"(np.float64(1.0), 110, 170, 30, 15)",houghCircle,0.8041666666666667,38601643.44166667,32052658.0
"(np.float64(1.0), 110, 170, 35, 5)",houghCircle,0.6791666666666667,56657936.7875,44414373.5
"(np.float64(1.0), 110, 170, 35, 10)",houghCircle,0.70625,44194794.05416667,34154595.5
"(np.float64(1.0), 110, 170, 35, 15)",houghCircle,0.7875,43975868.99583333,33017497.0
"(np.float64(1.0), 110, 170, 40, 5)",houghCircle,0.5916666666666667,42630362.96041667,34071365.0
"(np.float64(1.0), 110, 170, 40, 10)",houghCircle,0.6229166666666667,44331732.766666666,34529429.5
"(np.float64(1.0), 110, 170, 40, 15)",houghCircle,0.6729166666666667,44291401.175,33042424.0
"(np.float64(1.0), 110, 170, 45, 5)",houghCircle,0.2125,41504781.416666664,32529336.0
"(np.float64(1.0), 110, 170, 45, 10)",houghCircle,0.23125,43890010.764583334,33263183.5
"(np.float64(1.0), 110, 170, 45, 15)",houghCircle,0.2375,40820755.74375,32523216.0
"(np.float64(1.0), 110, 180, 30, 5)",houghCircle,0.6395833333333333,46938496.202083334,34700550.0
"(np.float64(1.0), 110, 180, 30, 10)",houghCircle,0.7041666666666667,43273628.702083334,34177989.5
"(np.float64(1.0), 110, 180, 30, 15)",houghCircle,0.8,54239121.24375,42698138.0
"(np.float64(1.0), 110, 180, 35, 5)",houghCircle,0.6833333333333333,45184666.579166666,34005255.5
"(np.float64(1.0), 110, 180, 35, 10)",houghCircle,0.70625,40815340.18541667,32645429.0
"(np.float64(1.0), 110, 180, 35, 15)",houghCircle,0.7854166666666667,41714852.17916667,31863602.0
"(np.float64(1.0), 110, 180, 40, 5)",houghCircle,0.59375,44536653.9375,33353412.0
"(np.float64(1.0), 110, 180, 40, 10)",houghCircle,0.6270833333333333,43305213.58125,32501359.5
"(np.float64(1.0), 110, 180, 40, 15)",houghCircle,0.6729166666666667,41835613.09375,31858387.5
"(np.float64(1.0), 110, 180, 45, 5)",houghCircle,0.2125,41373638.14375,33216235.5
"(np.float64(1.0), 110, 180, 45, 10)",houghCircle,0.23125,41150674.93333333,32666884.5
"(np.float64(1.0), 110, 180, 45, 15)",houghCircle,0.2375,42827019.395833336,32240103.0
"(np.float64(1.0), 110, 190, 30, 5)",houghCircle,0.6479166666666667,41337989.42916667,31504935.0
"(np.float64(1.0), 110, 190, 30, 10)",houghCircle,0.6979166666666666,41006747.64791667,32076677.0
"(np.float64(1.0), 110, 190, 30, 15)",houghCircle,0.7916666666666666,43063932.94583333,31646810.0
"(np.float64(1.0), 110, 190, 35, 5)",houghCircle,0.6729166666666667,55840870.604166664,42953547.5
"(np.float64(1.0), 110, 190, 35, 10)",houghCircle,0.6979166666666666,43330339.48125,32707224.0
"(np.float64(1.0), 110, 190, 35, 15)",houghCircle,0.7770833333333333,44556714.489583336,31216383.5
"(np.float64(1.0), 110, 190, 40, 5)",houghCircle,0.5854166666666667,43837261.4375,33348037.5
"(np.float64(1.0), 110, 190, 40, 10)",houghCircle,0.6229166666666667,42523501.88333333,32358496.0
"(np.float64(1.0), 110, 190, 40, 15)",houghCircle,0.6666666666666666,42850773.325,31555003.0
"(np.float64(1.0), 110, 190, 45, 5)",houghCircle,0.2125,40883082.389583334,31877219.0
"(np.float64(1.0), 110, 190, 45, 10)",houghCircle,0.23125,41235349.0125,32287022.5
"(np.float64(1.0), 110, 190, 45, 15)",houghCircle,0.2375,41225372.30416667,30975751.5
"(np.float64(1.0), 110, 200, 30, 5)",houghCircle,0.65,43253624.78125,33412864.0
"(np.float64(1.0), 110, 200, 30, 10)",houghCircle,0.6916666666666667,41379517.010416664,31431177.0
"(np.float64(1.0), 110, 200, 30, 15)",houghCircle,0.7854166666666667,41279405.78958333,30575937.0
"(np.float64(1.0), 110, 200, 35, 5)",houghCircle,0.6708333333333333,42345949.0875,33015693.0
"(np.float64(1.0), 110, 200, 35, 10)",houghCircle,0.7,53028629.33125,42015367.5
"(np.float64(1.0), 110, 200, 35, 15)",houghCircle,0.775,40901863.975,31179579.0
"(np.float64(1.0), 110, 200, 40, 5)",houghCircle,0.5854166666666667,42507546.62291667,32742190.5
"(np.float64(1.0), 110, 200, 40, 10)",houghCircle,0.6229166666666667,40848288.645833336,31596201.0
"(np.float64(1.0), 110, 200, 40, 15)",houghCircle,0.6666666666666666,39190613.354166664,29945539.0
"(np.float64(1.0), 110, 200, 45, 5)",houghCircle,0.2125,44452533.37708333,32633437.5
"(np.float64(1.0), 110, 200, 45, 10)",houghCircle,0.23125,41802110.829166666,32594749.5
"(np.float64(1.0), 110, 200, 45, 15)",houghCircle,0.2375,43749686.87291667,31814225.5
"(np.float64(1.0), 110, 210, 30, 5)",houghCircle,0.6479166666666667,42168449.41875,32459260.0
"(np.float64(1.0), 110, 210, 30, 10)",houghCircle,0.6895833333333333,41954272.38333333,31732496.5
"(np.float64(1.0), 110, 210, 30, 15)",houghCircle,0.78125,38600884.125,30037221.0
"(np.float64(1.0), 110, 210, 35, 5)",houghCircle,0.6729166666666667,55256920.73125,41726055.0
"(np.float64(1.0), 110, 210, 35, 10)",houghCircle,0.7020833333333333,42421311.75833333,32451390.5
"(np.float64(1.0), 110, 210, 35, 15)",houghCircle,0.775,43063445.67916667,31336518.0
"(np.float64(1.0), 110, 210, 40, 5)",houghCircle,0.5895833333333333,40916453.520833336,32345787.0
"(np.float64(1.0), 110, 210, 40, 10)",houghCircle,0.6208333333333333,42293794.40208333,31776857.5
"(np.float64(1.0), 110, 210, 40, 15)",houghCircle,0.6666666666666666,40160595.22291667,31154522.0
"(np.float64(1.0), 110, 210, 45, 5)",houghCircle,0.2125,44480998.53541667,32759603.0
"(np.float64(1.0), 110, 210, 45, 10)",houghCircle,0.23125,42387523.202083334,30863972.0
"(np.float64(1.0), 110, 210, 45, 15)",houghCircle,0.2375,40375220.31666667,31019684.5
"(np.float64(1.0), 110, 220, 30, 5)",houghCircle,0.65625,43614559.68125,33048445.5
"(np.float64(1.0), 110, 220, 30, 10)",houghCircle,0.6854166666666667,40851342.770833336,31268280.5
"(np.float64(1.0), 110, 220, 30, 15)",houghCircle,0.7791666666666667,43996922.23125,31521230.0
"(np.float64(1.0), 110, 220, 35, 5)",houghCircle,0.66875,45473763.05,32543944.5
"(np.float64(1.0), 110, 220, 35, 10)",houghCircle,0.6958333333333333,48055859.2375,38610931.0
"(np.float64(1.0), 110, 220, 35, 15)",houghCircle,0.7708333333333334,38031645.0125,31495211.5
"(np.float64(1.0), 110, 220, 40, 5)",houghCircle,0.5895833333333333,44446018.7625,33124147.5
"(np.float64(1.0), 110, 220, 40, 10)",houghCircle,0.6229166666666667,39926452.63333333,31433130.0
"(np.float64(1.0), 110, 220, 40, 15)",houghCircle,0.6666666666666666,39971500.108333334,30480773.0
"(np.float64(1.0), 110, 220, 45, 5)",houghCircle,0.2125,41809721.28541667,31999392.5
"(np.float64(1.0), 110, 220, 45, 10)",houghCircle,0.23125,39833213.06875,30906117.5
"(np.float64(1.0), 110, 220, 45, 15)",houghCircle,0.2375,43425225.21041667,30547554.0
"(np.float64(1.0), 110, 230, 30, 5)",houghCircle,0.65625,44351309.38125,32873151.0
"(np.float64(1.0), 110, 230, 30, 10)",houghCircle,0.6833333333333333,41974841.62083333,31392782.5
"(np.float64(1.0), 110, 230, 30, 15)",houghCircle,0.7770833333333333,41243200.49375,31436967.5
"(np.float64(1.0), 110, 230, 35, 5)",houghCircle,0.6729166666666667,53111010.30833333,42261915.5
"(np.float64(1.0), 110, 230, 35, 10)",houghCircle,0.7,40182651.55416667,30731088.0
"(np.float64(1.0), 110, 230, 35, 15)",houghCircle,0.7708333333333334,39416588.7,30294348.5
"(np.float64(1.0), 110, 230, 40, 5)",houghCircle,0.5895833333333333,42053777.75208333,31902014.0
"(np.float64(1.0), 110, 230, 40, 10)",houghCircle,0.6229166666666667,41554789.166666664,31243534.5
"(np.float64(1.0), 110, 230, 40, 15)",houghCircle,0.6666666666666666,41176522.947916664,31114687.5
"(np.float64(1.0), 110, 230, 45, 5)",houghCircle,0.2125,40879271.295833334,31979730.5
"(np.float64(1.0), 110, 230, 45, 10)",houghCircle,0.23125,42831527.014583334,32274664.5
"(np.float64(1.0), 110, 230, 45, 15)",houghCircle,0.2375,43737040.00833333,32132923.5
"(np.float64(1.0), 110, 240, 30, 5)",houghCircle,0.65625,43319164.88125,33131480.0
"(np.float64(1.0), 110, 240, 30, 10)",houghCircle,0.6854166666666667,41978262.40416667,32453324.0
"(np.float64(1.0), 110, 240, 30, 15)",houghCircle,0.7770833333333333,39330405.53958333,31515569.5
"(np.float64(1.0), 110, 240, 35, 5)",houghCircle,0.6770833333333334,41483299.43125,32110946.0
"(np.float64(1.0), 110, 240, 35, 10)",houghCircle,0.7041666666666667,50272685.83541667,38913788.5
"(np.float64(1.0), 110, 240, 35, 15)",houghCircle,0.7708333333333334,40226839.354166664,30233248.0
"(np.float64(1.0), 110, 240, 40, 5)",houghCircle,0.5916666666666667,41525745.84375,31808765.0
"(np.float64(1.0), 110, 240, 40, 10)",houghCircle,0.6270833333333333,40163318.958333336,30895971.5
"(np.float64(1.0), 110, 240, 40, 15)",houghCircle,0.66875,40551444.22708333,30359561.0
"(np.float64(1.0), 110, 240, 45, 5)",houghCircle,0.2125,43391871.55625,31988498.0
"(np.float64(1.0), 110, 240, 45, 10)",houghCircle,0.23125,41661893.14791667,31381553.5
"(np.float64(1.0), 110, 240, 45, 15)",houghCircle,0.2375,39917641.34166667,30902169.5
"(np.float64(1.0), 110, 250, 30, 5)",houghCircle,0.6604166666666667,43702442.827083334,32042631.0
"(np.float64(1.0), 110, 250, 30, 10)",houghCircle,0.69375,39904576.99583333,31114512.5
"(np.float64(1.0), 110, 250, 30, 15)",houghCircle,0.7770833333333333,40509421.93958333,31042988.0
"(np.float64(1.0), 110, 250, 35, 5)",houghCircle,0.6791666666666667,41725720.0625,31481966.5
"(np.float64(1.0), 110, 250, 35, 10)",houghCircle,0.7041666666666667,54720699.03541667,42133860.0
"(np.float64(1.0), 110, 250, 35, 15)",houghCircle,0.7708333333333334,41917622.8625,30729704.5
"(np.float64(1.0), 110, 250, 40, 5)",houghCircle,0.5916666666666667,41420613.025,31855653.5
"(np.float64(1.0), 110, 250, 40, 10)",houghCircle,0.6270833333333333,43473321.24583333,32186352.5
"(np.float64(1.0), 110, 250, 40, 15)",houghCircle,0.66875,38626417.7125,30764636.0
"(np.float64(1.0), 110, 250, 45, 5)",houghCircle,0.2125,42801028.572916664,31521896.5
"(np.float64(1.0), 110, 250, 45, 10)",houghCircle,0.23125,42395720.09791667,31566921.0
"(np.float64(1.0), 110, 250, 45, 15)",houghCircle,0.2375,41634649.3,30527795.0
"(np.float64(1.0), 110, 260, 30, 5)",houghCircle,0.6666666666666666,41824019.947916664,31869768.0
"(np.float64(1.0), 110, 260, 30, 10)",houghCircle,0.6979166666666666,39092964.12291667,30465952.0
"(np.float64(1.0), 110, 260, 30, 15)",houghCircle,0.78125,38719360.55,30276901.0
"(np.float64(1.0), 110, 260, 35, 5)",houghCircle,0.6791666666666667,51713203.645833336,40953792.0
"(np.float64(1.0), 110, 260, 35, 10)",houghCircle,0.70625,41830534.583333336,31907931.0
"(np.float64(1.0), 110, 260, 35, 15)",houghCircle,0.7708333333333334,40328482.170833334,30295840.5
"(np.float64(1.0), 110, 260, 40, 5)",houghCircle,0.5916666666666667,40406034.354166664,31975898.5
"(np.float64(1.0), 110, 260, 40, 10)",houghCircle,0.625,40776223.079166666,31340191.0
"(np.float64(1.0), 110, 260, 40, 15)",houghCircle,0.6666666666666666,39536534.31875,30591846.5
"(np.float64(1.0), 110, 260, 45, 5)",houghCircle,0.2125,41207745.35208333,31460782.5
"(np.float64(1.0), 110, 260, 45, 10)",houghCircle,0.23125,41880064.02708333,31562853.0
"(np.float64(1.0), 110, 260, 45, 15)",houghCircle,0.2375,41440787.333333336,30630880.0
"(np.float64(1.0), 110, 270, 30, 5)",houghCircle,0.675,43562762.427083336,31460956.5
"(np.float64(1.0), 110, 270, 30, 10)",houghCircle,0.7,39625884.68125,31212140.0
"(np.float64(1.0), 110, 270, 30, 15)",houghCircle,0.78125,40357576.56666667,31032678.0
"(np.float64(1.0), 110, 270, 35, 5)",houghCircle,0.6791666666666667,41703641.26875,31319928.5
"(np.float64(1.0), 110, 270, 35, 10)",houghCircle,0.7104166666666667,49683921.15625,39346496.0
"(np.float64(1.0), 110, 270, 35, 15)",houghCircle,0.775,40796531.07083333,30714522.5
"(np.float64(1.0), 110, 270, 40, 5)",houghCircle,0.5916666666666667,41065447.12291667,31429678.0
"(np.float64(1.0), 110, 270, 40, 10)",houghCircle,0.6270833333333333,41438530.75833333,31004180.0
"(np.float64(1.0), 110, 270, 40, 15)",houghCircle,0.6666666666666666,40772241.1375,30390724.0
"(np.float64(1.0), 110, 270, 45, 5)",houghCircle,0.2125,37843249.22083333,30472523.5
"(np.float64(1.0), 110, 270, 45, 10)",houghCircle,0.23125,39362135.291666664,30484241.5
"(np.float64(1.0), 110, 270, 45, 15)",houghCircle,0.2375,40683280.46875,30384778.5
"(np.float64(1.0), 110, 280, 30, 5)",houghCircle,0.6791666666666667,40611770.75833333,31953556.5
"(np.float64(1.0), 110, 280, 30, 10)",houghCircle,0.7,40620825.045833334,31502304.0
"(np.float64(1.0), 110, 280, 30, 15)",houghCircle,0.7833333333333333,39810918.71041667,30187288.5
"(np.float64(1.0), 110, 280, 35, 5)",houghCircle,0.6791666666666667,49483413.66041667,40667674.0
"(np.float64(1.0), 110, 280, 35, 10)",houghCircle,0.7125,44691758.33958333,32150661.0
"(np.float64(1.0), 110, 280, 35, 15)",houghCircle,0.775,41788994.225,30098651.0
"(np.float64(1.0), 110, 280, 40, 5)",houghCircle,0.5916666666666667,42233020.697916664,31563870.5
"(np.float64(1.0), 110, 280, 40, 10)",houghCircle,0.6291666666666667,39986652.975,31575176.0
"(np.float64(1.0), 110, 280, 40, 15)",houghCircle,0.6666666666666666,39289560.56041667,30294138.5
"(np.float64(1.0), 110, 280, 45, 5)",houghCircle,0.2125,39715223.19166667,31431778.0
"(np.float64(1.0), 110, 280, 45, 10)",houghCircle,0.23125,44276122.514583334,31438920.5
"(np.float64(1.0), 110, 280, 45, 15)",houghCircle,0.2375,41239620.84583333,31404335.5
"(np.float64(1.0), 110, 290, 30, 5)",houghCircle,0.6791666666666667,41172523.072916664,31213427.5
"(np.float64(1.0), 110, 290, 30, 10)",houghCircle,0.7083333333333334,42524541.266666666,31429413.5
"(np.float64(1.0), 110, 290, 30, 15)",houghCircle,0.7854166666666667,38854578.53958333,29736732.0
"(np.float64(1.0), 110, 290, 35, 5)",houghCircle,0.6833333333333333,39433418.50833333,30800443.0
"(np.float64(1.0), 110, 290, 35, 10)",houghCircle,0.7145833333333333,42450703.43541667,31531603.5
"(np.float64(1.0), 110, 290, 35, 15)",houghCircle,0.7791666666666667,51239245.94583333,40135000.5
"(np.float64(1.0), 110, 290, 40, 5)",houghCircle,0.5916666666666667,43633537.00625,32024974.5
"(np.float64(1.0), 110, 290, 40, 10)",houghCircle,0.6291666666666667,41403661.322916664,30770521.5
"(np.float64(1.0), 110, 290, 40, 15)",houghCircle,0.6666666666666666,38776648.44583333,29997461.5
"(np.float64(1.0), 110, 290, 45, 5)",houghCircle,0.21458333333333332,42072165.90208333,31636355.5
"(np.float64(1.0), 110, 290, 45, 10)",houghCircle,0.23125,38015397.0125,29433318.5
"(np.float64(1.0), 110, 290, 45, 15)",houghCircle,0.2375,39656452.60625,29743225.5
"(np.float64(1.0), 120, 100, 30, 5)",houghCircle,0.4875,47397471.81875,37719478.5
"(np.float64(1.0), 120, 100, 30, 10)",houghCircle,0.6354166666666666,43657440.24583333,35925352.5
"(np.float64(1.0), 120, 100, 30, 15)",houghCircle,0.7833333333333333,44119187.22708333,35623100.0
"(np.float64(1.0), 120, 100, 35, 5)",houghCircle,0.675,61107241.09375,47384685.0
"(np.float64(1.0), 120, 100, 35, 10)",houghCircle,0.7104166666666667,45718990.03333333,36793946.0
"(np.float64(1.0), 120, 100, 35, 15)",houghCircle,0.7979166666666667,44075746.229166664,35842262.0
"(np.float64(1.0), 120, 100, 40, 5)",houghCircle,0.6208333333333333,45209269.21458333,36703397.0
"(np.float64(1.0), 120, 100, 40, 10)",houghCircle,0.6666666666666666,44238234.670833334,36427244.5
"(np.float64(1.0), 120, 100, 40, 15)",houghCircle,0.7208333333333333,47923299.02708333,37354494.5
"(np.float64(1.0), 120, 100, 45, 5)",houghCircle,0.35833333333333334,46506195.739583336,37207918.5
"(np.float64(1.0), 120, 100, 45, 10)",houghCircle,0.37916666666666665,43925022.44166667,36172365.5
"(np.float64(1.0), 120, 100, 45, 15)",houghCircle,0.3958333333333333,46198925.63125,36269709.0
"(np.float64(1.0), 120, 110, 30, 5)",houghCircle,0.5208333333333334,46867822.92916667,36874135.5
"(np.float64(1.0), 120, 110, 30, 10)",houghCircle,0.6479166666666667,45745331.833333336,35373778.0
"(np.float64(1.0), 120, 110, 30, 15)",houghCircle,0.7895833333333333,44490572.77291667,35102534.0
"(np.float64(1.0), 120, 110, 35, 5)",houghCircle,0.675,45732354.06458333,35306316.0
"(np.float64(1.0), 120, 110, 35, 10)",houghCircle,0.7125,46524886.052083336,36780166.5
"(np.float64(1.0), 120, 110, 35, 15)",houghCircle,0.8,52670578.26875,44191064.0
"(np.float64(1.0), 120, 110, 40, 5)",houghCircle,0.59375,48024784.28333333,37276988.0
"(np.float64(1.0), 120, 110, 40, 10)",houghCircle,0.63125,45569079.14375,35733266.5
"(np.float64(1.0), 120, 110, 40, 15)",houghCircle,0.6854166666666667,43456947.704166666,34366594.0
"(np.float64(1.0), 120, 110, 45, 5)",houghCircle,0.29583333333333334,43775344.775,35379668.5
"(np.float64(1.0), 120, 110, 45, 10)",houghCircle,0.31875,44937632.06875,36035950.5
"(np.float64(1.0), 120, 110, 45, 15)",houghCircle,0.33541666666666664,43601545.927083336,33748198.5
"(np.float64(1.0), 120, 120, 30, 5)",houghCircle,0.5625,43561306.672916666,34384482.0
"(np.float64(1.0), 120, 120, 30, 10)",houghCircle,0.6666666666666666,47413291.6625,34508540.5
"(np.float64(1.0), 120, 120, 30, 15)",houghCircle,0.7958333333333333,47161015.55416667,36361476.0
"(np.float64(1.0), 120, 120, 35, 5)",houghCircle,0.6791666666666667,58730218.38125,45466968.5
"(np.float64(1.0), 120, 120, 35, 10)",houghCircle,0.7104166666666667,44100197.05,34209027.5
"(np.float64(1.0), 120, 120, 35, 15)",houghCircle,0.79375,40679943.075,32657592.5
"(np.float64(1.0), 120, 120, 40, 5)",houghCircle,0.6020833333333333,45201204.4625,34471745.5
"(np.float64(1.0), 120, 120, 40, 10)",houghCircle,0.6291666666666667,44029087.87916667,35170260.0
"(np.float64(1.0), 120, 120, 40, 15)",houghCircle,0.6833333333333333,43721758.60625,33961058.0
"(np.float64(1.0), 120, 120, 45, 5)",houghCircle,0.26666666666666666,45428123.46041667,36377796.5
"(np.float64(1.0), 120, 120, 45, 10)",houghCircle,0.2875,44538261.96875,33491798.5
"(np.float64(1.0), 120, 120, 45, 15)",houghCircle,0.30416666666666664,41830002.270833336,32276973.5
"(np.float64(1.0), 120, 130, 30, 5)",houghCircle,0.58125,45130826.80833333,35672593.5
"(np.float64(1.0), 120, 130, 30, 10)",houghCircle,0.6708333333333333,43326819.17916667,35364480.5
"(np.float64(1.0), 120, 130, 30, 15)",houghCircle,0.8041666666666667,43478209.46666667,33498184.0
"(np.float64(1.0), 120, 130, 35, 5)",houghCircle,0.675,44119360.35208333,34801895.0
"(np.float64(1.0), 120, 130, 35, 10)",houghCircle,0.70625,46095783.12708333,35352643.0
"(np.float64(1.0), 120, 130, 35, 15)",houghCircle,0.7916666666666666,44340281.1,34108138.0
"(np.float64(1.0), 120, 130, 40, 5)",houghCircle,0.5958333333333333,50838960.333333336,44006061.5
"(np.float64(1.0), 120, 130, 40, 10)",houghCircle,0.6229166666666667,42527811.33958333,34309632.0
"(np.float64(1.0), 120, 130, 40, 15)",houghCircle,0.6770833333333334,43168401.75833333,33712605.5
"(np.float64(1.0), 120, 130, 45, 5)",houghCircle,0.23333333333333334,46506947.625,34893376.5
"(np.float64(1.0), 120, 130, 45, 10)",houghCircle,0.25,44568240.40208333,34961794.5
"(np.float64(1.0), 120, 130, 45, 15)",houghCircle,0.2625,41217391.09166667,33083196.0
"(np.float64(1.0), 120, 140, 30, 5)",houghCircle,0.5979166666666667,45074710.704166666,34927686.5
"(np.float64(1.0), 120, 140, 30, 10)",houghCircle,0.6833333333333333,44514120.447916664,34004313.0
"(np.float64(1.0), 120, 140, 30, 15)",houghCircle,0.7979166666666667,43802236.75208333,33739275.5
"(np.float64(1.0), 120, 140, 35, 5)",houghCircle,0.675,43261868.145833336,34409534.0
"(np.float64(1.0), 120, 140, 35, 10)",houghCircle,0.7041666666666667,53810578.12708333,42841628.0
"(np.float64(1.0), 120, 140, 35, 15)",houghCircle,0.7875,42823640.6625,34045977.5
"(np.float64(1.0), 120, 140, 40, 5)",houghCircle,0.6020833333333333,43268210.25833333,33982297.5
"(np.float64(1.0), 120, 140, 40, 10)",houghCircle,0.625,43503054.8875,33721232.5
"(np.float64(1.0), 120, 140, 40, 15)",houghCircle,0.6791666666666667,43427633.885416664,32976710.5
"(np.float64(1.0), 120, 140, 45, 5)",houghCircle,0.225,45013843.55416667,35329705.5
"(np.float64(1.0), 120, 140, 45, 10)",houghCircle,0.24375,43712901.28333333,35305208.5
"(np.float64(1.0), 120, 140, 45, 15)",houghCircle,0.2520833333333333,42319188.479166664,33086416.5
"(np.float64(1.0), 120, 150, 30, 5)",houghCircle,0.61875,42644489.87083333,34504843.5
"(np.float64(1.0), 120, 150, 30, 10)",houghCircle,0.6895833333333333,44464434.016666666,35045005.5
"(np.float64(1.0), 120, 150, 30, 15)",houghCircle,0.8,42598076.40416667,34263345.5
"(np.float64(1.0), 120, 150, 35, 5)",houghCircle,0.6770833333333334,42769021.49375,33462062.0
"(np.float64(1.0), 120, 150, 35, 10)",houghCircle,0.7041666666666667,58415496.802083336,44420339.5
"(np.float64(1.0), 120, 150, 35, 15)",houghCircle,0.7875,42840519.49583333,33201562.5
"(np.float64(1.0), 120, 150, 40, 5)",houghCircle,0.5979166666666667,45204650.94375,32715817.0
"(np.float64(1.0), 120, 150, 40, 10)",houghCircle,0.6208333333333333,43626392.83125,33223628.5
"(np.float64(1.0), 120, 150, 40, 15)",houghCircle,0.675,40437864.5,32871323.0
"(np.float64(1.0), 120, 150, 45, 5)",houghCircle,0.21875,46548245.91875,34824441.5
"(np.float64(1.0), 120, 150, 45, 10)",houghCircle,0.23541666666666666,43615932.91458333,33487173.5
"(np.float64(1.0), 120, 150, 45, 15)",houghCircle,0.24375,42200991.041666664,32555150.0
"(np.float64(1.0), 120, 160, 30, 5)",houghCircle,0.6229166666666667,42536881.8875,33108182.5
"(np.float64(1.0), 120, 160, 30, 10)",houghCircle,0.69375,40221785.31458333,32273341.5
"(np.float64(1.0), 120, 160, 30, 15)",houghCircle,0.80625,45246370.7875,33479965.5
"(np.float64(1.0), 120, 160, 35, 5)",houghCircle,0.6791666666666667,40657892.16875,32310706.0
"(np.float64(1.0), 120, 160, 35, 10)",houghCircle,0.7083333333333334,47630235.26875,34896708.0
"(np.float64(1.0), 120, 160, 35, 15)",houghCircle,0.7916666666666666,55165329.65833333,42143754.0
"(np.float64(1.0), 120, 160, 40, 5)",houghCircle,0.5979166666666667,43778582.604166664,33929863.5
"(np.float64(1.0), 120, 160, 40, 10)",houghCircle,0.625,43184573.31041667,32802549.5
"(np.float64(1.0), 120, 160, 40, 15)",houghCircle,0.6770833333333334,42941764.38333333,32349274.0
"(np.float64(1.0), 120, 160, 45, 5)",houghCircle,0.2125,41621723.28541667,33663359.0
"(np.float64(1.0), 120, 160, 45, 10)",houghCircle,0.23125,39582209.05833333,32544179.5
"(np.float64(1.0), 120, 160, 45, 15)",houghCircle,0.2375,39728156.84583333,32619861.5
"(np.float64(1.0), 120, 170, 30, 5)",houghCircle,0.6375,44979061.00833333,33172643.0
"(np.float64(1.0), 120, 170, 30, 10)",houghCircle,0.7,40887817.71666667,32920901.5
"(np.float64(1.0), 120, 170, 30, 15)",houghCircle,0.8041666666666667,43807324.641666666,33587387.0
"(np.float64(1.0), 120, 170, 35, 5)",houghCircle,0.6791666666666667,41370249.25416667,32955655.5
"(np.float64(1.0), 120, 170, 35, 10)",houghCircle,0.70625,41554724.16458333,32223005.5
"(np.float64(1.0), 120, 170, 35, 15)",houghCircle,0.7875,52409323.64791667,41313219.5
"(np.float64(1.0), 120, 170, 40, 5)",houghCircle,0.5916666666666667,44186634.360416666,33018574.0
"(np.float64(1.0), 120, 170, 40, 10)",houghCircle,0.6229166666666667,45428181.24166667,33387581.5
"(np.float64(1.0), 120, 170, 40, 15)",houghCircle,0.6729166666666667,40054895.7625,31947084.5
"(np.float64(1.0), 120, 170, 45, 5)",houghCircle,0.2125,42573087.61875,32868078.5
"(np.float64(1.0), 120, 170, 45, 10)",houghCircle,0.23125,40356810.425,32059365.0
"(np.float64(1.0), 120, 170, 45, 15)",houghCircle,0.2375,42646564.177083336,32009716.0
"(np.float64(1.0), 120, 180, 30, 5)",houghCircle,0.6395833333333333,42651726.895833336,31879172.0
"(np.float64(1.0), 120, 180, 30, 10)",houghCircle,0.7041666666666667,40115677.233333334,32693414.5
"(np.float64(1.0), 120, 180, 30, 15)",houghCircle,0.8,42974066.6375,32289786.0
"(np.float64(1.0), 120, 180, 35, 5)",houghCircle,0.6833333333333333,41320798.03958333,32149178.0
"(np.float64(1.0), 120, 180, 35, 10)",houghCircle,0.70625,46250090.077083334,33937272.5
"(np.float64(1.0), 120, 180, 35, 15)",houghCircle,0.7854166666666667,40120013.65625,31903237.0
"(np.float64(1.0), 120, 180, 40, 5)",houghCircle,0.59375,55548719.21041667,42940107.5
"(np.float64(1.0), 120, 180, 40, 10)",houghCircle,0.6270833333333333,41805581.25833333,32710101.5
"(np.float64(1.0), 120, 180, 40, 15)",houghCircle,0.6729166666666667,41397148.80833333,31300681.5
"(np.float64(1.0), 120, 180, 45, 5)",houghCircle,0.2125,45870902.66458333,33797260.0
"(np.float64(1.0), 120, 180, 45, 10)",houghCircle,0.23125,43938026.49791667,32620332.5
"(np.float64(1.0), 120, 180, 45, 15)",houghCircle,0.2375,40736724.25625,32174020.0
"(np.float64(1.0), 120, 190, 30, 5)",houghCircle,0.6479166666666667,43524722.14375,32696926.5
"(np.float64(1.0), 120, 190, 30, 10)",houghCircle,0.6979166666666666,44111774.06875,32948663.5
"(np.float64(1.0), 120, 190, 30, 15)",houghCircle,0.7916666666666666,40382681.572916664,31572732.0
"(np.float64(1.0), 120, 190, 35, 5)",houghCircle,0.6729166666666667,42090310.391666666,32027971.0
"(np.float64(1.0), 120, 190, 35, 10)",houghCircle,0.6979166666666666,42068762.2375,32915256.0
"(np.float64(1.0), 120, 190, 35, 15)",houghCircle,0.7770833333333333,52482074.729166664,41766651.0
"(np.float64(1.0), 120, 190, 40, 5)",houghCircle,0.5854166666666667,45483482.91041667,33909996.0
"(np.float64(1.0), 120, 190, 40, 10)",houghCircle,0.6229166666666667,41685206.81041667,31641876.0
"(np.float64(1.0), 120, 190, 40, 15)",houghCircle,0.6666666666666666,41495748.579166666,31078645.5
"(np.float64(1.0), 120, 190, 45, 5)",houghCircle,0.2125,41393496.91875,32327738.5
"(np.float64(1.0), 120, 190, 45, 10)",houghCircle,0.23125,43010878.483333334,32267555.0
"(np.float64(1.0), 120, 190, 45, 15)",houghCircle,0.2375,39597483.95625,31014690.0
"(np.float64(1.0), 120, 200, 30, 5)",houghCircle,0.65,44229925.78541667,32220326.5
"(np.float64(1.0), 120, 200, 30, 10)",houghCircle,0.6916666666666667,39884053.46458333,31665571.5
"(np.float64(1.0), 120, 200, 30, 15)",houghCircle,0.7854166666666667,40520427.34583333,31147203.0
"(np.float64(1.0), 120, 200, 35, 5)",houghCircle,0.6708333333333333,42804069.35,32517374.5
"(np.float64(1.0), 120, 200, 35, 10)",houghCircle,0.7,54562290.68958333,42352435.0
"(np.float64(1.0), 120, 200, 35, 15)",houghCircle,0.775,40428417.37708333,31940622.0
"(np.float64(1.0), 120, 200, 40, 5)",houghCircle,0.5854166666666667,43156318.010416664,32642654.0
"(np.float64(1.0), 120, 200, 40, 10)",houghCircle,0.6229166666666667,42030740.06041667,32610734.5
"(np.float64(1.0), 120, 200, 40, 15)",houghCircle,0.6666666666666666,42366585.81875,31523995.5
"(np.float64(1.0), 120, 200, 45, 5)",houghCircle,0.2125,42097657.68333333,32180708.0
"(np.float64(1.0), 120, 200, 45, 10)",houghCircle,0.23125,43184688.44166667,32137336.0
"(np.float64(1.0), 120, 200, 45, 15)",houghCircle,0.2375,39382399.34166667,30629142.0
"(np.float64(1.0), 120, 210, 30, 5)",houghCircle,0.6479166666666667,40123058.18125,31427029.0
"(np.float64(1.0), 120, 210, 30, 10)",houghCircle,0.6895833333333333,40817332.56458333,31394477.5
"(np.float64(1.0), 120, 210, 30, 15)",houghCircle,0.78125,41891336.66875,31728729.5
"(np.float64(1.0), 120, 210, 35, 5)",houghCircle,0.6729166666666667,42152549.52916667,31242157.0
"(np.float64(1.0), 120, 210, 35, 10)",houghCircle,0.7020833333333333,41668818.51875,31610107.0
"(np.float64(1.0), 120, 210, 35, 15)",houghCircle,0.775,53823928.479166664,40978397.0
"(np.float64(1.0), 120, 210, 40, 5)",houghCircle,0.5895833333333333,41850763.5375,31638415.5
"(np.float64(1.0), 120, 210, 40, 10)",houghCircle,0.6208333333333333,41681962.60208333,31690632.5
"(np.float64(1.0), 120, 210, 40, 15)",houghCircle,0.6666666666666666,43269360.2125,31564642.0
"(np.float64(1.0), 120, 210, 45, 5)",houghCircle,0.2125,41599031.958333336,31612532.0
"(np.float64(1.0), 120, 210, 45, 10)",houghCircle,0.23125,41482989.18125,31354642.0
"(np.float64(1.0), 120, 210, 45, 15)",houghCircle,0.2375,43010100.520833336,32241944.0
"(np.float64(1.0), 120, 220, 30, 5)",houghCircle,0.65625,44169249.53333333,32844253.0
"(np.float64(1.0), 120, 220, 30, 10)",houghCircle,0.6854166666666667,40836088.610416666,31775392.0
"(np.float64(1.0), 120, 220, 30, 15)",houghCircle,0.7791666666666667,43651071.08958333,32311983.5
"(np.float64(1.0), 120, 220, 35, 5)",houghCircle,0.66875,42756899.09791667,32040966.0
"(np.float64(1.0), 120, 220, 35, 10)",houghCircle,0.6958333333333333,40476917.075,30830108.5
"(np.float64(1.0), 120, 220, 35, 15)",houghCircle,0.7708333333333334,41340015.14375,31150926.0
"(np.float64(1.0), 120, 220, 40, 5)",houghCircle,0.5895833333333333,41516017.22083333,32230252.0
"(np.float64(1.0), 120, 220, 40, 10)",houghCircle,0.6229166666666667,39466570.389583334,30737003.5
"(np.float64(1.0), 120, 220, 40, 15)",houghCircle,0.6666666666666666,51912220.045833334,40583292.0
"(np.float64(1.0), 120, 220, 45, 5)",houghCircle,0.2125,42617252.96875,32201921.5
"(np.float64(1.0), 120, 220, 45, 10)",houghCircle,0.23125,41289722.12916667,31801150.0
"(np.float64(1.0), 120, 220, 45, 15)",houghCircle,0.2375,39776386.37708333,31098963.0
"(np.float64(1.0), 120, 230, 30, 5)",houghCircle,0.65625,39598215.641666666,31418978.5
"(np.float64(1.0), 120, 230, 30, 10)",houghCircle,0.6833333333333333,42767350.385416664,32307204.0
"(np.float64(1.0), 120, 230, 30, 15)",houghCircle,0.7770833333333333,41614012.24583333,31349914.0
"(np.float64(1.0), 120, 230, 35, 5)",houghCircle,0.6729166666666667,42870344.2,32113256.5
"(np.float64(1.0), 120, 230, 35, 10)",houghCircle,0.7,42304104.0125,31701142.5
"(np.float64(1.0), 120, 230, 35, 15)",houghCircle,0.7708333333333334,39850149.916666664,30432923.0
"(np.float64(1.0), 120, 230, 40, 5)",houghCircle,0.5895833333333333,52427390.05416667,41202433.0
"(np.float64(1.0), 120, 230, 40, 10)",houghCircle,0.6229166666666667,41756415.9125,32138107.5
"(np.float64(1.0), 120, 230, 40, 15)",houghCircle,0.6666666666666666,42716246.825,31727777.5
"(np.float64(1.0), 120, 230, 45, 5)",houghCircle,0.2125,42222557.53541667,31582745.5
"(np.float64(1.0), 120, 230, 45, 10)",houghCircle,0.23125,44698109.10625,31738598.0
"(np.float64(1.0), 120, 230, 45, 15)",houghCircle,0.2375,41806500.14791667,31546022.0
"(np.float64(1.0), 120, 240, 30, 5)",houghCircle,0.65625,41258969.39791667,31431050.5
"(np.float64(1.0), 120, 240, 30, 10)",houghCircle,0.6854166666666667,39859544.577083334,31338367.0
"(np.float64(1.0), 120, 240, 30, 15)",houghCircle,0.7770833333333333,42178837.916666664,31051283.5
"(np.float64(1.0), 120, 240, 35, 5)",houghCircle,0.6770833333333334,42998282.35,32164773.0
"(np.float64(1.0), 120, 240, 35, 10)",houghCircle,0.7041666666666667,42055204.827083334,31711021.5
"(np.float64(1.0), 120, 240, 35, 15)",houghCircle,0.7708333333333334,53811960.65833333,41091574.5
"(np.float64(1.0), 120, 240, 40, 5)",houghCircle,0.5916666666666667,40401890.125,31711271.0
"(np.float64(1.0), 120, 240, 40, 10)",houghCircle,0.6270833333333333,38513137.452083334,30636801.0
"(np.float64(1.0), 120, 240, 40, 15)",houghCircle,0.66875,42411247.28125,30927816.5
"(np.float64(1.0), 120, 240, 45, 5)",houghCircle,0.2125,39350999.75416667,30769780.0
"(np.float64(1.0), 120, 240, 45, 10)",houghCircle,0.23125,39999508.21875,31383035.5
"(np.float64(1.0), 120, 240, 45, 15)",houghCircle,0.2375,40231875.28958333,30719416.0
"(np.float64(1.0), 120, 250, 30, 5)",houghCircle,0.6604166666666667,43157840.1,32211054.5
"(np.float64(1.0), 120, 250, 30, 10)",houghCircle,0.69375,43501969.84791667,32139515.0
"(np.float64(1.0), 120, 250, 30, 15)",houghCircle,0.7770833333333333,40322098.15416667,31501800.0
"(np.float64(1.0), 120, 250, 35, 5)",houghCircle,0.6791666666666667,42149515.46666667,32027365.0
"(np.float64(1.0), 120, 250, 35, 10)",houghCircle,0.7041666666666667,39931964.28333333,30524255.0
"(np.float64(1.0), 120, 250, 35, 15)",houghCircle,0.7708333333333334,39669196.1125,31177125.0
"(np.float64(1.0), 120, 250, 40, 5)",houghCircle,0.5916666666666667,44761068.95625,35752247.5
"(np.float64(1.0), 120, 250, 40, 10)",houghCircle,0.6270833333333333,41273441.09166667,31851990.5
"(np.float64(1.0), 120, 250, 40, 15)",houghCircle,0.66875,41977604.025,30943807.5
"(np.float64(1.0), 120, 250, 45, 5)",houghCircle,0.2125,40068723.83125,31646760.5
"(np.float64(1.0), 120, 250, 45, 10)",houghCircle,0.23125,39850262.166666664,31108019.5
"(np.float64(1.0), 120, 250, 45, 15)",houghCircle,0.2375,42276681.46666667,31097189.5
"(np.float64(1.0), 120, 260, 30, 5)",houghCircle,0.6666666666666666,42136536.572916664,32011330.0
"(np.float64(1.0), 120, 260, 30, 10)",houghCircle,0.6979166666666666,40263328.44166667,30561123.0
"(np.float64(1.0), 120, 260, 30, 15)",houghCircle,0.78125,42432606.98125,31230620.5
"(np.float64(1.0), 120, 260, 35, 5)",houghCircle,0.6791666666666667,43851076.35208333,32744335.0
"(np.float64(1.0), 120, 260, 35, 10)",houghCircle,0.70625,40649180.17916667,30794502.5
"(np.float64(1.0), 120, 260, 35, 15)",houghCircle,0.7708333333333334,39847237.389583334,30601489.0
"(np.float64(1.0), 120, 260, 40, 5)",houghCircle,0.5916666666666667,43650986.22083333,32123280.0
"(np.float64(1.0), 120, 260, 40, 10)",houghCircle,0.625,48431787.43958333,37688485.0
"(np.float64(1.0), 120, 260, 40, 15)",houghCircle,0.6666666666666666,41499324.18333333,30683308.0
"(np.float64(1.0), 120, 260, 45, 5)",houghCircle,0.2125,42323897.62916667,32132766.5
"(np.float64(1.0), 120, 260, 45, 10)",houghCircle,0.23125,41842045.87916667,30658342.0
"(np.float64(1.0), 120, 260, 45, 15)",houghCircle,0.2375,42049283.0625,31112724.0
"(np.float64(1.0), 120, 270, 30, 5)",houghCircle,0.675,43524288.24583333,32526095.5
"(np.float64(1.0), 120, 270, 30, 10)",houghCircle,0.7,41261248.764583334,30787935.0
"(np.float64(1.0), 120, 270, 30, 15)",houghCircle,0.78125,40574779.59583333,30523393.0
"(np.float64(1.0), 120, 270, 35, 5)",houghCircle,0.6791666666666667,40100111.0375,31934030.5
"(np.float64(1.0), 120, 270, 35, 10)",houghCircle,0.7104166666666667,42465834.51875,30766003.0
"(np.float64(1.0), 120, 270, 35, 15)",houghCircle,0.775,38586438.21875,29647125.0
"(np.float64(1.0), 120, 270, 40, 5)",houghCircle,0.5916666666666667,50928778.83958333,40028656.0
"(np.float64(1.0), 120, 270, 40, 10)",houghCircle,0.6270833333333333,41714418.18541667,30672849.5
"(np.float64(1.0), 120, 270, 40, 15)",houghCircle,0.6666666666666666,38241676.6625,30069296.0
"(np.float64(1.0), 120, 270, 45, 5)",houghCircle,0.2125,41565212.3,31363834.5
"(np.float64(1.0), 120, 270, 45, 10)",houghCircle,0.23125,39837797.875,30996300.5
"(np.float64(1.0), 120, 270, 45, 15)",houghCircle,0.2375,39342298.99375,30166128.5
"(np.float64(1.0), 120, 280, 30, 5)",houghCircle,0.6791666666666667,41785597.05,31598261.0
"(np.float64(1.0), 120, 280, 30, 10)",houghCircle,0.7,38790543.87083333,31009409.5
"(np.float64(1.0), 120, 280, 30, 15)",houghCircle,0.7833333333333333,40531233.49583333,30712383.0
"(np.float64(1.0), 120, 280, 35, 5)",houghCircle,0.6791666666666667,43180905.925,31963701.5
"(np.float64(1.0), 120, 280, 35, 10)",houghCircle,0.7125,43764102.46041667,31004721.0
"(np.float64(1.0), 120, 280, 35, 15)",houghCircle,0.775,49845137.4625,39031314.5
"(np.float64(1.0), 120, 280, 40, 5)",houghCircle,0.5916666666666667,40842213.59791667,31600754.0
"(np.float64(1.0), 120, 280, 40, 10)",houghCircle,0.6291666666666667,39944881.90833333,30774814.0
"(np.float64(1.0), 120, 280, 40, 15)",houghCircle,0.6666666666666666,39908046.59375,31161120.0
"(np.float64(1.0), 120, 280, 45, 5)",houghCircle,0.2125,38473392.96458333,31389939.0
"(np.float64(1.0), 120, 280, 45, 10)",houghCircle,0.23125,40602064.66041667,30884916.0
"(np.float64(1.0), 120, 280, 45, 15)",houghCircle,0.2375,41935805.08958333,30310198.0
"(np.float64(1.0), 120, 290, 30, 5)",houghCircle,0.6791666666666667,40976483.795833334,31449266.0
"(np.float64(1.0), 120, 290, 30, 10)",houghCircle,0.7083333333333334,39994887.860416666,30372530.5
"(np.float64(1.0), 120, 290, 30, 15)",houghCircle,0.7854166666666667,40560598.141666666,30770427.0
"(np.float64(1.0), 120, 290, 35, 5)",houghCircle,0.6833333333333333,47042867.479166664,37454185.5
"(np.float64(1.0), 120, 290, 35, 10)",houghCircle,0.7145833333333333,42485384.40625,31386527.5
"(np.float64(1.0), 120, 290, 35, 15)",houghCircle,0.7791666666666667,40231422.02291667,30198673.5
"(np.float64(1.0), 120, 290, 40, 5)",houghCircle,0.5916666666666667,39478199.02708333,30800047.5
"(np.float64(1.0), 120, 290, 40, 10)",houghCircle,0.6291666666666667,41486775.045833334,31393431.0
"(np.float64(1.0), 120, 290, 40, 15)",houghCircle,0.6666666666666666,41863149.33125,31205303.0
"(np.float64(1.0), 120, 290, 45, 5)",houghCircle,0.21458333333333332,40761120.22291667,30578692.0
"(np.float64(1.0), 120, 290, 45, 10)",houghCircle,0.23125,39671462.40833333,30129880.5
"(np.float64(1.0), 120, 290, 45, 15)",houghCircle,0.2375,40755420.6625,30851483.5
"(np.float64(1.0), 130, 100, 30, 5)",houghCircle,0.4875,46577969.20625,37921709.0
"(np.float64(1.0), 130, 100, 30, 10)",houghCircle,0.6354166666666666,44536115.19166667,36381022.0
"(np.float64(1.0), 130, 100, 30, 15)",houghCircle,0.7833333333333333,49444047.60625,37267680.5
"(np.float64(1.0), 130, 100, 35, 5)",houghCircle,0.675,46483292.3625,38010419.0
"(np.float64(1.0), 130, 100, 35, 10)",houghCircle,0.7104166666666667,53744915.72083333,46422911.0
"(np.float64(1.0), 130, 100, 35, 15)",houghCircle,0.7979166666666667,45129453.27708333,36078114.5
"(np.float64(1.0), 130, 100, 40, 5)",houghCircle,0.6208333333333333,45412655.85208333,36255026.0
"(np.float64(1.0), 130, 100, 40, 10)",houghCircle,0.6666666666666666,44217806.30416667,37473196.0
"(np.float64(1.0), 130, 100, 40, 15)",houghCircle,0.7208333333333333,45954131.61666667,35628982.0
"(np.float64(1.0), 130, 100, 45, 5)",houghCircle,0.35833333333333334,47227938.6,37052582.0
"(np.float64(1.0), 130, 100, 45, 10)",houghCircle,0.37916666666666665,44660439.5625,36365633.5
"(np.float64(1.0), 130, 100, 45, 15)",houghCircle,0.3958333333333333,44684347.93333333,36388742.5
"(np.float64(1.0), 130, 110, 30, 5)",houghCircle,0.5208333333333334,46240204.46875,35473600.0
"(np.float64(1.0), 130, 110, 30, 10)",houghCircle,0.6479166666666667,45991230.354166664,36622625.5
"(np.float64(1.0), 130, 110, 30, 15)",houghCircle,0.7895833333333333,46004008.583333336,35946692.5
"(np.float64(1.0), 130, 110, 35, 5)",houghCircle,0.675,54339057.80625,45866025.5
"(np.float64(1.0), 130, 110, 35, 10)",houghCircle,0.7125,44410760.46666667,35842472.0
"(np.float64(1.0), 130, 110, 35, 15)",houghCircle,0.8,41164503.12083333,33450029.0
"(np.float64(1.0), 130, 110, 40, 5)",houghCircle,0.59375,46481706.16458333,37022196.5
"(np.float64(1.0), 130, 110, 40, 10)",houghCircle,0.63125,48180691.079166666,36248628.5
"(np.float64(1.0), 130, 110, 40, 15)",houghCircle,0.6854166666666667,43134151.333333336,34400487.5
"(np.float64(1.0), 130, 110, 45, 5)",houghCircle,0.29583333333333334,44943129.364583336,36176599.0
"(np.float64(1.0), 130, 110, 45, 10)",houghCircle,0.31875,47314701.28958333,36075910.5
"(np.float64(1.0), 130, 110, 45, 15)",houghCircle,0.33541666666666664,48541475.38333333,37642384.0
"(np.float64(1.0), 130, 120, 30, 5)",houghCircle,0.5625,45418806.735416666,35621493.0
"(np.float64(1.0), 130, 120, 30, 10)",houghCircle,0.6666666666666666,43454686.895833336,35498733.5
"(np.float64(1.0), 130, 120, 30, 15)",houghCircle,0.7958333333333333,42962787.35625,34235217.0
"(np.float64(1.0), 130, 120, 35, 5)",houghCircle,0.68125,53718819.22708333,45935097.0
"(np.float64(1.0), 130, 120, 35, 10)",houghCircle,0.7104166666666667,43707113.84166667,35234096.0
"(np.float64(1.0), 130, 120, 35, 15)",houghCircle,0.79375,42162908.37916667,33858746.5
"(np.float64(1.0), 130, 120, 40, 5)",houghCircle,0.6020833333333333,43710816.03333333,35075087.0
"(np.float64(1.0), 130, 120, 40, 10)",houghCircle,0.6291666666666667,43601217.125,34881469.0
"(np.float64(1.0), 130, 120, 40, 15)",houghCircle,0.6833333333333333,43439945.475,34152842.0
"(np.float64(1.0), 130, 120, 45, 5)",houghCircle,0.26666666666666666,47217966.99791667,36024704.0
"(np.float64(1.0), 130, 120, 45, 10)",houghCircle,0.2875,42730419.204166666,34162300.5
"(np.float64(1.0), 130, 120, 45, 15)",houghCircle,0.30416666666666664,45230051.80416667,33964688.0
"(np.float64(1.0), 130, 130, 30, 5)",houghCircle,0.5833333333333334,44473505.925,35947640.0
"(np.float64(1.0), 130, 130, 30, 10)",houghCircle,0.6708333333333333,44546340.452083334,34125701.0
"(np.float64(1.0), 130, 130, 30, 15)",houghCircle,0.8041666666666667,43819374.69583333,33494983.5
"(np.float64(1.0), 130, 130, 35, 5)",houghCircle,0.6770833333333334,53612342.825,43966928.0
"(np.float64(1.0), 130, 130, 35, 10)",houghCircle,0.70625,45076636.104166664,34339438.0
"(np.float64(1.0), 130, 130, 35, 15)",houghCircle,0.7916666666666666,41886971.516666666,33829895.5
"(np.float64(1.0), 130, 130, 40, 5)",houghCircle,0.5958333333333333,45119546.85625,34954932.0
"(np.float64(1.0), 130, 130, 40, 10)",houghCircle,0.6229166666666667,45366470.6875,35079826.5
"(np.float64(1.0), 130, 130, 40, 15)",houghCircle,0.6770833333333334,43445780.25208333,33576746.0
"(np.float64(1.0), 130, 130, 45, 5)",houghCircle,0.23333333333333334,45323949.735416666,34193693.5
"(np.float64(1.0), 130, 130, 45, 10)",houghCircle,0.25,43020332.364583336,34744632.0
"(np.float64(1.0), 130, 130, 45, 15)",houghCircle,0.2625,43346599.625,35016622.5
"(np.float64(1.0), 130, 140, 30, 5)",houghCircle,0.5979166666666667,43737692.90833333,33799930.0
"(np.float64(1.0), 130, 140, 30, 10)",houghCircle,0.6833333333333333,45200674.05,33696811.5
"(np.float64(1.0), 130, 140, 30, 15)",houghCircle,0.7979166666666667,56255578.94166667,44517136.5
"(np.float64(1.0), 130, 140, 35, 5)",houghCircle,0.6770833333333334,45642000.36875,34412464.5
"(np.float64(1.0), 130, 140, 35, 10)",houghCircle,0.7041666666666667,41962960.95,33909946.5
"(np.float64(1.0), 130, 140, 35, 15)",houghCircle,0.7875,43852573.7875,34205422.0
"(np.float64(1.0), 130, 140, 40, 5)",houghCircle,0.6020833333333333,42377020.483333334,34615235.0
"(np.float64(1.0), 130, 140, 40, 10)",houghCircle,0.625,42846975.8375,34092865.0
"(np.float64(1.0), 130, 140, 40, 15)",houghCircle,0.6791666666666667,41018837.43958333,33025527.5
"(np.float64(1.0), 130, 140, 45, 5)",houghCircle,0.225,44171933.93125,34484044.0
"(np.float64(1.0), 130, 140, 45, 10)",houghCircle,0.24375,41610120.76875,33790587.5
"(np.float64(1.0), 130, 140, 45, 15)",houghCircle,0.2520833333333333,43483916.17916667,32310300.5
"(np.float64(1.0), 130, 150, 30, 5)",houghCircle,0.61875,43621211.02291667,34124278.5
"(np.float64(1.0), 130, 150, 30, 10)",houghCircle,0.6895833333333333,54093051.05833333,43163827.0
"(np.float64(1.0), 130, 150, 30, 15)",houghCircle,0.8,43346702.25416667,33650434.5
"(np.float64(1.0), 130, 150, 35, 5)",houghCircle,0.6770833333333334,43400240.13125,34037285.0
"(np.float64(1.0), 130, 150, 35, 10)",houghCircle,0.7041666666666667,44455795.125,33349034.5
"(np.float64(1.0), 130, 150, 35, 15)",houghCircle,0.7875,42519453.02708333,32352294.5
"(np.float64(1.0), 130, 150, 40, 5)",houghCircle,0.5979166666666667,44889262.45625,34697335.0
"(np.float64(1.0), 130, 150, 40, 10)",houghCircle,0.6208333333333333,43434231.141666666,33928316.0
"(np.float64(1.0), 130, 150, 40, 15)",houghCircle,0.675,42454788.079166666,33250835.0
"(np.float64(1.0), 130, 150, 45, 5)",houghCircle,0.21875,43471526.50208333,33588794.5
"(np.float64(1.0), 130, 150, 45, 10)",houghCircle,0.23541666666666666,43676812.46041667,34148043.5
"(np.float64(1.0), 130, 150, 45, 15)",houghCircle,0.24375,40340257.93541667,32079581.5
"(np.float64(1.0), 130, 160, 30, 5)",houghCircle,0.6229166666666667,41022907.920833334,33232455.5
"(np.float64(1.0), 130, 160, 30, 10)",houghCircle,0.69375,43760508.052083336,33679784.0
"(np.float64(1.0), 130, 160, 30, 15)",houghCircle,0.80625,40961155.114583336,32774101.0
"(np.float64(1.0), 130, 160, 35, 5)",houghCircle,0.6791666666666667,44560010.052083336,33913394.0
"(np.float64(1.0), 130, 160, 35, 10)",houghCircle,0.7083333333333334,51963185.00833333,42149654.5
"(np.float64(1.0), 130, 160, 35, 15)",houghCircle,0.7916666666666666,41780519.96875,31829358.5
"(np.float64(1.0), 130, 160, 40, 5)",houghCircle,0.5979166666666667,44415877.87916667,33795787.0
"(np.float64(1.0), 130, 160, 40, 10)",houghCircle,0.625,41092058.02708333,32513677.0
"(np.float64(1.0), 130, 160, 40, 15)",houghCircle,0.6770833333333334,39046463.825,32245684.5
"(np.float64(1.0), 130, 160, 45, 5)",houghCircle,0.2125,45381989.514583334,33490961.0
"(np.float64(1.0), 130, 160, 45, 10)",houghCircle,0.23125,42949942.052083336,33582317.0
"(np.float64(1.0), 130, 160, 45, 15)",houghCircle,0.2375,42365256.29375,33097332.0
"(np.float64(1.0), 130, 170, 30, 5)",houghCircle,0.6375,45213965.74791667,34136582.0
"(np.float64(1.0), 130, 170, 30, 10)",houghCircle,0.7,41986511.40625,33455969.0
"(np.float64(1.0), 130, 170, 30, 15)",houghCircle,0.8041666666666667,42447368.395833336,31840759.5
"(np.float64(1.0), 130, 170, 35, 5)",houghCircle,0.6791666666666667,53921663.447916664,43544401.5
"(np.float64(1.0), 130, 170, 35, 10)",houghCircle,0.70625,42648368.84583333,33256592.5
"(np.float64(1.0), 130, 170, 35, 15)",houghCircle,0.7875,41837102.24791667,32037393.0
"(np.float64(1.0), 130, 170, 40, 5)",houghCircle,0.5916666666666667,41891758.575,31911221.5
"(np.float64(1.0), 130, 170, 40, 10)",houghCircle,0.6229166666666667,44401735.24791667,33456025.5
"(np.float64(1.0), 130, 170, 40, 15)",houghCircle,0.6729166666666667,43302271.704166666,33434568.5
"(np.float64(1.0), 130, 170, 45, 5)",houghCircle,0.2125,44225697.197916664,33359243.5
"(np.float64(1.0), 130, 170, 45, 10)",houghCircle,0.23125,41208218.56666667,32938934.5
"(np.float64(1.0), 130, 170, 45, 15)",houghCircle,0.2375,40715783.07083333,32276062.0
"(np.float64(1.0), 130, 180, 30, 5)",houghCircle,0.6416666666666667,40573702.635416664,33126692.5
"(np.float64(1.0), 130, 180, 30, 10)",houghCircle,0.7041666666666667,40111826.90208333,32548085.5
"(np.float64(1.0), 130, 180, 30, 15)",houghCircle,0.8,54614400.63333333,41602768.5
"(np.float64(1.0), 130, 180, 35, 5)",houghCircle,0.6854166666666667,47594049.2875,33487614.0
"(np.float64(1.0), 130, 180, 35, 10)",houghCircle,0.70625,42610769.172916666,32061729.5
"(np.float64(1.0), 130, 180, 35, 15)",houghCircle,0.7854166666666667,40872719.1875,32328540.0
"(np.float64(1.0), 130, 180, 40, 5)",houghCircle,0.59375,41219186.197916664,32877039.0
"(np.float64(1.0), 130, 180, 40, 10)",houghCircle,0.6270833333333333,44292831.5375,32239453.0
"(np.float64(1.0), 130, 180, 40, 15)",houghCircle,0.6729166666666667,41855927.947916664,31939500.0
"(np.float64(1.0), 130, 180, 45, 5)",houghCircle,0.2125,41670054.525,33169132.0
"(np.float64(1.0), 130, 180, 45, 10)",houghCircle,0.23125,44822377.29375,33609934.0
"(np.float64(1.0), 130, 180, 45, 15)",houghCircle,0.2375,40402591.833333336,31528479.0
"(np.float64(1.0), 130, 190, 30, 5)",houghCircle,0.6479166666666667,42141594.666666664,31951478.0
"(np.float64(1.0), 130, 190, 30, 10)",houghCircle,0.6979166666666666,41916763.520833336,32459596.0
"(np.float64(1.0), 130, 190, 30, 15)",houghCircle,0.7916666666666666,52396076.0375,40915083.0
"(np.float64(1.0), 130, 190, 35, 5)",houghCircle,0.675,42277434.197916664,31965088.5
"(np.float64(1.0), 130, 190, 35, 10)",houghCircle,0.6979166666666666,44814007.25,33724523.0
"(np.float64(1.0), 130, 190, 35, 15)",houghCircle,0.7770833333333333,41768220.204166666,31688684.5
"(np.float64(1.0), 130, 190, 40, 5)",houghCircle,0.5854166666666667,39579612.875,31805784.5
"(np.float64(1.0), 130, 190, 40, 10)",houghCircle,0.6229166666666667,39745129.5125,32432961.0
"(np.float64(1.0), 130, 190, 40, 15)",houghCircle,0.6666666666666666,39612113.32083333,31215341.5
"(np.float64(1.0), 130, 190, 45, 5)",houghCircle,0.2125,38876105.71041667,31974706.5
"(np.float64(1.0), 130, 190, 45, 10)",houghCircle,0.23125,40510791.58125,31162607.0
"(np.float64(1.0), 130, 190, 45, 15)",houghCircle,0.2375,43475082.4,32549544.0
"(np.float64(1.0), 130, 200, 30, 5)",houghCircle,0.65,41494818.083333336,31996873.0
"(np.float64(1.0), 130, 200, 30, 10)",houghCircle,0.6916666666666667,51843201.43541667,41934951.5
"(np.float64(1.0), 130, 200, 30, 15)",houghCircle,0.7854166666666667,42926360.983333334,31607677.0
"(np.float64(1.0), 130, 200, 35, 5)",houghCircle,0.6729166666666667,41302467.34583333,31731479.5
"(np.float64(1.0), 130, 200, 35, 10)",houghCircle,0.7,41430294.672916666,32617566.0
"(np.float64(1.0), 130, 200, 35, 15)",houghCircle,0.775,41280084.60208333,31504895.0
"(np.float64(1.0), 130, 200, 40, 5)",houghCircle,0.5854166666666667,42565813.99583333,31617090.5
"(np.float64(1.0), 130, 200, 40, 10)",houghCircle,0.6229166666666667,38309658.35208333,30694469.5
"(np.float64(1.0), 130, 200, 40, 15)",houghCircle,0.6666666666666666,41439413.6125,32001992.5
"(np.float64(1.0), 130, 200, 45, 5)",houghCircle,0.2125,41419202.2125,32529291.5
"(np.float64(1.0), 130, 200, 45, 10)",houghCircle,0.23125,43316808.125,31989138.5
"(np.float64(1.0), 130, 200, 45, 15)",houghCircle,0.2375,42220021.03333333,31865772.5
"(np.float64(1.0), 130, 210, 30, 5)",houghCircle,0.6479166666666667,43000852.395833336,32585977.0
"(np.float64(1.0), 130, 210, 30, 10)",houghCircle,0.6895833333333333,44827630.483333334,32801482.0
"(np.float64(1.0), 130, 210, 30, 15)",houghCircle,0.78125,38573825.639583334,30555548.0
"(np.float64(1.0), 130, 210, 35, 5)",houghCircle,0.675,41084189.766666666,31805378.0
"(np.float64(1.0), 130, 210, 35, 10)",houghCircle,0.7020833333333333,40656798.37708333,31509974.0
"(np.float64(1.0), 130, 210, 35, 15)",houghCircle,0.775,56500065.57083333,41581013.0
"(np.float64(1.0), 130, 210, 40, 5)",houghCircle,0.5895833333333333,41528609.06041667,32389108.0
"(np.float64(1.0), 130, 210, 40, 10)",houghCircle,0.6208333333333333,44849410.5,32783303.0
"(np.float64(1.0), 130, 210, 40, 15)",houghCircle,0.6666666666666666,42535436.925,31329530.5
"(np.float64(1.0), 130, 210, 45, 5)",houghCircle,0.2125,43797480.72291667,32332172.5
"(np.float64(1.0), 130, 210, 45, 10)",houghCircle,0.23125,43043028.141666666,32098658.5
"(np.float64(1.0), 130, 210, 45, 15)",houghCircle,0.2375,42328262.91458333,31854159.0
"(np.float64(1.0), 130, 220, 30, 5)",houghCircle,0.65625,43788788.7375,32871168.5
"(np.float64(1.0), 130, 220, 30, 10)",houghCircle,0.6854166666666667,40731349.94166667,32057436.0
"(np.float64(1.0), 130, 220, 30, 15)",houghCircle,0.7791666666666667,37764011.09583333,30456708.5
"(np.float64(1.0), 130, 220, 35, 5)",houghCircle,0.6708333333333333,52298609.49583333,41773954.5
"(np.float64(1.0), 130, 220, 35, 10)",houghCircle,0.6958333333333333,40769260.635416664,31588135.5
"(np.float64(1.0), 130, 220, 35, 15)",houghCircle,0.7708333333333334,38943173.25833333,29425023.0
"(np.float64(1.0), 130, 220, 40, 5)",houghCircle,0.5895833333333333,42575329.87083333,32145627.0
"(np.float64(1.0), 130, 220, 40, 10)",houghCircle,0.6229166666666667,42933104.0125,31643789.5
"(np.float64(1.0), 130, 220, 40, 15)",houghCircle,0.6666666666666666,41550481.610416666,31567057.0
"(np.float64(1.0), 130, 220, 45, 5)",houghCircle,0.2125,40475126.30625,32091234.5
"(np.float64(1.0), 130, 220, 45, 10)",houghCircle,0.23125,42498155.84791667,31499950.0
"(np.float64(1.0), 130, 220, 45, 15)",houghCircle,0.2375,39746661.25625,31560679.0
"(np.float64(1.0), 130, 230, 30, 5)",houghCircle,0.65625,40355795.28541667,32280610.0
"(np.float64(1.0), 130, 230, 30, 10)",houghCircle,0.6833333333333333,41901912.8,31469127.5
"(np.float64(1.0), 130, 230, 30, 15)",houghCircle,0.7770833333333333,41165766.71458333,31230254.0
"(np.float64(1.0), 130, 230, 35, 5)",houghCircle,0.675,55693433.84166667,42118457.5
"(np.float64(1.0), 130, 230, 35, 10)",houghCircle,0.7,41671528.40416667,31153856.0
"(np.float64(1.0), 130, 230, 35, 15)",houghCircle,0.7708333333333334,42059189.041666664,31525242.5
"(np.float64(1.0), 130, 230, 40, 5)",houghCircle,0.5895833333333333,40918063.71666667,32108677.0
"(np.float64(1.0), 130, 230, 40, 10)",houghCircle,0.6229166666666667,40682577.34375,31299084.0
"(np.float64(1.0), 130, 230, 40, 15)",houghCircle,0.6666666666666666,41272936.55625,30599832.0
"(np.float64(1.0), 130, 230, 45, 5)",houghCircle,0.2125,41844907.87916667,32237404.0
"(np.float64(1.0), 130, 230, 45, 10)",houghCircle,0.23125,41561408.1375,31693532.0
"(np.float64(1.0), 130, 230, 45, 15)",houghCircle,0.2375,42774176.18125,31487452.5
"(np.float64(1.0), 130, 240, 30, 5)",houghCircle,0.65625,43055313.57083333,32121150.5
"(np.float64(1.0), 130, 240, 30, 10)",houghCircle,0.6854166666666667,41290720.1875,31059715.0
"(np.float64(1.0), 130, 240, 30, 15)",houghCircle,0.7770833333333333,41798419.5125,31294319.5
"(np.float64(1.0), 130, 240, 35, 5)",houghCircle,0.6791666666666667,42395399.860416666,31647166.0
"(np.float64(1.0), 130, 240, 35, 10)",houghCircle,0.7041666666666667,40275338.03958333,31264874.5
"(np.float64(1.0), 130, 240, 35, 15)",houghCircle,0.7708333333333334,39286358.22083333,30439007.0
"(np.float64(1.0), 130, 240, 40, 5)",houghCircle,0.5916666666666667,53196838.97708333,42638476.5
"(np.float64(1.0), 130, 240, 40, 10)",houghCircle,0.6270833333333333,40380416.69583333,31383416.5
"(np.float64(1.0), 130, 240, 40, 15)",houghCircle,0.66875,43372752.65416667,31132546.0
"(np.float64(1.0), 130, 240, 45, 5)",houghCircle,0.2125,39689428.9125,30757907.5
"(np.float64(1.0), 130, 240, 45, 10)",houghCircle,0.23125,40445010.56875,31344354.0
"(np.float64(1.0), 130, 240, 45, 15)",houghCircle,0.2375,41059939.24166667,31041406.0
"(np.float64(1.0), 130, 250, 30, 5)",houghCircle,0.6625,40065975.725,32360139.5
"(np.float64(1.0), 130, 250, 30, 10)",houghCircle,0.69375,40039257.8125,30619999.5
"(np.float64(1.0), 130, 250, 30, 15)",houghCircle,0.7770833333333333,41355176.21875,31015566.0
"(np.float64(1.0), 130, 250, 35, 5)",houghCircle,0.68125,42942422.06458333,32163459.0
"(np.float64(1.0), 130, 250, 35, 10)",houghCircle,0.7041666666666667,40528018.81666667,31706693.0
"(np.float64(1.0), 130, 250, 35, 15)",houghCircle,0.7708333333333334,39864979.99375,30686895.0
"(np.float64(1.0), 130, 250, 40, 5)",houghCircle,0.5916666666666667,54514166.80625,40797733.5
"(np.float64(1.0), 130, 250, 40, 10)",houghCircle,0.6270833333333333,39828352.71666667,30976744.5
"(np.float64(1.0), 130, 250, 40, 15)",houghCircle,0.66875,43534942.50625,30619944.5
"(np.float64(1.0), 130, 250, 45, 5)",houghCircle,0.2125,41227956.625,30661056.5
"(np.float64(1.0), 130, 250, 45, 10)",houghCircle,0.23125,41521167.072916664,30700636.0
"(np.float64(1.0), 130, 250, 45, 15)",houghCircle,0.2375,41235426.75625,30403338.0
"(np.float64(1.0), 130, 260, 30, 5)",houghCircle,0.66875,42229001.55416667,31061287.5
"(np.float64(1.0), 130, 260, 30, 10)",houghCircle,0.6979166666666666,40418966.7,31294109.0
"(np.float64(1.0), 130, 260, 30, 15)",houghCircle,0.78125,38929394.20625,30823541.0
"(np.float64(1.0), 130, 260, 35, 5)",houghCircle,0.68125,42000044.8375,32034891.0
"(np.float64(1.0), 130, 260, 35, 10)",houghCircle,0.70625,42979960.68333333,32057200.5
"(np.float64(1.0), 130, 260, 35, 15)",houghCircle,0.7708333333333334,50986519.2,39450045.5
"(np.float64(1.0), 130, 260, 40, 5)",houghCircle,0.5916666666666667,41741605.25,31743467.5
"(np.float64(1.0), 130, 260, 40, 10)",houghCircle,0.625,40357708.78125,30293442.0
"(np.float64(1.0), 130, 260, 40, 15)",houghCircle,0.6666666666666666,42953773.7625,31053693.0
"(np.float64(1.0), 130, 260, 45, 5)",houghCircle,0.2125,41967180.69166667,31936183.5
"(np.float64(1.0), 130, 260, 45, 10)",houghCircle,0.23125,40880792.97708333,32072319.5
"(np.float64(1.0), 130, 260, 45, 15)",houghCircle,0.2375,41239738.84166667,30377569.5
"(np.float64(1.0), 130, 270, 30, 5)",houghCircle,0.6770833333333334,41228846.03125,31206876.0
"(np.float64(1.0), 130, 270, 30, 10)",houghCircle,0.7,38281192.295833334,29442991.5
"(np.float64(1.0), 130, 270, 30, 15)",houghCircle,0.78125,40035188.52916667,30587257.0
"(np.float64(1.0), 130, 270, 35, 5)",houghCircle,0.68125,42048022.625,31138793.0
"(np.float64(1.0), 130, 270, 35, 10)",houghCircle,0.7104166666666667,56602960.53333333,41487096.5
"(np.float64(1.0), 130, 270, 35, 15)",houghCircle,0.775,41116286.00625,31016278.5
"(np.float64(1.0), 130, 270, 40, 5)",houghCircle,0.5916666666666667,42409038.81875,31775167.0
"(np.float64(1.0), 130, 270, 40, 10)",houghCircle,0.6270833333333333,43568168.03958333,31526530.5
"(np.float64(1.0), 130, 270, 40, 15)",houghCircle,0.6666666666666666,38952220.1875,30516204.5
"(np.float64(1.0), 130, 270, 45, 5)",houghCircle,0.2125,41497224.05416667,31464543.5
"(np.float64(1.0), 130, 270, 45, 10)",houghCircle,0.23125,39128827.90416667,31484716.0
"(np.float64(1.0), 130, 270, 45, 15)",houghCircle,0.2375,39745636.77708333,30350404.5
"(np.float64(1.0), 130, 280, 30, 5)",houghCircle,0.68125,40789715.83541667,31957719.0
"(np.float64(1.0), 130, 280, 30, 10)",houghCircle,0.7,38206876.21041667,30698707.0
"(np.float64(1.0), 130, 280, 30, 15)",houghCircle,0.7833333333333333,38743627.13125,29960961.5
"(np.float64(1.0), 130, 280, 35, 5)",houghCircle,0.68125,43289176.43125,32199247.0
"(np.float64(1.0), 130, 280, 35, 10)",houghCircle,0.7125,44702922.297916666,32186843.5
"(np.float64(1.0), 130, 280, 35, 15)",houghCircle,0.775,41045060.864583336,30231008.5
"(np.float64(1.0), 130, 280, 40, 5)",houghCircle,0.5916666666666667,42993212.58541667,31496093.5
"(np.float64(1.0), 130, 280, 40, 10)",houghCircle,0.6291666666666667,41735699.985416666,31232985.0
"(np.float64(1.0), 130, 280, 40, 15)",houghCircle,0.6666666666666666,40261412.71875,30478509.0
"(np.float64(1.0), 130, 280, 45, 5)",houghCircle,0.2125,50668648.83125,39858722.0
"(np.float64(1.0), 130, 280, 45, 10)",houghCircle,0.23125,39280150.44166667,31011173.5
"(np.float64(1.0), 130, 280, 45, 15)",houghCircle,0.2375,42721063.13333333,30461166.5
"(np.float64(1.0), 130, 290, 30, 5)",houghCircle,0.68125,36716163.13125,29361569.0
"(np.float64(1.0), 130, 290, 30, 10)",houghCircle,0.7083333333333334,41932614.427083336,30961340.5
"(np.float64(1.0), 130, 290, 30, 15)",houghCircle,0.7854166666666667,38788491.479166664,30171573.0
"(np.float64(1.0), 130, 290, 35, 5)",houghCircle,0.6854166666666667,43765318.8,31796902.5
"(np.float64(1.0), 130, 290, 35, 10)",houghCircle,0.7145833333333333,36979368.67916667,30338777.5
"(np.float64(1.0), 130, 290, 35, 15)",houghCircle,0.7791666666666667,41539992.920833334,30033575.0
"(np.float64(1.0), 130, 290, 40, 5)",houghCircle,0.5916666666666667,39926328.952083334,31038059.5
"(np.float64(1.0), 130, 290, 40, 10)",houghCircle,0.6291666666666667,50150342.46875,39809889.5
"(np.float64(1.0), 130, 290, 40, 15)",houghCircle,0.6666666666666666,41120937.46041667,30324245.0
"(np.float64(1.0), 130, 290, 45, 5)",houghCircle,0.21458333333333332,42996604.87291667,31735733.0
"(np.float64(1.0), 130, 290, 45, 10)",houghCircle,0.23125,39629662.78541667,30143145.0
"(np.float64(1.0), 130, 290, 45, 15)",houghCircle,0.2375,40381590.697916664,30524846.5
"(np.float64(1.0), 140, 100, 30, 5)",houghCircle,0.49166666666666664,47178074.77916667,38721187.5
"(np.float64(1.0), 140, 100, 30, 10)",houghCircle,0.6375,47419419.84375,38064558.0
"(np.float64(1.0), 140, 100, 30, 15)",houghCircle,0.7854166666666667,42743268.735416666,35034447.0
"(np.float64(1.0), 140, 100, 35, 5)",houghCircle,0.675,45511662.57083333,37850325.0
"(np.float64(1.0), 140, 100, 35, 10)",houghCircle,0.7125,48567972.90208333,37382195.5
"(np.float64(1.0), 140, 100, 35, 15)",houghCircle,0.7979166666666667,47540394.14791667,37054094.5
"(np.float64(1.0), 140, 100, 40, 5)",houghCircle,0.6208333333333333,54258339.28541667,44802441.0
"(np.float64(1.0), 140, 100, 40, 10)",houghCircle,0.6666666666666666,43717630.49375,36029107.5
"(np.float64(1.0), 140, 100, 40, 15)",houghCircle,0.7208333333333333,45079054.295833334,35821478.0
"(np.float64(1.0), 140, 100, 45, 5)",houghCircle,0.35833333333333334,46644192.12916667,37290283.5
"(np.float64(1.0), 140, 100, 45, 10)",houghCircle,0.37916666666666665,44518597.516666666,35859795.0
"(np.float64(1.0), 140, 100, 45, 15)",houghCircle,0.3958333333333333,42721135.235416666,34483113.0
"(np.float64(1.0), 140, 110, 30, 5)",houghCircle,0.525,46153541.34583333,37397293.5
"(np.float64(1.0), 140, 110, 30, 10)",houghCircle,0.65,43227254.66458333,35516500.5
"(np.float64(1.0), 140, 110, 30, 15)",houghCircle,0.7916666666666666,43633173.92916667,35216362.5
"(np.float64(1.0), 140, 110, 35, 5)",houghCircle,0.675,45092663.885416664,35812496.0
"(np.float64(1.0), 140, 110, 35, 10)",houghCircle,0.7145833333333333,45260839.4875,35886795.5
"(np.float64(1.0), 140, 110, 35, 15)",houghCircle,0.8,56786553.11875,44874115.0
"(np.float64(1.0), 140, 110, 40, 5)",houghCircle,0.59375,47002104.93958333,36392349.5
"(np.float64(1.0), 140, 110, 40, 10)",houghCircle,0.63125,43730462.827083334,35232788.0
"(np.float64(1.0), 140, 110, 40, 15)",houghCircle,0.6854166666666667,43562054.35625,34324855.0
"(np.float64(1.0), 140, 110, 45, 5)",houghCircle,0.29583333333333334,45086166.61666667,36480648.5
"(np.float64(1.0), 140, 110, 45, 10)",houghCircle,0.31875,46243537.26875,35726595.5
"(np.float64(1.0), 140, 110, 45, 15)",houghCircle,0.33541666666666664,41664083.145833336,33559679.5
"(np.float64(1.0), 140, 120, 30, 5)",houghCircle,0.5645833333333333,45091568.35208333,35307308.0
"(np.float64(1.0), 140, 120, 30, 10)",houghCircle,0.6666666666666666,43247025.40416667,34098280.0
"(np.float64(1.0), 140, 120, 30, 15)",houghCircle,0.7979166666666667,47749579.65208333,35866963.0
"(np.float64(1.0), 140, 120, 35, 5)",houghCircle,0.68125,44743372.291666664,36351697.5
"(np.float64(1.0), 140, 120, 35, 10)",houghCircle,0.7104166666666667,43147933.104166664,34433581.5
"(np.float64(1.0), 140, 120, 35, 15)",houghCircle,0.79375,54673644.80833333,45212340.0
"(np.float64(1.0), 140, 120, 40, 5)",houghCircle,0.6020833333333333,42471938.74166667,34846273.5
"(np.float64(1.0), 140, 120, 40, 10)",houghCircle,0.6291666666666667,44787561.46041667,34947834.5
"(np.float64(1.0), 140, 120, 40, 15)",houghCircle,0.6833333333333333,43382332.41041667,34383174.0
"(np.float64(1.0), 140, 120, 45, 5)",houghCircle,0.26666666666666666,43697473.65833333,35429957.0
"(np.float64(1.0), 140, 120, 45, 10)",houghCircle,0.2875,46515394.014583334,35793145.5
"(np.float64(1.0), 140, 120, 45, 15)",houghCircle,0.30416666666666664,46471671.202083334,35447556.0
"(np.float64(1.0), 140, 130, 30, 5)",houghCircle,0.5854166666666667,42777686.83958333,33873089.0
"(np.float64(1.0), 140, 130, 30, 10)",houghCircle,0.6708333333333333,41678253.49166667,33656466.0
"(np.float64(1.0), 140, 130, 30, 15)",houghCircle,0.80625,43450906.26875,33583308.0
"(np.float64(1.0), 140, 130, 35, 5)",houghCircle,0.6770833333333334,44964058.06875,35294433.0
"(np.float64(1.0), 140, 130, 35, 10)",houghCircle,0.70625,45711785.69375,35545245.5
"(np.float64(1.0), 140, 130, 35, 15)",houghCircle,0.7916666666666666,45699299.80625,34567412.5
"(np.float64(1.0), 140, 130, 40, 5)",houghCircle,0.5958333333333333,42587520.375,33806939.0
"(np.float64(1.0), 140, 130, 40, 10)",houghCircle,0.6229166666666667,54270548.1375,43911059.0
"(np.float64(1.0), 140, 130, 40, 15)",houghCircle,0.6770833333333334,43813535.93541667,33173179.5
"(np.float64(1.0), 140, 130, 45, 5)",houghCircle,0.23333333333333334,44301416.31458333,34773642.0
"(np.float64(1.0), 140, 130, 45, 10)",houghCircle,0.25,42203197.177083336,33611161.0
"(np.float64(1.0), 140, 130, 45, 15)",houghCircle,0.2625,42797826.197916664,33909636.0
"(np.float64(1.0), 140, 140, 30, 5)",houghCircle,0.6,40449397.87708333,32430680.5
"(np.float64(1.0), 140, 140, 30, 10)",houghCircle,0.6854166666666667,44873795.29375,34495581.0
"(np.float64(1.0), 140, 140, 30, 15)",houghCircle,0.8,42288758.30833333,33285074.0
"(np.float64(1.0), 140, 140, 35, 5)",houghCircle,0.6770833333333334,45420281.59791667,34771333.0
"(np.float64(1.0), 140, 140, 35, 10)",houghCircle,0.7041666666666667,44327657.725,34718092.0
"(np.float64(1.0), 140, 140, 35, 15)",houghCircle,0.7875,41503331.985416666,32397914.5
"(np.float64(1.0), 140, 140, 40, 5)",houghCircle,0.6020833333333333,49873230.708333336,42091556.0
"(np.float64(1.0), 140, 140, 40, 10)",houghCircle,0.625,46347402.13125,34909072.0
"(np.float64(1.0), 140, 140, 40, 15)",houghCircle,0.6791666666666667,41664322.31875,33280451.5
"(np.float64(1.0), 140, 140, 45, 5)",houghCircle,0.225,44977489.1,34168676.0
"(np.float64(1.0), 140, 140, 45, 10)",houghCircle,0.24375,40311617.90416667,32174992.5
"(np.float64(1.0), 140, 140, 45, 15)",houghCircle,0.2520833333333333,45058573.670833334,34215890.0
"(np.float64(1.0), 140, 150, 30, 5)",houghCircle,0.61875,43308285.141666666,33342412.0
"(np.float64(1.0), 140, 150, 30, 10)",houghCircle,0.6916666666666667,43411349.64791667,33986310.0
"(np.float64(1.0), 140, 150, 30, 15)",houghCircle,0.8020833333333334,42169873.202083334,32104400.5
"(np.float64(1.0), 140, 150, 35, 5)",houghCircle,0.6770833333333334,44256154.85208333,34324564.0
"(np.float64(1.0), 140, 150, 35, 10)",houghCircle,0.7041666666666667,57368765.46666667,44628845.5
"(np.float64(1.0), 140, 150, 35, 15)",houghCircle,0.7875,40992173.28333333,32028330.5
"(np.float64(1.0), 140, 150, 40, 5)",houghCircle,0.5979166666666667,44426653.4625,33438485.5
"(np.float64(1.0), 140, 150, 40, 10)",houghCircle,0.6208333333333333,44630302.11666667,34689815.5
"(np.float64(1.0), 140, 150, 40, 15)",houghCircle,0.675,44416876.99791667,33445024.5
"(np.float64(1.0), 140, 150, 45, 5)",houghCircle,0.21875,42407607.59583333,32464475.0
"(np.float64(1.0), 140, 150, 45, 10)",houghCircle,0.23541666666666666,40752471.81458333,32884668.0
"(np.float64(1.0), 140, 150, 45, 15)",houghCircle,0.24375,42700681.19583333,32921762.0
"(np.float64(1.0), 140, 160, 30, 5)",houghCircle,0.6229166666666667,43254881.08125,33411371.0
"(np.float64(1.0), 140, 160, 30, 10)",houghCircle,0.6958333333333333,40578128.7375,32841492.5
"(np.float64(1.0), 140, 160, 30, 15)",houghCircle,0.8083333333333333,41198448.69375,32013800.0
"(np.float64(1.0), 140, 160, 35, 5)",houghCircle,0.6791666666666667,45331383.34791667,34054522.0
"(np.float64(1.0), 140, 160, 35, 10)",houghCircle,0.7083333333333334,42424480.4375,31584764.5
"(np.float64(1.0), 140, 160, 35, 15)",houghCircle,0.7916666666666666,57100056.45625,42901220.0
"(np.float64(1.0), 140, 160, 40, 5)",houghCircle,0.5979166666666667,45446110.75208333,33899537.0
"(np.float64(1.0), 140, 160, 40, 10)",houghCircle,0.625,42232579.947916664,32105346.0
"(np.float64(1.0), 140, 160, 40, 15)",houghCircle,0.6770833333333334,41399564.03333333,31935001.5
"(np.float64(1.0), 140, 160, 45, 5)",houghCircle,0.2125,45398061.46666667,34834405.0
"(np.float64(1.0), 140, 160, 45, 10)",houghCircle,0.23125,42736826.079166666,33250519.5
"(np.float64(1.0), 140, 160, 45, 15)",houghCircle,0.2375,41608812.55,32334656.5
"(np.float64(1.0), 140, 170, 30, 5)",houghCircle,0.6375,43850675.197916664,34551319.5
"(np.float64(1.0), 140, 170, 30, 10)",houghCircle,0.7020833333333333,43896558.84166667,33676634.0
"(np.float64(1.0), 140, 170, 30, 15)",houghCircle,0.80625,40489196.760416664,31762337.5
"(np.float64(1.0), 140, 170, 35, 5)",houghCircle,0.6791666666666667,44623139.10208333,33655334.0
"(np.float64(1.0), 140, 170, 35, 10)",houghCircle,0.70625,40757709.7625,32443861.0
"(np.float64(1.0), 140, 170, 35, 15)",houghCircle,0.7875,41778133.947916664,32017476.5
"(np.float64(1.0), 140, 170, 40, 5)",houghCircle,0.5916666666666667,53345767.4375,42447449.0
"(np.float64(1.0), 140, 170, 40, 10)",houghCircle,0.6229166666666667,40352189.520833336,32579811.0
"(np.float64(1.0), 140, 170, 40, 15)",houghCircle,0.6729166666666667,44338136.90625,32261614.0
"(np.float64(1.0), 140, 170, 45, 5)",houghCircle,0.2125,42310303.8375,33367804.0
"(np.float64(1.0), 140, 170, 45, 10)",houghCircle,0.23125,44353594.53333333,33170198.5
"(np.float64(1.0), 140, 170, 45, 15)",houghCircle,0.2375,42466040.84583333,32296950.5
"(np.float64(1.0), 140, 180, 30, 5)",houghCircle,0.6416666666666667,42466689.81875,33373254.5
"(np.float64(1.0), 140, 180, 30, 10)",houghCircle,0.70625,45772258.1,32848796.5
"(np.float64(1.0), 140, 180, 30, 15)",houghCircle,0.8020833333333334,41655769.4125,31327628.0
"(np.float64(1.0), 140, 180, 35, 5)",houghCircle,0.6854166666666667,38550025.38333333,32408455.5
"(np.float64(1.0), 140, 180, 35, 10)",houghCircle,0.70625,43293818.235416666,33892364.5
"(np.float64(1.0), 140, 180, 35, 15)",houghCircle,0.7854166666666667,43388300.97291667,32378033.0
"(np.float64(1.0), 140, 180, 40, 5)",houghCircle,0.59375,39961914.922916666,31790215.5
"(np.float64(1.0), 140, 180, 40, 10)",houghCircle,0.6270833333333333,54968772.84375,42788657.5
"(np.float64(1.0), 140, 180, 40, 15)",houghCircle,0.6729166666666667,40890403.01875,31388561.5
"(np.float64(1.0), 140, 180, 45, 5)",houghCircle,0.2125,43545471.21666667,32771035.0
"(np.float64(1.0), 140, 180, 45, 10)",houghCircle,0.23125,44001747.99583333,33262286.5
"(np.float64(1.0), 140, 180, 45, 15)",houghCircle,0.2375,42909841.7875,32580979.0
"(np.float64(1.0), 140, 190, 30, 5)",houghCircle,0.6479166666666667,42999123.1625,32250658.5
"(np.float64(1.0), 140, 190, 30, 10)",houghCircle,0.7,40211186.59583333,31869899.5
"(np.float64(1.0), 140, 190, 30, 15)",houghCircle,0.79375,41204911.514583334,32035194.5
"(np.float64(1.0), 140, 190, 35, 5)",houghCircle,0.675,40508554.28958333,32718642.5
"(np.float64(1.0), 140, 190, 35, 10)",houghCircle,0.6979166666666666,43459037.235416666,33164096.5
"(np.float64(1.0), 140, 190, 35, 15)",houghCircle,0.7770833333333333,53403367.19166667,41757349.0
"(np.float64(1.0), 140, 190, 40, 5)",houghCircle,0.5854166666666667,45017749.56458333,32851602.0
"(np.float64(1.0), 140, 190, 40, 10)",houghCircle,0.6229166666666667,44326826.93541667,33010533.5
"(np.float64(1.0), 140, 190, 40, 15)",houghCircle,0.6666666666666666,42459404.172916666,32338578.5
"(np.float64(1.0), 140, 190, 45, 5)",houghCircle,0.2125,42113435.25625,32679117.0
"(np.float64(1.0), 140, 190, 45, 10)",houghCircle,0.23125,41578677.2125,31983127.0
"(np.float64(1.0), 140, 190, 45, 15)",houghCircle,0.2375,40554218.395833336,30659007.5
"(np.float64(1.0), 140, 200, 30, 5)",houghCircle,0.65,39512704.55416667,32325990.0
"(np.float64(1.0), 140, 200, 30, 10)",houghCircle,0.69375,43546449.891666666,32810889.5
"(np.float64(1.0), 140, 200, 30, 15)",houghCircle,0.7875,44760355.333333336,31805804.0
"(np.float64(1.0), 140, 200, 35, 5)",houghCircle,0.6729166666666667,42579012.77708333,31914142.5
"(np.float64(1.0), 140, 200, 35, 10)",houghCircle,0.7,41680095.5,31055797.0
"(np.float64(1.0), 140, 200, 35, 15)",houghCircle,0.775,42748329.98125,31140888.0
"(np.float64(1.0), 140, 200, 40, 5)",houghCircle,0.5854166666666667,55563680.40208333,43341459.5
"(np.float64(1.0), 140, 200, 40, 10)",houghCircle,0.6229166666666667,43639440.229166664,32494902.0
"(np.float64(1.0), 140, 200, 40, 15)",houghCircle,0.6666666666666666,40428696.7,30690703.0
"(np.float64(1.0), 140, 200, 45, 5)",houghCircle,0.2125,42649045.01875,32659175.0
"(np.float64(1.0), 140, 200, 45, 10)",houghCircle,0.23125,36931071.927083336,30367801.5
"(np.float64(1.0), 140, 200, 45, 15)",houghCircle,0.2375,41769086.56666667,31369786.5
"(np.float64(1.0), 140, 210, 30, 5)",houghCircle,0.6479166666666667,43982015.8,33262631.5
"(np.float64(1.0), 140, 210, 30, 10)",houghCircle,0.6916666666666667,41018235.77291667,31110045.0
"(np.float64(1.0), 140, 210, 30, 15)",houghCircle,0.7833333333333333,43697801.27916667,31417867.0
"(np.float64(1.0), 140, 210, 35, 5)",houghCircle,0.675,43024301.427083336,32286587.0
"(np.float64(1.0), 140, 210, 35, 10)",houghCircle,0.7020833333333333,42624400.270833336,31819420.0
"(np.float64(1.0), 140, 210, 35, 15)",houghCircle,0.775,44017419.61666667,32144309.0
"(np.float64(1.0), 140, 210, 40, 5)",houghCircle,0.5895833333333333,42435926.4625,32518356.5
"(np.float64(1.0), 140, 210, 40, 10)",houghCircle,0.6208333333333333,40018220.08541667,31994423.0
"(np.float64(1.0), 140, 210, 40, 15)",houghCircle,0.6666666666666666,42177612.979166664,32103186.5
"(np.float64(1.0), 140, 210, 45, 5)",houghCircle,0.2125,49091142.795833334,39611834.0
"(np.float64(1.0), 140, 210, 45, 10)",houghCircle,0.23125,43419740.42916667,32524863.5
"(np.float64(1.0), 140, 210, 45, 15)",houghCircle,0.2375,42146788.47291667,30294122.0
"(np.float64(1.0), 140, 220, 30, 5)",houghCircle,0.65625,40116844.53541667,31258938.0
"(np.float64(1.0), 140, 220, 30, 10)",houghCircle,0.6875,42492717.38125,32360961.5
"(np.float64(1.0), 140, 220, 30, 15)",houghCircle,0.7791666666666667,41717639.04375,32142922.0
"(np.float64(1.0), 140, 220, 35, 5)",houghCircle,0.6708333333333333,44315799.677083336,33047971.0
"(np.float64(1.0), 140, 220, 35, 10)",houghCircle,0.6958333333333333,41324671.989583336,31383696.5
"(np.float64(1.0), 140, 220, 35, 15)",houghCircle,0.7708333333333334,44047498.0875,31870409.0
"(np.float64(1.0), 140, 220, 40, 5)",houghCircle,0.5895833333333333,42435339.91458333,32003844.5
"(np.float64(1.0), 140, 220, 40, 10)",houghCircle,0.6229166666666667,51989581.59166667,41288738.5
"(np.float64(1.0), 140, 220, 40, 15)",houghCircle,0.6666666666666666,40490929.322916664,31633791.5
"(np.float64(1.0), 140, 220, 45, 5)",houghCircle,0.2125,40432107.55833333,31713421.0
"(np.float64(1.0), 140, 220, 45, 10)",houghCircle,0.23125,42019289.35,31372335.5
"(np.float64(1.0), 140, 220, 45, 15)",houghCircle,0.2375,42315813.03333333,30769220.0
"(np.float64(1.0), 140, 230, 30, 5)",houghCircle,0.65625,41988276.34166667,31460541.0
"(np.float64(1.0), 140, 230, 30, 10)",houghCircle,0.6854166666666667,41411753.37291667,31233420.0
"(np.float64(1.0), 140, 230, 30, 15)",houghCircle,0.7770833333333333,39938994.22083333,31361541.0
"(np.float64(1.0), 140, 230, 35, 5)",houghCircle,0.675,41702954.802083336,31123660.0
"(np.float64(1.0), 140, 230, 35, 10)",houghCircle,0.7,42669553.72291667,31839156.5
"(np.float64(1.0), 140, 230, 35, 15)",houghCircle,0.7708333333333334,43629969.24166667,32254275.5
"(np.float64(1.0), 140, 230, 40, 5)",houghCircle,0.5895833333333333,53449939.4125,41740667.5
"(np.float64(1.0), 140, 230, 40, 10)",houghCircle,0.6229166666666667,41639207.93958333,31538622.0
"(np.float64(1.0), 140, 230, 40, 15)",houghCircle,0.6666666666666666,39114326.24375,30396370.0
"(np.float64(1.0), 140, 230, 45, 5)",houghCircle,0.2125,41740730.90833333,32528755.5
"(np.float64(1.0), 140, 230, 45, 10)",houghCircle,0.23125,41526313.93958333,31373648.0
"(np.float64(1.0), 140, 230, 45, 15)",houghCircle,0.2375,43047083.775,30988816.0
"(np.float64(1.0), 140, 240, 30, 5)",houghCircle,0.65625,43084880.89791667,33060993.5
"(np.float64(1.0), 140, 240, 30, 10)",houghCircle,0.6875,41572164.8125,31135171.0
"(np.float64(1.0), 140, 240, 30, 15)",houghCircle,0.7770833333333333,39816288.1,30762962.5
"(np.float64(1.0), 140, 240, 35, 5)",houghCircle,0.6791666666666667,43640489.97708333,31731484.5
"(np.float64(1.0), 140, 240, 35, 10)",houghCircle,0.7041666666666667,44127704.63333333,31687072.0
"(np.float64(1.0), 140, 240, 35, 15)",houghCircle,0.7708333333333334,39724224.66458333,30270208.5
"(np.float64(1.0), 140, 240, 40, 5)",houghCircle,0.5916666666666667,54127211.072916664,41837915.0
"(np.float64(1.0), 140, 240, 40, 10)",houghCircle,0.6270833333333333,39409705.358333334,30599520.5
"(np.float64(1.0), 140, 240, 40, 15)",houghCircle,0.66875,40527126.53333333,31257235.0
"(np.float64(1.0), 140, 240, 45, 5)",houghCircle,0.2125,41259083.07083333,31301682.5
"(np.float64(1.0), 140, 240, 45, 10)",houghCircle,0.23125,40862795.854166664,31839778.0
"(np.float64(1.0), 140, 240, 45, 15)",houghCircle,0.2375,41589623.6375,30754331.5
"(np.float64(1.0), 140, 250, 30, 5)",houghCircle,0.6625,43026488.25208333,32143232.0
"(np.float64(1.0), 140, 250, 30, 10)",houghCircle,0.6958333333333333,43325879.25208333,32239277.0
"(np.float64(1.0), 140, 250, 30, 15)",houghCircle,0.7770833333333333,41767058.49583333,31153902.5
"(np.float64(1.0), 140, 250, 35, 5)",houghCircle,0.68125,41096858.802083336,31117718.5
"(np.float64(1.0), 140, 250, 35, 10)",houghCircle,0.7041666666666667,40855647.99791667,30780930.5
"(np.float64(1.0), 140, 250, 35, 15)",houghCircle,0.7708333333333334,41306452.25416667,31233130.0
"(np.float64(1.0), 140, 250, 40, 5)",houghCircle,0.5916666666666667,42862768.520833336,31969201.0
"(np.float64(1.0), 140, 250, 40, 10)",houghCircle,0.6270833333333333,44069342.545833334,32009055.5
"(np.float64(1.0), 140, 250, 40, 15)",houghCircle,0.66875,40323908.114583336,30836100.5
"(np.float64(1.0), 140, 250, 45, 5)",houghCircle,0.2125,50851022.12291667,40701687.0
"(np.float64(1.0), 140, 250, 45, 10)",houghCircle,0.23125,43484674.5,31542540.0
"(np.float64(1.0), 140, 250, 45, 15)",houghCircle,0.2375,41341977.37708333,31030965.5
"(np.float64(1.0), 140, 260, 30, 5)",houghCircle,0.66875,41088340.8125,32230305.0
"(np.float64(1.0), 140, 260, 30, 10)",houghCircle,0.7,40180414.97083333,30336167.5
"(np.float64(1.0), 140, 260, 30, 15)",houghCircle,0.78125,42415218.7125,30590189.0
"(np.float64(1.0), 140, 260, 35, 5)",houghCircle,0.68125,42902149.5,31377135.0
"(np.float64(1.0), 140, 260, 35, 10)",houghCircle,0.70625,40640558.391666666,31569351.0
"(np.float64(1.0), 140, 260, 35, 15)",houghCircle,0.7708333333333334,39571385.020833336,30694679.5
"(np.float64(1.0), 140, 260, 40, 5)",houghCircle,0.5916666666666667,42605490.24375,31689546.5
"(np.float64(1.0), 140, 260, 40, 10)",houghCircle,0.625,39569042.13333333,31119776.0
"(np.float64(1.0), 140, 260, 40, 15)",houghCircle,0.6666666666666666,52995982.4,40424743.5
"(np.float64(1.0), 140, 260, 45, 5)",houghCircle,0.2125,41865686.43958333,32487132.5
"(np.float64(1.0), 140, 260, 45, 10)",houghCircle,0.23125,38418162.13125,31169130.5
"(np.float64(1.0), 140, 260, 45, 15)",houghCircle,0.2375,39884009.41875,30525807.0
"(np.float64(1.0), 140, 270, 30, 5)",houghCircle,0.6770833333333334,39602293.135416664,31755194.5
"(np.float64(1.0), 140, 270, 30, 10)",houghCircle,0.7020833333333333,38853811.760416664,30330396.5
"(np.float64(1.0), 140, 270, 30, 15)",houghCircle,0.78125,40327989.40625,31723348.0
"(np.float64(1.0), 140, 270, 35, 5)",houghCircle,0.68125,42639375.40625,31680649.0
"(np.float64(1.0), 140, 270, 35, 10)",houghCircle,0.7104166666666667,40193137.24375,30679641.5
"(np.float64(1.0), 140, 270, 35, 15)",houghCircle,0.775,41896471.020833336,31808284.0
"(np.float64(1.0), 140, 270, 40, 5)",houghCircle,0.5916666666666667,41541533.19375,32271016.5
"(np.float64(1.0), 140, 270, 40, 10)",houghCircle,0.6270833333333333,51560170.08958333,40369390.5
"(np.float64(1.0), 140, 270, 40, 15)",houghCircle,0.6666666666666666,42545679.71875,31022906.0
"(np.float64(1.0), 140, 270, 45, 5)",houghCircle,0.2125,42752059.34375,31676967.5
"(np.float64(1.0), 140, 270, 45, 10)",houghCircle,0.23125,40868074.21875,31137521.5
"(np.float64(1.0), 140, 270, 45, 15)",houghCircle,0.2375,40623389.99375,30444300.0
"(np.float64(1.0), 140, 280, 30, 5)",houghCircle,0.68125,40907374.1875,31441609.5
"(np.float64(1.0), 140, 280, 30, 10)",houghCircle,0.7020833333333333,38237629.13333333,30962637.0
"(np.float64(1.0), 140, 280, 30, 15)",houghCircle,0.7833333333333333,42245362.19583333,30488121.5
"(np.float64(1.0), 140, 280, 35, 5)",houghCircle,0.68125,40778990.233333334,31500791.0
"(np.float64(1.0), 140, 280, 35, 10)",houghCircle,0.7125,40657343.21458333,30704267.0
"(np.float64(1.0), 140, 280, 35, 15)",houghCircle,0.775,38280824.27916667,30417945.5
"(np.float64(1.0), 140, 280, 40, 5)",houghCircle,0.5916666666666667,50676507.62708333,40759802.0
"(np.float64(1.0), 140, 280, 40, 10)",houghCircle,0.6291666666666667,37701850.579166666,30170627.0
"(np.float64(1.0), 140, 280, 40, 15)",houghCircle,0.6666666666666666,42653181.510416664,31091926.0
"(np.float64(1.0), 140, 280, 45, 5)",houghCircle,0.2125,38810551.33958333,31262705.5
"(np.float64(1.0), 140, 280, 45, 10)",houghCircle,0.23125,43230264.985416666,30897851.5
"(np.float64(1.0), 140, 280, 45, 15)",houghCircle,0.2375,41037790.99583333,30461923.0
"(np.float64(1.0), 140, 290, 30, 5)",houghCircle,0.68125,37646771.28541667,30326860.0
"(np.float64(1.0), 140, 290, 30, 10)",houghCircle,0.7104166666666667,42885923.99583333,31815914.0
"(np.float64(1.0), 140, 290, 30, 15)",houghCircle,0.7854166666666667,41941245.75833333,30656482.5
"(np.float64(1.0), 140, 290, 35, 5)",houghCircle,0.6854166666666667,40304273.74375,31367737.5
"(np.float64(1.0), 140, 290, 35, 10)",houghCircle,0.7145833333333333,44716769.697916664,32018107.5
"(np.float64(1.0), 140, 290, 35, 15)",houghCircle,0.7791666666666667,38397620.17916667,30311270.5
"(np.float64(1.0), 140, 290, 40, 5)",houghCircle,0.5916666666666667,41992357.31458333,31024258.0
"(np.float64(1.0), 140, 290, 40, 10)",houghCircle,0.6291666666666667,49566239.14791667,39357411.5
"(np.float64(1.0), 140, 290, 40, 15)",houghCircle,0.6666666666666666,39224665.889583334,29585158.5
"(np.float64(1.0), 140, 290, 45, 5)",houghCircle,0.21458333333333332,41191440.24375,30777860.5
"(np.float64(1.0), 140, 290, 45, 10)",houghCircle,0.23125,40784953.21875,30953154.5
"(np.float64(1.0), 140, 290, 45, 15)",houghCircle,0.2375,40114209.93333333,31318019.0
"(np.float64(1.0), 150, 100, 30, 5)",houghCircle,0.49583333333333335,45456582.3,37601442.0
"(np.float64(1.0), 150, 100, 30, 10)",houghCircle,0.6375,44940824.952083334,37150982.5
"(np.float64(1.0), 150, 100, 30, 15)",houghCircle,0.7875,44161367.98125,36418748.5
"(np.float64(1.0), 150, 100, 35, 5)",houghCircle,0.675,48464447.88125,38083070.5
"(np.float64(1.0), 150, 100, 35, 10)",houghCircle,0.7125,45604733.891666666,36621633.5
"(np.float64(1.0), 150, 100, 35, 15)",houghCircle,0.7979166666666667,43743480.572916664,35909815.5
"(np.float64(1.0), 150, 100, 40, 5)",houghCircle,0.6208333333333333,43428668.3125,35706823.0
"(np.float64(1.0), 150, 100, 40, 10)",houghCircle,0.6666666666666666,46101055.41458333,37038811.0
"(np.float64(1.0), 150, 100, 40, 15)",houghCircle,0.7208333333333333,54299735.675,44530241.0
"(np.float64(1.0), 150, 100, 45, 5)",houghCircle,0.35833333333333334,46415199.52291667,37308887.5
"(np.float64(1.0), 150, 100, 45, 10)",houghCircle,0.37916666666666665,46766611.833333336,38300323.5
"(np.float64(1.0), 150, 100, 45, 15)",houghCircle,0.3958333333333333,43001837.170833334,35914458.0
"(np.float64(1.0), 150, 110, 30, 5)",houghCircle,0.525,46532205.26875,37673412.5
"(np.float64(1.0), 150, 110, 30, 10)",houghCircle,0.65,44410182.68333333,36998712.0
"(np.float64(1.0), 150, 110, 30, 15)",houghCircle,0.7916666666666666,43901124.0625,35183746.5
"(np.float64(1.0), 150, 110, 35, 5)",houghCircle,0.675,44004591.458333336,36096047.5
"(np.float64(1.0), 150, 110, 35, 10)",houghCircle,0.7145833333333333,44435848.50625,36116355.5
"(np.float64(1.0), 150, 110, 35, 15)",houghCircle,0.8,42778533.97291667,34759385.0
"(np.float64(1.0), 150, 110, 40, 5)",houghCircle,0.59375,47582562.08541667,36373603.5
"(np.float64(1.0), 150, 110, 40, 10)",houghCircle,0.63125,56826329.297916666,45711101.5
"(np.float64(1.0), 150, 110, 40, 15)",houghCircle,0.6854166666666667,46517300.14791667,36214870.5
"(np.float64(1.0), 150, 110, 45, 5)",houghCircle,0.29583333333333334,49226532.05,35817454.5
"(np.float64(1.0), 150, 110, 45, 10)",houghCircle,0.31875,43322422.239583336,35444541.0
"(np.float64(1.0), 150, 110, 45, 15)",houghCircle,0.33541666666666664,47122006.68125,35189737.5
"(np.float64(1.0), 150, 120, 30, 5)",houghCircle,0.5645833333333333,42990299.979166664,35712237.5
"(np.float64(1.0), 150, 120, 30, 10)",houghCircle,0.6666666666666666,44986504.2125,35179548.0
"(np.float64(1.0), 150, 120, 30, 15)",houghCircle,0.7979166666666667,42360444.40833333,34191355.0
"(np.float64(1.0), 150, 120, 35, 5)",houghCircle,0.68125,47045588.88125,36075995.0
"(np.float64(1.0), 150, 120, 35, 10)",houghCircle,0.7104166666666667,43639851.145833336,34859203.0
"(np.float64(1.0), 150, 120, 35, 15)",houghCircle,0.79375,53723445.53541667,43969553.5
"(np.float64(1.0), 150, 120, 40, 5)",houghCircle,0.6020833333333333,46055429.48125,36559317.5
"(np.float64(1.0), 150, 120, 40, 10)",houghCircle,0.6291666666666667,43645883.88125,34584276.5
"(np.float64(1.0), 150, 120, 40, 15)",houghCircle,0.6833333333333333,42555296.46041667,33610614.5
"(np.float64(1.0), 150, 120, 45, 5)",houghCircle,0.26666666666666666,44337334.69375,35639176.0
"(np.float64(1.0), 150, 120, 45, 10)",houghCircle,0.2875,42759558.45625,34837837.0
"(np.float64(1.0), 150, 120, 45, 15)",houghCircle,0.30416666666666664,45864334.02916667,34415436.5
"(np.float64(1.0), 150, 130, 30, 5)",houghCircle,0.5854166666666667,47345996.7625,35213968.0
"(np.float64(1.0), 150, 130, 30, 10)",houghCircle,0.6708333333333333,41807455.979166664,33674975.5
"(np.float64(1.0), 150, 130, 30, 15)",houghCircle,0.80625,43383251.7125,33470052.5
"(np.float64(1.0), 150, 130, 35, 5)",houghCircle,0.6770833333333334,43860334.99583333,35655857.0
"(np.float64(1.0), 150, 130, 35, 10)",houghCircle,0.70625,43320810.7625,33934467.5
"(np.float64(1.0), 150, 130, 35, 15)",houghCircle,0.7916666666666666,42423419.49375,32985892.5
"(np.float64(1.0), 150, 130, 40, 5)",houghCircle,0.5958333333333333,56562843.75416667,45523163.0
"(np.float64(1.0), 150, 130, 40, 10)",houghCircle,0.6229166666666667,44189679.23125,34626295.5
"(np.float64(1.0), 150, 130, 40, 15)",houghCircle,0.6770833333333334,42258169.791666664,33037500.0
"(np.float64(1.0), 150, 130, 45, 5)",houghCircle,0.23333333333333334,45632248.37083333,35825555.5
"(np.float64(1.0), 150, 130, 45, 10)",houghCircle,0.25,41063171.71041667,33847924.0
"(np.float64(1.0), 150, 130, 45, 15)",houghCircle,0.2625,44261694.322916664,33244978.5
"(np.float64(1.0), 150, 140, 30, 5)",houghCircle,0.6,44221859.670833334,34590173.0
"(np.float64(1.0), 150, 140, 30, 10)",houghCircle,0.6854166666666667,42952601.89791667,33850725.5
"(np.float64(1.0), 150, 140, 30, 15)",houghCircle,0.8,43828082.44375,33684600.0
"(np.float64(1.0), 150, 140, 35, 5)",houghCircle,0.6770833333333334,44236912.6875,34481910.0
"(np.float64(1.0), 150, 140, 35, 10)",houghCircle,0.7041666666666667,43321368.43541667,33260553.5
"(np.float64(1.0), 150, 140, 35, 15)",houghCircle,0.7875,41750046.82083333,33816316.0
"(np.float64(1.0), 150, 140, 40, 5)",houghCircle,0.6020833333333333,42287817.75416667,33545598.0
"(np.float64(1.0), 150, 140, 40, 10)",houghCircle,0.625,45721499.4625,35140188.5
"(np.float64(1.0), 150, 140, 40, 15)",houghCircle,0.6791666666666667,51737029.9125,42515501.5
"(np.float64(1.0), 150, 140, 45, 5)",houghCircle,0.225,42286706.18958333,32894226.5
"(np.float64(1.0), 150, 140, 45, 10)",houghCircle,0.24375,45228516.822916664,34213140.5
"(np.float64(1.0), 150, 140, 45, 15)",houghCircle,0.2520833333333333,44560220.74583333,35615847.0
"(np.float64(1.0), 150, 150, 30, 5)",houghCircle,0.6208333333333333,43268334.45,33745958.5
"(np.float64(1.0), 150, 150, 30, 10)",houghCircle,0.6916666666666667,44055009.50833333,33861459.0
"(np.float64(1.0), 150, 150, 30, 15)",houghCircle,0.8020833333333334,43963381.50416667,33046944.0
"(np.float64(1.0), 150, 150, 35, 5)",houghCircle,0.6770833333333334,42180295.30416667,33571276.0
"(np.float64(1.0), 150, 150, 35, 10)",houghCircle,0.7041666666666667,44107263.25416667,34570317.0
"(np.float64(1.0), 150, 150, 35, 15)",houghCircle,0.7875,45226441.80625,33997792.5
"(np.float64(1.0), 150, 150, 40, 5)",houghCircle,0.5979166666666667,43413295.03541667,34733637.5
"(np.float64(1.0), 150, 150, 40, 10)",houghCircle,0.6208333333333333,49988210.7875,38377798.5
"(np.float64(1.0), 150, 150, 40, 15)",houghCircle,0.675,47081015.75208333,34755492.5
"(np.float64(1.0), 150, 150, 45, 5)",houghCircle,0.21875,40836494.22708333,33876584.5
"(np.float64(1.0), 150, 150, 45, 10)",houghCircle,0.23541666666666666,40083206.06666667,33398547.5
"(np.float64(1.0), 150, 150, 45, 15)",houghCircle,0.24375,43523197.29375,33693255.0
"(np.float64(1.0), 150, 160, 30, 5)",houghCircle,0.625,42493742.6125,32392003.5
"(np.float64(1.0), 150, 160, 30, 10)",houghCircle,0.6958333333333333,42219998.635416664,32201827.0
"(np.float64(1.0), 150, 160, 30, 15)",houghCircle,0.8083333333333333,41194253.833333336,32279563.0
"(np.float64(1.0), 150, 160, 35, 5)",houghCircle,0.6791666666666667,44735918.43333333,32861344.0
"(np.float64(1.0), 150, 160, 35, 10)",houghCircle,0.7083333333333334,39702728.94375,30782364.0
"(np.float64(1.0), 150, 160, 35, 15)",houghCircle,0.7916666666666666,53322215.22291667,42782046.5
"(np.float64(1.0), 150, 160, 40, 5)",houghCircle,0.5979166666666667,44462928,33912456.5
"(np.float64(1.0), 150, 160, 40, 10)",houghCircle,0.625,43086354.46458333,32609662.0
"(np.float64(1.0), 150, 160, 40, 15)",houghCircle,0.6770833333333334,43738945.54375,33335608.5
"(np.float64(1.0), 150, 160, 45, 5)",houghCircle,0.2125,40425748.725,30978207.0
"(np.float64(1.0), 150, 160, 45, 10)",houghCircle,0.23125,42145560.15208333,33181551.0
"(np.float64(1.0), 150, 160, 45, 15)",houghCircle,0.2375,45147941.62291667,33015645.0
"(np.float64(1.0), 150, 170, 30, 5)",houghCircle,0.6395833333333333,39879634.65833333,32060537.0
"(np.float64(1.0), 150, 170, 30, 10)",houghCircle,0.7020833333333333,45918626.93125,33905704.5
"(np.float64(1.0), 150, 170, 30, 15)",houghCircle,0.80625,42003724.01875,32538419.0
"(np.float64(1.0), 150, 170, 35, 5)",houghCircle,0.6791666666666667,41499036.05625,32583803.5
"(np.float64(1.0), 150, 170, 35, 10)",houghCircle,0.70625,51960376.59375,41635765.5
"(np.float64(1.0), 150, 170, 35, 15)",houghCircle,0.7875,43604859.6,33194931.0
"(np.float64(1.0), 150, 170, 40, 5)",houghCircle,0.5916666666666667,42594838.36666667,33252286.5
"(np.float64(1.0), 150, 170, 40, 10)",houghCircle,0.6229166666666667,43917703.70625,33009201.5
"(np.float64(1.0), 150, 170, 40, 15)",houghCircle,0.6729166666666667,41373721.89791667,31808674.0
"(np.float64(1.0), 150, 170, 45, 5)",houghCircle,0.2125,41167455.33125,33255935.0
"(np.float64(1.0), 150, 170, 45, 10)",houghCircle,0.23125,42816409.170833334,33381440.0
"(np.float64(1.0), 150, 170, 45, 15)",houghCircle,0.2375,45022307.12708333,31533297.5
"(np.float64(1.0), 150, 180, 30, 5)",houghCircle,0.64375,44889382.75208333,32804127.5
"(np.float64(1.0), 150, 180, 30, 10)",houghCircle,0.70625,43020590.05,32396337.0
"(np.float64(1.0), 150, 180, 30, 15)",houghCircle,0.8020833333333334,41423520.83541667,31712368.5
"(np.float64(1.0), 150, 180, 35, 5)",houghCircle,0.6854166666666667,43425633.82083333,31656289.0
"(np.float64(1.0), 150, 180, 35, 10)",houghCircle,0.70625,42449531.63333333,32288896.0
"(np.float64(1.0), 150, 180, 35, 15)",houghCircle,0.7854166666666667,53946436.16041667,41281937.0
"(np.float64(1.0), 150, 180, 40, 5)",houghCircle,0.59375,42956949.479166664,33012567.5
"(np.float64(1.0), 150, 180, 40, 10)",houghCircle,0.6270833333333333,41388682.697916664,32638932.5
"(np.float64(1.0), 150, 180, 40, 15)",houghCircle,0.6729166666666667,38279687.05625,30603735.0
"(np.float64(1.0), 150, 180, 45, 5)",houghCircle,0.2125,43741992.52708333,32976019.0
"(np.float64(1.0), 150, 180, 45, 10)",houghCircle,0.23125,43032648.55833333,33209297.0
"(np.float64(1.0), 150, 180, 45, 15)",houghCircle,0.2375,42904914.52708333,32583037.5
"(np.float64(1.0), 150, 190, 30, 5)",houghCircle,0.6479166666666667,42320402.572916664,32824555.5
"(np.float64(1.0), 150, 190, 30, 10)",houghCircle,0.7,42592069.41875,32813294.5
"(np.float64(1.0), 150, 190, 30, 15)",houghCircle,0.79375,41744186.96041667,32002038.0
"(np.float64(1.0), 150, 190, 35, 5)",houghCircle,0.675,41022705.675,32887769.0
"(np.float64(1.0), 150, 190, 35, 10)",houghCircle,0.6979166666666666,42851399.520833336,32883461.0
"(np.float64(1.0), 150, 190, 35, 15)",houghCircle,0.7770833333333333,42127851.65208333,31470966.5
"(np.float64(1.0), 150, 190, 40, 5)",houghCircle,0.5854166666666667,52923834.93958333,41589197.5
"(np.float64(1.0), 150, 190, 40, 10)",houghCircle,0.6229166666666667,42664907.5375,33183264.5
"(np.float64(1.0), 150, 190, 40, 15)",houghCircle,0.6666666666666666,39536339.32083333,31235088.5
"(np.float64(1.0), 150, 190, 45, 5)",houghCircle,0.2125,44335478.52708333,32221303.5
"(np.float64(1.0), 150, 190, 45, 10)",houghCircle,0.23125,43334440.5375,32135442.5
"(np.float64(1.0), 150, 190, 45, 15)",houghCircle,0.2375,41408696.93333333,30685468.0
"(np.float64(1.0), 150, 200, 30, 5)",houghCircle,0.65,41128007.385416664,31955444.5
"(np.float64(1.0), 150, 200, 30, 10)",houghCircle,0.69375,42475261.78125,31583623.0
"(np.float64(1.0), 150, 200, 30, 15)",houghCircle,0.7875,41309038.475,31351306.5
"(np.float64(1.0), 150, 200, 35, 5)",houghCircle,0.6729166666666667,41994682.87083333,32335663.0
"(np.float64(1.0), 150, 200, 35, 10)",houghCircle,0.7,40742508.9875,31255538.0
"(np.float64(1.0), 150, 200, 35, 15)",houghCircle,0.775,40653359.197916664,31055953.0
"(np.float64(1.0), 150, 200, 40, 5)",houghCircle,0.5854166666666667,53963890.24583333,41782997.0
"(np.float64(1.0), 150, 200, 40, 10)",houghCircle,0.6229166666666667,44142402.5,31596015.5
"(np.float64(1.0), 150, 200, 40, 15)",houghCircle,0.6666666666666666,41031686.735416666,31834719.0
"(np.float64(1.0), 150, 200, 45, 5)",houghCircle,0.2125,43109273.822916664,33093114.5
"(np.float64(1.0), 150, 200, 45, 10)",houghCircle,0.23125,45352979.74583333,33346419.5
"(np.float64(1.0), 150, 200, 45, 15)",houghCircle,0.2375,39982282.725,30840918.0
"(np.float64(1.0), 150, 210, 30, 5)",houghCircle,0.6479166666666667,41573223.5375,32317629.5
"(np.float64(1.0), 150, 210, 30, 10)",houghCircle,0.6916666666666667,38847039.079166666,31555754.0
"(np.float64(1.0), 150, 210, 30, 15)",houghCircle,0.7833333333333333,36827563.93333333,29823305.0
"(np.float64(1.0), 150, 210, 35, 5)",houghCircle,0.675,42577147.645833336,32338348.0
"(np.float64(1.0), 150, 210, 35, 10)",houghCircle,0.7041666666666667,55338415.489583336,41557773.5
"(np.float64(1.0), 150, 210, 35, 15)",houghCircle,0.775,40510821.920833334,32235184.5
"(np.float64(1.0), 150, 210, 40, 5)",houghCircle,0.5895833333333333,43049490.53333333,32287037.0
"(np.float64(1.0), 150, 210, 40, 10)",houghCircle,0.6229166666666667,42171090.40833333,32034002.0
"(np.float64(1.0), 150, 210, 40, 15)",houghCircle,0.6666666666666666,41497274.82083333,30884796.5
"(np.float64(1.0), 150, 210, 45, 5)",houghCircle,0.2125,39955809.325,30576948.0
"(np.float64(1.0), 150, 210, 45, 10)",houghCircle,0.23125,42173253.58541667,32076172.0
"(np.float64(1.0), 150, 210, 45, 15)",houghCircle,0.2375,40358939.2375,31228005.5
"(np.float64(1.0), 150, 220, 30, 5)",houghCircle,0.65625,41415373.479166664,32347330.5
"(np.float64(1.0), 150, 220, 30, 10)",houghCircle,0.6875,39988991.50625,31119671.5
"(np.float64(1.0), 150, 220, 30, 15)",houghCircle,0.7791666666666667,40992435.62708333,30854589.5
"(np.float64(1.0), 150, 220, 35, 5)",houghCircle,0.6708333333333333,40837331.94375,31360789.0
"(np.float64(1.0), 150, 220, 35, 10)",houghCircle,0.6979166666666666,40672639.00416667,30796951.5
"(np.float64(1.0), 150, 220, 35, 15)",houghCircle,0.7708333333333334,41015763.916666664,31204160.0
"(np.float64(1.0), 150, 220, 40, 5)",houghCircle,0.5895833333333333,40429418.077083334,31497845.5
"(np.float64(1.0), 150, 220, 40, 10)",houghCircle,0.6229166666666667,40106133.52291667,31016628.5
"(np.float64(1.0), 150, 220, 40, 15)",houghCircle,0.6666666666666666,41802329.64791667,30642461.5
"(np.float64(1.0), 150, 220, 45, 5)",houghCircle,0.2125,52474036.3875,42042388.0
"(np.float64(1.0), 150, 220, 45, 10)",houghCircle,0.23125,43733895.475,31972546.5
"(np.float64(1.0), 150, 220, 45, 15)",houghCircle,0.2375,42513708.93333333,31171123.5
"(np.float64(1.0), 150, 230, 30, 5)",houghCircle,0.65625,46404905.88333333,35063347.0
"(np.float64(1.0), 150, 230, 30, 10)",houghCircle,0.6854166666666667,43364669.27916667,32969603.0
"(np.float64(1.0), 150, 230, 30, 15)",houghCircle,0.7770833333333333,40438388.86875,30701127.0
"(np.float64(1.0), 150, 230, 35, 5)",houghCircle,0.675,43046293.31875,32151177.0
"(np.float64(1.0), 150, 230, 35, 10)",houghCircle,0.7020833333333333,42957855.00833333,31827530.0
"(np.float64(1.0), 150, 230, 35, 15)",houghCircle,0.7708333333333334,42852027.86875,31640214.0
"(np.float64(1.0), 150, 230, 40, 5)",houghCircle,0.5895833333333333,41199545.14375,32511849.0
"(np.float64(1.0), 150, 230, 40, 10)",houghCircle,0.6229166666666667,40850727.235416666,31934210.5
"(np.float64(1.0), 150, 230, 40, 15)",houghCircle,0.6666666666666666,50820244.59583333,38942172.5
"(np.float64(1.0), 150, 230, 45, 5)",houghCircle,0.2125,43127996.71875,31881050.5
"(np.float64(1.0), 150, 230, 45, 10)",houghCircle,0.23125,40388669.78333333,30408773.0
"(np.float64(1.0), 150, 230, 45, 15)",houghCircle,0.2375,40723910.09791667,31068054.0
"(np.float64(1.0), 150, 240, 30, 5)",houghCircle,0.65625,42112139.9875,32016688.5
"(np.float64(1.0), 150, 240, 30, 10)",houghCircle,0.6875,38969635.59791667,30162431.5
"(np.float64(1.0), 150, 240, 30, 15)",houghCircle,0.7770833333333333,40577241.58958333,31248787.5
"(np.float64(1.0), 150, 240, 35, 5)",houghCircle,0.6791666666666667,39434589.47083333,31623692.5
"(np.float64(1.0), 150, 240, 35, 10)",houghCircle,0.70625,40901787.014583334,31369776.0
"(np.float64(1.0), 150, 240, 35, 15)",houghCircle,0.7708333333333334,38462459.10208333,30790474.5
"(np.float64(1.0), 150, 240, 40, 5)",houghCircle,0.5916666666666667,45128209.15,33092117.5
"(np.float64(1.0), 150, 240, 40, 10)",houghCircle,0.6270833333333333,55743136.5,41924538.0
"(np.float64(1.0), 150, 240, 40, 15)",houghCircle,0.66875,40814766.22291667,30408502.0
"(np.float64(1.0), 150, 240, 45, 5)",houghCircle,0.2125,41704501.83541667,31627755.0
"(np.float64(1.0), 150, 240, 45, 10)",houghCircle,0.23125,44629993.108333334,31766490.0
"(np.float64(1.0), 150, 240, 45, 15)",houghCircle,0.2375,41571568.24791667,31557568.0
"(np.float64(1.0), 150, 250, 30, 5)",houghCircle,0.6625,40434283.73125,32159097.0
"(np.float64(1.0), 150, 250, 30, 10)",houghCircle,0.6958333333333333,39695993,30585394.5
"(np.float64(1.0), 150, 250, 30, 15)",houghCircle,0.7770833333333333,36697144.0875,30008216.0
"(np.float64(1.0), 150, 250, 35, 5)",houghCircle,0.68125,43146413.53958333,32955852.0
"(np.float64(1.0), 150, 250, 35, 10)",houghCircle,0.70625,39738183.5125,31857531.0
"(np.float64(1.0), 150, 250, 35, 15)",houghCircle,0.7708333333333334,48661065.9625,38207028.0
"(np.float64(1.0), 150, 250, 40, 5)",houghCircle,0.5916666666666667,43768433.43541667,33013108.5
"(np.float64(1.0), 150, 250, 40, 10)",houghCircle,0.6270833333333333,40442835.954166666,30616443.0
"(np.float64(1.0), 150, 250, 40, 15)",houghCircle,0.66875,41446927.65625,31162617.5
"(np.float64(1.0), 150, 250, 45, 5)",houghCircle,0.2125,39186857.145833336,30998529.5
"(np.float64(1.0), 150, 250, 45, 10)",houghCircle,0.23125,41680220.427083336,31710155.0
"(np.float64(1.0), 150, 250, 45, 15)",houghCircle,0.2375,39657751.170833334,30462223.5
"(np.float64(1.0), 150, 260, 30, 5)",houghCircle,0.66875,42749208.7125,31704093.5
"(np.float64(1.0), 150, 260, 30, 10)",houghCircle,0.7,41671914.96041667,31296979.5
"(np.float64(1.0), 150, 260, 30, 15)",houghCircle,0.78125,39350823.75625,31096408.5
"(np.float64(1.0), 150, 260, 35, 5)",houghCircle,0.68125,40419737.360416666,30995769.5
"(np.float64(1.0), 150, 260, 35, 10)",houghCircle,0.7083333333333334,39624817.75,31089490.0
"(np.float64(1.0), 150, 260, 35, 15)",houghCircle,0.7708333333333334,41609518.69583333,30845657.0
"(np.float64(1.0), 150, 260, 40, 5)",houghCircle,0.5916666666666667,41871093.16041667,31870516.0
"(np.float64(1.0), 150, 260, 40, 10)",houghCircle,0.625,43437770.49166667,31819760.5
"(np.float64(1.0), 150, 260, 40, 15)",houghCircle,0.6666666666666666,41476181.35208333,31018517.0
"(np.float64(1.0), 150, 260, 45, 5)",houghCircle,0.2125,48907641.235416666,38533755.5
"(np.float64(1.0), 150, 260, 45, 10)",houghCircle,0.23125,41007632.927083336,31813268.0
"(np.float64(1.0), 150, 260, 45, 15)",houghCircle,0.2375,42230970.69583333,31181187.5
"(np.float64(1.0), 150, 270, 30, 5)",houghCircle,0.6770833333333334,40558279.50416667,31536789.0
"(np.float64(1.0), 150, 270, 30, 10)",houghCircle,0.7020833333333333,40402786.36875,30909182.0
"(np.float64(1.0), 150, 270, 30, 15)",houghCircle,0.78125,42531362.87916667,30587133.0
"(np.float64(1.0), 150, 270, 35, 5)",houghCircle,0.68125,41689281.58541667,31601286.0
"(np.float64(1.0), 150, 270, 35, 10)",houghCircle,0.7125,39863397.18541667,30752718.0
"(np.float64(1.0), 150, 270, 35, 15)",houghCircle,0.775,38757870.90833333,30371548.0
"(np.float64(1.0), 150, 270, 40, 5)",houghCircle,0.5916666666666667,43071313.833333336,32032178.5
"(np.float64(1.0), 150, 270, 40, 10)",houghCircle,0.6270833333333333,40776804.89375,30851484.0
"(np.float64(1.0), 150, 270, 40, 15)",houghCircle,0.6666666666666666,53860090.71458333,40234441.5
"(np.float64(1.0), 150, 270, 45, 5)",houghCircle,0.2125,40684521.452083334,31334635.0
"(np.float64(1.0), 150, 270, 45, 10)",houghCircle,0.23125,41605230.22291667,31344573.5
"(np.float64(1.0), 150, 270, 45, 15)",houghCircle,0.2375,40798631.391666666,30735230.0
"(np.float64(1.0), 150, 280, 30, 5)",houghCircle,0.68125,39095286.63125,31309043.0
"(np.float64(1.0), 150, 280, 30, 10)",houghCircle,0.7020833333333333,38675210.4625,31280259.0
"(np.float64(1.0), 150, 280, 30, 15)",houghCircle,0.7833333333333333,41711244.704166666,31342118.5
"(np.float64(1.0), 150, 280, 35, 5)",houghCircle,0.68125,42340296.58125,31994669.0
"(np.float64(1.0), 150, 280, 35, 10)",houghCircle,0.7145833333333333,40314280.50833333,30514702.0
"(np.float64(1.0), 150, 280, 35, 15)",houghCircle,0.775,39503926.24583333,31271922.0
"(np.float64(1.0), 150, 280, 40, 5)",houghCircle,0.5916666666666667,39659770.68958333,31234606.0
"(np.float64(1.0), 150, 280, 40, 10)",houghCircle,0.6291666666666667,53020943.25208333,41852662.0
"(np.float64(1.0), 150, 280, 40, 15)",houghCircle,0.6666666666666666,39872133.05,30317276.0
"(np.float64(1.0), 150, 280, 45, 5)",houghCircle,0.2125,42446223.427083336,31838545.5
"(np.float64(1.0), 150, 280, 45, 10)",houghCircle,0.23125,42188022.87083333,31713160.5
"(np.float64(1.0), 150, 280, 45, 15)",houghCircle,0.2375,41086824.6875,30379378.5
"(np.float64(1.0), 150, 290, 30, 5)",houghCircle,0.68125,42380447.760416664,32368500.0
"(np.float64(1.0), 150, 290, 30, 10)",houghCircle,0.7104166666666667,40136030.610416666,31176709.5
"(np.float64(1.0), 150, 290, 30, 15)",houghCircle,0.7854166666666667,43227150.604166664,31594844.0
"(np.float64(1.0), 150, 290, 35, 5)",houghCircle,0.6854166666666667,40551302.739583336,32103303.5
"(np.float64(1.0), 150, 290, 35, 10)",houghCircle,0.7166666666666667,39655382.010416664,30302444.5
"(np.float64(1.0), 150, 290, 35, 15)",houghCircle,0.7791666666666667,40263407.47708333,30672618.5
"(np.float64(1.0), 150, 290, 40, 5)",houghCircle,0.5916666666666667,54710195.21875,40635709.0
"(np.float64(1.0), 150, 290, 40, 10)",houghCircle,0.6291666666666667,41850381.90833333,30980076.0
"(np.float64(1.0), 150, 290, 40, 15)",houghCircle,0.6666666666666666,40369442.3875,30312758.0
"(np.float64(1.0), 150, 290, 45, 5)",houghCircle,0.21458333333333332,41935782.21458333,31379925.5
"(np.float64(1.0), 150, 290, 45, 10)",houghCircle,0.23125,41024033.416666664,30746240.5
"(np.float64(1.0), 150, 290, 45, 15)",houghCircle,0.2375,36774169.96666667,29925255.5
"(np.float64(1.0), 160, 100, 30, 5)",houghCircle,0.5020833333333333,47029620.072916664,37532367.5
"(np.float64(1.0), 160, 100, 30, 10)",houghCircle,0.6416666666666667,46071265.38125,37293048.0
"(np.float64(1.0), 160, 100, 30, 15)",houghCircle,0.7895833333333333,45704986.49166667,36417601.5
"(np.float64(1.0), 160, 100, 35, 5)",houghCircle,0.68125,46281533.7875,37684217.0
"(np.float64(1.0), 160, 100, 35, 10)",houghCircle,0.7145833333333333,45497343.145833336,36761823.0
"(np.float64(1.0), 160, 100, 35, 15)",houghCircle,0.8,44152261.233333334,35651799.0
"(np.float64(1.0), 160, 100, 40, 5)",houghCircle,0.6208333333333333,47914792.30416667,36910995.5
"(np.float64(1.0), 160, 100, 40, 10)",houghCircle,0.6666666666666666,44635108.71875,35587759.0
"(np.float64(1.0), 160, 100, 40, 15)",houghCircle,0.7208333333333333,43438935.0375,35893777.5
"(np.float64(1.0), 160, 100, 45, 5)",houghCircle,0.36041666666666666,56466103.96458333,46940532.5
"(np.float64(1.0), 160, 100, 45, 10)",houghCircle,0.37916666666666665,43273441.65833333,36842449.0
"(np.float64(1.0), 160, 100, 45, 15)",houghCircle,0.3958333333333333,43919951.72708333,35645086.5
"(np.float64(1.0), 160, 110, 30, 5)",houghCircle,0.5333333333333333,48047338.25833333,36670616.0
"(np.float64(1.0), 160, 110, 30, 10)",houghCircle,0.6541666666666667,45359726.31666667,36173348.5
"(np.float64(1.0), 160, 110, 30, 15)",houghCircle,0.79375,45977725.30625,35607972.5
"(np.float64(1.0), 160, 110, 35, 5)",houghCircle,0.6791666666666667,45208030.447916664,36229172.0
"(np.float64(1.0), 160, 110, 35, 10)",houghCircle,0.7166666666666667,44337419.14791667,35851725.0
"(np.float64(1.0), 160, 110, 35, 15)",houghCircle,0.8,42991246.49583333,34810966.5
"(np.float64(1.0), 160, 110, 40, 5)",houghCircle,0.59375,44408976.85625,35753575.5
"(np.float64(1.0), 160, 110, 40, 10)",houghCircle,0.63125,44410254.635416664,36360649.5
"(np.float64(1.0), 160, 110, 40, 15)",houghCircle,0.6854166666666667,43143018.74791667,35177971.5
"(np.float64(1.0), 160, 110, 45, 5)",houghCircle,0.29791666666666666,54215756.975,43516027.5
"(np.float64(1.0), 160, 110, 45, 10)",houghCircle,0.31875,44759451.24375,35772811.5
"(np.float64(1.0), 160, 110, 45, 15)",houghCircle,0.33541666666666664,41872647.1875,34374213.0
"(np.float64(1.0), 160, 120, 30, 5)",houghCircle,0.5708333333333333,47925664.00625,36857171.0
"(np.float64(1.0), 160, 120, 30, 10)",houghCircle,0.6729166666666667,46119363.3,34886619.0
"(np.float64(1.0), 160, 120, 30, 15)",houghCircle,0.8,42256788.34166667,34210264.5
"(np.float64(1.0), 160, 120, 35, 5)",houghCircle,0.6833333333333333,46864251.56875,36125554.0
"(np.float64(1.0), 160, 120, 35, 10)",houghCircle,0.7145833333333333,44792472.72291667,35015476.0
"(np.float64(1.0), 160, 120, 35, 15)",houghCircle,0.79375,42883455.86666667,33115496.0
"(np.float64(1.0), 160, 120, 40, 5)",houghCircle,0.6020833333333333,43758535.15208333,35208322.5
"(np.float64(1.0), 160, 120, 40, 10)",houghCircle,0.6291666666666667,45113543.885416664,34960162.0
"(np.float64(1.0), 160, 120, 40, 15)",houghCircle,0.6833333333333333,55604860.52708333,44288336.5
"(np.float64(1.0), 160, 120, 45, 5)",houghCircle,0.26875,44613089.8,35072612.5
"(np.float64(1.0), 160, 120, 45, 10)",houghCircle,0.2875,45463420.37708333,35431522.0
"(np.float64(1.0), 160, 120, 45, 15)",houghCircle,0.30416666666666664,44863570.38333333,33949376.0
"(np.float64(1.0), 160, 130, 30, 5)",houghCircle,0.5895833333333333,43663688.25416667,34685054.5
"(np.float64(1.0), 160, 130, 30, 10)",houghCircle,0.6791666666666667,42692098.295833334,35207686.5
"(np.float64(1.0), 160, 130, 30, 15)",houghCircle,0.8083333333333333,42944846.25,33942563.0
"(np.float64(1.0), 160, 130, 35, 5)",houghCircle,0.6791666666666667,42155351.489583336,34505518.0
"(np.float64(1.0), 160, 130, 35, 10)",houghCircle,0.7104166666666667,43705187.18541667,33989655.0
"(np.float64(1.0), 160, 130, 35, 15)",houghCircle,0.7916666666666666,43238317.27708333,34450600.5
"(np.float64(1.0), 160, 130, 40, 5)",houghCircle,0.5958333333333333,42700646.045833334,34298896.0
"(np.float64(1.0), 160, 130, 40, 10)",houghCircle,0.6229166666666667,53873588.04375,43277747.0
"(np.float64(1.0), 160, 130, 40, 15)",houghCircle,0.6770833333333334,42681846.145833336,33489332.5
"(np.float64(1.0), 160, 130, 45, 5)",houghCircle,0.23333333333333334,44470397.110416666,34814138.0
"(np.float64(1.0), 160, 130, 45, 10)",houghCircle,0.25,43300908.37708333,34086552.5
"(np.float64(1.0), 160, 130, 45, 15)",houghCircle,0.2625,43549186.364583336,34498661.0
"(np.float64(1.0), 160, 140, 30, 5)",houghCircle,0.6041666666666666,42025087.95625,33365545.0
"(np.float64(1.0), 160, 140, 30, 10)",houghCircle,0.6895833333333333,43254264.71458333,33972368.5
"(np.float64(1.0), 160, 140, 30, 15)",houghCircle,0.8020833333333334,42466096.43333333,33258259.0
"(np.float64(1.0), 160, 140, 35, 5)",houghCircle,0.6770833333333334,44553641.045833334,34629732.0
"(np.float64(1.0), 160, 140, 35, 10)",houghCircle,0.7083333333333334,41876060.40833333,34239254.5
"(np.float64(1.0), 160, 140, 35, 15)",houghCircle,0.7875,44189140.77291667,32723832.0
"(np.float64(1.0), 160, 140, 40, 5)",houghCircle,0.6020833333333333,56065382.84791667,43952116.0
"(np.float64(1.0), 160, 140, 40, 10)",houghCircle,0.625,43370196.01875,33923396.5
"(np.float64(1.0), 160, 140, 40, 15)",houghCircle,0.6791666666666667,43910555.02916667,33509700.5
"(np.float64(1.0), 160, 140, 45, 5)",houghCircle,0.225,42615040.35625,33191950.0
"(np.float64(1.0), 160, 140, 45, 10)",houghCircle,0.24375,41711221.37083333,33425262.5
"(np.float64(1.0), 160, 140, 45, 15)",houghCircle,0.2520833333333333,43761429.74166667,33951740.0
"(np.float64(1.0), 160, 150, 30, 5)",houghCircle,0.625,44634635.1875,34984291.0
"(np.float64(1.0), 160, 150, 30, 10)",houghCircle,0.6958333333333333,43726359.895833336,33925646.0
"(np.float64(1.0), 160, 150, 30, 15)",houghCircle,0.8041666666666667,44901879.93541667,34178004.5
"(np.float64(1.0), 160, 150, 35, 5)",houghCircle,0.6791666666666667,44136758.7625,34219983.5
"(np.float64(1.0), 160, 150, 35, 10)",houghCircle,0.7083333333333334,43847171.83541667,33349721.0
"(np.float64(1.0), 160, 150, 35, 15)",houghCircle,0.7875,43184310.975,32290213.0
"(np.float64(1.0), 160, 150, 40, 5)",houghCircle,0.5979166666666667,40279745.233333334,33477330.5
"(np.float64(1.0), 160, 150, 40, 10)",houghCircle,0.6208333333333333,39212351.45625,31609010.0
"(np.float64(1.0), 160, 150, 40, 15)",houghCircle,0.675,40043663.6875,32983929.0
"(np.float64(1.0), 160, 150, 45, 5)",houghCircle,0.21875,42463880.41875,33574066.0
"(np.float64(1.0), 160, 150, 45, 10)",houghCircle,0.23541666666666666,50068014.37708333,41363599.0
"(np.float64(1.0), 160, 150, 45, 15)",houghCircle,0.24375,43747597.20625,33402694.5
"(np.float64(1.0), 160, 160, 30, 5)",houghCircle,0.6270833333333333,40941729.79375,33284082.5
"(np.float64(1.0), 160, 160, 30, 10)",houghCircle,0.6979166666666666,42272737.014583334,33266860.0
"(np.float64(1.0), 160, 160, 30, 15)",houghCircle,0.8083333333333333,41894447.30833333,32100897.0
"(np.float64(1.0), 160, 160, 35, 5)",houghCircle,0.68125,43449218.10208333,33069645.0
"(np.float64(1.0), 160, 160, 35, 10)",houghCircle,0.7125,46231199.21875,35924285.5
"(np.float64(1.0), 160, 160, 35, 15)",houghCircle,0.79375,42918257.297916666,32455583.0
"(np.float64(1.0), 160, 160, 40, 5)",houghCircle,0.5979166666666667,43377270.325,33149855.0
"(np.float64(1.0), 160, 160, 40, 10)",houghCircle,0.625,40446645.97708333,33045980.5
"(np.float64(1.0), 160, 160, 40, 15)",houghCircle,0.6770833333333334,55827029.15416667,43731837.5
"(np.float64(1.0), 160, 160, 45, 5)",houghCircle,0.2125,44440737.9375,34168296.5
"(np.float64(1.0), 160, 160, 45, 10)",houghCircle,0.23125,42888049.9,33738064.0
"(np.float64(1.0), 160, 160, 45, 15)",houghCircle,0.2375,42001381.052083336,31701864.5
"(np.float64(1.0), 160, 170, 30, 5)",houghCircle,0.64375,40850104.920833334,32463693.5
"(np.float64(1.0), 160, 170, 30, 10)",houghCircle,0.7041666666666667,41602941.989583336,32788502.0
"(np.float64(1.0), 160, 170, 30, 15)",houghCircle,0.80625,43023793.06458333,32512901.0
"(np.float64(1.0), 160, 170, 35, 5)",houghCircle,0.68125,43595534.72708333,33688607.0
"(np.float64(1.0), 160, 170, 35, 10)",houghCircle,0.7104166666666667,41644033.31875,33019244.5
"(np.float64(1.0), 160, 170, 35, 15)",houghCircle,0.7895833333333333,44284740.34791667,32906354.5
"(np.float64(1.0), 160, 170, 40, 5)",houghCircle,0.5916666666666667,42250500.49166667,33074454.5
"(np.float64(1.0), 160, 170, 40, 10)",houghCircle,0.6229166666666667,42419481.802083336,33517771.5
"(np.float64(1.0), 160, 170, 40, 15)",houghCircle,0.6729166666666667,48951618.95,38618695.0
"(np.float64(1.0), 160, 170, 45, 5)",houghCircle,0.2125,44906869.145833336,33759053.5
"(np.float64(1.0), 160, 170, 45, 10)",houghCircle,0.23125,41918463.12291667,32942386.5
"(np.float64(1.0), 160, 170, 45, 15)",houghCircle,0.2375,44082343.358333334,33309032.5
"(np.float64(1.0), 160, 180, 30, 5)",houghCircle,0.6458333333333334,45689634.78541667,34005932.0
"(np.float64(1.0), 160, 180, 30, 10)",houghCircle,0.7083333333333334,39084697.87291667,31466196.5
"(np.float64(1.0), 160, 180, 30, 15)",houghCircle,0.8020833333333334,41611584.858333334,31622004.0
"(np.float64(1.0), 160, 180, 35, 5)",houghCircle,0.6854166666666667,42870819.71041667,32883335.5
"(np.float64(1.0), 160, 180, 35, 10)",houghCircle,0.7083333333333334,41897672.420833334,33008415.0
"(np.float64(1.0), 160, 180, 35, 15)",houghCircle,0.7875,40972215.170833334,31661378.0
"(np.float64(1.0), 160, 180, 40, 5)",houghCircle,0.59375,54980022.51875,43704543.0
"(np.float64(1.0), 160, 180, 40, 10)",houghCircle,0.6270833333333333,45391153.36666667,33332052.0
"(np.float64(1.0), 160, 180, 40, 15)",houghCircle,0.6729166666666667,40145387.354166664,31654805.5
"(np.float64(1.0), 160, 180, 45, 5)",houghCircle,0.2125,42585476.03125,33740519.0
"(np.float64(1.0), 160, 180, 45, 10)",houghCircle,0.23125,43970838.99791667,33055739.0
"(np.float64(1.0), 160, 180, 45, 15)",houghCircle,0.2375,39283301.235416666,32053157.5
"(np.float64(1.0), 160, 190, 30, 5)",houghCircle,0.6520833333333333,43375811.43333333,33300948.0
"(np.float64(1.0), 160, 190, 30, 10)",houghCircle,0.7,39782688.625,31836256.0
"(np.float64(1.0), 160, 190, 30, 15)",houghCircle,0.79375,44459942.00625,32085755.0
"(np.float64(1.0), 160, 190, 35, 5)",houghCircle,0.675,42252251.29375,32919708.5
"(np.float64(1.0), 160, 190, 35, 10)",houghCircle,0.7,39958707.9375,32417222.0
"(np.float64(1.0), 160, 190, 35, 15)",houghCircle,0.7770833333333333,39259466.1375,31291830.0
"(np.float64(1.0), 160, 190, 40, 5)",houghCircle,0.5854166666666667,43827131.3125,32568955.0
"(np.float64(1.0), 160, 190, 40, 10)",houghCircle,0.6229166666666667,41851942.854166664,32825992.5
"(np.float64(1.0), 160, 190, 40, 15)",houghCircle,0.6666666666666666,41843923.74583333,31539389.5
"(np.float64(1.0), 160, 190, 45, 5)",houghCircle,0.2125,53335694.90833333,42740674.0
"(np.float64(1.0), 160, 190, 45, 10)",houghCircle,0.23125,40194201.09375,31504558.5
"(np.float64(1.0), 160, 190, 45, 15)",houghCircle,0.2375,42949552.15625,32636768.0
"(np.float64(1.0), 160, 200, 30, 5)",houghCircle,0.6520833333333333,43643083.60625,32352123.0
"(np.float64(1.0), 160, 200, 30, 10)",houghCircle,0.69375,42443623.385416664,32133899.5
"(np.float64(1.0), 160, 200, 30, 15)",houghCircle,0.7875,40702610.79375,31267444.5
"(np.float64(1.0), 160, 200, 35, 5)",houghCircle,0.6729166666666667,42332455.31458333,31978518.0
"(np.float64(1.0), 160, 200, 35, 10)",houghCircle,0.7020833333333333,41598664.6625,31192483.5
"(np.float64(1.0), 160, 200, 35, 15)",houghCircle,0.775,42754516.74791667,32501819.5
"(np.float64(1.0), 160, 200, 40, 5)",houghCircle,0.5854166666666667,43933529.625,33642219.0
"(np.float64(1.0), 160, 200, 40, 10)",houghCircle,0.6229166666666667,42069806.014583334,31755439.5
"(np.float64(1.0), 160, 200, 40, 15)",houghCircle,0.6666666666666666,40611096.74583333,31523160.0
"(np.float64(1.0), 160, 200, 45, 5)",houghCircle,0.2125,50554340.10625,40768899.0
"(np.float64(1.0), 160, 200, 45, 10)",houghCircle,0.23125,42388189.8,32795410.5
"(np.float64(1.0), 160, 200, 45, 15)",houghCircle,0.2375,40957732.95625,32120970.0
"(np.float64(1.0), 160, 210, 30, 5)",houghCircle,0.65,41679117.6375,32453860.5
"(np.float64(1.0), 160, 210, 30, 10)",houghCircle,0.6916666666666667,45058500.15,32371349.5
"(np.float64(1.0), 160, 210, 30, 15)",houghCircle,0.7833333333333333,42496820.15833333,31440192.5
"(np.float64(1.0), 160, 210, 35, 5)",houghCircle,0.675,42620057.525,32292478.5
"(np.float64(1.0), 160, 210, 35, 10)",houghCircle,0.70625,41876860.797916666,32267184.5
"(np.float64(1.0), 160, 210, 35, 15)",houghCircle,0.775,43200182.89375,32163936.5
"(np.float64(1.0), 160, 210, 40, 5)",houghCircle,0.5895833333333333,40206134.354166664,31843179.5
"(np.float64(1.0), 160, 210, 40, 10)",houghCircle,0.6229166666666667,53428446.8,40715018.0
"(np.float64(1.0), 160, 210, 40, 15)",houghCircle,0.6666666666666666,40103669.077083334,30861496.5
"(np.float64(1.0), 160, 210, 45, 5)",houghCircle,0.2125,39110308.77291667,32525729.5
"(np.float64(1.0), 160, 210, 45, 10)",houghCircle,0.23125,42556140.770833336,31673040.0
"(np.float64(1.0), 160, 210, 45, 15)",houghCircle,0.2375,41105467.2875,31176011.5
"(np.float64(1.0), 160, 220, 30, 5)",houghCircle,0.6583333333333333,44814317.52291667,32841989.5
"(np.float64(1.0), 160, 220, 30, 10)",houghCircle,0.6875,44831234.954166666,33307236.0
"(np.float64(1.0), 160, 220, 30, 15)",houghCircle,0.78125,39971728.447916664,30662614.5
"(np.float64(1.0), 160, 220, 35, 5)",houghCircle,0.6708333333333333,43512422.014583334,33450530.0
"(np.float64(1.0), 160, 220, 35, 10)",houghCircle,0.7,40128212.99166667,31612051.0
"(np.float64(1.0), 160, 220, 35, 15)",houghCircle,0.7708333333333334,42863639.37083333,31600053.0
"(np.float64(1.0), 160, 220, 40, 5)",houghCircle,0.5895833333333333,40872615.97708333,31351837.5
"(np.float64(1.0), 160, 220, 40, 10)",houghCircle,0.6229166666666667,54416291.733333334,41365328.5
"(np.float64(1.0), 160, 220, 40, 15)",houghCircle,0.6666666666666666,41371934.85,31944048.0
"(np.float64(1.0), 160, 220, 45, 5)",houghCircle,0.2125,42233645.97083333,31379730.0
"(np.float64(1.0), 160, 220, 45, 10)",houghCircle,0.23125,41655734.11875,32190553.0
"(np.float64(1.0), 160, 220, 45, 15)",houghCircle,0.2375,41331754.510416664,31658704.5
"(np.float64(1.0), 160, 230, 30, 5)",houghCircle,0.6583333333333333,40575832.95,31293908.5
"(np.float64(1.0), 160, 230, 30, 10)",houghCircle,0.6854166666666667,40156312.925,31991782.5
"(np.float64(1.0), 160, 230, 30, 15)",houghCircle,0.7791666666666667,39736133.75,31360318.5
"(np.float64(1.0), 160, 230, 35, 5)",houghCircle,0.675,40548819.46041667,31621999.5
"(np.float64(1.0), 160, 230, 35, 10)",houghCircle,0.7020833333333333,43347956.89375,31884857.0
"(np.float64(1.0), 160, 230, 35, 15)",houghCircle,0.7708333333333334,41355403.18125,31379339.5
"(np.float64(1.0), 160, 230, 40, 5)",houghCircle,0.5895833333333333,39650513.422916666,31122051.0
"(np.float64(1.0), 160, 230, 40, 10)",houghCircle,0.6229166666666667,41912027.447916664,30874262.0
"(np.float64(1.0), 160, 230, 40, 15)",houghCircle,0.6666666666666666,52104839.69375,41003024.0
"(np.float64(1.0), 160, 230, 45, 5)",houghCircle,0.2125,45450004.71041667,32819986.5
"(np.float64(1.0), 160, 230, 45, 10)",houghCircle,0.23125,42360396.6625,32241280.5
"(np.float64(1.0), 160, 230, 45, 15)",houghCircle,0.2375,42133207.7,30511621.0
"(np.float64(1.0), 160, 240, 30, 5)",houghCircle,0.6583333333333333,43586494.44375,31852021.5
"(np.float64(1.0), 160, 240, 30, 10)",houghCircle,0.6875,39105001.38125,30643439.0
"(np.float64(1.0), 160, 240, 30, 15)",houghCircle,0.7791666666666667,42100698.135416664,32430192.0
"(np.float64(1.0), 160, 240, 35, 5)",houghCircle,0.6791666666666667,41843955.514583334,32322113.0
"(np.float64(1.0), 160, 240, 35, 10)",houghCircle,0.70625,40952602.04375,31809887.0
"(np.float64(1.0), 160, 240, 35, 15)",houghCircle,0.7708333333333334,40603669.43541667,30837398.0
"(np.float64(1.0), 160, 240, 40, 5)",houghCircle,0.5916666666666667,42332203.62708333,32760480.0
"(np.float64(1.0), 160, 240, 40, 10)",houghCircle,0.6270833333333333,44115401.9625,32001966.5
"(np.float64(1.0), 160, 240, 40, 15)",houghCircle,0.66875,43070713.24791667,31595795.5
"(np.float64(1.0), 160, 240, 45, 5)",houghCircle,0.2125,43326085.15208333,32592900.5
"(np.float64(1.0), 160, 240, 45, 10)",houghCircle,0.23125,39655308.55833333,30921480.5
"(np.float64(1.0), 160, 240, 45, 15)",houghCircle,0.2375,43118625.4375,30646460.0
"(np.float64(1.0), 160, 250, 30, 5)",houghCircle,0.6625,45794883.13125,32661069.0
"(np.float64(1.0), 160, 250, 30, 10)",houghCircle,0.6958333333333333,41907188.00625,30462975.0
"(np.float64(1.0), 160, 250, 30, 15)",houghCircle,0.7791666666666667,42749805.15833333,31651494.5
"(np.float64(1.0), 160, 250, 35, 5)",houghCircle,0.68125,40994811.49375,31882749.0
"(np.float64(1.0), 160, 250, 35, 10)",houghCircle,0.70625,44046677.75833333,32452651.5
"(np.float64(1.0), 160, 250, 35, 15)",houghCircle,0.7708333333333334,40158400.19583333,31414309.0
"(np.float64(1.0), 160, 250, 40, 5)",houghCircle,0.5916666666666667,43955217.18958333,31841506.5
"(np.float64(1.0), 160, 250, 40, 10)",houghCircle,0.6270833333333333,38390889.13333333,31209705.5
"(np.float64(1.0), 160, 250, 40, 15)",houghCircle,0.66875,51666185.05,40822961.0
"(np.float64(1.0), 160, 250, 45, 5)",houghCircle,0.2125,42038031.68333333,31411384.5
"(np.float64(1.0), 160, 250, 45, 10)",houghCircle,0.23125,42217511.125,32108692.0
"(np.float64(1.0), 160, 250, 45, 15)",houghCircle,0.2375,41589378.041666664,30547528.5
"(np.float64(1.0), 160, 260, 30, 5)",houghCircle,0.66875,38604018.75,30297850.0
"(np.float64(1.0), 160, 260, 30, 10)",houghCircle,0.7,39886458.52708333,31065740.5
"(np.float64(1.0), 160, 260, 30, 15)",houghCircle,0.7833333333333333,39355546.954166666,30378626.5
"(np.float64(1.0), 160, 260, 35, 5)",houghCircle,0.68125,40215471.03333333,31302985.5
"(np.float64(1.0), 160, 260, 35, 10)",houghCircle,0.7083333333333334,41726470.59166667,32511990.0
"(np.float64(1.0), 160, 260, 35, 15)",houghCircle,0.7708333333333334,41489489.764583334,30637286.5
"(np.float64(1.0), 160, 260, 40, 5)",houghCircle,0.5916666666666667,41994213.75625,31364561.5
"(np.float64(1.0), 160, 260, 40, 10)",houghCircle,0.625,51400628.25416667,40416532.0
"(np.float64(1.0), 160, 260, 40, 15)",houghCircle,0.6666666666666666,40110048.03125,30494013.0
"(np.float64(1.0), 160, 260, 45, 5)",houghCircle,0.2125,41847417.13125,32094806.0
"(np.float64(1.0), 160, 260, 45, 10)",houghCircle,0.23125,41076813.16041667,31639632.0
"(np.float64(1.0), 160, 260, 45, 15)",houghCircle,0.2375,39497706.052083336,29879155.5
"(np.float64(1.0), 160, 270, 30, 5)",houghCircle,0.6770833333333334,42434640.08958333,32131996.5
"(np.float64(1.0), 160, 270, 30, 10)",houghCircle,0.7020833333333333,38142951.10625,30537920.0
"(np.float64(1.0), 160, 270, 30, 15)",houghCircle,0.7833333333333333,41309942.85,31177400.0
"(np.float64(1.0), 160, 270, 35, 5)",houghCircle,0.68125,42191885.670833334,32091626.0
"(np.float64(1.0), 160, 270, 35, 10)",houghCircle,0.7125,41115142.083333336,30867819.0
"(np.float64(1.0), 160, 270, 35, 15)",houghCircle,0.775,41160104.1125,31092476.0
"(np.float64(1.0), 160, 270, 40, 5)",houghCircle,0.5916666666666667,51685402.05416667,40427799.5
"(np.float64(1.0), 160, 270, 40, 10)",houghCircle,0.6270833333333333,37841441.84375,30663115.0
"(np.float64(1.0), 160, 270, 40, 15)",houghCircle,0.6666666666666666,40311174.295833334,30052720.0
"(np.float64(1.0), 160, 270, 45, 5)",houghCircle,0.2125,38623329.447916664,30983753.0
"(np.float64(1.0), 160, 270, 45, 10)",houghCircle,0.23125,42584374.49583333,30613161.5
"(np.float64(1.0), 160, 270, 45, 15)",houghCircle,0.2375,41407943.49375,31682092.0
"(np.float64(1.0), 160, 280, 30, 5)",houghCircle,0.68125,40264285.93125,31333954.5
"(np.float64(1.0), 160, 280, 30, 10)",houghCircle,0.7020833333333333,39732106.575,31144809.0
"(np.float64(1.0), 160, 280, 30, 15)",houghCircle,0.7854166666666667,39312491.87708333,29926088.5
"(np.float64(1.0), 160, 280, 35, 5)",houghCircle,0.68125,42652830.03333333,31854801.5
"(np.float64(1.0), 160, 280, 35, 10)",houghCircle,0.7145833333333333,41200327.87083333,31425906.5
"(np.float64(1.0), 160, 280, 35, 15)",houghCircle,0.775,39567427.2,30044675.0
"(np.float64(1.0), 160, 280, 40, 5)",houghCircle,0.5916666666666667,40257163.775,31937316.0
"(np.float64(1.0), 160, 280, 40, 10)",houghCircle,0.6291666666666667,52501060.4875,40768504.0
"(np.float64(1.0), 160, 280, 40, 15)",houghCircle,0.6666666666666666,41147550.889583334,30619469.0
"(np.float64(1.0), 160, 280, 45, 5)",houghCircle,0.2125,39719400.08541667,30361515.0
"(np.float64(1.0), 160, 280, 45, 10)",houghCircle,0.23125,39718098.514583334,31269432.5
"(np.float64(1.0), 160, 280, 45, 15)",houghCircle,0.2375,40648823.725,30749383.0
"(np.float64(1.0), 160, 290, 30, 5)",houghCircle,0.68125,39597488.797916666,30958795.0
"(np.float64(1.0), 160, 290, 30, 10)",houghCircle,0.7104166666666667,39100455.53333333,31288032.5
"(np.float64(1.0), 160, 290, 30, 15)",houghCircle,0.7875,37009589.891666666,30017955.0
"(np.float64(1.0), 160, 290, 35, 5)",houghCircle,0.6854166666666667,39221686.63125,30430558.5
"(np.float64(1.0), 160, 290, 35, 10)",houghCircle,0.7166666666666667,42124227.89791667,31004170.0
"(np.float64(1.0), 160, 290, 35, 15)",houghCircle,0.7791666666666667,40214660,30448514.0
"(np.float64(1.0), 160, 290, 40, 5)",houghCircle,0.5916666666666667,41431564.91458333,31548045.5
"(np.float64(1.0), 160, 290, 40, 10)",houghCircle,0.6291666666666667,42516375.61666667,31782410.0
"(np.float64(1.0), 160, 290, 40, 15)",houghCircle,0.6666666666666666,51792354.45625,39902212.5
"(np.float64(1.0), 160, 290, 45, 5)",houghCircle,0.21458333333333332,41350352.8375,30583270.5
"(np.float64(1.0), 160, 290, 45, 10)",houghCircle,0.23125,39505387.016666666,30490872.0
"(np.float64(1.0), 160, 290, 45, 15)",houghCircle,0.2375,39691775.764583334,30202882.0
"(np.float64(1.0), 170, 100, 30, 5)",houghCircle,0.50625,47495149.46041667,37589540.0
"(np.float64(1.0), 170, 100, 30, 10)",houghCircle,0.6416666666666667,48187165.39375,37497482.5
"(np.float64(1.0), 170, 100, 30, 15)",houghCircle,0.7916666666666666,45854119.3125,35719651.5
"(np.float64(1.0), 170, 100, 35, 5)",houghCircle,0.6833333333333333,45938804.766666666,36097886.5
"(np.float64(1.0), 170, 100, 35, 10)",houghCircle,0.7166666666666667,44153025.50208333,36077252.0
"(np.float64(1.0), 170, 100, 35, 15)",houghCircle,0.8,45521377.260416664,36946533.5
"(np.float64(1.0), 170, 100, 40, 5)",houghCircle,0.6229166666666667,45275480.49166667,36928805.0
"(np.float64(1.0), 170, 100, 40, 10)",houghCircle,0.66875,46435198.725,37352499.5
"(np.float64(1.0), 170, 100, 40, 15)",houghCircle,0.7208333333333333,56636990.87708333,45971048.5
"(np.float64(1.0), 170, 100, 45, 5)",houghCircle,0.36041666666666666,47358346.28125,37471277.0
"(np.float64(1.0), 170, 100, 45, 10)",houghCircle,0.38125,43242529.56666667,35950174.0
"(np.float64(1.0), 170, 100, 45, 15)",houghCircle,0.3958333333333333,48226836.302083336,36743417.5
"(np.float64(1.0), 170, 110, 30, 5)",houghCircle,0.5395833333333333,45202620.43541667,36803360.0
"(np.float64(1.0), 170, 110, 30, 10)",houghCircle,0.65625,44517793.12916667,36040188.5
"(np.float64(1.0), 170, 110, 30, 15)",houghCircle,0.7958333333333333,45531925.327083334,35453798.0
"(np.float64(1.0), 170, 110, 35, 5)",houghCircle,0.68125,43359258.52708333,34951609.5
"(np.float64(1.0), 170, 110, 35, 10)",houghCircle,0.71875,46503850.09166667,36217018.0
"(np.float64(1.0), 170, 110, 35, 15)",houghCircle,0.8,47023171.09166667,35968458.5
"(np.float64(1.0), 170, 110, 40, 5)",houghCircle,0.5958333333333333,56873845.525,46003824.5
"(np.float64(1.0), 170, 110, 40, 10)",houghCircle,0.6333333333333333,44439121.447916664,36835981.0
"(np.float64(1.0), 170, 110, 40, 15)",houghCircle,0.6854166666666667,44175557.69166667,34174529.0
"(np.float64(1.0), 170, 110, 45, 5)",houghCircle,0.29791666666666666,43282364.575,35353034.0
"(np.float64(1.0), 170, 110, 45, 10)",houghCircle,0.31875,46361184.00625,36172682.0
"(np.float64(1.0), 170, 110, 45, 15)",houghCircle,0.33541666666666664,41774074.4875,34398157.5
"(np.float64(1.0), 170, 120, 30, 5)",houghCircle,0.575,48890817.514583334,35989848.5
"(np.float64(1.0), 170, 120, 30, 10)",houghCircle,0.6770833333333334,44715735.29375,34695871.0
"(np.float64(1.0), 170, 120, 30, 15)",houghCircle,0.8,41669471.46666667,33538414.0
"(np.float64(1.0), 170, 120, 35, 5)",houghCircle,0.6833333333333333,43608617.708333336,35119406.0
"(np.float64(1.0), 170, 120, 35, 10)",houghCircle,0.7166666666666667,44893624.87916667,34116248.5
"(np.float64(1.0), 170, 120, 35, 15)",houghCircle,0.79375,45061027.15,34867588.5
"(np.float64(1.0), 170, 120, 40, 5)",houghCircle,0.6020833333333333,56627182.01875,45792733.5
"(np.float64(1.0), 170, 120, 40, 10)",houghCircle,0.63125,44016458.59791667,34596558.5
"(np.float64(1.0), 170, 120, 40, 15)",houghCircle,0.6833333333333333,45144873.40208333,35100414.5
"(np.float64(1.0), 170, 120, 45, 5)",houghCircle,0.26875,43732636.733333334,35038303.5
"(np.float64(1.0), 170, 120, 45, 10)",houghCircle,0.2875,47213445.43958333,36069819.0
"(np.float64(1.0), 170, 120, 45, 15)",houghCircle,0.30416666666666664,43191875.925,33763942.5
"(np.float64(1.0), 170, 130, 30, 5)",houghCircle,0.59375,43991857.6125,34633419.0
"(np.float64(1.0), 170, 130, 30, 10)",houghCircle,0.6854166666666667,46283813.00416667,35487972.5
"(np.float64(1.0), 170, 130, 30, 15)",houghCircle,0.8083333333333333,45486104.25416667,35038734.5
"(np.float64(1.0), 170, 130, 35, 5)",houghCircle,0.68125,40780514.65,33743555.0
"(np.float64(1.0), 170, 130, 35, 10)",houghCircle,0.7125,47189368.364583336,35638995.5
"(np.float64(1.0), 170, 130, 35, 15)",houghCircle,0.7916666666666666,42383911.88333333,31877188.0
"(np.float64(1.0), 170, 130, 40, 5)",houghCircle,0.5958333333333333,46394628.56666667,36103017.0
"(np.float64(1.0), 170, 130, 40, 10)",houghCircle,0.625,55286979.18541667,44459036.5
"(np.float64(1.0), 170, 130, 40, 15)",houghCircle,0.6770833333333334,41828610.35208333,33916457.5
"(np.float64(1.0), 170, 130, 45, 5)",houghCircle,0.23333333333333334,42929645.38333333,35082777.0
"(np.float64(1.0), 170, 130, 45, 10)",houghCircle,0.25,46061758.89375,35018055.5
"(np.float64(1.0), 170, 130, 45, 15)",houghCircle,0.2625,42519111.791666664,34203572.0
"(np.float64(1.0), 170, 140, 30, 5)",houghCircle,0.6083333333333333,42440581.31666667,34690596.5
"(np.float64(1.0), 170, 140, 30, 10)",houghCircle,0.6958333333333333,42841885.59791667,33936365.5
"(np.float64(1.0), 170, 140, 30, 15)",houghCircle,0.8020833333333334,42683789.020833336,33159964.5
"(np.float64(1.0), 170, 140, 35, 5)",houghCircle,0.6791666666666667,45777315.77708333,34858246.5
"(np.float64(1.0), 170, 140, 35, 10)",houghCircle,0.7104166666666667,45508328.15625,34295068.5
"(np.float64(1.0), 170, 140, 35, 15)",houghCircle,0.7875,41593818.65208333,33828604.0
"(np.float64(1.0), 170, 140, 40, 5)",houghCircle,0.6020833333333333,42932792.610416666,33403941.5
"(np.float64(1.0), 170, 140, 40, 10)",houghCircle,0.6270833333333333,47390165.62291667,35961275.0
"(np.float64(1.0), 170, 140, 40, 15)",houghCircle,0.6791666666666667,54422309.7375,43455268.5
"(np.float64(1.0), 170, 140, 45, 5)",houghCircle,0.225,41578050.610416666,32878477.0
"(np.float64(1.0), 170, 140, 45, 10)",houghCircle,0.24375,40778545.052083336,33210474.5
"(np.float64(1.0), 170, 140, 45, 15)",houghCircle,0.2520833333333333,43377018.71666667,32914790.5
"(np.float64(1.0), 170, 150, 30, 5)",houghCircle,0.6291666666666667,46566306.66875,35108956.0
"(np.float64(1.0), 170, 150, 30, 10)",houghCircle,0.7020833333333333,42571002.04375,32417016.0
"(np.float64(1.0), 170, 150, 30, 15)",houghCircle,0.8041666666666667,40546765.54375,32896140.0
"(np.float64(1.0), 170, 150, 35, 5)",houghCircle,0.68125,43371954.20625,34555723.0
"(np.float64(1.0), 170, 150, 35, 10)",houghCircle,0.7104166666666667,42424557.7125,34501065.5
"(np.float64(1.0), 170, 150, 35, 15)",houghCircle,0.7875,40167580.37291667,31824061.5
"(np.float64(1.0), 170, 150, 40, 5)",houghCircle,0.5979166666666667,45598519.735416666,34371306.5
"(np.float64(1.0), 170, 150, 40, 10)",houghCircle,0.6229166666666667,55007017.635416664,43338695.5
"(np.float64(1.0), 170, 150, 40, 15)",houghCircle,0.675,42585742.1875,32177061.0
"(np.float64(1.0), 170, 150, 45, 5)",houghCircle,0.21875,45583641.96666667,34286051.5
"(np.float64(1.0), 170, 150, 45, 10)",houghCircle,0.23541666666666666,45589583.7875,33880937.0
"(np.float64(1.0), 170, 150, 45, 15)",houghCircle,0.24375,39840692.322916664,31902731.0
"(np.float64(1.0), 170, 160, 30, 5)",houghCircle,0.63125,45185170.16875,34460093.5
"(np.float64(1.0), 170, 160, 30, 10)",houghCircle,0.7041666666666667,43318355.21875,32810619.0
"(np.float64(1.0), 170, 160, 30, 15)",houghCircle,0.8083333333333333,43536371.77291667,33190517.5
"(np.float64(1.0), 170, 160, 35, 5)",houghCircle,0.6833333333333333,41904697.99791667,32699075.0
"(np.float64(1.0), 170, 160, 35, 10)",houghCircle,0.7145833333333333,44731666.35625,33111904.0
"(np.float64(1.0), 170, 160, 35, 15)",houghCircle,0.79375,40825066.925,31296994.5
"(np.float64(1.0), 170, 160, 40, 5)",houghCircle,0.5979166666666667,41683740.25625,33106864.5
"(np.float64(1.0), 170, 160, 40, 10)",houghCircle,0.6270833333333333,50389372.05,40697340.0
"(np.float64(1.0), 170, 160, 40, 15)",houghCircle,0.6770833333333334,40945487.010416664,33233217.0
"(np.float64(1.0), 170, 160, 45, 5)",houghCircle,0.2125,40923888.175,34076368.0
"(np.float64(1.0), 170, 160, 45, 10)",houghCircle,0.23125,43457160.5,32896170.5
"(np.float64(1.0), 170, 160, 45, 15)",houghCircle,0.2375,43545304.37916667,33116913.5
"(np.float64(1.0), 170, 170, 30, 5)",houghCircle,0.6479166666666667,44225354.7,33741655.5
"(np.float64(1.0), 170, 170, 30, 10)",houghCircle,0.7083333333333334,40624153.364583336,32256219.5
"(np.float64(1.0), 170, 170, 30, 15)",houghCircle,0.80625,42647592.822916664,32796849.5
"(np.float64(1.0), 170, 170, 35, 5)",houghCircle,0.68125,43673176.7375,32896455.5
"(np.float64(1.0), 170, 170, 35, 10)",houghCircle,0.7125,42596097.51875,32599929.0
"(np.float64(1.0), 170, 170, 35, 15)",houghCircle,0.7895833333333333,44132012.43125,32659661.0
"(np.float64(1.0), 170, 170, 40, 5)",houghCircle,0.5916666666666667,56784910.954166666,43447930.5
"(np.float64(1.0), 170, 170, 40, 10)",houghCircle,0.625,41255479.4375,32204597.5
"(np.float64(1.0), 170, 170, 40, 15)",houghCircle,0.6729166666666667,41284031.4375,32909630.5
"(np.float64(1.0), 170, 170, 45, 5)",houghCircle,0.2125,43618485.25416667,33362780.5
"(np.float64(1.0), 170, 170, 45, 10)",houghCircle,0.23125,43035524.95625,33499982.5
"(np.float64(1.0), 170, 170, 45, 15)",houghCircle,0.2375,39929244.791666664,31763865.0
"(np.float64(1.0), 170, 180, 30, 5)",houghCircle,0.65,45312442.6125,34187407.5
"(np.float64(1.0), 170, 180, 30, 10)",houghCircle,0.7125,42640215.97083333,32662035.5
"(np.float64(1.0), 170, 180, 30, 15)",houghCircle,0.8020833333333334,43671040.31666667,32737136.5
"(np.float64(1.0), 170, 180, 35, 5)",houghCircle,0.6875,42251831.96458333,32642378.5
"(np.float64(1.0), 170, 180, 35, 10)",houghCircle,0.7104166666666667,42851467.725,32146297.5
"(np.float64(1.0), 170, 180, 35, 15)",houghCircle,0.7875,40460937.44375,31457304.5
"(np.float64(1.0), 170, 180, 40, 5)",houghCircle,0.59375,40955721.28958333,32262401.0
"(np.float64(1.0), 170, 180, 40, 10)",houghCircle,0.6270833333333333,43972845.04375,32965815.0
"(np.float64(1.0), 170, 180, 40, 15)",houghCircle,0.6729166666666667,42853563.65416667,31847352.5
"(np.float64(1.0), 170, 180, 45, 5)",houghCircle,0.2125,55586732.61875,42665958.5
"(np.float64(1.0), 170, 180, 45, 10)",houghCircle,0.23125,42137247.04375,32481016.0
"(np.float64(1.0), 170, 180, 45, 15)",houghCircle,0.2375,40693109.65833333,31411439.5
"(np.float64(1.0), 170, 190, 30, 5)",houghCircle,0.6541666666666667,41035809.69166667,32915101.0
"(np.float64(1.0), 170, 190, 30, 10)",houghCircle,0.7041666666666667,44900117.385416664,33130919.5
"(np.float64(1.0), 170, 190, 30, 15)",houghCircle,0.79375,39845177.8125,31864960.0
"(np.float64(1.0), 170, 190, 35, 5)",houghCircle,0.675,40784516.6375,31752569.5
"(np.float64(1.0), 170, 190, 35, 10)",houghCircle,0.7020833333333333,40217187.645833336,32055573.0
"(np.float64(1.0), 170, 190, 35, 15)",houghCircle,0.7770833333333333,42349643.333333336,31771249.0
"(np.float64(1.0), 170, 190, 40, 5)",houghCircle,0.5854166666666667,42017165.666666664,31924562.5
"(np.float64(1.0), 170, 190, 40, 10)",houghCircle,0.6229166666666667,40973379.28541667,32338913.5
"(np.float64(1.0), 170, 190, 40, 15)",houghCircle,0.6666666666666666,44170903.75833333,32218623.5
"(np.float64(1.0), 170, 190, 45, 5)",houghCircle,0.2125,53319870.44375,41658337.5
"(np.float64(1.0), 170, 190, 45, 10)",houghCircle,0.23125,42858773.31875,32491947.0
"(np.float64(1.0), 170, 190, 45, 15)",houghCircle,0.2375,44241339.23125,32295186.5
"(np.float64(1.0), 170, 200, 30, 5)",houghCircle,0.6520833333333333,41930193.6125,32554850.0
"(np.float64(1.0), 170, 200, 30, 10)",houghCircle,0.6979166666666666,40686113.74791667,31001234.5
"(np.float64(1.0), 170, 200, 30, 15)",houghCircle,0.7875,42403842.71041667,31479442.5
"(np.float64(1.0), 170, 200, 35, 5)",houghCircle,0.6729166666666667,42219122.90208333,32012462.5
"(np.float64(1.0), 170, 200, 35, 10)",houghCircle,0.7041666666666667,42705467.422916666,32477067.5
"(np.float64(1.0), 170, 200, 35, 15)",houghCircle,0.775,40393192.96666667,30884010.5
"(np.float64(1.0), 170, 200, 40, 5)",houghCircle,0.5854166666666667,43248242.45625,32987836.0
"(np.float64(1.0), 170, 200, 40, 10)",houghCircle,0.6229166666666667,43483973.69375,32808104.5
"(np.float64(1.0), 170, 200, 40, 15)",houghCircle,0.6666666666666666,52608182.27291667,40020009.5
"(np.float64(1.0), 170, 200, 45, 5)",houghCircle,0.2125,40775934.94166667,32313275.5
"(np.float64(1.0), 170, 200, 45, 10)",houghCircle,0.23125,39227053.84791667,31457631.0
"(np.float64(1.0), 170, 200, 45, 15)",houghCircle,0.2375,39721545.175,31146988.0
"(np.float64(1.0), 170, 210, 30, 5)",houghCircle,0.6520833333333333,42517018.125,32305274.5
"(np.float64(1.0), 170, 210, 30, 10)",houghCircle,0.6958333333333333,41474611.364583336,31806090.5
"(np.float64(1.0), 170, 210, 30, 15)",houghCircle,0.7833333333333333,41204516.05833333,31210597.5
"(np.float64(1.0), 170, 210, 35, 5)",houghCircle,0.675,45384252.78958333,33114604.0
"(np.float64(1.0), 170, 210, 35, 10)",houghCircle,0.70625,42083629.1,32010012.0
"(np.float64(1.0), 170, 210, 35, 15)",houghCircle,0.775,43384281.270833336,31386301.5
"(np.float64(1.0), 170, 210, 40, 5)",houghCircle,0.5895833333333333,44929023.95,33036533.0
"(np.float64(1.0), 170, 210, 40, 10)",houghCircle,0.6229166666666667,42115380.03958333,31152613.0
"(np.float64(1.0), 170, 210, 40, 15)",houghCircle,0.6666666666666666,39374598.5375,30910810.0
"(np.float64(1.0), 170, 210, 45, 5)",houghCircle,0.2125,56416645.46458333,42610289.0
"(np.float64(1.0), 170, 210, 45, 10)",houghCircle,0.23125,42374721.78125,31792399.0
"(np.float64(1.0), 170, 210, 45, 15)",houghCircle,0.2375,39489910.25416667,30921449.5
"(np.float64(1.0), 170, 220, 30, 5)",houghCircle,0.6583333333333333,41559896.0875,32679983.0
"(np.float64(1.0), 170, 220, 30, 10)",houghCircle,0.6895833333333333,41792913.4625,32685244.0
"(np.float64(1.0), 170, 220, 30, 15)",houghCircle,0.78125,40837818.2375,30955383.5
"(np.float64(1.0), 170, 220, 35, 5)",houghCircle,0.6708333333333333,42837486.297916666,32737872.0
"(np.float64(1.0), 170, 220, 35, 10)",houghCircle,0.7020833333333333,39075280.983333334,30460981.0
"(np.float64(1.0), 170, 220, 35, 15)",houghCircle,0.7708333333333334,41129477.510416664,30735186.5
"(np.float64(1.0), 170, 220, 40, 5)",houghCircle,0.5895833333333333,40711367.12083333,31836407.0
"(np.float64(1.0), 170, 220, 40, 10)",houghCircle,0.6229166666666667,42990737.6,32407346.5
"(np.float64(1.0), 170, 220, 40, 15)",houghCircle,0.6666666666666666,40101370.34166667,31309007.5
"(np.float64(1.0), 170, 220, 45, 5)",houghCircle,0.2125,42314701.81875,33068236.5
"(np.float64(1.0), 170, 220, 45, 10)",houghCircle,0.23125,50564810.364583336,40439129.5
"(np.float64(1.0), 170, 220, 45, 15)",houghCircle,0.2375,38580185.23125,30580425.0
"(np.float64(1.0), 170, 230, 30, 5)",houghCircle,0.6583333333333333,40693516.354166664,31614105.0
"(np.float64(1.0), 170, 230, 30, 10)",houghCircle,0.6875,40960867.4375,31005857.5
"(np.float64(1.0), 170, 230, 30, 15)",houghCircle,0.7791666666666667,43520709.62916667,31884006.0
"(np.float64(1.0), 170, 230, 35, 5)",houghCircle,0.675,41149120.93541667,32001065.5
"(np.float64(1.0), 170, 230, 35, 10)",houghCircle,0.7041666666666667,41806721.02708333,31623412.0
"(np.float64(1.0), 170, 230, 35, 15)",houghCircle,0.7708333333333334,40672135.3125,31215116.0
"(np.float64(1.0), 170, 230, 40, 5)",houghCircle,0.5895833333333333,42388195.19583333,32186653.5
"(np.float64(1.0), 170, 230, 40, 10)",houghCircle,0.6229166666666667,41536770.233333334,31708937.5
"(np.float64(1.0), 170, 230, 40, 15)",houghCircle,0.6666666666666666,43462236.416666664,32365514.5
"(np.float64(1.0), 170, 230, 45, 5)",houghCircle,0.2125,40040725.18541667,31453058.0
"(np.float64(1.0), 170, 230, 45, 10)",houghCircle,0.23125,45534517.235416666,34836399.0
"(np.float64(1.0), 170, 230, 45, 15)",houghCircle,0.2375,41347324.360416666,30937545.5
"(np.float64(1.0), 170, 240, 30, 5)",houghCircle,0.6604166666666667,41819923.40208333,31299794.5
"(np.float64(1.0), 170, 240, 30, 10)",houghCircle,0.6895833333333333,42123776.858333334,31437587.5
"(np.float64(1.0), 170, 240, 30, 15)",houghCircle,0.7791666666666667,41793667.5125,31244081.0
"(np.float64(1.0), 170, 240, 35, 5)",houghCircle,0.6791666666666667,39810264.40625,32091896.0
"(np.float64(1.0), 170, 240, 35, 10)",houghCircle,0.7083333333333334,40961909.10625,31575232.0
"(np.float64(1.0), 170, 240, 35, 15)",houghCircle,0.7708333333333334,42792558.50416667,31319697.5
"(np.float64(1.0), 170, 240, 40, 5)",houghCircle,0.5916666666666667,40799998.22083333,32139045.0
"(np.float64(1.0), 170, 240, 40, 10)",houghCircle,0.6270833333333333,42115717.75416667,30931955.0
"(np.float64(1.0), 170, 240, 40, 15)",houghCircle,0.66875,52753586.59791667,40446805.0
"(np.float64(1.0), 170, 240, 45, 5)",houghCircle,0.2125,42569277.422916666,31876992.5
"(np.float64(1.0), 170, 240, 45, 10)",houghCircle,0.23125,40512381.114583336,31087190.5
"(np.float64(1.0), 170, 240, 45, 15)",houghCircle,0.2375,37931971.47291667,30315252.5
"(np.float64(1.0), 170, 250, 30, 5)",houghCircle,0.6645833333333333,41345362.81666667,31698297.5
"(np.float64(1.0), 170, 250, 30, 10)",houghCircle,0.6979166666666666,40876993.6625,31676060.5
"(np.float64(1.0), 170, 250, 30, 15)",houghCircle,0.7791666666666667,41506174.25,30834156.0
"(np.float64(1.0), 170, 250, 35, 5)",houghCircle,0.68125,41428863.475,32202743.5
"(np.float64(1.0), 170, 250, 35, 10)",houghCircle,0.7083333333333334,42194913.670833334,32437539.0
"(np.float64(1.0), 170, 250, 35, 15)",houghCircle,0.7708333333333334,41323827.47083333,29884244.0
"(np.float64(1.0), 170, 250, 40, 5)",houghCircle,0.5916666666666667,39975727.875,31366148.5
"(np.float64(1.0), 170, 250, 40, 10)",houghCircle,0.6270833333333333,41396125.00625,30808583.5
"(np.float64(1.0), 170, 250, 40, 15)",houghCircle,0.66875,40635186.6875,30793124.5
"(np.float64(1.0), 170, 250, 45, 5)",houghCircle,0.2125,53923893.510416664,41713286.5
"(np.float64(1.0), 170, 250, 45, 10)",houghCircle,0.23125,41954616.18541667,32055207.0
"(np.float64(1.0), 170, 250, 45, 15)",houghCircle,0.2375,38013932.74166667,31224854.0
"(np.float64(1.0), 170, 260, 30, 5)",houghCircle,0.6729166666666667,43717616.7875,32384740.5
"(np.float64(1.0), 170, 260, 30, 10)",houghCircle,0.7,41293775.85208333,31062259.0
"(np.float64(1.0), 170, 260, 30, 15)",houghCircle,0.7833333333333333,41869498.93333333,31195389.5
"(np.float64(1.0), 170, 260, 35, 5)",houghCircle,0.68125,40733367.70625,31255351.5
"(np.float64(1.0), 170, 260, 35, 10)",houghCircle,0.7083333333333334,43513325.12083333,31891730.0
"(np.float64(1.0), 170, 260, 35, 15)",houghCircle,0.7708333333333334,41925731.395833336,31272904.5
"(np.float64(1.0), 170, 260, 40, 5)",houghCircle,0.5916666666666667,42071118.85625,32422626.5
"(np.float64(1.0), 170, 260, 40, 10)",houghCircle,0.625,39732828.46458333,29292843.5
"(np.float64(1.0), 170, 260, 40, 15)",houghCircle,0.6666666666666666,42396011.99583333,30918469.5
"(np.float64(1.0), 170, 260, 45, 5)",houghCircle,0.2125,50615817.69375,41411144.0
"(np.float64(1.0), 170, 260, 45, 10)",houghCircle,0.23125,39989467.83958333,31098972.0
"(np.float64(1.0), 170, 260, 45, 15)",houghCircle,0.2375,42586945.9125,31030900.5
"(np.float64(1.0), 170, 270, 30, 5)",houghCircle,0.6770833333333334,40258304.489583336,31164131.0
"(np.float64(1.0), 170, 270, 30, 10)",houghCircle,0.7020833333333333,43953822.2,31454616.0
"(np.float64(1.0), 170, 270, 30, 15)",houghCircle,0.7833333333333333,39482349.31875,31001054.5
"(np.float64(1.0), 170, 270, 35, 5)",houghCircle,0.68125,41183524.36666667,32118636.5
"(np.float64(1.0), 170, 270, 35, 10)",houghCircle,0.7125,41857702.09166667,31285122.5
"(np.float64(1.0), 170, 270, 35, 15)",houghCircle,0.775,43033552.15,31301292.5
"(np.float64(1.0), 170, 270, 40, 5)",houghCircle,0.5916666666666667,43023806.052083336,32427701.0
"(np.float64(1.0), 170, 270, 40, 10)",houghCircle,0.6270833333333333,40014185.37291667,30116260.0
"(np.float64(1.0), 170, 270, 40, 15)",houghCircle,0.6666666666666666,39543245.639583334,30816868.0
"(np.float64(1.0), 170, 270, 45, 5)",houghCircle,0.2125,46089300.09583333,35141141.0
"(np.float64(1.0), 170, 270, 45, 10)",houghCircle,0.23125,41312236.37916667,31612887.5
"(np.float64(1.0), 170, 270, 45, 15)",houghCircle,0.2375,41016422.15833333,30714872.5
"(np.float64(1.0), 170, 280, 30, 5)",houghCircle,0.68125,40914042.63333333,31172771.0
"(np.float64(1.0), 170, 280, 30, 10)",houghCircle,0.7020833333333333,36514357.15,29654202.5
"(np.float64(1.0), 170, 280, 30, 15)",houghCircle,0.7854166666666667,41096028.72291667,30839600.5
"(np.float64(1.0), 170, 280, 35, 5)",houghCircle,0.68125,46155383.08541667,32578573.0
"(np.float64(1.0), 170, 280, 35, 10)",houghCircle,0.7145833333333333,43939190.34583333,31579514.0
"(np.float64(1.0), 170, 280, 35, 15)",houghCircle,0.775,41217558.80416667,30377750.0
"(np.float64(1.0), 170, 280, 40, 5)",houghCircle,0.5916666666666667,39778284.78958333,31020981.5
"(np.float64(1.0), 170, 280, 40, 10)",houghCircle,0.6291666666666667,51411677.56875,40450698.0
"(np.float64(1.0), 170, 280, 40, 15)",houghCircle,0.6666666666666666,42002227.97708333,30459959.0
"(np.float64(1.0), 170, 280, 45, 5)",houghCircle,0.2125,40013526.35208333,30780776.5
"(np.float64(1.0), 170, 280, 45, 10)",houghCircle,0.23125,38791719.0625,30126865.0
"(np.float64(1.0), 170, 280, 45, 15)",houghCircle,0.2375,40414045.42916667,29993238.0
"(np.float64(1.0), 170, 290, 30, 5)",houghCircle,0.68125,38073380.145833336,31221153.5
"(np.float64(1.0), 170, 290, 30, 10)",houghCircle,0.7104166666666667,41648290.416666664,31000664.0
"(np.float64(1.0), 170, 290, 30, 15)",houghCircle,0.7875,39536023.427083336,29756934.0
"(np.float64(1.0), 170, 290, 35, 5)",houghCircle,0.6854166666666667,42399231.516666666,31175061.0
"(np.float64(1.0), 170, 290, 35, 10)",houghCircle,0.7166666666666667,41402097.19166667,30389733.0
"(np.float64(1.0), 170, 290, 35, 15)",houghCircle,0.7791666666666667,40612702.55625,31554498.0
"(np.float64(1.0), 170, 290, 40, 5)",houghCircle,0.5916666666666667,40816274.389583334,30956683.0
"(np.float64(1.0), 170, 290, 40, 10)",houghCircle,0.6291666666666667,42019025.97708333,31161941.0
"(np.float64(1.0), 170, 290, 40, 15)",houghCircle,0.6666666666666666,51353654.34583333,39885748.5
"(np.float64(1.0), 170, 290, 45, 5)",houghCircle,0.21458333333333332,41759909.22083333,30797813.5
"(np.float64(1.0), 170, 290, 45, 10)",houghCircle,0.23125,39088048.5125,29980369.5
"(np.float64(1.0), 170, 290, 45, 15)",houghCircle,0.2375,38799553.475,29527545.0
"(np.float64(1.0), 180, 100, 30, 5)",houghCircle,0.51875,49253065.145833336,38850850.5
"(np.float64(1.0), 180, 100, 30, 10)",houghCircle,0.6479166666666667,45868035.0875,37044090.5
"(np.float64(1.0), 180, 100, 30, 15)",houghCircle,0.7958333333333333,46781432.18333333,36339931.0
"(np.float64(1.0), 180, 100, 35, 5)",houghCircle,0.6875,47584393.65833333,38408186.0
"(np.float64(1.0), 180, 100, 35, 10)",houghCircle,0.7208333333333333,44766300.40416667,36187676.0
"(np.float64(1.0), 180, 100, 35, 15)",houghCircle,0.8020833333333334,46881937.9125,36846365.0
"(np.float64(1.0), 180, 100, 40, 5)",houghCircle,0.6270833333333333,44629312.70625,37001231.5
"(np.float64(1.0), 180, 100, 40, 10)",houghCircle,0.6729166666666667,45233978.125,36400358.5
"(np.float64(1.0), 180, 100, 40, 15)",houghCircle,0.7208333333333333,56241519.68541667,47126451.0
"(np.float64(1.0), 180, 100, 45, 5)",houghCircle,0.3625,43713183.96875,36392548.5
"(np.float64(1.0), 180, 100, 45, 10)",houghCircle,0.38125,45332202.03958333,36617720.5
"(np.float64(1.0), 180, 100, 45, 15)",houghCircle,0.3958333333333333,46377580.19583333,36151927.5
"(np.float64(1.0), 180, 110, 30, 5)",houghCircle,0.55,45459144.141666666,36157824.5
"(np.float64(1.0), 180, 110, 30, 10)",houghCircle,0.6625,43994680.077083334,35536393.5
"(np.float64(1.0), 180, 110, 30, 15)",houghCircle,0.7979166666666667,43518795.375,35783200.5
"(np.float64(1.0), 180, 110, 35, 5)",houghCircle,0.6854166666666667,44793291.39791667,36328343.5
"(np.float64(1.0), 180, 110, 35, 10)",houghCircle,0.7229166666666667,44495222.170833334,35972726.0
"(np.float64(1.0), 180, 110, 35, 15)",houghCircle,0.8020833333333334,43242053.12291667,35270269.0
"(np.float64(1.0), 180, 110, 40, 5)",houghCircle,0.6,45326144.6875,35879983.5
"(np.float64(1.0), 180, 110, 40, 10)",houghCircle,0.6354166666666666,56823596.22708333,46012090.5
"(np.float64(1.0), 180, 110, 40, 15)",houghCircle,0.6854166666666667,46748475.56875,35380385.0
"(np.float64(1.0), 180, 110, 45, 5)",houghCircle,0.29791666666666666,46537443.28333333,36184408.5
"(np.float64(1.0), 180, 110, 45, 10)",houghCircle,0.31875,44917568.135416664,36135432.5
"(np.float64(1.0), 180, 110, 45, 15)",houghCircle,0.33541666666666664,44984818.8625,35686805.5
"(np.float64(1.0), 180, 120, 30, 5)",houghCircle,0.5854166666666667,43064109.5625,34826015.0
"(np.float64(1.0), 180, 120, 30, 10)",houghCircle,0.68125,43486434.166666664,34325407.0
"(np.float64(1.0), 180, 120, 30, 15)",houghCircle,0.8020833333333334,43852580.5625,34939237.5
"(np.float64(1.0), 180, 120, 35, 5)",houghCircle,0.6875,43900135.79375,34751380.0
"(np.float64(1.0), 180, 120, 35, 10)",houghCircle,0.7208333333333333,45315222.40208333,35663468.0
"(np.float64(1.0), 180, 120, 35, 15)",houghCircle,0.7958333333333333,43668540.425,34306511.0
"(np.float64(1.0), 180, 120, 40, 5)",houghCircle,0.6041666666666666,42905533.59166667,35291598.5
"(np.float64(1.0), 180, 120, 40, 10)",houghCircle,0.6333333333333333,44432680.83541667,34467297.5
"(np.float64(1.0), 180, 120, 40, 15)",houghCircle,0.6833333333333333,55859042.81041667,43648375.0
"(np.float64(1.0), 180, 120, 45, 5)",houghCircle,0.26875,46851462.475,35674983.0
"(np.float64(1.0), 180, 120, 45, 10)",houghCircle,0.2875,44560218.69375,35666101.0
"(np.float64(1.0), 180, 120, 45, 15)",houghCircle,0.30416666666666664,44636003.175,34763228.0
"(np.float64(1.0), 180, 130, 30, 5)",houghCircle,0.6,43056488.666666664,34532535.0
"(np.float64(1.0), 180, 130, 30, 10)",houghCircle,0.6875,40592316.69166667,32945227.0
"(np.float64(1.0), 180, 130, 30, 15)",houghCircle,0.8104166666666667,44368839.327083334,34423660.5
"(np.float64(1.0), 180, 130, 35, 5)",houghCircle,0.6833333333333333,42827497.53125,33875212.5
"(np.float64(1.0), 180, 130, 35, 10)",houghCircle,0.7145833333333333,43578194.795833334,34445681.5
"(np.float64(1.0), 180, 130, 35, 15)",houghCircle,0.79375,43330477.364583336,33713622.5
"(np.float64(1.0), 180, 130, 40, 5)",houghCircle,0.5979166666666667,43498838.68333333,35072262.0
"(np.float64(1.0), 180, 130, 40, 10)",houghCircle,0.6270833333333333,42812858.09166667,33843250.5
"(np.float64(1.0), 180, 130, 40, 15)",houghCircle,0.6770833333333334,55697883.875,44004449.5
"(np.float64(1.0), 180, 130, 45, 5)",houghCircle,0.23333333333333334,44823191.82083333,34826184.0
"(np.float64(1.0), 180, 130, 45, 10)",houghCircle,0.25,44128729.30416667,35026310.0
"(np.float64(1.0), 180, 130, 45, 15)",houghCircle,0.2625,47073342.89375,35670966.0
"(np.float64(1.0), 180, 140, 30, 5)",houghCircle,0.6145833333333334,45320494.275,35836055.0
"(np.float64(1.0), 180, 140, 30, 10)",houghCircle,0.6979166666666666,45602549.375,34351736.0
"(np.float64(1.0), 180, 140, 30, 15)",houghCircle,0.8041666666666667,41067217.75,32934872.0
"(np.float64(1.0), 180, 140, 35, 5)",houghCircle,0.68125,41289502.110416666,33042574.0
"(np.float64(1.0), 180, 140, 35, 10)",houghCircle,0.7125,44713617.579166666,34611007.0
"(np.float64(1.0), 180, 140, 35, 15)",houghCircle,0.7895833333333333,44231395.81041667,33559268.5
"(np.float64(1.0), 180, 140, 40, 5)",houghCircle,0.6041666666666666,45084043.670833334,34900063.5
"(np.float64(1.0), 180, 140, 40, 10)",houghCircle,0.6291666666666667,42795098.03958333,34310021.5
"(np.float64(1.0), 180, 140, 40, 15)",houghCircle,0.6791666666666667,42183597.65625,32826695.0
"(np.float64(1.0), 180, 140, 45, 5)",houghCircle,0.225,46972325.4375,38825207.5
"(np.float64(1.0), 180, 140, 45, 10)",houghCircle,0.24375,43264619.172916666,34013852.0
"(np.float64(1.0), 180, 140, 45, 15)",houghCircle,0.2520833333333333,45118252.27708333,33451813.0
"(np.float64(1.0), 180, 150, 30, 5)",houghCircle,0.6354166666666666,44021335.06458333,33756279.0
"(np.float64(1.0), 180, 150, 30, 10)",houghCircle,0.7041666666666667,43262147.479166664,33805802.0
"(np.float64(1.0), 180, 150, 30, 15)",houghCircle,0.8041666666666667,42159042.65208333,32192936.0
"(np.float64(1.0), 180, 150, 35, 5)",houghCircle,0.6854166666666667,47014914.302083336,35515399.5
"(np.float64(1.0), 180, 150, 35, 10)",houghCircle,0.7145833333333333,44066966.425,33528050.5
"(np.float64(1.0), 180, 150, 35, 15)",houghCircle,0.7895833333333333,41682795.87916667,33130475.5
"(np.float64(1.0), 180, 150, 40, 5)",houghCircle,0.6,45078462.09791667,34674110.0
"(np.float64(1.0), 180, 150, 40, 10)",houghCircle,0.625,51990234.577083334,42598047.5
"(np.float64(1.0), 180, 150, 40, 15)",houghCircle,0.675,46088735.65,33494592.5
"(np.float64(1.0), 180, 150, 45, 5)",houghCircle,0.21875,42720585.05,33172899.0
"(np.float64(1.0), 180, 150, 45, 10)",houghCircle,0.23541666666666666,41693370.59791667,33498695.5
"(np.float64(1.0), 180, 150, 45, 15)",houghCircle,0.24375,44482117.733333334,33219041.5
"(np.float64(1.0), 180, 160, 30, 5)",houghCircle,0.6395833333333333,41898135.53541667,33624170.5
"(np.float64(1.0), 180, 160, 30, 10)",houghCircle,0.7083333333333334,42959020.0375,33036508.0
"(np.float64(1.0), 180, 160, 30, 15)",houghCircle,0.8083333333333333,41706977.25208333,31871342.0
"(np.float64(1.0), 180, 160, 35, 5)",houghCircle,0.6854166666666667,44501038.389583334,33829821.0
"(np.float64(1.0), 180, 160, 35, 10)",houghCircle,0.71875,38973331.38333333,31417911.0
"(np.float64(1.0), 180, 160, 35, 15)",houghCircle,0.79375,54734618.80833333,42430446.5
"(np.float64(1.0), 180, 160, 40, 5)",houghCircle,0.6,43320832.322916664,33656787.0
"(np.float64(1.0), 180, 160, 40, 10)",houghCircle,0.6291666666666667,42448144.03541667,33529122.0
"(np.float64(1.0), 180, 160, 40, 15)",houghCircle,0.6770833333333334,41587859.295833334,32689822.0
"(np.float64(1.0), 180, 160, 45, 5)",houghCircle,0.2125,43111259.93541667,33938494.5
"(np.float64(1.0), 180, 160, 45, 10)",houghCircle,0.23125,43177702.94166667,33401266.5
"(np.float64(1.0), 180, 160, 45, 15)",houghCircle,0.2375,44230130.46458333,33255679.0
"(np.float64(1.0), 180, 170, 30, 5)",houghCircle,0.6541666666666667,44275848.95,33659643.0
"(np.float64(1.0), 180, 170, 30, 10)",houghCircle,0.7125,42610098.49791667,32290855.0
"(np.float64(1.0), 180, 170, 30, 15)",houghCircle,0.80625,43809505.822916664,34375424.5
"(np.float64(1.0), 180, 170, 35, 5)",houghCircle,0.6833333333333333,43520731.87916667,34084128.5
"(np.float64(1.0), 180, 170, 35, 10)",houghCircle,0.7166666666666667,40814471.2,32013970.0
"(np.float64(1.0), 180, 170, 35, 15)",houghCircle,0.7895833333333333,42956558.46041667,32453233.5
"(np.float64(1.0), 180, 170, 40, 5)",houghCircle,0.59375,43528238.96666667,33354008.5
"(np.float64(1.0), 180, 170, 40, 10)",houghCircle,0.6270833333333333,54203550.975,43179130.5
"(np.float64(1.0), 180, 170, 40, 15)",houghCircle,0.6729166666666667,43290098.53125,32483906.5
"(np.float64(1.0), 180, 170, 45, 5)",houghCircle,0.2125,45128968.34791667,33540273.5
"(np.float64(1.0), 180, 170, 45, 10)",houghCircle,0.23125,44651742.41041667,32680159.5
"(np.float64(1.0), 180, 170, 45, 15)",houghCircle,0.2375,43659844.90416667,32904845.5
"(np.float64(1.0), 180, 180, 30, 5)",houghCircle,0.6541666666666667,41582782.954166666,33819356.5
"(np.float64(1.0), 180, 180, 30, 10)",houghCircle,0.7166666666666667,38792933.08541667,31384088.0
"(np.float64(1.0), 180, 180, 30, 15)",houghCircle,0.8020833333333334,41122634.197916664,32570113.5
"(np.float64(1.0), 180, 180, 35, 5)",houghCircle,0.6895833333333333,42931077.645833336,33702567.5
"(np.float64(1.0), 180, 180, 35, 10)",houghCircle,0.7145833333333333,45253230.389583334,33219045.0
"(np.float64(1.0), 180, 180, 35, 15)",houghCircle,0.7875,41075190.60208333,31393976.5
"(np.float64(1.0), 180, 180, 40, 5)",houghCircle,0.5958333333333333,56524807.608333334,44584497.5
"(np.float64(1.0), 180, 180, 40, 10)",houghCircle,0.6291666666666667,42505527.63125,33437735.5
"(np.float64(1.0), 180, 180, 40, 15)",houghCircle,0.6729166666666667,42581640.5625,32062681.5
"(np.float64(1.0), 180, 180, 45, 5)",houghCircle,0.2125,41399423.5625,31571043.5
"(np.float64(1.0), 180, 180, 45, 10)",houghCircle,0.23125,42020051.31041667,32035209.0
"(np.float64(1.0), 180, 180, 45, 15)",houghCircle,0.2375,39578673.59791667,31055902.5
"(np.float64(1.0), 180, 190, 30, 5)",houghCircle,0.6583333333333333,43444854.775,32955882.0
"(np.float64(1.0), 180, 190, 30, 10)",houghCircle,0.7083333333333334,44717372.52916667,32117750.0
"(np.float64(1.0), 180, 190, 30, 15)",houghCircle,0.79375,41088872.81041667,30669552.5
"(np.float64(1.0), 180, 190, 35, 5)",houghCircle,0.6770833333333334,40189352.72291667,32551462.5
"(np.float64(1.0), 180, 190, 35, 10)",houghCircle,0.7041666666666667,43290353.87708333,32648951.0
"(np.float64(1.0), 180, 190, 35, 15)",houghCircle,0.7770833333333333,40774507.395833336,30848734.0
"(np.float64(1.0), 180, 190, 40, 5)",houghCircle,0.5875,42975882.047916666,33485490.0
"(np.float64(1.0), 180, 190, 40, 10)",houghCircle,0.625,41359678.729166664,31847356.5
"(np.float64(1.0), 180, 190, 40, 15)",houghCircle,0.6666666666666666,57106502.65833333,42053454.0
"(np.float64(1.0), 180, 190, 45, 5)",houghCircle,0.2125,41087940.702083334,31574088.5
"(np.float64(1.0), 180, 190, 45, 10)",houghCircle,0.23125,42586353.98125,30919666.5
"(np.float64(1.0), 180, 190, 45, 15)",houghCircle,0.2375,40066200.57083333,31773934.5
"(np.float64(1.0), 180, 200, 30, 5)",houghCircle,0.65625,42611938.94375,32757249.0
"(np.float64(1.0), 180, 200, 30, 10)",houghCircle,0.7020833333333333,41508939.21875,32326606.0
"(np.float64(1.0), 180, 200, 30, 15)",houghCircle,0.7875,43599235.322916664,32752184.5
"(np.float64(1.0), 180, 200, 35, 5)",houghCircle,0.675,44957713.28333333,32931010.5
"(np.float64(1.0), 180, 200, 35, 10)",houghCircle,0.70625,42759678.48125,32667300.0
"(np.float64(1.0), 180, 200, 35, 15)",houghCircle,0.775,43909380.64375,32158602.5
"(np.float64(1.0), 180, 200, 40, 5)",houghCircle,0.5875,39525666.35208333,31600895.5
"(np.float64(1.0), 180, 200, 40, 10)",houghCircle,0.625,45395485.97083333,32772407.5
"(np.float64(1.0), 180, 200, 40, 15)",houghCircle,0.6666666666666666,53313579.60208333,40585966.5
"(np.float64(1.0), 180, 200, 45, 5)",houghCircle,0.2125,40676676.33541667,31781949.0
"(np.float64(1.0), 180, 200, 45, 10)",houghCircle,0.23125,42602061.81458333,32767718.5
"(np.float64(1.0), 180, 200, 45, 15)",houghCircle,0.2375,38555182.666666664,31011744.0
"(np.float64(1.0), 180, 210, 30, 5)",houghCircle,0.65625,43838593.18958333,32669590.0
"(np.float64(1.0), 180, 210, 30, 10)",houghCircle,0.7,42400035.58125,32079899.0
"(np.float64(1.0), 180, 210, 30, 15)",houghCircle,0.7833333333333333,40543338.40625,30927165.5
"(np.float64(1.0), 180, 210, 35, 5)",houghCircle,0.6770833333333334,41774246.947916664,31095065.5
"(np.float64(1.0), 180, 210, 35, 10)",houghCircle,0.7083333333333334,42084663.81875,32135428.0
"(np.float64(1.0), 180, 210, 35, 15)",houghCircle,0.775,39980903.46666667,31285237.5
"(np.float64(1.0), 180, 210, 40, 5)",houghCircle,0.5916666666666667,44434760.16041667,32477569.5
"(np.float64(1.0), 180, 210, 40, 10)",houghCircle,0.625,37185160.2125,30425669.5
"(np.float64(1.0), 180, 210, 40, 15)",houghCircle,0.6666666666666666,41766578.233333334,32321702.0
"(np.float64(1.0), 180, 210, 45, 5)",houghCircle,0.2125,55527148.5,42851677.0
"(np.float64(1.0), 180, 210, 45, 10)",houghCircle,0.23125,44408065.3,32577347.0
"(np.float64(1.0), 180, 210, 45, 15)",houghCircle,0.2375,41079868.7,31250322.5
"(np.float64(1.0), 180, 220, 30, 5)",houghCircle,0.6625,38637490.28541667,30920729.0
"(np.float64(1.0), 180, 220, 30, 10)",houghCircle,0.69375,42442805.791666664,31686385.0
"(np.float64(1.0), 180, 220, 30, 15)",houghCircle,0.78125,38546131.56875,30960598.5
"(np.float64(1.0), 180, 220, 35, 5)",houghCircle,0.6729166666666667,41703031.954166666,31768940.0
"(np.float64(1.0), 180, 220, 35, 10)",houghCircle,0.7041666666666667,41706456.85208333,31774455.5
"(np.float64(1.0), 180, 220, 35, 15)",houghCircle,0.7708333333333334,40131582.07083333,30813768.0
"(np.float64(1.0), 180, 220, 40, 5)",houghCircle,0.5916666666666667,42360142.71458333,31977011.0
"(np.float64(1.0), 180, 220, 40, 10)",houghCircle,0.625,40036545.322916664,30787169.5
"(np.float64(1.0), 180, 220, 40, 15)",houghCircle,0.6666666666666666,41365690.9125,30813757.0
"(np.float64(1.0), 180, 220, 45, 5)",houghCircle,0.2125,51213500.71666667,41117452.5
"(np.float64(1.0), 180, 220, 45, 10)",houghCircle,0.23125,43459371.85208333,31545375.5
"(np.float64(1.0), 180, 220, 45, 15)",houghCircle,0.2375,40777672.68125,31294294.0
"(np.float64(1.0), 180, 230, 30, 5)",houghCircle,0.6625,43444193.9375,32471377.0
"(np.float64(1.0), 180, 230, 30, 10)",houghCircle,0.6916666666666667,38777649.604166664,31085153.0
"(np.float64(1.0), 180, 230, 30, 15)",houghCircle,0.7791666666666667,42251259.31875,30785955.5
"(np.float64(1.0), 180, 230, 35, 5)",houghCircle,0.6770833333333334,41219868.28125,31779846.0
"(np.float64(1.0), 180, 230, 35, 10)",houghCircle,0.70625,45684900.06666667,33155481.0
"(np.float64(1.0), 180, 230, 35, 15)",houghCircle,0.7708333333333334,39402887.770833336,29862673.0
"(np.float64(1.0), 180, 230, 40, 5)",houghCircle,0.5916666666666667,39909301.425,31696083.0
"(np.float64(1.0), 180, 230, 40, 10)",houghCircle,0.625,40356087.954166666,31565583.0
"(np.float64(1.0), 180, 230, 40, 15)",houghCircle,0.6666666666666666,39852713.93958333,30661132.5
"(np.float64(1.0), 180, 230, 45, 5)",houghCircle,0.2125,43200997.7,32603601.5
"(np.float64(1.0), 180, 230, 45, 10)",houghCircle,0.23125,53849800.16041667,41085297.0
"(np.float64(1.0), 180, 230, 45, 15)",houghCircle,0.2375,39658727.87708333,30172108.5
"(np.float64(1.0), 180, 240, 30, 5)",houghCircle,0.6645833333333333,41605289.91041667,31889410.5
"(np.float64(1.0), 180, 240, 30, 10)",houghCircle,0.69375,42708816.18958333,30705655.0
"(np.float64(1.0), 180, 240, 30, 15)",houghCircle,0.78125,39695397.55625,30796686.0
"(np.float64(1.0), 180, 240, 35, 5)",houghCircle,0.68125,41055479.18125,32738844.5
"(np.float64(1.0), 180, 240, 35, 10)",houghCircle,0.7104166666666667,40732321.979166664,31251054.0
"(np.float64(1.0), 180, 240, 35, 15)",houghCircle,0.7708333333333334,40517963.91041667,31092359.0
"(np.float64(1.0), 180, 240, 40, 5)",houghCircle,0.59375,43968309.98125,33333064.5
"(np.float64(1.0), 180, 240, 40, 10)",houghCircle,0.6291666666666667,43266439.552083336,31511156.5
"(np.float64(1.0), 180, 240, 40, 15)",houghCircle,0.66875,40136281.829166666,29714872.5
"(np.float64(1.0), 180, 240, 45, 5)",houghCircle,0.2125,45664004.479166664,36034001.5
"(np.float64(1.0), 180, 240, 45, 10)",houghCircle,0.23125,41848906.864583336,31101844.0
"(np.float64(1.0), 180, 240, 45, 15)",houghCircle,0.2375,39967566.72708333,29904432.0
"(np.float64(1.0), 180, 250, 30, 5)",houghCircle,0.66875,41803770.322916664,31081391.0
"(np.float64(1.0), 180, 250, 30, 10)",houghCircle,0.7020833333333333,40346895.87083333,31390224.0
"(np.float64(1.0), 180, 250, 30, 15)",houghCircle,0.78125,41442667.825,30986467.0
"(np.float64(1.0), 180, 250, 35, 5)",houghCircle,0.6833333333333333,42377640.05625,31778162.0
"(np.float64(1.0), 180, 250, 35, 10)",houghCircle,0.7104166666666667,43405637.12083333,32039572.5
"(np.float64(1.0), 180, 250, 35, 15)",houghCircle,0.7708333333333334,41824678.083333336,30843729.0
"(np.float64(1.0), 180, 250, 40, 5)",houghCircle,0.59375,40402747.204166666,30302624.0
"(np.float64(1.0), 180, 250, 40, 10)",houghCircle,0.6291666666666667,41087608.827083334,31156441.0
"(np.float64(1.0), 180, 250, 40, 15)",houghCircle,0.66875,42912825.56458333,31269643.5
"(np.float64(1.0), 180, 250, 45, 5)",houghCircle,0.2125,48753792.104166664,41117673.0
"(np.float64(1.0), 180, 250, 45, 10)",houghCircle,0.23125,43584189.95,31444101.0
"(np.float64(1.0), 180, 250, 45, 15)",houghCircle,0.2375,40537359.2,31402562.5
"(np.float64(1.0), 180, 260, 30, 5)",houghCircle,0.6770833333333334,43939543.72083333,33094977.5
"(np.float64(1.0), 180, 260, 30, 10)",houghCircle,0.7041666666666667,43206745.260416664,31907179.5
"(np.float64(1.0), 180, 260, 30, 15)",houghCircle,0.7854166666666667,42237238.11666667,31255006.0
"(np.float64(1.0), 180, 260, 35, 5)",houghCircle,0.6833333333333333,38832443.860416666,31301819.0
"(np.float64(1.0), 180, 260, 35, 10)",houghCircle,0.7104166666666667,41501828.32083333,30930411.0
"(np.float64(1.0), 180, 260, 35, 15)",houghCircle,0.7708333333333334,40763560.95,30433920.5
"(np.float64(1.0), 180, 260, 40, 5)",houghCircle,0.59375,41851513.760416664,31627239.5
"(np.float64(1.0), 180, 260, 40, 10)",houghCircle,0.6270833333333333,51167159.829166666,41775434.0
"(np.float64(1.0), 180, 260, 40, 15)",houghCircle,0.6666666666666666,42084204.91875,31010672.0
"(np.float64(1.0), 180, 260, 45, 5)",houghCircle,0.2125,41326952.489583336,31077508.0
"(np.float64(1.0), 180, 260, 45, 10)",houghCircle,0.23125,42522077.33125,30568227.0
"(np.float64(1.0), 180, 260, 45, 15)",houghCircle,0.2375,41222720.65,30018591.0
"(np.float64(1.0), 180, 270, 30, 5)",houghCircle,0.68125,40910293.91458333,31554177.0
"(np.float64(1.0), 180, 270, 30, 10)",houghCircle,0.70625,38353917.702083334,30670158.5
"(np.float64(1.0), 180, 270, 30, 15)",houghCircle,0.7854166666666667,40111237.68125,30787484.0
"(np.float64(1.0), 180, 270, 35, 5)",houghCircle,0.6833333333333333,43922777.02916667,32364643.0
"(np.float64(1.0), 180, 270, 35, 10)",houghCircle,0.7145833333333333,39333934.30416667,30221507.5
"(np.float64(1.0), 180, 270, 35, 15)",houghCircle,0.775,41844831.3875,30250887.0
"(np.float64(1.0), 180, 270, 40, 5)",houghCircle,0.59375,39965941.22083333,30950429.5
"(np.float64(1.0), 180, 270, 40, 10)",houghCircle,0.6291666666666667,54840632.38125,42319504.0
"(np.float64(1.0), 180, 270, 40, 15)",houghCircle,0.6666666666666666,37854742.96666667,28928245.0
"(np.float64(1.0), 180, 270, 45, 5)",houghCircle,0.2125,39883970.979166664,30813642.5
"(np.float64(1.0), 180, 270, 45, 10)",houghCircle,0.23125,40982675.71666667,31914458.0
"(np.float64(1.0), 180, 270, 45, 15)",houghCircle,0.2375,42154896.55416667,30951005.0
"(np.float64(1.0), 180, 280, 30, 5)",houghCircle,0.6854166666666667,41591817.59583333,31440037.0
"(np.float64(1.0), 180, 280, 30, 10)",houghCircle,0.70625,40991467.34791667,31216338.0
"(np.float64(1.0), 180, 280, 30, 15)",houghCircle,0.7875,41732094.11875,29947278.5
"(np.float64(1.0), 180, 280, 35, 5)",houghCircle,0.6833333333333333,43192500.5875,31321893.0
"(np.float64(1.0), 180, 280, 35, 10)",houghCircle,0.7166666666666667,40319254.077083334,30981468.0
"(np.float64(1.0), 180, 280, 35, 15)",houghCircle,0.775,38732283.8125,30880057.5
"(np.float64(1.0), 180, 280, 40, 5)",houghCircle,0.59375,43210851.172916666,31371324.5
"(np.float64(1.0), 180, 280, 40, 10)",houghCircle,0.63125,42414620.05,31863903.5
"(np.float64(1.0), 180, 280, 40, 15)",houghCircle,0.6666666666666666,39678961.2,30102563.5
"(np.float64(1.0), 180, 280, 45, 5)",houghCircle,0.2125,37514515.12083333,29893070.5
"(np.float64(1.0), 180, 280, 45, 10)",houghCircle,0.23125,52665258.075,41030270.0
"(np.float64(1.0), 180, 280, 45, 15)",houghCircle,0.2375,43819464.825,31086454.0
"(np.float64(1.0), 180, 290, 30, 5)",houghCircle,0.6854166666666667,41115147.21666667,30487360.5
"(np.float64(1.0), 180, 290, 30, 10)",houghCircle,0.7145833333333333,39603706.514583334,30954256.5
"(np.float64(1.0), 180, 290, 30, 15)",houghCircle,0.7895833333333333,38324412.25,30667543.0
"(np.float64(1.0), 180, 290, 35, 5)",houghCircle,0.6875,40663557.39375,32005653.5
"(np.float64(1.0), 180, 290, 35, 10)",houghCircle,0.71875,42693455.31666667,31822040.0
"(np.float64(1.0), 180, 290, 35, 15)",houghCircle,0.7791666666666667,41601037.87708333,30754341.5
"(np.float64(1.0), 180, 290, 40, 5)",houghCircle,0.59375,40301763.170833334,30586937.5
"(np.float64(1.0), 180, 290, 40, 10)",houghCircle,0.63125,42429740.954166666,31231992.0
"(np.float64(1.0), 180, 290, 40, 15)",houghCircle,0.6666666666666666,50883617.27708333,39157927.0
"(np.float64(1.0), 180, 290, 45, 5)",houghCircle,0.21458333333333332,41516714.479166664,31224889.5
"(np.float64(1.0), 180, 290, 45, 10)",houghCircle,0.23125,42773403.27291667,31225935.0
"(np.float64(1.0), 180, 290, 45, 15)",houghCircle,0.2375,41819392.225,29902107.0
"(np.float64(1.0), 190, 100, 30, 5)",houghCircle,0.5208333333333334,43254066.891666666,36449225.5
"(np.float64(1.0), 190, 100, 30, 10)",houghCircle,0.65,44786787.18958333,37702059.5
"(np.float64(1.0), 190, 100, 30, 15)",houghCircle,0.7958333333333333,45886775.56041667,36615949.0
"(np.float64(1.0), 190, 100, 35, 5)",houghCircle,0.6875,42310679.833333336,35809225.0
"(np.float64(1.0), 190, 100, 35, 10)",houghCircle,0.7208333333333333,46505260.927083336,36815276.0
"(np.float64(1.0), 190, 100, 35, 15)",houghCircle,0.80625,45096121.329166666,36867311.5
"(np.float64(1.0), 190, 100, 40, 5)",houghCircle,0.6291666666666667,45498577.677083336,37535902.5
"(np.float64(1.0), 190, 100, 40, 10)",houghCircle,0.6729166666666667,47010118.49791667,37002744.0
"(np.float64(1.0), 190, 100, 40, 15)",houghCircle,0.7208333333333333,57028698.114583336,45935371.0
"(np.float64(1.0), 190, 100, 45, 5)",houghCircle,0.3625,46568421.18333333,36766581.0
"(np.float64(1.0), 190, 100, 45, 10)",houghCircle,0.38125,46638142.7125,36232764.5
"(np.float64(1.0), 190, 100, 45, 15)",houghCircle,0.3958333333333333,49217220.889583334,36347179.0
"(np.float64(1.0), 190, 110, 30, 5)",houghCircle,0.5520833333333334,44334926.21458333,34882401.0
"(np.float64(1.0), 190, 110, 30, 10)",houghCircle,0.6625,46286273.1,36137801.0
"(np.float64(1.0), 190, 110, 30, 15)",houghCircle,0.7979166666666667,46981062.47708333,36864118.5
"(np.float64(1.0), 190, 110, 35, 5)",houghCircle,0.6854166666666667,46844243.60625,36671196.5
"(np.float64(1.0), 190, 110, 35, 10)",houghCircle,0.7229166666666667,42662931.145833336,35143406.5
"(np.float64(1.0), 190, 110, 35, 15)",houghCircle,0.80625,45905834.672916666,34974704.0
"(np.float64(1.0), 190, 110, 40, 5)",houghCircle,0.6020833333333333,44276781.76875,35872187.0
"(np.float64(1.0), 190, 110, 40, 10)",houghCircle,0.6354166666666666,43430869.925,35267778.5
"(np.float64(1.0), 190, 110, 40, 15)",houghCircle,0.6854166666666667,51920971.09375,38809768.0
"(np.float64(1.0), 190, 110, 45, 5)",houghCircle,0.3,47915286.795833334,37465872.5
"(np.float64(1.0), 190, 110, 45, 10)",houghCircle,0.31875,44350451.125,35941438.0
"(np.float64(1.0), 190, 110, 45, 15)",houghCircle,0.33541666666666664,42416984.802083336,34588860.0
"(np.float64(1.0), 190, 120, 30, 5)",houghCircle,0.5875,46315551.00208333,37137722.5
"(np.float64(1.0), 190, 120, 30, 10)",houghCircle,0.6833333333333333,46433333.24375,36229483.5
"(np.float64(1.0), 190, 120, 30, 15)",houghCircle,0.8020833333333334,43943629.4875,34286698.5
"(np.float64(1.0), 190, 120, 35, 5)",houghCircle,0.6875,43586811.545833334,35321607.0
"(np.float64(1.0), 190, 120, 35, 10)",houghCircle,0.7208333333333333,43288688.63333333,35174358.5
"(np.float64(1.0), 190, 120, 35, 15)",houghCircle,0.7979166666666667,43379217.70625,34600957.0
"(np.float64(1.0), 190, 120, 40, 5)",houghCircle,0.60625,44287827.94583333,35250756.5
"(np.float64(1.0), 190, 120, 40, 10)",houghCircle,0.6333333333333333,54060798.58125,44462809.5
"(np.float64(1.0), 190, 120, 40, 15)",houghCircle,0.6833333333333333,45513714.077083334,34788364.5
"(np.float64(1.0), 190, 120, 45, 5)",houghCircle,0.2708333333333333,47441769.364583336,35875724.0
"(np.float64(1.0), 190, 120, 45, 10)",houghCircle,0.2875,40857732.61666667,34466235.5
"(np.float64(1.0), 190, 120, 45, 15)",houghCircle,0.30416666666666664,43030453.96666667,33212628.0
"(np.float64(1.0), 190, 130, 30, 5)",houghCircle,0.6020833333333333,42649145.854166664,34463475.5
"(np.float64(1.0), 190, 130, 30, 10)",houghCircle,0.6916666666666667,44448143.354166664,34521715.0
"(np.float64(1.0), 190, 130, 30, 15)",houghCircle,0.8104166666666667,41260732.03125,34127594.5
"(np.float64(1.0), 190, 130, 35, 5)",houghCircle,0.6854166666666667,44673672.983333334,35461853.5
"(np.float64(1.0), 190, 130, 35, 10)",houghCircle,0.7166666666666667,44136115.33958333,34056095.5
"(np.float64(1.0), 190, 130, 35, 15)",houghCircle,0.7958333333333333,44771563.025,33930390.5
"(np.float64(1.0), 190, 130, 40, 5)",houghCircle,0.6,45540292.025,35872453.0
"(np.float64(1.0), 190, 130, 40, 10)",houghCircle,0.6270833333333333,44712898.59166667,34146444.5
"(np.float64(1.0), 190, 130, 40, 15)",houghCircle,0.6770833333333334,55655741.514583334,43870888.5
"(np.float64(1.0), 190, 130, 45, 5)",houghCircle,0.23333333333333334,43728468.20625,34103610.5
"(np.float64(1.0), 190, 130, 45, 10)",houghCircle,0.25,44822483.46458333,34120858.0
"(np.float64(1.0), 190, 130, 45, 15)",houghCircle,0.2625,44112659.3875,34028774.5
"(np.float64(1.0), 190, 140, 30, 5)",houghCircle,0.6166666666666667,43481960.2875,33941777.0
"(np.float64(1.0), 190, 140, 30, 10)",houghCircle,0.7041666666666667,43652522.5625,34296966.0
"(np.float64(1.0), 190, 140, 30, 15)",houghCircle,0.8041666666666667,44376924.020833336,33704116.0
"(np.float64(1.0), 190, 140, 35, 5)",houghCircle,0.6833333333333333,42778731.170833334,34426921.5
"(np.float64(1.0), 190, 140, 35, 10)",houghCircle,0.7145833333333333,43718800.37291667,34145553.0
"(np.float64(1.0), 190, 140, 35, 15)",houghCircle,0.7916666666666666,44341701.65,33649483.0
"(np.float64(1.0), 190, 140, 40, 5)",houghCircle,0.60625,43689655.925,33655980.5
"(np.float64(1.0), 190, 140, 40, 10)",houghCircle,0.6291666666666667,40975823.91041667,34476895.0
"(np.float64(1.0), 190, 140, 40, 15)",houghCircle,0.6791666666666667,53844867.708333336,43450771.5
"(np.float64(1.0), 190, 140, 45, 5)",houghCircle,0.225,43475403.291666664,34241638.5
"(np.float64(1.0), 190, 140, 45, 10)",houghCircle,0.24375,44881722.2625,34449257.0
"(np.float64(1.0), 190, 140, 45, 15)",houghCircle,0.2520833333333333,40770436.614583336,33039818.5
"(np.float64(1.0), 190, 150, 30, 5)",houghCircle,0.6375,42448314.69166667,32864620.5
"(np.float64(1.0), 190, 150, 30, 10)",houghCircle,0.7083333333333334,41926505.3125,34117542.0
"(np.float64(1.0), 190, 150, 30, 15)",houghCircle,0.8041666666666667,41523541.329166666,31312068.0
"(np.float64(1.0), 190, 150, 35, 5)",houghCircle,0.6875,46956705.3375,36007842.0
"(np.float64(1.0), 190, 150, 35, 10)",houghCircle,0.7145833333333333,45570611.43125,33853752.0
"(np.float64(1.0), 190, 150, 35, 15)",houghCircle,0.7916666666666666,41267588.74583333,32071217.0
"(np.float64(1.0), 190, 150, 40, 5)",houghCircle,0.6020833333333333,45394800.375,33859732.5
"(np.float64(1.0), 190, 150, 40, 10)",houghCircle,0.625,41259729.68541667,32357826.5
"(np.float64(1.0), 190, 150, 40, 15)",houghCircle,0.675,40629391.822916664,32015993.5
"(np.float64(1.0), 190, 150, 45, 5)",houghCircle,0.21875,56684524.947916664,44991716.5
"(np.float64(1.0), 190, 150, 45, 10)",houghCircle,0.23541666666666666,43065938.31041667,33395341.5
"(np.float64(1.0), 190, 150, 45, 15)",houghCircle,0.24375,43088103.03125,32541530.5
"(np.float64(1.0), 190, 160, 30, 5)",houghCircle,0.64375,44230238.03125,32932824.0
"(np.float64(1.0), 190, 160, 30, 10)",houghCircle,0.7104166666666667,46491162.15833333,35093768.0
"(np.float64(1.0), 190, 160, 30, 15)",houghCircle,0.8083333333333333,42700130.31666667,32607327.0
"(np.float64(1.0), 190, 160, 35, 5)",houghCircle,0.6875,41782075.19583333,33236799.5
"(np.float64(1.0), 190, 160, 35, 10)",houghCircle,0.71875,41951212.65416667,33191924.5
"(np.float64(1.0), 190, 160, 35, 15)",houghCircle,0.7958333333333333,43849421.62708333,32743609.5
"(np.float64(1.0), 190, 160, 40, 5)",houghCircle,0.6020833333333333,41873604.40208333,33278321.5
"(np.float64(1.0), 190, 160, 40, 10)",houghCircle,0.6291666666666667,51506481.260416664,40839632.5
"(np.float64(1.0), 190, 160, 40, 15)",houghCircle,0.6770833333333334,43009521.34583333,31788451.0
"(np.float64(1.0), 190, 160, 45, 5)",houghCircle,0.2125,43676196.05833333,33653290.0
"(np.float64(1.0), 190, 160, 45, 10)",houghCircle,0.23125,45219304.135416664,34092714.0
"(np.float64(1.0), 190, 160, 45, 15)",houghCircle,0.2375,41158482.01875,32683321.0
"(np.float64(1.0), 190, 170, 30, 5)",houghCircle,0.65625,45545384.19375,33264170.0
"(np.float64(1.0), 190, 170, 30, 10)",houghCircle,0.7145833333333333,44083889.39791667,34844199.0
"(np.float64(1.0), 190, 170, 30, 15)",houghCircle,0.80625,41270532.44375,31797123.5
"(np.float64(1.0), 190, 170, 35, 5)",houghCircle,0.6854166666666667,43003484.077083334,32811592.0
"(np.float64(1.0), 190, 170, 35, 10)",houghCircle,0.7166666666666667,43755326.104166664,33338835.5
"(np.float64(1.0), 190, 170, 35, 15)",houghCircle,0.7916666666666666,39453112.24375,31005457.5
"(np.float64(1.0), 190, 170, 40, 5)",houghCircle,0.5958333333333333,44098347.55,32842340.5
"(np.float64(1.0), 190, 170, 40, 10)",houghCircle,0.6270833333333333,55943363.08125,42958167.0
"(np.float64(1.0), 190, 170, 40, 15)",houghCircle,0.6729166666666667,39349364.666666664,31923530.5
"(np.float64(1.0), 190, 170, 45, 5)",houghCircle,0.2125,42829548.71875,32883461.5
"(np.float64(1.0), 190, 170, 45, 10)",houghCircle,0.23125,47575047.175,35461748.0
"(np.float64(1.0), 190, 170, 45, 15)",houghCircle,0.2375,42571435.8,31490437.5
"(np.float64(1.0), 190, 180, 30, 5)",houghCircle,0.6583333333333333,44490034.70625,33134939.5
"(np.float64(1.0), 190, 180, 30, 10)",houghCircle,0.71875,42599312.139583334,32054415.5
"(np.float64(1.0), 190, 180, 30, 15)",houghCircle,0.8020833333333334,43942018.36666667,32777176.0
"(np.float64(1.0), 190, 180, 35, 5)",houghCircle,0.6916666666666667,40263068.89375,31757898.5
"(np.float64(1.0), 190, 180, 35, 10)",houghCircle,0.7145833333333333,42687105.67916667,31501543.0
"(np.float64(1.0), 190, 180, 35, 15)",houghCircle,0.7895833333333333,41450524.27291667,31671667.5
"(np.float64(1.0), 190, 180, 40, 5)",houghCircle,0.5979166666666667,42086249.15208333,32916690.0
"(np.float64(1.0), 190, 180, 40, 10)",houghCircle,0.6291666666666667,38857870.24583333,31275129.0
"(np.float64(1.0), 190, 180, 40, 15)",houghCircle,0.6729166666666667,56789986.75833333,42091300.0
"(np.float64(1.0), 190, 180, 45, 5)",houghCircle,0.2125,44827215.71458333,34465545.5
"(np.float64(1.0), 190, 180, 45, 10)",houghCircle,0.23125,41613305.920833334,32026553.5
"(np.float64(1.0), 190, 180, 45, 15)",houghCircle,0.2375,42374379.52916667,32705532.0
"(np.float64(1.0), 190, 190, 30, 5)",houghCircle,0.6625,42193637.33958333,33450073.5
"(np.float64(1.0), 190, 190, 30, 10)",houghCircle,0.7104166666666667,42325893.56666667,32087963.5
"(np.float64(1.0), 190, 190, 30, 15)",houghCircle,0.79375,42017596.02708333,31522176.0
"(np.float64(1.0), 190, 190, 35, 5)",houghCircle,0.6791666666666667,44020838.50625,33515245.5
"(np.float64(1.0), 190, 190, 35, 10)",houghCircle,0.7041666666666667,42116891.99375,32118636.5
"(np.float64(1.0), 190, 190, 35, 15)",houghCircle,0.7791666666666667,42755014.53541667,31910270.0
"(np.float64(1.0), 190, 190, 40, 5)",houghCircle,0.5895833333333333,46968788.025,34673724.0
"(np.float64(1.0), 190, 190, 40, 10)",houghCircle,0.625,41825569.35,31439667.5
"(np.float64(1.0), 190, 190, 40, 15)",houghCircle,0.6666666666666666,40885651.49583333,31508506.5
"(np.float64(1.0), 190, 190, 45, 5)",houghCircle,0.2125,42022485.6,32242929.5
"(np.float64(1.0), 190, 190, 45, 10)",houghCircle,0.23125,55248969.3125,42127985.0
"(np.float64(1.0), 190, 190, 45, 15)",houghCircle,0.2375,42110875.08541667,31987400.5
"(np.float64(1.0), 190, 200, 30, 5)",houghCircle,0.6604166666666667,45438308.12083333,32290503.0
"(np.float64(1.0), 190, 200, 30, 10)",houghCircle,0.7041666666666667,40341415.62291667,31384737.5
"(np.float64(1.0), 190, 200, 30, 15)",houghCircle,0.7875,39309943.170833334,31190254.5
"(np.float64(1.0), 190, 200, 35, 5)",houghCircle,0.6770833333333334,43817286.53958333,33415573.5
"(np.float64(1.0), 190, 200, 35, 10)",houghCircle,0.70625,39805870.81458333,32350205.0
"(np.float64(1.0), 190, 200, 35, 15)",houghCircle,0.7770833333333333,43207451.53958333,33647584.0
"(np.float64(1.0), 190, 200, 40, 5)",houghCircle,0.5895833333333333,43813316.770833336,32438521.0
"(np.float64(1.0), 190, 200, 40, 10)",houghCircle,0.625,41297450.329166666,31444150.0
"(np.float64(1.0), 190, 200, 40, 15)",houghCircle,0.6666666666666666,43127642.514583334,31568238.5
"(np.float64(1.0), 190, 200, 45, 5)",houghCircle,0.2125,50439132.889583334,41559548.5
"(np.float64(1.0), 190, 200, 45, 10)",houghCircle,0.23125,40680235.327083334,31989769.5
"(np.float64(1.0), 190, 200, 45, 15)",houghCircle,0.2375,41522256.97708333,31053423.0
"(np.float64(1.0), 190, 210, 30, 5)",houghCircle,0.6583333333333333,44837921.697916664,32781098.5
"(np.float64(1.0), 190, 210, 30, 10)",houghCircle,0.7,42497395.65833333,31708917.5
"(np.float64(1.0), 190, 210, 30, 15)",houghCircle,0.7833333333333333,39582662.02916667,30989478.0
"(np.float64(1.0), 190, 210, 35, 5)",houghCircle,0.6791666666666667,46449966.62291667,35635895.0
"(np.float64(1.0), 190, 210, 35, 10)",houghCircle,0.7083333333333334,41721649.24166667,32042513.5
"(np.float64(1.0), 190, 210, 35, 15)",houghCircle,0.7770833333333333,41867843.0875,30878054.0
"(np.float64(1.0), 190, 210, 40, 5)",houghCircle,0.59375,43326929.62291667,32561262.0
"(np.float64(1.0), 190, 210, 40, 10)",houghCircle,0.625,43284014.12916667,32120795.0
"(np.float64(1.0), 190, 210, 40, 15)",houghCircle,0.6666666666666666,40257723.35208333,31213739.5
"(np.float64(1.0), 190, 210, 45, 5)",houghCircle,0.2125,53287626.90833333,41572201.5
"(np.float64(1.0), 190, 210, 45, 10)",houghCircle,0.23125,41249118.72708333,31828517.5
"(np.float64(1.0), 190, 210, 45, 15)",houghCircle,0.2375,43845509.38333333,31850943.5
"(np.float64(1.0), 190, 220, 30, 5)",houghCircle,0.6645833333333333,41257156.6625,31836692.0
"(np.float64(1.0), 190, 220, 30, 10)",houghCircle,0.69375,37691401.19375,30302153.0
"(np.float64(1.0), 190, 220, 30, 15)",houghCircle,0.78125,44489203.74583333,31759306.5
"(np.float64(1.0), 190, 220, 35, 5)",houghCircle,0.675,42959951.358333334,32925323.5
"(np.float64(1.0), 190, 220, 35, 10)",houghCircle,0.7041666666666667,40030701.77708333,29984997.5
"(np.float64(1.0), 190, 220, 35, 15)",houghCircle,0.7729166666666667,41975033.45,31517333.0
"(np.float64(1.0), 190, 220, 40, 5)",houghCircle,0.59375,45723894.36666667,32693053.5
"(np.float64(1.0), 190, 220, 40, 10)",houghCircle,0.625,41195850.075,31575813.0
"(np.float64(1.0), 190, 220, 40, 15)",houghCircle,0.6666666666666666,40542520.1125,30858406.0
"(np.float64(1.0), 190, 220, 45, 5)",houghCircle,0.2125,48908719.04375,38772108.0
"(np.float64(1.0), 190, 220, 45, 10)",houghCircle,0.23125,44449708.71666667,32523105.0
"(np.float64(1.0), 190, 220, 45, 15)",houghCircle,0.2375,41321408.791666664,30635633.5
"(np.float64(1.0), 190, 230, 30, 5)",houghCircle,0.6645833333333333,45502118.64375,33533050.5
"(np.float64(1.0), 190, 230, 30, 10)",houghCircle,0.6916666666666667,39515274.97083333,31142960.5
"(np.float64(1.0), 190, 230, 30, 15)",houghCircle,0.7791666666666667,41094147.40833333,30591662.5
"(np.float64(1.0), 190, 230, 35, 5)",houghCircle,0.6791666666666667,42157972.26875,32738123.5
"(np.float64(1.0), 190, 230, 35, 10)",houghCircle,0.70625,42130466.666666664,31882538.5
"(np.float64(1.0), 190, 230, 35, 15)",houghCircle,0.7729166666666667,40021682.71875,31054504.0
"(np.float64(1.0), 190, 230, 40, 5)",houghCircle,0.59375,40667450.202083334,31481820.5
"(np.float64(1.0), 190, 230, 40, 10)",houghCircle,0.625,44757458.62708333,32275521.0
"(np.float64(1.0), 190, 230, 40, 15)",houghCircle,0.6666666666666666,40128064.46458333,30733262.5
"(np.float64(1.0), 190, 230, 45, 5)",houghCircle,0.2125,55031063.447916664,42085234.0
"(np.float64(1.0), 190, 230, 45, 10)",houghCircle,0.23125,39531670.95625,31009215.0
"(np.float64(1.0), 190, 230, 45, 15)",houghCircle,0.2375,42023633.98125,30992940.0
"(np.float64(1.0), 190, 240, 30, 5)",houghCircle,0.6666666666666666,41333955.93958333,31950502.0
"(np.float64(1.0), 190, 240, 30, 10)",houghCircle,0.69375,39649191.7875,30705786.0
"(np.float64(1.0), 190, 240, 30, 15)",houghCircle,0.78125,40414134.177083336,30768698.5
"(np.float64(1.0), 190, 240, 35, 5)",houghCircle,0.6833333333333333,43527019.55625,32432970.0
"(np.float64(1.0), 190, 240, 35, 10)",houghCircle,0.7104166666666667,42437732.9875,31621068.5
"(np.float64(1.0), 190, 240, 35, 15)",houghCircle,0.7729166666666667,41836404.266666666,30562807.0
"(np.float64(1.0), 190, 240, 40, 5)",houghCircle,0.5958333333333333,43054996.27708333,31361030.0
"(np.float64(1.0), 190, 240, 40, 10)",houghCircle,0.63125,41712444.43541667,31579039.5
"(np.float64(1.0), 190, 240, 40, 15)",houghCircle,0.66875,41880043.425,31301013.0
"(np.float64(1.0), 190, 240, 45, 5)",houghCircle,0.2125,52714182.61875,41402483.0
"(np.float64(1.0), 190, 240, 45, 10)",houghCircle,0.23125,44429353.43333333,32146217.5
"(np.float64(1.0), 190, 240, 45, 15)",houghCircle,0.2375,41557662.391666666,31356987.5
"(np.float64(1.0), 190, 250, 30, 5)",houghCircle,0.6729166666666667,41776810.05625,31394532.5
"(np.float64(1.0), 190, 250, 30, 10)",houghCircle,0.7020833333333333,43334008.90625,32201541.5
"(np.float64(1.0), 190, 250, 30, 15)",houghCircle,0.78125,40282628.9875,30491383.0
"(np.float64(1.0), 190, 250, 35, 5)",houghCircle,0.6854166666666667,41017381.35625,32267444.5
"(np.float64(1.0), 190, 250, 35, 10)",houghCircle,0.7104166666666667,40534755.58125,30957383.0
"(np.float64(1.0), 190, 250, 35, 15)",houghCircle,0.7729166666666667,38377749.6625,30358368.5
"(np.float64(1.0), 190, 250, 40, 5)",houghCircle,0.5979166666666667,42908646.170833334,31597789.5
"(np.float64(1.0), 190, 250, 40, 10)",houghCircle,0.63125,37990388.604166664,30703320.0
"(np.float64(1.0), 190, 250, 40, 15)",houghCircle,0.66875,40454153.952083334,31303306.0
"(np.float64(1.0), 190, 250, 45, 5)",houghCircle,0.2125,48723966.270833336,37750091.0
"(np.float64(1.0), 190, 250, 45, 10)",houghCircle,0.23125,40909369.0125,31630800.5
"(np.float64(1.0), 190, 250, 45, 15)",houghCircle,0.2375,39781049.37083333,30139333.0
"(np.float64(1.0), 190, 260, 30, 5)",houghCircle,0.68125,44387763.858333334,31862605.5
"(np.float64(1.0), 190, 260, 30, 10)",houghCircle,0.7041666666666667,42056288.86875,31552408.5
"(np.float64(1.0), 190, 260, 30, 15)",houghCircle,0.7854166666666667,42219310.66875,31067604.5
"(np.float64(1.0), 190, 260, 35, 5)",houghCircle,0.6854166666666667,41279829.045833334,32042689.0
"(np.float64(1.0), 190, 260, 35, 10)",houghCircle,0.7104166666666667,38627724.19583333,29886218.0
"(np.float64(1.0), 190, 260, 35, 15)",houghCircle,0.7729166666666667,41019374.697916664,31318981.0
"(np.float64(1.0), 190, 260, 40, 5)",houghCircle,0.5979166666666667,44036856.1125,32236386.5
"(np.float64(1.0), 190, 260, 40, 10)",houghCircle,0.6291666666666667,40835484.9875,31016283.5
"(np.float64(1.0), 190, 260, 40, 15)",houghCircle,0.6666666666666666,41567151.68125,30840183.0
"(np.float64(1.0), 190, 260, 45, 5)",houghCircle,0.2125,52500057.677083336,41032308.5
"(np.float64(1.0), 190, 260, 45, 10)",houghCircle,0.23125,39616641.93541667,31123228.5
"(np.float64(1.0), 190, 260, 45, 15)",houghCircle,0.2375,41310496.12291667,30198048.0
"(np.float64(1.0), 190, 270, 30, 5)",houghCircle,0.6854166666666667,39331759.614583336,31222981.5
"(np.float64(1.0), 190, 270, 30, 10)",houghCircle,0.70625,38430233.09583333,30067954.0
"(np.float64(1.0), 190, 270, 30, 15)",houghCircle,0.7854166666666667,39878862.583333336,30291708.5
"(np.float64(1.0), 190, 270, 35, 5)",houghCircle,0.6854166666666667,39443306.610416666,31009785.5
"(np.float64(1.0), 190, 270, 35, 10)",houghCircle,0.7145833333333333,42543600.1625,31523604.5
"(np.float64(1.0), 190, 270, 35, 15)",houghCircle,0.775,40996713.47708333,30006363.0
"(np.float64(1.0), 190, 270, 40, 5)",houghCircle,0.5958333333333333,39979521.389583334,31492636.5
"(np.float64(1.0), 190, 270, 40, 10)",houghCircle,0.6291666666666667,40315605.43541667,30862429.5
"(np.float64(1.0), 190, 270, 40, 15)",houghCircle,0.6666666666666666,37229791.791666664,30181331.5
"(np.float64(1.0), 190, 270, 45, 5)",houghCircle,0.2125,42836066.24375,32020973.0
"(np.float64(1.0), 190, 270, 45, 10)",houghCircle,0.23125,54443675.43125,41562307.0
"(np.float64(1.0), 190, 270, 45, 15)",houghCircle,0.2375,43272934.56041667,31399056.5
"(np.float64(1.0), 190, 280, 30, 5)",houghCircle,0.6895833333333333,41981780.052083336,31962048.0
"(np.float64(1.0), 190, 280, 30, 10)",houghCircle,0.70625,40780042.65416667,31765559.0
"(np.float64(1.0), 190, 280, 30, 15)",houghCircle,0.7875,38280403.452083334,30016537.5
"(np.float64(1.0), 190, 280, 35, 5)",houghCircle,0.6854166666666667,43482832.24166667,31769902.0
"(np.float64(1.0), 190, 280, 35, 10)",houghCircle,0.7166666666666667,45317144.79375,32581244.0
"(np.float64(1.0), 190, 280, 35, 15)",houghCircle,0.775,38911903.452083334,31124470.5
"(np.float64(1.0), 190, 280, 40, 5)",houghCircle,0.5958333333333333,40762605.364583336,31405728.0
"(np.float64(1.0), 190, 280, 40, 10)",houghCircle,0.63125,37797571.7375,30671220.5
"(np.float64(1.0), 190, 280, 40, 15)",houghCircle,0.6666666666666666,41114953.85,30965117.0
"(np.float64(1.0), 190, 280, 45, 5)",houghCircle,0.2125,41446764.64791667,31122787.5
"(np.float64(1.0), 190, 280, 45, 10)",houghCircle,0.23125,48467888.85625,34337269.0
"(np.float64(1.0), 190, 280, 45, 15)",houghCircle,0.2375,45268221.858333334,36388150.5
"(np.float64(1.0), 190, 290, 30, 5)",houghCircle,0.6895833333333333,44580229.32083333,32054351.0
"(np.float64(1.0), 190, 290, 30, 10)",houghCircle,0.7145833333333333,39023708.6375,30248758.5
"(np.float64(1.0), 190, 290, 30, 15)",houghCircle,0.7895833333333333,38583143.62083333,30321434.5
"(np.float64(1.0), 190, 290, 35, 5)",houghCircle,0.6895833333333333,42308423.24166667,32622761.5
"(np.float64(1.0), 190, 290, 35, 10)",houghCircle,0.71875,40755730.020833336,31655154.5
"(np.float64(1.0), 190, 290, 35, 15)",houghCircle,0.7791666666666667,40863619.84375,31509763.5
"(np.float64(1.0), 190, 290, 40, 5)",houghCircle,0.5958333333333333,42397778.40833333,30960393.5
"(np.float64(1.0), 190, 290, 40, 10)",houghCircle,0.63125,43202469.91875,29841939.5
"(np.float64(1.0), 190, 290, 40, 15)",houghCircle,0.6666666666666666,49801763.43541667,37622501.5
"(np.float64(1.0), 190, 290, 45, 5)",houghCircle,0.21458333333333332,43055593.08541667,31361180.5
"(np.float64(1.0), 190, 290, 45, 10)",houghCircle,0.23125,40908263.99791667,30650582.0
"(np.float64(1.0), 190, 290, 45, 15)",houghCircle,0.2375,41317357.83125,30286785.0
"(np.float64(1.0), 200, 100, 30, 5)",houghCircle,0.53125,46851758.05416667,36850367.5
"(np.float64(1.0), 200, 100, 30, 10)",houghCircle,0.65625,46103869.53541667,36915360.5
"(np.float64(1.0), 200, 100, 30, 15)",houghCircle,0.8,44436744.73125,35514561.5
"(np.float64(1.0), 200, 100, 35, 5)",houghCircle,0.6916666666666667,46553102.729166664,38193227.0
"(np.float64(1.0), 200, 100, 35, 10)",houghCircle,0.7270833333333333,44793615.452083334,36720829.5
"(np.float64(1.0), 200, 100, 35, 15)",houghCircle,0.80625,44016091.11666667,35540927.5
"(np.float64(1.0), 200, 100, 40, 5)",houghCircle,0.6333333333333333,46479586.577083334,38034860.5
"(np.float64(1.0), 200, 100, 40, 10)",houghCircle,0.6791666666666667,55444577.920833334,45543567.0
"(np.float64(1.0), 200, 100, 40, 15)",houghCircle,0.7208333333333333,44097856.385416664,36118820.5
"(np.float64(1.0), 200, 100, 45, 5)",houghCircle,0.3645833333333333,48858436.30625,37934447.0
"(np.float64(1.0), 200, 100, 45, 10)",houghCircle,0.3854166666666667,45332718.708333336,37005759.5
"(np.float64(1.0), 200, 100, 45, 15)",houghCircle,0.3958333333333333,44640694.96458333,35839907.5
"(np.float64(1.0), 200, 110, 30, 5)",houghCircle,0.5604166666666667,43312895.175,36295587.0
"(np.float64(1.0), 200, 110, 30, 10)",houghCircle,0.66875,47287840.28333333,36574811.5
"(np.float64(1.0), 200, 110, 30, 15)",houghCircle,0.8020833333333334,43671060.50833333,34733896.0
"(np.float64(1.0), 200, 110, 35, 5)",houghCircle,0.6895833333333333,45443841.302083336,36553656.5
"(np.float64(1.0), 200, 110, 35, 10)",houghCircle,0.7291666666666666,45222196.72291667,36149839.0
"(np.float64(1.0), 200, 110, 35, 15)",houghCircle,0.80625,46716384.15416667,35459393.5
"(np.float64(1.0), 200, 110, 40, 5)",houghCircle,0.60625,43809347.7125,35182744.5
"(np.float64(1.0), 200, 110, 40, 10)",houghCircle,0.6416666666666667,55254237.03541667,46168313.5
"(np.float64(1.0), 200, 110, 40, 15)",houghCircle,0.6854166666666667,44925449.26875,35917267.0
"(np.float64(1.0), 200, 110, 45, 5)",houghCircle,0.3020833333333333,46353115.12291667,37085288.0
"(np.float64(1.0), 200, 110, 45, 10)",houghCircle,0.3229166666666667,45253917.947916664,35809936.0
"(np.float64(1.0), 200, 110, 45, 15)",houghCircle,0.33541666666666664,46258682.67916667,34862603.5
"(np.float64(1.0), 200, 120, 30, 5)",houghCircle,0.59375,44368739.895833336,36047747.0
"(np.float64(1.0), 200, 120, 30, 10)",houghCircle,0.6895833333333333,45071678.989583336,34638969.5
"(np.float64(1.0), 200, 120, 30, 15)",houghCircle,0.80625,45795690.895833336,35855536.0
"(np.float64(1.0), 200, 120, 35, 5)",houghCircle,0.6916666666666667,44371901.425,36489195.5
"(np.float64(1.0), 200, 120, 35, 10)",houghCircle,0.7270833333333333,45121821.55416667,34983681.0
"(np.float64(1.0), 200, 120, 35, 15)",houghCircle,0.7979166666666667,43074369.06666667,34179903.5
"(np.float64(1.0), 200, 120, 40, 5)",houghCircle,0.6104166666666667,43915578.60625,35931874.5
"(np.float64(1.0), 200, 120, 40, 10)",houghCircle,0.6395833333333333,46605660.725,36483079.0
"(np.float64(1.0), 200, 120, 40, 15)",houghCircle,0.6833333333333333,59099348.40833333,46707170.0
"(np.float64(1.0), 200, 120, 45, 5)",houghCircle,0.275,44815828.75625,36213588.0
"(np.float64(1.0), 200, 120, 45, 10)",houghCircle,0.2916666666666667,44693996.58541667,35364971.0
"(np.float64(1.0), 200, 120, 45, 15)",houghCircle,0.30416666666666664,43701355.1375,35020837.0
"(np.float64(1.0), 200, 130, 30, 5)",houghCircle,0.6104166666666667,45912192.7125,35836415.5
"(np.float64(1.0), 200, 130, 30, 10)",houghCircle,0.6979166666666666,42738965.229166664,34161944.0
"(np.float64(1.0), 200, 130, 30, 15)",houghCircle,0.8125,43578084.43541667,34714355.0
"(np.float64(1.0), 200, 130, 35, 5)",houghCircle,0.6895833333333333,44121838.04375,35016152.0
"(np.float64(1.0), 200, 130, 35, 10)",houghCircle,0.7229166666666667,41998612.24375,32978199.0
"(np.float64(1.0), 200, 130, 35, 15)",houghCircle,0.7958333333333333,44197857.166666664,35135005.0
"(np.float64(1.0), 200, 130, 40, 5)",houghCircle,0.6041666666666666,44163567.9,34577288.5
"(np.float64(1.0), 200, 130, 40, 10)",houghCircle,0.6333333333333333,44110034.295833334,35003153.0
"(np.float64(1.0), 200, 130, 40, 15)",houghCircle,0.6770833333333334,52661737.297916666,43508940.0
"(np.float64(1.0), 200, 130, 45, 5)",houghCircle,0.2375,47212798.17916667,36102740.0
"(np.float64(1.0), 200, 130, 45, 10)",houghCircle,0.25416666666666665,42415476.975,33785066.5
"(np.float64(1.0), 200, 130, 45, 15)",houghCircle,0.2625,44081748.610416666,33865362.5
"(np.float64(1.0), 200, 140, 30, 5)",houghCircle,0.6229166666666667,44424304.108333334,34577349.0
"(np.float64(1.0), 200, 140, 30, 10)",houghCircle,0.7104166666666667,44150531.65208333,34342934.5
"(np.float64(1.0), 200, 140, 30, 15)",houghCircle,0.80625,44361823.61666667,33608942.0
"(np.float64(1.0), 200, 140, 35, 5)",houghCircle,0.6875,43067767.23125,34160402.0
"(np.float64(1.0), 200, 140, 35, 10)",houghCircle,0.7208333333333333,43594409.12708333,34294873.0
"(np.float64(1.0), 200, 140, 35, 15)",houghCircle,0.7916666666666666,42974822.33958333,33319393.5
"(np.float64(1.0), 200, 140, 40, 5)",houghCircle,0.6104166666666667,44772265.27291667,34939293.0
"(np.float64(1.0), 200, 140, 40, 10)",houghCircle,0.6354166666666666,52630402.81458333,43473895.0
"(np.float64(1.0), 200, 140, 40, 15)",houghCircle,0.6791666666666667,43102799.170833334,33752336.5
"(np.float64(1.0), 200, 140, 45, 5)",houghCircle,0.22916666666666666,44970669.33125,34251382.0
"(np.float64(1.0), 200, 140, 45, 10)",houghCircle,0.24791666666666667,46453738.604166664,34987158.0
"(np.float64(1.0), 200, 140, 45, 15)",houghCircle,0.2520833333333333,44079682.83125,34070602.5
"(np.float64(1.0), 200, 150, 30, 5)",houghCircle,0.64375,45998380.5,34403277.5
"(np.float64(1.0), 200, 150, 30, 10)",houghCircle,0.7145833333333333,39256788.56875,32835690.5
"(np.float64(1.0), 200, 150, 30, 15)",houghCircle,0.80625,43319705.895833336,32541705.0
"(np.float64(1.0), 200, 150, 35, 5)",houghCircle,0.6916666666666667,43051536.75833333,33630387.5
"(np.float64(1.0), 200, 150, 35, 10)",houghCircle,0.7208333333333333,42408359.74791667,32733334.5
"(np.float64(1.0), 200, 150, 35, 15)",houghCircle,0.7916666666666666,43575820.7125,34024927.0
"(np.float64(1.0), 200, 150, 40, 5)",houghCircle,0.60625,52982152.70625,43164999.5
"(np.float64(1.0), 200, 150, 40, 10)",houghCircle,0.63125,48081702.114583336,35098576.5
"(np.float64(1.0), 200, 150, 40, 15)",houghCircle,0.675,43224569.7125,32720560.5
"(np.float64(1.0), 200, 150, 45, 5)",houghCircle,0.22291666666666668,42617012.51875,33786084.0
"(np.float64(1.0), 200, 150, 45, 10)",houghCircle,0.23958333333333334,43193237.54375,33465163.0
"(np.float64(1.0), 200, 150, 45, 15)",houghCircle,0.24375,42289187.50208333,33624571.0
"(np.float64(1.0), 200, 160, 30, 5)",houghCircle,0.6520833333333333,44535387.375,32764093.0
"(np.float64(1.0), 200, 160, 30, 10)",houghCircle,0.7166666666666667,42506816.677083336,32836608.5
"(np.float64(1.0), 200, 160, 30, 15)",houghCircle,0.8104166666666667,42116295.425,32087532.5
"(np.float64(1.0), 200, 160, 35, 5)",houghCircle,0.69375,42670713.19583333,33368166.0
"(np.float64(1.0), 200, 160, 35, 10)",houghCircle,0.7229166666666667,41624859.51875,32793105.5
"(np.float64(1.0), 200, 160, 35, 15)",houghCircle,0.7958333333333333,40814108.235416666,31657602.5
"(np.float64(1.0), 200, 160, 40, 5)",houghCircle,0.6083333333333333,44834305.395833336,34212549.5
"(np.float64(1.0), 200, 160, 40, 10)",houghCircle,0.6333333333333333,45344127.791666664,34163206.5
"(np.float64(1.0), 200, 160, 40, 15)",houghCircle,0.6770833333333334,51237949.139583334,42220101.5
"(np.float64(1.0), 200, 160, 45, 5)",houghCircle,0.21666666666666667,44278471.827083334,33196989.0
"(np.float64(1.0), 200, 160, 45, 10)",houghCircle,0.23541666666666666,43585077.1,34085842.0
"(np.float64(1.0), 200, 160, 45, 15)",houghCircle,0.2375,41877534.485416666,32187985.5
"(np.float64(1.0), 200, 170, 30, 5)",houghCircle,0.6645833333333333,43057468.26875,32714889.0
"(np.float64(1.0), 200, 170, 30, 10)",houghCircle,0.7208333333333333,41783613.2125,32714809.0
"(np.float64(1.0), 200, 170, 30, 15)",houghCircle,0.8083333333333333,45208809.08958333,33397204.5
"(np.float64(1.0), 200, 170, 35, 5)",houghCircle,0.6916666666666667,44519306.99166667,34578015.0
"(np.float64(1.0), 200, 170, 35, 10)",houghCircle,0.7208333333333333,48485832.489583336,33867567.5
"(np.float64(1.0), 200, 170, 35, 15)",houghCircle,0.7916666666666666,44979549.78333333,32768244.0
"(np.float64(1.0), 200, 170, 40, 5)",houghCircle,0.6020833333333333,38402297.29375,31917894.0
"(np.float64(1.0), 200, 170, 40, 10)",houghCircle,0.63125,51853872.65208333,41823467.0
"(np.float64(1.0), 200, 170, 40, 15)",houghCircle,0.6729166666666667,41783803.514583334,31957614.0
"(np.float64(1.0), 200, 170, 45, 5)",houghCircle,0.21666666666666667,41987822.141666666,32332720.0
"(np.float64(1.0), 200, 170, 45, 10)",houghCircle,0.23541666666666666,42585890.8375,32342611.5
"(np.float64(1.0), 200, 170, 45, 15)",houghCircle,0.2375,44561574.15416667,33144070.5
"(np.float64(1.0), 200, 180, 30, 5)",houghCircle,0.66875,42953183.114583336,33840747.0
"(np.float64(1.0), 200, 180, 30, 10)",houghCircle,0.725,43694148.09791667,32672105.5
"(np.float64(1.0), 200, 180, 30, 15)",houghCircle,0.8041666666666667,42298023.33958333,31561405.5
"(np.float64(1.0), 200, 180, 35, 5)",houghCircle,0.6979166666666666,43499254.05416667,34169333.0
"(np.float64(1.0), 200, 180, 35, 10)",houghCircle,0.71875,41558219.235416666,32145592.0
"(np.float64(1.0), 200, 180, 35, 15)",houghCircle,0.7895833333333333,40672261.458333336,32181255.5
"(np.float64(1.0), 200, 180, 40, 5)",houghCircle,0.6041666666666666,44264587.72708333,32963015.5
"(np.float64(1.0), 200, 180, 40, 10)",houghCircle,0.6333333333333333,53687926.90833333,43000982.0
"(np.float64(1.0), 200, 180, 40, 15)",houghCircle,0.6729166666666667,42154432.697916664,32164847.5
"(np.float64(1.0), 200, 180, 45, 5)",houghCircle,0.21666666666666667,42723889.5125,32525064.0
"(np.float64(1.0), 200, 180, 45, 10)",houghCircle,0.23541666666666666,41399199.66875,32188466.5
"(np.float64(1.0), 200, 180, 45, 15)",houghCircle,0.2375,39626177.78333333,31046389.0
"(np.float64(1.0), 200, 190, 30, 5)",houghCircle,0.6708333333333333,40720395.858333334,32733179.0
"(np.float64(1.0), 200, 190, 30, 10)",houghCircle,0.7166666666666667,41576735.24791667,32352895.5
"(np.float64(1.0), 200, 190, 30, 15)",houghCircle,0.7958333333333333,40700360.547916666,30550314.5
"(np.float64(1.0), 200, 190, 35, 5)",houghCircle,0.6854166666666667,40670580.06875,32141424.0
"(np.float64(1.0), 200, 190, 35, 10)",houghCircle,0.7083333333333334,42351467.05833333,32089501.0
"(np.float64(1.0), 200, 190, 35, 15)",houghCircle,0.7791666666666667,43268264.4875,31891544.5
"(np.float64(1.0), 200, 190, 40, 5)",houghCircle,0.5958333333333333,54508457.14791667,42192790.0
"(np.float64(1.0), 200, 190, 40, 10)",houghCircle,0.6291666666666667,41296690.139583334,32489015.0
"(np.float64(1.0), 200, 190, 40, 15)",houghCircle,0.6666666666666666,42436560.5,32368474.5
"(np.float64(1.0), 200, 190, 45, 5)",houghCircle,0.21666666666666667,45122610.66458333,34127384.5
"(np.float64(1.0), 200, 190, 45, 10)",houghCircle,0.23541666666666666,41604117.7375,32325308.5
"(np.float64(1.0), 200, 190, 45, 15)",houghCircle,0.2375,42376373.822916664,32355666.0
"(np.float64(1.0), 200, 200, 30, 5)",houghCircle,0.6666666666666666,42742614.96041667,33493329.5
"(np.float64(1.0), 200, 200, 30, 10)",houghCircle,0.7083333333333334,41344496.00208333,31589793.0
"(np.float64(1.0), 200, 200, 30, 15)",houghCircle,0.7895833333333333,38193180.22083333,30942845.5
"(np.float64(1.0), 200, 200, 35, 5)",houghCircle,0.6833333333333333,44260289.58541667,32953557.5
"(np.float64(1.0), 200, 200, 35, 10)",houghCircle,0.7104166666666667,42193725.5375,31592026.5
"(np.float64(1.0), 200, 200, 35, 15)",houghCircle,0.7770833333333333,52030788.291666664,41122302.5
"(np.float64(1.0), 200, 200, 40, 5)",houghCircle,0.5958333333333333,40402855.32083333,31902927.0
"(np.float64(1.0), 200, 200, 40, 10)",houghCircle,0.6291666666666667,42636489.65833333,32101204.0
"(np.float64(1.0), 200, 200, 40, 15)",houghCircle,0.6666666666666666,42301283.41875,32209346.5
"(np.float64(1.0), 200, 200, 45, 5)",houghCircle,0.21666666666666667,42190105.579166666,32799101.5
"(np.float64(1.0), 200, 200, 45, 10)",houghCircle,0.23541666666666666,41731051.922916666,31927687.5
"(np.float64(1.0), 200, 200, 45, 15)",houghCircle,0.2375,41423413.35,32174891.5
"(np.float64(1.0), 200, 210, 30, 5)",houghCircle,0.6645833333333333,40008657.43541667,32085934.0
"(np.float64(1.0), 200, 210, 30, 10)",houghCircle,0.7020833333333333,39514789.11666667,31128934.5
"(np.float64(1.0), 200, 210, 30, 15)",houghCircle,0.7854166666666667,45290681.63125,32345706.5
"(np.float64(1.0), 200, 210, 35, 5)",houghCircle,0.6854166666666667,44994470.18333333,32571455.5
"(np.float64(1.0), 200, 210, 35, 10)",houghCircle,0.7125,43320525.09375,33213515.0
"(np.float64(1.0), 200, 210, 35, 15)",houghCircle,0.7770833333333333,42317284.025,31637497.5
"(np.float64(1.0), 200, 210, 40, 5)",houghCircle,0.5979166666666667,47599254.35,39016777.0
"(np.float64(1.0), 200, 210, 40, 10)",houghCircle,0.6291666666666667,39301869.59791667,31469344.0
"(np.float64(1.0), 200, 210, 40, 15)",houghCircle,0.6666666666666666,40823919.52291667,31554358.0
"(np.float64(1.0), 200, 210, 45, 5)",houghCircle,0.21666666666666667,44039251.42916667,32870732.5
"(np.float64(1.0), 200, 210, 45, 10)",houghCircle,0.23541666666666666,42380851.99375,31267600.0
"(np.float64(1.0), 200, 210, 45, 15)",houghCircle,0.2375,42358495.8875,31250592.0
"(np.float64(1.0), 200, 220, 30, 5)",houghCircle,0.6666666666666666,42205627.05625,32547651.5
"(np.float64(1.0), 200, 220, 30, 10)",houghCircle,0.6958333333333333,41602004.59166667,31361560.5
"(np.float64(1.0), 200, 220, 30, 15)",houghCircle,0.7833333333333333,39661961.8125,31127542.5
"(np.float64(1.0), 200, 220, 35, 5)",houghCircle,0.68125,45079595.475,32611631.5
"(np.float64(1.0), 200, 220, 35, 10)",houghCircle,0.7083333333333334,43232138.052083336,32194744.5
"(np.float64(1.0), 200, 220, 35, 15)",houghCircle,0.7729166666666667,41601247.03125,31309537.5
"(np.float64(1.0), 200, 220, 40, 5)",houghCircle,0.5979166666666667,52811973.45,41303146.0
"(np.float64(1.0), 200, 220, 40, 10)",houghCircle,0.6291666666666667,41886247.197916664,31602397.5
"(np.float64(1.0), 200, 220, 40, 15)",houghCircle,0.6666666666666666,41216912.51875,30655526.5
"(np.float64(1.0), 200, 220, 45, 5)",houghCircle,0.21666666666666667,39491281.27291667,31040704.0
"(np.float64(1.0), 200, 220, 45, 10)",houghCircle,0.23541666666666666,39116202.75833333,31289956.5
"(np.float64(1.0), 200, 220, 45, 15)",houghCircle,0.2375,42331010.25208333,31457305.0
"(np.float64(1.0), 200, 230, 30, 5)",houghCircle,0.6666666666666666,40877678.25833333,31628571.5
"(np.float64(1.0), 200, 230, 30, 10)",houghCircle,0.69375,42740074.666666664,32098859.5
"(np.float64(1.0), 200, 230, 30, 15)",houghCircle,0.7791666666666667,41410131.62916667,31311998.5
"(np.float64(1.0), 200, 230, 35, 5)",houghCircle,0.6833333333333333,40805607.81458333,32613579.5
"(np.float64(1.0), 200, 230, 35, 10)",houghCircle,0.7104166666666667,41733994.37916667,32730178.5
"(np.float64(1.0), 200, 230, 35, 15)",houghCircle,0.7729166666666667,42437962.58125,30991065.5
"(np.float64(1.0), 200, 230, 40, 5)",houghCircle,0.5979166666666667,56950168.260416664,43331147.0
"(np.float64(1.0), 200, 230, 40, 10)",houghCircle,0.6291666666666667,41973683.08125,32345151.0
"(np.float64(1.0), 200, 230, 40, 15)",houghCircle,0.6666666666666666,41936376.514583334,31498958.0
"(np.float64(1.0), 200, 230, 45, 5)",houghCircle,0.21666666666666667,41809011.79375,31074306.5
"(np.float64(1.0), 200, 230, 45, 10)",houghCircle,0.23541666666666666,42640199.75625,32331561.0
"(np.float64(1.0), 200, 230, 45, 15)",houghCircle,0.2375,42771028.1,31792889.0
"(np.float64(1.0), 200, 240, 30, 5)",houghCircle,0.66875,44084760.43541667,32443385.0
"(np.float64(1.0), 200, 240, 30, 10)",houghCircle,0.6958333333333333,39945715.17916667,31639982.0
"(np.float64(1.0), 200, 240, 30, 15)",houghCircle,0.78125,38908685.2,30079049.5
"(np.float64(1.0), 200, 240, 35, 5)",houghCircle,0.6875,43970516.86666667,32665902.5
"(np.float64(1.0), 200, 240, 35, 10)",houghCircle,0.7145833333333333,42214968.729166664,31231030.5
"(np.float64(1.0), 200, 240, 35, 15)",houghCircle,0.7729166666666667,42394437.44375,31344745.5
"(np.float64(1.0), 200, 240, 40, 5)",houghCircle,0.6,51902424.072916664,40181237.0
"(np.float64(1.0), 200, 240, 40, 10)",houghCircle,0.6354166666666666,40462347.29375,30811679.5
"(np.float64(1.0), 200, 240, 40, 15)",houghCircle,0.66875,44086866.7,31574426.0
"(np.float64(1.0), 200, 240, 45, 5)",houghCircle,0.21666666666666667,39562100.46666667,30869132.5
"(np.float64(1.0), 200, 240, 45, 10)",houghCircle,0.23541666666666666,42602650.514583334,32290533.0
"(np.float64(1.0), 200, 240, 45, 15)",houghCircle,0.2375,39380830.15625,30091083.0
"(np.float64(1.0), 200, 250, 30, 5)",houghCircle,0.6729166666666667,39881034.760416664,31169811.5
"(np.float64(1.0), 200, 250, 30, 10)",houghCircle,0.7020833333333333,38630241.85208333,31741228.0
"(np.float64(1.0), 200, 250, 30, 15)",houghCircle,0.78125,40941190.21458333,30560051.0
"(np.float64(1.0), 200, 250, 35, 5)",houghCircle,0.6895833333333333,42373342.83125,32723887.0
"(np.float64(1.0), 200, 250, 35, 10)",houghCircle,0.7145833333333333,40451749.452083334,31509833.5
"(np.float64(1.0), 200, 250, 35, 15)",houghCircle,0.7729166666666667,37900699.547916666,30562987.5
"(np.float64(1.0), 200, 250, 40, 5)",houghCircle,0.6020833333333333,55768082.9125,42123049.5
"(np.float64(1.0), 200, 250, 40, 10)",houghCircle,0.6354166666666666,41184729.416666664,31145575.5
"(np.float64(1.0), 200, 250, 40, 15)",houghCircle,0.66875,39684679.37708333,31244650.0
"(np.float64(1.0), 200, 250, 45, 5)",houghCircle,0.21666666666666667,40065725.31875,30816748.5
"(np.float64(1.0), 200, 250, 45, 10)",houghCircle,0.23541666666666666,42148970.37291667,30829111.5
"(np.float64(1.0), 200, 250, 45, 15)",houghCircle,0.2375,39535139.045833334,29699368.5
"(np.float64(1.0), 200, 260, 30, 5)",houghCircle,0.68125,41830690.635416664,31333863.5
"(np.float64(1.0), 200, 260, 30, 10)",houghCircle,0.7041666666666667,41412982.0125,31697040.0
"(np.float64(1.0), 200, 260, 30, 15)",houghCircle,0.7854166666666667,38968487.52916667,30542243.0
"(np.float64(1.0), 200, 260, 35, 5)",houghCircle,0.6895833333333333,41764941.827083334,31980186.0
"(np.float64(1.0), 200, 260, 35, 10)",houghCircle,0.7145833333333333,43149933.33541667,31747625.5
"(np.float64(1.0), 200, 260, 35, 15)",houghCircle,0.7729166666666667,42034633.577083334,30890375.5
"(np.float64(1.0), 200, 260, 40, 5)",houghCircle,0.6020833333333333,39803038.475,30985636.0
"(np.float64(1.0), 200, 260, 40, 10)",houghCircle,0.6333333333333333,40587069.916666664,31471021.0
"(np.float64(1.0), 200, 260, 40, 15)",houghCircle,0.6666666666666666,42615700.4625,30916873.0
"(np.float64(1.0), 200, 260, 45, 5)",houghCircle,0.21666666666666667,53171769.954166666,41291104.5
"(np.float64(1.0), 200, 260, 45, 10)",houghCircle,0.23541666666666666,40718226.44375,30717687.5
"(np.float64(1.0), 200, 260, 45, 15)",houghCircle,0.2375,37894581.733333334,31261498.5
"(np.float64(1.0), 200, 270, 30, 5)",houghCircle,0.6854166666666667,40591122.545833334,31701362.5
"(np.float64(1.0), 200, 270, 30, 10)",houghCircle,0.70625,45581854.322916664,32536680.5
"(np.float64(1.0), 200, 270, 30, 15)",houghCircle,0.7854166666666667,40309585.827083334,29914876.5
"(np.float64(1.0), 200, 270, 35, 5)",houghCircle,0.6895833333333333,43520421.572916664,32164623.0
"(np.float64(1.0), 200, 270, 35, 10)",houghCircle,0.71875,42874580.49791667,31722903.5
"(np.float64(1.0), 200, 270, 35, 15)",houghCircle,0.775,39604596.57083333,30620165.5
"(np.float64(1.0), 200, 270, 40, 5)",houghCircle,0.6,42109659.11875,32220527.0
"(np.float64(1.0), 200, 270, 40, 10)",houghCircle,0.6333333333333333,50826025.22083333,40643449.5
"(np.float64(1.0), 200, 270, 40, 15)",houghCircle,0.6666666666666666,36410022.86666667,30580025.0
"(np.float64(1.0), 200, 270, 45, 5)",houghCircle,0.21666666666666667,39974769.364583336,30673755.0
"(np.float64(1.0), 200, 270, 45, 10)",houghCircle,0.23541666666666666,43137265.19375,31999387.5
"(np.float64(1.0), 200, 270, 45, 15)",houghCircle,0.2375,40488028.63333333,30678224.0
"(np.float64(1.0), 200, 280, 30, 5)",houghCircle,0.6895833333333333,41719421.4375,32066754.0
"(np.float64(1.0), 200, 280, 30, 10)",houghCircle,0.70625,41935441.89375,30816793.5
"(np.float64(1.0), 200, 280, 30, 15)",houghCircle,0.7875,40246975.63125,29689127.5
"(np.float64(1.0), 200, 280, 35, 5)",houghCircle,0.6895833333333333,42137451.31458333,32196369.0
"(np.float64(1.0), 200, 280, 35, 10)",houghCircle,0.7208333333333333,40997524.825,30201489.5
"(np.float64(1.0), 200, 280, 35, 15)",houghCircle,0.775,39397788.99166667,30251780.0
"(np.float64(1.0), 200, 280, 40, 5)",houghCircle,0.6,41072553.547916666,31751207.0
"(np.float64(1.0), 200, 280, 40, 10)",houghCircle,0.6354166666666666,54357470.85625,40703461.0
"(np.float64(1.0), 200, 280, 40, 15)",houghCircle,0.6666666666666666,36868179.37916667,29335469.5
"(np.float64(1.0), 200, 280, 45, 5)",houghCircle,0.21666666666666667,41375647.71666667,31103872.5
"(np.float64(1.0), 200, 280, 45, 10)",houghCircle,0.23541666666666666,40378693.61875,31095712.0
"(np.float64(1.0), 200, 280, 45, 15)",houghCircle,0.2375,42249364.079166666,31417460.5
"(np.float64(1.0), 200, 290, 30, 5)",houghCircle,0.6895833333333333,43207656.420833334,32458023.0
"(np.float64(1.0), 200, 290, 30, 10)",houghCircle,0.7145833333333333,43412543.052083336,31946172.0
"(np.float64(1.0), 200, 290, 30, 15)",houghCircle,0.7895833333333333,38763441.40625,30319205.5
"(np.float64(1.0), 200, 290, 35, 5)",houghCircle,0.69375,43643308.2125,31821628.0
"(np.float64(1.0), 200, 290, 35, 10)",houghCircle,0.7229166666666667,45959616.80625,35037668.0
"(np.float64(1.0), 200, 290, 35, 15)",houghCircle,0.7791666666666667,39639626.68333333,29832207.0
"(np.float64(1.0), 200, 290, 40, 5)",houghCircle,0.6,39981493.7375,31461813.5
"(np.float64(1.0), 200, 290, 40, 10)",houghCircle,0.6354166666666666,41387346.49166667,30743290.5
"(np.float64(1.0), 200, 290, 40, 15)",houghCircle,0.6666666666666666,50996786.96666667,40063120.5
"(np.float64(1.0), 200, 290, 45, 5)",houghCircle,0.21875,39789975.28541667,30810351.5
"(np.float64(1.0), 200, 290, 45, 10)",houghCircle,0.23541666666666666,40936948.2,30824894.5
"(np.float64(1.0), 200, 290, 45, 15)",houghCircle,0.2375,37749447.21666667,29834953.0
"(np.float64(1.0), 210, 100, 30, 5)",houghCircle,0.5416666666666666,47965991.91875,38466298.5
"(np.float64(1.0), 210, 100, 30, 10)",houghCircle,0.6583333333333333,44296204.11666667,36749313.0
"(np.float64(1.0), 210, 100, 30, 15)",houghCircle,0.8020833333333334,45279841.97708333,35365387.0
"(np.float64(1.0), 210, 100, 35, 5)",houghCircle,0.69375,45837241.485416666,38265058.0
"(np.float64(1.0), 210, 100, 35, 10)",houghCircle,0.7270833333333333,42305472.09791667,36177741.5
"(np.float64(1.0), 210, 100, 35, 15)",houghCircle,0.8083333333333333,46097638.83125,36606805.5
"(np.float64(1.0), 210, 100, 40, 5)",houghCircle,0.6354166666666666,46667716.78333333,38013195.0
"(np.float64(1.0), 210, 100, 40, 10)",houghCircle,0.6791666666666667,46379739.895833336,37011168.5
"(np.float64(1.0), 210, 100, 40, 15)",houghCircle,0.7208333333333333,45192946.71875,35689866.0
"(np.float64(1.0), 210, 100, 45, 5)",houghCircle,0.3645833333333333,55740973.68125,47475350.5
"(np.float64(1.0), 210, 100, 45, 10)",houghCircle,0.3854166666666667,45708425.51875,36354822.5
"(np.float64(1.0), 210, 100, 45, 15)",houghCircle,0.3958333333333333,44683361.6875,36203679.5
"(np.float64(1.0), 210, 110, 30, 5)",houghCircle,0.5708333333333333,44236984.8625,35359135.0
"(np.float64(1.0), 210, 110, 30, 10)",houghCircle,0.66875,44561082.545833334,36363995.5
"(np.float64(1.0), 210, 110, 30, 15)",houghCircle,0.8041666666666667,44850315.35625,34923939.0
"(np.float64(1.0), 210, 110, 35, 5)",houghCircle,0.6916666666666667,47320552.135416664,36369169.0
"(np.float64(1.0), 210, 110, 35, 10)",houghCircle,0.7291666666666666,44595682.51875,36274407.5
"(np.float64(1.0), 210, 110, 35, 15)",houghCircle,0.8083333333333333,43862471.94375,34933486.0
"(np.float64(1.0), 210, 110, 40, 5)",houghCircle,0.6083333333333333,46437766.802083336,36255426.5
"(np.float64(1.0), 210, 110, 40, 10)",houghCircle,0.6416666666666667,42809940.62708333,35687582.0
"(np.float64(1.0), 210, 110, 40, 15)",houghCircle,0.6854166666666667,54811856.71458333,45743453.0
"(np.float64(1.0), 210, 110, 45, 5)",houghCircle,0.3020833333333333,44471330.25,35404876.0
"(np.float64(1.0), 210, 110, 45, 10)",houghCircle,0.3229166666666667,43586882.11875,35260756.5
"(np.float64(1.0), 210, 110, 45, 15)",houghCircle,0.33541666666666664,45113776.775,36436241.0
"(np.float64(1.0), 210, 120, 30, 5)",houghCircle,0.5979166666666667,42938289.235416666,35746352.0
"(np.float64(1.0), 210, 120, 30, 10)",houghCircle,0.6895833333333333,44886950.12083333,35774625.0
"(np.float64(1.0), 210, 120, 30, 15)",houghCircle,0.8083333333333333,48461806.52708333,35852482.0
"(np.float64(1.0), 210, 120, 35, 5)",houghCircle,0.6916666666666667,42303751.60625,34685180.5
"(np.float64(1.0), 210, 120, 35, 10)",houghCircle,0.7270833333333333,46971107.354166664,34817724.5
"(np.float64(1.0), 210, 120, 35, 15)",houghCircle,0.8,42285022.71875,34094197.5
"(np.float64(1.0), 210, 120, 40, 5)",houghCircle,0.6125,46167101.7875,35314841.0
"(np.float64(1.0), 210, 120, 40, 10)",houghCircle,0.6395833333333333,57532059.69583333,45980387.0
"(np.float64(1.0), 210, 120, 40, 15)",houghCircle,0.6833333333333333,43407131.99166667,33829661.5
"(np.float64(1.0), 210, 120, 45, 5)",houghCircle,0.275,45192140.61666667,35546903.0
"(np.float64(1.0), 210, 120, 45, 10)",houghCircle,0.2916666666666667,43169857.87083333,34719216.0
"(np.float64(1.0), 210, 120, 45, 15)",houghCircle,0.30416666666666664,44181014.27708333,33791228.5
"(np.float64(1.0), 210, 130, 30, 5)",houghCircle,0.6104166666666667,43117661.677083336,34696491.5
"(np.float64(1.0), 210, 130, 30, 10)",houghCircle,0.6979166666666666,43705113.64791667,34700219.5
"(np.float64(1.0), 210, 130, 30, 15)",houghCircle,0.8145833333333333,42305039.96666667,34424412.5
"(np.float64(1.0), 210, 130, 35, 5)",houghCircle,0.6895833333333333,45143365.38333333,35281695.0
"(np.float64(1.0), 210, 130, 35, 10)",houghCircle,0.7229166666666667,41588253.62083333,33320988.0
"(np.float64(1.0), 210, 130, 35, 15)",houghCircle,0.7979166666666667,43244063.74375,33773881.0
"(np.float64(1.0), 210, 130, 40, 5)",houghCircle,0.60625,45742033.5125,35261977.5
"(np.float64(1.0), 210, 130, 40, 10)",houghCircle,0.6333333333333333,43817969.75625,34058846.5
"(np.float64(1.0), 210, 130, 40, 15)",houghCircle,0.6770833333333334,54147394.15833333,42732763.5
"(np.float64(1.0), 210, 130, 45, 5)",houghCircle,0.2375,47469460.327083334,35759321.0
"(np.float64(1.0), 210, 130, 45, 10)",houghCircle,0.25416666666666665,43523331.56875,34765306.5
"(np.float64(1.0), 210, 130, 45, 15)",houghCircle,0.2625,41288340.15,32480785.5
"(np.float64(1.0), 210, 140, 30, 5)",houghCircle,0.6229166666666667,43784674.23125,34485626.5
"(np.float64(1.0), 210, 140, 30, 10)",houghCircle,0.7104166666666667,41789284.885416664,33173049.0
"(np.float64(1.0), 210, 140, 30, 15)",houghCircle,0.8083333333333333,44629891.72291667,32917775.5
"(np.float64(1.0), 210, 140, 35, 5)",houghCircle,0.6875,44137435.68125,34198773.0
"(np.float64(1.0), 210, 140, 35, 10)",houghCircle,0.7208333333333333,42661458.577083334,33438386.5
"(np.float64(1.0), 210, 140, 35, 15)",houghCircle,0.79375,42575396.0375,33143859.5
"(np.float64(1.0), 210, 140, 40, 5)",houghCircle,0.6125,44366118.30833333,34740374.5
"(np.float64(1.0), 210, 140, 40, 10)",houghCircle,0.6375,43271547.177083336,34153008.5
"(np.float64(1.0), 210, 140, 40, 15)",houghCircle,0.6791666666666667,53969928.34583333,43616395.5
"(np.float64(1.0), 210, 140, 45, 5)",houghCircle,0.22916666666666666,44134360.985416666,34176371.5
"(np.float64(1.0), 210, 140, 45, 10)",houghCircle,0.24791666666666667,42333289.766666666,33956063.0
"(np.float64(1.0), 210, 140, 45, 15)",houghCircle,0.2520833333333333,46889745.35208333,34079985.0
"(np.float64(1.0), 210, 150, 30, 5)",houghCircle,0.64375,41839765.53958333,33164959.0
"(np.float64(1.0), 210, 150, 30, 10)",houghCircle,0.7145833333333333,44746400.5625,34230732.5
"(np.float64(1.0), 210, 150, 30, 15)",houghCircle,0.8083333333333333,41962438.77291667,33844424.0
"(np.float64(1.0), 210, 150, 35, 5)",houghCircle,0.6916666666666667,43592638.354166664,35412029.0
"(np.float64(1.0), 210, 150, 35, 10)",houghCircle,0.7208333333333333,44666216.020833336,33546661.0
"(np.float64(1.0), 210, 150, 35, 15)",houghCircle,0.79375,43842498.858333334,32881808.5
"(np.float64(1.0), 210, 150, 40, 5)",houghCircle,0.6083333333333333,43633344.83541667,33715533.0
"(np.float64(1.0), 210, 150, 40, 10)",houghCircle,0.6333333333333333,41514442.33541667,32822041.0
"(np.float64(1.0), 210, 150, 40, 15)",houghCircle,0.675,43768784.71458333,33252407.5
"(np.float64(1.0), 210, 150, 45, 5)",houghCircle,0.22291666666666668,53460589.45,43709225.5
"(np.float64(1.0), 210, 150, 45, 10)",houghCircle,0.23958333333333334,45240038.891666666,34116568.5
"(np.float64(1.0), 210, 150, 45, 15)",houghCircle,0.24375,44242915.3625,32828532.5
"(np.float64(1.0), 210, 160, 30, 5)",houghCircle,0.6520833333333333,40845136.02708333,31789248.5
"(np.float64(1.0), 210, 160, 30, 10)",houghCircle,0.7166666666666667,43235999.52708333,32464500.5
"(np.float64(1.0), 210, 160, 30, 15)",houghCircle,0.8104166666666667,45657547.93333333,33924659.5
"(np.float64(1.0), 210, 160, 35, 5)",houghCircle,0.69375,42614980.30625,34566968.5
"(np.float64(1.0), 210, 160, 35, 10)",houghCircle,0.725,41059759.39375,32482715.0
"(np.float64(1.0), 210, 160, 35, 15)",houghCircle,0.7958333333333333,44110434.297916666,33385819.0
"(np.float64(1.0), 210, 160, 40, 5)",houghCircle,0.6104166666666667,44312827.795833334,34006949.5
"(np.float64(1.0), 210, 160, 40, 10)",houghCircle,0.6354166666666666,42306652.74791667,32139996.0
"(np.float64(1.0), 210, 160, 40, 15)",houghCircle,0.6770833333333334,57040144.447916664,43338574.5
"(np.float64(1.0), 210, 160, 45, 5)",houghCircle,0.21666666666666667,42836313.18125,34396900.5
"(np.float64(1.0), 210, 160, 45, 10)",houghCircle,0.23541666666666666,46208582.90416667,34250315.0
"(np.float64(1.0), 210, 160, 45, 15)",houghCircle,0.2375,42416339.452083334,32181834.5
"(np.float64(1.0), 210, 170, 30, 5)",houghCircle,0.6645833333333333,40811792.06458333,32541350.0
"(np.float64(1.0), 210, 170, 30, 10)",houghCircle,0.7229166666666667,41256369.05625,32150160.5
"(np.float64(1.0), 210, 170, 30, 15)",houghCircle,0.8083333333333333,43419254.53125,33211065.0
"(np.float64(1.0), 210, 170, 35, 5)",houghCircle,0.69375,40290203.0375,32855143.0
"(np.float64(1.0), 210, 170, 35, 10)",houghCircle,0.7229166666666667,42663262.266666666,32421455.0
"(np.float64(1.0), 210, 170, 35, 15)",houghCircle,0.7916666666666666,41921284.91041667,32208343.5
"(np.float64(1.0), 210, 170, 40, 5)",houghCircle,0.6041666666666666,43088405.885416664,33644343.0
"(np.float64(1.0), 210, 170, 40, 10)",houghCircle,0.6333333333333333,42439900.02291667,33198066.0
"(np.float64(1.0), 210, 170, 40, 15)",houghCircle,0.6729166666666667,41459421.704166666,32909520.0
"(np.float64(1.0), 210, 170, 45, 5)",houghCircle,0.21875,47658533.71458333,37413950.5
"(np.float64(1.0), 210, 170, 45, 10)",houghCircle,0.23541666666666666,42128715.78958333,32944996.0
"(np.float64(1.0), 210, 170, 45, 15)",houghCircle,0.2375,44350174.21875,32575468.5
"(np.float64(1.0), 210, 180, 30, 5)",houghCircle,0.66875,41287831.59583333,32828863.5
"(np.float64(1.0), 210, 180, 30, 10)",houghCircle,0.725,41360889.416666664,32384134.5
"(np.float64(1.0), 210, 180, 30, 15)",houghCircle,0.8041666666666667,40798808.08541667,31140696.5
"(np.float64(1.0), 210, 180, 35, 5)",houghCircle,0.7,44772873.40833333,33192991.5
"(np.float64(1.0), 210, 180, 35, 10)",houghCircle,0.71875,45865393.08541667,34333341.0
"(np.float64(1.0), 210, 180, 35, 15)",houghCircle,0.7895833333333333,43344594.302083336,32266378.0
"(np.float64(1.0), 210, 180, 40, 5)",houghCircle,0.60625,44877501.577083334,33238612.5
"(np.float64(1.0), 210, 180, 40, 10)",houghCircle,0.6354166666666666,51740694.170833334,41025541.0
"(np.float64(1.0), 210, 180, 40, 15)",houghCircle,0.6729166666666667,44774938.260416664,32228096.5
"(np.float64(1.0), 210, 180, 45, 5)",houghCircle,0.21875,41678779.541666664,33443977.5
"(np.float64(1.0), 210, 180, 45, 10)",houghCircle,0.23541666666666666,41708112.65208333,32709058.5
"(np.float64(1.0), 210, 180, 45, 15)",houghCircle,0.2375,42693602.78125,32777742.0
"(np.float64(1.0), 210, 190, 30, 5)",houghCircle,0.6729166666666667,41937738.427083336,32717960.5
"(np.float64(1.0), 210, 190, 30, 10)",houghCircle,0.7166666666666667,41169899.68333333,31483289.0
"(np.float64(1.0), 210, 190, 30, 15)",houghCircle,0.7958333333333333,47059516.99166667,33995206.5
"(np.float64(1.0), 210, 190, 35, 5)",houghCircle,0.6875,41216005.10208333,32533308.0
"(np.float64(1.0), 210, 190, 35, 10)",houghCircle,0.7104166666666667,40362712.764583334,31815632.0
"(np.float64(1.0), 210, 190, 35, 15)",houghCircle,0.7791666666666667,42697502.7625,31823361.5
"(np.float64(1.0), 210, 190, 40, 5)",houghCircle,0.5979166666666667,43328134.045833334,32732838.0
"(np.float64(1.0), 210, 190, 40, 10)",houghCircle,0.63125,39482003.18125,31660982.0
"(np.float64(1.0), 210, 190, 40, 15)",houghCircle,0.6666666666666666,40174718.275,31894661.0
"(np.float64(1.0), 210, 190, 45, 5)",houghCircle,0.21875,52953516.59166667,41776524.5
"(np.float64(1.0), 210, 190, 45, 10)",houghCircle,0.23541666666666666,41580546.52291667,31469633.5
"(np.float64(1.0), 210, 190, 45, 15)",houghCircle,0.2375,44798400.05,32642399.0
"(np.float64(1.0), 210, 200, 30, 5)",houghCircle,0.6708333333333333,45518792.65416667,33727585.0
"(np.float64(1.0), 210, 200, 30, 10)",houghCircle,0.7083333333333334,40538090.39791667,31657020.0
"(np.float64(1.0), 210, 200, 30, 15)",houghCircle,0.7895833333333333,37716514.37916667,31803043.5
"(np.float64(1.0), 210, 200, 35, 5)",houghCircle,0.6854166666666667,44611351.40208333,33325570.0
"(np.float64(1.0), 210, 200, 35, 10)",houghCircle,0.7125,41346629.66458333,33101630.0
"(np.float64(1.0), 210, 200, 35, 15)",houghCircle,0.7770833333333333,43294431.87708333,32426238.0
"(np.float64(1.0), 210, 200, 40, 5)",houghCircle,0.5979166666666667,43057888.6375,32425462.0
"(np.float64(1.0), 210, 200, 40, 10)",houghCircle,0.63125,41490709.05625,31665325.0
"(np.float64(1.0), 210, 200, 40, 15)",houghCircle,0.6666666666666666,51113946.83125,40412286.0
"(np.float64(1.0), 210, 200, 45, 5)",houghCircle,0.21875,41037478.53958333,32395595.5
"(np.float64(1.0), 210, 200, 45, 10)",houghCircle,0.23541666666666666,40605175.922916666,31218697.5
"(np.float64(1.0), 210, 200, 45, 15)",houghCircle,0.2375,40692653.18541667,31574681.0
"(np.float64(1.0), 210, 210, 30, 5)",houghCircle,0.66875,42074714.0625,31991287.0
"(np.float64(1.0), 210, 210, 30, 10)",houghCircle,0.7041666666666667,43391370.85625,32284743.5
"(np.float64(1.0), 210, 210, 30, 15)",houghCircle,0.7854166666666667,40310562.541666664,31456107.0
"(np.float64(1.0), 210, 210, 35, 5)",houghCircle,0.6875,41253185.06458333,31904564.5
"(np.float64(1.0), 210, 210, 35, 10)",houghCircle,0.7145833333333333,42732015.55625,31874188.0
"(np.float64(1.0), 210, 210, 35, 15)",houghCircle,0.7770833333333333,41918628.3625,30317772.5
"(np.float64(1.0), 210, 210, 40, 5)",houghCircle,0.6,42098073.50416667,31619760.0
"(np.float64(1.0), 210, 210, 40, 10)",houghCircle,0.63125,52857061.37291667,42304515.0
"(np.float64(1.0), 210, 210, 40, 15)",houghCircle,0.6666666666666666,42786125.96041667,31514006.5
"(np.float64(1.0), 210, 210, 45, 5)",houghCircle,0.21875,40867815.46458333,31273761.0
"(np.float64(1.0), 210, 210, 45, 10)",houghCircle,0.23541666666666666,40632840.2,31594508.0
"(np.float64(1.0), 210, 210, 45, 15)",houghCircle,0.2375,40480601.552083336,30423220.5
"(np.float64(1.0), 210, 220, 30, 5)",houghCircle,0.66875,45095023.28958333,33837361.0
"(np.float64(1.0), 210, 220, 30, 10)",houghCircle,0.6979166666666666,38790266.28541667,30626917.0
"(np.float64(1.0), 210, 220, 30, 15)",houghCircle,0.7833333333333333,41482144.66041667,30247651.0
"(np.float64(1.0), 210, 220, 35, 5)",houghCircle,0.6833333333333333,44505380,33072550.0
"(np.float64(1.0), 210, 220, 35, 10)",houghCircle,0.7104166666666667,43337951.235416666,32051174.5
"(np.float64(1.0), 210, 220, 35, 15)",houghCircle,0.7729166666666667,44006945.770833336,31081982.0
"(np.float64(1.0), 210, 220, 40, 5)",houghCircle,0.6020833333333333,43903450.572916664,32841656.5
"(np.float64(1.0), 210, 220, 40, 10)",houghCircle,0.63125,52625747.43541667,41675765.5
"(np.float64(1.0), 210, 220, 40, 15)",houghCircle,0.6666666666666666,39843235.797916666,31005137.0
"(np.float64(1.0), 210, 220, 45, 5)",houghCircle,0.21875,40978610.75,31624439.0
"(np.float64(1.0), 210, 220, 45, 10)",houghCircle,0.23541666666666666,42142451.075,31845993.0
"(np.float64(1.0), 210, 220, 45, 15)",houghCircle,0.2375,38904674.59166667,31520242.5
"(np.float64(1.0), 210, 230, 30, 5)",houghCircle,0.66875,40965961.80833333,32907240.5
"(np.float64(1.0), 210, 230, 30, 10)",houghCircle,0.69375,42170601.31875,30485988.5
"(np.float64(1.0), 210, 230, 30, 15)",houghCircle,0.7791666666666667,41488320.65,31451344.0
"(np.float64(1.0), 210, 230, 35, 5)",houghCircle,0.6854166666666667,42216299.21666667,31872694.5
"(np.float64(1.0), 210, 230, 35, 10)",houghCircle,0.7125,38838474.59375,31836892.5
"(np.float64(1.0), 210, 230, 35, 15)",houghCircle,0.7729166666666667,39691229.75416667,30140048.5
"(np.float64(1.0), 210, 230, 40, 5)",houghCircle,0.6020833333333333,43691482.68333333,31557583.0
"(np.float64(1.0), 210, 230, 40, 10)",houghCircle,0.63125,36710008.525,28660624.5
"(np.float64(1.0), 210, 230, 40, 15)",houghCircle,0.6666666666666666,55307801.18333333,41532217.5
"(np.float64(1.0), 210, 230, 45, 5)",houghCircle,0.21875,42348540.84583333,31828667.0
"(np.float64(1.0), 210, 230, 45, 10)",houghCircle,0.23541666666666666,39738489.795833334,30975721.5
"(np.float64(1.0), 210, 230, 45, 15)",houghCircle,0.2375,41376439.31875,30853480.0
"(np.float64(1.0), 210, 240, 30, 5)",houghCircle,0.6708333333333333,40728070.22291667,31011618.5
"(np.float64(1.0), 210, 240, 30, 10)",houghCircle,0.6958333333333333,42723339.05625,32143597.5
"(np.float64(1.0), 210, 240, 30, 15)",houghCircle,0.78125,39557064.40416667,30267122.0
"(np.float64(1.0), 210, 240, 35, 5)",houghCircle,0.6895833333333333,43836953.172916666,32961587.0
"(np.float64(1.0), 210, 240, 35, 10)",houghCircle,0.7166666666666667,40074929.333333336,31614219.5
"(np.float64(1.0), 210, 240, 35, 15)",houghCircle,0.7729166666666667,39033619.46666667,30345193.5
"(np.float64(1.0), 210, 240, 40, 5)",houghCircle,0.6041666666666666,39815318.577083334,31198038.0
"(np.float64(1.0), 210, 240, 40, 10)",houghCircle,0.6375,41511105.25208333,30987249.0
"(np.float64(1.0), 210, 240, 40, 15)",houghCircle,0.66875,53872067.54375,41239281.0
"(np.float64(1.0), 210, 240, 45, 5)",houghCircle,0.21875,42327448.420833334,32839969.5
"(np.float64(1.0), 210, 240, 45, 10)",houghCircle,0.23541666666666666,39784040.03541667,31248458.0
"(np.float64(1.0), 210, 240, 45, 15)",houghCircle,0.2375,39681390.95,30531924.0
"(np.float64(1.0), 210, 250, 30, 5)",houghCircle,0.675,41536138.610416666,31719282.0
"(np.float64(1.0), 210, 250, 30, 10)",houghCircle,0.7020833333333333,44103095.78958333,31796842.5
"(np.float64(1.0), 210, 250, 30, 15)",houghCircle,0.78125,39095627.08125,30718700.0
"(np.float64(1.0), 210, 250, 35, 5)",houghCircle,0.6916666666666667,39498406.197916664,31785246.0
"(np.float64(1.0), 210, 250, 35, 10)",houghCircle,0.7166666666666667,40835943.97708333,31316045.5
"(np.float64(1.0), 210, 250, 35, 15)",houghCircle,0.7729166666666667,41326480.33541667,30864668.0
"(np.float64(1.0), 210, 250, 40, 5)",houghCircle,0.60625,40878939.8375,31374673.5
"(np.float64(1.0), 210, 250, 40, 10)",houghCircle,0.6375,41805753.860416666,31921256.5
"(np.float64(1.0), 210, 250, 40, 15)",houghCircle,0.66875,53480587.30416667,40659413.5
"(np.float64(1.0), 210, 250, 45, 5)",houghCircle,0.21875,41383424.35625,31015170.5
"(np.float64(1.0), 210, 250, 45, 10)",houghCircle,0.23541666666666666,44369488.94166667,32204407.5
"(np.float64(1.0), 210, 250, 45, 15)",houghCircle,0.2375,41942730.50833333,31608408.5
"(np.float64(1.0), 210, 260, 30, 5)",houghCircle,0.6833333333333333,43932728.572916664,32546804.0
"(np.float64(1.0), 210, 260, 30, 10)",houghCircle,0.7041666666666667,42608256.97708333,32241720.0
"(np.float64(1.0), 210, 260, 30, 15)",houghCircle,0.7854166666666667,41807286.29375,31961822.5
"(np.float64(1.0), 210, 260, 35, 5)",houghCircle,0.6916666666666667,41521452.579166666,31575722.0
"(np.float64(1.0), 210, 260, 35, 10)",houghCircle,0.7166666666666667,40461238.1625,31284556.0
"(np.float64(1.0), 210, 260, 35, 15)",houghCircle,0.7729166666666667,38937508.25416667,30460790.5
"(np.float64(1.0), 210, 260, 40, 5)",houghCircle,0.60625,42340242.0125,31592187.5
"(np.float64(1.0), 210, 260, 40, 10)",houghCircle,0.6354166666666666,38852789.3625,31548462.0
"(np.float64(1.0), 210, 260, 40, 15)",houghCircle,0.6666666666666666,40715627.33958333,30344793.0
"(np.float64(1.0), 210, 260, 45, 5)",houghCircle,0.21875,54551378.49375,41786784.5
"(np.float64(1.0), 210, 260, 45, 10)",houghCircle,0.23541666666666666,39024279.16041667,30294775.0
"(np.float64(1.0), 210, 260, 45, 15)",houghCircle,0.2375,41404946.69583333,30977139.5
"(np.float64(1.0), 210, 270, 30, 5)",houghCircle,0.6875,40147495.43541667,31065731.0
"(np.float64(1.0), 210, 270, 30, 10)",houghCircle,0.70625,46378637.045833334,32543332.0
"(np.float64(1.0), 210, 270, 30, 15)",houghCircle,0.7854166666666667,42360735.43333333,30482737.5
"(np.float64(1.0), 210, 270, 35, 5)",houghCircle,0.6916666666666667,39392994.75416667,30471917.0
"(np.float64(1.0), 210, 270, 35, 10)",houghCircle,0.7208333333333333,41141641.53541667,31270860.5
"(np.float64(1.0), 210, 270, 35, 15)",houghCircle,0.775,39408250.28125,30335777.0
"(np.float64(1.0), 210, 270, 40, 5)",houghCircle,0.6041666666666666,39309257.50833333,31163108.5
"(np.float64(1.0), 210, 270, 40, 10)",houghCircle,0.6354166666666666,41141916.17916667,30937134.5
"(np.float64(1.0), 210, 270, 40, 15)",houghCircle,0.6666666666666666,41824048.40208333,30795293.5
"(np.float64(1.0), 210, 270, 45, 5)",houghCircle,0.21875,40348477.82083333,31846711.0
"(np.float64(1.0), 210, 270, 45, 10)",houghCircle,0.23541666666666666,47679851.14791667,39549181.5
"(np.float64(1.0), 210, 270, 45, 15)",houghCircle,0.2375,40276570.733333334,31097985.5
"(np.float64(1.0), 210, 280, 30, 5)",houghCircle,0.6916666666666667,43539329.479166664,32171660.0
"(np.float64(1.0), 210, 280, 30, 10)",houghCircle,0.7083333333333334,41376043.59583333,31754042.5
"(np.float64(1.0), 210, 280, 30, 15)",houghCircle,0.7875,40062154.952083334,31086063.5
"(np.float64(1.0), 210, 280, 35, 5)",houghCircle,0.69375,38893700.3375,30692065.0
"(np.float64(1.0), 210, 280, 35, 10)",houghCircle,0.725,41611348.114583336,31208013.0
"(np.float64(1.0), 210, 280, 35, 15)",houghCircle,0.775,39717709.34791667,30229817.5
"(np.float64(1.0), 210, 280, 40, 5)",houghCircle,0.6041666666666666,42164469.0625,31271542.5
"(np.float64(1.0), 210, 280, 40, 10)",houghCircle,0.6375,43489035.235416666,31684130.5
"(np.float64(1.0), 210, 280, 40, 15)",houghCircle,0.6666666666666666,40895894.74375,30872773.5
"(np.float64(1.0), 210, 280, 45, 5)",houghCircle,0.21875,49526148.12708333,39858510.5
"(np.float64(1.0), 210, 280, 45, 10)",houghCircle,0.23541666666666666,40156797.775,30596244.5
"(np.float64(1.0), 210, 280, 45, 15)",houghCircle,0.2375,41436805.389583334,30853492.5
"(np.float64(1.0), 210, 290, 30, 5)",houghCircle,0.6916666666666667,42418406.51875,31901284.0
"(np.float64(1.0), 210, 290, 30, 10)",houghCircle,0.7166666666666667,41515770.1375,31232884.0
"(np.float64(1.0), 210, 290, 30, 15)",houghCircle,0.7895833333333333,38829262.69375,30893231.5
"(np.float64(1.0), 210, 290, 35, 5)",houghCircle,0.7,39947217.297916666,30487200.5
"(np.float64(1.0), 210, 290, 35, 10)",houghCircle,0.7270833333333333,42325344.36875,31404866.5
"(np.float64(1.0), 210, 290, 35, 15)",houghCircle,0.7791666666666667,39477435.53125,30316294.5
"(np.float64(1.0), 210, 290, 40, 5)",houghCircle,0.6041666666666666,40256963.00416667,31013392.5
"(np.float64(1.0), 210, 290, 40, 10)",houghCircle,0.6375,42951075.825,31550159.0
"(np.float64(1.0), 210, 290, 40, 15)",houghCircle,0.6666666666666666,42374579.00416667,30883779.5
"(np.float64(1.0), 210, 290, 45, 5)",houghCircle,0.22083333333333333,45026924.36875,36683364.5
"(np.float64(1.0), 210, 290, 45, 10)",houghCircle,0.23541666666666666,39199799.14791667,30805743.0
"(np.float64(1.0), 210, 290, 45, 15)",houghCircle,0.2375,41696123.025,30521349.0
"(np.float64(1.0), 220, 100, 30, 5)",houghCircle,0.5520833333333334,44023763.670833334,36561421.0
"(np.float64(1.0), 220, 100, 30, 10)",houghCircle,0.6604166666666667,45663365.454166666,36482613.0
"(np.float64(1.0), 220, 100, 30, 15)",houghCircle,0.8020833333333334,45794166.90833333,35645933.5
"(np.float64(1.0), 220, 100, 35, 5)",houghCircle,0.69375,47872137.266666666,37504140.0
"(np.float64(1.0), 220, 100, 35, 10)",houghCircle,0.7270833333333333,47633523.766666666,37637569.0
"(np.float64(1.0), 220, 100, 35, 15)",houghCircle,0.8083333333333333,46491764.225,36258909.0
"(np.float64(1.0), 220, 100, 40, 5)",houghCircle,0.6375,44969335.891666666,36729381.5
"(np.float64(1.0), 220, 100, 40, 10)",houghCircle,0.6791666666666667,57805413.55625,46773745.0
"(np.float64(1.0), 220, 100, 40, 15)",houghCircle,0.7208333333333333,46082490.389583334,35837201.5
"(np.float64(1.0), 220, 100, 45, 5)",houghCircle,0.36666666666666664,46168573.88333333,36078815.0
"(np.float64(1.0), 220, 100, 45, 10)",houghCircle,0.3854166666666667,44424425.75625,35031456.0
"(np.float64(1.0), 220, 100, 45, 15)",houghCircle,0.3958333333333333,42160850.295833334,34791665.5
"(np.float64(1.0), 220, 110, 30, 5)",houghCircle,0.58125,42569354.885416664,36574510.0
"(np.float64(1.0), 220, 110, 30, 10)",houghCircle,0.6729166666666667,45256127.641666666,35438884.0
"(np.float64(1.0), 220, 110, 30, 15)",houghCircle,0.8041666666666667,44518700.74375,34844104.0
"(np.float64(1.0), 220, 110, 35, 5)",houghCircle,0.6916666666666667,47066401.58541667,36172842.5
"(np.float64(1.0), 220, 110, 35, 10)",houghCircle,0.7291666666666666,45585707.52291667,35649956.0
"(np.float64(1.0), 220, 110, 35, 15)",houghCircle,0.8083333333333333,44085429.077083334,35488182.5
"(np.float64(1.0), 220, 110, 40, 5)",houghCircle,0.6104166666666667,46350141.64375,37298694.5
"(np.float64(1.0), 220, 110, 40, 10)",houghCircle,0.6416666666666667,45347306.9875,35631466.5
"(np.float64(1.0), 220, 110, 40, 15)",houghCircle,0.6854166666666667,55034538.2125,45428576.5
"(np.float64(1.0), 220, 110, 45, 5)",houghCircle,0.30416666666666664,44517501.61875,36889587.5
"(np.float64(1.0), 220, 110, 45, 10)",houghCircle,0.3229166666666667,44246368.39791667,35524290.0
"(np.float64(1.0), 220, 110, 45, 15)",houghCircle,0.33541666666666664,45614443.95,36161827.0
"(np.float64(1.0), 220, 120, 30, 5)",houghCircle,0.6104166666666667,45945552.32083333,37010202.5
"(np.float64(1.0), 220, 120, 30, 10)",houghCircle,0.6916666666666667,45187345.62916667,35300771.0
"(np.float64(1.0), 220, 120, 30, 15)",houghCircle,0.8083333333333333,43890091.77916667,33833842.5
"(np.float64(1.0), 220, 120, 35, 5)",houghCircle,0.6916666666666667,43268332.59166667,35740661.0
"(np.float64(1.0), 220, 120, 35, 10)",houghCircle,0.7291666666666666,45090068.62916667,35633240.0
"(np.float64(1.0), 220, 120, 35, 15)",houghCircle,0.8,43054172.08125,33632993.0
"(np.float64(1.0), 220, 120, 40, 5)",houghCircle,0.6145833333333334,47041496.43958333,36045688.5
"(np.float64(1.0), 220, 120, 40, 10)",houghCircle,0.6395833333333333,44660314.327083334,35225560.0
"(np.float64(1.0), 220, 120, 40, 15)",houghCircle,0.6833333333333333,53587288.53958333,42414251.5
"(np.float64(1.0), 220, 120, 45, 5)",houghCircle,0.27708333333333335,43765773.12083333,34842636.5
"(np.float64(1.0), 220, 120, 45, 10)",houghCircle,0.2916666666666667,44159985.72291667,35125507.0
"(np.float64(1.0), 220, 120, 45, 15)",houghCircle,0.30416666666666664,43589589.98125,34457589.0
"(np.float64(1.0), 220, 130, 30, 5)",houghCircle,0.6208333333333333,43997755.61666667,34793905.5
"(np.float64(1.0), 220, 130, 30, 10)",houghCircle,0.7,43179621.41041667,33332350.0
"(np.float64(1.0), 220, 130, 30, 15)",houghCircle,0.8145833333333333,44141767.60625,33419531.5
"(np.float64(1.0), 220, 130, 35, 5)",houghCircle,0.6895833333333333,45964009.08958333,33992196.5
"(np.float64(1.0), 220, 130, 35, 10)",houghCircle,0.725,43323893.202083334,34237355.5
"(np.float64(1.0), 220, 130, 35, 15)",houghCircle,0.7979166666666667,43006254.989583336,33293893.5
"(np.float64(1.0), 220, 130, 40, 5)",houghCircle,0.6083333333333333,42521012.725,34379979.0
"(np.float64(1.0), 220, 130, 40, 10)",houghCircle,0.6333333333333333,54942147.1375,43463339.5
"(np.float64(1.0), 220, 130, 40, 15)",houghCircle,0.6770833333333334,43957962.68958333,34175053.5
"(np.float64(1.0), 220, 130, 45, 5)",houghCircle,0.2375,44167404.22708333,34804874.0
"(np.float64(1.0), 220, 130, 45, 10)",houghCircle,0.25416666666666665,46672292.7125,34531036.5
"(np.float64(1.0), 220, 130, 45, 15)",houghCircle,0.2625,43458865.608333334,33860508.5
"(np.float64(1.0), 220, 140, 30, 5)",houghCircle,0.6333333333333333,43021454.420833334,34207646.5
"(np.float64(1.0), 220, 140, 30, 10)",houghCircle,0.7125,43416204.708333336,33568962.0
"(np.float64(1.0), 220, 140, 30, 15)",houghCircle,0.8083333333333333,41787360.04375,33019356.0
"(np.float64(1.0), 220, 140, 35, 5)",houghCircle,0.6875,47542759.59583333,37074894.5
"(np.float64(1.0), 220, 140, 35, 10)",houghCircle,0.7229166666666667,43711931.78333333,33780553.0
"(np.float64(1.0), 220, 140, 35, 15)",houghCircle,0.79375,42446279.077083334,33863269.0
"(np.float64(1.0), 220, 140, 40, 5)",houghCircle,0.6145833333333334,55312108.4625,44226311.0
"(np.float64(1.0), 220, 140, 40, 10)",houghCircle,0.6375,41237856.09583333,33801629.0
"(np.float64(1.0), 220, 140, 40, 15)",houghCircle,0.6791666666666667,43486817.65625,33572353.0
"(np.float64(1.0), 220, 140, 45, 5)",houghCircle,0.22916666666666666,45323994.00625,34618891.0
"(np.float64(1.0), 220, 140, 45, 10)",houghCircle,0.24791666666666667,44258140.1625,35093727.5
"(np.float64(1.0), 220, 140, 45, 15)",houghCircle,0.2520833333333333,44529813.68958333,34036850.5
"(np.float64(1.0), 220, 150, 30, 5)",houghCircle,0.6520833333333333,43900851.989583336,34131563.0
"(np.float64(1.0), 220, 150, 30, 10)",houghCircle,0.7166666666666667,42635528.864583336,33850446.0
"(np.float64(1.0), 220, 150, 30, 15)",houghCircle,0.8083333333333333,43548277.78541667,33312897.0
"(np.float64(1.0), 220, 150, 35, 5)",houghCircle,0.6916666666666667,45839118.604166664,34282865.5
"(np.float64(1.0), 220, 150, 35, 10)",houghCircle,0.7229166666666667,42382349.010416664,33242414.5
"(np.float64(1.0), 220, 150, 35, 15)",houghCircle,0.79375,41648970.047916666,33043837.0
"(np.float64(1.0), 220, 150, 40, 5)",houghCircle,0.6104166666666667,45041094.64791667,34786832.5
"(np.float64(1.0), 220, 150, 40, 10)",houghCircle,0.6333333333333333,52521004.65625,41448053.5
"(np.float64(1.0), 220, 150, 40, 15)",houghCircle,0.675,41618606.7,33049266.5
"(np.float64(1.0), 220, 150, 45, 5)",houghCircle,0.22291666666666668,42289610.87916667,33385253.0
"(np.float64(1.0), 220, 150, 45, 10)",houghCircle,0.23958333333333334,42540017.51875,32924268.0
"(np.float64(1.0), 220, 150, 45, 15)",houghCircle,0.24375,45077480.1375,33218654.5
"(np.float64(1.0), 220, 160, 30, 5)",houghCircle,0.6541666666666667,44018219.610416666,34044619.5
"(np.float64(1.0), 220, 160, 30, 10)",houghCircle,0.71875,40434820.8125,32512404.5
"(np.float64(1.0), 220, 160, 30, 15)",houghCircle,0.8104166666666667,43889592.06041667,32766566.0
"(np.float64(1.0), 220, 160, 35, 5)",houghCircle,0.69375,41645706.31041667,32284978.0
"(np.float64(1.0), 220, 160, 35, 10)",houghCircle,0.7291666666666666,41810621.327083334,32485083.0
"(np.float64(1.0), 220, 160, 35, 15)",houghCircle,0.7958333333333333,43896263.922916666,33210674.5
"(np.float64(1.0), 220, 160, 40, 5)",houghCircle,0.6125,43537718.979166664,32563274.5
"(np.float64(1.0), 220, 160, 40, 10)",houghCircle,0.6354166666666666,42981930.35208333,32337307.0
"(np.float64(1.0), 220, 160, 40, 15)",houghCircle,0.6770833333333334,53280738.78125,42513137.5
"(np.float64(1.0), 220, 160, 45, 5)",houghCircle,0.21666666666666667,41358694.764583334,32488470.0
"(np.float64(1.0), 220, 160, 45, 10)",houghCircle,0.23541666666666666,42877338.8,33257397.5
"(np.float64(1.0), 220, 160, 45, 15)",houghCircle,0.2375,40730291.14375,30329804.5
"(np.float64(1.0), 220, 170, 30, 5)",houghCircle,0.66875,44087621.920833334,33362850.0
"(np.float64(1.0), 220, 170, 30, 10)",houghCircle,0.725,41608004.12708333,33107526.0
"(np.float64(1.0), 220, 170, 30, 15)",houghCircle,0.8083333333333333,41942232.822916664,32355725.5
"(np.float64(1.0), 220, 170, 35, 5)",houghCircle,0.69375,47851238.610416666,33922670.5
"(np.float64(1.0), 220, 170, 35, 10)",houghCircle,0.7270833333333333,44103211.391666666,32183568.0
"(np.float64(1.0), 220, 170, 35, 15)",houghCircle,0.7916666666666666,40942349.35208333,31676432.0
"(np.float64(1.0), 220, 170, 40, 5)",houghCircle,0.60625,45328187.46041667,33330940.0
"(np.float64(1.0), 220, 170, 40, 10)",houghCircle,0.6333333333333333,51692009.2375,40907420.5
"(np.float64(1.0), 220, 170, 40, 15)",houghCircle,0.6729166666666667,40262877.6875,31129736.0
"(np.float64(1.0), 220, 170, 45, 5)",houghCircle,0.21875,40254969.18958333,33103844.0
"(np.float64(1.0), 220, 170, 45, 10)",houghCircle,0.23541666666666666,42220127.96458333,31925864.5
"(np.float64(1.0), 220, 170, 45, 15)",houghCircle,0.2375,43665405.9375,31934751.0
"(np.float64(1.0), 220, 180, 30, 5)",houghCircle,0.6729166666666667,44504547.704166666,32982336.5
"(np.float64(1.0), 220, 180, 30, 10)",houghCircle,0.725,40663718.85625,31822761.0
"(np.float64(1.0), 220, 180, 30, 15)",houghCircle,0.8041666666666667,45275575.7625,31712198.0
"(np.float64(1.0), 220, 180, 35, 5)",houghCircle,0.7,40307262.610416666,32570959.5
"(np.float64(1.0), 220, 180, 35, 10)",houghCircle,0.7229166666666667,43193101.69583333,32074093.0
"(np.float64(1.0), 220, 180, 35, 15)",houghCircle,0.7895833333333333,41233191.83541667,32136484.5
"(np.float64(1.0), 220, 180, 40, 5)",houghCircle,0.6083333333333333,40329167.33958333,31970293.5
"(np.float64(1.0), 220, 180, 40, 10)",houghCircle,0.6354166666666666,52423926.025,40663711.5
"(np.float64(1.0), 220, 180, 40, 15)",houghCircle,0.6729166666666667,42732742.925,31352674.0
"(np.float64(1.0), 220, 180, 45, 5)",houghCircle,0.21875,41057748.76875,33024897.0
"(np.float64(1.0), 220, 180, 45, 10)",houghCircle,0.23541666666666666,42788809.608333334,32179184.5
"(np.float64(1.0), 220, 180, 45, 15)",houghCircle,0.2375,42253797.96666667,32087342.5
"(np.float64(1.0), 220, 190, 30, 5)",houghCircle,0.675,41981233.291666664,32479382.5
"(np.float64(1.0), 220, 190, 30, 10)",houghCircle,0.7166666666666667,41445224.62916667,32039512.5
"(np.float64(1.0), 220, 190, 30, 15)",houghCircle,0.7958333333333333,39249260.16458333,31563630.0
"(np.float64(1.0), 220, 190, 35, 5)",houghCircle,0.6875,40016164.15,31891685.5
"(np.float64(1.0), 220, 190, 35, 10)",houghCircle,0.7145833333333333,42796460.84375,32113761.5
"(np.float64(1.0), 220, 190, 35, 15)",houghCircle,0.7791666666666667,42401735.46041667,32333863.5
"(np.float64(1.0), 220, 190, 40, 5)",houghCircle,0.6,45918350.99375,33484088.0
"(np.float64(1.0), 220, 190, 40, 10)",houghCircle,0.63125,50253675.40833333,40531144.0
"(np.float64(1.0), 220, 190, 40, 15)",houghCircle,0.6666666666666666,40195225.55,31629498.5
"(np.float64(1.0), 220, 190, 45, 5)",houghCircle,0.21875,43749651.43333333,32885940.5
"(np.float64(1.0), 220, 190, 45, 10)",houghCircle,0.23541666666666666,40636665.3125,31691167.5
"(np.float64(1.0), 220, 190, 45, 15)",houghCircle,0.2375,40457953.916666664,32030832.0
"(np.float64(1.0), 220, 200, 30, 5)",houghCircle,0.6729166666666667,42755173.30833333,32719077.0
"(np.float64(1.0), 220, 200, 30, 10)",houghCircle,0.7083333333333334,43452411.552083336,32050844.5
"(np.float64(1.0), 220, 200, 30, 15)",houghCircle,0.7895833333333333,42979832.53958333,32685479.5
"(np.float64(1.0), 220, 200, 35, 5)",houghCircle,0.6854166666666667,42411849.239583336,32359087.0
"(np.float64(1.0), 220, 200, 35, 10)",houghCircle,0.7166666666666667,40464453.4,31998345.5
"(np.float64(1.0), 220, 200, 35, 15)",houghCircle,0.7770833333333333,40960389.952083334,30504137.5
"(np.float64(1.0), 220, 200, 40, 5)",houghCircle,0.6,54462730.645833336,41668652.5
"(np.float64(1.0), 220, 200, 40, 10)",houghCircle,0.63125,41374562.885416664,31817160.5
"(np.float64(1.0), 220, 200, 40, 15)",houghCircle,0.6666666666666666,39867650.00416667,31242768.0
"(np.float64(1.0), 220, 200, 45, 5)",houghCircle,0.21875,41770157.1,33136149.5
"(np.float64(1.0), 220, 200, 45, 10)",houghCircle,0.23541666666666666,43521239.385416664,32300733.0
"(np.float64(1.0), 220, 200, 45, 15)",houghCircle,0.2375,41345358.59166667,30690857.5
"(np.float64(1.0), 220, 210, 30, 5)",houghCircle,0.6708333333333333,41102927.94166667,32257190.5
"(np.float64(1.0), 220, 210, 30, 10)",houghCircle,0.7041666666666667,42445284.479166664,31894435.0
"(np.float64(1.0), 220, 210, 30, 15)",houghCircle,0.7854166666666667,41132948.733333334,31610843.5
"(np.float64(1.0), 220, 210, 35, 5)",houghCircle,0.6875,41265715.66875,32232509.5
"(np.float64(1.0), 220, 210, 35, 10)",houghCircle,0.71875,44898738.8375,32483245.0
"(np.float64(1.0), 220, 210, 35, 15)",houghCircle,0.7770833333333333,40948047.34791667,30955878.5
"(np.float64(1.0), 220, 210, 40, 5)",houghCircle,0.6020833333333333,42473597.91458333,31658362.0
"(np.float64(1.0), 220, 210, 40, 10)",houghCircle,0.63125,54584653.25208333,42014906.5
"(np.float64(1.0), 220, 210, 40, 15)",houghCircle,0.6666666666666666,40073162.35625,31176702.5
"(np.float64(1.0), 220, 210, 45, 5)",houghCircle,0.21875,44105491.395833336,32524803.0
"(np.float64(1.0), 220, 210, 45, 10)",houghCircle,0.23541666666666666,40280117.83958333,30613061.5
"(np.float64(1.0), 220, 210, 45, 15)",houghCircle,0.2375,39240902.672916666,30302448.5
"(np.float64(1.0), 220, 220, 30, 5)",houghCircle,0.6729166666666667,41495308.78541667,32368840.5
"(np.float64(1.0), 220, 220, 30, 10)",houghCircle,0.6979166666666666,44178676.322916664,33028086.0
"(np.float64(1.0), 220, 220, 30, 15)",houghCircle,0.7833333333333333,42072577.88333333,31735026.0
"(np.float64(1.0), 220, 220, 35, 5)",houghCircle,0.6833333333333333,43881480.55,31985802.0
"(np.float64(1.0), 220, 220, 35, 10)",houghCircle,0.7145833333333333,44935027.045833334,32239512.5
"(np.float64(1.0), 220, 220, 35, 15)",houghCircle,0.7729166666666667,40246129.61875,31478269.5
"(np.float64(1.0), 220, 220, 40, 5)",houghCircle,0.6041666666666666,40498430.46458333,32006412.0
"(np.float64(1.0), 220, 220, 40, 10)",houghCircle,0.63125,40192909.172916666,31055988.0
"(np.float64(1.0), 220, 220, 40, 15)",houghCircle,0.6666666666666666,49252631.483333334,39662789.5
"(np.float64(1.0), 220, 220, 45, 5)",houghCircle,0.21875,40667351.50416667,30692851.0
"(np.float64(1.0), 220, 220, 45, 10)",houghCircle,0.23541666666666666,44625216.11666667,32311172.0
"(np.float64(1.0), 220, 220, 45, 15)",houghCircle,0.2375,38195496.74791667,29726468.0
"(np.float64(1.0), 220, 230, 30, 5)",houghCircle,0.6729166666666667,44100424.76875,32426544.0
"(np.float64(1.0), 220, 230, 30, 10)",houghCircle,0.69375,41791649.895833336,31753827.0
"(np.float64(1.0), 220, 230, 30, 15)",houghCircle,0.7791666666666667,43160625.65208333,31720529.0
"(np.float64(1.0), 220, 230, 35, 5)",houghCircle,0.6854166666666667,43818448.325,32213975.0
"(np.float64(1.0), 220, 230, 35, 10)",houghCircle,0.7166666666666667,41804498.61666667,31462244.5
"(np.float64(1.0), 220, 230, 35, 15)",houghCircle,0.7729166666666667,47777092.27708333,34879350.5
"(np.float64(1.0), 220, 230, 40, 5)",houghCircle,0.6041666666666666,53495755.958333336,41960249.0
"(np.float64(1.0), 220, 230, 40, 10)",houghCircle,0.63125,39707015.204166666,30864909.0
"(np.float64(1.0), 220, 230, 40, 15)",houghCircle,0.6666666666666666,40115157.52291667,31180515.5
"(np.float64(1.0), 220, 230, 45, 5)",houghCircle,0.21875,42970015.99166667,32212332.0
"(np.float64(1.0), 220, 230, 45, 10)",houghCircle,0.23541666666666666,42012647.33958333,31945191.0
"(np.float64(1.0), 220, 230, 45, 15)",houghCircle,0.2375,41350872.135416664,31065988.5
"(np.float64(1.0), 220, 240, 30, 5)",houghCircle,0.675,42516461.37916667,32250323.5
"(np.float64(1.0), 220, 240, 30, 10)",houghCircle,0.6958333333333333,42727192.44375,31919501.5
"(np.float64(1.0), 220, 240, 30, 15)",houghCircle,0.78125,41207371.19375,30493056.5
"(np.float64(1.0), 220, 240, 35, 5)",houghCircle,0.6895833333333333,43090111.88333333,32924042.5
"(np.float64(1.0), 220, 240, 35, 10)",houghCircle,0.7208333333333333,41320022.13125,30904708.5
"(np.float64(1.0), 220, 240, 35, 15)",houghCircle,0.7729166666666667,42917822.889583334,31401474.5
"(np.float64(1.0), 220, 240, 40, 5)",houghCircle,0.60625,51995149.66458333,40659418.5
"(np.float64(1.0), 220, 240, 40, 10)",houghCircle,0.6375,40252221.34375,30537751.0
"(np.float64(1.0), 220, 240, 40, 15)",houghCircle,0.66875,44262549.05833333,30963353.5
"(np.float64(1.0), 220, 240, 45, 5)",houghCircle,0.21875,42013464.05,32035570.0
"(np.float64(1.0), 220, 240, 45, 10)",houghCircle,0.23541666666666666,41532116.77708333,31011093.5
"(np.float64(1.0), 220, 240, 45, 15)",houghCircle,0.2375,39477665.28541667,31024298.0
"(np.float64(1.0), 220, 250, 30, 5)",houghCircle,0.6770833333333334,41998341.0625,31281224.5
"(np.float64(1.0), 220, 250, 30, 10)",houghCircle,0.7041666666666667,40588053.68333333,30981548.0
"(np.float64(1.0), 220, 250, 30, 15)",houghCircle,0.78125,40066059.52708333,29931923.5
"(np.float64(1.0), 220, 250, 35, 5)",houghCircle,0.6916666666666667,41503062.608333334,31368193.0
"(np.float64(1.0), 220, 250, 35, 10)",houghCircle,0.7208333333333333,40845357.954166666,30986446.5
"(np.float64(1.0), 220, 250, 35, 15)",houghCircle,0.7729166666666667,54161423.83125,41029853.0
"(np.float64(1.0), 220, 250, 40, 5)",houghCircle,0.6083333333333333,38394028.06875,30470284.0
"(np.float64(1.0), 220, 250, 40, 10)",houghCircle,0.6375,42293080.645833336,31648464.0
"(np.float64(1.0), 220, 250, 40, 15)",houghCircle,0.66875,39435952.395833336,30083163.0
"(np.float64(1.0), 220, 250, 45, 5)",houghCircle,0.21875,45914849.447916664,34718152.5
"(np.float64(1.0), 220, 250, 45, 10)",houghCircle,0.23541666666666666,41067439.37916667,31414941.0
"(np.float64(1.0), 220, 250, 45, 15)",houghCircle,0.2375,42846015.93541667,31404718.5
"(np.float64(1.0), 220, 260, 30, 5)",houghCircle,0.6854166666666667,40721312.264583334,31817585.5
"(np.float64(1.0), 220, 260, 30, 10)",houghCircle,0.70625,40984057.38333333,31808439.0
"(np.float64(1.0), 220, 260, 30, 15)",houghCircle,0.7854166666666667,42984333.13125,31084936.5
"(np.float64(1.0), 220, 260, 35, 5)",houghCircle,0.6916666666666667,43111473.145833336,31631151.5
"(np.float64(1.0), 220, 260, 35, 10)",houghCircle,0.7208333333333333,42766466.03125,31725804.5
"(np.float64(1.0), 220, 260, 35, 15)",houghCircle,0.7729166666666667,43663861.69166667,31338102.0
"(np.float64(1.0), 220, 260, 40, 5)",houghCircle,0.6083333333333333,40848148.68333333,32008810.0
"(np.float64(1.0), 220, 260, 40, 10)",houghCircle,0.6354166666666666,41275338.59375,31214009.0
"(np.float64(1.0), 220, 260, 40, 15)",houghCircle,0.6666666666666666,47314772.43958333,38708434.0
"(np.float64(1.0), 220, 260, 45, 5)",houghCircle,0.21875,40601576.864583336,31270123.5
"(np.float64(1.0), 220, 260, 45, 10)",houghCircle,0.23541666666666666,39715014.68541667,31378061.0
"(np.float64(1.0), 220, 260, 45, 15)",houghCircle,0.2375,38882926.385416664,30136161.5
"(np.float64(1.0), 220, 270, 30, 5)",houghCircle,0.6895833333333333,43712843.90625,31457275.5
"(np.float64(1.0), 220, 270, 30, 10)",houghCircle,0.7083333333333334,40406438.110416666,31213327.5
"(np.float64(1.0), 220, 270, 30, 15)",houghCircle,0.7854166666666667,38224677.979166664,30282696.5
"(np.float64(1.0), 220, 270, 35, 5)",houghCircle,0.6916666666666667,39725934.577083334,30389672.5
"(np.float64(1.0), 220, 270, 35, 10)",houghCircle,0.725,40485861.291666664,30407927.0
"(np.float64(1.0), 220, 270, 35, 15)",houghCircle,0.775,43792226.947916664,31382319.5
"(np.float64(1.0), 220, 270, 40, 5)",houghCircle,0.60625,44801608.91875,32118780.0
"(np.float64(1.0), 220, 270, 40, 10)",houghCircle,0.6354166666666666,47505724.52916667,39092519.5
"(np.float64(1.0), 220, 270, 40, 15)",houghCircle,0.6666666666666666,41946241.40833333,30729885.0
"(np.float64(1.0), 220, 270, 45, 5)",houghCircle,0.21875,43486087.53958333,32198095.0
"(np.float64(1.0), 220, 270, 45, 10)",houghCircle,0.23541666666666666,42931493.02916667,32157137.5
"(np.float64(1.0), 220, 270, 45, 15)",houghCircle,0.2375,40327289.18125,29752757.0
"(np.float64(1.0), 220, 280, 30, 5)",houghCircle,0.69375,39615474.702083334,30699304.0
"(np.float64(1.0), 220, 280, 30, 10)",houghCircle,0.7104166666666667,39790533.28541667,30305395.5
"(np.float64(1.0), 220, 280, 30, 15)",houghCircle,0.7875,39505381.23125,30438849.5
"(np.float64(1.0), 220, 280, 35, 5)",houghCircle,0.69375,39555374.07083333,30806042.0
"(np.float64(1.0), 220, 280, 35, 10)",houghCircle,0.7291666666666666,39728788.416666664,31118629.5
"(np.float64(1.0), 220, 280, 35, 15)",houghCircle,0.775,40106886.70625,30614719.0
"(np.float64(1.0), 220, 280, 40, 5)",houghCircle,0.60625,51450104.35208333,41440629.0
"(np.float64(1.0), 220, 280, 40, 10)",houghCircle,0.6375,39184015.53541667,30335987.0
"(np.float64(1.0), 220, 280, 40, 15)",houghCircle,0.6666666666666666,43868848.077083334,30655576.0
"(np.float64(1.0), 220, 280, 45, 5)",houghCircle,0.21875,42848936.045833334,31896539.0
"(np.float64(1.0), 220, 280, 45, 10)",houghCircle,0.23541666666666666,39530285.81041667,30368837.5
"(np.float64(1.0), 220, 280, 45, 15)",houghCircle,0.2375,39128020.5125,30425044.5
"(np.float64(1.0), 220, 290, 30, 5)",houghCircle,0.69375,42963121.17916667,31683485.0
"(np.float64(1.0), 220, 290, 30, 10)",houghCircle,0.71875,41118947.58125,31351642.0
"(np.float64(1.0), 220, 290, 30, 15)",houghCircle,0.7895833333333333,44291782.84166667,32142455.5
"(np.float64(1.0), 220, 290, 35, 5)",houghCircle,0.7,40440536.83541667,31604623.5
"(np.float64(1.0), 220, 290, 35, 10)",houghCircle,0.73125,41073852.233333334,30604876.0
"(np.float64(1.0), 220, 290, 35, 15)",houghCircle,0.7791666666666667,49023722.55625,39432799.0
"(np.float64(1.0), 220, 290, 40, 5)",houghCircle,0.60625,40231739.39791667,30778381.5
"(np.float64(1.0), 220, 290, 40, 10)",houghCircle,0.6375,39086339.235416666,30224843.0
"(np.float64(1.0), 220, 290, 40, 15)",houghCircle,0.6666666666666666,44427999.145833336,31158099.5
"(np.float64(1.0), 220, 290, 45, 5)",houghCircle,0.22083333333333333,40266719.16041667,30779723.5
"(np.float64(1.0), 220, 290, 45, 10)",houghCircle,0.23541666666666666,41430686.172916666,30822910.0
"(np.float64(1.0), 220, 290, 45, 15)",houghCircle,0.2375,37777771.145833336,29403382.5
"(np.float64(1.0), 230, 100, 30, 5)",houghCircle,0.5583333333333333,46177034.475,37510197.0
"(np.float64(1.0), 230, 100, 30, 10)",houghCircle,0.6645833333333333,46580675.49166667,37551318.0
"(np.float64(1.0), 230, 100, 30, 15)",houghCircle,0.8041666666666667,43672467.80625,35727417.0
"(np.float64(1.0), 230, 100, 35, 5)",houghCircle,0.6958333333333333,58319372.05833333,47532884.5
"(np.float64(1.0), 230, 100, 35, 10)",houghCircle,0.7270833333333333,47748297.520833336,37620287.0
"(np.float64(1.0), 230, 100, 35, 15)",houghCircle,0.8083333333333333,46125300.954166666,36459054.5
"(np.float64(1.0), 230, 100, 40, 5)",houghCircle,0.6375,46969261.3,37110290.5
"(np.float64(1.0), 230, 100, 40, 10)",houghCircle,0.6854166666666667,45405136.114583336,36082902.5
"(np.float64(1.0), 230, 100, 40, 15)",houghCircle,0.7208333333333333,45062682.79375,35956716.0
"(np.float64(1.0), 230, 100, 45, 5)",houghCircle,0.37083333333333335,46612379.99375,37596603.0
"(np.float64(1.0), 230, 100, 45, 10)",houghCircle,0.3854166666666667,43036697.89375,35351496.5
"(np.float64(1.0), 230, 100, 45, 15)",houghCircle,0.3958333333333333,44842294.30833333,34830323.0
"(np.float64(1.0), 230, 110, 30, 5)",houghCircle,0.5895833333333333,43999712.61875,35657215.0
"(np.float64(1.0), 230, 110, 30, 10)",houghCircle,0.6770833333333334,44990380.25625,35477763.0
"(np.float64(1.0), 230, 110, 30, 15)",houghCircle,0.8041666666666667,44293189.385416664,35426277.0
"(np.float64(1.0), 230, 110, 35, 5)",houghCircle,0.69375,44036272.510416664,35984226.5
"(np.float64(1.0), 230, 110, 35, 10)",houghCircle,0.7291666666666666,45717611.75833333,35698041.0
"(np.float64(1.0), 230, 110, 35, 15)",houghCircle,0.8083333333333333,46029274.47708333,36553111.0
"(np.float64(1.0), 230, 110, 40, 5)",houghCircle,0.6125,54263647.81666667,44409064.0
"(np.float64(1.0), 230, 110, 40, 10)",houghCircle,0.6458333333333334,44325806.64375,35276565.5
"(np.float64(1.0), 230, 110, 40, 15)",houghCircle,0.6854166666666667,41501518.39375,34696963.0
"(np.float64(1.0), 230, 110, 45, 5)",houghCircle,0.30833333333333335,46582474.65625,35929731.0
"(np.float64(1.0), 230, 110, 45, 10)",houghCircle,0.3229166666666667,45842929.87916667,35531302.5
"(np.float64(1.0), 230, 110, 45, 15)",houghCircle,0.33541666666666664,47344375.00833333,36070851.5
"(np.float64(1.0), 230, 120, 30, 5)",houghCircle,0.61875,44126245.43541667,35715434.0
"(np.float64(1.0), 230, 120, 30, 10)",houghCircle,0.6958333333333333,42690766.9125,34707648.0
"(np.float64(1.0), 230, 120, 30, 15)",houghCircle,0.8083333333333333,43510140.170833334,33760091.0
"(np.float64(1.0), 230, 120, 35, 5)",houghCircle,0.6958333333333333,46707762.4875,36630044.5
"(np.float64(1.0), 230, 120, 35, 10)",houghCircle,0.73125,43959311.41875,35116024.0
"(np.float64(1.0), 230, 120, 35, 15)",houghCircle,0.8,56710857.55833333,44360327.0
"(np.float64(1.0), 230, 120, 40, 5)",houghCircle,0.6166666666666667,43753461.44375,35880353.0
"(np.float64(1.0), 230, 120, 40, 10)",houghCircle,0.6416666666666667,43764416.88333333,36450102.5
"(np.float64(1.0), 230, 120, 40, 15)",houghCircle,0.6833333333333333,45051063.3625,35462984.5
"(np.float64(1.0), 230, 120, 45, 5)",houghCircle,0.28125,44957607.50833333,35589307.0
"(np.float64(1.0), 230, 120, 45, 10)",houghCircle,0.2916666666666667,46690186.21666667,34661907.0
"(np.float64(1.0), 230, 120, 45, 15)",houghCircle,0.30416666666666664,43875669.014583334,34764139.0
"(np.float64(1.0), 230, 130, 30, 5)",houghCircle,0.63125,44996281.6375,34717471.5
"(np.float64(1.0), 230, 130, 30, 10)",houghCircle,0.7020833333333333,45022666.4125,35203113.0
"(np.float64(1.0), 230, 130, 30, 15)",houghCircle,0.8145833333333333,45626301.43958333,35196660.5
"(np.float64(1.0), 230, 130, 35, 5)",houghCircle,0.6916666666666667,45936057.90416667,35369277.5
"(np.float64(1.0), 230, 130, 35, 10)",houghCircle,0.725,43128088.260416664,34299532.5
"(np.float64(1.0), 230, 130, 35, 15)",houghCircle,0.7979166666666667,52356575.297916666,43308569.0
"(np.float64(1.0), 230, 130, 40, 5)",houghCircle,0.6104166666666667,43746153.297916666,34338822.0
"(np.float64(1.0), 230, 130, 40, 10)",houghCircle,0.6354166666666666,48579459.927083336,34806317.5
"(np.float64(1.0), 230, 130, 40, 15)",houghCircle,0.6770833333333334,44461503.53958333,33443486.5
"(np.float64(1.0), 230, 130, 45, 5)",houghCircle,0.24166666666666667,45120194.895833336,35134097.5
"(np.float64(1.0), 230, 130, 45, 10)",houghCircle,0.25416666666666665,44423872.34791667,34672437.0
"(np.float64(1.0), 230, 130, 45, 15)",houghCircle,0.2625,40531913.28958333,33705433.5
"(np.float64(1.0), 230, 140, 30, 5)",houghCircle,0.6416666666666667,40889021.44375,32917544.0
"(np.float64(1.0), 230, 140, 30, 10)",houghCircle,0.7145833333333333,44109696.00625,34637226.0
"(np.float64(1.0), 230, 140, 30, 15)",houghCircle,0.8083333333333333,40599609.32083333,33557920.0
"(np.float64(1.0), 230, 140, 35, 5)",houghCircle,0.6916666666666667,43331131.766666666,34189896.5
"(np.float64(1.0), 230, 140, 35, 10)",houghCircle,0.7229166666666667,56820724.75,45171618.0
"(np.float64(1.0), 230, 140, 35, 15)",houghCircle,0.79375,43889755.704166666,33712626.5
"(np.float64(1.0), 230, 140, 40, 5)",houghCircle,0.6166666666666667,43635140.40208333,33828118.0
"(np.float64(1.0), 230, 140, 40, 10)",houghCircle,0.6395833333333333,42829202.916666664,33285845.5
"(np.float64(1.0), 230, 140, 40, 15)",houghCircle,0.6791666666666667,43168349.28333333,32426138.0
"(np.float64(1.0), 230, 140, 45, 5)",houghCircle,0.23333333333333334,45121310.045833334,34839150.0
"(np.float64(1.0), 230, 140, 45, 10)",houghCircle,0.24791666666666667,45235959.708333336,35094498.5
"(np.float64(1.0), 230, 140, 45, 15)",houghCircle,0.2520833333333333,44283512.7875,33856784.5
"(np.float64(1.0), 230, 150, 30, 5)",houghCircle,0.6604166666666667,45879826.96875,34024977.0
"(np.float64(1.0), 230, 150, 30, 10)",houghCircle,0.7208333333333333,45323463.802083336,35094814.5
"(np.float64(1.0), 230, 150, 30, 15)",houghCircle,0.8083333333333333,40949341.99166667,33153071.0
"(np.float64(1.0), 230, 150, 35, 5)",houghCircle,0.69375,55530769.65,43640385.5
"(np.float64(1.0), 230, 150, 35, 10)",houghCircle,0.7229166666666667,40844596.18333333,33138044.0
"(np.float64(1.0), 230, 150, 35, 15)",houghCircle,0.79375,41450913.58125,32536415.5
"(np.float64(1.0), 230, 150, 40, 5)",houghCircle,0.6125,46773255.69166667,33923263.0
"(np.float64(1.0), 230, 150, 40, 10)",houghCircle,0.6354166666666666,44452006.86666667,34167298.5
"(np.float64(1.0), 230, 150, 40, 15)",houghCircle,0.675,45171762.95625,34517560.5
"(np.float64(1.0), 230, 150, 45, 5)",houghCircle,0.22708333333333333,40514351.802083336,32149258.5
"(np.float64(1.0), 230, 150, 45, 10)",houghCircle,0.23958333333333334,43645999.67916667,33188187.0
"(np.float64(1.0), 230, 150, 45, 15)",houghCircle,0.24375,45785295.770833336,33636088.0
"(np.float64(1.0), 230, 160, 30, 5)",houghCircle,0.6604166666666667,40781170.63125,32646181.0
"(np.float64(1.0), 230, 160, 30, 10)",houghCircle,0.7208333333333333,44189002.85208333,33473474.0
"(np.float64(1.0), 230, 160, 30, 15)",houghCircle,0.8104166666666667,41249217.50625,31812521.0
"(np.float64(1.0), 230, 160, 35, 5)",houghCircle,0.6958333333333333,40501683.354166664,33137157.0
"(np.float64(1.0), 230, 160, 35, 10)",houghCircle,0.7291666666666666,44421080.575,33612438.5
"(np.float64(1.0), 230, 160, 35, 15)",houghCircle,0.7958333333333333,42146531.635416664,32275695.5
"(np.float64(1.0), 230, 160, 40, 5)",houghCircle,0.6145833333333334,53730004.041666664,42409317.0
"(np.float64(1.0), 230, 160, 40, 10)",houghCircle,0.6375,42823056.233333334,32414661.0
"(np.float64(1.0), 230, 160, 40, 15)",houghCircle,0.6770833333333334,41921020.708333336,32544870.0
"(np.float64(1.0), 230, 160, 45, 5)",houghCircle,0.22083333333333333,45815116.454166666,35109558.0
"(np.float64(1.0), 230, 160, 45, 10)",houghCircle,0.23541666666666666,40658244.34583333,32543352.5
"(np.float64(1.0), 230, 160, 45, 15)",houghCircle,0.2375,42643376.96666667,33055635.5
"(np.float64(1.0), 230, 170, 30, 5)",houghCircle,0.675,42989051.016666666,32973705.5
"(np.float64(1.0), 230, 170, 30, 10)",houghCircle,0.7270833333333333,43607132.8125,33297397.5
"(np.float64(1.0), 230, 170, 30, 15)",houghCircle,0.8083333333333333,44615701.739583336,33173135.0
"(np.float64(1.0), 230, 170, 35, 5)",houghCircle,0.6979166666666666,42744314.270833336,32696028.0
"(np.float64(1.0), 230, 170, 35, 10)",houghCircle,0.7270833333333333,40472084.37083333,32322423.5
"(np.float64(1.0), 230, 170, 35, 15)",houghCircle,0.7916666666666666,44678288.65625,34007219.5
"(np.float64(1.0), 230, 170, 40, 5)",houghCircle,0.6104166666666667,56042251.802083336,43476683.5
"(np.float64(1.0), 230, 170, 40, 10)",houghCircle,0.6354166666666666,40279135.74166667,32551372.0
"(np.float64(1.0), 230, 170, 40, 15)",houghCircle,0.6729166666666667,40819264.11666667,31316396.0
"(np.float64(1.0), 230, 170, 45, 5)",houghCircle,0.22291666666666668,44604423.075,33288441.0
"(np.float64(1.0), 230, 170, 45, 10)",houghCircle,0.23541666666666666,45304210.4375,32672215.0
"(np.float64(1.0), 230, 170, 45, 15)",houghCircle,0.2375,42564552.1375,32452327.0
"(np.float64(1.0), 230, 180, 30, 5)",houghCircle,0.675,45783623.81666667,33884414.0
"(np.float64(1.0), 230, 180, 30, 10)",houghCircle,0.7270833333333333,41759775.28125,32337025.5
"(np.float64(1.0), 230, 180, 30, 15)",houghCircle,0.8041666666666667,41307017.21666667,31434031.0
"(np.float64(1.0), 230, 180, 35, 5)",houghCircle,0.7020833333333333,41378343.2375,33722594.5
"(np.float64(1.0), 230, 180, 35, 10)",houghCircle,0.7229166666666667,40020118.00833333,31464694.0
"(np.float64(1.0), 230, 180, 35, 15)",houghCircle,0.7895833333333333,40816429.78958333,31701613.5
"(np.float64(1.0), 230, 180, 40, 5)",houghCircle,0.6104166666666667,52841039.36875,40831565.0
"(np.float64(1.0), 230, 180, 40, 10)",houghCircle,0.6375,42692657,32791002.5
"(np.float64(1.0), 230, 180, 40, 15)",houghCircle,0.6729166666666667,44868190.08125,33112174.5
"(np.float64(1.0), 230, 180, 45, 5)",houghCircle,0.22291666666666668,42713086.84166667,32440585.0
"(np.float64(1.0), 230, 180, 45, 10)",houghCircle,0.23541666666666666,42811654.66041667,34138966.0
"(np.float64(1.0), 230, 180, 45, 15)",houghCircle,0.2375,40067062.954166666,32307434.5
"(np.float64(1.0), 230, 190, 30, 5)",houghCircle,0.6791666666666667,46504797.22291667,34361718.5
"(np.float64(1.0), 230, 190, 30, 10)",houghCircle,0.71875,41981202.40625,31558200.5
"(np.float64(1.0), 230, 190, 30, 15)",houghCircle,0.7958333333333333,40271987.60208333,31585446.0
"(np.float64(1.0), 230, 190, 35, 5)",houghCircle,0.6916666666666667,43583278.4375,32800584.5
"(np.float64(1.0), 230, 190, 35, 10)",houghCircle,0.7145833333333333,55383597.03125,43270117.5
"(np.float64(1.0), 230, 190, 35, 15)",houghCircle,0.7791666666666667,41918604.889583334,31579650.0
"(np.float64(1.0), 230, 190, 40, 5)",houghCircle,0.6041666666666666,43507606.172916666,32696537.0
"(np.float64(1.0), 230, 190, 40, 10)",houghCircle,0.63125,39615210.295833334,30841741.0
"(np.float64(1.0), 230, 190, 40, 15)",houghCircle,0.6666666666666666,42031492.62291667,32944846.0
"(np.float64(1.0), 230, 190, 45, 5)",houghCircle,0.22291666666666668,42626501.44375,32708157.5
"(np.float64(1.0), 230, 190, 45, 10)",houghCircle,0.23541666666666666,42381283.239583336,32754308.5
"(np.float64(1.0), 230, 190, 45, 15)",houghCircle,0.2375,44736916.04375,32582751.0
"(np.float64(1.0), 230, 200, 30, 5)",houghCircle,0.6770833333333334,40927035.12291667,31928750.5
"(np.float64(1.0), 230, 200, 30, 10)",houghCircle,0.7104166666666667,42346376.62291667,31502685.5
"(np.float64(1.0), 230, 200, 30, 15)",houghCircle,0.7895833333333333,40745878.604166664,30646119.0
"(np.float64(1.0), 230, 200, 35, 5)",houghCircle,0.6895833333333333,40995119.26875,32083044.0
"(np.float64(1.0), 230, 200, 35, 10)",houghCircle,0.7166666666666667,40186455.51875,32145701.5
"(np.float64(1.0), 230, 200, 35, 15)",houghCircle,0.7770833333333333,41134709.9625,31512719.0
"(np.float64(1.0), 230, 200, 40, 5)",houghCircle,0.6041666666666666,42432825.07083333,32932933.0
"(np.float64(1.0), 230, 200, 40, 10)",houghCircle,0.63125,53482391.208333336,41390900.5
"(np.float64(1.0), 230, 200, 40, 15)",houghCircle,0.6666666666666666,40619022.50208333,32021834.0
"(np.float64(1.0), 230, 200, 45, 5)",houghCircle,0.22291666666666668,41158664.24583333,31941980.0
"(np.float64(1.0), 230, 200, 45, 10)",houghCircle,0.23541666666666666,44482631.41875,32662160.0
"(np.float64(1.0), 230, 200, 45, 15)",houghCircle,0.2375,39918648.260416664,31485728.5
"(np.float64(1.0), 230, 210, 30, 5)",houghCircle,0.6729166666666667,41286578.38333333,32220612.5
"(np.float64(1.0), 230, 210, 30, 10)",houghCircle,0.70625,44538849.645833336,32859841.0
"(np.float64(1.0), 230, 210, 30, 15)",houghCircle,0.7854166666666667,40774246.829166666,30857495.5
"(np.float64(1.0), 230, 210, 35, 5)",houghCircle,0.6895833333333333,42351339.51875,32727358.5
"(np.float64(1.0), 230, 210, 35, 10)",houghCircle,0.71875,40413630.204166666,31352934.5
"(np.float64(1.0), 230, 210, 35, 15)",houghCircle,0.7770833333333333,42909582.09375,32212907.0
"(np.float64(1.0), 230, 210, 40, 5)",houghCircle,0.6041666666666666,42699754.69583333,32928838.0
"(np.float64(1.0), 230, 210, 40, 10)",houghCircle,0.63125,53981004.989583336,41955685.5
"(np.float64(1.0), 230, 210, 40, 15)",houghCircle,0.6666666666666666,42071017.38125,30985530.0
"(np.float64(1.0), 230, 210, 45, 5)",houghCircle,0.22291666666666668,41143603.40625,32307319.5
"(np.float64(1.0), 230, 210, 45, 10)",houghCircle,0.23541666666666666,40364804.27291667,30309061.0
"(np.float64(1.0), 230, 210, 45, 15)",houghCircle,0.2375,45384478.80833333,31724833.0
"(np.float64(1.0), 230, 220, 30, 5)",houghCircle,0.675,42532650.30833333,32567162.5
"(np.float64(1.0), 230, 220, 30, 10)",houghCircle,0.7,39758610.760416664,30980420.5
"(np.float64(1.0), 230, 220, 30, 15)",houghCircle,0.7833333333333333,42788761.454166666,32256900.5
"(np.float64(1.0), 230, 220, 35, 5)",houghCircle,0.6854166666666667,45717073.84375,34528882.0
"(np.float64(1.0), 230, 220, 35, 10)",houghCircle,0.7145833333333333,44278115.99791667,32735954.0
"(np.float64(1.0), 230, 220, 35, 15)",houghCircle,0.7729166666666667,40986256.9875,31787825.0
"(np.float64(1.0), 230, 220, 40, 5)",houghCircle,0.60625,41250570.15208333,31883360.5
"(np.float64(1.0), 230, 220, 40, 10)",houghCircle,0.63125,53982731.59375,41427390.5
"(np.float64(1.0), 230, 220, 40, 15)",houghCircle,0.6666666666666666,42591762.3875,31820436.5
"(np.float64(1.0), 230, 220, 45, 5)",houghCircle,0.22291666666666668,43936615.87291667,31790841.0
"(np.float64(1.0), 230, 220, 45, 10)",houghCircle,0.23541666666666666,41052313.97291667,31442623.5
"(np.float64(1.0), 230, 220, 45, 15)",houghCircle,0.2375,42428591.39791667,30921510.5
"(np.float64(1.0), 230, 230, 30, 5)",houghCircle,0.675,39225233.90625,31472213.0
"(np.float64(1.0), 230, 230, 30, 10)",houghCircle,0.6958333333333333,41643702.00833333,31313295.0
"(np.float64(1.0), 230, 230, 30, 15)",houghCircle,0.7791666666666667,42723836.40416667,32068922.5
"(np.float64(1.0), 230, 230, 35, 5)",houghCircle,0.6875,41312649.802083336,31588721.5
"(np.float64(1.0), 230, 230, 35, 10)",houghCircle,0.7166666666666667,40401829.12291667,31383357.0
"(np.float64(1.0), 230, 230, 35, 15)",houghCircle,0.7729166666666667,41694984.80833333,31005503.0
"(np.float64(1.0), 230, 230, 40, 5)",houghCircle,0.60625,52289775.275,40899179.0
"(np.float64(1.0), 230, 230, 40, 10)",houghCircle,0.63125,42117985.06458333,31417876.0
"(np.float64(1.0), 230, 230, 40, 15)",houghCircle,0.6666666666666666,42796284.427083336,31047045.5
"(np.float64(1.0), 230, 230, 45, 5)",houghCircle,0.22291666666666668,40138817.50208333,30960197.5
"(np.float64(1.0), 230, 230, 45, 10)",houghCircle,0.23541666666666666,42184151.9,32097020.5
"(np.float64(1.0), 230, 230, 45, 15)",houghCircle,0.2375,41470677.52291667,31524261.0
"(np.float64(1.0), 230, 240, 30, 5)",houghCircle,0.675,42737506.5375,32186519.0
"(np.float64(1.0), 230, 240, 30, 10)",houghCircle,0.6958333333333333,40979637.06041667,32090247.5
"(np.float64(1.0), 230, 240, 30, 15)",houghCircle,0.78125,42255930.80833333,30923900.0
"(np.float64(1.0), 230, 240, 35, 5)",houghCircle,0.6916666666666667,43683942.07083333,31126618.0
"(np.float64(1.0), 230, 240, 35, 10)",houghCircle,0.7208333333333333,45899324.54375,32172236.0
"(np.float64(1.0), 230, 240, 35, 15)",houghCircle,0.7729166666666667,42008067.55625,31302796.0
"(np.float64(1.0), 230, 240, 40, 5)",houghCircle,0.6083333333333333,39704384.93541667,30954772.5
"(np.float64(1.0), 230, 240, 40, 10)",houghCircle,0.6375,43353702.87708333,31942686.5
"(np.float64(1.0), 230, 240, 40, 15)",houghCircle,0.66875,51549811.36666667,39951851.5
"(np.float64(1.0), 230, 240, 45, 5)",houghCircle,0.22291666666666668,41936738.829166666,31001199.5
"(np.float64(1.0), 230, 240, 45, 10)",houghCircle,0.23541666666666666,41426993.895833336,31229493.0
"(np.float64(1.0), 230, 240, 45, 15)",houghCircle,0.2375,40094787.327083334,30352046.0
"(np.float64(1.0), 230, 250, 30, 5)",houghCircle,0.6770833333333334,39891650.21458333,31999623.0
"(np.float64(1.0), 230, 250, 30, 10)",houghCircle,0.7041666666666667,42156011.079166666,31154502.5
"(np.float64(1.0), 230, 250, 30, 15)",houghCircle,0.78125,39480598.985416666,30677001.5
"(np.float64(1.0), 230, 250, 35, 5)",houghCircle,0.69375,39876146.172916666,31786368.0
"(np.float64(1.0), 230, 250, 35, 10)",houghCircle,0.7208333333333333,40884454.28333333,31531930.0
"(np.float64(1.0), 230, 250, 35, 15)",houghCircle,0.7729166666666667,39788939.37916667,30946968.5
"(np.float64(1.0), 230, 250, 40, 5)",houghCircle,0.6104166666666667,42326803.0625,31535802.0
"(np.float64(1.0), 230, 250, 40, 10)",houghCircle,0.6375,50883099.9125,40769852.5
"(np.float64(1.0), 230, 250, 40, 15)",houghCircle,0.66875,37819312.24791667,30163167.0
"(np.float64(1.0), 230, 250, 45, 5)",houghCircle,0.22291666666666668,40696529.65208333,31265094.0
"(np.float64(1.0), 230, 250, 45, 10)",houghCircle,0.23541666666666666,43874879.18958333,32170432.0
"(np.float64(1.0), 230, 250, 45, 15)",houghCircle,0.2375,42867963.7875,31610507.0
"(np.float64(1.0), 230, 260, 30, 5)",houghCircle,0.6854166666666667,40383410.64375,31486565.5
"(np.float64(1.0), 230, 260, 30, 10)",houghCircle,0.70625,41484121.829166666,32000620.0
"(np.float64(1.0), 230, 260, 30, 15)",houghCircle,0.7854166666666667,40965109.53125,30535496.5
"(np.float64(1.0), 230, 260, 35, 5)",houghCircle,0.69375,41803631.00208333,31352720.0
"(np.float64(1.0), 230, 260, 35, 10)",houghCircle,0.7208333333333333,38921931.93125,31050511.5
"(np.float64(1.0), 230, 260, 35, 15)",houghCircle,0.7729166666666667,41202716.175,30956190.0
"(np.float64(1.0), 230, 260, 40, 5)",houghCircle,0.6104166666666667,40244248.735416666,31895888.0
"(np.float64(1.0), 230, 260, 40, 10)",houghCircle,0.6354166666666666,50152059.2375,39542865.5
"(np.float64(1.0), 230, 260, 40, 15)",houghCircle,0.6666666666666666,41234446.425,30592392.0
"(np.float64(1.0), 230, 260, 45, 5)",houghCircle,0.22291666666666668,41896830.05416667,32054790.0
"(np.float64(1.0), 230, 260, 45, 10)",houghCircle,0.23541666666666666,41897025.6875,31512434.0
"(np.float64(1.0), 230, 260, 45, 15)",houghCircle,0.2375,40092337.420833334,30444360.5
"(np.float64(1.0), 230, 270, 30, 5)",houghCircle,0.6895833333333333,41136001.72291667,31420598.0
"(np.float64(1.0), 230, 270, 30, 10)",houghCircle,0.7083333333333334,42817236.98125,32111497.5
"(np.float64(1.0), 230, 270, 30, 15)",houghCircle,0.7854166666666667,41161536.6,31382214.5
"(np.float64(1.0), 230, 270, 35, 5)",houghCircle,0.69375,40553655.954166666,30752438.0
"(np.float64(1.0), 230, 270, 35, 10)",houghCircle,0.725,40039249.06666667,31498242.0
"(np.float64(1.0), 230, 270, 35, 15)",houghCircle,0.775,39900186.74583333,30335114.5
"(np.float64(1.0), 230, 270, 40, 5)",houghCircle,0.6083333333333333,51365774.12083333,41649441.5
"(np.float64(1.0), 230, 270, 40, 10)",houghCircle,0.6354166666666666,43832775.733333334,31237198.0
"(np.float64(1.0), 230, 270, 40, 15)",houghCircle,0.6666666666666666,42541328.9625,31064499.0
"(np.float64(1.0), 230, 270, 45, 5)",houghCircle,0.22291666666666668,40076381.985416666,30928137.5
"(np.float64(1.0), 230, 270, 45, 10)",houghCircle,0.23541666666666666,42221976.03541667,30601350.0
"(np.float64(1.0), 230, 270, 45, 15)",houghCircle,0.2375,38810153,30714427.0
"(np.float64(1.0), 230, 280, 30, 5)",houghCircle,0.69375,40753831.577083334,32146613.5
"(np.float64(1.0), 230, 280, 30, 10)",houghCircle,0.7104166666666667,38690866.98125,30627585.5
"(np.float64(1.0), 230, 280, 30, 15)",houghCircle,0.7875,40739492.64791667,30683453.0
"(np.float64(1.0), 230, 280, 35, 5)",houghCircle,0.6958333333333333,41623428.41041667,31717018.0
"(np.float64(1.0), 230, 280, 35, 10)",houghCircle,0.7291666666666666,42094359.96041667,31664503.5
"(np.float64(1.0), 230, 280, 35, 15)",houghCircle,0.775,40852856.36666667,30136812.5
"(np.float64(1.0), 230, 280, 40, 5)",houghCircle,0.6083333333333333,56767542.2,41753381.0
"(np.float64(1.0), 230, 280, 40, 10)",houghCircle,0.6375,40247250.91458333,31347404.5
"(np.float64(1.0), 230, 280, 40, 15)",houghCircle,0.6666666666666666,39640807.020833336,30763379.5
"(np.float64(1.0), 230, 280, 45, 5)",houghCircle,0.22291666666666668,41010426.12708333,31349548.5
"(np.float64(1.0), 230, 280, 45, 10)",houghCircle,0.23541666666666666,39173286.95625,30928347.5
"(np.float64(1.0), 230, 280, 45, 15)",houghCircle,0.2375,38096421.829166666,30793885.5
"(np.float64(1.0), 230, 290, 30, 5)",houghCircle,0.6958333333333333,41655313.322916664,31696318.5
"(np.float64(1.0), 230, 290, 30, 10)",houghCircle,0.71875,40563924.28333333,30754171.0
"(np.float64(1.0), 230, 290, 30, 15)",houghCircle,0.7895833333333333,38427128.2125,30064432.0
"(np.float64(1.0), 230, 290, 35, 5)",houghCircle,0.7041666666666667,39961496.52708333,31192408.5
"(np.float64(1.0), 230, 290, 35, 10)",houghCircle,0.73125,39010592.30625,31377200.5
"(np.float64(1.0), 230, 290, 35, 15)",houghCircle,0.7791666666666667,39815582.514583334,30154687.0
"(np.float64(1.0), 230, 290, 40, 5)",houghCircle,0.6083333333333333,42376865.38125,31284390.0
"(np.float64(1.0), 230, 290, 40, 10)",houghCircle,0.6375,44104322.514583334,31318339.5
"(np.float64(1.0), 230, 290, 40, 15)",houghCircle,0.6666666666666666,39312304.99375,29697183.0
"(np.float64(1.0), 230, 290, 45, 5)",houghCircle,0.225,51400895.00625,39834960.5
"(np.float64(1.0), 230, 290, 45, 10)",houghCircle,0.23541666666666666,37103539.24583333,30783426.5
"(np.float64(1.0), 230, 290, 45, 15)",houghCircle,0.2375,40926405.21875,29899957.5
"(np.float64(1.0), 240, 100, 30, 5)",houghCircle,0.5708333333333333,49604463.475,38156959.5
"(np.float64(1.0), 240, 100, 30, 10)",houghCircle,0.6770833333333334,45194447.8625,35812245.5
"(np.float64(1.0), 240, 100, 30, 15)",houghCircle,0.80625,47507526.77916667,37302591.5
"(np.float64(1.0), 240, 100, 35, 5)",houghCircle,0.7020833333333333,48881315.952083334,38690304.5
"(np.float64(1.0), 240, 100, 35, 10)",houghCircle,0.7333333333333333,48303131.02291667,36995491.0
"(np.float64(1.0), 240, 100, 35, 15)",houghCircle,0.8083333333333333,44027688.025,36654766.0
"(np.float64(1.0), 240, 100, 40, 5)",houghCircle,0.6458333333333334,46950274.21875,38608205.5
"(np.float64(1.0), 240, 100, 40, 10)",houghCircle,0.6875,46261298.13125,36151381.5
"(np.float64(1.0), 240, 100, 40, 15)",houghCircle,0.7229166666666667,46437411.75208333,36558555.0
"(np.float64(1.0), 240, 100, 45, 5)",houghCircle,0.37083333333333335,53983197.95625,44095621.0
"(np.float64(1.0), 240, 100, 45, 10)",houghCircle,0.3854166666666667,46943691.020833336,37268717.5
"(np.float64(1.0), 240, 100, 45, 15)",houghCircle,0.3958333333333333,43088708.39791667,35387719.0
"(np.float64(1.0), 240, 110, 30, 5)",houghCircle,0.6,45874731.37916667,36673746.5
"(np.float64(1.0), 240, 110, 30, 10)",houghCircle,0.6875,43484651.02708333,35620040.0
"(np.float64(1.0), 240, 110, 30, 15)",houghCircle,0.80625,44970899.66041667,35675423.5
"(np.float64(1.0), 240, 110, 35, 5)",houghCircle,0.7,43724357.1625,35974724.5
"(np.float64(1.0), 240, 110, 35, 10)",houghCircle,0.7333333333333333,43683519.78958333,35077652.5
"(np.float64(1.0), 240, 110, 35, 15)",houghCircle,0.8083333333333333,44207537.69166667,35255811.5
"(np.float64(1.0), 240, 110, 40, 5)",houghCircle,0.61875,45350930.84166667,35850011.0
"(np.float64(1.0), 240, 110, 40, 10)",houghCircle,0.6479166666666667,55504322.020833336,45130392.5
"(np.float64(1.0), 240, 110, 40, 15)",houghCircle,0.6854166666666667,47350098.27291667,37372282.5
"(np.float64(1.0), 240, 110, 45, 5)",houghCircle,0.30833333333333335,45103656.3375,36128809.5
"(np.float64(1.0), 240, 110, 45, 10)",houghCircle,0.3229166666666667,42685990.56875,34628535.0
"(np.float64(1.0), 240, 110, 45, 15)",houghCircle,0.33541666666666664,45775565.010416664,35289804.5
"(np.float64(1.0), 240, 120, 30, 5)",houghCircle,0.63125,44936181.50833333,35396961.0
"(np.float64(1.0), 240, 120, 30, 10)",houghCircle,0.70625,42117445.204166666,33753489.0
"(np.float64(1.0), 240, 120, 30, 15)",houghCircle,0.8104166666666667,44118520.822916664,34270552.5
"(np.float64(1.0), 240, 120, 35, 5)",houghCircle,0.7020833333333333,48069179.604166664,36385757.0
"(np.float64(1.0), 240, 120, 35, 10)",houghCircle,0.7333333333333333,45146641.87083333,34256486.5
"(np.float64(1.0), 240, 120, 35, 15)",houghCircle,0.8,54065248.795833334,44016472.0
"(np.float64(1.0), 240, 120, 40, 5)",houghCircle,0.6208333333333333,42241242.075,34412649.0
"(np.float64(1.0), 240, 120, 40, 10)",houghCircle,0.64375,43772497.33541667,34360782.0
"(np.float64(1.0), 240, 120, 40, 15)",houghCircle,0.6833333333333333,42589635.59583333,33820769.5
"(np.float64(1.0), 240, 120, 45, 5)",houghCircle,0.28125,45715229.7375,36353000.0
"(np.float64(1.0), 240, 120, 45, 10)",houghCircle,0.2916666666666667,46497462.18125,36200238.5
"(np.float64(1.0), 240, 120, 45, 15)",houghCircle,0.30416666666666664,44418619.916666664,34959635.5
"(np.float64(1.0), 240, 130, 30, 5)",houghCircle,0.6416666666666667,44849943.125,34794797.0
"(np.float64(1.0), 240, 130, 30, 10)",houghCircle,0.7125,44688983.99166667,34836505.0
"(np.float64(1.0), 240, 130, 30, 15)",houghCircle,0.8166666666666667,42225158.50416667,33187454.5
"(np.float64(1.0), 240, 130, 35, 5)",houghCircle,0.6958333333333333,45262189.05625,35013246.5
"(np.float64(1.0), 240, 130, 35, 10)",houghCircle,0.7270833333333333,42324191.71666667,33988614.5
"(np.float64(1.0), 240, 130, 35, 15)",houghCircle,0.7979166666666667,44944651.84166667,34170926.0
"(np.float64(1.0), 240, 130, 40, 5)",houghCircle,0.6145833333333334,53100479.65416667,42846607.5
"(np.float64(1.0), 240, 130, 40, 10)",houghCircle,0.6375,41535415.96875,34160456.5
"(np.float64(1.0), 240, 130, 40, 15)",houghCircle,0.6770833333333334,43254099.57083333,34109886.0
"(np.float64(1.0), 240, 130, 45, 5)",houghCircle,0.24166666666666667,43838549.489583336,35642192.0
"(np.float64(1.0), 240, 130, 45, 10)",houghCircle,0.25416666666666665,41467951.96458333,34239434.5
"(np.float64(1.0), 240, 130, 45, 15)",houghCircle,0.2625,44763758.05625,35403198.0
"(np.float64(1.0), 240, 140, 30, 5)",houghCircle,0.65,45876140.36666667,34902574.0
"(np.float64(1.0), 240, 140, 30, 10)",houghCircle,0.71875,45085216.2375,34685296.5
"(np.float64(1.0), 240, 140, 30, 15)",houghCircle,0.8104166666666667,42946485.55416667,33510132.0
"(np.float64(1.0), 240, 140, 35, 5)",houghCircle,0.69375,40211900.614583336,31889367.5
"(np.float64(1.0), 240, 140, 35, 10)",houghCircle,0.725,45690658.43125,34594671.0
"(np.float64(1.0), 240, 140, 35, 15)",houghCircle,0.79375,43564884.84166667,33344025.0
"(np.float64(1.0), 240, 140, 40, 5)",houghCircle,0.6208333333333333,42083744.27916667,34315634.0
"(np.float64(1.0), 240, 140, 40, 10)",houghCircle,0.6416666666666667,44010505.91875,34214673.5
"(np.float64(1.0), 240, 140, 40, 15)",houghCircle,0.6791666666666667,56102788.322916664,44094203.0
"(np.float64(1.0), 240, 140, 45, 5)",houghCircle,0.23333333333333334,45106759.63333333,35388420.0
"(np.float64(1.0), 240, 140, 45, 10)",houghCircle,0.24791666666666667,44355399.87291667,35196189.0
"(np.float64(1.0), 240, 140, 45, 15)",houghCircle,0.2520833333333333,40220905.577083334,32236351.0
"(np.float64(1.0), 240, 150, 30, 5)",houghCircle,0.6666666666666666,44954797.43125,34845647.0
"(np.float64(1.0), 240, 150, 30, 10)",houghCircle,0.7229166666666667,45329149.40208333,34170058.5
"(np.float64(1.0), 240, 150, 30, 15)",houghCircle,0.8104166666666667,43578765.26875,33270377.0
"(np.float64(1.0), 240, 150, 35, 5)",houghCircle,0.69375,43060790.56875,33885164.0
"(np.float64(1.0), 240, 150, 35, 10)",houghCircle,0.725,44197138.40416667,33583765.0
"(np.float64(1.0), 240, 150, 35, 15)",houghCircle,0.79375,40445155.22083333,31700465.5
"(np.float64(1.0), 240, 150, 40, 5)",houghCircle,0.6166666666666667,41058764.08541667,33676172.5
"(np.float64(1.0), 240, 150, 40, 10)",houghCircle,0.6375,57346770.575,43892404.0
"(np.float64(1.0), 240, 150, 40, 15)",houghCircle,0.675,42605330.3625,33096475.5
"(np.float64(1.0), 240, 150, 45, 5)",houghCircle,0.22708333333333333,42197259.952083334,33429745.5
"(np.float64(1.0), 240, 150, 45, 10)",houghCircle,0.23958333333333334,43286758.07083333,33465919.0
"(np.float64(1.0), 240, 150, 45, 15)",houghCircle,0.24375,43131002.19166667,33219366.5
"(np.float64(1.0), 240, 160, 30, 5)",houghCircle,0.6666666666666666,42949080.06041667,33506755.0
"(np.float64(1.0), 240, 160, 30, 10)",houghCircle,0.7229166666666667,44270769.77916667,33955813.0
"(np.float64(1.0), 240, 160, 30, 15)",houghCircle,0.8125,40932907.68541667,31195759.0
"(np.float64(1.0), 240, 160, 35, 5)",houghCircle,0.6958333333333333,45321308.43125,34044609.5
"(np.float64(1.0), 240, 160, 35, 10)",houghCircle,0.73125,42420025.14375,32548822.5
"(np.float64(1.0), 240, 160, 35, 15)",houghCircle,0.7958333333333333,41307083.68958333,32227761.0
"(np.float64(1.0), 240, 160, 40, 5)",houghCircle,0.61875,43672533.66875,34426180.5
"(np.float64(1.0), 240, 160, 40, 10)",houghCircle,0.6395833333333333,54675016.297916666,42345880.0
"(np.float64(1.0), 240, 160, 40, 15)",houghCircle,0.6770833333333334,42632270.92916667,31845768.5
"(np.float64(1.0), 240, 160, 45, 5)",houghCircle,0.22083333333333333,43540609.22291667,32727738.5
"(np.float64(1.0), 240, 160, 45, 10)",houghCircle,0.23541666666666666,41614718.75208333,33603857.5
"(np.float64(1.0), 240, 160, 45, 15)",houghCircle,0.2375,43177970.43333333,32836807.5
"(np.float64(1.0), 240, 170, 30, 5)",houghCircle,0.6791666666666667,43348342.025,33531958.0
"(np.float64(1.0), 240, 170, 30, 10)",houghCircle,0.7291666666666666,43908101.91041667,33990363.0
"(np.float64(1.0), 240, 170, 30, 15)",houghCircle,0.8104166666666667,39573102.50625,31129265.0
"(np.float64(1.0), 240, 170, 35, 5)",houghCircle,0.7,40799930.13125,32727063.5
"(np.float64(1.0), 240, 170, 35, 10)",houghCircle,0.7270833333333333,42947308.50625,33393863.5
"(np.float64(1.0), 240, 170, 35, 15)",houghCircle,0.7916666666666666,40630770.96875,32285348.5
"(np.float64(1.0), 240, 170, 40, 5)",houghCircle,0.6166666666666667,46807155.775,34483766.5
"(np.float64(1.0), 240, 170, 40, 10)",houghCircle,0.6375,43760846.81041667,33963777.5
"(np.float64(1.0), 240, 170, 40, 15)",houghCircle,0.6729166666666667,53698009.141666666,42630633.0
"(np.float64(1.0), 240, 170, 45, 5)",houghCircle,0.22291666666666668,44647730.18125,34497618.0
"(np.float64(1.0), 240, 170, 45, 10)",houghCircle,0.23541666666666666,40814621.06666667,32602357.5
"(np.float64(1.0), 240, 170, 45, 15)",houghCircle,0.2375,41523626.079166666,32733365.5
"(np.float64(1.0), 240, 180, 30, 5)",houghCircle,0.6770833333333334,41459820.74166667,32422958.0
"(np.float64(1.0), 240, 180, 30, 10)",houghCircle,0.7270833333333333,43808987.93333333,32488267.5
"(np.float64(1.0), 240, 180, 30, 15)",houghCircle,0.80625,44266334.90416667,32421480.0
"(np.float64(1.0), 240, 180, 35, 5)",houghCircle,0.7041666666666667,38616644.225,31968515.0
"(np.float64(1.0), 240, 180, 35, 10)",houghCircle,0.7229166666666667,42016820.39375,32107905.0
"(np.float64(1.0), 240, 180, 35, 15)",houghCircle,0.7895833333333333,42646818.425,31822075.0
"(np.float64(1.0), 240, 180, 40, 5)",houghCircle,0.6166666666666667,43258546.59583333,33077960.5
"(np.float64(1.0), 240, 180, 40, 10)",houghCircle,0.6395833333333333,42630831.22291667,32907787.5
"(np.float64(1.0), 240, 180, 40, 15)",houghCircle,0.6729166666666667,43979468.875,32961292.5
"(np.float64(1.0), 240, 180, 45, 5)",houghCircle,0.22291666666666668,42377272.645833336,32765896.0
"(np.float64(1.0), 240, 180, 45, 10)",houghCircle,0.23541666666666666,55440473.358333334,43516720.0
"(np.float64(1.0), 240, 180, 45, 15)",houghCircle,0.2375,40061718.04375,31171874.5
"(np.float64(1.0), 240, 190, 30, 5)",houghCircle,0.6791666666666667,42558557.63333333,32763711.5
"(np.float64(1.0), 240, 190, 30, 10)",houghCircle,0.71875,40098907.6125,30622242.0
"(np.float64(1.0), 240, 190, 30, 15)",houghCircle,0.7979166666666667,41440035.49791667,31373703.0
"(np.float64(1.0), 240, 190, 35, 5)",houghCircle,0.69375,41291860.45,32336946.0
"(np.float64(1.0), 240, 190, 35, 10)",houghCircle,0.7145833333333333,44789341.854166664,32998025.5
"(np.float64(1.0), 240, 190, 35, 15)",houghCircle,0.7791666666666667,42435930.86875,32080124.0
"(np.float64(1.0), 240, 190, 40, 5)",houghCircle,0.6104166666666667,43080482.11875,32641088.0
"(np.float64(1.0), 240, 190, 40, 10)",houghCircle,0.6333333333333333,41506832.3375,31889327.0
"(np.float64(1.0), 240, 190, 40, 15)",houghCircle,0.6666666666666666,41148115.725,31619355.5
"(np.float64(1.0), 240, 190, 45, 5)",houghCircle,0.22291666666666668,53337127.733333334,42039964.0
"(np.float64(1.0), 240, 190, 45, 10)",houghCircle,0.23541666666666666,43507698.7875,33021204.5
"(np.float64(1.0), 240, 190, 45, 15)",houghCircle,0.2375,41988434.885416664,32612892.5
"(np.float64(1.0), 240, 200, 30, 5)",houghCircle,0.6770833333333334,42611260.427083336,33188503.0
"(np.float64(1.0), 240, 200, 30, 10)",houghCircle,0.7104166666666667,40301026.10208333,31682237.5
"(np.float64(1.0), 240, 200, 30, 15)",houghCircle,0.7916666666666666,44700827.42916667,32380631.5
"(np.float64(1.0), 240, 200, 35, 5)",houghCircle,0.6916666666666667,41063508.739583336,31929847.0
"(np.float64(1.0), 240, 200, 35, 10)",houghCircle,0.71875,41482659.61875,32307730.5
"(np.float64(1.0), 240, 200, 35, 15)",houghCircle,0.7791666666666667,43318045.40833333,31945681.5
"(np.float64(1.0), 240, 200, 40, 5)",houghCircle,0.6083333333333333,42615407.833333336,32433626.0
"(np.float64(1.0), 240, 200, 40, 10)",houghCircle,0.6333333333333333,42759603.71666667,31924997.0
"(np.float64(1.0), 240, 200, 40, 15)",houghCircle,0.6666666666666666,41975224.614583336,32011285.0
"(np.float64(1.0), 240, 200, 45, 5)",houghCircle,0.22291666666666668,51719463.85,42084573.5
"(np.float64(1.0), 240, 200, 45, 10)",houghCircle,0.23541666666666666,39439671.25208333,30683854.0
"(np.float64(1.0), 240, 200, 45, 15)",houghCircle,0.2375,41868022.733333334,31626823.5
"(np.float64(1.0), 240, 210, 30, 5)",houghCircle,0.6729166666666667,45648694.40625,34238748.0
"(np.float64(1.0), 240, 210, 30, 10)",houghCircle,0.7083333333333334,43901725.47083333,32395530.5
"(np.float64(1.0), 240, 210, 30, 15)",houghCircle,0.7854166666666667,42511691.697916664,32481808.0
"(np.float64(1.0), 240, 210, 35, 5)",houghCircle,0.6916666666666667,45724023.24166667,33700829.5
"(np.float64(1.0), 240, 210, 35, 10)",houghCircle,0.7208333333333333,43909870.49166667,32792666.0
"(np.float64(1.0), 240, 210, 35, 15)",houghCircle,0.7791666666666667,43186844.33541667,32892828.5
"(np.float64(1.0), 240, 210, 40, 5)",houghCircle,0.6083333333333333,44001095.764583334,33761198.0
"(np.float64(1.0), 240, 210, 40, 10)",houghCircle,0.6333333333333333,42525071.68958333,31671543.0
"(np.float64(1.0), 240, 210, 40, 15)",houghCircle,0.6666666666666666,45591021.39791667,37902763.0
"(np.float64(1.0), 240, 210, 45, 5)",houghCircle,0.22291666666666668,43771005.7375,32775509.5
"(np.float64(1.0), 240, 210, 45, 10)",houghCircle,0.23541666666666666,41582630.02916667,31749338.0
"(np.float64(1.0), 240, 210, 45, 15)",houghCircle,0.2375,42424917.139583334,32100241.5
"(np.float64(1.0), 240, 220, 30, 5)",houghCircle,0.675,41562217.15625,31675605.0
"(np.float64(1.0), 240, 220, 30, 10)",houghCircle,0.7041666666666667,44383543.22083333,32622731.5
"(np.float64(1.0), 240, 220, 30, 15)",houghCircle,0.7854166666666667,41223803.916666664,31558225.0
"(np.float64(1.0), 240, 220, 35, 5)",houghCircle,0.6854166666666667,40232386.47083333,31207892.0
"(np.float64(1.0), 240, 220, 35, 10)",houghCircle,0.71875,42531235.43541667,30903310.5
"(np.float64(1.0), 240, 220, 35, 15)",houghCircle,0.775,42126062.9,31608239.0
"(np.float64(1.0), 240, 220, 40, 5)",houghCircle,0.6104166666666667,50493389.77291667,41677183.0
"(np.float64(1.0), 240, 220, 40, 10)",houghCircle,0.6333333333333333,43135537.97083333,32892031.5
"(np.float64(1.0), 240, 220, 40, 15)",houghCircle,0.6666666666666666,43298599.16041667,31319431.5
"(np.float64(1.0), 240, 220, 45, 5)",houghCircle,0.22291666666666668,40517547.516666666,31253252.0
"(np.float64(1.0), 240, 220, 45, 10)",houghCircle,0.23541666666666666,41987769.385416664,31316572.0
"(np.float64(1.0), 240, 220, 45, 15)",houghCircle,0.2375,42417220.266666666,31279637.0
"(np.float64(1.0), 240, 230, 30, 5)",houghCircle,0.675,42513478.077083334,33223954.5
"(np.float64(1.0), 240, 230, 30, 10)",houghCircle,0.7,42837115.395833336,32268737.0
"(np.float64(1.0), 240, 230, 30, 15)",houghCircle,0.78125,42103513.88333333,32112805.0
"(np.float64(1.0), 240, 230, 35, 5)",houghCircle,0.6875,39976068.08125,32085654.5
"(np.float64(1.0), 240, 230, 35, 10)",houghCircle,0.7208333333333333,40526363.166666664,32035991.0
"(np.float64(1.0), 240, 230, 35, 15)",houghCircle,0.775,40325151.416666664,30383366.0
"(np.float64(1.0), 240, 230, 40, 5)",houghCircle,0.6125,54934229.177083336,42570329.5
"(np.float64(1.0), 240, 230, 40, 10)",houghCircle,0.6333333333333333,42514170.03333333,32345040.5
"(np.float64(1.0), 240, 230, 40, 15)",houghCircle,0.6666666666666666,42913745.81041667,31041195.5
"(np.float64(1.0), 240, 230, 45, 5)",houghCircle,0.22291666666666668,41428602.8125,32492787.5
"(np.float64(1.0), 240, 230, 45, 10)",houghCircle,0.23541666666666666,40261575.270833336,31369590.0
"(np.float64(1.0), 240, 230, 45, 15)",houghCircle,0.2375,40852971.77708333,31037332.5
"(np.float64(1.0), 240, 240, 30, 5)",houghCircle,0.675,42692098.735416666,32027289.5
"(np.float64(1.0), 240, 240, 30, 10)",houghCircle,0.7,44481693.860416666,31734726.0
"(np.float64(1.0), 240, 240, 30, 15)",houghCircle,0.7833333333333333,40876880.06875,30460410.0
"(np.float64(1.0), 240, 240, 35, 5)",houghCircle,0.69375,42198103.302083336,32525734.5
"(np.float64(1.0), 240, 240, 35, 10)",houghCircle,0.725,41170753.46458333,31183737.5
"(np.float64(1.0), 240, 240, 35, 15)",houghCircle,0.775,42269604.354166664,31359276.5
"(np.float64(1.0), 240, 240, 40, 5)",houghCircle,0.6145833333333334,42883992.90208333,33296501.0
"(np.float64(1.0), 240, 240, 40, 10)",houghCircle,0.6395833333333333,42319049.66041667,31735056.5
"(np.float64(1.0), 240, 240, 40, 15)",houghCircle,0.66875,53478153.49375,41351592.5
"(np.float64(1.0), 240, 240, 45, 5)",houghCircle,0.22291666666666668,42284818.545833334,32684848.5
"(np.float64(1.0), 240, 240, 45, 10)",houghCircle,0.23541666666666666,42213098.864583336,32314974.0
"(np.float64(1.0), 240, 240, 45, 15)",houghCircle,0.2375,44039954.864583336,31887332.5
"(np.float64(1.0), 240, 250, 30, 5)",houghCircle,0.6770833333333334,39983264.15416667,32116292.0
"(np.float64(1.0), 240, 250, 30, 10)",houghCircle,0.70625,40792521.204166666,31676026.0
"(np.float64(1.0), 240, 250, 30, 15)",houghCircle,0.7833333333333333,40036006.333333336,30737896.0
"(np.float64(1.0), 240, 250, 35, 5)",houghCircle,0.6958333333333333,41157041.76875,31794323.0
"(np.float64(1.0), 240, 250, 35, 10)",houghCircle,0.725,41793529.21666667,31195664.5
"(np.float64(1.0), 240, 250, 35, 15)",houghCircle,0.775,42290627.6125,31398144.0
"(np.float64(1.0), 240, 250, 40, 5)",houghCircle,0.6166666666666667,55120630.610416666,42537978.5
"(np.float64(1.0), 240, 250, 40, 10)",houghCircle,0.6395833333333333,41624462.91875,32649101.5
"(np.float64(1.0), 240, 250, 40, 15)",houghCircle,0.66875,39626903.4375,30916661.5
"(np.float64(1.0), 240, 250, 45, 5)",houghCircle,0.22291666666666668,40345694.2375,32042087.0
"(np.float64(1.0), 240, 250, 45, 10)",houghCircle,0.23541666666666666,42329559.41458333,31893438.5
"(np.float64(1.0), 240, 250, 45, 15)",houghCircle,0.2375,44232288.91458333,31507569.0
"(np.float64(1.0), 240, 260, 30, 5)",houghCircle,0.6854166666666667,43614671.35625,31451795.0
"(np.float64(1.0), 240, 260, 30, 10)",houghCircle,0.7083333333333334,42408272.37916667,31680033.5
"(np.float64(1.0), 240, 260, 30, 15)",houghCircle,0.7895833333333333,39611943.295833334,30648829.0
"(np.float64(1.0), 240, 260, 35, 5)",houghCircle,0.6958333333333333,39887876.985416666,31240654.0
"(np.float64(1.0), 240, 260, 35, 10)",houghCircle,0.725,40986184.62916667,30882933.5
"(np.float64(1.0), 240, 260, 35, 15)",houghCircle,0.775,40681507.020833336,30329338.5
"(np.float64(1.0), 240, 260, 40, 5)",houghCircle,0.6166666666666667,41654263.489583336,31440860.0
"(np.float64(1.0), 240, 260, 40, 10)",houghCircle,0.6375,42904033.75,31318350.0
"(np.float64(1.0), 240, 260, 40, 15)",houghCircle,0.6666666666666666,53785137.010416664,39909437.0
"(np.float64(1.0), 240, 260, 45, 5)",houghCircle,0.22291666666666668,43491297.81875,32055507.0
"(np.float64(1.0), 240, 260, 45, 10)",houghCircle,0.23541666666666666,40678519.708333336,31694761.0
"(np.float64(1.0), 240, 260, 45, 15)",houghCircle,0.2375,40282987.2625,30519596.0
"(np.float64(1.0), 240, 270, 30, 5)",houghCircle,0.6916666666666667,42860326.45,31872544.0
"(np.float64(1.0), 240, 270, 30, 10)",houghCircle,0.7104166666666667,42324913.94166667,32168138.0
"(np.float64(1.0), 240, 270, 30, 15)",houghCircle,0.7895833333333333,40624137.94166667,30791385.0
"(np.float64(1.0), 240, 270, 35, 5)",houghCircle,0.6958333333333333,40980866.31458333,31529380.5
"(np.float64(1.0), 240, 270, 35, 10)",houghCircle,0.7291666666666666,42793872.52291667,31149462.5
"(np.float64(1.0), 240, 270, 35, 15)",houghCircle,0.7770833333333333,36928589.00625,30317502.5
"(np.float64(1.0), 240, 270, 40, 5)",houghCircle,0.6145833333333334,41692063.90416667,31950481.5
"(np.float64(1.0), 240, 270, 40, 10)",houghCircle,0.6375,40743881.447916664,31545737.0
"(np.float64(1.0), 240, 270, 40, 15)",houghCircle,0.6666666666666666,43312878.047916666,31806775.5
"(np.float64(1.0), 240, 270, 45, 5)",houghCircle,0.22291666666666668,50025719.87916667,40977140.0
"(np.float64(1.0), 240, 270, 45, 10)",houghCircle,0.23541666666666666,39386479.791666664,30834491.5
"(np.float64(1.0), 240, 270, 45, 15)",houghCircle,0.2375,42924326.952083334,31503767.5
"(np.float64(1.0), 240, 280, 30, 5)",houghCircle,0.6958333333333333,45393411.33541667,32358836.5
"(np.float64(1.0), 240, 280, 30, 10)",houghCircle,0.7125,39457524.104166664,31717443.5
"(np.float64(1.0), 240, 280, 30, 15)",houghCircle,0.7916666666666666,38964814.760416664,29636174.5
"(np.float64(1.0), 240, 280, 35, 5)",houghCircle,0.6979166666666666,41871682.37708333,32461148.5
"(np.float64(1.0), 240, 280, 35, 10)",houghCircle,0.7333333333333333,41687491.916666664,31694611.0
"(np.float64(1.0), 240, 280, 35, 15)",houghCircle,0.7770833333333333,39468776.15625,29684740.5
"(np.float64(1.0), 240, 280, 40, 5)",houghCircle,0.6145833333333334,43034560.72083333,32700363.0
"(np.float64(1.0), 240, 280, 40, 10)",houghCircle,0.6395833333333333,43261215.641666666,31807923.0
"(np.float64(1.0), 240, 280, 40, 15)",houghCircle,0.66875,40210277.733333334,30651363.5
"(np.float64(1.0), 240, 280, 45, 5)",houghCircle,0.22291666666666668,51567751.608333334,40069156.0
"(np.float64(1.0), 240, 280, 45, 10)",houghCircle,0.23541666666666666,41344643.11875,30779734.5
"(np.float64(1.0), 240, 280, 45, 15)",houghCircle,0.2375,44956256.46875,31736774.0
"(np.float64(1.0), 240, 290, 30, 5)",houghCircle,0.6979166666666666,41616040.50625,32472574.5
"(np.float64(1.0), 240, 290, 30, 10)",houghCircle,0.71875,39180931.735416666,31193565.5
"(np.float64(1.0), 240, 290, 30, 15)",houghCircle,0.79375,39902294.9,30652495.5
"(np.float64(1.0), 240, 290, 35, 5)",houghCircle,0.70625,39840860.4625,30972871.0
"(np.float64(1.0), 240, 290, 35, 10)",houghCircle,0.7333333333333333,39891696.729166664,31655226.0
"(np.float64(1.0), 240, 290, 35, 15)",houghCircle,0.78125,44060603.57083333,31724872.5
"(np.float64(1.0), 240, 290, 40, 5)",houghCircle,0.6145833333333334,40658190.545833334,31155950.0
"(np.float64(1.0), 240, 290, 40, 10)",houghCircle,0.6395833333333333,50309450.829166666,40448222.5
"(np.float64(1.0), 240, 290, 40, 15)",houghCircle,0.66875,42049785.89791667,30633329.0
"(np.float64(1.0), 240, 290, 45, 5)",houghCircle,0.225,39986075.014583334,31703191.5
"(np.float64(1.0), 240, 290, 45, 10)",houghCircle,0.23541666666666666,42211020.15208333,31067082.5
"(np.float64(1.0), 240, 290, 45, 15)",houghCircle,0.2375,40549314.922916666,30756205.5
"(np.float64(1.0), 250, 100, 30, 5)",houghCircle,0.5791666666666667,47717133.514583334,37708348.0
"(np.float64(1.0), 250, 100, 30, 10)",houghCircle,0.6875,47563215.975,37008560.0
"(np.float64(1.0), 250, 100, 30, 15)",houghCircle,0.8083333333333333,47407649.99375,36986893.5
"(np.float64(1.0), 250, 100, 35, 5)",houghCircle,0.70625,46012234.829166666,37358706.5
"(np.float64(1.0), 250, 100, 35, 10)",houghCircle,0.7395833333333334,48287711.833333336,37605770.5
"(np.float64(1.0), 250, 100, 35, 15)",houghCircle,0.8083333333333333,47778515.40833333,36885313.5
"(np.float64(1.0), 250, 100, 40, 5)",houghCircle,0.6479166666666667,47279349.08958333,36436241.0
"(np.float64(1.0), 250, 100, 40, 10)",houghCircle,0.6895833333333333,55202968.60208333,46759067.5
"(np.float64(1.0), 250, 100, 40, 15)",houghCircle,0.7229166666666667,43675032.672916666,35448318.5
"(np.float64(1.0), 250, 100, 45, 5)",houghCircle,0.37083333333333335,46284382.59791667,38143404.0
"(np.float64(1.0), 250, 100, 45, 10)",houghCircle,0.3854166666666667,44866812.425,35916225.5
"(np.float64(1.0), 250, 100, 45, 15)",houghCircle,0.3958333333333333,45177089.15,35804726.0
"(np.float64(1.0), 250, 110, 30, 5)",houghCircle,0.6083333333333333,45848158.35,36298970.5
"(np.float64(1.0), 250, 110, 30, 10)",houghCircle,0.6979166666666666,46309413.36666667,35680618.5
"(np.float64(1.0), 250, 110, 30, 15)",houghCircle,0.80625,43272897.21875,34999735.5
"(np.float64(1.0), 250, 110, 35, 5)",houghCircle,0.7041666666666667,45773563.916666664,36856690.0
"(np.float64(1.0), 250, 110, 35, 10)",houghCircle,0.7395833333333334,44649434.53125,36010617.5
"(np.float64(1.0), 250, 110, 35, 15)",houghCircle,0.8083333333333333,43883942.06041667,35569069.0
"(np.float64(1.0), 250, 110, 40, 5)",houghCircle,0.6208333333333333,46130112.30625,37482036.5
"(np.float64(1.0), 250, 110, 40, 10)",houghCircle,0.65,58358510.35,47451160.5
"(np.float64(1.0), 250, 110, 40, 15)",houghCircle,0.6854166666666667,46801354.270833336,35801911.0
"(np.float64(1.0), 250, 110, 45, 5)",houghCircle,0.30833333333333335,43337873.53125,35402887.0
"(np.float64(1.0), 250, 110, 45, 10)",houghCircle,0.3229166666666667,47423250.12291667,36827997.5
"(np.float64(1.0), 250, 110, 45, 15)",houghCircle,0.33541666666666664,45238336.1375,34578581.0
"(np.float64(1.0), 250, 120, 30, 5)",houghCircle,0.6354166666666666,45278228.36666667,35944594.5
"(np.float64(1.0), 250, 120, 30, 10)",houghCircle,0.7125,45753958.19583333,36206895.5
"(np.float64(1.0), 250, 120, 30, 15)",houghCircle,0.8104166666666667,44292502.44166667,34738091.0
"(np.float64(1.0), 250, 120, 35, 5)",houghCircle,0.7083333333333334,45396010.34791667,36357233.0
"(np.float64(1.0), 250, 120, 35, 10)",houghCircle,0.7395833333333334,43261026.895833336,34655936.5
"(np.float64(1.0), 250, 120, 35, 15)",houghCircle,0.8,42824271.03125,34516757.0
"(np.float64(1.0), 250, 120, 40, 5)",houghCircle,0.6229166666666667,44323227.00208333,35595379.5
"(np.float64(1.0), 250, 120, 40, 10)",houghCircle,0.6458333333333334,57775509.33958333,45919528.0
"(np.float64(1.0), 250, 120, 40, 15)",houghCircle,0.6833333333333333,45308447.04375,34467858.5
"(np.float64(1.0), 250, 120, 45, 5)",houghCircle,0.28125,43642621.65625,35914351.5
"(np.float64(1.0), 250, 120, 45, 10)",houghCircle,0.2916666666666667,49624530.83958333,38427952.5
"(np.float64(1.0), 250, 120, 45, 15)",houghCircle,0.30416666666666664,44568553.63333333,34105063.0
"(np.float64(1.0), 250, 130, 30, 5)",houghCircle,0.6458333333333334,45550797.37083333,36138678.0
"(np.float64(1.0), 250, 130, 30, 10)",houghCircle,0.71875,45412485.697916664,35331673.5
"(np.float64(1.0), 250, 130, 30, 15)",houghCircle,0.8166666666666667,41710262.6875,34098204.5
"(np.float64(1.0), 250, 130, 35, 5)",houghCircle,0.7020833333333333,44204228.5875,34782635.0
"(np.float64(1.0), 250, 130, 35, 10)",houghCircle,0.7333333333333333,42979389.302083336,34355607.5
"(np.float64(1.0), 250, 130, 35, 15)",houghCircle,0.7979166666666667,43098565.09375,32870201.0
"(np.float64(1.0), 250, 130, 40, 5)",houghCircle,0.6145833333333334,43350216.979166664,34304637.0
"(np.float64(1.0), 250, 130, 40, 10)",houghCircle,0.6395833333333333,47592492.36875,34959416.0
"(np.float64(1.0), 250, 130, 40, 15)",houghCircle,0.6770833333333334,57821617.02708333,45197142.0
"(np.float64(1.0), 250, 130, 45, 5)",houghCircle,0.24166666666666667,45232740.37291667,35353560.0
"(np.float64(1.0), 250, 130, 45, 10)",houghCircle,0.25416666666666665,46800144.15625,35187984.5
"(np.float64(1.0), 250, 130, 45, 15)",houghCircle,0.2625,43253479.958333336,33830973.5
"(np.float64(1.0), 250, 140, 30, 5)",houghCircle,0.6541666666666667,44154568.014583334,33684604.0
"(np.float64(1.0), 250, 140, 30, 10)",houghCircle,0.725,44592730.83541667,34410470.5
"(np.float64(1.0), 250, 140, 30, 15)",houghCircle,0.8104166666666667,41999083.145833336,34554756.0
"(np.float64(1.0), 250, 140, 35, 5)",houghCircle,0.6979166666666666,44368068.00208333,33724483.0
"(np.float64(1.0), 250, 140, 35, 10)",houghCircle,0.7291666666666666,42447134.525,34443758.0
"(np.float64(1.0), 250, 140, 35, 15)",houghCircle,0.79375,42383842.94166667,31816900.0
"(np.float64(1.0), 250, 140, 40, 5)",houghCircle,0.6208333333333333,43753549.02291667,33965597.0
"(np.float64(1.0), 250, 140, 40, 10)",houghCircle,0.6416666666666667,42606150.391666666,33575996.0
"(np.float64(1.0), 250, 140, 40, 15)",houghCircle,0.6791666666666667,43428397.18958333,33425373.0
"(np.float64(1.0), 250, 140, 45, 5)",houghCircle,0.23333333333333334,52834179.66458333,43028643.5
"(np.float64(1.0), 250, 140, 45, 10)",houghCircle,0.24791666666666667,45197025.65833333,33762475.5
"(np.float64(1.0), 250, 140, 45, 15)",houghCircle,0.2520833333333333,43761404.19583333,33173299.5
"(np.float64(1.0), 250, 150, 30, 5)",houghCircle,0.6729166666666667,44260273.22083333,33898866.0
"(np.float64(1.0), 250, 150, 30, 10)",houghCircle,0.7291666666666666,44042155.770833336,33274994.5
"(np.float64(1.0), 250, 150, 30, 15)",houghCircle,0.8104166666666667,41366096.052083336,32833868.0
"(np.float64(1.0), 250, 150, 35, 5)",houghCircle,0.6979166666666666,45322646.458333336,35356450.0
"(np.float64(1.0), 250, 150, 35, 10)",houghCircle,0.7291666666666666,43406309.09166667,33507181.0
"(np.float64(1.0), 250, 150, 35, 15)",houghCircle,0.79375,43627914.68541667,32073470.5
"(np.float64(1.0), 250, 150, 40, 5)",houghCircle,0.6166666666666667,44270717.389583334,33794776.0
"(np.float64(1.0), 250, 150, 40, 10)",houghCircle,0.6375,43371049.73125,33252278.5
"(np.float64(1.0), 250, 150, 40, 15)",houghCircle,0.675,53019421.34166667,41801862.0
"(np.float64(1.0), 250, 150, 45, 5)",houghCircle,0.22708333333333333,43897604.833333336,34274816.0
"(np.float64(1.0), 250, 150, 45, 10)",houghCircle,0.23958333333333334,43330183.09166667,33463924.5
"(np.float64(1.0), 250, 150, 45, 15)",houghCircle,0.24375,40855217.697916664,32383912.5
"(np.float64(1.0), 250, 160, 30, 5)",houghCircle,0.675,44673626.92916667,33909365.5
"(np.float64(1.0), 250, 160, 30, 10)",houghCircle,0.7291666666666666,45621138.016666666,34556164.0
"(np.float64(1.0), 250, 160, 30, 15)",houghCircle,0.8125,41203303.44583333,31802403.0
"(np.float64(1.0), 250, 160, 35, 5)",houghCircle,0.7,45406660.89791667,34337278.0
"(np.float64(1.0), 250, 160, 35, 10)",houghCircle,0.7333333333333333,43973330.63333333,33161854.0
"(np.float64(1.0), 250, 160, 35, 15)",houghCircle,0.7958333333333333,41222123.108333334,31797193.0
"(np.float64(1.0), 250, 160, 40, 5)",houghCircle,0.6208333333333333,45003065.925,34133517.0
"(np.float64(1.0), 250, 160, 40, 10)",houghCircle,0.6395833333333333,42373583.583333336,32700953.5
"(np.float64(1.0), 250, 160, 40, 15)",houghCircle,0.6770833333333334,49451547.12916667,41291768.0
"(np.float64(1.0), 250, 160, 45, 5)",houghCircle,0.22083333333333333,40641515.89375,31576138.5
"(np.float64(1.0), 250, 160, 45, 10)",houghCircle,0.23541666666666666,41492441.864583336,32491289.5
"(np.float64(1.0), 250, 160, 45, 15)",houghCircle,0.2375,42431585.53541667,33132788.5
"(np.float64(1.0), 250, 170, 30, 5)",houghCircle,0.6854166666666667,42037103.55833333,32566486.0
"(np.float64(1.0), 250, 170, 30, 10)",houghCircle,0.73125,44300253.9125,32768936.0
"(np.float64(1.0), 250, 170, 30, 15)",houghCircle,0.8104166666666667,40311626.64791667,31992995.5
"(np.float64(1.0), 250, 170, 35, 5)",houghCircle,0.7020833333333333,41823393.1375,32599913.5
"(np.float64(1.0), 250, 170, 35, 10)",houghCircle,0.7291666666666666,42209655.03958333,31654925.5
"(np.float64(1.0), 250, 170, 35, 15)",houghCircle,0.7916666666666666,44291113.00208333,32886516.5
"(np.float64(1.0), 250, 170, 40, 5)",houghCircle,0.61875,40743624.3625,33021184.5
"(np.float64(1.0), 250, 170, 40, 10)",houghCircle,0.6375,43935987.766666666,33319779.0
"(np.float64(1.0), 250, 170, 40, 15)",houghCircle,0.6729166666666667,54700550.260416664,42920669.5
"(np.float64(1.0), 250, 170, 45, 5)",houghCircle,0.22291666666666668,42563815.52916667,32657622.5
"(np.float64(1.0), 250, 170, 45, 10)",houghCircle,0.23541666666666666,39993810.12083333,32122849.0
"(np.float64(1.0), 250, 170, 45, 15)",houghCircle,0.2375,42374897.5,32546404.0
"(np.float64(1.0), 250, 180, 30, 5)",houghCircle,0.6833333333333333,41789079.68958333,32384886.5
"(np.float64(1.0), 250, 180, 30, 10)",houghCircle,0.73125,44565426.0125,32461174.5
"(np.float64(1.0), 250, 180, 30, 15)",houghCircle,0.80625,38942934.575,30568758.0
"(np.float64(1.0), 250, 180, 35, 5)",houghCircle,0.70625,44731880.62083333,33486988.5
"(np.float64(1.0), 250, 180, 35, 10)",houghCircle,0.7270833333333333,42636287.66875,32393476.5
"(np.float64(1.0), 250, 180, 35, 15)",houghCircle,0.7895833333333333,43510562.03125,32731986.5
"(np.float64(1.0), 250, 180, 40, 5)",houghCircle,0.6208333333333333,56844832.5875,43729007.0
"(np.float64(1.0), 250, 180, 40, 10)",houghCircle,0.6395833333333333,42594762.93333333,31901539.0
"(np.float64(1.0), 250, 180, 40, 15)",houghCircle,0.6729166666666667,40086273.16458333,30801134.5
"(np.float64(1.0), 250, 180, 45, 5)",houghCircle,0.22291666666666668,40889590.49791667,32388086.5
"(np.float64(1.0), 250, 180, 45, 10)",houghCircle,0.23541666666666666,40808364.56458333,32441191.5
"(np.float64(1.0), 250, 180, 45, 15)",houghCircle,0.2375,40800144.87708333,31994228.5
"(np.float64(1.0), 250, 190, 30, 5)",houghCircle,0.6833333333333333,45020791.625,34062212.5
"(np.float64(1.0), 250, 190, 30, 10)",houghCircle,0.7229166666666667,43876171.17916667,32490152.5
"(np.float64(1.0), 250, 190, 30, 15)",houghCircle,0.7979166666666667,41473250.24166667,32309934.0
"(np.float64(1.0), 250, 190, 35, 5)",houghCircle,0.6958333333333333,42861876.19166667,32751894.0
"(np.float64(1.0), 250, 190, 35, 10)",houghCircle,0.7166666666666667,41189244.43125,32232403.5
"(np.float64(1.0), 250, 190, 35, 15)",houghCircle,0.7791666666666667,40765513.947916664,32480689.5
"(np.float64(1.0), 250, 190, 40, 5)",houghCircle,0.6145833333333334,43528171.802083336,33377111.5
"(np.float64(1.0), 250, 190, 40, 10)",houghCircle,0.6333333333333333,41348689.55625,31893412.5
"(np.float64(1.0), 250, 190, 40, 15)",houghCircle,0.6666666666666666,40998519.77708333,31091423.5
"(np.float64(1.0), 250, 190, 45, 5)",houghCircle,0.22291666666666668,51561058.08958333,41069003.0
"(np.float64(1.0), 250, 190, 45, 10)",houghCircle,0.23541666666666666,41175078.297916666,32794213.5
"(np.float64(1.0), 250, 190, 45, 15)",houghCircle,0.2375,39298678.864583336,30572324.5
"(np.float64(1.0), 250, 200, 30, 5)",houghCircle,0.6791666666666667,43566631.9,31879398.0
"(np.float64(1.0), 250, 200, 30, 10)",houghCircle,0.7145833333333333,42310791.475,32183848.5
"(np.float64(1.0), 250, 200, 30, 15)",houghCircle,0.7916666666666666,43211341.31666667,31497190.0
"(np.float64(1.0), 250, 200, 35, 5)",houghCircle,0.69375,44646034.2625,32927062.0
"(np.float64(1.0), 250, 200, 35, 10)",houghCircle,0.7208333333333333,41700615.06041667,31826502.0
"(np.float64(1.0), 250, 200, 35, 15)",houghCircle,0.7791666666666667,43597625.427083336,32062566.5
"(np.float64(1.0), 250, 200, 40, 5)",houghCircle,0.6125,41986070.68541667,32533620.0
"(np.float64(1.0), 250, 200, 40, 10)",houghCircle,0.6333333333333333,41121143.985416666,32004502.0
"(np.float64(1.0), 250, 200, 40, 15)",houghCircle,0.6666666666666666,52048426.760416664,41290402.5
"(np.float64(1.0), 250, 200, 45, 5)",houghCircle,0.22291666666666668,39914710.197916664,32261895.0
"(np.float64(1.0), 250, 200, 45, 10)",houghCircle,0.23541666666666666,41711072.24791667,32608164.0
"(np.float64(1.0), 250, 200, 45, 15)",houghCircle,0.2375,40909076.291666664,31992850.5
"(np.float64(1.0), 250, 210, 30, 5)",houghCircle,0.675,43635909.641666666,32551113.0
"(np.float64(1.0), 250, 210, 30, 10)",houghCircle,0.7125,38870222.18958333,31581778.5
"(np.float64(1.0), 250, 210, 30, 15)",houghCircle,0.7854166666666667,39698303.06875,30615205.5
"(np.float64(1.0), 250, 210, 35, 5)",houghCircle,0.69375,40545400.208333336,30927100.5
"(np.float64(1.0), 250, 210, 35, 10)",houghCircle,0.7229166666666667,43213351.385416664,32895994.0
"(np.float64(1.0), 250, 210, 35, 15)",houghCircle,0.7791666666666667,39764307.485416666,30868209.5
"(np.float64(1.0), 250, 210, 40, 5)",houghCircle,0.6125,41708180.69583333,32221177.5
"(np.float64(1.0), 250, 210, 40, 10)",houghCircle,0.6333333333333333,43357645.76875,31821564.0
"(np.float64(1.0), 250, 210, 40, 15)",houghCircle,0.6666666666666666,50826971.68333333,40756935.5
"(np.float64(1.0), 250, 210, 45, 5)",houghCircle,0.22291666666666668,41987265.31875,32576595.0
"(np.float64(1.0), 250, 210, 45, 10)",houghCircle,0.23541666666666666,41180227.81875,31727672.5
"(np.float64(1.0), 250, 210, 45, 15)",houghCircle,0.2375,40970338.38125,31193520.5
"(np.float64(1.0), 250, 220, 30, 5)",houghCircle,0.6770833333333334,40273006.360416666,32093734.5
"(np.float64(1.0), 250, 220, 30, 10)",houghCircle,0.7083333333333334,39739008.86666667,30637111.5
"(np.float64(1.0), 250, 220, 30, 15)",houghCircle,0.7854166666666667,40852204.5375,30692812.5
"(np.float64(1.0), 250, 220, 35, 5)",houghCircle,0.6875,42525013.020833336,32526030.5
"(np.float64(1.0), 250, 220, 35, 10)",houghCircle,0.7208333333333333,40281477.395833336,31317343.5
"(np.float64(1.0), 250, 220, 35, 15)",houghCircle,0.775,43460357.15625,32307180.0
"(np.float64(1.0), 250, 220, 40, 5)",houghCircle,0.6145833333333334,40345011.225,31538698.5
"(np.float64(1.0), 250, 220, 40, 10)",houghCircle,0.6333333333333333,51789279.43958333,39644289.0
"(np.float64(1.0), 250, 220, 40, 15)",houghCircle,0.6666666666666666,43544402.425,31249726.0
"(np.float64(1.0), 250, 220, 45, 5)",houghCircle,0.22291666666666668,43833497.99375,33317254.5
"(np.float64(1.0), 250, 220, 45, 10)",houghCircle,0.23541666666666666,44571757.31041667,32110049.5
"(np.float64(1.0), 250, 220, 45, 15)",houghCircle,0.2375,41264604.09375,31031170.5
"(np.float64(1.0), 250, 230, 30, 5)",houghCircle,0.6770833333333334,39643580.07083333,31274261.0
"(np.float64(1.0), 250, 230, 30, 10)",houghCircle,0.70625,40903530.49166667,31728118.0
"(np.float64(1.0), 250, 230, 30, 15)",houghCircle,0.78125,38599686.1,31136008.0
"(np.float64(1.0), 250, 230, 35, 5)",houghCircle,0.6895833333333333,41737817.50208333,32067801.0
"(np.float64(1.0), 250, 230, 35, 10)",houghCircle,0.7229166666666667,43386799.12291667,32075500.0
"(np.float64(1.0), 250, 230, 35, 15)",houghCircle,0.775,40570769.47708333,31303527.0
"(np.float64(1.0), 250, 230, 40, 5)",houghCircle,0.6166666666666667,42159534.22708333,32170223.0
"(np.float64(1.0), 250, 230, 40, 10)",houghCircle,0.6333333333333333,40755759.71458333,30555854.0
"(np.float64(1.0), 250, 230, 40, 15)",houghCircle,0.6666666666666666,51243742.34791667,40997082.0
"(np.float64(1.0), 250, 230, 45, 5)",houghCircle,0.22291666666666668,40188091.3375,31741427.5
"(np.float64(1.0), 250, 230, 45, 10)",houghCircle,0.23541666666666666,42725183.03541667,31857201.0
"(np.float64(1.0), 250, 230, 45, 15)",houghCircle,0.2375,41671317.65208333,30706426.5
"(np.float64(1.0), 250, 240, 30, 5)",houghCircle,0.6770833333333334,38972502.7625,31211974.5
"(np.float64(1.0), 250, 240, 30, 10)",houghCircle,0.70625,41580634.983333334,32351687.5
"(np.float64(1.0), 250, 240, 30, 15)",houghCircle,0.7833333333333333,42084903.06041667,31676872.0
"(np.float64(1.0), 250, 240, 35, 5)",houghCircle,0.6979166666666666,40779593.83125,32138433.5
"(np.float64(1.0), 250, 240, 35, 10)",houghCircle,0.7270833333333333,41014391.08958333,30576736.5
"(np.float64(1.0), 250, 240, 35, 15)",houghCircle,0.775,42299507.47708333,30724440.5
"(np.float64(1.0), 250, 240, 40, 5)",houghCircle,0.6166666666666667,40786238.333333336,31468345.0
"(np.float64(1.0), 250, 240, 40, 10)",houghCircle,0.6395833333333333,41729389.48125,31837217.5
"(np.float64(1.0), 250, 240, 40, 15)",houghCircle,0.66875,52301993.72083333,38892048.5
"(np.float64(1.0), 250, 240, 45, 5)",houghCircle,0.22291666666666668,39294638.03958333,30783155.5
"(np.float64(1.0), 250, 240, 45, 10)",houghCircle,0.23541666666666666,40522351.73125,31248800.0
"(np.float64(1.0), 250, 240, 45, 15)",houghCircle,0.2375,42827078.735416666,31172231.5
"(np.float64(1.0), 250, 250, 30, 5)",houghCircle,0.6791666666666667,38012577.65,31235896.5
"(np.float64(1.0), 250, 250, 30, 10)",houghCircle,0.7104166666666667,40848455.18541667,31135466.0
"(np.float64(1.0), 250, 250, 30, 15)",houghCircle,0.7833333333333333,41728817.43958333,31648127.5
"(np.float64(1.0), 250, 250, 35, 5)",houghCircle,0.6979166666666666,41454729.864583336,30599921.5
"(np.float64(1.0), 250, 250, 35, 10)",houghCircle,0.7270833333333333,42079640.94166667,30996311.5
"(np.float64(1.0), 250, 250, 35, 15)",houghCircle,0.775,43443740.35625,31949473.0
"(np.float64(1.0), 250, 250, 40, 5)",houghCircle,0.61875,42029521.19583333,31913391.5
"(np.float64(1.0), 250, 250, 40, 10)",houghCircle,0.6395833333333333,41675929.59583333,31629733.5
"(np.float64(1.0), 250, 250, 40, 15)",houghCircle,0.66875,51007439.71875,40017049.5
"(np.float64(1.0), 250, 250, 45, 5)",houghCircle,0.22291666666666668,41680133.735416666,32216559.5
"(np.float64(1.0), 250, 250, 45, 10)",houghCircle,0.23541666666666666,42142769.49791667,31096508.5
"(np.float64(1.0), 250, 250, 45, 15)",houghCircle,0.2375,41294519.229166664,30484534.5
"(np.float64(1.0), 250, 260, 30, 5)",houghCircle,0.6875,43091859.5,32690193.0
"(np.float64(1.0), 250, 260, 30, 10)",houghCircle,0.7125,41304579.90416667,30949668.0
"(np.float64(1.0), 250, 260, 30, 15)",houghCircle,0.7895833333333333,39080728.34791667,30611399.0
"(np.float64(1.0), 250, 260, 35, 5)",houghCircle,0.6979166666666666,44583964.952083334,31486434.5
"(np.float64(1.0), 250, 260, 35, 10)",houghCircle,0.7270833333333333,40346839.4,31324401.5
"(np.float64(1.0), 250, 260, 35, 15)",houghCircle,0.775,39693250.01875,30491879.0
"(np.float64(1.0), 250, 260, 40, 5)",houghCircle,0.61875,39560062.954166666,30817109.5
"(np.float64(1.0), 250, 260, 40, 10)",houghCircle,0.6375,53044115.78958333,40707504.5
"(np.float64(1.0), 250, 260, 40, 15)",houghCircle,0.6666666666666666,41287506.18125,30890722.5
"(np.float64(1.0), 250, 260, 45, 5)",houghCircle,0.22291666666666668,41214083.614583336,31562652.5
"(np.float64(1.0), 250, 260, 45, 10)",houghCircle,0.23541666666666666,37444179.770833336,29981031.5
"(np.float64(1.0), 250, 260, 45, 15)",houghCircle,0.2375,41117041.475,30604020.0
"(np.float64(1.0), 250, 270, 30, 5)",houghCircle,0.69375,42349554.135416664,31672914.5
"(np.float64(1.0), 250, 270, 30, 10)",houghCircle,0.7145833333333333,40771075.54375,32292377.0
"(np.float64(1.0), 250, 270, 30, 15)",houghCircle,0.7895833333333333,42951512.18958333,30979870.0
"(np.float64(1.0), 250, 270, 35, 5)",houghCircle,0.6979166666666666,43297411.39791667,31892121.5
"(np.float64(1.0), 250, 270, 35, 10)",houghCircle,0.73125,41207094.22708333,30881030.0
"(np.float64(1.0), 250, 270, 35, 15)",houghCircle,0.7770833333333333,40276388.202083334,30660581.0
"(np.float64(1.0), 250, 270, 40, 5)",houghCircle,0.6166666666666667,41241379.21875,31211344.0
"(np.float64(1.0), 250, 270, 40, 10)",houghCircle,0.6375,39854115.10625,31135026.0
"(np.float64(1.0), 250, 270, 40, 15)",houghCircle,0.6666666666666666,52639621.04375,40478059.0
"(np.float64(1.0), 250, 270, 45, 5)",houghCircle,0.22291666666666668,42378038.24375,30957332.0
"(np.float64(1.0), 250, 270, 45, 10)",houghCircle,0.23541666666666666,38709867.12916667,30975332.0
"(np.float64(1.0), 250, 270, 45, 15)",houghCircle,0.2375,39771891.31666667,30514156.5
"(np.float64(1.0), 250, 280, 30, 5)",houghCircle,0.6979166666666666,43608523.791666664,31814871.0
"(np.float64(1.0), 250, 280, 30, 10)",houghCircle,0.7145833333333333,40351745.31875,30684701.5
"(np.float64(1.0), 250, 280, 30, 15)",houghCircle,0.7916666666666666,40726352.93333333,30334849.5
"(np.float64(1.0), 250, 280, 35, 5)",houghCircle,0.7,43660361.80625,31286465.0
"(np.float64(1.0), 250, 280, 35, 10)",houghCircle,0.7354166666666667,40536201.014583334,30429852.5
"(np.float64(1.0), 250, 280, 35, 15)",houghCircle,0.7770833333333333,38913167.24791667,30601124.0
"(np.float64(1.0), 250, 280, 40, 5)",houghCircle,0.6166666666666667,39734473.16875,30629962.5
"(np.float64(1.0), 250, 280, 40, 10)",houghCircle,0.6395833333333333,40163919.71458333,30711806.5
"(np.float64(1.0), 250, 280, 40, 15)",houghCircle,0.66875,40669453.63333333,30942319.0
"(np.float64(1.0), 250, 280, 45, 5)",houghCircle,0.22291666666666668,49699346.983333334,39359479.5
"(np.float64(1.0), 250, 280, 45, 10)",houghCircle,0.23541666666666666,40753868.10625,31112568.5
"(np.float64(1.0), 250, 280, 45, 15)",houghCircle,0.2375,39806397.76875,30229827.5
"(np.float64(1.0), 250, 290, 30, 5)",houghCircle,0.7020833333333333,42530060.36666667,32553461.5
"(np.float64(1.0), 250, 290, 30, 10)",houghCircle,0.7208333333333333,39681299.864583336,30286864.5
"(np.float64(1.0), 250, 290, 30, 15)",houghCircle,0.79375,41725536.28125,30870504.5
"(np.float64(1.0), 250, 290, 35, 5)",houghCircle,0.7083333333333334,41299529.47291667,31909593.5
"(np.float64(1.0), 250, 290, 35, 10)",houghCircle,0.7354166666666667,39371054.65208333,30952118.5
"(np.float64(1.0), 250, 290, 35, 15)",houghCircle,0.78125,39616019.03958333,29580590.5
"(np.float64(1.0), 250, 290, 40, 5)",houghCircle,0.6166666666666667,41739413.81041667,31466142.0
"(np.float64(1.0), 250, 290, 40, 10)",houghCircle,0.6395833333333333,41724178.545833334,31809597.5
"(np.float64(1.0), 250, 290, 40, 15)",houghCircle,0.66875,40253976.34791667,30906722.0
"(np.float64(1.0), 250, 290, 45, 5)",houghCircle,0.225,46712948.46041667,36947295.5
"(np.float64(1.0), 250, 290, 45, 10)",houghCircle,0.23541666666666666,39038922.13125,30255486.0
"(np.float64(1.0), 250, 290, 45, 15)",houghCircle,0.2375,41773602.21458333,31131398.0
"(np.float64(1.0), 260, 100, 30, 5)",houghCircle,0.5875,45632296.7125,37715285.0
"(np.float64(1.0), 260, 100, 30, 10)",houghCircle,0.6895833333333333,46769157.64791667,37462711.5
"(np.float64(1.0), 260, 100, 30, 15)",houghCircle,0.8083333333333333,43293741.91458333,35663065.0
"(np.float64(1.0), 260, 100, 35, 5)",houghCircle,0.7083333333333334,44751852.84375,37333187.5
"(np.float64(1.0), 260, 100, 35, 10)",houghCircle,0.7416666666666667,43969283.18541667,35891158.0
"(np.float64(1.0), 260, 100, 35, 15)",houghCircle,0.8083333333333333,47887655.89791667,37588081.5
"(np.float64(1.0), 260, 100, 40, 5)",houghCircle,0.6479166666666667,48893173.40208333,38805005.0
"(np.float64(1.0), 260, 100, 40, 10)",houghCircle,0.6895833333333333,55931974.91875,44953314.0
"(np.float64(1.0), 260, 100, 40, 15)",houghCircle,0.7229166666666667,45542378.25625,36228356.5
"(np.float64(1.0), 260, 100, 45, 5)",houghCircle,0.37083333333333335,44311372.329166666,36647777.0
"(np.float64(1.0), 260, 100, 45, 10)",houghCircle,0.3854166666666667,45848990.44166667,37318867.0
"(np.float64(1.0), 260, 100, 45, 15)",houghCircle,0.3958333333333333,47937371.891666666,37772993.5
"(np.float64(1.0), 260, 110, 30, 5)",houghCircle,0.61875,43865990.96875,35858628.0
"(np.float64(1.0), 260, 110, 30, 10)",houghCircle,0.6979166666666666,43556645.40416667,35677723.5
"(np.float64(1.0), 260, 110, 30, 15)",houghCircle,0.80625,42857929.947916664,34602080.5
"(np.float64(1.0), 260, 110, 35, 5)",houghCircle,0.70625,45662321.920833334,36196952.5
"(np.float64(1.0), 260, 110, 35, 10)",houghCircle,0.7395833333333334,45246269.65833333,35869733.5
"(np.float64(1.0), 260, 110, 35, 15)",houghCircle,0.8083333333333333,44065912.77291667,34685727.0
"(np.float64(1.0), 260, 110, 40, 5)",houghCircle,0.6208333333333333,45870834.34583333,36856164.0
"(np.float64(1.0), 260, 110, 40, 10)",houghCircle,0.65,54463979.083333336,44610220.0
"(np.float64(1.0), 260, 110, 40, 15)",houghCircle,0.6854166666666667,45306447.85208333,34944847.5
"(np.float64(1.0), 260, 110, 45, 5)",houghCircle,0.30833333333333335,47463321.17916667,36720845.5
"(np.float64(1.0), 260, 110, 45, 10)",houghCircle,0.3229166666666667,45457499.391666666,35538992.5
"(np.float64(1.0), 260, 110, 45, 15)",houghCircle,0.33541666666666664,44619704.13333333,34635267.0
"(np.float64(1.0), 260, 120, 30, 5)",houghCircle,0.6416666666666667,43776904.81041667,34766839.0
"(np.float64(1.0), 260, 120, 30, 10)",houghCircle,0.7125,47896814.891666666,35651288.0
"(np.float64(1.0), 260, 120, 30, 15)",houghCircle,0.8125,43957669.702083334,34743113.5
"(np.float64(1.0), 260, 120, 35, 5)",houghCircle,0.7083333333333334,43142693.58958333,34649925.5
"(np.float64(1.0), 260, 120, 35, 10)",houghCircle,0.7395833333333334,45583566.84166667,34792332.0
"(np.float64(1.0), 260, 120, 35, 15)",houghCircle,0.8,44084303.22708333,34633118.5
"(np.float64(1.0), 260, 120, 40, 5)",houghCircle,0.6229166666666667,54878479.2375,43700593.5
"(np.float64(1.0), 260, 120, 40, 10)",houghCircle,0.6458333333333334,43366274.7875,34085926.5
"(np.float64(1.0), 260, 120, 40, 15)",houghCircle,0.6833333333333333,45999979.74583333,35072504.0
"(np.float64(1.0), 260, 120, 45, 5)",houghCircle,0.28125,42570299.608333334,35288177.5
"(np.float64(1.0), 260, 120, 45, 10)",houghCircle,0.2916666666666667,45080760.952083334,35688263.0
"(np.float64(1.0), 260, 120, 45, 15)",houghCircle,0.30416666666666664,42583516.44583333,33224491.5
"(np.float64(1.0), 260, 130, 30, 5)",houghCircle,0.6541666666666667,43846547.53125,34697313.5
"(np.float64(1.0), 260, 130, 30, 10)",houghCircle,0.71875,44113033.62083333,34383759.5
"(np.float64(1.0), 260, 130, 30, 15)",houghCircle,0.8166666666666667,42552023.80833333,32316692.5
"(np.float64(1.0), 260, 130, 35, 5)",houghCircle,0.7020833333333333,43029593.166666664,35293221.5
"(np.float64(1.0), 260, 130, 35, 10)",houghCircle,0.7333333333333333,46326348.525,34663720.0
"(np.float64(1.0), 260, 130, 35, 15)",houghCircle,0.7979166666666667,43277567.46666667,33842129.5
"(np.float64(1.0), 260, 130, 40, 5)",houghCircle,0.6145833333333334,45416039.34791667,34837701.5
"(np.float64(1.0), 260, 130, 40, 10)",houghCircle,0.6395833333333333,45206139.48125,35011533.0
"(np.float64(1.0), 260, 130, 40, 15)",houghCircle,0.6770833333333334,54285317.733333334,43586379.5
"(np.float64(1.0), 260, 130, 45, 5)",houghCircle,0.24166666666666667,44096218.672916666,34258691.0
"(np.float64(1.0), 260, 130, 45, 10)",houghCircle,0.25416666666666665,46282440.577083334,34698084.5
"(np.float64(1.0), 260, 130, 45, 15)",houghCircle,0.2625,44561646.5,34349230.0
"(np.float64(1.0), 260, 140, 30, 5)",houghCircle,0.6625,46058840.325,34362687.0
"(np.float64(1.0), 260, 140, 30, 10)",houghCircle,0.725,43255117.25833333,34195477.0
"(np.float64(1.0), 260, 140, 30, 15)",houghCircle,0.8104166666666667,43262306.41875,33413295.5
"(np.float64(1.0), 260, 140, 35, 5)",houghCircle,0.6979166666666666,41858695.27916667,34293390.5
"(np.float64(1.0), 260, 140, 35, 10)",houghCircle,0.7291666666666666,43239649.22083333,33735670.5
"(np.float64(1.0), 260, 140, 35, 15)",houghCircle,0.79375,42929242.920833334,32476456.0
"(np.float64(1.0), 260, 140, 40, 5)",houghCircle,0.6208333333333333,53684858.702083334,43256240.0
"(np.float64(1.0), 260, 140, 40, 10)",houghCircle,0.6416666666666667,45928558.06875,34776111.0
"(np.float64(1.0), 260, 140, 40, 15)",houghCircle,0.6791666666666667,42078274.34166667,33113036.5
"(np.float64(1.0), 260, 140, 45, 5)",houghCircle,0.23333333333333334,43015038.03958333,34578891.5
"(np.float64(1.0), 260, 140, 45, 10)",houghCircle,0.24791666666666667,45238662.97083333,33907426.5
"(np.float64(1.0), 260, 140, 45, 15)",houghCircle,0.2520833333333333,42583166.170833334,34679520.5
"(np.float64(1.0), 260, 150, 30, 5)",houghCircle,0.6791666666666667,45189737.389583334,34709081.5
"(np.float64(1.0), 260, 150, 30, 10)",houghCircle,0.73125,39945763.76875,33268745.0
"(np.float64(1.0), 260, 150, 30, 15)",houghCircle,0.8104166666666667,40486972.86666667,32375893.5
"(np.float64(1.0), 260, 150, 35, 5)",houghCircle,0.7,43630151.135416664,33568618.0
"(np.float64(1.0), 260, 150, 35, 10)",houghCircle,0.7291666666666666,43490207.88333333,33525055.5
"(np.float64(1.0), 260, 150, 35, 15)",houghCircle,0.79375,43791922.364583336,33664942.0
"(np.float64(1.0), 260, 150, 40, 5)",houghCircle,0.6166666666666667,55825467.24583333,44309371.5
"(np.float64(1.0), 260, 150, 40, 10)",houghCircle,0.6375,43396009.795833334,34003917.5
"(np.float64(1.0), 260, 150, 40, 15)",houghCircle,0.675,42232822.86666667,34007313.5
"(np.float64(1.0), 260, 150, 45, 5)",houghCircle,0.22708333333333333,44858867.80625,34428139.5
"(np.float64(1.0), 260, 150, 45, 10)",houghCircle,0.23958333333333334,43049976.36875,33416766.5
"(np.float64(1.0), 260, 150, 45, 15)",houghCircle,0.24375,42629813.44166667,33730931.0
"(np.float64(1.0), 260, 160, 30, 5)",houghCircle,0.6791666666666667,45051289.94166667,34070507.5
"(np.float64(1.0), 260, 160, 30, 10)",houghCircle,0.73125,41158735.475,33463103.0
"(np.float64(1.0), 260, 160, 30, 15)",houghCircle,0.8125,41338438.78541667,31376749.5
"(np.float64(1.0), 260, 160, 35, 5)",houghCircle,0.7020833333333333,40707014.55416667,32969291.5
"(np.float64(1.0), 260, 160, 35, 10)",houghCircle,0.7333333333333333,43232712.01875,32429615.0
"(np.float64(1.0), 260, 160, 35, 15)",houghCircle,0.7958333333333333,44722354.42916667,32969849.0
"(np.float64(1.0), 260, 160, 40, 5)",houghCircle,0.6208333333333333,52224729.53333333,41907525.5
"(np.float64(1.0), 260, 160, 40, 10)",houghCircle,0.6395833333333333,45213655.739583336,33750978.0
"(np.float64(1.0), 260, 160, 40, 15)",houghCircle,0.6770833333333334,43731467.34583333,33379742.0
"(np.float64(1.0), 260, 160, 45, 5)",houghCircle,0.22083333333333333,44036824.55,33792806.5
"(np.float64(1.0), 260, 160, 45, 10)",houghCircle,0.23541666666666666,42594204.21666667,33031608.5
"(np.float64(1.0), 260, 160, 45, 15)",houghCircle,0.2375,41624236.19166667,32159122.0
"(np.float64(1.0), 260, 170, 30, 5)",houghCircle,0.6875,40702331.80416667,32992480.0
"(np.float64(1.0), 260, 170, 30, 10)",houghCircle,0.7333333333333333,44360106.77916667,33388303.0
"(np.float64(1.0), 260, 170, 30, 15)",houghCircle,0.8104166666666667,41579465.514583334,31802923.0
"(np.float64(1.0), 260, 170, 35, 5)",houghCircle,0.7020833333333333,45407448.079166666,33714805.5
"(np.float64(1.0), 260, 170, 35, 10)",houghCircle,0.7291666666666666,41040068.36875,32652452.0
"(np.float64(1.0), 260, 170, 35, 15)",houghCircle,0.7916666666666666,41096624.44583333,32232163.5
"(np.float64(1.0), 260, 170, 40, 5)",houghCircle,0.61875,45847862.95,34571909.0
"(np.float64(1.0), 260, 170, 40, 10)",houghCircle,0.6375,52946152.96666667,42595060.5
"(np.float64(1.0), 260, 170, 40, 15)",houghCircle,0.6729166666666667,42633591.58958333,32262191.0
"(np.float64(1.0), 260, 170, 45, 5)",houghCircle,0.22291666666666668,41031038.697916664,33163031.0
"(np.float64(1.0), 260, 170, 45, 10)",houghCircle,0.23541666666666666,45776417.44375,32922173.5
"(np.float64(1.0), 260, 170, 45, 15)",houghCircle,0.2375,40008052.2375,30766880.0
"(np.float64(1.0), 260, 180, 30, 5)",houghCircle,0.6854166666666667,43264696.020833336,32730574.5
"(np.float64(1.0), 260, 180, 30, 10)",houghCircle,0.7333333333333333,41311090.41875,32207592.0
"(np.float64(1.0), 260, 180, 30, 15)",houghCircle,0.80625,41707883.27708333,31714390.0
"(np.float64(1.0), 260, 180, 35, 5)",houghCircle,0.70625,41966934.74583333,31880653.5
"(np.float64(1.0), 260, 180, 35, 10)",houghCircle,0.7270833333333333,42372890.12291667,32756417.5
"(np.float64(1.0), 260, 180, 35, 15)",houghCircle,0.7895833333333333,39896876.385416664,31011072.5
"(np.float64(1.0), 260, 180, 40, 5)",houghCircle,0.6208333333333333,42059743.58541667,32380091.5
"(np.float64(1.0), 260, 180, 40, 10)",houghCircle,0.6395833333333333,52889935.99791667,42007869.0
"(np.float64(1.0), 260, 180, 40, 15)",houghCircle,0.6729166666666667,40271317.9625,31667825.5
"(np.float64(1.0), 260, 180, 45, 5)",houghCircle,0.22291666666666668,43684213.895833336,33179751.0
"(np.float64(1.0), 260, 180, 45, 10)",houghCircle,0.23541666666666666,45436902.87708333,33186757.0
"(np.float64(1.0), 260, 180, 45, 15)",houghCircle,0.2375,42688077.391666666,33015934.0
"(np.float64(1.0), 260, 190, 30, 5)",houghCircle,0.6854166666666667,42225518.725,33064781.5
"(np.float64(1.0), 260, 190, 30, 10)",houghCircle,0.725,42135634.19375,32675065.5
"(np.float64(1.0), 260, 190, 30, 15)",houghCircle,0.7979166666666667,41306313.26875,31781714.0
"(np.float64(1.0), 260, 190, 35, 5)",houghCircle,0.6958333333333333,42463459.47708333,32447268.5
"(np.float64(1.0), 260, 190, 35, 10)",houghCircle,0.7166666666666667,40573443.80625,32142696.0
"(np.float64(1.0), 260, 190, 35, 15)",houghCircle,0.7791666666666667,40389633.64375,32135643.0
"(np.float64(1.0), 260, 190, 40, 5)",houghCircle,0.6145833333333334,55179606.05,41677103.5
"(np.float64(1.0), 260, 190, 40, 10)",houghCircle,0.6333333333333333,43775778.25416667,31898073.0
"(np.float64(1.0), 260, 190, 40, 15)",houghCircle,0.6666666666666666,43592954.079166666,31730443.5
"(np.float64(1.0), 260, 190, 45, 5)",houghCircle,0.22291666666666668,42623589.10625,32561793.5
"(np.float64(1.0), 260, 190, 45, 10)",houghCircle,0.23541666666666666,42583638.93333333,31774882.0
"(np.float64(1.0), 260, 190, 45, 15)",houghCircle,0.2375,45775880.672916666,35626492.0
"(np.float64(1.0), 260, 200, 30, 5)",houghCircle,0.68125,40629266.7,31844102.0
"(np.float64(1.0), 260, 200, 30, 10)",houghCircle,0.7166666666666667,44041789.91458333,33004352.5
"(np.float64(1.0), 260, 200, 30, 15)",houghCircle,0.7916666666666666,38641563.69166667,30333808.0
"(np.float64(1.0), 260, 200, 35, 5)",houghCircle,0.69375,40220394.1875,32840821.0
"(np.float64(1.0), 260, 200, 35, 10)",houghCircle,0.7208333333333333,40403600.67916667,31363068.5
"(np.float64(1.0), 260, 200, 35, 15)",houghCircle,0.7791666666666667,41719170.22708333,31824494.0
"(np.float64(1.0), 260, 200, 40, 5)",houghCircle,0.6125,54149231.35208333,41349799.0
"(np.float64(1.0), 260, 200, 40, 10)",houghCircle,0.6333333333333333,42496837.09791667,31550765.0
"(np.float64(1.0), 260, 200, 40, 15)",houghCircle,0.6666666666666666,44137187.47083333,32121872.0
"(np.float64(1.0), 260, 200, 45, 5)",houghCircle,0.22291666666666668,44665797.95625,32755767.0
"(np.float64(1.0), 260, 200, 45, 10)",houghCircle,0.23541666666666666,42364022.358333334,32434088.5
"(np.float64(1.0), 260, 200, 45, 15)",houghCircle,0.2375,45024176.85,35068550.5
"(np.float64(1.0), 260, 210, 30, 5)",houghCircle,0.6770833333333334,42405231.802083336,32202412.5
"(np.float64(1.0), 260, 210, 30, 10)",houghCircle,0.7145833333333333,42490148.266666666,33545707.5
"(np.float64(1.0), 260, 210, 30, 15)",houghCircle,0.7854166666666667,37233567.979166664,30413803.0
"(np.float64(1.0), 260, 210, 35, 5)",houghCircle,0.69375,43156397.6625,32275069.5
"(np.float64(1.0), 260, 210, 35, 10)",houghCircle,0.7229166666666667,42635932.583333336,32641913.0
"(np.float64(1.0), 260, 210, 35, 15)",houghCircle,0.7791666666666667,42549870.3625,31894405.0
"(np.float64(1.0), 260, 210, 40, 5)",houghCircle,0.6125,42245308.641666666,32597995.0
"(np.float64(1.0), 260, 210, 40, 10)",houghCircle,0.6333333333333333,40989728.302083336,31202647.5
"(np.float64(1.0), 260, 210, 40, 15)",houghCircle,0.6666666666666666,52363956.06875,41007412.0
"(np.float64(1.0), 260, 210, 45, 5)",houghCircle,0.22291666666666668,44376322.552083336,33571316.0
"(np.float64(1.0), 260, 210, 45, 10)",houghCircle,0.23541666666666666,41992607.56458333,31569771.5
"(np.float64(1.0), 260, 210, 45, 15)",houghCircle,0.2375,39399030.2875,30889083.5
"(np.float64(1.0), 260, 220, 30, 5)",houghCircle,0.6791666666666667,42098335.55833333,32530709.0
"(np.float64(1.0), 260, 220, 30, 10)",houghCircle,0.7104166666666667,46022611.16458333,32976093.0
"(np.float64(1.0), 260, 220, 30, 15)",houghCircle,0.7854166666666667,42545180.90416667,31893464.0
"(np.float64(1.0), 260, 220, 35, 5)",houghCircle,0.6875,39834647.05416667,31537856.5
"(np.float64(1.0), 260, 220, 35, 10)",houghCircle,0.7208333333333333,39876537.81666667,30624042.5
"(np.float64(1.0), 260, 220, 35, 15)",houghCircle,0.775,41086419.822916664,31185791.0
"(np.float64(1.0), 260, 220, 40, 5)",houghCircle,0.6145833333333334,40425109.077083334,31181653.5
"(np.float64(1.0), 260, 220, 40, 10)",houghCircle,0.6333333333333333,41209000.21875,31265574.5
"(np.float64(1.0), 260, 220, 40, 15)",houghCircle,0.6666666666666666,40329281.297916666,31407426.0
"(np.float64(1.0), 260, 220, 45, 5)",houghCircle,0.22291666666666668,54176080.58958333,42431779.5
"(np.float64(1.0), 260, 220, 45, 10)",houghCircle,0.23541666666666666,40829173.74583333,31461051.5
"(np.float64(1.0), 260, 220, 45, 15)",houghCircle,0.2375,43109694.72708333,31376794.5
"(np.float64(1.0), 260, 230, 30, 5)",houghCircle,0.6791666666666667,40528373.49375,31869844.5
"(np.float64(1.0), 260, 230, 30, 10)",houghCircle,0.7083333333333334,42647616.31875,32289933.0
"(np.float64(1.0), 260, 230, 30, 15)",houghCircle,0.78125,41363521.052083336,31167503.0
"(np.float64(1.0), 260, 230, 35, 5)",houghCircle,0.6895833333333333,42904485.38333333,31799011.5
"(np.float64(1.0), 260, 230, 35, 10)",houghCircle,0.7229166666666667,41431330.21875,30997217.0
"(np.float64(1.0), 260, 230, 35, 15)",houghCircle,0.775,43865201.916666664,31294360.0
"(np.float64(1.0), 260, 230, 40, 5)",houghCircle,0.6166666666666667,41511595.829166666,31785490.5
"(np.float64(1.0), 260, 230, 40, 10)",houghCircle,0.6333333333333333,42203937.37083333,32070005.0
"(np.float64(1.0), 260, 230, 40, 15)",houghCircle,0.6666666666666666,49453265.60208333,40905991.0
"(np.float64(1.0), 260, 230, 45, 5)",houghCircle,0.22291666666666668,41381642.67916667,32396362.0
"(np.float64(1.0), 260, 230, 45, 10)",houghCircle,0.23541666666666666,39829038.58541667,31611945.5
"(np.float64(1.0), 260, 230, 45, 15)",houghCircle,0.2375,43283092.71041667,31859274.5
"(np.float64(1.0), 260, 240, 30, 5)",houghCircle,0.6791666666666667,45775359.1625,33479049.5
"(np.float64(1.0), 260, 240, 30, 10)",houghCircle,0.7083333333333334,41090077.95,31071001.0
"(np.float64(1.0), 260, 240, 30, 15)",houghCircle,0.7833333333333333,42910522.12916667,31479330.0
"(np.float64(1.0), 260, 240, 35, 5)",houghCircle,0.6979166666666666,44206882.56041667,32270955.5
"(np.float64(1.0), 260, 240, 35, 10)",houghCircle,0.7270833333333333,43422734.27708333,32806947.0
"(np.float64(1.0), 260, 240, 35, 15)",houghCircle,0.775,42651821.545833334,31650051.0
"(np.float64(1.0), 260, 240, 40, 5)",houghCircle,0.6166666666666667,44498609.74791667,36394598.0
"(np.float64(1.0), 260, 240, 40, 10)",houghCircle,0.6395833333333333,40060945.422916666,30560954.0
"(np.float64(1.0), 260, 240, 40, 15)",houghCircle,0.66875,42151210.22291667,30911245.5
"(np.float64(1.0), 260, 240, 45, 5)",houghCircle,0.22291666666666668,41977798.80625,31100265.5
"(np.float64(1.0), 260, 240, 45, 10)",houghCircle,0.23541666666666666,39695910.454166666,32380096.5
"(np.float64(1.0), 260, 240, 45, 15)",houghCircle,0.2375,42727943.670833334,32530238.5
"(np.float64(1.0), 260, 250, 30, 5)",houghCircle,0.68125,43664164.020833336,32747120.5
"(np.float64(1.0), 260, 250, 30, 10)",houghCircle,0.7104166666666667,41560525.15625,31008639.0
"(np.float64(1.0), 260, 250, 30, 15)",houghCircle,0.7833333333333333,42122457.60625,30991000.0
"(np.float64(1.0), 260, 250, 35, 5)",houghCircle,0.6979166666666666,39302830.37916667,30989888.5
"(np.float64(1.0), 260, 250, 35, 10)",houghCircle,0.7270833333333333,48643807.95,39519199.0
"(np.float64(1.0), 260, 250, 35, 15)",houghCircle,0.775,40534429.233333334,30989459.0
"(np.float64(1.0), 260, 250, 40, 5)",houghCircle,0.61875,41684309.025,31734770.5
"(np.float64(1.0), 260, 250, 40, 10)",houghCircle,0.6395833333333333,42281497.24375,31404821.5
"(np.float64(1.0), 260, 250, 40, 15)",houghCircle,0.66875,41842536.15833333,31028495.5
"(np.float64(1.0), 260, 250, 45, 5)",houghCircle,0.22291666666666668,40816134.05625,31342645.0
"(np.float64(1.0), 260, 250, 45, 10)",houghCircle,0.23541666666666666,39999524.577083334,31096037.5
"(np.float64(1.0), 260, 250, 45, 15)",houghCircle,0.2375,41070745.45,31156666.5
"(np.float64(1.0), 260, 260, 30, 5)",houghCircle,0.6875,42720133.458333336,32458232.5
"(np.float64(1.0), 260, 260, 30, 10)",houghCircle,0.7125,41014237.78333333,31288503.0
"(np.float64(1.0), 260, 260, 30, 15)",houghCircle,0.7895833333333333,42612078.02708333,30772335.0
"(np.float64(1.0), 260, 260, 35, 5)",houghCircle,0.6979166666666666,51298156.24791667,40822976.5
"(np.float64(1.0), 260, 260, 35, 10)",houghCircle,0.7270833333333333,42069015.97083333,31092962.0
"(np.float64(1.0), 260, 260, 35, 15)",houghCircle,0.775,40269775.16458333,32044888.0
"(np.float64(1.0), 260, 260, 40, 5)",houghCircle,0.61875,42681058.00416667,31426307.5
"(np.float64(1.0), 260, 260, 40, 10)",houghCircle,0.6375,41908087.885416664,32008664.0
"(np.float64(1.0), 260, 260, 40, 15)",houghCircle,0.6666666666666666,40989356.99166667,31519041.0
"(np.float64(1.0), 260, 260, 45, 5)",houghCircle,0.22291666666666668,41145272.06666667,32160805.5
"(np.float64(1.0), 260, 260, 45, 10)",houghCircle,0.23541666666666666,40569193.40208333,30941979.5
"(np.float64(1.0), 260, 260, 45, 15)",houghCircle,0.2375,41425517.677083336,30981787.5
"(np.float64(1.0), 260, 270, 30, 5)",houghCircle,0.69375,43188571.2875,32237744.5
"(np.float64(1.0), 260, 270, 30, 10)",houghCircle,0.7145833333333333,39629088.41875,30422764.0
"(np.float64(1.0), 260, 270, 30, 15)",houghCircle,0.7895833333333333,39882772.52708333,30587910.0
"(np.float64(1.0), 260, 270, 35, 5)",houghCircle,0.6979166666666666,42488145.97291667,31585114.5
"(np.float64(1.0), 260, 270, 35, 10)",houghCircle,0.73125,43219725.67916667,31911933.0
"(np.float64(1.0), 260, 270, 35, 15)",houghCircle,0.7770833333333333,42220455.208333336,30574413.5
"(np.float64(1.0), 260, 270, 40, 5)",houghCircle,0.6166666666666667,52036382.35208333,41693308.5
"(np.float64(1.0), 260, 270, 40, 10)",houghCircle,0.6375,40454403.608333334,30607361.5
"(np.float64(1.0), 260, 270, 40, 15)",houghCircle,0.6666666666666666,37064759.891666666,29898572.0
"(np.float64(1.0), 260, 270, 45, 5)",houghCircle,0.22291666666666668,41714660.16041667,31356642.0
"(np.float64(1.0), 260, 270, 45, 10)",houghCircle,0.23541666666666666,42396322.36666667,31191040.5
"(np.float64(1.0), 260, 270, 45, 15)",houghCircle,0.2375,41421150.6875,31436205.5
"(np.float64(1.0), 260, 280, 30, 5)",houghCircle,0.6979166666666666,39054248.73125,31090737.5
"(np.float64(1.0), 260, 280, 30, 10)",houghCircle,0.7145833333333333,38983966.30833333,30061637.0
"(np.float64(1.0), 260, 280, 30, 15)",houghCircle,0.79375,39561413.422916666,29949176.0
"(np.float64(1.0), 260, 280, 35, 5)",houghCircle,0.7,43249537.266666666,32106428.5
"(np.float64(1.0), 260, 280, 35, 10)",houghCircle,0.7354166666666667,40515768.739583336,31185891.0
"(np.float64(1.0), 260, 280, 35, 15)",houghCircle,0.7770833333333333,40077353.28958333,29961354.0
"(np.float64(1.0), 260, 280, 40, 5)",houghCircle,0.6166666666666667,52529407.8125,40629041.0
"(np.float64(1.0), 260, 280, 40, 10)",houghCircle,0.6395833333333333,40605815.28541667,31317879.0
"(np.float64(1.0), 260, 280, 40, 15)",houghCircle,0.66875,39124124.364583336,30471009.5
"(np.float64(1.0), 260, 280, 45, 5)",houghCircle,0.22291666666666668,39737756.87708333,31753887.5
"(np.float64(1.0), 260, 280, 45, 10)",houghCircle,0.23541666666666666,41256499.99375,31263020.5
"(np.float64(1.0), 260, 280, 45, 15)",houghCircle,0.2375,40504877.354166664,30724570.0
"(np.float64(1.0), 260, 290, 30, 5)",houghCircle,0.7020833333333333,40602908.19375,30511335.5
"(np.float64(1.0), 260, 290, 30, 10)",houghCircle,0.7208333333333333,42635319.260416664,30902259.5
"(np.float64(1.0), 260, 290, 30, 15)",houghCircle,0.7958333333333333,39594368.52916667,30046749.0
"(np.float64(1.0), 260, 290, 35, 5)",houghCircle,0.7083333333333334,43815986.15833333,31776940.0
"(np.float64(1.0), 260, 290, 35, 10)",houghCircle,0.7354166666666667,41482447.1375,30906673.5
"(np.float64(1.0), 260, 290, 35, 15)",houghCircle,0.78125,51712415.920833334,40320844.5
"(np.float64(1.0), 260, 290, 40, 5)",houghCircle,0.6166666666666667,41675869.38333333,31112773.0
"(np.float64(1.0), 260, 290, 40, 10)",houghCircle,0.6395833333333333,41525531.575,30654203.5
"(np.float64(1.0), 260, 290, 40, 15)",houghCircle,0.66875,39617683.15833333,30097590.0
"(np.float64(1.0), 260, 290, 45, 5)",houghCircle,0.225,43216575.822916664,31396607.0
"(np.float64(1.0), 260, 290, 45, 10)",houghCircle,0.23541666666666666,38875005.95625,30053311.0
"(np.float64(1.0), 260, 290, 45, 15)",houghCircle,0.2375,41074968.895833336,30588570.5
"(np.float64(1.0), 270, 100, 30, 5)",houghCircle,0.5916666666666667,47447471.66041667,37618308.0
"(np.float64(1.0), 270, 100, 30, 10)",houghCircle,0.6916666666666667,45561476.13125,36985251.0
"(np.float64(1.0), 270, 100, 30, 15)",houghCircle,0.8104166666666667,46867524.26875,36827966.5
"(np.float64(1.0), 270, 100, 35, 5)",houghCircle,0.7083333333333334,57626552.916666664,46200134.0
"(np.float64(1.0), 270, 100, 35, 10)",houghCircle,0.7416666666666667,46467849.9625,36692361.0
"(np.float64(1.0), 270, 100, 35, 15)",houghCircle,0.8104166666666667,42585383.23125,35793491.0
"(np.float64(1.0), 270, 100, 40, 5)",houghCircle,0.6479166666666667,47639434.35,37386334.0
"(np.float64(1.0), 270, 100, 40, 10)",houghCircle,0.6895833333333333,44526662.33541667,36854876.0
"(np.float64(1.0), 270, 100, 40, 15)",houghCircle,0.7229166666666667,44265731.989583336,35392137.0
"(np.float64(1.0), 270, 100, 45, 5)",houghCircle,0.3729166666666667,45860019.91458333,36659770.0
"(np.float64(1.0), 270, 100, 45, 10)",houghCircle,0.3854166666666667,45973205.625,36389538.0
"(np.float64(1.0), 270, 100, 45, 15)",houghCircle,0.3958333333333333,46007070.65,36225124.0
"(np.float64(1.0), 270, 110, 30, 5)",houghCircle,0.6229166666666667,46496660.052083336,36631723.0
"(np.float64(1.0), 270, 110, 30, 10)",houghCircle,0.7020833333333333,45686407.71666667,35511473.5
"(np.float64(1.0), 270, 110, 30, 15)",houghCircle,0.8083333333333333,41847106.87291667,33908364.0
"(np.float64(1.0), 270, 110, 35, 5)",houghCircle,0.70625,44802074.87916667,36513441.0
"(np.float64(1.0), 270, 110, 35, 10)",houghCircle,0.7395833333333334,45627515.520833336,36720504.5
"(np.float64(1.0), 270, 110, 35, 15)",houghCircle,0.8104166666666667,42372591.21041667,32658890.5
"(np.float64(1.0), 270, 110, 40, 5)",houghCircle,0.6208333333333333,58493456.66041667,46388818.5
"(np.float64(1.0), 270, 110, 40, 10)",houghCircle,0.65,42193327.45625,35049319.5
"(np.float64(1.0), 270, 110, 40, 15)",houghCircle,0.6854166666666667,44900304.90208333,35144398.0
"(np.float64(1.0), 270, 110, 45, 5)",houghCircle,0.30833333333333335,45520163.202083334,36729701.5
"(np.float64(1.0), 270, 110, 45, 10)",houghCircle,0.3229166666666667,43748531.90833333,34718849.0
"(np.float64(1.0), 270, 110, 45, 15)",houghCircle,0.33541666666666664,45486701.166666664,35597806.5
"(np.float64(1.0), 270, 120, 30, 5)",houghCircle,0.6458333333333334,45074031.28958333,35497855.5
"(np.float64(1.0), 270, 120, 30, 10)",houghCircle,0.7145833333333333,45670368.922916666,36166982.0
"(np.float64(1.0), 270, 120, 30, 15)",houghCircle,0.8145833333333333,41718472.645833336,34056055.5
"(np.float64(1.0), 270, 120, 35, 5)",houghCircle,0.7083333333333334,44444596.68958333,35348329.5
"(np.float64(1.0), 270, 120, 35, 10)",houghCircle,0.7395833333333334,44170407.45625,34874356.0
"(np.float64(1.0), 270, 120, 35, 15)",houghCircle,0.8020833333333334,42772882.525,33488045.0
"(np.float64(1.0), 270, 120, 40, 5)",houghCircle,0.6229166666666667,56122273.275,46119467.5
"(np.float64(1.0), 270, 120, 40, 10)",houghCircle,0.6458333333333334,42780766.71041667,34018720.5
"(np.float64(1.0), 270, 120, 40, 15)",houghCircle,0.6833333333333333,43481119.37291667,33802630.0
"(np.float64(1.0), 270, 120, 45, 5)",houghCircle,0.28125,45602749.43333333,35906627.5
"(np.float64(1.0), 270, 120, 45, 10)",houghCircle,0.2916666666666667,42329166.239583336,34680181.5
"(np.float64(1.0), 270, 120, 45, 15)",houghCircle,0.30416666666666664,42611669.0125,34656817.0
"(np.float64(1.0), 270, 130, 30, 5)",houghCircle,0.6583333333333333,42950392.71875,34685071.5
"(np.float64(1.0), 270, 130, 30, 10)",houghCircle,0.7208333333333333,42210416.510416664,34549456.5
"(np.float64(1.0), 270, 130, 30, 15)",houghCircle,0.81875,47107569.89791667,34478858.0
"(np.float64(1.0), 270, 130, 35, 5)",houghCircle,0.7020833333333333,43651359.71041667,34618154.5
"(np.float64(1.0), 270, 130, 35, 10)",houghCircle,0.7333333333333333,46822540.52916667,36301688.0
"(np.float64(1.0), 270, 130, 35, 15)",houghCircle,0.8,43065255.25416667,34160903.0
"(np.float64(1.0), 270, 130, 40, 5)",houghCircle,0.6145833333333334,53943301.51875,44808965.0
"(np.float64(1.0), 270, 130, 40, 10)",houghCircle,0.6395833333333333,43178146.58958333,34197391.0
"(np.float64(1.0), 270, 130, 40, 15)",houghCircle,0.6770833333333334,43599486.6875,33432712.0
"(np.float64(1.0), 270, 130, 45, 5)",houghCircle,0.24166666666666667,42639753.047916666,34288947.5
"(np.float64(1.0), 270, 130, 45, 10)",houghCircle,0.25416666666666665,46189496.70625,35243733.5
"(np.float64(1.0), 270, 130, 45, 15)",houghCircle,0.2625,41648493.71875,34414127.5
"(np.float64(1.0), 270, 140, 30, 5)",houghCircle,0.6666666666666666,43092505.954166666,33819267.0
"(np.float64(1.0), 270, 140, 30, 10)",houghCircle,0.7270833333333333,43272787.60208333,34948764.5
"(np.float64(1.0), 270, 140, 30, 15)",houghCircle,0.8125,45666800.135416664,34727023.0
"(np.float64(1.0), 270, 140, 35, 5)",houghCircle,0.6979166666666666,42288366.85625,34320346.5
"(np.float64(1.0), 270, 140, 35, 10)",houghCircle,0.7291666666666666,43105287.97708333,33823494.5
"(np.float64(1.0), 270, 140, 35, 15)",houghCircle,0.7958333333333333,55325353.56875,43520396.5
"(np.float64(1.0), 270, 140, 40, 5)",houghCircle,0.6208333333333333,42764286.1875,34129318.0
"(np.float64(1.0), 270, 140, 40, 10)",houghCircle,0.6416666666666667,44916731.760416664,33595948.5
"(np.float64(1.0), 270, 140, 40, 15)",houghCircle,0.6791666666666667,43289946.329166666,33737883.0
"(np.float64(1.0), 270, 140, 45, 5)",houghCircle,0.23333333333333334,44301490.99791667,34895717.0
"(np.float64(1.0), 270, 140, 45, 10)",houghCircle,0.24791666666666667,43497328.16875,33133910.5
"(np.float64(1.0), 270, 140, 45, 15)",houghCircle,0.2520833333333333,42599683.5,33077990.5
"(np.float64(1.0), 270, 150, 30, 5)",houghCircle,0.6833333333333333,43211205.4,33824866.5
"(np.float64(1.0), 270, 150, 30, 10)",houghCircle,0.7333333333333333,44261581.016666666,33972930.0
"(np.float64(1.0), 270, 150, 30, 15)",houghCircle,0.8125,43932284.93333333,32725584.0
"(np.float64(1.0), 270, 150, 35, 5)",houghCircle,0.7,42906571.28958333,33632061.0
"(np.float64(1.0), 270, 150, 35, 10)",houghCircle,0.7291666666666666,40734201.39375,32593923.0
"(np.float64(1.0), 270, 150, 35, 15)",houghCircle,0.7958333333333333,45577548.885416664,32990861.5
"(np.float64(1.0), 270, 150, 40, 5)",houghCircle,0.6166666666666667,44582074.864583336,33506405.5
"(np.float64(1.0), 270, 150, 40, 10)",houghCircle,0.6375,55221487.21041667,42918436.5
"(np.float64(1.0), 270, 150, 40, 15)",houghCircle,0.675,43437547.24583333,33946745.0
"(np.float64(1.0), 270, 150, 45, 5)",houghCircle,0.22708333333333333,42487909.041666664,33477776.0
"(np.float64(1.0), 270, 150, 45, 10)",houghCircle,0.23958333333333334,43038768.96666667,33868593.5
"(np.float64(1.0), 270, 150, 45, 15)",houghCircle,0.24375,41506469.81875,32728826.0
"(np.float64(1.0), 270, 160, 30, 5)",houghCircle,0.68125,44839512.08125,33828689.5
"(np.float64(1.0), 270, 160, 30, 10)",houghCircle,0.73125,43492971.61666667,32958868.0
"(np.float64(1.0), 270, 160, 30, 15)",houghCircle,0.8125,41555173.360416666,32147130.0
"(np.float64(1.0), 270, 160, 35, 5)",houghCircle,0.7020833333333333,42777514.0625,33396678.0
"(np.float64(1.0), 270, 160, 35, 10)",houghCircle,0.7333333333333333,42677333.71041667,33804178.0
"(np.float64(1.0), 270, 160, 35, 15)",houghCircle,0.7979166666666667,43364475.854166664,32394539.0
"(np.float64(1.0), 270, 160, 40, 5)",houghCircle,0.6208333333333333,42121954.43541667,33033227.0
"(np.float64(1.0), 270, 160, 40, 10)",houghCircle,0.6395833333333333,57369927.40208333,42721497.5
"(np.float64(1.0), 270, 160, 40, 15)",houghCircle,0.6770833333333334,40906812.03333333,31469593.5
"(np.float64(1.0), 270, 160, 45, 5)",houghCircle,0.22083333333333333,43044310.422916666,33431543.5
"(np.float64(1.0), 270, 160, 45, 10)",houghCircle,0.23541666666666666,41608162.11875,32410403.0
"(np.float64(1.0), 270, 160, 45, 15)",houghCircle,0.2375,41809546.33958333,32790691.5
"(np.float64(1.0), 270, 170, 30, 5)",houghCircle,0.6875,42197817.73125,32081121.0
"(np.float64(1.0), 270, 170, 30, 10)",houghCircle,0.7333333333333333,42872742.15,32505732.0
"(np.float64(1.0), 270, 170, 30, 15)",houghCircle,0.8104166666666667,41837165.65416667,32166771.0
"(np.float64(1.0), 270, 170, 35, 5)",houghCircle,0.7020833333333333,41807409.6,33424631.5
"(np.float64(1.0), 270, 170, 35, 10)",houghCircle,0.7291666666666666,44194739.177083336,33129468.0
"(np.float64(1.0), 270, 170, 35, 15)",houghCircle,0.79375,42131677.572916664,32435576.0
"(np.float64(1.0), 270, 170, 40, 5)",houghCircle,0.61875,41317341.6375,32934812.5
"(np.float64(1.0), 270, 170, 40, 10)",houghCircle,0.6375,51763966.72083333,42763087.0
"(np.float64(1.0), 270, 170, 40, 15)",houghCircle,0.6729166666666667,43524778.079166666,31928059.0
"(np.float64(1.0), 270, 170, 45, 5)",houghCircle,0.22291666666666668,42359040.3,32909044.0
"(np.float64(1.0), 270, 170, 45, 10)",houghCircle,0.23541666666666666,43705705.90416667,32506674.0
"(np.float64(1.0), 270, 170, 45, 15)",houghCircle,0.2375,42965725.05,33139277.0
"(np.float64(1.0), 270, 180, 30, 5)",houghCircle,0.6854166666666667,45319425.98125,33433583.0
"(np.float64(1.0), 270, 180, 30, 10)",houghCircle,0.7333333333333333,41714281.46458333,32295688.0
"(np.float64(1.0), 270, 180, 30, 15)",houghCircle,0.80625,42022531.46875,31312978.5
"(np.float64(1.0), 270, 180, 35, 5)",houghCircle,0.70625,43323133.80833333,33009252.5
"(np.float64(1.0), 270, 180, 35, 10)",houghCircle,0.7291666666666666,42123236,32655202.5
"(np.float64(1.0), 270, 180, 35, 15)",houghCircle,0.7916666666666666,50263642.35208333,39311941.0
"(np.float64(1.0), 270, 180, 40, 5)",houghCircle,0.6208333333333333,42832148.0375,33317825.0
"(np.float64(1.0), 270, 180, 40, 10)",houghCircle,0.6395833333333333,39991695.55625,32322148.0
"(np.float64(1.0), 270, 180, 40, 15)",houghCircle,0.6729166666666667,40019140.50833333,31950831.5
"(np.float64(1.0), 270, 180, 45, 5)",houghCircle,0.22291666666666668,43521557.645833336,32725173.5
"(np.float64(1.0), 270, 180, 45, 10)",houghCircle,0.23541666666666666,46316161.5125,33929934.5
"(np.float64(1.0), 270, 180, 45, 15)",houghCircle,0.2375,42887911.43541667,31549999.0
"(np.float64(1.0), 270, 190, 30, 5)",houghCircle,0.6875,40505923.989583336,31728594.0
"(np.float64(1.0), 270, 190, 30, 10)",houghCircle,0.725,39934534.58958333,32399698.5
"(np.float64(1.0), 270, 190, 30, 15)",houghCircle,0.7979166666666667,42297145.87083333,32046837.5
"(np.float64(1.0), 270, 190, 35, 5)",houghCircle,0.6958333333333333,42005432.739583336,33519088.5
"(np.float64(1.0), 270, 190, 35, 10)",houghCircle,0.71875,40340104.07083333,32206716.5
"(np.float64(1.0), 270, 190, 35, 15)",houghCircle,0.78125,40068711.8875,30750725.0
"(np.float64(1.0), 270, 190, 40, 5)",houghCircle,0.6145833333333334,52137330.30625,41111457.5
"(np.float64(1.0), 270, 190, 40, 10)",houghCircle,0.6333333333333333,42094176.28541667,32210324.0
"(np.float64(1.0), 270, 190, 40, 15)",houghCircle,0.6666666666666666,39559136.37083333,31056157.0
"(np.float64(1.0), 270, 190, 45, 5)",houghCircle,0.22291666666666668,45495715.125,32662045.0
"(np.float64(1.0), 270, 190, 45, 10)",houghCircle,0.23541666666666666,42996517.28125,32388392.0
"(np.float64(1.0), 270, 190, 45, 15)",houghCircle,0.2375,41281234.010416664,31628096.0
"(np.float64(1.0), 270, 200, 30, 5)",houghCircle,0.68125,47459194.3375,34112997.0
"(np.float64(1.0), 270, 200, 30, 10)",houghCircle,0.71875,41790512.7875,31972401.5
"(np.float64(1.0), 270, 200, 30, 15)",houghCircle,0.7916666666666666,42782021.80416667,31285277.5
"(np.float64(1.0), 270, 200, 35, 5)",houghCircle,0.69375,43432353.70625,33045684.5
"(np.float64(1.0), 270, 200, 35, 10)",houghCircle,0.7229166666666667,41333886.38333333,32297361.5
"(np.float64(1.0), 270, 200, 35, 15)",houghCircle,0.78125,42272051.68125,31590069.0
"(np.float64(1.0), 270, 200, 40, 5)",houghCircle,0.6125,51384623.7875,41824726.5
"(np.float64(1.0), 270, 200, 40, 10)",houghCircle,0.6333333333333333,42897611.31875,31942125.5
"(np.float64(1.0), 270, 200, 40, 15)",houghCircle,0.6666666666666666,43852093.0375,32236347.0
"(np.float64(1.0), 270, 200, 45, 5)",houghCircle,0.22291666666666668,43761002.25416667,33371747.5
"(np.float64(1.0), 270, 200, 45, 10)",houghCircle,0.23541666666666666,44176054.108333334,32138724.0
"(np.float64(1.0), 270, 200, 45, 15)",houghCircle,0.2375,42924600.96041667,31878891.5
"(np.float64(1.0), 270, 210, 30, 5)",houghCircle,0.6770833333333334,41095232.78958333,32083520.0
"(np.float64(1.0), 270, 210, 30, 10)",houghCircle,0.7166666666666667,40105260.71458333,31236927.0
"(np.float64(1.0), 270, 210, 30, 15)",houghCircle,0.7854166666666667,39759189.91458333,30938973.0
"(np.float64(1.0), 270, 210, 35, 5)",houghCircle,0.69375,41042975.37708333,31799512.5
"(np.float64(1.0), 270, 210, 35, 10)",houghCircle,0.725,40141240.025,31883415.0
"(np.float64(1.0), 270, 210, 35, 15)",houghCircle,0.78125,43294477.08958333,31265665.5
"(np.float64(1.0), 270, 210, 40, 5)",houghCircle,0.6125,51988238.114583336,41298216.5
"(np.float64(1.0), 270, 210, 40, 10)",houghCircle,0.6333333333333333,40698943.94166667,30909582.5
"(np.float64(1.0), 270, 210, 40, 15)",houghCircle,0.6666666666666666,44796379.8625,32759243.0
"(np.float64(1.0), 270, 210, 45, 5)",houghCircle,0.22291666666666668,41969588.760416664,32183160.5
"(np.float64(1.0), 270, 210, 45, 10)",houghCircle,0.23541666666666666,39875750.22708333,31832960.0
"(np.float64(1.0), 270, 210, 45, 15)",houghCircle,0.2375,41597814.8625,31127065.5
"(np.float64(1.0), 270, 220, 30, 5)",houghCircle,0.6791666666666667,41698434.56666667,32718155.5
"(np.float64(1.0), 270, 220, 30, 10)",houghCircle,0.7125,42756095.66875,32030095.0
"(np.float64(1.0), 270, 220, 30, 15)",houghCircle,0.7854166666666667,41418159.297916666,31366830.5
"(np.float64(1.0), 270, 220, 35, 5)",houghCircle,0.6875,40632648.46875,31166400.0
"(np.float64(1.0), 270, 220, 35, 10)",houghCircle,0.7229166666666667,39214059.52916667,30987770.0
"(np.float64(1.0), 270, 220, 35, 15)",houghCircle,0.7770833333333333,54265670.37708333,41148577.0
"(np.float64(1.0), 270, 220, 40, 5)",houghCircle,0.6145833333333334,43847142.7,33831343.5
"(np.float64(1.0), 270, 220, 40, 10)",houghCircle,0.6333333333333333,37033101.87291667,31348772.0
"(np.float64(1.0), 270, 220, 40, 15)",houghCircle,0.6666666666666666,42761956.5875,31074348.5
"(np.float64(1.0), 270, 220, 45, 5)",houghCircle,0.22291666666666668,40046016.98125,31450988.5
"(np.float64(1.0), 270, 220, 45, 10)",houghCircle,0.23541666666666666,41368482.485416666,31856910.0
"(np.float64(1.0), 270, 220, 45, 15)",houghCircle,0.2375,41016632.49583333,31271767.0
"(np.float64(1.0), 270, 230, 30, 5)",houghCircle,0.6791666666666667,41284476.97291667,32257341.5
"(np.float64(1.0), 270, 230, 30, 10)",houghCircle,0.7104166666666667,42923305.87708333,32109328.5
"(np.float64(1.0), 270, 230, 30, 15)",houghCircle,0.78125,39412327.62708333,30404335.0
"(np.float64(1.0), 270, 230, 35, 5)",houghCircle,0.6895833333333333,40665698.81875,31978202.5
"(np.float64(1.0), 270, 230, 35, 10)",houghCircle,0.725,40901228.80625,31843760.0
"(np.float64(1.0), 270, 230, 35, 15)",houghCircle,0.7770833333333333,39854680.65208333,30497390.0
"(np.float64(1.0), 270, 230, 40, 5)",houghCircle,0.6166666666666667,41356339.1125,31726044.5
"(np.float64(1.0), 270, 230, 40, 10)",houghCircle,0.6333333333333333,54882786.73125,42008339.5
"(np.float64(1.0), 270, 230, 40, 15)",houghCircle,0.6666666666666666,39340358.5375,30495660.5
"(np.float64(1.0), 270, 230, 45, 5)",houghCircle,0.22291666666666668,40989407.27708333,32335342.5
"(np.float64(1.0), 270, 230, 45, 10)",houghCircle,0.23541666666666666,43446876.77916667,32038140.0
"(np.float64(1.0), 270, 230, 45, 15)",houghCircle,0.2375,39220681.95625,31164055.5
"(np.float64(1.0), 270, 240, 30, 5)",houghCircle,0.6791666666666667,41179137.38333333,32262054.5
"(np.float64(1.0), 270, 240, 30, 10)",houghCircle,0.7104166666666667,39183697.485416666,31039471.5
"(np.float64(1.0), 270, 240, 30, 15)",houghCircle,0.7833333333333333,41718168.954166666,30996125.5
"(np.float64(1.0), 270, 240, 35, 5)",houghCircle,0.6979166666666666,43507585.77291667,31765138.0
"(np.float64(1.0), 270, 240, 35, 10)",houghCircle,0.7291666666666666,41512119.77291667,31519517.0
"(np.float64(1.0), 270, 240, 35, 15)",houghCircle,0.7770833333333333,41618151.75,30656402.5
"(np.float64(1.0), 270, 240, 40, 5)",houghCircle,0.6166666666666667,41609277.3875,31567847.5
"(np.float64(1.0), 270, 240, 40, 10)",houghCircle,0.6395833333333333,53313796.15416667,40642000.5
"(np.float64(1.0), 270, 240, 40, 15)",houghCircle,0.66875,41156824.06041667,31352173.0
"(np.float64(1.0), 270, 240, 45, 5)",houghCircle,0.225,40520754.677083336,31482372.5
"(np.float64(1.0), 270, 240, 45, 10)",houghCircle,0.23541666666666666,39671571.18125,30525021.5
"(np.float64(1.0), 270, 240, 45, 15)",houghCircle,0.2375,39401863.34166667,30742925.0
"(np.float64(1.0), 270, 250, 30, 5)",houghCircle,0.68125,41605902.135416664,31387293.0
"(np.float64(1.0), 270, 250, 30, 10)",houghCircle,0.7125,41658646.1875,31557428.5
"(np.float64(1.0), 270, 250, 30, 15)",houghCircle,0.7833333333333333,43102665.22291667,31020863.5
"(np.float64(1.0), 270, 250, 35, 5)",houghCircle,0.6979166666666666,40886152.66458333,31444070.5
"(np.float64(1.0), 270, 250, 35, 10)",houghCircle,0.7291666666666666,38886705.62291667,30898447.5
"(np.float64(1.0), 270, 250, 35, 15)",houghCircle,0.7770833333333333,41888328.18958333,30285657.0
"(np.float64(1.0), 270, 250, 40, 5)",houghCircle,0.61875,40704301.94375,31638124.5
"(np.float64(1.0), 270, 250, 40, 10)",houghCircle,0.6395833333333333,41798245.28125,30812985.5
"(np.float64(1.0), 270, 250, 40, 15)",houghCircle,0.66875,51449795.96041667,40419589.0
"(np.float64(1.0), 270, 250, 45, 5)",houghCircle,0.225,41039147.177083336,31767041.0
"(np.float64(1.0), 270, 250, 45, 10)",houghCircle,0.23541666666666666,40920871.858333334,30766228.5
"(np.float64(1.0), 270, 250, 45, 15)",houghCircle,0.2375,43213412.45,31459234.0
"(np.float64(1.0), 270, 260, 30, 5)",houghCircle,0.6875,39466650.85625,30786612.5
"(np.float64(1.0), 270, 260, 30, 10)",houghCircle,0.7145833333333333,41665553.360416666,30833029.0
"(np.float64(1.0), 270, 260, 30, 15)",houghCircle,0.7895833333333333,40355998.770833336,30997246.5
"(np.float64(1.0), 270, 260, 35, 5)",houghCircle,0.6979166666666666,40727495.510416664,31842186.5
"(np.float64(1.0), 270, 260, 35, 10)",houghCircle,0.7291666666666666,39399968.35208333,31281326.0
"(np.float64(1.0), 270, 260, 35, 15)",houghCircle,0.7770833333333333,42426476.19375,30546176.0
"(np.float64(1.0), 270, 260, 40, 5)",houghCircle,0.61875,40821308.33541667,31777515.5
"(np.float64(1.0), 270, 260, 40, 10)",houghCircle,0.6375,56597175.78958333,40443348.0
"(np.float64(1.0), 270, 260, 40, 15)",houghCircle,0.6666666666666666,39820286.235416666,30393034.0
"(np.float64(1.0), 270, 260, 45, 5)",houghCircle,0.225,39853087.6375,31397624.0
"(np.float64(1.0), 270, 260, 45, 10)",houghCircle,0.23541666666666666,41387208.325,31234021.5
"(np.float64(1.0), 270, 260, 45, 15)",houghCircle,0.2375,43125240.735416666,31441271.0
"(np.float64(1.0), 270, 270, 30, 5)",houghCircle,0.69375,43649473.19375,31841100.5
"(np.float64(1.0), 270, 270, 30, 10)",houghCircle,0.7166666666666667,41159185.14791667,30437432.5
"(np.float64(1.0), 270, 270, 30, 15)",houghCircle,0.7895833333333333,43850823.139583334,31419189.0
"(np.float64(1.0), 270, 270, 35, 5)",houghCircle,0.6979166666666666,41321318.97291667,31779434.0
"(np.float64(1.0), 270, 270, 35, 10)",houghCircle,0.7333333333333333,37382700.170833334,30503857.0
"(np.float64(1.0), 270, 270, 35, 15)",houghCircle,0.7791666666666667,38332518.86666667,30277251.0
"(np.float64(1.0), 270, 270, 40, 5)",houghCircle,0.6166666666666667,39767679.97083333,30863241.0
"(np.float64(1.0), 270, 270, 40, 10)",houghCircle,0.6375,42982466.16458333,32284055.5
"(np.float64(1.0), 270, 270, 40, 15)",houghCircle,0.6666666666666666,41801599.8625,31208789.0
"(np.float64(1.0), 270, 270, 45, 5)",houghCircle,0.225,54072643.75416667,41104944.5
"(np.float64(1.0), 270, 270, 45, 10)",houghCircle,0.23541666666666666,40768610.40208333,31580982.5
"(np.float64(1.0), 270, 270, 45, 15)",houghCircle,0.2375,41876550.58958333,29839876.5
"(np.float64(1.0), 270, 280, 30, 5)",houghCircle,0.6979166666666666,39934104.364583336,31010273.5
"(np.float64(1.0), 270, 280, 30, 10)",houghCircle,0.7166666666666667,38914588.052083336,30488983.0
"(np.float64(1.0), 270, 280, 30, 15)",houghCircle,0.79375,41238648.81875,29983304.0
"(np.float64(1.0), 270, 280, 35, 5)",houghCircle,0.7,39907705.05833333,30770651.5
"(np.float64(1.0), 270, 280, 35, 10)",houghCircle,0.7375,41025191.44166667,30850131.0
"(np.float64(1.0), 270, 280, 35, 15)",houghCircle,0.7791666666666667,44105505.579166666,31851896.0
"(np.float64(1.0), 270, 280, 40, 5)",houghCircle,0.6166666666666667,40702721.979166664,30801234.5
"(np.float64(1.0), 270, 280, 40, 10)",houghCircle,0.6395833333333333,38088363.4875,30411238.0
"(np.float64(1.0), 270, 280, 40, 15)",houghCircle,0.66875,40088615.61666667,30496092.0
"(np.float64(1.0), 270, 280, 45, 5)",houghCircle,0.225,39834124.57083333,31113511.0
"(np.float64(1.0), 270, 280, 45, 10)",houghCircle,0.23541666666666666,51531481.025,40494032.0
"(np.float64(1.0), 270, 280, 45, 15)",houghCircle,0.2375,38844962.00833333,29578861.5
"(np.float64(1.0), 270, 290, 30, 5)",houghCircle,0.7020833333333333,40698157.927083336,31248373.0
"(np.float64(1.0), 270, 290, 30, 10)",houghCircle,0.7229166666666667,40510049.8875,31032995.5
"(np.float64(1.0), 270, 290, 30, 15)",houghCircle,0.7979166666666667,39978511.44583333,30195904.0
"(np.float64(1.0), 270, 290, 35, 5)",houghCircle,0.7083333333333334,44097927.45625,32049606.0
"(np.float64(1.0), 270, 290, 35, 10)",houghCircle,0.7375,41849274.12291667,31929301.0
"(np.float64(1.0), 270, 290, 35, 15)",houghCircle,0.78125,40615737.12083333,30748299.0
"(np.float64(1.0), 270, 290, 40, 5)",houghCircle,0.6166666666666667,40523426.014583334,31067774.0
"(np.float64(1.0), 270, 290, 40, 10)",houghCircle,0.6395833333333333,42210278.760416664,31434137.0
"(np.float64(1.0), 270, 290, 40, 15)",houghCircle,0.66875,42426656.702083334,30605737.0
"(np.float64(1.0), 270, 290, 45, 5)",houghCircle,0.225,39971816.13333333,30390458.5
"(np.float64(1.0), 270, 290, 45, 10)",houghCircle,0.23541666666666666,45855202.829166666,36274547.5
"(np.float64(1.0), 270, 290, 45, 15)",houghCircle,0.2375,39808853.7625,30443308.5
"(np.float64(1.0), 280, 100, 30, 5)",houghCircle,0.6020833333333333,44164193.1125,36530217.5
"(np.float64(1.0), 280, 100, 30, 10)",houghCircle,0.6958333333333333,47969841.204166666,37304230.0
"(np.float64(1.0), 280, 100, 30, 15)",houghCircle,0.8104166666666667,50541657.28125,37729256.5
"(np.float64(1.0), 280, 100, 35, 5)",houghCircle,0.7104166666666667,47130195.00416667,38266576.0
"(np.float64(1.0), 280, 100, 35, 10)",houghCircle,0.74375,46978038.452083334,37737548.0
"(np.float64(1.0), 280, 100, 35, 15)",houghCircle,0.8104166666666667,45498966.80833333,36168538.0
"(np.float64(1.0), 280, 100, 40, 5)",houghCircle,0.6520833333333333,45551861.28958333,36526610.5
"(np.float64(1.0), 280, 100, 40, 10)",houghCircle,0.6916666666666667,47597150.98125,36844007.0
"(np.float64(1.0), 280, 100, 40, 15)",houghCircle,0.7229166666666667,44366256.52708333,35731222.5
"(np.float64(1.0), 280, 100, 45, 5)",houghCircle,0.375,56177766.614583336,44777039.0
"(np.float64(1.0), 280, 100, 45, 10)",houghCircle,0.3875,44699123.53541667,35416529.0
"(np.float64(1.0), 280, 100, 45, 15)",houghCircle,0.3958333333333333,44410074.80416667,36926004.5
"(np.float64(1.0), 280, 110, 30, 5)",houghCircle,0.6333333333333333,45981659.96041667,36982616.0
"(np.float64(1.0), 280, 110, 30, 10)",houghCircle,0.70625,45331067.43958333,36227439.5
"(np.float64(1.0), 280, 110, 30, 15)",houghCircle,0.8104166666666667,43670308.00625,34817669.5
"(np.float64(1.0), 280, 110, 35, 5)",houghCircle,0.7083333333333334,43698922.37291667,35630088.0
"(np.float64(1.0), 280, 110, 35, 10)",houghCircle,0.7416666666666667,44730413.239583336,36310325.0
"(np.float64(1.0), 280, 110, 35, 15)",houghCircle,0.8104166666666667,42536453.90833333,34241699.5
"(np.float64(1.0), 280, 110, 40, 5)",houghCircle,0.625,47047407.8125,37369307.0
"(np.float64(1.0), 280, 110, 40, 10)",houghCircle,0.6520833333333333,45508782.43333333,35490311.0
"(np.float64(1.0), 280, 110, 40, 15)",houghCircle,0.6854166666666667,55229328.66458333,44260730.5
"(np.float64(1.0), 280, 110, 45, 5)",houghCircle,0.3104166666666667,48271246.85208333,38135509.0
"(np.float64(1.0), 280, 110, 45, 10)",houghCircle,0.325,46703161.24791667,36336514.0
"(np.float64(1.0), 280, 110, 45, 15)",houghCircle,0.33541666666666664,45707372.0375,35307378.5
"(np.float64(1.0), 280, 120, 30, 5)",houghCircle,0.6541666666666667,45328847.3125,36415767.5
"(np.float64(1.0), 280, 120, 30, 10)",houghCircle,0.7166666666666667,43474094.325,35074817.0
"(np.float64(1.0), 280, 120, 30, 15)",houghCircle,0.8166666666666667,41502866.90416667,34635288.0
"(np.float64(1.0), 280, 120, 35, 5)",houghCircle,0.7104166666666667,46010566.12291667,35584191.5
"(np.float64(1.0), 280, 120, 35, 10)",houghCircle,0.74375,45715028.83541667,35862820.5
"(np.float64(1.0), 280, 120, 35, 15)",houghCircle,0.8020833333333334,43064198.208333336,34704372.0
"(np.float64(1.0), 280, 120, 40, 5)",houghCircle,0.6270833333333333,53959638.59583333,42899922.0
"(np.float64(1.0), 280, 120, 40, 10)",houghCircle,0.6479166666666667,47349893.235416666,35388263.5
"(np.float64(1.0), 280, 120, 40, 15)",houghCircle,0.6833333333333333,43626052.61666667,33996043.0
"(np.float64(1.0), 280, 120, 45, 5)",houghCircle,0.28125,44097245.052083336,35746969.0
"(np.float64(1.0), 280, 120, 45, 10)",houghCircle,0.29375,46444167.49583333,35434790.5
"(np.float64(1.0), 280, 120, 45, 15)",houghCircle,0.30416666666666664,41210966.60208333,33608475.5
"(np.float64(1.0), 280, 130, 30, 5)",houghCircle,0.6645833333333333,44692295.69166667,34839485.5
"(np.float64(1.0), 280, 130, 30, 10)",houghCircle,0.7229166666666667,44811081.77708333,33660358.0
"(np.float64(1.0), 280, 130, 30, 15)",houghCircle,0.8208333333333333,43819581.13333333,33392671.0
"(np.float64(1.0), 280, 130, 35, 5)",houghCircle,0.70625,42907441.91458333,34837007.5
"(np.float64(1.0), 280, 130, 35, 10)",houghCircle,0.7375,46350442.329166666,35174568.5
"(np.float64(1.0), 280, 130, 35, 15)",houghCircle,0.8,44530382.614583336,33722815.5
"(np.float64(1.0), 280, 130, 40, 5)",houghCircle,0.61875,44433721.12083333,35383470.5
"(np.float64(1.0), 280, 130, 40, 10)",houghCircle,0.6416666666666667,47218524.072916664,35695561.0
"(np.float64(1.0), 280, 130, 40, 15)",houghCircle,0.6770833333333334,50359756.44375,40801325.0
"(np.float64(1.0), 280, 130, 45, 5)",houghCircle,0.24166666666666667,45833644.516666666,34841784.5
"(np.float64(1.0), 280, 130, 45, 10)",houghCircle,0.25625,44757861.020833336,34989281.0
"(np.float64(1.0), 280, 130, 45, 15)",houghCircle,0.2625,45308603.235416666,33746861.0
"(np.float64(1.0), 280, 140, 30, 5)",houghCircle,0.66875,43956625.5625,35044209.5
"(np.float64(1.0), 280, 140, 30, 10)",houghCircle,0.7291666666666666,40544383.21041667,32903038.0
"(np.float64(1.0), 280, 140, 30, 15)",houghCircle,0.8145833333333333,39877517.84791667,32990723.0
"(np.float64(1.0), 280, 140, 35, 5)",houghCircle,0.7020833333333333,46931733.43125,35050174.5
"(np.float64(1.0), 280, 140, 35, 10)",houghCircle,0.7333333333333333,45615942.42916667,33918258.0
"(np.float64(1.0), 280, 140, 35, 15)",houghCircle,0.7958333333333333,43940942.833333336,33804759.5
"(np.float64(1.0), 280, 140, 40, 5)",houghCircle,0.625,45217760.0125,34714982.5
"(np.float64(1.0), 280, 140, 40, 10)",houghCircle,0.64375,45217792.833333336,35342558.5
"(np.float64(1.0), 280, 140, 40, 15)",houghCircle,0.6791666666666667,49174045.62708333,37874740.0
"(np.float64(1.0), 280, 140, 45, 5)",houghCircle,0.23333333333333334,43538460.702083334,33823250.5
"(np.float64(1.0), 280, 140, 45, 10)",houghCircle,0.24791666666666667,42824384.30416667,33394159.0
"(np.float64(1.0), 280, 140, 45, 15)",houghCircle,0.2520833333333333,40985701.854166664,33146825.5
"(np.float64(1.0), 280, 150, 30, 5)",houghCircle,0.6833333333333333,43670347.233333334,33976382.0
"(np.float64(1.0), 280, 150, 30, 10)",houghCircle,0.7354166666666667,41755103.68333333,33119970.5
"(np.float64(1.0), 280, 150, 30, 15)",houghCircle,0.8145833333333333,42833831.81666667,32605334.5
"(np.float64(1.0), 280, 150, 35, 5)",houghCircle,0.7041666666666667,44932010.19166667,34808547.5
"(np.float64(1.0), 280, 150, 35, 10)",houghCircle,0.7333333333333333,42097623.02708333,33397278.0
"(np.float64(1.0), 280, 150, 35, 15)",houghCircle,0.7958333333333333,44657545.9125,34287431.0
"(np.float64(1.0), 280, 150, 40, 5)",houghCircle,0.6208333333333333,49593258.40833333,39744402.5
"(np.float64(1.0), 280, 150, 40, 10)",houghCircle,0.6395833333333333,44422634.895833336,33970380.5
"(np.float64(1.0), 280, 150, 40, 15)",houghCircle,0.675,41044434.72708333,32154789.0
"(np.float64(1.0), 280, 150, 45, 5)",houghCircle,0.22708333333333333,44950362.389583334,34248772.5
"(np.float64(1.0), 280, 150, 45, 10)",houghCircle,0.23958333333333334,42026092.266666666,32616445.0
"(np.float64(1.0), 280, 150, 45, 15)",houghCircle,0.24375,48183820.9625,34257189.0
"(np.float64(1.0), 280, 160, 30, 5)",houghCircle,0.68125,43525813.77708333,32720054.5
"(np.float64(1.0), 280, 160, 30, 10)",houghCircle,0.7333333333333333,42879943.69375,33548444.0
"(np.float64(1.0), 280, 160, 30, 15)",houghCircle,0.8145833333333333,40089034.608333334,32086020.0
"(np.float64(1.0), 280, 160, 35, 5)",houghCircle,0.7083333333333334,45114523.670833334,34779994.5
"(np.float64(1.0), 280, 160, 35, 10)",houghCircle,0.7354166666666667,44621800.954166666,33832271.0
"(np.float64(1.0), 280, 160, 35, 15)",houghCircle,0.7979166666666667,39642603.41875,31012516.5
"(np.float64(1.0), 280, 160, 40, 5)",houghCircle,0.625,49949049.71666667,39810421.0
"(np.float64(1.0), 280, 160, 40, 10)",houghCircle,0.6416666666666667,46156283.204166666,34247324.5
"(np.float64(1.0), 280, 160, 40, 15)",houghCircle,0.6770833333333334,42339687.489583336,32800900.5
"(np.float64(1.0), 280, 160, 45, 5)",houghCircle,0.22083333333333333,44570387.1625,34012689.5
"(np.float64(1.0), 280, 160, 45, 10)",houghCircle,0.23541666666666666,40077176.1875,32291655.5
"(np.float64(1.0), 280, 160, 45, 15)",houghCircle,0.2375,46168944.53958333,32816160.0
"(np.float64(1.0), 280, 170, 30, 5)",houghCircle,0.6895833333333333,43043307.725,33222757.5
"(np.float64(1.0), 280, 170, 30, 10)",houghCircle,0.7375,40314524.420833334,32278155.0
"(np.float64(1.0), 280, 170, 30, 15)",houghCircle,0.8125,42351317.2375,33263058.0
"(np.float64(1.0), 280, 170, 35, 5)",houghCircle,0.70625,43882417.27291667,33942697.5
"(np.float64(1.0), 280, 170, 35, 10)",houghCircle,0.73125,42031506.4125,32186713.5
"(np.float64(1.0), 280, 170, 35, 15)",houghCircle,0.79375,48790279.0125,38376508.0
"(np.float64(1.0), 280, 170, 40, 5)",houghCircle,0.6229166666666667,45195692.05833333,34527964.0
"(np.float64(1.0), 280, 170, 40, 10)",houghCircle,0.6395833333333333,41139119.047916666,32229730.0
"(np.float64(1.0), 280, 170, 40, 15)",houghCircle,0.6729166666666667,41020306.98125,31670520.5
"(np.float64(1.0), 280, 170, 45, 5)",houghCircle,0.22291666666666668,41906966.70625,32991753.5
"(np.float64(1.0), 280, 170, 45, 10)",houghCircle,0.23541666666666666,44423494.25208333,33620975.0
"(np.float64(1.0), 280, 170, 45, 15)",houghCircle,0.2375,43755698.68541667,32720840.5
"(np.float64(1.0), 280, 180, 30, 5)",houghCircle,0.6875,42339648.06666667,33051722.0
"(np.float64(1.0), 280, 180, 30, 10)",houghCircle,0.7375,39495913.25833333,31730748.0
"(np.float64(1.0), 280, 180, 30, 15)",houghCircle,0.8083333333333333,43022453.26875,31188486.5
"(np.float64(1.0), 280, 180, 35, 5)",houghCircle,0.7083333333333334,51673382.40208333,40251985.5
"(np.float64(1.0), 280, 180, 35, 10)",houghCircle,0.73125,41296867.864583336,32416299.5
"(np.float64(1.0), 280, 180, 35, 15)",houghCircle,0.7916666666666666,40402556.09166667,32072179.0
"(np.float64(1.0), 280, 180, 40, 5)",houghCircle,0.625,43115254.43541667,31993471.0
"(np.float64(1.0), 280, 180, 40, 10)",houghCircle,0.6416666666666667,42837909.025,31757824.0
"(np.float64(1.0), 280, 180, 40, 15)",houghCircle,0.6729166666666667,40657704.50208333,30735015.0
"(np.float64(1.0), 280, 180, 45, 5)",houghCircle,0.22291666666666668,43589236.172916666,32784685.5
"(np.float64(1.0), 280, 180, 45, 10)",houghCircle,0.23541666666666666,44801123.31875,33087855.0
"(np.float64(1.0), 280, 180, 45, 15)",houghCircle,0.2375,39785398.4125,31354071.0
"(np.float64(1.0), 280, 190, 30, 5)",houghCircle,0.6895833333333333,44203865.025,33077293.5
"(np.float64(1.0), 280, 190, 30, 10)",houghCircle,0.7291666666666666,51384171.072916664,39660845.5
"(np.float64(1.0), 280, 190, 30, 15)",houghCircle,0.7979166666666667,44400935.00208333,32232129.0
"(np.float64(1.0), 280, 190, 35, 5)",houghCircle,0.7,47759960.8625,34192662.0
"(np.float64(1.0), 280, 190, 35, 10)",houghCircle,0.7208333333333333,39814407.485416666,32076432.0
"(np.float64(1.0), 280, 190, 35, 15)",houghCircle,0.78125,42196630.54375,32457096.0
"(np.float64(1.0), 280, 190, 40, 5)",houghCircle,0.61875,43553098.22708333,33758474.0
"(np.float64(1.0), 280, 190, 40, 10)",houghCircle,0.6354166666666666,40611265.670833334,31690187.0
"(np.float64(1.0), 280, 190, 40, 15)",houghCircle,0.6666666666666666,40528167.145833336,32128307.0
"(np.float64(1.0), 280, 190, 45, 5)",houghCircle,0.22291666666666668,42947835.8,32894461.0
"(np.float64(1.0), 280, 190, 45, 10)",houghCircle,0.23541666666666666,44920372.875,32983414.0
"(np.float64(1.0), 280, 190, 45, 15)",houghCircle,0.2375,40880954.764583334,31126159.0
"(np.float64(1.0), 280, 200, 30, 5)",houghCircle,0.6833333333333333,50217951.302083336,40117807.5
"(np.float64(1.0), 280, 200, 30, 10)",houghCircle,0.7229166666666667,45570248.6,33720220.5
"(np.float64(1.0), 280, 200, 30, 15)",houghCircle,0.7916666666666666,41693210.22291667,31306678.0
"(np.float64(1.0), 280, 200, 35, 5)",houghCircle,0.6979166666666666,40192712.916666664,31382805.0
"(np.float64(1.0), 280, 200, 35, 10)",houghCircle,0.725,40746510.84375,31078880.0
"(np.float64(1.0), 280, 200, 35, 15)",houghCircle,0.78125,40421780.87083333,31214369.5
"(np.float64(1.0), 280, 200, 40, 5)",houghCircle,0.6166666666666667,40731674.00208333,31717013.0
"(np.float64(1.0), 280, 200, 40, 10)",houghCircle,0.6354166666666666,41888107.71666667,32196587.0
"(np.float64(1.0), 280, 200, 40, 15)",houghCircle,0.6666666666666666,42629013.18333333,31272904.0
"(np.float64(1.0), 280, 200, 45, 5)",houghCircle,0.22291666666666668,42244155.37083333,32773945.0
"(np.float64(1.0), 280, 200, 45, 10)",houghCircle,0.23541666666666666,43074030.10625,32692802.5
"(np.float64(1.0), 280, 200, 45, 15)",houghCircle,0.2375,42904189.14375,32745111.5
"(np.float64(1.0), 280, 210, 30, 5)",houghCircle,0.6791666666666667,42749376.77291667,33000651.0
"(np.float64(1.0), 280, 210, 30, 10)",houghCircle,0.7208333333333333,40430385.28125,32071287.5
"(np.float64(1.0), 280, 210, 30, 15)",houghCircle,0.7854166666666667,41327905.875,31347989.0
"(np.float64(1.0), 280, 210, 35, 5)",houghCircle,0.6979166666666666,43872375.43333333,32526411.0
"(np.float64(1.0), 280, 210, 35, 10)",houghCircle,0.7270833333333333,47544256.59583333,38787017.0
"(np.float64(1.0), 280, 210, 35, 15)",houghCircle,0.78125,42986362.385416664,31583447.0
"(np.float64(1.0), 280, 210, 40, 5)",houghCircle,0.6166666666666667,42415802.82083333,31988772.0
"(np.float64(1.0), 280, 210, 40, 10)",houghCircle,0.6354166666666666,45690945.514583334,33660859.5
"(np.float64(1.0), 280, 210, 40, 15)",houghCircle,0.6666666666666666,42265747.12083333,31627399.0
"(np.float64(1.0), 280, 210, 45, 5)",houghCircle,0.22291666666666668,45727200.18333333,33338459.5
"(np.float64(1.0), 280, 210, 45, 10)",houghCircle,0.23541666666666666,40442514.608333334,31651324.0
"(np.float64(1.0), 280, 210, 45, 15)",houghCircle,0.2375,40422078.07083333,31296623.5
"(np.float64(1.0), 280, 220, 30, 5)",houghCircle,0.68125,39515659.47291667,31646816.0
"(np.float64(1.0), 280, 220, 30, 10)",houghCircle,0.7166666666666667,41723963.23125,31954994.0
"(np.float64(1.0), 280, 220, 30, 15)",houghCircle,0.7854166666666667,50181242.28333333,37898584.5
"(np.float64(1.0), 280, 220, 35, 5)",houghCircle,0.69375,42055469.41041667,32735944.5
"(np.float64(1.0), 280, 220, 35, 10)",houghCircle,0.725,44253800.47708333,32737041.0
"(np.float64(1.0), 280, 220, 35, 15)",houghCircle,0.7770833333333333,42083369.80625,31527892.5
"(np.float64(1.0), 280, 220, 40, 5)",houghCircle,0.61875,41416038.375,31550149.5
"(np.float64(1.0), 280, 220, 40, 10)",houghCircle,0.6354166666666666,42931191.395833336,32548107.5
"(np.float64(1.0), 280, 220, 40, 15)",houghCircle,0.6666666666666666,39901958.735416666,30932716.0
"(np.float64(1.0), 280, 220, 45, 5)",houghCircle,0.22291666666666668,42365551.41458333,32454030.5
"(np.float64(1.0), 280, 220, 45, 10)",houghCircle,0.23541666666666666,39126070.764583334,30387072.0
"(np.float64(1.0), 280, 220, 45, 15)",houghCircle,0.2375,38176844.53125,29938616.0
"(np.float64(1.0), 280, 230, 30, 5)",houghCircle,0.6833333333333333,42086328.360416666,32496915.5
"(np.float64(1.0), 280, 230, 30, 10)",houghCircle,0.7145833333333333,49574602.12708333,38166492.5
"(np.float64(1.0), 280, 230, 30, 15)",houghCircle,0.78125,44249779.989583336,31519112.0
"(np.float64(1.0), 280, 230, 35, 5)",houghCircle,0.6958333333333333,42446435.52291667,33318461.5
"(np.float64(1.0), 280, 230, 35, 10)",houghCircle,0.7270833333333333,41131482.88333333,31834315.5
"(np.float64(1.0), 280, 230, 35, 15)",houghCircle,0.7770833333333333,42980368.7625,31576230.0
"(np.float64(1.0), 280, 230, 40, 5)",houghCircle,0.6208333333333333,41493349.7,32200173.5
"(np.float64(1.0), 280, 230, 40, 10)",houghCircle,0.6354166666666666,42335160.03125,31847713.5
"(np.float64(1.0), 280, 230, 40, 15)",houghCircle,0.6666666666666666,38808778.12291667,29859557.5
"(np.float64(1.0), 280, 230, 45, 5)",houghCircle,0.22291666666666668,45052477.83541667,33183388.0
"(np.float64(1.0), 280, 230, 45, 10)",houghCircle,0.23541666666666666,41204459.12291667,31583843.0
"(np.float64(1.0), 280, 230, 45, 15)",houghCircle,0.2375,49663752.725,38982723.5
"(np.float64(1.0), 280, 240, 30, 5)",houghCircle,0.6833333333333333,40288204.329166666,31585626.0
"(np.float64(1.0), 280, 240, 30, 10)",houghCircle,0.7145833333333333,40939722.10625,31057395.5
"(np.float64(1.0), 280, 240, 30, 15)",houghCircle,0.7833333333333333,40832472.99166667,30479608.0
"(np.float64(1.0), 280, 240, 35, 5)",houghCircle,0.7020833333333333,43209546.27708333,32630506.0
"(np.float64(1.0), 280, 240, 35, 10)",houghCircle,0.73125,43590856.88125,32417145.5
"(np.float64(1.0), 280, 240, 35, 15)",houghCircle,0.7770833333333333,41445894.9125,31387629.5
"(np.float64(1.0), 280, 240, 40, 5)",houghCircle,0.6208333333333333,43040083.922916666,31931825.0
"(np.float64(1.0), 280, 240, 40, 10)",houghCircle,0.6416666666666667,42589718.69166667,32616901.0
"(np.float64(1.0), 280, 240, 40, 15)",houghCircle,0.66875,39202063.88125,30796520.5
"(np.float64(1.0), 280, 240, 45, 5)",houghCircle,0.225,42482960.114583336,31458868.5
"(np.float64(1.0), 280, 240, 45, 10)",houghCircle,0.23541666666666666,47442428.68958333,36024322.5
"(np.float64(1.0), 280, 240, 45, 15)",houghCircle,0.2375,40674855.33125,31040058.0
"(np.float64(1.0), 280, 250, 30, 5)",houghCircle,0.6875,40700151.02916667,31728298.5
"(np.float64(1.0), 280, 250, 30, 10)",houghCircle,0.7166666666666667,41805208.864583336,31251985.5
"(np.float64(1.0), 280, 250, 30, 15)",houghCircle,0.7833333333333333,43209043.8375,30513850.0
"(np.float64(1.0), 280, 250, 35, 5)",houghCircle,0.7020833333333333,38732564.93333333,31638194.5
"(np.float64(1.0), 280, 250, 35, 10)",houghCircle,0.73125,44291576.177083336,32743352.5
"(np.float64(1.0), 280, 250, 35, 15)",houghCircle,0.7770833333333333,43918881.68541667,31536960.0
"(np.float64(1.0), 280, 250, 40, 5)",houghCircle,0.6229166666666667,42109137.91041667,32567619.0
"(np.float64(1.0), 280, 250, 40, 10)",houghCircle,0.6416666666666667,42544949.322916664,31806620.0
"(np.float64(1.0), 280, 250, 40, 15)",houghCircle,0.66875,45614009.09791667,34274656.0
"(np.float64(1.0), 280, 250, 45, 5)",houghCircle,0.225,42957644.63125,31500967.5
"(np.float64(1.0), 280, 250, 45, 10)",houghCircle,0.23541666666666666,42026936.92916667,31219138.0
"(np.float64(1.0), 280, 250, 45, 15)",houghCircle,0.2375,39886408.4,31044385.0
"(np.float64(1.0), 280, 260, 30, 5)",houghCircle,0.69375,40603201.104166664,31790040.0
"(np.float64(1.0), 280, 260, 30, 10)",houghCircle,0.71875,43800865.19166667,31372026.0
"(np.float64(1.0), 280, 260, 30, 15)",houghCircle,0.7895833333333333,39201881.19166667,30093386.5
"(np.float64(1.0), 280, 260, 35, 5)",houghCircle,0.7020833333333333,41143268.84375,31081545.0
"(np.float64(1.0), 280, 260, 35, 10)",houghCircle,0.73125,42956794.37916667,31187840.5
"(np.float64(1.0), 280, 260, 35, 15)",houghCircle,0.7770833333333333,39705220.69583333,30102898.5
"(np.float64(1.0), 280, 260, 40, 5)",houghCircle,0.6229166666666667,50876052.010416664,38740759.5
"(np.float64(1.0), 280, 260, 40, 10)",houghCircle,0.6395833333333333,43314424.15833333,31690303.0
"(np.float64(1.0), 280, 260, 40, 15)",houghCircle,0.6666666666666666,41822303.20625,31000087.5
"(np.float64(1.0), 280, 260, 45, 5)",houghCircle,0.225,41004258.53958333,32122177.5
"(np.float64(1.0), 280, 260, 45, 10)",houghCircle,0.23541666666666666,42935499.583333336,31442412.5
"(np.float64(1.0), 280, 260, 45, 15)",houghCircle,0.2375,38199444.03333333,30279546.5
"(np.float64(1.0), 280, 270, 30, 5)",houghCircle,0.7,40955304.8125,31570932.0
"(np.float64(1.0), 280, 270, 30, 10)",houghCircle,0.7208333333333333,42700537.28958333,32031692.5
"(np.float64(1.0), 280, 270, 30, 15)",houghCircle,0.7895833333333333,42092962.00416667,31350550.0
"(np.float64(1.0), 280, 270, 35, 5)",houghCircle,0.7020833333333333,42295767.40625,32964934.0
"(np.float64(1.0), 280, 270, 35, 10)",houghCircle,0.7354166666666667,41901846.5125,31218551.5
"(np.float64(1.0), 280, 270, 35, 15)",houghCircle,0.7791666666666667,38723631.31875,29846264.0
"(np.float64(1.0), 280, 270, 40, 5)",houghCircle,0.6208333333333333,39414489.91041667,30601720.0
"(np.float64(1.0), 280, 270, 40, 10)",houghCircle,0.6395833333333333,40403710.05833333,30881982.0
"(np.float64(1.0), 280, 270, 40, 15)",houghCircle,0.6666666666666666,39050546.50208333,30335326.0
"(np.float64(1.0), 280, 270, 45, 5)",houghCircle,0.225,49956236.24375,39038979.0
"(np.float64(1.0), 280, 270, 45, 10)",houghCircle,0.23541666666666666,42086059.49791667,31322011.5
"(np.float64(1.0), 280, 270, 45, 15)",houghCircle,0.2375,42423786.47083333,30983891.0
"(np.float64(1.0), 280, 280, 30, 5)",houghCircle,0.7041666666666667,44649006.81041667,32139811.0
"(np.float64(1.0), 280, 280, 30, 10)",houghCircle,0.7208333333333333,41005817.72083333,30716500.5
"(np.float64(1.0), 280, 280, 30, 15)",houghCircle,0.79375,41794682.23125,31173257.0
"(np.float64(1.0), 280, 280, 35, 5)",houghCircle,0.7041666666666667,41868121.6625,31083423.0
"(np.float64(1.0), 280, 280, 35, 10)",houghCircle,0.7395833333333334,41849870.65625,31008763.5
"(np.float64(1.0), 280, 280, 35, 15)",houghCircle,0.7791666666666667,38350784.95625,30624027.5
"(np.float64(1.0), 280, 280, 40, 5)",houghCircle,0.6208333333333333,44464381.639583334,32040710.0
"(np.float64(1.0), 280, 280, 40, 10)",houghCircle,0.6416666666666667,41875744.510416664,31000128.0
"(np.float64(1.0), 280, 280, 40, 15)",houghCircle,0.66875,41742764.56458333,31658473.0
"(np.float64(1.0), 280, 280, 45, 5)",houghCircle,0.225,49566641.58958333,38768633.0
"(np.float64(1.0), 280, 280, 45, 10)",houghCircle,0.23541666666666666,44288906.81875,31642548.0
"(np.float64(1.0), 280, 280, 45, 15)",houghCircle,0.2375,39909386.66875,30174559.0
"(np.float64(1.0), 280, 290, 30, 5)",houghCircle,0.7104166666666667,46215830.15,32453329.0
"(np.float64(1.0), 280, 290, 30, 10)",houghCircle,0.7270833333333333,42170963.87291667,31527651.5
"(np.float64(1.0), 280, 290, 30, 15)",houghCircle,0.7979166666666667,40844439.5625,31412210.0
"(np.float64(1.0), 280, 290, 35, 5)",houghCircle,0.7125,40161339.69166667,31836406.5
"(np.float64(1.0), 280, 290, 35, 10)",houghCircle,0.7395833333333334,43225481.27708333,32086094.0
"(np.float64(1.0), 280, 290, 35, 15)",houghCircle,0.78125,41238611.31041667,30310680.0
"(np.float64(1.0), 280, 290, 40, 5)",houghCircle,0.6208333333333333,43074005.641666666,32319873.5
"(np.float64(1.0), 280, 290, 40, 10)",houghCircle,0.6416666666666667,44088844.27708333,31456037.5
"(np.float64(1.0), 280, 290, 40, 15)",houghCircle,0.66875,44095976.97083333,35844420.5
"(np.float64(1.0), 280, 290, 45, 5)",houghCircle,0.225,45184341.46666667,31278760.5
"(np.float64(1.0), 280, 290, 45, 10)",houghCircle,0.23541666666666666,40122928.32083333,31057996.0
"(np.float64(1.0), 280, 290, 45, 15)",houghCircle,0.2375,39760424.077083334,30719617.0
"(np.float64(1.0), 290, 100, 30, 5)",houghCircle,0.5708333333333333,48007571.93958333,37775207.0
"(np.float64(1.0), 290, 100, 30, 10)",houghCircle,0.6520833333333333,44689628.14375,36041294.0
"(np.float64(1.0), 290, 100, 30, 15)",houghCircle,0.75625,43979472.93333333,35301231.5
"(np.float64(1.0), 290, 100, 35, 5)",houghCircle,0.6625,45424986.925,37099335.0
"(np.float64(1.0), 290, 100, 35, 10)",houghCircle,0.6833333333333333,44591737.420833334,36971787.0
"(np.float64(1.0), 290, 100, 35, 15)",houghCircle,0.75,52539587.12291667,43405856.0
"(np.float64(1.0), 290, 100, 40, 5)",houghCircle,0.6041666666666666,47449004.25,37503337.0
"(np.float64(1.0), 290, 100, 40, 10)",houghCircle,0.6375,43688684.108333334,36533093.5
"(np.float64(1.0), 290, 100, 40, 15)",houghCircle,0.66875,47102095.85,38220388.5
"(np.float64(1.0), 290, 100, 45, 5)",houghCircle,0.35208333333333336,48219398.13125,38037164.5
"(np.float64(1.0), 290, 100, 45, 10)",houghCircle,0.3645833333333333,46116834.639583334,36341834.0
"(np.float64(1.0), 290, 100, 45, 15)",houghCircle,0.375,44811163.454166666,36111928.0
"(np.float64(1.0), 290, 110, 30, 5)",houghCircle,0.5979166666666667,48459806.702083334,38685951.5
"(np.float64(1.0), 290, 110, 30, 10)",houghCircle,0.6541666666666667,44836720.84375,35465057.5
"(np.float64(1.0), 290, 110, 30, 15)",houghCircle,0.7520833333333333,41277499.114583336,34472732.5
"(np.float64(1.0), 290, 110, 35, 5)",houghCircle,0.65625,43580298.358333334,35377365.0
"(np.float64(1.0), 290, 110, 35, 10)",houghCircle,0.6770833333333334,52986387.16458333,43393383.0
"(np.float64(1.0), 290, 110, 35, 15)",houghCircle,0.7458333333333333,44742834.077083334,35018997.5
"(np.float64(1.0), 290, 110, 40, 5)",houghCircle,0.5791666666666667,47643804.083333336,36541509.0
"(np.float64(1.0), 290, 110, 40, 10)",houghCircle,0.6020833333333333,44981932.110416666,36285272.5
"(np.float64(1.0), 290, 110, 40, 15)",houghCircle,0.6354166666666666,45827949.72708333,35139017.5
"(np.float64(1.0), 290, 110, 45, 5)",houghCircle,0.2916666666666667,46415524.39791667,36552098.5
"(np.float64(1.0), 290, 110, 45, 10)",houghCircle,0.30625,42597525.947916664,34385634.5
"(np.float64(1.0), 290, 110, 45, 15)",houghCircle,0.31666666666666665,43979323.52916667,34693216.5
"(np.float64(1.0), 290, 120, 30, 5)",houghCircle,0.6166666666666667,44445028.74583333,35938768.0
"(np.float64(1.0), 290, 120, 30, 10)",houghCircle,0.6604166666666667,45412191.74791667,35657134.5
"(np.float64(1.0), 290, 120, 30, 15)",houghCircle,0.7583333333333333,45172483.56875,34615024.5
"(np.float64(1.0), 290, 120, 35, 5)",houghCircle,0.65625,51575509.19166667,42625968.5
"(np.float64(1.0), 290, 120, 35, 10)",houghCircle,0.6791666666666667,46338961.5875,36677217.5
"(np.float64(1.0), 290, 120, 35, 15)",houghCircle,0.7395833333333334,45351759.46041667,35537255.0
"(np.float64(1.0), 290, 120, 40, 5)",houghCircle,0.5770833333333333,46592769.52708333,36177896.0
"(np.float64(1.0), 290, 120, 40, 10)",houghCircle,0.5958333333333333,42764943.233333334,34210470.0
"(np.float64(1.0), 290, 120, 40, 15)",houghCircle,0.6333333333333333,43392886.672916666,33731922.5
"(np.float64(1.0), 290, 120, 45, 5)",houghCircle,0.2625,45299528.420833334,35203948.0
"(np.float64(1.0), 290, 120, 45, 10)",houghCircle,0.275,46072392.18958333,35629517.5
"(np.float64(1.0), 290, 120, 45, 15)",houghCircle,0.2875,44889194.358333334,34614012.5
"(np.float64(1.0), 290, 130, 30, 5)",houghCircle,0.6208333333333333,46393907.35208333,35459754.0
"(np.float64(1.0), 290, 130, 30, 10)",houghCircle,0.6645833333333333,53784787.28333333,41727453.0
"(np.float64(1.0), 290, 130, 30, 15)",houghCircle,0.7583333333333333,40315165.94583333,33290945.0
"(np.float64(1.0), 290, 130, 35, 5)",houghCircle,0.6520833333333333,45066073.1125,35370547.0
"(np.float64(1.0), 290, 130, 35, 10)",houghCircle,0.6729166666666667,43249203.49583333,35335310.0
"(np.float64(1.0), 290, 130, 35, 15)",houghCircle,0.7354166666666667,40770800.920833334,33042339.0
"(np.float64(1.0), 290, 130, 40, 5)",houghCircle,0.56875,44147994.52291667,34939123.5
"(np.float64(1.0), 290, 130, 40, 10)",houghCircle,0.5895833333333333,43689092.65625,34647068.0
"(np.float64(1.0), 290, 130, 40, 15)",houghCircle,0.625,45629439.170833334,34267803.0
"(np.float64(1.0), 290, 130, 45, 5)",houghCircle,0.225,49384167.81875,36722814.0
"(np.float64(1.0), 290, 130, 45, 10)",houghCircle,0.23958333333333334,46222681.6625,34993604.0
"(np.float64(1.0), 290, 130, 45, 15)",houghCircle,0.24583333333333332,42898682.3375,33560957.0
"(np.float64(1.0), 290, 140, 30, 5)",houghCircle,0.6229166666666667,44371870.952083334,35597313.0
"(np.float64(1.0), 290, 140, 30, 10)",houghCircle,0.66875,45880631.10208333,35056368.0
"(np.float64(1.0), 290, 140, 30, 15)",houghCircle,0.7520833333333333,43101509.95,33523477.0
"(np.float64(1.0), 290, 140, 35, 5)",houghCircle,0.6479166666666667,43253884.875,34586846.5
"(np.float64(1.0), 290, 140, 35, 10)",houghCircle,0.66875,47987337.39375,39731908.0
"(np.float64(1.0), 290, 140, 35, 15)",houghCircle,0.73125,44102568.33958333,34721574.0
"(np.float64(1.0), 290, 140, 40, 5)",houghCircle,0.5770833333333333,44368493.6625,35147963.5
"(np.float64(1.0), 290, 140, 40, 10)",houghCircle,0.59375,46164953.016666666,34629821.5
"(np.float64(1.0), 290, 140, 40, 15)",houghCircle,0.6291666666666667,43231551.541666664,33054952.0
"(np.float64(1.0), 290, 140, 45, 5)",houghCircle,0.21666666666666667,42093633.97291667,33511549.5
"(np.float64(1.0), 290, 140, 45, 10)",houghCircle,0.23125,42028496.71875,33584436.0
"(np.float64(1.0), 290, 140, 45, 15)",houghCircle,0.23541666666666666,43307261.864583336,33842374.0
"(np.float64(1.0), 290, 150, 30, 5)",houghCircle,0.63125,44104446.72291667,35214929.5
"(np.float64(1.0), 290, 150, 30, 10)",houghCircle,0.675,43963434.32083333,34245710.0
"(np.float64(1.0), 290, 150, 30, 15)",houghCircle,0.7520833333333333,50618995.34375,40006644.0
"(np.float64(1.0), 290, 150, 35, 5)",houghCircle,0.65,41661869.41458333,32375237.5
"(np.float64(1.0), 290, 150, 35, 10)",houghCircle,0.66875,44103007.03958333,34497183.0
"(np.float64(1.0), 290, 150, 35, 15)",houghCircle,0.73125,42926626.891666666,33213550.0
"(np.float64(1.0), 290, 150, 40, 5)",houghCircle,0.5729166666666666,46551084.2625,34383851.5
"(np.float64(1.0), 290, 150, 40, 10)",houghCircle,0.5895833333333333,44376019.825,33594034.0
"(np.float64(1.0), 290, 150, 40, 15)",houghCircle,0.625,43396675.416666664,33225300.5
"(np.float64(1.0), 290, 150, 45, 5)",houghCircle,0.21041666666666667,41302120.520833336,33317801.0
"(np.float64(1.0), 290, 150, 45, 10)",houghCircle,0.22291666666666668,45127538.197916664,34270533.5
"(np.float64(1.0), 290, 150, 45, 15)",houghCircle,0.22708333333333333,43269273.72083333,33177042.5
"(np.float64(1.0), 290, 160, 30, 5)",houghCircle,0.6270833333333333,42594617.44375,33114564.5
"(np.float64(1.0), 290, 160, 30, 10)",houghCircle,0.6729166666666667,43836392.69583333,33368514.5
"(np.float64(1.0), 290, 160, 30, 15)",houghCircle,0.7520833333333333,50071783.31041667,38896071.0
"(np.float64(1.0), 290, 160, 35, 5)",houghCircle,0.65,43094083.8,33858443.5
"(np.float64(1.0), 290, 160, 35, 10)",houghCircle,0.6708333333333333,41292805.975,32515465.5
"(np.float64(1.0), 290, 160, 35, 15)",houghCircle,0.7333333333333333,45049943.510416664,33532729.0
"(np.float64(1.0), 290, 160, 40, 5)",houghCircle,0.575,43060630.27291667,34327294.5
"(np.float64(1.0), 290, 160, 40, 10)",houghCircle,0.5916666666666667,42226215.33125,31953812.0
"(np.float64(1.0), 290, 160, 40, 15)",houghCircle,0.6270833333333333,42835155.97708333,32174055.0
"(np.float64(1.0), 290, 160, 45, 5)",houghCircle,0.20416666666666666,41205166.43541667,33146754.5
"(np.float64(1.0), 290, 160, 45, 10)",houghCircle,0.21875,45103550.84166667,33767129.0
"(np.float64(1.0), 290, 160, 45, 15)",houghCircle,0.22083333333333333,41959543.06041667,33281678.5
"(np.float64(1.0), 290, 170, 30, 5)",houghCircle,0.6354166666666666,51870504.44583333,41640229.0
"(np.float64(1.0), 290, 170, 30, 10)",houghCircle,0.6770833333333334,43029818.577083334,33473748.5
"(np.float64(1.0), 290, 170, 30, 15)",houghCircle,0.75,42205094.2,32510580.5
"(np.float64(1.0), 290, 170, 35, 5)",houghCircle,0.6479166666666667,44525805.516666666,34711535.0
"(np.float64(1.0), 290, 170, 35, 10)",houghCircle,0.6666666666666666,44024786.40416667,33059797.5
"(np.float64(1.0), 290, 170, 35, 15)",houghCircle,0.7291666666666666,43059544.43541667,32190856.5
"(np.float64(1.0), 290, 170, 40, 5)",houghCircle,0.5729166666666666,44857436.46666667,34184252.0
"(np.float64(1.0), 290, 170, 40, 10)",houghCircle,0.5895833333333333,42240185.08125,32440684.5
"(np.float64(1.0), 290, 170, 40, 15)",houghCircle,0.6229166666666667,42069125.458333336,32255723.0
"(np.float64(1.0), 290, 170, 45, 5)",houghCircle,0.20625,40894282.0125,32297552.0
"(np.float64(1.0), 290, 170, 45, 10)",houghCircle,0.21875,47774233.44166667,38849437.5
"(np.float64(1.0), 290, 170, 45, 15)",houghCircle,0.22083333333333333,40857761.55833333,32180387.0
"(np.float64(1.0), 290, 180, 30, 5)",houghCircle,0.6333333333333333,43720800.375,33662612.0
"(np.float64(1.0), 290, 180, 30, 10)",houghCircle,0.6770833333333334,41149538.358333334,32909785.0
"(np.float64(1.0), 290, 180, 30, 15)",houghCircle,0.74375,42598226.447916664,32186092.0
"(np.float64(1.0), 290, 180, 35, 5)",houghCircle,0.65,44020141.43125,33290975.5
"(np.float64(1.0), 290, 180, 35, 10)",houghCircle,0.6666666666666666,40584537.50833333,31150258.5
"(np.float64(1.0), 290, 180, 35, 15)",houghCircle,0.7270833333333333,43435322.13125,32171731.0
"(np.float64(1.0), 290, 180, 40, 5)",houghCircle,0.575,42060320.50625,33750146.5
"(np.float64(1.0), 290, 180, 40, 10)",houghCircle,0.5916666666666667,46848735.09583333,34052438.0
"(np.float64(1.0), 290, 180, 40, 15)",houghCircle,0.6229166666666667,41896253.93125,32119472.0
"(np.float64(1.0), 290, 180, 45, 5)",houghCircle,0.20625,45386534.475,38609758.5
"(np.float64(1.0), 290, 180, 45, 10)",houghCircle,0.21875,40817761.35,31445915.0
"(np.float64(1.0), 290, 180, 45, 15)",houghCircle,0.22083333333333333,42312598.797916666,33214927.5
"(np.float64(1.0), 290, 190, 30, 5)",houghCircle,0.6375,45324722.322916664,33784626.5
"(np.float64(1.0), 290, 190, 30, 10)",houghCircle,0.66875,41535234.84166667,31680543.5
"(np.float64(1.0), 290, 190, 30, 15)",houghCircle,0.7333333333333333,40934180.51875,31809761.0
"(np.float64(1.0), 290, 190, 35, 5)",houghCircle,0.6416666666666667,42115623.35208333,32733479.5
"(np.float64(1.0), 290, 190, 35, 10)",houghCircle,0.65625,41838875.02916667,32711693.0
"(np.float64(1.0), 290, 190, 35, 15)",houghCircle,0.7166666666666667,42836680.09791667,32559592.5
"(np.float64(1.0), 290, 190, 40, 5)",houghCircle,0.56875,43302472.575,33403130.5
"(np.float64(1.0), 290, 190, 40, 10)",houghCircle,0.5854166666666667,41924709.68958333,31871642.5
"(np.float64(1.0), 290, 190, 40, 15)",houghCircle,0.6166666666666667,51961504.24583333,38501620.5
"(np.float64(1.0), 290, 190, 45, 5)",houghCircle,0.20625,43202919.489583336,32226649.0
"(np.float64(1.0), 290, 190, 45, 10)",houghCircle,0.21875,45808310.65833333,33768221.0
"(np.float64(1.0), 290, 190, 45, 15)",houghCircle,0.22083333333333333,41555136.452083334,32205443.0
"(np.float64(1.0), 290, 200, 30, 5)",houghCircle,0.63125,41304246.80416667,32787085.0
"(np.float64(1.0), 290, 200, 30, 10)",houghCircle,0.6625,39088523.67916667,30920839.5
"(np.float64(1.0), 290, 200, 30, 15)",houghCircle,0.7270833333333333,41004306.166666664,31817530.5
"(np.float64(1.0), 290, 200, 35, 5)",houghCircle,0.6395833333333333,40779488.1375,32181033.0
"(np.float64(1.0), 290, 200, 35, 10)",houghCircle,0.6604166666666667,42750326.88125,32259956.5
"(np.float64(1.0), 290, 200, 35, 15)",houghCircle,0.7166666666666667,42675176.739583336,32274037.0
"(np.float64(1.0), 290, 200, 40, 5)",houghCircle,0.5666666666666667,44179504.927083336,33174026.0
"(np.float64(1.0), 290, 200, 40, 10)",houghCircle,0.5854166666666667,41973563.7375,31518825.5
"(np.float64(1.0), 290, 200, 40, 15)",houghCircle,0.6166666666666667,51499048.297916666,39396175.0
"(np.float64(1.0), 290, 200, 45, 5)",houghCircle,0.20625,44036384.83958333,33232636.0
"(np.float64(1.0), 290, 200, 45, 10)",houghCircle,0.21875,42743580.60208333,33018359.0
"(np.float64(1.0), 290, 200, 45, 15)",houghCircle,0.22083333333333333,39550385.547916666,31764842.5
"(np.float64(1.0), 290, 210, 30, 5)",houghCircle,0.6229166666666667,43255787.78541667,32227104.0
"(np.float64(1.0), 290, 210, 30, 10)",houghCircle,0.6604166666666667,40467773.83541667,30760818.5
"(np.float64(1.0), 290, 210, 30, 15)",houghCircle,0.7208333333333333,41285962.73125,31600764.5
"(np.float64(1.0), 290, 210, 35, 5)",houghCircle,0.6395833333333333,42736213.10625,31704169.0
"(np.float64(1.0), 290, 210, 35, 10)",houghCircle,0.6625,42055037.825,32058834.0
"(np.float64(1.0), 290, 210, 35, 15)",houghCircle,0.7166666666666667,41789119.854166664,31325557.5
"(np.float64(1.0), 290, 210, 40, 5)",houghCircle,0.5666666666666667,40826827.84583333,32094009.0
"(np.float64(1.0), 290, 210, 40, 10)",houghCircle,0.5854166666666667,41285314.791666664,31915100.0
"(np.float64(1.0), 290, 210, 40, 15)",houghCircle,0.6166666666666667,42848287.327083334,31819033.5
"(np.float64(1.0), 290, 210, 45, 5)",houghCircle,0.20625,40449432.18333333,31776543.5
"(np.float64(1.0), 290, 210, 45, 10)",houghCircle,0.21875,41706098.075,32311073.0
"(np.float64(1.0), 290, 210, 45, 15)",houghCircle,0.22083333333333333,43731793.86875,32101218.0
"(np.float64(1.0), 290, 220, 30, 5)",houghCircle,0.6270833333333333,38935949.50833333,31281886.5
"(np.float64(1.0), 290, 220, 30, 10)",houghCircle,0.6583333333333333,44535135.27916667,33044963.5
"(np.float64(1.0), 290, 220, 30, 15)",houghCircle,0.7208333333333333,40789158.58958333,30828812.0
"(np.float64(1.0), 290, 220, 35, 5)",houghCircle,0.6354166666666666,43957769.114583336,33254791.5
"(np.float64(1.0), 290, 220, 35, 10)",houghCircle,0.6604166666666667,43212832.952083334,32015638.0
"(np.float64(1.0), 290, 220, 35, 15)",houghCircle,0.7125,43790979.96666667,31562938.0
"(np.float64(1.0), 290, 220, 40, 5)",houghCircle,0.56875,41630386.46875,32472865.0
"(np.float64(1.0), 290, 220, 40, 10)",houghCircle,0.5854166666666667,42242199.4625,31583107.0
"(np.float64(1.0), 290, 220, 40, 15)",houghCircle,0.6166666666666667,46005190.78125,37609006.0
"(np.float64(1.0), 290, 220, 45, 5)",houghCircle,0.20625,42902989.760416664,33084784.0
"(np.float64(1.0), 290, 220, 45, 10)",houghCircle,0.21875,41755308.61875,31397844.5
"(np.float64(1.0), 290, 220, 45, 15)",houghCircle,0.22083333333333333,43116771.96041667,32232709.5
"(np.float64(1.0), 290, 230, 30, 5)",houghCircle,0.6270833333333333,42723514.514583334,32361151.5
"(np.float64(1.0), 290, 230, 30, 10)",houghCircle,0.6541666666666667,44345708.395833336,32463207.5
"(np.float64(1.0), 290, 230, 30, 15)",houghCircle,0.7166666666666667,42341743.99166667,30856448.5
"(np.float64(1.0), 290, 230, 35, 5)",houghCircle,0.6375,40572114.65625,31398776.0
"(np.float64(1.0), 290, 230, 35, 10)",houghCircle,0.6625,38751118.53958333,30908365.5
"(np.float64(1.0), 290, 230, 35, 15)",houghCircle,0.7125,41287827.922916666,31677132.5
"(np.float64(1.0), 290, 230, 40, 5)",houghCircle,0.5708333333333333,46266632.427083336,38761007.0
"(np.float64(1.0), 290, 230, 40, 10)",houghCircle,0.5854166666666667,42564168.333333336,31324777.0
"(np.float64(1.0), 290, 230, 40, 15)",houghCircle,0.6166666666666667,41157844.06666667,31858823.5
"(np.float64(1.0), 290, 230, 45, 5)",houghCircle,0.20625,43484395.94583333,31889577.0
"(np.float64(1.0), 290, 230, 45, 10)",houghCircle,0.21875,42189633.483333334,31884963.5
"(np.float64(1.0), 290, 230, 45, 15)",houghCircle,0.22083333333333333,40600082.78958333,31864109.0
"(np.float64(1.0), 290, 240, 30, 5)",houghCircle,0.625,41405275.141666666,32214610.5
"(np.float64(1.0), 290, 240, 30, 10)",houghCircle,0.65625,42847976.35208333,31730071.0
"(np.float64(1.0), 290, 240, 30, 15)",houghCircle,0.71875,38610125.322916664,30211568.5
"(np.float64(1.0), 290, 240, 35, 5)",houghCircle,0.6416666666666667,41449166.71458333,32142861.5
"(np.float64(1.0), 290, 240, 35, 10)",houghCircle,0.6666666666666666,47073536.614583336,37722549.5
"(np.float64(1.0), 290, 240, 35, 15)",houghCircle,0.7125,40469014.58541667,30012004.5
"(np.float64(1.0), 290, 240, 40, 5)",houghCircle,0.5708333333333333,41983041.87916667,31885834.0
"(np.float64(1.0), 290, 240, 40, 10)",houghCircle,0.5916666666666667,39980342.55625,31241390.0
"(np.float64(1.0), 290, 240, 40, 15)",houghCircle,0.61875,42778686.74583333,31925248.5
"(np.float64(1.0), 290, 240, 45, 5)",houghCircle,0.20833333333333334,43318348.985416666,32072344.0
"(np.float64(1.0), 290, 240, 45, 10)",houghCircle,0.21875,40990872.00833333,31888398.5
"(np.float64(1.0), 290, 240, 45, 15)",houghCircle,0.22083333333333333,42169036.25833333,31308686.0
"(np.float64(1.0), 290, 250, 30, 5)",houghCircle,0.6291666666666667,39801577.7125,30619864.5
"(np.float64(1.0), 290, 250, 30, 10)",houghCircle,0.6583333333333333,45940039.02708333,32672615.5
"(np.float64(1.0), 290, 250, 30, 15)",houghCircle,0.71875,42049042.3875,31084426.0
"(np.float64(1.0), 290, 250, 35, 5)",houghCircle,0.6416666666666667,51088784.479166664,39489504.5
"(np.float64(1.0), 290, 250, 35, 10)",houghCircle,0.6666666666666666,39248595.75208333,31447477.5
"(np.float64(1.0), 290, 250, 35, 15)",houghCircle,0.7125,43716177.675,31984744.5
"(np.float64(1.0), 290, 250, 40, 5)",houghCircle,0.5729166666666666,40302898.139583334,30740575.0
"(np.float64(1.0), 290, 250, 40, 10)",houghCircle,0.5916666666666667,40688912.75625,31001160.0
"(np.float64(1.0), 290, 250, 40, 15)",houghCircle,0.61875,39647564.28958333,30440582.5
"(np.float64(1.0), 290, 250, 45, 5)",houghCircle,0.20833333333333334,44464571.675,32677150.0
"(np.float64(1.0), 290, 250, 45, 10)",houghCircle,0.21875,42550951.28125,31439526.5
"(np.float64(1.0), 290, 250, 45, 15)",houghCircle,0.22083333333333333,40047519.21041667,30322086.5
"(np.float64(1.0), 290, 260, 30, 5)",houghCircle,0.6354166666666666,42304897.71875,31578438.0
"(np.float64(1.0), 290, 260, 30, 10)",houghCircle,0.6625,40427515.55,31062484.0
"(np.float64(1.0), 290, 260, 30, 15)",houghCircle,0.725,48063355.09791667,38426265.5
"(np.float64(1.0), 290, 260, 35, 5)",houghCircle,0.6416666666666667,41776707.197916664,32436197.0
"(np.float64(1.0), 290, 260, 35, 10)",houghCircle,0.6666666666666666,41377395.43125,31318704.5
"(np.float64(1.0), 290, 260, 35, 15)",houghCircle,0.7125,44480003.90416667,31771862.0
"(np.float64(1.0), 290, 260, 40, 5)",houghCircle,0.5729166666666666,38660893.08541667,30671751.5
"(np.float64(1.0), 290, 260, 40, 10)",houghCircle,0.5895833333333333,39690344.541666664,31073680.0
"(np.float64(1.0), 290, 260, 40, 15)",houghCircle,0.6166666666666667,40325036.489583336,31520293.0
"(np.float64(1.0), 290, 260, 45, 5)",houghCircle,0.20833333333333334,43654170.49375,33423699.5
"(np.float64(1.0), 290, 260, 45, 10)",houghCircle,0.21875,46989836.827083334,32273310.5
"(np.float64(1.0), 290, 260, 45, 15)",houghCircle,0.22083333333333333,42186088.28958333,31525824.0
"(np.float64(1.0), 290, 270, 30, 5)",houghCircle,0.6416666666666667,50953846.420833334,39452980.0
"(np.float64(1.0), 290, 270, 30, 10)",houghCircle,0.6645833333333333,42024227.54375,30905329.0
"(np.float64(1.0), 290, 270, 30, 15)",houghCircle,0.725,40109062.864583336,30300180.0
"(np.float64(1.0), 290, 270, 35, 5)",houghCircle,0.6416666666666667,41114036.87083333,31517918.5
"(np.float64(1.0), 290, 270, 35, 10)",houghCircle,0.6708333333333333,43619129.889583334,31055170.5
"(np.float64(1.0), 290, 270, 35, 15)",houghCircle,0.7145833333333333,38322488.87708333,29934087.5
"(np.float64(1.0), 290, 270, 40, 5)",houghCircle,0.5708333333333333,42857384.3125,31906287.5
"(np.float64(1.0), 290, 270, 40, 10)",houghCircle,0.5895833333333333,41468012.90625,31474107.0
"(np.float64(1.0), 290, 270, 40, 15)",houghCircle,0.6166666666666667,38591919.49166667,31037402.0
"(np.float64(1.0), 290, 270, 45, 5)",houghCircle,0.20833333333333334,40405285.10625,31353665.5
"(np.float64(1.0), 290, 270, 45, 10)",houghCircle,0.21875,43367563.791666664,31328338.5
"(np.float64(1.0), 290, 270, 45, 15)",houghCircle,0.22083333333333333,39932159.0125,31153831.0
"(np.float64(1.0), 290, 280, 30, 5)",houghCircle,0.6458333333333334,41235474.3375,31853728.5
"(np.float64(1.0), 290, 280, 30, 10)",houghCircle,0.6645833333333333,45427368.416666664,33968406.0
"(np.float64(1.0), 290, 280, 30, 15)",houghCircle,0.7270833333333333,39837802.87083333,30771158.5
"(np.float64(1.0), 290, 280, 35, 5)",houghCircle,0.64375,41114625.50416667,31293137.0
"(np.float64(1.0), 290, 280, 35, 10)",houghCircle,0.675,40907188.50625,30333607.0
"(np.float64(1.0), 290, 280, 35, 15)",houghCircle,0.7145833333333333,36457603.60208333,29339282.5
"(np.float64(1.0), 290, 280, 40, 5)",houghCircle,0.5708333333333333,43604380.775,31723645.0
"(np.float64(1.0), 290, 280, 40, 10)",houghCircle,0.5916666666666667,40212891.27708333,30995854.5
"(np.float64(1.0), 290, 280, 40, 15)",houghCircle,0.61875,41666607.7125,31031972.0
"(np.float64(1.0), 290, 280, 45, 5)",houghCircle,0.20833333333333334,39343873.10208333,31211183.0
"(np.float64(1.0), 290, 280, 45, 10)",houghCircle,0.21875,41830317.41041667,32291215.0
"(np.float64(1.0), 290, 280, 45, 15)",houghCircle,0.22083333333333333,39231761.916666664,31674668.5
"(np.float64(1.0), 290, 290, 30, 5)",houghCircle,0.65,49996170.13333333,38241308.0
"(np.float64(1.0), 290, 290, 30, 10)",houghCircle,0.6666666666666666,40521722.3375,30726388.5
"(np.float64(1.0), 290, 290, 30, 15)",houghCircle,0.73125,40200689.047916666,31504889.5
"(np.float64(1.0), 290, 290, 35, 5)",houghCircle,0.6520833333333333,43059652.420833334,31046274.0
"(np.float64(1.0), 290, 290, 35, 10)",houghCircle,0.675,42002150.0375,31750615.0
"(np.float64(1.0), 290, 290, 35, 15)",houghCircle,0.7166666666666667,42635385.97083333,31873089.5
"(np.float64(1.0), 290, 290, 40, 5)",houghCircle,0.5708333333333333,41674758.1125,30747223.0
"(np.float64(1.0), 290, 290, 40, 10)",houghCircle,0.5916666666666667,42009579.35625,31112949.5
"(np.float64(1.0), 290, 290, 40, 15)",houghCircle,0.61875,41898909.75625,31326941.0
"(np.float64(1.0), 290, 290, 45, 5)",houghCircle,0.20833333333333334,42125750.235416666,31175817.0
"(np.float64(1.0), 290, 290, 45, 10)",houghCircle,0.21875,41610923.822916664,29976412.0
"(np.float64(1.0), 290, 290, 45, 15)",houghCircle,0.22083333333333333,39147966.90833333,30703251.5
"(np.float64(1.5), 100, 100, 30, 5)",houghCircle,0.48333333333333334,47805337.74583333,37319929.0
"(np.float64(1.5), 100, 100, 30, 10)",houghCircle,0.6354166666666666,55021606.583333336,44036500.0
"(np.float64(1.5), 100, 100, 30, 15)",houghCircle,0.7833333333333333,44772053.5625,35735807.0
"(np.float64(1.5), 100, 100, 35, 5)",houghCircle,0.6708333333333333,48881827.579166666,37420227.0
"(np.float64(1.5), 100, 100, 35, 10)",houghCircle,0.7083333333333334,46292258.889583334,37100627.5
"(np.float64(1.5), 100, 100, 35, 15)",houghCircle,0.7979166666666667,48489890.11666667,36967357.5
"(np.float64(1.5), 100, 100, 40, 5)",houghCircle,0.6166666666666667,47127894.59791667,36778914.5
"(np.float64(1.5), 100, 100, 40, 10)",houghCircle,0.6666666666666666,46086996.525,37226132.5
"(np.float64(1.5), 100, 100, 40, 15)",houghCircle,0.7208333333333333,43559228.125,34849022.5
"(np.float64(1.5), 100, 100, 45, 5)",houghCircle,0.35833333333333334,45682511.5375,37109303.5
"(np.float64(1.5), 100, 100, 45, 10)",houghCircle,0.37916666666666665,44150547.71666667,36443099.0
"(np.float64(1.5), 100, 100, 45, 15)",houghCircle,0.3958333333333333,53438548.22291667,43673808.5
"(np.float64(1.5), 100, 110, 30, 5)",houghCircle,0.5208333333333334,44041113.172916666,35990795.5
"(np.float64(1.5), 100, 110, 30, 10)",houghCircle,0.6479166666666667,46459073.26875,36035950.5
"(np.float64(1.5), 100, 110, 30, 15)",houghCircle,0.7895833333333333,45637639.295833334,35554472.0
"(np.float64(1.5), 100, 110, 35, 5)",houghCircle,0.6708333333333333,44826699.791666664,35678079.5
"(np.float64(1.5), 100, 110, 35, 10)",houghCircle,0.7104166666666667,46043038.427083336,36325118.0
"(np.float64(1.5), 100, 110, 35, 15)",houghCircle,0.8,46382448.979166664,34694477.5
"(np.float64(1.5), 100, 110, 40, 5)",houghCircle,0.5916666666666667,46093302.33958333,36277232.5
"(np.float64(1.5), 100, 110, 40, 10)",houghCircle,0.63125,43682589.485416666,36569606.5
"(np.float64(1.5), 100, 110, 40, 15)",houghCircle,0.6854166666666667,43621456.93125,34946572.0
"(np.float64(1.5), 100, 110, 45, 5)",houghCircle,0.29583333333333334,45948036.59375,35647076.0
"(np.float64(1.5), 100, 110, 45, 10)",houghCircle,0.31875,51161913.608333334,42917385.0
"(np.float64(1.5), 100, 110, 45, 15)",houghCircle,0.33541666666666664,44685849.725,35351315.5
"(np.float64(1.5), 100, 120, 30, 5)",houghCircle,0.5625,44201935.27708333,35474180.5
"(np.float64(1.5), 100, 120, 30, 10)",houghCircle,0.6645833333333333,43986089.76875,35166945.0
"(np.float64(1.5), 100, 120, 30, 15)",houghCircle,0.7958333333333333,44212337.72708333,33346319.0
"(np.float64(1.5), 100, 120, 35, 5)",houghCircle,0.675,45285901.63333333,36060506.5
"(np.float64(1.5), 100, 120, 35, 10)",houghCircle,0.7083333333333334,47281456.052083336,35597797.0
"(np.float64(1.5), 100, 120, 35, 15)",houghCircle,0.79375,44144894.69166667,34234345.5
"(np.float64(1.5), 100, 120, 40, 5)",houghCircle,0.6,46612743.69375,36584259.0
"(np.float64(1.5), 100, 120, 40, 10)",houghCircle,0.6291666666666667,45038465.041666664,35838790.0
"(np.float64(1.5), 100, 120, 40, 15)",houghCircle,0.6833333333333333,42671510.4875,35187047.5
"(np.float64(1.5), 100, 120, 45, 5)",houghCircle,0.26666666666666666,54186232.48125,42716724.0
"(np.float64(1.5), 100, 120, 45, 10)",houghCircle,0.2875,43236763.65833333,34135629.5
"(np.float64(1.5), 100, 120, 45, 15)",houghCircle,0.30416666666666664,45739951.34166667,35288207.0
"(np.float64(1.5), 100, 130, 30, 5)",houghCircle,0.58125,46046013.639583334,36202251.0
"(np.float64(1.5), 100, 130, 30, 10)",houghCircle,0.66875,44883667.15833333,34490556.5
"(np.float64(1.5), 100, 130, 30, 15)",houghCircle,0.8041666666666667,41530622.24791667,32984941.5
"(np.float64(1.5), 100, 130, 35, 5)",houghCircle,0.6708333333333333,43369545.947916664,35109782.5
"(np.float64(1.5), 100, 130, 35, 10)",houghCircle,0.7041666666666667,45939659.891666666,35451608.0
"(np.float64(1.5), 100, 130, 35, 15)",houghCircle,0.7916666666666666,44865155.3,34391750.0
"(np.float64(1.5), 100, 130, 40, 5)",houghCircle,0.59375,44845096.59375,35095064.5
"(np.float64(1.5), 100, 130, 40, 10)",houghCircle,0.6229166666666667,47368932.28958333,35465504.5
"(np.float64(1.5), 100, 130, 40, 15)",houghCircle,0.6770833333333334,50253435.99583333,39638589.0
"(np.float64(1.5), 100, 130, 45, 5)",houghCircle,0.23333333333333334,44680448.1875,35134515.0
"(np.float64(1.5), 100, 130, 45, 10)",houghCircle,0.25,45559480.104166664,35137985.0
"(np.float64(1.5), 100, 130, 45, 15)",houghCircle,0.2625,43588687.15,34857695.0
"(np.float64(1.5), 100, 140, 30, 5)",houghCircle,0.5958333333333333,42214045.33125,33831238.5
"(np.float64(1.5), 100, 140, 30, 10)",houghCircle,0.68125,42750894.6,34250766.5
"(np.float64(1.5), 100, 140, 30, 15)",houghCircle,0.7979166666666667,45748044.50208333,34424362.0
"(np.float64(1.5), 100, 140, 35, 5)",houghCircle,0.6729166666666667,45159464.46458333,34563317.0
"(np.float64(1.5), 100, 140, 35, 10)",houghCircle,0.7020833333333333,44947874.69166667,34386050.0
"(np.float64(1.5), 100, 140, 35, 15)",houghCircle,0.7875,42241131.72083333,33467952.0
"(np.float64(1.5), 100, 140, 40, 5)",houghCircle,0.6,43993078.19166667,34664999.0
"(np.float64(1.5), 100, 140, 40, 10)",houghCircle,0.625,43360578.85625,34262157.0
"(np.float64(1.5), 100, 140, 40, 15)",houghCircle,0.6791666666666667,43069985.99791667,33292908.5
"(np.float64(1.5), 100, 140, 45, 5)",houghCircle,0.225,41865154.99583333,33414658.0
"(np.float64(1.5), 100, 140, 45, 10)",houghCircle,0.24375,43993991.21458333,34362029.5
"(np.float64(1.5), 100, 140, 45, 15)",houghCircle,0.2520833333333333,53795299.3125,41491765.5
"(np.float64(1.5), 100, 150, 30, 5)",houghCircle,0.6166666666666667,43517545.53125,32552279.0
"(np.float64(1.5), 100, 150, 30, 10)",houghCircle,0.6875,44563706.025,34366247.5
"(np.float64(1.5), 100, 150, 30, 15)",houghCircle,0.8,42136483.51875,33145006.0
"(np.float64(1.5), 100, 150, 35, 5)",houghCircle,0.675,41573465.20625,32715215.5
"(np.float64(1.5), 100, 150, 35, 10)",houghCircle,0.7020833333333333,45861538.233333334,34721133.5
"(np.float64(1.5), 100, 150, 35, 15)",houghCircle,0.7875,42024569.4625,33438361.5
"(np.float64(1.5), 100, 150, 40, 5)",houghCircle,0.5958333333333333,42219679.66458333,31842974.5
"(np.float64(1.5), 100, 150, 40, 10)",houghCircle,0.6208333333333333,43334365.03125,32882579.5
"(np.float64(1.5), 100, 150, 40, 15)",houghCircle,0.675,43533994.733333334,33377316.5
"(np.float64(1.5), 100, 150, 45, 5)",houghCircle,0.21875,51729039.922916666,41006399.5
"(np.float64(1.5), 100, 150, 45, 10)",houghCircle,0.23541666666666666,45473280.30625,33678407.5
"(np.float64(1.5), 100, 150, 45, 15)",houghCircle,0.24375,44257777.71875,33949564.5
"(np.float64(1.5), 100, 160, 30, 5)",houghCircle,0.6229166666666667,45829873.0125,34216627.0
"(np.float64(1.5), 100, 160, 30, 10)",houghCircle,0.6916666666666667,42875812.22083333,33172228.5
"(np.float64(1.5), 100, 160, 30, 15)",houghCircle,0.80625,40411385.33958333,31093102.5
"(np.float64(1.5), 100, 160, 35, 5)",houghCircle,0.6770833333333334,43214116.64375,33254237.0
"(np.float64(1.5), 100, 160, 35, 10)",houghCircle,0.70625,43570169.37083333,32600845.5
"(np.float64(1.5), 100, 160, 35, 15)",houghCircle,0.7916666666666666,41944714.8375,32250448.5
"(np.float64(1.5), 100, 160, 40, 5)",houghCircle,0.5958333333333333,44586746.59375,33657543.0
"(np.float64(1.5), 100, 160, 40, 10)",houghCircle,0.625,41369147.64375,32859676.5
"(np.float64(1.5), 100, 160, 40, 15)",houghCircle,0.6770833333333334,48657986.416666664,39622478.0
"(np.float64(1.5), 100, 160, 45, 5)",houghCircle,0.2125,46038951.44583333,34101831.5
"(np.float64(1.5), 100, 160, 45, 10)",houghCircle,0.23125,43260575.63125,32869293.5
"(np.float64(1.5), 100, 160, 45, 15)",houghCircle,0.2375,46278921.952083334,32456754.5
"(np.float64(1.5), 100, 170, 30, 5)",houghCircle,0.6375,42429919.55625,33134427.0
"(np.float64(1.5), 100, 170, 30, 10)",houghCircle,0.6979166666666666,41571678.264583334,32860924.5
"(np.float64(1.5), 100, 170, 30, 15)",houghCircle,0.8041666666666667,41945382.59166667,32397604.5
"(np.float64(1.5), 100, 170, 35, 5)",houghCircle,0.6770833333333334,43931993.9125,33548955.0
"(np.float64(1.5), 100, 170, 35, 10)",houghCircle,0.70625,43930754.18541667,33819957.0
"(np.float64(1.5), 100, 170, 35, 15)",houghCircle,0.7875,41118349.358333334,31973895.0
"(np.float64(1.5), 100, 170, 40, 5)",houghCircle,0.5895833333333333,51502175.94583333,40009470.0
"(np.float64(1.5), 100, 170, 40, 10)",houghCircle,0.6229166666666667,42338766.09375,32731836.0
"(np.float64(1.5), 100, 170, 40, 15)",houghCircle,0.6729166666666667,41102773.94166667,32659120.5
"(np.float64(1.5), 100, 170, 45, 5)",houghCircle,0.2125,45786388.177083336,33839580.0
"(np.float64(1.5), 100, 170, 45, 10)",houghCircle,0.23125,40489787.25208333,32123499.5
"(np.float64(1.5), 100, 170, 45, 15)",houghCircle,0.2375,42246477.575,32522328.5
"(np.float64(1.5), 100, 180, 30, 5)",houghCircle,0.6395833333333333,43609788.11666667,34143298.0
"(np.float64(1.5), 100, 180, 30, 10)",houghCircle,0.7020833333333333,42744704.5625,32764813.5
"(np.float64(1.5), 100, 180, 30, 15)",houghCircle,0.8,42381558.9125,31297696.0
"(np.float64(1.5), 100, 180, 35, 5)",houghCircle,0.68125,44496845.3375,34089032.5
"(np.float64(1.5), 100, 180, 35, 10)",houghCircle,0.70625,44619322.270833336,34090190.0
"(np.float64(1.5), 100, 180, 35, 15)",houghCircle,0.7854166666666667,42671057.770833336,32308718.0
"(np.float64(1.5), 100, 180, 40, 5)",houghCircle,0.59375,49615720.579166666,40070293.5
"(np.float64(1.5), 100, 180, 40, 10)",houghCircle,0.6270833333333333,41573072.58541667,31947395.5
"(np.float64(1.5), 100, 180, 40, 15)",houghCircle,0.6729166666666667,39745909.51875,30864939.0
"(np.float64(1.5), 100, 180, 45, 5)",houghCircle,0.2125,42306703.416666664,32651570.5
"(np.float64(1.5), 100, 180, 45, 10)",houghCircle,0.23125,43988295.45625,32438196.0
"(np.float64(1.5), 100, 180, 45, 15)",houghCircle,0.2375,40786465.575,31426272.5
"(np.float64(1.5), 100, 190, 30, 5)",houghCircle,0.6479166666666667,44541663.53541667,33110571.5
"(np.float64(1.5), 100, 190, 30, 10)",houghCircle,0.6979166666666666,40633080.12916667,32385567.5
"(np.float64(1.5), 100, 190, 30, 15)",houghCircle,0.7916666666666666,42490493.75833333,32952155.0
"(np.float64(1.5), 100, 190, 35, 5)",houghCircle,0.6729166666666667,44847748.0625,33104150.0
"(np.float64(1.5), 100, 190, 35, 10)",houghCircle,0.6979166666666666,39551208.583333336,32475866.0
"(np.float64(1.5), 100, 190, 35, 15)",houghCircle,0.7770833333333333,43609638.40416667,31823838.0
"(np.float64(1.5), 100, 190, 40, 5)",houghCircle,0.5854166666666667,51497325.2375,38946616.5
"(np.float64(1.5), 100, 190, 40, 10)",houghCircle,0.6229166666666667,40473286.27916667,31915600.0
"(np.float64(1.5), 100, 190, 40, 15)",houghCircle,0.6666666666666666,42690776.572916664,31585140.5
"(np.float64(1.5), 100, 190, 45, 5)",houghCircle,0.2125,44284516.8,32767763.5
"(np.float64(1.5), 100, 190, 45, 10)",houghCircle,0.23125,46213837.3375,34016250.0
"(np.float64(1.5), 100, 190, 45, 15)",houghCircle,0.2375,40722083.41458333,30896002.0
"(np.float64(1.5), 100, 200, 30, 5)",houghCircle,0.65,41483655.93541667,32025310.5
"(np.float64(1.5), 100, 200, 30, 10)",houghCircle,0.6916666666666667,43074506.83958333,32173093.0
"(np.float64(1.5), 100, 200, 30, 15)",houghCircle,0.7854166666666667,39742044.85208333,30519761.5
"(np.float64(1.5), 100, 200, 35, 5)",houghCircle,0.6708333333333333,41450083.59791667,32027785.0
"(np.float64(1.5), 100, 200, 35, 10)",houghCircle,0.7,40246436.56666667,31308155.0
"(np.float64(1.5), 100, 200, 35, 15)",houghCircle,0.775,39216060.62083333,31022118.5
"(np.float64(1.5), 100, 200, 40, 5)",houghCircle,0.5854166666666667,50697075.34791667,39686754.5
"(np.float64(1.5), 100, 200, 40, 10)",houghCircle,0.6229166666666667,39750367.077083334,31927442.5
"(np.float64(1.5), 100, 200, 40, 15)",houghCircle,0.6666666666666666,41661148.94375,31923955.5
"(np.float64(1.5), 100, 200, 45, 5)",houghCircle,0.2125,43850973.03333333,32464710.0
"(np.float64(1.5), 100, 200, 45, 10)",houghCircle,0.23125,40435261.927083336,31839998.5
"(np.float64(1.5), 100, 200, 45, 15)",houghCircle,0.2375,40606945.139583334,31185465.0
"(np.float64(1.5), 100, 210, 30, 5)",houghCircle,0.6479166666666667,43854135.19583333,31576223.5
"(np.float64(1.5), 100, 210, 30, 10)",houghCircle,0.6895833333333333,44095147.329166666,32902947.5
"(np.float64(1.5), 100, 210, 30, 15)",houghCircle,0.78125,42618079.24791667,32324011.5
"(np.float64(1.5), 100, 210, 35, 5)",houghCircle,0.6729166666666667,45013098.864583336,33877020.0
"(np.float64(1.5), 100, 210, 35, 10)",houghCircle,0.7020833333333333,38869948.145833336,30949843.5
"(np.float64(1.5), 100, 210, 35, 15)",houghCircle,0.775,43922681.389583334,32137735.5
"(np.float64(1.5), 100, 210, 40, 5)",houghCircle,0.5895833333333333,48224789.427083336,38140307.5
"(np.float64(1.5), 100, 210, 40, 10)",houghCircle,0.6208333333333333,42519215.84791667,32032563.5
"(np.float64(1.5), 100, 210, 40, 15)",houghCircle,0.6666666666666666,43710277.829166666,32153075.5
"(np.float64(1.5), 100, 210, 45, 5)",houghCircle,0.2125,41149540.70625,32206265.5
"(np.float64(1.5), 100, 210, 45, 10)",houghCircle,0.23125,41318706.67916667,31389698.0
"(np.float64(1.5), 100, 210, 45, 15)",houghCircle,0.2375,43490140,32641195.5
"(np.float64(1.5), 100, 220, 30, 5)",houghCircle,0.65625,42823382.74166667,32907992.0
"(np.float64(1.5), 100, 220, 30, 10)",houghCircle,0.6854166666666667,40667109.395833336,31681736.5
"(np.float64(1.5), 100, 220, 30, 15)",houghCircle,0.7791666666666667,42760004.09375,31327553.0
"(np.float64(1.5), 100, 220, 35, 5)",houghCircle,0.66875,43958403.49166667,32114768.0
"(np.float64(1.5), 100, 220, 35, 10)",houghCircle,0.6958333333333333,40219986.06875,30900930.5
"(np.float64(1.5), 100, 220, 35, 15)",houghCircle,0.7708333333333334,48130863.6875,36777646.5
"(np.float64(1.5), 100, 220, 40, 5)",houghCircle,0.5895833333333333,45286979.02291667,32725959.0
"(np.float64(1.5), 100, 220, 40, 10)",houghCircle,0.6229166666666667,44434786.69375,32361806.0
"(np.float64(1.5), 100, 220, 40, 15)",houghCircle,0.6666666666666666,42376324.38333333,31855577.0
"(np.float64(1.5), 100, 220, 45, 5)",houghCircle,0.2125,41566217.94583333,32030141.0
"(np.float64(1.5), 100, 220, 45, 10)",houghCircle,0.23125,44318097.108333334,32424244.5
"(np.float64(1.5), 100, 220, 45, 15)",houghCircle,0.2375,42175514.975,31562021.0
"(np.float64(1.5), 100, 230, 30, 5)",houghCircle,0.65625,40289222.458333336,32634178.0
"(np.float64(1.5), 100, 230, 30, 10)",houghCircle,0.6833333333333333,39484078.12291667,31208964.5
"(np.float64(1.5), 100, 230, 30, 15)",houghCircle,0.7770833333333333,42647706.422916666,31035850.0
"(np.float64(1.5), 100, 230, 35, 5)",houghCircle,0.6729166666666667,49929078.635416664,39393149.0
"(np.float64(1.5), 100, 230, 35, 10)",houghCircle,0.7,43870438.729166664,31704228.5
"(np.float64(1.5), 100, 230, 35, 15)",houghCircle,0.7708333333333334,42806398.43333333,30556835.5
"(np.float64(1.5), 100, 230, 40, 5)",houghCircle,0.5895833333333333,40992430.60625,31770107.0
"(np.float64(1.5), 100, 230, 40, 10)",houghCircle,0.6229166666666667,40644286.81041667,31733693.0
"(np.float64(1.5), 100, 230, 40, 15)",houghCircle,0.6666666666666666,41130000.645833336,30903316.0
"(np.float64(1.5), 100, 230, 45, 5)",houghCircle,0.2125,44218840.22708333,32242256.5
"(np.float64(1.5), 100, 230, 45, 10)",houghCircle,0.23125,44485711.395833336,32364146.5
"(np.float64(1.5), 100, 230, 45, 15)",houghCircle,0.2375,39308994.33541667,29837796.5
"(np.float64(1.5), 100, 240, 30, 5)",houghCircle,0.65625,39538673.78125,31549072.5
"(np.float64(1.5), 100, 240, 30, 10)",houghCircle,0.6854166666666667,47718369.89791667,37807379.5
"(np.float64(1.5), 100, 240, 30, 15)",houghCircle,0.7770833333333333,45084106.204166666,31619724.5
"(np.float64(1.5), 100, 240, 35, 5)",houghCircle,0.6770833333333334,39645453.391666666,31051990.0
"(np.float64(1.5), 100, 240, 35, 10)",houghCircle,0.7041666666666667,40688283.65416667,31067063.0
"(np.float64(1.5), 100, 240, 35, 15)",houghCircle,0.7708333333333334,41309881.63125,31545145.5
"(np.float64(1.5), 100, 240, 40, 5)",houghCircle,0.5916666666666667,42378393.72083333,32102150.0
"(np.float64(1.5), 100, 240, 40, 10)",houghCircle,0.6270833333333333,41248223.889583334,30958900.0
"(np.float64(1.5), 100, 240, 40, 15)",houghCircle,0.66875,43038446.19375,32121291.0
"(np.float64(1.5), 100, 240, 45, 5)",houghCircle,0.2125,42903887.62291667,32002374.0
"(np.float64(1.5), 100, 240, 45, 10)",houghCircle,0.23125,44032204.80833333,32515756.0
"(np.float64(1.5), 100, 240, 45, 15)",houghCircle,0.2375,41966354.297916666,31560985.0
"(np.float64(1.5), 100, 250, 30, 5)",houghCircle,0.6604166666666667,42294079.33125,31769411.0
"(np.float64(1.5), 100, 250, 30, 10)",houghCircle,0.69375,51071894.02916667,38440700.5
"(np.float64(1.5), 100, 250, 30, 15)",houghCircle,0.7770833333333333,41370451.8,31667219.5
"(np.float64(1.5), 100, 250, 35, 5)",houghCircle,0.6791666666666667,43778746.81458333,32412888.0
"(np.float64(1.5), 100, 250, 35, 10)",houghCircle,0.7041666666666667,41843096.46875,31685443.0
"(np.float64(1.5), 100, 250, 35, 15)",houghCircle,0.7708333333333334,38779993.74791667,31949379.0
"(np.float64(1.5), 100, 250, 40, 5)",houghCircle,0.5916666666666667,40759042.59791667,31283068.0
"(np.float64(1.5), 100, 250, 40, 10)",houghCircle,0.6270833333333333,39005979.047916666,31432159.0
"(np.float64(1.5), 100, 250, 40, 15)",houghCircle,0.66875,41137046.8125,31015366.5
"(np.float64(1.5), 100, 250, 45, 5)",houghCircle,0.2125,38752184.325,30428675.5
"(np.float64(1.5), 100, 250, 45, 10)",houghCircle,0.23125,43955704.11666667,31811580.0
"(np.float64(1.5), 100, 250, 45, 15)",houghCircle,0.2375,39076227.93958333,30879987.0
"(np.float64(1.5), 100, 260, 30, 5)",houghCircle,0.6666666666666666,41663675.37916667,31937300.5
"(np.float64(1.5), 100, 260, 30, 10)",houghCircle,0.6979166666666666,40358176.52916667,31453313.0
"(np.float64(1.5), 100, 260, 30, 15)",houghCircle,0.78125,44530244.583333336,31087371.5
"(np.float64(1.5), 100, 260, 35, 5)",houghCircle,0.6791666666666667,47548563.297916666,37040405.0
"(np.float64(1.5), 100, 260, 35, 10)",houghCircle,0.70625,38195298.145833336,29667667.5
"(np.float64(1.5), 100, 260, 35, 15)",houghCircle,0.7708333333333334,41944003.78125,30978367.0
"(np.float64(1.5), 100, 260, 40, 5)",houghCircle,0.5916666666666667,41403721.327083334,31909904.0
"(np.float64(1.5), 100, 260, 40, 10)",houghCircle,0.625,39991576.604166664,30865670.5
"(np.float64(1.5), 100, 260, 40, 15)",houghCircle,0.6666666666666666,43466384.87291667,31519852.5
"(np.float64(1.5), 100, 260, 45, 5)",houghCircle,0.2125,40888482.62916667,31832023.5
"(np.float64(1.5), 100, 260, 45, 10)",houghCircle,0.23125,40845465.66875,30996190.5
"(np.float64(1.5), 100, 260, 45, 15)",houghCircle,0.2375,42651377.74166667,31284722.0
"(np.float64(1.5), 100, 270, 30, 5)",houghCircle,0.675,42650966.44583333,32234393.5
"(np.float64(1.5), 100, 270, 30, 10)",houghCircle,0.7,39378619.11875,29870973.5
"(np.float64(1.5), 100, 270, 30, 15)",houghCircle,0.78125,47307735.62708333,37767138.5
"(np.float64(1.5), 100, 270, 35, 5)",houghCircle,0.6791666666666667,42411151.0375,31264393.5
"(np.float64(1.5), 100, 270, 35, 10)",houghCircle,0.7104166666666667,40150043.7,30909543.0
"(np.float64(1.5), 100, 270, 35, 15)",houghCircle,0.775,38157772.83541667,30846024.0
"(np.float64(1.5), 100, 270, 40, 5)",houghCircle,0.5916666666666667,43053907.8625,32388892.5
"(np.float64(1.5), 100, 270, 40, 10)",houghCircle,0.6270833333333333,43571078.89375,31833946.0
"(np.float64(1.5), 100, 270, 40, 15)",houghCircle,0.6666666666666666,42667458.677083336,30671626.5
"(np.float64(1.5), 100, 270, 45, 5)",houghCircle,0.2125,46129063.46875,32704885.5
"(np.float64(1.5), 100, 270, 45, 10)",houghCircle,0.23125,40366546.375,31313818.5
"(np.float64(1.5), 100, 270, 45, 15)",houghCircle,0.2375,40016070.3,30981653.0
"(np.float64(1.5), 100, 280, 30, 5)",houghCircle,0.6791666666666667,39514171.47083333,31788562.0
"(np.float64(1.5), 100, 280, 30, 10)",houghCircle,0.7,48261213.7875,37115796.0
"(np.float64(1.5), 100, 280, 30, 15)",houghCircle,0.7833333333333333,43026628.99583333,31698908.5
"(np.float64(1.5), 100, 280, 35, 5)",houghCircle,0.6791666666666667,43642974.52708333,31915044.5
"(np.float64(1.5), 100, 280, 35, 10)",houghCircle,0.7125,40159470.641666666,30962046.0
"(np.float64(1.5), 100, 280, 35, 15)",houghCircle,0.775,40138837.33541667,31031942.5
"(np.float64(1.5), 100, 280, 40, 5)",houghCircle,0.5916666666666667,40343361.88333333,31368914.0
"(np.float64(1.5), 100, 280, 40, 10)",houghCircle,0.6291666666666667,43813589.21458333,32240435.0
"(np.float64(1.5), 100, 280, 40, 15)",houghCircle,0.6666666666666666,42954489.15625,31871006.0
"(np.float64(1.5), 100, 280, 45, 5)",houghCircle,0.2125,40531750.08958333,31140426.0
"(np.float64(1.5), 100, 280, 45, 10)",houghCircle,0.23125,44683645.141666666,31205804.0
"(np.float64(1.5), 100, 280, 45, 15)",houghCircle,0.2375,38183196.03125,30057269.0
"(np.float64(1.5), 100, 290, 30, 5)",houghCircle,0.6791666666666667,46898473.43958333,38017102.5
"(np.float64(1.5), 100, 290, 30, 10)",houghCircle,0.7083333333333334,40908214.66041667,30362827.5
"(np.float64(1.5), 100, 290, 30, 15)",houghCircle,0.7854166666666667,40228550.327083334,30520613.0
"(np.float64(1.5), 100, 290, 35, 5)",houghCircle,0.6833333333333333,42048267.014583334,32119542.5
"(np.float64(1.5), 100, 290, 35, 10)",houghCircle,0.7145833333333333,41896611.93125,31163699.5
"(np.float64(1.5), 100, 290, 35, 15)",houghCircle,0.7791666666666667,43263324.875,30801538.0
"(np.float64(1.5), 100, 290, 40, 5)",houghCircle,0.5916666666666667,42548128.079166666,31663036.5
"(np.float64(1.5), 100, 290, 40, 10)",houghCircle,0.6291666666666667,41850671.19166667,31445373.0
"(np.float64(1.5), 100, 290, 40, 15)",houghCircle,0.6666666666666666,37208416.79375,30101861.0
"(np.float64(1.5), 100, 290, 45, 5)",houghCircle,0.21458333333333332,43577302.202083334,31314271.5
"(np.float64(1.5), 100, 290, 45, 10)",houghCircle,0.23125,48587008.39375,36527312.0
"(np.float64(1.5), 100, 290, 45, 15)",houghCircle,0.2375,40564338.78125,30145574.0
"(np.float64(1.5), 110, 100, 30, 5)",houghCircle,0.4875,45872480.98125,37033366.5
"(np.float64(1.5), 110, 100, 30, 10)",houghCircle,0.6354166666666666,46510845.95,37782757.5
"(np.float64(1.5), 110, 100, 30, 15)",houghCircle,0.7833333333333333,42432380.525,34513844.5
"(np.float64(1.5), 110, 100, 35, 5)",houghCircle,0.6729166666666667,47616131.93125,36939215.0
"(np.float64(1.5), 110, 100, 35, 10)",houghCircle,0.7104166666666667,46624860.22291667,37084658.0
"(np.float64(1.5), 110, 100, 35, 15)",houghCircle,0.7979166666666667,43181209.50833333,34665554.5
"(np.float64(1.5), 110, 100, 40, 5)",houghCircle,0.61875,45853332.30833333,36070209.0
"(np.float64(1.5), 110, 100, 40, 10)",houghCircle,0.6666666666666666,46288686.73125,36743221.5
"(np.float64(1.5), 110, 100, 40, 15)",houghCircle,0.7208333333333333,46444007.775,35301597.5
"(np.float64(1.5), 110, 100, 45, 5)",houghCircle,0.35833333333333334,52952605.58958333,42556363.0
"(np.float64(1.5), 110, 100, 45, 10)",houghCircle,0.37916666666666665,46035494.202083334,36539549.5
"(np.float64(1.5), 110, 100, 45, 15)",houghCircle,0.3958333333333333,44300917.91041667,36111235.0
"(np.float64(1.5), 110, 110, 30, 5)",houghCircle,0.5208333333333334,45606372.079166666,36895152.5
"(np.float64(1.5), 110, 110, 30, 10)",houghCircle,0.6479166666666667,43533597.36666667,36218167.0
"(np.float64(1.5), 110, 110, 30, 15)",houghCircle,0.7895833333333333,45368825.610416666,36036361.0
"(np.float64(1.5), 110, 110, 35, 5)",houghCircle,0.6729166666666667,46031299.47708333,36853554.5
"(np.float64(1.5), 110, 110, 35, 10)",houghCircle,0.7125,47910581.2,36589329.5
"(np.float64(1.5), 110, 110, 35, 15)",houghCircle,0.8,46011977.33541667,35129108.5
"(np.float64(1.5), 110, 110, 40, 5)",houghCircle,0.59375,46377446.145833336,35041850.5
"(np.float64(1.5), 110, 110, 40, 10)",houghCircle,0.63125,53166682.30416667,43575931.0
"(np.float64(1.5), 110, 110, 40, 15)",houghCircle,0.6854166666666667,45500911.889583334,35056092.0
"(np.float64(1.5), 110, 110, 45, 5)",houghCircle,0.29583333333333334,45499895.079166666,36102685.5
"(np.float64(1.5), 110, 110, 45, 10)",houghCircle,0.31875,48294947.87291667,36747765.5
"(np.float64(1.5), 110, 110, 45, 15)",houghCircle,0.33541666666666664,46218160.233333334,35572580.5
"(np.float64(1.5), 110, 120, 30, 5)",houghCircle,0.5625,46605613.74375,36540832.5
"(np.float64(1.5), 110, 120, 30, 10)",houghCircle,0.6666666666666666,45033449.99583333,35158319.0
"(np.float64(1.5), 110, 120, 30, 15)",houghCircle,0.7958333333333333,43960828.85,34043722.5
"(np.float64(1.5), 110, 120, 35, 5)",houghCircle,0.6770833333333334,47530657.6,35635799.0
"(np.float64(1.5), 110, 120, 35, 10)",houghCircle,0.7104166666666667,45067893.725,34096477.5
"(np.float64(1.5), 110, 120, 35, 15)",houghCircle,0.79375,43503916.485416666,34892665.0
"(np.float64(1.5), 110, 120, 40, 5)",houghCircle,0.6020833333333333,43298170.41041667,34120060.0
"(np.float64(1.5), 110, 120, 40, 10)",houghCircle,0.6291666666666667,52987466.25208333,42903679.0
"(np.float64(1.5), 110, 120, 40, 15)",houghCircle,0.6833333333333333,44127301.177083336,34886648.5
"(np.float64(1.5), 110, 120, 45, 5)",houghCircle,0.26666666666666666,45341859.34375,35977896.0
"(np.float64(1.5), 110, 120, 45, 10)",houghCircle,0.2875,47052138.71666667,36049776.5
"(np.float64(1.5), 110, 120, 45, 15)",houghCircle,0.30416666666666664,45047293.62083333,35111936.5
"(np.float64(1.5), 110, 130, 30, 5)",houghCircle,0.58125,45244402.516666666,34760417.0
"(np.float64(1.5), 110, 130, 30, 10)",houghCircle,0.6708333333333333,45706187.23125,35223341.0
"(np.float64(1.5), 110, 130, 30, 15)",houghCircle,0.8041666666666667,45934369.60625,34948580.0
"(np.float64(1.5), 110, 130, 35, 5)",houghCircle,0.6729166666666667,44455344.64375,34933202.0
"(np.float64(1.5), 110, 130, 35, 10)",houghCircle,0.70625,40561096.99166667,32235325.5
"(np.float64(1.5), 110, 130, 35, 15)",houghCircle,0.7916666666666666,40640093.75,33795031.0
"(np.float64(1.5), 110, 130, 40, 5)",houghCircle,0.5958333333333333,50505673.05833333,41746849.0
"(np.float64(1.5), 110, 130, 40, 10)",houghCircle,0.6229166666666667,44015625.71875,34179863.5
"(np.float64(1.5), 110, 130, 40, 15)",houghCircle,0.6770833333333334,45633197.15,33882010.0
"(np.float64(1.5), 110, 130, 45, 5)",houghCircle,0.23333333333333334,45930377.208333336,34922641.5
"(np.float64(1.5), 110, 130, 45, 10)",houghCircle,0.25,43925620.6,34720662.5
"(np.float64(1.5), 110, 130, 45, 15)",houghCircle,0.2625,45958499.29375,34851588.5
"(np.float64(1.5), 110, 140, 30, 5)",houghCircle,0.5958333333333333,46288362.24166667,34755318.0
"(np.float64(1.5), 110, 140, 30, 10)",houghCircle,0.6833333333333333,46550473.47708333,35487401.0
"(np.float64(1.5), 110, 140, 30, 15)",houghCircle,0.7979166666666667,45124289.49375,33531255.5
"(np.float64(1.5), 110, 140, 35, 5)",houghCircle,0.675,44149759.75,34376747.0
"(np.float64(1.5), 110, 140, 35, 10)",houghCircle,0.7041666666666667,42962029.84583333,33678828.0
"(np.float64(1.5), 110, 140, 35, 15)",houghCircle,0.7875,50096966.8375,41037037.5
"(np.float64(1.5), 110, 140, 40, 5)",houghCircle,0.6020833333333333,44120299.4875,34641964.5
"(np.float64(1.5), 110, 140, 40, 10)",houghCircle,0.625,43135291.19375,33487084.0
"(np.float64(1.5), 110, 140, 40, 15)",houghCircle,0.6791666666666667,44139665.67916667,33631739.5
"(np.float64(1.5), 110, 140, 45, 5)",houghCircle,0.225,47159875.91041667,35380716.0
"(np.float64(1.5), 110, 140, 45, 10)",houghCircle,0.24375,41759488.65,33468428.0
"(np.float64(1.5), 110, 140, 45, 15)",houghCircle,0.2520833333333333,42872470.90208333,33243312.0
"(np.float64(1.5), 110, 150, 30, 5)",houghCircle,0.6166666666666667,44015074.56041667,33759414.0
"(np.float64(1.5), 110, 150, 30, 10)",houghCircle,0.6895833333333333,43962254.325,33384811.5
"(np.float64(1.5), 110, 150, 30, 15)",houghCircle,0.8,46533863.15416667,33690670.0
"(np.float64(1.5), 110, 150, 35, 5)",houghCircle,0.6770833333333334,40964407.99583333,33189154.0
"(np.float64(1.5), 110, 150, 35, 10)",houghCircle,0.7041666666666667,43190362.391666666,34006182.5
"(np.float64(1.5), 110, 150, 35, 15)",houghCircle,0.7875,42697801.05,33121648.0
"(np.float64(1.5), 110, 150, 40, 5)",houghCircle,0.5979166666666667,50115091.829166666,40462599.0
"(np.float64(1.5), 110, 150, 40, 10)",houghCircle,0.6208333333333333,41202881.06875,33958377.5
"(np.float64(1.5), 110, 150, 40, 15)",houghCircle,0.675,42130720.077083334,32943172.5
"(np.float64(1.5), 110, 150, 45, 5)",houghCircle,0.21875,45177934.09375,34712361.0
"(np.float64(1.5), 110, 150, 45, 10)",houghCircle,0.23541666666666666,44103265.32083333,33343504.0
"(np.float64(1.5), 110, 150, 45, 15)",houghCircle,0.24375,43336482.80416667,33239529.5
"(np.float64(1.5), 110, 160, 30, 5)",houghCircle,0.6229166666666667,44032263.360416666,33644649.0
"(np.float64(1.5), 110, 160, 30, 10)",houghCircle,0.69375,43277533.489583336,33153022.0
"(np.float64(1.5), 110, 160, 30, 15)",houghCircle,0.80625,41173897.06875,32415021.5
"(np.float64(1.5), 110, 160, 35, 5)",houghCircle,0.6791666666666667,42859229.27708333,33765625.5
"(np.float64(1.5), 110, 160, 35, 10)",houghCircle,0.7083333333333334,46174363.59375,36503301.5
"(np.float64(1.5), 110, 160, 35, 15)",houghCircle,0.7916666666666666,43047921.21041667,32753607.0
"(np.float64(1.5), 110, 160, 40, 5)",houghCircle,0.5979166666666667,43067468.420833334,33655931.0
"(np.float64(1.5), 110, 160, 40, 10)",houghCircle,0.625,43801827.14375,33456676.0
"(np.float64(1.5), 110, 160, 40, 15)",houghCircle,0.6770833333333334,45140879.76875,33996544.0
"(np.float64(1.5), 110, 160, 45, 5)",houghCircle,0.2125,45502322.49375,34515433.0
"(np.float64(1.5), 110, 160, 45, 10)",houghCircle,0.23125,43491791.97708333,32375503.0
"(np.float64(1.5), 110, 160, 45, 15)",houghCircle,0.2375,42958466.447916664,32154859.5
"(np.float64(1.5), 110, 170, 30, 5)",houghCircle,0.6375,43785699.10208333,33621299.5
"(np.float64(1.5), 110, 170, 30, 10)",houghCircle,0.7,42782877.90208333,32832929.5
"(np.float64(1.5), 110, 170, 30, 15)",houghCircle,0.8041666666666667,53304381.822916664,39884105.5
"(np.float64(1.5), 110, 170, 35, 5)",houghCircle,0.6791666666666667,41867312.829166666,33094342.5
"(np.float64(1.5), 110, 170, 35, 10)",houghCircle,0.70625,42625198.71666667,32495283.0
"(np.float64(1.5), 110, 170, 35, 15)",houghCircle,0.7875,41125215.02708333,33021724.5
"(np.float64(1.5), 110, 170, 40, 5)",houghCircle,0.5916666666666667,44531491.27708333,33825758.5
"(np.float64(1.5), 110, 170, 40, 10)",houghCircle,0.6229166666666667,42492069.00833333,32713161.5
"(np.float64(1.5), 110, 170, 40, 15)",houghCircle,0.6729166666666667,39254617.53958333,31492011.0
"(np.float64(1.5), 110, 170, 45, 5)",houghCircle,0.2125,43342472.510416664,33379435.5
"(np.float64(1.5), 110, 170, 45, 10)",houghCircle,0.23125,42488086.52916667,32623773.5
"(np.float64(1.5), 110, 170, 45, 15)",houghCircle,0.2375,43797256.99375,32872050.0
"(np.float64(1.5), 110, 180, 30, 5)",houghCircle,0.6395833333333333,41620867.35208333,33487885.0
"(np.float64(1.5), 110, 180, 30, 10)",houghCircle,0.7041666666666667,42787317.114583336,32040875.0
"(np.float64(1.5), 110, 180, 30, 15)",houghCircle,0.8,50194442.08958333,38831927.0
"(np.float64(1.5), 110, 180, 35, 5)",houghCircle,0.6833333333333333,44249777.22083333,33295147.0
"(np.float64(1.5), 110, 180, 35, 10)",houghCircle,0.70625,44070843.422916666,33484107.5
"(np.float64(1.5), 110, 180, 35, 15)",houghCircle,0.7854166666666667,42585263.389583334,32083521.0
"(np.float64(1.5), 110, 180, 40, 5)",houghCircle,0.59375,39836796.6625,32594343.0
"(np.float64(1.5), 110, 180, 40, 10)",houghCircle,0.6270833333333333,42964738.329166666,32106553.5
"(np.float64(1.5), 110, 180, 40, 15)",houghCircle,0.6729166666666667,42552779.79375,32256539.5
"(np.float64(1.5), 110, 180, 45, 5)",houghCircle,0.2125,41377680.983333334,32772703.5
"(np.float64(1.5), 110, 180, 45, 10)",houghCircle,0.23125,43737287.03958333,33358282.0
"(np.float64(1.5), 110, 180, 45, 15)",houghCircle,0.2375,40710507.925,31551041.0
"(np.float64(1.5), 110, 190, 30, 5)",houghCircle,0.6479166666666667,51722159.80625,39436304.0
"(np.float64(1.5), 110, 190, 30, 10)",houghCircle,0.6979166666666666,41863168.32083333,32061113.0
"(np.float64(1.5), 110, 190, 30, 15)",houghCircle,0.7916666666666666,40981701.53958333,31656313.5
"(np.float64(1.5), 110, 190, 35, 5)",houghCircle,0.6729166666666667,42595480.14375,32380592.0
"(np.float64(1.5), 110, 190, 35, 10)",houghCircle,0.6979166666666666,42466368.297916666,32354614.0
"(np.float64(1.5), 110, 190, 35, 15)",houghCircle,0.7770833333333333,39774436.16458333,31423097.0
"(np.float64(1.5), 110, 190, 40, 5)",houghCircle,0.5854166666666667,42520814.35,33066729.5
"(np.float64(1.5), 110, 190, 40, 10)",houghCircle,0.6229166666666667,43408570.02708333,32798396.5
"(np.float64(1.5), 110, 190, 40, 15)",houghCircle,0.6666666666666666,39896427.91458333,31022219.5
"(np.float64(1.5), 110, 190, 45, 5)",houghCircle,0.2125,45881735.27291667,33396533.5
"(np.float64(1.5), 110, 190, 45, 10)",houghCircle,0.23125,38826819.6125,31749337.5
"(np.float64(1.5), 110, 190, 45, 15)",houghCircle,0.2375,43796369.885416664,32181499.0
"(np.float64(1.5), 110, 200, 30, 5)",houghCircle,0.65,41257624.93958333,31580932.0
"(np.float64(1.5), 110, 200, 30, 10)",houghCircle,0.6916666666666667,43448948.59583333,31670665.5
"(np.float64(1.5), 110, 200, 30, 15)",houghCircle,0.7854166666666667,49481137.3375,39496563.0
"(np.float64(1.5), 110, 200, 35, 5)",houghCircle,0.6708333333333333,43633594.854166664,32469183.5
"(np.float64(1.5), 110, 200, 35, 10)",houghCircle,0.7,43815123.24375,32925684.5
"(np.float64(1.5), 110, 200, 35, 15)",houghCircle,0.775,41116530.84583333,30257528.0
"(np.float64(1.5), 110, 200, 40, 5)",houghCircle,0.5854166666666667,43084456.5625,32536185.0
"(np.float64(1.5), 110, 200, 40, 10)",houghCircle,0.6229166666666667,43054652.47291667,31372456.0
"(np.float64(1.5), 110, 200, 40, 15)",houghCircle,0.6666666666666666,41993554.56458333,31839297.0
"(np.float64(1.5), 110, 200, 45, 5)",houghCircle,0.2125,43274892.24375,32752902.0
"(np.float64(1.5), 110, 200, 45, 10)",houghCircle,0.23125,41370913.42916667,32460923.0
"(np.float64(1.5), 110, 200, 45, 15)",houghCircle,0.2375,41917418.16458333,31611440.5
"(np.float64(1.5), 110, 210, 30, 5)",houghCircle,0.6479166666666667,43584403.78541667,32567268.5
"(np.float64(1.5), 110, 210, 30, 10)",houghCircle,0.6895833333333333,49114574.3875,37915621.0
"(np.float64(1.5), 110, 210, 30, 15)",houghCircle,0.78125,39004344.96458333,31255232.5
"(np.float64(1.5), 110, 210, 35, 5)",houghCircle,0.6729166666666667,45006590.23125,33934668.0
"(np.float64(1.5), 110, 210, 35, 10)",houghCircle,0.7020833333333333,43494425.52708333,32650698.0
"(np.float64(1.5), 110, 210, 35, 15)",houghCircle,0.775,39765208.51875,31049876.0
"(np.float64(1.5), 110, 210, 40, 5)",houghCircle,0.5895833333333333,41956396.69583333,31823061.5
"(np.float64(1.5), 110, 210, 40, 10)",houghCircle,0.6208333333333333,44664318.49583333,32618014.0
"(np.float64(1.5), 110, 210, 40, 15)",houghCircle,0.6666666666666666,42449423.104166664,31827615.0
"(np.float64(1.5), 110, 210, 45, 5)",houghCircle,0.2125,39746770.89375,31766886.0
"(np.float64(1.5), 110, 210, 45, 10)",houghCircle,0.23125,43007224.97083333,31608284.0
"(np.float64(1.5), 110, 210, 45, 15)",houghCircle,0.2375,39698669.22083333,31272725.0
"(np.float64(1.5), 110, 220, 30, 5)",houghCircle,0.65625,44354494.42916667,32436026.0
"(np.float64(1.5), 110, 220, 30, 10)",houghCircle,0.6854166666666667,51983859.958333336,39409664.0
"(np.float64(1.5), 110, 220, 30, 15)",houghCircle,0.7791666666666667,44388366,31793345.5
"(np.float64(1.5), 110, 220, 35, 5)",houghCircle,0.66875,41825720.55625,32063107.5
"(np.float64(1.5), 110, 220, 35, 10)",houghCircle,0.6958333333333333,42370202.114583336,31503697.5
"(np.float64(1.5), 110, 220, 35, 15)",houghCircle,0.7708333333333334,40099687.5875,30843764.5
"(np.float64(1.5), 110, 220, 40, 5)",houghCircle,0.5895833333333333,43135928.74583333,32307721.5
"(np.float64(1.5), 110, 220, 40, 10)",houghCircle,0.6229166666666667,42358173.975,30959927.0
"(np.float64(1.5), 110, 220, 40, 15)",houghCircle,0.6666666666666666,42554135.37916667,31165132.0
"(np.float64(1.5), 110, 220, 45, 5)",houghCircle,0.2125,40961094.175,32243635.0
"(np.float64(1.5), 110, 220, 45, 10)",houghCircle,0.23125,43913526.08958333,32307710.5
"(np.float64(1.5), 110, 220, 45, 15)",houghCircle,0.2375,48320871.7375,37294968.0
"(np.float64(1.5), 110, 230, 30, 5)",houghCircle,0.65625,41655804.74583333,32529402.0
"(np.float64(1.5), 110, 230, 30, 10)",houghCircle,0.6833333333333333,43901151.40208333,32520079.0
"(np.float64(1.5), 110, 230, 30, 15)",houghCircle,0.7770833333333333,41259955.99166667,30947684.5
"(np.float64(1.5), 110, 230, 35, 5)",houghCircle,0.6729166666666667,44347971.94166667,32474418.5
"(np.float64(1.5), 110, 230, 35, 10)",houghCircle,0.7,46124062.45,31899319.5
"(np.float64(1.5), 110, 230, 35, 15)",houghCircle,0.7708333333333334,40746406.34791667,31344509.0
"(np.float64(1.5), 110, 230, 40, 5)",houghCircle,0.5895833333333333,40756903.19583333,31406876.0
"(np.float64(1.5), 110, 230, 40, 10)",houghCircle,0.6229166666666667,40821133.23125,31292480.5
"(np.float64(1.5), 110, 230, 40, 15)",houghCircle,0.6666666666666666,42264703.125,31227764.5
"(np.float64(1.5), 110, 230, 45, 5)",houghCircle,0.2125,46060325.27916667,32955085.5
"(np.float64(1.5), 110, 230, 45, 10)",houghCircle,0.23125,48899665.577083334,39092795.0
"(np.float64(1.5), 110, 230, 45, 15)",houghCircle,0.2375,42673202.235416666,32366463.0
"(np.float64(1.5), 110, 240, 30, 5)",houghCircle,0.65625,41475655.20625,32637389.5
"(np.float64(1.5), 110, 240, 30, 10)",houghCircle,0.6854166666666667,42622779.46041667,32489647.0
"(np.float64(1.5), 110, 240, 30, 15)",houghCircle,0.7770833333333333,40956563.125,31350349.5
"(np.float64(1.5), 110, 240, 35, 5)",houghCircle,0.6770833333333334,41214633.19166667,31902529.5
"(np.float64(1.5), 110, 240, 35, 10)",houghCircle,0.7041666666666667,43881449.49166667,31669754.0
"(np.float64(1.5), 110, 240, 35, 15)",houghCircle,0.7708333333333334,39430307.27708333,30616127.0
"(np.float64(1.5), 110, 240, 40, 5)",houghCircle,0.5916666666666667,40579285.16458333,31720825.0
"(np.float64(1.5), 110, 240, 40, 10)",houghCircle,0.6270833333333333,42060328.425,32186623.5
"(np.float64(1.5), 110, 240, 40, 15)",houghCircle,0.66875,44225988.797916666,31482392.0
"(np.float64(1.5), 110, 240, 45, 5)",houghCircle,0.2125,46131294.822916664,33071814.0
"(np.float64(1.5), 110, 240, 45, 10)",houghCircle,0.23125,49085496.18958333,37294561.0
"(np.float64(1.5), 110, 240, 45, 15)",houghCircle,0.2375,43271806.68125,31745069.0
"(np.float64(1.5), 110, 250, 30, 5)",houghCircle,0.6604166666666667,40039779.27708333,31611794.5
"(np.float64(1.5), 110, 250, 30, 10)",houghCircle,0.69375,41031663.35625,31428286.0
"(np.float64(1.5), 110, 250, 30, 15)",houghCircle,0.7770833333333333,42548674.85625,31726841.5
"(np.float64(1.5), 110, 250, 35, 5)",houghCircle,0.6791666666666667,39982831.44375,31136027.5
"(np.float64(1.5), 110, 250, 35, 10)",houghCircle,0.7041666666666667,38164782.34583333,30338941.5
"(np.float64(1.5), 110, 250, 35, 15)",houghCircle,0.7708333333333334,43754753.38125,30623114.5
"(np.float64(1.5), 110, 250, 40, 5)",houghCircle,0.5916666666666667,41929466.42916667,31855522.0
"(np.float64(1.5), 110, 250, 40, 10)",houghCircle,0.6270833333333333,44403906.83125,32531000.5
"(np.float64(1.5), 110, 250, 40, 15)",houghCircle,0.66875,48333127.391666666,37771440.5
"(np.float64(1.5), 110, 250, 45, 5)",houghCircle,0.2125,45730497.422916666,32770329.0
"(np.float64(1.5), 110, 250, 45, 10)",houghCircle,0.23125,39755150.422916666,30064913.0
"(np.float64(1.5), 110, 250, 45, 15)",houghCircle,0.2375,41530833.12083333,31400183.5
"(np.float64(1.5), 110, 260, 30, 5)",houghCircle,0.6666666666666666,40973832.50208333,31006404.5
"(np.float64(1.5), 110, 260, 30, 10)",houghCircle,0.6979166666666666,44545218.24375,32098563.5
"(np.float64(1.5), 110, 260, 30, 15)",houghCircle,0.78125,41551562.5375,30623917.0
"(np.float64(1.5), 110, 260, 35, 5)",houghCircle,0.6791666666666667,42264244.37083333,32100176.0
"(np.float64(1.5), 110, 260, 35, 10)",houghCircle,0.70625,39561617.37083333,31999723.0
"(np.float64(1.5), 110, 260, 35, 15)",houghCircle,0.7708333333333334,43815443.52291667,32197043.5
"(np.float64(1.5), 110, 260, 40, 5)",houghCircle,0.5916666666666667,41316768.43125,32243756.0
"(np.float64(1.5), 110, 260, 40, 10)",houghCircle,0.625,40910660.16458333,31162646.5
"(np.float64(1.5), 110, 260, 40, 15)",houghCircle,0.6666666666666666,41708302.547916666,30948145.5
"(np.float64(1.5), 110, 260, 45, 5)",houghCircle,0.2125,48232036.40625,37602985.0
"(np.float64(1.5), 110, 260, 45, 10)",houghCircle,0.23125,43116806.235416666,31394116.5
"(np.float64(1.5), 110, 260, 45, 15)",houghCircle,0.2375,39192915.545833334,30362030.5
"(np.float64(1.5), 110, 270, 30, 5)",houghCircle,0.675,43164951.833333336,32904074.5
"(np.float64(1.5), 110, 270, 30, 10)",houghCircle,0.7,40812422.3,31311641.5
"(np.float64(1.5), 110, 270, 30, 15)",houghCircle,0.78125,43703407.797916666,31361715.5
"(np.float64(1.5), 110, 270, 35, 5)",houghCircle,0.6791666666666667,43454695.72083333,33434434.5
"(np.float64(1.5), 110, 270, 35, 10)",houghCircle,0.7104166666666667,40178346.1625,31366675.5
"(np.float64(1.5), 110, 270, 35, 15)",houghCircle,0.775,44261759.2625,31644762.5
"(np.float64(1.5), 110, 270, 40, 5)",houghCircle,0.5916666666666667,39739725.43958333,30965067.0
"(np.float64(1.5), 110, 270, 40, 10)",houghCircle,0.6270833333333333,42266765.1,31235620.0
"(np.float64(1.5), 110, 270, 40, 15)",houghCircle,0.6666666666666666,41634171.40208333,31019103.0
"(np.float64(1.5), 110, 270, 45, 5)",houghCircle,0.2125,51186950.860416666,38569262.5
"(np.float64(1.5), 110, 270, 45, 10)",houghCircle,0.23125,38330822.01875,30532856.5
"(np.float64(1.5), 110, 270, 45, 15)",houghCircle,0.2375,42401895.36875,30655246.0
"(np.float64(1.5), 110, 280, 30, 5)",houghCircle,0.6791666666666667,42459200.6,31202362.0
"(np.float64(1.5), 110, 280, 30, 10)",houghCircle,0.7,40221733.55625,31216694.5
"(np.float64(1.5), 110, 280, 30, 15)",houghCircle,0.7833333333333333,39842625.08541667,30046523.5
"(np.float64(1.5), 110, 280, 35, 5)",houghCircle,0.6791666666666667,46496539.46875,31442668.0
"(np.float64(1.5), 110, 280, 35, 10)",houghCircle,0.7125,39100962.03958333,30904694.0
"(np.float64(1.5), 110, 280, 35, 15)",houghCircle,0.775,40345927.677083336,30842371.5
"(np.float64(1.5), 110, 280, 40, 5)",houghCircle,0.5916666666666667,39287148.84166667,30545570.0
"(np.float64(1.5), 110, 280, 40, 10)",houghCircle,0.6291666666666667,40291816.45625,31041089.5
"(np.float64(1.5), 110, 280, 40, 15)",houghCircle,0.6666666666666666,48071531.6875,38112446.5
"(np.float64(1.5), 110, 280, 45, 5)",houghCircle,0.2125,42371461.114583336,31549999.5
"(np.float64(1.5), 110, 280, 45, 10)",houghCircle,0.23125,44499038.427083336,31635004.0
"(np.float64(1.5), 110, 280, 45, 15)",houghCircle,0.2375,42442427.375,30571899.5
"(np.float64(1.5), 110, 290, 30, 5)",houghCircle,0.6791666666666667,41366303.75208333,30747218.0
"(np.float64(1.5), 110, 290, 30, 10)",houghCircle,0.7083333333333334,41131056.604166664,31114743.0
"(np.float64(1.5), 110, 290, 30, 15)",houghCircle,0.7854166666666667,40910422.954166666,30577705.5
"(np.float64(1.5), 110, 290, 35, 5)",houghCircle,0.6833333333333333,41823985.954166666,30603178.0
"(np.float64(1.5), 110, 290, 35, 10)",houghCircle,0.7145833333333333,41567858.8625,31541652.0
"(np.float64(1.5), 110, 290, 35, 15)",houghCircle,0.7791666666666667,43229901.552083336,31528734.0
"(np.float64(1.5), 110, 290, 40, 5)",houghCircle,0.5916666666666667,46859568.09375,35223781.0
"(np.float64(1.5), 110, 290, 40, 10)",houghCircle,0.6291666666666667,41372903.170833334,31265119.5
"(np.float64(1.5), 110, 290, 40, 15)",houghCircle,0.6666666666666666,40546180.46458333,30157537.5
"(np.float64(1.5), 110, 290, 45, 5)",houghCircle,0.21458333333333332,39068536.00833333,31211284.5
"(np.float64(1.5), 110, 290, 45, 10)",houghCircle,0.23125,38792516.139583334,30025178.5
"(np.float64(1.5), 110, 290, 45, 15)",houghCircle,0.2375,42142907.827083334,31133322.5
"(np.float64(1.5), 120, 100, 30, 5)",houghCircle,0.4875,50419494.12916667,38358732.5
"(np.float64(1.5), 120, 100, 30, 10)",houghCircle,0.6354166666666666,44631010.1,35816994.0
"(np.float64(1.5), 120, 100, 30, 15)",houghCircle,0.7833333333333333,47154684.65,37011625.5
"(np.float64(1.5), 120, 100, 35, 5)",houghCircle,0.675,46082359.266666666,36454241.0
"(np.float64(1.5), 120, 100, 35, 10)",houghCircle,0.7104166666666667,52108420.15416667,44059247.5
"(np.float64(1.5), 120, 100, 35, 15)",houghCircle,0.7979166666666667,48322753.84583333,36876447.5
"(np.float64(1.5), 120, 100, 40, 5)",houghCircle,0.6208333333333333,47694903.8875,38369904.0
"(np.float64(1.5), 120, 100, 40, 10)",houghCircle,0.6666666666666666,44449794.833333336,36309939.5
"(np.float64(1.5), 120, 100, 40, 15)",houghCircle,0.7208333333333333,47061822.62916667,35057459.5
"(np.float64(1.5), 120, 100, 45, 5)",houghCircle,0.35833333333333334,47303976.34166667,37649141.5
"(np.float64(1.5), 120, 100, 45, 10)",houghCircle,0.37916666666666665,46242223.61666667,35653794.0
"(np.float64(1.5), 120, 100, 45, 15)",houghCircle,0.3958333333333333,42250288.922916666,34687851.5
"(np.float64(1.5), 120, 110, 30, 5)",houghCircle,0.5208333333333334,46054865.35625,36131463.5
"(np.float64(1.5), 120, 110, 30, 10)",houghCircle,0.6479166666666667,45044053.77291667,37157540.0
"(np.float64(1.5), 120, 110, 30, 15)",houghCircle,0.7895833333333333,44554371.1,34239670.0
"(np.float64(1.5), 120, 110, 35, 5)",houghCircle,0.675,52469601.125,43761017.5
"(np.float64(1.5), 120, 110, 35, 10)",houghCircle,0.7125,44453050.1875,35126338.5
"(np.float64(1.5), 120, 110, 35, 15)",houghCircle,0.8,43876079.74583333,36152042.5
"(np.float64(1.5), 120, 110, 40, 5)",houghCircle,0.59375,45285028.47708333,36293049.5
"(np.float64(1.5), 120, 110, 40, 10)",houghCircle,0.63125,45050969.2,36224945.0
"(np.float64(1.5), 120, 110, 40, 15)",houghCircle,0.6854166666666667,45385267.06458333,35445492.5
"(np.float64(1.5), 120, 110, 45, 5)",houghCircle,0.29583333333333334,46215210.12708333,36515255.0
"(np.float64(1.5), 120, 110, 45, 10)",houghCircle,0.31875,43753808.427083336,35910083.0
"(np.float64(1.5), 120, 110, 45, 15)",houghCircle,0.33541666666666664,45821172.014583334,35918223.5
"(np.float64(1.5), 120, 120, 30, 5)",houghCircle,0.5625,46501428.85,35788260.0
"(np.float64(1.5), 120, 120, 30, 10)",houghCircle,0.6666666666666666,44917789.15625,34918975.0
"(np.float64(1.5), 120, 120, 30, 15)",houghCircle,0.7958333333333333,43287139.31875,34024827.0
"(np.float64(1.5), 120, 120, 35, 5)",houghCircle,0.6791666666666667,51729552.49166667,43526907.5
"(np.float64(1.5), 120, 120, 35, 10)",houghCircle,0.7104166666666667,44431702.06875,35546818.0
"(np.float64(1.5), 120, 120, 35, 15)",houghCircle,0.79375,43481643.422916666,33453841.0
"(np.float64(1.5), 120, 120, 40, 5)",houghCircle,0.6020833333333333,45436389.4,36205613.5
"(np.float64(1.5), 120, 120, 40, 10)",houghCircle,0.6291666666666667,44853488.979166664,34391899.5
"(np.float64(1.5), 120, 120, 40, 15)",houghCircle,0.6833333333333333,42825076.79375,34732921.5
"(np.float64(1.5), 120, 120, 45, 5)",houghCircle,0.26666666666666666,44038345.18125,35302765.5
"(np.float64(1.5), 120, 120, 45, 10)",houghCircle,0.2875,43541641.30833333,34890356.5
"(np.float64(1.5), 120, 120, 45, 15)",houghCircle,0.30416666666666664,43566097.09583333,34888227.5
"(np.float64(1.5), 120, 130, 30, 5)",houghCircle,0.58125,43695216.65,34473268.0
"(np.float64(1.5), 120, 130, 30, 10)",houghCircle,0.6708333333333333,46553078.920833334,35291384.0
"(np.float64(1.5), 120, 130, 30, 15)",houghCircle,0.8041666666666667,43150737.422916666,33672330.5
"(np.float64(1.5), 120, 130, 35, 5)",houghCircle,0.675,52195385.55833333,42166055.5
"(np.float64(1.5), 120, 130, 35, 10)",houghCircle,0.70625,43164491.87916667,34707057.5
"(np.float64(1.5), 120, 130, 35, 15)",houghCircle,0.7916666666666666,40523002.61875,32489919.0
"(np.float64(1.5), 120, 130, 40, 5)",houghCircle,0.5958333333333333,47256714.58958333,36169186.0
"(np.float64(1.5), 120, 130, 40, 10)",houghCircle,0.6229166666666667,44090498.875,34129263.0
"(np.float64(1.5), 120, 130, 40, 15)",houghCircle,0.6770833333333334,43958072.40833333,33940158.0
"(np.float64(1.5), 120, 130, 45, 5)",houghCircle,0.23333333333333334,43789364.66875,34359875.5
"(np.float64(1.5), 120, 130, 45, 10)",houghCircle,0.25,46808006.958333336,35272663.0
"(np.float64(1.5), 120, 130, 45, 15)",houghCircle,0.2625,42748977.5375,33418770.0
"(np.float64(1.5), 120, 140, 30, 5)",houghCircle,0.5979166666666667,42482425.8,34295094.0
"(np.float64(1.5), 120, 140, 30, 10)",houghCircle,0.6833333333333333,41739641.614583336,33970391.0
"(np.float64(1.5), 120, 140, 30, 15)",houghCircle,0.7979166666666667,43956312.11875,33346690.0
"(np.float64(1.5), 120, 140, 35, 5)",houghCircle,0.675,47427495.225,40260200.0
"(np.float64(1.5), 120, 140, 35, 10)",houghCircle,0.7041666666666667,43566381.43333333,34732148.5
"(np.float64(1.5), 120, 140, 35, 15)",houghCircle,0.7875,44062629.454166666,32947271.0
"(np.float64(1.5), 120, 140, 40, 5)",houghCircle,0.6020833333333333,44964329.28333333,34641665.0
"(np.float64(1.5), 120, 140, 40, 10)",houghCircle,0.625,45053043.525,34444565.0
"(np.float64(1.5), 120, 140, 40, 15)",houghCircle,0.6791666666666667,43463405.59583333,33721918.5
"(np.float64(1.5), 120, 140, 45, 5)",houghCircle,0.225,43514957.3,34083326.5
"(np.float64(1.5), 120, 140, 45, 10)",houghCircle,0.24375,43292354.76875,33872645.5
"(np.float64(1.5), 120, 140, 45, 15)",houghCircle,0.2520833333333333,43840189.7375,33232200.0
"(np.float64(1.5), 120, 150, 30, 5)",houghCircle,0.61875,41731568.5125,33672215.0
"(np.float64(1.5), 120, 150, 30, 10)",houghCircle,0.6895833333333333,49099840.09166667,40042190.5
"(np.float64(1.5), 120, 150, 30, 15)",houghCircle,0.8,43173818.89375,33624181.0
"(np.float64(1.5), 120, 150, 35, 5)",houghCircle,0.6770833333333334,44229004.733333334,33657733.5
"(np.float64(1.5), 120, 150, 35, 10)",houghCircle,0.7041666666666667,47790817.125,34577759.5
"(np.float64(1.5), 120, 150, 35, 15)",houghCircle,0.7875,42005877.604166664,32770294.0
"(np.float64(1.5), 120, 150, 40, 5)",houghCircle,0.5979166666666667,44586871.608333334,34156259.0
"(np.float64(1.5), 120, 150, 40, 10)",houghCircle,0.6208333333333333,43889977.53125,34204003.0
"(np.float64(1.5), 120, 150, 40, 15)",houghCircle,0.675,41467442.3,32849726.0
"(np.float64(1.5), 120, 150, 45, 5)",houghCircle,0.21875,46549610.52916667,34224937.0
"(np.float64(1.5), 120, 150, 45, 10)",houghCircle,0.23541666666666666,45718004.74166667,33932373.5
"(np.float64(1.5), 120, 150, 45, 15)",houghCircle,0.24375,45414355.53333333,32925665.0
"(np.float64(1.5), 120, 160, 30, 5)",houghCircle,0.6229166666666667,43466429.81875,34829141.0
"(np.float64(1.5), 120, 160, 30, 10)",houghCircle,0.69375,49235263.47708333,40071425.5
"(np.float64(1.5), 120, 160, 30, 15)",houghCircle,0.80625,38561465.00208333,31778477.5
"(np.float64(1.5), 120, 160, 35, 5)",houghCircle,0.6791666666666667,43113180.360416666,33749315.5
"(np.float64(1.5), 120, 160, 35, 10)",houghCircle,0.7083333333333334,42830053.65833333,32851056.5
"(np.float64(1.5), 120, 160, 35, 15)",houghCircle,0.7916666666666666,41716902.86666667,33011060.5
"(np.float64(1.5), 120, 160, 40, 5)",houghCircle,0.5979166666666667,41342477.135416664,32789213.0
"(np.float64(1.5), 120, 160, 40, 10)",houghCircle,0.625,44630245.21041667,33547622.0
"(np.float64(1.5), 120, 160, 40, 15)",houghCircle,0.6770833333333334,41874861.72291667,32950807.5
"(np.float64(1.5), 120, 160, 45, 5)",houghCircle,0.2125,44487938.11875,33782372.5
"(np.float64(1.5), 120, 160, 45, 10)",houghCircle,0.23125,44467068.625,32651506.0
"(np.float64(1.5), 120, 160, 45, 15)",houghCircle,0.2375,50444252.75208333,39783996.5
"(np.float64(1.5), 120, 170, 30, 5)",houghCircle,0.6375,45944271.4,34419457.5
"(np.float64(1.5), 120, 170, 30, 10)",houghCircle,0.7,44453360.17916667,33529456.5
"(np.float64(1.5), 120, 170, 30, 15)",houghCircle,0.8041666666666667,42983061.891666666,32400630.0
"(np.float64(1.5), 120, 170, 35, 5)",houghCircle,0.6791666666666667,41299809.58958333,32940498.0
"(np.float64(1.5), 120, 170, 35, 10)",houghCircle,0.70625,44090555.45625,32478812.5
"(np.float64(1.5), 120, 170, 35, 15)",houghCircle,0.7875,41989783.28333333,31468421.5
"(np.float64(1.5), 120, 170, 40, 5)",houghCircle,0.5916666666666667,42226850.0125,32501263.5
"(np.float64(1.5), 120, 170, 40, 10)",houghCircle,0.6229166666666667,44483963.72708333,33380515.0
"(np.float64(1.5), 120, 170, 40, 15)",houghCircle,0.6729166666666667,42090171.21458333,32332327.5
"(np.float64(1.5), 120, 170, 45, 5)",houghCircle,0.2125,49912178.416666664,40167245.5
"(np.float64(1.5), 120, 170, 45, 10)",houghCircle,0.23125,45826212.99791667,33070261.0
"(np.float64(1.5), 120, 170, 45, 15)",houghCircle,0.2375,42868577.802083336,32552409.0
"(np.float64(1.5), 120, 180, 30, 5)",houghCircle,0.6395833333333333,45143594.55,34004454.5
"(np.float64(1.5), 120, 180, 30, 10)",houghCircle,0.7041666666666667,42365743.28333333,33300213.0
"(np.float64(1.5), 120, 180, 30, 15)",houghCircle,0.8,44993235.854166664,32515350.5
"(np.float64(1.5), 120, 180, 35, 5)",houghCircle,0.6833333333333333,45147356.87083333,33327157.5
"(np.float64(1.5), 120, 180, 35, 10)",houghCircle,0.70625,40387815.40833333,32440551.5
"(np.float64(1.5), 120, 180, 35, 15)",houghCircle,0.7854166666666667,42936704.58541667,32175353.0
"(np.float64(1.5), 120, 180, 40, 5)",houghCircle,0.59375,44212140.604166664,33618872.0
"(np.float64(1.5), 120, 180, 40, 10)",houghCircle,0.6270833333333333,50125805.922916666,37926276.0
"(np.float64(1.5), 120, 180, 40, 15)",houghCircle,0.6729166666666667,43119561.895833336,32416065.0
"(np.float64(1.5), 120, 180, 45, 5)",houghCircle,0.2125,42848732.958333336,33007774.5
"(np.float64(1.5), 120, 180, 45, 10)",houghCircle,0.23125,41067238.69166667,32672555.5
"(np.float64(1.5), 120, 180, 45, 15)",houghCircle,0.2375,42793050.80625,32799112.5
"(np.float64(1.5), 120, 190, 30, 5)",houghCircle,0.6479166666666667,43624846.22291667,32653945.5
"(np.float64(1.5), 120, 190, 30, 10)",houghCircle,0.6979166666666666,44797196.802083336,33480341.0
"(np.float64(1.5), 120, 190, 30, 15)",houghCircle,0.7916666666666666,39707040.14791667,31872279.0
"(np.float64(1.5), 120, 190, 35, 5)",houghCircle,0.6729166666666667,43192816.49166667,32487613.0
"(np.float64(1.5), 120, 190, 35, 10)",houghCircle,0.6979166666666666,43763546.475,32010623.5
"(np.float64(1.5), 120, 190, 35, 15)",houghCircle,0.7770833333333333,42577382.01875,32208634.5
"(np.float64(1.5), 120, 190, 40, 5)",houghCircle,0.5854166666666667,45053547.40625,32505797.0
"(np.float64(1.5), 120, 190, 40, 10)",houghCircle,0.6229166666666667,40379331.30416667,31172211.0
"(np.float64(1.5), 120, 190, 40, 15)",houghCircle,0.6666666666666666,48900921.45,37627240.5
"(np.float64(1.5), 120, 190, 45, 5)",houghCircle,0.2125,41657221.3875,33507031.0
"(np.float64(1.5), 120, 190, 45, 10)",houghCircle,0.23125,45206492.675,34004649.5
"(np.float64(1.5), 120, 190, 45, 15)",houghCircle,0.2375,40815921.39375,30854439.0
"(np.float64(1.5), 120, 200, 30, 5)",houghCircle,0.65,42880344.90625,32442663.5
"(np.float64(1.5), 120, 200, 30, 10)",houghCircle,0.6916666666666667,42842527.71458333,32312289.0
"(np.float64(1.5), 120, 200, 30, 15)",houghCircle,0.7854166666666667,41097724.145833336,31578153.5
"(np.float64(1.5), 120, 200, 35, 5)",houghCircle,0.6708333333333333,43130870.69375,32468186.5
"(np.float64(1.5), 120, 200, 35, 10)",houghCircle,0.7,42835616.55416667,32725680.5
"(np.float64(1.5), 120, 200, 35, 15)",houghCircle,0.775,41028724.260416664,31622686.0
"(np.float64(1.5), 120, 200, 40, 5)",houghCircle,0.5854166666666667,42835815.891666666,32520304.5
"(np.float64(1.5), 120, 200, 40, 10)",houghCircle,0.6229166666666667,50003431.770833336,38417768.5
"(np.float64(1.5), 120, 200, 40, 15)",houghCircle,0.6666666666666666,40615504.28125,30404996.5
"(np.float64(1.5), 120, 200, 45, 5)",houghCircle,0.2125,41534073.55625,32073450.0
"(np.float64(1.5), 120, 200, 45, 10)",houghCircle,0.23125,41889262.858333334,32762945.0
"(np.float64(1.5), 120, 200, 45, 15)",houghCircle,0.2375,39111360.15,30848188.0
"(np.float64(1.5), 120, 210, 30, 5)",houghCircle,0.6479166666666667,41411512.64791667,32291606.0
"(np.float64(1.5), 120, 210, 30, 10)",houghCircle,0.6895833333333333,41104017.03541667,31527562.5
"(np.float64(1.5), 120, 210, 30, 15)",houghCircle,0.78125,39740652.702083334,31254199.0
"(np.float64(1.5), 120, 210, 35, 5)",houghCircle,0.6729166666666667,38587303.46666667,31571133.5
"(np.float64(1.5), 120, 210, 35, 10)",houghCircle,0.7020833333333333,40395204.8,31893494.0
"(np.float64(1.5), 120, 210, 35, 15)",houghCircle,0.775,41901700.795833334,31975102.0
"(np.float64(1.5), 120, 210, 40, 5)",houghCircle,0.5895833333333333,42770361.40833333,33201213.0
"(np.float64(1.5), 120, 210, 40, 10)",houghCircle,0.6208333333333333,44902337.4125,32808540.5
"(np.float64(1.5), 120, 210, 40, 15)",houghCircle,0.6666666666666666,51258015.1875,38058915.0
"(np.float64(1.5), 120, 210, 45, 5)",houghCircle,0.2125,42953031.00833333,32774611.5
"(np.float64(1.5), 120, 210, 45, 10)",houghCircle,0.23125,42080789.25833333,32676647.5
"(np.float64(1.5), 120, 210, 45, 15)",houghCircle,0.2375,46043475.40833333,32246245.5
"(np.float64(1.5), 120, 220, 30, 5)",houghCircle,0.65625,43430472.62291667,32999779.0
"(np.float64(1.5), 120, 220, 30, 10)",houghCircle,0.6854166666666667,42491769.485416666,31576484.0
"(np.float64(1.5), 120, 220, 30, 15)",houghCircle,0.7791666666666667,43157372.775,31849391.0
"(np.float64(1.5), 120, 220, 35, 5)",houghCircle,0.66875,42194790.31666667,31644687.5
"(np.float64(1.5), 120, 220, 35, 10)",houghCircle,0.6958333333333333,42107363.97083333,32326746.5
"(np.float64(1.5), 120, 220, 35, 15)",houghCircle,0.7708333333333334,42408607.875,32498243.0
"(np.float64(1.5), 120, 220, 40, 5)",houghCircle,0.5895833333333333,43063110.71875,32412798.0
"(np.float64(1.5), 120, 220, 40, 10)",houghCircle,0.6229166666666667,43990598.94375,33895097.5
"(np.float64(1.5), 120, 220, 40, 15)",houghCircle,0.6666666666666666,40412376.51875,31055727.0
"(np.float64(1.5), 120, 220, 45, 5)",houghCircle,0.2125,42837382.02916667,32742372.0
"(np.float64(1.5), 120, 220, 45, 10)",houghCircle,0.23125,44289673.2125,32503458.0
"(np.float64(1.5), 120, 220, 45, 15)",houghCircle,0.2375,40633340.94375,30916986.0
"(np.float64(1.5), 120, 230, 30, 5)",houghCircle,0.65625,45494256.09583333,33517365.5
"(np.float64(1.5), 120, 230, 30, 10)",houghCircle,0.6833333333333333,43484335.08541667,32126025.5
"(np.float64(1.5), 120, 230, 30, 15)",houghCircle,0.7770833333333333,37131336.625,29006066.5
"(np.float64(1.5), 120, 230, 35, 5)",houghCircle,0.6729166666666667,43916849.96458333,32368921.0
"(np.float64(1.5), 120, 230, 35, 10)",houghCircle,0.7,42833575.31458333,32404718.0
"(np.float64(1.5), 120, 230, 35, 15)",houghCircle,0.7708333333333334,42134756,31763483.5
"(np.float64(1.5), 120, 230, 40, 5)",houghCircle,0.5895833333333333,49693949.2125,39114521.5
"(np.float64(1.5), 120, 230, 40, 10)",houghCircle,0.6229166666666667,41263317.72083333,31856374.5
"(np.float64(1.5), 120, 230, 40, 15)",houghCircle,0.6666666666666666,43919529.83125,31346177.0
"(np.float64(1.5), 120, 230, 45, 5)",houghCircle,0.2125,45486784.22083333,33042564.0
"(np.float64(1.5), 120, 230, 45, 10)",houghCircle,0.23125,44113085.177083336,32051350.0
"(np.float64(1.5), 120, 230, 45, 15)",houghCircle,0.2375,41657828.697916664,31388251.0
"(np.float64(1.5), 120, 240, 30, 5)",houghCircle,0.65625,41757869.75833333,31694991.5
"(np.float64(1.5), 120, 240, 30, 10)",houghCircle,0.6854166666666667,42676317.53541667,31109052.0
"(np.float64(1.5), 120, 240, 30, 15)",houghCircle,0.7770833333333333,40859204.2,30040377.5
"(np.float64(1.5), 120, 240, 35, 5)",houghCircle,0.6770833333333334,40623914.96458333,31564707.5
"(np.float64(1.5), 120, 240, 35, 10)",houghCircle,0.7041666666666667,48614764.47083333,37665823.0
"(np.float64(1.5), 120, 240, 35, 15)",houghCircle,0.7708333333333334,41613831.97291667,30540632.0
"(np.float64(1.5), 120, 240, 40, 5)",houghCircle,0.5916666666666667,43577538.85208333,31939921.0
"(np.float64(1.5), 120, 240, 40, 10)",houghCircle,0.6270833333333333,37889856.43958333,30242116.0
"(np.float64(1.5), 120, 240, 40, 15)",houghCircle,0.66875,41433121.62916667,31483584.5
"(np.float64(1.5), 120, 240, 45, 5)",houghCircle,0.2125,43698450.44583333,32559813.5
"(np.float64(1.5), 120, 240, 45, 10)",houghCircle,0.23125,42674312.475,32071983.5
"(np.float64(1.5), 120, 240, 45, 15)",houghCircle,0.2375,43524116.09583333,32037523.5
"(np.float64(1.5), 120, 250, 30, 5)",houghCircle,0.6604166666666667,40672110.82083333,31240132.5
"(np.float64(1.5), 120, 250, 30, 10)",houghCircle,0.69375,46698701.78541667,32962344.0
"(np.float64(1.5), 120, 250, 30, 15)",houghCircle,0.7770833333333333,47492905.5125,37144655.5
"(np.float64(1.5), 120, 250, 35, 5)",houghCircle,0.6791666666666667,43408890.84583333,31861244.0
"(np.float64(1.5), 120, 250, 35, 10)",houghCircle,0.7041666666666667,43453067.625,31451269.5
"(np.float64(1.5), 120, 250, 35, 15)",houghCircle,0.7708333333333334,38451954.78958333,30464472.5
"(np.float64(1.5), 120, 250, 40, 5)",houghCircle,0.5916666666666667,42023493.452083334,32242083.5
"(np.float64(1.5), 120, 250, 40, 10)",houghCircle,0.6270833333333333,41180818.135416664,31340871.5
"(np.float64(1.5), 120, 250, 40, 15)",houghCircle,0.66875,41865484.75833333,31434697.5
"(np.float64(1.5), 120, 250, 45, 5)",houghCircle,0.2125,43384155.03958333,31240102.5
"(np.float64(1.5), 120, 250, 45, 10)",houghCircle,0.23125,42591059.552083336,31957934.5
"(np.float64(1.5), 120, 250, 45, 15)",houghCircle,0.2375,39689271.979166664,30602627.5
"(np.float64(1.5), 120, 260, 30, 5)",houghCircle,0.6666666666666666,50477077.045833334,38676218.0
"(np.float64(1.5), 120, 260, 30, 10)",houghCircle,0.6979166666666666,40081167.75625,31162402.5
"(np.float64(1.5), 120, 260, 30, 15)",houghCircle,0.78125,38860429.645833336,30871501.5
"(np.float64(1.5), 120, 260, 35, 5)",houghCircle,0.6791666666666667,40926705.825,32106292.5
"(np.float64(1.5), 120, 260, 35, 10)",houghCircle,0.70625,41368746.41458333,31200984.5
"(np.float64(1.5), 120, 260, 35, 15)",houghCircle,0.7708333333333334,41792011.795833334,31218131.5
"(np.float64(1.5), 120, 260, 40, 5)",houghCircle,0.5916666666666667,39686343.43125,31200739.0
"(np.float64(1.5), 120, 260, 40, 10)",houghCircle,0.625,41509518.354166664,31870524.0
"(np.float64(1.5), 120, 260, 40, 15)",houghCircle,0.6666666666666666,42158438.75208333,31286905.5
"(np.float64(1.5), 120, 260, 45, 5)",houghCircle,0.2125,41366050.045833334,31021062.0
"(np.float64(1.5), 120, 260, 45, 10)",houghCircle,0.23125,40641134.952083334,31521165.0
"(np.float64(1.5), 120, 260, 45, 15)",houghCircle,0.2375,41662348.16458333,30508234.5
"(np.float64(1.5), 120, 270, 30, 5)",houghCircle,0.675,43200453.452083334,32347180.0
"(np.float64(1.5), 120, 270, 30, 10)",houghCircle,0.7,39150187.27291667,30656332.0
"(np.float64(1.5), 120, 270, 30, 15)",houghCircle,0.78125,47963255.65833333,38052974.0
"(np.float64(1.5), 120, 270, 35, 5)",houghCircle,0.6791666666666667,40494876.197916664,31132896.5
"(np.float64(1.5), 120, 270, 35, 10)",houghCircle,0.7104166666666667,43771504.99791667,32478716.0
"(np.float64(1.5), 120, 270, 35, 15)",houghCircle,0.775,42268411.72083333,30964240.5
"(np.float64(1.5), 120, 270, 40, 5)",houghCircle,0.5916666666666667,39878774.052083336,30570532.5
"(np.float64(1.5), 120, 270, 40, 10)",houghCircle,0.6270833333333333,42769704.65,31482322.5
"(np.float64(1.5), 120, 270, 40, 15)",houghCircle,0.6666666666666666,40744393.99583333,30407803.0
"(np.float64(1.5), 120, 270, 45, 5)",houghCircle,0.2125,40073312.83958333,31289151.0
"(np.float64(1.5), 120, 270, 45, 10)",houghCircle,0.23125,42048072.80416667,31129415.5
"(np.float64(1.5), 120, 270, 45, 15)",houghCircle,0.2375,44605683.00833333,31674096.5
"(np.float64(1.5), 120, 280, 30, 5)",houghCircle,0.6791666666666667,39064383.14791667,30456969.0
"(np.float64(1.5), 120, 280, 30, 10)",houghCircle,0.7,42519304.170833334,32176283.5
"(np.float64(1.5), 120, 280, 30, 15)",houghCircle,0.7833333333333333,49274124.00625,36846315.5
"(np.float64(1.5), 120, 280, 35, 5)",houghCircle,0.6791666666666667,41312493.31041667,31713876.5
"(np.float64(1.5), 120, 280, 35, 10)",houghCircle,0.7125,42217732.485416666,31374585.5
"(np.float64(1.5), 120, 280, 35, 15)",houghCircle,0.775,41478451.764583334,31148511.5
"(np.float64(1.5), 120, 280, 40, 5)",houghCircle,0.5916666666666667,44595085.927083336,32411514.5
"(np.float64(1.5), 120, 280, 40, 10)",houghCircle,0.6291666666666667,38337115.44166667,30079911.5
"(np.float64(1.5), 120, 280, 40, 15)",houghCircle,0.6666666666666666,42837447.10625,30733962.5
"(np.float64(1.5), 120, 280, 45, 5)",houghCircle,0.2125,39207234.5375,31111641.5
"(np.float64(1.5), 120, 280, 45, 10)",houghCircle,0.23125,41012877.704166666,31541223.0
"(np.float64(1.5), 120, 280, 45, 15)",houghCircle,0.2375,39151900.43125,30731854.0
"(np.float64(1.5), 120, 290, 30, 5)",houghCircle,0.6791666666666667,49331818.177083336,38481443.5
"(np.float64(1.5), 120, 290, 30, 10)",houghCircle,0.7083333333333334,41454751.6,30254018.0
"(np.float64(1.5), 120, 290, 30, 15)",houghCircle,0.7854166666666667,41730575.3625,30485272.5
"(np.float64(1.5), 120, 290, 35, 5)",houghCircle,0.6833333333333333,39439289.447916664,31811094.0
"(np.float64(1.5), 120, 290, 35, 10)",houghCircle,0.7145833333333333,39126415.12291667,30426947.5
"(np.float64(1.5), 120, 290, 35, 15)",houghCircle,0.7791666666666667,42323471.197916664,30983846.5
"(np.float64(1.5), 120, 290, 40, 5)",houghCircle,0.5916666666666667,39289976.208333336,30585600.5
"(np.float64(1.5), 120, 290, 40, 10)",houghCircle,0.6291666666666667,39229473.97708333,30757342.0
"(np.float64(1.5), 120, 290, 40, 15)",houghCircle,0.6666666666666666,42548069.15416667,31660361.0
"(np.float64(1.5), 120, 290, 45, 5)",houghCircle,0.21458333333333332,40609169.360416666,31627610.0
"(np.float64(1.5), 120, 290, 45, 10)",houghCircle,0.23125,41830968.175,29765602.0
"(np.float64(1.5), 120, 290, 45, 15)",houghCircle,0.2375,37841108.927083336,29461309.0
"(np.float64(1.5), 130, 100, 30, 5)",houghCircle,0.4875,47476930.791666664,37555480.5
"(np.float64(1.5), 130, 100, 30, 10)",houghCircle,0.6354166666666666,53195238.11666667,43257869.0
"(np.float64(1.5), 130, 100, 30, 15)",houghCircle,0.7833333333333333,43690818.52708333,35733326.5
"(np.float64(1.5), 130, 100, 35, 5)",houghCircle,0.675,46782825.37291667,37573940.5
"(np.float64(1.5), 130, 100, 35, 10)",houghCircle,0.7104166666666667,46610855.91458333,36778362.5
"(np.float64(1.5), 130, 100, 35, 15)",houghCircle,0.7979166666666667,47070089.225,35444805.5
"(np.float64(1.5), 130, 100, 40, 5)",houghCircle,0.6208333333333333,44027241.645833336,36884993.0
"(np.float64(1.5), 130, 100, 40, 10)",houghCircle,0.6666666666666666,46959920.46666667,36702971.5
"(np.float64(1.5), 130, 100, 40, 15)",houghCircle,0.7208333333333333,46721413.735416666,35544157.5
"(np.float64(1.5), 130, 100, 45, 5)",houghCircle,0.35833333333333334,44879293.26875,36560960.0
"(np.float64(1.5), 130, 100, 45, 10)",houghCircle,0.37916666666666665,46581006.075,37627025.0
"(np.float64(1.5), 130, 100, 45, 15)",houghCircle,0.3958333333333333,42866936.8375,35138100.0
"(np.float64(1.5), 130, 110, 30, 5)",houghCircle,0.5208333333333334,54105213.925,44135876.0
"(np.float64(1.5), 130, 110, 30, 10)",houghCircle,0.6479166666666667,44774562.31041667,36044126.0
"(np.float64(1.5), 130, 110, 30, 15)",houghCircle,0.7895833333333333,42821001.83541667,34852309.0
"(np.float64(1.5), 130, 110, 35, 5)",houghCircle,0.675,45703146.6125,36362282.0
"(np.float64(1.5), 130, 110, 35, 10)",houghCircle,0.7125,43577243.375,35728478.5
"(np.float64(1.5), 130, 110, 35, 15)",houghCircle,0.8,46988880.2125,35834241.5
"(np.float64(1.5), 130, 110, 40, 5)",houghCircle,0.59375,43229461.39791667,35498346.5
"(np.float64(1.5), 130, 110, 40, 10)",houghCircle,0.63125,44567989.708333336,36137420.5
"(np.float64(1.5), 130, 110, 40, 15)",houghCircle,0.6854166666666667,44577375.25416667,34616672.0
"(np.float64(1.5), 130, 110, 45, 5)",houghCircle,0.29583333333333334,46193445.708333336,36585336.0
"(np.float64(1.5), 130, 110, 45, 10)",houghCircle,0.31875,53688104.89791667,42642294.5
"(np.float64(1.5), 130, 110, 45, 15)",houghCircle,0.33541666666666664,43394933.61666667,35055225.5
"(np.float64(1.5), 130, 120, 30, 5)",houghCircle,0.5625,40913664.91041667,33853430.5
"(np.float64(1.5), 130, 120, 30, 10)",houghCircle,0.6666666666666666,46586023.175,35429027.5
"(np.float64(1.5), 130, 120, 30, 15)",houghCircle,0.7958333333333333,42852781.60625,34353703.5
"(np.float64(1.5), 130, 120, 35, 5)",houghCircle,0.68125,45206134.11666667,36992930.0
"(np.float64(1.5), 130, 120, 35, 10)",houghCircle,0.7104166666666667,47800216.17916667,35325222.5
"(np.float64(1.5), 130, 120, 35, 15)",houghCircle,0.79375,43977249.45,34316564.5
"(np.float64(1.5), 130, 120, 40, 5)",houghCircle,0.6020833333333333,45610048.36875,35311500.5
"(np.float64(1.5), 130, 120, 40, 10)",houghCircle,0.6291666666666667,42718873.15,35404961.5
"(np.float64(1.5), 130, 120, 40, 15)",houghCircle,0.6833333333333333,44616859.93541667,34895260.0
"(np.float64(1.5), 130, 120, 45, 5)",houghCircle,0.26666666666666666,44926960.93125,34649921.0
"(np.float64(1.5), 130, 120, 45, 10)",houghCircle,0.2875,45730199.40416667,34975019.5
"(np.float64(1.5), 130, 120, 45, 15)",houghCircle,0.30416666666666664,51402570.170833334,42380823.0
"(np.float64(1.5), 130, 130, 30, 5)",houghCircle,0.5833333333333334,45496184.88125,35346742.5
"(np.float64(1.5), 130, 130, 30, 10)",houghCircle,0.6708333333333333,41596745.891666666,34166223.5
"(np.float64(1.5), 130, 130, 30, 15)",houghCircle,0.8041666666666667,41760462.50625,33850865.5
"(np.float64(1.5), 130, 130, 35, 5)",houghCircle,0.6770833333333334,49146086.86875,36101393.0
"(np.float64(1.5), 130, 130, 35, 10)",houghCircle,0.70625,42616383.82083333,33159419.5
"(np.float64(1.5), 130, 130, 35, 15)",houghCircle,0.7916666666666666,45432524.55833333,35121068.0
"(np.float64(1.5), 130, 130, 40, 5)",houghCircle,0.5958333333333333,45750218.52916667,35415382.0
"(np.float64(1.5), 130, 130, 40, 10)",houghCircle,0.6229166666666667,43766924.927083336,34747974.0
"(np.float64(1.5), 130, 130, 40, 15)",houghCircle,0.6770833333333334,43876499.30625,33570933.5
"(np.float64(1.5), 130, 130, 45, 5)",houghCircle,0.23333333333333334,46734847.24583333,37280325.0
"(np.float64(1.5), 130, 130, 45, 10)",houghCircle,0.25,44096871.979166664,33995192.5
"(np.float64(1.5), 130, 130, 45, 15)",houghCircle,0.2625,51750966.545833334,41129636.0
"(np.float64(1.5), 130, 140, 30, 5)",houghCircle,0.5979166666666667,44349781.6875,34694979.0
"(np.float64(1.5), 130, 140, 30, 10)",houghCircle,0.6833333333333333,46588766.21875,35157441.0
"(np.float64(1.5), 130, 140, 30, 15)",houghCircle,0.7979166666666667,42189935.3125,33074495.5
"(np.float64(1.5), 130, 140, 35, 5)",houghCircle,0.6770833333333334,42353403.07083333,34544816.5
"(np.float64(1.5), 130, 140, 35, 10)",houghCircle,0.7041666666666667,44104755.55416667,34253145.0
"(np.float64(1.5), 130, 140, 35, 15)",houghCircle,0.7875,43149429.729166664,33519269.0
"(np.float64(1.5), 130, 140, 40, 5)",houghCircle,0.6020833333333333,44045535.47291667,34157405.5
"(np.float64(1.5), 130, 140, 40, 10)",houghCircle,0.625,44546190.05,33896341.5
"(np.float64(1.5), 130, 140, 40, 15)",houghCircle,0.6791666666666667,42298443.327083334,33700814.0
"(np.float64(1.5), 130, 140, 45, 5)",houghCircle,0.225,49051951.735416666,36008790.0
"(np.float64(1.5), 130, 140, 45, 10)",houghCircle,0.24375,51781137.1125,41161420.5
"(np.float64(1.5), 130, 140, 45, 15)",houghCircle,0.2520833333333333,44380574.8375,33149785.5
"(np.float64(1.5), 130, 150, 30, 5)",houghCircle,0.61875,44414878.077083334,34400477.5
"(np.float64(1.5), 130, 150, 30, 10)",houghCircle,0.6895833333333333,41187611.983333334,33198357.0
"(np.float64(1.5), 130, 150, 30, 15)",houghCircle,0.8,41122674.42916667,32337712.5
"(np.float64(1.5), 130, 150, 35, 5)",houghCircle,0.6770833333333334,44184075.9375,34686093.0
"(np.float64(1.5), 130, 150, 35, 10)",houghCircle,0.7041666666666667,45037360.733333334,34287159.5
"(np.float64(1.5), 130, 150, 35, 15)",houghCircle,0.7875,41140527.89791667,33089562.0
"(np.float64(1.5), 130, 150, 40, 5)",houghCircle,0.5979166666666667,41875041.24166667,34044414.0
"(np.float64(1.5), 130, 150, 40, 10)",houghCircle,0.6208333333333333,42491770.614583336,33043521.5
"(np.float64(1.5), 130, 150, 40, 15)",houghCircle,0.675,41949655.02708333,32842485.5
"(np.float64(1.5), 130, 150, 45, 5)",houghCircle,0.21875,52253032.14791667,41876948.0
"(np.float64(1.5), 130, 150, 45, 10)",houghCircle,0.23541666666666666,46429643.42916667,34458431.5
"(np.float64(1.5), 130, 150, 45, 15)",houghCircle,0.24375,43334882.479166664,33392875.5
"(np.float64(1.5), 130, 160, 30, 5)",houghCircle,0.6229166666666667,42907531.14375,34359250.0
"(np.float64(1.5), 130, 160, 30, 10)",houghCircle,0.69375,45979747.541666664,34953925.0
"(np.float64(1.5), 130, 160, 30, 15)",houghCircle,0.80625,44738135.58541667,33546815.5
"(np.float64(1.5), 130, 160, 35, 5)",houghCircle,0.6791666666666667,42218286.19375,34415814.5
"(np.float64(1.5), 130, 160, 35, 10)",houghCircle,0.7083333333333334,44473855.208333336,34406112.5
"(np.float64(1.5), 130, 160, 35, 15)",houghCircle,0.7916666666666666,42702272.37708333,32484782.0
"(np.float64(1.5), 130, 160, 40, 5)",houghCircle,0.5979166666666667,44619820.09166667,34411683.0
"(np.float64(1.5), 130, 160, 40, 10)",houghCircle,0.625,41385036.83541667,32494104.5
"(np.float64(1.5), 130, 160, 40, 15)",houghCircle,0.6770833333333334,42164298.71458333,32260912.5
"(np.float64(1.5), 130, 160, 45, 5)",houghCircle,0.2125,51979142.260416664,41119743.0
"(np.float64(1.5), 130, 160, 45, 10)",houghCircle,0.23125,40569635.64375,32180557.0
"(np.float64(1.5), 130, 160, 45, 15)",houghCircle,0.2375,42637556.6875,32739321.0
"(np.float64(1.5), 130, 170, 30, 5)",houghCircle,0.6375,44956752.46666667,33612224.5
"(np.float64(1.5), 130, 170, 30, 10)",houghCircle,0.7,45088067.516666666,33675141.0
"(np.float64(1.5), 130, 170, 30, 15)",houghCircle,0.8041666666666667,44440677.78125,32620818.5
"(np.float64(1.5), 130, 170, 35, 5)",houghCircle,0.6791666666666667,43140809.229166664,32663678.0
"(np.float64(1.5), 130, 170, 35, 10)",houghCircle,0.70625,42680294.18333333,32678336.0
"(np.float64(1.5), 130, 170, 35, 15)",houghCircle,0.7875,42546253.73125,32390581.5
"(np.float64(1.5), 130, 170, 40, 5)",houghCircle,0.5916666666666667,41277843.81041667,31884006.5
"(np.float64(1.5), 130, 170, 40, 10)",houghCircle,0.6229166666666667,43885231.18541667,33307046.0
"(np.float64(1.5), 130, 170, 40, 15)",houghCircle,0.6729166666666667,50430019.15416667,39928456.5
"(np.float64(1.5), 130, 170, 45, 5)",houghCircle,0.2125,42868715.43125,34577679.5
"(np.float64(1.5), 130, 170, 45, 10)",houghCircle,0.23125,47377916.61875,33064053.5
"(np.float64(1.5), 130, 170, 45, 15)",houghCircle,0.2375,44086082.68125,32990663.0
"(np.float64(1.5), 130, 180, 30, 5)",houghCircle,0.6416666666666667,43284627.72083333,33959243.5
"(np.float64(1.5), 130, 180, 30, 10)",houghCircle,0.7041666666666667,40356345.325,32315720.5
"(np.float64(1.5), 130, 180, 30, 15)",houghCircle,0.8,40963111.0125,31272639.0
"(np.float64(1.5), 130, 180, 35, 5)",houghCircle,0.6854166666666667,43484701.06458333,33124982.5
"(np.float64(1.5), 130, 180, 35, 10)",houghCircle,0.70625,41933179.87916667,32254952.5
"(np.float64(1.5), 130, 180, 35, 15)",houghCircle,0.7854166666666667,41797878.25833333,31503948.0
"(np.float64(1.5), 130, 180, 40, 5)",houghCircle,0.59375,44154583.90416667,34294843.5
"(np.float64(1.5), 130, 180, 40, 10)",houghCircle,0.6270833333333333,51765890.235416666,40377950.5
"(np.float64(1.5), 130, 180, 40, 15)",houghCircle,0.6729166666666667,41395963.89375,31772943.0
"(np.float64(1.5), 130, 180, 45, 5)",houghCircle,0.2125,40637365.93125,32706758.5
"(np.float64(1.5), 130, 180, 45, 10)",houghCircle,0.23125,44103024.35208333,33483717.0
"(np.float64(1.5), 130, 180, 45, 15)",houghCircle,0.2375,41735650.260416664,32136429.0
"(np.float64(1.5), 130, 190, 30, 5)",houghCircle,0.6479166666666667,40780934.389583334,32662351.0
"(np.float64(1.5), 130, 190, 30, 10)",houghCircle,0.6979166666666666,41029480.75625,32231017.0
"(np.float64(1.5), 130, 190, 30, 15)",houghCircle,0.7916666666666666,41888072.75,32217406.0
"(np.float64(1.5), 130, 190, 35, 5)",houghCircle,0.675,39709040.72083333,31221472.5
"(np.float64(1.5), 130, 190, 35, 10)",houghCircle,0.6979166666666666,42091356.358333334,32642999.5
"(np.float64(1.5), 130, 190, 35, 15)",houghCircle,0.7770833333333333,40510958.90625,31662259.5
"(np.float64(1.5), 130, 190, 40, 5)",houghCircle,0.5854166666666667,45678745.06875,33522109.0
"(np.float64(1.5), 130, 190, 40, 10)",houghCircle,0.6229166666666667,50499133.079166666,40213568.0
"(np.float64(1.5), 130, 190, 40, 15)",houghCircle,0.6666666666666666,42842529.53541667,32255949.0
"(np.float64(1.5), 130, 190, 45, 5)",houghCircle,0.2125,43728958.25416667,32573999.5
"(np.float64(1.5), 130, 190, 45, 10)",houghCircle,0.23125,42818132.65833333,32157779.5
"(np.float64(1.5), 130, 190, 45, 15)",houghCircle,0.2375,44606981.49583333,32695578.0
"(np.float64(1.5), 130, 200, 30, 5)",houghCircle,0.65,38748416.34791667,31649435.5
"(np.float64(1.5), 130, 200, 30, 10)",houghCircle,0.6916666666666667,41003562.175,31382886.0
"(np.float64(1.5), 130, 200, 30, 15)",houghCircle,0.7854166666666667,41632733.53333333,32797424.5
"(np.float64(1.5), 130, 200, 35, 5)",houghCircle,0.6729166666666667,43934278.09583333,32836352.5
"(np.float64(1.5), 130, 200, 35, 10)",houghCircle,0.7,42322884.97291667,32812057.5
"(np.float64(1.5), 130, 200, 35, 15)",houghCircle,0.775,41126674.36666667,32029298.5
"(np.float64(1.5), 130, 200, 40, 5)",houghCircle,0.5854166666666667,44070101.94583333,32663323.0
"(np.float64(1.5), 130, 200, 40, 10)",houghCircle,0.6229166666666667,49385579.40625,38901956.5
"(np.float64(1.5), 130, 200, 40, 15)",houghCircle,0.6666666666666666,41173115.9375,31396972.5
"(np.float64(1.5), 130, 200, 45, 5)",houghCircle,0.2125,43375778.59583333,31662435.0
"(np.float64(1.5), 130, 200, 45, 10)",houghCircle,0.23125,40505132.35625,30774939.5
"(np.float64(1.5), 130, 200, 45, 15)",houghCircle,0.2375,41373651.44166667,30830069.0
"(np.float64(1.5), 130, 210, 30, 5)",houghCircle,0.6479166666666667,42586962.197916664,33036528.0
"(np.float64(1.5), 130, 210, 30, 10)",houghCircle,0.6895833333333333,41163941.58125,31806360.0
"(np.float64(1.5), 130, 210, 30, 15)",houghCircle,0.78125,42472216.83125,32235189.5
"(np.float64(1.5), 130, 210, 35, 5)",houghCircle,0.675,42606311.86875,32932618.5
"(np.float64(1.5), 130, 210, 35, 10)",houghCircle,0.7020833333333333,41374930.229166664,32011389.5
"(np.float64(1.5), 130, 210, 35, 15)",houghCircle,0.775,41365169.88125,31669655.5
"(np.float64(1.5), 130, 210, 40, 5)",houghCircle,0.5895833333333333,41306921.358333334,31895302.0
"(np.float64(1.5), 130, 210, 40, 10)",houghCircle,0.6208333333333333,54217344.385416664,40418507.0
"(np.float64(1.5), 130, 210, 40, 15)",houghCircle,0.6666666666666666,41551774.28958333,31893122.0
"(np.float64(1.5), 130, 210, 45, 5)",houghCircle,0.2125,42219372.23125,31798400.0
"(np.float64(1.5), 130, 210, 45, 10)",houghCircle,0.23125,44818733.80416667,34235503.5
"(np.float64(1.5), 130, 210, 45, 15)",houghCircle,0.2375,41555335.454166666,30724546.5
"(np.float64(1.5), 130, 220, 30, 5)",houghCircle,0.65625,42230134.53125,33342111.0
"(np.float64(1.5), 130, 220, 30, 10)",houghCircle,0.6854166666666667,40193805.18541667,31333918.5
"(np.float64(1.5), 130, 220, 30, 15)",houghCircle,0.7791666666666667,45085253.58541667,32287378.0
"(np.float64(1.5), 130, 220, 35, 5)",houghCircle,0.6708333333333333,42010627.44375,32632545.5
"(np.float64(1.5), 130, 220, 35, 10)",houghCircle,0.6958333333333333,42845049.225,32426984.5
"(np.float64(1.5), 130, 220, 35, 15)",houghCircle,0.7708333333333334,39994766.829166666,30479806.5
"(np.float64(1.5), 130, 220, 40, 5)",houghCircle,0.5895833333333333,44414327.979166664,33529428.0
"(np.float64(1.5), 130, 220, 40, 10)",houghCircle,0.6229166666666667,48914320.89791667,38937940.0
"(np.float64(1.5), 130, 220, 40, 15)",houghCircle,0.6666666666666666,41868821.87916667,32176480.0
"(np.float64(1.5), 130, 220, 45, 5)",houghCircle,0.2125,41515147.89791667,31819188.5
"(np.float64(1.5), 130, 220, 45, 10)",houghCircle,0.23125,40658107.91875,31585556.5
"(np.float64(1.5), 130, 220, 45, 15)",houghCircle,0.2375,40827933.266666666,30936593.5
"(np.float64(1.5), 130, 230, 30, 5)",houghCircle,0.65625,42622896.27291667,32174226.0
"(np.float64(1.5), 130, 230, 30, 10)",houghCircle,0.6833333333333333,43333076.9625,31638019.5
"(np.float64(1.5), 130, 230, 30, 15)",houghCircle,0.7770833333333333,39644365.25625,30688182.5
"(np.float64(1.5), 130, 230, 35, 5)",houghCircle,0.675,42499965.13125,32129562.0
"(np.float64(1.5), 130, 230, 35, 10)",houghCircle,0.7,40972127.583333336,30977991.0
"(np.float64(1.5), 130, 230, 35, 15)",houghCircle,0.7708333333333334,47743689.7,37151698.0
"(np.float64(1.5), 130, 230, 40, 5)",houghCircle,0.5895833333333333,44077580.139583334,33227718.0
"(np.float64(1.5), 130, 230, 40, 10)",houghCircle,0.6229166666666667,41443948.708333336,32840305.0
"(np.float64(1.5), 130, 230, 40, 15)",houghCircle,0.6666666666666666,40292066.579166666,30931964.5
"(np.float64(1.5), 130, 230, 45, 5)",houghCircle,0.2125,44502055.389583334,32478932.5
"(np.float64(1.5), 130, 230, 45, 10)",houghCircle,0.23125,40738054.454166666,31797994.5
"(np.float64(1.5), 130, 230, 45, 15)",houghCircle,0.2375,42400479.06875,31570197.0
"(np.float64(1.5), 130, 240, 30, 5)",houghCircle,0.65625,42334204.83541667,32946113.5
"(np.float64(1.5), 130, 240, 30, 10)",houghCircle,0.6854166666666667,39891184.99166667,31147710.5
"(np.float64(1.5), 130, 240, 30, 15)",houghCircle,0.7770833333333333,38903808.208333336,30891989.0
"(np.float64(1.5), 130, 240, 35, 5)",houghCircle,0.6791666666666667,47307653.06458333,37620479.5
"(np.float64(1.5), 130, 240, 35, 10)",houghCircle,0.7041666666666667,42051521.61875,31799201.0
"(np.float64(1.5), 130, 240, 35, 15)",houghCircle,0.7708333333333334,40393259.889583334,31026535.5
"(np.float64(1.5), 130, 240, 40, 5)",houghCircle,0.5916666666666667,42385162.302083336,31420802.0
"(np.float64(1.5), 130, 240, 40, 10)",houghCircle,0.6270833333333333,43297149.99791667,31696588.5
"(np.float64(1.5), 130, 240, 40, 15)",houghCircle,0.66875,43984635.46458333,30701907.5
"(np.float64(1.5), 130, 240, 45, 5)",houghCircle,0.2125,42318571.729166664,32102499.5
"(np.float64(1.5), 130, 240, 45, 10)",houghCircle,0.23125,44804784.514583334,32406195.0
"(np.float64(1.5), 130, 240, 45, 15)",houghCircle,0.2375,40908794.19166667,31014655.0
"(np.float64(1.5), 130, 250, 30, 5)",houghCircle,0.6625,40378890.87708333,31047031.0
"(np.float64(1.5), 130, 250, 30, 10)",houghCircle,0.69375,38970008.08541667,31087927.0
"(np.float64(1.5), 130, 250, 30, 15)",houghCircle,0.7770833333333333,40531650.06875,30357086.5
"(np.float64(1.5), 130, 250, 35, 5)",houghCircle,0.68125,51540763.87708333,39079966.0
"(np.float64(1.5), 130, 250, 35, 10)",houghCircle,0.7041666666666667,42117136.108333334,31451525.5
"(np.float64(1.5), 130, 250, 35, 15)",houghCircle,0.7708333333333334,43128254.15416667,31861068.0
"(np.float64(1.5), 130, 250, 40, 5)",houghCircle,0.5916666666666667,42238075.875,31670415.0
"(np.float64(1.5), 130, 250, 40, 10)",houghCircle,0.6270833333333333,41795528.47708333,31300712.0
"(np.float64(1.5), 130, 250, 40, 15)",houghCircle,0.66875,41595878.10625,30329705.5
"(np.float64(1.5), 130, 250, 45, 5)",houghCircle,0.2125,41074519.020833336,31564491.5
"(np.float64(1.5), 130, 250, 45, 10)",houghCircle,0.23125,42779298.329166666,31578682.5
"(np.float64(1.5), 130, 250, 45, 15)",houghCircle,0.2375,43472463.06666667,31467334.0
"(np.float64(1.5), 130, 260, 30, 5)",houghCircle,0.66875,40750100.83541667,31210317.0
"(np.float64(1.5), 130, 260, 30, 10)",houghCircle,0.6979166666666666,40920489.19166667,30548916.0
"(np.float64(1.5), 130, 260, 30, 15)",houghCircle,0.78125,42355683.425,31500922.0
"(np.float64(1.5), 130, 260, 35, 5)",houghCircle,0.68125,50761345.43541667,39718649.0
"(np.float64(1.5), 130, 260, 35, 10)",houghCircle,0.70625,42640887.47083333,31221648.0
"(np.float64(1.5), 130, 260, 35, 15)",houghCircle,0.7708333333333334,40362403.04375,30870249.0
"(np.float64(1.5), 130, 260, 40, 5)",houghCircle,0.5916666666666667,43954798.56458333,32825096.0
"(np.float64(1.5), 130, 260, 40, 10)",houghCircle,0.625,39284239.735416666,30130621.0
"(np.float64(1.5), 130, 260, 40, 15)",houghCircle,0.6666666666666666,40299236.704166666,30547338.0
"(np.float64(1.5), 130, 260, 45, 5)",houghCircle,0.2125,39575435.25416667,31083594.5
"(np.float64(1.5), 130, 260, 45, 10)",houghCircle,0.23125,41417625.235416666,31685198.5
"(np.float64(1.5), 130, 260, 45, 15)",houghCircle,0.2375,41384532.8125,30855652.5
"(np.float64(1.5), 130, 270, 30, 5)",houghCircle,0.6770833333333334,43542327.62916667,32389564.0
"(np.float64(1.5), 130, 270, 30, 10)",houghCircle,0.7,40684471.76875,30691159.0
"(np.float64(1.5), 130, 270, 30, 15)",houghCircle,0.78125,40897774.610416666,31064043.5
"(np.float64(1.5), 130, 270, 35, 5)",houghCircle,0.68125,41828911.297916666,31516250.5
"(np.float64(1.5), 130, 270, 35, 10)",houghCircle,0.7104166666666667,48221558.84166667,38404803.5
"(np.float64(1.5), 130, 270, 35, 15)",houghCircle,0.775,41381945.1125,31143181.0
"(np.float64(1.5), 130, 270, 40, 5)",houghCircle,0.5916666666666667,41970022.18541667,30714741.5
"(np.float64(1.5), 130, 270, 40, 10)",houghCircle,0.6270833333333333,39928351.177083336,31346742.5
"(np.float64(1.5), 130, 270, 40, 15)",houghCircle,0.6666666666666666,41366305.68958333,31483614.5
"(np.float64(1.5), 130, 270, 45, 5)",houghCircle,0.2125,40705650.65625,30762196.0
"(np.float64(1.5), 130, 270, 45, 10)",houghCircle,0.23125,41701234.33958333,32161822.0
"(np.float64(1.5), 130, 270, 45, 15)",houghCircle,0.2375,41053759.27708333,31324751.0
"(np.float64(1.5), 130, 280, 30, 5)",houghCircle,0.68125,41651968.87083333,31165394.0
"(np.float64(1.5), 130, 280, 30, 10)",houghCircle,0.7,42247892.90416667,31993932.0
"(np.float64(1.5), 130, 280, 30, 15)",houghCircle,0.7833333333333333,42842561.31875,30147478.0
"(np.float64(1.5), 130, 280, 35, 5)",houghCircle,0.68125,42895619.47083333,31944719.0
"(np.float64(1.5), 130, 280, 35, 10)",houghCircle,0.7125,46733531.329166666,37413035.0
"(np.float64(1.5), 130, 280, 35, 15)",houghCircle,0.775,38775275.73125,29806148.5
"(np.float64(1.5), 130, 280, 40, 5)",houghCircle,0.5916666666666667,42087529.55833333,31331855.0
"(np.float64(1.5), 130, 280, 40, 10)",houghCircle,0.6291666666666667,43954914.89791667,31484586.5
"(np.float64(1.5), 130, 280, 40, 15)",houghCircle,0.6666666666666666,41769307.68125,31342660.0
"(np.float64(1.5), 130, 280, 45, 5)",houghCircle,0.2125,41518319.641666666,31272067.5
"(np.float64(1.5), 130, 280, 45, 10)",houghCircle,0.23125,43217392.73125,32054294.5
"(np.float64(1.5), 130, 280, 45, 15)",houghCircle,0.2375,40405323.233333334,31148110.0
"(np.float64(1.5), 130, 290, 30, 5)",houghCircle,0.68125,41817040.295833334,32076983.0
"(np.float64(1.5), 130, 290, 30, 10)",houghCircle,0.7083333333333334,42846277.010416664,31424003.0
"(np.float64(1.5), 130, 290, 30, 15)",houghCircle,0.7854166666666667,47335662.3125,37514471.0
"(np.float64(1.5), 130, 290, 35, 5)",houghCircle,0.6854166666666667,39499878.31666667,31425229.5
"(np.float64(1.5), 130, 290, 35, 10)",houghCircle,0.7145833333333333,42392291.96041667,31014490.0
"(np.float64(1.5), 130, 290, 35, 15)",houghCircle,0.7791666666666667,42565385.78958333,30838795.5
"(np.float64(1.5), 130, 290, 40, 5)",houghCircle,0.5916666666666667,42399674.12083333,31147744.0
"(np.float64(1.5), 130, 290, 40, 10)",houghCircle,0.6291666666666667,41134961.89375,31036806.5
"(np.float64(1.5), 130, 290, 40, 15)",houghCircle,0.6666666666666666,38790272.9,30328682.5
"(np.float64(1.5), 130, 290, 45, 5)",houghCircle,0.21458333333333332,37836548.427083336,29924203.5
"(np.float64(1.5), 130, 290, 45, 10)",houghCircle,0.23125,43516274.37291667,31307073.5
"(np.float64(1.5), 130, 290, 45, 15)",houghCircle,0.2375,39085972.25625,29665804.0
"(np.float64(1.5), 140, 100, 30, 5)",houghCircle,0.49166666666666664,47073793.825,37396719.0
"(np.float64(1.5), 140, 100, 30, 10)",houghCircle,0.6375,52666848.545833334,43115069.0
"(np.float64(1.5), 140, 100, 30, 15)",houghCircle,0.7854166666666667,44537186.520833336,35971669.5
"(np.float64(1.5), 140, 100, 35, 5)",houghCircle,0.675,46792796.735416666,37532403.0
"(np.float64(1.5), 140, 100, 35, 10)",houghCircle,0.7125,47509001.3625,37972723.5
"(np.float64(1.5), 140, 100, 35, 15)",houghCircle,0.7979166666666667,48309777.62083333,37010317.5
"(np.float64(1.5), 140, 100, 40, 5)",houghCircle,0.6208333333333333,46713246.483333334,37650770.5
"(np.float64(1.5), 140, 100, 40, 10)",houghCircle,0.6666666666666666,46260236.65416667,36554518.0
"(np.float64(1.5), 140, 100, 40, 15)",houghCircle,0.7208333333333333,45705631.9,37108522.5
"(np.float64(1.5), 140, 100, 45, 5)",houghCircle,0.35833333333333334,42646210.295833334,35760874.0
"(np.float64(1.5), 140, 100, 45, 10)",houghCircle,0.37916666666666665,43463304.139583334,36189407.5
"(np.float64(1.5), 140, 100, 45, 15)",houghCircle,0.3958333333333333,52314931.202083334,43573918.0
"(np.float64(1.5), 140, 110, 30, 5)",houghCircle,0.525,46678494.89791667,37208295.0
"(np.float64(1.5), 140, 110, 30, 10)",houghCircle,0.65,41881232.65208333,34692810.0
"(np.float64(1.5), 140, 110, 30, 15)",houghCircle,0.7916666666666666,45775032.264583334,35498042.0
"(np.float64(1.5), 140, 110, 35, 5)",houghCircle,0.675,46136541.235416666,37052783.0
"(np.float64(1.5), 140, 110, 35, 10)",houghCircle,0.7145833333333333,42591361.12083333,35112994.5
"(np.float64(1.5), 140, 110, 35, 15)",houghCircle,0.8,46716372.93333333,35563879.0
"(np.float64(1.5), 140, 110, 40, 5)",houghCircle,0.59375,44621490.20625,36692857.5
"(np.float64(1.5), 140, 110, 40, 10)",houghCircle,0.63125,42857986.56666667,35092045.0
"(np.float64(1.5), 140, 110, 40, 15)",houghCircle,0.6854166666666667,45500285.96875,35174909.5
"(np.float64(1.5), 140, 110, 45, 5)",houghCircle,0.29583333333333334,49256831.99166667,36870289.5
"(np.float64(1.5), 140, 110, 45, 10)",houghCircle,0.31875,52496007.541666664,41054965.5
"(np.float64(1.5), 140, 110, 45, 15)",houghCircle,0.33541666666666664,43263612.55833333,35700195.0
"(np.float64(1.5), 140, 120, 30, 5)",houghCircle,0.5645833333333333,42147746.575,34639966.0
"(np.float64(1.5), 140, 120, 30, 10)",houghCircle,0.6666666666666666,45244833.19583333,36210757.0
"(np.float64(1.5), 140, 120, 30, 15)",houghCircle,0.7979166666666667,43786948.00208333,34161033.5
"(np.float64(1.5), 140, 120, 35, 5)",houghCircle,0.68125,43863669.55833333,35341021.5
"(np.float64(1.5), 140, 120, 35, 10)",houghCircle,0.7104166666666667,44620532.27708333,34738060.5
"(np.float64(1.5), 140, 120, 35, 15)",houghCircle,0.79375,44326115.78333333,35067959.5
"(np.float64(1.5), 140, 120, 40, 5)",houghCircle,0.6020833333333333,46178432.84166667,36672579.5
"(np.float64(1.5), 140, 120, 40, 10)",houghCircle,0.6291666666666667,48270686.15416667,36910996.5
"(np.float64(1.5), 140, 120, 40, 15)",houghCircle,0.6833333333333333,43048708.19375,33654883.0
"(np.float64(1.5), 140, 120, 45, 5)",houghCircle,0.26666666666666666,54552182.114583336,43356279.0
"(np.float64(1.5), 140, 120, 45, 10)",houghCircle,0.2875,42442572.69375,34685812.5
"(np.float64(1.5), 140, 120, 45, 15)",houghCircle,0.30416666666666664,42600863.38333333,34039214.0
"(np.float64(1.5), 140, 130, 30, 5)",houghCircle,0.5854166666666667,43241623.53541667,34750668.5
"(np.float64(1.5), 140, 130, 30, 10)",houghCircle,0.6708333333333333,43129119.23125,34543339.5
"(np.float64(1.5), 140, 130, 30, 15)",houghCircle,0.80625,45406549.770833336,34684880.5
"(np.float64(1.5), 140, 130, 35, 5)",houghCircle,0.6770833333333334,44589434.5625,35138887.0
"(np.float64(1.5), 140, 130, 35, 10)",houghCircle,0.70625,46694430.86666667,34944367.5
"(np.float64(1.5), 140, 130, 35, 15)",houghCircle,0.7916666666666666,44799189.93541667,34249283.0
"(np.float64(1.5), 140, 130, 40, 5)",houghCircle,0.5958333333333333,44780172.61666667,35477247.5
"(np.float64(1.5), 140, 130, 40, 10)",houghCircle,0.6229166666666667,43982788.639583334,34329854.5
"(np.float64(1.5), 140, 130, 40, 15)",houghCircle,0.6770833333333334,43295076.235416666,33801709.5
"(np.float64(1.5), 140, 130, 45, 5)",houghCircle,0.23333333333333334,46015088.358333334,35265010.0
"(np.float64(1.5), 140, 130, 45, 10)",houghCircle,0.25,43181546.24375,34800753.0
"(np.float64(1.5), 140, 130, 45, 15)",houghCircle,0.2625,41513982.3,33859722.5
"(np.float64(1.5), 140, 140, 30, 5)",houghCircle,0.6,55131533.0375,43209843.0
"(np.float64(1.5), 140, 140, 30, 10)",houghCircle,0.6854166666666667,47387307.27708333,35296783.0
"(np.float64(1.5), 140, 140, 30, 15)",houghCircle,0.8,40875440.36875,33454833.0
"(np.float64(1.5), 140, 140, 35, 5)",houghCircle,0.6770833333333334,43371675.50416667,34437381.0
"(np.float64(1.5), 140, 140, 35, 10)",houghCircle,0.7041666666666667,43829516.93541667,34136827.0
"(np.float64(1.5), 140, 140, 35, 15)",houghCircle,0.7875,44782631.63333333,33613796.0
"(np.float64(1.5), 140, 140, 40, 5)",houghCircle,0.6020833333333333,44157999.73125,34556309.0
"(np.float64(1.5), 140, 140, 40, 10)",houghCircle,0.625,43979381.425,34020729.0
"(np.float64(1.5), 140, 140, 40, 15)",houghCircle,0.6791666666666667,42355978.672916666,33213475.0
"(np.float64(1.5), 140, 140, 45, 5)",houghCircle,0.225,42365095.33125,34121243.5
"(np.float64(1.5), 140, 140, 45, 10)",houghCircle,0.24375,45555100.6375,35103485.5
"(np.float64(1.5), 140, 140, 45, 15)",houghCircle,0.2520833333333333,52317540.49166667,40571093.0
"(np.float64(1.5), 140, 150, 30, 5)",houghCircle,0.61875,43558845.40416667,33602566.0
"(np.float64(1.5), 140, 150, 30, 10)",houghCircle,0.6916666666666667,45967656.74583333,35023580.0
"(np.float64(1.5), 140, 150, 30, 15)",houghCircle,0.8020833333333334,44043059.670833334,33413845.0
"(np.float64(1.5), 140, 150, 35, 5)",houghCircle,0.6770833333333334,42571838.49791667,32247147.0
"(np.float64(1.5), 140, 150, 35, 10)",houghCircle,0.7041666666666667,44178150.96875,34567479.5
"(np.float64(1.5), 140, 150, 35, 15)",houghCircle,0.7875,44430942.1,32791067.5
"(np.float64(1.5), 140, 150, 40, 5)",houghCircle,0.5979166666666667,42220044.90208333,33348523.5
"(np.float64(1.5), 140, 150, 40, 10)",houghCircle,0.6208333333333333,41178794.733333334,33233166.0
"(np.float64(1.5), 140, 150, 40, 15)",houghCircle,0.675,42698923.797916666,33192280.0
"(np.float64(1.5), 140, 150, 45, 5)",houghCircle,0.21875,43717123.71041667,33998172.0
"(np.float64(1.5), 140, 150, 45, 10)",houghCircle,0.23541666666666666,50222770.13125,41235019.5
"(np.float64(1.5), 140, 150, 45, 15)",houghCircle,0.24375,45475481.99166667,34168752.0
"(np.float64(1.5), 140, 160, 30, 5)",houghCircle,0.6229166666666667,42742514.8,32843792.0
"(np.float64(1.5), 140, 160, 30, 10)",houghCircle,0.6958333333333333,42434821.40208333,32338062.5
"(np.float64(1.5), 140, 160, 30, 15)",houghCircle,0.8083333333333333,39785308.358333334,31394382.5
"(np.float64(1.5), 140, 160, 35, 5)",houghCircle,0.6791666666666667,45014000.63125,34634105.0
"(np.float64(1.5), 140, 160, 35, 10)",houghCircle,0.7083333333333334,44036637.93333333,34042209.5
"(np.float64(1.5), 140, 160, 35, 15)",houghCircle,0.7916666666666666,42700092.81666667,33003560.0
"(np.float64(1.5), 140, 160, 40, 5)",houghCircle,0.5979166666666667,43437510.645833336,33515171.0
"(np.float64(1.5), 140, 160, 40, 10)",houghCircle,0.625,42832764.40208333,32611856.0
"(np.float64(1.5), 140, 160, 40, 15)",houghCircle,0.6770833333333334,51609126.65625,40689120.0
"(np.float64(1.5), 140, 160, 45, 5)",houghCircle,0.2125,44178559.62291667,33972358.5
"(np.float64(1.5), 140, 160, 45, 10)",houghCircle,0.23125,42223435.00416667,32973599.5
"(np.float64(1.5), 140, 160, 45, 15)",houghCircle,0.2375,44528238.60208333,33240349.5
"(np.float64(1.5), 140, 170, 30, 5)",houghCircle,0.6375,43335729.62916667,33584195.5
"(np.float64(1.5), 140, 170, 30, 10)",houghCircle,0.7020833333333333,42458773.452083334,33350782.5
"(np.float64(1.5), 140, 170, 30, 15)",houghCircle,0.80625,41114221.3125,32116276.5
"(np.float64(1.5), 140, 170, 35, 5)",houghCircle,0.6791666666666667,44056592.29375,33709185.5
"(np.float64(1.5), 140, 170, 35, 10)",houghCircle,0.70625,42593314.69583333,32387295.5
"(np.float64(1.5), 140, 170, 35, 15)",houghCircle,0.7875,43109188.97291667,32610935.0
"(np.float64(1.5), 140, 170, 40, 5)",houghCircle,0.5916666666666667,39813813.895833336,30742353.5
"(np.float64(1.5), 140, 170, 40, 10)",houghCircle,0.6229166666666667,52033774.360416666,40005140.5
"(np.float64(1.5), 140, 170, 40, 15)",houghCircle,0.6729166666666667,42591554.51875,32441336.0
"(np.float64(1.5), 140, 170, 45, 5)",houghCircle,0.2125,44249076.270833336,33848110.5
"(np.float64(1.5), 140, 170, 45, 10)",houghCircle,0.23125,43496576.71666667,33289407.0
"(np.float64(1.5), 140, 170, 45, 15)",houghCircle,0.2375,42003350.15833333,32305446.5
"(np.float64(1.5), 140, 180, 30, 5)",houghCircle,0.6416666666666667,42987533.104166664,33514003.5
"(np.float64(1.5), 140, 180, 30, 10)",houghCircle,0.70625,41412752.8,32762760.0
"(np.float64(1.5), 140, 180, 30, 15)",houghCircle,0.8020833333333334,42156952.16458333,31514037.0
"(np.float64(1.5), 140, 180, 35, 5)",houghCircle,0.6854166666666667,43314674.65625,34080441.0
"(np.float64(1.5), 140, 180, 35, 10)",houghCircle,0.70625,45944823.03541667,33473357.5
"(np.float64(1.5), 140, 180, 35, 15)",houghCircle,0.7854166666666667,42229121.85,31998279.0
"(np.float64(1.5), 140, 180, 40, 5)",houghCircle,0.59375,43431763.56458333,34254573.5
"(np.float64(1.5), 140, 180, 40, 10)",houghCircle,0.6270833333333333,43605054.225,33597861.0
"(np.float64(1.5), 140, 180, 40, 15)",houghCircle,0.6729166666666667,43249541.25833333,31357909.0
"(np.float64(1.5), 140, 180, 45, 5)",houghCircle,0.2125,42875024.822916664,33012422.5
"(np.float64(1.5), 140, 180, 45, 10)",houghCircle,0.23125,52891822.6,40045837.5
"(np.float64(1.5), 140, 180, 45, 15)",houghCircle,0.2375,41285624.14375,32440355.5
"(np.float64(1.5), 140, 190, 30, 5)",houghCircle,0.6479166666666667,44123030.425,33951674.0
"(np.float64(1.5), 140, 190, 30, 10)",houghCircle,0.7,42866449.610416666,32483486.5
"(np.float64(1.5), 140, 190, 30, 15)",houghCircle,0.79375,41932000.666666664,31416433.0
"(np.float64(1.5), 140, 190, 35, 5)",houghCircle,0.675,45679066.797916666,33019025.5
"(np.float64(1.5), 140, 190, 35, 10)",houghCircle,0.6979166666666666,38766499.14375,30819479.0
"(np.float64(1.5), 140, 190, 35, 15)",houghCircle,0.7770833333333333,42409681.020833336,32226343.5
"(np.float64(1.5), 140, 190, 40, 5)",houghCircle,0.5854166666666667,42780949.96041667,32950220.5
"(np.float64(1.5), 140, 190, 40, 10)",houghCircle,0.6229166666666667,44714858.052083336,32920955.5
"(np.float64(1.5), 140, 190, 40, 15)",houghCircle,0.6666666666666666,39612448.29375,31641354.5
"(np.float64(1.5), 140, 190, 45, 5)",houghCircle,0.2125,48174734.19166667,40112578.5
"(np.float64(1.5), 140, 190, 45, 10)",houghCircle,0.23125,42598058.2125,32538704.0
"(np.float64(1.5), 140, 190, 45, 15)",houghCircle,0.2375,43161066.208333336,31577265.5
"(np.float64(1.5), 140, 200, 30, 5)",houghCircle,0.65,39259158.22708333,31761606.0
"(np.float64(1.5), 140, 200, 30, 10)",houghCircle,0.69375,42683100.16458333,31470084.0
"(np.float64(1.5), 140, 200, 30, 15)",houghCircle,0.7875,41316087.24583333,31215727.5
"(np.float64(1.5), 140, 200, 35, 5)",houghCircle,0.6729166666666667,43071366.854166664,32572361.5
"(np.float64(1.5), 140, 200, 35, 10)",houghCircle,0.7,41035010.045833334,31869734.0
"(np.float64(1.5), 140, 200, 35, 15)",houghCircle,0.775,42774341.141666666,32082948.5
"(np.float64(1.5), 140, 200, 40, 5)",houghCircle,0.5854166666666667,42616139.16041667,31771790.5
"(np.float64(1.5), 140, 200, 40, 10)",houghCircle,0.6229166666666667,41610813.885416664,31999679.5
"(np.float64(1.5), 140, 200, 40, 15)",houghCircle,0.6666666666666666,53044990.983333334,40455397.0
"(np.float64(1.5), 140, 200, 45, 5)",houghCircle,0.2125,46258378.25416667,33311098.5
"(np.float64(1.5), 140, 200, 45, 10)",houghCircle,0.23125,40056087.925,32598115.5
"(np.float64(1.5), 140, 200, 45, 15)",houghCircle,0.2375,43476046.00416667,32183337.5
"(np.float64(1.5), 140, 210, 30, 5)",houghCircle,0.6479166666666667,43404857.55416667,33225101.0
"(np.float64(1.5), 140, 210, 30, 10)",houghCircle,0.6916666666666667,39264663.3375,31652902.5
"(np.float64(1.5), 140, 210, 30, 15)",houghCircle,0.7833333333333333,39585656.94375,30693792.0
"(np.float64(1.5), 140, 210, 35, 5)",houghCircle,0.675,40644680.5375,31764516.5
"(np.float64(1.5), 140, 210, 35, 10)",houghCircle,0.7020833333333333,43549443.791666664,31461368.0
"(np.float64(1.5), 140, 210, 35, 15)",houghCircle,0.775,43810106.69583333,30968463.5
"(np.float64(1.5), 140, 210, 40, 5)",houghCircle,0.5895833333333333,42218461.3625,32570999.5
"(np.float64(1.5), 140, 210, 40, 10)",houghCircle,0.6208333333333333,53739045.452083334,40414805.5
"(np.float64(1.5), 140, 210, 40, 15)",houghCircle,0.6666666666666666,41259648.614583336,30293241.0
"(np.float64(1.5), 140, 210, 45, 5)",houghCircle,0.2125,39634029.97291667,31876692.5
"(np.float64(1.5), 140, 210, 45, 10)",houghCircle,0.23125,42424949.25416667,31749403.0
"(np.float64(1.5), 140, 210, 45, 15)",houghCircle,0.2375,43337624.72708333,31892231.5
"(np.float64(1.5), 140, 220, 30, 5)",houghCircle,0.65625,43678897.735416666,31950239.5
"(np.float64(1.5), 140, 220, 30, 10)",houghCircle,0.6875,40181476.9375,32640429.5
"(np.float64(1.5), 140, 220, 30, 15)",houghCircle,0.7791666666666667,42425052.53541667,31144127.0
"(np.float64(1.5), 140, 220, 35, 5)",houghCircle,0.6708333333333333,46077025.047916666,33319845.5
"(np.float64(1.5), 140, 220, 35, 10)",houghCircle,0.6958333333333333,40163563.68958333,30955449.0
"(np.float64(1.5), 140, 220, 35, 15)",houghCircle,0.7708333333333334,39031121.46458333,31140721.0
"(np.float64(1.5), 140, 220, 40, 5)",houghCircle,0.5895833333333333,43697914.295833334,32761456.5
"(np.float64(1.5), 140, 220, 40, 10)",houghCircle,0.6229166666666667,50651757.697916664,40039306.0
"(np.float64(1.5), 140, 220, 40, 15)",houghCircle,0.6666666666666666,40527258.69166667,31257115.0
"(np.float64(1.5), 140, 220, 45, 5)",houghCircle,0.2125,42945044.34166667,33046742.5
"(np.float64(1.5), 140, 220, 45, 10)",houghCircle,0.23125,38042805.614583336,30986387.0
"(np.float64(1.5), 140, 220, 45, 15)",houghCircle,0.2375,42804822.547916666,31363319.5
"(np.float64(1.5), 140, 230, 30, 5)",houghCircle,0.65625,44508144.96041667,33154344.0
"(np.float64(1.5), 140, 230, 30, 10)",houghCircle,0.6854166666666667,41378772.11666667,31044981.0
"(np.float64(1.5), 140, 230, 30, 15)",houghCircle,0.7770833333333333,40668368.78333333,31213889.0
"(np.float64(1.5), 140, 230, 35, 5)",houghCircle,0.675,41852855.20625,32697577.0
"(np.float64(1.5), 140, 230, 35, 10)",houghCircle,0.7,45422247.81458333,32043650.5
"(np.float64(1.5), 140, 230, 35, 15)",houghCircle,0.7708333333333334,41064695.325,31154437.0
"(np.float64(1.5), 140, 230, 40, 5)",houghCircle,0.5895833333333333,41526176.983333334,31258157.0
"(np.float64(1.5), 140, 230, 40, 10)",houghCircle,0.6229166666666667,42287265.16458333,30819489.5
"(np.float64(1.5), 140, 230, 40, 15)",houghCircle,0.6666666666666666,45759347.45,31547865.5
"(np.float64(1.5), 140, 230, 45, 5)",houghCircle,0.2125,49830425.739583336,39914370.5
"(np.float64(1.5), 140, 230, 45, 10)",houghCircle,0.23125,44944369.364583336,32181473.5
"(np.float64(1.5), 140, 230, 45, 15)",houghCircle,0.2375,39256686.24791667,30340610.5
"(np.float64(1.5), 140, 240, 30, 5)",houghCircle,0.65625,40118757.81041667,31620152.0
"(np.float64(1.5), 140, 240, 30, 10)",houghCircle,0.6875,40545730.31875,31361300.0
"(np.float64(1.5), 140, 240, 30, 15)",houghCircle,0.7770833333333333,41781623.520833336,30930862.5
"(np.float64(1.5), 140, 240, 35, 5)",houghCircle,0.6791666666666667,41991238.13333333,31475074.0
"(np.float64(1.5), 140, 240, 35, 10)",houghCircle,0.7041666666666667,41671972.44166667,30902801.0
"(np.float64(1.5), 140, 240, 35, 15)",houghCircle,0.7708333333333334,40121845.94375,30982515.0
"(np.float64(1.5), 140, 240, 40, 5)",houghCircle,0.5916666666666667,40649882.49791667,31857511.0
"(np.float64(1.5), 140, 240, 40, 10)",houghCircle,0.6270833333333333,50299732.34791667,39032752.5
"(np.float64(1.5), 140, 240, 40, 15)",houghCircle,0.66875,44213703.28125,32267625.5
"(np.float64(1.5), 140, 240, 45, 5)",houghCircle,0.2125,41644822.43333333,32026718.0
"(np.float64(1.5), 140, 240, 45, 10)",houghCircle,0.23125,42469035.483333334,31454485.0
"(np.float64(1.5), 140, 240, 45, 15)",houghCircle,0.2375,40963655.91458333,30570277.0
"(np.float64(1.5), 140, 250, 30, 5)",houghCircle,0.6625,39828789.052083336,31809210.5
"(np.float64(1.5), 140, 250, 30, 10)",houghCircle,0.6958333333333333,42176414.166666664,31112678.5
"(np.float64(1.5), 140, 250, 30, 15)",houghCircle,0.7770833333333333,41587378.5375,30660040.0
"(np.float64(1.5), 140, 250, 35, 5)",houghCircle,0.68125,39415626.19166667,31365808.5
"(np.float64(1.5), 140, 250, 35, 10)",houghCircle,0.7041666666666667,43829537.389583334,31490067.5
"(np.float64(1.5), 140, 250, 35, 15)",houghCircle,0.7708333333333334,40553062.260416664,31298032.0
"(np.float64(1.5), 140, 250, 40, 5)",houghCircle,0.5916666666666667,42526178.479166664,31503435.5
"(np.float64(1.5), 140, 250, 40, 10)",houghCircle,0.6270833333333333,50176663.19375,39296156.5
"(np.float64(1.5), 140, 250, 40, 15)",houghCircle,0.66875,39657164.483333334,30779174.0
"(np.float64(1.5), 140, 250, 45, 5)",houghCircle,0.2125,41652128.358333334,31661523.5
"(np.float64(1.5), 140, 250, 45, 10)",houghCircle,0.23125,41390889.104166664,31603620.0
"(np.float64(1.5), 140, 250, 45, 15)",houghCircle,0.2375,41042259.575,31001310.0
"(np.float64(1.5), 140, 260, 30, 5)",houghCircle,0.66875,41811887.64375,31557819.0
"(np.float64(1.5), 140, 260, 30, 10)",houghCircle,0.7,39220600.875,30582043.5
"(np.float64(1.5), 140, 260, 30, 15)",houghCircle,0.78125,41327603.19166667,30329569.5
"(np.float64(1.5), 140, 260, 35, 5)",houghCircle,0.68125,41499083.329166666,30911961.5
"(np.float64(1.5), 140, 260, 35, 10)",houghCircle,0.70625,42416590.49583333,32165417.5
"(np.float64(1.5), 140, 260, 35, 15)",houghCircle,0.7708333333333334,39417833.72083333,30882001.5
"(np.float64(1.5), 140, 260, 40, 5)",houghCircle,0.5916666666666667,42510693.26875,31691525.0
"(np.float64(1.5), 140, 260, 40, 10)",houghCircle,0.625,52316026.47291667,40182779.5
"(np.float64(1.5), 140, 260, 40, 15)",houghCircle,0.6666666666666666,43421513.270833336,31394092.0
"(np.float64(1.5), 140, 260, 45, 5)",houghCircle,0.2125,41204788.18541667,31242938.0
"(np.float64(1.5), 140, 260, 45, 10)",houghCircle,0.23125,41358738.166666664,31672815.5
"(np.float64(1.5), 140, 260, 45, 15)",houghCircle,0.2375,43557902.677083336,30754646.5
"(np.float64(1.5), 140, 270, 30, 5)",houghCircle,0.6770833333333334,40880068.9375,31856934.5
"(np.float64(1.5), 140, 270, 30, 10)",houghCircle,0.7020833333333333,44828770.01875,32472119.5
"(np.float64(1.5), 140, 270, 30, 15)",houghCircle,0.78125,37671077.40208333,29992792.5
"(np.float64(1.5), 140, 270, 35, 5)",houghCircle,0.68125,39535361.858333334,31313120.5
"(np.float64(1.5), 140, 270, 35, 10)",houghCircle,0.7104166666666667,41166885.51875,30916170.0
"(np.float64(1.5), 140, 270, 35, 15)",houghCircle,0.775,49315258.8125,36417701.0
"(np.float64(1.5), 140, 270, 40, 5)",houghCircle,0.5916666666666667,42687798.610416666,32035011.0
"(np.float64(1.5), 140, 270, 40, 10)",houghCircle,0.6270833333333333,41229520.525,31198294.0
"(np.float64(1.5), 140, 270, 40, 15)",houghCircle,0.6666666666666666,42827250.520833336,31159086.0
"(np.float64(1.5), 140, 270, 45, 5)",houghCircle,0.2125,40537962.84166667,30619813.5
"(np.float64(1.5), 140, 270, 45, 10)",houghCircle,0.23125,39515700.614583336,30597522.5
"(np.float64(1.5), 140, 270, 45, 15)",houghCircle,0.2375,42938766.6,31567056.5
"(np.float64(1.5), 140, 280, 30, 5)",houghCircle,0.68125,38609374.43958333,30631316.5
"(np.float64(1.5), 140, 280, 30, 10)",houghCircle,0.7020833333333333,42596708.12083333,32181718.5
"(np.float64(1.5), 140, 280, 30, 15)",houghCircle,0.7833333333333333,41881836.135416664,30269687.0
"(np.float64(1.5), 140, 280, 35, 5)",houghCircle,0.68125,41678210.0625,31702716.0
"(np.float64(1.5), 140, 280, 35, 10)",houghCircle,0.7125,41875500.860416666,31518986.5
"(np.float64(1.5), 140, 280, 35, 15)",houghCircle,0.775,42066401.733333334,31801291.5
"(np.float64(1.5), 140, 280, 40, 5)",houghCircle,0.5916666666666667,39615942.25833333,30719581.0
"(np.float64(1.5), 140, 280, 40, 10)",houghCircle,0.6291666666666667,50026146.12916667,39199265.0
"(np.float64(1.5), 140, 280, 40, 15)",houghCircle,0.6666666666666666,41498654.110416666,30726944.5
"(np.float64(1.5), 140, 280, 45, 5)",houghCircle,0.2125,43277986.44166667,32021428.5
"(np.float64(1.5), 140, 280, 45, 10)",houghCircle,0.23125,40924324.48125,31505280.0
"(np.float64(1.5), 140, 280, 45, 15)",houghCircle,0.2375,39619813.295833334,30565673.0
"(np.float64(1.5), 140, 290, 30, 5)",houghCircle,0.68125,40670461.1125,31910004.0
"(np.float64(1.5), 140, 290, 30, 10)",houghCircle,0.7104166666666667,41102190.233333334,31644016.0
"(np.float64(1.5), 140, 290, 30, 15)",houghCircle,0.7854166666666667,40914072.27916667,30504272.5
"(np.float64(1.5), 140, 290, 35, 5)",houghCircle,0.6854166666666667,43342109.02916667,32325529.5
"(np.float64(1.5), 140, 290, 35, 10)",houghCircle,0.7145833333333333,40616058.40625,31296308.0
"(np.float64(1.5), 140, 290, 35, 15)",houghCircle,0.7791666666666667,38484854.62916667,29736636.5
"(np.float64(1.5), 140, 290, 40, 5)",houghCircle,0.5916666666666667,54298784.1375,40511776.0
"(np.float64(1.5), 140, 290, 40, 10)",houghCircle,0.6291666666666667,41552957.42916667,30288689.0
"(np.float64(1.5), 140, 290, 40, 15)",houghCircle,0.6666666666666666,36711094.76875,28933586.0
"(np.float64(1.5), 140, 290, 45, 5)",houghCircle,0.21458333333333332,41775896.37083333,31894651.0
"(np.float64(1.5), 140, 290, 45, 10)",houghCircle,0.23125,39733455.81875,29600226.0
"(np.float64(1.5), 140, 290, 45, 15)",houghCircle,0.2375,39407716.614583336,30050771.0
"(np.float64(1.5), 150, 100, 30, 5)",houghCircle,0.49583333333333335,45726329.4375,36959903.5
"(np.float64(1.5), 150, 100, 30, 10)",houghCircle,0.6375,46067420.735416666,37383633.5
"(np.float64(1.5), 150, 100, 30, 15)",houghCircle,0.7875,45216260.28125,36088334.5
"(np.float64(1.5), 150, 100, 35, 5)",houghCircle,0.675,48314507.479166664,37190345.5
"(np.float64(1.5), 150, 100, 35, 10)",houghCircle,0.7125,46418858.78958333,36480889.5
"(np.float64(1.5), 150, 100, 35, 15)",houghCircle,0.7979166666666667,44653685.49375,36348211.5
"(np.float64(1.5), 150, 100, 40, 5)",houghCircle,0.6208333333333333,45883053.16458333,36507294.0
"(np.float64(1.5), 150, 100, 40, 10)",houghCircle,0.6666666666666666,51071457.860416666,42653209.0
"(np.float64(1.5), 150, 100, 40, 15)",houghCircle,0.7208333333333333,47495384.56458333,36869549.0
"(np.float64(1.5), 150, 100, 45, 5)",houghCircle,0.35833333333333334,48090485.07083333,37992295.5
"(np.float64(1.5), 150, 100, 45, 10)",houghCircle,0.37916666666666665,46430795.9375,36773404.0
"(np.float64(1.5), 150, 100, 45, 15)",houghCircle,0.3958333333333333,45908242.485416666,34958469.5
"(np.float64(1.5), 150, 110, 30, 5)",houghCircle,0.525,45964488.2875,36501288.0
"(np.float64(1.5), 150, 110, 30, 10)",houghCircle,0.65,45325782.28125,35699303.5
"(np.float64(1.5), 150, 110, 30, 15)",houghCircle,0.7916666666666666,44116324.5125,34300694.0
"(np.float64(1.5), 150, 110, 35, 5)",houghCircle,0.675,44380933.94166667,36076947.5
"(np.float64(1.5), 150, 110, 35, 10)",houghCircle,0.7145833333333333,45916080.33125,36474538.0
"(np.float64(1.5), 150, 110, 35, 15)",houghCircle,0.8,52280209.74583333,42296455.0
"(np.float64(1.5), 150, 110, 40, 5)",houghCircle,0.59375,45456222.858333334,36821658.5
"(np.float64(1.5), 150, 110, 40, 10)",houghCircle,0.63125,46864700.03125,36682568.0
"(np.float64(1.5), 150, 110, 40, 15)",houghCircle,0.6854166666666667,44034134.31666667,35012831.5
"(np.float64(1.5), 150, 110, 45, 5)",houghCircle,0.29583333333333334,45472292.65833333,36570839.0
"(np.float64(1.5), 150, 110, 45, 10)",houghCircle,0.31875,45097701.74791667,36916066.0
"(np.float64(1.5), 150, 110, 45, 15)",houghCircle,0.33541666666666664,43839776.39375,35096312.0
"(np.float64(1.5), 150, 120, 30, 5)",houghCircle,0.5645833333333333,43386964.11875,35305334.5
"(np.float64(1.5), 150, 120, 30, 10)",houghCircle,0.6666666666666666,44094038.229166664,35755022.5
"(np.float64(1.5), 150, 120, 30, 15)",houghCircle,0.7979166666666667,43821168.25833333,34404494.5
"(np.float64(1.5), 150, 120, 35, 5)",houghCircle,0.68125,44132147.1625,35994402.5
"(np.float64(1.5), 150, 120, 35, 10)",houghCircle,0.7104166666666667,53216753.45625,42277670.0
"(np.float64(1.5), 150, 120, 35, 15)",houghCircle,0.79375,43174401.3875,34135890.5
"(np.float64(1.5), 150, 120, 40, 5)",houghCircle,0.6020833333333333,44359582.510416664,35371814.0
"(np.float64(1.5), 150, 120, 40, 10)",houghCircle,0.6291666666666667,45253566.572916664,35365858.0
"(np.float64(1.5), 150, 120, 40, 15)",houghCircle,0.6833333333333333,43577727.68333333,35118754.5
"(np.float64(1.5), 150, 120, 45, 5)",houghCircle,0.26666666666666666,44838596.94166667,35938201.5
"(np.float64(1.5), 150, 120, 45, 10)",houghCircle,0.2875,43666748.2125,35316475.5
"(np.float64(1.5), 150, 120, 45, 15)",houghCircle,0.30416666666666664,44997065.797916666,36054014.5
"(np.float64(1.5), 150, 130, 30, 5)",houghCircle,0.5854166666666667,49885900.59583333,36874739.0
"(np.float64(1.5), 150, 130, 30, 10)",houghCircle,0.6708333333333333,48154976.20625,36016263.0
"(np.float64(1.5), 150, 130, 30, 15)",houghCircle,0.80625,55410250.545833334,42580552.0
"(np.float64(1.5), 150, 130, 35, 5)",houghCircle,0.6770833333333334,42755389.145833336,33783023.5
"(np.float64(1.5), 150, 130, 35, 10)",houghCircle,0.70625,44624393.84166667,34009638.0
"(np.float64(1.5), 150, 130, 35, 15)",houghCircle,0.7916666666666666,43561967.30416667,33940548.5
"(np.float64(1.5), 150, 130, 40, 5)",houghCircle,0.5958333333333333,42343115.61875,34759737.0
"(np.float64(1.5), 150, 130, 40, 10)",houghCircle,0.6229166666666667,43097642.479166664,35321139.0
"(np.float64(1.5), 150, 130, 40, 15)",houghCircle,0.6770833333333334,42990572.22083333,34150833.5
"(np.float64(1.5), 150, 130, 45, 5)",houghCircle,0.23333333333333334,42002855.92916667,33183203.5
"(np.float64(1.5), 150, 130, 45, 10)",houghCircle,0.25,43033695.927083336,34468093.5
"(np.float64(1.5), 150, 130, 45, 15)",houghCircle,0.2625,44085266.22083333,34205548.0
"(np.float64(1.5), 150, 140, 30, 5)",houghCircle,0.6,41903177.71458333,32832966.5
"(np.float64(1.5), 150, 140, 30, 10)",houghCircle,0.6854166666666667,44672933.952083334,33985758.5
"(np.float64(1.5), 150, 140, 30, 15)",houghCircle,0.8,44464694.145833336,33175949.0
"(np.float64(1.5), 150, 140, 35, 5)",houghCircle,0.6770833333333334,46595431.9875,35642397.0
"(np.float64(1.5), 150, 140, 35, 10)",houghCircle,0.7041666666666667,54875478.108333334,42584089.5
"(np.float64(1.5), 150, 140, 35, 15)",houghCircle,0.7875,41450951.40833333,32881337.0
"(np.float64(1.5), 150, 140, 40, 5)",houghCircle,0.6020833333333333,44033882.979166664,35364810.5
"(np.float64(1.5), 150, 140, 40, 10)",houghCircle,0.625,43984776.666666664,34055655.0
"(np.float64(1.5), 150, 140, 40, 15)",houghCircle,0.6791666666666667,45539022.23125,34217368.5
"(np.float64(1.5), 150, 140, 45, 5)",houghCircle,0.225,41962292.43125,34706421.0
"(np.float64(1.5), 150, 140, 45, 10)",houghCircle,0.24375,43608769.89375,34145920.0
"(np.float64(1.5), 150, 140, 45, 15)",houghCircle,0.2520833333333333,42888984.233333334,34107498.0
"(np.float64(1.5), 150, 150, 30, 5)",houghCircle,0.6208333333333333,45536228.82083333,33948463.5
"(np.float64(1.5), 150, 150, 30, 10)",houghCircle,0.6916666666666667,45278358.7625,33498815.0
"(np.float64(1.5), 150, 150, 30, 15)",houghCircle,0.8020833333333334,44069833.427083336,34027857.5
"(np.float64(1.5), 150, 150, 35, 5)",houghCircle,0.6770833333333334,43898797.86666667,34203237.5
"(np.float64(1.5), 150, 150, 35, 10)",houghCircle,0.7041666666666667,44549915.87708333,34120832.5
"(np.float64(1.5), 150, 150, 35, 15)",houghCircle,0.7875,52703603.59791667,41784118.0
"(np.float64(1.5), 150, 150, 40, 5)",houghCircle,0.5979166666666667,45819106.891666666,33772834.0
"(np.float64(1.5), 150, 150, 40, 10)",houghCircle,0.6208333333333333,44775540.93958333,34365386.5
"(np.float64(1.5), 150, 150, 40, 15)",houghCircle,0.675,40237640.00625,31023115.5
"(np.float64(1.5), 150, 150, 45, 5)",houghCircle,0.21875,44326325.1125,32868352.5
"(np.float64(1.5), 150, 150, 45, 10)",houghCircle,0.23541666666666666,43418346.7875,32445163.5
"(np.float64(1.5), 150, 150, 45, 15)",houghCircle,0.24375,43910568.1,33918292.5
"(np.float64(1.5), 150, 160, 30, 5)",houghCircle,0.625,42570468.97291667,34171949.0
"(np.float64(1.5), 150, 160, 30, 10)",houghCircle,0.6958333333333333,44201437.25833333,33848877.5
"(np.float64(1.5), 150, 160, 30, 15)",houghCircle,0.8083333333333333,39333726.63125,31838982.0
"(np.float64(1.5), 150, 160, 35, 5)",houghCircle,0.6791666666666667,50608559.8375,41329040.0
"(np.float64(1.5), 150, 160, 35, 10)",houghCircle,0.7083333333333334,41481400.91041667,32920495.5
"(np.float64(1.5), 150, 160, 35, 15)",houghCircle,0.7916666666666666,41150760.3625,33257647.5
"(np.float64(1.5), 150, 160, 40, 5)",houghCircle,0.5979166666666667,43888393.225,33172528.0
"(np.float64(1.5), 150, 160, 40, 10)",houghCircle,0.625,45705420.764583334,33807394.0
"(np.float64(1.5), 150, 160, 40, 15)",houghCircle,0.6770833333333334,42804439.68958333,31926450.0
"(np.float64(1.5), 150, 160, 45, 5)",houghCircle,0.2125,44837227.93125,34391339.5
"(np.float64(1.5), 150, 160, 45, 10)",houghCircle,0.23125,43556474.74791667,32104258.5
"(np.float64(1.5), 150, 160, 45, 15)",houghCircle,0.2375,42718972.95,32268647.0
"(np.float64(1.5), 150, 170, 30, 5)",houghCircle,0.6395833333333333,40802646.552083336,32987887.5
"(np.float64(1.5), 150, 170, 30, 10)",houghCircle,0.7020833333333333,42990964.78125,32667562.0
"(np.float64(1.5), 150, 170, 30, 15)",houghCircle,0.80625,39255154.35,30397372.5
"(np.float64(1.5), 150, 170, 35, 5)",houghCircle,0.6791666666666667,52884915.985416666,40964912.5
"(np.float64(1.5), 150, 170, 35, 10)",houghCircle,0.70625,43301035.94166667,33519199.5
"(np.float64(1.5), 150, 170, 35, 15)",houghCircle,0.7875,41525287.03541667,32140172.0
"(np.float64(1.5), 150, 170, 40, 5)",houghCircle,0.5916666666666667,43005622.125,32734306.0
"(np.float64(1.5), 150, 170, 40, 10)",houghCircle,0.6229166666666667,42726526.33958333,32572567.5
"(np.float64(1.5), 150, 170, 40, 15)",houghCircle,0.6729166666666667,44813162.572916664,32802930.5
"(np.float64(1.5), 150, 170, 45, 5)",houghCircle,0.2125,44348769.225,33379787.5
"(np.float64(1.5), 150, 170, 45, 10)",houghCircle,0.23125,44414847.05416667,32211569.5
"(np.float64(1.5), 150, 170, 45, 15)",houghCircle,0.2375,43108393.34791667,32550562.0
"(np.float64(1.5), 150, 180, 30, 5)",houghCircle,0.64375,44381459.87916667,34418140.0
"(np.float64(1.5), 150, 180, 30, 10)",houghCircle,0.70625,42475250.19166667,33175769.0
"(np.float64(1.5), 150, 180, 30, 15)",houghCircle,0.8020833333333334,49727946.70625,40454635.0
"(np.float64(1.5), 150, 180, 35, 5)",houghCircle,0.6854166666666667,44366349.82083333,33330294.5
"(np.float64(1.5), 150, 180, 35, 10)",houghCircle,0.70625,42298972.547916666,33254607.0
"(np.float64(1.5), 150, 180, 35, 15)",houghCircle,0.7854166666666667,40376663.166666664,31940076.0
"(np.float64(1.5), 150, 180, 40, 5)",houghCircle,0.59375,41421668.725,32252978.0
"(np.float64(1.5), 150, 180, 40, 10)",houghCircle,0.6270833333333333,42229856.06458333,32125063.5
"(np.float64(1.5), 150, 180, 40, 15)",houghCircle,0.6729166666666667,43063022.170833334,32032875.5
"(np.float64(1.5), 150, 180, 45, 5)",houghCircle,0.2125,40844236.67916667,32064479.5
"(np.float64(1.5), 150, 180, 45, 10)",houghCircle,0.23125,42981390.579166666,32830945.5
"(np.float64(1.5), 150, 180, 45, 15)",houghCircle,0.2375,45253262.6125,33167193.0
"(np.float64(1.5), 150, 190, 30, 5)",houghCircle,0.6479166666666667,53039857.545833334,41777039.5
"(np.float64(1.5), 150, 190, 30, 10)",houghCircle,0.7,41345610.677083336,32529980.5
"(np.float64(1.5), 150, 190, 30, 15)",houghCircle,0.79375,41911969.985416666,31707249.0
"(np.float64(1.5), 150, 190, 35, 5)",houghCircle,0.675,46179654.48125,33939452.0
"(np.float64(1.5), 150, 190, 35, 10)",houghCircle,0.6979166666666666,41384299.604166664,32066989.0
"(np.float64(1.5), 150, 190, 35, 15)",houghCircle,0.7770833333333333,45274093.81875,34876067.0
"(np.float64(1.5), 150, 190, 40, 5)",houghCircle,0.5854166666666667,38579942.02916667,31417555.5
"(np.float64(1.5), 150, 190, 40, 10)",houghCircle,0.6229166666666667,41819165.975,32815473.5
"(np.float64(1.5), 150, 190, 40, 15)",houghCircle,0.6666666666666666,42792435.08958333,32094115.0
"(np.float64(1.5), 150, 190, 45, 5)",houghCircle,0.2125,42767014.20625,33034113.0
"(np.float64(1.5), 150, 190, 45, 10)",houghCircle,0.23125,42604087.29375,31853853.5
"(np.float64(1.5), 150, 190, 45, 15)",houghCircle,0.2375,42044707.16458333,32636126.0
"(np.float64(1.5), 150, 200, 30, 5)",houghCircle,0.65,42799170.21041667,32610454.0
"(np.float64(1.5), 150, 200, 30, 10)",houghCircle,0.69375,43526622.43333333,32584090.0
"(np.float64(1.5), 150, 200, 30, 15)",houghCircle,0.7875,41905962.71458333,32123099.5
"(np.float64(1.5), 150, 200, 35, 5)",houghCircle,0.6729166666666667,43644129.275,33914054.0
"(np.float64(1.5), 150, 200, 35, 10)",houghCircle,0.7,49803602.3375,39758824.0
"(np.float64(1.5), 150, 200, 35, 15)",houghCircle,0.775,42301331.59583333,32349639.5
"(np.float64(1.5), 150, 200, 40, 5)",houghCircle,0.5854166666666667,43315789.770833336,33028007.5
"(np.float64(1.5), 150, 200, 40, 10)",houghCircle,0.6229166666666667,41423277.59583333,32881045.0
"(np.float64(1.5), 150, 200, 40, 15)",houghCircle,0.6666666666666666,39210068.95,30895371.5
"(np.float64(1.5), 150, 200, 45, 5)",houghCircle,0.2125,44312606.26875,33192131.0
"(np.float64(1.5), 150, 200, 45, 10)",houghCircle,0.23125,42640741.05625,32544910.5
"(np.float64(1.5), 150, 200, 45, 15)",houghCircle,0.2375,40159338.391666666,30685913.5
"(np.float64(1.5), 150, 210, 30, 5)",houghCircle,0.6479166666666667,41394343.21875,32716236.5
"(np.float64(1.5), 150, 210, 30, 10)",houghCircle,0.6916666666666667,39949180.69166667,31959788.0
"(np.float64(1.5), 150, 210, 30, 15)",houghCircle,0.7833333333333333,52763893.68541667,39408777.5
"(np.float64(1.5), 150, 210, 35, 5)",houghCircle,0.675,40338316.65625,31236170.5
"(np.float64(1.5), 150, 210, 35, 10)",houghCircle,0.7041666666666667,41576012.25625,32564723.0
"(np.float64(1.5), 150, 210, 35, 15)",houghCircle,0.775,44080379.954166666,32438561.5
"(np.float64(1.5), 150, 210, 40, 5)",houghCircle,0.5895833333333333,44333904.68958333,33143389.0
"(np.float64(1.5), 150, 210, 40, 10)",houghCircle,0.6229166666666667,43912872.25625,32685318.5
"(np.float64(1.5), 150, 210, 40, 15)",houghCircle,0.6666666666666666,39173026.670833334,31699295.5
"(np.float64(1.5), 150, 210, 45, 5)",houghCircle,0.2125,43214444.15,32294005.0
"(np.float64(1.5), 150, 210, 45, 10)",houghCircle,0.23125,45121208.33125,32489041.5
"(np.float64(1.5), 150, 210, 45, 15)",houghCircle,0.2375,41421862.645833336,31328629.5
"(np.float64(1.5), 150, 220, 30, 5)",houghCircle,0.65625,44117471.94583333,32954532.5
"(np.float64(1.5), 150, 220, 30, 10)",houghCircle,0.6875,40961300.14791667,31494509.5
"(np.float64(1.5), 150, 220, 30, 15)",houghCircle,0.7791666666666667,50179807.96041667,39279867.0
"(np.float64(1.5), 150, 220, 35, 5)",houghCircle,0.6708333333333333,40728600.56875,32412101.0
"(np.float64(1.5), 150, 220, 35, 10)",houghCircle,0.6979166666666666,43509461.57083333,31725478.5
"(np.float64(1.5), 150, 220, 35, 15)",houghCircle,0.7708333333333334,41151619.24375,31024999.5
"(np.float64(1.5), 150, 220, 40, 5)",houghCircle,0.5895833333333333,39913305.079166666,30730209.5
"(np.float64(1.5), 150, 220, 40, 10)",houghCircle,0.6229166666666667,43692441.6625,31744034.0
"(np.float64(1.5), 150, 220, 40, 15)",houghCircle,0.6666666666666666,42015921.204166666,31987009.0
"(np.float64(1.5), 150, 220, 45, 5)",houghCircle,0.2125,42469422.5,30902339.5
"(np.float64(1.5), 150, 220, 45, 10)",houghCircle,0.23125,38707315.885416664,30646093.0
"(np.float64(1.5), 150, 220, 45, 15)",houghCircle,0.2375,41359917.577083334,31663336.5
"(np.float64(1.5), 150, 230, 30, 5)",houghCircle,0.65625,54474427.8125,41222225.0
"(np.float64(1.5), 150, 230, 30, 10)",houghCircle,0.6854166666666667,41478573.46458333,31178192.0
"(np.float64(1.5), 150, 230, 30, 15)",houghCircle,0.7770833333333333,38816395.83541667,30022879.5
"(np.float64(1.5), 150, 230, 35, 5)",houghCircle,0.675,40466414.90625,31742194.5
"(np.float64(1.5), 150, 230, 35, 10)",houghCircle,0.7020833333333333,41956190.59375,31623783.0
"(np.float64(1.5), 150, 230, 35, 15)",houghCircle,0.7708333333333334,38805370.083333336,30525503.0
"(np.float64(1.5), 150, 230, 40, 5)",houghCircle,0.5895833333333333,42173691.08541667,32621384.0
"(np.float64(1.5), 150, 230, 40, 10)",houghCircle,0.6229166666666667,42476088.02291667,32101198.0
"(np.float64(1.5), 150, 230, 40, 15)",houghCircle,0.6666666666666666,41957204.06666667,30822078.0
"(np.float64(1.5), 150, 230, 45, 5)",houghCircle,0.2125,43168748.61666667,32818559.0
"(np.float64(1.5), 150, 230, 45, 10)",houghCircle,0.23125,40802349.90625,31537931.5
"(np.float64(1.5), 150, 230, 45, 15)",houghCircle,0.2375,39212285.235416666,30508811.5
"(np.float64(1.5), 150, 240, 30, 5)",houghCircle,0.65625,43105159.83958333,31805404.0
"(np.float64(1.5), 150, 240, 30, 10)",houghCircle,0.6875,49049236.858333334,38415388.5
"(np.float64(1.5), 150, 240, 30, 15)",houghCircle,0.7770833333333333,41424501.98125,31714082.0
"(np.float64(1.5), 150, 240, 35, 5)",houghCircle,0.6791666666666667,42129126.66875,32287774.0
"(np.float64(1.5), 150, 240, 35, 10)",houghCircle,0.70625,42011127.9,31396386.0
"(np.float64(1.5), 150, 240, 35, 15)",houghCircle,0.7708333333333334,41686088.197916664,32046731.0
"(np.float64(1.5), 150, 240, 40, 5)",houghCircle,0.5916666666666667,40499056.1625,31680930.5
"(np.float64(1.5), 150, 240, 40, 10)",houghCircle,0.6270833333333333,42469537.177083336,31602393.5
"(np.float64(1.5), 150, 240, 40, 15)",houghCircle,0.66875,41258380.03958333,29997000.5
"(np.float64(1.5), 150, 240, 45, 5)",houghCircle,0.2125,41493567.24166667,32301955.0
"(np.float64(1.5), 150, 240, 45, 10)",houghCircle,0.23125,41465161.614583336,31577395.5
"(np.float64(1.5), 150, 240, 45, 15)",houghCircle,0.2375,43312678.15833333,31531574.5
"(np.float64(1.5), 150, 250, 30, 5)",houghCircle,0.6625,44313002.15416667,32784805.5
"(np.float64(1.5), 150, 250, 30, 10)",houghCircle,0.6958333333333333,53671029.614583336,40600893.5
"(np.float64(1.5), 150, 250, 30, 15)",houghCircle,0.7770833333333333,42280882.795833334,30400147.0
"(np.float64(1.5), 150, 250, 35, 5)",houghCircle,0.68125,42657856.1625,31993782.0
"(np.float64(1.5), 150, 250, 35, 10)",houghCircle,0.70625,41619209.49375,31650498.0
"(np.float64(1.5), 150, 250, 35, 15)",houghCircle,0.7708333333333334,39693703.34583333,31178006.0
"(np.float64(1.5), 150, 250, 40, 5)",houghCircle,0.5916666666666667,44781193.047916666,32593116.0
"(np.float64(1.5), 150, 250, 40, 10)",houghCircle,0.6270833333333333,41030347.0625,31977942.0
"(np.float64(1.5), 150, 250, 40, 15)",houghCircle,0.66875,41728142.00416667,31591782.5
"(np.float64(1.5), 150, 250, 45, 5)",houghCircle,0.2125,37920209.55,30883478.0
"(np.float64(1.5), 150, 250, 45, 10)",houghCircle,0.23125,41914298.66875,32627059.5
"(np.float64(1.5), 150, 250, 45, 15)",houghCircle,0.2375,42648370.15416667,31265305.0
"(np.float64(1.5), 150, 260, 30, 5)",houghCircle,0.66875,41310513.9375,31970202.5
"(np.float64(1.5), 150, 260, 30, 10)",houghCircle,0.7,41279008.829166666,31347338.0
"(np.float64(1.5), 150, 260, 30, 15)",houghCircle,0.78125,51645112.145833336,38786169.5
"(np.float64(1.5), 150, 260, 35, 5)",houghCircle,0.68125,41108794.51875,31879923.5
"(np.float64(1.5), 150, 260, 35, 10)",houghCircle,0.7083333333333334,41929155.24791667,31903137.0
"(np.float64(1.5), 150, 260, 35, 15)",houghCircle,0.7708333333333334,43395867.447916664,32059179.0
"(np.float64(1.5), 150, 260, 40, 5)",houghCircle,0.5916666666666667,42206408.4,32023306.5
"(np.float64(1.5), 150, 260, 40, 10)",houghCircle,0.625,39911847.475,31079131.0
"(np.float64(1.5), 150, 260, 40, 15)",houghCircle,0.6666666666666666,43691092.11875,30973948.5
"(np.float64(1.5), 150, 260, 45, 5)",houghCircle,0.2125,41661185.46875,31888128.5
"(np.float64(1.5), 150, 260, 45, 10)",houghCircle,0.23125,39959781.40625,30876079.5
"(np.float64(1.5), 150, 260, 45, 15)",houghCircle,0.2375,41326458.40416667,31455692.0
"(np.float64(1.5), 150, 270, 30, 5)",houghCircle,0.6770833333333334,43666198.38333333,32681351.0
"(np.float64(1.5), 150, 270, 30, 10)",houghCircle,0.7020833333333333,50449729.95,39668160.5
"(np.float64(1.5), 150, 270, 30, 15)",houghCircle,0.78125,39509283.58541667,30437616.5
"(np.float64(1.5), 150, 270, 35, 5)",houghCircle,0.68125,44250851.42916667,31934049.5
"(np.float64(1.5), 150, 270, 35, 10)",houghCircle,0.7125,39309848.09583333,31020866.5
"(np.float64(1.5), 150, 270, 35, 15)",houghCircle,0.775,40492083.704166666,30683534.5
"(np.float64(1.5), 150, 270, 40, 5)",houghCircle,0.5916666666666667,42364187.875,31991551.5
"(np.float64(1.5), 150, 270, 40, 10)",houghCircle,0.6270833333333333,40906472.93125,30593840.0
"(np.float64(1.5), 150, 270, 40, 15)",houghCircle,0.6666666666666666,41918515.927083336,30914527.0
"(np.float64(1.5), 150, 270, 45, 5)",houghCircle,0.2125,38354370.9375,30789062.0
"(np.float64(1.5), 150, 270, 45, 10)",houghCircle,0.23125,42706819.49583333,32032524.0
"(np.float64(1.5), 150, 270, 45, 15)",houghCircle,0.2375,41244096.014583334,31202998.0
"(np.float64(1.5), 150, 280, 30, 5)",houghCircle,0.68125,53414322.47083333,41206575.5
"(np.float64(1.5), 150, 280, 30, 10)",houghCircle,0.7020833333333333,39661711.6125,30603575.0
"(np.float64(1.5), 150, 280, 30, 15)",houghCircle,0.7833333333333333,39022937.958333336,29853345.5
"(np.float64(1.5), 150, 280, 35, 5)",houghCircle,0.68125,44881593.86666667,31995615.0
"(np.float64(1.5), 150, 280, 35, 10)",houghCircle,0.7145833333333333,43360400.795833334,31612451.5
"(np.float64(1.5), 150, 280, 35, 15)",houghCircle,0.775,39238324.93541667,30583140.0
"(np.float64(1.5), 150, 280, 40, 5)",houghCircle,0.5916666666666667,42448691.270833336,31657145.5
"(np.float64(1.5), 150, 280, 40, 10)",houghCircle,0.6291666666666667,39604537.9875,30261171.0
"(np.float64(1.5), 150, 280, 40, 15)",houghCircle,0.6666666666666666,41426869.40833333,30316860.0
"(np.float64(1.5), 150, 280, 45, 5)",houghCircle,0.2125,41900543.03541667,31394142.5
"(np.float64(1.5), 150, 280, 45, 10)",houghCircle,0.23125,42808281.489583336,31169155.0
"(np.float64(1.5), 150, 280, 45, 15)",houghCircle,0.2375,42865941.479166664,30793585.0
"(np.float64(1.5), 150, 290, 30, 5)",houghCircle,0.68125,51546188.275,39808011.0
"(np.float64(1.5), 150, 290, 30, 10)",houghCircle,0.7104166666666667,41824836.489583336,31267549.0
"(np.float64(1.5), 150, 290, 30, 15)",houghCircle,0.7854166666666667,39789534.43541667,30661798.5
"(np.float64(1.5), 150, 290, 35, 5)",houghCircle,0.6854166666666667,42337183.885416664,31650402.5
"(np.float64(1.5), 150, 290, 35, 10)",houghCircle,0.7166666666666667,41182201.38125,31065976.5
"(np.float64(1.5), 150, 290, 35, 15)",houghCircle,0.7791666666666667,37609160.108333334,29374623.5
"(np.float64(1.5), 150, 290, 40, 5)",houghCircle,0.5916666666666667,43881645.4125,32654362.0
"(np.float64(1.5), 150, 290, 40, 10)",houghCircle,0.6291666666666667,38889679.9625,30484916.5
"(np.float64(1.5), 150, 290, 40, 15)",houghCircle,0.6666666666666666,45251867.99375,31310625.5
"(np.float64(1.5), 150, 290, 45, 5)",houghCircle,0.21458333333333332,40671053.94166667,31284772.0
"(np.float64(1.5), 150, 290, 45, 10)",houghCircle,0.23125,39385735.80416667,30356108.5
"(np.float64(1.5), 150, 290, 45, 15)",houghCircle,0.2375,40291761.920833334,29859668.0
"(np.float64(1.5), 160, 100, 30, 5)",houghCircle,0.5020833333333333,43750507.764583334,37211080.5
"(np.float64(1.5), 160, 100, 30, 10)",houghCircle,0.6416666666666667,49294501.4125,38574116.5
"(np.float64(1.5), 160, 100, 30, 15)",houghCircle,0.7895833333333333,45840677.083333336,36074207.0
"(np.float64(1.5), 160, 100, 35, 5)",houghCircle,0.68125,54146584.46666667,45245317.5
"(np.float64(1.5), 160, 100, 35, 10)",houghCircle,0.7145833333333333,45897715.45,37444322.0
"(np.float64(1.5), 160, 100, 35, 15)",houghCircle,0.8,46664136.37083333,36326515.0
"(np.float64(1.5), 160, 100, 40, 5)",houghCircle,0.6208333333333333,46583612.135416664,38249452.5
"(np.float64(1.5), 160, 100, 40, 10)",houghCircle,0.6666666666666666,43661748.291666664,35837873.5
"(np.float64(1.5), 160, 100, 40, 15)",houghCircle,0.7208333333333333,44787915.40833333,35339323.5
"(np.float64(1.5), 160, 100, 45, 5)",houghCircle,0.36041666666666666,45392026.49166667,37017006.0
"(np.float64(1.5), 160, 100, 45, 10)",houghCircle,0.37916666666666665,44779252.24166667,35449178.0
"(np.float64(1.5), 160, 100, 45, 15)",houghCircle,0.3958333333333333,42474754.88333333,34973566.0
"(np.float64(1.5), 160, 110, 30, 5)",houghCircle,0.5333333333333333,46506509.89791667,36838250.5
"(np.float64(1.5), 160, 110, 30, 10)",houghCircle,0.6541666666666667,53695350.59791667,44431591.0
"(np.float64(1.5), 160, 110, 30, 15)",houghCircle,0.79375,44911236.7375,34526788.5
"(np.float64(1.5), 160, 110, 35, 5)",houghCircle,0.6791666666666667,46788910.68333333,36361866.0
"(np.float64(1.5), 160, 110, 35, 10)",houghCircle,0.7166666666666667,45708150.391666666,36457326.0
"(np.float64(1.5), 160, 110, 35, 15)",houghCircle,0.8,47255030.010416664,36373769.0
"(np.float64(1.5), 160, 110, 40, 5)",houghCircle,0.59375,42560367.364583336,34696277.0
"(np.float64(1.5), 160, 110, 40, 10)",houghCircle,0.63125,44668238.99375,35358419.0
"(np.float64(1.5), 160, 110, 40, 15)",houghCircle,0.6854166666666667,44645402.208333336,34712027.0
"(np.float64(1.5), 160, 110, 45, 5)",houghCircle,0.29791666666666666,45529439.9125,36755545.5
"(np.float64(1.5), 160, 110, 45, 10)",houghCircle,0.31875,45297932.59375,36012406.5
"(np.float64(1.5), 160, 110, 45, 15)",houghCircle,0.33541666666666664,44328793.34166667,35442972.0
"(np.float64(1.5), 160, 120, 30, 5)",houghCircle,0.5708333333333333,54659906.708333336,44555744.5
"(np.float64(1.5), 160, 120, 30, 10)",houghCircle,0.6729166666666667,45563030.85208333,35372229.5
"(np.float64(1.5), 160, 120, 30, 15)",houghCircle,0.8,45016568.99166667,34874938.0
"(np.float64(1.5), 160, 120, 35, 5)",houghCircle,0.6833333333333333,45332510.975,35646509.0
"(np.float64(1.5), 160, 120, 35, 10)",houghCircle,0.7145833333333333,43318808.827083334,35112618.0
"(np.float64(1.5), 160, 120, 35, 15)",houghCircle,0.79375,46615004.18541667,34746771.5
"(np.float64(1.5), 160, 120, 40, 5)",houghCircle,0.6020833333333333,43762408.83958333,34637221.0
"(np.float64(1.5), 160, 120, 40, 10)",houghCircle,0.6291666666666667,43167566.825,34365766.5
"(np.float64(1.5), 160, 120, 40, 15)",houghCircle,0.6833333333333333,40830900.22708333,34094978.5
"(np.float64(1.5), 160, 120, 45, 5)",houghCircle,0.26875,45017962.552083336,35910826.0
"(np.float64(1.5), 160, 120, 45, 10)",houghCircle,0.2875,45300870.7625,34764325.0
"(np.float64(1.5), 160, 120, 45, 15)",houghCircle,0.30416666666666664,56077162.40833333,43638617.5
"(np.float64(1.5), 160, 130, 30, 5)",houghCircle,0.5895833333333333,47037169.145833336,36108005.5
"(np.float64(1.5), 160, 130, 30, 10)",houghCircle,0.6791666666666667,45915994.00208333,35038243.0
"(np.float64(1.5), 160, 130, 30, 15)",houghCircle,0.8083333333333333,43779778.4875,33942694.0
"(np.float64(1.5), 160, 130, 35, 5)",houghCircle,0.6791666666666667,42841317.93125,33578079.0
"(np.float64(1.5), 160, 130, 35, 10)",houghCircle,0.7104166666666667,42436158.702083334,33094511.5
"(np.float64(1.5), 160, 130, 35, 15)",houghCircle,0.7916666666666666,41310968.97708333,32432124.0
"(np.float64(1.5), 160, 130, 40, 5)",houghCircle,0.5958333333333333,43980184.89791667,35194862.0
"(np.float64(1.5), 160, 130, 40, 10)",houghCircle,0.6229166666666667,44486740.45625,34973522.0
"(np.float64(1.5), 160, 130, 40, 15)",houghCircle,0.6770833333333334,42911900.74791667,34178675.5
"(np.float64(1.5), 160, 130, 45, 5)",houghCircle,0.23333333333333334,46958248.225,35583145.5
"(np.float64(1.5), 160, 130, 45, 10)",houghCircle,0.25,44650760.59791667,35194126.5
"(np.float64(1.5), 160, 130, 45, 15)",houghCircle,0.2625,43637978.12083333,35219584.0
"(np.float64(1.5), 160, 140, 30, 5)",houghCircle,0.6041666666666666,45240158.985416666,34512347.5
"(np.float64(1.5), 160, 140, 30, 10)",houghCircle,0.6895833333333333,42932515.5625,33472470.5
"(np.float64(1.5), 160, 140, 30, 15)",houghCircle,0.8020833333333334,53233258.177083336,42208690.0
"(np.float64(1.5), 160, 140, 35, 5)",houghCircle,0.6770833333333334,46773703.552083336,34435151.0
"(np.float64(1.5), 160, 140, 35, 10)",houghCircle,0.7083333333333334,44641975.885416664,34502278.5
"(np.float64(1.5), 160, 140, 35, 15)",houghCircle,0.7875,43239509,33811261.5
"(np.float64(1.5), 160, 140, 40, 5)",houghCircle,0.6020833333333333,46760840.2125,35067062.5
"(np.float64(1.5), 160, 140, 40, 10)",houghCircle,0.625,47046378.37291667,34810411.5
"(np.float64(1.5), 160, 140, 40, 15)",houghCircle,0.6791666666666667,43026416.42916667,32216540.0
"(np.float64(1.5), 160, 140, 45, 5)",houghCircle,0.225,45138649.65833333,34179983.0
"(np.float64(1.5), 160, 140, 45, 10)",houghCircle,0.24375,43475878.766666666,33993272.0
"(np.float64(1.5), 160, 140, 45, 15)",houghCircle,0.2520833333333333,43637043.010416664,33284242.5
"(np.float64(1.5), 160, 150, 30, 5)",houghCircle,0.625,43459908.860416666,33716358.5
"(np.float64(1.5), 160, 150, 30, 10)",houghCircle,0.6958333333333333,44345993.891666666,33321493.0
"(np.float64(1.5), 160, 150, 30, 15)",houghCircle,0.8041666666666667,53268743.014583334,42085598.5
"(np.float64(1.5), 160, 150, 35, 5)",houghCircle,0.6791666666666667,44780172.6625,34923828.0
"(np.float64(1.5), 160, 150, 35, 10)",houghCircle,0.7083333333333334,45646029.78333333,34168506.5
"(np.float64(1.5), 160, 150, 35, 15)",houghCircle,0.7875,41074406.625,33452032.5
"(np.float64(1.5), 160, 150, 40, 5)",houghCircle,0.5979166666666667,43481314.56041667,33758137.0
"(np.float64(1.5), 160, 150, 40, 10)",houghCircle,0.6208333333333333,43171688.916666664,33328180.0
"(np.float64(1.5), 160, 150, 40, 15)",houghCircle,0.675,45148582.610416666,33617242.5
"(np.float64(1.5), 160, 150, 45, 5)",houghCircle,0.21875,43097238.49375,34281153.0
"(np.float64(1.5), 160, 150, 45, 10)",houghCircle,0.23541666666666666,42976982.02291667,33765776.5
"(np.float64(1.5), 160, 150, 45, 15)",houghCircle,0.24375,41372788.358333334,32100467.5
"(np.float64(1.5), 160, 160, 30, 5)",houghCircle,0.6270833333333333,53210395.425,42040670.0
"(np.float64(1.5), 160, 160, 30, 10)",houghCircle,0.6979166666666666,44500559.458333336,33602245.0
"(np.float64(1.5), 160, 160, 30, 15)",houghCircle,0.8083333333333333,42863685.4,32466529.0
"(np.float64(1.5), 160, 160, 35, 5)",houghCircle,0.68125,43200777.00416667,33213320.0
"(np.float64(1.5), 160, 160, 35, 10)",houghCircle,0.7125,44882673.49583333,33585639.0
"(np.float64(1.5), 160, 160, 35, 15)",houghCircle,0.79375,42385503.65416667,33310016.0
"(np.float64(1.5), 160, 160, 40, 5)",houghCircle,0.5979166666666667,41681511.81041667,33783880.5
"(np.float64(1.5), 160, 160, 40, 10)",houghCircle,0.625,46449674.71041667,33797936.5
"(np.float64(1.5), 160, 160, 40, 15)",houghCircle,0.6770833333333334,45617734.56458333,32638546.0
"(np.float64(1.5), 160, 160, 45, 5)",houghCircle,0.2125,43975378.49375,32610304.0
"(np.float64(1.5), 160, 160, 45, 10)",houghCircle,0.23125,45001997.90625,34446908.5
"(np.float64(1.5), 160, 160, 45, 15)",houghCircle,0.2375,50977503.86875,40872208.5
"(np.float64(1.5), 160, 170, 30, 5)",houghCircle,0.64375,43846454.047916666,33997491.0
"(np.float64(1.5), 160, 170, 30, 10)",houghCircle,0.7041666666666667,45405644.322916664,34268153.0
"(np.float64(1.5), 160, 170, 30, 15)",houghCircle,0.80625,41262256.27916667,31895502.5
"(np.float64(1.5), 160, 170, 35, 5)",houghCircle,0.68125,44859691.22291667,33958714.5
"(np.float64(1.5), 160, 170, 35, 10)",houghCircle,0.7104166666666667,42813832.1625,32227090.5
"(np.float64(1.5), 160, 170, 35, 15)",houghCircle,0.7895833333333333,41162936.27291667,32182671.0
"(np.float64(1.5), 160, 170, 40, 5)",houghCircle,0.5916666666666667,44640377.10625,34661531.5
"(np.float64(1.5), 160, 170, 40, 10)",houghCircle,0.6229166666666667,43001975.03333333,32498879.5
"(np.float64(1.5), 160, 170, 40, 15)",houghCircle,0.6729166666666667,39746406.53125,31545446.0
"(np.float64(1.5), 160, 170, 45, 5)",houghCircle,0.2125,51212616.74583333,41516837.0
"(np.float64(1.5), 160, 170, 45, 10)",houghCircle,0.23125,43388942.29375,32327041.5
"(np.float64(1.5), 160, 170, 45, 15)",houghCircle,0.2375,40747529.62916667,31589779.0
"(np.float64(1.5), 160, 180, 30, 5)",houghCircle,0.6458333333333334,43508160.06875,33277204.5
"(np.float64(1.5), 160, 180, 30, 10)",houghCircle,0.7083333333333334,42667158.5625,32487538.0
"(np.float64(1.5), 160, 180, 30, 15)",houghCircle,0.8020833333333334,43260736.84583333,32109512.5
"(np.float64(1.5), 160, 180, 35, 5)",houghCircle,0.6854166666666667,43995500.89791667,32873883.0
"(np.float64(1.5), 160, 180, 35, 10)",houghCircle,0.7083333333333334,41793789.30625,31580726.5
"(np.float64(1.5), 160, 180, 35, 15)",houghCircle,0.7875,40400805.53333333,31055642.0
"(np.float64(1.5), 160, 180, 40, 5)",houghCircle,0.59375,43377634.614583336,33006487.0
"(np.float64(1.5), 160, 180, 40, 10)",houghCircle,0.6270833333333333,42465463.077083334,33230657.5
"(np.float64(1.5), 160, 180, 40, 15)",houghCircle,0.6729166666666667,41321557,32520470.0
"(np.float64(1.5), 160, 180, 45, 5)",houghCircle,0.2125,42764501.46041667,32702892.0
"(np.float64(1.5), 160, 180, 45, 10)",houghCircle,0.23125,54416316.510416664,42259025.0
"(np.float64(1.5), 160, 180, 45, 15)",houghCircle,0.2375,39008836.75208333,31658382.5
"(np.float64(1.5), 160, 190, 30, 5)",houghCircle,0.6520833333333333,41381655.16041667,32649271.0
"(np.float64(1.5), 160, 190, 30, 10)",houghCircle,0.7,42873283.9875,32411679.5
"(np.float64(1.5), 160, 190, 30, 15)",houghCircle,0.79375,41613800.96875,32202974.5
"(np.float64(1.5), 160, 190, 35, 5)",houghCircle,0.675,44302317.333333336,32108928.5
"(np.float64(1.5), 160, 190, 35, 10)",houghCircle,0.7,47681749.177083336,33348974.0
"(np.float64(1.5), 160, 190, 35, 15)",houghCircle,0.7770833333333333,44010020.235416666,32123446.5
"(np.float64(1.5), 160, 190, 40, 5)",houghCircle,0.5854166666666667,41712944.8875,32490183.5
"(np.float64(1.5), 160, 190, 40, 10)",houghCircle,0.6229166666666667,38019120.21458333,31275750.0
"(np.float64(1.5), 160, 190, 40, 15)",houghCircle,0.6666666666666666,45147395.92916667,33498945.0
"(np.float64(1.5), 160, 190, 45, 5)",houghCircle,0.2125,44283883.98125,32545922.5
"(np.float64(1.5), 160, 190, 45, 10)",houghCircle,0.23125,40781916.708333336,32207102.0
"(np.float64(1.5), 160, 190, 45, 15)",houghCircle,0.2375,43152247.510416664,31942090.0
"(np.float64(1.5), 160, 200, 30, 5)",houghCircle,0.6520833333333333,51039880.45,40815672.5
"(np.float64(1.5), 160, 200, 30, 10)",houghCircle,0.69375,41556553.62708333,32271672.5
"(np.float64(1.5), 160, 200, 30, 15)",houghCircle,0.7875,41022627.10625,32549625.0
"(np.float64(1.5), 160, 200, 35, 5)",houghCircle,0.6729166666666667,44577968.27291667,34170040.5
"(np.float64(1.5), 160, 200, 35, 10)",houghCircle,0.7020833333333333,42155947.04375,32199973.0
"(np.float64(1.5), 160, 200, 35, 15)",houghCircle,0.775,41340181.19583333,32324768.5
"(np.float64(1.5), 160, 200, 40, 5)",houghCircle,0.5854166666666667,41781110.93125,32419215.0
"(np.float64(1.5), 160, 200, 40, 10)",houghCircle,0.6229166666666667,40295213.575,31039761.5
"(np.float64(1.5), 160, 200, 40, 15)",houghCircle,0.6666666666666666,43691876.21666667,32962674.5
"(np.float64(1.5), 160, 200, 45, 5)",houghCircle,0.2125,42263546.1375,33143232.5
"(np.float64(1.5), 160, 200, 45, 10)",houghCircle,0.23125,39467385.78125,30855141.0
"(np.float64(1.5), 160, 200, 45, 15)",houghCircle,0.2375,52540713,39398772.0
"(np.float64(1.5), 160, 210, 30, 5)",houghCircle,0.65,47322883.97708333,36528469.0
"(np.float64(1.5), 160, 210, 30, 10)",houghCircle,0.6916666666666667,40545797.13125,31870611.5
"(np.float64(1.5), 160, 210, 30, 15)",houghCircle,0.7833333333333333,44535787.32083333,32480414.5
"(np.float64(1.5), 160, 210, 35, 5)",houghCircle,0.675,43386546.77291667,32412783.0
"(np.float64(1.5), 160, 210, 35, 10)",houghCircle,0.70625,42708698.858333334,31544759.5
"(np.float64(1.5), 160, 210, 35, 15)",houghCircle,0.775,40973839.50833333,30863977.0
"(np.float64(1.5), 160, 210, 40, 5)",houghCircle,0.5895833333333333,44572779.795833334,32861695.0
"(np.float64(1.5), 160, 210, 40, 10)",houghCircle,0.6229166666666667,41172368.12083333,31199827.5
"(np.float64(1.5), 160, 210, 40, 15)",houghCircle,0.6666666666666666,44493011.2,32319067.5
"(np.float64(1.5), 160, 210, 45, 5)",houghCircle,0.2125,52961609.37083333,40456754.0
"(np.float64(1.5), 160, 210, 45, 10)",houghCircle,0.23125,43779363.90208333,33829816.5
"(np.float64(1.5), 160, 210, 45, 15)",houghCircle,0.2375,41705004.00625,31768484.5
"(np.float64(1.5), 160, 220, 30, 5)",houghCircle,0.6583333333333333,42235273.61875,31644020.5
"(np.float64(1.5), 160, 220, 30, 10)",houghCircle,0.6875,42099250.84375,32088764.5
"(np.float64(1.5), 160, 220, 30, 15)",houghCircle,0.78125,39726328.79375,30653197.0
"(np.float64(1.5), 160, 220, 35, 5)",houghCircle,0.6708333333333333,42597057.03541667,32116968.5
"(np.float64(1.5), 160, 220, 35, 10)",houghCircle,0.7,40989263.766666666,31414179.5
"(np.float64(1.5), 160, 220, 35, 15)",houghCircle,0.7708333333333334,42259057.96666667,31423678.5
"(np.float64(1.5), 160, 220, 40, 5)",houghCircle,0.5895833333333333,39490811.725,30450291.5
"(np.float64(1.5), 160, 220, 40, 10)",houghCircle,0.6229166666666667,44850405.27708333,34218836.5
"(np.float64(1.5), 160, 220, 40, 15)",houghCircle,0.6666666666666666,40747493.88125,30527610.5
"(np.float64(1.5), 160, 220, 45, 5)",houghCircle,0.2125,49701833.99583333,37443465.0
"(np.float64(1.5), 160, 220, 45, 10)",houghCircle,0.23125,42430974.05,30933023.0
"(np.float64(1.5), 160, 220, 45, 15)",houghCircle,0.2375,46323307.045833334,31422190.0
"(np.float64(1.5), 160, 230, 30, 5)",houghCircle,0.6583333333333333,42197702.74375,32325202.0
"(np.float64(1.5), 160, 230, 30, 10)",houghCircle,0.6854166666666667,40116980.05625,31697892.0
"(np.float64(1.5), 160, 230, 30, 15)",houghCircle,0.7791666666666667,41552802.458333336,31070286.0
"(np.float64(1.5), 160, 230, 35, 5)",houghCircle,0.675,43221741.3125,33274776.0
"(np.float64(1.5), 160, 230, 35, 10)",houghCircle,0.7020833333333333,40786793.86875,30781157.5
"(np.float64(1.5), 160, 230, 35, 15)",houghCircle,0.7708333333333334,43922686.27291667,31025996.0
"(np.float64(1.5), 160, 230, 40, 5)",houghCircle,0.5895833333333333,46890488.608333334,35268846.0
"(np.float64(1.5), 160, 230, 40, 10)",houghCircle,0.6229166666666667,42352770.27708333,31480819.5
"(np.float64(1.5), 160, 230, 40, 15)",houghCircle,0.6666666666666666,41331303.96666667,31323880.0
"(np.float64(1.5), 160, 230, 45, 5)",houghCircle,0.2125,41207106.78958333,32275289.5
"(np.float64(1.5), 160, 230, 45, 10)",houghCircle,0.23125,50607073.47291667,39174818.5
"(np.float64(1.5), 160, 230, 45, 15)",houghCircle,0.2375,41646566.5875,30873641.5
"(np.float64(1.5), 160, 240, 30, 5)",houghCircle,0.6583333333333333,40009614.90625,30833588.5
"(np.float64(1.5), 160, 240, 30, 10)",houghCircle,0.6875,40622382.11666667,31724061.0
"(np.float64(1.5), 160, 240, 30, 15)",houghCircle,0.7791666666666667,40237241.93125,30902114.0
"(np.float64(1.5), 160, 240, 35, 5)",houghCircle,0.6791666666666667,40680318.52708333,31409430.5
"(np.float64(1.5), 160, 240, 35, 10)",houghCircle,0.70625,43526556.3375,30944814.0
"(np.float64(1.5), 160, 240, 35, 15)",houghCircle,0.7708333333333334,42205611.645833336,32036878.5
"(np.float64(1.5), 160, 240, 40, 5)",houghCircle,0.5916666666666667,44694829.31875,33743089.5
"(np.float64(1.5), 160, 240, 40, 10)",houghCircle,0.6270833333333333,40373095.38125,31379793.5
"(np.float64(1.5), 160, 240, 40, 15)",houghCircle,0.66875,41150044.577083334,30323357.5
"(np.float64(1.5), 160, 240, 45, 5)",houghCircle,0.2125,42323619.45,32762523.5
"(np.float64(1.5), 160, 240, 45, 10)",houghCircle,0.23125,39328826.520833336,31713430.0
"(np.float64(1.5), 160, 240, 45, 15)",houghCircle,0.2375,45100708.74375,31953527.5
"(np.float64(1.5), 160, 250, 30, 5)",houghCircle,0.6625,52565705.71875,39197666.5
"(np.float64(1.5), 160, 250, 30, 10)",houghCircle,0.6958333333333333,41018866.35625,31211544.5
"(np.float64(1.5), 160, 250, 30, 15)",houghCircle,0.7791666666666667,41496887.05833333,31734776.0
"(np.float64(1.5), 160, 250, 35, 5)",houghCircle,0.68125,43221493.639583334,31806491.0
"(np.float64(1.5), 160, 250, 35, 10)",houghCircle,0.70625,40661629.43125,31767031.5
"(np.float64(1.5), 160, 250, 35, 15)",houghCircle,0.7708333333333334,41214648.0625,30317252.5
"(np.float64(1.5), 160, 250, 40, 5)",houghCircle,0.5916666666666667,41314788.58541667,32115987.5
"(np.float64(1.5), 160, 250, 40, 10)",houghCircle,0.6270833333333333,41344879.36875,31138867.5
"(np.float64(1.5), 160, 250, 40, 15)",houghCircle,0.66875,41130726.40208333,31298081.5
"(np.float64(1.5), 160, 250, 45, 5)",houghCircle,0.2125,40028831.62708333,31107414.5
"(np.float64(1.5), 160, 250, 45, 10)",houghCircle,0.23125,49263965.83958333,38272080.0
"(np.float64(1.5), 160, 250, 45, 15)",houghCircle,0.2375,40908242.4875,31308927.5
"(np.float64(1.5), 160, 260, 30, 5)",houghCircle,0.66875,44145616.45625,32646150.0
"(np.float64(1.5), 160, 260, 30, 10)",houghCircle,0.7,43823702.88333333,32097562.0
"(np.float64(1.5), 160, 260, 30, 15)",houghCircle,0.7833333333333333,39421799.94583333,31006690.0
"(np.float64(1.5), 160, 260, 35, 5)",houghCircle,0.68125,40386274.15833333,30858687.5
"(np.float64(1.5), 160, 260, 35, 10)",houghCircle,0.7083333333333334,41942749.01875,31837995.0
"(np.float64(1.5), 160, 260, 35, 15)",houghCircle,0.7708333333333334,40119943.71458333,30192923.0
"(np.float64(1.5), 160, 260, 40, 5)",houghCircle,0.5916666666666667,38712196.139583334,31103396.0
"(np.float64(1.5), 160, 260, 40, 10)",houghCircle,0.625,42515192.34166667,32009856.5
"(np.float64(1.5), 160, 260, 40, 15)",houghCircle,0.6666666666666666,51695600.7375,39092124.5
"(np.float64(1.5), 160, 260, 45, 5)",houghCircle,0.2125,40845061.34375,31103176.0
"(np.float64(1.5), 160, 260, 45, 10)",houghCircle,0.23125,39753849.604166664,30172004.0
"(np.float64(1.5), 160, 260, 45, 15)",houghCircle,0.2375,39280546.24375,30514300.5
"(np.float64(1.5), 160, 270, 30, 5)",houghCircle,0.6770833333333334,41784091.84375,32370438.5
"(np.float64(1.5), 160, 270, 30, 10)",houghCircle,0.7020833333333333,46473136.17916667,35481130.0
"(np.float64(1.5), 160, 270, 30, 15)",houghCircle,0.7833333333333333,41768770.65208333,31149024.0
"(np.float64(1.5), 160, 270, 35, 5)",houghCircle,0.68125,40928889.391666666,32395780.5
"(np.float64(1.5), 160, 270, 35, 10)",houghCircle,0.7125,41351244.83541667,31673711.5
"(np.float64(1.5), 160, 270, 35, 15)",houghCircle,0.775,41800025.12291667,31289215.5
"(np.float64(1.5), 160, 270, 40, 5)",houghCircle,0.5916666666666667,39459164.44166667,30922292.0
"(np.float64(1.5), 160, 270, 40, 10)",houghCircle,0.6270833333333333,52018174.22708333,40327075.5
"(np.float64(1.5), 160, 270, 40, 15)",houghCircle,0.6666666666666666,41512246.764583334,31045433.0
"(np.float64(1.5), 160, 270, 45, 5)",houghCircle,0.2125,43773052.25208333,31728870.0
"(np.float64(1.5), 160, 270, 45, 10)",houghCircle,0.23125,41903045.733333334,31594312.0
"(np.float64(1.5), 160, 270, 45, 15)",houghCircle,0.2375,41698527.64375,30335731.5
"(np.float64(1.5), 160, 280, 30, 5)",houghCircle,0.68125,40627347.93333333,31431878.0
"(np.float64(1.5), 160, 280, 30, 10)",houghCircle,0.7020833333333333,40458946.3625,31455967.5
"(np.float64(1.5), 160, 280, 30, 15)",houghCircle,0.7854166666666667,45085088.96666667,33794400.5
"(np.float64(1.5), 160, 280, 35, 5)",houghCircle,0.68125,42261096.454166666,31733353.0
"(np.float64(1.5), 160, 280, 35, 10)",houghCircle,0.7145833333333333,42173177.28958333,31207071.0
"(np.float64(1.5), 160, 280, 35, 15)",houghCircle,0.775,41193652.75833333,30722667.5
"(np.float64(1.5), 160, 280, 40, 5)",houghCircle,0.5916666666666667,43840597.233333334,32023321.5
"(np.float64(1.5), 160, 280, 40, 10)",houghCircle,0.6291666666666667,40451167.94583333,30501888.5
"(np.float64(1.5), 160, 280, 40, 15)",houghCircle,0.6666666666666666,43032146.19375,30898376.0
"(np.float64(1.5), 160, 280, 45, 5)",houghCircle,0.2125,40162710.475,31000017.0
"(np.float64(1.5), 160, 280, 45, 10)",houghCircle,0.23125,41631998.66875,31407873.5
"(np.float64(1.5), 160, 280, 45, 15)",houghCircle,0.2375,53170656.84583333,40085759.0
"(np.float64(1.5), 160, 290, 30, 5)",houghCircle,0.68125,42717927.454166666,31491119.0
"(np.float64(1.5), 160, 290, 30, 10)",houghCircle,0.7104166666666667,42125157.641666666,31339083.0
"(np.float64(1.5), 160, 290, 30, 15)",houghCircle,0.7875,42330442.22291667,30820605.5
"(np.float64(1.5), 160, 290, 35, 5)",houghCircle,0.6854166666666667,42511381.670833334,31587690.0
"(np.float64(1.5), 160, 290, 35, 10)",houghCircle,0.7166666666666667,39883496.979166664,30695781.5
"(np.float64(1.5), 160, 290, 35, 15)",houghCircle,0.7791666666666667,40085682.65208333,30624298.0
"(np.float64(1.5), 160, 290, 40, 5)",houghCircle,0.5916666666666667,41942653.391666666,30773713.0
"(np.float64(1.5), 160, 290, 40, 10)",houghCircle,0.6291666666666667,38772911.99375,29870799.0
"(np.float64(1.5), 160, 290, 40, 15)",houghCircle,0.6666666666666666,45469034.7125,32671398.5
"(np.float64(1.5), 160, 290, 45, 5)",houghCircle,0.21458333333333332,40270100.375,31355472.5
"(np.float64(1.5), 160, 290, 45, 10)",houghCircle,0.23125,40110466.55416667,31086019.5
"(np.float64(1.5), 160, 290, 45, 15)",houghCircle,0.2375,47931694.670833334,37055668.0
"(np.float64(1.5), 170, 100, 30, 5)",houghCircle,0.50625,45538389.61875,37215939.0
"(np.float64(1.5), 170, 100, 30, 10)",houghCircle,0.6416666666666667,47830772.02708333,37668378.0
"(np.float64(1.5), 170, 100, 30, 15)",houghCircle,0.7916666666666666,44627918.06458333,35621673.0
"(np.float64(1.5), 170, 100, 35, 5)",houghCircle,0.6833333333333333,46745670.235416666,37243575.0
"(np.float64(1.5), 170, 100, 35, 10)",houghCircle,0.7166666666666667,44005909.447916664,36191797.5
"(np.float64(1.5), 170, 100, 35, 15)",houghCircle,0.8,46798335.58125,36952649.5
"(np.float64(1.5), 170, 100, 40, 5)",houghCircle,0.6229166666666667,45251337.41458333,36472989.0
"(np.float64(1.5), 170, 100, 40, 10)",houghCircle,0.66875,45430830.59375,37117264.0
"(np.float64(1.5), 170, 100, 40, 15)",houghCircle,0.7208333333333333,44481446.74375,35627129.0
"(np.float64(1.5), 170, 100, 45, 5)",houghCircle,0.36041666666666666,52722954.61875,43183580.0
"(np.float64(1.5), 170, 100, 45, 10)",houghCircle,0.38125,45414900.78541667,37215217.0
"(np.float64(1.5), 170, 100, 45, 15)",houghCircle,0.3958333333333333,46970500.172916666,35502233.5
"(np.float64(1.5), 170, 110, 30, 5)",houghCircle,0.5395833333333333,44843701.88125,36665952.0
"(np.float64(1.5), 170, 110, 30, 10)",houghCircle,0.65625,45834817.68541667,36210247.0
"(np.float64(1.5), 170, 110, 30, 15)",houghCircle,0.7958333333333333,45075782.572916664,35497209.0
"(np.float64(1.5), 170, 110, 35, 5)",houghCircle,0.68125,45964675.01875,35292554.0
"(np.float64(1.5), 170, 110, 35, 10)",houghCircle,0.71875,46584651.77291667,36158846.0
"(np.float64(1.5), 170, 110, 35, 15)",houghCircle,0.8,45378522.30416667,36126490.0
"(np.float64(1.5), 170, 110, 40, 5)",houghCircle,0.5958333333333333,45242628.16875,36467937.5
"(np.float64(1.5), 170, 110, 40, 10)",houghCircle,0.6333333333333333,52129941.00208333,42848221.0
"(np.float64(1.5), 170, 110, 40, 15)",houghCircle,0.6854166666666667,43578731.17916667,35080526.0
"(np.float64(1.5), 170, 110, 45, 5)",houghCircle,0.29791666666666666,44955348.51875,36104719.0
"(np.float64(1.5), 170, 110, 45, 10)",houghCircle,0.31875,47081226.50208333,36694776.0
"(np.float64(1.5), 170, 110, 45, 15)",houghCircle,0.33541666666666664,43214830.88333333,34534964.0
"(np.float64(1.5), 170, 120, 30, 5)",houghCircle,0.575,44117856.610416666,36069763.5
"(np.float64(1.5), 170, 120, 30, 10)",houghCircle,0.6770833333333334,43305520.666666664,35826753.0
"(np.float64(1.5), 170, 120, 30, 15)",houghCircle,0.8,45764357.74375,36142235.0
"(np.float64(1.5), 170, 120, 35, 5)",houghCircle,0.6833333333333333,46770352.572916664,36765689.5
"(np.float64(1.5), 170, 120, 35, 10)",houghCircle,0.7166666666666667,42328285.09583333,35198548.5
"(np.float64(1.5), 170, 120, 35, 15)",houghCircle,0.79375,51239816.391666666,41904789.5
"(np.float64(1.5), 170, 120, 40, 5)",houghCircle,0.6020833333333333,46760706.65416667,36245913.5
"(np.float64(1.5), 170, 120, 40, 10)",houghCircle,0.63125,44902392.58541667,34255926.5
"(np.float64(1.5), 170, 120, 40, 15)",houghCircle,0.6833333333333333,43453190.53333333,33468274.0
"(np.float64(1.5), 170, 120, 45, 5)",houghCircle,0.26875,47019274.43333333,36402247.0
"(np.float64(1.5), 170, 120, 45, 10)",houghCircle,0.2875,43073084.8,34188254.0
"(np.float64(1.5), 170, 120, 45, 15)",houghCircle,0.30416666666666664,45280125.77708333,34493495.0
"(np.float64(1.5), 170, 130, 30, 5)",houghCircle,0.59375,43709441.19166667,35130782.0
"(np.float64(1.5), 170, 130, 30, 10)",houghCircle,0.6854166666666667,46004462.18125,35141191.5
"(np.float64(1.5), 170, 130, 30, 15)",houghCircle,0.8083333333333333,43364024.41041667,34461530.5
"(np.float64(1.5), 170, 130, 35, 5)",houghCircle,0.68125,43790175.60625,35450918.0
"(np.float64(1.5), 170, 130, 35, 10)",houghCircle,0.7125,56679909.708333336,44291898.5
"(np.float64(1.5), 170, 130, 35, 15)",houghCircle,0.7916666666666666,44857043.63125,34189300.0
"(np.float64(1.5), 170, 130, 40, 5)",houghCircle,0.5958333333333333,44109241.22708333,34439334.5
"(np.float64(1.5), 170, 130, 40, 10)",houghCircle,0.625,42290135.385416664,34313083.5
"(np.float64(1.5), 170, 130, 40, 15)",houghCircle,0.6770833333333334,43245229.77916667,34488667.5
"(np.float64(1.5), 170, 130, 45, 5)",houghCircle,0.23333333333333334,46251793.86666667,36297996.5
"(np.float64(1.5), 170, 130, 45, 10)",houghCircle,0.25,45601511.30416667,35063720.5
"(np.float64(1.5), 170, 130, 45, 15)",houghCircle,0.2625,43908827.204166666,35278203.0
"(np.float64(1.5), 170, 140, 30, 5)",houghCircle,0.6083333333333333,43906560.87708333,36174655.5
"(np.float64(1.5), 170, 140, 30, 10)",houghCircle,0.6958333333333333,43736902.85208333,34783626.0
"(np.float64(1.5), 170, 140, 30, 15)",houghCircle,0.8020833333333334,43976330.03333333,32736889.0
"(np.float64(1.5), 170, 140, 35, 5)",houghCircle,0.6791666666666667,45933138.91875,34905584.0
"(np.float64(1.5), 170, 140, 35, 10)",houghCircle,0.7104166666666667,42019301.697916664,33775053.0
"(np.float64(1.5), 170, 140, 35, 15)",houghCircle,0.7875,44564761.62291667,34381685.5
"(np.float64(1.5), 170, 140, 40, 5)",houghCircle,0.6020833333333333,55286489.05,42475281.0
"(np.float64(1.5), 170, 140, 40, 10)",houghCircle,0.6270833333333333,44559011.827083334,34308195.5
"(np.float64(1.5), 170, 140, 40, 15)",houghCircle,0.6791666666666667,40523976.71458333,32903204.0
"(np.float64(1.5), 170, 140, 45, 5)",houghCircle,0.225,42950473.65,33586149.0
"(np.float64(1.5), 170, 140, 45, 10)",houghCircle,0.24375,43939169.6375,35434342.0
"(np.float64(1.5), 170, 140, 45, 15)",houghCircle,0.2520833333333333,44364168.62083333,33816797.0
"(np.float64(1.5), 170, 150, 30, 5)",houghCircle,0.6291666666666667,40789371.1375,32503171.5
"(np.float64(1.5), 170, 150, 30, 10)",houghCircle,0.7020833333333333,43672417.06875,34117542.0
"(np.float64(1.5), 170, 150, 30, 15)",houghCircle,0.8041666666666667,44094055.989583336,32846391.0
"(np.float64(1.5), 170, 150, 35, 5)",houghCircle,0.68125,42734550.46458333,33609993.5
"(np.float64(1.5), 170, 150, 35, 10)",houghCircle,0.7104166666666667,42024112.02916667,34133896.5
"(np.float64(1.5), 170, 150, 35, 15)",houghCircle,0.7875,47907635.39791667,34783380.5
"(np.float64(1.5), 170, 150, 40, 5)",houghCircle,0.5979166666666667,43433074.94375,33526961.0
"(np.float64(1.5), 170, 150, 40, 10)",houghCircle,0.6229166666666667,41574992.69166667,33084712.5
"(np.float64(1.5), 170, 150, 40, 15)",houghCircle,0.675,50445808.485416666,40377300.5
"(np.float64(1.5), 170, 150, 45, 5)",houghCircle,0.21875,45917332.62083333,34583345.0
"(np.float64(1.5), 170, 150, 45, 10)",houghCircle,0.23541666666666666,45342569.458333336,33796323.5
"(np.float64(1.5), 170, 150, 45, 15)",houghCircle,0.24375,44677896.13333333,33488986.5
"(np.float64(1.5), 170, 160, 30, 5)",houghCircle,0.63125,43015971.3375,32197148.0
"(np.float64(1.5), 170, 160, 30, 10)",houghCircle,0.7041666666666667,40402674.139583334,31530502.5
"(np.float64(1.5), 170, 160, 30, 15)",houghCircle,0.8083333333333333,44235442.41875,32932488.0
"(np.float64(1.5), 170, 160, 35, 5)",houghCircle,0.6833333333333333,47178427.91875,37424270.0
"(np.float64(1.5), 170, 160, 35, 10)",houghCircle,0.7145833333333333,43795984.770833336,32959628.5
"(np.float64(1.5), 170, 160, 35, 15)",houghCircle,0.79375,41702756.454166666,32746905.0
"(np.float64(1.5), 170, 160, 40, 5)",houghCircle,0.5979166666666667,52464953.24375,39901332.5
"(np.float64(1.5), 170, 160, 40, 10)",houghCircle,0.6270833333333333,44365440.302083336,32933880.5
"(np.float64(1.5), 170, 160, 40, 15)",houghCircle,0.6770833333333334,42996309.291666664,33837826.0
"(np.float64(1.5), 170, 160, 45, 5)",houghCircle,0.2125,43318383.15416667,33469498.0
"(np.float64(1.5), 170, 160, 45, 10)",houghCircle,0.23125,45484839.58958333,33729132.5
"(np.float64(1.5), 170, 160, 45, 15)",houghCircle,0.2375,40505944.391666666,30772711.0
"(np.float64(1.5), 170, 170, 30, 5)",houghCircle,0.6479166666666667,42551924.65625,32575672.5
"(np.float64(1.5), 170, 170, 30, 10)",houghCircle,0.7083333333333334,44030869.775,32966457.0
"(np.float64(1.5), 170, 170, 30, 15)",houghCircle,0.80625,43457827.925,33001542.5
"(np.float64(1.5), 170, 170, 35, 5)",houghCircle,0.68125,42613623.85,33102562.0
"(np.float64(1.5), 170, 170, 35, 10)",houghCircle,0.7125,50325518.072916664,40213057.0
"(np.float64(1.5), 170, 170, 35, 15)",houghCircle,0.7895833333333333,40735120.84583333,31459989.0
"(np.float64(1.5), 170, 170, 40, 5)",houghCircle,0.5916666666666667,42090319.76875,32256369.5
"(np.float64(1.5), 170, 170, 40, 10)",houghCircle,0.625,42997425.28958333,33372268.0
"(np.float64(1.5), 170, 170, 40, 15)",houghCircle,0.6729166666666667,41459541.50625,31701142.5
"(np.float64(1.5), 170, 170, 45, 5)",houghCircle,0.2125,44211546.37708333,33207509.0
"(np.float64(1.5), 170, 170, 45, 10)",houghCircle,0.23125,44986754.3375,34781120.5
"(np.float64(1.5), 170, 170, 45, 15)",houghCircle,0.2375,46405271.11666667,33094462.0
"(np.float64(1.5), 170, 180, 30, 5)",houghCircle,0.65,42583466.895833336,33349209.5
"(np.float64(1.5), 170, 180, 30, 10)",houghCircle,0.7125,51118254.7375,38338959.5
"(np.float64(1.5), 170, 180, 30, 15)",houghCircle,0.8020833333333334,53186540.40416667,41183337.0
"(np.float64(1.5), 170, 180, 35, 5)",houghCircle,0.6875,46218216.68333333,33725766.0
"(np.float64(1.5), 170, 180, 35, 10)",houghCircle,0.7104166666666667,42057767.21458333,32278264.5
"(np.float64(1.5), 170, 180, 35, 15)",houghCircle,0.7875,41039205.18958333,31398644.5
"(np.float64(1.5), 170, 180, 40, 5)",houghCircle,0.59375,43662394.985416666,33244844.5
"(np.float64(1.5), 170, 180, 40, 10)",houghCircle,0.6270833333333333,42240194.735416666,33506504.5
"(np.float64(1.5), 170, 180, 40, 15)",houghCircle,0.6729166666666667,43513237.922916666,32813159.0
"(np.float64(1.5), 170, 180, 45, 5)",houghCircle,0.2125,43215867.666666664,32825896.5
"(np.float64(1.5), 170, 180, 45, 10)",houghCircle,0.23125,40213914.6,30951005.0
"(np.float64(1.5), 170, 180, 45, 15)",houghCircle,0.2375,45746030.025,35714222.0
"(np.float64(1.5), 170, 190, 30, 5)",houghCircle,0.6541666666666667,47227429.604166664,33442159.5
"(np.float64(1.5), 170, 190, 30, 10)",houghCircle,0.7041666666666667,42471845.21666667,31803921.0
"(np.float64(1.5), 170, 190, 30, 15)",houghCircle,0.79375,45043731.49166667,32974292.0
"(np.float64(1.5), 170, 190, 35, 5)",houghCircle,0.675,42054184.49375,31982434.0
"(np.float64(1.5), 170, 190, 35, 10)",houghCircle,0.7020833333333333,50389160.70625,40101361.5
"(np.float64(1.5), 170, 190, 35, 15)",houghCircle,0.7770833333333333,37779093.96458333,31142661.0
"(np.float64(1.5), 170, 190, 40, 5)",houghCircle,0.5854166666666667,40538727.77916667,32802639.5
"(np.float64(1.5), 170, 190, 40, 10)",houghCircle,0.6229166666666667,43180980.14791667,32695830.0
"(np.float64(1.5), 170, 190, 40, 15)",houghCircle,0.6666666666666666,42733190.608333334,32279126.5
"(np.float64(1.5), 170, 190, 45, 5)",houghCircle,0.2125,45884319.2875,33668804.5
"(np.float64(1.5), 170, 190, 45, 10)",houghCircle,0.23125,43583255.56041667,32687234.5
"(np.float64(1.5), 170, 190, 45, 15)",houghCircle,0.2375,42185182.40625,31847211.5
"(np.float64(1.5), 170, 200, 30, 5)",houghCircle,0.6520833333333333,42907229.31875,32727038.0
"(np.float64(1.5), 170, 200, 30, 10)",houghCircle,0.6979166666666666,45255386.28958333,32406912.5
"(np.float64(1.5), 170, 200, 30, 15)",houghCircle,0.7875,39712204.833333336,31146807.5
"(np.float64(1.5), 170, 200, 35, 5)",houghCircle,0.6729166666666667,40868756.916666664,31991994.5
"(np.float64(1.5), 170, 200, 35, 10)",houghCircle,0.7041666666666667,51531333.40625,40640593.5
"(np.float64(1.5), 170, 200, 35, 15)",houghCircle,0.775,40612733.87708333,31110109.5
"(np.float64(1.5), 170, 200, 40, 5)",houghCircle,0.5854166666666667,42564968.54375,32659401.0
"(np.float64(1.5), 170, 200, 40, 10)",houghCircle,0.6229166666666667,42711198.94375,33295755.0
"(np.float64(1.5), 170, 200, 40, 15)",houghCircle,0.6666666666666666,42158457.75416667,30824899.0
"(np.float64(1.5), 170, 200, 45, 5)",houghCircle,0.2125,43272053.072916664,32310431.0
"(np.float64(1.5), 170, 200, 45, 10)",houghCircle,0.23125,40515430.75208333,31497125.0
"(np.float64(1.5), 170, 200, 45, 15)",houghCircle,0.2375,41574778.266666666,31421578.0
"(np.float64(1.5), 170, 210, 30, 5)",houghCircle,0.6520833333333333,42551386.735416666,33241126.5
"(np.float64(1.5), 170, 210, 30, 10)",houghCircle,0.6958333333333333,43674284.891666666,32379360.0
"(np.float64(1.5), 170, 210, 30, 15)",houghCircle,0.7833333333333333,38237385.375,31495060.0
"(np.float64(1.5), 170, 210, 35, 5)",houghCircle,0.675,40975324.02291667,32357745.5
"(np.float64(1.5), 170, 210, 35, 10)",houghCircle,0.70625,49945853.141666666,39684439.5
"(np.float64(1.5), 170, 210, 35, 15)",houghCircle,0.775,42606908.78958333,31767918.5
"(np.float64(1.5), 170, 210, 40, 5)",houghCircle,0.5895833333333333,40841179.045833334,31494556.0
"(np.float64(1.5), 170, 210, 40, 10)",houghCircle,0.6229166666666667,45838313.8625,32987430.5
"(np.float64(1.5), 170, 210, 40, 15)",houghCircle,0.6666666666666666,39088898.516666666,30524269.5
"(np.float64(1.5), 170, 210, 45, 5)",houghCircle,0.2125,43953352.427083336,32260757.0
"(np.float64(1.5), 170, 210, 45, 10)",houghCircle,0.23125,41084153.64791667,31193611.0
"(np.float64(1.5), 170, 210, 45, 15)",houghCircle,0.2375,39617362.145833336,30733733.0
"(np.float64(1.5), 170, 220, 30, 5)",houghCircle,0.6583333333333333,42766237.489583336,32408074.0
"(np.float64(1.5), 170, 220, 30, 10)",houghCircle,0.6895833333333333,43836198.03958333,32242428.0
"(np.float64(1.5), 170, 220, 30, 15)",houghCircle,0.78125,44470803.5,32532828.0
"(np.float64(1.5), 170, 220, 35, 5)",houghCircle,0.6708333333333333,51328515.25,39619118.0
"(np.float64(1.5), 170, 220, 35, 10)",houghCircle,0.7020833333333333,40472870.84375,32002082.5
"(np.float64(1.5), 170, 220, 35, 15)",houghCircle,0.7708333333333334,37664335.74375,30192297.0
"(np.float64(1.5), 170, 220, 40, 5)",houghCircle,0.5895833333333333,41648462.541666664,32121486.0
"(np.float64(1.5), 170, 220, 40, 10)",houghCircle,0.6229166666666667,40843727.40833333,31524169.5
"(np.float64(1.5), 170, 220, 40, 15)",houghCircle,0.6666666666666666,43191969.266666666,31657491.5
"(np.float64(1.5), 170, 220, 45, 5)",houghCircle,0.2125,42722407.8,32180076.5
"(np.float64(1.5), 170, 220, 45, 10)",houghCircle,0.23125,40994196.99166667,32023067.5
"(np.float64(1.5), 170, 220, 45, 15)",houghCircle,0.2375,40414562.91041667,30356737.5
"(np.float64(1.5), 170, 230, 30, 5)",houghCircle,0.6583333333333333,43616374.21458333,32383608.0
"(np.float64(1.5), 170, 230, 30, 10)",houghCircle,0.6875,51647912.40625,39397661.5
"(np.float64(1.5), 170, 230, 30, 15)",houghCircle,0.7791666666666667,40311064.78125,30421311.5
"(np.float64(1.5), 170, 230, 35, 5)",houghCircle,0.675,42081306.172916666,32153762.0
"(np.float64(1.5), 170, 230, 35, 10)",houghCircle,0.7041666666666667,40126822.41458333,31090181.5
"(np.float64(1.5), 170, 230, 35, 15)",houghCircle,0.7708333333333334,41876496.37916667,31223021.5
"(np.float64(1.5), 170, 230, 40, 5)",houghCircle,0.5895833333333333,42572140.75416667,31753951.5
"(np.float64(1.5), 170, 230, 40, 10)",houghCircle,0.6229166666666667,39253565.57083333,31377751.5
"(np.float64(1.5), 170, 230, 40, 15)",houghCircle,0.6666666666666666,43140649.49791667,32091319.5
"(np.float64(1.5), 170, 230, 45, 5)",houghCircle,0.2125,39842204.66458333,31025961.0
"(np.float64(1.5), 170, 230, 45, 10)",houghCircle,0.23125,45719271,36207952.5
"(np.float64(1.5), 170, 230, 45, 15)",houghCircle,0.2375,41778102.764583334,30392963.5
"(np.float64(1.5), 170, 240, 30, 5)",houghCircle,0.6604166666666667,42640766.510416664,32687584.0
"(np.float64(1.5), 170, 240, 30, 10)",houghCircle,0.6895833333333333,38913114.083333336,30299789.5
"(np.float64(1.5), 170, 240, 30, 15)",houghCircle,0.7791666666666667,49552497.520833336,39550885.0
"(np.float64(1.5), 170, 240, 35, 5)",houghCircle,0.6791666666666667,41718390.05416667,32037358.5
"(np.float64(1.5), 170, 240, 35, 10)",houghCircle,0.7083333333333334,44038603.854166664,31851790.0
"(np.float64(1.5), 170, 240, 35, 15)",houghCircle,0.7708333333333334,40585632.5125,30460876.0
"(np.float64(1.5), 170, 240, 40, 5)",houghCircle,0.5916666666666667,42148589.58541667,32714809.0
"(np.float64(1.5), 170, 240, 40, 10)",houghCircle,0.6270833333333333,39473544.27291667,31527623.0
"(np.float64(1.5), 170, 240, 40, 15)",houghCircle,0.66875,48034446.545833334,35240488.0
"(np.float64(1.5), 170, 240, 45, 5)",houghCircle,0.2125,43508176.53541667,31443199.0
"(np.float64(1.5), 170, 240, 45, 10)",houghCircle,0.23125,44086651.010416664,31408068.5
"(np.float64(1.5), 170, 240, 45, 15)",houghCircle,0.2375,39368966.5625,29739513.0
"(np.float64(1.5), 170, 250, 30, 5)",houghCircle,0.6645833333333333,41024178.391666666,31070579.5
"(np.float64(1.5), 170, 250, 30, 10)",houghCircle,0.6979166666666666,39996839.572916664,30331794.0
"(np.float64(1.5), 170, 250, 30, 15)",houghCircle,0.7791666666666667,41611050.833333336,30800832.5
"(np.float64(1.5), 170, 250, 35, 5)",houghCircle,0.68125,41904284.52916667,32572238.0
"(np.float64(1.5), 170, 250, 35, 10)",houghCircle,0.7083333333333334,48123160.985416666,38448711.0
"(np.float64(1.5), 170, 250, 35, 15)",houghCircle,0.7708333333333334,45151640.77916667,31806450.5
"(np.float64(1.5), 170, 250, 40, 5)",houghCircle,0.5916666666666667,43073115.077083334,30850256.0
"(np.float64(1.5), 170, 250, 40, 10)",houghCircle,0.6270833333333333,39440121.702083334,30437016.5
"(np.float64(1.5), 170, 250, 40, 15)",houghCircle,0.66875,45200331.37291667,34520417.5
"(np.float64(1.5), 170, 250, 45, 5)",houghCircle,0.2125,43212196.94375,32432729.5
"(np.float64(1.5), 170, 250, 45, 10)",houghCircle,0.23125,43147425.37916667,30827949.0
"(np.float64(1.5), 170, 250, 45, 15)",houghCircle,0.2375,41928362.53125,31452462.0
"(np.float64(1.5), 170, 260, 30, 5)",houghCircle,0.6729166666666667,43386470.43541667,32511624.5
"(np.float64(1.5), 170, 260, 30, 10)",houghCircle,0.7,37982921.34583333,30790223.5
"(np.float64(1.5), 170, 260, 30, 15)",houghCircle,0.7833333333333333,41553083.69375,30757787.5
"(np.float64(1.5), 170, 260, 35, 5)",houghCircle,0.68125,48482675.735416666,38177498.0
"(np.float64(1.5), 170, 260, 35, 10)",houghCircle,0.7083333333333334,42958665.44166667,30803478.0
"(np.float64(1.5), 170, 260, 35, 15)",houghCircle,0.7708333333333334,43697253.979166664,30951942.0
"(np.float64(1.5), 170, 260, 40, 5)",houghCircle,0.5916666666666667,47086627.358333334,35740375.0
"(np.float64(1.5), 170, 260, 40, 10)",houghCircle,0.625,44093909.9125,31973349.0
"(np.float64(1.5), 170, 260, 40, 15)",houghCircle,0.6666666666666666,41294183.225,31520695.0
"(np.float64(1.5), 170, 260, 45, 5)",houghCircle,0.2125,38773704.90208333,31449606.0
"(np.float64(1.5), 170, 260, 45, 10)",houghCircle,0.23125,42140439.822916664,31701885.0
"(np.float64(1.5), 170, 260, 45, 15)",houghCircle,0.2375,42269836.56458333,31272533.5
"(np.float64(1.5), 170, 270, 30, 5)",houghCircle,0.6770833333333334,39492595.94375,30218596.5
"(np.float64(1.5), 170, 270, 30, 10)",houghCircle,0.7020833333333333,51354415.61666667,39555993.5
"(np.float64(1.5), 170, 270, 30, 15)",houghCircle,0.7833333333333333,43144482.233333334,31213743.0
"(np.float64(1.5), 170, 270, 35, 5)",houghCircle,0.68125,40451336.775,32120744.0
"(np.float64(1.5), 170, 270, 35, 10)",houghCircle,0.7125,43336482.63125,31491123.0
"(np.float64(1.5), 170, 270, 35, 15)",houghCircle,0.775,41566401.21875,30855386.5
"(np.float64(1.5), 170, 270, 40, 5)",houghCircle,0.5916666666666667,40077605.8875,31102480.0
"(np.float64(1.5), 170, 270, 40, 10)",houghCircle,0.6270833333333333,41962745.43541667,31322226.5
"(np.float64(1.5), 170, 270, 40, 15)",houghCircle,0.6666666666666666,45069759.33125,33662584.0
"(np.float64(1.5), 170, 270, 45, 5)",houghCircle,0.2125,39095900.12916667,31710079.0
"(np.float64(1.5), 170, 270, 45, 10)",houghCircle,0.23125,40195102.604166664,31508827.5
"(np.float64(1.5), 170, 270, 45, 15)",houghCircle,0.2375,45510453.083333336,34692891.0
"(np.float64(1.5), 170, 280, 30, 5)",houghCircle,0.68125,42793751.31458333,31563715.5
"(np.float64(1.5), 170, 280, 30, 10)",houghCircle,0.7020833333333333,43205352.40833333,31858227.0
"(np.float64(1.5), 170, 280, 30, 15)",houghCircle,0.7854166666666667,36438817.84583333,29670122.0
"(np.float64(1.5), 170, 280, 35, 5)",houghCircle,0.68125,42928121.65,31608624.5
"(np.float64(1.5), 170, 280, 35, 10)",houghCircle,0.7145833333333333,45393629.014583334,32647162.5
"(np.float64(1.5), 170, 280, 35, 15)",houghCircle,0.775,42006261.91875,30814604.5
"(np.float64(1.5), 170, 280, 40, 5)",houghCircle,0.5916666666666667,40734836.447916664,31358039.0
"(np.float64(1.5), 170, 280, 40, 10)",houghCircle,0.6291666666666667,45598644.46041667,32817322.0
"(np.float64(1.5), 170, 280, 40, 15)",houghCircle,0.6666666666666666,41520417.7,30282396.0
"(np.float64(1.5), 170, 280, 45, 5)",houghCircle,0.2125,50338767.4,38841974.0
"(np.float64(1.5), 170, 280, 45, 10)",houghCircle,0.23125,44285328.91875,31480614.0
"(np.float64(1.5), 170, 280, 45, 15)",houghCircle,0.2375,40701547.510416664,30034090.0
"(np.float64(1.5), 170, 290, 30, 5)",houghCircle,0.68125,41777066.49166667,30617835.5
"(np.float64(1.5), 170, 290, 30, 10)",houghCircle,0.7104166666666667,42015800.791666664,31899264.5
"(np.float64(1.5), 170, 290, 30, 15)",houghCircle,0.7875,39039871.03541667,30977119.5
"(np.float64(1.5), 170, 290, 35, 5)",houghCircle,0.6854166666666667,41388283.041666664,31533212.5
"(np.float64(1.5), 170, 290, 35, 10)",houghCircle,0.7166666666666667,42476985.31666667,31650432.0
"(np.float64(1.5), 170, 290, 35, 15)",houghCircle,0.7791666666666667,40786967.85625,29937935.0
"(np.float64(1.5), 170, 290, 40, 5)",houghCircle,0.5916666666666667,42008967.86875,33362154.0
"(np.float64(1.5), 170, 290, 40, 10)",houghCircle,0.6291666666666667,49274087.65416667,38606903.5
"(np.float64(1.5), 170, 290, 40, 15)",houghCircle,0.6666666666666666,42799466.87083333,30325481.0
"(np.float64(1.5), 170, 290, 45, 5)",houghCircle,0.21458333333333332,43839768.5625,32101478.5
"(np.float64(1.5), 170, 290, 45, 10)",houghCircle,0.23125,42974601.95625,31014605.5
"(np.float64(1.5), 170, 290, 45, 15)",houghCircle,0.2375,40696168.00625,30029461.5
"(np.float64(1.5), 180, 100, 30, 5)",houghCircle,0.51875,48554856.9,38430127.5
"(np.float64(1.5), 180, 100, 30, 10)",houghCircle,0.6479166666666667,45992779.68125,36717664.0
"(np.float64(1.5), 180, 100, 30, 15)",houghCircle,0.7958333333333333,46314546.06458333,36926291.5
"(np.float64(1.5), 180, 100, 35, 5)",houghCircle,0.6875,46974649.47291667,37364829.0
"(np.float64(1.5), 180, 100, 35, 10)",houghCircle,0.7208333333333333,49731991.427083336,40019913.5
"(np.float64(1.5), 180, 100, 35, 15)",houghCircle,0.8020833333333334,44719722.40416667,36047286.5
"(np.float64(1.5), 180, 100, 40, 5)",houghCircle,0.6270833333333333,46052216.49791667,36734886.5
"(np.float64(1.5), 180, 100, 40, 10)",houghCircle,0.6729166666666667,46986974.545833334,36867774.0
"(np.float64(1.5), 180, 100, 40, 15)",houghCircle,0.7208333333333333,45256521.34791667,35933783.5
"(np.float64(1.5), 180, 100, 45, 5)",houghCircle,0.3625,55153740.09583333,46310375.0
"(np.float64(1.5), 180, 100, 45, 10)",houghCircle,0.38125,47086233.74375,37025901.0
"(np.float64(1.5), 180, 100, 45, 15)",houghCircle,0.3958333333333333,44912329.052083336,36095783.0
"(np.float64(1.5), 180, 110, 30, 5)",houghCircle,0.55,46365704.97708333,37128590.5
"(np.float64(1.5), 180, 110, 30, 10)",houghCircle,0.6625,45775236.47708333,35811268.5
"(np.float64(1.5), 180, 110, 30, 15)",houghCircle,0.7979166666666667,44234553.97291667,35494194.5
"(np.float64(1.5), 180, 110, 35, 5)",houghCircle,0.6854166666666667,43609170.15,35798438.5
"(np.float64(1.5), 180, 110, 35, 10)",houghCircle,0.7229166666666667,44422575.552083336,35781462.5
"(np.float64(1.5), 180, 110, 35, 15)",houghCircle,0.8020833333333334,45143019.8875,35956205.0
"(np.float64(1.5), 180, 110, 40, 5)",houghCircle,0.6,46142869.927083336,36336769.5
"(np.float64(1.5), 180, 110, 40, 10)",houghCircle,0.6354166666666666,45993954.65208333,35165421.5
"(np.float64(1.5), 180, 110, 40, 15)",houghCircle,0.6854166666666667,51788059.37708333,42895449.0
"(np.float64(1.5), 180, 110, 45, 5)",houghCircle,0.29791666666666666,46448653.00833333,37300788.0
"(np.float64(1.5), 180, 110, 45, 10)",houghCircle,0.31875,44146105.17916667,35089359.5
"(np.float64(1.5), 180, 110, 45, 15)",houghCircle,0.33541666666666664,43855124.16875,34930821.5
"(np.float64(1.5), 180, 120, 30, 5)",houghCircle,0.5854166666666667,45833244.03541667,35869648.0
"(np.float64(1.5), 180, 120, 30, 10)",houghCircle,0.68125,43057671.545833334,33644128.0
"(np.float64(1.5), 180, 120, 30, 15)",houghCircle,0.8020833333333334,45554234.6875,34916505.5
"(np.float64(1.5), 180, 120, 35, 5)",houghCircle,0.6875,43840055.15208333,34224898.0
"(np.float64(1.5), 180, 120, 35, 10)",houghCircle,0.7208333333333333,44247249.23125,34330631.5
"(np.float64(1.5), 180, 120, 35, 15)",houghCircle,0.7958333333333333,44059841.166666664,33838768.5
"(np.float64(1.5), 180, 120, 40, 5)",houghCircle,0.6041666666666666,45245009.02916667,35136612.5
"(np.float64(1.5), 180, 120, 40, 10)",houghCircle,0.6333333333333333,45131006.97708333,34142699.0
"(np.float64(1.5), 180, 120, 40, 15)",houghCircle,0.6833333333333333,42586430.6625,34541015.0
"(np.float64(1.5), 180, 120, 45, 5)",houghCircle,0.26875,54949953.05,44222734.0
"(np.float64(1.5), 180, 120, 45, 10)",houghCircle,0.2875,46235646.764583334,37472571.0
"(np.float64(1.5), 180, 120, 45, 15)",houghCircle,0.30416666666666664,43982138.24166667,34355206.5
"(np.float64(1.5), 180, 130, 30, 5)",houghCircle,0.6,44001943.385416664,35572921.5
"(np.float64(1.5), 180, 130, 30, 10)",houghCircle,0.6875,44185950.84375,35005867.5
"(np.float64(1.5), 180, 130, 30, 15)",houghCircle,0.8104166666666667,43887070.416666664,33456496.0
"(np.float64(1.5), 180, 130, 35, 5)",houghCircle,0.6833333333333333,44293288.172916666,34607239.0
"(np.float64(1.5), 180, 130, 35, 10)",houghCircle,0.7145833333333333,46391539.03125,35886523.0
"(np.float64(1.5), 180, 130, 35, 15)",houghCircle,0.79375,45041047.48125,34773044.5
"(np.float64(1.5), 180, 130, 40, 5)",houghCircle,0.5979166666666667,45051802.141666666,34969975.5
"(np.float64(1.5), 180, 130, 40, 10)",houghCircle,0.6270833333333333,42774699.175,34598769.0
"(np.float64(1.5), 180, 130, 40, 15)",houghCircle,0.6770833333333334,53684059.83125,41696364.5
"(np.float64(1.5), 180, 130, 45, 5)",houghCircle,0.23333333333333334,46615312.43958333,35239161.0
"(np.float64(1.5), 180, 130, 45, 10)",houghCircle,0.25,46142860.641666666,35700946.5
"(np.float64(1.5), 180, 130, 45, 15)",houghCircle,0.2625,43673514.05416667,34179753.0
"(np.float64(1.5), 180, 140, 30, 5)",houghCircle,0.6145833333333334,46025459.3125,34866090.5
"(np.float64(1.5), 180, 140, 30, 10)",houghCircle,0.6979166666666666,43988275.09375,33714625.0
"(np.float64(1.5), 180, 140, 30, 15)",houghCircle,0.8041666666666667,44510765.63333333,33008089.5
"(np.float64(1.5), 180, 140, 35, 5)",houghCircle,0.68125,43875792.72291667,34065894.5
"(np.float64(1.5), 180, 140, 35, 10)",houghCircle,0.7125,45401302.139583334,34095810.5
"(np.float64(1.5), 180, 140, 35, 15)",houghCircle,0.7895833333333333,43048364.358333334,33796805.0
"(np.float64(1.5), 180, 140, 40, 5)",houghCircle,0.6041666666666666,51945450.822916664,42450153.5
"(np.float64(1.5), 180, 140, 40, 10)",houghCircle,0.6291666666666667,43380265.37083333,34980546.5
"(np.float64(1.5), 180, 140, 40, 15)",houghCircle,0.6791666666666667,41459569.197916664,33647535.0
"(np.float64(1.5), 180, 140, 45, 5)",houghCircle,0.225,43434757.114583336,33821320.0
"(np.float64(1.5), 180, 140, 45, 10)",houghCircle,0.24375,45458926.922916666,34677361.0
"(np.float64(1.5), 180, 140, 45, 15)",houghCircle,0.2520833333333333,42833906.40416667,32350261.0
"(np.float64(1.5), 180, 150, 30, 5)",houghCircle,0.6354166666666666,44545558.854166664,34621181.0
"(np.float64(1.5), 180, 150, 30, 10)",houghCircle,0.7041666666666667,44749669.22291667,34084364.0
"(np.float64(1.5), 180, 150, 30, 15)",houghCircle,0.8041666666666667,41085459.74791667,32387680.5
"(np.float64(1.5), 180, 150, 35, 5)",houghCircle,0.6854166666666667,44938694.233333334,34554266.0
"(np.float64(1.5), 180, 150, 35, 10)",houghCircle,0.7145833333333333,46192521.17916667,33662121.5
"(np.float64(1.5), 180, 150, 35, 15)",houghCircle,0.7895833333333333,51668844.16458333,41443905.0
"(np.float64(1.5), 180, 150, 40, 5)",houghCircle,0.6,45904078.78125,34691007.5
"(np.float64(1.5), 180, 150, 40, 10)",houghCircle,0.625,43023779.3,33520576.5
"(np.float64(1.5), 180, 150, 40, 15)",houghCircle,0.675,44342856.28958333,33687183.0
"(np.float64(1.5), 180, 150, 45, 5)",houghCircle,0.21875,41824778.0875,33254402.5
"(np.float64(1.5), 180, 150, 45, 10)",houghCircle,0.23541666666666666,42393264.229166664,32654881.5
"(np.float64(1.5), 180, 150, 45, 15)",houghCircle,0.24375,42634542.854166664,32898773.5
"(np.float64(1.5), 180, 160, 30, 5)",houghCircle,0.6395833333333333,43457992.67916667,33956705.5
"(np.float64(1.5), 180, 160, 30, 10)",houghCircle,0.7083333333333334,43859412.92916667,33453710.5
"(np.float64(1.5), 180, 160, 30, 15)",houghCircle,0.8083333333333333,45423964.22708333,34050566.0
"(np.float64(1.5), 180, 160, 35, 5)",houghCircle,0.6854166666666667,44498338.75625,34181876.5
"(np.float64(1.5), 180, 160, 35, 10)",houghCircle,0.71875,43874836.09791667,33275266.0
"(np.float64(1.5), 180, 160, 35, 15)",houghCircle,0.79375,51494004.83125,41425175.0
"(np.float64(1.5), 180, 160, 40, 5)",houghCircle,0.6,44029357.93125,33679109.5
"(np.float64(1.5), 180, 160, 40, 10)",houghCircle,0.6291666666666667,43675523.74791667,32560099.0
"(np.float64(1.5), 180, 160, 40, 15)",houghCircle,0.6770833333333334,44259680.26875,33353145.5
"(np.float64(1.5), 180, 160, 45, 5)",houghCircle,0.2125,40413758.04375,33064971.5
"(np.float64(1.5), 180, 160, 45, 10)",houghCircle,0.23125,45972583.141666666,34157942.5
"(np.float64(1.5), 180, 160, 45, 15)",houghCircle,0.2375,43653061.81041667,32306518.5
"(np.float64(1.5), 180, 170, 30, 5)",houghCircle,0.6541666666666667,42029585.59375,33041968.5
"(np.float64(1.5), 180, 170, 30, 10)",houghCircle,0.7125,42109354.30833333,33086878.0
"(np.float64(1.5), 180, 170, 30, 15)",houghCircle,0.80625,39825462.239583336,31260210.0
"(np.float64(1.5), 180, 170, 35, 5)",houghCircle,0.6833333333333333,44411128.56666667,33377227.5
"(np.float64(1.5), 180, 170, 35, 10)",houghCircle,0.7166666666666667,44364653.53333333,32761321.5
"(np.float64(1.5), 180, 170, 35, 15)",houghCircle,0.7895833333333333,42403053.360416666,32879438.5
"(np.float64(1.5), 180, 170, 40, 5)",houghCircle,0.59375,54068436.33958333,42474319.0
"(np.float64(1.5), 180, 170, 40, 10)",houghCircle,0.6270833333333333,42851762.65833333,33728250.0
"(np.float64(1.5), 180, 170, 40, 15)",houghCircle,0.6729166666666667,39917875.38125,31227238.0
"(np.float64(1.5), 180, 170, 45, 5)",houghCircle,0.2125,42412828.81458333,32967418.5
"(np.float64(1.5), 180, 170, 45, 10)",houghCircle,0.23125,45159707.75208333,34329830.0
"(np.float64(1.5), 180, 170, 45, 15)",houghCircle,0.2375,42533387.76875,32035355.0
"(np.float64(1.5), 180, 180, 30, 5)",houghCircle,0.6541666666666667,42014724.62916667,32063087.0
"(np.float64(1.5), 180, 180, 30, 10)",houghCircle,0.7166666666666667,40825668.21041667,31556496.0
"(np.float64(1.5), 180, 180, 30, 15)",houghCircle,0.8020833333333334,41780384.63333333,31977862.0
"(np.float64(1.5), 180, 180, 35, 5)",houghCircle,0.6895833333333333,42768810.50416667,32377968.5
"(np.float64(1.5), 180, 180, 35, 10)",houghCircle,0.7145833333333333,42838816.75625,32284863.5
"(np.float64(1.5), 180, 180, 35, 15)",houghCircle,0.7875,41996449.952083334,32788377.5
"(np.float64(1.5), 180, 180, 40, 5)",houghCircle,0.5958333333333333,40947513.89791667,31275013.0
"(np.float64(1.5), 180, 180, 40, 10)",houghCircle,0.6291666666666667,50813622.3875,40510639.5
"(np.float64(1.5), 180, 180, 40, 15)",houghCircle,0.6729166666666667,42725237.43541667,31946533.0
"(np.float64(1.5), 180, 180, 45, 5)",houghCircle,0.2125,43121899.23125,33488375.0
"(np.float64(1.5), 180, 180, 45, 10)",houghCircle,0.23125,41927004.135416664,32791758.5
"(np.float64(1.5), 180, 180, 45, 15)",houghCircle,0.2375,40930643.4,31423732.0
"(np.float64(1.5), 180, 190, 30, 5)",houghCircle,0.6583333333333333,43419280.75625,31940507.0
"(np.float64(1.5), 180, 190, 30, 10)",houghCircle,0.7083333333333334,39186770.65416667,31701292.5
"(np.float64(1.5), 180, 190, 30, 15)",houghCircle,0.79375,39346917.96458333,30813332.5
"(np.float64(1.5), 180, 190, 35, 5)",houghCircle,0.6770833333333334,43950086.44375,33656842.0
"(np.float64(1.5), 180, 190, 35, 10)",houghCircle,0.7041666666666667,41932533.24375,32802368.5
"(np.float64(1.5), 180, 190, 35, 15)",houghCircle,0.7770833333333333,50932636.985416666,40379884.5
"(np.float64(1.5), 180, 190, 40, 5)",houghCircle,0.5875,45477661.45,33291937.0
"(np.float64(1.5), 180, 190, 40, 10)",houghCircle,0.625,44054939.34583333,33371430.0
"(np.float64(1.5), 180, 190, 40, 15)",houghCircle,0.6666666666666666,39460512.25625,31299844.5
"(np.float64(1.5), 180, 190, 45, 5)",houghCircle,0.2125,43125460.94166667,32823147.5
"(np.float64(1.5), 180, 190, 45, 10)",houghCircle,0.23125,44193076.447916664,32398877.0
"(np.float64(1.5), 180, 190, 45, 15)",houghCircle,0.2375,41797209.65625,31375352.0
"(np.float64(1.5), 180, 200, 30, 5)",houghCircle,0.65625,42434943.833333336,32303097.0
"(np.float64(1.5), 180, 200, 30, 10)",houghCircle,0.7020833333333333,40331292.829166666,32486747.0
"(np.float64(1.5), 180, 200, 30, 15)",houghCircle,0.7875,42502977.96041667,32267790.5
"(np.float64(1.5), 180, 200, 35, 5)",houghCircle,0.675,50247721.077083334,39358457.5
"(np.float64(1.5), 180, 200, 35, 10)",houghCircle,0.70625,40897757.71458333,31819795.5
"(np.float64(1.5), 180, 200, 35, 15)",houghCircle,0.775,44355274.25625,32611185.0
"(np.float64(1.5), 180, 200, 40, 5)",houghCircle,0.5875,42939520.64791667,32677449.0
"(np.float64(1.5), 180, 200, 40, 10)",houghCircle,0.625,41224333.84375,31893409.0
"(np.float64(1.5), 180, 200, 40, 15)",houghCircle,0.6666666666666666,42313165.61875,31838240.5
"(np.float64(1.5), 180, 200, 45, 5)",houghCircle,0.2125,43027941.875,33027385.5
"(np.float64(1.5), 180, 200, 45, 10)",houghCircle,0.23125,40658505.8875,31996792.0
"(np.float64(1.5), 180, 200, 45, 15)",houghCircle,0.2375,40061269.30416667,31467439.5
"(np.float64(1.5), 180, 210, 30, 5)",houghCircle,0.65625,43457526.67916667,32396203.0
"(np.float64(1.5), 180, 210, 30, 10)",houghCircle,0.7,43443432.15625,31284341.0
"(np.float64(1.5), 180, 210, 30, 15)",houghCircle,0.7833333333333333,49383766.489583336,39410195.5
"(np.float64(1.5), 180, 210, 35, 5)",houghCircle,0.6770833333333334,43867631.42916667,32375352.5
"(np.float64(1.5), 180, 210, 35, 10)",houghCircle,0.7083333333333334,43213564.74583333,32095753.5
"(np.float64(1.5), 180, 210, 35, 15)",houghCircle,0.775,39544522.62291667,31007185.5
"(np.float64(1.5), 180, 210, 40, 5)",houghCircle,0.5916666666666667,42925993.010416664,32751979.0
"(np.float64(1.5), 180, 210, 40, 10)",houghCircle,0.625,40008568.61875,30771484.0
"(np.float64(1.5), 180, 210, 40, 15)",houghCircle,0.6666666666666666,41561713.264583334,31786012.5
"(np.float64(1.5), 180, 210, 45, 5)",houghCircle,0.2125,39691226.9375,30984553.0
"(np.float64(1.5), 180, 210, 45, 10)",houghCircle,0.23125,43297784.24791667,32318159.5
"(np.float64(1.5), 180, 210, 45, 15)",houghCircle,0.2375,41001523.85,31390551.0
"(np.float64(1.5), 180, 220, 30, 5)",houghCircle,0.6625,44364973.052083336,32473627.0
"(np.float64(1.5), 180, 220, 30, 10)",houghCircle,0.69375,54452472.66458333,40436601.0
"(np.float64(1.5), 180, 220, 30, 15)",houghCircle,0.78125,40917714.53125,30736479.0
"(np.float64(1.5), 180, 220, 35, 5)",houghCircle,0.6729166666666667,38193987.1875,31000698.5
"(np.float64(1.5), 180, 220, 35, 10)",houghCircle,0.7041666666666667,42085138.041666664,32447474.0
"(np.float64(1.5), 180, 220, 35, 15)",houghCircle,0.7708333333333334,42207125.233333334,30777770.5
"(np.float64(1.5), 180, 220, 40, 5)",houghCircle,0.5916666666666667,43386404.43125,32141114.5
"(np.float64(1.5), 180, 220, 40, 10)",houghCircle,0.625,43187677.8875,32496835.0
"(np.float64(1.5), 180, 220, 40, 15)",houghCircle,0.6666666666666666,43074844.15625,31421257.5
"(np.float64(1.5), 180, 220, 45, 5)",houghCircle,0.2125,42989356.68333333,31896734.5
"(np.float64(1.5), 180, 220, 45, 10)",houghCircle,0.23125,40317031.75833333,31323204.0
"(np.float64(1.5), 180, 220, 45, 15)",houghCircle,0.2375,41831122.59166667,31181392.0
"(np.float64(1.5), 180, 230, 30, 5)",houghCircle,0.6625,39227961.235416666,31073145.5
"(np.float64(1.5), 180, 230, 30, 10)",houghCircle,0.6916666666666667,44492422.547916666,32978448.5
"(np.float64(1.5), 180, 230, 30, 15)",houghCircle,0.7791666666666667,42747926.74375,32354498.0
"(np.float64(1.5), 180, 230, 35, 5)",houghCircle,0.6770833333333334,41186162.645833336,31882573.5
"(np.float64(1.5), 180, 230, 35, 10)",houghCircle,0.70625,44622770.97708333,33160470.5
"(np.float64(1.5), 180, 230, 35, 15)",houghCircle,0.7708333333333334,51700885.78333333,39607584.5
"(np.float64(1.5), 180, 230, 40, 5)",houghCircle,0.5916666666666667,39170007.64375,30746297.0
"(np.float64(1.5), 180, 230, 40, 10)",houghCircle,0.625,42200654.80833333,31914839.0
"(np.float64(1.5), 180, 230, 40, 15)",houghCircle,0.6666666666666666,39303892.729166664,30197411.5
"(np.float64(1.5), 180, 230, 45, 5)",houghCircle,0.2125,43070613.65625,32564517.5
"(np.float64(1.5), 180, 230, 45, 10)",houghCircle,0.23125,41861993.541666664,31853107.0
"(np.float64(1.5), 180, 230, 45, 15)",houghCircle,0.2375,40481290.547916666,31658703.5
"(np.float64(1.5), 180, 240, 30, 5)",houghCircle,0.6645833333333333,45038781.275,32751418.5
"(np.float64(1.5), 180, 240, 30, 10)",houghCircle,0.69375,42896844.33125,32273557.5
"(np.float64(1.5), 180, 240, 30, 15)",houghCircle,0.78125,42130234.99583333,31564241.0
"(np.float64(1.5), 180, 240, 35, 5)",houghCircle,0.68125,40581256.03541667,31553095.0
"(np.float64(1.5), 180, 240, 35, 10)",houghCircle,0.7104166666666667,51014170.21875,40728648.5
"(np.float64(1.5), 180, 240, 35, 15)",houghCircle,0.7708333333333334,39938560.4,30863601.5
"(np.float64(1.5), 180, 240, 40, 5)",houghCircle,0.59375,42440198.10625,31793135.5
"(np.float64(1.5), 180, 240, 40, 10)",houghCircle,0.6291666666666667,40779916.625,31125484.0
"(np.float64(1.5), 180, 240, 40, 15)",houghCircle,0.66875,39943139.7625,30945310.0
"(np.float64(1.5), 180, 240, 45, 5)",houghCircle,0.2125,42298978.59375,32147420.0
"(np.float64(1.5), 180, 240, 45, 10)",houghCircle,0.23125,41528295.37291667,31089274.5
"(np.float64(1.5), 180, 240, 45, 15)",houghCircle,0.2375,41055529.58958333,30557858.0
"(np.float64(1.5), 180, 250, 30, 5)",houghCircle,0.66875,45320623.145833336,32545422.5
"(np.float64(1.5), 180, 250, 30, 10)",houghCircle,0.7020833333333333,43962523.12916667,32362257.5
"(np.float64(1.5), 180, 250, 30, 15)",houghCircle,0.78125,50191632.58958333,39252921.5
"(np.float64(1.5), 180, 250, 35, 5)",houghCircle,0.6833333333333333,41671174.86875,31789223.0
"(np.float64(1.5), 180, 250, 35, 10)",houghCircle,0.7104166666666667,40604198.110416666,30883148.5
"(np.float64(1.5), 180, 250, 35, 15)",houghCircle,0.7708333333333334,40903119.514583334,31146126.5
"(np.float64(1.5), 180, 250, 40, 5)",houghCircle,0.59375,43047466.175,32749553.0
"(np.float64(1.5), 180, 250, 40, 10)",houghCircle,0.6291666666666667,40521083.74583333,31471497.0
"(np.float64(1.5), 180, 250, 40, 15)",houghCircle,0.66875,40169199.5,31068080.0
"(np.float64(1.5), 180, 250, 45, 5)",houghCircle,0.2125,40485402.25208333,32110195.0
"(np.float64(1.5), 180, 250, 45, 10)",houghCircle,0.23125,42613493.20625,31180851.5
"(np.float64(1.5), 180, 250, 45, 15)",houghCircle,0.2375,40697110.635416664,30619484.0
"(np.float64(1.5), 180, 260, 30, 5)",houghCircle,0.6770833333333334,44612683.016666666,32195104.0
"(np.float64(1.5), 180, 260, 30, 10)",houghCircle,0.7041666666666667,51672896.575,39889721.0
"(np.float64(1.5), 180, 260, 30, 15)",houghCircle,0.7854166666666667,41335938.354166664,30713766.0
"(np.float64(1.5), 180, 260, 35, 5)",houghCircle,0.6833333333333333,41206820.9875,32012522.0
"(np.float64(1.5), 180, 260, 35, 10)",houghCircle,0.7104166666666667,42159731.39375,32145692.0
"(np.float64(1.5), 180, 260, 35, 15)",houghCircle,0.7708333333333334,39865743.74375,30376468.0
"(np.float64(1.5), 180, 260, 40, 5)",houghCircle,0.59375,40099484.454166666,31101136.5
"(np.float64(1.5), 180, 260, 40, 10)",houghCircle,0.6270833333333333,40565498.41458333,31278099.0
"(np.float64(1.5), 180, 260, 40, 15)",houghCircle,0.6666666666666666,41284871.31041667,31377199.5
"(np.float64(1.5), 180, 260, 45, 5)",houghCircle,0.2125,42511018.15833333,31750901.0
"(np.float64(1.5), 180, 260, 45, 10)",houghCircle,0.23125,43201310.5375,31929712.5
"(np.float64(1.5), 180, 260, 45, 15)",houghCircle,0.2375,42240127.64791667,31096397.5
"(np.float64(1.5), 180, 270, 30, 5)",houghCircle,0.68125,40901771.50833333,31511927.0
"(np.float64(1.5), 180, 270, 30, 10)",houghCircle,0.70625,42096158.75833333,31821689.0
"(np.float64(1.5), 180, 270, 30, 15)",houghCircle,0.7854166666666667,40909446.84791667,31125317.5
"(np.float64(1.5), 180, 270, 35, 5)",houghCircle,0.6833333333333333,41722873.93958333,31354492.5
"(np.float64(1.5), 180, 270, 35, 10)",houghCircle,0.7145833333333333,49006161.7125,38173229.5
"(np.float64(1.5), 180, 270, 35, 15)",houghCircle,0.775,42954293.69375,31065790.5
"(np.float64(1.5), 180, 270, 40, 5)",houghCircle,0.59375,42726513.50625,31922543.5
"(np.float64(1.5), 180, 270, 40, 10)",houghCircle,0.6291666666666667,39279170.46041667,31208574.0
"(np.float64(1.5), 180, 270, 40, 15)",houghCircle,0.6666666666666666,38837747.958333336,30028650.0
"(np.float64(1.5), 180, 270, 45, 5)",houghCircle,0.2125,43044733.72083333,31722082.5
"(np.float64(1.5), 180, 270, 45, 10)",houghCircle,0.23125,41354599.28333333,30824653.5
"(np.float64(1.5), 180, 270, 45, 15)",houghCircle,0.2375,44797115.545833334,31315234.5
"(np.float64(1.5), 180, 280, 30, 5)",houghCircle,0.6854166666666667,41549349.65,30711501.5
"(np.float64(1.5), 180, 280, 30, 10)",houghCircle,0.70625,42781006.35208333,30815751.5
"(np.float64(1.5), 180, 280, 30, 15)",houghCircle,0.7875,40962539.625,30043718.5
"(np.float64(1.5), 180, 280, 35, 5)",houghCircle,0.6833333333333333,48236888.10208333,39348170.5
"(np.float64(1.5), 180, 280, 35, 10)",houghCircle,0.7166666666666667,39217187.197916664,29894388.0
"(np.float64(1.5), 180, 280, 35, 15)",houghCircle,0.775,42039379.364583336,31338082.0
"(np.float64(1.5), 180, 280, 40, 5)",houghCircle,0.59375,40754785.43333333,31778413.0
"(np.float64(1.5), 180, 280, 40, 10)",houghCircle,0.63125,43258553.75625,31095175.0
"(np.float64(1.5), 180, 280, 40, 15)",houghCircle,0.6666666666666666,39152314.979166664,31067599.5
"(np.float64(1.5), 180, 280, 45, 5)",houghCircle,0.2125,38735852.166666664,31319932.5
"(np.float64(1.5), 180, 280, 45, 10)",houghCircle,0.23125,39304153.08958333,31145540.0
"(np.float64(1.5), 180, 280, 45, 15)",houghCircle,0.2375,38833937.6375,30686079.0
"(np.float64(1.5), 180, 290, 30, 5)",houghCircle,0.6854166666666667,42751793.016666666,32355770.5
"(np.float64(1.5), 180, 290, 30, 10)",houghCircle,0.7145833333333333,43293091.35208333,31155744.5
"(np.float64(1.5), 180, 290, 30, 15)",houghCircle,0.7895833333333333,40670062.16458333,31344239.0
"(np.float64(1.5), 180, 290, 35, 5)",houghCircle,0.6875,50015171.88125,39140744.5
"(np.float64(1.5), 180, 290, 35, 10)",houghCircle,0.71875,40525364.23125,31113957.0
"(np.float64(1.5), 180, 290, 35, 15)",houghCircle,0.7791666666666667,42573715.19583333,30879546.5
"(np.float64(1.5), 180, 290, 40, 5)",houghCircle,0.59375,40716720.8875,30951777.0
"(np.float64(1.5), 180, 290, 40, 10)",houghCircle,0.63125,40074802.37916667,30630725.0
"(np.float64(1.5), 180, 290, 40, 15)",houghCircle,0.6666666666666666,40392054.541666664,29688111.0
"(np.float64(1.5), 180, 290, 45, 5)",houghCircle,0.21458333333333332,35936342.55833333,30170234.5
"(np.float64(1.5), 180, 290, 45, 10)",houghCircle,0.23125,44619711.6,31620561.0
"(np.float64(1.5), 180, 290, 45, 15)",houghCircle,0.2375,41150340.84166667,30000818.0
"(np.float64(1.5), 190, 100, 30, 5)",houghCircle,0.5208333333333334,50868558.18958333,40347158.0
"(np.float64(1.5), 190, 100, 30, 10)",houghCircle,0.65,54824436.514583334,44856818.5
"(np.float64(1.5), 190, 100, 30, 15)",houghCircle,0.7958333333333333,48673335.58958333,37418193.0
"(np.float64(1.5), 190, 100, 35, 5)",houghCircle,0.6875,47453001.025,36788522.5
"(np.float64(1.5), 190, 100, 35, 10)",houghCircle,0.7208333333333333,45443446.87708333,36944569.5
"(np.float64(1.5), 190, 100, 35, 15)",houghCircle,0.80625,46664299.78125,35907583.5
"(np.float64(1.5), 190, 100, 40, 5)",houghCircle,0.6291666666666667,47936553.79375,38251562.0
"(np.float64(1.5), 190, 100, 40, 10)",houghCircle,0.6729166666666667,44136567.8,36467835.0
"(np.float64(1.5), 190, 100, 40, 15)",houghCircle,0.7208333333333333,44811070.0375,36726285.5
"(np.float64(1.5), 190, 100, 45, 5)",houghCircle,0.3625,48570862.552083336,36934230.5
"(np.float64(1.5), 190, 100, 45, 10)",houghCircle,0.38125,52493403.2625,40628371.0
"(np.float64(1.5), 190, 100, 45, 15)",houghCircle,0.3958333333333333,49592646.78125,41307105.0
"(np.float64(1.5), 190, 110, 30, 5)",houghCircle,0.5520833333333334,46860289.95,37249957.0
"(np.float64(1.5), 190, 110, 30, 10)",houghCircle,0.6625,47253105.729166664,36879568.5
"(np.float64(1.5), 190, 110, 30, 15)",houghCircle,0.7979166666666667,45844401.829166666,35947765.0
"(np.float64(1.5), 190, 110, 35, 5)",houghCircle,0.6854166666666667,42696402.952083334,35654604.0
"(np.float64(1.5), 190, 110, 35, 10)",houghCircle,0.7229166666666667,46866863.927083336,35748831.5
"(np.float64(1.5), 190, 110, 35, 15)",houghCircle,0.80625,42865167.62708333,34859301.5
"(np.float64(1.5), 190, 110, 40, 5)",houghCircle,0.6020833333333333,48172132.76875,37045884.0
"(np.float64(1.5), 190, 110, 40, 10)",houghCircle,0.6354166666666666,44637705.77291667,35943196.0
"(np.float64(1.5), 190, 110, 40, 15)",houghCircle,0.6854166666666667,46831194.92916667,36251970.5
"(np.float64(1.5), 190, 110, 45, 5)",houghCircle,0.3,53877135.93541667,43552452.0
"(np.float64(1.5), 190, 110, 45, 10)",houghCircle,0.31875,45363043.46458333,36091884.5
"(np.float64(1.5), 190, 110, 45, 15)",houghCircle,0.33541666666666664,44377966.764583334,35814890.0
"(np.float64(1.5), 190, 120, 30, 5)",houghCircle,0.5875,47406085.541666664,37247252.5
"(np.float64(1.5), 190, 120, 30, 10)",houghCircle,0.6833333333333333,42426701.5625,34196160.0
"(np.float64(1.5), 190, 120, 30, 15)",houghCircle,0.8020833333333334,43554895.635416664,35394211.0
"(np.float64(1.5), 190, 120, 35, 5)",houghCircle,0.6875,43126106.91875,34978722.0
"(np.float64(1.5), 190, 120, 35, 10)",houghCircle,0.7208333333333333,42958211.91458333,33819712.5
"(np.float64(1.5), 190, 120, 35, 15)",houghCircle,0.7979166666666667,44315928.59375,35306642.0
"(np.float64(1.5), 190, 120, 40, 5)",houghCircle,0.60625,49179703.7375,36874183.5
"(np.float64(1.5), 190, 120, 40, 10)",houghCircle,0.6333333333333333,44845548.29375,35735216.0
"(np.float64(1.5), 190, 120, 40, 15)",houghCircle,0.6833333333333333,47820252.1375,34937409.5
"(np.float64(1.5), 190, 120, 45, 5)",houghCircle,0.2708333333333333,43656103.4375,34798142.0
"(np.float64(1.5), 190, 120, 45, 10)",houghCircle,0.2875,44580042.9375,34046708.5
"(np.float64(1.5), 190, 120, 45, 15)",houghCircle,0.30416666666666664,43068106.91875,33839213.5
"(np.float64(1.5), 190, 130, 30, 5)",houghCircle,0.6020833333333333,47296414.49791667,35810873.0
"(np.float64(1.5), 190, 130, 30, 10)",houghCircle,0.6916666666666667,50819412.135416664,40378898.0
"(np.float64(1.5), 190, 130, 30, 15)",houghCircle,0.8104166666666667,45815298.49791667,34700771.5
"(np.float64(1.5), 190, 130, 35, 5)",houghCircle,0.6854166666666667,49184029.02916667,35387282.5
"(np.float64(1.5), 190, 130, 35, 10)",houghCircle,0.7166666666666667,43486938.427083336,33045980.5
"(np.float64(1.5), 190, 130, 35, 15)",houghCircle,0.7958333333333333,43957639.16458333,33750301.5
"(np.float64(1.5), 190, 130, 40, 5)",houghCircle,0.6,42934428.93333333,35224788.0
"(np.float64(1.5), 190, 130, 40, 10)",houghCircle,0.6270833333333333,43530731.175,34547311.5
"(np.float64(1.5), 190, 130, 40, 15)",houghCircle,0.6770833333333334,47094968.00833333,34799827.0
"(np.float64(1.5), 190, 130, 45, 5)",houghCircle,0.23333333333333334,46522619.96458333,35781608.0
"(np.float64(1.5), 190, 130, 45, 10)",houghCircle,0.25,42615867.822916664,34956419.5
"(np.float64(1.5), 190, 130, 45, 15)",houghCircle,0.2625,51377692.12291667,40997237.5
"(np.float64(1.5), 190, 140, 30, 5)",houghCircle,0.6166666666666667,45110048.135416664,35450422.0
"(np.float64(1.5), 190, 140, 30, 10)",houghCircle,0.7041666666666667,47089368.97291667,34927520.0
"(np.float64(1.5), 190, 140, 30, 15)",houghCircle,0.8041666666666667,48081784.96666667,36549714.0
"(np.float64(1.5), 190, 140, 35, 5)",houghCircle,0.6833333333333333,42854219.81666667,35109541.5
"(np.float64(1.5), 190, 140, 35, 10)",houghCircle,0.7145833333333333,41918001.80833333,32749014.0
"(np.float64(1.5), 190, 140, 35, 15)",houghCircle,0.7916666666666666,42719889.88333333,33890870.0
"(np.float64(1.5), 190, 140, 40, 5)",houghCircle,0.60625,45845196.125,35244528.0
"(np.float64(1.5), 190, 140, 40, 10)",houghCircle,0.6291666666666667,45465876.3375,34410501.0
"(np.float64(1.5), 190, 140, 40, 15)",houghCircle,0.6791666666666667,47676415.47291667,34334548.0
"(np.float64(1.5), 190, 140, 45, 5)",houghCircle,0.225,52038490.60208333,40813643.0
"(np.float64(1.5), 190, 140, 45, 10)",houghCircle,0.24375,42336789.66041667,33349665.0
"(np.float64(1.5), 190, 140, 45, 15)",houghCircle,0.2520833333333333,42980490.81666667,33717584.0
"(np.float64(1.5), 190, 150, 30, 5)",houghCircle,0.6375,43117564.31041667,34327474.0
"(np.float64(1.5), 190, 150, 30, 10)",houghCircle,0.7083333333333334,43690669.98125,33873443.5
"(np.float64(1.5), 190, 150, 30, 15)",houghCircle,0.8041666666666667,43804381.03125,33133138.5
"(np.float64(1.5), 190, 150, 35, 5)",houghCircle,0.6875,43948913.97083333,34302022.0
"(np.float64(1.5), 190, 150, 35, 10)",houghCircle,0.7145833333333333,44736646.74791667,34092539.5
"(np.float64(1.5), 190, 150, 35, 15)",houghCircle,0.7916666666666666,41994328.55833333,33207644.0
"(np.float64(1.5), 190, 150, 40, 5)",houghCircle,0.6020833333333333,43235335.891666666,33600415.0
"(np.float64(1.5), 190, 150, 40, 10)",houghCircle,0.625,43050056.989583336,34546736.0
"(np.float64(1.5), 190, 150, 40, 15)",houghCircle,0.675,51026973.22083333,39187301.5
"(np.float64(1.5), 190, 150, 45, 5)",houghCircle,0.21875,44725602.18333333,34470684.0
"(np.float64(1.5), 190, 150, 45, 10)",houghCircle,0.23541666666666666,40903394.1125,32520970.0
"(np.float64(1.5), 190, 150, 45, 15)",houghCircle,0.24375,42709304.9125,32901714.0
"(np.float64(1.5), 190, 160, 30, 5)",houghCircle,0.64375,41448853.18125,32930960.0
"(np.float64(1.5), 190, 160, 30, 10)",houghCircle,0.7104166666666667,41153501.360416666,32814366.0
"(np.float64(1.5), 190, 160, 30, 15)",houghCircle,0.8083333333333333,44035339.00416667,33022997.5
"(np.float64(1.5), 190, 160, 35, 5)",houghCircle,0.6875,42714900.204166666,33800751.5
"(np.float64(1.5), 190, 160, 35, 10)",houghCircle,0.71875,41726736.0875,33338950.5
"(np.float64(1.5), 190, 160, 35, 15)",houghCircle,0.7958333333333333,42918510.9875,33765235.0
"(np.float64(1.5), 190, 160, 40, 5)",houghCircle,0.6020833333333333,43325033.735416666,34454403.0
"(np.float64(1.5), 190, 160, 40, 10)",houghCircle,0.6291666666666667,50002192.73125,40065625.0
"(np.float64(1.5), 190, 160, 40, 15)",houghCircle,0.6770833333333334,40144111.014583334,31572150.5
"(np.float64(1.5), 190, 160, 45, 5)",houghCircle,0.2125,45619403.3875,34273814.0
"(np.float64(1.5), 190, 160, 45, 10)",houghCircle,0.23125,41374151.885416664,33086792.5
"(np.float64(1.5), 190, 160, 45, 15)",houghCircle,0.2375,42297589.65416667,32575713.0
"(np.float64(1.5), 190, 170, 30, 5)",houghCircle,0.65625,45408686.572916664,33857127.5
"(np.float64(1.5), 190, 170, 30, 10)",houghCircle,0.7145833333333333,43037964.26875,32404634.5
"(np.float64(1.5), 190, 170, 30, 15)",houghCircle,0.80625,44815136.90416667,33197559.5
"(np.float64(1.5), 190, 170, 35, 5)",houghCircle,0.6854166666666667,45622333.110416666,34192626.0
"(np.float64(1.5), 190, 170, 35, 10)",houghCircle,0.7166666666666667,45172909.94583333,34576250.5
"(np.float64(1.5), 190, 170, 35, 15)",houghCircle,0.7916666666666666,41781799.020833336,32404653.0
"(np.float64(1.5), 190, 170, 40, 5)",houghCircle,0.5958333333333333,50400764.35,39436995.5
"(np.float64(1.5), 190, 170, 40, 10)",houghCircle,0.6270833333333333,43036654.16875,32717609.5
"(np.float64(1.5), 190, 170, 40, 15)",houghCircle,0.6729166666666667,44267249.822916664,32939191.0
"(np.float64(1.5), 190, 170, 45, 5)",houghCircle,0.2125,40327321.31458333,32330548.5
"(np.float64(1.5), 190, 170, 45, 10)",houghCircle,0.23125,42430351.3125,33036123.0
"(np.float64(1.5), 190, 170, 45, 15)",houghCircle,0.2375,42705449.704166666,33056781.5
"(np.float64(1.5), 190, 180, 30, 5)",houghCircle,0.6583333333333333,41328587.8625,32398261.0
"(np.float64(1.5), 190, 180, 30, 10)",houghCircle,0.71875,43049104.7125,33372789.0
"(np.float64(1.5), 190, 180, 30, 15)",houghCircle,0.8020833333333334,43277709.47083333,32851636.5
"(np.float64(1.5), 190, 180, 35, 5)",houghCircle,0.6916666666666667,42156751.75416667,33547741.5
"(np.float64(1.5), 190, 180, 35, 10)",houghCircle,0.7145833333333333,40695963.885416664,32416911.0
"(np.float64(1.5), 190, 180, 35, 15)",houghCircle,0.7895833333333333,44738528.139583334,32593265.5
"(np.float64(1.5), 190, 180, 40, 5)",houghCircle,0.5979166666666667,48707441.233333334,39067177.0
"(np.float64(1.5), 190, 180, 40, 10)",houghCircle,0.6291666666666667,41326182.45,32809532.5
"(np.float64(1.5), 190, 180, 40, 15)",houghCircle,0.6729166666666667,42344787.54375,32372308.0
"(np.float64(1.5), 190, 180, 45, 5)",houghCircle,0.2125,44977191.479166664,33565956.0
"(np.float64(1.5), 190, 180, 45, 10)",houghCircle,0.23125,44559655.38333333,32517153.5
"(np.float64(1.5), 190, 180, 45, 15)",houghCircle,0.2375,43189795.27708333,32865516.5
"(np.float64(1.5), 190, 190, 30, 5)",houghCircle,0.6625,42263498.99791667,32132427.5
"(np.float64(1.5), 190, 190, 30, 10)",houghCircle,0.7104166666666667,42835216.202083334,31759343.0
"(np.float64(1.5), 190, 190, 30, 15)",houghCircle,0.79375,39032934.5375,30708379.5
"(np.float64(1.5), 190, 190, 35, 5)",houghCircle,0.6791666666666667,41567816.84791667,32514318.5
"(np.float64(1.5), 190, 190, 35, 10)",houghCircle,0.7041666666666667,40603432.885416664,31640844.5
"(np.float64(1.5), 190, 190, 35, 15)",houghCircle,0.7791666666666667,47659747.170833334,36924342.0
"(np.float64(1.5), 190, 190, 40, 5)",houghCircle,0.5895833333333333,43177944.94375,33465468.5
"(np.float64(1.5), 190, 190, 40, 10)",houghCircle,0.625,43309283.83125,32898479.5
"(np.float64(1.5), 190, 190, 40, 15)",houghCircle,0.6666666666666666,42779478.36666667,31900877.0
"(np.float64(1.5), 190, 190, 45, 5)",houghCircle,0.2125,42274972.50416667,32809727.0
"(np.float64(1.5), 190, 190, 45, 10)",houghCircle,0.23125,43430078.43541667,32568375.5
"(np.float64(1.5), 190, 190, 45, 15)",houghCircle,0.2375,44318276.729166664,32687969.5
"(np.float64(1.5), 190, 200, 30, 5)",houghCircle,0.6604166666666667,42219661.06666667,31888068.5
"(np.float64(1.5), 190, 200, 30, 10)",houghCircle,0.7041666666666667,40544006.447916664,32377240.0
"(np.float64(1.5), 190, 200, 30, 15)",houghCircle,0.7875,40929018.51875,31397854.0
"(np.float64(1.5), 190, 200, 35, 5)",houghCircle,0.6770833333333334,45446327.21458333,32821494.5
"(np.float64(1.5), 190, 200, 35, 10)",houghCircle,0.70625,49729476.00208333,39242325.0
"(np.float64(1.5), 190, 200, 35, 15)",houghCircle,0.7770833333333333,38711717.104166664,30135035.0
"(np.float64(1.5), 190, 200, 40, 5)",houghCircle,0.5895833333333333,40285357.97291667,32060758.0
"(np.float64(1.5), 190, 200, 40, 10)",houghCircle,0.625,44743498.4625,33622507.0
"(np.float64(1.5), 190, 200, 40, 15)",houghCircle,0.6666666666666666,42215102.329166666,31843014.5
"(np.float64(1.5), 190, 200, 45, 5)",houghCircle,0.2125,42918455.94375,32894256.0
"(np.float64(1.5), 190, 200, 45, 10)",houghCircle,0.23125,42181725.86875,31899444.5
"(np.float64(1.5), 190, 200, 45, 15)",houghCircle,0.2375,42894070.608333334,32370758.5
"(np.float64(1.5), 190, 210, 30, 5)",houghCircle,0.6583333333333333,44180642.75,32539029.5
"(np.float64(1.5), 190, 210, 30, 10)",houghCircle,0.7,42234700.62916667,31993019.5
"(np.float64(1.5), 190, 210, 30, 15)",houghCircle,0.7833333333333333,42212360.87083333,32018458.0
"(np.float64(1.5), 190, 210, 35, 5)",houghCircle,0.6791666666666667,42553627.81041667,32347450.5
"(np.float64(1.5), 190, 210, 35, 10)",houghCircle,0.7083333333333334,49472083.76875,38351143.5
"(np.float64(1.5), 190, 210, 35, 15)",houghCircle,0.7770833333333333,42857329.83541667,31473480.5
"(np.float64(1.5), 190, 210, 40, 5)",houghCircle,0.59375,41012773.677083336,31712575.0
"(np.float64(1.5), 190, 210, 40, 10)",houghCircle,0.625,42397087.3,31478413.5
"(np.float64(1.5), 190, 210, 40, 15)",houghCircle,0.6666666666666666,42539657.8125,31212616.5
"(np.float64(1.5), 190, 210, 45, 5)",houghCircle,0.2125,43728731.422916666,33189814.5
"(np.float64(1.5), 190, 210, 45, 10)",houghCircle,0.23125,44143137.68958333,32840961.5
"(np.float64(1.5), 190, 210, 45, 15)",houghCircle,0.2375,44821926.62291667,32650854.0
"(np.float64(1.5), 190, 220, 30, 5)",houghCircle,0.6645833333333333,42231735.96666667,32265136.5
"(np.float64(1.5), 190, 220, 30, 10)",houghCircle,0.69375,40538820.74375,31338306.5
"(np.float64(1.5), 190, 220, 30, 15)",houghCircle,0.78125,41724672.38125,31826217.5
"(np.float64(1.5), 190, 220, 35, 5)",houghCircle,0.675,46817658.78333333,36934160.0
"(np.float64(1.5), 190, 220, 35, 10)",houghCircle,0.7041666666666667,44321484.479166664,32644493.0
"(np.float64(1.5), 190, 220, 35, 15)",houghCircle,0.7729166666666667,41401512.53541667,31781433.5
"(np.float64(1.5), 190, 220, 40, 5)",houghCircle,0.59375,42255474.0625,31917589.0
"(np.float64(1.5), 190, 220, 40, 10)",houghCircle,0.625,43005163.15416667,32165038.0
"(np.float64(1.5), 190, 220, 40, 15)",houghCircle,0.6666666666666666,41587347.88333333,31245658.0
"(np.float64(1.5), 190, 220, 45, 5)",houghCircle,0.2125,41537452.614583336,31733703.0
"(np.float64(1.5), 190, 220, 45, 10)",houghCircle,0.23125,44853880.50833333,33072696.5
"(np.float64(1.5), 190, 220, 45, 15)",houghCircle,0.2375,40933667.704166666,31588276.5
"(np.float64(1.5), 190, 230, 30, 5)",houghCircle,0.6645833333333333,42217713.38125,32077994.5
"(np.float64(1.5), 190, 230, 30, 10)",houghCircle,0.6916666666666667,48902502.55625,37572678.5
"(np.float64(1.5), 190, 230, 30, 15)",houghCircle,0.7791666666666667,39584650.139583334,30471266.0
"(np.float64(1.5), 190, 230, 35, 5)",houghCircle,0.6791666666666667,43423398.391666666,32417140.0
"(np.float64(1.5), 190, 230, 35, 10)",houghCircle,0.70625,43490110.12708333,31892542.0
"(np.float64(1.5), 190, 230, 35, 15)",houghCircle,0.7729166666666667,44203935.90416667,31922318.0
"(np.float64(1.5), 190, 230, 40, 5)",houghCircle,0.59375,40476689.579166666,31475088.5
"(np.float64(1.5), 190, 230, 40, 10)",houghCircle,0.625,41246325.29375,31761967.5
"(np.float64(1.5), 190, 230, 40, 15)",houghCircle,0.6666666666666666,39928544.052083336,30615882.5
"(np.float64(1.5), 190, 230, 45, 5)",houghCircle,0.2125,43020132.19375,31792380.0
"(np.float64(1.5), 190, 230, 45, 10)",houghCircle,0.23125,40708022.489583336,31469047.5
"(np.float64(1.5), 190, 230, 45, 15)",houghCircle,0.2375,41749487.989583336,32247372.0
"(np.float64(1.5), 190, 240, 30, 5)",houghCircle,0.6666666666666666,47230139.96666667,37923752.0
"(np.float64(1.5), 190, 240, 30, 10)",houghCircle,0.69375,44072814.11666667,32068006.5
"(np.float64(1.5), 190, 240, 30, 15)",houghCircle,0.78125,41964671.577083334,31386036.5
"(np.float64(1.5), 190, 240, 35, 5)",houghCircle,0.6833333333333333,40276883.80625,31071076.0
"(np.float64(1.5), 190, 240, 35, 10)",houghCircle,0.7104166666666667,41434707.583333336,31444085.0
"(np.float64(1.5), 190, 240, 35, 15)",houghCircle,0.7729166666666667,41118895.702083334,30394947.0
"(np.float64(1.5), 190, 240, 40, 5)",houghCircle,0.5958333333333333,41984127.96041667,31592995.5
"(np.float64(1.5), 190, 240, 40, 10)",houghCircle,0.63125,41643571.8375,30875914.5
"(np.float64(1.5), 190, 240, 40, 15)",houghCircle,0.66875,43423943.725,31545936.5
"(np.float64(1.5), 190, 240, 45, 5)",houghCircle,0.2125,45194296.8,32697156.5
"(np.float64(1.5), 190, 240, 45, 10)",houghCircle,0.23125,44529479.46041667,31778137.0
"(np.float64(1.5), 190, 240, 45, 15)",houghCircle,0.2375,47435619.6125,38259635.5
"(np.float64(1.5), 190, 250, 30, 5)",houghCircle,0.6729166666666667,42274423.30625,31847322.5
"(np.float64(1.5), 190, 250, 30, 10)",houghCircle,0.7020833333333333,42271003.610416666,31593050.0
"(np.float64(1.5), 190, 250, 30, 15)",houghCircle,0.78125,42402281.2875,31691880.0
"(np.float64(1.5), 190, 250, 35, 5)",houghCircle,0.6854166666666667,37939390.1,31231386.0
"(np.float64(1.5), 190, 250, 35, 10)",houghCircle,0.7104166666666667,42913157.975,31954312.5
"(np.float64(1.5), 190, 250, 35, 15)",houghCircle,0.7729166666666667,40287109.91041667,31336739.5
"(np.float64(1.5), 190, 250, 40, 5)",houghCircle,0.5979166666666667,40006755.59791667,31143586.0
"(np.float64(1.5), 190, 250, 40, 10)",houghCircle,0.63125,44781122.18333333,32141514.5
"(np.float64(1.5), 190, 250, 40, 15)",houghCircle,0.66875,38826177.16041667,29959060.0
"(np.float64(1.5), 190, 250, 45, 5)",houghCircle,0.2125,42318881.639583334,32448807.0
"(np.float64(1.5), 190, 250, 45, 10)",houghCircle,0.23125,40021651.71875,31335436.5
"(np.float64(1.5), 190, 250, 45, 15)",houghCircle,0.2375,53469256.34791667,37964659.0
"(np.float64(1.5), 190, 260, 30, 5)",houghCircle,0.68125,40746903.485416666,31861163.5
"(np.float64(1.5), 190, 260, 30, 10)",houghCircle,0.7041666666666667,41723752.40416667,30979930.0
"(np.float64(1.5), 190, 260, 30, 15)",houghCircle,0.7854166666666667,41784226.725,30549376.5
"(np.float64(1.5), 190, 260, 35, 5)",houghCircle,0.6854166666666667,42543945.43541667,31993095.5
"(np.float64(1.5), 190, 260, 35, 10)",houghCircle,0.7104166666666667,40439983.25208333,31207837.5
"(np.float64(1.5), 190, 260, 35, 15)",houghCircle,0.7729166666666667,40880565.327083334,30403188.0
"(np.float64(1.5), 190, 260, 40, 5)",houghCircle,0.5979166666666667,42479841.15208333,32119753.0
"(np.float64(1.5), 190, 260, 40, 10)",houghCircle,0.6291666666666667,40805003.84375,31262279.0
"(np.float64(1.5), 190, 260, 40, 15)",houghCircle,0.6666666666666666,40606071.604166664,30206258.0
"(np.float64(1.5), 190, 260, 45, 5)",houghCircle,0.2125,41589253.66458333,31656794.5
"(np.float64(1.5), 190, 260, 45, 10)",houghCircle,0.23125,43890610.50833333,31845408.5
"(np.float64(1.5), 190, 260, 45, 15)",houghCircle,0.2375,49003366.325,36961009.5
"(np.float64(1.5), 190, 270, 30, 5)",houghCircle,0.6854166666666667,42139355.12083333,32002453.5
"(np.float64(1.5), 190, 270, 30, 10)",houghCircle,0.70625,38536074.85625,30978932.5
"(np.float64(1.5), 190, 270, 30, 15)",houghCircle,0.7854166666666667,41284298.89375,31085407.5
"(np.float64(1.5), 190, 270, 35, 5)",houghCircle,0.6854166666666667,43102582.141666666,31900030.5
"(np.float64(1.5), 190, 270, 35, 10)",houghCircle,0.7145833333333333,43461701.62916667,32599568.5
"(np.float64(1.5), 190, 270, 35, 15)",houghCircle,0.775,40803125.572916664,30886800.0
"(np.float64(1.5), 190, 270, 40, 5)",houghCircle,0.5958333333333333,44113587.36875,31920830.5
"(np.float64(1.5), 190, 270, 40, 10)",houghCircle,0.6291666666666667,39605318.6625,31253353.0
"(np.float64(1.5), 190, 270, 40, 15)",houghCircle,0.6666666666666666,39585233.62083333,29759009.0
"(np.float64(1.5), 190, 270, 45, 5)",houghCircle,0.2125,41145201.93125,30387693.0
"(np.float64(1.5), 190, 270, 45, 10)",houghCircle,0.23125,41246098.87916667,30698391.0
"(np.float64(1.5), 190, 270, 45, 15)",houghCircle,0.2375,49832080.95625,37993132.0
"(np.float64(1.5), 190, 280, 30, 5)",houghCircle,0.6895833333333333,40683245.329166666,31229863.5
"(np.float64(1.5), 190, 280, 30, 10)",houghCircle,0.70625,40753276.641666666,30865725.5
"(np.float64(1.5), 190, 280, 30, 15)",houghCircle,0.7875,40402917.0125,30559400.5
"(np.float64(1.5), 190, 280, 35, 5)",houghCircle,0.6854166666666667,41432245.40833333,31528063.0
"(np.float64(1.5), 190, 280, 35, 10)",houghCircle,0.7166666666666667,36858486.18958333,29479480.0
"(np.float64(1.5), 190, 280, 35, 15)",houghCircle,0.775,41572014.68125,30264618.0
"(np.float64(1.5), 190, 280, 40, 5)",houghCircle,0.5958333333333333,40682560.52708333,30641459.5
"(np.float64(1.5), 190, 280, 40, 10)",houghCircle,0.63125,38698356.12708333,30828886.5
"(np.float64(1.5), 190, 280, 40, 15)",houghCircle,0.6666666666666666,41877639.35,29905955.5
"(np.float64(1.5), 190, 280, 45, 5)",houghCircle,0.2125,42967037.31458333,32226413.0
"(np.float64(1.5), 190, 280, 45, 10)",houghCircle,0.23125,52868099.0375,38988138.0
"(np.float64(1.5), 190, 280, 45, 15)",houghCircle,0.2375,41275169.71458333,30442251.0
"(np.float64(1.5), 190, 290, 30, 5)",houghCircle,0.6895833333333333,42668278.975,31485122.5
"(np.float64(1.5), 190, 290, 30, 10)",houghCircle,0.7145833333333333,42053139.03333333,31472889.5
"(np.float64(1.5), 190, 290, 30, 15)",houghCircle,0.7895833333333333,41593594.49791667,30676385.5
"(np.float64(1.5), 190, 290, 35, 5)",houghCircle,0.6895833333333333,40542033.58541667,30626992.5
"(np.float64(1.5), 190, 290, 35, 10)",houghCircle,0.71875,43321927.75,31574489.0
"(np.float64(1.5), 190, 290, 35, 15)",houghCircle,0.7791666666666667,43375358.3125,31113389.5
"(np.float64(1.5), 190, 290, 40, 5)",houghCircle,0.5958333333333333,39075964.11666667,31414289.5
"(np.float64(1.5), 190, 290, 40, 10)",houghCircle,0.63125,39022714.90416667,30705193.5
"(np.float64(1.5), 190, 290, 40, 15)",houghCircle,0.6666666666666666,46633577.510416664,35954847.0
"(np.float64(1.5), 190, 290, 45, 5)",houghCircle,0.21458333333333332,42575667.65416667,31994683.5
"(np.float64(1.5), 190, 290, 45, 10)",houghCircle,0.23125,41634510.94375,30440949.0
"(np.float64(1.5), 190, 290, 45, 15)",houghCircle,0.2375,40848597.85,30345154.0
"(np.float64(1.5), 200, 100, 30, 5)",houghCircle,0.53125,47588199.0625,38244789.0
"(np.float64(1.5), 200, 100, 30, 10)",houghCircle,0.65625,44869595.635416664,36483364.0
"(np.float64(1.5), 200, 100, 30, 15)",houghCircle,0.8,44554890.983333334,35813120.0
"(np.float64(1.5), 200, 100, 35, 5)",houghCircle,0.6916666666666667,47020564.333333336,38929053.0
"(np.float64(1.5), 200, 100, 35, 10)",houghCircle,0.7270833333333333,44948001.85208333,36583938.5
"(np.float64(1.5), 200, 100, 35, 15)",houghCircle,0.80625,47871976.63125,37418204.0
"(np.float64(1.5), 200, 100, 40, 5)",houghCircle,0.6333333333333333,48304342.083333336,38237280.5
"(np.float64(1.5), 200, 100, 40, 10)",houghCircle,0.6791666666666667,42282126.81458333,34884309.5
"(np.float64(1.5), 200, 100, 40, 15)",houghCircle,0.7208333333333333,45856727.547916666,35240121.5
"(np.float64(1.5), 200, 100, 45, 5)",houghCircle,0.3645833333333333,54172849.985416666,44848785.5
"(np.float64(1.5), 200, 100, 45, 10)",houghCircle,0.3854166666666667,45995078,36539385.5
"(np.float64(1.5), 200, 100, 45, 15)",houghCircle,0.3958333333333333,45122721.00416667,36145756.5
"(np.float64(1.5), 200, 110, 30, 5)",houghCircle,0.5604166666666667,47719835.475,37223803.5
"(np.float64(1.5), 200, 110, 30, 10)",houghCircle,0.66875,46207939.202083334,36600209.0
"(np.float64(1.5), 200, 110, 30, 15)",houghCircle,0.8020833333333334,41907981.208333336,34359824.5
"(np.float64(1.5), 200, 110, 35, 5)",houghCircle,0.6895833333333333,45242027.16458333,37014254.0
"(np.float64(1.5), 200, 110, 35, 10)",houghCircle,0.7291666666666666,47273579.17916667,37587941.5
"(np.float64(1.5), 200, 110, 35, 15)",houghCircle,0.80625,46692618.989583336,35288342.0
"(np.float64(1.5), 200, 110, 40, 5)",houghCircle,0.60625,44695855.08541667,35868321.0
"(np.float64(1.5), 200, 110, 40, 10)",houghCircle,0.6416666666666667,44958347.80833333,35374379.5
"(np.float64(1.5), 200, 110, 40, 15)",houghCircle,0.6854166666666667,50846221.8625,40635679.0
"(np.float64(1.5), 200, 110, 45, 5)",houghCircle,0.3020833333333333,44942767.88125,36348457.0
"(np.float64(1.5), 200, 110, 45, 10)",houghCircle,0.3229166666666667,46227482.34583333,36810498.5
"(np.float64(1.5), 200, 110, 45, 15)",houghCircle,0.33541666666666664,45449983.6,36066823.5
"(np.float64(1.5), 200, 120, 30, 5)",houghCircle,0.59375,46370259.47083333,36199908.5
"(np.float64(1.5), 200, 120, 30, 10)",houghCircle,0.6895833333333333,46871969.96875,36534640.5
"(np.float64(1.5), 200, 120, 30, 15)",houghCircle,0.80625,44860739.36875,35004986.0
"(np.float64(1.5), 200, 120, 35, 5)",houghCircle,0.6916666666666667,45025115.145833336,35784758.5
"(np.float64(1.5), 200, 120, 35, 10)",houghCircle,0.7270833333333333,41739609.297916666,33467146.5
"(np.float64(1.5), 200, 120, 35, 15)",houghCircle,0.7979166666666667,43935580.58958333,34609444.0
"(np.float64(1.5), 200, 120, 40, 5)",houghCircle,0.6104166666666667,42504412.46041667,34482777.5
"(np.float64(1.5), 200, 120, 40, 10)",houghCircle,0.6395833333333333,52622203.68541667,42630698.0
"(np.float64(1.5), 200, 120, 40, 15)",houghCircle,0.6833333333333333,46247654.39375,35076500.5
"(np.float64(1.5), 200, 120, 45, 5)",houghCircle,0.275,47557350.84375,37074459.0
"(np.float64(1.5), 200, 120, 45, 10)",houghCircle,0.2916666666666667,44765267.37083333,36336764.5
"(np.float64(1.5), 200, 120, 45, 15)",houghCircle,0.30416666666666664,45717792.10208333,35167160.0
"(np.float64(1.5), 200, 130, 30, 5)",houghCircle,0.6104166666666667,46499680.14791667,35733844.5
"(np.float64(1.5), 200, 130, 30, 10)",houghCircle,0.6979166666666666,45333939.114583336,35189792.0
"(np.float64(1.5), 200, 130, 30, 15)",houghCircle,0.8125,43929219.489583336,34893336.5
"(np.float64(1.5), 200, 130, 35, 5)",houghCircle,0.6895833333333333,44619135.53125,35103090.0
"(np.float64(1.5), 200, 130, 35, 10)",houghCircle,0.7229166666666667,44884005.97708333,34602219.5
"(np.float64(1.5), 200, 130, 35, 15)",houghCircle,0.7958333333333333,50605062.925,39640998.5
"(np.float64(1.5), 200, 130, 40, 5)",houghCircle,0.6041666666666666,44208279.74583333,35474105.0
"(np.float64(1.5), 200, 130, 40, 10)",houghCircle,0.6333333333333333,46410809.329166666,35059623.5
"(np.float64(1.5), 200, 130, 40, 15)",houghCircle,0.6770833333333334,43374718.06041667,33313297.0
"(np.float64(1.5), 200, 130, 45, 5)",houghCircle,0.2375,43880921.3875,35031236.0
"(np.float64(1.5), 200, 130, 45, 10)",houghCircle,0.25416666666666665,43199079.86666667,34507041.5
"(np.float64(1.5), 200, 130, 45, 15)",houghCircle,0.2625,44629917.3375,34175810.5
"(np.float64(1.5), 200, 140, 30, 5)",houghCircle,0.6229166666666667,41482431.10208333,33039863.5
"(np.float64(1.5), 200, 140, 30, 10)",houghCircle,0.7104166666666667,44975585.895833336,35103977.0
"(np.float64(1.5), 200, 140, 30, 15)",houghCircle,0.80625,44106906.59791667,33315642.0
"(np.float64(1.5), 200, 140, 35, 5)",houghCircle,0.6875,43314482.77291667,34649514.5
"(np.float64(1.5), 200, 140, 35, 10)",houghCircle,0.7208333333333333,43501066.916666664,33372313.5
"(np.float64(1.5), 200, 140, 35, 15)",houghCircle,0.7916666666666666,46586971.74166667,34512937.0
"(np.float64(1.5), 200, 140, 40, 5)",houghCircle,0.6104166666666667,52042882.197916664,41594587.5
"(np.float64(1.5), 200, 140, 40, 10)",houghCircle,0.6354166666666666,44045125.770833336,33610229.5
"(np.float64(1.5), 200, 140, 40, 15)",houghCircle,0.6791666666666667,42886195.39791667,31958099.5
"(np.float64(1.5), 200, 140, 45, 5)",houghCircle,0.22916666666666666,45556009.885416664,34630437.0
"(np.float64(1.5), 200, 140, 45, 10)",houghCircle,0.24791666666666667,42837719.916666664,34489032.5
"(np.float64(1.5), 200, 140, 45, 15)",houghCircle,0.2520833333333333,44043854.329166666,33903545.0
"(np.float64(1.5), 200, 150, 30, 5)",houghCircle,0.64375,40998891.14375,33283391.5
"(np.float64(1.5), 200, 150, 30, 10)",houghCircle,0.7145833333333333,46767517.43333333,34016837.5
"(np.float64(1.5), 200, 150, 30, 15)",houghCircle,0.80625,43019303.825,32643541.5
"(np.float64(1.5), 200, 150, 35, 5)",houghCircle,0.6916666666666667,43680162.30625,33746746.0
"(np.float64(1.5), 200, 150, 35, 10)",houghCircle,0.7208333333333333,43365250.075,34356510.0
"(np.float64(1.5), 200, 150, 35, 15)",houghCircle,0.7916666666666666,43294697.072916664,33892458.5
"(np.float64(1.5), 200, 150, 40, 5)",houghCircle,0.60625,42884925.4875,34752592.5
"(np.float64(1.5), 200, 150, 40, 10)",houghCircle,0.63125,43146482.99583333,32981304.5
"(np.float64(1.5), 200, 150, 40, 15)",houghCircle,0.675,41750429.5,34084434.0
"(np.float64(1.5), 200, 150, 45, 5)",houghCircle,0.22291666666666668,43299036.275,34760157.0
"(np.float64(1.5), 200, 150, 45, 10)",houghCircle,0.23958333333333334,43435024.53958333,33329383.0
"(np.float64(1.5), 200, 150, 45, 15)",houghCircle,0.24375,44555949.74375,33249833.5
"(np.float64(1.5), 200, 160, 30, 5)",houghCircle,0.6520833333333333,43694032.18541667,33836463.0
"(np.float64(1.5), 200, 160, 30, 10)",houghCircle,0.7166666666666667,45040438.979166664,33331842.5
"(np.float64(1.5), 200, 160, 30, 15)",houghCircle,0.8104166666666667,45113692.275,33459131.0
"(np.float64(1.5), 200, 160, 35, 5)",houghCircle,0.69375,53822818.08125,40550715.5
"(np.float64(1.5), 200, 160, 35, 10)",houghCircle,0.7229166666666667,39624415.31458333,31933964.5
"(np.float64(1.5), 200, 160, 35, 15)",houghCircle,0.7958333333333333,41617880.952083334,32613430.0
"(np.float64(1.5), 200, 160, 40, 5)",houghCircle,0.6083333333333333,41870541.53958333,33065623.0
"(np.float64(1.5), 200, 160, 40, 10)",houghCircle,0.6333333333333333,45278516.16875,34119590.5
"(np.float64(1.5), 200, 160, 40, 15)",houghCircle,0.6770833333333334,41961348.39375,32237203.0
"(np.float64(1.5), 200, 160, 45, 5)",houghCircle,0.21666666666666667,43118540.052083336,32362753.5
"(np.float64(1.5), 200, 160, 45, 10)",houghCircle,0.23541666666666666,44039175.05,34145508.0
"(np.float64(1.5), 200, 160, 45, 15)",houghCircle,0.2375,41962962.75416667,32627125.5
"(np.float64(1.5), 200, 170, 30, 5)",houghCircle,0.6645833333333333,42683899.7375,33423583.5
"(np.float64(1.5), 200, 170, 30, 10)",houghCircle,0.7208333333333333,42202164.64375,31581684.5
"(np.float64(1.5), 200, 170, 30, 15)",houghCircle,0.8083333333333333,46589063.225,36117629.5
"(np.float64(1.5), 200, 170, 35, 5)",houghCircle,0.6916666666666667,43424143.291666664,33618099.0
"(np.float64(1.5), 200, 170, 35, 10)",houghCircle,0.7208333333333333,42615708.30833333,32486701.5
"(np.float64(1.5), 200, 170, 35, 15)",houghCircle,0.7916666666666666,39660144.08541667,30762301.5
"(np.float64(1.5), 200, 170, 40, 5)",houghCircle,0.6020833333333333,44925542.37708333,34102007.0
"(np.float64(1.5), 200, 170, 40, 10)",houghCircle,0.63125,44456951.172916666,33812573.5
"(np.float64(1.5), 200, 170, 40, 15)",houghCircle,0.6729166666666667,39021703.670833334,31870735.5
"(np.float64(1.5), 200, 170, 45, 5)",houghCircle,0.21666666666666667,44094200.57083333,33635402.0
"(np.float64(1.5), 200, 170, 45, 10)",houghCircle,0.23541666666666666,42024668.65416667,33563741.5
"(np.float64(1.5), 200, 170, 45, 15)",houghCircle,0.2375,45827331.729166664,32962159.5
"(np.float64(1.5), 200, 180, 30, 5)",houghCircle,0.66875,43645281.6625,32510396.5
"(np.float64(1.5), 200, 180, 30, 10)",houghCircle,0.725,43117759.71041667,33221660.0
"(np.float64(1.5), 200, 180, 30, 15)",houghCircle,0.8041666666666667,47212354.55,38304901.5
"(np.float64(1.5), 200, 180, 35, 5)",houghCircle,0.6979166666666666,41800891.03333333,32345402.0
"(np.float64(1.5), 200, 180, 35, 10)",houghCircle,0.71875,41659133.479166664,32954595.5
"(np.float64(1.5), 200, 180, 35, 15)",houghCircle,0.7895833333333333,40686875.485416666,31845954.5
"(np.float64(1.5), 200, 180, 40, 5)",houghCircle,0.6041666666666666,42968653.71666667,32760900.5
"(np.float64(1.5), 200, 180, 40, 10)",houghCircle,0.6333333333333333,42347125.93333333,32598256.0
"(np.float64(1.5), 200, 180, 40, 15)",houghCircle,0.6729166666666667,44425372.99583333,32028778.0
"(np.float64(1.5), 200, 180, 45, 5)",houghCircle,0.21666666666666667,44268238.795833334,33691447.0
"(np.float64(1.5), 200, 180, 45, 10)",houghCircle,0.23541666666666666,44040472.05833333,33602660.0
"(np.float64(1.5), 200, 180, 45, 15)",houghCircle,0.2375,41976118.5125,32188963.0
"(np.float64(1.5), 200, 190, 30, 5)",houghCircle,0.6708333333333333,43275443.99166667,32740246.5
"(np.float64(1.5), 200, 190, 30, 10)",houghCircle,0.7166666666666667,40305257.21458333,32131349.5
"(np.float64(1.5), 200, 190, 30, 15)",houghCircle,0.7958333333333333,39801593.8125,31672865.0
"(np.float64(1.5), 200, 190, 35, 5)",houghCircle,0.6854166666666667,42973337.00208333,33401006.0
"(np.float64(1.5), 200, 190, 35, 10)",houghCircle,0.7083333333333334,39329990.266666666,31913641.0
"(np.float64(1.5), 200, 190, 35, 15)",houghCircle,0.7791666666666667,42460761.702083334,31537281.0
"(np.float64(1.5), 200, 190, 40, 5)",houghCircle,0.5958333333333333,43183106.4875,32850353.5
"(np.float64(1.5), 200, 190, 40, 10)",houghCircle,0.6291666666666667,42996734.85625,32413203.5
"(np.float64(1.5), 200, 190, 40, 15)",houghCircle,0.6666666666666666,44866497.25625,32592124.0
"(np.float64(1.5), 200, 190, 45, 5)",houghCircle,0.21666666666666667,43383280.71041667,33860568.5
"(np.float64(1.5), 200, 190, 45, 10)",houghCircle,0.23541666666666666,43647142.639583334,32488599.0
"(np.float64(1.5), 200, 190, 45, 15)",houghCircle,0.2375,39997102.40625,31871092.0
"(np.float64(1.5), 200, 200, 30, 5)",houghCircle,0.6666666666666666,41828264.61875,32989917.0
"(np.float64(1.5), 200, 200, 30, 10)",houghCircle,0.7083333333333334,40408017.583333336,30551886.5
"(np.float64(1.5), 200, 200, 30, 15)",houghCircle,0.7895833333333333,41627093.12708333,32605629.5
"(np.float64(1.5), 200, 200, 35, 5)",houghCircle,0.6833333333333333,46460287.15,34057083.0
"(np.float64(1.5), 200, 200, 35, 10)",houghCircle,0.7104166666666667,41984694.59583333,30759627.0
"(np.float64(1.5), 200, 200, 35, 15)",houghCircle,0.7770833333333333,40446866.33125,31271116.0
"(np.float64(1.5), 200, 200, 40, 5)",houghCircle,0.5958333333333333,42421575.1,32651571.5
"(np.float64(1.5), 200, 200, 40, 10)",houghCircle,0.6291666666666667,42548051.6375,32608921.0
"(np.float64(1.5), 200, 200, 40, 15)",houghCircle,0.6666666666666666,42179908.56875,31706828.0
"(np.float64(1.5), 200, 200, 45, 5)",houghCircle,0.21666666666666667,52833206.447916664,41386196.5
"(np.float64(1.5), 200, 200, 45, 10)",houghCircle,0.23541666666666666,40035125.64791667,31821724.0
"(np.float64(1.5), 200, 200, 45, 15)",houghCircle,0.2375,44606887.38125,32082569.0
"(np.float64(1.5), 200, 210, 30, 5)",houghCircle,0.6645833333333333,42831017.66458333,32009632.0
"(np.float64(1.5), 200, 210, 30, 10)",houghCircle,0.7020833333333333,41821397.5375,31173758.5
"(np.float64(1.5), 200, 210, 30, 15)",houghCircle,0.7854166666666667,42139747.114583336,30823642.0
"(np.float64(1.5), 200, 210, 35, 5)",houghCircle,0.6854166666666667,43075765.391666666,32460346.5
"(np.float64(1.5), 200, 210, 35, 10)",houghCircle,0.7125,41476194.57083333,32255002.5
"(np.float64(1.5), 200, 210, 35, 15)",houghCircle,0.7770833333333333,40908970.59583333,30814379.5
"(np.float64(1.5), 200, 210, 40, 5)",houghCircle,0.5979166666666667,42028309.73125,33368546.0
"(np.float64(1.5), 200, 210, 40, 10)",houghCircle,0.6291666666666667,42123464.735416666,31229006.0
"(np.float64(1.5), 200, 210, 40, 15)",houghCircle,0.6666666666666666,54195310.510416664,41378072.5
"(np.float64(1.5), 200, 210, 45, 5)",houghCircle,0.21666666666666667,44765580.895833336,32904871.0
"(np.float64(1.5), 200, 210, 45, 10)",houghCircle,0.23541666666666666,42784419.92916667,31074311.5
"(np.float64(1.5), 200, 210, 45, 15)",houghCircle,0.2375,39815185.90208333,30042010.5
"(np.float64(1.5), 200, 220, 30, 5)",houghCircle,0.6666666666666666,42292326.385416664,32530275.0
"(np.float64(1.5), 200, 220, 30, 10)",houghCircle,0.6958333333333333,41932508.65833333,32744344.5
"(np.float64(1.5), 200, 220, 30, 15)",houghCircle,0.7833333333333333,41401088.729166664,30631531.5
"(np.float64(1.5), 200, 220, 35, 5)",houghCircle,0.68125,41788709.40833333,31884792.0
"(np.float64(1.5), 200, 220, 35, 10)",houghCircle,0.7083333333333334,42556132.358333334,31559812.5
"(np.float64(1.5), 200, 220, 35, 15)",houghCircle,0.7729166666666667,40853271.020833336,32172948.0
"(np.float64(1.5), 200, 220, 40, 5)",houghCircle,0.5979166666666667,43638335.81875,32767694.0
"(np.float64(1.5), 200, 220, 40, 10)",houghCircle,0.6291666666666667,40345052.22708333,31547340.0
"(np.float64(1.5), 200, 220, 40, 15)",houghCircle,0.6666666666666666,52230730.1875,41265661.5
"(np.float64(1.5), 200, 220, 45, 5)",houghCircle,0.21666666666666667,43472369.708333336,32175407.0
"(np.float64(1.5), 200, 220, 45, 10)",houghCircle,0.23541666666666666,44565367.452083334,31611173.5
"(np.float64(1.5), 200, 220, 45, 15)",houghCircle,0.2375,40696642.604166664,31166995.5
"(np.float64(1.5), 200, 230, 30, 5)",houghCircle,0.6666666666666666,43491040.56041667,32542145.5
"(np.float64(1.5), 200, 230, 30, 10)",houghCircle,0.69375,40538651.947916664,31545867.0
"(np.float64(1.5), 200, 230, 30, 15)",houghCircle,0.7791666666666667,41224687.0375,31302300.5
"(np.float64(1.5), 200, 230, 35, 5)",houghCircle,0.6833333333333333,40422973.483333334,32485855.5
"(np.float64(1.5), 200, 230, 35, 10)",houghCircle,0.7104166666666667,44044282.275,32864275.0
"(np.float64(1.5), 200, 230, 35, 15)",houghCircle,0.7729166666666667,39038303.28541667,30418056.0
"(np.float64(1.5), 200, 230, 40, 5)",houghCircle,0.5979166666666667,43630984.63333333,32283465.0
"(np.float64(1.5), 200, 230, 40, 10)",houghCircle,0.6291666666666667,51603240.16875,40845483.5
"(np.float64(1.5), 200, 230, 40, 15)",houghCircle,0.6666666666666666,39642828.03541667,30945760.0
"(np.float64(1.5), 200, 230, 45, 5)",houghCircle,0.21666666666666667,44361021.80625,32623973.5
"(np.float64(1.5), 200, 230, 45, 10)",houghCircle,0.23541666666666666,40770919.46875,32001566.5
"(np.float64(1.5), 200, 230, 45, 15)",houghCircle,0.2375,45598312.29375,32075184.0
"(np.float64(1.5), 200, 240, 30, 5)",houghCircle,0.66875,43682003.364583336,33271865.0
"(np.float64(1.5), 200, 240, 30, 10)",houghCircle,0.6958333333333333,42075393.74166667,31534920.5
"(np.float64(1.5), 200, 240, 30, 15)",houghCircle,0.78125,42035228.1,29563171.0
"(np.float64(1.5), 200, 240, 35, 5)",houghCircle,0.6875,42168172.40208333,31359161.5
"(np.float64(1.5), 200, 240, 35, 10)",houghCircle,0.7145833333333333,40497016.69166667,31327157.5
"(np.float64(1.5), 200, 240, 35, 15)",houghCircle,0.7729166666666667,42186031.68958333,31609085.0
"(np.float64(1.5), 200, 240, 40, 5)",houghCircle,0.6,42977647.07083333,32406561.5
"(np.float64(1.5), 200, 240, 40, 10)",houghCircle,0.6354166666666666,53875129.922916666,40105810.5
"(np.float64(1.5), 200, 240, 40, 15)",houghCircle,0.66875,41066310.68541667,30336813.5
"(np.float64(1.5), 200, 240, 45, 5)",houghCircle,0.21666666666666667,42480070.520833336,32256474.5
"(np.float64(1.5), 200, 240, 45, 10)",houghCircle,0.23541666666666666,44020404.22291667,32950491.5
"(np.float64(1.5), 200, 240, 45, 15)",houghCircle,0.2375,41116358.72291667,31303657.5
"(np.float64(1.5), 200, 250, 30, 5)",houghCircle,0.6729166666666667,42168266.416666664,31456077.5
"(np.float64(1.5), 200, 250, 30, 10)",houghCircle,0.7020833333333333,40042119.675,30160954.5
"(np.float64(1.5), 200, 250, 30, 15)",houghCircle,0.78125,43897555.47708333,31103090.5
"(np.float64(1.5), 200, 250, 35, 5)",houghCircle,0.6895833333333333,42502468.97291667,31683023.5
"(np.float64(1.5), 200, 250, 35, 10)",houghCircle,0.7145833333333333,41961316.90416667,30958650.0
"(np.float64(1.5), 200, 250, 35, 15)",houghCircle,0.7729166666666667,42686443.610416666,31344142.5
"(np.float64(1.5), 200, 250, 40, 5)",houghCircle,0.6020833333333333,40651221.985416666,31275605.0
"(np.float64(1.5), 200, 250, 40, 10)",houghCircle,0.6354166666666666,41186801.697916664,32489036.5
"(np.float64(1.5), 200, 250, 40, 15)",houghCircle,0.66875,40973362.5125,31396295.5
"(np.float64(1.5), 200, 250, 45, 5)",houghCircle,0.21666666666666667,54916993.96041667,41419609.0
"(np.float64(1.5), 200, 250, 45, 10)",houghCircle,0.23541666666666666,40341302.052083336,30867659.5
"(np.float64(1.5), 200, 250, 45, 15)",houghCircle,0.2375,40998963.197916664,30995032.5
"(np.float64(1.5), 200, 260, 30, 5)",houghCircle,0.68125,44423491,33192155.0
"(np.float64(1.5), 200, 260, 30, 10)",houghCircle,0.7041666666666667,41544742.84166667,31983948.5
"(np.float64(1.5), 200, 260, 30, 15)",houghCircle,0.7854166666666667,39575690.88333333,30218716.0
"(np.float64(1.5), 200, 260, 35, 5)",houghCircle,0.6895833333333333,39419717.827083334,31240438.5
"(np.float64(1.5), 200, 260, 35, 10)",houghCircle,0.7145833333333333,45427135.329166666,32825948.0
"(np.float64(1.5), 200, 260, 35, 15)",houghCircle,0.7729166666666667,41599851.175,32280084.0
"(np.float64(1.5), 200, 260, 40, 5)",houghCircle,0.6020833333333333,44235799.97291667,31340570.5
"(np.float64(1.5), 200, 260, 40, 10)",houghCircle,0.6333333333333333,43213702.385416664,30751767.0
"(np.float64(1.5), 200, 260, 40, 15)",houghCircle,0.6666666666666666,38198486.02291667,30923243.5
"(np.float64(1.5), 200, 260, 45, 5)",houghCircle,0.21666666666666667,49846366.635416664,39007750.0
"(np.float64(1.5), 200, 260, 45, 10)",houghCircle,0.23541666666666666,40675943.72291667,31211093.0
"(np.float64(1.5), 200, 260, 45, 15)",houghCircle,0.2375,41249420.35625,31557924.5
"(np.float64(1.5), 200, 270, 30, 5)",houghCircle,0.6854166666666667,39532773.90833333,31070610.0
"(np.float64(1.5), 200, 270, 30, 10)",houghCircle,0.70625,40983298.08541667,30502874.5
"(np.float64(1.5), 200, 270, 30, 15)",houghCircle,0.7854166666666667,41557341.38333333,31084842.5
"(np.float64(1.5), 200, 270, 35, 5)",houghCircle,0.6895833333333333,38535473.44583333,29711279.0
"(np.float64(1.5), 200, 270, 35, 10)",houghCircle,0.71875,42579950.672916666,31878556.0
"(np.float64(1.5), 200, 270, 35, 15)",houghCircle,0.775,39778244.3,30862143.5
"(np.float64(1.5), 200, 270, 40, 5)",houghCircle,0.6,38690798.010416664,31519432.0
"(np.float64(1.5), 200, 270, 40, 10)",houghCircle,0.6333333333333333,56041440.30833333,40988476.0
"(np.float64(1.5), 200, 270, 40, 15)",houghCircle,0.6666666666666666,40531622.90208333,31050236.5
"(np.float64(1.5), 200, 270, 45, 5)",houghCircle,0.21666666666666667,41540840.03958333,30853522.5
"(np.float64(1.5), 200, 270, 45, 10)",houghCircle,0.23541666666666666,40336287.145833336,30630183.5
"(np.float64(1.5), 200, 270, 45, 15)",houghCircle,0.2375,41757244.58541667,30775975.5
"(np.float64(1.5), 200, 280, 30, 5)",houghCircle,0.6895833333333333,39747790.31458333,31619975.5
"(np.float64(1.5), 200, 280, 30, 10)",houghCircle,0.70625,46516617.358333334,32147445.5
"(np.float64(1.5), 200, 280, 30, 15)",houghCircle,0.7875,38962525.05,30453126.5
"(np.float64(1.5), 200, 280, 35, 5)",houghCircle,0.6895833333333333,41420074.270833336,31450267.5
"(np.float64(1.5), 200, 280, 35, 10)",houghCircle,0.7208333333333333,41785796.0875,30750228.0
"(np.float64(1.5), 200, 280, 35, 15)",houghCircle,0.775,40143100.7,30435284.0
"(np.float64(1.5), 200, 280, 40, 5)",houghCircle,0.6,40982441.545833334,31995064.0
"(np.float64(1.5), 200, 280, 40, 10)",houghCircle,0.6354166666666666,41628654.74791667,31785535.5
"(np.float64(1.5), 200, 280, 40, 15)",houghCircle,0.6666666666666666,39926995.43958333,30089713.5
"(np.float64(1.5), 200, 280, 45, 5)",houghCircle,0.21666666666666667,45681239.34375,31894430.5
"(np.float64(1.5), 200, 280, 45, 10)",houghCircle,0.23541666666666666,47194226.139583334,37598071.0
"(np.float64(1.5), 200, 280, 45, 15)",houghCircle,0.2375,39526058.49166667,30302183.0
"(np.float64(1.5), 200, 290, 30, 5)",houghCircle,0.6895833333333333,40727269.47083333,31474517.0
"(np.float64(1.5), 200, 290, 30, 10)",houghCircle,0.7145833333333333,41624850.31041667,31430379.5
"(np.float64(1.5), 200, 290, 30, 15)",houghCircle,0.7895833333333333,41808075.108333334,31518845.0
"(np.float64(1.5), 200, 290, 35, 5)",houghCircle,0.69375,45067070.12291667,32603059.5
"(np.float64(1.5), 200, 290, 35, 10)",houghCircle,0.7229166666666667,41465743.354166664,30831039.0
"(np.float64(1.5), 200, 290, 35, 15)",houghCircle,0.7791666666666667,38802765.74791667,30435148.5
"(np.float64(1.5), 200, 290, 40, 5)",houghCircle,0.6,41685970.92916667,30725282.5
"(np.float64(1.5), 200, 290, 40, 10)",houghCircle,0.6354166666666666,41688489.68541667,31628516.0
"(np.float64(1.5), 200, 290, 40, 15)",houghCircle,0.6666666666666666,41176439.62708333,31209721.5
"(np.float64(1.5), 200, 290, 45, 5)",houghCircle,0.21875,48779357.05625,38356624.0
"(np.float64(1.5), 200, 290, 45, 10)",houghCircle,0.23541666666666666,38987854.516666666,31007150.5
"(np.float64(1.5), 200, 290, 45, 15)",houghCircle,0.2375,41025110.39375,30175095.5
"(np.float64(1.5), 210, 100, 30, 5)",houghCircle,0.5416666666666666,47247988.885416664,37449968.0
"(np.float64(1.5), 210, 100, 30, 10)",houghCircle,0.6583333333333333,48006283.858333334,36993311.0
"(np.float64(1.5), 210, 100, 30, 15)",houghCircle,0.8020833333333334,45631349.975,36481326.0
"(np.float64(1.5), 210, 100, 35, 5)",houghCircle,0.69375,44094022.55,36884386.0
"(np.float64(1.5), 210, 100, 35, 10)",houghCircle,0.7270833333333333,45614432.854166664,36313691.0
"(np.float64(1.5), 210, 100, 35, 15)",houghCircle,0.8083333333333333,44427968.59791667,35335396.0
"(np.float64(1.5), 210, 100, 40, 5)",houghCircle,0.6354166666666666,45997959.63125,37708056.5
"(np.float64(1.5), 210, 100, 40, 10)",houghCircle,0.6791666666666667,45781011.02291667,36296333.5
"(np.float64(1.5), 210, 100, 40, 15)",houghCircle,0.7208333333333333,56217424.74166667,43817503.5
"(np.float64(1.5), 210, 100, 45, 5)",houghCircle,0.3645833333333333,46936582.17916667,37649797.0
"(np.float64(1.5), 210, 100, 45, 10)",houghCircle,0.3854166666666667,46731931.71666667,37422917.5
"(np.float64(1.5), 210, 100, 45, 15)",houghCircle,0.3958333333333333,45661509.24166667,35415698.0
"(np.float64(1.5), 210, 110, 30, 5)",houghCircle,0.5708333333333333,46472476.1625,37486702.0
"(np.float64(1.5), 210, 110, 30, 10)",houghCircle,0.66875,44427149.8375,35211193.0
"(np.float64(1.5), 210, 110, 30, 15)",houghCircle,0.8041666666666667,45468263.00833333,35125848.5
"(np.float64(1.5), 210, 110, 35, 5)",houghCircle,0.6916666666666667,44956923.00625,35424814.0
"(np.float64(1.5), 210, 110, 35, 10)",houghCircle,0.7291666666666666,47043169.47291667,36659078.5
"(np.float64(1.5), 210, 110, 35, 15)",houghCircle,0.8083333333333333,45226969.291666664,35522562.0
"(np.float64(1.5), 210, 110, 40, 5)",houghCircle,0.6083333333333333,47209837.13125,36779200.5
"(np.float64(1.5), 210, 110, 40, 10)",houghCircle,0.6416666666666667,53168523.71458333,44608878.5
"(np.float64(1.5), 210, 110, 40, 15)",houghCircle,0.6854166666666667,45024950.15,34179989.0
"(np.float64(1.5), 210, 110, 45, 5)",houghCircle,0.3020833333333333,43479302.66041667,35435359.0
"(np.float64(1.5), 210, 110, 45, 10)",houghCircle,0.3229166666666667,45910316.33125,35284790.0
"(np.float64(1.5), 210, 110, 45, 15)",houghCircle,0.33541666666666664,44587013.2125,35553400.0
"(np.float64(1.5), 210, 120, 30, 5)",houghCircle,0.5979166666666667,47742368.860416666,36879242.5
"(np.float64(1.5), 210, 120, 30, 10)",houghCircle,0.6895833333333333,44435835.7875,34554325.0
"(np.float64(1.5), 210, 120, 30, 15)",houghCircle,0.8083333333333333,44858556.89791667,34248476.5
"(np.float64(1.5), 210, 120, 35, 5)",houghCircle,0.6916666666666667,47849011.604166664,36292807.5
"(np.float64(1.5), 210, 120, 35, 10)",houghCircle,0.7270833333333333,45155803.34375,35964891.0
"(np.float64(1.5), 210, 120, 35, 15)",houghCircle,0.8,44134659.58958333,34734053.5
"(np.float64(1.5), 210, 120, 40, 5)",houghCircle,0.6125,55846514.78958333,43984291.5
"(np.float64(1.5), 210, 120, 40, 10)",houghCircle,0.6395833333333333,44446804.36875,34632897.5
"(np.float64(1.5), 210, 120, 40, 15)",houghCircle,0.6833333333333333,44340448.375,34046053.5
"(np.float64(1.5), 210, 120, 45, 5)",houghCircle,0.275,41860227.34375,34014307.5
"(np.float64(1.5), 210, 120, 45, 10)",houghCircle,0.2916666666666667,42393626.925,34780038.5
"(np.float64(1.5), 210, 120, 45, 15)",houghCircle,0.30416666666666664,45120369.62291667,34686949.5
"(np.float64(1.5), 210, 130, 30, 5)",houghCircle,0.6104166666666667,44473644.514583334,36130776.5
"(np.float64(1.5), 210, 130, 30, 10)",houghCircle,0.6979166666666666,48992868.82083333,38243572.0
"(np.float64(1.5), 210, 130, 30, 15)",houghCircle,0.8145833333333333,44481525.50625,34870374.5
"(np.float64(1.5), 210, 130, 35, 5)",houghCircle,0.6895833333333333,43145204.083333336,34805371.5
"(np.float64(1.5), 210, 130, 35, 10)",houghCircle,0.7229166666666667,44506864.083333336,33971768.0
"(np.float64(1.5), 210, 130, 35, 15)",houghCircle,0.7979166666666667,45672586.03541667,34524440.0
"(np.float64(1.5), 210, 130, 40, 5)",houghCircle,0.60625,45120589.56041667,34327280.0
"(np.float64(1.5), 210, 130, 40, 10)",houghCircle,0.6333333333333333,54539109.81458333,43136371.0
"(np.float64(1.5), 210, 130, 40, 15)",houghCircle,0.6770833333333334,45175954.81875,34780219.5
"(np.float64(1.5), 210, 130, 45, 5)",houghCircle,0.2375,41243901.197916664,33948563.5
"(np.float64(1.5), 210, 130, 45, 10)",houghCircle,0.25416666666666665,44798063.333333336,33738731.0
"(np.float64(1.5), 210, 130, 45, 15)",houghCircle,0.2625,41419462.73125,33543003.0
"(np.float64(1.5), 210, 140, 30, 5)",houghCircle,0.6229166666666667,45200152.4125,34609971.0
"(np.float64(1.5), 210, 140, 30, 10)",houghCircle,0.7104166666666667,44215332.40416667,33587179.5
"(np.float64(1.5), 210, 140, 30, 15)",houghCircle,0.8083333333333333,42661835.525,32377426.5
"(np.float64(1.5), 210, 140, 35, 5)",houghCircle,0.6875,42211332.489583336,33791835.5
"(np.float64(1.5), 210, 140, 35, 10)",houghCircle,0.7208333333333333,45750014.31666667,35176417.0
"(np.float64(1.5), 210, 140, 35, 15)",houghCircle,0.79375,44428174.58958333,33360962.0
"(np.float64(1.5), 210, 140, 40, 5)",houghCircle,0.6125,41865416.64791667,34058165.0
"(np.float64(1.5), 210, 140, 40, 10)",houghCircle,0.6375,52321934.7375,42612648.0
"(np.float64(1.5), 210, 140, 40, 15)",houghCircle,0.6791666666666667,43689988.358333334,33741592.0
"(np.float64(1.5), 210, 140, 45, 5)",houghCircle,0.22916666666666666,43921129.614583336,35319080.0
"(np.float64(1.5), 210, 140, 45, 10)",houghCircle,0.24791666666666667,45153881.9875,35018702.5
"(np.float64(1.5), 210, 140, 45, 15)",houghCircle,0.2520833333333333,40997223.979166664,33412275.5
"(np.float64(1.5), 210, 150, 30, 5)",houghCircle,0.64375,47256522.71875,35186005.0
"(np.float64(1.5), 210, 150, 30, 10)",houghCircle,0.7145833333333333,42830875.575,32869575.0
"(np.float64(1.5), 210, 150, 30, 15)",houghCircle,0.8083333333333333,43399985.05625,33483878.0
"(np.float64(1.5), 210, 150, 35, 5)",houghCircle,0.6916666666666667,44422756.02916667,34745428.5
"(np.float64(1.5), 210, 150, 35, 10)",houghCircle,0.7208333333333333,43013685.83125,33982748.0
"(np.float64(1.5), 210, 150, 35, 15)",houghCircle,0.79375,42604787.172916666,33455433.5
"(np.float64(1.5), 210, 150, 40, 5)",houghCircle,0.6083333333333333,51996393.329166666,40675254.0
"(np.float64(1.5), 210, 150, 40, 10)",houghCircle,0.6333333333333333,44789950.572916664,34626746.5
"(np.float64(1.5), 210, 150, 40, 15)",houghCircle,0.675,45119788.3375,33035642.0
"(np.float64(1.5), 210, 150, 45, 5)",houghCircle,0.22291666666666668,44427083.56041667,34709982.5
"(np.float64(1.5), 210, 150, 45, 10)",houghCircle,0.23958333333333334,45915930.108333334,34248977.0
"(np.float64(1.5), 210, 150, 45, 15)",houghCircle,0.24375,44889953.05625,33764719.0
"(np.float64(1.5), 210, 160, 30, 5)",houghCircle,0.6520833333333333,43231351.322916664,34714972.0
"(np.float64(1.5), 210, 160, 30, 10)",houghCircle,0.7166666666666667,45131362.56458333,33496911.5
"(np.float64(1.5), 210, 160, 30, 15)",houghCircle,0.8104166666666667,43148087.291666664,33024390.0
"(np.float64(1.5), 210, 160, 35, 5)",houghCircle,0.69375,43867580.85208333,33830099.0
"(np.float64(1.5), 210, 160, 35, 10)",houghCircle,0.725,42539765.802083336,33007523.5
"(np.float64(1.5), 210, 160, 35, 15)",houghCircle,0.7958333333333333,53442989.895833336,40981944.0
"(np.float64(1.5), 210, 160, 40, 5)",houghCircle,0.6104166666666667,44105149.327083334,32981054.0
"(np.float64(1.5), 210, 160, 40, 10)",houghCircle,0.6354166666666666,43249207.052083336,33795380.5
"(np.float64(1.5), 210, 160, 40, 15)",houghCircle,0.6770833333333334,43294560.89791667,32621754.5
"(np.float64(1.5), 210, 160, 45, 5)",houghCircle,0.21666666666666667,43907322.15416667,33594078.0
"(np.float64(1.5), 210, 160, 45, 10)",houghCircle,0.23541666666666666,41879977.885416664,32654466.5
"(np.float64(1.5), 210, 160, 45, 15)",houghCircle,0.2375,42162814.15,32231983.0
"(np.float64(1.5), 210, 170, 30, 5)",houghCircle,0.6645833333333333,41894687.141666666,33529222.5
"(np.float64(1.5), 210, 170, 30, 10)",houghCircle,0.7229166666666667,41952441.925,31608779.5
"(np.float64(1.5), 210, 170, 30, 15)",houghCircle,0.8083333333333333,41326185.9375,31605874.0
"(np.float64(1.5), 210, 170, 35, 5)",houghCircle,0.69375,41848346.15625,32783307.5
"(np.float64(1.5), 210, 170, 35, 10)",houghCircle,0.7229166666666667,43384454.58958333,33476513.5
"(np.float64(1.5), 210, 170, 35, 15)",houghCircle,0.7916666666666666,53819650.88333333,41041100.0
"(np.float64(1.5), 210, 170, 40, 5)",houghCircle,0.6041666666666666,44957769.197916664,33528376.0
"(np.float64(1.5), 210, 170, 40, 10)",houghCircle,0.6333333333333333,40419921.74791667,32468788.5
"(np.float64(1.5), 210, 170, 40, 15)",houghCircle,0.6729166666666667,40883420.11666667,32060145.0
"(np.float64(1.5), 210, 170, 45, 5)",houghCircle,0.21875,43653042.7125,33504827.0
"(np.float64(1.5), 210, 170, 45, 10)",houghCircle,0.23541666666666666,41987541.99791667,32815944.0
"(np.float64(1.5), 210, 170, 45, 15)",houghCircle,0.2375,42070015.35,33223784.0
"(np.float64(1.5), 210, 180, 30, 5)",houghCircle,0.66875,45364475.61666667,34072902.0
"(np.float64(1.5), 210, 180, 30, 10)",houghCircle,0.725,42308357.56458333,32259380.0
"(np.float64(1.5), 210, 180, 30, 15)",houghCircle,0.8041666666666667,44263589.18125,32986975.0
"(np.float64(1.5), 210, 180, 35, 5)",houghCircle,0.7,45497726.0625,33923256.0
"(np.float64(1.5), 210, 180, 35, 10)",houghCircle,0.71875,43185531.18125,33119629.0
"(np.float64(1.5), 210, 180, 35, 15)",houghCircle,0.7895833333333333,50253320.34583333,39463825.5
"(np.float64(1.5), 210, 180, 40, 5)",houghCircle,0.60625,41114577.604166664,31466277.5
"(np.float64(1.5), 210, 180, 40, 10)",houghCircle,0.6354166666666666,43109193.12083333,32784891.0
"(np.float64(1.5), 210, 180, 40, 15)",houghCircle,0.6729166666666667,44247409.27916667,32713958.0
"(np.float64(1.5), 210, 180, 45, 5)",houghCircle,0.21875,41546976.295833334,32587425.0
"(np.float64(1.5), 210, 180, 45, 10)",houghCircle,0.23541666666666666,42690830.235416666,32223167.0
"(np.float64(1.5), 210, 180, 45, 15)",houghCircle,0.2375,40637726.56041667,31971414.5
"(np.float64(1.5), 210, 190, 30, 5)",houghCircle,0.6729166666666667,41873827.72708333,33304311.0
"(np.float64(1.5), 210, 190, 30, 10)",houghCircle,0.7166666666666667,40073505.60208333,32029102.0
"(np.float64(1.5), 210, 190, 30, 15)",houghCircle,0.7958333333333333,46350549.764583334,33057722.5
"(np.float64(1.5), 210, 190, 35, 5)",houghCircle,0.6875,45629219.020833336,32761648.0
"(np.float64(1.5), 210, 190, 35, 10)",houghCircle,0.7104166666666667,41349820.954166666,31413448.5
"(np.float64(1.5), 210, 190, 35, 15)",houghCircle,0.7791666666666667,41243999.06041667,31628956.5
"(np.float64(1.5), 210, 190, 40, 5)",houghCircle,0.5979166666666667,50263738.66875,39530576.0
"(np.float64(1.5), 210, 190, 40, 10)",houghCircle,0.63125,42492862.14791667,32226062.0
"(np.float64(1.5), 210, 190, 40, 15)",houghCircle,0.6666666666666666,44751743.50416667,32082769.5
"(np.float64(1.5), 210, 190, 45, 5)",houghCircle,0.21875,42352519.77291667,32619947.0
"(np.float64(1.5), 210, 190, 45, 10)",houghCircle,0.23541666666666666,43589192.65208333,32733610.5
"(np.float64(1.5), 210, 190, 45, 15)",houghCircle,0.2375,41767973.39375,30950069.5
"(np.float64(1.5), 210, 200, 30, 5)",houghCircle,0.6708333333333333,43126696.139583334,33231393.5
"(np.float64(1.5), 210, 200, 30, 10)",houghCircle,0.7083333333333334,41295912.322916664,31831296.0
"(np.float64(1.5), 210, 200, 30, 15)",houghCircle,0.7895833333333333,42039856.75416667,31824509.5
"(np.float64(1.5), 210, 200, 35, 5)",houghCircle,0.6854166666666667,41729837.94375,32146122.0
"(np.float64(1.5), 210, 200, 35, 10)",houghCircle,0.7125,41741727.2375,32856770.0
"(np.float64(1.5), 210, 200, 35, 15)",houghCircle,0.7770833333333333,51353693.83958333,39144150.5
"(np.float64(1.5), 210, 200, 40, 5)",houghCircle,0.5979166666666667,42876414.791666664,33709309.5
"(np.float64(1.5), 210, 200, 40, 10)",houghCircle,0.63125,41920016.204166666,31057966.5
"(np.float64(1.5), 210, 200, 40, 15)",houghCircle,0.6666666666666666,41195617.329166666,31501808.0
"(np.float64(1.5), 210, 200, 45, 5)",houghCircle,0.21875,42070975.1375,31872909.0
"(np.float64(1.5), 210, 200, 45, 10)",houghCircle,0.23541666666666666,41015218.03125,31653979.0
"(np.float64(1.5), 210, 200, 45, 15)",houghCircle,0.2375,42626720.30416667,31916140.5
"(np.float64(1.5), 210, 210, 30, 5)",houghCircle,0.66875,40236144.6125,32144960.0
"(np.float64(1.5), 210, 210, 30, 10)",houghCircle,0.7041666666666667,41675278.125,32172922.5
"(np.float64(1.5), 210, 210, 30, 15)",houghCircle,0.7854166666666667,42092171.58958333,30670772.0
"(np.float64(1.5), 210, 210, 35, 5)",houghCircle,0.6875,44664612.447916664,33771056.0
"(np.float64(1.5), 210, 210, 35, 10)",houghCircle,0.7145833333333333,49326673.041666664,37758396.0
"(np.float64(1.5), 210, 210, 35, 15)",houghCircle,0.7770833333333333,43738270.385416664,32797138.5
"(np.float64(1.5), 210, 210, 40, 5)",houghCircle,0.6,40015644.31041667,32144349.0
"(np.float64(1.5), 210, 210, 40, 10)",houghCircle,0.63125,43534660.34375,32188987.5
"(np.float64(1.5), 210, 210, 40, 15)",houghCircle,0.6666666666666666,40893771.6125,31501439.0
"(np.float64(1.5), 210, 210, 45, 5)",houghCircle,0.21875,41293285.08541667,32293447.0
"(np.float64(1.5), 210, 210, 45, 10)",houghCircle,0.23541666666666666,39912789.74583333,31714142.0
"(np.float64(1.5), 210, 210, 45, 15)",houghCircle,0.2375,42422372.92916667,31719978.0
"(np.float64(1.5), 210, 220, 30, 5)",houghCircle,0.66875,42106269.75,32957399.5
"(np.float64(1.5), 210, 220, 30, 10)",houghCircle,0.6979166666666666,40595369.14375,32128344.0
"(np.float64(1.5), 210, 220, 30, 15)",houghCircle,0.7833333333333333,43657782.39375,31274407.0
"(np.float64(1.5), 210, 220, 35, 5)",houghCircle,0.6833333333333333,40756479.797916666,31974983.0
"(np.float64(1.5), 210, 220, 35, 10)",houghCircle,0.7104166666666667,51409538.92916667,39251949.0
"(np.float64(1.5), 210, 220, 35, 15)",houghCircle,0.7729166666666667,41690948.8875,31677583.0
"(np.float64(1.5), 210, 220, 40, 5)",houghCircle,0.6020833333333333,40871948.88125,32427625.5
"(np.float64(1.5), 210, 220, 40, 10)",houghCircle,0.63125,42089417.65416667,32179179.5
"(np.float64(1.5), 210, 220, 40, 15)",houghCircle,0.6666666666666666,41886094.922916666,31308205.0
"(np.float64(1.5), 210, 220, 45, 5)",houghCircle,0.21875,44210377.03125,32675512.0
"(np.float64(1.5), 210, 220, 45, 10)",houghCircle,0.23541666666666666,43125074.81875,32003654.0
"(np.float64(1.5), 210, 220, 45, 15)",houghCircle,0.2375,41801474.18958333,30878970.0
"(np.float64(1.5), 210, 230, 30, 5)",houghCircle,0.66875,43537003.93333333,32037955.0
"(np.float64(1.5), 210, 230, 30, 10)",houghCircle,0.69375,40528226.927083336,30818076.0
"(np.float64(1.5), 210, 230, 30, 15)",houghCircle,0.7791666666666667,48807898.577083334,37974893.5
"(np.float64(1.5), 210, 230, 35, 5)",houghCircle,0.6854166666666667,41794054.91458333,31243289.0
"(np.float64(1.5), 210, 230, 35, 10)",houghCircle,0.7125,44548328.06458333,32482974.5
"(np.float64(1.5), 210, 230, 35, 15)",houghCircle,0.7729166666666667,40193374.08541667,31530748.5
"(np.float64(1.5), 210, 230, 40, 5)",houghCircle,0.6020833333333333,40053779.09166667,31424714.0
"(np.float64(1.5), 210, 230, 40, 10)",houghCircle,0.63125,40662026.69166667,31778892.5
"(np.float64(1.5), 210, 230, 40, 15)",houghCircle,0.6666666666666666,38836253.25,31214956.0
"(np.float64(1.5), 210, 230, 45, 5)",houghCircle,0.21875,42623628.672916666,32412582.5
"(np.float64(1.5), 210, 230, 45, 10)",houghCircle,0.23541666666666666,42276569.770833336,31863116.5
"(np.float64(1.5), 210, 230, 45, 15)",houghCircle,0.2375,44143769.49791667,31515244.0
"(np.float64(1.5), 210, 240, 30, 5)",houghCircle,0.6708333333333333,44352595.15416667,32683682.0
"(np.float64(1.5), 210, 240, 30, 10)",houghCircle,0.6958333333333333,46722419.1125,36456794.5
"(np.float64(1.5), 210, 240, 30, 15)",houghCircle,0.78125,42445571.65,30411633.5
"(np.float64(1.5), 210, 240, 35, 5)",houghCircle,0.6895833333333333,41271647.06875,32321477.0
"(np.float64(1.5), 210, 240, 35, 10)",houghCircle,0.7166666666666667,42198449.2875,31883971.0
"(np.float64(1.5), 210, 240, 35, 15)",houghCircle,0.7729166666666667,39959052.270833336,30420410.0
"(np.float64(1.5), 210, 240, 40, 5)",houghCircle,0.6041666666666666,42501915.514583334,31732376.0
"(np.float64(1.5), 210, 240, 40, 10)",houghCircle,0.6375,40631393.6375,31296152.0
"(np.float64(1.5), 210, 240, 40, 15)",houghCircle,0.66875,41902041.56875,30097288.5
"(np.float64(1.5), 210, 240, 45, 5)",houghCircle,0.21875,44792683.197916664,32718938.0
"(np.float64(1.5), 210, 240, 45, 10)",houghCircle,0.23541666666666666,40970409.23125,31581217.5
"(np.float64(1.5), 210, 240, 45, 15)",houghCircle,0.2375,44619865.99791667,31619865.0
"(np.float64(1.5), 210, 250, 30, 5)",houghCircle,0.675,44444382.204166666,32271473.5
"(np.float64(1.5), 210, 250, 30, 10)",houghCircle,0.7020833333333333,37721763.43958333,30907214.0
"(np.float64(1.5), 210, 250, 30, 15)",houghCircle,0.78125,49672611.71458333,38253896.0
"(np.float64(1.5), 210, 250, 35, 5)",houghCircle,0.6916666666666667,39212619.42916667,31370752.5
"(np.float64(1.5), 210, 250, 35, 10)",houghCircle,0.7166666666666667,43286018.65416667,30692666.0
"(np.float64(1.5), 210, 250, 35, 15)",houghCircle,0.7729166666666667,43825343.69166667,31790180.0
"(np.float64(1.5), 210, 250, 40, 5)",houghCircle,0.60625,42951787.364583336,32079332.5
"(np.float64(1.5), 210, 250, 40, 10)",houghCircle,0.6375,43928961.05416667,31459334.0
"(np.float64(1.5), 210, 250, 40, 15)",houghCircle,0.66875,41727692.297916666,31508465.5
"(np.float64(1.5), 210, 250, 45, 5)",houghCircle,0.21875,39686274.80625,31391783.5
"(np.float64(1.5), 210, 250, 45, 10)",houghCircle,0.23541666666666666,42207921.927083336,32060638.5
"(np.float64(1.5), 210, 250, 45, 15)",houghCircle,0.2375,40886621.81666667,31536279.0
"(np.float64(1.5), 210, 260, 30, 5)",houghCircle,0.6833333333333333,43608179.15833333,32149778.5
"(np.float64(1.5), 210, 260, 30, 10)",houghCircle,0.7041666666666667,41461807.395833336,31631577.0
"(np.float64(1.5), 210, 260, 30, 15)",houghCircle,0.7854166666666667,42736031.9875,34374153.0
"(np.float64(1.5), 210, 260, 35, 5)",houghCircle,0.6916666666666667,41951105.06666667,31930463.0
"(np.float64(1.5), 210, 260, 35, 10)",houghCircle,0.7166666666666667,37331316.89791667,30688447.5
"(np.float64(1.5), 210, 260, 35, 15)",houghCircle,0.7729166666666667,40047480.270833336,30163853.5
"(np.float64(1.5), 210, 260, 40, 5)",houghCircle,0.60625,40357149.55,31440703.5
"(np.float64(1.5), 210, 260, 40, 10)",houghCircle,0.6354166666666666,41255508.5375,31256493.0
"(np.float64(1.5), 210, 260, 40, 15)",houghCircle,0.6666666666666666,40589432.13125,30431085.5
"(np.float64(1.5), 210, 260, 45, 5)",houghCircle,0.21875,40494900.05,31426021.5
"(np.float64(1.5), 210, 260, 45, 10)",houghCircle,0.23541666666666666,41938507.485416666,31425802.0
"(np.float64(1.5), 210, 260, 45, 15)",houghCircle,0.2375,43469790.59583333,30778161.5
"(np.float64(1.5), 210, 270, 30, 5)",houghCircle,0.6875,50519086.175,38169122.0
"(np.float64(1.5), 210, 270, 30, 10)",houghCircle,0.70625,42439482.93125,31205534.0
"(np.float64(1.5), 210, 270, 30, 15)",houghCircle,0.7854166666666667,41697277.3625,30895772.0
"(np.float64(1.5), 210, 270, 35, 5)",houghCircle,0.6916666666666667,40157136.05625,30994968.0
"(np.float64(1.5), 210, 270, 35, 10)",houghCircle,0.7208333333333333,42750912.92916667,31380747.5
"(np.float64(1.5), 210, 270, 35, 15)",houghCircle,0.775,40811240.5125,30009238.5
"(np.float64(1.5), 210, 270, 40, 5)",houghCircle,0.6041666666666666,42176569.28541667,31296954.0
"(np.float64(1.5), 210, 270, 40, 10)",houghCircle,0.6354166666666666,40046742.1,30466426.0
"(np.float64(1.5), 210, 270, 40, 15)",houghCircle,0.6666666666666666,44288461.65416667,31325974.0
"(np.float64(1.5), 210, 270, 45, 5)",houghCircle,0.21875,40686959.45625,31372496.5
"(np.float64(1.5), 210, 270, 45, 10)",houghCircle,0.23541666666666666,47197546.34375,37036202.5
"(np.float64(1.5), 210, 270, 45, 15)",houghCircle,0.2375,42519492.041666664,31333954.0
"(np.float64(1.5), 210, 280, 30, 5)",houghCircle,0.6916666666666667,41112385.204166666,31590514.0
"(np.float64(1.5), 210, 280, 30, 10)",houghCircle,0.7083333333333334,41587883.139583334,31587681.5
"(np.float64(1.5), 210, 280, 30, 15)",houghCircle,0.7875,42029406.833333336,30935601.0
"(np.float64(1.5), 210, 280, 35, 5)",houghCircle,0.69375,43518833.21458333,32492202.5
"(np.float64(1.5), 210, 280, 35, 10)",houghCircle,0.725,40545140.03541667,31047265.5
"(np.float64(1.5), 210, 280, 35, 15)",houghCircle,0.775,38181459.3625,30546812.5
"(np.float64(1.5), 210, 280, 40, 5)",houghCircle,0.6041666666666666,41963399.47083333,31001230.0
"(np.float64(1.5), 210, 280, 40, 10)",houghCircle,0.6375,42843713.422916666,31623527.5
"(np.float64(1.5), 210, 280, 40, 15)",houghCircle,0.6666666666666666,47168380.954166666,37241202.0
"(np.float64(1.5), 210, 280, 45, 5)",houghCircle,0.21875,40604034.81875,31507328.0
"(np.float64(1.5), 210, 280, 45, 10)",houghCircle,0.23541666666666666,38338411.81041667,30845433.0
"(np.float64(1.5), 210, 280, 45, 15)",houghCircle,0.2375,39188581.18541667,29958679.5
"(np.float64(1.5), 210, 290, 30, 5)",houghCircle,0.6916666666666667,42967525.34791667,31539445.0
"(np.float64(1.5), 210, 290, 30, 10)",houghCircle,0.7166666666666667,39775845.63333333,31070334.0
"(np.float64(1.5), 210, 290, 30, 15)",houghCircle,0.7895833333333333,40494219.29375,30546537.5
"(np.float64(1.5), 210, 290, 35, 5)",houghCircle,0.7,41740047.87708333,31356611.5
"(np.float64(1.5), 210, 290, 35, 10)",houghCircle,0.7270833333333333,45776480.30416667,32353136.0
"(np.float64(1.5), 210, 290, 35, 15)",houghCircle,0.7791666666666667,42612494.947916664,30936143.0
"(np.float64(1.5), 210, 290, 40, 5)",houghCircle,0.6041666666666666,41748989.795833334,31849431.0
"(np.float64(1.5), 210, 290, 40, 10)",houghCircle,0.6375,41566268.10208333,30282000.5
"(np.float64(1.5), 210, 290, 40, 15)",houghCircle,0.6666666666666666,46812084.15208333,37507024.5
"(np.float64(1.5), 210, 290, 45, 5)",houghCircle,0.22083333333333333,40366271.33125,31371398.5
"(np.float64(1.5), 210, 290, 45, 10)",houghCircle,0.23541666666666666,38662422.422916666,30048302.0
"(np.float64(1.5), 210, 290, 45, 15)",houghCircle,0.2375,39830577.37083333,30141703.0
"(np.float64(1.5), 220, 100, 30, 5)",houghCircle,0.5520833333333334,44781726.197916664,36515224.0
"(np.float64(1.5), 220, 100, 30, 10)",houghCircle,0.6604166666666667,47252308.03125,37205145.5
"(np.float64(1.5), 220, 100, 30, 15)",houghCircle,0.8020833333333334,43235367.25416667,35566191.5
"(np.float64(1.5), 220, 100, 35, 5)",houghCircle,0.69375,45428526.979166664,37011780.5
"(np.float64(1.5), 220, 100, 35, 10)",houghCircle,0.7270833333333333,48418856.00625,37448355.5
"(np.float64(1.5), 220, 100, 35, 15)",houghCircle,0.8083333333333333,46922049.260416664,36622530.0
"(np.float64(1.5), 220, 100, 40, 5)",houghCircle,0.6375,45168755.93125,36995981.5
"(np.float64(1.5), 220, 100, 40, 10)",houghCircle,0.6791666666666667,52298589.15833333,42363299.5
"(np.float64(1.5), 220, 100, 40, 15)",houghCircle,0.7208333333333333,44645481.37083333,36020351.0
"(np.float64(1.5), 220, 100, 45, 5)",houghCircle,0.36666666666666664,45822395.68333333,37837895.0
"(np.float64(1.5), 220, 100, 45, 10)",houghCircle,0.3854166666666667,45181588.66875,36724442.0
"(np.float64(1.5), 220, 100, 45, 15)",houghCircle,0.3958333333333333,44910083.35,36677689.5
"(np.float64(1.5), 220, 110, 30, 5)",houghCircle,0.58125,47246421.87083333,37359078.5
"(np.float64(1.5), 220, 110, 30, 10)",houghCircle,0.6729166666666667,46082067.295833334,36209496.0
"(np.float64(1.5), 220, 110, 30, 15)",houghCircle,0.8041666666666667,43146902.88333333,35210225.0
"(np.float64(1.5), 220, 110, 35, 5)",houghCircle,0.6916666666666667,44980348.2,36211304.0
"(np.float64(1.5), 220, 110, 35, 10)",houghCircle,0.7291666666666666,44149763.172916666,35680157.5
"(np.float64(1.5), 220, 110, 35, 15)",houghCircle,0.8083333333333333,44561547.93125,35256122.5
"(np.float64(1.5), 220, 110, 40, 5)",houghCircle,0.6104166666666667,51901071.82083333,43483271.5
"(np.float64(1.5), 220, 110, 40, 10)",houghCircle,0.6416666666666667,44911081.75625,35730973.0
"(np.float64(1.5), 220, 110, 40, 15)",houghCircle,0.6854166666666667,44576669.360416666,34792859.0
"(np.float64(1.5), 220, 110, 45, 5)",houghCircle,0.30416666666666664,46811317.1375,36780041.5
"(np.float64(1.5), 220, 110, 45, 10)",houghCircle,0.3229166666666667,43336771.025,35079901.5
"(np.float64(1.5), 220, 110, 45, 15)",houghCircle,0.33541666666666664,46392582.19375,36207111.0
"(np.float64(1.5), 220, 120, 30, 5)",houghCircle,0.6104166666666667,44867207.78333333,35948571.5
"(np.float64(1.5), 220, 120, 30, 10)",houghCircle,0.6916666666666667,45903375.25833333,35196150.0
"(np.float64(1.5), 220, 120, 30, 15)",houghCircle,0.8083333333333333,42242991.291666664,32484252.5
"(np.float64(1.5), 220, 120, 35, 5)",houghCircle,0.6916666666666667,45167508.05416667,35995304.5
"(np.float64(1.5), 220, 120, 35, 10)",houghCircle,0.7291666666666666,45441738.327083334,35537981.0
"(np.float64(1.5), 220, 120, 35, 15)",houghCircle,0.8,46166750.45625,34436504.0
"(np.float64(1.5), 220, 120, 40, 5)",houghCircle,0.6145833333333334,49261486.802083336,42283615.5
"(np.float64(1.5), 220, 120, 40, 10)",houghCircle,0.6395833333333333,45570969.73125,35233454.5
"(np.float64(1.5), 220, 120, 40, 15)",houghCircle,0.6833333333333333,45631294.8375,35179298.5
"(np.float64(1.5), 220, 120, 45, 5)",houghCircle,0.27708333333333335,44439660.65625,35120783.5
"(np.float64(1.5), 220, 120, 45, 10)",houghCircle,0.2916666666666667,48304652.55625,36185761.5
"(np.float64(1.5), 220, 120, 45, 15)",houghCircle,0.30416666666666664,43778791.25833333,35228250.5
"(np.float64(1.5), 220, 130, 30, 5)",houghCircle,0.6208333333333333,45079865.139583334,35045285.5
"(np.float64(1.5), 220, 130, 30, 10)",houghCircle,0.7,42859886.57083333,34251111.0
"(np.float64(1.5), 220, 130, 30, 15)",houghCircle,0.8145833333333333,42093935.92916667,33427245.5
"(np.float64(1.5), 220, 130, 35, 5)",houghCircle,0.6895833333333333,43160484.829166666,35051639.5
"(np.float64(1.5), 220, 130, 35, 10)",houghCircle,0.725,50533364.697916664,41025680.5
"(np.float64(1.5), 220, 130, 35, 15)",houghCircle,0.7979166666666667,45142722.21666667,34286979.5
"(np.float64(1.5), 220, 130, 40, 5)",houghCircle,0.6083333333333333,48518094.40833333,35460455.5
"(np.float64(1.5), 220, 130, 40, 10)",houghCircle,0.6333333333333333,44050344.954166666,34089839.5
"(np.float64(1.5), 220, 130, 40, 15)",houghCircle,0.6770833333333334,44753809.3375,33351273.0
"(np.float64(1.5), 220, 130, 45, 5)",houghCircle,0.2375,44948465.825,34309340.5
"(np.float64(1.5), 220, 130, 45, 10)",houghCircle,0.25416666666666665,44216079.454166666,33632345.0
"(np.float64(1.5), 220, 130, 45, 15)",houghCircle,0.2625,43539626.78541667,33428027.5
"(np.float64(1.5), 220, 140, 30, 5)",houghCircle,0.6333333333333333,45123336.760416664,34465259.0
"(np.float64(1.5), 220, 140, 30, 10)",houghCircle,0.7125,42245622.170833334,33185527.5
"(np.float64(1.5), 220, 140, 30, 15)",houghCircle,0.8083333333333333,43970293.49583333,32880495.5
"(np.float64(1.5), 220, 140, 35, 5)",houghCircle,0.6875,52528181.93125,40955384.0
"(np.float64(1.5), 220, 140, 35, 10)",houghCircle,0.7229166666666667,44282835.260416664,34422924.0
"(np.float64(1.5), 220, 140, 35, 15)",houghCircle,0.79375,41558433.520833336,33372959.0
"(np.float64(1.5), 220, 140, 40, 5)",houghCircle,0.6145833333333334,44926582.358333334,34107216.5
"(np.float64(1.5), 220, 140, 40, 10)",houghCircle,0.6375,44121685.47291667,35050691.0
"(np.float64(1.5), 220, 140, 40, 15)",houghCircle,0.6791666666666667,41516855.7375,33155931.5
"(np.float64(1.5), 220, 140, 45, 5)",houghCircle,0.22916666666666666,44468075.93333333,34353419.0
"(np.float64(1.5), 220, 140, 45, 10)",houghCircle,0.24791666666666667,46055875.675,35317121.5
"(np.float64(1.5), 220, 140, 45, 15)",houghCircle,0.2520833333333333,44445077.94583333,33437214.5
"(np.float64(1.5), 220, 150, 30, 5)",houghCircle,0.6520833333333333,42560769.7875,34376782.5
"(np.float64(1.5), 220, 150, 30, 10)",houghCircle,0.7166666666666667,43696947.12083333,33473512.5
"(np.float64(1.5), 220, 150, 30, 15)",houghCircle,0.8083333333333333,49239726.21666667,38968241.0
"(np.float64(1.5), 220, 150, 35, 5)",houghCircle,0.6916666666666667,42641204.733333334,35369925.5
"(np.float64(1.5), 220, 150, 35, 10)",houghCircle,0.7229166666666667,42491550.13125,33482079.5
"(np.float64(1.5), 220, 150, 35, 15)",houghCircle,0.79375,42503857.97083333,32694346.0
"(np.float64(1.5), 220, 150, 40, 5)",houghCircle,0.6104166666666667,46326040.97291667,35146827.0
"(np.float64(1.5), 220, 150, 40, 10)",houghCircle,0.6333333333333333,44093718.302083336,33775984.5
"(np.float64(1.5), 220, 150, 40, 15)",houghCircle,0.675,43530473.354166664,34015760.5
"(np.float64(1.5), 220, 150, 45, 5)",houghCircle,0.22291666666666668,50117016.791666664,35782588.5
"(np.float64(1.5), 220, 150, 45, 10)",houghCircle,0.23958333333333334,43597589.389583334,33183859.5
"(np.float64(1.5), 220, 150, 45, 15)",houghCircle,0.24375,48501936.45625,34128246.0
"(np.float64(1.5), 220, 160, 30, 5)",houghCircle,0.6541666666666667,44853323.49375,34153549.0
"(np.float64(1.5), 220, 160, 30, 10)",houghCircle,0.71875,52171068.18125,39873404.0
"(np.float64(1.5), 220, 160, 30, 15)",houghCircle,0.8104166666666667,42462243.34791667,32787776.0
"(np.float64(1.5), 220, 160, 35, 5)",houghCircle,0.69375,41785546.90625,34501516.0
"(np.float64(1.5), 220, 160, 35, 10)",houghCircle,0.7291666666666666,44212393.85,33396232.5
"(np.float64(1.5), 220, 160, 35, 15)",houghCircle,0.7958333333333333,45541740.514583334,33138840.0
"(np.float64(1.5), 220, 160, 40, 5)",houghCircle,0.6125,41350218.03125,32377426.5
"(np.float64(1.5), 220, 160, 40, 10)",houghCircle,0.6354166666666666,42197498.86666667,32485899.0
"(np.float64(1.5), 220, 160, 40, 15)",houghCircle,0.6770833333333334,46393576.80625,33258915.5
"(np.float64(1.5), 220, 160, 45, 5)",houghCircle,0.21666666666666667,43390696.8375,34581872.0
"(np.float64(1.5), 220, 160, 45, 10)",houghCircle,0.23541666666666666,44976854.24791667,33907237.0
"(np.float64(1.5), 220, 160, 45, 15)",houghCircle,0.2375,42117119.65,31773132.0
"(np.float64(1.5), 220, 170, 30, 5)",houghCircle,0.66875,43114289.889583334,32538789.0
"(np.float64(1.5), 220, 170, 30, 10)",houghCircle,0.725,49179399.30625,39534960.0
"(np.float64(1.5), 220, 170, 30, 15)",houghCircle,0.8083333333333333,41382647.75,32157529.0
"(np.float64(1.5), 220, 170, 35, 5)",houghCircle,0.69375,46901741.71458333,34505383.5
"(np.float64(1.5), 220, 170, 35, 10)",houghCircle,0.7270833333333333,42965935.854166664,33936942.0
"(np.float64(1.5), 220, 170, 35, 15)",houghCircle,0.7916666666666666,42468591.889583334,32466323.5
"(np.float64(1.5), 220, 170, 40, 5)",houghCircle,0.60625,41992222.927083336,33000545.5
"(np.float64(1.5), 220, 170, 40, 10)",houghCircle,0.6333333333333333,43245815.35625,33326177.0
"(np.float64(1.5), 220, 170, 40, 15)",houghCircle,0.6729166666666667,43851115.13125,32423137.5
"(np.float64(1.5), 220, 170, 45, 5)",houghCircle,0.21875,43888972.854166664,33312170.0
"(np.float64(1.5), 220, 170, 45, 10)",houghCircle,0.23541666666666666,39620002.702083334,32831213.5
"(np.float64(1.5), 220, 170, 45, 15)",houghCircle,0.2375,44077912.725,33092978.5
"(np.float64(1.5), 220, 180, 30, 5)",houghCircle,0.6729166666666667,50940575.9,40150814.5
"(np.float64(1.5), 220, 180, 30, 10)",houghCircle,0.725,43647993.31458333,32893905.5
"(np.float64(1.5), 220, 180, 30, 15)",houghCircle,0.8041666666666667,42182819.7375,31982531.0
"(np.float64(1.5), 220, 180, 35, 5)",houghCircle,0.7,43129084.141666666,32977822.5
"(np.float64(1.5), 220, 180, 35, 10)",houghCircle,0.7229166666666667,41521573.34791667,31797839.0
"(np.float64(1.5), 220, 180, 35, 15)",houghCircle,0.7895833333333333,43323965.66041667,31950175.5
"(np.float64(1.5), 220, 180, 40, 5)",houghCircle,0.6083333333333333,42647275.72083333,32703012.5
"(np.float64(1.5), 220, 180, 40, 10)",houghCircle,0.6354166666666666,41177331.62083333,33062050.0
"(np.float64(1.5), 220, 180, 40, 15)",houghCircle,0.6729166666666667,43891915.739583336,32684768.5
"(np.float64(1.5), 220, 180, 45, 5)",houghCircle,0.21875,41723083.3875,33468143.0
"(np.float64(1.5), 220, 180, 45, 10)",houghCircle,0.23541666666666666,46388600.8125,33428738.5
"(np.float64(1.5), 220, 180, 45, 15)",houghCircle,0.2375,39969568.81458333,30837653.0
"(np.float64(1.5), 220, 190, 30, 5)",houghCircle,0.675,48581283.23125,39222747.0
"(np.float64(1.5), 220, 190, 30, 10)",houghCircle,0.7166666666666667,42265492.764583334,31244602.5
"(np.float64(1.5), 220, 190, 30, 15)",houghCircle,0.7958333333333333,42544799.454166666,31800900.5
"(np.float64(1.5), 220, 190, 35, 5)",houghCircle,0.6875,45739048.770833336,34350970.0
"(np.float64(1.5), 220, 190, 35, 10)",houghCircle,0.7145833333333333,44440428.18958333,32872345.5
"(np.float64(1.5), 220, 190, 35, 15)",houghCircle,0.7791666666666667,43951108.6875,32808049.5
"(np.float64(1.5), 220, 190, 40, 5)",houghCircle,0.6,45085212.802083336,33504902.0
"(np.float64(1.5), 220, 190, 40, 10)",houghCircle,0.63125,44004561.07083333,33209488.0
"(np.float64(1.5), 220, 190, 40, 15)",houghCircle,0.6666666666666666,42508913.895833336,32130723.5
"(np.float64(1.5), 220, 190, 45, 5)",houghCircle,0.21875,45264770.96875,32832525.0
"(np.float64(1.5), 220, 190, 45, 10)",houghCircle,0.23541666666666666,46970623.81666667,38093785.5
"(np.float64(1.5), 220, 190, 45, 15)",houghCircle,0.2375,41503033.77708333,31592097.0
"(np.float64(1.5), 220, 200, 30, 5)",houghCircle,0.6729166666666667,44968412.40416667,32886246.0
"(np.float64(1.5), 220, 200, 30, 10)",houghCircle,0.7083333333333334,41982856.579166666,32115329.5
"(np.float64(1.5), 220, 200, 30, 15)",houghCircle,0.7895833333333333,42841081.03125,32220723.0
"(np.float64(1.5), 220, 200, 35, 5)",houghCircle,0.6854166666666667,44357012.577083334,32543638.0
"(np.float64(1.5), 220, 200, 35, 10)",houghCircle,0.7166666666666667,45599912.89375,33575944.0
"(np.float64(1.5), 220, 200, 35, 15)",houghCircle,0.7770833333333333,39493879.108333334,31377261.0
"(np.float64(1.5), 220, 200, 40, 5)",houghCircle,0.6,43140961.922916666,32754194.0
"(np.float64(1.5), 220, 200, 40, 10)",houghCircle,0.63125,38920340.97291667,31412751.0
"(np.float64(1.5), 220, 200, 40, 15)",houghCircle,0.6666666666666666,42568277.19375,33022656.5
"(np.float64(1.5), 220, 200, 45, 5)",houghCircle,0.21875,49295043.925,39122239.5
"(np.float64(1.5), 220, 200, 45, 10)",houghCircle,0.23541666666666666,41399897.41875,32056309.0
"(np.float64(1.5), 220, 200, 45, 15)",houghCircle,0.2375,40949968.041666664,32342696.5
"(np.float64(1.5), 220, 210, 30, 5)",houghCircle,0.6708333333333333,41106539.75416667,31526106.0
"(np.float64(1.5), 220, 210, 30, 10)",houghCircle,0.7041666666666667,40876467.79375,31913090.5
"(np.float64(1.5), 220, 210, 30, 15)",houghCircle,0.7854166666666667,43790724.62916667,32545390.5
"(np.float64(1.5), 220, 210, 35, 5)",houghCircle,0.6875,41994378.208333336,32176606.5
"(np.float64(1.5), 220, 210, 35, 10)",houghCircle,0.71875,43033526.64375,32851562.0
"(np.float64(1.5), 220, 210, 35, 15)",houghCircle,0.7770833333333333,40166912.266666666,31141726.5
"(np.float64(1.5), 220, 210, 40, 5)",houghCircle,0.6020833333333333,40047113.3125,32115445.0
"(np.float64(1.5), 220, 210, 40, 10)",houghCircle,0.63125,43828043.3625,32222481.5
"(np.float64(1.5), 220, 210, 40, 15)",houghCircle,0.6666666666666666,49988449.233333334,38420182.5
"(np.float64(1.5), 220, 210, 45, 5)",houghCircle,0.21875,43991053.13333333,32549444.5
"(np.float64(1.5), 220, 210, 45, 10)",houghCircle,0.23541666666666666,46608324.1875,35420686.0
"(np.float64(1.5), 220, 210, 45, 15)",houghCircle,0.2375,44453279.0375,31769736.5
"(np.float64(1.5), 220, 220, 30, 5)",houghCircle,0.6729166666666667,44077142.5625,31965604.0
"(np.float64(1.5), 220, 220, 30, 10)",houghCircle,0.6979166666666666,39374753.40416667,30478362.5
"(np.float64(1.5), 220, 220, 30, 15)",houghCircle,0.7833333333333333,42819843.46458333,31678776.0
"(np.float64(1.5), 220, 220, 35, 5)",houghCircle,0.6833333333333333,43214399.177083336,32016565.5
"(np.float64(1.5), 220, 220, 35, 10)",houghCircle,0.7145833333333333,42994946.05625,32108170.5
"(np.float64(1.5), 220, 220, 35, 15)",houghCircle,0.7729166666666667,41320880.65416667,31604192.0
"(np.float64(1.5), 220, 220, 40, 5)",houghCircle,0.6041666666666666,51028272.739583336,39363002.0
"(np.float64(1.5), 220, 220, 40, 10)",houghCircle,0.63125,43362338.27708333,32007698.0
"(np.float64(1.5), 220, 220, 40, 15)",houghCircle,0.6666666666666666,47079098.391666666,35047451.0
"(np.float64(1.5), 220, 220, 45, 5)",houghCircle,0.21875,40346160.01875,31745681.0
"(np.float64(1.5), 220, 220, 45, 10)",houghCircle,0.23541666666666666,37371348.825,30941623.0
"(np.float64(1.5), 220, 220, 45, 15)",houghCircle,0.2375,39962343.15208333,31522262.0
"(np.float64(1.5), 220, 230, 30, 5)",houghCircle,0.6729166666666667,44243672.266666666,33546630.0
"(np.float64(1.5), 220, 230, 30, 10)",houghCircle,0.69375,40994345.47291667,32124031.0
"(np.float64(1.5), 220, 230, 30, 15)",houghCircle,0.7791666666666667,41605735.25,30751561.0
"(np.float64(1.5), 220, 230, 35, 5)",houghCircle,0.6854166666666667,44132007.59583333,32648810.0
"(np.float64(1.5), 220, 230, 35, 10)",houghCircle,0.7166666666666667,40395399.083333336,32245219.0
"(np.float64(1.5), 220, 230, 35, 15)",houghCircle,0.7729166666666667,41590269.58125,31133261.5
"(np.float64(1.5), 220, 230, 40, 5)",houghCircle,0.6041666666666666,42355360.56458333,31714803.5
"(np.float64(1.5), 220, 230, 40, 10)",houghCircle,0.63125,49420712.63333333,39168231.5
"(np.float64(1.5), 220, 230, 40, 15)",houghCircle,0.6666666666666666,41442074.38333333,31291740.0
"(np.float64(1.5), 220, 230, 45, 5)",houghCircle,0.21875,42465227.13125,31613928.5
"(np.float64(1.5), 220, 230, 45, 10)",houghCircle,0.23541666666666666,41016054.7875,31683650.5
"(np.float64(1.5), 220, 230, 45, 15)",houghCircle,0.2375,42215704.083333336,31752434.0
"(np.float64(1.5), 220, 240, 30, 5)",houghCircle,0.675,43838138.99791667,33197479.5
"(np.float64(1.5), 220, 240, 30, 10)",houghCircle,0.6958333333333333,41541184.00833333,30912443.0
"(np.float64(1.5), 220, 240, 30, 15)",houghCircle,0.78125,44007608.21666667,31419104.0
"(np.float64(1.5), 220, 240, 35, 5)",houghCircle,0.6895833333333333,40886635.177083336,31360789.5
"(np.float64(1.5), 220, 240, 35, 10)",houghCircle,0.7208333333333333,40958956.59583333,31026136.0
"(np.float64(1.5), 220, 240, 35, 15)",houghCircle,0.7729166666666667,40748726.333333336,31930584.0
"(np.float64(1.5), 220, 240, 40, 5)",houghCircle,0.60625,43943251.764583334,32439718.5
"(np.float64(1.5), 220, 240, 40, 10)",houghCircle,0.6375,51356163.108333334,39242571.0
"(np.float64(1.5), 220, 240, 40, 15)",houghCircle,0.66875,39476173.02291667,29845170.5
"(np.float64(1.5), 220, 240, 45, 5)",houghCircle,0.21875,39772753.12083333,30614709.5
"(np.float64(1.5), 220, 240, 45, 10)",houghCircle,0.23541666666666666,42028533.53125,31144258.0
"(np.float64(1.5), 220, 240, 45, 15)",houghCircle,0.2375,40483753.3375,31340155.5
"(np.float64(1.5), 220, 250, 30, 5)",houghCircle,0.6770833333333334,41767389.425,32077388.5
"(np.float64(1.5), 220, 250, 30, 10)",houghCircle,0.7041666666666667,42333990.31666667,32349915.5
"(np.float64(1.5), 220, 250, 30, 15)",houghCircle,0.78125,41572214.81666667,31036380.0
"(np.float64(1.5), 220, 250, 35, 5)",houghCircle,0.6916666666666667,45517962.30833333,33226819.5
"(np.float64(1.5), 220, 250, 35, 10)",houghCircle,0.7208333333333333,43825771.202083334,31619895.5
"(np.float64(1.5), 220, 250, 35, 15)",houghCircle,0.7729166666666667,43924319.802083336,31871768.0
"(np.float64(1.5), 220, 250, 40, 5)",houghCircle,0.6083333333333333,41425979.28541667,31683099.0
"(np.float64(1.5), 220, 250, 40, 10)",houghCircle,0.6375,49890463.797916666,37827065.0
"(np.float64(1.5), 220, 250, 40, 15)",houghCircle,0.66875,42407004.68333333,31116451.0
"(np.float64(1.5), 220, 250, 45, 5)",houghCircle,0.21875,41161388.791666664,31374669.0
"(np.float64(1.5), 220, 250, 45, 10)",houghCircle,0.23541666666666666,41101520.854166664,30387423.5
"(np.float64(1.5), 220, 250, 45, 15)",houghCircle,0.2375,43498439.90416667,31272148.5
"(np.float64(1.5), 220, 260, 30, 5)",houghCircle,0.6854166666666667,40166564.77291667,31598895.5
"(np.float64(1.5), 220, 260, 30, 10)",houghCircle,0.70625,40063589.94583333,31400980.0
"(np.float64(1.5), 220, 260, 30, 15)",houghCircle,0.7854166666666667,40238673.07083333,30455025.0
"(np.float64(1.5), 220, 260, 35, 5)",houghCircle,0.6916666666666667,44242975.19375,32324321.5
"(np.float64(1.5), 220, 260, 35, 10)",houghCircle,0.7208333333333333,38976776.795833334,31017665.5
"(np.float64(1.5), 220, 260, 35, 15)",houghCircle,0.7729166666666667,48168885.2,37595475.5
"(np.float64(1.5), 220, 260, 40, 5)",houghCircle,0.6083333333333333,44306082.62708333,32440068.5
"(np.float64(1.5), 220, 260, 40, 10)",houghCircle,0.6354166666666666,42333410.87083333,31323498.5
"(np.float64(1.5), 220, 260, 40, 15)",houghCircle,0.6666666666666666,42144155.489583336,31447019.5
"(np.float64(1.5), 220, 260, 45, 5)",houghCircle,0.21875,40705719.51875,31416033.0
"(np.float64(1.5), 220, 260, 45, 10)",houghCircle,0.23541666666666666,42062354.99583333,31471246.5
"(np.float64(1.5), 220, 260, 45, 15)",houghCircle,0.2375,41579311.458333336,31531380.0
"(np.float64(1.5), 220, 270, 30, 5)",houghCircle,0.6895833333333333,43736106.94583333,31952148.5
"(np.float64(1.5), 220, 270, 30, 10)",houghCircle,0.7083333333333334,39536932.19375,31569832.0
"(np.float64(1.5), 220, 270, 30, 15)",houghCircle,0.7854166666666667,39374256.31041667,31552769.5
"(np.float64(1.5), 220, 270, 35, 5)",houghCircle,0.6916666666666667,38245406.37708333,31015752.0
"(np.float64(1.5), 220, 270, 35, 10)",houghCircle,0.725,47906589.760416664,36377756.0
"(np.float64(1.5), 220, 270, 35, 15)",houghCircle,0.775,44293387.360416666,30936569.0
"(np.float64(1.5), 220, 270, 40, 5)",houghCircle,0.60625,40138258.39375,31011639.0
"(np.float64(1.5), 220, 270, 40, 10)",houghCircle,0.6354166666666666,43193308.33125,31563510.5
"(np.float64(1.5), 220, 270, 40, 15)",houghCircle,0.6666666666666666,40614377.83125,30683439.0
"(np.float64(1.5), 220, 270, 45, 5)",houghCircle,0.21875,41120155.30625,31181803.0
"(np.float64(1.5), 220, 270, 45, 10)",houghCircle,0.23541666666666666,43412612.85,31469398.5
"(np.float64(1.5), 220, 270, 45, 15)",houghCircle,0.2375,39653091.2875,31551942.5
"(np.float64(1.5), 220, 280, 30, 5)",houghCircle,0.69375,43250668.44583333,31620435.5
"(np.float64(1.5), 220, 280, 30, 10)",houghCircle,0.7104166666666667,40802270.53958333,31620217.0
"(np.float64(1.5), 220, 280, 30, 15)",houghCircle,0.7875,39588944.8625,30487776.0
"(np.float64(1.5), 220, 280, 35, 5)",houghCircle,0.69375,48907490.98125,38574521.5
"(np.float64(1.5), 220, 280, 35, 10)",houghCircle,0.7291666666666666,41978378.360416666,31569685.5
"(np.float64(1.5), 220, 280, 35, 15)",houghCircle,0.775,43094429.4375,31349093.5
"(np.float64(1.5), 220, 280, 40, 5)",houghCircle,0.60625,42141998.854166664,30932034.5
"(np.float64(1.5), 220, 280, 40, 10)",houghCircle,0.6375,42608577.74583333,32098825.0
"(np.float64(1.5), 220, 280, 40, 15)",houghCircle,0.6666666666666666,41697958.87708333,31068466.5
"(np.float64(1.5), 220, 280, 45, 5)",houghCircle,0.21875,41066619.635416664,31311747.0
"(np.float64(1.5), 220, 280, 45, 10)",houghCircle,0.23541666666666666,40040920.541666664,31549172.5
"(np.float64(1.5), 220, 280, 45, 15)",houghCircle,0.2375,40799969.17916667,30309357.5
"(np.float64(1.5), 220, 290, 30, 5)",houghCircle,0.69375,45148655.85625,32600504.5
"(np.float64(1.5), 220, 290, 30, 10)",houghCircle,0.71875,42640804.3375,31644441.0
"(np.float64(1.5), 220, 290, 30, 15)",houghCircle,0.7895833333333333,48986300.7375,37328375.0
"(np.float64(1.5), 220, 290, 35, 5)",houghCircle,0.7,40361255.87083333,31401675.5
"(np.float64(1.5), 220, 290, 35, 10)",houghCircle,0.73125,41240618.96875,31113991.0
"(np.float64(1.5), 220, 290, 35, 15)",houghCircle,0.7791666666666667,42936432.333333336,31431262.0
"(np.float64(1.5), 220, 290, 40, 5)",houghCircle,0.60625,41601048.489583336,31119497.0
"(np.float64(1.5), 220, 290, 40, 10)",houghCircle,0.6375,40752192.49166667,31183181.0
"(np.float64(1.5), 220, 290, 40, 15)",houghCircle,0.6666666666666666,39185709.85208333,30293356.5
"(np.float64(1.5), 220, 290, 45, 5)",houghCircle,0.22083333333333333,43204482.766666666,31340036.0
"(np.float64(1.5), 220, 290, 45, 10)",houghCircle,0.23541666666666666,42371058.46875,31251490.0
"(np.float64(1.5), 220, 290, 45, 15)",houghCircle,0.2375,37014970.62083333,29686096.0
"(np.float64(1.5), 230, 100, 30, 5)",houghCircle,0.5583333333333333,45218081.67916667,37143242.5
"(np.float64(1.5), 230, 100, 30, 10)",houghCircle,0.6645833333333333,46575552.34791667,37747234.5
"(np.float64(1.5), 230, 100, 30, 15)",houghCircle,0.8041666666666667,52204149.025,41807959.0
"(np.float64(1.5), 230, 100, 35, 5)",houghCircle,0.6958333333333333,46356908.46875,38087579.0
"(np.float64(1.5), 230, 100, 35, 10)",houghCircle,0.7270833333333333,44360032.516666666,36536358.5
"(np.float64(1.5), 230, 100, 35, 15)",houghCircle,0.8083333333333333,44117935.2,35701021.5
"(np.float64(1.5), 230, 100, 40, 5)",houghCircle,0.6375,48370914.96875,37903723.5
"(np.float64(1.5), 230, 100, 40, 10)",houghCircle,0.6854166666666667,48293415.26875,37324813.5
"(np.float64(1.5), 230, 100, 40, 15)",houghCircle,0.7208333333333333,46401717.98125,35435699.0
"(np.float64(1.5), 230, 100, 45, 5)",houghCircle,0.37083333333333335,44881875.28125,35788926.5
"(np.float64(1.5), 230, 100, 45, 10)",houghCircle,0.3854166666666667,45986386.9,36421047.5
"(np.float64(1.5), 230, 100, 45, 15)",houghCircle,0.3958333333333333,43597446.30625,34958228.0
"(np.float64(1.5), 230, 110, 30, 5)",houghCircle,0.5895833333333333,44572910.06666667,36079317.0
"(np.float64(1.5), 230, 110, 30, 10)",houghCircle,0.6770833333333334,47623797.11875,36591918.5
"(np.float64(1.5), 230, 110, 30, 15)",houghCircle,0.8041666666666667,45671843.91041667,35116310.5
"(np.float64(1.5), 230, 110, 35, 5)",houghCircle,0.69375,52345314.91041667,43316999.0
"(np.float64(1.5), 230, 110, 35, 10)",houghCircle,0.7291666666666666,44252516.75833333,35922024.0
"(np.float64(1.5), 230, 110, 35, 15)",houghCircle,0.8083333333333333,46454886.4125,35856498.5
"(np.float64(1.5), 230, 110, 40, 5)",houghCircle,0.6125,45472897.08541667,35868771.5
"(np.float64(1.5), 230, 110, 40, 10)",houghCircle,0.6458333333333334,44787427.39791667,34637566.5
"(np.float64(1.5), 230, 110, 40, 15)",houghCircle,0.6854166666666667,45856140.20625,34562320.0
"(np.float64(1.5), 230, 110, 45, 5)",houghCircle,0.30833333333333335,46851804.89375,37020067.5
"(np.float64(1.5), 230, 110, 45, 10)",houghCircle,0.3229166666666667,45444080.38333333,36057135.0
"(np.float64(1.5), 230, 110, 45, 15)",houghCircle,0.33541666666666664,44793976.84583333,36184223.0
"(np.float64(1.5), 230, 120, 30, 5)",houghCircle,0.61875,45905106.53333333,36722198.0
"(np.float64(1.5), 230, 120, 30, 10)",houghCircle,0.6958333333333333,45257724.04375,36179454.0
"(np.float64(1.5), 230, 120, 30, 15)",houghCircle,0.8083333333333333,52546075.38333333,42518912.0
"(np.float64(1.5), 230, 120, 35, 5)",houghCircle,0.6958333333333333,43548741.49791667,35164375.0
"(np.float64(1.5), 230, 120, 35, 10)",houghCircle,0.73125,43918715.66458333,34652525.0
"(np.float64(1.5), 230, 120, 35, 15)",houghCircle,0.8,44044634.28541667,33599889.5
"(np.float64(1.5), 230, 120, 40, 5)",houghCircle,0.6166666666666667,44655357.704166666,35301576.5
"(np.float64(1.5), 230, 120, 40, 10)",houghCircle,0.6416666666666667,45285310.06041667,34811152.5
"(np.float64(1.5), 230, 120, 40, 15)",houghCircle,0.6833333333333333,41968453.34375,33568275.0
"(np.float64(1.5), 230, 120, 45, 5)",houghCircle,0.28125,41398553.360416666,34103164.5
"(np.float64(1.5), 230, 120, 45, 10)",houghCircle,0.2916666666666667,44505185.2375,33898660.0
"(np.float64(1.5), 230, 120, 45, 15)",houghCircle,0.30416666666666664,46290075.11875,35919371.0
"(np.float64(1.5), 230, 130, 30, 5)",houghCircle,0.63125,53617077.00833333,42994334.5
"(np.float64(1.5), 230, 130, 30, 10)",houghCircle,0.7020833333333333,44521324.27708333,34403587.0
"(np.float64(1.5), 230, 130, 30, 15)",houghCircle,0.8145833333333333,45853457.739583336,34627247.0
"(np.float64(1.5), 230, 130, 35, 5)",houghCircle,0.6916666666666667,44192499.01875,34306966.0
"(np.float64(1.5), 230, 130, 35, 10)",houghCircle,0.725,44237716.07083333,35329665.5
"(np.float64(1.5), 230, 130, 35, 15)",houghCircle,0.7979166666666667,45694512.86666667,33693972.5
"(np.float64(1.5), 230, 130, 40, 5)",houghCircle,0.6104166666666667,45228986.33958333,35215245.5
"(np.float64(1.5), 230, 130, 40, 10)",houghCircle,0.6354166666666666,45721235.59375,35845528.5
"(np.float64(1.5), 230, 130, 40, 15)",houghCircle,0.6770833333333334,42273918.34583333,34212078.5
"(np.float64(1.5), 230, 130, 45, 5)",houghCircle,0.24166666666666667,46801094.75625,35596710.5
"(np.float64(1.5), 230, 130, 45, 10)",houghCircle,0.25416666666666665,42870841.7625,34510212.5
"(np.float64(1.5), 230, 130, 45, 15)",houghCircle,0.2625,51783326.87916667,40732631.5
"(np.float64(1.5), 230, 140, 30, 5)",houghCircle,0.6416666666666667,44419355.322916664,35184017.5
"(np.float64(1.5), 230, 140, 30, 10)",houghCircle,0.7145833333333333,46691317.78125,34253872.0
"(np.float64(1.5), 230, 140, 30, 15)",houghCircle,0.8083333333333333,44498850.50416667,34095890.5
"(np.float64(1.5), 230, 140, 35, 5)",houghCircle,0.6916666666666667,45257736.825,35825044.5
"(np.float64(1.5), 230, 140, 35, 10)",houghCircle,0.7229166666666667,40777319.71458333,33388513.5
"(np.float64(1.5), 230, 140, 35, 15)",houghCircle,0.79375,44468387.235416666,34035836.5
"(np.float64(1.5), 230, 140, 40, 5)",houghCircle,0.6166666666666667,44497050.62916667,34586737.0
"(np.float64(1.5), 230, 140, 40, 10)",houghCircle,0.6395833333333333,41628211.37083333,33636542.5
"(np.float64(1.5), 230, 140, 40, 15)",houghCircle,0.6791666666666667,41009383.645833336,32957910.5
"(np.float64(1.5), 230, 140, 45, 5)",houghCircle,0.23333333333333334,45563761.53125,35066971.5
"(np.float64(1.5), 230, 140, 45, 10)",houghCircle,0.24791666666666667,52513748.072916664,40127331.0
"(np.float64(1.5), 230, 140, 45, 15)",houghCircle,0.2520833333333333,41798030.922916666,32400945.5
"(np.float64(1.5), 230, 150, 30, 5)",houghCircle,0.6604166666666667,41798009.44166667,33435642.5
"(np.float64(1.5), 230, 150, 30, 10)",houghCircle,0.7208333333333333,45380211.51875,33666705.0
"(np.float64(1.5), 230, 150, 30, 15)",houghCircle,0.8083333333333333,40913438.708333336,32315484.5
"(np.float64(1.5), 230, 150, 35, 5)",houghCircle,0.69375,44689097.69375,34698771.0
"(np.float64(1.5), 230, 150, 35, 10)",houghCircle,0.7229166666666667,44239889.045833334,34415990.5
"(np.float64(1.5), 230, 150, 35, 15)",houghCircle,0.79375,43513696.3875,33628228.0
"(np.float64(1.5), 230, 150, 40, 5)",houghCircle,0.6125,43062626.677083336,33269224.0
"(np.float64(1.5), 230, 150, 40, 10)",houghCircle,0.6354166666666666,43263165.641666666,33599294.0
"(np.float64(1.5), 230, 150, 40, 15)",houghCircle,0.675,45283630.09583333,34585214.0
"(np.float64(1.5), 230, 150, 45, 5)",houghCircle,0.22708333333333333,45620532.21875,34795382.5
"(np.float64(1.5), 230, 150, 45, 10)",houghCircle,0.23958333333333334,51476226.58958333,39322489.5
"(np.float64(1.5), 230, 150, 45, 15)",houghCircle,0.24375,42651395.458333336,33145688.0
"(np.float64(1.5), 230, 160, 30, 5)",houghCircle,0.6604166666666667,41495762.62708333,33395740.5
"(np.float64(1.5), 230, 160, 30, 10)",houghCircle,0.7208333333333333,43224450.833333336,33487233.5
"(np.float64(1.5), 230, 160, 30, 15)",houghCircle,0.8104166666666667,44775630.110416666,33024890.5
"(np.float64(1.5), 230, 160, 35, 5)",houghCircle,0.6958333333333333,43701552.53333333,33180634.0
"(np.float64(1.5), 230, 160, 35, 10)",houghCircle,0.7291666666666666,44676251.925,34071876.5
"(np.float64(1.5), 230, 160, 35, 15)",houghCircle,0.7958333333333333,44823025.55833333,33388727.5
"(np.float64(1.5), 230, 160, 40, 5)",houghCircle,0.6145833333333334,45224524.24166667,34001580.0
"(np.float64(1.5), 230, 160, 40, 10)",houghCircle,0.6375,42183295.03125,32258524.0
"(np.float64(1.5), 230, 160, 40, 15)",houghCircle,0.6770833333333334,43599785.81875,33738635.5
"(np.float64(1.5), 230, 160, 45, 5)",houghCircle,0.22083333333333333,41426663.99375,32197027.5
"(np.float64(1.5), 230, 160, 45, 10)",houghCircle,0.23541666666666666,47723684.88333333,39350519.5
"(np.float64(1.5), 230, 160, 45, 15)",houghCircle,0.2375,41685073.454166666,33790082.0
"(np.float64(1.5), 230, 170, 30, 5)",houghCircle,0.675,43580738.27916667,33488175.0
"(np.float64(1.5), 230, 170, 30, 10)",houghCircle,0.7270833333333333,42060274.68333333,31621798.5
"(np.float64(1.5), 230, 170, 30, 15)",houghCircle,0.8083333333333333,41650808.7375,32903533.5
"(np.float64(1.5), 230, 170, 35, 5)",houghCircle,0.6979166666666666,41670913.18541667,33183007.5
"(np.float64(1.5), 230, 170, 35, 10)",houghCircle,0.7270833333333333,45100347.1,33821732.0
"(np.float64(1.5), 230, 170, 35, 15)",houghCircle,0.7916666666666666,40536731.68958333,32068847.0
"(np.float64(1.5), 230, 170, 40, 5)",houghCircle,0.6104166666666667,43275434.197916664,33243355.5
"(np.float64(1.5), 230, 170, 40, 10)",houghCircle,0.6354166666666666,43393396.69583333,33781821.0
"(np.float64(1.5), 230, 170, 40, 15)",houghCircle,0.6729166666666667,41570988.25416667,32617086.5
"(np.float64(1.5), 230, 170, 45, 5)",houghCircle,0.22291666666666668,52076026.33958333,39953814.5
"(np.float64(1.5), 230, 170, 45, 10)",houghCircle,0.23541666666666666,42219931.75416667,33087174.0
"(np.float64(1.5), 230, 170, 45, 15)",houghCircle,0.2375,41345842.38125,31738413.5
"(np.float64(1.5), 230, 180, 30, 5)",houghCircle,0.675,45628456.5875,34022482.5
"(np.float64(1.5), 230, 180, 30, 10)",houghCircle,0.7270833333333333,39882432.84791667,32665707.5
"(np.float64(1.5), 230, 180, 30, 15)",houghCircle,0.8041666666666667,40631719.45625,31359221.5
"(np.float64(1.5), 230, 180, 35, 5)",houghCircle,0.7020833333333333,41826496.666666664,33070682.0
"(np.float64(1.5), 230, 180, 35, 10)",houghCircle,0.7229166666666667,45618917.075,32779841.5
"(np.float64(1.5), 230, 180, 35, 15)",houghCircle,0.7895833333333333,41546513.91875,32523099.5
"(np.float64(1.5), 230, 180, 40, 5)",houghCircle,0.6104166666666667,41812813.83958333,33567493.5
"(np.float64(1.5), 230, 180, 40, 10)",houghCircle,0.6375,43279223.704166666,33379496.5
"(np.float64(1.5), 230, 180, 40, 15)",houghCircle,0.6729166666666667,43549258.94166667,32373975.5
"(np.float64(1.5), 230, 180, 45, 5)",houghCircle,0.22291666666666668,53538750.545833334,41181594.0
"(np.float64(1.5), 230, 180, 45, 10)",houghCircle,0.23541666666666666,42593533.24375,32462425.0
"(np.float64(1.5), 230, 180, 45, 15)",houghCircle,0.2375,40961984.59583333,31141723.0
"(np.float64(1.5), 230, 190, 30, 5)",houghCircle,0.6791666666666667,42562982.15,33067897.5
"(np.float64(1.5), 230, 190, 30, 10)",houghCircle,0.71875,43095077.71041667,32154970.0
"(np.float64(1.5), 230, 190, 30, 15)",houghCircle,0.7958333333333333,42303272.18958333,32145206.5
"(np.float64(1.5), 230, 190, 35, 5)",houghCircle,0.6916666666666667,43138103.079166666,32364868.5
"(np.float64(1.5), 230, 190, 35, 10)",houghCircle,0.7145833333333333,45763272.9875,33762789.5
"(np.float64(1.5), 230, 190, 35, 15)",houghCircle,0.7791666666666667,43286094.78333333,32803917.5
"(np.float64(1.5), 230, 190, 40, 5)",houghCircle,0.6041666666666666,45216232.07083333,33606381.5
"(np.float64(1.5), 230, 190, 40, 10)",houghCircle,0.63125,43042220.770833336,32909074.0
"(np.float64(1.5), 230, 190, 40, 15)",houghCircle,0.6666666666666666,48536931.84166667,38486212.0
"(np.float64(1.5), 230, 190, 45, 5)",houghCircle,0.22291666666666668,40751175.5875,30956781.5
"(np.float64(1.5), 230, 190, 45, 10)",houghCircle,0.23541666666666666,44255792.702083334,32489076.0
"(np.float64(1.5), 230, 190, 45, 15)",houghCircle,0.2375,41959674.9,32375292.5
"(np.float64(1.5), 230, 200, 30, 5)",houghCircle,0.6770833333333334,44178069.62083333,32244577.0
"(np.float64(1.5), 230, 200, 30, 10)",houghCircle,0.7104166666666667,40773087.43958333,31557498.0
"(np.float64(1.5), 230, 200, 30, 15)",houghCircle,0.7895833333333333,42698112.297916666,30999743.0
"(np.float64(1.5), 230, 200, 35, 5)",houghCircle,0.6895833333333333,41371767.59791667,32582095.0
"(np.float64(1.5), 230, 200, 35, 10)",houghCircle,0.7166666666666667,42334275.520833336,31727175.5
"(np.float64(1.5), 230, 200, 35, 15)",houghCircle,0.7770833333333333,42211565.62708333,31192990.0
"(np.float64(1.5), 230, 200, 40, 5)",houghCircle,0.6041666666666666,43824531.00416667,32834673.0
"(np.float64(1.5), 230, 200, 40, 10)",houghCircle,0.63125,48678558.927083336,38309551.5
"(np.float64(1.5), 230, 200, 40, 15)",houghCircle,0.6666666666666666,40236342.645833336,32014595.5
"(np.float64(1.5), 230, 200, 45, 5)",houghCircle,0.22291666666666668,41105986.05416667,32039142.0
"(np.float64(1.5), 230, 200, 45, 10)",houghCircle,0.23541666666666666,40379429.922916666,31769786.0
"(np.float64(1.5), 230, 200, 45, 15)",houghCircle,0.2375,40973353.6625,32233841.5
"(np.float64(1.5), 230, 210, 30, 5)",houghCircle,0.6729166666666667,40876746.75,32452081.0
"(np.float64(1.5), 230, 210, 30, 10)",houghCircle,0.70625,39544031.077083334,31576760.0
"(np.float64(1.5), 230, 210, 30, 15)",houghCircle,0.7854166666666667,45006379.364583336,32646185.0
"(np.float64(1.5), 230, 210, 35, 5)",houghCircle,0.6895833333333333,40122773.03333333,31364957.5
"(np.float64(1.5), 230, 210, 35, 10)",houghCircle,0.71875,42516141.90833333,31748887.5
"(np.float64(1.5), 230, 210, 35, 15)",houghCircle,0.7770833333333333,43035851.09791667,31606844.5
"(np.float64(1.5), 230, 210, 40, 5)",houghCircle,0.6041666666666666,43091896.6625,33339791.0
"(np.float64(1.5), 230, 210, 40, 10)",houghCircle,0.63125,49348850.02291667,38765985.5
"(np.float64(1.5), 230, 210, 40, 15)",houghCircle,0.6666666666666666,43453552.60625,32033391.5
"(np.float64(1.5), 230, 210, 45, 5)",houghCircle,0.22291666666666668,45455341.297916666,33504484.5
"(np.float64(1.5), 230, 210, 45, 10)",houghCircle,0.23541666666666666,42537644.885416664,31661854.0
"(np.float64(1.5), 230, 210, 45, 15)",houghCircle,0.2375,42848131.1375,31390039.0
"(np.float64(1.5), 230, 220, 30, 5)",houghCircle,0.675,41433611.197916664,31751778.5
"(np.float64(1.5), 230, 220, 30, 10)",houghCircle,0.7,42144178.795833334,31590500.0
"(np.float64(1.5), 230, 220, 30, 15)",houghCircle,0.7833333333333333,38769898.05416667,30683558.5
"(np.float64(1.5), 230, 220, 35, 5)",houghCircle,0.6854166666666667,45105212.2875,32902531.0
"(np.float64(1.5), 230, 220, 35, 10)",houghCircle,0.7145833333333333,40437267.34166667,31869424.0
"(np.float64(1.5), 230, 220, 35, 15)",houghCircle,0.7729166666666667,42024793.46458333,31509087.5
"(np.float64(1.5), 230, 220, 40, 5)",houghCircle,0.60625,52629709.927083336,40225645.5
"(np.float64(1.5), 230, 220, 40, 10)",houghCircle,0.63125,40670639.40416667,31017385.5
"(np.float64(1.5), 230, 220, 40, 15)",houghCircle,0.6666666666666666,42977298.74375,31654664.5
"(np.float64(1.5), 230, 220, 45, 5)",houghCircle,0.22291666666666668,44940427.43333333,32991628.0
"(np.float64(1.5), 230, 220, 45, 10)",houghCircle,0.23541666666666666,43652349.44583333,31788462.5
"(np.float64(1.5), 230, 220, 45, 15)",houghCircle,0.2375,38719633.614583336,30780651.0
"(np.float64(1.5), 230, 230, 30, 5)",houghCircle,0.675,40817165.43541667,32027194.5
"(np.float64(1.5), 230, 230, 30, 10)",houghCircle,0.6958333333333333,40433618.06458333,31592413.5
"(np.float64(1.5), 230, 230, 30, 15)",houghCircle,0.7791666666666667,41175976.302083336,31402993.5
"(np.float64(1.5), 230, 230, 35, 5)",houghCircle,0.6875,41417206.427083336,31718700.5
"(np.float64(1.5), 230, 230, 35, 10)",houghCircle,0.7166666666666667,44571036.59791667,32436332.5
"(np.float64(1.5), 230, 230, 35, 15)",houghCircle,0.7729166666666667,40092662.68958333,30784974.0
"(np.float64(1.5), 230, 230, 40, 5)",houghCircle,0.60625,49038779.052083336,39069917.0
"(np.float64(1.5), 230, 230, 40, 10)",houghCircle,0.63125,44872694.072916664,32661705.5
"(np.float64(1.5), 230, 230, 40, 15)",houghCircle,0.6666666666666666,41646209.28333333,32447168.0
"(np.float64(1.5), 230, 230, 45, 5)",houghCircle,0.22291666666666668,42044448.33125,32255979.0
"(np.float64(1.5), 230, 230, 45, 10)",houghCircle,0.23541666666666666,41014319.45625,31898818.5
"(np.float64(1.5), 230, 230, 45, 15)",houghCircle,0.2375,44527635.24166667,32020507.5
"(np.float64(1.5), 230, 240, 30, 5)",houghCircle,0.675,40492188.66041667,31568082.5
"(np.float64(1.5), 230, 240, 30, 10)",houghCircle,0.6958333333333333,44986408.358333334,33336571.0
"(np.float64(1.5), 230, 240, 30, 15)",houghCircle,0.78125,37704940.41875,31224508.0
"(np.float64(1.5), 230, 240, 35, 5)",houghCircle,0.6916666666666667,40116108.45625,31835105.5
"(np.float64(1.5), 230, 240, 35, 10)",houghCircle,0.7208333333333333,45055535.39791667,32723381.5
"(np.float64(1.5), 230, 240, 35, 15)",houghCircle,0.7729166666666667,40556450.016666666,32229018.0
"(np.float64(1.5), 230, 240, 40, 5)",houghCircle,0.6083333333333333,50636159.33125,40379724.0
"(np.float64(1.5), 230, 240, 40, 10)",houghCircle,0.6375,39494964.260416664,30321139.0
"(np.float64(1.5), 230, 240, 40, 15)",houghCircle,0.66875,42548287.41875,31853304.0
"(np.float64(1.5), 230, 240, 45, 5)",houghCircle,0.22291666666666668,41979317.579166666,32726727.0
"(np.float64(1.5), 230, 240, 45, 10)",houghCircle,0.23541666666666666,44492637.53125,32023923.5
"(np.float64(1.5), 230, 240, 45, 15)",houghCircle,0.2375,41583444.975,31619169.5
"(np.float64(1.5), 230, 250, 30, 5)",houghCircle,0.6770833333333334,45624814.302083336,32376624.5
"(np.float64(1.5), 230, 250, 30, 10)",houghCircle,0.7041666666666667,44061868.59791667,32514789.5
"(np.float64(1.5), 230, 250, 30, 15)",houghCircle,0.78125,38940015.6,30653953.5
"(np.float64(1.5), 230, 250, 35, 5)",houghCircle,0.69375,40063592.91041667,31295171.0
"(np.float64(1.5), 230, 250, 35, 10)",houghCircle,0.7208333333333333,39624074.891666666,31009164.0
"(np.float64(1.5), 230, 250, 35, 15)",houghCircle,0.7729166666666667,39693831.50208333,31597518.0
"(np.float64(1.5), 230, 250, 40, 5)",houghCircle,0.6104166666666667,51121254.50833333,37899246.5
"(np.float64(1.5), 230, 250, 40, 10)",houghCircle,0.6375,38826039.625,31230489.5
"(np.float64(1.5), 230, 250, 40, 15)",houghCircle,0.66875,40246012.18541667,31389894.5
"(np.float64(1.5), 230, 250, 45, 5)",houghCircle,0.22291666666666668,42143399.360416666,31225315.0
"(np.float64(1.5), 230, 250, 45, 10)",houghCircle,0.23541666666666666,38863360.197916664,31240889.5
"(np.float64(1.5), 230, 250, 45, 15)",houghCircle,0.2375,42050077.31041667,31201215.5
"(np.float64(1.5), 230, 260, 30, 5)",houghCircle,0.6854166666666667,41462964.64791667,31390906.0
"(np.float64(1.5), 230, 260, 30, 10)",houghCircle,0.70625,38977556.9375,29781401.5
"(np.float64(1.5), 230, 260, 30, 15)",houghCircle,0.7854166666666667,40989731.10625,30255390.5
"(np.float64(1.5), 230, 260, 35, 5)",houghCircle,0.69375,42829310.12291667,31541612.5
"(np.float64(1.5), 230, 260, 35, 10)",houghCircle,0.7208333333333333,47512793.64375,38396628.5
"(np.float64(1.5), 230, 260, 35, 15)",houghCircle,0.7729166666666667,39163108.072916664,31306287.0
"(np.float64(1.5), 230, 260, 40, 5)",houghCircle,0.6104166666666667,43933625.84166667,31871943.5
"(np.float64(1.5), 230, 260, 40, 10)",houghCircle,0.6354166666666666,40834414.854166664,31125393.0
"(np.float64(1.5), 230, 260, 40, 15)",houghCircle,0.6666666666666666,41207345.03958333,30503351.0
"(np.float64(1.5), 230, 260, 45, 5)",houghCircle,0.22291666666666668,42755015.952083334,32303267.5
"(np.float64(1.5), 230, 260, 45, 10)",houghCircle,0.23541666666666666,41662672.28541667,31557142.5
"(np.float64(1.5), 230, 260, 45, 15)",houghCircle,0.2375,40526797.10625,30184963.5
"(np.float64(1.5), 230, 270, 30, 5)",houghCircle,0.6895833333333333,41921880.25208333,32340698.0
"(np.float64(1.5), 230, 270, 30, 10)",houghCircle,0.7083333333333334,43204070.104166664,30674366.5
"(np.float64(1.5), 230, 270, 30, 15)",houghCircle,0.7854166666666667,38641607.04375,30335786.5
"(np.float64(1.5), 230, 270, 35, 5)",houghCircle,0.69375,45635925.32083333,36096939.5
"(np.float64(1.5), 230, 270, 35, 10)",houghCircle,0.725,40775072.24791667,31444672.0
"(np.float64(1.5), 230, 270, 35, 15)",houghCircle,0.775,38036982.0125,30186461.0
"(np.float64(1.5), 230, 270, 40, 5)",houghCircle,0.6083333333333333,41722097.8375,31197904.0
"(np.float64(1.5), 230, 270, 40, 10)",houghCircle,0.6354166666666666,40328145.458333336,31449837.0
"(np.float64(1.5), 230, 270, 40, 15)",houghCircle,0.6666666666666666,42616230.072916664,31242502.0
"(np.float64(1.5), 230, 270, 45, 5)",houghCircle,0.22291666666666668,42397363.66458333,32201877.0
"(np.float64(1.5), 230, 270, 45, 10)",houghCircle,0.23541666666666666,41353789.15208333,31096022.5
"(np.float64(1.5), 230, 270, 45, 15)",houghCircle,0.2375,41100498.70625,30116525.0
"(np.float64(1.5), 230, 280, 30, 5)",houghCircle,0.69375,45409327.8125,32350391.0
"(np.float64(1.5), 230, 280, 30, 10)",houghCircle,0.7104166666666667,51665995.302083336,38063358.0
"(np.float64(1.5), 230, 280, 30, 15)",houghCircle,0.7875,39091614.360416666,30201263.5
"(np.float64(1.5), 230, 280, 35, 5)",houghCircle,0.6958333333333333,42786815.21458333,31856724.5
"(np.float64(1.5), 230, 280, 35, 10)",houghCircle,0.7291666666666666,40087783.51875,31176914.5
"(np.float64(1.5), 230, 280, 35, 15)",houghCircle,0.775,38555196.23125,29539527.0
"(np.float64(1.5), 230, 280, 40, 5)",houghCircle,0.6083333333333333,42122522.6,31352869.5
"(np.float64(1.5), 230, 280, 40, 10)",houghCircle,0.6375,41920232.8,30708730.0
"(np.float64(1.5), 230, 280, 40, 15)",houghCircle,0.6666666666666666,40617733.885416664,30776211.5
"(np.float64(1.5), 230, 280, 45, 5)",houghCircle,0.22291666666666668,43130380.62916667,31635429.5
"(np.float64(1.5), 230, 280, 45, 10)",houghCircle,0.23541666666666666,40126406.93333333,30460706.0
"(np.float64(1.5), 230, 280, 45, 15)",houghCircle,0.2375,41799947.71041667,30606098.5
"(np.float64(1.5), 230, 290, 30, 5)",houghCircle,0.6958333333333333,40804905.06666667,31215241.0
"(np.float64(1.5), 230, 290, 30, 10)",houghCircle,0.71875,37429152.45,30760507.5
"(np.float64(1.5), 230, 290, 30, 15)",houghCircle,0.7895833333333333,38591654.87916667,30767556.0
"(np.float64(1.5), 230, 290, 35, 5)",houghCircle,0.7041666666666667,47373507.96666667,36618067.0
"(np.float64(1.5), 230, 290, 35, 10)",houghCircle,0.73125,42725342.079166666,31788206.5
"(np.float64(1.5), 230, 290, 35, 15)",houghCircle,0.7791666666666667,42276423.60208333,30817249.5
"(np.float64(1.5), 230, 290, 40, 5)",houghCircle,0.6083333333333333,41667566.34791667,31814571.0
"(np.float64(1.5), 230, 290, 40, 10)",houghCircle,0.6375,40101333.46875,30979539.0
"(np.float64(1.5), 230, 290, 40, 15)",houghCircle,0.6666666666666666,39709050.229166664,30151305.0
"(np.float64(1.5), 230, 290, 45, 5)",houghCircle,0.225,43307324.60208333,31905947.0
"(np.float64(1.5), 230, 290, 45, 10)",houghCircle,0.23541666666666666,40501310.65625,31276395.5
"(np.float64(1.5), 230, 290, 45, 15)",houghCircle,0.2375,41332638.75416667,30936068.0
"(np.float64(1.5), 240, 100, 30, 5)",houghCircle,0.5708333333333333,46745514.83958333,38261891.0
"(np.float64(1.5), 240, 100, 30, 10)",houghCircle,0.6770833333333334,51762306.916666664,42964824.0
"(np.float64(1.5), 240, 100, 30, 15)",houghCircle,0.80625,45403494.275,35840383.5
"(np.float64(1.5), 240, 100, 35, 5)",houghCircle,0.7020833333333333,47109996.06875,37654375.5
"(np.float64(1.5), 240, 100, 35, 10)",houghCircle,0.7333333333333333,47319943.1875,37620046.5
"(np.float64(1.5), 240, 100, 35, 15)",houghCircle,0.8083333333333333,44415609.27291667,35699364.5
"(np.float64(1.5), 240, 100, 40, 5)",houghCircle,0.6458333333333334,45100618.833333336,36613494.0
"(np.float64(1.5), 240, 100, 40, 10)",houghCircle,0.6875,47490727.37708333,36738478.5
"(np.float64(1.5), 240, 100, 40, 15)",houghCircle,0.7229166666666667,46627094.43958333,36172466.0
"(np.float64(1.5), 240, 100, 45, 5)",houghCircle,0.37083333333333335,43725282.1375,35884721.5
"(np.float64(1.5), 240, 100, 45, 10)",houghCircle,0.3854166666666667,49413211.55416667,37429139.0
"(np.float64(1.5), 240, 100, 45, 15)",houghCircle,0.3958333333333333,46704572.829166666,36947695.0
"(np.float64(1.5), 240, 110, 30, 5)",houghCircle,0.6,44889784.766666666,35867724.5
"(np.float64(1.5), 240, 110, 30, 10)",houghCircle,0.6875,45108466.72708333,35927189.5
"(np.float64(1.5), 240, 110, 30, 15)",houghCircle,0.80625,51612324.37916667,41840895.0
"(np.float64(1.5), 240, 110, 35, 5)",houghCircle,0.7,44221213.24791667,35008673.0
"(np.float64(1.5), 240, 110, 35, 10)",houghCircle,0.7333333333333333,47087067.395833336,36561641.0
"(np.float64(1.5), 240, 110, 35, 15)",houghCircle,0.8083333333333333,43769180.49166667,34843908.0
"(np.float64(1.5), 240, 110, 40, 5)",houghCircle,0.61875,46991963.74583333,36741504.0
"(np.float64(1.5), 240, 110, 40, 10)",houghCircle,0.6479166666666667,44212788.983333334,35606449.0
"(np.float64(1.5), 240, 110, 40, 15)",houghCircle,0.6854166666666667,46446087.57083333,35014573.5
"(np.float64(1.5), 240, 110, 45, 5)",houghCircle,0.30833333333333335,45228537.55833333,35970408.0
"(np.float64(1.5), 240, 110, 45, 10)",houghCircle,0.3229166666666667,44902555.37916667,36273050.0
"(np.float64(1.5), 240, 110, 45, 15)",houghCircle,0.33541666666666664,44965836.077083334,35712258.5
"(np.float64(1.5), 240, 120, 30, 5)",houghCircle,0.63125,46093796.75416667,35556920.5
"(np.float64(1.5), 240, 120, 30, 10)",houghCircle,0.70625,53939809.2375,42100327.5
"(np.float64(1.5), 240, 120, 30, 15)",houghCircle,0.8104166666666667,43495013.425,33451597.5
"(np.float64(1.5), 240, 120, 35, 5)",houghCircle,0.7020833333333333,44991053.4875,36105031.0
"(np.float64(1.5), 240, 120, 35, 10)",houghCircle,0.7333333333333333,45383741.375,35363744.0
"(np.float64(1.5), 240, 120, 35, 15)",houghCircle,0.8,44796610.80625,33593552.5
"(np.float64(1.5), 240, 120, 40, 5)",houghCircle,0.6208333333333333,42042757.05416667,34691974.0
"(np.float64(1.5), 240, 120, 40, 10)",houghCircle,0.64375,42907980.28541667,35493323.0
"(np.float64(1.5), 240, 120, 40, 15)",houghCircle,0.6833333333333333,42936408.454166666,33779271.0
"(np.float64(1.5), 240, 120, 45, 5)",houghCircle,0.28125,46301535.87291667,35427423.0
"(np.float64(1.5), 240, 120, 45, 10)",houghCircle,0.2916666666666667,46508739.014583334,35469132.0
"(np.float64(1.5), 240, 120, 45, 15)",houghCircle,0.30416666666666664,41661840.333333336,33261279.5
"(np.float64(1.5), 240, 130, 30, 5)",houghCircle,0.6416666666666667,52734899.93125,42083124.5
"(np.float64(1.5), 240, 130, 30, 10)",houghCircle,0.7125,48321948.61875,38515317.0
"(np.float64(1.5), 240, 130, 30, 15)",houghCircle,0.8166666666666667,42658050.71041667,33587286.5
"(np.float64(1.5), 240, 130, 35, 5)",houghCircle,0.6958333333333333,43335041.697916664,34608000.5
"(np.float64(1.5), 240, 130, 35, 10)",houghCircle,0.7270833333333333,44193095.73125,34653967.0
"(np.float64(1.5), 240, 130, 35, 15)",houghCircle,0.7979166666666667,45692639.55833333,34719737.0
"(np.float64(1.5), 240, 130, 40, 5)",houghCircle,0.6145833333333334,45973825.21666667,35539975.0
"(np.float64(1.5), 240, 130, 40, 10)",houghCircle,0.6375,43800477.33125,34164853.5
"(np.float64(1.5), 240, 130, 40, 15)",houghCircle,0.6770833333333334,44468947.91875,33940504.5
"(np.float64(1.5), 240, 130, 45, 5)",houghCircle,0.24166666666666667,46218346.045833334,35548009.5
"(np.float64(1.5), 240, 130, 45, 10)",houghCircle,0.25416666666666665,55252223.84166667,43468269.0
"(np.float64(1.5), 240, 130, 45, 15)",houghCircle,0.2625,45134761.052083336,34181826.5
"(np.float64(1.5), 240, 140, 30, 5)",houghCircle,0.65,47459100.31458333,38640151.0
"(np.float64(1.5), 240, 140, 30, 10)",houghCircle,0.71875,41030770.87291667,32547661.5
"(np.float64(1.5), 240, 140, 30, 15)",houghCircle,0.8104166666666667,43939542.358333334,33083497.5
"(np.float64(1.5), 240, 140, 35, 5)",houghCircle,0.69375,44060728.15208333,34670884.0
"(np.float64(1.5), 240, 140, 35, 10)",houghCircle,0.725,45489651.09583333,35272097.5
"(np.float64(1.5), 240, 140, 35, 15)",houghCircle,0.79375,42446062.34166667,33118457.0
"(np.float64(1.5), 240, 140, 40, 5)",houghCircle,0.6208333333333333,47129923.19166667,35341738.0
"(np.float64(1.5), 240, 140, 40, 10)",houghCircle,0.6416666666666667,41653689.91875,33654372.5
"(np.float64(1.5), 240, 140, 40, 15)",houghCircle,0.6791666666666667,43696081.9875,33543237.0
"(np.float64(1.5), 240, 140, 45, 5)",houghCircle,0.23333333333333334,43276804.4,34619379.0
"(np.float64(1.5), 240, 140, 45, 10)",houghCircle,0.24791666666666667,47181240.24166667,36063426.0
"(np.float64(1.5), 240, 140, 45, 15)",houghCircle,0.2520833333333333,53281706.25208333,41340186.5
"(np.float64(1.5), 240, 150, 30, 5)",houghCircle,0.6666666666666666,41552598.7875,32387435.0
"(np.float64(1.5), 240, 150, 30, 10)",houghCircle,0.7229166666666667,42797056.81041667,33170044.0
"(np.float64(1.5), 240, 150, 30, 15)",houghCircle,0.8104166666666667,42137296.10625,32498738.5
"(np.float64(1.5), 240, 150, 35, 5)",houghCircle,0.69375,45442197.19583333,34276759.0
"(np.float64(1.5), 240, 150, 35, 10)",houghCircle,0.725,43874619.625,34335109.0
"(np.float64(1.5), 240, 150, 35, 15)",houghCircle,0.79375,41001560.48125,32622962.5
"(np.float64(1.5), 240, 150, 40, 5)",houghCircle,0.6166666666666667,44578952.6125,34059978.0
"(np.float64(1.5), 240, 150, 40, 10)",houghCircle,0.6375,45763360.516666666,34680397.0
"(np.float64(1.5), 240, 150, 40, 15)",houghCircle,0.675,39781500.28541667,32256109.5
"(np.float64(1.5), 240, 150, 45, 5)",houghCircle,0.22708333333333333,45310953.775,34867127.0
"(np.float64(1.5), 240, 150, 45, 10)",houghCircle,0.23958333333333334,49882891.22083333,40494815.5
"(np.float64(1.5), 240, 150, 45, 15)",houghCircle,0.24375,46650997.51875,34497945.0
"(np.float64(1.5), 240, 160, 30, 5)",houghCircle,0.6666666666666666,44815951.108333334,34066244.5
"(np.float64(1.5), 240, 160, 30, 10)",houghCircle,0.7229166666666667,45826299.28125,33617498.0
"(np.float64(1.5), 240, 160, 30, 15)",houghCircle,0.8125,40510287.927083336,32744730.5
"(np.float64(1.5), 240, 160, 35, 5)",houghCircle,0.6958333333333333,42486417.90208333,32492452.5
"(np.float64(1.5), 240, 160, 35, 10)",houghCircle,0.73125,44507856.75416667,33601893.5
"(np.float64(1.5), 240, 160, 35, 15)",houghCircle,0.7958333333333333,44636496.80833333,32238396.0
"(np.float64(1.5), 240, 160, 40, 5)",houghCircle,0.61875,41232666.37083333,33859496.5
"(np.float64(1.5), 240, 160, 40, 10)",houghCircle,0.6395833333333333,41923928.16041667,32072147.5
"(np.float64(1.5), 240, 160, 40, 15)",houghCircle,0.6770833333333334,40071018.05416667,32459676.0
"(np.float64(1.5), 240, 160, 45, 5)",houghCircle,0.22083333333333333,42530288.358333334,33401282.5
"(np.float64(1.5), 240, 160, 45, 10)",houghCircle,0.23541666666666666,52430969.0875,41389254.0
"(np.float64(1.5), 240, 160, 45, 15)",houghCircle,0.2375,45115168.58125,34464476.0
"(np.float64(1.5), 240, 170, 30, 5)",houghCircle,0.6791666666666667,40708583.86875,32342126.5
"(np.float64(1.5), 240, 170, 30, 10)",houghCircle,0.7291666666666666,44664438.13125,33197503.5
"(np.float64(1.5), 240, 170, 30, 15)",houghCircle,0.8104166666666667,44257815.1125,32522377.5
"(np.float64(1.5), 240, 170, 35, 5)",houghCircle,0.7,42123710.141666666,32562102.5
"(np.float64(1.5), 240, 170, 35, 10)",houghCircle,0.7270833333333333,45700385.40625,33589044.5
"(np.float64(1.5), 240, 170, 35, 15)",houghCircle,0.7916666666666666,43473236.270833336,32574637.0
"(np.float64(1.5), 240, 170, 40, 5)",houghCircle,0.6166666666666667,45156026.4,34470618.0
"(np.float64(1.5), 240, 170, 40, 10)",houghCircle,0.6375,40910430.66041667,32730852.0
"(np.float64(1.5), 240, 170, 40, 15)",houghCircle,0.6729166666666667,41980319.375,32165243.5
"(np.float64(1.5), 240, 170, 45, 5)",houghCircle,0.22291666666666668,41849940.10625,33472020.5
"(np.float64(1.5), 240, 170, 45, 10)",houghCircle,0.23541666666666666,48011797.90416667,38054807.0
"(np.float64(1.5), 240, 170, 45, 15)",houghCircle,0.2375,41133854.09166667,32597790.0
"(np.float64(1.5), 240, 180, 30, 5)",houghCircle,0.6770833333333334,42427684.05833333,33586951.0
"(np.float64(1.5), 240, 180, 30, 10)",houghCircle,0.7270833333333333,42770493.50833333,32246110.5
"(np.float64(1.5), 240, 180, 30, 15)",houghCircle,0.80625,43170674.51875,31936359.5
"(np.float64(1.5), 240, 180, 35, 5)",houghCircle,0.7041666666666667,42533035.4,32981359.0
"(np.float64(1.5), 240, 180, 35, 10)",houghCircle,0.7229166666666667,45521762.666666664,33284417.5
"(np.float64(1.5), 240, 180, 35, 15)",houghCircle,0.7895833333333333,40130784.28958333,32516411.5
"(np.float64(1.5), 240, 180, 40, 5)",houghCircle,0.6166666666666667,43442425.68541667,33721839.0
"(np.float64(1.5), 240, 180, 40, 10)",houghCircle,0.6395833333333333,41427312.02916667,31685875.0
"(np.float64(1.5), 240, 180, 40, 15)",houghCircle,0.6729166666666667,39888340.08958333,31796586.0
"(np.float64(1.5), 240, 180, 45, 5)",houghCircle,0.22291666666666668,50362277.175,40434918.0
"(np.float64(1.5), 240, 180, 45, 10)",houghCircle,0.23541666666666666,44458079.6,32667100.0
"(np.float64(1.5), 240, 180, 45, 15)",houghCircle,0.2375,43511917.34375,32413624.0
"(np.float64(1.5), 240, 190, 30, 5)",houghCircle,0.6791666666666667,43078693.03541667,33681968.0
"(np.float64(1.5), 240, 190, 30, 10)",houghCircle,0.71875,40934038.010416664,32428431.0
"(np.float64(1.5), 240, 190, 30, 15)",houghCircle,0.7979166666666667,38729956.40416667,30969736.0
"(np.float64(1.5), 240, 190, 35, 5)",houghCircle,0.69375,43804260.260416664,33113237.0
"(np.float64(1.5), 240, 190, 35, 10)",houghCircle,0.7145833333333333,43676078.2875,33080620.0
"(np.float64(1.5), 240, 190, 35, 15)",houghCircle,0.7791666666666667,41374198.860416666,31841306.0
"(np.float64(1.5), 240, 190, 40, 5)",houghCircle,0.6104166666666667,44191593.229166664,32957560.0
"(np.float64(1.5), 240, 190, 40, 10)",houghCircle,0.6333333333333333,49549792.19583333,39284980.5
"(np.float64(1.5), 240, 190, 40, 15)",houghCircle,0.6666666666666666,41405969.166666664,31617761.0
"(np.float64(1.5), 240, 190, 45, 5)",houghCircle,0.22291666666666668,41822563.90833333,32709916.0
"(np.float64(1.5), 240, 190, 45, 10)",houghCircle,0.23541666666666666,42723833.65416667,32768841.0
"(np.float64(1.5), 240, 190, 45, 15)",houghCircle,0.2375,41369311.49375,31599732.5
"(np.float64(1.5), 240, 200, 30, 5)",houghCircle,0.6770833333333334,39732975.27916667,31855958.0
"(np.float64(1.5), 240, 200, 30, 10)",houghCircle,0.7104166666666667,43822142.87708333,31789688.5
"(np.float64(1.5), 240, 200, 30, 15)",houghCircle,0.7916666666666666,42509418.666666664,32022135.0
"(np.float64(1.5), 240, 200, 35, 5)",houghCircle,0.6916666666666667,44201071.041666664,32131165.5
"(np.float64(1.5), 240, 200, 35, 10)",houghCircle,0.71875,42200566.614583336,33228949.0
"(np.float64(1.5), 240, 200, 35, 15)",houghCircle,0.7791666666666667,43616470.33541667,32208493.5
"(np.float64(1.5), 240, 200, 40, 5)",houghCircle,0.6083333333333333,43959934.416666664,32511272.0
"(np.float64(1.5), 240, 200, 40, 10)",houghCircle,0.6333333333333333,51139966.49166667,40070780.0
"(np.float64(1.5), 240, 200, 40, 15)",houghCircle,0.6666666666666666,42515426.395833336,34348515.0
"(np.float64(1.5), 240, 200, 45, 5)",houghCircle,0.22291666666666668,44585653.33541667,33127975.0
"(np.float64(1.5), 240, 200, 45, 10)",houghCircle,0.23541666666666666,40519119.483333334,31637945.0
"(np.float64(1.5), 240, 200, 45, 15)",houghCircle,0.2375,42850400.822916664,32502767.5
"(np.float64(1.5), 240, 210, 30, 5)",houghCircle,0.6729166666666667,42990524.625,31794798.5
"(np.float64(1.5), 240, 210, 30, 10)",houghCircle,0.7083333333333334,41676867.489583336,32097961.0
"(np.float64(1.5), 240, 210, 30, 15)",houghCircle,0.7854166666666667,40510038.583333336,31242739.0
"(np.float64(1.5), 240, 210, 35, 5)",houghCircle,0.6916666666666667,42814941.38333333,32696761.5
"(np.float64(1.5), 240, 210, 35, 10)",houghCircle,0.7208333333333333,40417463.69166667,30887721.5
"(np.float64(1.5), 240, 210, 35, 15)",houghCircle,0.7791666666666667,45930626.75833333,34639110.0
"(np.float64(1.5), 240, 210, 40, 5)",houghCircle,0.6083333333333333,43032951.02916667,31440824.0
"(np.float64(1.5), 240, 210, 40, 10)",houghCircle,0.6333333333333333,43362257.82083333,32567402.5
"(np.float64(1.5), 240, 210, 40, 15)",houghCircle,0.6666666666666666,50483511.8125,38880973.0
"(np.float64(1.5), 240, 210, 45, 5)",houghCircle,0.22291666666666668,43790260.87708333,32220807.0
"(np.float64(1.5), 240, 210, 45, 10)",houghCircle,0.23541666666666666,44177406.954166666,31813734.0
"(np.float64(1.5), 240, 210, 45, 15)",houghCircle,0.2375,39931028.825,31237754.0
"(np.float64(1.5), 240, 220, 30, 5)",houghCircle,0.675,38458482.916666664,30095265.5
"(np.float64(1.5), 240, 220, 30, 10)",houghCircle,0.7041666666666667,40518023.854166664,31672002.5
"(np.float64(1.5), 240, 220, 30, 15)",houghCircle,0.7854166666666667,43765195.297916666,32468277.0
"(np.float64(1.5), 240, 220, 35, 5)",houghCircle,0.6854166666666667,40365598.59791667,31700687.0
"(np.float64(1.5), 240, 220, 35, 10)",houghCircle,0.71875,48512702.97291667,36427029.0
"(np.float64(1.5), 240, 220, 35, 15)",houghCircle,0.775,40337960.302083336,31024854.5
"(np.float64(1.5), 240, 220, 40, 5)",houghCircle,0.6104166666666667,52837881.00208333,40508891.5
"(np.float64(1.5), 240, 220, 40, 10)",houghCircle,0.6333333333333333,44449122.74791667,31778059.0
"(np.float64(1.5), 240, 220, 40, 15)",houghCircle,0.6666666666666666,41651220.74166667,30797298.0
"(np.float64(1.5), 240, 220, 45, 5)",houghCircle,0.22291666666666668,42113090.28541667,32656610.5
"(np.float64(1.5), 240, 220, 45, 10)",houghCircle,0.23541666666666666,39964111.7875,31787845.0
"(np.float64(1.5), 240, 220, 45, 15)",houghCircle,0.2375,40043713.24166667,30562922.5
"(np.float64(1.5), 240, 230, 30, 5)",houghCircle,0.675,42609031.70625,31621268.5
"(np.float64(1.5), 240, 230, 30, 10)",houghCircle,0.7,40361226.06875,31317548.5
"(np.float64(1.5), 240, 230, 30, 15)",houghCircle,0.78125,42522134.22708333,31401791.5
"(np.float64(1.5), 240, 230, 35, 5)",houghCircle,0.6875,42671500.36666667,32826067.5
"(np.float64(1.5), 240, 230, 35, 10)",houghCircle,0.7208333333333333,43403128.46875,32126866.0
"(np.float64(1.5), 240, 230, 35, 15)",houghCircle,0.775,41347422.50625,31695817.5
"(np.float64(1.5), 240, 230, 40, 5)",houghCircle,0.6125,40994828.29375,32234378.0
"(np.float64(1.5), 240, 230, 40, 10)",houghCircle,0.6333333333333333,39911334.18333333,31573087.5
"(np.float64(1.5), 240, 230, 40, 15)",houghCircle,0.6666666666666666,47628695.333333336,37910617.5
"(np.float64(1.5), 240, 230, 45, 5)",houghCircle,0.22291666666666668,43122916.175,31680054.0
"(np.float64(1.5), 240, 230, 45, 10)",houghCircle,0.23541666666666666,42751505.09375,31845764.0
"(np.float64(1.5), 240, 230, 45, 15)",houghCircle,0.2375,42885145.41458333,31870686.0
"(np.float64(1.5), 240, 240, 30, 5)",houghCircle,0.675,42030977.864583336,31411499.5
"(np.float64(1.5), 240, 240, 30, 10)",houghCircle,0.7,43324056.547916666,31813409.0
"(np.float64(1.5), 240, 240, 30, 15)",houghCircle,0.7833333333333333,42319057.03541667,31479893.5
"(np.float64(1.5), 240, 240, 35, 5)",houghCircle,0.69375,41297802.729166664,31436091.5
"(np.float64(1.5), 240, 240, 35, 10)",houghCircle,0.725,44096234.40208333,32140582.5
"(np.float64(1.5), 240, 240, 35, 15)",houghCircle,0.775,42585964.75625,30859619.0
"(np.float64(1.5), 240, 240, 40, 5)",houghCircle,0.6145833333333334,49084657.34166667,39286423.0
"(np.float64(1.5), 240, 240, 40, 10)",houghCircle,0.6395833333333333,39257589.62083333,30380951.0
"(np.float64(1.5), 240, 240, 40, 15)",houghCircle,0.66875,41450915.791666664,31366410.0
"(np.float64(1.5), 240, 240, 45, 5)",houghCircle,0.22291666666666668,40139792.18125,31776264.0
"(np.float64(1.5), 240, 240, 45, 10)",houghCircle,0.23541666666666666,40059919.360416666,31244060.0
"(np.float64(1.5), 240, 240, 45, 15)",houghCircle,0.2375,42821355.39375,30585910.0
"(np.float64(1.5), 240, 250, 30, 5)",houghCircle,0.6770833333333334,43700361.66458333,32186233.0
"(np.float64(1.5), 240, 250, 30, 10)",houghCircle,0.70625,43277054.55833333,32132425.5
"(np.float64(1.5), 240, 250, 30, 15)",houghCircle,0.7833333333333333,43117529.95625,31358986.5
"(np.float64(1.5), 240, 250, 35, 5)",houghCircle,0.6958333333333333,38573757.93125,30333982.5
"(np.float64(1.5), 240, 250, 35, 10)",houghCircle,0.725,40756204.260416664,31536825.5
"(np.float64(1.5), 240, 250, 35, 15)",houghCircle,0.775,48838015.68541667,37626129.0
"(np.float64(1.5), 240, 250, 40, 5)",houghCircle,0.6166666666666667,41546169.604166664,31934995.5
"(np.float64(1.5), 240, 250, 40, 10)",houghCircle,0.6395833333333333,43607527.51875,31094755.5
"(np.float64(1.5), 240, 250, 40, 15)",houghCircle,0.66875,39078877.825,31383918.5
"(np.float64(1.5), 240, 250, 45, 5)",houghCircle,0.22291666666666668,41178149.020833336,31994532.5
"(np.float64(1.5), 240, 250, 45, 10)",houghCircle,0.23541666666666666,43254260.045833334,32523847.0
"(np.float64(1.5), 240, 250, 45, 15)",houghCircle,0.2375,40771679.475,30164249.5
"(np.float64(1.5), 240, 260, 30, 5)",houghCircle,0.6854166666666667,42946333.62291667,31735602.5
"(np.float64(1.5), 240, 260, 30, 10)",houghCircle,0.7083333333333334,44006651.16458333,31641931.5
"(np.float64(1.5), 240, 260, 30, 15)",houghCircle,0.7895833333333333,40297530.391666666,29999596.0
"(np.float64(1.5), 240, 260, 35, 5)",houghCircle,0.6958333333333333,48343505.39375,38569908.0
"(np.float64(1.5), 240, 260, 35, 10)",houghCircle,0.725,41297640.7125,31357945.0
"(np.float64(1.5), 240, 260, 35, 15)",houghCircle,0.775,37587824.61666667,29976912.0
"(np.float64(1.5), 240, 260, 40, 5)",houghCircle,0.6166666666666667,42605993.1125,32785251.5
"(np.float64(1.5), 240, 260, 40, 10)",houghCircle,0.6375,39796467.8375,31754999.5
"(np.float64(1.5), 240, 260, 40, 15)",houghCircle,0.6666666666666666,41809382.24791667,31653899.0
"(np.float64(1.5), 240, 260, 45, 5)",houghCircle,0.22291666666666668,41842833.08541667,32411886.5
"(np.float64(1.5), 240, 260, 45, 10)",houghCircle,0.23541666666666666,45463112.764583334,32538198.0
"(np.float64(1.5), 240, 260, 45, 15)",houghCircle,0.2375,42823817.77708333,31223146.0
"(np.float64(1.5), 240, 270, 30, 5)",houghCircle,0.6916666666666667,42364265.2125,31938668.5
"(np.float64(1.5), 240, 270, 30, 10)",houghCircle,0.7104166666666667,40568997.270833336,31420361.0
"(np.float64(1.5), 240, 270, 30, 15)",houghCircle,0.7895833333333333,39567675.19166667,29952031.5
"(np.float64(1.5), 240, 270, 35, 5)",houghCircle,0.6958333333333333,43056330.06041667,31645604.0
"(np.float64(1.5), 240, 270, 35, 10)",houghCircle,0.7291666666666666,47148880.05833333,37607063.0
"(np.float64(1.5), 240, 270, 35, 15)",houghCircle,0.7770833333333333,42143855.90416667,31273154.5
"(np.float64(1.5), 240, 270, 40, 5)",houghCircle,0.6145833333333334,43188379.166666664,31193996.5
"(np.float64(1.5), 240, 270, 40, 10)",houghCircle,0.6375,40089066.27708333,30937104.0
"(np.float64(1.5), 240, 270, 40, 15)",houghCircle,0.6666666666666666,41706004.875,30349116.0
"(np.float64(1.5), 240, 270, 45, 5)",houghCircle,0.22291666666666668,43947835.08541667,31394457.0
"(np.float64(1.5), 240, 270, 45, 10)",houghCircle,0.23541666666666666,38792172.16041667,30645858.0
"(np.float64(1.5), 240, 270, 45, 15)",houghCircle,0.2375,40711982.71666667,30425730.5
"(np.float64(1.5), 240, 280, 30, 5)",houghCircle,0.6958333333333333,40223685.99583333,31558289.5
"(np.float64(1.5), 240, 280, 30, 10)",houghCircle,0.7125,44097064.37708333,31706733.5
"(np.float64(1.5), 240, 280, 30, 15)",houghCircle,0.7916666666666666,49538200.00416667,37590320.0
"(np.float64(1.5), 240, 280, 35, 5)",houghCircle,0.6979166666666666,43355704.3,32466554.5
"(np.float64(1.5), 240, 280, 35, 10)",houghCircle,0.7333333333333333,39375861.204166666,30186907.5
"(np.float64(1.5), 240, 280, 35, 15)",houghCircle,0.7770833333333333,42667415.454166666,30909904.0
"(np.float64(1.5), 240, 280, 40, 5)",houghCircle,0.6145833333333334,41395142.327083334,31494154.0
"(np.float64(1.5), 240, 280, 40, 10)",houghCircle,0.6395833333333333,44209046.425,31710495.5
"(np.float64(1.5), 240, 280, 40, 15)",houghCircle,0.66875,41294155.729166664,30572581.0
"(np.float64(1.5), 240, 280, 45, 5)",houghCircle,0.22291666666666668,42115587.14375,30822038.5
"(np.float64(1.5), 240, 280, 45, 10)",houghCircle,0.23541666666666666,39222641.010416664,30648885.0
"(np.float64(1.5), 240, 280, 45, 15)",houghCircle,0.2375,41947934.333333336,30501442.5
"(np.float64(1.5), 240, 290, 30, 5)",houghCircle,0.6979166666666666,42206428.9125,32165784.5
"(np.float64(1.5), 240, 290, 30, 10)",houghCircle,0.71875,50624756.920833334,38369217.0
"(np.float64(1.5), 240, 290, 30, 15)",houghCircle,0.79375,39135702.46041667,30376207.5
"(np.float64(1.5), 240, 290, 35, 5)",houghCircle,0.70625,39576448.84791667,31028255.5
"(np.float64(1.5), 240, 290, 35, 10)",houghCircle,0.7333333333333333,41144715.77708333,30974670.0
"(np.float64(1.5), 240, 290, 35, 15)",houghCircle,0.78125,39249106.82083333,30371789.0
"(np.float64(1.5), 240, 290, 40, 5)",houghCircle,0.6145833333333334,42797800.985416666,31623407.5
"(np.float64(1.5), 240, 290, 40, 10)",houghCircle,0.6395833333333333,43635562.26875,31203179.5
"(np.float64(1.5), 240, 290, 40, 15)",houghCircle,0.66875,41700461.13333333,30492686.5
"(np.float64(1.5), 240, 290, 45, 5)",houghCircle,0.225,42497973.479166664,30947487.0
"(np.float64(1.5), 240, 290, 45, 10)",houghCircle,0.23541666666666666,41845719.34375,31782691.0
"(np.float64(1.5), 240, 290, 45, 15)",houghCircle,0.2375,38228911.135416664,29300649.5
"(np.float64(1.5), 250, 100, 30, 5)",houghCircle,0.5791666666666667,48533833.916666664,37459274.5
"(np.float64(1.5), 250, 100, 30, 10)",houghCircle,0.6875,59266086.18125,47430787.0
"(np.float64(1.5), 250, 100, 30, 15)",houghCircle,0.8083333333333333,44408854.84791667,37120856.0
"(np.float64(1.5), 250, 100, 35, 5)",houghCircle,0.70625,46870722.795833334,36342641.0
"(np.float64(1.5), 250, 100, 35, 10)",houghCircle,0.7395833333333334,46875897.4875,36621257.0
"(np.float64(1.5), 250, 100, 35, 15)",houghCircle,0.8083333333333333,43574134.03125,36492843.0
"(np.float64(1.5), 250, 100, 40, 5)",houghCircle,0.6479166666666667,44624964.58125,37111527.5
"(np.float64(1.5), 250, 100, 40, 10)",houghCircle,0.6895833333333333,43857207.139583334,36069387.5
"(np.float64(1.5), 250, 100, 40, 15)",houghCircle,0.7229166666666667,42846435.87708333,34180459.5
"(np.float64(1.5), 250, 100, 45, 5)",houghCircle,0.37083333333333335,46175017.47083333,37420468.0
"(np.float64(1.5), 250, 100, 45, 10)",houghCircle,0.3854166666666667,47170329.68541667,37172457.5
"(np.float64(1.5), 250, 100, 45, 15)",houghCircle,0.3958333333333333,44619886.8375,35091228.0
"(np.float64(1.5), 250, 110, 30, 5)",houghCircle,0.6083333333333333,47803194.96666667,36563554.5
"(np.float64(1.5), 250, 110, 30, 10)",houghCircle,0.6979166666666666,48143833.64375,36613694.5
"(np.float64(1.5), 250, 110, 30, 15)",houghCircle,0.80625,50353795.920833334,36474828.5
"(np.float64(1.5), 250, 110, 35, 5)",houghCircle,0.7041666666666667,52407131.47083333,43631765.5
"(np.float64(1.5), 250, 110, 35, 10)",houghCircle,0.7395833333333334,44390977.18541667,34982884.5
"(np.float64(1.5), 250, 110, 35, 15)",houghCircle,0.8083333333333333,43169738.20625,34405576.5
"(np.float64(1.5), 250, 110, 40, 5)",houghCircle,0.6208333333333333,45436457.37916667,36226042.0
"(np.float64(1.5), 250, 110, 40, 10)",houghCircle,0.65,46465177.93958333,35556681.0
"(np.float64(1.5), 250, 110, 40, 15)",houghCircle,0.6854166666666667,47981050.69166667,35778115.5
"(np.float64(1.5), 250, 110, 45, 5)",houghCircle,0.30833333333333335,45894236.139583334,35551461.5
"(np.float64(1.5), 250, 110, 45, 10)",houghCircle,0.3229166666666667,44743337.53333333,35169630.0
"(np.float64(1.5), 250, 110, 45, 15)",houghCircle,0.33541666666666664,44957085.30416667,35891945.0
"(np.float64(1.5), 250, 120, 30, 5)",houghCircle,0.6354166666666666,44315554.322916664,35569033.5
"(np.float64(1.5), 250, 120, 30, 10)",houghCircle,0.7125,44606023.22291667,35713925.5
"(np.float64(1.5), 250, 120, 30, 15)",houghCircle,0.8104166666666667,49468563.454166666,40430150.0
"(np.float64(1.5), 250, 120, 35, 5)",houghCircle,0.7083333333333334,44684566.9375,35638048.5
"(np.float64(1.5), 250, 120, 35, 10)",houghCircle,0.7395833333333334,45641676.197916664,35582714.5
"(np.float64(1.5), 250, 120, 35, 15)",houghCircle,0.8,43230719.389583334,35170957.0
"(np.float64(1.5), 250, 120, 40, 5)",houghCircle,0.6229166666666667,44010757.177083336,34506545.5
"(np.float64(1.5), 250, 120, 40, 10)",houghCircle,0.6458333333333334,43533410.61666667,35181867.0
"(np.float64(1.5), 250, 120, 40, 15)",houghCircle,0.6833333333333333,44213019.40625,34486544.0
"(np.float64(1.5), 250, 120, 45, 5)",houghCircle,0.28125,45444110.21875,35979485.0
"(np.float64(1.5), 250, 120, 45, 10)",houghCircle,0.2916666666666667,45117283.670833334,35772425.5
"(np.float64(1.5), 250, 120, 45, 15)",houghCircle,0.30416666666666664,44059318.03125,34941817.0
"(np.float64(1.5), 250, 130, 30, 5)",houghCircle,0.6458333333333334,52282944.110416666,42694020.5
"(np.float64(1.5), 250, 130, 30, 10)",houghCircle,0.71875,42670061.01875,34701491.5
"(np.float64(1.5), 250, 130, 30, 15)",houghCircle,0.8166666666666667,44457800.275,34262722.5
"(np.float64(1.5), 250, 130, 35, 5)",houghCircle,0.7020833333333333,43431580.979166664,34379808.0
"(np.float64(1.5), 250, 130, 35, 10)",houghCircle,0.7333333333333333,44889920.00208333,34778751.0
"(np.float64(1.5), 250, 130, 35, 15)",houghCircle,0.7979166666666667,41654808.22708333,33808601.5
"(np.float64(1.5), 250, 130, 40, 5)",houghCircle,0.6145833333333334,45403787.735416666,35309026.5
"(np.float64(1.5), 250, 130, 40, 10)",houghCircle,0.6395833333333333,44079949.1125,33667269.0
"(np.float64(1.5), 250, 130, 40, 15)",houghCircle,0.6770833333333334,43029745.94166667,34372375.0
"(np.float64(1.5), 250, 130, 45, 5)",houghCircle,0.24166666666666667,44308968.08958333,35533977.5
"(np.float64(1.5), 250, 130, 45, 10)",houghCircle,0.25416666666666665,44016157.452083334,34164158.5
"(np.float64(1.5), 250, 130, 45, 15)",houghCircle,0.2625,45327255.770833336,33906184.5
"(np.float64(1.5), 250, 140, 30, 5)",houghCircle,0.6541666666666667,54389835.78125,42349955.0
"(np.float64(1.5), 250, 140, 30, 10)",houghCircle,0.725,43609818.37291667,34586691.0
"(np.float64(1.5), 250, 140, 30, 15)",houghCircle,0.8104166666666667,42797741.485416666,34167790.5
"(np.float64(1.5), 250, 140, 35, 5)",houghCircle,0.6979166666666666,40301683.34583333,31927547.5
"(np.float64(1.5), 250, 140, 35, 10)",houghCircle,0.7291666666666666,42873707.40625,33003636.5
"(np.float64(1.5), 250, 140, 35, 15)",houghCircle,0.79375,44972744.55625,33625383.0
"(np.float64(1.5), 250, 140, 40, 5)",houghCircle,0.6208333333333333,45453676.452083334,35014989.5
"(np.float64(1.5), 250, 140, 40, 10)",houghCircle,0.6416666666666667,42549507.145833336,34198773.5
"(np.float64(1.5), 250, 140, 40, 15)",houghCircle,0.6791666666666667,42987959.391666666,33035435.5
"(np.float64(1.5), 250, 140, 45, 5)",houghCircle,0.23333333333333334,43563963.204166666,34522125.0
"(np.float64(1.5), 250, 140, 45, 10)",houghCircle,0.24791666666666667,44941254.79375,33877044.5
"(np.float64(1.5), 250, 140, 45, 15)",houghCircle,0.2520833333333333,50935308.260416664,41055431.5
"(np.float64(1.5), 250, 150, 30, 5)",houghCircle,0.6729166666666667,45723400.770833336,34761310.5
"(np.float64(1.5), 250, 150, 30, 10)",houghCircle,0.7291666666666666,47109955.11666667,35135801.0
"(np.float64(1.5), 250, 150, 30, 15)",houghCircle,0.8104166666666667,43208177.75625,33901786.5
"(np.float64(1.5), 250, 150, 35, 5)",houghCircle,0.6979166666666666,46042684.802083336,34999976.5
"(np.float64(1.5), 250, 150, 35, 10)",houghCircle,0.7291666666666666,43616789.42916667,33068272.5
"(np.float64(1.5), 250, 150, 35, 15)",houghCircle,0.79375,43694456.7625,33857198.5
"(np.float64(1.5), 250, 150, 40, 5)",houghCircle,0.6166666666666667,45154985.30833333,33938741.0
"(np.float64(1.5), 250, 150, 40, 10)",houghCircle,0.6375,42665344.25,33739982.5
"(np.float64(1.5), 250, 150, 40, 15)",houghCircle,0.675,44421029.15833333,33403485.5
"(np.float64(1.5), 250, 150, 45, 5)",houghCircle,0.22708333333333333,51349642.99166667,39147231.5
"(np.float64(1.5), 250, 150, 45, 10)",houghCircle,0.23958333333333334,42757952.14791667,32762438.5
"(np.float64(1.5), 250, 150, 45, 15)",houghCircle,0.24375,42675112.18541667,32052135.5
"(np.float64(1.5), 250, 160, 30, 5)",houghCircle,0.675,42692804.33541667,33389590.0
"(np.float64(1.5), 250, 160, 30, 10)",houghCircle,0.7291666666666666,45414150.31458333,33366338.0
"(np.float64(1.5), 250, 160, 30, 15)",houghCircle,0.8125,43172097.55,32419019.5
"(np.float64(1.5), 250, 160, 35, 5)",houghCircle,0.7,45301742.291666664,34441249.0
"(np.float64(1.5), 250, 160, 35, 10)",houghCircle,0.7333333333333333,45432545.0875,34125671.5
"(np.float64(1.5), 250, 160, 35, 15)",houghCircle,0.7958333333333333,40315316.64791667,31851545.0
"(np.float64(1.5), 250, 160, 40, 5)",houghCircle,0.6208333333333333,45150033.329166666,33882709.5
"(np.float64(1.5), 250, 160, 40, 10)",houghCircle,0.6395833333333333,41118072.354166664,32246480.0
"(np.float64(1.5), 250, 160, 40, 15)",houghCircle,0.6770833333333334,40530500.34791667,32062786.5
"(np.float64(1.5), 250, 160, 45, 5)",houghCircle,0.22083333333333333,44040463.795833334,33203941.5
"(np.float64(1.5), 250, 160, 45, 10)",houghCircle,0.23541666666666666,51124144.46458333,40444396.0
"(np.float64(1.5), 250, 160, 45, 15)",houghCircle,0.2375,42557849.202083334,32527333.0
"(np.float64(1.5), 250, 170, 30, 5)",houghCircle,0.6854166666666667,44481201.40208333,33267551.5
"(np.float64(1.5), 250, 170, 30, 10)",houghCircle,0.73125,44438619.06041667,32741640.0
"(np.float64(1.5), 250, 170, 30, 15)",houghCircle,0.8104166666666667,43034745.80625,33000475.0
"(np.float64(1.5), 250, 170, 35, 5)",houghCircle,0.7020833333333333,46364976.125,34422363.5
"(np.float64(1.5), 250, 170, 35, 10)",houghCircle,0.7291666666666666,45995059.06458333,33781721.5
"(np.float64(1.5), 250, 170, 35, 15)",houghCircle,0.7916666666666666,42029193.02916667,30783391.5
"(np.float64(1.5), 250, 170, 40, 5)",houghCircle,0.61875,42018243.38333333,32734841.5
"(np.float64(1.5), 250, 170, 40, 10)",houghCircle,0.6375,41567162.31875,32941910.0
"(np.float64(1.5), 250, 170, 40, 15)",houghCircle,0.6729166666666667,53897962.25,41252486.5
"(np.float64(1.5), 250, 170, 45, 5)",houghCircle,0.22291666666666668,46272754.75,33578580.0
"(np.float64(1.5), 250, 170, 45, 10)",houghCircle,0.23541666666666666,42307589.84166667,33094081.5
"(np.float64(1.5), 250, 170, 45, 15)",houghCircle,0.2375,44655971.85625,32874028.5
"(np.float64(1.5), 250, 180, 30, 5)",houghCircle,0.6833333333333333,39191774.12291667,32122493.0
"(np.float64(1.5), 250, 180, 30, 10)",houghCircle,0.73125,39696879.86875,31799482.0
"(np.float64(1.5), 250, 180, 30, 15)",houghCircle,0.80625,42306218.360416666,32524282.0
"(np.float64(1.5), 250, 180, 35, 5)",houghCircle,0.70625,42942456.31041667,33292295.0
"(np.float64(1.5), 250, 180, 35, 10)",houghCircle,0.7270833333333333,45391437.03541667,32624420.0
"(np.float64(1.5), 250, 180, 35, 15)",houghCircle,0.7895833333333333,42164127.00625,31874473.0
"(np.float64(1.5), 250, 180, 40, 5)",houghCircle,0.6208333333333333,43646862.325,33441581.5
"(np.float64(1.5), 250, 180, 40, 10)",houghCircle,0.6395833333333333,41302768.458333336,32319543.0
"(np.float64(1.5), 250, 180, 40, 15)",houghCircle,0.6729166666666667,38740709.045833334,30958344.0
"(np.float64(1.5), 250, 180, 45, 5)",houghCircle,0.22291666666666668,46295412.28958333,34433358.5
"(np.float64(1.5), 250, 180, 45, 10)",houghCircle,0.23541666666666666,41268716.42916667,32353668.0
"(np.float64(1.5), 250, 180, 45, 15)",houghCircle,0.2375,51195298.9375,40110539.5
"(np.float64(1.5), 250, 190, 30, 5)",houghCircle,0.6833333333333333,43866778.891666666,33115081.0
"(np.float64(1.5), 250, 190, 30, 10)",houghCircle,0.7229166666666667,40108295.483333334,31516807.5
"(np.float64(1.5), 250, 190, 30, 15)",houghCircle,0.7979166666666667,43632115.516666666,31662474.5
"(np.float64(1.5), 250, 190, 35, 5)",houghCircle,0.6958333333333333,41097422.666666664,32639532.5
"(np.float64(1.5), 250, 190, 35, 10)",houghCircle,0.7166666666666667,43659235.579166666,32716964.0
"(np.float64(1.5), 250, 190, 35, 15)",houghCircle,0.7791666666666667,40898894.302083336,31504729.5
"(np.float64(1.5), 250, 190, 40, 5)",houghCircle,0.6145833333333334,43902505.20625,32811175.0
"(np.float64(1.5), 250, 190, 40, 10)",houghCircle,0.6333333333333333,43310550.27291667,32873307.0
"(np.float64(1.5), 250, 190, 40, 15)",houghCircle,0.6666666666666666,42268076.18125,32524032.0
"(np.float64(1.5), 250, 190, 45, 5)",houghCircle,0.22291666666666668,48782575.89375,38674214.5
"(np.float64(1.5), 250, 190, 45, 10)",houghCircle,0.23541666666666666,42367596.16875,33109615.0
"(np.float64(1.5), 250, 190, 45, 15)",houghCircle,0.2375,43086436.18958333,32039754.0
"(np.float64(1.5), 250, 200, 30, 5)",houghCircle,0.6791666666666667,42937015.75625,33090089.5
"(np.float64(1.5), 250, 200, 30, 10)",houghCircle,0.7145833333333333,42380337.925,32258087.5
"(np.float64(1.5), 250, 200, 30, 15)",houghCircle,0.7916666666666666,41914603.67916667,32195435.5
"(np.float64(1.5), 250, 200, 35, 5)",houghCircle,0.69375,44220691.925,33507787.0
"(np.float64(1.5), 250, 200, 35, 10)",houghCircle,0.7208333333333333,43059455.22291667,31928909.5
"(np.float64(1.5), 250, 200, 35, 15)",houghCircle,0.7791666666666667,43460602.37083333,32540957.5
"(np.float64(1.5), 250, 200, 40, 5)",houghCircle,0.6125,44385762.66875,33024025.5
"(np.float64(1.5), 250, 200, 40, 10)",houghCircle,0.6333333333333333,41491479.00208333,32179590.0
"(np.float64(1.5), 250, 200, 40, 15)",houghCircle,0.6666666666666666,50641283.110416666,39895811.0
"(np.float64(1.5), 250, 200, 45, 5)",houghCircle,0.22291666666666668,44490710.62083333,33324127.0
"(np.float64(1.5), 250, 200, 45, 10)",houghCircle,0.23541666666666666,41402679.49583333,32236873.5
"(np.float64(1.5), 250, 200, 45, 15)",houghCircle,0.2375,42231401.66458333,32452468.0
"(np.float64(1.5), 250, 210, 30, 5)",houghCircle,0.675,43550118.2375,32462421.0
"(np.float64(1.5), 250, 210, 30, 10)",houghCircle,0.7125,43812019.5375,33527949.0
"(np.float64(1.5), 250, 210, 30, 15)",houghCircle,0.7854166666666667,38980230.11875,31154573.5
"(np.float64(1.5), 250, 210, 35, 5)",houghCircle,0.69375,43885287.422916666,31802874.5
"(np.float64(1.5), 250, 210, 35, 10)",houghCircle,0.7229166666666667,43140714.99166667,32727193.0
"(np.float64(1.5), 250, 210, 35, 15)",houghCircle,0.7791666666666667,41821583.760416664,31396482.0
"(np.float64(1.5), 250, 210, 40, 5)",houghCircle,0.6125,42022599.572916664,32471949.0
"(np.float64(1.5), 250, 210, 40, 10)",houghCircle,0.6333333333333333,51335232.26875,39369013.0
"(np.float64(1.5), 250, 210, 40, 15)",houghCircle,0.6666666666666666,41768135.947916664,30453567.0
"(np.float64(1.5), 250, 210, 45, 5)",houghCircle,0.22291666666666668,42108819.86666667,32271297.5
"(np.float64(1.5), 250, 210, 45, 10)",houghCircle,0.23541666666666666,43009746.43541667,31924011.0
"(np.float64(1.5), 250, 210, 45, 15)",houghCircle,0.2375,43445029.483333334,31800629.0
"(np.float64(1.5), 250, 220, 30, 5)",houghCircle,0.6770833333333334,44551115.14791667,32677334.5
"(np.float64(1.5), 250, 220, 30, 10)",houghCircle,0.7083333333333334,43731320.62708333,32632886.0
"(np.float64(1.5), 250, 220, 30, 15)",houghCircle,0.7854166666666667,38539238.24791667,30700926.0
"(np.float64(1.5), 250, 220, 35, 5)",houghCircle,0.6875,43634541.485416666,32589499.0
"(np.float64(1.5), 250, 220, 35, 10)",houghCircle,0.7208333333333333,40986696.55625,30861693.0
"(np.float64(1.5), 250, 220, 35, 15)",houghCircle,0.775,41953717.5,31299143.5
"(np.float64(1.5), 250, 220, 40, 5)",houghCircle,0.6145833333333334,42276413.80625,32674469.0
"(np.float64(1.5), 250, 220, 40, 10)",houghCircle,0.6333333333333333,46434827.40625,37946820.5
"(np.float64(1.5), 250, 220, 40, 15)",houghCircle,0.6666666666666666,43389374.97083333,32242444.0
"(np.float64(1.5), 250, 220, 45, 5)",houghCircle,0.22291666666666668,41436138.4375,32213434.0
"(np.float64(1.5), 250, 220, 45, 10)",houghCircle,0.23541666666666666,47511308.57083333,33582363.0
"(np.float64(1.5), 250, 220, 45, 15)",houghCircle,0.2375,41086610.99375,30809664.0
"(np.float64(1.5), 250, 230, 30, 5)",houghCircle,0.6770833333333334,42839354.775,33183438.5
"(np.float64(1.5), 250, 230, 30, 10)",houghCircle,0.70625,38436258.81041667,31238216.0
"(np.float64(1.5), 250, 230, 30, 15)",houghCircle,0.78125,44299329.979166664,31710915.5
"(np.float64(1.5), 250, 230, 35, 5)",houghCircle,0.6895833333333333,39512237.72708333,31011409.5
"(np.float64(1.5), 250, 230, 35, 10)",houghCircle,0.7229166666666667,39746566.05,30754743.0
"(np.float64(1.5), 250, 230, 35, 15)",houghCircle,0.775,49279143.21458333,37439809.5
"(np.float64(1.5), 250, 230, 40, 5)",houghCircle,0.6166666666666667,39972637.09375,32145877.0
"(np.float64(1.5), 250, 230, 40, 10)",houghCircle,0.6333333333333333,40459353.5875,31931043.5
"(np.float64(1.5), 250, 230, 40, 15)",houghCircle,0.6666666666666666,40639710.75833333,30957572.0
"(np.float64(1.5), 250, 230, 45, 5)",houghCircle,0.22291666666666668,42901195.18958333,32788702.5
"(np.float64(1.5), 250, 230, 45, 10)",houghCircle,0.23541666666666666,42414963.57083333,31583352.0
"(np.float64(1.5), 250, 230, 45, 15)",houghCircle,0.2375,43491854.458333336,30906814.0
"(np.float64(1.5), 250, 240, 30, 5)",houghCircle,0.6770833333333334,40719935.02708333,31570472.5
"(np.float64(1.5), 250, 240, 30, 10)",houghCircle,0.70625,40692804.31041667,32148316.0
"(np.float64(1.5), 250, 240, 30, 15)",houghCircle,0.7833333333333333,39435353.21666667,30548649.5
"(np.float64(1.5), 250, 240, 35, 5)",houghCircle,0.6979166666666666,44096600.15625,31227810.5
"(np.float64(1.5), 250, 240, 35, 10)",houghCircle,0.7270833333333333,43056942.37291667,32373168.0
"(np.float64(1.5), 250, 240, 35, 15)",houghCircle,0.775,42507604.28541667,30623896.5
"(np.float64(1.5), 250, 240, 40, 5)",houghCircle,0.6166666666666667,49441802.770833336,38961984.0
"(np.float64(1.5), 250, 240, 40, 10)",houghCircle,0.6395833333333333,42460955.677083336,31532742.0
"(np.float64(1.5), 250, 240, 40, 15)",houghCircle,0.66875,38984614.677083336,31010662.0
"(np.float64(1.5), 250, 240, 45, 5)",houghCircle,0.22291666666666668,43325658.49375,31898027.5
"(np.float64(1.5), 250, 240, 45, 10)",houghCircle,0.23541666666666666,41476747.927083336,31565974.0
"(np.float64(1.5), 250, 240, 45, 15)",houghCircle,0.2375,41721842.89375,30933297.0
"(np.float64(1.5), 250, 250, 30, 5)",houghCircle,0.6791666666666667,40589430.17916667,31504439.0
"(np.float64(1.5), 250, 250, 30, 10)",houghCircle,0.7104166666666667,44342407.7625,32346355.0
"(np.float64(1.5), 250, 250, 30, 15)",houghCircle,0.7833333333333333,41363457.36666667,30864849.5
"(np.float64(1.5), 250, 250, 35, 5)",houghCircle,0.6979166666666666,43722331.32083333,32475024.5
"(np.float64(1.5), 250, 250, 35, 10)",houghCircle,0.7270833333333333,41451986.770833336,31957609.5
"(np.float64(1.5), 250, 250, 35, 15)",houghCircle,0.775,47948223.858333334,37698934.0
"(np.float64(1.5), 250, 250, 40, 5)",houghCircle,0.61875,45666535.641666666,31828822.5
"(np.float64(1.5), 250, 250, 40, 10)",houghCircle,0.6395833333333333,43708153.86666667,32154326.0
"(np.float64(1.5), 250, 250, 40, 15)",houghCircle,0.66875,39870111.61666667,30960653.5
"(np.float64(1.5), 250, 250, 45, 5)",houghCircle,0.22291666666666668,44881797.052083336,32837405.5
"(np.float64(1.5), 250, 250, 45, 10)",houghCircle,0.23541666666666666,42534548.89375,31182094.0
"(np.float64(1.5), 250, 250, 45, 15)",houghCircle,0.2375,42199380.1125,30848137.5
"(np.float64(1.5), 250, 260, 30, 5)",houghCircle,0.6875,39870706.99791667,31008603.5
"(np.float64(1.5), 250, 260, 30, 10)",houghCircle,0.7125,40494079.6125,31736013.5
"(np.float64(1.5), 250, 260, 30, 15)",houghCircle,0.7895833333333333,39613272.62083333,30926080.0
"(np.float64(1.5), 250, 260, 35, 5)",houghCircle,0.6979166666666666,48727736.864583336,38951800.0
"(np.float64(1.5), 250, 260, 35, 10)",houghCircle,0.7270833333333333,42828990.329166666,31992719.5
"(np.float64(1.5), 250, 260, 35, 15)",houghCircle,0.775,42231746.604166664,30517332.0
"(np.float64(1.5), 250, 260, 40, 5)",houghCircle,0.61875,41538644.52291667,30452094.0
"(np.float64(1.5), 250, 260, 40, 10)",houghCircle,0.6375,41281068.922916666,31155544.5
"(np.float64(1.5), 250, 260, 40, 15)",houghCircle,0.6666666666666666,42435424.12916667,30038323.0
"(np.float64(1.5), 250, 260, 45, 5)",houghCircle,0.22291666666666668,42469113.03541667,32894697.0
"(np.float64(1.5), 250, 260, 45, 10)",houghCircle,0.23541666666666666,44318814.20625,32135789.0
"(np.float64(1.5), 250, 260, 45, 15)",houghCircle,0.2375,41973886.27291667,31504093.0
"(np.float64(1.5), 250, 270, 30, 5)",houghCircle,0.69375,41778370.03958333,32190766.5
"(np.float64(1.5), 250, 270, 30, 10)",houghCircle,0.7145833333333333,42946620.04375,31558204.0
"(np.float64(1.5), 250, 270, 30, 15)",houghCircle,0.7895833333333333,38934049.96666667,29745894.5
"(np.float64(1.5), 250, 270, 35, 5)",houghCircle,0.6979166666666666,42982533.110416666,31553160.5
"(np.float64(1.5), 250, 270, 35, 10)",houghCircle,0.73125,51344039.608333334,38905077.0
"(np.float64(1.5), 250, 270, 35, 15)",houghCircle,0.7770833333333333,41804948.416666664,30963183.5
"(np.float64(1.5), 250, 270, 40, 5)",houghCircle,0.6166666666666667,40918732.69375,31234416.0
"(np.float64(1.5), 250, 270, 40, 10)",houghCircle,0.6375,41842550.420833334,30441650.0
"(np.float64(1.5), 250, 270, 40, 15)",houghCircle,0.6666666666666666,41361511.55,29793128.5
"(np.float64(1.5), 250, 270, 45, 5)",houghCircle,0.22291666666666668,38686916.427083336,31161466.0
"(np.float64(1.5), 250, 270, 45, 10)",houghCircle,0.23541666666666666,40345001.577083334,31760108.5
"(np.float64(1.5), 250, 270, 45, 15)",houghCircle,0.2375,38291258.25208333,29133255.5
"(np.float64(1.5), 250, 280, 30, 5)",houghCircle,0.6979166666666666,41429374.427083336,31181482.0
"(np.float64(1.5), 250, 280, 30, 10)",houghCircle,0.7145833333333333,43591255.65,31839602.5
"(np.float64(1.5), 250, 280, 30, 15)",houghCircle,0.7916666666666666,40817892.38125,30969712.0
"(np.float64(1.5), 250, 280, 35, 5)",houghCircle,0.7,43068992.88333333,31346102.0
"(np.float64(1.5), 250, 280, 35, 10)",houghCircle,0.7354166666666667,51092221.825,37737562.5
"(np.float64(1.5), 250, 280, 35, 15)",houghCircle,0.7770833333333333,40776675.27708333,31094239.0
"(np.float64(1.5), 250, 280, 40, 5)",houghCircle,0.6166666666666667,38799719.55625,31101789.0
"(np.float64(1.5), 250, 280, 40, 10)",houghCircle,0.6395833333333333,42668328.625,30547889.5
"(np.float64(1.5), 250, 280, 40, 15)",houghCircle,0.66875,40895384.791666664,30433584.5
"(np.float64(1.5), 250, 280, 45, 5)",houghCircle,0.22291666666666668,42584145.7125,31366976.0
"(np.float64(1.5), 250, 280, 45, 10)",houghCircle,0.23541666666666666,39996801.99583333,31228926.0
"(np.float64(1.5), 250, 280, 45, 15)",houghCircle,0.2375,38771703.88125,29378876.0
"(np.float64(1.5), 250, 290, 30, 5)",houghCircle,0.7020833333333333,44176568.61875,32376945.5
"(np.float64(1.5), 250, 290, 30, 10)",houghCircle,0.7208333333333333,40176343.65208333,30947003.5
"(np.float64(1.5), 250, 290, 30, 15)",houghCircle,0.79375,52859464.708333336,39106484.5
"(np.float64(1.5), 250, 290, 35, 5)",houghCircle,0.7083333333333334,41812609.71875,31180601.5
"(np.float64(1.5), 250, 290, 35, 10)",houghCircle,0.7354166666666667,41237957.96875,31342159.5
"(np.float64(1.5), 250, 290, 35, 15)",houghCircle,0.78125,43017588.78958333,31406285.0
"(np.float64(1.5), 250, 290, 40, 5)",houghCircle,0.6166666666666667,40714846.545833334,31562843.0
"(np.float64(1.5), 250, 290, 40, 10)",houghCircle,0.6395833333333333,41608110.83125,31174625.0
"(np.float64(1.5), 250, 290, 40, 15)",houghCircle,0.66875,40146755.84583333,30360853.5
"(np.float64(1.5), 250, 290, 45, 5)",houghCircle,0.225,42225181.81875,31753817.0
"(np.float64(1.5), 250, 290, 45, 10)",houghCircle,0.23541666666666666,38975698.72291667,29555222.0
"(np.float64(1.5), 250, 290, 45, 15)",houghCircle,0.2375,43262891.35625,30307578.5
"(np.float64(1.5), 260, 100, 30, 5)",houghCircle,0.5875,45412983.6,37430175.5
"(np.float64(1.5), 260, 100, 30, 10)",houghCircle,0.6895833333333333,46280099.99791667,36646389.5
"(np.float64(1.5), 260, 100, 30, 15)",houghCircle,0.8083333333333333,46612629.354166664,36459224.5
"(np.float64(1.5), 260, 100, 35, 5)",houghCircle,0.7083333333333334,46280143.9375,37381656.0
"(np.float64(1.5), 260, 100, 35, 10)",houghCircle,0.7416666666666667,56041155.93333333,45059027.0
"(np.float64(1.5), 260, 100, 35, 15)",houghCircle,0.8083333333333333,45344225.70625,35708467.0
"(np.float64(1.5), 260, 100, 40, 5)",houghCircle,0.6479166666666667,46920413.9,37088805.0
"(np.float64(1.5), 260, 100, 40, 10)",houghCircle,0.6895833333333333,44356943.510416664,36872189.0
"(np.float64(1.5), 260, 100, 40, 15)",houghCircle,0.7229166666666667,46742563.65625,35959176.0
"(np.float64(1.5), 260, 100, 45, 5)",houghCircle,0.37083333333333335,47024236.125,37349560.5
"(np.float64(1.5), 260, 100, 45, 10)",houghCircle,0.3854166666666667,45729274.96875,35472802.5
"(np.float64(1.5), 260, 100, 45, 15)",houghCircle,0.3958333333333333,47432738.65416667,37244091.5
"(np.float64(1.5), 260, 110, 30, 5)",houghCircle,0.61875,43767801.91041667,36191430.5
"(np.float64(1.5), 260, 110, 30, 10)",houghCircle,0.6979166666666666,47016446.104166664,37956878.5
"(np.float64(1.5), 260, 110, 30, 15)",houghCircle,0.80625,42550958.266666666,35158264.0
"(np.float64(1.5), 260, 110, 35, 5)",houghCircle,0.70625,55055234.74166667,43973000.0
"(np.float64(1.5), 260, 110, 35, 10)",houghCircle,0.7395833333333334,43551040.95625,36261633.0
"(np.float64(1.5), 260, 110, 35, 15)",houghCircle,0.8083333333333333,47158481.50208333,35490045.5
"(np.float64(1.5), 260, 110, 40, 5)",houghCircle,0.6208333333333333,44673905.3,36719216.5
"(np.float64(1.5), 260, 110, 40, 10)",houghCircle,0.65,48852121.27291667,37081838.0
"(np.float64(1.5), 260, 110, 40, 15)",houghCircle,0.6854166666666667,45330415.51875,35922202.0
"(np.float64(1.5), 260, 110, 45, 5)",houghCircle,0.30833333333333335,46083726.09583333,36281369.5
"(np.float64(1.5), 260, 110, 45, 10)",houghCircle,0.3229166666666667,43236270.88333333,35159199.5
"(np.float64(1.5), 260, 110, 45, 15)",houghCircle,0.33541666666666664,45725871,35280858.5
"(np.float64(1.5), 260, 120, 30, 5)",houghCircle,0.6416666666666667,45445051.9,36057219.5
"(np.float64(1.5), 260, 120, 30, 10)",houghCircle,0.7125,49469668.58125,39893672.5
"(np.float64(1.5), 260, 120, 30, 15)",houghCircle,0.8125,47823559.083333336,35914512.5
"(np.float64(1.5), 260, 120, 35, 5)",houghCircle,0.7083333333333334,44751517.83125,35603563.5
"(np.float64(1.5), 260, 120, 35, 10)",houghCircle,0.7395833333333334,52433161.96666667,43890625.0
"(np.float64(1.5), 260, 120, 35, 15)",houghCircle,0.8,45824631.84375,35187804.0
"(np.float64(1.5), 260, 120, 40, 5)",houghCircle,0.6229166666666667,44713290.40416667,35642582.0
"(np.float64(1.5), 260, 120, 40, 10)",houghCircle,0.6458333333333334,43735172.052083336,35647581.5
"(np.float64(1.5), 260, 120, 40, 15)",houghCircle,0.6833333333333333,44977439.270833336,35679121.0
"(np.float64(1.5), 260, 120, 45, 5)",houghCircle,0.28125,45368953.30833333,36001525.5
"(np.float64(1.5), 260, 120, 45, 10)",houghCircle,0.2916666666666667,44381132.483333334,34850561.5
"(np.float64(1.5), 260, 120, 45, 15)",houghCircle,0.30416666666666664,46027990.825,35465024.0
"(np.float64(1.5), 260, 130, 30, 5)",houghCircle,0.6541666666666667,44470442.49791667,35038869.5
"(np.float64(1.5), 260, 130, 30, 10)",houghCircle,0.71875,42247361.21458333,34360523.5
"(np.float64(1.5), 260, 130, 30, 15)",houghCircle,0.8166666666666667,48420208.75625,37612574.0
"(np.float64(1.5), 260, 130, 35, 5)",houghCircle,0.7020833333333333,44954301.26875,35421461.5
"(np.float64(1.5), 260, 130, 35, 10)",houghCircle,0.7333333333333333,45680583.322916664,36104042.5
"(np.float64(1.5), 260, 130, 35, 15)",houghCircle,0.7979166666666667,43730717.87708333,33058448.5
"(np.float64(1.5), 260, 130, 40, 5)",houghCircle,0.6145833333333334,43762103.88125,34478918.0
"(np.float64(1.5), 260, 130, 40, 10)",houghCircle,0.6395833333333333,43391810.69166667,35070363.5
"(np.float64(1.5), 260, 130, 40, 15)",houghCircle,0.6770833333333334,42269270.56875,32661053.0
"(np.float64(1.5), 260, 130, 45, 5)",houghCircle,0.24166666666666667,44543563.02708333,35205116.5
"(np.float64(1.5), 260, 130, 45, 10)",houghCircle,0.25416666666666665,43798272.46875,33884213.5
"(np.float64(1.5), 260, 130, 45, 15)",houghCircle,0.2625,44938656.860416666,34778823.5
"(np.float64(1.5), 260, 140, 30, 5)",houghCircle,0.6625,54200968.24791667,43449358.5
"(np.float64(1.5), 260, 140, 30, 10)",houghCircle,0.725,40706262.12083333,33128096.0
"(np.float64(1.5), 260, 140, 30, 15)",houghCircle,0.8104166666666667,43869813.889583334,33811427.0
"(np.float64(1.5), 260, 140, 35, 5)",houghCircle,0.6979166666666666,45058725.395833336,35221442.5
"(np.float64(1.5), 260, 140, 35, 10)",houghCircle,0.7291666666666666,45163704.614583336,34083578.0
"(np.float64(1.5), 260, 140, 35, 15)",houghCircle,0.79375,44934051.63125,33049286.5
"(np.float64(1.5), 260, 140, 40, 5)",houghCircle,0.6208333333333333,45976485.5125,34499492.0
"(np.float64(1.5), 260, 140, 40, 10)",houghCircle,0.6416666666666667,41879293.59375,33373665.5
"(np.float64(1.5), 260, 140, 40, 15)",houghCircle,0.6791666666666667,41979869.59583333,33197484.5
"(np.float64(1.5), 260, 140, 45, 5)",houghCircle,0.23333333333333334,45027080.108333334,34542007.0
"(np.float64(1.5), 260, 140, 45, 10)",houghCircle,0.24791666666666667,41742276.75625,33817438.0
"(np.float64(1.5), 260, 140, 45, 15)",houghCircle,0.2520833333333333,52465841.604166664,41895042.0
"(np.float64(1.5), 260, 150, 30, 5)",houghCircle,0.6791666666666667,41435037.37291667,33113963.0
"(np.float64(1.5), 260, 150, 30, 10)",houghCircle,0.73125,42576274.545833334,33430602.0
"(np.float64(1.5), 260, 150, 30, 15)",houghCircle,0.8104166666666667,46120602.295833334,34537258.5
"(np.float64(1.5), 260, 150, 35, 5)",houghCircle,0.7,44761645.229166664,34412063.0
"(np.float64(1.5), 260, 150, 35, 10)",houghCircle,0.7291666666666666,43687772.56666667,33533214.5
"(np.float64(1.5), 260, 150, 35, 15)",houghCircle,0.79375,43450932.77708333,32729687.0
"(np.float64(1.5), 260, 150, 40, 5)",houghCircle,0.6166666666666667,43018151.9875,34122680.0
"(np.float64(1.5), 260, 150, 40, 10)",houghCircle,0.6375,45538660.110416666,34838614.0
"(np.float64(1.5), 260, 150, 40, 15)",houghCircle,0.675,44069390.56041667,33303715.0
"(np.float64(1.5), 260, 150, 45, 5)",houghCircle,0.22708333333333333,42206309,33465312.5
"(np.float64(1.5), 260, 150, 45, 10)",houghCircle,0.23958333333333334,44895819.97708333,32924433.0
"(np.float64(1.5), 260, 150, 45, 15)",houghCircle,0.24375,51448412.05833333,39862474.0
"(np.float64(1.5), 260, 160, 30, 5)",houghCircle,0.6791666666666667,43919500.3625,34348075.0
"(np.float64(1.5), 260, 160, 30, 10)",houghCircle,0.73125,43318517.739583336,34412906.0
"(np.float64(1.5), 260, 160, 30, 15)",houghCircle,0.8125,40073490.9875,31412209.5
"(np.float64(1.5), 260, 160, 35, 5)",houghCircle,0.7020833333333333,43351760.70625,34325626.5
"(np.float64(1.5), 260, 160, 35, 10)",houghCircle,0.7333333333333333,43385164.42916667,33123726.5
"(np.float64(1.5), 260, 160, 35, 15)",houghCircle,0.7958333333333333,43948269.84583333,32911068.0
"(np.float64(1.5), 260, 160, 40, 5)",houghCircle,0.6208333333333333,39377266.139583334,30733447.5
"(np.float64(1.5), 260, 160, 40, 10)",houghCircle,0.6395833333333333,45279237.3875,33693490.5
"(np.float64(1.5), 260, 160, 40, 15)",houghCircle,0.6770833333333334,42487193.458333336,33000334.5
"(np.float64(1.5), 260, 160, 45, 5)",houghCircle,0.22083333333333333,45071558.891666666,33999535.5
"(np.float64(1.5), 260, 160, 45, 10)",houghCircle,0.23541666666666666,42577615.610416666,33144531.0
"(np.float64(1.5), 260, 160, 45, 15)",houghCircle,0.2375,42440765.125,32979981.0
"(np.float64(1.5), 260, 170, 30, 5)",houghCircle,0.6875,52664820.05416667,40449976.5
"(np.float64(1.5), 260, 170, 30, 10)",houghCircle,0.7333333333333333,43542303.03333333,32370513.5
"(np.float64(1.5), 260, 170, 30, 15)",houghCircle,0.8104166666666667,44239418.46041667,31958986.5
"(np.float64(1.5), 260, 170, 35, 5)",houghCircle,0.7020833333333333,44638100.22083333,33430137.0
"(np.float64(1.5), 260, 170, 35, 10)",houghCircle,0.7291666666666666,41529914.71041667,32495623.0
"(np.float64(1.5), 260, 170, 35, 15)",houghCircle,0.7916666666666666,45511912.9875,33582627.0
"(np.float64(1.5), 260, 170, 40, 5)",houghCircle,0.61875,42995207.791666664,33490996.0
"(np.float64(1.5), 260, 170, 40, 10)",houghCircle,0.6375,44736423.425,33319979.0
"(np.float64(1.5), 260, 170, 40, 15)",houghCircle,0.6729166666666667,42296087.454166666,32567302.5
"(np.float64(1.5), 260, 170, 45, 5)",houghCircle,0.22291666666666668,42970991.2,32612723.0
"(np.float64(1.5), 260, 170, 45, 10)",houghCircle,0.23541666666666666,46058783.458333336,34352998.5
"(np.float64(1.5), 260, 170, 45, 15)",houghCircle,0.2375,42029424.63125,31849341.0
"(np.float64(1.5), 260, 180, 30, 5)",houghCircle,0.6854166666666667,49673658.83125,40837754.0
"(np.float64(1.5), 260, 180, 30, 10)",houghCircle,0.7333333333333333,41195202.08125,32379019.0
"(np.float64(1.5), 260, 180, 30, 15)",houghCircle,0.80625,43129236.802083336,32339581.5
"(np.float64(1.5), 260, 180, 35, 5)",houghCircle,0.70625,44658119.31666667,32878030.5
"(np.float64(1.5), 260, 180, 35, 10)",houghCircle,0.7270833333333333,44195733.97708333,32918031.0
"(np.float64(1.5), 260, 180, 35, 15)",houghCircle,0.7895833333333333,45661301.37916667,32634374.0
"(np.float64(1.5), 260, 180, 40, 5)",houghCircle,0.6208333333333333,44187853.266666666,33840196.0
"(np.float64(1.5), 260, 180, 40, 10)",houghCircle,0.6395833333333333,41930786.364583336,31710230.5
"(np.float64(1.5), 260, 180, 40, 15)",houghCircle,0.6729166666666667,44276828.733333334,33209191.5
"(np.float64(1.5), 260, 180, 45, 5)",houghCircle,0.22291666666666668,43227367.9875,32248414.5
"(np.float64(1.5), 260, 180, 45, 10)",houghCircle,0.23541666666666666,44013952.514583334,32832455.5
"(np.float64(1.5), 260, 180, 45, 15)",houghCircle,0.2375,41550933.385416664,31696915.0
"(np.float64(1.5), 260, 190, 30, 5)",houghCircle,0.6854166666666667,50398667.90208333,39711026.0
"(np.float64(1.5), 260, 190, 30, 10)",houghCircle,0.725,44115947.075,32920014.5
"(np.float64(1.5), 260, 190, 30, 15)",houghCircle,0.7979166666666667,40995233.05833333,31024233.0
"(np.float64(1.5), 260, 190, 35, 5)",houghCircle,0.6958333333333333,44169176.71458333,33461561.0
"(np.float64(1.5), 260, 190, 35, 10)",houghCircle,0.7166666666666667,42461007.760416664,31472203.5
"(np.float64(1.5), 260, 190, 35, 15)",houghCircle,0.7791666666666667,40599705.86666667,31470595.0
"(np.float64(1.5), 260, 190, 40, 5)",houghCircle,0.6145833333333334,45712574.30625,33729704.0
"(np.float64(1.5), 260, 190, 40, 10)",houghCircle,0.6333333333333333,40681258.23125,32552290.0
"(np.float64(1.5), 260, 190, 40, 15)",houghCircle,0.6666666666666666,38414480.72291667,32029268.0
"(np.float64(1.5), 260, 190, 45, 5)",houghCircle,0.22291666666666668,45349759.579166666,33998893.0
"(np.float64(1.5), 260, 190, 45, 10)",houghCircle,0.23541666666666666,45407426.65208333,36561255.5
"(np.float64(1.5), 260, 190, 45, 15)",houghCircle,0.2375,38561014.797916666,31047992.5
"(np.float64(1.5), 260, 200, 30, 5)",houghCircle,0.68125,42194622.4125,32736145.0
"(np.float64(1.5), 260, 200, 30, 10)",houghCircle,0.7166666666666667,43080060.49166667,32294550.5
"(np.float64(1.5), 260, 200, 30, 15)",houghCircle,0.7916666666666666,39244735.46875,31361390.5
"(np.float64(1.5), 260, 200, 35, 5)",houghCircle,0.69375,41168377.25416667,31650217.0
"(np.float64(1.5), 260, 200, 35, 10)",houghCircle,0.7208333333333333,44280945.06666667,32747641.0
"(np.float64(1.5), 260, 200, 35, 15)",houghCircle,0.7791666666666667,43118212.00833333,31607957.5
"(np.float64(1.5), 260, 200, 40, 5)",houghCircle,0.6125,42978779.91458333,32730939.0
"(np.float64(1.5), 260, 200, 40, 10)",houghCircle,0.6333333333333333,43626711.425,30887370.0
"(np.float64(1.5), 260, 200, 40, 15)",houghCircle,0.6666666666666666,47248102.15625,37067304.5
"(np.float64(1.5), 260, 200, 45, 5)",houghCircle,0.22291666666666668,41811177.10625,31931094.5
"(np.float64(1.5), 260, 200, 45, 10)",houghCircle,0.23541666666666666,41542553.28958333,32978990.5
"(np.float64(1.5), 260, 200, 45, 15)",houghCircle,0.2375,42229927.15833333,32211650.0
"(np.float64(1.5), 260, 210, 30, 5)",houghCircle,0.6770833333333334,44559113.55833333,33618911.0
"(np.float64(1.5), 260, 210, 30, 10)",houghCircle,0.7145833333333333,42622099.00208333,31773273.5
"(np.float64(1.5), 260, 210, 30, 15)",houghCircle,0.7854166666666667,43090740.78958333,31789254.0
"(np.float64(1.5), 260, 210, 35, 5)",houghCircle,0.69375,42968492.025,32774076.0
"(np.float64(1.5), 260, 210, 35, 10)",houghCircle,0.7229166666666667,43729173.13125,31773128.5
"(np.float64(1.5), 260, 210, 35, 15)",houghCircle,0.7791666666666667,42123060.88333333,31642723.0
"(np.float64(1.5), 260, 210, 40, 5)",houghCircle,0.6125,41652580.56666667,32413083.0
"(np.float64(1.5), 260, 210, 40, 10)",houghCircle,0.6333333333333333,47346864.84583333,38247008.5
"(np.float64(1.5), 260, 210, 40, 15)",houghCircle,0.6666666666666666,42038767.65833333,32085409.0
"(np.float64(1.5), 260, 210, 45, 5)",houghCircle,0.22291666666666668,41994130.96041667,32521923.0
"(np.float64(1.5), 260, 210, 45, 10)",houghCircle,0.23541666666666666,41864176.854166664,31595170.0
"(np.float64(1.5), 260, 210, 45, 15)",houghCircle,0.2375,44321416.947916664,32367407.0
"(np.float64(1.5), 260, 220, 30, 5)",houghCircle,0.6791666666666667,42114995.875,32523354.5
"(np.float64(1.5), 260, 220, 30, 10)",houghCircle,0.7104166666666667,41275693.958333336,31845950.0
"(np.float64(1.5), 260, 220, 30, 15)",houghCircle,0.7854166666666667,42129484.40208333,31195825.5
"(np.float64(1.5), 260, 220, 35, 5)",houghCircle,0.6875,44087839.1125,31520139.0
"(np.float64(1.5), 260, 220, 35, 10)",houghCircle,0.7208333333333333,39751099.1375,31207286.5
"(np.float64(1.5), 260, 220, 35, 15)",houghCircle,0.775,48582019.18333333,38375685.0
"(np.float64(1.5), 260, 220, 40, 5)",houghCircle,0.6145833333333334,41140249.045833334,31129140.5
"(np.float64(1.5), 260, 220, 40, 10)",houghCircle,0.6333333333333333,44806761.802083336,32028296.0
"(np.float64(1.5), 260, 220, 40, 15)",houghCircle,0.6666666666666666,39628215.75,30196134.5
"(np.float64(1.5), 260, 220, 45, 5)",houghCircle,0.22291666666666668,41198130.47708333,31594197.5
"(np.float64(1.5), 260, 220, 45, 10)",houghCircle,0.23541666666666666,43152926.672916666,32472655.5
"(np.float64(1.5), 260, 220, 45, 15)",houghCircle,0.2375,39772180.016666666,31706238.0
"(np.float64(1.5), 260, 230, 30, 5)",houghCircle,0.6791666666666667,41215666.197916664,32527127.5
"(np.float64(1.5), 260, 230, 30, 10)",houghCircle,0.7083333333333334,41818456.99791667,31742821.0
"(np.float64(1.5), 260, 230, 30, 15)",houghCircle,0.78125,41369533.87291667,31976765.0
"(np.float64(1.5), 260, 230, 35, 5)",houghCircle,0.6895833333333333,43146866.197916664,32399853.0
"(np.float64(1.5), 260, 230, 35, 10)",houghCircle,0.7229166666666667,51648473.177083336,38793033.5
"(np.float64(1.5), 260, 230, 35, 15)",houghCircle,0.775,41328054.639583334,31266161.5
"(np.float64(1.5), 260, 230, 40, 5)",houghCircle,0.6166666666666667,45109896.00208333,33349305.0
"(np.float64(1.5), 260, 230, 40, 10)",houghCircle,0.6333333333333333,41992085.69583333,31901293.5
"(np.float64(1.5), 260, 230, 40, 15)",houghCircle,0.6666666666666666,43979508.83541667,31659069.0
"(np.float64(1.5), 260, 230, 45, 5)",houghCircle,0.22291666666666668,41592005.06458333,32136279.5
"(np.float64(1.5), 260, 230, 45, 10)",houghCircle,0.23541666666666666,42855544.108333334,32339650.5
"(np.float64(1.5), 260, 230, 45, 15)",houghCircle,0.2375,43396085.12708333,32634768.5
"(np.float64(1.5), 260, 240, 30, 5)",houghCircle,0.6791666666666667,43436818.635416664,32586499.0
"(np.float64(1.5), 260, 240, 30, 10)",houghCircle,0.7083333333333334,40490736.22708333,31667396.5
"(np.float64(1.5), 260, 240, 30, 15)",houghCircle,0.7833333333333333,41323436.06458333,31774029.0
"(np.float64(1.5), 260, 240, 35, 5)",houghCircle,0.6979166666666666,42935936.827083334,32229113.0
"(np.float64(1.5), 260, 240, 35, 10)",houghCircle,0.7270833333333333,43722061.39791667,31741628.0
"(np.float64(1.5), 260, 240, 35, 15)",houghCircle,0.775,46624193.49375,37253004.0
"(np.float64(1.5), 260, 240, 40, 5)",houghCircle,0.6166666666666667,40271050.17916667,31918111.0
"(np.float64(1.5), 260, 240, 40, 10)",houghCircle,0.6395833333333333,41348488.38333333,31223056.0
"(np.float64(1.5), 260, 240, 40, 15)",houghCircle,0.66875,42577758.54375,30821402.5
"(np.float64(1.5), 260, 240, 45, 5)",houghCircle,0.22291666666666668,44487932.25208333,32297401.5
"(np.float64(1.5), 260, 240, 45, 10)",houghCircle,0.23541666666666666,44374494.13333333,31466006.5
"(np.float64(1.5), 260, 240, 45, 15)",houghCircle,0.2375,40802913.59375,31330843.5
"(np.float64(1.5), 260, 250, 30, 5)",houghCircle,0.68125,42432869.077083334,31818191.5
"(np.float64(1.5), 260, 250, 30, 10)",houghCircle,0.7104166666666667,43640859.333333336,33025522.0
"(np.float64(1.5), 260, 250, 30, 15)",houghCircle,0.7833333333333333,38150257.26875,29641148.5
"(np.float64(1.5), 260, 250, 35, 5)",houghCircle,0.6979166666666666,41846216.96666667,32715701.0
"(np.float64(1.5), 260, 250, 35, 10)",houghCircle,0.7270833333333333,51832710.12708333,38942854.0
"(np.float64(1.5), 260, 250, 35, 15)",houghCircle,0.775,42529700.53541667,31571674.5
"(np.float64(1.5), 260, 250, 40, 5)",houghCircle,0.61875,43145265.80416667,31592694.5
"(np.float64(1.5), 260, 250, 40, 10)",houghCircle,0.6395833333333333,41142595.68541667,31532412.0
"(np.float64(1.5), 260, 250, 40, 15)",houghCircle,0.66875,41486572.985416666,30107047.5
"(np.float64(1.5), 260, 250, 45, 5)",houghCircle,0.22291666666666668,44885721.2625,32015231.5
"(np.float64(1.5), 260, 250, 45, 10)",houghCircle,0.23541666666666666,43320479.23125,31756941.5
"(np.float64(1.5), 260, 250, 45, 15)",houghCircle,0.2375,41109669.55,30514086.0
"(np.float64(1.5), 260, 260, 30, 5)",houghCircle,0.6875,41839292.87708333,31018883.0
"(np.float64(1.5), 260, 260, 30, 10)",houghCircle,0.7125,38405725.30416667,31463392.5
"(np.float64(1.5), 260, 260, 30, 15)",houghCircle,0.7895833333333333,40035727.979166664,30821913.0
"(np.float64(1.5), 260, 260, 35, 5)",houghCircle,0.6979166666666666,48975626.88333333,39147348.0
"(np.float64(1.5), 260, 260, 35, 10)",houghCircle,0.7270833333333333,42308267.083333336,31343891.5
"(np.float64(1.5), 260, 260, 35, 15)",houghCircle,0.775,39130457.08958333,30453787.5
"(np.float64(1.5), 260, 260, 40, 5)",houghCircle,0.61875,46086886.46875,33244288.0
"(np.float64(1.5), 260, 260, 40, 10)",houghCircle,0.6375,40794137.579166666,31336674.5
"(np.float64(1.5), 260, 260, 40, 15)",houghCircle,0.6666666666666666,40873793.2125,31027143.5
"(np.float64(1.5), 260, 260, 45, 5)",houghCircle,0.22291666666666668,41370751.108333334,31026732.0
"(np.float64(1.5), 260, 260, 45, 10)",houghCircle,0.23541666666666666,40039636.135416664,31231467.0
"(np.float64(1.5), 260, 260, 45, 15)",houghCircle,0.2375,43548259.4875,30937169.0
"(np.float64(1.5), 260, 270, 30, 5)",houghCircle,0.69375,41000918.78958333,30469387.0
"(np.float64(1.5), 260, 270, 30, 10)",houghCircle,0.7145833333333333,39693239.44583333,31122742.5
"(np.float64(1.5), 260, 270, 30, 15)",houghCircle,0.7895833333333333,39439972.33541667,30408698.0
"(np.float64(1.5), 260, 270, 35, 5)",houghCircle,0.6979166666666666,50402514.625,38368141.5
"(np.float64(1.5), 260, 270, 35, 10)",houghCircle,0.73125,41414130.85625,31485217.5
"(np.float64(1.5), 260, 270, 35, 15)",houghCircle,0.7770833333333333,40048760.1125,30632191.5
"(np.float64(1.5), 260, 270, 40, 5)",houghCircle,0.6166666666666667,42634968.139583334,33275295.5
"(np.float64(1.5), 260, 270, 40, 10)",houghCircle,0.6375,39340238.770833336,30575184.0
"(np.float64(1.5), 260, 270, 40, 15)",houghCircle,0.6666666666666666,41339972.22291667,30569239.5
"(np.float64(1.5), 260, 270, 45, 5)",houghCircle,0.22291666666666668,38592652.329166666,31583426.5
"(np.float64(1.5), 260, 270, 45, 10)",houghCircle,0.23541666666666666,44143190.55,31892317.0
"(np.float64(1.5), 260, 270, 45, 15)",houghCircle,0.2375,41154157.53958333,30192757.5
"(np.float64(1.5), 260, 280, 30, 5)",houghCircle,0.6979166666666666,41243651.55416667,32226754.0
"(np.float64(1.5), 260, 280, 30, 10)",houghCircle,0.7145833333333333,50370784.583333336,37763761.5
"(np.float64(1.5), 260, 280, 30, 15)",houghCircle,0.79375,39078949.197916664,30771564.5
"(np.float64(1.5), 260, 280, 35, 5)",houghCircle,0.7,41735479.59166667,30935312.0
"(np.float64(1.5), 260, 280, 35, 10)",houghCircle,0.7354166666666667,42761173.12083333,31376804.0
"(np.float64(1.5), 260, 280, 35, 15)",houghCircle,0.7770833333333333,43302749.760416664,30879140.5
"(np.float64(1.5), 260, 280, 40, 5)",houghCircle,0.6166666666666667,39975904.625,32380136.5
"(np.float64(1.5), 260, 280, 40, 10)",houghCircle,0.6395833333333333,40317983.65833333,31005753.5
"(np.float64(1.5), 260, 280, 40, 15)",houghCircle,0.66875,39815541.514583334,30487661.5
"(np.float64(1.5), 260, 280, 45, 5)",houghCircle,0.22291666666666668,43209487.385416664,31107535.0
"(np.float64(1.5), 260, 280, 45, 10)",houghCircle,0.23541666666666666,41243474.09166667,31440840.0
"(np.float64(1.5), 260, 280, 45, 15)",houghCircle,0.2375,39567493.00208333,30859273.5
"(np.float64(1.5), 260, 290, 30, 5)",houghCircle,0.7020833333333333,45259256.53541667,32528000.0
"(np.float64(1.5), 260, 290, 30, 10)",houghCircle,0.7208333333333333,48364067.02916667,37556382.0
"(np.float64(1.5), 260, 290, 30, 15)",houghCircle,0.7958333333333333,40279264.00833333,30813633.5
"(np.float64(1.5), 260, 290, 35, 5)",houghCircle,0.7083333333333334,43062487.39375,31949839.5
"(np.float64(1.5), 260, 290, 35, 10)",houghCircle,0.7354166666666667,37922856.145833336,30106781.0
"(np.float64(1.5), 260, 290, 35, 15)",houghCircle,0.78125,42924971.24166667,31263050.0
"(np.float64(1.5), 260, 290, 40, 5)",houghCircle,0.6166666666666667,40099482.489583336,31550275.0
"(np.float64(1.5), 260, 290, 40, 10)",houghCircle,0.6395833333333333,43552744.95625,31088725.0
"(np.float64(1.5), 260, 290, 40, 15)",houghCircle,0.66875,40724218.05416667,29881689.0
"(np.float64(1.5), 260, 290, 45, 5)",houghCircle,0.225,40706864.41041667,30588085.0
"(np.float64(1.5), 260, 290, 45, 10)",houghCircle,0.23541666666666666,39913784.729166664,30390429.0
"(np.float64(1.5), 260, 290, 45, 15)",houghCircle,0.2375,39235557.87916667,29740875.5
"(np.float64(1.5), 270, 100, 30, 5)",houghCircle,0.5916666666666667,47514529.229166664,38683607.5
"(np.float64(1.5), 270, 100, 30, 10)",houghCircle,0.6916666666666667,46796193.135416664,36803415.5
"(np.float64(1.5), 270, 100, 30, 15)",houghCircle,0.8104166666666667,47870793.547916666,37474053.0
"(np.float64(1.5), 270, 100, 35, 5)",houghCircle,0.7083333333333334,55455110.79375,44983477.0
"(np.float64(1.5), 270, 100, 35, 10)",houghCircle,0.7416666666666667,46204434.40833333,36676005.0
"(np.float64(1.5), 270, 100, 35, 15)",houghCircle,0.8104166666666667,47526121.6625,36142611.0
"(np.float64(1.5), 270, 100, 40, 5)",houghCircle,0.6479166666666667,46458364.041666664,36723124.5
"(np.float64(1.5), 270, 100, 40, 10)",houghCircle,0.6895833333333333,43104999.579166666,34984242.0
"(np.float64(1.5), 270, 100, 40, 15)",houghCircle,0.7229166666666667,44188176.90208333,34960468.0
"(np.float64(1.5), 270, 100, 45, 5)",houghCircle,0.3729166666666667,45709434.13125,37165112.0
"(np.float64(1.5), 270, 100, 45, 10)",houghCircle,0.3854166666666667,46972163.3375,38350318.0
"(np.float64(1.5), 270, 100, 45, 15)",houghCircle,0.3958333333333333,43968659.18958333,35298907.5
"(np.float64(1.5), 270, 110, 30, 5)",houghCircle,0.6229166666666667,47640908.172916666,37500673.0
"(np.float64(1.5), 270, 110, 30, 10)",houghCircle,0.7020833333333333,44705167.322916664,35685503.0
"(np.float64(1.5), 270, 110, 30, 15)",houghCircle,0.8083333333333333,54049995.28541667,43972595.0
"(np.float64(1.5), 270, 110, 35, 5)",houghCircle,0.70625,46476990,37442913.0
"(np.float64(1.5), 270, 110, 35, 10)",houghCircle,0.7395833333333334,45118772.50208333,36301053.0
"(np.float64(1.5), 270, 110, 35, 15)",houghCircle,0.8104166666666667,43450640.175,34534758.0
"(np.float64(1.5), 270, 110, 40, 5)",houghCircle,0.6208333333333333,44733206.37291667,36114342.5
"(np.float64(1.5), 270, 110, 40, 10)",houghCircle,0.65,46038382.08958333,35841075.0
"(np.float64(1.5), 270, 110, 40, 15)",houghCircle,0.6854166666666667,45715827.74375,35741943.0
"(np.float64(1.5), 270, 110, 45, 5)",houghCircle,0.30833333333333335,47026835.19583333,37156859.0
"(np.float64(1.5), 270, 110, 45, 10)",houghCircle,0.3229166666666667,46698914.03333333,36898107.0
"(np.float64(1.5), 270, 110, 45, 15)",houghCircle,0.33541666666666664,46689251.90208333,35681029.0
"(np.float64(1.5), 270, 120, 30, 5)",houghCircle,0.6458333333333334,53631138.34166667,44098370.5
"(np.float64(1.5), 270, 120, 30, 10)",houghCircle,0.7145833333333333,42511167.47291667,34712096.5
"(np.float64(1.5), 270, 120, 30, 15)",houghCircle,0.8145833333333333,43464148.88125,34680241.0
"(np.float64(1.5), 270, 120, 35, 5)",houghCircle,0.7083333333333334,43894996.62708333,34694043.0
"(np.float64(1.5), 270, 120, 35, 10)",houghCircle,0.7395833333333334,45598722.177083336,36328278.0
"(np.float64(1.5), 270, 120, 35, 15)",houghCircle,0.8020833333333334,44404396.895833336,34918194.0
"(np.float64(1.5), 270, 120, 40, 5)",houghCircle,0.6229166666666667,44480382.854166664,33798312.5
"(np.float64(1.5), 270, 120, 40, 10)",houghCircle,0.6458333333333334,44445294.20625,36110816.0
"(np.float64(1.5), 270, 120, 40, 15)",houghCircle,0.6833333333333333,42976558.885416664,35000187.0
"(np.float64(1.5), 270, 120, 45, 5)",houghCircle,0.28125,46258554.6375,36164070.5
"(np.float64(1.5), 270, 120, 45, 10)",houghCircle,0.2916666666666667,40791545.675,34333346.0
"(np.float64(1.5), 270, 120, 45, 15)",houghCircle,0.30416666666666664,45188835.3375,34601488.5
"(np.float64(1.5), 270, 130, 30, 5)",houghCircle,0.6583333333333333,43991887.89791667,35461212.0
"(np.float64(1.5), 270, 130, 30, 10)",houghCircle,0.7208333333333333,55557666.422916666,42590357.0
"(np.float64(1.5), 270, 130, 30, 15)",houghCircle,0.81875,45041269.225,34826285.5
"(np.float64(1.5), 270, 130, 35, 5)",houghCircle,0.7020833333333333,44995858.55,34147347.0
"(np.float64(1.5), 270, 130, 35, 10)",houghCircle,0.7333333333333333,43523620.583333336,34659708.5
"(np.float64(1.5), 270, 130, 35, 15)",houghCircle,0.8,44308973.825,34645521.0
"(np.float64(1.5), 270, 130, 40, 5)",houghCircle,0.6145833333333334,47194007.34791667,36252982.0
"(np.float64(1.5), 270, 130, 40, 10)",houghCircle,0.6395833333333333,43327458.46458333,34188063.5
"(np.float64(1.5), 270, 130, 40, 15)",houghCircle,0.6770833333333334,43159251.579166666,34203432.0
"(np.float64(1.5), 270, 130, 45, 5)",houghCircle,0.24166666666666667,48055396.702083334,36291154.0
"(np.float64(1.5), 270, 130, 45, 10)",houghCircle,0.25416666666666665,41668437.82083333,34627006.0
"(np.float64(1.5), 270, 130, 45, 15)",houghCircle,0.2625,46851541.01875,35015055.0
"(np.float64(1.5), 270, 140, 30, 5)",houghCircle,0.6666666666666666,45582879.108333334,35648012.0
"(np.float64(1.5), 270, 140, 30, 10)",houghCircle,0.7270833333333333,52640003.37291667,41268731.5
"(np.float64(1.5), 270, 140, 30, 15)",houghCircle,0.8125,45804669.385416664,34300348.5
"(np.float64(1.5), 270, 140, 35, 5)",houghCircle,0.6979166666666666,43666553.28333333,33516864.5
"(np.float64(1.5), 270, 140, 35, 10)",houghCircle,0.7291666666666666,44519982.65416667,33206001.5
"(np.float64(1.5), 270, 140, 35, 15)",houghCircle,0.7958333333333333,43861513.45625,34470925.0
"(np.float64(1.5), 270, 140, 40, 5)",houghCircle,0.6208333333333333,42553632.15833333,33375959.5
"(np.float64(1.5), 270, 140, 40, 10)",houghCircle,0.6416666666666667,43783265.04375,33822739.0
"(np.float64(1.5), 270, 140, 40, 15)",houghCircle,0.6791666666666667,42893114.93958333,33075270.5
"(np.float64(1.5), 270, 140, 45, 5)",houghCircle,0.23333333333333334,42483621.641666666,34006332.5
"(np.float64(1.5), 270, 140, 45, 10)",houghCircle,0.24791666666666667,46062809.4875,34821186.0
"(np.float64(1.5), 270, 140, 45, 15)",houghCircle,0.2520833333333333,51398889.69166667,40215582.0
"(np.float64(1.5), 270, 150, 30, 5)",houghCircle,0.6833333333333333,42630482.952083334,34145278.5
"(np.float64(1.5), 270, 150, 30, 10)",houghCircle,0.7333333333333333,43596185.15416667,34403823.0
"(np.float64(1.5), 270, 150, 30, 15)",houghCircle,0.8125,40814116.16875,32256875.5
"(np.float64(1.5), 270, 150, 35, 5)",houghCircle,0.7,43270139.61875,33701085.0
"(np.float64(1.5), 270, 150, 35, 10)",houghCircle,0.7291666666666666,44111250.96041667,33337407.5
"(np.float64(1.5), 270, 150, 35, 15)",houghCircle,0.7958333333333333,42388801.15416667,32855807.0
"(np.float64(1.5), 270, 150, 40, 5)",houghCircle,0.6166666666666667,47330710.29375,35518420.5
"(np.float64(1.5), 270, 150, 40, 10)",houghCircle,0.6375,43745842.13125,33681734.0
"(np.float64(1.5), 270, 150, 40, 15)",houghCircle,0.675,43129831.09583333,32934036.5
"(np.float64(1.5), 270, 150, 45, 5)",houghCircle,0.22708333333333333,45109852.552083336,35261266.5
"(np.float64(1.5), 270, 150, 45, 10)",houghCircle,0.23958333333333334,43131854.38125,33310727.5
"(np.float64(1.5), 270, 150, 45, 15)",houghCircle,0.24375,42162325.45,32099724.0
"(np.float64(1.5), 270, 160, 30, 5)",houghCircle,0.68125,52330207.78958333,41548215.5
"(np.float64(1.5), 270, 160, 30, 10)",houghCircle,0.73125,41727981.9,31729235.5
"(np.float64(1.5), 270, 160, 30, 15)",houghCircle,0.8125,43378250.09375,32702609.5
"(np.float64(1.5), 270, 160, 35, 5)",houghCircle,0.7020833333333333,43984937.72291667,33548489.0
"(np.float64(1.5), 270, 160, 35, 10)",houghCircle,0.7333333333333333,42930521.44166667,32465987.5
"(np.float64(1.5), 270, 160, 35, 15)",houghCircle,0.7979166666666667,45401156.425,33554990.5
"(np.float64(1.5), 270, 160, 40, 5)",houghCircle,0.6208333333333333,42922607.385416664,34016240.5
"(np.float64(1.5), 270, 160, 40, 10)",houghCircle,0.6395833333333333,42077933.6,32638476.0
"(np.float64(1.5), 270, 160, 40, 15)",houghCircle,0.6770833333333334,44771056.26875,32821124.0
"(np.float64(1.5), 270, 160, 45, 5)",houghCircle,0.22083333333333333,41724807.797916666,33269551.5
"(np.float64(1.5), 270, 160, 45, 10)",houghCircle,0.23541666666666666,41949222.2625,32846677.0
"(np.float64(1.5), 270, 160, 45, 15)",houghCircle,0.2375,41135642.635416664,31545084.5
"(np.float64(1.5), 270, 170, 30, 5)",houghCircle,0.6875,49742008.979166664,41294240.0
"(np.float64(1.5), 270, 170, 30, 10)",houghCircle,0.7333333333333333,42769876.80625,32232404.5
"(np.float64(1.5), 270, 170, 30, 15)",houghCircle,0.8104166666666667,44623163.6375,32522713.5
"(np.float64(1.5), 270, 170, 35, 5)",houghCircle,0.7020833333333333,44293303.697916664,33557745.5
"(np.float64(1.5), 270, 170, 35, 10)",houghCircle,0.7291666666666666,44583965.98125,33565325.0
"(np.float64(1.5), 270, 170, 35, 15)",houghCircle,0.79375,42808453.50208333,32074593.0
"(np.float64(1.5), 270, 170, 40, 5)",houghCircle,0.61875,43707249.425,34025403.5
"(np.float64(1.5), 270, 170, 40, 10)",houghCircle,0.6375,44947379.60625,33687720.5
"(np.float64(1.5), 270, 170, 40, 15)",houghCircle,0.6729166666666667,44487546.10625,32356723.0
"(np.float64(1.5), 270, 170, 45, 5)",houghCircle,0.22291666666666668,41244906.17916667,32406445.5
"(np.float64(1.5), 270, 170, 45, 10)",houghCircle,0.23541666666666666,44176635.84791667,34145939.0
"(np.float64(1.5), 270, 170, 45, 15)",houghCircle,0.2375,48845546.46041667,38553575.0
"(np.float64(1.5), 270, 180, 30, 5)",houghCircle,0.6854166666666667,42987533.39791667,33053881.0
"(np.float64(1.5), 270, 180, 30, 10)",houghCircle,0.7333333333333333,40853600.764583334,32406812.0
"(np.float64(1.5), 270, 180, 30, 15)",houghCircle,0.80625,44322147.072916664,33851576.5
"(np.float64(1.5), 270, 180, 35, 5)",houghCircle,0.70625,42130157.56666667,32931835.0
"(np.float64(1.5), 270, 180, 35, 10)",houghCircle,0.7291666666666666,41799834.579166666,32940729.0
"(np.float64(1.5), 270, 180, 35, 15)",houghCircle,0.7916666666666666,42367703.791666664,32163014.5
"(np.float64(1.5), 270, 180, 40, 5)",houghCircle,0.6208333333333333,42572054.00833333,33549515.5
"(np.float64(1.5), 270, 180, 40, 10)",houghCircle,0.6395833333333333,41978452.541666664,32592940.5
"(np.float64(1.5), 270, 180, 40, 15)",houghCircle,0.6729166666666667,41485121.78958333,31637272.0
"(np.float64(1.5), 270, 180, 45, 5)",houghCircle,0.22291666666666668,44893169.16458333,36030590.0
"(np.float64(1.5), 270, 180, 45, 10)",houghCircle,0.23541666666666666,40522622.677083336,32250598.5
"(np.float64(1.5), 270, 180, 45, 15)",houghCircle,0.2375,41628508.27916667,32000388.5
"(np.float64(1.5), 270, 190, 30, 5)",houghCircle,0.6875,42082027.760416664,32754889.5
"(np.float64(1.5), 270, 190, 30, 10)",houghCircle,0.725,43800537.5875,33279212.5
"(np.float64(1.5), 270, 190, 30, 15)",houghCircle,0.7979166666666667,45925423.16041667,33576666.0
"(np.float64(1.5), 270, 190, 35, 5)",houghCircle,0.6958333333333333,41906575.88333333,32656896.0
"(np.float64(1.5), 270, 190, 35, 10)",houghCircle,0.71875,41399796.604166664,32590261.0
"(np.float64(1.5), 270, 190, 35, 15)",houghCircle,0.78125,40760708.51875,31281982.0
"(np.float64(1.5), 270, 190, 40, 5)",houghCircle,0.6145833333333334,41042631.295833334,32076738.0
"(np.float64(1.5), 270, 190, 40, 10)",houghCircle,0.6333333333333333,45644269.427083336,32918487.0
"(np.float64(1.5), 270, 190, 40, 15)",houghCircle,0.6666666666666666,53049719.56041667,39391009.0
"(np.float64(1.5), 270, 190, 45, 5)",houghCircle,0.22291666666666668,41836383.8625,32035034.0
"(np.float64(1.5), 270, 190, 45, 10)",houghCircle,0.23541666666666666,42859461.27708333,32757159.0
"(np.float64(1.5), 270, 190, 45, 15)",houghCircle,0.2375,41266342.00833333,31726376.0
"(np.float64(1.5), 270, 200, 30, 5)",houghCircle,0.68125,43075860.69583333,31978162.0
"(np.float64(1.5), 270, 200, 30, 10)",houghCircle,0.71875,41433001.99375,31514092.5
"(np.float64(1.5), 270, 200, 30, 15)",houghCircle,0.7916666666666666,45952396.34375,33248425.0
"(np.float64(1.5), 270, 200, 35, 5)",houghCircle,0.69375,44780619.016666666,33124442.5
"(np.float64(1.5), 270, 200, 35, 10)",houghCircle,0.7229166666666667,41020235.5125,32163684.5
"(np.float64(1.5), 270, 200, 35, 15)",houghCircle,0.78125,41648817.50208333,31651660.0
"(np.float64(1.5), 270, 200, 40, 5)",houghCircle,0.6125,41279355.358333334,32325049.0
"(np.float64(1.5), 270, 200, 40, 10)",houghCircle,0.6333333333333333,47606624.96458333,39667688.5
"(np.float64(1.5), 270, 200, 40, 15)",houghCircle,0.6666666666666666,38343091.13125,30456021.5
"(np.float64(1.5), 270, 200, 45, 5)",houghCircle,0.22291666666666668,43167225.375,32833672.0
"(np.float64(1.5), 270, 200, 45, 10)",houghCircle,0.23541666666666666,44536582.983333334,32954564.5
"(np.float64(1.5), 270, 200, 45, 15)",houghCircle,0.2375,42861374.68541667,31520664.5
"(np.float64(1.5), 270, 210, 30, 5)",houghCircle,0.6770833333333334,45848845.41458333,32883426.0
"(np.float64(1.5), 270, 210, 30, 10)",houghCircle,0.7166666666666667,43480075.11875,32651847.0
"(np.float64(1.5), 270, 210, 30, 15)",houghCircle,0.7854166666666667,41004541.66875,30727520.5
"(np.float64(1.5), 270, 210, 35, 5)",houghCircle,0.69375,44912194.39791667,32380041.0
"(np.float64(1.5), 270, 210, 35, 10)",houghCircle,0.725,41711278.55833333,32263263.0
"(np.float64(1.5), 270, 210, 35, 15)",houghCircle,0.78125,43813036.55625,31467098.5
"(np.float64(1.5), 270, 210, 40, 5)",houghCircle,0.6125,48481973.27291667,37218488.5
"(np.float64(1.5), 270, 210, 40, 10)",houghCircle,0.6333333333333333,37525008.10208333,30076745.0
"(np.float64(1.5), 270, 210, 40, 15)",houghCircle,0.6666666666666666,41523578.25208333,31322993.5
"(np.float64(1.5), 270, 210, 45, 5)",houghCircle,0.22291666666666668,42647678.864583336,32421975.5
"(np.float64(1.5), 270, 210, 45, 10)",houghCircle,0.23541666666666666,41604042.00625,31634388.0
"(np.float64(1.5), 270, 210, 45, 15)",houghCircle,0.2375,40943367.90416667,31021173.0
"(np.float64(1.5), 270, 220, 30, 5)",houghCircle,0.6791666666666667,44029364.85,33110666.5
"(np.float64(1.5), 270, 220, 30, 10)",houghCircle,0.7125,41555218.25833333,31438510.0
"(np.float64(1.5), 270, 220, 30, 15)",houghCircle,0.7854166666666667,40928685.25,31429087.5
"(np.float64(1.5), 270, 220, 35, 5)",houghCircle,0.6875,41191470.7,32241170.5
"(np.float64(1.5), 270, 220, 35, 10)",houghCircle,0.7229166666666667,40268640.08541667,31191832.5
"(np.float64(1.5), 270, 220, 35, 15)",houghCircle,0.7770833333333333,49815308.83958333,38648641.0
"(np.float64(1.5), 270, 220, 40, 5)",houghCircle,0.6145833333333334,44384573.48125,33067369.5
"(np.float64(1.5), 270, 220, 40, 10)",houghCircle,0.6333333333333333,40010044.46041667,31871192.0
"(np.float64(1.5), 270, 220, 40, 15)",houghCircle,0.6666666666666666,42412484.36875,31846616.5
"(np.float64(1.5), 270, 220, 45, 5)",houghCircle,0.22291666666666668,41755102.16875,30865134.5
"(np.float64(1.5), 270, 220, 45, 10)",houghCircle,0.23541666666666666,40250188.391666666,31193400.0
"(np.float64(1.5), 270, 220, 45, 15)",houghCircle,0.2375,42799920.983333334,31688604.0
"(np.float64(1.5), 270, 230, 30, 5)",houghCircle,0.6791666666666667,42457982.297916666,31679887.5
"(np.float64(1.5), 270, 230, 30, 10)",houghCircle,0.7104166666666667,41713013.18125,31186644.0
"(np.float64(1.5), 270, 230, 30, 15)",houghCircle,0.78125,40289056.09583333,30543140.5
"(np.float64(1.5), 270, 230, 35, 5)",houghCircle,0.6895833333333333,41161764.175,31892912.0
"(np.float64(1.5), 270, 230, 35, 10)",houghCircle,0.725,43964830.302083336,32644022.0
"(np.float64(1.5), 270, 230, 35, 15)",houghCircle,0.7770833333333333,48340105.93541667,37368415.5
"(np.float64(1.5), 270, 230, 40, 5)",houghCircle,0.6166666666666667,41586949.89375,32046856.0
"(np.float64(1.5), 270, 230, 40, 10)",houghCircle,0.6333333333333333,41902939.677083336,31743046.0
"(np.float64(1.5), 270, 230, 40, 15)",houghCircle,0.6666666666666666,39136134.25416667,30840624.0
"(np.float64(1.5), 270, 230, 45, 5)",houghCircle,0.22291666666666668,43840593.65208333,33065267.0
"(np.float64(1.5), 270, 230, 45, 10)",houghCircle,0.23541666666666666,41010158.87708333,31564401.5
"(np.float64(1.5), 270, 230, 45, 15)",houghCircle,0.2375,42091812.83125,31685277.0
"(np.float64(1.5), 270, 240, 30, 5)",houghCircle,0.6791666666666667,43093633.197916664,32900162.0
"(np.float64(1.5), 270, 240, 30, 10)",houghCircle,0.7104166666666667,42168702.4,32109458.5
"(np.float64(1.5), 270, 240, 30, 15)",houghCircle,0.7833333333333333,41864510.00416667,31437463.0
"(np.float64(1.5), 270, 240, 35, 5)",houghCircle,0.6979166666666666,39899953.3875,31392664.0
"(np.float64(1.5), 270, 240, 35, 10)",houghCircle,0.7291666666666666,39753072.43541667,30920348.5
"(np.float64(1.5), 270, 240, 35, 15)",houghCircle,0.7770833333333333,42325780.18958333,31907404.5
"(np.float64(1.5), 270, 240, 40, 5)",houghCircle,0.6166666666666667,49763685.739583336,39959049.5
"(np.float64(1.5), 270, 240, 40, 10)",houghCircle,0.6395833333333333,42596991.9875,32292402.5
"(np.float64(1.5), 270, 240, 40, 15)",houghCircle,0.66875,41879323.66041667,31151140.5
"(np.float64(1.5), 270, 240, 45, 5)",houghCircle,0.225,40645398.55416667,31348536.5
"(np.float64(1.5), 270, 240, 45, 10)",houghCircle,0.23541666666666666,42183491.8625,31790325.5
"(np.float64(1.5), 270, 240, 45, 15)",houghCircle,0.2375,39134545.6125,30116215.0
"(np.float64(1.5), 270, 250, 30, 5)",houghCircle,0.68125,38077194.197916664,30911922.5
"(np.float64(1.5), 270, 250, 30, 10)",houghCircle,0.7125,41891773.4625,32189690.0
"(np.float64(1.5), 270, 250, 30, 15)",houghCircle,0.7833333333333333,40995842.989583336,30949823.5
"(np.float64(1.5), 270, 250, 35, 5)",houghCircle,0.6979166666666666,40582895.93958333,31844451.5
"(np.float64(1.5), 270, 250, 35, 10)",houghCircle,0.7291666666666666,49105658.358333334,38772178.5
"(np.float64(1.5), 270, 250, 35, 15)",houghCircle,0.7770833333333333,40399758.42916667,30690592.0
"(np.float64(1.5), 270, 250, 40, 5)",houghCircle,0.61875,43980860.7,32845860.5
"(np.float64(1.5), 270, 250, 40, 10)",houghCircle,0.6395833333333333,40166848.92916667,30360533.5
"(np.float64(1.5), 270, 250, 40, 15)",houghCircle,0.66875,42268648.94166667,30873119.5
"(np.float64(1.5), 270, 250, 45, 5)",houghCircle,0.225,42346431.15208333,32454020.5
"(np.float64(1.5), 270, 250, 45, 10)",houghCircle,0.23541666666666666,42393299.06041667,31375386.5
"(np.float64(1.5), 270, 250, 45, 15)",houghCircle,0.2375,41435985.3125,30354215.5
"(np.float64(1.5), 270, 260, 30, 5)",houghCircle,0.6875,43307876.62708333,31457770.5
"(np.float64(1.5), 270, 260, 30, 10)",houghCircle,0.7145833333333333,44260490.24583333,31970127.5
"(np.float64(1.5), 270, 260, 30, 15)",houghCircle,0.7895833333333333,49471827.675,39243898.5
"(np.float64(1.5), 270, 260, 35, 5)",houghCircle,0.6979166666666666,41788727.59791667,31341203.0
"(np.float64(1.5), 270, 260, 35, 10)",houghCircle,0.7291666666666666,38773402.58125,30312422.5
"(np.float64(1.5), 270, 260, 35, 15)",houghCircle,0.7770833333333333,42119805.145833336,30993545.0
"(np.float64(1.5), 270, 260, 40, 5)",houghCircle,0.61875,37021240.87708333,30700174.5
"(np.float64(1.5), 270, 260, 40, 10)",houghCircle,0.6375,42817154.52708333,31339739.5
"(np.float64(1.5), 270, 260, 40, 15)",houghCircle,0.6666666666666666,41644848.94166667,30571504.0
"(np.float64(1.5), 270, 260, 45, 5)",houghCircle,0.225,40666280.208333336,31474146.5
"(np.float64(1.5), 270, 260, 45, 10)",houghCircle,0.23541666666666666,40762372.40416667,30912809.0
"(np.float64(1.5), 270, 260, 45, 15)",houghCircle,0.2375,40479331.520833336,31697375.5
"(np.float64(1.5), 270, 270, 30, 5)",houghCircle,0.69375,42961066.139583334,31712003.0
"(np.float64(1.5), 270, 270, 30, 10)",houghCircle,0.7166666666666667,42685192.177083336,32278992.0
"(np.float64(1.5), 270, 270, 30, 15)",houghCircle,0.7895833333333333,38916516.110416666,30387755.0
"(np.float64(1.5), 270, 270, 35, 5)",houghCircle,0.6979166666666666,44583898.575,33342927.0
"(np.float64(1.5), 270, 270, 35, 10)",houghCircle,0.7333333333333333,54862791.114583336,39248383.5
"(np.float64(1.5), 270, 270, 35, 15)",houghCircle,0.7791666666666667,40200121.59166667,30608321.5
"(np.float64(1.5), 270, 270, 40, 5)",houghCircle,0.6166666666666667,41393633.62083333,31925865.5
"(np.float64(1.5), 270, 270, 40, 10)",houghCircle,0.6375,42487105.0875,31631697.0
"(np.float64(1.5), 270, 270, 40, 15)",houghCircle,0.6666666666666666,40732837.25833333,30641853.5
"(np.float64(1.5), 270, 270, 45, 5)",houghCircle,0.225,43008819.925,32060120.5
"(np.float64(1.5), 270, 270, 45, 10)",houghCircle,0.23541666666666666,43342588.40208333,31672298.0
"(np.float64(1.5), 270, 270, 45, 15)",houghCircle,0.2375,41310309.4125,30268964.5
"(np.float64(1.5), 270, 280, 30, 5)",houghCircle,0.6979166666666666,43265752.70625,31522337.0
"(np.float64(1.5), 270, 280, 30, 10)",houghCircle,0.7166666666666667,36514947.6625,29284043.5
"(np.float64(1.5), 270, 280, 30, 15)",houghCircle,0.79375,39397558.229166664,29949722.5
"(np.float64(1.5), 270, 280, 35, 5)",houghCircle,0.7,43624951.84166667,31420596.5
"(np.float64(1.5), 270, 280, 35, 10)",houghCircle,0.7375,48005532.49791667,37748924.0
"(np.float64(1.5), 270, 280, 35, 15)",houghCircle,0.7791666666666667,39216600.43541667,30652916.0
"(np.float64(1.5), 270, 280, 40, 5)",houghCircle,0.6166666666666667,40940248.572916664,31748446.5
"(np.float64(1.5), 270, 280, 40, 10)",houghCircle,0.6395833333333333,37413157.12708333,30441459.5
"(np.float64(1.5), 270, 280, 40, 15)",houghCircle,0.66875,40811370.858333334,30730442.0
"(np.float64(1.5), 270, 280, 45, 5)",houghCircle,0.225,40115110.475,31217771.0
"(np.float64(1.5), 270, 280, 45, 10)",houghCircle,0.23541666666666666,38648073.18125,29943159.5
"(np.float64(1.5), 270, 280, 45, 15)",houghCircle,0.2375,40312049.60625,30744743.5
"(np.float64(1.5), 270, 290, 30, 5)",houghCircle,0.7020833333333333,39946382.64791667,30619785.5
"(np.float64(1.5), 270, 290, 30, 10)",houghCircle,0.7229166666666667,45987875.4375,32483125.0
"(np.float64(1.5), 270, 290, 30, 15)",houghCircle,0.7979166666666667,39838725.927083336,30888068.5
"(np.float64(1.5), 270, 290, 35, 5)",houghCircle,0.7083333333333334,42106696.170833334,31344609.0
"(np.float64(1.5), 270, 290, 35, 10)",houghCircle,0.7375,38887668.77708333,30895721.5
"(np.float64(1.5), 270, 290, 35, 15)",houghCircle,0.78125,48378433.99375,37423738.5
"(np.float64(1.5), 270, 290, 40, 5)",houghCircle,0.6166666666666667,42760325.86875,31700671.5
"(np.float64(1.5), 270, 290, 40, 10)",houghCircle,0.6395833333333333,40681838.229166664,30804250.5
"(np.float64(1.5), 270, 290, 40, 15)",houghCircle,0.66875,40866326.88333333,30637197.5
"(np.float64(1.5), 270, 290, 45, 5)",houghCircle,0.225,41014314.770833336,30792067.5
"(np.float64(1.5), 270, 290, 45, 10)",houghCircle,0.23541666666666666,42020681.4625,31113321.0
"(np.float64(1.5), 270, 290, 45, 15)",houghCircle,0.2375,39712144.80833333,29588248.0
"(np.float64(1.5), 280, 100, 30, 5)",houghCircle,0.6020833333333333,47067333.420833334,37498684.5
"(np.float64(1.5), 280, 100, 30, 10)",houghCircle,0.6958333333333333,47110542.68125,36683765.5
"(np.float64(1.5), 280, 100, 30, 15)",houghCircle,0.8104166666666667,44389043.34791667,35727236.0
"(np.float64(1.5), 280, 100, 35, 5)",houghCircle,0.7104166666666667,56469038.78541667,44784312.5
"(np.float64(1.5), 280, 100, 35, 10)",houghCircle,0.74375,45015545.83958333,35788135.5
"(np.float64(1.5), 280, 100, 35, 15)",houghCircle,0.8104166666666667,46678429.19166667,36189072.0
"(np.float64(1.5), 280, 100, 40, 5)",houghCircle,0.6520833333333333,50046838.33958333,38051962.5
"(np.float64(1.5), 280, 100, 40, 10)",houghCircle,0.6916666666666667,46387096.427083336,36236461.0
"(np.float64(1.5), 280, 100, 40, 15)",houghCircle,0.7229166666666667,43544155.81875,34664071.0
"(np.float64(1.5), 280, 100, 45, 5)",houghCircle,0.375,45266637.43125,36343502.5
"(np.float64(1.5), 280, 100, 45, 10)",houghCircle,0.3875,44148701.87916667,35919743.0
"(np.float64(1.5), 280, 100, 45, 15)",houghCircle,0.3958333333333333,44286074.50625,36480864.5
"(np.float64(1.5), 280, 110, 30, 5)",houghCircle,0.6333333333333333,46037305.84166667,36995630.5
"(np.float64(1.5), 280, 110, 30, 10)",houghCircle,0.70625,50636921.49583333,42383498.5
"(np.float64(1.5), 280, 110, 30, 15)",houghCircle,0.8104166666666667,45881558.73125,36638837.0
"(np.float64(1.5), 280, 110, 35, 5)",houghCircle,0.7083333333333334,47113428.93958333,35968835.0
"(np.float64(1.5), 280, 110, 35, 10)",houghCircle,0.7416666666666667,46684995.18958333,35363528.5
"(np.float64(1.5), 280, 110, 35, 15)",houghCircle,0.8104166666666667,47416205.177083336,36040233.5
"(np.float64(1.5), 280, 110, 40, 5)",houghCircle,0.625,44882810.94375,36200374.0
"(np.float64(1.5), 280, 110, 40, 10)",houghCircle,0.6520833333333333,43408044.452083334,35273960.5
"(np.float64(1.5), 280, 110, 40, 15)",houghCircle,0.6854166666666667,44507794.64375,35425440.0
"(np.float64(1.5), 280, 110, 45, 5)",houghCircle,0.3104166666666667,46438294.8625,36553426.0
"(np.float64(1.5), 280, 110, 45, 10)",houghCircle,0.325,46350669.8375,36575627.5
"(np.float64(1.5), 280, 110, 45, 15)",houghCircle,0.33541666666666664,43784736.34375,35930583.0
"(np.float64(1.5), 280, 120, 30, 5)",houghCircle,0.6541666666666667,51135545.21458333,41944680.0
"(np.float64(1.5), 280, 120, 30, 10)",houghCircle,0.7166666666666667,43380255.05,34881830.0
"(np.float64(1.5), 280, 120, 30, 15)",houghCircle,0.8166666666666667,45001465.297916666,34802150.0
"(np.float64(1.5), 280, 120, 35, 5)",houghCircle,0.7104166666666667,47567675.1625,36496168.0
"(np.float64(1.5), 280, 120, 35, 10)",houghCircle,0.74375,44295018.91875,34741666.5
"(np.float64(1.5), 280, 120, 35, 15)",houghCircle,0.8020833333333334,43435699.29375,34996900.5
"(np.float64(1.5), 280, 120, 40, 5)",houghCircle,0.6270833333333333,45619028.610416666,35623230.0
"(np.float64(1.5), 280, 120, 40, 10)",houghCircle,0.6479166666666667,45591551.1125,34646233.0
"(np.float64(1.5), 280, 120, 40, 15)",houghCircle,0.6833333333333333,44993548.05833333,35013698.0
"(np.float64(1.5), 280, 120, 45, 5)",houghCircle,0.28125,46631235.014583334,36255422.0
"(np.float64(1.5), 280, 120, 45, 10)",houghCircle,0.29375,45239906.43125,35227579.0
"(np.float64(1.5), 280, 120, 45, 15)",houghCircle,0.30416666666666664,42908584.07083333,33760386.0
"(np.float64(1.5), 280, 130, 30, 5)",houghCircle,0.6645833333333333,53129003.72083333,42037379.0
"(np.float64(1.5), 280, 130, 30, 10)",houghCircle,0.7229166666666667,45090537.54375,34124493.0
"(np.float64(1.5), 280, 130, 30, 15)",houghCircle,0.8208333333333333,46281812.71875,33905763.5
"(np.float64(1.5), 280, 130, 35, 5)",houghCircle,0.70625,43248884.39375,35371708.0
"(np.float64(1.5), 280, 130, 35, 10)",houghCircle,0.7375,41730255.608333334,33108103.0
"(np.float64(1.5), 280, 130, 35, 15)",houghCircle,0.8,45904570.014583334,35643624.0
"(np.float64(1.5), 280, 130, 40, 5)",houghCircle,0.61875,45195202.99375,34548867.0
"(np.float64(1.5), 280, 130, 40, 10)",houghCircle,0.6416666666666667,43360456.81458333,35342373.0
"(np.float64(1.5), 280, 130, 40, 15)",houghCircle,0.6770833333333334,44981183.645833336,34417093.0
"(np.float64(1.5), 280, 130, 45, 5)",houghCircle,0.24166666666666667,44479697.920833334,36285503.0
"(np.float64(1.5), 280, 130, 45, 10)",houghCircle,0.25625,45203040.21875,34057082.5
"(np.float64(1.5), 280, 130, 45, 15)",houghCircle,0.2625,42289133.21875,33031308.0
"(np.float64(1.5), 280, 140, 30, 5)",houghCircle,0.66875,46815082.99791667,35342169.0
"(np.float64(1.5), 280, 140, 30, 10)",houghCircle,0.7291666666666666,51590596.53125,41734441.5
"(np.float64(1.5), 280, 140, 30, 15)",houghCircle,0.8145833333333333,43199445.79375,33506324.5
"(np.float64(1.5), 280, 140, 35, 5)",houghCircle,0.7020833333333333,41042489.03125,33339536.5
"(np.float64(1.5), 280, 140, 35, 10)",houghCircle,0.7333333333333333,42042766.114583336,33695595.0
"(np.float64(1.5), 280, 140, 35, 15)",houghCircle,0.7958333333333333,43038277.31875,32531259.5
"(np.float64(1.5), 280, 140, 40, 5)",houghCircle,0.625,43089844.329166666,33798798.0
"(np.float64(1.5), 280, 140, 40, 10)",houghCircle,0.64375,44649681.485416666,33573153.0
"(np.float64(1.5), 280, 140, 40, 15)",houghCircle,0.6791666666666667,40967150.014583334,31903488.0
"(np.float64(1.5), 280, 140, 45, 5)",houghCircle,0.23333333333333334,47177937.35208333,35013346.0
"(np.float64(1.5), 280, 140, 45, 10)",houghCircle,0.24791666666666667,46298553.375,35153279.0
"(np.float64(1.5), 280, 140, 45, 15)",houghCircle,0.2520833333333333,43341886.65625,33632310.5
"(np.float64(1.5), 280, 150, 30, 5)",houghCircle,0.6833333333333333,54948928.354166664,42976606.5
"(np.float64(1.5), 280, 150, 30, 10)",houghCircle,0.7354166666666667,43239512.735416666,33592831.5
"(np.float64(1.5), 280, 150, 30, 15)",houghCircle,0.8145833333333333,42471153.40833333,32934776.5
"(np.float64(1.5), 280, 150, 35, 5)",houghCircle,0.7041666666666667,43639389.45625,34127421.5
"(np.float64(1.5), 280, 150, 35, 10)",houghCircle,0.7333333333333333,44869015.02708333,34315177.0
"(np.float64(1.5), 280, 150, 35, 15)",houghCircle,0.7958333333333333,46897816.7,33862908.0
"(np.float64(1.5), 280, 150, 40, 5)",houghCircle,0.6208333333333333,43465297.21875,32698408.5
"(np.float64(1.5), 280, 150, 40, 10)",houghCircle,0.6395833333333333,43968061.552083336,33639488.5
"(np.float64(1.5), 280, 150, 40, 15)",houghCircle,0.675,43474923.74583333,32594329.0
"(np.float64(1.5), 280, 150, 45, 5)",houghCircle,0.22708333333333333,43512830.975,33998072.0
"(np.float64(1.5), 280, 150, 45, 10)",houghCircle,0.23958333333333334,46387463.391666666,34265919.5
"(np.float64(1.5), 280, 150, 45, 15)",houghCircle,0.24375,44436893.80833333,34039309.0
"(np.float64(1.5), 280, 160, 30, 5)",houghCircle,0.68125,53696374.052083336,41485575.0
"(np.float64(1.5), 280, 160, 30, 10)",houghCircle,0.7333333333333333,40413761.577083334,32527378.0
"(np.float64(1.5), 280, 160, 30, 15)",houghCircle,0.8145833333333333,42508524.3375,32991108.5
"(np.float64(1.5), 280, 160, 35, 5)",houghCircle,0.7083333333333334,42013206.172916666,32517865.5
"(np.float64(1.5), 280, 160, 35, 10)",houghCircle,0.7354166666666667,44512885.04375,34583635.5
"(np.float64(1.5), 280, 160, 35, 15)",houghCircle,0.7979166666666667,43540914.42916667,33369067.0
"(np.float64(1.5), 280, 160, 40, 5)",houghCircle,0.625,42625591.90416667,33770830.5
"(np.float64(1.5), 280, 160, 40, 10)",houghCircle,0.6416666666666667,44337274.96458333,33631879.5
"(np.float64(1.5), 280, 160, 40, 15)",houghCircle,0.6770833333333334,42683880.9,33207323.5
"(np.float64(1.5), 280, 160, 45, 5)",houghCircle,0.22083333333333333,42552066.11875,34063885.0
"(np.float64(1.5), 280, 160, 45, 10)",houghCircle,0.23541666666666666,42741618.16041667,33888846.5
"(np.float64(1.5), 280, 160, 45, 15)",houghCircle,0.2375,49837870.45625,40484877.5
"(np.float64(1.5), 280, 170, 30, 5)",houghCircle,0.6895833333333333,42308605.791666664,32420296.5
"(np.float64(1.5), 280, 170, 30, 10)",houghCircle,0.7375,43536026.11875,32467322.0
"(np.float64(1.5), 280, 170, 30, 15)",houghCircle,0.8125,40217347.51875,31972291.0
"(np.float64(1.5), 280, 170, 35, 5)",houghCircle,0.70625,45725532.75,33102422.5
"(np.float64(1.5), 280, 170, 35, 10)",houghCircle,0.73125,41924291.010416664,33488741.0
"(np.float64(1.5), 280, 170, 35, 15)",houghCircle,0.79375,44021298.204166666,33399208.0
"(np.float64(1.5), 280, 170, 40, 5)",houghCircle,0.6229166666666667,42950354.19375,33272826.5
"(np.float64(1.5), 280, 170, 40, 10)",houghCircle,0.6395833333333333,42658973.91458333,33280060.5
"(np.float64(1.5), 280, 170, 40, 15)",houghCircle,0.6729166666666667,44046553.766666666,31492691.5
"(np.float64(1.5), 280, 170, 45, 5)",houghCircle,0.22291666666666668,44774177.22083333,34355157.0
"(np.float64(1.5), 280, 170, 45, 10)",houghCircle,0.23541666666666666,51776408.020833336,42192785.5
"(np.float64(1.5), 280, 170, 45, 15)",houghCircle,0.2375,44079337.87291667,33392671.0
"(np.float64(1.5), 280, 180, 30, 5)",houghCircle,0.6875,41065053.78541667,32213795.0
"(np.float64(1.5), 280, 180, 30, 10)",houghCircle,0.7375,43408701.00416667,33359289.0
"(np.float64(1.5), 280, 180, 30, 15)",houghCircle,0.8083333333333333,44127929.19166667,31622300.0
"(np.float64(1.5), 280, 180, 35, 5)",houghCircle,0.7083333333333334,42343741.327083334,33361959.0
"(np.float64(1.5), 280, 180, 35, 10)",houghCircle,0.73125,46459467.108333334,34398897.0
"(np.float64(1.5), 280, 180, 35, 15)",houghCircle,0.7916666666666666,45741542.59166667,31693943.5
"(np.float64(1.5), 280, 180, 40, 5)",houghCircle,0.625,43268429.2875,33468609.5
"(np.float64(1.5), 280, 180, 40, 10)",houghCircle,0.6416666666666667,42402392.01875,31456615.0
"(np.float64(1.5), 280, 180, 40, 15)",houghCircle,0.6729166666666667,39863399.2625,31553520.0
"(np.float64(1.5), 280, 180, 45, 5)",houghCircle,0.22291666666666668,44258011.58125,33025121.5
"(np.float64(1.5), 280, 180, 45, 10)",houghCircle,0.23541666666666666,49430077.87291667,39959571.0
"(np.float64(1.5), 280, 180, 45, 15)",houghCircle,0.2375,40080594.53333333,30772886.5
"(np.float64(1.5), 280, 190, 30, 5)",houghCircle,0.6895833333333333,41517550.75625,32218792.0
"(np.float64(1.5), 280, 190, 30, 10)",houghCircle,0.7291666666666666,44415416.0375,32717268.5
"(np.float64(1.5), 280, 190, 30, 15)",houghCircle,0.7979166666666667,43460423.81041667,32646181.5
"(np.float64(1.5), 280, 190, 35, 5)",houghCircle,0.7,42967708.20625,32043760.5
"(np.float64(1.5), 280, 190, 35, 10)",houghCircle,0.7208333333333333,42385525.9625,32844407.5
"(np.float64(1.5), 280, 190, 35, 15)",houghCircle,0.78125,43109728.70625,31892152.0
"(np.float64(1.5), 280, 190, 40, 5)",houghCircle,0.61875,43536255.295833334,33763366.5
"(np.float64(1.5), 280, 190, 40, 10)",houghCircle,0.6354166666666666,43638640.09583333,31962629.5
"(np.float64(1.5), 280, 190, 40, 15)",houghCircle,0.6666666666666666,41392547.84791667,32093083.5
"(np.float64(1.5), 280, 190, 45, 5)",houghCircle,0.22291666666666668,51977165.860416666,40208668.5
"(np.float64(1.5), 280, 190, 45, 10)",houghCircle,0.23541666666666666,42779365.93125,32831490.0
"(np.float64(1.5), 280, 190, 45, 15)",houghCircle,0.2375,39919285.90625,31410883.5
"(np.float64(1.5), 280, 200, 30, 5)",houghCircle,0.6833333333333333,44315007.08958333,33399203.0
"(np.float64(1.5), 280, 200, 30, 10)",houghCircle,0.7229166666666667,44164356.87916667,32854271.5
"(np.float64(1.5), 280, 200, 30, 15)",houghCircle,0.7916666666666666,41918144.57083333,32296516.0
"(np.float64(1.5), 280, 200, 35, 5)",houghCircle,0.6979166666666666,42860033.68541667,33233338.0
"(np.float64(1.5), 280, 200, 35, 10)",houghCircle,0.725,45257272.69375,33759073.5
"(np.float64(1.5), 280, 200, 35, 15)",houghCircle,0.78125,41526273.81875,31164821.0
"(np.float64(1.5), 280, 200, 40, 5)",houghCircle,0.6166666666666667,43999634.71875,33021870.0
"(np.float64(1.5), 280, 200, 40, 10)",houghCircle,0.6354166666666666,41774522.59375,30820321.0
"(np.float64(1.5), 280, 200, 40, 15)",houghCircle,0.6666666666666666,40868107.93958333,31376313.5
"(np.float64(1.5), 280, 200, 45, 5)",houghCircle,0.22291666666666668,49995336.797916666,39840973.5
"(np.float64(1.5), 280, 200, 45, 10)",houghCircle,0.23541666666666666,44527813.00416667,33475737.0
"(np.float64(1.5), 280, 200, 45, 15)",houghCircle,0.2375,38546213.05416667,30458747.5
"(np.float64(1.5), 280, 210, 30, 5)",houghCircle,0.6791666666666667,45002479.40833333,32790296.0
"(np.float64(1.5), 280, 210, 30, 10)",houghCircle,0.7208333333333333,42651129.50208333,31830370.5
"(np.float64(1.5), 280, 210, 30, 15)",houghCircle,0.7854166666666667,39881637.041666664,30848268.0
"(np.float64(1.5), 280, 210, 35, 5)",houghCircle,0.6979166666666666,39947730.15625,31245363.0
"(np.float64(1.5), 280, 210, 35, 10)",houghCircle,0.7270833333333333,43125691.52916667,32813424.5
"(np.float64(1.5), 280, 210, 35, 15)",houghCircle,0.78125,42603411.59583333,31854000.0
"(np.float64(1.5), 280, 210, 40, 5)",houghCircle,0.6166666666666667,43350729.00416667,33303458.5
"(np.float64(1.5), 280, 210, 40, 10)",houghCircle,0.6354166666666666,42748544.14791667,31682884.0
"(np.float64(1.5), 280, 210, 40, 15)",houghCircle,0.6666666666666666,50004048.90833333,38745033.0
"(np.float64(1.5), 280, 210, 45, 5)",houghCircle,0.22291666666666668,43271091.99375,32162342.5
"(np.float64(1.5), 280, 210, 45, 10)",houghCircle,0.23541666666666666,41799130.78541667,31683245.0
"(np.float64(1.5), 280, 210, 45, 15)",houghCircle,0.2375,40756983.4,31471792.5
"(np.float64(1.5), 280, 220, 30, 5)",houghCircle,0.68125,43193832.891666666,32426137.5
"(np.float64(1.5), 280, 220, 30, 10)",houghCircle,0.7166666666666667,39603888.87916667,31426897.5
"(np.float64(1.5), 280, 220, 30, 15)",houghCircle,0.7854166666666667,42670359.34166667,32247628.0
"(np.float64(1.5), 280, 220, 35, 5)",houghCircle,0.69375,42464417.40833333,32434077.0
"(np.float64(1.5), 280, 220, 35, 10)",houghCircle,0.725,41998410.31041667,31599386.5
"(np.float64(1.5), 280, 220, 35, 15)",houghCircle,0.7770833333333333,40440079.75,30645357.0
"(np.float64(1.5), 280, 220, 40, 5)",houghCircle,0.61875,37983350.52916667,30494359.0
"(np.float64(1.5), 280, 220, 40, 10)",houghCircle,0.6354166666666666,51347339.39791667,39905840.0
"(np.float64(1.5), 280, 220, 40, 15)",houghCircle,0.6666666666666666,40534559.35208333,31354727.5
"(np.float64(1.5), 280, 220, 45, 5)",houghCircle,0.22291666666666668,42741689.802083336,31841141.0
"(np.float64(1.5), 280, 220, 45, 10)",houghCircle,0.23541666666666666,42600931.50416667,32122268.0
"(np.float64(1.5), 280, 220, 45, 15)",houghCircle,0.2375,41243387.916666664,31794328.0
"(np.float64(1.5), 280, 230, 30, 5)",houghCircle,0.6833333333333333,44330539.516666666,33439013.0
"(np.float64(1.5), 280, 230, 30, 10)",houghCircle,0.7145833333333333,42079342.9125,31929677.5
"(np.float64(1.5), 280, 230, 30, 15)",houghCircle,0.78125,42662951.13333333,31303171.0
"(np.float64(1.5), 280, 230, 35, 5)",houghCircle,0.6958333333333333,42450801.94166667,32830580.5
"(np.float64(1.5), 280, 230, 35, 10)",houghCircle,0.7270833333333333,44586178.84375,33002544.0
"(np.float64(1.5), 280, 230, 35, 15)",houghCircle,0.7770833333333333,40658353.05416667,30501352.0
"(np.float64(1.5), 280, 230, 40, 5)",houghCircle,0.6208333333333333,46174450.52708333,36336754.5
"(np.float64(1.5), 280, 230, 40, 10)",houghCircle,0.6354166666666666,40824364.045833334,31764382.5
"(np.float64(1.5), 280, 230, 40, 15)",houghCircle,0.6666666666666666,43441250.09583333,31118956.0
"(np.float64(1.5), 280, 230, 45, 5)",houghCircle,0.22291666666666668,43207067.708333336,33105712.5
"(np.float64(1.5), 280, 230, 45, 10)",houghCircle,0.23541666666666666,40899756.71666667,31539600.5
"(np.float64(1.5), 280, 230, 45, 15)",houghCircle,0.2375,40918758.014583334,30524761.0
"(np.float64(1.5), 280, 240, 30, 5)",houghCircle,0.6833333333333333,41846915.025,32160294.5
"(np.float64(1.5), 280, 240, 30, 10)",houghCircle,0.7145833333333333,42105906.16041667,32216214.0
"(np.float64(1.5), 280, 240, 30, 15)",houghCircle,0.7833333333333333,43966801.37708333,31595976.0
"(np.float64(1.5), 280, 240, 35, 5)",houghCircle,0.7020833333333333,41225626.9375,31894756.5
"(np.float64(1.5), 280, 240, 35, 10)",houghCircle,0.73125,40033375.63125,31957248.5
"(np.float64(1.5), 280, 240, 35, 15)",houghCircle,0.7770833333333333,38264576.36666667,30591024.5
"(np.float64(1.5), 280, 240, 40, 5)",houghCircle,0.6208333333333333,38751859.28541667,31534465.0
"(np.float64(1.5), 280, 240, 40, 10)",houghCircle,0.6416666666666667,51676782.05833333,38361718.5
"(np.float64(1.5), 280, 240, 40, 15)",houghCircle,0.66875,42354820.864583336,31475655.0
"(np.float64(1.5), 280, 240, 45, 5)",houghCircle,0.225,41576019.639583334,32145401.0
"(np.float64(1.5), 280, 240, 45, 10)",houghCircle,0.23541666666666666,41710445.1375,31867691.5
"(np.float64(1.5), 280, 240, 45, 15)",houghCircle,0.2375,44286763.31041667,31060797.0
"(np.float64(1.5), 280, 250, 30, 5)",houghCircle,0.6875,42499889.62291667,32031187.0
"(np.float64(1.5), 280, 250, 30, 10)",houghCircle,0.7166666666666667,41453873.94375,31136117.5
"(np.float64(1.5), 280, 250, 30, 15)",houghCircle,0.7833333333333333,41390839.84375,30472698.5
"(np.float64(1.5), 280, 250, 35, 5)",houghCircle,0.7020833333333333,41718926.175,31300100.5
"(np.float64(1.5), 280, 250, 35, 10)",houghCircle,0.73125,43921822.56458333,30650957.5
"(np.float64(1.5), 280, 250, 35, 15)",houghCircle,0.7770833333333333,46883909.635416664,37081066.0
"(np.float64(1.5), 280, 250, 40, 5)",houghCircle,0.6229166666666667,45496994.44166667,33216231.0
"(np.float64(1.5), 280, 250, 40, 10)",houghCircle,0.6416666666666667,41334535.072916664,31614170.0
"(np.float64(1.5), 280, 250, 40, 15)",houghCircle,0.66875,39560615.64375,30831410.5
"(np.float64(1.5), 280, 250, 45, 5)",houghCircle,0.225,40807385.010416664,31386687.5
"(np.float64(1.5), 280, 250, 45, 10)",houghCircle,0.23541666666666666,47446621.395833336,32626833.5
"(np.float64(1.5), 280, 250, 45, 15)",houghCircle,0.2375,39501621.54375,31131634.5
"(np.float64(1.5), 280, 260, 30, 5)",houghCircle,0.69375,41635097.75,31878365.5
"(np.float64(1.5), 280, 260, 30, 10)",houghCircle,0.71875,40575264.19166667,31241486.5
"(np.float64(1.5), 280, 260, 30, 15)",houghCircle,0.7895833333333333,41210861.1125,30370290.5
"(np.float64(1.5), 280, 260, 35, 5)",houghCircle,0.7020833333333333,43845895.520833336,32543022.5
"(np.float64(1.5), 280, 260, 35, 10)",houghCircle,0.73125,43989286.514583334,31568098.5
"(np.float64(1.5), 280, 260, 35, 15)",houghCircle,0.7770833333333333,40637154.87916667,30897640.5
"(np.float64(1.5), 280, 260, 40, 5)",houghCircle,0.6229166666666667,45787796,37907396.5
"(np.float64(1.5), 280, 260, 40, 10)",houghCircle,0.6395833333333333,40886900.97291667,30796200.5
"(np.float64(1.5), 280, 260, 40, 15)",houghCircle,0.6666666666666666,41908680.56875,30342624.0
"(np.float64(1.5), 280, 260, 45, 5)",houghCircle,0.225,41438092.85625,31653274.5
"(np.float64(1.5), 280, 260, 45, 10)",houghCircle,0.23541666666666666,39083190.41458333,30514496.5
"(np.float64(1.5), 280, 260, 45, 15)",houghCircle,0.2375,42029909.90625,31469859.5
"(np.float64(1.5), 280, 270, 30, 5)",houghCircle,0.7,42156104.35,31724391.5
"(np.float64(1.5), 280, 270, 30, 10)",houghCircle,0.7208333333333333,39021824.7375,30736443.5
"(np.float64(1.5), 280, 270, 30, 15)",houghCircle,0.7895833333333333,41746153.22708333,31008709.5
"(np.float64(1.5), 280, 270, 35, 5)",houghCircle,0.7020833333333333,44969326.295833334,33143333.0
"(np.float64(1.5), 280, 270, 35, 10)",houghCircle,0.7354166666666667,47416954.604166664,38306915.0
"(np.float64(1.5), 280, 270, 35, 15)",houghCircle,0.7791666666666667,42552618.864583336,31252762.0
"(np.float64(1.5), 280, 270, 40, 5)",houghCircle,0.6208333333333333,39847722.291666664,31328699.0
"(np.float64(1.5), 280, 270, 40, 10)",houghCircle,0.6395833333333333,41943984.1375,31389952.5
"(np.float64(1.5), 280, 270, 40, 15)",houghCircle,0.6666666666666666,42641138.59375,31509809.0
"(np.float64(1.5), 280, 270, 45, 5)",houghCircle,0.225,39103230.56458333,30459109.0
"(np.float64(1.5), 280, 270, 45, 10)",houghCircle,0.23541666666666666,40503230.2375,31283784.0
"(np.float64(1.5), 280, 270, 45, 15)",houghCircle,0.2375,41615598.72708333,31449161.0
"(np.float64(1.5), 280, 280, 30, 5)",houghCircle,0.7041666666666667,43749002.60625,32293659.0
"(np.float64(1.5), 280, 280, 30, 10)",houghCircle,0.7208333333333333,42479009.610416666,31676156.0
"(np.float64(1.5), 280, 280, 30, 15)",houghCircle,0.79375,47525344.06875,37932859.0
"(np.float64(1.5), 280, 280, 35, 5)",houghCircle,0.7041666666666667,42979856.13333333,32400765.5
"(np.float64(1.5), 280, 280, 35, 10)",houghCircle,0.7395833333333334,40703775.916666664,31459630.0
"(np.float64(1.5), 280, 280, 35, 15)",houghCircle,0.7791666666666667,38104951.454166666,30774339.5
"(np.float64(1.5), 280, 280, 40, 5)",houghCircle,0.6208333333333333,44402564.625,32328399.5
"(np.float64(1.5), 280, 280, 40, 10)",houghCircle,0.6416666666666667,42197550.2625,32101499.5
"(np.float64(1.5), 280, 280, 40, 15)",houghCircle,0.66875,42306908.11875,31095016.0
"(np.float64(1.5), 280, 280, 45, 5)",houghCircle,0.225,38099698.885416664,30771474.5
"(np.float64(1.5), 280, 280, 45, 10)",houghCircle,0.23541666666666666,45061219.13333333,32329611.5
"(np.float64(1.5), 280, 280, 45, 15)",houghCircle,0.2375,41043845.81458333,31779004.0
"(np.float64(1.5), 280, 290, 30, 5)",houghCircle,0.7104166666666667,42225282.614583336,31428170.5
"(np.float64(1.5), 280, 290, 30, 10)",houghCircle,0.7270833333333333,40295679.391666666,30308581.0
"(np.float64(1.5), 280, 290, 30, 15)",houghCircle,0.7979166666666667,46596148.697916664,34632642.5
"(np.float64(1.5), 280, 290, 35, 5)",houghCircle,0.7125,40479522.8375,30987438.5
"(np.float64(1.5), 280, 290, 35, 10)",houghCircle,0.7395833333333334,40568559.44583333,31034302.0
"(np.float64(1.5), 280, 290, 35, 15)",houghCircle,0.78125,40179598.802083336,30344187.5
"(np.float64(1.5), 280, 290, 40, 5)",houghCircle,0.6208333333333333,40867323.69583333,31798870.5
"(np.float64(1.5), 280, 290, 40, 10)",houghCircle,0.6416666666666667,39133487.90208333,30034741.5
"(np.float64(1.5), 280, 290, 40, 15)",houghCircle,0.66875,40892798.895833336,29903311.5
"(np.float64(1.5), 280, 290, 45, 5)",houghCircle,0.225,41834282.6,31831707.5
"(np.float64(1.5), 280, 290, 45, 10)",houghCircle,0.23541666666666666,42779900.35208333,31202986.5
"(np.float64(1.5), 280, 290, 45, 15)",houghCircle,0.2375,40380948.75208333,29417263.5
"(np.float64(1.5), 290, 100, 30, 5)",houghCircle,0.5708333333333333,46578458.9375,37114689.0
"(np.float64(1.5), 290, 100, 30, 10)",houghCircle,0.6520833333333333,53260260.416666664,43271639.5
"(np.float64(1.5), 290, 100, 30, 15)",houghCircle,0.75625,46410869.28958333,36236556.0
"(np.float64(1.5), 290, 100, 35, 5)",houghCircle,0.6625,45926696.50833333,37403797.0
"(np.float64(1.5), 290, 100, 35, 10)",houghCircle,0.6833333333333333,44057650.264583334,36004887.0
"(np.float64(1.5), 290, 100, 35, 15)",houghCircle,0.75,43390765.21041667,35158585.5
"(np.float64(1.5), 290, 100, 40, 5)",houghCircle,0.6041666666666666,48460155.80416667,38107596.5
"(np.float64(1.5), 290, 100, 40, 10)",houghCircle,0.6375,46163657.46875,36976720.0
"(np.float64(1.5), 290, 100, 40, 15)",houghCircle,0.66875,45170284.83125,36096844.0
"(np.float64(1.5), 290, 100, 45, 5)",houghCircle,0.35208333333333336,44035029.56041667,36687823.5
"(np.float64(1.5), 290, 100, 45, 10)",houghCircle,0.3645833333333333,46427918.28958333,37546038.0
"(np.float64(1.5), 290, 100, 45, 15)",houghCircle,0.375,45053691.85,35443249.0
"(np.float64(1.5), 290, 110, 30, 5)",houghCircle,0.5979166666666667,46059317.13333333,36044064.5
"(np.float64(1.5), 290, 110, 30, 10)",houghCircle,0.6541666666666667,55024705.922916666,43544030.5
"(np.float64(1.5), 290, 110, 30, 15)",houghCircle,0.7520833333333333,44385321.59375,35964881.5
"(np.float64(1.5), 290, 110, 35, 5)",houghCircle,0.65625,45984734.38333333,36134790.5
"(np.float64(1.5), 290, 110, 35, 10)",houghCircle,0.6770833333333334,44699910.34791667,36084822.0
"(np.float64(1.5), 290, 110, 35, 15)",houghCircle,0.7458333333333333,46205406.65833333,35192332.5
"(np.float64(1.5), 290, 110, 40, 5)",houghCircle,0.5791666666666667,47777687.90625,37383288.0
"(np.float64(1.5), 290, 110, 40, 10)",houghCircle,0.6020833333333333,44225721.733333334,35370361.5
"(np.float64(1.5), 290, 110, 40, 15)",houghCircle,0.6354166666666666,44649361.30833333,33762259.0
"(np.float64(1.5), 290, 110, 45, 5)",houghCircle,0.2916666666666667,47463700.26875,36019500.0
"(np.float64(1.5), 290, 110, 45, 10)",houghCircle,0.30625,45493707.14791667,36337132.0
"(np.float64(1.5), 290, 110, 45, 15)",houghCircle,0.31666666666666665,44080262.40625,35576930.0
"(np.float64(1.5), 290, 120, 30, 5)",houghCircle,0.6166666666666667,43808251.72291667,36030130.0
"(np.float64(1.5), 290, 120, 30, 10)",houghCircle,0.6604166666666667,51867084.025,42897357.5
"(np.float64(1.5), 290, 120, 30, 15)",houghCircle,0.7583333333333333,46345788.84166667,35197783.0
"(np.float64(1.5), 290, 120, 35, 5)",houghCircle,0.65625,45039145.81875,35472455.0
"(np.float64(1.5), 290, 120, 35, 10)",houghCircle,0.6791666666666667,45608999.2375,34998098.0
"(np.float64(1.5), 290, 120, 35, 15)",houghCircle,0.7395833333333334,42864156.91875,34842104.0
"(np.float64(1.5), 290, 120, 40, 5)",houghCircle,0.5770833333333333,42991225.577083334,34307928.5
"(np.float64(1.5), 290, 120, 40, 10)",houghCircle,0.5958333333333333,46305554.77708333,34963923.5
"(np.float64(1.5), 290, 120, 40, 15)",houghCircle,0.6333333333333333,45052790.30833333,34912897.5
"(np.float64(1.5), 290, 120, 45, 5)",houghCircle,0.2625,43862843.010416664,34819388.0
"(np.float64(1.5), 290, 120, 45, 10)",houghCircle,0.275,45928866.40625,35131122.5
"(np.float64(1.5), 290, 120, 45, 15)",houghCircle,0.2875,53538274.8375,42607969.0
"(np.float64(1.5), 290, 130, 30, 5)",houghCircle,0.6208333333333333,43870022.391666666,35545098.5
"(np.float64(1.5), 290, 130, 30, 10)",houghCircle,0.6645833333333333,44413137.08958333,33822067.0
"(np.float64(1.5), 290, 130, 30, 15)",houghCircle,0.7583333333333333,43990588.12708333,33680265.5
"(np.float64(1.5), 290, 130, 35, 5)",houghCircle,0.6520833333333333,44518560.625,35768848.5
"(np.float64(1.5), 290, 130, 35, 10)",houghCircle,0.6729166666666667,43149959.9625,34241498.0
"(np.float64(1.5), 290, 130, 35, 15)",houghCircle,0.7354166666666667,42481407.145833336,33819707.5
"(np.float64(1.5), 290, 130, 40, 5)",houghCircle,0.56875,44740875.36666667,35531008.0
"(np.float64(1.5), 290, 130, 40, 10)",houghCircle,0.5895833333333333,44271128.797916666,35307518.5
"(np.float64(1.5), 290, 130, 40, 15)",houghCircle,0.625,45549106.99375,33820604.5
"(np.float64(1.5), 290, 130, 45, 5)",houghCircle,0.225,54170238.09583333,43763633.0
"(np.float64(1.5), 290, 130, 45, 10)",houghCircle,0.23958333333333334,46656648.87291667,35991602.0
"(np.float64(1.5), 290, 130, 45, 15)",houghCircle,0.24583333333333332,43634732.391666666,33220333.0
"(np.float64(1.5), 290, 140, 30, 5)",houghCircle,0.6229166666666667,42831832.66875,34251783.0
"(np.float64(1.5), 290, 140, 30, 10)",houghCircle,0.66875,43473265.46666667,34132489.0
"(np.float64(1.5), 290, 140, 30, 15)",houghCircle,0.7520833333333333,44505911.56041667,33159085.0
"(np.float64(1.5), 290, 140, 35, 5)",houghCircle,0.6479166666666667,44160033.99791667,33800406.5
"(np.float64(1.5), 290, 140, 35, 10)",houghCircle,0.66875,41976276.99166667,33434639.5
"(np.float64(1.5), 290, 140, 35, 15)",houghCircle,0.73125,46352285.1375,34505224.0
"(np.float64(1.5), 290, 140, 40, 5)",houghCircle,0.5770833333333333,45306164.41458333,34912342.0
"(np.float64(1.5), 290, 140, 40, 10)",houghCircle,0.59375,42898111.635416664,33527479.0
"(np.float64(1.5), 290, 140, 40, 15)",houghCircle,0.6291666666666667,48066528.2875,34500139.0
"(np.float64(1.5), 290, 140, 45, 5)",houghCircle,0.21666666666666667,43940281.075,35023831.5
"(np.float64(1.5), 290, 140, 45, 10)",houghCircle,0.23125,41375772.37708333,33820538.5
"(np.float64(1.5), 290, 140, 45, 15)",houghCircle,0.23541666666666666,51261407.791666664,40614604.5
"(np.float64(1.5), 290, 150, 30, 5)",houghCircle,0.63125,42734097.22083333,33116658.0
"(np.float64(1.5), 290, 150, 30, 10)",houghCircle,0.675,43082110.4,33478983.0
"(np.float64(1.5), 290, 150, 30, 15)",houghCircle,0.7520833333333333,42605509.985416666,32342686.5
"(np.float64(1.5), 290, 150, 35, 5)",houghCircle,0.65,43600735.9625,34103465.0
"(np.float64(1.5), 290, 150, 35, 10)",houghCircle,0.66875,43021419.025,33331746.0
"(np.float64(1.5), 290, 150, 35, 15)",houghCircle,0.73125,41089369.1,32797694.5
"(np.float64(1.5), 290, 150, 40, 5)",houghCircle,0.5729166666666666,42475826.99791667,33024421.0
"(np.float64(1.5), 290, 150, 40, 10)",houghCircle,0.5895833333333333,44179131.925,33438867.0
"(np.float64(1.5), 290, 150, 40, 15)",houghCircle,0.625,45574926.99791667,34213836.0
"(np.float64(1.5), 290, 150, 45, 5)",houghCircle,0.21041666666666667,42975605.98125,33583017.5
"(np.float64(1.5), 290, 150, 45, 10)",houghCircle,0.22291666666666668,56517100.135416664,42388057.0
"(np.float64(1.5), 290, 150, 45, 15)",houghCircle,0.22708333333333333,44801055.90625,33921910.0
"(np.float64(1.5), 290, 160, 30, 5)",houghCircle,0.6270833333333333,45944388.229166664,34006893.0
"(np.float64(1.5), 290, 160, 30, 10)",houghCircle,0.6729166666666667,41454440.639583334,33163867.5
"(np.float64(1.5), 290, 160, 30, 15)",houghCircle,0.7520833333333333,41374091.86666667,32959503.5
"(np.float64(1.5), 290, 160, 35, 5)",houghCircle,0.65,42933186.795833334,33257086.0
"(np.float64(1.5), 290, 160, 35, 10)",houghCircle,0.6708333333333333,42301709.770833336,33657893.5
"(np.float64(1.5), 290, 160, 35, 15)",houghCircle,0.7333333333333333,42213647.65208333,32587786.5
"(np.float64(1.5), 290, 160, 40, 5)",houghCircle,0.575,45059419.82083333,34390242.5
"(np.float64(1.5), 290, 160, 40, 10)",houghCircle,0.5916666666666667,45166122.12708333,34676579.0
"(np.float64(1.5), 290, 160, 40, 15)",houghCircle,0.6270833333333333,41858782.4875,32468467.5
"(np.float64(1.5), 290, 160, 45, 5)",houghCircle,0.20416666666666666,44302135.697916664,33304736.0
"(np.float64(1.5), 290, 160, 45, 10)",houghCircle,0.21875,41477937.99791667,32522236.5
"(np.float64(1.5), 290, 160, 45, 15)",houghCircle,0.22083333333333333,51431565.50208333,40283103.0
"(np.float64(1.5), 290, 170, 30, 5)",houghCircle,0.6354166666666666,40218162.10625,31282061.5
"(np.float64(1.5), 290, 170, 30, 10)",houghCircle,0.6770833333333334,45090460.83541667,33748874.5
"(np.float64(1.5), 290, 170, 30, 15)",houghCircle,0.75,42935197.552083336,33003551.0
"(np.float64(1.5), 290, 170, 35, 5)",houghCircle,0.6479166666666667,44964708.302083336,34853777.0
"(np.float64(1.5), 290, 170, 35, 10)",houghCircle,0.6666666666666666,44407443.072916664,33159158.5
"(np.float64(1.5), 290, 170, 35, 15)",houghCircle,0.7291666666666666,42014357.385416664,31541928.5
"(np.float64(1.5), 290, 170, 40, 5)",houghCircle,0.5729166666666666,42059987.333333336,32710036.0
"(np.float64(1.5), 290, 170, 40, 10)",houghCircle,0.5895833333333333,39706330.28333333,32836650.0
"(np.float64(1.5), 290, 170, 40, 15)",houghCircle,0.6229166666666667,45287542.52708333,32549589.0
"(np.float64(1.5), 290, 170, 45, 5)",houghCircle,0.20625,41518744.047916666,33001527.5
"(np.float64(1.5), 290, 170, 45, 10)",houghCircle,0.21875,53150096.041666664,42247558.5
"(np.float64(1.5), 290, 170, 45, 15)",houghCircle,0.22083333333333333,40151357.91458333,32000205.0
"(np.float64(1.5), 290, 180, 30, 5)",houghCircle,0.6333333333333333,43991914.235416666,33563361.5
"(np.float64(1.5), 290, 180, 30, 10)",houghCircle,0.6770833333333334,42092534.65,32282774.0
"(np.float64(1.5), 290, 180, 30, 15)",houghCircle,0.74375,43216827.25625,32571350.5
"(np.float64(1.5), 290, 180, 35, 5)",houghCircle,0.65,44029837.78958333,33346709.5
"(np.float64(1.5), 290, 180, 35, 10)",houghCircle,0.6666666666666666,42490886.84791667,32814671.5
"(np.float64(1.5), 290, 180, 35, 15)",houghCircle,0.7270833333333333,39960162.25416667,31504493.5
"(np.float64(1.5), 290, 180, 40, 5)",houghCircle,0.575,41956335.56875,32980658.5
"(np.float64(1.5), 290, 180, 40, 10)",houghCircle,0.5916666666666667,41273610.077083334,33270040.5
"(np.float64(1.5), 290, 180, 40, 15)",houghCircle,0.6229166666666667,39803043.27291667,31619576.0
"(np.float64(1.5), 290, 180, 45, 5)",houghCircle,0.20625,52425370.19166667,41541313.5
"(np.float64(1.5), 290, 180, 45, 10)",houghCircle,0.21875,42769296.49375,32543421.5
"(np.float64(1.5), 290, 180, 45, 15)",houghCircle,0.22083333333333333,44133487.01875,32427093.0
"(np.float64(1.5), 290, 190, 30, 5)",houghCircle,0.6375,44547686.44375,34388044.0
"(np.float64(1.5), 290, 190, 30, 10)",houghCircle,0.66875,42110092.7625,32963721.0
"(np.float64(1.5), 290, 190, 30, 15)",houghCircle,0.7333333333333333,43894573.06666667,32307260.5
"(np.float64(1.5), 290, 190, 35, 5)",houghCircle,0.6416666666666667,42581978.295833334,33381895.5
"(np.float64(1.5), 290, 190, 35, 10)",houghCircle,0.65625,41958263.14791667,33140878.5
"(np.float64(1.5), 290, 190, 35, 15)",houghCircle,0.7166666666666667,44344021.270833336,32409958.0
"(np.float64(1.5), 290, 190, 40, 5)",houghCircle,0.56875,42227742.547916666,32315546.0
"(np.float64(1.5), 290, 190, 40, 10)",houghCircle,0.5854166666666667,47071419.65,32926651.0
"(np.float64(1.5), 290, 190, 40, 15)",houghCircle,0.6166666666666667,46364987.87083333,33633292.0
"(np.float64(1.5), 290, 190, 45, 5)",houghCircle,0.20625,50507761.50208333,40679437.5
"(np.float64(1.5), 290, 190, 45, 10)",houghCircle,0.21875,42847554.175,32987993.0
"(np.float64(1.5), 290, 190, 45, 15)",houghCircle,0.22083333333333333,41913942.53333333,32660983.0
"(np.float64(1.5), 290, 200, 30, 5)",houghCircle,0.63125,41740335.8375,32347646.0
"(np.float64(1.5), 290, 200, 30, 10)",houghCircle,0.6625,42832405.3125,32986404.0
"(np.float64(1.5), 290, 200, 30, 15)",houghCircle,0.7270833333333333,42858980.46458333,31495312.0
"(np.float64(1.5), 290, 200, 35, 5)",houghCircle,0.6395833333333333,42687827.43125,33573215.0
"(np.float64(1.5), 290, 200, 35, 10)",houghCircle,0.6604166666666667,44620831.516666666,32866528.0
"(np.float64(1.5), 290, 200, 35, 15)",houghCircle,0.7166666666666667,42864059.510416664,31307374.5
"(np.float64(1.5), 290, 200, 40, 5)",houghCircle,0.5666666666666667,43394796.03333333,32770513.5
"(np.float64(1.5), 290, 200, 40, 10)",houghCircle,0.5854166666666667,41132100.68125,31661669.0
"(np.float64(1.5), 290, 200, 40, 15)",houghCircle,0.6166666666666667,43465184.489583336,32306583.5
"(np.float64(1.5), 290, 200, 45, 5)",houghCircle,0.20625,53186732.38333333,40922372.5
"(np.float64(1.5), 290, 200, 45, 10)",houghCircle,0.21875,41667547.485416666,32338098.0
"(np.float64(1.5), 290, 200, 45, 15)",houghCircle,0.22083333333333333,42068114.24166667,32094300.5
"(np.float64(1.5), 290, 210, 30, 5)",houghCircle,0.6229166666666667,42599724.025,32828157.0
"(np.float64(1.5), 290, 210, 30, 10)",houghCircle,0.6604166666666667,42596279.96666667,32018133.5
"(np.float64(1.5), 290, 210, 30, 15)",houghCircle,0.7208333333333333,41742237.96875,31151537.0
"(np.float64(1.5), 290, 210, 35, 5)",houghCircle,0.6395833333333333,40804988.016666666,32411650.5
"(np.float64(1.5), 290, 210, 35, 10)",houghCircle,0.6625,40057134.75208333,30207525.5
"(np.float64(1.5), 290, 210, 35, 15)",houghCircle,0.7166666666666667,45248298.43125,32109319.5
"(np.float64(1.5), 290, 210, 40, 5)",houghCircle,0.5666666666666667,41929417.954166666,32159382.5
"(np.float64(1.5), 290, 210, 40, 10)",houghCircle,0.5854166666666667,42307207.54375,31760368.0
"(np.float64(1.5), 290, 210, 40, 15)",houghCircle,0.6166666666666667,41668739.520833336,31357244.0
"(np.float64(1.5), 290, 210, 45, 5)",houghCircle,0.20625,42334633.71041667,32418272.5
"(np.float64(1.5), 290, 210, 45, 10)",houghCircle,0.21875,49911050.82083333,39232802.5
"(np.float64(1.5), 290, 210, 45, 15)",houghCircle,0.22083333333333333,44656548.50625,32563550.5
"(np.float64(1.5), 290, 220, 30, 5)",houghCircle,0.6270833333333333,39910573.541666664,32406305.5
"(np.float64(1.5), 290, 220, 30, 10)",houghCircle,0.6583333333333333,40476978.016666666,31838566.0
"(np.float64(1.5), 290, 220, 30, 15)",houghCircle,0.7208333333333333,41253995.197916664,31248705.0
"(np.float64(1.5), 290, 220, 35, 5)",houghCircle,0.6354166666666666,41886737.395833336,31819064.5
"(np.float64(1.5), 290, 220, 35, 10)",houghCircle,0.6604166666666667,44086093.85,31919222.5
"(np.float64(1.5), 290, 220, 35, 15)",houghCircle,0.7125,40471033.7125,30134043.5
"(np.float64(1.5), 290, 220, 40, 5)",houghCircle,0.56875,42667058.93958333,32072219.0
"(np.float64(1.5), 290, 220, 40, 10)",houghCircle,0.5854166666666667,42338498.19583333,32080594.5
"(np.float64(1.5), 290, 220, 40, 15)",houghCircle,0.6166666666666667,41381221.670833334,31422481.5
"(np.float64(1.5), 290, 220, 45, 5)",houghCircle,0.20625,52335830.385416664,40278970.0
"(np.float64(1.5), 290, 220, 45, 10)",houghCircle,0.21875,39898249.53541667,31073305.0
"(np.float64(1.5), 290, 220, 45, 15)",houghCircle,0.22083333333333333,41697050.68958333,30702715.0
"(np.float64(1.5), 290, 230, 30, 5)",houghCircle,0.6270833333333333,43874094.05625,32641726.5
"(np.float64(1.5), 290, 230, 30, 10)",houghCircle,0.6541666666666667,40722027.31875,31588115.5
"(np.float64(1.5), 290, 230, 30, 15)",houghCircle,0.7166666666666667,38791608.02291667,30921745.0
"(np.float64(1.5), 290, 230, 35, 5)",houghCircle,0.6375,39471970.11666667,31434277.0
"(np.float64(1.5), 290, 230, 35, 10)",houghCircle,0.6625,45722064.00416667,32855527.0
"(np.float64(1.5), 290, 230, 35, 15)",houghCircle,0.7125,41615745.60208333,32247072.0
"(np.float64(1.5), 290, 230, 40, 5)",houghCircle,0.5708333333333333,41448660.22083333,32543353.0
"(np.float64(1.5), 290, 230, 40, 10)",houghCircle,0.5854166666666667,40369986.06875,30940405.5
"(np.float64(1.5), 290, 230, 40, 15)",houghCircle,0.6166666666666667,50225742.5875,38144335.0
"(np.float64(1.5), 290, 230, 45, 5)",houghCircle,0.20625,45136518.3625,32118084.5
"(np.float64(1.5), 290, 230, 45, 10)",houghCircle,0.21875,40899115.125,31504809.5
"(np.float64(1.5), 290, 230, 45, 15)",houghCircle,0.22083333333333333,41323690.3375,31176905.0
"(np.float64(1.5), 290, 240, 30, 5)",houghCircle,0.625,41161689.44375,31772422.0
"(np.float64(1.5), 290, 240, 30, 10)",houghCircle,0.65625,40862621.19166667,30778341.5
"(np.float64(1.5), 290, 240, 30, 15)",houghCircle,0.71875,42619213.14791667,31258313.0
"(np.float64(1.5), 290, 240, 35, 5)",houghCircle,0.6416666666666667,40905373.16458333,31701619.0
"(np.float64(1.5), 290, 240, 35, 10)",houghCircle,0.6666666666666666,42584860.77916667,31323158.0
"(np.float64(1.5), 290, 240, 35, 15)",houghCircle,0.7125,41480077.30625,30430093.0
"(np.float64(1.5), 290, 240, 40, 5)",houghCircle,0.5708333333333333,53230063.802083336,40798043.5
"(np.float64(1.5), 290, 240, 40, 10)",houghCircle,0.5916666666666667,36735389.65,30196870.0
"(np.float64(1.5), 290, 240, 40, 15)",houghCircle,0.61875,38837680.3875,31068535.5
"(np.float64(1.5), 290, 240, 45, 5)",houghCircle,0.20833333333333334,41808040.3,32211700.5
"(np.float64(1.5), 290, 240, 45, 10)",houghCircle,0.21875,44378708.577083334,32438647.0
"(np.float64(1.5), 290, 240, 45, 15)",houghCircle,0.22083333333333333,40323788.666666664,30588380.5
"(np.float64(1.5), 290, 250, 30, 5)",houghCircle,0.6291666666666667,43633498.01875,32439763.5
"(np.float64(1.5), 290, 250, 30, 10)",houghCircle,0.6583333333333333,41236800.03333333,30808643.0
"(np.float64(1.5), 290, 250, 30, 15)",houghCircle,0.71875,44414183.6375,32546744.0
"(np.float64(1.5), 290, 250, 35, 5)",houghCircle,0.6416666666666667,43940626.15833333,32824515.5
"(np.float64(1.5), 290, 250, 35, 10)",houghCircle,0.6666666666666666,39499491.083333336,31065906.0
"(np.float64(1.5), 290, 250, 35, 15)",houghCircle,0.7125,41433645.57083333,30606775.0
"(np.float64(1.5), 290, 250, 40, 5)",houghCircle,0.5729166666666666,43642784.9875,31911142.0
"(np.float64(1.5), 290, 250, 40, 10)",houghCircle,0.5916666666666667,39302730.91458333,30028204.5
"(np.float64(1.5), 290, 250, 40, 15)",houghCircle,0.61875,40545860.55,30444570.5
"(np.float64(1.5), 290, 250, 45, 5)",houghCircle,0.20833333333333334,54430648.33958333,40442772.5
"(np.float64(1.5), 290, 250, 45, 10)",houghCircle,0.21875,41590783.23125,32087979.0
"(np.float64(1.5), 290, 250, 45, 15)",houghCircle,0.22083333333333333,42357915.24375,31952970.0
"(np.float64(1.5), 290, 260, 30, 5)",houghCircle,0.6354166666666666,40631583.8875,31683034.5
"(np.float64(1.5), 290, 260, 30, 10)",houghCircle,0.6625,38726394.3,30528317.5
"(np.float64(1.5), 290, 260, 30, 15)",houghCircle,0.725,41645110.45625,31412963.5
"(np.float64(1.5), 290, 260, 35, 5)",houghCircle,0.6416666666666667,43876386.202083334,32328520.0
"(np.float64(1.5), 290, 260, 35, 10)",houghCircle,0.6666666666666666,41511740.15625,32100466.5
"(np.float64(1.5), 290, 260, 35, 15)",houghCircle,0.7125,43510834.895833336,30905666.0
"(np.float64(1.5), 290, 260, 40, 5)",houghCircle,0.5729166666666666,39639793.00833333,31271691.5
"(np.float64(1.5), 290, 260, 40, 10)",houghCircle,0.5895833333333333,40625110.25208333,31706898.0
"(np.float64(1.5), 290, 260, 40, 15)",houghCircle,0.6166666666666667,40821203.954166666,30050496.5
"(np.float64(1.5), 290, 260, 45, 5)",houghCircle,0.20833333333333334,51038393.25416667,40389142.0
"(np.float64(1.5), 290, 260, 45, 10)",houghCircle,0.21875,41358038.62916667,30261401.0
"(np.float64(1.5), 290, 260, 45, 15)",houghCircle,0.22083333333333333,41654725.1375,31257712.0
"(np.float64(1.5), 290, 270, 30, 5)",houghCircle,0.6416666666666667,40517330.84166667,30382123.5
"(np.float64(1.5), 290, 270, 30, 10)",houghCircle,0.6645833333333333,42187477.36666667,31489370.0
"(np.float64(1.5), 290, 270, 30, 15)",houghCircle,0.725,42920496.395833336,31838265.0
"(np.float64(1.5), 290, 270, 35, 5)",houghCircle,0.6416666666666667,39376901.24583333,31373908.0
"(np.float64(1.5), 290, 270, 35, 10)",houghCircle,0.6708333333333333,40264857.389583334,30813077.0
"(np.float64(1.5), 290, 270, 35, 15)",houghCircle,0.7145833333333333,42181462.895833336,31825666.5
"(np.float64(1.5), 290, 270, 40, 5)",houghCircle,0.5708333333333333,44652243.46458333,32234738.5
"(np.float64(1.5), 290, 270, 40, 10)",houghCircle,0.5895833333333333,42976491.4,31771163.5
"(np.float64(1.5), 290, 270, 40, 15)",houghCircle,0.6166666666666667,41553965.141666666,30496212.5
"(np.float64(1.5), 290, 270, 45, 5)",houghCircle,0.20833333333333334,49029781,39700455.0
"(np.float64(1.5), 290, 270, 45, 10)",houghCircle,0.21875,40857834.17916667,30942794.5
"(np.float64(1.5), 290, 270, 45, 15)",houghCircle,0.22083333333333333,42043568.416666664,32154021.5
"(np.float64(1.5), 290, 280, 30, 5)",houghCircle,0.6458333333333334,44756201.21458333,31733057.5
"(np.float64(1.5), 290, 280, 30, 10)",houghCircle,0.6645833333333333,40435208.052083336,31943308.0
"(np.float64(1.5), 290, 280, 30, 15)",houghCircle,0.7270833333333333,39946764.05833333,30713620.5
"(np.float64(1.5), 290, 280, 35, 5)",houghCircle,0.64375,43096957.40833333,32016139.5
"(np.float64(1.5), 290, 280, 35, 10)",houghCircle,0.675,38047019.5,31221574.0
"(np.float64(1.5), 290, 280, 35, 15)",houghCircle,0.7145833333333333,45250361.12083333,30707148.5
"(np.float64(1.5), 290, 280, 40, 5)",houghCircle,0.5708333333333333,40453972.06041667,31206891.0
"(np.float64(1.5), 290, 280, 40, 10)",houghCircle,0.5916666666666667,39948025.7125,30242912.0
"(np.float64(1.5), 290, 280, 40, 15)",houghCircle,0.61875,51731020.30833333,39308704.5
"(np.float64(1.5), 290, 280, 45, 5)",houghCircle,0.20833333333333334,41856158.78958333,32085820.0
"(np.float64(1.5), 290, 280, 45, 10)",houghCircle,0.21875,43467410.86666667,31800179.0
"(np.float64(1.5), 290, 280, 45, 15)",houghCircle,0.22083333333333333,41424677.75416667,30585445.0
"(np.float64(1.5), 290, 290, 30, 5)",houghCircle,0.65,41660734.44375,32206130.5
"(np.float64(1.5), 290, 290, 30, 10)",houghCircle,0.6666666666666666,41359088.18333333,30180956.0
"(np.float64(1.5), 290, 290, 30, 15)",houghCircle,0.73125,43218854.6625,31345355.0
"(np.float64(1.5), 290, 290, 35, 5)",houghCircle,0.6520833333333333,42410705.31875,31410622.0
"(np.float64(1.5), 290, 290, 35, 10)",houghCircle,0.675,43021168.05,31272849.0
"(np.float64(1.5), 290, 290, 35, 15)",houghCircle,0.7166666666666667,41704415.4875,30902128.0
"(np.float64(1.5), 290, 290, 40, 5)",houghCircle,0.5708333333333333,45849429.39375,31657662.0
"(np.float64(1.5), 290, 290, 40, 10)",houghCircle,0.5916666666666667,51141552.079166666,39253225.0
"(np.float64(1.5), 290, 290, 40, 15)",houghCircle,0.61875,46253723.96666667,31688093.5
"(np.float64(1.5), 290, 290, 45, 5)",houghCircle,0.20833333333333334,43972953.916666664,31993191.0
"(np.float64(1.5), 290, 290, 45, 10)",houghCircle,0.21875,45749342.041666664,31528884.5
"(np.float64(1.5), 290, 290, 45, 15)",houghCircle,0.22083333333333333,39894750.702083334,27013606.0
